Time Stamp,ID,Extended,Dir,Bus,LEN,D1,D2,D3,D4,D5,D6,D7,D8
3581591,000003B2,false,Rx,0,8,36,15,FF,02,29,2F,34,00,
3585590,00000036,false,Rx,0,8,18,AD,55,51,00,00,25,05,
3585717,00000037,false,Rx,0,8,30,00,00,10,00,40,00,00,
3585955,00000038,false,Rx,0,8,04,00,00,00,B0,39,96,D4,
3586247,00000039,false,Rx,0,8,00,00,00,00,00,00,00,00,
3586474,0000019B,false,Rx,0,8,6B,BD,4B,00,00,E4,00,00,
3586713,0000019C,false,Rx,0,8,40,20,00,00,00,00,0B,09,
3586961,0000019D,false,Rx,0,8,00,10,00,01,00,00,00,00,
3587218,0000019E,false,Rx,0,8,15,00,00,00,00,32,00,00,
3588369,00000380,false,Rx,0,8,96,92,03,08,08,08,08,01,
3589743,000001F1,false,Rx,0,8,D1,55,F7,01,00,00,28,00,
3589949,000001F2,false,Rx,0,8,00,00,00,00,00,00,00,00,
3590335,00000427,false,Rx,0,8,1D,86,FF,00,80,0A,00,00,
3592264,00000419,false,Rx,0,8,BC,30,27,D5,29,87,90,00,
3604900,00000061,false,Rx,0,8,C1,F0,D5,00,00,00,00,00,
3605111,00000062,false,Rx,0,8,02,02,00,02,40,FF,00,FF,
3605347,00000063,false,Rx,0,8,00,00,05,00,00,08,FD,00,
3605611,00000064,false,Rx,0,8,00,00,00,04,FF,FA,00,00,
3605841,000000A1,false,Rx,0,8,77,97,D5,53,61,02,8A,00,
3606111,000000A2,false,Rx,0,8,00,00,00,00,00,00,00,00,
3606364,000000A3,false,Rx,0,8,00,40,01,00,00,00,00,00,
3607911,000004E8,false,Rx,1,8,FF,FF,FF,05,FF,FF,FF,00,
3608198,00000565,false,Rx,0,8,66,02,00,00,00,00,FF,FF,
3614746,00000121,false,Rx,0,8,99,5B,3B,00,00,00,00,05,
3614907,00000122,false,Rx,0,8,FF,D9,67,1F,46,48,46,45,
3615176,00000123,false,Rx,0,8,B6,02,00,00,00,00,01,00,
3615432,00000124,false,Rx,0,8,00,00,0A,00,00,00,20,40,
3615971,0000011B,false,Rx,0,8,60,2F,FF,05,80,08,28,02,
3616236,0000011C,false,Rx,0,8,00,05,20,00,22,00,01,01,
3616881,0000012B,false,Rx,0,8,86,7F,FF,06,00,00,08,00,
3617146,0000012C,false,Rx,0,8,00,00,01,00,00,64,00,00,
3617714,00000487,false,Rx,1,8,00,00,00,00,00,00,00,00,
3618212,00000642,false,Rx,1,8,FF,FF,FF,FF,FF,FF,00,00,
3618503,00000645,false,Rx,1,8,C7,35,06,79,E0,32,56,00,
3623230,0000010B,false,Rx,0,8,69,B7,45,00,00,00,00,05,
3623389,0000010C,false,Rx,0,8,FF,F9,E7,1F,46,50,48,48,
3623649,0000010D,false,Rx,0,8,B5,02,00,00,00,00,01,00,
3623891,0000010E,false,Rx,0,8,00,00,1E,00,00,C0,AB,57,
3633123,000001E6,false,Rx,0,8,9F,89,40,02,00,00,00,00,
3633227,000001BB,false,Rx,0,8,81,86,40,02,00,00,00,0A,
3633669,000001BC,false,Rx,0,8,32,00,00,00,02,00,00,00,
3633973,000001BD,false,Rx,0,8,00,00,00,00,00,00,00,00,
3634077,000001E7,false,Rx,0,8,00,00,22,03,20,01,00,00,
3634514,00000226,false,Rx,0,8,8B,43,F1,FF,63,60,09,42,
3634865,00000091,false,Rx,0,8,CF,41,A3,15,06,00,00,00,
3635422,00000227,false,Rx,0,8,02,94,00,09,03,F1,9F,03,
3635743,00000092,false,Rx,0,8,24,00,00,00,40,02,00,00,
3635844,00000093,false,Rx,0,8,00,00,00,00,00,00,00,00,
3636101,000003AA,false,Rx,0,8,FF,00,D0,00,54,00,00,00,
3636504,00000036,false,Rx,0,8,99,D9,5A,51,00,00,25,05,
3636801,00000037,false,Rx,0,8,30,00,00,10,00,40,00,00,
3636862,00000038,false,Rx,0,8,04,00,00,00,B0,39,96,D4,
3637176,00000039,false,Rx,0,8,00,00,00,00,00,00,00,00,
3637749,0000019B,false,Rx,0,8,16,78,50,00,00,E4,00,00,
3637858,00000094,false,Rx,0,8,00,00,00,00,00,00,00,00,
3638130,0000019C,false,Rx,0,8,40,20,00,00,00,00,0B,09,
3638333,000002D6,false,Rx,0,8,65,9B,4F,00,00,00,00,00,
3638816,0000019D,false,Rx,0,8,00,10,00,01,00,00,00,00,
3639212,000002D7,false,Rx,0,8,00,00,00,00,03,00,00,00,
3639541,0000019E,false,Rx,0,8,15,00,00,00,00,32,00,00,
3639862,000002D8,false,Rx,0,8,00,00,00,00,00,00,38,47,
3640151,000002EB,false,Rx,0,8,FB,12,4F,07,08,01,00,02,
3640230,000002D9,false,Rx,0,8,00,00,00,00,00,00,00,00,
3640526,000002EC,false,Rx,0,8,02,00,CF,00,59,00,00,00,
3640669,000003B6,false,Rx,0,8,D4,F2,4F,00,00,00,00,46,
3640721,000002ED,false,Rx,0,8,00,00,00,00,00,00,00,00,
3640767,000003B7,false,Rx,0,8,46,00,00,00,00,00,00,00,
3640833,000002EE,false,Rx,0,8,00,00,00,00,00,00,00,00,
3640907,000003B8,false,Rx,0,8,B2,02,00,00,00,00,69,0E,
3641052,00000495,false,Rx,0,8,49,00,00,00,00,00,00,00,
3641097,000003B9,false,Rx,0,8,00,00,00,00,00,00,00,00,
3646831,00000251,false,Rx,0,8,BF,56,A0,00,00,00,00,00,
3646924,00000252,false,Rx,0,8,00,00,1B,1B,03,00,00,00,
3647328,000002AB,false,Rx,0,8,D3,FA,A3,0C,0C,00,00,00,
3647404,00000253,false,Rx,0,8,00,00,00,58,58,00,80,4D,
3647794,000002AC,false,Rx,0,8,00,FF,FF,00,00,40,00,54,
3648049,000002AD,false,Rx,0,8,00,01,00,40,FF,FF,FF,0F,
3648155,000002AE,false,Rx,0,8,01,00,FF,3F,01,01,00,00,
3648510,000002B6,false,Rx,0,8,69,DC,A3,01,00,00,00,40,
3649115,000003B1,false,Rx,0,8,C1,DE,00,80,00,00,20,00,
3649431,000002B7,false,Rx,0,8,9F,00,50,1C,00,04,00,00,
3649729,0000033B,false,Rx,0,8,8B,90,A2,00,00,00,00,00,
3649988,000002B8,false,Rx,0,8,FF,F8,10,00,00,00,00,00,
3650163,0000033C,false,Rx,0,8,00,00,00,00,F0,00,00,00,
3650475,000002B9,false,Rx,0,8,0A,00,00,00,00,00,00,00,
3651073,0000033D,false,Rx,0,8,00,00,00,00,00,00,00,00,
3651395,000002C1,false,Rx,0,8,49,FB,52,21,00,41,00,D3,
3651499,0000033E,false,Rx,0,8,00,00,00,00,00,00,00,00,
3651692,000002C2,false,Rx,0,8,17,00,00,00,00,00,00,00,
3652023,00000356,false,Rx,0,8,18,9B,51,00,00,00,00,00,
3652119,000002C3,false,Rx,0,8,00,00,00,00,00,00,00,00,
3652168,00000357,false,Rx,0,8,00,00,00,00,00,4B,4D,48,
3652458,000002C4,false,Rx,0,8,00,00,00,00,00,00,00,00,
3652810,00000358,false,Rx,0,8,35,41,45,4D,52,37,33,4F,
3653146,000002E1,false,Rx,0,8,EF,97,A3,00,00,00,00,40,
3653473,00000359,false,Rx,0,8,51,4F,34,52,4A,35,33,00,
3653761,000002E2,false,Rx,0,8,FD,00,00,00,00,14,00,04,
3653869,0000036F,false,Rx,0,8,47,11,01,00,00,00,00,00,
3654107,000002E3,false,Rx,0,8,00,00,00,00,00,00,72,01,
3654193,0000037F,false,Rx,0,8,45,70,52,24,41,02,00,00,
3654519,000002E4,false,Rx,0,8,02,00,00,00,00,00,00,00,
3654862,000001AB,false,Rx,0,8,C6,98,B9,50,70,38,00,00,
3654927,000003A1,false,Rx,0,8,12,09,37,00,FF,FF,FF,FF,
3654971,000001AC,false,Rx,0,8,00,28,00,00,00,00,00,00,
3655043,00000061,false,Rx,0,8,40,84,DA,00,00,00,00,00,
3655511,000003A2,false,Rx,0,8,00,00,00,00,00,00,00,00,
3655956,00000062,false,Rx,0,8,02,02,00,02,40,FF,00,FF,
3656389,00000063,false,Rx,0,8,00,00,05,00,00,08,FD,00,
3656762,00000064,false,Rx,0,8,00,00,00,04,FF,FA,00,00,
3657090,000000A1,false,Rx,0,8,47,BA,DA,53,61,02,8A,00,
3657456,000000A2,false,Rx,0,8,00,00,00,00,00,00,00,00,
3657937,000000A3,false,Rx,0,8,00,40,01,00,00,00,00,00,
3658086,000004A3,false,Rx,1,8,80,00,48,0B,3E,00,00,00,
3658259,000004A4,false,Rx,1,8,FF,FF,FF,00,00,00,00,00,
3658926,00000146,false,Rx,0,8,03,D9,2F,10,04,05,00,00,
3659288,00000147,false,Rx,0,8,01,04,7D,00,40,48,07,00,
3659577,00000148,false,Rx,0,8,00,00,42,00,1E,89,40,05,
3659740,00000149,false,Rx,0,8,00,38,00,CC,00,00,00,00,
3659903,00000111,false,Rx,0,8,B8,08,7F,01,00,00,00,00,
3660250,00000112,false,Rx,0,8,00,00,00,00,00,00,00,00,
3660629,00000113,false,Rx,0,8,00,00,00,00,00,00,00,00,
3660982,00000114,false,Rx,0,8,00,00,00,00,00,00,00,00,
3664881,00000121,false,Rx,0,8,CE,E2,40,00,00,00,00,05,
3664975,00000122,false,Rx,0,8,FF,D9,67,1F,46,47,46,45,
3665367,00000123,false,Rx,0,8,B6,02,00,00,00,00,01,00,
3665466,00000124,false,Rx,0,8,00,00,0A,00,00,00,20,40,
3666388,0000011B,false,Rx,0,8,EF,37,04,05,80,08,28,02,
3666596,0000011C,false,Rx,0,8,00,05,20,00,22,00,01,01,
3667240,0000012B,false,Rx,0,8,09,67,04,06,00,00,08,00,
3667556,0000012C,false,Rx,0,8,00,00,01,00,00,64,00,00,
3667623,00000161,false,Rx,0,8,47,97,02,03,00,00,00,02,
3667927,000001E1,false,Rx,0,8,9B,AC,34,02,00,00,00,00,
3668037,00000162,false,Rx,0,8,FF,FC,01,00,00,00,00,00,
3668119,000001B1,false,Rx,0,8,E0,AD,2F,00,72,00,00,00,
3668334,000001B2,false,Rx,0,8,23,00,04,B7,0F,08,50,10,
3668949,000001B3,false,Rx,0,8,10,33,37,00,5A,7B,6B,7D,
3669067,000001B4,false,Rx,0,8,65,7D,10,00,00,41,00,00,
3669374,000001E2,false,Rx,0,8,00,00,00,00,00,00,00,00,
3669670,000000FF,false,Rx,0,8,CB,10,00,00,00,00,02,00,
3670625,00000394,false,Rx,0,8,2A,22,1A,49,00,00,00,00,
3670964,000003C3,false,Rx,0,8,45,10,31,30,36,00,00,00,
3671307,000003E0,false,Rx,0,8,01,70,01,00,54,03,00,00,
3671672,000003E5,false,Rx,0,8,8E,90,01,00,00,00,00,00,
3671844,000003E6,false,Rx,0,8,7F,00,00,00,00,00,00,00,
3671943,0000041A,false,Rx,0,8,95,40,12,00,00,00,00,00,
3672166,0000041B,false,Rx,0,8,60,30,00,00,00,00,00,00,
3672634,0000041C,false,Rx,0,8,E9,80,E0,00,00,00,00,00,
3672985,00000419,false,Rx,0,8,FA,40,27,D5,2D,87,90,00,
3673372,00000422,false,Rx,0,8,EA,C0,01,00,00,00,04,00,
3673698,00000432,false,Rx,0,8,03,20,02,00,00,00,00,00,
3673962,0000010B,false,Rx,0,8,E8,C3,4A,00,00,00,00,05,
3674312,0000010C,false,Rx,0,8,FF,F9,E7,1F,46,50,48,48,
3674646,0000010D,false,Rx,0,8,B5,02,00,00,00,00,01,00,
3674963,0000010E,false,Rx,0,8,00,00,1E,00,00,C0,AB,57,
3675353,00000435,false,Rx,0,8,9F,D0,00,40,00,00,00,00,
3675684,00000442,false,Rx,0,8,CE,20,11,81,00,00,00,00,
3675956,00000444,false,Rx,0,8,6C,30,20,50,55,50,00,00,
3676242,00000445,false,Rx,0,8,A9,E0,00,00,00,00,00,18,
3676340,00000464,false,Rx,0,8,B2,70,F0,FF,38,7F,05,00,
3677360,000001A1,false,Rx,0,8,64,8F,02,FE,F7,7F,64,00,
3677684,000001A2,false,Rx,0,8,44,00,00,00,27,08,00,00,
3678250,000001A3,false,Rx,0,8,FF,F3,3F,00,00,00,00,00,
3678593,000001A4,false,Rx,0,8,FE,07,00,00,00,00,00,00,
3680447,0000030B,false,Rx,0,8,68,E2,A2,00,04,00,00,00,
3680555,0000030C,false,Rx,0,8,00,00,0E,00,2C,00,A0,0F,
3680982,0000030D,false,Rx,0,8,00,00,00,00,43,00,00,00,
3681039,0000030E,false,Rx,0,8,00,00,18,05,21,00,00,FE,
3685599,00000036,false,Rx,0,8,E6,F5,5F,51,00,00,25,05,
3685702,00000037,false,Rx,0,8,30,00,00,10,00,40,00,00,
3686112,00000038,false,Rx,0,8,04,00,00,00,B0,39,96,D4,
3686468,00000039,false,Rx,0,8,00,00,00,00,00,00,00,00,
3686564,0000019B,false,Rx,0,8,69,54,55,00,00,E4,00,00,
3687278,0000019C,false,Rx,0,8,40,20,00,00,00,00,0B,09,
3687685,0000019D,false,Rx,0,8,00,10,00,01,00,00,00,00,
3688011,0000019E,false,Rx,0,8,15,00,00,00,00,32,00,00,
3688086,000001FB,false,Rx,0,8,3D,F9,9A,00,00,00,00,00,
3688133,000001FC,false,Rx,0,8,00,00,00,00,00,00,00,00,
3688581,000001FD,false,Rx,0,8,00,1A,03,00,00,00,00,00,
3689178,00000475,false,Rx,0,8,12,00,00,00,00,00,00,00,
3689314,000001FE,false,Rx,0,8,00,00,00,00,00,00,00,00,
3689854,00000496,false,Rx,0,8,12,00,00,00,00,00,00,00,
3694942,00000383,false,Rx,0,8,5A,53,00,10,01,00,00,00,
3699854,00000448,false,Rx,0,8,DE,80,00,00,00,00,00,00,
3705045,00000061,false,Rx,0,8,3F,A8,DF,00,00,00,00,00,
3705137,00000062,false,Rx,0,8,02,02,00,02,40,FF,00,FF,
3705564,00000566,false,Rx,0,8,16,02,00,00,00,00,FF,FF,
3705648,00000063,false,Rx,0,8,00,00,05,00,00,08,FD,00,
3706029,00000064,false,Rx,0,8,00,00,00,04,FF,FA,00,00,
3706292,000000A1,false,Rx,0,8,48,51,DF,53,61,02,8A,00,
3706619,000000A2,false,Rx,0,8,00,00,00,00,00,00,00,00,
3707015,000000A3,false,Rx,0,8,00,40,01,00,00,00,00,00,
3708780,00000382,false,Rx,0,8,2B,FE,21,00,00,05,09,00,
3710591,000002BF,false,Rx,0,8,FF,FF,FF,00,00,00,00,00,
3710709,0000047F,false,Rx,0,8,F0,FC,FF,FF,FF,FF,FF,FF,
3711130,00000653,false,Rx,0,8,0A,19,03,01,02,2A,00,00,
3711476,00000236,false,Rx,0,8,76,BF,A1,00,34,6C,AE,62,
3711729,000002FB,false,Rx,0,8,7C,9E,A1,04,72,1A,B4,B4,
3711978,00000151,false,Rx,0,8,30,48,A1,64,C8,00,28,18,
3712274,00000237,false,Rx,0,8,00,15,47,00,00,1E,1B,00,
3712599,00000152,false,Rx,0,8,14,17,17,00,51,00,00,00,
3712983,000001F6,false,Rx,0,8,7B,94,A1,00,00,00,00,0E,
3713296,00000153,false,Rx,0,8,00,00,00,00,00,00,00,00,
3713579,000001F7,false,Rx,0,8,26,00,DA,02,00,00,00,00,
3713696,00000154,false,Rx,0,8,00,00,00,00,00,00,00,00,
3713882,000001F8,false,Rx,0,8,00,5E,01,45,01,00,00,00,
3713935,000002FC,false,Rx,0,8,0F,00,14,18,00,00,8E,43,
3714317,000001F9,false,Rx,0,8,4B,00,64,C8,14,00,4B,00,
3714674,000002FD,false,Rx,0,8,00,00,00,00,00,1C,13,EA,
3715017,00000238,false,Rx,0,8,00,00,72,00,00,00,00,00,
3715334,000002FE,false,Rx,0,8,00,00,72,01,00,28,C8,02,
3715635,00000239,false,Rx,0,8,00,00,00,00,01,00,00,00,
3715948,00000326,false,Rx,0,8,02,E3,A1,00,00,00,00,00,
3716033,0000025B,false,Rx,0,8,B5,06,A1,40,40,20,00,00,
3716396,00000327,false,Rx,0,8,00,00,00,00,05,00,00,00,
3716724,0000025C,false,Rx,0,8,00,00,26,00,B4,2C,19,00,
3717096,00000121,false,Rx,0,8,47,08,45,00,00,00,00,05,
3717388,0000025D,false,Rx,0,8,00,C8,00,00,00,80,C0,70,
3717658,0000011B,false,Rx,0,8,9C,0E,09,05,80,08,28,02,
3717763,00000122,false,Rx,0,8,FF,D9,67,1F,46,48,46,45,
3718066,0000011C,false,Rx,0,8,00,05,20,00,22,00,01,01,
3718196,00000123,false,Rx,0,8,B6,02,00,00,00,00,01,00,
3718246,0000025E,false,Rx,0,8,02,07,0E,01,00,00,46,00,
3718288,00000124,false,Rx,0,8,00,00,0A,00,00,00,20,40,
3718352,00000328,false,Rx,0,8,DA,02,4B,00,00,5E,01,00,
3718418,0000012B,false,Rx,0,8,7A,5E,09,06,00,00,08,00,
3718638,00000329,false,Rx,0,8,64,45,01,00,00,00,00,00,
3718884,0000012C,false,Rx,0,8,00,00,01,00,00,64,00,00,
3719100,00000331,false,Rx,0,8,21,46,A1,F1,C8,A0,2C,97,
3719337,00000419,false,Rx,0,8,FA,40,27,D5,2D,87,90,00,
3719575,00000332,false,Rx,0,8,E8,08,FC,03,00,00,00,00,
3719870,00000333,false,Rx,0,8,00,00,00,1C,0C,40,20,64,
3720126,00000334,false,Rx,0,8,C8,00,00,00,08,44,F4,8F,
3723196,0000010B,false,Rx,0,8,97,EF,4F,00,00,00,00,05,
3723388,0000010C,false,Rx,0,8,FF,F9,E7,1F,46,50,48,48,
3723955,0000010D,false,Rx,0,8,B5,02,00,00,00,00,01,00,
3724502,0000010E,false,Rx,0,8,00,00,1E,00,00,C0,AB,57,
3726070,00000415,false,Rx,0,8,40,13,10,00,08,01,00,00,
3729135,000000C5,false,Rx,1,8,00,00,00,00,00,00,00,00,
3729232,00000244,false,Rx,1,8,FF,FF,FF,FF,FF,FF,FF,FF,
3729481,000003E4,false,Rx,1,8,FE,00,00,00,00,00,00,00,
3729655,000004B4,false,Rx,1,8,00,00,05,40,10,70,04,00,
3729731,000004B5,false,Rx,1,8,08,00,F0,07,00,00,00,00,
3730146,000004B7,false,Rx,1,8,08,00,F0,07,00,00,00,00,
3730222,000004CA,false,Rx,1,8,00,00,00,00,00,00,00,00,
3730809,000004CC,false,Rx,1,8,08,00,00,06,00,00,03,00,
3731295,000004CE,false,Rx,1,8,DE,01,00,00,00,00,F8,FF,
3731583,000004D7,false,Rx,1,8,23,01,00,00,00,00,00,00,
3731770,000004D8,false,Rx,1,8,41,10,F0,F0,40,F2,1E,CC,
3732320,000004DD,false,Rx,1,8,00,00,FE,00,04,00,00,00,
3732598,000004DF,false,Rx,1,8,00,00,08,00,00,00,00,00,
3732923,000004E7,false,Rx,1,8,00,30,00,00,00,00,69,00,
3733394,000004E8,false,Rx,1,8,FF,FF,FF,05,FF,FF,FF,00,
3733662,000004E9,false,Rx,1,8,12,00,00,34,00,00,50,00,
3734021,000004EA,false,Rx,1,8,67,00,00,89,00,00,00,00,
3734549,000004EB,false,Rx,1,8,02,80,15,04,80,00,00,00,
3735055,000004EC,false,Rx,1,8,00,00,00,00,00,00,00,00,
3735359,000004ED,false,Rx,1,8,00,00,00,00,00,FF,FF,1F,
3735604,000004EE,false,Rx,1,8,FF,FF,00,00,00,00,00,00,
3735728,000004EF,false,Rx,1,8,60,00,60,00,2B,14,00,00,
3735959,000002FF,false,Rx,0,8,D4,CB,00,71,02,00,00,00,
3736058,0000063D,false,Rx,1,8,00,80,00,00,00,00,00,00,
3736121,00000091,false,Rx,0,8,C9,A8,A4,15,06,00,00,00,
3736409,0000063E,false,Rx,1,8,FF,FF,FF,FF,FF,FF,FF,FF,
3736547,00000256,false,Rx,0,8,A5,A8,A0,15,40,00,00,01,
3736919,0000063F,false,Rx,1,8,00,10,00,C4,FF,00,00,00,
3737019,00000092,false,Rx,0,8,23,00,00,00,30,02,00,00,
3737335,00000640,false,Rx,1,8,FF,FF,FF,00,FF,FF,FF,00,
3737400,00000257,false,Rx,0,8,00,94,41,19,85,07,00,94,
3737694,00000641,false,Rx,1,8,FF,FF,FF,FF,0F,FF,FF,FF,
3737810,00000036,false,Rx,0,8,30,A9,64,51,00,00,25,05,
3737954,00000646,false,Rx,1,8,00,00,00,80,01,00,00,00,
3738003,00000258,false,Rx,0,8,35,ED,1A,00,10,15,00,28,
3738094,00000037,false,Rx,0,8,30,00,00,10,00,40,00,00,
3738144,00000259,false,Rx,0,8,63,05,8D,3C,4C,02,00,00,
3738194,00000038,false,Rx,0,8,04,00,00,00,B0,39,96,D4,
3738480,0000019B,false,Rx,0,8,E8,20,5A,00,00,E4,00,00,
3738866,00000039,false,Rx,0,8,00,00,00,00,00,00,00,00,
3739167,0000019C,false,Rx,0,8,40,20,00,00,00,00,0B,09,
3739267,00000093,false,Rx,0,8,00,00,00,00,00,00,00,00,
3739586,0000019D,false,Rx,0,8,00,10,00,01,00,00,00,00,
3739883,00000094,false,Rx,0,8,00,00,00,00,00,00,00,00,
3740187,0000019E,false,Rx,0,8,15,00,00,00,00,32,00,00,
3740387,000002E6,false,Rx,0,8,C3,7C,A0,01,00,00,00,15,
3740452,00000316,false,Rx,0,8,09,33,F9,34,06,80,0A,00,
3740534,000002E7,false,Rx,0,8,0A,00,00,00,00,00,00,00,
3740612,00000317,false,Rx,0,8,00,00,05,00,00,00,00,00,
3740687,000002E8,false,Rx,0,8,00,00,00,00,00,00,00,00,
3740750,000001F1,false,Rx,0,8,A2,6C,FA,01,00,00,28,00,
3740797,000002E9,false,Rx,0,8,00,00,00,00,00,00,00,00,
3740842,000001F2,false,Rx,0,8,00,00,00,00,00,00,00,00,
3740891,00000401,false,Rx,0,8,C6,10,10,00,00,04,00,00,
3740956,00000472,false,Rx,0,8,5C,EC,00,40,08,41,00,45,
3741563,00000473,false,Rx,0,8,5F,24,00,25,00,00,00,78,
3741713,00000384,false,Rx,0,8,BA,56,0D,01,00,FF,00,24,
3742258,00000474,false,Rx,0,8,91,72,00,00,00,00,00,08,
3748371,00000396,false,Rx,0,8,FB,A1,50,0F,08,02,00,02,
3748463,00000397,false,Rx,0,8,73,00,43,10,3F,07,00,00,
3748900,0000042A,false,Rx,0,8,8E,83,0C,02,00,10,00,00,
3748970,00000398,false,Rx,0,8,00,00,00,00,00,00,00,00,
3752275,0000036F,false,Rx,0,8,91,21,01,00,00,00,00,00,
3752391,0000037F,false,Rx,0,8,EC,80,52,24,41,02,00,00,
3752748,00000419,false,Rx,0,8,FA,40,27,D5,2D,87,90,00,
3754634,000001AB,false,Rx,0,8,59,F0,BE,50,70,38,00,00,
3754756,000001AC,false,Rx,0,8,00,28,00,00,00,00,00,00,
3755126,00000061,false,Rx,0,8,E9,F4,E4,00,00,00,00,00,
3755197,00000062,false,Rx,0,8,02,02,00,02,40,FF,00,FF,
3755549,00000063,false,Rx,0,8,00,00,05,00,00,08,FD,00,
3755900,00000064,false,Rx,0,8,00,00,00,04,FF,FA,00,00,
3755982,000000A1,false,Rx,0,8,81,60,E4,53,61,02,8A,00,
3756549,000000A2,false,Rx,0,8,00,00,00,00,00,00,00,00,
3756881,000000A3,false,Rx,0,8,00,40,01,00,00,00,00,00,
3758754,00000146,false,Rx,0,8,88,DA,34,10,04,05,00,00,
3758873,00000147,false,Rx,0,8,01,04,7D,00,40,47,07,00,
3759270,00000148,false,Rx,0,8,00,00,42,00,1E,89,40,05,
3759444,00000149,false,Rx,0,8,00,38,00,CC,00,00,00,00,
3764875,00000121,false,Rx,0,8,C6,7C,4A,00,00,00,00,05,
3764967,00000122,false,Rx,0,8,FF,D9,67,1F,46,48,46,45,
3765446,00000123,false,Rx,0,8,B6,02,00,00,00,00,01,00,
3765762,00000124,false,Rx,0,8,00,00,0A,00,00,00,20,40,
3766085,0000011B,false,Rx,0,8,03,66,0E,05,80,08,28,02,
3766457,0000011C,false,Rx,0,8,00,05,20,00,22,00,01,01,
3767044,0000012B,false,Rx,0,8,E5,36,0E,06,00,00,08,00,
3767330,0000012C,false,Rx,0,8,00,00,01,00,00,64,00,00,
3767412,00000161,false,Rx,0,8,B1,BF,07,03,00,00,00,02,
3767738,00000162,false,Rx,0,8,FF,FC,01,00,00,00,00,00,
3767860,000001B1,false,Rx,0,8,9D,68,34,00,72,00,00,00,
3767993,000001B2,false,Rx,0,8,23,00,04,B7,0F,08,50,10,
3768471,000001B3,false,Rx,0,8,10,33,37,00,5A,7B,6B,7D,
3768847,000001B4,false,Rx,0,8,65,7D,10,00,00,41,00,00,
3771483,000003B0,false,Rx,0,8,72,37,FF,C7,00,00,03,C0,
3772115,00000405,false,Rx,0,8,D2,10,00,00,00,01,00,00,
3772214,00000410,false,Rx,0,8,6A,60,57,3C,DE,6A,FF,FF,
3772532,00000411,false,Rx,0,8,04,D1,50,51,00,00,44,04,
3772781,00000413,false,Rx,0,8,08,60,00,00,00,00,00,00,
3772987,00000412,false,Rx,0,8,CC,E0,00,00,00,00,00,00,
3773339,0000010B,false,Rx,0,8,EA,2A,54,00,00,00,00,05,
3774018,00000414,false,Rx,0,8,41,70,00,00,28,00,00,00,
3774276,0000010C,false,Rx,0,8,FF,F9,E7,1F,46,50,48,48,
3774355,00000416,false,Rx,0,8,55,00,00,00,00,00,00,00,
3774652,0000010D,false,Rx,0,8,B5,02,00,00,00,00,01,00,
3775103,00000417,false,Rx,0,8,20,E0,00,00,00,00,00,00,
3775461,0000010E,false,Rx,0,8,00,00,1E,00,00,C0,AB,57,
3775806,00000418,false,Rx,0,8,07,C0,00,00,14,0C,00,00,
3777523,00000419,false,Rx,0,8,FA,40,27,D5,2D,87,90,00,
3777629,000001A1,false,Rx,0,8,1B,A3,07,FE,F7,7F,64,00,
3778014,000001A2,false,Rx,0,8,44,00,00,00,27,08,00,00,
3778087,000001A3,false,Rx,0,8,FF,F3,3F,00,00,00,00,00,
3778391,000001A4,false,Rx,0,8,FE,07,00,00,00,00,00,00,
3781479,000003B2,false,Rx,0,8,36,15,FF,02,29,2F,34,00,
3783093,000001E6,false,Rx,0,8,D2,61,43,02,00,00,00,00,
3783216,000001BB,false,Rx,0,8,84,DF,43,02,00,00,00,0A,
3783492,000001BC,false,Rx,0,8,32,00,00,00,02,00,00,00,
3783921,000001BD,false,Rx,0,8,00,00,00,00,00,00,00,00,
3784301,000001E7,false,Rx,0,8,00,00,22,03,20,01,00,00,
3785812,00000036,false,Rx,0,8,3D,6F,69,51,00,00,25,05,
3785942,00000037,false,Rx,0,8,30,00,00,10,00,40,00,00,
3786299,00000038,false,Rx,0,8,04,00,00,00,B0,39,96,D4,
3786401,00000039,false,Rx,0,8,00,00,00,00,00,00,00,00,
3786685,0000019B,false,Rx,0,8,97,0C,5F,00,00,E4,00,00,
3786794,0000019C,false,Rx,0,8,40,20,00,00,00,00,0B,09,
3787040,0000019D,false,Rx,0,8,00,10,00,01,00,00,00,00,
3787192,0000019E,false,Rx,0,8,15,00,00,00,00,32,00,00,
3788642,00000380,false,Rx,0,8,96,92,03,08,08,08,08,01,
3790570,00000427,false,Rx,0,8,1D,86,FF,00,80,0A,00,00,
3802292,00000516,false,Rx,0,8,61,02,00,00,00,00,FF,FF,
3805035,00000061,false,Rx,0,8,E4,32,E9,00,00,00,00,00,
3805128,00000062,false,Rx,0,8,02,02,00,02,40,FF,00,FF,
3805543,00000063,false,Rx,0,8,00,00,05,00,00,08,FD,00,
3805634,00000064,false,Rx,0,8,00,00,00,04,FF,FA,00,00,
3805955,000000A1,false,Rx,0,8,B7,23,E9,53,61,02,8A,00,
3806172,000000A2,false,Rx,0,8,00,00,00,00,00,00,00,00,
3806392,000000A3,false,Rx,0,8,00,40,01,00,00,00,00,00,
3816356,0000011B,false,Rx,0,8,7A,7C,13,05,80,08,28,02,
3816449,00000121,false,Rx,0,8,4F,96,4F,00,00,00,00,05,
3816921,0000011C,false,Rx,0,8,00,05,20,00,22,00,01,01,
3817209,00000122,false,Rx,0,8,FF,D9,67,1F,46,47,46,45,
3817299,00000123,false,Rx,0,8,B6,02,00,00,00,00,01,00,
3817630,00000124,false,Rx,0,8,00,00,0A,00,00,00,20,40,
3817901,0000012B,false,Rx,0,8,9C,2C,13,06,00,00,08,00,
3818000,000001E1,false,Rx,0,8,D6,44,37,02,00,00,00,00,
3818180,0000012C,false,Rx,0,8,00,00,01,00,00,64,00,00,
3818625,000001E2,false,Rx,0,8,00,00,00,00,00,00,00,00,
3819914,00000487,false,Rx,1,8,00,00,00,00,00,00,00,00,
3820283,00000642,false,Rx,1,8,FF,FF,FF,FF,FF,FF,00,00,
3823940,0000010B,false,Rx,0,8,E7,EC,59,00,00,00,00,05,
3824047,0000010C,false,Rx,0,8,FF,F9,E7,1F,46,50,48,48,
3824092,0000010D,false,Rx,0,8,B5,02,00,00,00,00,01,00,
3824319,0000010E,false,Rx,0,8,00,00,1E,00,00,C0,AB,57,
3830058,00000643,false,Rx,1,8,00,FC,FF,FF,FF,FF,03,00,
3834858,00000226,false,Rx,0,8,E2,03,F3,FF,63,60,09,42,
3834957,00000227,false,Rx,0,8,02,94,00,09,03,F1,9F,03,
3835022,00000091,false,Rx,0,8,7A,86,A5,15,06,00,00,00,
3835366,00000092,false,Rx,0,8,24,00,00,00,40,02,00,00,
3835445,00000093,false,Rx,0,8,00,00,00,00,00,00,00,00,
3835726,000003AA,false,Rx,0,8,FF,00,D0,00,54,00,00,00,
3836043,00000094,false,Rx,0,8,00,00,00,00,00,00,00,00,
3836130,00000036,false,Rx,0,8,CE,F1,6E,51,00,00,25,05,
3836391,00000037,false,Rx,0,8,30,00,00,10,00,40,00,00,
3836772,00000038,false,Rx,0,8,04,00,00,00,B0,39,96,D4,
3837380,0000019B,false,Rx,0,8,41,50,64,00,00,E4,00,00,
3837468,00000039,false,Rx,0,8,00,00,00,00,00,00,00,00,
3837705,0000019C,false,Rx,0,8,40,20,00,00,00,00,0B,09,
3838044,000002D6,false,Rx,0,8,21,2B,50,00,00,00,00,00,
3838131,0000019D,false,Rx,0,8,00,10,00,01,00,00,00,00,
3838389,000002D7,false,Rx,0,8,00,00,00,00,03,00,00,00,
3838491,0000019E,false,Rx,0,8,15,00,00,00,00,32,00,00,
3838830,000002D8,false,Rx,0,8,00,00,00,00,00,00,38,47,
3839178,000002EB,false,Rx,0,8,95,6E,50,08,08,01,00,02,
3839482,000002D9,false,Rx,0,8,00,00,00,00,00,00,00,00,
3839727,000002EC,false,Rx,0,8,12,00,CF,00,59,00,00,00,
3839811,000003B6,false,Rx,0,8,90,42,50,00,00,00,00,46,
3839908,000002ED,false,Rx,0,8,00,00,00,00,00,00,00,00,
3839957,000003B7,false,Rx,0,8,46,00,00,00,00,00,00,00,
3840167,000002EE,false,Rx,0,8,00,00,00,00,00,00,00,00,
3840544,000003B8,false,Rx,0,8,B2,02,00,00,00,00,69,0E,
3840924,00000495,false,Rx,0,8,49,00,00,00,00,00,00,00,
3841485,000003B9,false,Rx,0,8,00,00,00,00,00,00,00,00,
3846429,00000251,false,Rx,0,8,B9,38,A2,00,00,00,00,00,
3846522,00000252,false,Rx,0,8,00,00,1B,1B,03,00,00,00,
3846958,00000253,false,Rx,0,8,00,00,00,58,58,00,80,4D,
3847019,000002AB,false,Rx,0,8,66,3D,A5,0C,0C,00,00,00,
3847396,000002AC,false,Rx,0,8,00,FF,FF,00,00,40,00,54,
3847755,000002AD,false,Rx,0,8,00,01,00,40,FF,FF,FF,0F,
3847847,000002AE,false,Rx,0,8,01,00,FF,3F,01,01,00,00,
3848111,000002B6,false,Rx,0,8,DC,1B,A5,01,00,00,00,40,
3848278,000002B7,false,Rx,0,8,9F,00,50,1C,00,04,00,00,
3848532,000003B1,false,Rx,0,8,C1,DE,00,80,00,00,20,00,
3848755,000002B8,false,Rx,0,8,FF,F8,10,00,00,00,00,00,
3849379,0000033B,false,Rx,0,8,3E,57,A4,00,00,00,00,00,
3849717,000002B9,false,Rx,0,8,0A,00,00,00,00,00,00,00,
3849828,0000033C,false,Rx,0,8,00,00,00,00,F0,00,00,00,
3850127,000002C1,false,Rx,0,8,0F,A2,53,21,00,41,00,D3,
3850413,0000033D,false,Rx,0,8,00,00,00,00,00,00,00,00,
3850523,000002C2,false,Rx,0,8,17,00,00,00,00,00,00,00,
3850696,0000033E,false,Rx,0,8,00,00,00,00,00,00,00,00,
3850759,000002C3,false,Rx,0,8,00,00,00,00,00,00,00,00,
3850993,00000356,false,Rx,0,8,D2,70,52,00,00,00,00,00,
3851231,000002C4,false,Rx,0,8,00,00,00,00,00,00,00,00,
3851469,00000357,false,Rx,0,8,00,00,00,00,00,4B,4D,48,
3851708,000002E1,false,Rx,0,8,5A,50,A5,00,00,00,00,40,
3852057,00000358,false,Rx,0,8,35,41,45,4D,52,37,33,4F,
3852444,000002E2,false,Rx,0,8,FD,00,00,00,00,14,00,04,
3852585,00000359,false,Rx,0,8,51,4F,34,52,4A,35,33,00,
3853171,000002E3,false,Rx,0,8,00,00,00,00,00,00,72,01,
3853462,0000036F,false,Rx,0,8,28,31,01,00,00,00,00,00,
3853564,000002E4,false,Rx,0,8,02,00,00,00,00,00,00,00,
3853781,0000037F,false,Rx,0,8,55,90,52,24,41,02,00,00,
3854489,000001AB,false,Rx,0,8,1C,20,C3,50,70,38,00,00,
3854645,000001AC,false,Rx,0,8,00,28,00,00,00,00,00,00,
3854692,000003A1,false,Rx,0,8,08,70,38,00,FF,FF,FF,FF,
3854875,00000061,false,Rx,0,8,17,AC,EE,00,00,00,00,00,
3855241,000003A2,false,Rx,0,8,00,00,00,00,00,00,00,00,
3855574,00000062,false,Rx,0,8,02,02,00,02,40,FF,00,FF,
3855871,00000063,false,Rx,0,8,00,00,05,00,00,08,FD,00,
3856163,00000064,false,Rx,0,8,00,00,00,04,FF,FA,00,00,
3856271,000000A1,false,Rx,0,8,BE,A6,EE,53,61,02,8A,00,
3856524,000000A2,false,Rx,0,8,00,00,00,00,00,00,00,00,
3856949,000000A3,false,Rx,0,8,00,40,01,00,00,00,00,00,
3858639,00000146,false,Rx,0,8,73,DA,39,10,04,05,00,00,
3858983,00000147,false,Rx,0,8,01,04,7D,00,40,48,07,00,
3859560,00000148,false,Rx,0,8,00,00,42,00,1E,89,40,05,
3860237,00000149,false,Rx,0,8,00,38,00,CC,00,00,00,00,
3860574,00000111,false,Rx,0,8,CE,44,80,01,00,00,00,00,
3861195,000004A3,false,Rx,1,8,80,00,48,0B,3E,00,00,00,
3861537,00000112,false,Rx,0,8,00,00,00,00,00,00,00,00,
3861634,000004A4,false,Rx,1,8,FF,FF,FF,00,00,00,00,00,
3861917,00000113,false,Rx,0,8,00,00,00,00,00,00,00,00,
3862200,00000114,false,Rx,0,8,00,00,00,00,00,00,00,00,
3864928,00000121,false,Rx,0,8,C4,95,54,00,00,00,00,05,
3865033,00000122,false,Rx,0,8,FF,D9,67,1F,46,48,46,45,
3865269,00000123,false,Rx,0,8,B6,02,00,00,00,00,01,00,
3865386,00000124,false,Rx,0,8,00,00,0A,00,00,00,20,40,
3866406,0000011B,false,Rx,0,8,B2,85,18,05,80,08,28,02,
3866511,0000011C,false,Rx,0,8,00,05,20,00,22,00,01,01,
3866921,0000012B,false,Rx,0,8,54,D5,18,06,00,00,08,00,
3866989,0000012C,false,Rx,0,8,00,00,01,00,00,64,00,00,
3867273,00000161,false,Rx,0,8,79,46,0C,03,00,00,00,02,
3867702,00000162,false,Rx,0,8,FF,FC,01,00,00,00,00,00,
3868072,000001B1,false,Rx,0,8,90,AE,39,00,72,00,00,00,
3868398,000001B2,false,Rx,0,8,23,00,04,B7,0F,08,50,10,
3868693,000001B3,false,Rx,0,8,10,33,37,00,5A,7B,6B,7D,
3868771,000001B4,false,Rx,0,8,65,7D,10,00,00,41,00,00,
3869387,000000FF,false,Rx,0,8,CB,10,00,00,00,00,02,00,
3870351,00000394,false,Rx,0,8,2A,22,1A,49,00,00,00,00,
3870470,000003C3,false,Rx,0,8,45,10,31,30,36,00,00,00,
3870762,000003E0,false,Rx,0,8,01,70,01,00,54,03,00,00,
3871289,000003E5,false,Rx,0,8,8E,90,01,00,00,00,00,00,
3871626,000003E6,false,Rx,0,8,7F,00,00,00,00,00,00,00,
3871743,0000041A,false,Rx,0,8,95,40,12,00,00,00,00,00,
3872132,0000041B,false,Rx,0,8,60,30,00,00,00,00,00,00,
3872504,0000041C,false,Rx,0,8,E9,80,E0,00,00,00,00,00,
3872838,00000422,false,Rx,0,8,EA,C0,01,00,00,00,04,00,
3873081,00000419,false,Rx,0,8,B4,50,27,D5,31,87,90,00,
3873166,00000432,false,Rx,0,8,03,20,02,00,00,00,00,00,
3873814,0000010B,false,Rx,0,8,14,72,5E,00,00,00,00,05,
3874140,0000010C,false,Rx,0,8,FF,F9,E7,1F,46,50,48,48,
3874431,0000010D,false,Rx,0,8,B5,02,00,00,00,00,01,00,
3874765,0000010E,false,Rx,0,8,00,00,1E,00,00,C0,AB,57,
3874976,00000435,false,Rx,0,8,9F,D0,00,40,00,00,00,00,
3875078,00000442,false,Rx,0,8,CE,20,11,81,00,00,00,00,
3875763,00000444,false,Rx,0,8,6C,30,20,50,55,50,00,00,
3875868,00000445,false,Rx,0,8,A9,E0,00,00,00,00,00,18,
3876203,00000464,false,Rx,0,8,B2,70,F0,FF,38,7F,05,00,
3877680,000001A1,false,Rx,0,8,A3,A2,0C,FE,F7,7F,64,00,
3877805,000001A2,false,Rx,0,8,44,00,00,00,27,08,00,00,
3878249,000001A3,false,Rx,0,8,FF,F3,3F,00,00,00,00,00,
3878550,000001A4,false,Rx,0,8,FE,07,00,00,00,00,00,00,
3880426,0000030B,false,Rx,0,8,DB,55,A4,00,04,00,00,00,
3880516,0000030C,false,Rx,0,8,00,00,0E,00,2C,00,A0,0F,
3880703,0000030D,false,Rx,0,8,00,00,00,00,44,00,00,00,
3880963,0000030E,false,Rx,0,8,00,00,18,05,21,00,00,FE,
3885625,00000036,false,Rx,0,8,06,F3,73,51,00,00,25,05,
3885714,00000037,false,Rx,0,8,30,00,00,10,00,40,00,00,
3886136,00000038,false,Rx,0,8,04,00,00,00,B0,39,96,D4,
3886226,00000039,false,Rx,0,8,00,00,00,00,00,00,00,00,
3886609,0000019B,false,Rx,0,8,4C,96,69,00,00,E4,00,00,
3886997,0000019C,false,Rx,0,8,40,20,00,00,00,00,0B,09,
3887302,0000019D,false,Rx,0,8,00,10,00,01,00,00,00,00,
3887607,0000019E,false,Rx,0,8,15,00,00,00,00,32,00,00,
3888252,000001FB,false,Rx,0,8,88,3E,9C,00,00,00,00,00,
3888329,000001FC,false,Rx,0,8,00,00,00,00,00,00,00,00,
3888563,000001FD,false,Rx,0,8,00,1A,03,00,00,00,00,00,
3888710,00000475,false,Rx,0,8,12,00,00,00,00,00,00,00,
3888765,000001FE,false,Rx,0,8,00,00,00,00,00,00,00,00,
3889117,00000496,false,Rx,0,8,12,00,00,00,00,00,00,00,
3890077,000001F1,false,Rx,0,8,3D,04,FD,01,00,00,28,00,
3890164,000001F2,false,Rx,0,8,00,00,00,00,00,00,00,00,
3894498,00000383,false,Rx,0,8,5A,53,00,10,01,00,00,00,
3899824,00000448,false,Rx,0,8,DE,80,00,00,00,00,00,00,
3902395,00000561,false,Rx,0,8,63,02,00,00,00,00,FF,FF,
3905136,00000061,false,Rx,0,8,DF,AE,F3,00,00,00,00,00,
3905238,00000062,false,Rx,0,8,02,02,00,02,40,FF,00,FF,
3905611,00000063,false,Rx,0,8,00,00,05,00,00,08,FD,00,
3905985,00000064,false,Rx,0,8,00,00,00,04,FF,FA,00,00,
3906102,000000A1,false,Rx,0,8,DB,A5,F3,53,61,02,8A,00,
3906238,000000A2,false,Rx,0,8,00,00,00,00,00,00,00,00,
3906403,000000A3,false,Rx,0,8,00,40,01,00,00,00,00,00,
3908632,00000382,false,Rx,0,8,2B,FE,21,00,00,05,09,00,
3910769,000002BF,false,Rx,0,8,FF,FF,FF,00,00,00,00,00,
3910895,0000047F,false,Rx,0,8,F0,FC,FF,FF,FF,FF,FF,FF,
3911137,00000653,false,Rx,0,8,0A,19,03,01,02,2A,00,00,
3911688,00000236,false,Rx,0,8,FA,0D,A3,00,34,6C,AE,62,
3912039,000002FB,false,Rx,0,8,F0,2C,A3,04,72,1A,B4,B4,
3912107,00000151,false,Rx,0,8,BC,FA,A3,64,C8,00,28,18,
3912209,00000237,false,Rx,0,8,00,15,47,00,00,1E,1B,00,
3912418,00000152,false,Rx,0,8,14,17,17,00,51,00,00,00,
3912608,000001F6,false,Rx,0,8,F7,26,A3,00,00,00,00,0E,
3912843,00000153,false,Rx,0,8,00,00,00,00,00,00,00,00,
3913408,000001F7,false,Rx,0,8,26,00,DA,02,00,00,00,00,
3913542,00000154,false,Rx,0,8,00,00,00,00,00,00,00,00,
3913656,000001F8,false,Rx,0,8,00,5E,01,45,01,00,00,00,
3913799,000002FC,false,Rx,0,8,0F,00,14,18,00,00,8E,43,
3914146,000001F9,false,Rx,0,8,4B,00,64,C8,14,00,4B,00,
3914512,000002FD,false,Rx,0,8,00,00,00,00,00,1C,13,EA,
3914736,00000238,false,Rx,0,8,00,00,72,00,00,00,00,00,
3915051,00000121,false,Rx,0,8,C9,53,59,00,00,00,00,05,
3915148,00000239,false,Rx,0,8,00,00,00,00,01,00,00,00,
3915396,00000122,false,Rx,0,8,FF,D9,67,1F,46,48,46,45,
3915540,0000025B,false,Rx,0,8,8D,40,A3,40,40,20,00,00,
3915784,00000123,false,Rx,0,8,B6,02,00,00,00,00,01,00,
3915977,0000025C,false,Rx,0,8,00,00,26,00,B4,2C,19,00,
3916484,0000011B,false,Rx,0,8,44,AD,1D,05,80,08,28,02,
3916873,00000124,false,Rx,0,8,00,00,0A,00,00,00,20,40,
3917185,0000011C,false,Rx,0,8,00,05,20,00,22,00,01,01,
3917455,0000012B,false,Rx,0,8,A2,FD,1D,06,00,00,08,00,
3917831,0000025D,false,Rx,0,8,00,C8,00,00,00,80,C0,70,
3917967,0000012C,false,Rx,0,8,00,00,01,00,00,64,00,00,
3918014,0000025E,false,Rx,0,8,5C,07,0E,08,00,00,46,00,
3918057,000002FE,false,Rx,0,8,00,00,72,01,00,28,C8,02,
3918127,00000419,false,Rx,0,8,B4,50,27,D5,31,87,90,00,
3918406,00000326,false,Rx,0,8,8E,51,A3,00,00,00,00,00,
3918783,00000327,false,Rx,0,8,00,00,00,00,05,00,00,00,
3919434,00000328,false,Rx,0,8,DA,02,4B,00,00,5E,01,00,
3919803,00000329,false,Rx,0,8,64,45,01,00,00,00,00,00,
3919904,00000331,false,Rx,0,8,AD,F4,A3,F1,C8,A0,2C,97,
3920160,00000332,false,Rx,0,8,E8,08,FC,03,00,00,00,00,
3920239,00000333,false,Rx,0,8,00,00,00,1C,0C,40,20,64,
3920332,00000334,false,Rx,0,8,C8,00,00,00,08,44,F4,8F,
3923286,0000010B,false,Rx,0,8,77,E9,63,00,00,00,00,05,
3923370,0000010C,false,Rx,0,8,FF,F9,E7,1F,46,50,48,48,
3923819,0000010D,false,Rx,0,8,B5,02,00,00,00,00,01,00,
3924137,0000010E,false,Rx,0,8,00,00,1E,00,00,C0,AB,57,
3930783,000000C5,false,Rx,1,8,00,00,00,00,00,00,00,00,
3930874,00000244,false,Rx,1,8,FF,FF,FF,FF,FF,FF,FF,FF,
3931168,000004B4,false,Rx,1,8,00,00,05,40,10,70,04,00,
3931459,000004B5,false,Rx,1,8,08,00,F0,07,00,00,00,00,
3931693,000004B7,false,Rx,1,8,08,00,F0,07,00,00,00,00,
3931981,000004CA,false,Rx,1,8,00,00,00,00,00,00,00,00,
3932236,000004CC,false,Rx,1,8,08,00,00,06,00,00,03,00,
3932530,000004CE,false,Rx,1,8,DE,01,00,00,00,00,F8,FF,
3932777,000004D7,false,Rx,1,8,23,01,00,00,00,00,00,00,
3933079,000004D8,false,Rx,1,8,41,10,F0,F0,40,F2,1E,CC,
3933503,000001E6,false,Rx,0,8,24,49,46,02,00,00,00,00,
3933840,000004DD,false,Rx,1,8,00,00,FE,00,04,00,00,00,
3934768,000001E7,false,Rx,0,8,00,00,22,03,20,01,00,00,
3935110,000004DF,false,Rx,1,8,00,00,08,00,00,00,00,00,
3935379,000004E7,false,Rx,1,8,00,30,00,00,00,00,69,00,
3935646,000001BB,false,Rx,0,8,8B,34,46,02,00,00,00,0A,
3935942,000002FF,false,Rx,0,8,D4,CB,00,71,02,00,00,00,
3936138,000004E8,false,Rx,1,8,FF,FF,FF,05,FF,FF,FF,00,
3936535,000004E9,false,Rx,1,8,12,00,00,34,00,00,50,00,
3937116,00000091,false,Rx,0,8,97,7C,A6,15,06,00,00,00,
3937605,000001BC,false,Rx,0,8,32,00,00,00,02,00,00,00,
3937915,00000092,false,Rx,0,8,25,00,00,00,50,02,00,00,
3938272,000004EA,false,Rx,1,8,67,00,00,89,00,00,00,00,
3938352,000001BD,false,Rx,0,8,00,00,00,00,00,00,00,00,
3938440,000004EB,false,Rx,1,8,02,80,15,04,80,00,00,00,
3938487,00000093,false,Rx,0,8,00,00,00,00,00,00,00,00,
3938536,000004EC,false,Rx,1,8,00,00,00,00,00,00,00,00,
3938581,00000256,false,Rx,0,8,2C,9A,A2,15,40,00,00,01,
3938658,000004ED,false,Rx,1,8,00,00,00,00,00,FF,FF,1F,
3938706,00000036,false,Rx,0,8,BE,F2,78,51,00,00,25,05,
3938813,00000257,false,Rx,0,8,00,93,41,1B,85,07,00,94,
3938875,000004EE,false,Rx,1,8,FF,FF,00,00,00,00,00,00,
3939378,00000037,false,Rx,0,8,30,00,00,10,00,40,00,00,
3939975,0000019B,false,Rx,0,8,BF,08,6E,00,00,E4,00,00,
3940147,000004EF,false,Rx,1,8,60,00,60,00,2B,14,00,00,
3940321,00000038,false,Rx,0,8,04,00,00,00,B0,39,96,D4,
3940592,0000063D,false,Rx,1,8,00,80,00,00,00,00,00,00,
3940700,0000019C,false,Rx,0,8,40,20,00,00,00,00,0B,09,
3941027,00000039,false,Rx,0,8,00,00,00,00,00,00,00,00,
3941357,0000063E,false,Rx,1,8,FF,FF,FF,FF,FF,FF,FF,FF,
3941711,0000019D,false,Rx,0,8,00,10,00,01,00,00,00,00,
3942039,0000063F,false,Rx,1,8,00,10,00,C4,FF,00,00,00,
3942316,00000094,false,Rx,0,8,00,00,00,00,00,00,00,00,
3942386,0000019E,false,Rx,0,8,15,00,00,00,00,32,00,00,
3942723,00000640,false,Rx,1,8,FF,FF,FF,00,FF,FF,FF,00,
3942852,00000258,false,Rx,0,8,35,ED,1A,00,10,15,00,28,
3942954,000002E6,false,Rx,0,8,4F,CE,A2,01,00,00,00,15,
3943037,00000641,false,Rx,1,8,FF,FF,FF,FF,0F,FF,FF,FF,
3943085,00000259,false,Rx,0,8,6B,05,8E,3C,4C,02,00,00,
3943155,000002E7,false,Rx,0,8,0A,00,00,00,00,00,00,00,
3943203,00000646,false,Rx,1,8,00,00,00,80,01,00,00,00,
3943497,00000316,false,Rx,0,8,44,DB,FA,34,06,80,0A,00,
3943841,000002E8,false,Rx,0,8,00,00,00,00,00,00,00,00,
3944175,00000317,false,Rx,0,8,00,00,05,00,00,00,00,00,
3944482,000002E9,false,Rx,0,8,00,00,00,00,00,00,00,00,
3944623,00000401,false,Rx,0,8,C6,10,10,00,00,04,00,00,
3944741,0000048B,false,Rx,0,8,A6,F5,77,1E,01,00,00,00,
3944798,00000472,false,Rx,0,8,5C,EC,00,40,08,41,00,45,
3944846,00000384,false,Rx,0,8,BA,56,0D,01,00,FF,00,24,
3945114,00000473,false,Rx,0,8,5F,24,00,25,00,00,00,78,
3945175,00000474,false,Rx,0,8,91,72,00,00,00,00,00,08,
3945461,0000048C,false,Rx,0,8,00,00,00,00,00,00,00,00,
3948520,00000396,false,Rx,0,8,C3,F8,51,0F,08,01,00,02,
3948625,0000042A,false,Rx,0,8,8E,83,0C,02,00,10,00,00,
3948897,00000397,false,Rx,0,8,73,00,43,10,3F,07,00,00,
3948992,00000398,false,Rx,0,8,00,00,00,00,00,00,00,00,
3952182,0000036F,false,Rx,0,8,20,41,01,00,00,00,00,00,
3952274,0000037F,false,Rx,0,8,83,A0,52,24,41,02,00,00,
3952701,00000419,false,Rx,0,8,B4,50,27,D5,31,87,90,00,
3954405,000001AB,false,Rx,0,8,D4,D9,C8,50,70,38,00,00,
3954499,000001AC,false,Rx,0,8,00,28,00,00,00,00,00,00,
3954878,00000061,false,Rx,0,8,67,AF,F8,00,00,00,00,00,
3955327,00000062,false,Rx,0,8,02,02,00,02,40,FF,00,FF,
3955427,00000063,false,Rx,0,8,00,00,05,00,00,08,FD,00,
3955820,00000064,false,Rx,0,8,00,00,00,04,FF,FA,00,00,
3956129,000000A1,false,Rx,0,8,E7,54,F8,53,61,02,8A,00,
3956366,000000A2,false,Rx,0,8,00,00,00,00,00,00,00,00,
3957097,000000A3,false,Rx,0,8,00,40,01,00,00,00,00,00,
3958921,00000146,false,Rx,0,8,80,44,3E,10,04,05,00,00,
3959038,00000147,false,Rx,0,8,01,04,7D,00,40,48,07,00,
3959087,00000148,false,Rx,0,8,00,00,42,00,1E,89,40,05,
3959469,00000149,false,Rx,0,8,00,38,00,CC,00,00,00,00,
3964858,00000121,false,Rx,0,8,CC,0B,5E,00,00,00,00,05,
3964950,00000122,false,Rx,0,8,FF,D9,67,1F,46,47,46,45,
3965400,00000123,false,Rx,0,8,B6,02,00,00,00,00,01,00,
3965709,00000124,false,Rx,0,8,00,00,0A,00,00,00,20,40,
3966182,0000011B,false,Rx,0,8,40,B1,22,05,80,08,28,02,
3966541,0000011C,false,Rx,0,8,00,05,20,00,22,00,01,01,
3966987,0000012B,false,Rx,0,8,A6,E1,22,06,00,00,08,00,
3967346,0000012C,false,Rx,0,8,00,00,01,00,00,64,00,00,
3967470,00000161,false,Rx,0,8,00,5C,11,03,00,00,00,02,
3967750,000001E1,false,Rx,0,8,A5,7D,3A,02,00,00,00,00,
3967830,00000162,false,Rx,0,8,FF,FC,01,00,00,00,00,00,
3968035,000001B1,false,Rx,0,8,63,30,3E,00,72,00,00,00,
3968467,000001B2,false,Rx,0,8,23,00,04,B7,0F,08,50,10,
3969063,000001B3,false,Rx,0,8,10,33,37,00,5A,7B,6B,7D,
3969405,000001B4,false,Rx,0,8,65,7D,10,00,00,41,00,00,
3969713,000001E2,false,Rx,0,8,00,00,00,00,00,00,00,00,
3970017,0000034B,false,Rx,0,8,B2,A1,77,31,D8,0D,05,01,
3970134,0000034C,false,Rx,0,8,00,00,00,00,00,00,00,00,
3970427,0000034D,false,Rx,0,8,00,00,00,00,00,00,00,00,
3970788,0000034E,false,Rx,0,8,00,00,00,00,00,00,00,00,
3971724,000003B0,false,Rx,0,8,72,37,FF,C7,00,00,03,C0,
3972117,00000405,false,Rx,0,8,D2,10,00,00,00,01,00,00,
3972530,00000410,false,Rx,0,8,6A,60,57,3C,DE,6A,FF,FF,
3972894,00000411,false,Rx,0,8,04,D1,50,51,00,00,44,04,
3973000,00000413,false,Rx,0,8,08,60,00,00,00,00,00,00,
3973317,00000412,false,Rx,0,8,CC,E0,00,00,00,00,00,00,
3973415,0000010B,false,Rx,0,8,CF,E8,68,00,00,00,00,05,
3973521,00000414,false,Rx,0,8,41,70,00,00,28,00,00,00,
3973759,0000010C,false,Rx,0,8,FF,F9,E7,1F,46,50,48,48,
3974111,00000416,false,Rx,0,8,55,00,00,00,00,00,00,00,
3974688,0000010D,false,Rx,0,8,B5,02,00,00,00,00,01,00,
3975032,00000417,false,Rx,0,8,20,E0,00,00,00,00,00,00,
3975347,0000010E,false,Rx,0,8,00,00,1E,00,00,C0,AB,57,
3975459,00000418,false,Rx,0,8,07,C0,00,00,14,0C,00,00,
3977516,000001A1,false,Rx,0,8,6B,A0,11,FE,F7,7F,64,00,
3977613,000001A2,false,Rx,0,8,44,00,00,00,27,08,00,00,
3978018,00000419,false,Rx,0,8,B4,50,27,D5,31,87,90,00,
3978289,000001A3,false,Rx,0,8,FF,F3,3F,00,00,00,00,00,
3978358,000001A4,false,Rx,0,8,FE,07,00,00,00,00,00,00,
3981465,000003B2,false,Rx,0,8,36,15,FF,02,29,2F,34,00,
3985625,00000036,false,Rx,0,8,C1,DE,7D,51,00,00,25,05,
3985714,00000037,false,Rx,0,8,30,00,00,10,00,40,00,00,
3986123,00000038,false,Rx,0,8,04,00,00,00,B0,39,96,D4,
3986213,00000039,false,Rx,0,8,00,00,00,00,00,00,00,00,
3986589,0000019B,false,Rx,0,8,77,0A,73,00,00,E4,00,00,
3986860,0000019C,false,Rx,0,8,40,20,00,00,00,00,0B,09,
3987524,0000019D,false,Rx,0,8,00,10,00,01,00,00,00,00,
3987880,0000019E,false,Rx,0,8,15,00,00,00,00,32,00,00,
3988641,00000380,false,Rx,0,8,96,92,03,08,08,08,08,01,
3990535,00000427,false,Rx,0,8,1D,86,FF,00,80,0A,00,00,
3997727,00000563,false,Rx,1,8,65,02,00,00,00,00,FF,FF,
4005056,00000061,false,Rx,0,8,18,83,FD,00,00,00,00,00,
4005158,00000062,false,Rx,0,8,02,02,00,02,40,FF,00,FF,
4005597,00000063,false,Rx,0,8,00,00,05,00,00,08,FD,00,
4005672,00000064,false,Rx,0,8,00,00,00,04,FF,FA,00,00,
4005996,000000A1,false,Rx,0,8,E8,BF,FD,53,61,02,8A,00,
4006343,000000A2,false,Rx,0,8,00,00,00,00,00,00,00,00,
4006662,000000A3,false,Rx,0,8,00,40,01,00,00,00,00,00,
4014875,00000121,false,Rx,0,8,59,56,63,00,00,00,00,05,
4014968,00000122,false,Rx,0,8,FF,D9,67,1F,46,48,46,45,
4015390,00000123,false,Rx,0,8,B6,02,00,00,00,00,01,00,
4015474,00000124,false,Rx,0,8,00,00,0A,00,00,00,20,40,
4016507,0000011B,false,Rx,0,8,B6,99,27,05,80,08,28,02,
4016641,0000011C,false,Rx,0,8,00,05,20,00,22,00,01,01,
4017096,0000012B,false,Rx,0,8,50,C9,27,06,00,00,08,00,
4017410,0000012C,false,Rx,0,8,00,00,01,00,00,64,00,00,
4022834,00000487,false,Rx,1,8,00,00,00,00,00,00,00,00,
4022974,00000642,false,Rx,1,8,FF,FF,FF,FF,FF,FF,00,00,
4023510,0000010B,false,Rx,0,8,B0,C4,6D,00,00,00,00,05,
4024077,0000010C,false,Rx,0,8,FF,F9,E7,1F,46,50,48,48,
4024180,0000010D,false,Rx,0,8,B5,02,00,00,00,00,01,00,
4024356,0000010E,false,Rx,0,8,00,00,1E,00,00,C0,AB,57,
4034016,00000226,false,Rx,0,8,59,C3,F5,FF,63,60,09,42,
4034107,00000227,false,Rx,0,8,02,94,00,09,03,F1,9F,03,
4034429,00000091,false,Rx,0,8,9F,07,A7,15,06,00,00,00,
4034687,00000092,false,Rx,0,8,27,00,00,00,70,02,00,00,
4034958,00000093,false,Rx,0,8,00,00,00,00,00,00,00,00,
4035227,00000094,false,Rx,0,8,00,00,00,00,00,00,00,00,
4035465,000003AA,false,Rx,0,8,FF,00,D0,00,54,00,00,00,
4035710,00000036,false,Rx,0,8,B7,92,82,51,00,00,25,05,
4035945,00000037,false,Rx,0,8,30,00,00,10,00,40,00,00,
4036248,00000038,false,Rx,0,8,04,00,00,00,B0,39,96,D4,
4036500,00000039,false,Rx,0,8,00,00,00,00,00,00,00,00,
4036744,0000019B,false,Rx,0,8,CF,0B,78,00,00,E4,00,00,
4036987,0000019C,false,Rx,0,8,40,20,00,00,00,00,0B,09,
4037271,000002D6,false,Rx,0,8,67,72,51,00,00,00,00,00,
4037699,0000019D,false,Rx,0,8,00,10,00,01,00,00,00,00,
4038315,000002D7,false,Rx,0,8,00,00,00,00,03,00,00,00,
4038609,0000019E,false,Rx,0,8,15,00,00,00,00,32,00,00,
4038693,000002D8,false,Rx,0,8,00,00,00,00,00,00,38,47,
4038807,000002EB,false,Rx,0,8,F9,FB,51,07,08,01,00,02,
4038961,000002D9,false,Rx,0,8,00,00,00,00,00,00,00,00,
4039034,000002EC,false,Rx,0,8,02,00,CF,00,59,00,00,00,
4039383,000003B6,false,Rx,0,8,D6,1B,51,00,00,00,00,46,
4039955,000002ED,false,Rx,0,8,00,00,00,00,00,00,00,00,
4040109,000003B7,false,Rx,0,8,46,00,00,00,00,00,00,00,
4040402,000001F1,false,Rx,0,8,09,DC,00,01,00,00,28,00,
4040684,000002EE,false,Rx,0,8,00,00,00,00,00,00,00,00,
4040783,000001F2,false,Rx,0,8,00,00,00,00,00,00,00,00,
4041061,000003B8,false,Rx,0,8,B2,02,00,00,00,00,69,0E,
4041437,00000495,false,Rx,0,8,49,00,00,00,00,00,00,00,
4042014,000003B9,false,Rx,0,8,00,00,00,00,00,00,00,00,
4046428,00000251,false,Rx,0,8,B3,8A,A4,00,00,00,00,00,
4046520,00000252,false,Rx,0,8,00,00,1B,1B,03,00,00,00,
4046983,00000253,false,Rx,0,8,00,00,00,58,58,00,80,4D,
4047284,000002AB,false,Rx,0,8,EA,8F,A7,0C,0C,00,00,00,
4047376,000002AC,false,Rx,0,8,00,FF,FF,00,00,40,00,54,
4047785,000002AD,false,Rx,0,8,00,01,00,40,FF,FF,FF,0F,
4048064,000002AE,false,Rx,0,8,01,00,FF,3F,01,01,00,00,
4048140,000002B6,false,Rx,0,8,50,A9,A7,01,00,00,00,40,
4048452,000002B7,false,Rx,0,8,9F,00,50,1C,00,04,00,00,
4048818,000003B1,false,Rx,0,8,C1,DE,00,80,00,00,20,00,
4049143,000002B8,false,Rx,0,8,FF,F8,10,00,00,00,00,00,
4049437,0000033B,false,Rx,0,8,B2,E5,A6,00,00,00,00,00,
4049727,000002B9,false,Rx,0,8,0A,00,00,00,00,00,00,00,
4049800,0000033C,false,Rx,0,8,00,00,00,00,F0,00,00,00,
4050104,000002C1,false,Rx,0,8,FC,3C,54,21,00,41,00,D3,
4050428,0000033D,false,Rx,0,8,00,00,00,00,00,00,00,00,
4050781,000002C2,false,Rx,0,8,17,00,00,00,00,00,00,00,
4051102,0000033E,false,Rx,0,8,00,00,00,00,00,00,00,00,
4051406,000002C3,false,Rx,0,8,00,00,00,00,00,00,00,00,
4051499,00000356,false,Rx,0,8,94,29,53,00,00,00,00,00,
4051826,000002C4,false,Rx,0,8,00,00,00,00,00,00,00,00,
4052029,00000357,false,Rx,0,8,00,00,00,00,00,4B,4D,48,
4052131,000002E1,false,Rx,0,8,D6,E2,A7,00,00,00,00,40,
4052180,00000358,false,Rx,0,8,35,41,45,4D,52,37,33,4F,
4052424,000002E2,false,Rx,0,8,FD,00,00,00,00,14,00,04,
4052504,00000359,false,Rx,0,8,51,4F,34,52,4A,35,33,00,
4052917,000002E3,false,Rx,0,8,00,00,00,00,00,00,72,01,
4053495,0000036F,false,Rx,0,8,99,51,01,00,00,00,00,00,
4053572,000002E4,false,Rx,0,8,02,00,00,00,00,00,00,00,
4053839,0000037F,false,Rx,0,8,3A,B0,52,24,41,02,00,00,
4054252,000003A1,false,Rx,0,8,2C,D8,39,00,FF,FF,FF,FF,
4054589,000001AB,false,Rx,0,8,22,F1,CD,50,70,38,00,00,
4055146,000003A2,false,Rx,0,8,00,00,00,00,00,00,00,00,
4055484,00000061,false,Rx,0,8,6E,CF,02,00,00,00,00,00,
4055564,000001AC,false,Rx,0,8,00,28,00,00,00,00,00,00,
4055847,00000062,false,Rx,0,8,02,02,00,02,40,FF,00,FF,
4056189,00000063,false,Rx,0,8,00,00,05,00,00,08,FD,00,
4056490,00000064,false,Rx,0,8,00,00,00,04,FF,FA,00,00,
4056565,000000A1,false,Rx,0,8,9A,61,02,53,61,02,8A,00,
4056701,000000A2,false,Rx,0,8,00,00,00,00,00,00,00,00,
4056758,000000A3,false,Rx,0,8,00,40,01,00,00,00,00,00,
4058571,00000146,false,Rx,0,8,94,FC,43,10,04,05,00,00,
4058959,00000147,false,Rx,0,8,01,04,7D,00,40,48,07,00,
4059274,00000148,false,Rx,0,8,00,00,42,00,1E,89,40,05,
4059458,00000149,false,Rx,0,8,00,38,00,CC,00,00,00,00,
4059982,00000111,false,Rx,0,8,88,1D,81,01,00,00,00,00,
4060303,00000112,false,Rx,0,8,00,00,00,00,00,00,00,00,
4060416,00000113,false,Rx,0,8,00,00,00,00,00,00,00,00,
4060551,00000114,false,Rx,0,8,00,00,00,00,00,00,00,00,
4062979,000004A3,false,Rx,1,8,80,00,48,0B,3E,00,00,00,
4063309,000004A4,false,Rx,1,8,FF,FF,FF,00,00,00,00,00,
4065494,00000121,false,Rx,0,8,E1,57,68,00,00,00,00,05,
4065673,00000122,false,Rx,0,8,FF,D9,67,1F,46,48,46,45,
4066038,00000123,false,Rx,0,8,B6,02,00,00,00,00,01,00,
4066095,00000124,false,Rx,0,8,00,00,0A,00,00,00,20,40,
4066390,0000011B,false,Rx,0,8,7E,60,2C,05,80,08,28,02,
4066491,0000011C,false,Rx,0,8,00,05,20,00,22,00,01,01,
4067114,0000012B,false,Rx,0,8,98,30,2C,06,00,00,08,00,
4067483,0000012C,false,Rx,0,8,00,00,01,00,00,64,00,00,
4067872,00000161,false,Rx,0,8,9F,34,16,03,00,00,00,02,
4068185,000001B1,false,Rx,0,8,77,88,43,00,72,00,00,00,
4068369,00000162,false,Rx,0,8,FF,FC,01,00,00,00,00,00,
4068775,000001B2,false,Rx,0,8,23,00,04,B7,0F,08,50,10,
4069159,000001B3,false,Rx,0,8,10,33,37,00,5A,7B,6B,7D,
4069448,000001B4,false,Rx,0,8,65,7D,10,00,00,41,00,00,
4069853,000000FF,false,Rx,0,8,CB,10,00,00,00,00,02,00,
4070151,00000394,false,Rx,0,8,2A,22,1A,49,00,00,00,00,
4070227,000003C3,false,Rx,0,8,45,10,31,30,36,00,00,00,
4070451,000003E0,false,Rx,0,8,01,70,01,00,54,03,00,00,
4071162,000003E5,false,Rx,0,8,8E,90,01,00,00,00,00,00,
4071517,000003E6,false,Rx,0,8,7F,00,00,00,00,00,00,00,
4071877,0000041A,false,Rx,0,8,95,40,12,00,00,00,00,00,
4072192,0000041B,false,Rx,0,8,60,30,00,00,00,00,00,00,
4072465,0000041C,false,Rx,0,8,E9,80,E0,00,00,00,00,00,
4072860,00000422,false,Rx,0,8,EA,C0,01,00,00,00,04,00,
4073021,00000419,false,Rx,0,8,2C,60,27,D5,35,87,90,00,
4073071,00000432,false,Rx,0,8,03,20,02,00,00,00,00,00,
4073523,0000010B,false,Rx,0,8,F4,74,72,00,00,00,00,05,
4073934,0000010C,false,Rx,0,8,FF,F9,E7,1F,46,50,48,48,
4074234,0000010D,false,Rx,0,8,B5,02,00,00,00,00,01,00,
4074525,0000010E,false,Rx,0,8,00,00,1E,00,00,C0,AB,57,
4074619,00000435,false,Rx,0,8,9F,D0,00,40,00,00,00,00,
4074689,00000442,false,Rx,0,8,CE,20,11,81,00,00,00,00,
4074927,00000444,false,Rx,0,8,6C,30,20,50,55,50,00,00,
4075266,00000445,false,Rx,0,8,A9,E0,00,00,00,00,00,18,
4075612,00000464,false,Rx,0,8,B2,70,F0,FF,38,7F,05,00,
4077526,000001A1,false,Rx,0,8,98,3E,16,FE,F7,7F,64,00,
4077666,000001A2,false,Rx,0,8,44,00,00,00,27,08,00,00,
4077992,000001A3,false,Rx,0,8,FF,F3,3F,00,00,00,00,00,
4078081,000001A4,false,Rx,0,8,FE,07,00,00,00,00,00,00,
4080603,0000030B,false,Rx,0,8,64,71,A6,00,04,00,00,00,
4080703,0000030C,false,Rx,0,8,00,00,0E,00,2C,00,A0,0F,
4080768,0000030D,false,Rx,0,8,00,00,00,00,44,00,00,00,
4081214,0000030E,false,Rx,0,8,00,00,18,05,21,00,00,02,
4083194,000001E6,false,Rx,0,8,3E,30,49,02,00,00,00,00,
4083306,000001BB,false,Rx,0,8,BB,19,49,02,00,00,00,0A,
4083725,000001BC,false,Rx,0,8,32,00,00,00,02,00,00,00,
4083786,000001BD,false,Rx,0,8,00,00,00,00,00,00,00,00,
4084145,000001E7,false,Rx,0,8,00,00,22,03,20,01,00,00,
4085694,00000036,false,Rx,0,8,C8,BE,87,51,00,00,25,05,
4085802,00000037,false,Rx,0,8,30,00,00,10,00,40,00,00,
4086127,00000038,false,Rx,0,8,04,00,00,00,B0,39,96,D4,
4086309,00000039,false,Rx,0,8,00,00,00,00,00,00,00,00,
4086707,0000019B,false,Rx,0,8,B0,27,7D,00,00,E4,00,00,
4087078,0000019C,false,Rx,0,8,40,20,00,00,00,00,0B,09,
4087430,0000019D,false,Rx,0,8,00,10,00,01,00,00,00,00,
4087750,0000019E,false,Rx,0,8,15,00,00,00,00,32,00,00,
4088034,000001FB,false,Rx,0,8,04,8C,9E,00,00,00,00,00,
4088225,000001FC,false,Rx,0,8,00,00,00,00,00,00,00,00,
4088275,000001FD,false,Rx,0,8,00,1A,03,00,00,00,00,00,
4088320,000001FE,false,Rx,0,8,00,00,00,00,00,00,00,00,
4088800,00000475,false,Rx,0,8,12,00,00,00,00,00,00,00,
4088882,00000496,false,Rx,0,8,12,00,00,00,00,00,00,00,
4094480,00000383,false,Rx,0,8,5A,53,00,10,01,00,00,00,
4098316,00000565,false,Rx,0,8,66,02,00,00,00,00,FF,FF,
4099780,00000448,false,Rx,0,8,DE,80,00,00,00,00,00,00,
4105052,00000061,false,Rx,0,8,11,E3,07,00,00,00,00,00,
4105144,00000062,false,Rx,0,8,02,02,00,02,40,FF,00,FF,
4105575,00000063,false,Rx,0,8,00,00,05,00,00,08,FD,00,
4105669,00000064,false,Rx,0,8,00,00,00,04,FF,FA,00,00,
4105985,000000A1,false,Rx,0,8,95,8A,07,53,61,02,8A,00,
4106584,000000A2,false,Rx,0,8,00,00,00,00,00,00,00,00,
4106750,000000A3,false,Rx,0,8,00,40,01,00,00,00,00,00,
4108481,00000382,false,Rx,0,8,2B,FE,21,00,00,05,09,00,
4110903,000002BF,false,Rx,0,8,FF,FF,FF,00,00,00,00,00,
4111022,0000047F,false,Rx,0,8,F0,FC,FF,FF,FF,FF,FF,FF,
4111077,00000653,false,Rx,0,8,0A,19,03,01,02,2A,00,00,
4111707,00000236,false,Rx,0,8,4F,CA,A5,00,34,6C,AE,62,
4111812,000002FB,false,Rx,0,8,F6,DE,A5,04,72,1A,B4,B4,
4111952,00000237,false,Rx,0,8,00,15,47,00,00,1E,1B,00,
4112123,00000151,false,Rx,0,8,09,3D,A5,64,C8,00,28,18,
4112479,000001F6,false,Rx,0,8,42,E1,A5,00,00,00,00,0E,
4112678,00000152,false,Rx,0,8,14,17,17,00,51,00,00,00,
4112837,000001F7,false,Rx,0,8,26,00,DA,02,00,00,00,00,
4113133,00000153,false,Rx,0,8,00,00,00,00,00,00,00,00,
4113343,000001F8,false,Rx,0,8,00,5E,01,45,01,00,00,00,
4113833,00000154,false,Rx,0,8,00,00,00,00,00,00,00,00,
4114192,000001F9,false,Rx,0,8,4B,00,64,C8,14,00,4B,00,
4114484,000002FC,false,Rx,0,8,0F,00,14,18,00,00,8F,43,
4114762,00000238,false,Rx,0,8,00,00,72,00,00,00,00,00,
4114877,000002FD,false,Rx,0,8,00,00,00,00,00,1C,13,EA,
4115120,00000121,false,Rx,0,8,9E,7B,6D,00,00,00,00,05,
4115206,00000239,false,Rx,0,8,00,00,00,00,01,00,00,00,
4115491,00000122,false,Rx,0,8,FF,D9,67,1F,46,48,46,45,
4115816,0000025B,false,Rx,0,8,08,88,A5,40,40,20,00,00,
4116194,00000123,false,Rx,0,8,B6,02,00,00,00,00,01,00,
4116514,0000025C,false,Rx,0,8,00,00,26,00,B4,2C,19,00,
4116791,0000011B,false,Rx,0,8,07,7A,31,05,80,08,28,02,
4116879,00000124,false,Rx,0,8,00,00,0A,00,00,00,20,40,
4117095,0000011C,false,Rx,0,8,00,05,20,00,22,00,01,01,
4117206,0000012B,false,Rx,0,8,E1,2A,31,06,00,00,08,00,
4117500,0000025D,false,Rx,0,8,00,C8,00,00,00,80,C0,70,
4117831,0000012C,false,Rx,0,8,00,00,01,00,00,64,00,00,
4118144,000001E1,false,Rx,0,8,3A,15,3D,02,00,00,00,00,
4118227,0000025E,false,Rx,0,8,09,07,0E,01,00,00,46,00,
4118529,000001E2,false,Rx,0,8,00,00,00,00,00,00,00,00,
4118819,000002FE,false,Rx,0,8,00,00,72,01,00,28,C8,02,
4119125,00000419,false,Rx,0,8,2C,60,27,D5,35,87,90,00,
4119207,00000326,false,Rx,0,8,3B,96,A5,00,00,00,00,00,
4119474,00000327,false,Rx,0,8,00,00,00,00,05,00,00,00,
4119547,00000328,false,Rx,0,8,DA,02,4B,00,00,5E,01,00,
4120215,00000329,false,Rx,0,8,64,45,01,00,00,00,00,00,
4120527,00000331,false,Rx,0,8,18,33,A5,F1,C8,A0,2C,97,
4120808,00000332,false,Rx,0,8,E8,08,FC,03,00,00,00,00,
4120903,00000333,false,Rx,0,8,00,00,00,1C,0C,40,20,64,
4121124,00000334,false,Rx,0,8,C8,00,00,00,08,44,F4,8F,
4123865,0000010B,false,Rx,0,8,8B,58,77,00,00,00,00,05,
4124227,0000010C,false,Rx,0,8,FF,F9,E7,1F,46,50,48,48,
4124538,0000010D,false,Rx,0,8,B5,02,00,00,00,00,01,00,
4124732,0000010E,false,Rx,0,8,00,00,1E,00,00,C0,AB,57,
4132779,000000C5,false,Rx,1,8,00,00,00,00,00,00,00,00,
4132962,00000244,false,Rx,1,8,FF,FF,FF,FF,FF,FF,FF,FF,
4133213,0000041F,false,Rx,1,8,00,0C,00,00,00,00,00,00,
4133497,000004B4,false,Rx,1,8,00,00,05,40,10,70,04,00,
4133953,000004B5,false,Rx,1,8,08,00,F0,07,00,00,00,00,
4134127,000004B7,false,Rx,1,8,08,00,F0,07,00,00,00,00,
4134384,000002FF,false,Rx,0,8,D4,CB,00,71,02,00,00,00,
4134452,000004CA,false,Rx,1,8,00,00,00,00,00,00,00,00,
4134508,000004CC,false,Rx,1,8,08,00,00,06,00,00,03,00,
4134650,00000091,false,Rx,0,8,89,0F,A8,16,06,00,00,00,
4135052,00000316,false,Rx,0,8,60,73,FB,34,06,80,0A,00,
4135141,000004CE,false,Rx,1,8,DE,01,00,00,00,00,F8,FF,
4135199,00000092,false,Rx,0,8,28,00,00,00,80,02,00,00,
4135354,000004D7,false,Rx,1,8,23,01,00,00,00,00,00,00,
4135411,00000317,false,Rx,0,8,00,00,05,00,00,00,00,00,
4135563,00000093,false,Rx,0,8,00,00,00,00,00,00,00,00,
4135840,000004D8,false,Rx,1,8,41,10,F0,F0,40,F2,1E,CC,
4136087,00000036,false,Rx,0,8,70,BF,8C,51,00,00,25,05,
4136224,000004DD,false,Rx,1,8,00,00,FE,00,04,00,00,00,
4136553,00000037,false,Rx,0,8,30,00,00,10,00,40,00,00,
4136714,000004DF,false,Rx,1,8,00,00,08,00,00,00,00,00,
4136878,0000019B,false,Rx,0,8,C6,6B,82,00,00,E4,00,00,
4137032,00000038,false,Rx,0,8,04,00,00,00,B0,39,96,D4,
4137206,000004E7,false,Rx,1,8,00,30,00,00,00,00,69,00,
4137364,0000019C,false,Rx,0,8,40,20,00,00,00,00,0B,09,
4137524,00000039,false,Rx,0,8,00,00,00,00,00,00,00,00,
4137714,000004E8,false,Rx,1,8,FF,FF,FF,05,FF,FF,FF,00,
4137859,0000019D,false,Rx,0,8,00,10,00,01,00,00,00,00,
4138017,00000094,false,Rx,0,8,00,00,00,00,00,00,00,00,
4138180,000004E9,false,Rx,1,8,12,00,00,34,00,00,50,00,
4138342,0000019E,false,Rx,0,8,15,00,00,00,00,32,00,00,
4138498,00000256,false,Rx,0,8,52,50,A4,15,40,00,F0,00,
4138669,000004EA,false,Rx,1,8,67,00,00,89,00,00,00,00,
4138821,000002E6,false,Rx,0,8,FA,09,A4,01,00,00,00,15,
4138972,00000257,false,Rx,0,8,00,93,41,19,85,07,00,94,
4139156,000004EB,false,Rx,1,8,02,80,15,04,80,00,00,00,
4139329,000002E7,false,Rx,0,8,0A,00,00,00,00,00,00,00,
4139610,00000258,false,Rx,0,8,35,EE,1A,00,10,15,00,28,
4139797,000004EC,false,Rx,1,8,00,00,00,00,00,00,00,00,
4139889,000002E8,false,Rx,0,8,00,00,00,00,00,00,00,00,
4139951,00000259,false,Rx,0,8,61,05,8E,3C,4C,02,00,00,
4140124,000004ED,false,Rx,1,8,00,00,00,00,00,FF,FF,1F,
4140400,000002E9,false,Rx,0,8,00,00,00,00,00,00,00,00,
4141151,00000401,false,Rx,0,8,C6,10,10,00,00,04,00,00,
4141528,000004EE,false,Rx,1,8,FF,FF,00,00,00,00,00,00,
4142085,00000472,false,Rx,0,8,5C,EC,00,40,08,41,00,45,
4142201,000004EF,false,Rx,1,8,60,00,60,00,2B,14,00,00,
4142244,00000473,false,Rx,0,8,5F,24,00,25,00,00,00,78,
4142287,00000384,false,Rx,0,8,BA,56,0D,01,00,FF,00,24,
4142355,0000063D,false,Rx,1,8,00,80,00,00,00,00,00,00,
4142412,00000474,false,Rx,0,8,91,72,00,00,00,00,00,08,
4142459,0000063E,false,Rx,1,8,FF,FF,FF,FF,FF,FF,FF,FF,
4143082,0000063F,false,Rx,1,8,00,10,00,C4,FF,00,00,00,
4144006,00000640,false,Rx,1,8,FF,FF,FF,00,FF,FF,FF,00,
4144389,00000641,false,Rx,1,8,FF,FF,FF,FF,0F,FF,FF,FF,
4144679,00000646,false,Rx,1,8,00,00,00,80,01,00,00,00,
4148264,00000396,false,Rx,0,8,42,A8,52,0F,08,01,00,02,
4148374,00000397,false,Rx,0,8,25,00,43,10,3F,07,00,00,
4148639,00000398,false,Rx,0,8,00,00,00,00,00,00,00,00,
4148726,0000042A,false,Rx,0,8,8E,83,0C,02,00,10,00,00,
4152437,0000036F,false,Rx,0,8,4F,61,01,00,00,00,00,00,
4152552,0000037F,false,Rx,0,8,32,C0,52,24,41,02,00,00,
4152621,00000419,false,Rx,0,8,2C,60,27,D5,35,87,90,00,
4154406,000001AB,false,Rx,0,8,32,AB,D2,50,70,38,00,00,
4154504,000001AC,false,Rx,0,8,00,28,00,00,00,00,00,00,
4155385,00000061,false,Rx,0,8,A9,E2,0C,00,00,00,00,00,
4155494,00000062,false,Rx,0,8,02,02,00,02,40,FF,00,FF,
4155548,00000063,false,Rx,0,8,00,00,05,00,00,08,FD,00,
4155986,00000064,false,Rx,0,8,00,00,00,04,FF,FA,00,00,
4156294,000000A1,false,Rx,0,8,A9,7B,0C,53,61,02,8A,00,
4156496,000000A2,false,Rx,0,8,00,00,00,00,00,00,00,00,
4156562,000000A3,false,Rx,0,8,00,40,01,00,00,00,00,00,
4158635,00000146,false,Rx,0,8,2C,FD,48,10,04,05,00,00,
4158727,00000147,false,Rx,0,8,01,04,7D,00,40,48,07,00,
4159097,00000148,false,Rx,0,8,00,00,42,00,1E,89,40,05,
4159204,00000149,false,Rx,0,8,00,38,00,CC,00,00,00,00,
4164872,00000121,false,Rx,0,8,2C,0D,72,00,00,00,00,05,
4164964,00000122,false,Rx,0,8,FF,D9,67,1F,46,47,46,45,
4165434,00000123,false,Rx,0,8,B6,02,00,00,00,00,01,00,
4165506,00000124,false,Rx,0,8,00,00,0A,00,00,00,20,40,
4166117,00000161,false,Rx,0,8,EC,0D,1B,03,00,00,00,02,
4166554,00000162,false,Rx,0,8,FF,FC,01,00,00,00,00,00,
4166996,0000011B,false,Rx,0,8,98,12,36,05,80,08,28,02,
4167318,0000012B,false,Rx,0,8,7E,42,36,06,00,00,08,00,
4167373,0000011C,false,Rx,0,8,00,05,20,00,22,00,01,01,
4167430,0000012C,false,Rx,0,8,00,00,01,00,00,64,00,00,
4167778,000001B1,false,Rx,0,8,CF,89,48,00,72,00,00,00,
4168038,000001B2,false,Rx,0,8,23,00,04,B7,0F,08,50,10,
4168137,000001B3,false,Rx,0,8,10,33,37,00,5A,7B,6B,7D,
4168524,000001B4,false,Rx,0,8,65,7D,10,00,00,41,00,00,
4171467,000003B0,false,Rx,0,8,72,37,FF,C7,00,00,03,C0,
4172132,00000405,false,Rx,0,8,D2,10,00,00,00,01,00,00,
4172225,00000410,false,Rx,0,8,6A,60,57,3C,DE,6A,FF,FF,
4172517,00000411,false,Rx,0,8,04,D1,50,51,00,00,44,04,
4172865,00000412,false,Rx,0,8,CC,E0,00,00,00,00,00,00,
4173065,00000413,false,Rx,0,8,08,60,00,00,00,00,00,00,
4173403,0000010B,false,Rx,0,8,33,59,7C,00,00,00,00,05,
4174041,00000414,false,Rx,0,8,41,70,00,00,28,00,00,00,
4174353,0000010C,false,Rx,0,8,FF,F9,E7,1F,46,50,48,48,
4174427,00000416,false,Rx,0,8,55,00,00,00,00,00,00,00,
4174661,0000010D,false,Rx,0,8,B5,02,00,00,00,00,01,00,
4175134,00000417,false,Rx,0,8,20,E0,00,00,00,00,00,00,
4175498,0000010E,false,Rx,0,8,00,00,1E,00,00,C0,AB,57,
4175851,00000418,false,Rx,0,8,07,C0,00,00,14,0C,00,00,
4176163,0000048F,false,Rx,0,8,AD,10,41,00,05,00,00,00,
4177474,000001A1,false,Rx,0,8,95,F8,1B,FE,F7,7F,64,00,
4177596,00000419,false,Rx,0,8,2C,60,27,D5,35,87,90,00,
4177960,000001A2,false,Rx,0,8,44,00,00,00,27,08,00,00,
4178058,000001A3,false,Rx,0,8,FF,F3,3F,00,00,00,00,00,
4178339,000001A4,false,Rx,0,8,FE,07,00,00,00,00,00,00,
4181456,000003B2,false,Rx,0,8,36,15,FF,02,29,2F,34,00,
4183988,000004E8,false,Rx,1,8,FF,FF,FF,05,FF,FF,FF,00,
4185956,00000036,false,Rx,0,8,B8,BD,91,51,00,00,25,05,
4186068,00000037,false,Rx,0,8,30,00,00,10,00,40,00,00,
4186116,00000038,false,Rx,0,8,04,00,00,00,B0,39,96,D4,
4186233,00000039,false,Rx,0,8,00,00,00,00,00,00,00,00,
4186448,0000019B,false,Rx,0,8,B9,47,87,00,00,E4,00,00,
4186858,0000019C,false,Rx,0,8,40,20,00,00,00,00,0B,09,
4187181,0000019D,false,Rx,0,8,00,10,00,01,00,00,00,00,
4187345,0000019E,false,Rx,0,8,15,00,00,00,00,32,00,00,
4188816,00000380,false,Rx,0,8,96,92,03,08,08,08,08,01,
4189848,000001F1,false,Rx,0,8,44,34,03,01,00,00,28,00,
4190020,000001F2,false,Rx,0,8,00,00,00,00,00,00,00,00,
4190452,00000427,false,Rx,0,8,1D,86,FF,00,80,0A,00,00,
4195483,00000566,false,Rx,0,8,16,02,00,00,00,00,FF,FF,
4205045,00000061,false,Rx,0,8,61,E0,11,00,00,00,00,00,
4205135,00000062,false,Rx,0,8,02,02,00,02,40,FF,00,FF,
4205544,00000063,false,Rx,0,8,00,00,05,00,00,08,FD,00,
4205640,00000064,false,Rx,0,8,00,00,00,04,FF,FA,00,00,
4205981,000000A1,false,Rx,0,8,CC,78,11,53,61,02,8A,00,
4206329,000000A2,false,Rx,0,8,00,00,00,00,00,00,00,00,
4206694,000000A3,false,Rx,0,8,00,40,01,00,00,00,00,00,
4214857,00000121,false,Rx,0,8,A5,E7,77,00,00,00,00,05,
4214949,00000122,false,Rx,0,8,FF,D9,67,1F,46,48,46,45,
4215395,00000123,false,Rx,0,8,B6,02,00,00,00,00,01,00,
4215726,00000124,false,Rx,0,8,00,00,0A,00,00,00,20,40,
4216267,0000012B,false,Rx,0,8,0D,7B,3B,06,00,00,08,00,
4216412,0000012C,false,Rx,0,8,00,00,01,00,00,64,00,00,
4216748,0000011B,false,Rx,0,8,EB,2B,3B,05,80,08,28,02,
4217015,0000011C,false,Rx,0,8,00,05,20,00,22,00,01,01,
4223366,0000010B,false,Rx,0,8,C9,A7,81,00,00,00,00,05,
4223458,0000010C,false,Rx,0,8,FF,F9,E7,1F,46,50,48,48,
4224424,0000010D,false,Rx,0,8,B5,02,00,00,00,00,01,00,
4224962,00000487,false,Rx,1,8,00,00,00,00,00,00,00,00,
4225180,0000010E,false,Rx,0,8,00,00,1E,00,00,C0,AB,57,
4225291,000004E8,false,Rx,1,8,FF,FF,FF,05,FF,FF,FF,00,
4225376,00000642,false,Rx,1,8,FF,FF,FF,FF,FF,FF,00,00,
4233313,000001E6,false,Rx,0,8,C8,18,4C,02,00,00,00,00,
4233409,00000226,false,Rx,0,8,30,83,F7,FF,63,60,09,42,
4233855,000001E7,false,Rx,0,8,00,00,22,03,20,01,00,00,
4233922,00000227,false,Rx,0,8,02,94,00,09,03,F1,9F,03,
4234304,000001BB,false,Rx,0,8,B4,F2,4C,02,00,00,00,0A,
4234606,000001BC,false,Rx,0,8,32,00,00,00,02,00,00,00,
4234827,00000091,false,Rx,0,8,CF,56,A9,16,06,00,00,00,
4234886,000001BD,false,Rx,0,8,00,00,00,00,00,00,00,00,
4235086,00000092,false,Rx,0,8,28,00,00,00,80,02,00,00,
4235261,000003AA,false,Rx,0,8,FF,00,D0,00,54,00,00,00,
4235525,00000093,false,Rx,0,8,00,00,00,00,00,00,00,00,
4235759,00000036,false,Rx,0,8,4B,23,96,51,00,00,25,05,
4236008,00000037,false,Rx,0,8,30,00,00,10,00,40,00,00,
4236273,00000038,false,Rx,0,8,04,00,00,00,B0,39,96,D4,
4236580,00000039,false,Rx,0,8,00,00,00,00,00,00,00,00,
4236811,0000019B,false,Rx,0,8,01,46,8C,00,00,E4,00,00,
4237074,00000094,false,Rx,0,8,00,00,00,00,00,00,00,00,
4237308,0000019C,false,Rx,0,8,40,20,00,00,00,00,0B,09,
4237554,000002D6,false,Rx,0,8,AD,99,52,00,00,00,00,00,
4237939,0000019D,false,Rx,0,8,00,10,00,01,00,00,00,00,
4238319,000002D7,false,Rx,0,8,00,00,00,00,03,00,00,00,
4238677,0000019E,false,Rx,0,8,15,00,00,00,00,32,00,00,
4238984,000002D8,false,Rx,0,8,00,00,00,00,00,00,38,47,
4239048,000002EB,false,Rx,0,8,94,2D,52,07,08,01,00,02,
4239343,000002D9,false,Rx,0,8,00,00,00,00,00,00,00,00,
4239659,000002EC,false,Rx,0,8,07,00,CF,00,59,00,00,00,
4239792,000003B6,false,Rx,0,8,1C,F0,52,00,00,00,00,46,
4239842,000002ED,false,Rx,0,8,00,00,00,00,00,00,00,00,
4239986,000003B7,false,Rx,0,8,46,00,00,00,00,00,00,00,
4240283,000002EE,false,Rx,0,8,00,00,00,00,00,00,00,00,
4240481,000003B8,false,Rx,0,8,B2,02,00,00,00,00,69,0E,
4240717,00000495,false,Rx,0,8,49,00,00,00,00,00,00,00,
4240977,000003B9,false,Rx,0,8,00,00,00,00,00,00,00,00,
4246521,00000251,false,Rx,0,8,B5,E4,A6,00,00,00,00,00,
4246629,00000252,false,Rx,0,8,00,00,1B,1B,03,00,00,00,
4246757,00000253,false,Rx,0,8,00,00,00,58,58,00,80,4D,
4247036,000002AB,false,Rx,0,8,2D,A2,A9,0C,0C,00,00,00,
4247399,000002AC,false,Rx,0,8,00,FF,FF,00,00,40,00,54,
4247915,000002AD,false,Rx,0,8,00,01,00,40,FF,FF,FF,0F,
4248044,000002AE,false,Rx,0,8,01,00,FF,3F,01,01,00,00,
4248398,000002B6,false,Rx,0,8,97,84,A9,01,00,00,00,40,
4248998,000002B7,false,Rx,0,8,9F,00,50,1C,00,04,00,00,
4249359,000003B1,false,Rx,0,8,C1,DE,00,80,00,00,20,00,
4249470,000002B8,false,Rx,0,8,FF,F8,10,00,00,00,00,00,
4249783,0000033B,false,Rx,0,8,75,C8,A8,00,00,00,00,00,
4250061,000002B9,false,Rx,0,8,0A,00,00,00,00,00,00,00,
4250338,0000033C,false,Rx,0,8,00,00,00,00,F0,00,00,00,
4250449,000002C1,false,Rx,0,8,BA,65,55,21,00,41,00,D3,
4251011,0000033D,false,Rx,0,8,00,00,00,00,00,00,00,00,
4251360,000002C2,false,Rx,0,8,17,00,00,00,00,00,00,00,
4251671,0000033E,false,Rx,0,8,00,00,00,00,00,00,00,00,
4251793,000002C3,false,Rx,0,8,00,00,00,00,00,00,00,00,
4252084,00000356,false,Rx,0,8,67,B7,54,00,00,00,00,00,
4252365,000002C4,false,Rx,0,8,00,00,00,00,00,00,00,00,
4252473,00000357,false,Rx,0,8,00,00,00,00,00,4B,4D,48,
4252778,000002E1,false,Rx,0,8,11,CF,A9,00,00,00,00,40,
4253139,00000358,false,Rx,0,8,35,41,45,4D,52,37,33,4F,
4253456,000002E2,false,Rx,0,8,FD,00,00,00,00,14,00,04,
4253717,00000359,false,Rx,0,8,51,4F,34,52,4A,35,33,00,
4253833,000002E3,false,Rx,0,8,00,00,00,00,00,00,72,01,
4254083,0000036F,false,Rx,0,8,F6,71,01,00,00,00,00,00,
4254725,000002E4,false,Rx,0,8,02,00,00,00,00,00,00,00,
4255062,0000037F,false,Rx,0,8,8B,D0,52,24,41,02,00,00,
4255415,000001AB,false,Rx,0,8,C4,83,D7,50,70,38,00,00,
4255779,000001AC,false,Rx,0,8,00,28,00,00,00,00,00,00,
4256118,000003A1,false,Rx,0,8,61,30,3A,00,FF,FF,FF,FF,
4256476,000003A2,false,Rx,0,8,00,00,00,00,00,00,00,00,
4256771,00000061,false,Rx,0,8,92,7E,16,00,00,00,00,00,
4256830,00000062,false,Rx,0,8,02,02,00,02,40,FF,00,FF,
4256952,00000063,false,Rx,0,8,00,00,05,00,00,08,FD,00,
4256995,00000064,false,Rx,0,8,00,00,00,04,FF,FA,00,00,
4257044,000000A1,false,Rx,0,8,C5,FD,16,53,61,02,8A,00,
4257090,000000A2,false,Rx,0,8,00,00,00,00,00,00,00,00,
4257162,000000A3,false,Rx,0,8,00,40,01,00,00,00,00,00,
4258787,00000146,false,Rx,0,8,A5,17,4D,10,04,05,00,00,
4259087,00000147,false,Rx,0,8,01,04,7D,00,40,47,07,00,
4259163,00000148,false,Rx,0,8,00,00,42,00,1E,89,40,05,
4259213,00000149,false,Rx,0,8,00,38,00,CC,00,00,00,00,
4260167,00000111,false,Rx,0,8,42,F6,82,01,00,00,00,00,
4260501,00000112,false,Rx,0,8,00,00,00,00,00,00,00,00,
4260762,00000113,false,Rx,0,8,00,00,00,00,00,00,00,00,
4260868,00000114,false,Rx,0,8,00,00,00,00,00,00,00,00,
4264179,000004A3,false,Rx,1,8,80,00,48,0B,3E,00,00,00,
4264371,000004A4,false,Rx,1,8,FF,FF,FF,00,00,00,00,00,
4264430,000004E8,false,Rx,1,8,FF,FF,FF,05,FF,FF,FF,00,
4265192,00000121,false,Rx,0,8,EB,20,7C,00,00,00,00,05,
4265649,00000122,false,Rx,0,8,FF,D9,67,1F,46,47,46,45,
4265762,00000123,false,Rx,0,8,B6,02,00,00,00,00,01,00,
4266097,00000124,false,Rx,0,8,00,00,0A,00,00,00,20,40,
4267016,0000011B,false,Rx,0,8,15,3B,40,05,80,08,28,02,
4267149,0000012B,false,Rx,0,8,F3,6B,40,06,00,00,08,00,
4267468,0000011C,false,Rx,0,8,00,05,20,00,22,00,01,01,
4267536,0000012C,false,Rx,0,8,00,00,01,00,00,64,00,00,
4267975,000001E1,false,Rx,0,8,7F,C5,40,02,00,00,00,00,
4268164,00000161,false,Rx,0,8,3A,91,20,03,00,00,00,02,
4268219,000001B1,false,Rx,0,8,B0,A5,4D,00,72,00,00,00,
4268979,00000162,false,Rx,0,8,FF,FC,01,00,00,00,00,00,
4269344,000001B2,false,Rx,0,8,23,00,04,B7,0F,08,50,10,
4269638,000001B3,false,Rx,0,8,10,33,37,00,5A,7B,6B,7D,
4269730,000000FF,false,Rx,0,8,CB,10,00,00,00,00,02,00,
4269996,000001B4,false,Rx,0,8,65,7D,10,00,00,41,00,00,
4270288,000001E2,false,Rx,0,8,00,00,00,00,00,00,00,00,
4270361,00000394,false,Rx,0,8,2A,22,1A,49,00,00,00,00,
4270659,000003C3,false,Rx,0,8,45,10,31,30,36,00,00,00,
4271037,000003E0,false,Rx,0,8,01,70,01,00,54,03,00,00,
4271344,000003E5,false,Rx,0,8,8E,90,01,00,00,00,00,00,
4271720,000003E6,false,Rx,0,8,7F,00,00,00,00,00,00,00,
4272012,0000041A,false,Rx,0,8,95,40,12,00,00,00,00,00,
4272076,0000041B,false,Rx,0,8,60,30,00,00,00,00,00,00,
4272397,0000041C,false,Rx,0,8,E9,80,E0,00,00,00,00,00,
4273060,00000422,false,Rx,0,8,EA,C0,01,00,00,00,04,00,
4273381,00000432,false,Rx,0,8,03,20,02,00,00,00,00,00,
4273629,0000010B,false,Rx,0,8,3A,39,86,00,00,00,00,05,
4273745,0000010C,false,Rx,0,8,FF,F9,E7,1F,46,50,48,48,
4273891,0000010D,false,Rx,0,8,B5,02,00,00,00,00,01,00,
4273975,0000010E,false,Rx,0,8,00,00,1E,00,00,C0,AB,57,
4274661,00000435,false,Rx,0,8,9F,D0,00,40,00,00,00,00,
4275051,00000442,false,Rx,0,8,CE,20,11,81,00,00,00,00,
4275385,00000444,false,Rx,0,8,6C,30,20,50,55,50,00,00,
4275588,00000445,false,Rx,0,8,A9,E0,00,00,00,00,00,18,
4275931,00000464,false,Rx,0,8,B2,70,F0,FF,38,7F,05,00,
4277674,000001A1,false,Rx,0,8,43,A4,20,FE,F7,7F,64,00,
4277826,000001A2,false,Rx,0,8,44,00,00,00,27,08,00,00,
4277960,000001A3,false,Rx,0,8,FF,F3,3F,00,00,00,00,00,
4278019,000001A4,false,Rx,0,8,FE,07,00,00,00,00,00,00,
4280456,0000030B,false,Rx,0,8,03,EE,A8,00,04,00,00,00,
4280566,0000030C,false,Rx,0,8,00,00,0E,00,2C,00,A0,0F,
4280875,0000030D,false,Rx,0,8,00,00,00,00,44,00,00,00,
4280984,0000030E,false,Rx,0,8,00,00,18,05,21,00,00,04,
4285626,00000036,false,Rx,0,8,46,E5,9B,51,00,00,25,05,
4285715,00000037,false,Rx,0,8,30,00,00,10,00,40,00,00,
4286128,00000038,false,Rx,0,8,04,00,00,00,B0,39,96,D4,
4286212,00000039,false,Rx,0,8,00,00,00,00,00,00,00,00,
4286572,0000019B,false,Rx,0,8,C9,44,91,00,00,E4,00,00,
4286793,0000019C,false,Rx,0,8,40,20,00,00,00,00,0B,09,
4287259,0000019D,false,Rx,0,8,00,10,00,01,00,00,00,00,
4287595,0000019E,false,Rx,0,8,15,00,00,00,00,32,00,00,
4287800,000001FB,false,Rx,0,8,AD,FC,A0,00,00,00,00,00,
4287860,000001FC,false,Rx,0,8,00,00,00,00,00,00,00,00,
4287971,000001FD,false,Rx,0,8,00,1A,03,00,00,00,00,00,
4288348,000001FE,false,Rx,0,8,00,00,00,00,00,00,00,00,
4288683,00000475,false,Rx,0,8,12,00,00,00,00,00,00,00,
4288911,00000496,false,Rx,0,8,12,00,00,00,00,00,00,00,
4292389,00000516,false,Rx,0,8,61,02,00,00,00,00,FF,FF,
4294548,00000383,false,Rx,0,8,5A,53,00,10,01,00,00,00,
4299838,00000448,false,Rx,0,8,DE,80,00,00,00,00,00,00,
4305049,00000061,false,Rx,0,8,9F,B8,1B,00,00,00,00,00,
4305141,00000062,false,Rx,0,8,02,02,00,02,40,FF,00,FF,
4305562,00000063,false,Rx,0,8,00,00,05,00,00,08,FD,00,
4305665,00000064,false,Rx,0,8,00,00,00,04,FF,FA,00,00,
4305985,000000A1,false,Rx,0,8,F3,BE,1B,53,61,02,8A,00,
4306319,000000A2,false,Rx,0,8,00,00,00,00,00,00,00,00,
4306641,000000A3,false,Rx,0,8,00,40,01,00,00,00,00,00,
4308444,00000382,false,Rx,0,8,2B,FE,21,00,00,05,09,00,
4310570,000002BF,false,Rx,0,8,FF,FF,FF,00,00,00,00,00,
4310697,0000047F,false,Rx,0,8,F0,FC,FF,FF,FF,FF,FF,FF,
4311069,00000653,false,Rx,0,8,0A,19,03,01,02,2A,00,00,
4311517,00000236,false,Rx,0,8,C3,78,A7,00,34,6C,AE,62,
4311752,000002FB,false,Rx,0,8,7A,6C,A7,04,72,1A,B4,B4,
4311875,00000237,false,Rx,0,8,00,15,47,00,00,1E,1B,00,
4312140,000002FC,false,Rx,0,8,0F,00,14,18,00,00,8F,43,
4312373,00000151,false,Rx,0,8,85,8F,A7,64,C8,00,28,18,
4312812,00000238,false,Rx,0,8,00,00,72,00,00,00,00,00,
4312891,00000152,false,Rx,0,8,14,17,17,00,51,00,00,00,
4313281,000001F6,false,Rx,0,8,CE,53,A7,00,00,00,00,0E,
4313648,00000153,false,Rx,0,8,00,00,00,00,00,00,00,00,
4314194,000001F7,false,Rx,0,8,26,00,DA,02,00,00,00,00,
4314284,00000154,false,Rx,0,8,00,00,00,00,00,00,00,00,
4314597,000001F8,false,Rx,0,8,00,5E,01,45,01,00,00,00,
4314689,000002FD,false,Rx,0,8,00,00,00,00,00,1C,13,EA,
4314765,000001F9,false,Rx,0,8,4B,00,64,C8,14,00,4B,00,
4314812,000002FE,false,Rx,0,8,00,00,72,01,00,28,C8,02,
4315317,00000239,false,Rx,0,8,00,00,00,00,01,00,00,00,
4315662,00000326,false,Rx,0,8,B7,24,A7,00,00,00,00,00,
4315985,0000025B,false,Rx,0,8,0B,D2,A7,40,40,20,00,00,
4316292,00000327,false,Rx,0,8,00,00,00,00,05,00,00,00,
4316596,0000025C,false,Rx,0,8,00,00,26,00,B4,2C,19,00,
4316922,00000121,false,Rx,0,8,11,DE,81,00,00,00,00,05,
4317241,0000025D,false,Rx,0,8,00,C8,00,00,00,80,C0,70,
4317325,00000122,false,Rx,0,8,FF,D9,67,1F,46,47,46,45,
4317591,0000011B,false,Rx,0,8,E3,13,45,05,80,08,28,02,
4317922,00000123,false,Rx,0,8,B6,02,00,00,00,00,01,00,
4318264,0000011C,false,Rx,0,8,00,05,20,00,22,00,01,01,
4318576,00000124,false,Rx,0,8,00,00,0A,00,00,00,20,40,
4318686,0000025E,false,Rx,0,8,1E,07,0E,03,00,00,46,00,
4318809,0000012B,false,Rx,0,8,05,43,45,06,00,00,08,00,
4318884,00000328,false,Rx,0,8,DA,02,4B,00,00,5E,01,00,
4318935,0000012C,false,Rx,0,8,00,00,01,00,00,64,00,00,
4318985,00000329,false,Rx,0,8,64,45,01,00,00,00,00,00,
4319520,00000419,false,Rx,0,8,D3,70,26,D5,35,87,90,00,
4319689,00000331,false,Rx,0,8,94,81,A7,F1,C8,A0,2C,97,
4319882,00000332,false,Rx,0,8,E8,08,FC,03,00,00,00,00,
4319928,00000333,false,Rx,0,8,00,00,00,1C,0C,40,20,64,
4320109,00000334,false,Rx,0,8,C8,00,00,00,08,44,F4,8F,
4323527,0000010B,false,Rx,0,8,37,FF,8B,00,00,00,00,05,
4323603,0000010C,false,Rx,0,8,FF,F9,E7,1F,46,50,48,48,
4323647,00000415,false,Rx,0,8,40,13,10,00,08,01,00,00,
4324230,0000010D,false,Rx,0,8,B5,02,00,00,00,00,01,00,
4324556,0000010E,false,Rx,0,8,00,00,1E,00,00,C0,AB,57,
4333426,00000316,false,Rx,0,8,FF,1B,FC,34,06,80,0A,00,
4333518,00000317,false,Rx,0,8,00,00,05,00,00,00,00,00,
4334514,000003CB,false,Rx,0,8,36,14,00,F4,00,00,00,00,
4334616,00000091,false,Rx,0,8,C8,43,AA,16,06,00,00,00,
4334782,000002E6,false,Rx,0,8,76,BB,A6,01,00,00,00,15,
4334996,00000092,false,Rx,0,8,27,00,00,00,70,02,00,00,
4335250,000002E7,false,Rx,0,8,0A,00,00,00,00,00,00,00,
4335644,00000093,false,Rx,0,8,00,00,00,00,00,00,00,00,
4335804,000002E8,false,Rx,0,8,00,00,00,00,00,00,00,00,
4336023,000000C5,false,Rx,1,8,00,00,00,00,00,00,00,00,
4336093,00000036,false,Rx,0,8,90,B9,A0,51,00,00,25,05,
4336312,000002E9,false,Rx,0,8,00,00,00,00,00,00,00,00,
4336381,00000244,false,Rx,1,8,FF,FF,FF,FF,FF,FF,FF,FF,
4336555,00000037,false,Rx,0,8,30,00,00,10,00,40,00,00,
4336883,000004B4,false,Rx,1,8,00,00,05,40,10,70,04,00,
4336977,00000038,false,Rx,0,8,04,00,00,00,B0,39,96,D4,
4337218,0000019B,false,Rx,0,8,3A,DA,96,00,00,E4,00,00,
4337390,000004B5,false,Rx,1,8,08,00,F0,07,00,00,00,00,
4337545,00000039,false,Rx,0,8,00,00,00,00,00,00,00,00,
4337700,0000019C,false,Rx,0,8,40,20,00,00,00,00,0B,09,
4337865,000004B7,false,Rx,1,8,08,00,F0,07,00,00,00,00,
4338009,00000094,false,Rx,0,8,00,00,00,00,00,00,00,00,
4338203,0000019D,false,Rx,0,8,00,10,00,01,00,00,00,00,
4338356,000004CA,false,Rx,1,8,00,00,00,00,00,00,00,00,
4338709,0000019E,false,Rx,0,8,15,00,00,00,00,32,00,00,
4338860,000004CC,false,Rx,1,8,08,00,00,06,00,00,03,00,
4338956,00000256,false,Rx,0,8,00,6A,A6,15,40,00,F0,00,
4339209,000002FF,false,Rx,0,8,D4,CB,00,71,02,00,00,00,
4339355,000004CE,false,Rx,1,8,DE,01,00,00,00,00,F8,FF,
4339441,00000257,false,Rx,0,8,00,93,41,18,85,07,00,94,
4339689,000003CC,false,Rx,0,8,36,31,34,30,33,34,31,00,
4339902,000004D7,false,Rx,1,8,23,01,00,00,00,00,00,00,
4339957,000001F1,false,Rx,0,8,B2,1C,06,01,00,00,28,00,
4340110,00000258,false,Rx,0,8,35,EE,1A,00,10,15,00,28,
4340310,000004D8,false,Rx,1,8,41,10,F0,F0,40,F2,1E,CC,
4340393,000001F2,false,Rx,0,8,00,00,00,00,00,00,00,00,
4340643,00000259,false,Rx,0,8,5C,05,8D,3C,4C,02,00,00,
4340822,000004DD,false,Rx,1,8,00,00,FE,00,04,00,00,00,
4340901,00000401,false,Rx,0,8,C6,10,10,00,00,04,00,00,
4341058,00000472,false,Rx,0,8,5C,EC,00,40,08,41,00,45,
4341309,000004DF,false,Rx,1,8,00,00,08,00,00,00,00,00,
4341416,00000384,false,Rx,0,8,BA,56,0D,01,00,FF,00,24,
4341532,00000473,false,Rx,0,8,5F,24,00,25,00,00,00,78,
4341783,000004E7,false,Rx,1,8,00,30,00,00,00,00,69,00,
4342063,00000474,false,Rx,0,8,91,72,00,00,00,00,00,08,
4342276,000004E8,false,Rx,1,8,FF,FF,FF,05,FF,FF,FF,00,
4342762,000004E9,false,Rx,1,8,12,00,00,34,00,00,50,00,
4343213,000004EA,false,Rx,1,8,67,00,00,89,00,00,00,00,
4343696,000004EB,false,Rx,1,8,02,80,15,04,80,00,00,00,
4344182,000004EC,false,Rx,1,8,00,00,00,00,00,00,00,00,
4344685,000004ED,false,Rx,1,8,00,00,00,00,00,FF,FF,1F,
4345628,000004EE,false,Rx,1,8,FF,FF,00,00,00,00,00,00,
4346377,000004EF,false,Rx,1,8,60,00,60,00,2B,14,00,00,
4346643,0000063D,false,Rx,1,8,00,80,00,00,00,00,00,00,
4346725,0000063E,false,Rx,1,8,FF,FF,FF,FF,FF,FF,FF,FF,
4347588,0000063F,false,Rx,1,8,00,10,00,C4,FF,00,00,00,
4347858,00000640,false,Rx,1,8,FF,FF,FF,00,FF,FF,FF,00,
4348300,00000396,false,Rx,0,8,1C,60,53,0F,08,01,00,02,
4348572,00000397,false,Rx,0,8,4E,00,43,10,3F,07,00,00,
4348884,00000641,false,Rx,1,8,FF,FF,FF,FF,0F,FF,FF,FF,
4348965,0000042A,false,Rx,0,8,8E,83,0C,02,00,10,00,00,
4349243,00000398,false,Rx,0,8,00,00,00,00,00,00,00,00,
4349336,00000646,false,Rx,1,8,00,00,00,80,01,00,00,00,
4352726,0000036F,false,Rx,0,8,5F,81,01,00,00,00,00,00,
4352877,0000037F,false,Rx,0,8,5D,E0,52,24,41,02,00,00,
4353195,00000419,false,Rx,0,8,D3,70,26,D5,35,87,90,00,
4354954,000001AB,false,Rx,0,8,0C,7A,DC,50,70,38,00,00,
4355059,000001AC,false,Rx,0,8,00,28,00,00,00,00,00,00,
4355109,00000061,false,Rx,0,8,49,E4,20,00,00,00,00,00,
4355481,00000062,false,Rx,0,8,02,02,00,02,40,FF,00,FF,
4355719,00000063,false,Rx,0,8,00,00,05,00,00,08,FD,00,
4355791,00000064,false,Rx,0,8,00,00,00,04,FF,FA,00,00,
4356477,000000A1,false,Rx,0,8,3A,8F,20,53,61,02,8A,00,
4356821,000000A2,false,Rx,0,8,00,00,00,00,00,00,00,00,
4357178,000000A3,false,Rx,0,8,00,40,01,00,00,00,00,00,
4358579,00000146,false,Rx,0,8,E1,A7,52,10,04,05,00,00,
4358744,00000147,false,Rx,0,8,01,04,7D,00,40,47,07,00,
4359027,00000148,false,Rx,0,8,00,00,42,00,1E,89,40,05,
4359336,00000149,false,Rx,0,8,00,38,00,CC,00,00,00,00,
4364869,00000121,false,Rx,0,8,14,86,86,00,00,00,00,05,
4364962,00000122,false,Rx,0,8,FF,D9,67,1F,46,48,46,45,
4365374,00000123,false,Rx,0,8,B6,02,00,00,00,00,01,00,
4365469,00000124,false,Rx,0,8,00,00,0A,00,00,00,20,40,
4366194,00000161,false,Rx,0,8,CC,B9,25,03,00,00,00,02,
4366500,00000162,false,Rx,0,8,FF,FC,01,00,00,00,00,00,
4366957,0000011B,false,Rx,0,8,F9,6A,4A,05,80,08,28,02,
4367306,0000012B,false,Rx,0,8,1F,3A,4A,06,00,00,08,00,
4367374,0000011C,false,Rx,0,8,00,05,20,00,22,00,01,01,
4367758,0000012C,false,Rx,0,8,00,00,01,00,00,64,00,00,
4367833,000001B1,false,Rx,0,8,F4,15,52,00,72,00,00,00,
4368135,000001B2,false,Rx,0,8,23,00,04,B7,0F,08,50,10,
4368512,000001B3,false,Rx,0,8,10,33,37,00,5A,7B,6B,7D,
4369102,000001B4,false,Rx,0,8,65,7D,10,00,00,41,00,00,
4371520,000003B0,false,Rx,0,8,72,37,FF,C7,00,00,03,C0,
4372188,00000405,false,Rx,0,8,D2,10,00,00,00,01,00,00,
4372298,00000410,false,Rx,0,8,6A,60,57,3C,DE,6A,FF,FF,
4372745,00000411,false,Rx,0,8,04,D1,50,51,00,00,44,04,
4373121,00000412,false,Rx,0,8,CC,E0,00,00,00,00,00,00,
4373212,00000413,false,Rx,0,8,08,60,00,00,00,00,00,00,
4373546,0000010B,false,Rx,0,8,4A,3A,90,00,00,00,00,05,
4373827,00000414,false,Rx,0,8,41,70,00,00,28,00,00,00,
4374155,0000010C,false,Rx,0,8,FF,F9,E7,1F,46,50,48,48,
4374470,00000416,false,Rx,0,8,55,00,00,00,00,00,00,00,
4374831,0000010D,false,Rx,0,8,B5,02,00,00,00,00,01,00,
4375155,00000417,false,Rx,0,8,20,E0,00,00,00,00,00,00,
4375245,0000010E,false,Rx,0,8,00,00,1E,00,00,C0,AB,57,
4375339,00000418,false,Rx,0,8,07,C0,00,00,14,0C,00,00,
4377463,000001A1,false,Rx,0,8,3C,88,25,FE,F7,7F,64,00,
4377556,000001A2,false,Rx,0,8,44,00,00,00,27,08,00,00,
4378017,000001A3,false,Rx,0,8,FF,F3,3F,00,00,00,00,00,
4378257,000001A4,false,Rx,0,8,FE,07,00,00,00,00,00,00,
4378326,00000485,false,Rx,0,8,00,40,11,02,00,00,00,00,
4381577,000003B2,false,Rx,0,8,36,15,FF,02,29,2F,34,00,
4383153,000001E6,false,Rx,0,8,85,F0,4F,02,00,00,00,00,
4383256,000001BB,false,Rx,0,8,B1,AB,4F,02,00,00,00,0A,
4383643,000001BC,false,Rx,0,8,32,00,00,00,02,00,00,00,
4383743,000001BD,false,Rx,0,8,00,00,00,00,00,00,00,00,
4384130,000001E7,false,Rx,0,8,00,00,22,03,20,01,00,00,
4385610,00000036,false,Rx,0,8,EF,95,A5,51,00,00,25,05,
4385701,00000037,false,Rx,0,8,30,00,00,10,00,40,00,00,
4386133,00000038,false,Rx,0,8,04,00,00,00,B0,39,96,D4,
4386231,00000039,false,Rx,0,8,00,00,00,00,00,00,00,00,
4386601,0000019B,false,Rx,0,8,37,1C,9B,00,00,E4,00,00,
4386900,0000019C,false,Rx,0,8,40,20,00,00,00,00,0B,09,
4386995,0000019D,false,Rx,0,8,00,10,00,01,00,00,00,00,
4387276,0000019E,false,Rx,0,8,15,00,00,00,00,32,00,00,
4388619,00000380,false,Rx,0,8,96,92,03,08,08,08,08,01,
4390563,00000427,false,Rx,0,8,1D,86,FF,00,80,0A,00,00,
4392396,00000419,false,Rx,0,8,D3,70,26,D5,35,87,90,00,
4393868,00000561,false,Rx,0,8,63,02,00,00,00,00,FF,FF,
4405013,00000061,false,Rx,0,8,36,C8,25,00,00,00,00,00,
4405110,00000062,false,Rx,0,8,02,02,00,02,40,FF,00,FF,
4405544,00000063,false,Rx,0,8,00,00,05,00,00,08,FD,00,
4405622,00000064,false,Rx,0,8,00,00,00,04,FF,FA,00,00,
4406025,000000A1,false,Rx,0,8,35,64,25,53,61,02,8A,00,
4406415,000000A2,false,Rx,0,8,00,00,00,00,00,00,00,00,
4406745,000000A3,false,Rx,0,8,00,40,01,00,00,00,00,00,
4408998,000004F0,false,Rx,1,8,4A,10,15,05,5C,1A,0B,02,
4414862,00000121,false,Rx,0,8,EF,86,8B,00,00,00,00,05,
4414954,00000122,false,Rx,0,8,FF,D9,67,1F,46,47,46,45,
4415376,00000123,false,Rx,0,8,B6,02,00,00,00,00,01,00,
4415459,00000124,false,Rx,0,8,00,00,0A,00,00,00,20,40,
4416537,0000011B,false,Rx,0,8,0F,42,4F,05,80,08,28,02,
4416657,0000011C,false,Rx,0,8,00,05,20,00,22,00,01,01,
4417072,0000012B,false,Rx,0,8,E9,12,4F,06,00,00,08,00,
4417401,0000012C,false,Rx,0,8,00,00,01,00,00,64,00,00,
4417487,000001E1,false,Rx,0,8,32,2D,43,02,00,00,00,00,
4417803,000001E2,false,Rx,0,8,00,00,00,00,00,00,00,00,
4423371,0000010B,false,Rx,0,8,35,16,95,00,00,00,00,05,
4423464,0000010C,false,Rx,0,8,FF,F9,E7,1F,46,50,48,48,
4423902,0000010D,false,Rx,0,8,B5,02,00,00,00,00,01,00,
4424210,0000010E,false,Rx,0,8,00,00,1E,00,00,C0,AB,57,
4428863,00000487,false,Rx,1,8,00,00,00,00,00,00,00,00,
4429008,00000642,false,Rx,1,8,FF,FF,FF,FF,FF,FF,00,00,
4433027,00000226,false,Rx,0,8,0E,52,F9,FF,63,60,09,42,
4433119,00000227,false,Rx,0,8,02,94,00,09,03,F1,9F,03,
4434525,00000091,false,Rx,0,8,C0,38,AB,16,06,00,00,00,
4434634,00000092,false,Rx,0,8,25,00,00,00,50,02,00,00,
4434927,00000093,false,Rx,0,8,00,00,00,00,00,00,00,00,
4435193,00000094,false,Rx,0,8,00,00,00,00,00,00,00,00,
4435428,000003AA,false,Rx,0,8,FF,00,D0,00,54,00,00,00,
4435657,00000036,false,Rx,0,8,6E,E1,AA,51,00,00,25,05,
4435914,00000037,false,Rx,0,8,30,00,00,10,00,40,00,00,
4436204,00000038,false,Rx,0,8,04,00,00,00,B0,39,96,D4,
4436441,00000039,false,Rx,0,8,00,00,00,00,00,00,00,00,
4436676,0000019B,false,Rx,0,8,E1,40,A0,00,00,E4,00,00,
4436938,0000019C,false,Rx,0,8,40,20,00,00,00,00,0B,09,
4437186,000002D6,false,Rx,0,8,EB,C0,53,00,00,00,00,00,
4437416,0000019D,false,Rx,0,8,00,10,00,01,00,00,00,00,
4437675,000002D7,false,Rx,0,8,00,00,00,00,03,00,00,00,
4437908,0000019E,false,Rx,0,8,15,00,00,00,00,32,00,00,
4438174,000002D8,false,Rx,0,8,00,00,00,00,00,00,38,47,
4438395,000002EB,false,Rx,0,8,75,49,53,07,08,01,00,02,
4438640,000002D9,false,Rx,0,8,00,00,00,00,00,00,00,00,
4438890,000002EC,false,Rx,0,8,02,00,CF,00,59,00,00,00,
4439123,000003B6,false,Rx,0,8,5A,A9,53,00,00,00,00,46,
4439373,000002ED,false,Rx,0,8,00,00,00,00,00,00,00,00,
4439621,000003B7,false,Rx,0,8,46,00,00,00,00,00,00,00,
4439871,000002EE,false,Rx,0,8,00,00,00,00,00,00,00,00,
4440098,000003B8,false,Rx,0,8,B2,02,00,00,00,00,69,0E,
4440359,00000495,false,Rx,0,8,49,00,00,00,00,00,00,00,
4440603,000003B9,false,Rx,0,8,00,00,00,00,00,00,00,00,
4446303,00000251,false,Rx,0,8,86,FE,A8,00,00,00,00,00,
4446498,00000252,false,Rx,0,8,00,00,1B,1B,03,00,00,00,
4446821,00000253,false,Rx,0,8,00,00,00,58,58,00,80,4D,
4447073,000002AB,false,Rx,0,8,A1,10,AB,0C,0C,00,00,00,
4447299,000002AC,false,Rx,0,8,00,FF,FF,00,00,40,00,54,
4447883,000002AD,false,Rx,0,8,00,01,00,40,FF,FF,FF,0F,
4448243,000002AE,false,Rx,0,8,01,00,FF,3F,01,01,00,00,
4448339,000002B6,false,Rx,0,8,1B,36,AB,01,00,00,00,40,
4448636,000002B7,false,Rx,0,8,9F,00,50,1C,00,04,00,00,
4448996,000003B1,false,Rx,0,8,C1,DE,00,80,00,00,20,00,
4449133,000002B8,false,Rx,0,8,FF,F8,10,00,00,00,00,00,
4449206,0000033B,false,Rx,0,8,F9,7A,AA,00,00,00,00,00,
4449330,000004F0,false,Rx,1,8,4A,10,15,05,5C,1A,0B,02,
4449384,000002B9,false,Rx,0,8,0A,00,00,00,00,00,00,00,
4449620,0000033C,false,Rx,0,8,00,00,00,00,F0,00,00,00,
4449832,000002C1,false,Rx,0,8,70,8E,56,21,00,41,00,D3,
4450092,0000033D,false,Rx,0,8,00,00,00,00,00,00,00,00,
4450336,000002C2,false,Rx,0,8,17,00,00,00,00,00,00,00,
4450581,0000033E,false,Rx,0,8,00,00,00,00,00,00,00,00,
4450836,000002C3,false,Rx,0,8,00,00,00,00,00,00,00,00,
4451076,00000356,false,Rx,0,8,21,EE,55,00,00,00,00,00,
4451322,000002C4,false,Rx,0,8,00,00,00,00,00,00,00,00,
4451775,00000357,false,Rx,0,8,00,00,00,00,00,4B,4D,48,
4451840,000002E1,false,Rx,0,8,9D,7D,AB,00,00,00,00,40,
4452120,00000358,false,Rx,0,8,35,41,45,4D,52,37,33,4F,
4452516,000002E2,false,Rx,0,8,FD,00,00,00,00,14,00,04,
4453112,00000359,false,Rx,0,8,51,4F,34,52,4A,35,33,00,
4453205,000002E3,false,Rx,0,8,00,00,00,00,00,00,72,01,
4453497,0000036F,false,Rx,0,8,E6,91,01,00,00,00,00,00,
4453627,000002E4,false,Rx,0,8,02,00,00,00,00,00,00,00,
4453709,0000037F,false,Rx,0,8,4D,00,52,24,41,02,00,00,
4454415,000001AB,false,Rx,0,8,61,26,E1,50,70,38,00,00,
4454599,000001AC,false,Rx,0,8,00,28,00,00,00,00,00,00,
4454681,000003A1,false,Rx,0,8,45,98,3B,00,FF,FF,FF,FF,
4454759,000003A2,false,Rx,0,8,00,00,00,00,00,00,00,00,
4455445,00000061,false,Rx,0,8,B7,BC,2A,00,00,00,00,00,
4455815,00000062,false,Rx,0,8,02,02,00,02,40,FF,00,FF,
4455910,00000063,false,Rx,0,8,00,00,05,00,00,08,FD,00,
4456216,00000064,false,Rx,0,8,00,00,00,04,FF,FA,00,00,
4456514,000000A1,false,Rx,0,8,05,49,2A,53,61,02,8A,00,
4456659,000000A2,false,Rx,0,8,00,00,00,00,00,00,00,00,
4456706,000000A3,false,Rx,0,8,00,40,01,00,00,00,00,00,
4459139,00000146,false,Rx,0,8,68,4D,57,10,04,05,00,00,
4459300,00000147,false,Rx,0,8,01,04,7D,00,40,48,07,00,
4459345,00000148,false,Rx,0,8,00,00,42,00,1E,89,40,05,
4459388,00000149,false,Rx,0,8,00,38,00,CC,00,00,00,00,
4459911,00000111,false,Rx,0,8,04,AF,83,01,00,00,00,00,
4460093,00000112,false,Rx,0,8,00,00,00,00,00,00,00,00,
4460325,00000113,false,Rx,0,8,00,00,00,00,00,00,00,00,
4460549,00000114,false,Rx,0,8,00,00,00,00,00,00,00,00,
4464863,00000121,false,Rx,0,8,64,85,90,00,00,00,00,05,
4464957,00000122,false,Rx,0,8,FF,D9,67,1F,46,48,46,45,
4465402,00000123,false,Rx,0,8,B6,02,00,00,00,00,01,00,
4465475,00000124,false,Rx,0,8,00,00,0A,00,00,00,20,40,
4466376,0000011B,false,Rx,0,8,CD,98,54,05,80,08,28,02,
4466566,0000011C,false,Rx,0,8,00,05,20,00,22,00,01,01,
4466756,0000012B,false,Rx,0,8,2B,C8,54,06,00,00,08,00,
4467013,0000012C,false,Rx,0,8,00,00,01,00,00,64,00,00,
4467480,00000161,false,Rx,0,8,D6,C0,2A,03,00,00,00,02,
4467851,000001B1,false,Rx,0,8,8B,39,57,00,72,00,00,00,
4468163,00000162,false,Rx,0,8,FF,FC,01,00,00,00,00,00,
4468434,000001B2,false,Rx,0,8,23,00,04,B7,0F,08,50,10,
4468593,000001B3,false,Rx,0,8,10,33,37,00,5A,7B,6B,7D,
4469253,000001B4,false,Rx,0,8,65,7D,10,00,00,41,00,00,
4470048,000000FF,false,Rx,0,8,CB,10,00,00,00,00,02,00,
4470383,000004A3,false,Rx,1,8,80,00,48,0B,3E,00,00,00,
4470509,000004A4,false,Rx,1,8,FF,FF,FF,00,00,00,00,00,
4470822,00000394,false,Rx,0,8,2A,22,1A,49,00,00,00,00,
4470926,000003C3,false,Rx,0,8,45,10,31,30,36,00,00,00,
4471008,000003E0,false,Rx,0,8,01,70,01,00,54,03,00,00,
4471244,000003E5,false,Rx,0,8,8E,90,01,00,00,00,00,00,
4471481,000003E6,false,Rx,0,8,7F,00,00,00,00,00,00,00,
4471731,0000041A,false,Rx,0,8,95,40,12,00,00,00,00,00,
4471978,0000041B,false,Rx,0,8,60,30,00,00,00,00,00,00,
4472377,0000041C,false,Rx,0,8,E9,80,E0,00,00,00,00,00,
4472999,00000422,false,Rx,0,8,EA,C0,01,00,00,00,04,00,
4473112,00000432,false,Rx,0,8,03,20,02,00,00,00,00,00,
4473405,0000010B,false,Rx,0,8,B4,62,9A,00,00,00,00,05,
4473588,00000419,false,Rx,0,8,A8,80,26,D5,39,87,90,00,
4473756,0000010C,false,Rx,0,8,FF,F9,E7,1F,46,50,48,48,
4474090,0000010D,false,Rx,0,8,B5,02,00,00,00,00,01,00,
4474427,00000435,false,Rx,0,8,9F,D0,00,40,00,00,00,00,
4475032,0000010E,false,Rx,0,8,00,00,1E,00,00,C0,AB,57,
4475322,00000442,false,Rx,0,8,CE,20,11,81,00,00,00,00,
4475411,00000444,false,Rx,0,8,6C,30,20,50,55,50,00,00,
4475554,00000445,false,Rx,0,8,A9,E0,00,00,00,00,00,18,
4475693,00000464,false,Rx,0,8,B2,70,F0,FF,38,7F,05,00,
4477564,000001A1,false,Rx,0,8,BD,FC,2A,FE,F7,7F,64,00,
4477653,000001A2,false,Rx,0,8,44,00,00,00,27,08,00,00,
4478077,000001A3,false,Rx,0,8,FF,F3,3F,00,00,00,00,00,
4478192,000001A4,false,Rx,0,8,FE,07,00,00,00,00,00,00,
4480502,0000030B,false,Rx,0,8,8F,5C,AA,00,04,00,00,00,
4480616,0000030C,false,Rx,0,8,00,00,0E,00,2C,00,A0,0F,
4480939,0000030D,false,Rx,0,8,00,00,00,00,44,00,00,00,
4481000,0000030E,false,Rx,0,8,00,00,18,05,21,00,00,04,
4483814,00000563,false,Rx,1,8,65,02,00,00,00,00,FF,FF,
4486423,00000036,false,Rx,0,8,11,CD,AF,51,00,00,25,05,
4486593,00000037,false,Rx,0,8,30,00,00,10,00,40,00,00,
4486958,00000038,false,Rx,0,8,04,00,00,00,B0,39,96,D4,
4487027,00000039,false,Rx,0,8,00,00,00,00,00,00,00,00,
4487311,0000019B,false,Rx,0,8,9E,6C,A5,00,00,E4,00,00,
4487433,0000019C,false,Rx,0,8,40,20,00,00,00,00,0B,09,
4487743,0000019D,false,Rx,0,8,00,10,00,01,00,00,00,00,
4488031,0000019E,false,Rx,0,8,15,00,00,00,00,32,00,00,
4488149,000001FB,false,Rx,0,8,21,4E,A2,00,00,00,00,00,
4488713,000001FC,false,Rx,0,8,00,00,00,00,00,00,00,00,
4489253,000001FD,false,Rx,0,8,00,1A,03,00,00,00,00,00,
4489604,000001FE,false,Rx,0,8,00,00,00,00,00,00,00,00,
4489687,00000475,false,Rx,0,8,12,00,00,00,00,00,00,00,
4489844,00000496,false,Rx,0,8,12,00,00,00,00,00,00,00,
4489971,000004F0,false,Rx,1,8,4A,10,15,05,5C,1A,0B,02,
4490698,000001F1,false,Rx,0,8,A8,65,09,01,00,00,28,00,
4491049,000001F2,false,Rx,0,8,00,00,00,00,00,00,00,00,
4494508,00000383,false,Rx,0,8,5A,53,00,10,01,00,00,00,
4499804,00000448,false,Rx,0,8,DE,80,00,00,00,00,00,00,
4505045,00000061,false,Rx,0,8,C8,90,2F,00,00,00,00,00,
4505137,00000062,false,Rx,0,8,02,02,00,02,40,FF,00,FF,
4505575,00000063,false,Rx,0,8,00,00,05,00,00,08,FD,00,
4505657,00000064,false,Rx,0,8,00,00,00,04,FF,FA,00,00,
4505982,000000A1,false,Rx,0,8,0A,A2,2F,53,61,02,8A,00,
4506421,000000A2,false,Rx,0,8,00,00,00,00,00,00,00,00,
4506975,000000A3,false,Rx,0,8,00,40,01,00,00,00,00,00,
4508530,00000382,false,Rx,0,8,2B,FE,21,00,00,05,09,00,
4510569,000002BF,false,Rx,0,8,FF,FF,FF,00,00,00,00,00,
4510676,0000047F,false,Rx,0,8,F0,FC,FF,FF,FF,FF,FF,FF,
4511117,00000653,false,Rx,0,8,0A,19,03,01,02,2A,00,00,
4511524,00000236,false,Rx,0,8,04,55,A9,00,34,6C,AE,62,
4511931,000002FB,false,Rx,0,8,6F,D8,A9,04,72,1A,B4,B4,
4512020,00000237,false,Rx,0,8,00,15,47,00,00,1E,1B,00,
4512295,00000151,false,Rx,0,8,42,A2,A9,64,C8,00,28,18,
4512408,000001F6,false,Rx,0,8,09,7E,A9,00,00,00,00,0E,
4512619,00000152,false,Rx,0,8,14,17,17,00,51,00,00,00,
4512861,000001F7,false,Rx,0,8,26,00,DA,02,00,00,00,00,
4513103,00000153,false,Rx,0,8,00,00,00,00,00,00,00,00,
4513518,000001F8,false,Rx,0,8,00,5E,01,45,01,00,00,00,
4513615,00000154,false,Rx,0,8,00,00,00,00,00,00,00,00,
4513972,000001F9,false,Rx,0,8,4B,00,64,C8,14,00,4B,00,
4514317,000002FC,false,Rx,0,8,0E,00,14,18,00,00,8E,43,
4514690,00000238,false,Rx,0,8,00,00,72,00,00,00,00,00,
4515022,000002FD,false,Rx,0,8,00,00,00,00,00,1C,13,EA,
4515113,00000239,false,Rx,0,8,00,00,00,00,01,00,00,00,
4515392,000002FE,false,Rx,0,8,00,00,72,01,00,28,C8,02,
4515681,0000025B,false,Rx,0,8,78,9F,A9,40,40,20,00,00,
4515847,00000326,false,Rx,0,8,70,09,A9,00,00,00,00,00,
4515896,0000025C,false,Rx,0,8,00,00,26,00,B4,2C,19,00,
4516003,00000327,false,Rx,0,8,00,00,00,00,05,00,00,00,
4516252,00000121,false,Rx,0,8,ED,6F,95,00,00,00,00,05,
4516514,0000025D,false,Rx,0,8,00,C8,00,00,00,80,C0,70,
4516734,0000011B,false,Rx,0,8,BE,A1,59,05,80,08,28,02,
4516970,00000122,false,Rx,0,8,FF,D9,67,1F,46,47,46,45,
4517214,0000011C,false,Rx,0,8,00,05,20,00,22,00,01,01,
4517619,00000123,false,Rx,0,8,B6,02,00,00,00,00,01,00,
4517745,0000025E,false,Rx,0,8,04,07,0E,01,00,00,46,00,
4518024,00000124,false,Rx,0,8,00,00,0A,00,00,00,20,40,
4518711,00000328,false,Rx,0,8,DA,02,4B,00,00,5E,01,00,
4519059,0000012B,false,Rx,0,8,58,F1,59,06,00,00,08,00,
4519133,00000329,false,Rx,0,8,64,45,01,00,00,00,00,00,
4519421,0000012C,false,Rx,0,8,00,00,01,00,00,64,00,00,
4519598,00000331,false,Rx,0,8,53,AC,A9,F1,C8,A0,2C,97,
4519654,00000419,false,Rx,0,8,57,90,27,D5,39,87,90,00,
4519707,00000332,false,Rx,0,8,E8,08,FC,03,00,00,00,00,
4520086,00000333,false,Rx,0,8,00,00,00,1C,0C,40,20,64,
4520464,00000334,false,Rx,0,8,C8,00,00,00,08,44,F4,8F,
4523370,0000010B,false,Rx,0,8,CB,4E,9F,00,00,00,00,05,
4523788,0000010C,false,Rx,0,8,FF,F9,E7,1F,46,50,48,48,
4524113,0000010D,false,Rx,0,8,B5,02,00,00,00,00,01,00,
4524430,0000010E,false,Rx,0,8,00,00,1E,00,00,C0,AB,57,
4533000,000002FF,false,Rx,0,8,D4,CB,00,71,02,00,00,00,
4533093,00000316,false,Rx,0,8,DB,B3,FD,34,06,80,0A,00,
4533531,000001E6,false,Rx,0,8,FC,EA,52,02,00,00,00,00,
4533844,00000317,false,Rx,0,8,00,00,05,00,00,00,00,00,
4533936,000001E7,false,Rx,0,8,00,00,22,03,20,01,00,00,
4534227,00000472,false,Rx,0,8,5C,EC,00,40,08,41,00,45,
4534327,000001BB,false,Rx,0,8,D4,A8,52,02,00,00,00,0A,
4534887,00000091,false,Rx,0,8,14,B7,AC,16,06,00,00,00,
4535297,000001BC,false,Rx,0,8,32,00,00,00,02,00,00,00,
4535616,00000092,false,Rx,0,8,24,00,00,00,40,02,00,00,
4535907,000001BD,false,Rx,0,8,00,00,00,00,00,00,00,00,
4536212,00000093,false,Rx,0,8,00,00,00,00,00,00,00,00,
4536334,000002E6,false,Rx,0,8,B1,96,A8,01,00,00,00,15,
4536473,00000036,false,Rx,0,8,6C,08,B4,51,00,00,25,05,
4536526,000002E7,false,Rx,0,8,0A,00,00,00,00,00,00,00,
4536572,00000037,false,Rx,0,8,30,00,00,10,00,40,00,00,
4536786,0000019B,false,Rx,0,8,1F,18,AA,00,00,E4,00,00,
4536903,00000038,false,Rx,0,8,04,00,00,00,B0,39,96,D4,
4537158,0000019C,false,Rx,0,8,40,20,00,00,00,00,0B,09,
4537410,00000039,false,Rx,0,8,00,00,00,00,00,00,00,00,
4537639,0000019D,false,Rx,0,8,00,10,00,01,00,00,00,00,
4537898,00000094,false,Rx,0,8,00,00,00,00,00,00,00,00,
4538138,0000019E,false,Rx,0,8,15,00,00,00,00,32,00,00,
4538383,00000256,false,Rx,0,8,25,3E,A8,15,40,00,F0,00,
4538632,000002E8,false,Rx,0,8,00,00,00,00,00,00,00,00,
4539067,000000C5,false,Rx,1,8,00,00,00,00,00,00,00,00,
4539163,00000257,false,Rx,0,8,00,94,41,18,85,07,00,94,
4539206,000002E9,false,Rx,0,8,00,00,00,00,00,00,00,00,
4539253,00000244,false,Rx,1,8,FF,FF,FF,FF,FF,FF,FF,FF,
4539402,00000258,false,Rx,0,8,35,EE,1A,00,10,15,00,28,
4539804,000004B4,false,Rx,1,8,00,00,05,40,10,70,04,00,
4539887,00000259,false,Rx,0,8,5F,05,8D,3C,4C,02,00,00,
4540109,00000401,false,Rx,0,8,C6,10,10,00,00,04,00,00,
4540358,000004B5,false,Rx,1,8,08,00,F0,07,00,00,00,00,
4540425,00000473,false,Rx,0,8,5F,24,00,25,00,00,00,78,
4540784,000004B7,false,Rx,1,8,08,00,F0,07,00,00,00,00,
4540856,00000474,false,Rx,0,8,91,72,00,00,00,00,00,08,
4541273,000004CA,false,Rx,1,8,00,00,00,00,00,00,00,00,
4541346,00000384,false,Rx,0,8,BA,56,0D,01,00,FF,00,24,
4541782,000004CC,false,Rx,1,8,08,00,00,06,00,00,03,00,
4542237,000004CE,false,Rx,1,8,DE,01,00,00,00,00,F8,FF,
4542699,000004D7,false,Rx,1,8,23,01,00,00,00,00,00,00,
4543202,000004D8,false,Rx,1,8,41,10,F0,F0,40,F2,1E,CC,
4543664,000004DD,false,Rx,1,8,00,00,FE,00,04,00,00,00,
4544177,000004DF,false,Rx,1,8,00,00,08,00,00,00,00,00,
4544648,000004E7,false,Rx,1,8,00,30,00,00,00,00,69,00,
4545128,000004E8,false,Rx,1,8,FF,FF,FF,05,FF,FF,FF,00,
4545605,000004E9,false,Rx,1,8,12,00,00,34,00,00,50,00,
4546098,000004EA,false,Rx,1,8,67,00,00,89,00,00,00,00,
4546579,000004EB,false,Rx,1,8,02,80,15,05,80,00,00,00,
4547065,000004EC,false,Rx,1,8,00,00,00,00,00,00,00,00,
4547367,000004ED,false,Rx,1,8,00,00,00,00,00,FF,FF,1F,
4547648,000004EE,false,Rx,1,8,FF,FF,00,00,00,00,00,00,
4547900,000004EF,false,Rx,1,8,60,00,60,00,2B,14,00,00,
4548159,000004F0,false,Rx,1,8,4A,10,15,05,5C,1A,0B,02,
4548440,00000396,false,Rx,0,8,0D,72,54,0F,08,02,00,02,
4548514,000004F1,false,Rx,1,8,00,C0,00,00,00,00,00,00,
4548560,0000042A,false,Rx,0,8,8E,83,0C,02,00,10,00,00,
4548675,000004F2,false,Rx,1,8,02,FF,DD,FF,03,01,00,00,
4548833,00000397,false,Rx,0,8,1C,00,43,10,3F,07,00,00,
4549268,000004F3,false,Rx,1,8,00,00,00,00,30,00,00,00,
4549352,00000398,false,Rx,0,8,00,00,00,00,00,00,00,00,
4549855,000004F9,false,Rx,1,8,E0,FF,FF,FF,FF,FF,FF,FF,
4550393,000004FE,false,Rx,1,8,69,23,00,03,CF,00,48,A8,
4550936,0000063D,false,Rx,1,8,00,80,00,00,00,00,00,00,
4551130,0000063E,false,Rx,1,8,FF,FF,FF,FF,FF,FF,FF,FF,
4551714,0000063F,false,Rx,1,8,00,10,00,C4,FF,00,00,00,
4552044,00000640,false,Rx,1,8,FF,FF,FF,00,FF,FF,FF,00,
4552155,00000641,false,Rx,1,8,FF,FF,FF,FF,0F,FF,FF,FF,
4552225,00000646,false,Rx,1,8,00,00,00,80,01,00,00,00,
4552401,0000036F,false,Rx,0,8,30,A1,01,00,00,00,00,00,
4552504,0000037F,false,Rx,0,8,F4,10,52,24,41,02,00,00,
4552973,00000419,false,Rx,0,8,57,90,27,D5,39,87,90,00,
4553872,000001AB,false,Rx,0,8,FE,4E,E6,50,70,38,00,00,
4553968,000001AC,false,Rx,0,8,00,28,00,00,00,00,00,00,
4555099,00000061,false,Rx,0,8,B5,55,34,00,00,00,00,00,
4555214,00000062,false,Rx,0,8,02,02,00,02,40,FF,00,FF,
4555599,00000063,false,Rx,0,8,00,00,05,00,00,08,FD,00,
4555676,00000064,false,Rx,0,8,00,00,00,04,FF,FA,00,00,
4556117,000000A1,false,Rx,0,8,65,13,34,53,61,02,8A,00,
4556475,000000A2,false,Rx,0,8,00,00,00,00,00,00,00,00,
4556992,000000A3,false,Rx,0,8,00,40,01,00,00,00,00,00,
4558689,00000146,false,Rx,0,8,D0,4C,5C,10,04,05,00,00,
4558809,00000147,false,Rx,0,8,01,04,7D,00,40,48,07,00,
4559183,00000148,false,Rx,0,8,00,00,42,00,1E,89,40,05,
4559255,00000149,false,Rx,0,8,00,38,00,CC,00,00,00,00,
4564865,00000121,false,Rx,0,8,6C,1B,9A,00,00,00,00,05,
4564958,00000122,false,Rx,0,8,FF,D9,67,1F,46,47,46,45,
4565368,00000123,false,Rx,0,8,B6,02,00,00,00,00,01,00,
4565459,00000124,false,Rx,0,8,00,00,0A,00,00,00,20,40,
4566260,0000011B,false,Rx,0,8,21,C9,5E,05,80,08,28,02,
4566425,0000011C,false,Rx,0,8,00,05,20,00,22,00,01,01,
4566732,0000012B,false,Rx,0,8,C7,99,5E,06,00,00,08,00,
4566980,0000012C,false,Rx,0,8,00,00,01,00,00,64,00,00,
4567250,00000161,false,Rx,0,8,20,E8,2F,03,00,00,00,02,
4567476,000001E1,false,Rx,0,8,C4,05,46,02,00,00,00,00,
4567736,00000162,false,Rx,0,8,FF,FC,01,00,00,00,00,00,
4567956,000001B1,false,Rx,0,8,33,38,5C,00,72,00,00,00,
4568231,000001B2,false,Rx,0,8,23,00,04,B7,0F,08,50,10,
4568696,000001B3,false,Rx,0,8,10,33,37,00,5A,7B,6B,7D,
4569035,000001B4,false,Rx,0,8,65,7D,10,00,00,41,00,00,
4569374,000001E2,false,Rx,0,8,00,00,00,00,00,00,00,00,
4571505,000003B0,false,Rx,0,8,72,37,FF,C7,00,00,03,C0,
4572165,00000405,false,Rx,0,8,D2,10,00,00,00,01,00,00,
4572259,00000410,false,Rx,0,8,6A,60,57,3C,DE,6A,FF,FF,
4572741,00000411,false,Rx,0,8,04,D1,50,51,00,00,44,04,
4573121,00000412,false,Rx,0,8,CC,E0,00,00,00,00,00,00,
4573199,00000413,false,Rx,0,8,08,60,00,00,00,00,00,00,
4573534,0000010B,false,Rx,0,8,1D,12,A4,00,00,00,00,05,
4573940,00000414,false,Rx,0,8,41,70,00,00,28,00,00,00,
4574309,0000010C,false,Rx,0,8,FF,F9,E7,1F,46,50,48,48,
4574659,00000416,false,Rx,0,8,55,00,00,00,00,00,00,00,
4575204,0000010D,false,Rx,0,8,B5,02,00,00,00,00,01,00,
4575314,00000417,false,Rx,0,8,20,E0,00,00,00,00,00,00,
4575591,0000010E,false,Rx,0,8,00,00,1E,00,00,C0,AB,57,
4575791,00000418,false,Rx,0,8,07,C0,00,00,14,0C,00,00,
4577490,000001A1,false,Rx,0,8,C2,D0,2F,FE,F7,7F,64,00,
4577597,00000419,false,Rx,0,8,53,A0,27,D5,35,87,90,00,
4577933,000001A2,false,Rx,0,8,44,00,00,00,27,08,00,00,
4578040,000001A3,false,Rx,0,8,FF,F3,3F,00,00,00,00,00,
4578445,00000565,false,Rx,0,8,66,02,00,00,00,00,FF,FF,
4578805,000001A4,false,Rx,0,8,FE,07,00,00,00,00,00,00,
4581900,000003B2,false,Rx,0,8,36,15,FF,02,29,2F,34,00,
4585621,00000036,false,Rx,0,8,61,CE,B9,51,00,00,25,05,
4585725,00000037,false,Rx,0,8,30,00,00,10,00,40,00,00,
4586162,00000038,false,Rx,0,8,04,00,00,00,B0,39,96,D4,
4586483,00000039,false,Rx,0,8,00,00,00,00,00,00,00,00,
4586571,0000019B,false,Rx,0,8,60,34,AF,00,00,E4,00,00,
4586857,0000019C,false,Rx,0,8,40,20,00,00,00,00,0B,09,
4587065,0000019D,false,Rx,0,8,00,10,00,01,00,00,00,00,
4587616,0000019E,false,Rx,0,8,15,00,00,00,00,32,00,00,
4588412,00000380,false,Rx,0,8,96,92,03,08,08,08,08,01,
4590954,00000427,false,Rx,0,8,1D,86,FF,00,80,0A,00,00,
4605035,00000061,false,Rx,0,8,B8,93,39,00,00,00,00,00,
4605118,00000062,false,Rx,0,8,02,02,00,02,40,FF,00,FF,
4605540,00000063,false,Rx,0,8,00,00,05,00,00,08,FD,00,
4605620,00000064,false,Rx,0,8,00,00,00,04,FF,FA,00,00,
4605999,000000A1,false,Rx,0,8,53,50,39,53,61,02,8A,00,
4606367,000000A2,false,Rx,0,8,00,00,00,00,00,00,00,00,
4606447,000000A3,false,Rx,0,8,00,40,01,00,00,00,00,00,
4614872,00000121,false,Rx,0,8,E5,F1,9F,00,00,00,00,05,
4614964,00000122,false,Rx,0,8,FF,D9,67,1F,46,48,46,45,
4615378,00000123,false,Rx,0,8,B6,02,00,00,00,00,01,00,
4615474,00000124,false,Rx,0,8,00,00,0A,00,00,00,20,40,
4616519,0000011B,false,Rx,0,8,4C,95,63,05,80,08,28,02,
4616641,0000011C,false,Rx,0,8,00,05,20,00,22,00,01,01,
4617050,0000012B,false,Rx,0,8,AA,C5,63,06,00,00,08,00,
4617394,0000012C,false,Rx,0,8,00,00,01,00,00,64,00,00,
4617503,00000419,false,Rx,0,8,53,A0,27,D5,35,87,90,00,
4623365,0000010B,false,Rx,0,8,10,D4,A9,00,00,00,00,05,
4623460,0000010C,false,Rx,0,8,FF,F9,E7,1F,46,50,48,48,
4623893,0000010D,false,Rx,0,8,B5,02,00,00,00,00,01,00,
4623960,0000010E,false,Rx,0,8,00,00,1E,00,00,C0,AB,57,
4630842,00000487,false,Rx,1,8,00,00,00,00,00,00,00,00,
4630988,00000642,false,Rx,1,8,FF,FF,FF,FF,FF,FF,00,00,
4631315,00000645,false,Rx,1,8,C7,35,06,79,E0,32,56,00,
4633975,00000226,false,Rx,0,8,67,12,FB,FF,63,60,09,42,
4634124,00000227,false,Rx,0,8,02,94,00,09,03,F1,9F,03,
4634499,00000091,false,Rx,0,8,52,EE,AD,16,06,00,00,00,
4634628,00000092,false,Rx,0,8,24,00,00,00,40,02,00,00,
4635075,00000093,false,Rx,0,8,00,00,00,00,00,00,00,00,
4635409,00000094,false,Rx,0,8,00,00,00,00,00,00,00,00,
4635465,000003AA,false,Rx,0,8,FF,00,D0,00,54,00,00,00,
4635759,00000036,false,Rx,0,8,92,50,BE,51,00,00,25,05,
4636412,00000037,false,Rx,0,8,30,00,00,10,00,40,00,00,
4637047,00000038,false,Rx,0,8,04,00,00,00,B0,39,96,D4,
4637386,00000039,false,Rx,0,8,00,00,00,00,00,00,00,00,
4637493,0000019B,false,Rx,0,8,1D,F1,B4,00,00,E4,00,00,
4637749,0000019C,false,Rx,0,8,40,20,00,00,00,00,0B,09,
4638132,000002D6,false,Rx,0,8,18,5E,54,00,00,00,00,00,
4638459,0000019D,false,Rx,0,8,00,10,00,01,00,00,00,00,
4638806,000002D7,false,Rx,0,8,00,00,00,00,03,00,00,00,
4639160,0000019E,false,Rx,0,8,15,00,00,00,00,32,00,00,
4639427,000002D8,false,Rx,0,8,00,00,00,00,00,00,38,47,
4639522,000002EB,false,Rx,0,8,86,D7,54,07,08,01,00,02,
4639809,000002D9,false,Rx,0,8,00,00,00,00,00,00,00,00,
4639964,000002EC,false,Rx,0,8,02,00,CF,00,59,00,00,00,
4640017,000003B6,false,Rx,0,8,A9,37,54,00,00,00,00,46,
4640061,000002ED,false,Rx,0,8,00,00,00,00,00,00,00,00,
4640130,000003B7,false,Rx,0,8,46,00,00,00,00,00,00,00,
4640216,000001F1,false,Rx,0,8,5E,4D,0C,01,00,00,28,00,
4640371,000002EE,false,Rx,0,8,00,00,00,00,00,00,00,00,
4640424,000001F2,false,Rx,0,8,00,00,00,00,00,00,00,00,
4640640,000003B8,false,Rx,0,8,B2,02,00,00,00,00,69,0E,
4640877,00000495,false,Rx,0,8,49,00,00,00,00,00,00,00,
4641120,000003B9,false,Rx,0,8,00,00,00,00,00,00,00,00,
4646298,00000251,false,Rx,0,8,80,90,AA,00,00,00,00,00,
4646484,00000252,false,Rx,0,8,00,00,1B,1B,03,00,00,00,
4646771,00000253,false,Rx,0,8,00,00,00,58,58,00,80,4D,
4646997,000002AB,false,Rx,0,8,14,D7,AD,0C,0C,00,00,00,
4647278,000002AC,false,Rx,0,8,00,FF,FF,00,00,40,00,54,
4647555,000002AD,false,Rx,0,8,00,01,00,40,FF,FF,FF,0F,
4647817,000002AE,false,Rx,0,8,01,00,FF,3F,01,01,00,00,
4648087,000002B6,false,Rx,0,8,AE,F1,AD,01,00,00,00,40,
4648479,000002B7,false,Rx,0,8,9F,00,50,1C,00,04,00,00,
4648607,000003B1,false,Rx,0,8,C1,DE,00,80,00,00,20,00,
4648899,000002B8,false,Rx,0,8,FF,F8,10,00,00,00,00,00,
4649518,0000033B,false,Rx,0,8,4C,BD,AC,00,00,00,00,00,
4649883,000002B9,false,Rx,0,8,0A,00,00,00,00,00,00,00,
4649971,0000033C,false,Rx,0,8,00,00,00,00,F0,00,00,00,
4650267,000002C1,false,Rx,0,8,DF,91,57,21,00,41,00,D3,
4650623,0000033D,false,Rx,0,8,00,00,00,00,00,00,00,00,
4650734,000002C2,false,Rx,0,8,18,00,00,00,00,00,00,00,
4650808,0000033E,false,Rx,0,8,00,00,00,00,00,00,00,00,
4650855,000002C3,false,Rx,0,8,00,00,00,00,00,00,00,00,
4651100,00000356,false,Rx,0,8,EB,05,56,00,00,00,00,00,
4651310,000002C4,false,Rx,0,8,00,00,00,00,00,00,00,00,
4651669,00000357,false,Rx,0,8,00,00,00,00,00,4B,4D,48,
4651973,000002E1,false,Rx,0,8,28,BA,AD,00,00,00,00,40,
4652349,00000358,false,Rx,0,8,35,41,45,4D,52,37,33,4F,
4652659,000002E2,false,Rx,0,8,FD,00,00,00,00,14,00,04,
4652932,00000359,false,Rx,0,8,51,4F,34,52,4A,35,33,00,
4653037,000002E3,false,Rx,0,8,00,00,00,00,00,00,72,01,
4653112,0000036F,false,Rx,0,8,89,B1,01,00,00,00,00,00,
4653647,000002E4,false,Rx,0,8,02,00,00,00,00,00,00,00,
4654034,000001AB,false,Rx,0,8,8D,77,EB,50,70,38,00,00,
4654376,0000037F,false,Rx,0,8,22,20,52,24,41,02,00,00,
4654683,000001AC,false,Rx,0,8,00,28,00,00,00,00,00,00,
4654982,000003A1,false,Rx,0,8,DA,F0,3C,00,FF,FF,FF,FF,
4655283,000003A2,false,Rx,0,8,00,00,00,00,00,00,00,00,
4655425,00000061,false,Rx,0,8,4B,0D,3E,00,00,00,00,00,
4655477,00000062,false,Rx,0,8,02,02,00,02,40,FF,00,FF,
4655520,00000063,false,Rx,0,8,00,00,05,00,00,08,FD,00,
4655661,00000064,false,Rx,0,8,00,00,00,04,FF,FA,00,00,
4656031,000000A1,false,Rx,0,8,5A,D5,3E,53,61,02,8A,00,
4656702,000000A2,false,Rx,0,8,00,00,00,00,00,00,00,00,
4657001,000000A3,false,Rx,0,8,00,40,01,00,00,00,00,00,
4657390,00000419,false,Rx,0,8,53,A0,27,D5,35,87,90,00,
4658968,00000146,false,Rx,0,8,B3,D7,61,10,04,05,00,00,
4659080,00000147,false,Rx,0,8,01,04,7D,00,40,48,07,00,
4659353,00000148,false,Rx,0,8,00,00,42,00,1E,89,40,05,
4659440,00000149,false,Rx,0,8,00,38,00,CC,00,00,00,00,
4660096,00000111,false,Rx,0,8,F7,31,84,01,00,00,00,00,
4660682,00000112,false,Rx,0,8,00,00,00,00,00,00,00,00,
4661003,00000113,false,Rx,0,8,00,00,00,00,00,00,00,00,
4661093,00000114,false,Rx,0,8,00,00,00,00,00,00,00,00,
4664870,00000121,false,Rx,0,8,C5,6B,A4,00,00,00,00,05,
4664962,00000122,false,Rx,0,8,FF,D9,67,1F,46,47,46,45,
4665405,00000123,false,Rx,0,8,B6,02,00,00,00,00,01,00,
4665743,00000124,false,Rx,0,8,00,00,0A,00,00,00,20,40,
4666286,0000012B,false,Rx,0,8,62,3C,68,06,00,00,08,00,
4666443,0000012C,false,Rx,0,8,00,00,01,00,00,64,00,00,
4666770,0000011B,false,Rx,0,8,84,6C,68,05,80,08,28,02,
4666994,00000161,false,Rx,0,8,E2,32,34,03,00,00,00,02,
4667317,0000011C,false,Rx,0,8,00,05,20,00,22,00,01,01,
4667516,00000162,false,Rx,0,8,FF,FC,01,00,00,00,00,00,
4667922,000001B1,false,Rx,0,8,50,A3,61,00,72,00,00,00,
4668048,000001B2,false,Rx,0,8,23,00,04,B7,0F,08,50,10,
4668392,000001B3,false,Rx,0,8,10,33,37,00,5A,7B,6B,7D,
4668922,000001B4,false,Rx,0,8,65,7D,10,00,00,41,00,00,
4669022,000000FF,false,Rx,0,8,CB,10,00,00,00,00,02,00,
4669398,00000394,false,Rx,0,8,2A,22,1A,49,00,00,00,00,
4669624,000003C3,false,Rx,0,8,45,10,31,30,36,00,00,00,
4669909,000003E0,false,Rx,0,8,01,70,01,00,54,03,00,00,
4670746,000003E5,false,Rx,0,8,8E,90,01,00,00,00,00,00,
4671268,000004A3,false,Rx,1,8,80,00,48,0B,3E,00,00,00,
4671610,000003E6,false,Rx,0,8,7F,00,00,00,00,00,00,00,
4671964,000004A4,false,Rx,1,8,FF,FF,FF,00,00,00,00,00,
4672066,0000041A,false,Rx,0,8,95,40,12,00,00,00,00,00,
4672367,0000041B,false,Rx,0,8,60,30,00,00,00,00,00,00,
4672813,0000041C,false,Rx,0,8,E9,80,E0,00,00,00,00,00,
4673171,00000422,false,Rx,0,8,EA,C0,01,00,00,00,04,00,
4673302,00000432,false,Rx,0,8,03,20,02,00,00,00,00,00,
4673627,0000010B,false,Rx,0,8,E3,4A,AE,00,00,00,00,05,
4673946,0000010C,false,Rx,0,8,FF,F9,E7,1F,46,50,48,48,
4674206,0000010D,false,Rx,0,8,B5,02,00,00,00,00,01,00,
4674457,0000010E,false,Rx,0,8,00,00,1E,00,00,C0,AB,57,
4674869,00000435,false,Rx,0,8,9F,D0,00,40,00,00,00,00,
4675266,00000442,false,Rx,0,8,CE,20,11,81,00,00,00,00,
4675600,00000444,false,Rx,0,8,6C,30,20,50,55,50,00,00,
4675906,00000445,false,Rx,0,8,A9,E0,00,00,00,00,00,18,
4676036,00000464,false,Rx,0,8,B2,70,F0,FF,38,7F,05,00,
4676233,00000566,false,Rx,0,8,16,02,00,00,00,00,FF,FF,
4677773,000001A1,false,Rx,0,8,BF,15,34,FE,F7,7F,64,00,
4677885,000001A2,false,Rx,0,8,44,00,00,00,27,08,00,00,
4677938,000001A3,false,Rx,0,8,FF,F3,3F,00,00,00,00,00,
4678131,000001A4,false,Rx,0,8,FE,07,00,00,00,00,00,00,
4680472,0000030B,false,Rx,0,8,3D,F0,AC,00,04,00,00,00,
4680590,0000030C,false,Rx,0,8,00,00,0E,00,2C,00,A0,0F,
4681039,0000030D,false,Rx,0,8,00,00,00,00,43,00,00,00,
4681104,0000030E,false,Rx,0,8,00,00,18,05,21,00,00,0A,
4683148,000001E6,false,Rx,0,8,63,82,55,02,00,00,00,00,
4683263,000001BB,false,Rx,0,8,DD,2D,55,02,00,00,00,0A,
4683485,000001BC,false,Rx,0,8,32,00,00,00,02,00,00,00,
4683723,000001BD,false,Rx,0,8,00,00,00,00,00,00,00,00,
4683995,000001E7,false,Rx,0,8,00,00,22,03,20,01,00,00,
4685663,00000036,false,Rx,0,8,86,E8,C3,51,00,00,25,05,
4685778,00000037,false,Rx,0,8,30,00,00,10,00,40,00,00,
4686203,00000038,false,Rx,0,8,04,00,00,00,B0,39,96,D4,
4686550,00000039,false,Rx,0,8,00,00,00,00,00,00,00,00,
4686663,0000019B,false,Rx,0,8,10,37,B9,00,00,E4,00,00,
4686949,0000019C,false,Rx,0,8,40,20,00,00,00,00,0B,09,
4687122,0000019D,false,Rx,0,8,00,10,00,01,00,00,00,00,
4687208,0000019E,false,Rx,0,8,15,00,00,00,00,32,00,00,
4687691,000001FB,false,Rx,0,8,94,89,A4,00,00,00,00,00,
4688270,000001FC,false,Rx,0,8,00,00,00,00,00,00,00,00,
4688588,000001FD,false,Rx,0,8,00,1A,03,00,00,00,00,00,
4688688,000001FE,false,Rx,0,8,00,00,00,00,00,00,00,00,
4688945,00000475,false,Rx,0,8,12,00,00,00,00,00,00,00,
4689043,00000496,false,Rx,0,8,12,00,00,00,00,00,00,00,
4694455,00000383,false,Rx,0,8,5A,53,00,10,01,00,00,00,
4699812,00000448,false,Rx,0,8,DE,80,00,00,00,00,00,00,
4705055,00000061,false,Rx,0,8,5F,B5,43,00,00,00,00,00,
4705148,00000062,false,Rx,0,8,02,02,00,02,40,FF,00,FF,
4705559,00000063,false,Rx,0,8,00,00,05,00,00,08,FD,00,
4705658,00000064,false,Rx,0,8,00,00,00,04,FF,FA,00,00,
4705976,000000A1,false,Rx,0,8,F4,47,43,53,61,02,8A,00,
4706668,000000A2,false,Rx,0,8,00,00,00,00,00,00,00,00,
4707002,000000A3,false,Rx,0,8,00,40,01,00,00,00,00,00,
4708947,00000382,false,Rx,0,8,2B,FE,21,00,00,05,09,00,
4710601,000002BF,false,Rx,0,8,FF,FF,FF,00,00,00,00,00,
4710687,0000047F,false,Rx,0,8,F0,FC,FF,FF,FF,FF,FF,FF,
4711096,00000653,false,Rx,0,8,0A,19,03,01,02,2A,00,00,
4711534,00000236,false,Rx,0,8,88,E7,AB,00,34,6C,AE,62,
4712028,00000237,false,Rx,0,8,00,15,47,00,00,1E,1B,00,
4712392,00000151,false,Rx,0,8,CE,10,AB,64,C8,00,28,18,
4712471,00000238,false,Rx,0,8,00,00,72,00,00,00,00,00,
4712818,00000152,false,Rx,0,8,14,17,17,00,51,00,00,00,
4712984,000001F6,false,Rx,0,8,85,CC,AB,00,00,00,00,0E,
4713082,00000153,false,Rx,0,8,00,00,00,00,00,00,00,00,
4713308,000001F7,false,Rx,0,8,26,00,DA,02,00,00,00,00,
4713845,00000154,false,Rx,0,8,00,00,00,00,00,00,00,00,
4714189,000001F8,false,Rx,0,8,00,5E,01,45,01,00,00,00,
4714297,000002FB,false,Rx,0,8,E3,6A,AB,04,72,1A,B4,B4,
4714360,000001F9,false,Rx,0,8,4B,00,64,C8,14,00,4B,00,
4714409,000002FC,false,Rx,0,8,0E,00,14,18,00,00,8E,43,
4715092,00000239,false,Rx,0,8,00,00,00,00,01,00,00,00,
4715195,00000121,false,Rx,0,8,C8,AD,A9,00,00,00,00,05,
4715416,0000025B,false,Rx,0,8,0E,31,AB,40,40,20,00,00,
4715503,00000122,false,Rx,0,8,FF,D9,67,1F,46,47,46,45,
4715867,0000025C,false,Rx,0,8,00,00,26,00,B4,2C,19,00,
4716209,00000123,false,Rx,0,8,B6,02,00,00,00,00,01,00,
4716808,0000025D,false,Rx,0,8,00,C8,00,00,00,80,C0,70,
4717134,0000011B,false,Rx,0,8,72,44,6D,05,80,08,28,02,
4717196,00000124,false,Rx,0,8,00,00,0A,00,00,00,20,40,
4717403,0000011C,false,Rx,0,8,00,05,20,00,22,00,01,01,
4717522,0000012B,false,Rx,0,8,94,14,6D,06,00,00,08,00,
4717582,0000025E,false,Rx,0,8,03,07,0E,01,00,00,46,00,
4717762,0000012C,false,Rx,0,8,00,00,01,00,00,64,00,00,
4717835,000001E1,false,Rx,0,8,DE,7C,49,02,00,00,00,00,
4718275,000002FD,false,Rx,0,8,00,00,00,00,00,1C,13,EA,
4718506,000001E2,false,Rx,0,8,00,00,00,00,00,00,00,00,
4718834,000002FE,false,Rx,0,8,00,00,72,01,00,28,C8,02,
4719398,00000326,false,Rx,0,8,FC,BB,AB,00,00,00,00,00,
4719493,00000327,false,Rx,0,8,00,00,00,00,05,00,00,00,
4719701,00000328,false,Rx,0,8,DA,02,4B,00,00,5E,01,00,
4719829,00000329,false,Rx,0,8,64,45,01,00,00,00,00,00,
4719899,00000331,false,Rx,0,8,DF,1E,AB,F1,C8,A0,2C,97,
4720108,00000332,false,Rx,0,8,E8,08,FC,03,00,00,00,00,
4720434,00000333,false,Rx,0,8,00,00,00,1C,0C,40,20,64,
4720648,00000334,false,Rx,0,8,C8,00,00,00,08,44,F4,8F,
4723160,0000010B,false,Rx,0,8,2B,48,B3,00,00,00,00,05,
4723386,0000010C,false,Rx,0,8,FF,F9,E7,1F,46,50,48,48,
4723626,0000010D,false,Rx,0,8,B5,02,00,00,00,00,01,00,
4723879,0000010E,false,Rx,0,8,00,00,1E,00,00,C0,AB,57,
4732800,000002FF,false,Rx,0,8,D4,CB,00,71,02,00,00,00,
4732891,00000316,false,Rx,0,8,96,5B,FE,34,06,80,0A,00,
4733311,00000317,false,Rx,0,8,00,00,05,00,00,00,00,00,
4733399,00000472,false,Rx,0,8,5C,EC,00,40,08,41,00,45,
4733796,00000473,false,Rx,0,8,5F,24,00,25,00,00,00,78,
4734187,00000474,false,Rx,0,8,91,72,00,00,00,00,00,08,
4734382,00000091,false,Rx,0,8,98,05,AE,16,06,00,00,00,
4735031,000002E6,false,Rx,0,8,3D,24,AA,01,00,00,00,15,
4735390,00000092,false,Rx,0,8,24,00,00,00,40,02,00,00,
4735472,000002E7,false,Rx,0,8,0A,00,00,00,00,00,00,00,
4735787,00000093,false,Rx,0,8,00,00,00,00,00,00,00,00,
4736119,000002E8,false,Rx,0,8,00,00,00,00,00,00,00,00,
4736328,00000036,false,Rx,0,8,3E,E9,C8,51,00,00,25,05,
4736385,000002E9,false,Rx,0,8,00,00,00,00,00,00,00,00,
4736455,00000037,false,Rx,0,8,30,00,00,10,00,40,00,00,
4736766,00000038,false,Rx,0,8,04,00,00,00,B0,39,96,D4,
4736837,0000019B,false,Rx,0,8,E3,A9,BE,00,00,E4,00,00,
4737102,00000039,false,Rx,0,8,00,00,00,00,00,00,00,00,
4737493,0000019C,false,Rx,0,8,40,20,00,00,00,00,0B,09,
4738116,00000094,false,Rx,0,8,00,00,00,00,00,00,00,00,
4738224,0000019D,false,Rx,0,8,00,10,00,01,00,00,00,00,
4738511,00000256,false,Rx,0,8,48,C5,AA,15,40,00,00,01,
4738838,0000019E,false,Rx,0,8,15,00,00,00,00,32,00,00,
4738920,00000257,false,Rx,0,8,00,94,41,1A,85,07,00,94,
4739101,00000258,false,Rx,0,8,35,EF,1A,00,10,15,00,28,
4739158,00000259,false,Rx,0,8,65,05,8E,3C,4C,02,00,00,
4740147,00000401,false,Rx,0,8,C6,10,10,00,00,04,00,00,
4741130,000000C5,false,Rx,1,8,00,00,00,00,00,00,00,00,
4741548,00000244,false,Rx,1,8,FF,FF,FF,FF,FF,FF,FF,FF,
4741614,00000384,false,Rx,0,8,BA,56,0D,01,00,FF,00,24,
4741727,000003E4,false,Rx,1,8,FE,00,00,00,00,00,00,00,
4742208,0000041F,false,Rx,1,8,00,0C,00,00,00,00,00,00,
4742750,000004B4,false,Rx,1,8,00,00,05,40,10,70,04,00,
4743627,000004B5,false,Rx,1,8,08,00,F0,07,00,00,00,00,
4744123,000004B7,false,Rx,1,8,08,00,F0,07,00,00,00,00,
4744345,000004CA,false,Rx,1,8,00,00,00,00,00,00,00,00,
4744428,000004CC,false,Rx,1,8,08,00,00,06,00,00,03,00,
4744521,000004CE,false,Rx,1,8,DE,01,00,00,00,00,F8,FF,
4744764,000004D7,false,Rx,1,8,23,01,00,00,00,00,00,00,
4745007,000004D8,false,Rx,1,8,41,10,F0,F0,40,F2,1E,CC,
4745238,000004DD,false,Rx,1,8,00,00,FE,00,04,00,00,00,
4745481,000004DF,false,Rx,1,8,00,00,08,00,00,00,00,00,
4745763,000004E7,false,Rx,1,8,00,30,00,00,00,00,69,00,
4746039,000004E8,false,Rx,1,8,FF,FF,FF,05,FF,FF,FF,00,
4746309,000004E9,false,Rx,1,8,12,00,00,34,00,00,50,00,
4746577,000004EA,false,Rx,1,8,67,00,00,89,00,00,00,00,
4746850,000004EB,false,Rx,1,8,02,80,15,05,80,00,00,00,
4747101,000004EC,false,Rx,1,8,00,00,00,00,00,00,00,00,
4747369,000004ED,false,Rx,1,8,00,00,00,00,00,FF,FF,1F,
4747632,000004EE,false,Rx,1,8,FF,FF,00,00,00,00,00,00,
4747897,000004EF,false,Rx,1,8,60,00,60,00,2B,14,00,00,
4748235,00000396,false,Rx,0,8,13,2F,55,0F,08,01,00,02,
4748330,0000063D,false,Rx,1,8,00,80,00,00,00,00,00,00,
4748418,0000063E,false,Rx,1,8,FF,FF,FF,FF,FF,FF,FF,FF,
4748613,00000397,false,Rx,0,8,31,00,43,10,3F,07,00,00,
4748955,0000042A,false,Rx,0,8,8E,83,0C,02,00,10,00,00,
4749055,0000063F,false,Rx,1,8,00,10,00,C4,FF,00,00,00,
4749102,00000398,false,Rx,0,8,00,00,00,00,00,00,00,00,
4749205,00000640,false,Rx,1,8,FF,FF,FF,00,FF,FF,FF,00,
4749681,00000641,false,Rx,1,8,FF,FF,FF,FF,0F,FF,FF,FF,
4750158,00000646,false,Rx,1,8,00,00,00,80,01,00,00,00,
4752115,0000036F,false,Rx,0,8,81,C1,01,00,00,00,00,00,
4752240,0000037F,false,Rx,0,8,9B,30,52,24,41,02,00,00,
4753969,000001AB,false,Rx,0,8,4F,AD,F0,50,70,38,00,00,
4754073,000001AC,false,Rx,0,8,00,28,00,00,00,00,00,00,
4754976,00000061,false,Rx,0,8,E7,B4,48,00,00,00,00,00,
4755151,00000062,false,Rx,0,8,02,02,00,02,40,FF,00,FF,
4755477,00000063,false,Rx,0,8,00,00,05,00,00,08,FD,00,
4756010,00000064,false,Rx,0,8,00,00,00,04,FF,FA,00,00,
4756336,000000A1,false,Rx,0,8,C8,B6,48,53,61,02,8A,00,
4756400,000000A2,false,Rx,0,8,00,00,00,00,00,00,00,00,
4756468,000000A3,false,Rx,0,8,00,40,01,00,00,00,00,00,
4758680,00000146,false,Rx,0,8,B6,9C,66,10,04,05,00,00,
4758768,00000147,false,Rx,0,8,01,04,7D,00,40,49,07,00,
4759201,00000148,false,Rx,0,8,00,00,42,00,1E,89,40,05,
4759289,00000149,false,Rx,0,8,00,38,00,CC,00,00,00,00,
4764938,00000121,false,Rx,0,8,CD,F5,AE,00,00,00,00,05,
4765038,00000122,false,Rx,0,8,FF,D9,67,1F,46,48,46,45,
4765488,00000123,false,Rx,0,8,B6,02,00,00,00,00,01,00,
4765810,00000124,false,Rx,0,8,00,00,0A,00,00,00,20,40,
4766303,0000011B,false,Rx,0,8,62,1E,72,05,80,08,28,02,
4766659,0000011C,false,Rx,0,8,00,05,20,00,22,00,01,01,
4766940,0000012B,false,Rx,0,8,84,4E,72,06,00,00,08,00,
4767038,0000012C,false,Rx,0,8,00,00,01,00,00,64,00,00,
4767454,00000161,false,Rx,0,8,91,0B,39,03,00,00,00,02,
4767515,000001B1,false,Rx,0,8,A3,3D,66,00,72,00,00,00,
4767766,00000162,false,Rx,0,8,FF,FC,01,00,00,00,00,00,
4767971,000001B2,false,Rx,0,8,23,00,04,B7,0F,08,50,10,
4768231,000001B3,false,Rx,0,8,10,33,37,00,5A,7B,6B,7D,
4768450,000001B4,false,Rx,0,8,65,7D,10,00,00,41,00,00,
4771375,000003B0,false,Rx,0,8,72,37,FF,C7,00,00,03,C0,
4772086,00000405,false,Rx,0,8,D2,10,00,00,00,01,00,00,
4772534,00000410,false,Rx,0,8,6A,60,57,3C,DE,6A,FF,FF,
4772710,00000411,false,Rx,0,8,04,D1,50,51,00,00,44,04,
4773026,00000412,false,Rx,0,8,CC,E0,00,00,00,00,00,00,
4773476,0000010B,false,Rx,0,8,93,49,B8,00,00,00,00,05,
4773862,00000413,false,Rx,0,8,08,60,00,00,00,00,00,00,
4773989,0000010C,false,Rx,0,8,FF,F9,E7,1F,46,50,48,48,
4774309,00000414,false,Rx,0,8,41,70,00,00,28,00,00,00,
4774568,0000010D,false,Rx,0,8,B5,02,00,00,00,00,01,00,
4774822,00000416,false,Rx,0,8,55,00,00,00,00,00,00,00,
4774923,0000010E,false,Rx,0,8,00,00,1E,00,00,C0,AB,57,
4774979,00000417,false,Rx,0,8,20,E0,00,00,00,00,00,00,
4775578,00000418,false,Rx,0,8,07,C0,00,00,14,0C,00,00,
4775955,00000516,false,Rx,0,8,61,02,00,00,00,00,FF,FF,
4776281,00000419,false,Rx,0,8,53,A0,27,D5,35,87,90,00,
4777578,000001A1,false,Rx,0,8,B2,D3,39,FE,F7,7F,64,00,
4777663,000001A2,false,Rx,0,8,44,00,00,00,27,08,00,00,
4777798,000001A3,false,Rx,0,8,FF,F3,3F,00,00,00,00,00,
4778045,000001A4,false,Rx,0,8,FE,07,00,00,00,00,00,00,
4781511,000003B2,false,Rx,0,8,36,15,FF,02,29,2F,34,00,
4785647,00000036,false,Rx,0,8,41,C5,CD,51,00,00,25,05,
4785741,00000037,false,Rx,0,8,30,00,00,10,00,40,00,00,
4786157,00000038,false,Rx,0,8,04,00,00,00,B0,39,96,D4,
4786242,00000039,false,Rx,0,8,00,00,00,00,00,00,00,00,
4786577,0000019B,false,Rx,0,8,F7,11,C3,00,00,E4,00,00,
4786875,0000019C,false,Rx,0,8,40,20,00,00,00,00,0B,09,
4787232,0000019D,false,Rx,0,8,00,10,00,01,00,00,00,00,
4787348,0000019E,false,Rx,0,8,15,00,00,00,00,32,00,00,
4788557,00000380,false,Rx,0,8,96,92,03,08,08,08,08,01,
4789956,000001F1,false,Rx,0,8,13,A5,0F,01,00,00,28,00,
4790055,000001F2,false,Rx,0,8,00,00,00,00,00,00,00,00,
4790492,00000427,false,Rx,0,8,1D,86,FF,00,80,0A,00,00,
4805037,00000061,false,Rx,0,8,98,98,4D,00,00,00,00,00,
4805119,00000062,false,Rx,0,8,02,02,00,02,40,FF,00,FF,
4805594,00000063,false,Rx,0,8,00,00,05,00,00,08,FD,00,
4805889,00000064,false,Rx,0,8,00,00,00,04,FF,FA,00,00,
4806193,000000A1,false,Rx,0,8,C7,5D,4D,53,61,02,8A,00,
4806303,000000A2,false,Rx,0,8,00,00,00,00,00,00,00,00,
4806448,000000A3,false,Rx,0,8,00,40,01,00,00,00,00,00,
4814942,00000121,false,Rx,0,8,F3,31,B3,00,00,00,00,05,
4815035,00000122,false,Rx,0,8,FF,D9,67,1F,46,47,46,45,
4815443,00000123,false,Rx,0,8,B6,02,00,00,00,00,01,00,
4815534,00000124,false,Rx,0,8,00,00,0A,00,00,00,20,40,
4817173,0000011B,false,Rx,0,8,94,36,77,05,80,08,28,02,
4817279,0000012B,false,Rx,0,8,72,66,77,06,00,00,08,00,
4817664,0000011C,false,Rx,0,8,00,05,20,00,22,00,01,01,
4817739,0000012C,false,Rx,0,8,00,00,01,00,00,64,00,00,
4823364,0000010B,false,Rx,0,8,EC,65,BD,00,00,00,00,05,
4823457,0000010C,false,Rx,0,8,FF,F9,E7,1F,46,50,48,48,
4823886,0000010D,false,Rx,0,8,B5,02,00,00,00,00,01,00,
4823958,0000010E,false,Rx,0,8,00,00,1E,00,00,C0,AB,57,
4832442,00000487,false,Rx,1,8,00,00,00,00,00,00,00,00,
4832684,00000226,false,Rx,0,8,DC,D2,FD,FF,63,60,09,42,
4832751,00000642,false,Rx,1,8,FF,FF,FF,FF,FF,FF,00,00,
4832829,00000227,false,Rx,0,8,02,94,00,09,03,F1,9F,03,
4833269,000001E6,false,Rx,0,8,10,BB,58,02,00,00,00,00,
4833660,000001BB,false,Rx,0,8,EB,6E,58,02,00,00,00,0A,
4834016,000001BC,false,Rx,0,8,32,00,00,00,02,00,00,00,
4834128,000001BD,false,Rx,0,8,00,00,00,00,00,00,00,00,
4834934,000001E7,false,Rx,0,8,00,00,22,03,20,01,00,00,
4835078,00000091,false,Rx,0,8,F9,4D,AF,16,06,00,00,00,
4835377,00000092,false,Rx,0,8,25,00,00,00,50,02,00,00,
4835677,00000093,false,Rx,0,8,00,00,00,00,00,00,00,00,
4835920,000003AA,false,Rx,0,8,FF,00,D0,00,54,00,00,00,
4836031,00000094,false,Rx,0,8,00,00,00,00,00,00,00,00,
4836087,00000036,false,Rx,0,8,05,75,D2,51,00,00,25,05,
4836404,00000037,false,Rx,0,8,30,00,00,10,00,40,00,00,
4836753,00000038,false,Rx,0,8,04,00,00,00,B0,39,96,D4,
4837112,0000019B,false,Rx,0,8,4F,10,C8,00,00,E4,00,00,
4837407,00000039,false,Rx,0,8,00,00,00,00,00,00,00,00,
4837671,0000019C,false,Rx,0,8,40,20,00,00,00,00,0B,09,
4837757,000002D6,false,Rx,0,8,5E,07,55,00,00,00,00,00,
4838065,0000019D,false,Rx,0,8,00,10,00,01,00,00,00,00,
4838368,000002D7,false,Rx,0,8,00,00,00,00,03,00,00,00,
4838702,0000019E,false,Rx,0,8,15,00,00,00,00,32,00,00,
4839078,000002D8,false,Rx,0,8,00,00,00,00,00,00,38,47,
4839360,000002EB,false,Rx,0,8,67,B3,55,07,08,01,00,02,
4839444,000002D9,false,Rx,0,8,00,00,00,00,00,00,00,00,
4839599,000002EC,false,Rx,0,8,07,00,CF,00,59,00,00,00,
4839663,000003B6,false,Rx,0,8,EF,6E,55,00,00,00,00,46,
4839724,000002ED,false,Rx,0,8,00,00,00,00,00,00,00,00,
4840012,000003B7,false,Rx,0,8,46,00,00,00,00,00,00,00,
4840120,000002EE,false,Rx,0,8,00,00,00,00,00,00,00,00,
4840360,000003B8,false,Rx,0,8,B2,02,00,00,00,00,69,0E,
4840567,00000495,false,Rx,0,8,49,00,00,00,00,00,00,00,
4840800,000003B9,false,Rx,0,8,00,00,00,00,00,00,00,00,
4842742,000004E8,false,Rx,1,8,FF,FF,FF,05,FF,FF,FF,00,
4843073,00000643,false,Rx,1,8,00,FC,FF,FF,FF,FF,03,00,
4846456,00000251,false,Rx,0,8,8A,22,AC,00,00,00,00,00,
4846566,00000252,false,Rx,0,8,00,00,1B,1B,03,00,00,00,
4846867,00000253,false,Rx,0,8,00,00,00,58,58,00,80,4D,
4847041,000002AB,false,Rx,0,8,98,65,AF,0C,0C,00,00,00,
4847311,000002AC,false,Rx,0,8,00,FF,FF,00,00,40,00,54,
4847672,000002AD,false,Rx,0,8,00,01,00,40,FF,FF,FF,0F,
4847914,000002AE,false,Rx,0,8,01,00,FF,3F,01,01,00,00,
4848176,000002B6,false,Rx,0,8,22,43,AF,01,00,00,00,40,
4848407,000003B1,false,Rx,0,8,C1,DE,00,80,00,00,20,00,
4848662,000002B7,false,Rx,0,8,9F,00,50,1C,00,04,00,00,
4848902,0000033B,false,Rx,0,8,C0,0F,AE,00,00,00,00,00,
4849142,000002B8,false,Rx,0,8,FF,F8,10,00,00,00,00,00,
4849408,0000033C,false,Rx,0,8,00,00,00,00,F0,00,00,00,
4849803,000002B9,false,Rx,0,8,0A,00,00,00,00,00,00,00,
4849907,0000033D,false,Rx,0,8,00,00,00,00,00,00,00,00,
4850359,000002C1,false,Rx,0,8,5E,E5,58,21,00,41,00,D3,
4850726,0000033E,false,Rx,0,8,00,00,00,00,00,00,00,00,
4851049,000002C2,false,Rx,0,8,18,00,00,00,00,00,00,00,
4851334,00000356,false,Rx,0,8,AD,5C,57,00,00,00,00,00,
4851405,000002C3,false,Rx,0,8,00,00,00,00,00,00,00,00,
4851528,00000357,false,Rx,0,8,00,00,00,00,00,4B,4D,48,
4851615,000002C4,false,Rx,0,8,00,00,00,00,00,00,00,00,
4852360,00000358,false,Rx,0,8,35,41,45,4D,52,37,33,4F,
4852750,000002E1,false,Rx,0,8,A4,08,AF,00,00,00,00,40,
4853063,00000359,false,Rx,0,8,51,4F,34,52,4A,35,33,00,
4853333,000002E2,false,Rx,0,8,FD,00,00,00,00,14,00,04,
4853426,0000036F,false,Rx,0,8,38,D1,01,00,00,00,00,00,
4853714,000002E3,false,Rx,0,8,00,00,00,00,00,00,72,01,
4853772,000001AB,false,Rx,0,8,B9,85,F5,50,70,38,00,00,
4854057,000002E4,false,Rx,0,8,02,00,00,00,00,00,00,00,
4854363,000001AC,false,Rx,0,8,00,28,00,00,00,00,00,00,
4854739,0000037F,false,Rx,0,8,93,40,52,24,41,02,00,00,
4855051,00000445,false,Rx,0,8,BF,00,00,00,00,04,00,18,
4855337,000003A1,false,Rx,0,8,FE,58,3D,00,FF,FF,FF,FF,
4855626,000003A2,false,Rx,0,8,00,00,00,00,00,00,00,00,
4855738,00000061,false,Rx,0,8,DC,28,52,00,00,00,00,00,
4856030,00000062,false,Rx,0,8,02,02,00,02,40,FF,00,FF,
4856328,00000063,false,Rx,0,8,00,00,05,00,00,08,FD,00,
4856676,00000064,false,Rx,0,8,00,00,00,04,FF,FA,00,00,
4857015,000000A1,false,Rx,0,8,A4,30,52,53,61,02,8A,00,
4857291,000000A2,false,Rx,0,8,00,00,00,00,00,00,00,00,
4857410,000000A3,false,Rx,0,8,00,40,01,00,00,00,00,00,
4858749,00000146,false,Rx,0,8,4D,8F,6B,10,04,05,00,00,
4859319,00000147,false,Rx,0,8,01,04,7D,00,40,48,07,00,
4859395,00000148,false,Rx,0,8,00,00,42,00,1E,89,40,05,
4859677,00000149,false,Rx,0,8,00,38,00,CC,00,00,00,00,
4860310,00000111,false,Rx,0,8,B1,68,85,01,00,00,00,00,
4860413,00000112,false,Rx,0,8,00,00,00,00,00,00,00,00,
4860732,00000113,false,Rx,0,8,00,00,00,00,00,00,00,00,
4861313,00000114,false,Rx,0,8,00,00,00,00,00,00,00,00,
4864873,00000121,false,Rx,0,8,4B,30,B8,00,00,00,00,05,
4864968,00000122,false,Rx,0,8,FF,D9,67,1F,46,47,46,45,
4865391,00000123,false,Rx,0,8,B6,02,00,00,00,00,01,00,
4865475,00000124,false,Rx,0,8,00,00,0A,00,00,00,20,40,
4866380,0000011B,false,Rx,0,8,5C,CF,7C,05,80,08,28,02,
4866855,0000011C,false,Rx,0,8,00,05,20,00,22,00,01,01,
4866950,0000012B,false,Rx,0,8,BA,9F,7C,06,00,00,08,00,
4867014,0000012C,false,Rx,0,8,00,00,01,00,00,64,00,00,
4867456,00000161,false,Rx,0,8,0E,63,3E,03,00,00,00,02,
4867773,000001E1,false,Rx,0,8,28,54,4C,02,00,00,00,00,
4868049,00000162,false,Rx,0,8,FF,FC,01,00,00,00,00,00,
4868132,000001B1,false,Rx,0,8,AE,FB,6B,00,72,00,00,00,
4868674,000001B2,false,Rx,0,8,23,00,04,B7,0F,08,50,10,
4868766,000000FF,false,Rx,0,8,CB,10,00,00,00,00,02,00,
4868819,000001B3,false,Rx,0,8,10,33,37,00,5A,7B,6B,7D,
4868973,000001B4,false,Rx,0,8,65,7D,10,00,00,41,00,00,
4869223,00000394,false,Rx,0,8,2A,22,1A,49,00,00,00,00,
4869453,000001E2,false,Rx,0,8,00,00,00,00,00,00,00,00,
4869687,000003C3,false,Rx,0,8,45,10,31,30,36,00,00,00,
4869951,000003E0,false,Rx,0,8,01,70,01,00,54,03,00,00,
4870458,000003E5,false,Rx,0,8,8E,90,01,00,00,00,00,00,
4871034,000003E6,false,Rx,0,8,7F,00,00,00,00,00,00,00,
4871390,0000041A,false,Rx,0,8,95,40,12,00,00,00,00,00,
4871477,0000041B,false,Rx,0,8,60,30,00,00,00,00,00,00,
4871778,0000041C,false,Rx,0,8,E9,80,E0,00,00,00,00,00,
4871998,00000422,false,Rx,0,8,EA,C0,01,00,00,00,04,00,
4873143,000004A3,false,Rx,1,8,80,00,48,0B,3E,00,00,00,
4873517,00000432,false,Rx,0,8,03,20,02,00,00,00,00,00,
4873858,000004A4,false,Rx,1,8,FF,FF,FF,00,00,00,00,00,
4874202,0000010B,false,Rx,0,8,74,6F,C2,00,00,00,00,05,
4874314,0000010C,false,Rx,0,8,FF,F9,E7,1F,46,50,48,48,
4874369,00000435,false,Rx,0,8,9F,D0,00,40,00,00,00,00,
4874412,0000010D,false,Rx,0,8,B5,02,00,00,00,00,01,00,
4874464,00000442,false,Rx,0,8,CE,20,11,81,00,00,00,00,
4874623,0000010E,false,Rx,0,8,00,00,1E,00,00,C0,AB,57,
4874820,00000444,false,Rx,0,8,6C,30,20,50,55,50,00,00,
4875354,00000464,false,Rx,0,8,B2,70,F0,FF,38,7F,05,00,
4877403,00000561,false,Rx,0,8,63,02,00,00,00,00,FF,FF,
4877724,000001A1,false,Rx,0,8,41,4D,3E,FE,F7,7F,64,00,
4877927,000001A2,false,Rx,0,8,44,00,00,00,27,08,00,00,
4878018,000001A3,false,Rx,0,8,FF,F3,3F,00,00,00,00,00,
4878074,000001A4,false,Rx,0,8,FE,07,00,00,00,00,00,00,
4880434,0000030B,false,Rx,0,8,D2,01,AE,00,04,00,00,00,
4880546,0000030C,false,Rx,0,8,00,00,0E,00,2C,00,A0,0F,
4880930,0000030D,false,Rx,0,8,00,00,00,00,43,00,00,00,
4881011,0000030E,false,Rx,0,8,00,00,18,05,21,00,00,1A,
4883806,000004E8,false,Rx,1,8,FF,FF,FF,05,FF,FF,FF,00,
4885574,00000036,false,Rx,0,8,7A,59,D7,51,00,00,25,05,
4885720,00000037,false,Rx,0,8,30,00,00,10,00,40,00,00,
4885935,00000038,false,Rx,0,8,04,00,00,00,B0,39,96,D4,
4886190,00000039,false,Rx,0,8,00,00,00,00,00,00,00,00,
4886427,0000019B,false,Rx,0,8,30,3C,CD,00,00,E4,00,00,
4886680,0000019C,false,Rx,0,8,40,20,00,00,00,00,0B,09,
4886961,0000019D,false,Rx,0,8,00,10,00,01,00,00,00,00,
4887214,0000019E,false,Rx,0,8,15,00,00,00,00,32,00,00,
4887453,000001FB,false,Rx,0,8,18,3B,A6,00,00,00,00,00,
4887721,000001FC,false,Rx,0,8,00,00,00,00,00,00,00,00,
4887984,000001FD,false,Rx,0,8,00,1A,03,00,00,00,00,00,
4888233,000001FE,false,Rx,0,8,00,00,00,00,00,00,00,00,
4888478,00000475,false,Rx,0,8,12,00,00,00,00,00,00,00,
4888724,00000445,false,Rx,0,8,BF,00,00,00,00,04,00,18,
4888968,00000496,false,Rx,0,8,12,00,00,00,00,00,00,00,
4894444,00000383,false,Rx,0,8,5A,53,00,10,01,00,00,00,
4899822,00000448,false,Rx,0,8,DE,80,00,00,00,00,00,00,
4905065,00000061,false,Rx,0,8,A3,04,57,00,00,00,00,00,
4905166,00000062,false,Rx,0,8,02,02,00,02,40,FF,00,FF,
4905570,00000063,false,Rx,0,8,00,00,05,00,00,08,FD,00,
4905666,00000064,false,Rx,0,8,00,00,00,04,FF,FA,00,00,
4906036,000000A1,false,Rx,0,8,AB,DB,57,53,61,02,8A,00,
4906265,000000A2,false,Rx,0,8,00,00,00,00,00,00,00,00,
4906433,000000A3,false,Rx,0,8,00,40,01,00,00,00,00,00,
4908432,00000382,false,Rx,0,8,2B,FE,21,00,00,05,09,00,
4910638,000002BF,false,Rx,0,8,FF,FF,FF,00,00,00,00,00,
4910756,0000047F,false,Rx,0,8,F0,FC,FF,FF,FF,FF,FF,FF,
4911109,00000653,false,Rx,0,8,0A,19,03,01,02,2A,00,00,
4911601,00000236,false,Rx,0,8,3D,20,AD,00,34,6C,AE,62,
4911973,000002FB,false,Rx,0,8,37,01,AD,04,72,1A,B4,B4,
4912059,00000237,false,Rx,0,8,00,15,47,00,00,1E,1B,00,
4912423,00000151,false,Rx,0,8,7B,D7,AD,64,C8,00,28,18,
4912714,00000238,false,Rx,0,8,00,00,72,00,00,00,00,00,
4913042,00000152,false,Rx,0,8,14,17,17,00,51,00,00,00,
4913399,000001F6,false,Rx,0,8,30,0B,AD,00,00,00,00,0E,
4913720,00000153,false,Rx,0,8,00,00,00,00,00,00,00,00,
4914005,000001F7,false,Rx,0,8,26,00,DA,02,00,00,00,00,
4914316,00000154,false,Rx,0,8,00,00,00,00,00,00,00,00,
4914429,000001F8,false,Rx,0,8,00,5E,01,45,01,00,00,00,
4914700,000002FC,false,Rx,0,8,0F,00,14,18,00,00,8E,43,
4914979,000001F9,false,Rx,0,8,4B,00,64,C8,14,00,4B,00,
4915075,000002FD,false,Rx,0,8,00,00,00,00,00,1C,13,EA,
4915396,00000239,false,Rx,0,8,00,00,00,00,01,00,00,00,
4915742,000002FE,false,Rx,0,8,00,00,72,01,00,28,C8,02,
4916012,0000025B,false,Rx,0,8,FE,99,AD,40,40,20,00,00,
4916176,00000326,false,Rx,0,8,49,7C,AD,00,00,00,00,00,
4916253,0000025C,false,Rx,0,8,00,00,26,00,B4,2C,19,00,
4916304,00000327,false,Rx,0,8,00,00,00,00,05,00,00,00,
4916660,0000012B,false,Rx,0,8,8E,47,81,06,00,00,08,00,
4917007,0000025D,false,Rx,0,8,00,C8,00,00,00,80,C0,70,
4917330,0000011B,false,Rx,0,8,68,17,81,05,80,08,28,02,
4917673,00000121,false,Rx,0,8,C2,DA,BD,00,00,00,00,05,
4917767,0000011C,false,Rx,0,8,00,05,20,00,22,00,01,01,
4918073,00000122,false,Rx,0,8,FF,D9,67,1F,46,48,46,45,
4918355,0000025E,false,Rx,0,8,02,07,0E,01,00,00,46,00,
4918726,00000123,false,Rx,0,8,B6,02,00,00,00,00,01,00,
4919085,00000328,false,Rx,0,8,DA,02,4B,00,00,5E,01,00,
4919433,00000124,false,Rx,0,8,00,00,0A,00,00,00,20,40,
4919751,00000329,false,Rx,0,8,64,45,01,00,00,00,00,00,
4920055,0000012C,false,Rx,0,8,00,00,01,00,00,64,00,00,
4920279,00000331,false,Rx,0,8,6A,D9,AD,F1,C8,A0,2C,97,
4920340,00000332,false,Rx,0,8,E8,08,FC,03,00,00,00,00,
4920386,00000333,false,Rx,0,8,00,00,00,1C,0C,40,20,64,
4920688,00000334,false,Rx,0,8,C8,00,00,00,08,44,F4,8F,
4921768,00000415,false,Rx,0,8,40,13,10,00,08,01,00,00,
4923244,000004E8,false,Rx,1,8,FF,FF,FF,05,FF,FF,FF,00,
4923564,0000010B,false,Rx,0,8,0B,43,C7,00,00,00,00,05,
4923885,0000010C,false,Rx,0,8,FF,F9,E7,1F,46,50,48,48,
4924247,0000010D,false,Rx,0,8,B5,02,00,00,00,00,01,00,
4924556,0000010E,false,Rx,0,8,00,00,1E,00,00,C0,AB,57,
4928943,00000445,false,Rx,0,8,BF,00,00,00,00,04,00,18,
4932775,000002FF,false,Rx,0,8,D4,CB,00,71,02,00,00,00,
4932868,00000316,false,Rx,0,8,B2,F3,FF,34,06,80,0A,00,
4933273,00000317,false,Rx,0,8,00,00,05,00,00,00,00,00,
4933361,00000472,false,Rx,0,8,5C,EC,00,40,08,41,00,45,
4934203,00000473,false,Rx,0,8,5F,24,00,25,00,00,00,78,
4934370,00000474,false,Rx,0,8,91,72,00,00,00,00,00,08,
4934514,00000091,false,Rx,0,8,F3,DF,B0,16,06,00,00,00,
4935110,000002E6,false,Rx,0,8,88,E3,AC,01,00,00,00,15,
4935396,00000092,false,Rx,0,8,27,00,00,00,70,02,00,00,
4935470,000002E7,false,Rx,0,8,0A,00,00,00,00,00,00,00,
4935535,00000093,false,Rx,0,8,00,00,00,00,00,00,00,00,
4935897,000002E8,false,Rx,0,8,00,00,00,00,00,00,00,00,
4936276,00000036,false,Rx,0,8,C2,58,DC,51,00,00,25,05,
4936630,000002E9,false,Rx,0,8,00,00,00,00,00,00,00,00,
4936965,00000037,false,Rx,0,8,30,00,00,10,00,40,00,00,
4937268,0000019B,false,Rx,0,8,74,8C,D2,00,00,E4,00,00,
4937569,00000038,false,Rx,0,8,04,00,00,00,B0,39,96,D4,
4937828,0000019C,false,Rx,0,8,40,20,00,00,00,00,0B,09,
4937948,00000039,false,Rx,0,8,00,00,00,00,00,00,00,00,
4938267,0000019D,false,Rx,0,8,00,10,00,01,00,00,00,00,
4938564,00000094,false,Rx,0,8,00,00,00,00,00,00,00,00,
4938924,0000019E,false,Rx,0,8,15,00,00,00,00,32,00,00,
4939255,00000256,false,Rx,0,8,4C,3D,AC,15,40,00,00,01,
4939544,0000048B,false,Rx,0,8,BC,8C,78,1E,01,00,00,00,
4940214,00000257,false,Rx,0,8,00,93,41,1A,85,07,00,94,
4940263,0000048C,false,Rx,0,8,00,00,00,00,00,00,00,00,
4940328,00000258,false,Rx,0,8,35,EE,1A,00,10,15,00,28,
4940574,00000259,false,Rx,0,8,69,05,8E,3C,4C,02,00,00,
4940910,000001F1,false,Rx,0,8,6A,BF,12,01,00,00,28,00,
4941248,00000401,false,Rx,0,8,C6,10,10,00,00,04,00,00,
4941576,000001F2,false,Rx,0,8,00,00,00,00,00,00,00,00,
4941679,00000384,false,Rx,0,8,BA,56,0D,01,00,FF,00,24,
4942887,000000C5,false,Rx,1,8,00,00,00,00,00,00,00,00,
4943282,00000244,false,Rx,1,8,FF,FF,FF,FF,FF,FF,FF,FF,
4943759,000004B4,false,Rx,1,8,00,00,05,40,10,70,04,00,
4944248,000004B5,false,Rx,1,8,08,00,F0,07,00,00,00,00,
4944915,000004B7,false,Rx,1,8,08,00,F0,07,00,00,00,00,
4945047,000004CA,false,Rx,1,8,00,00,00,00,00,00,00,00,
4945308,000004CC,false,Rx,1,8,08,00,00,06,00,00,03,00,
4945851,000004CE,false,Rx,1,8,DE,01,00,00,00,00,F8,FF,
4946335,000004D7,false,Rx,1,8,23,01,00,00,00,00,00,00,
4946587,000004D8,false,Rx,1,8,41,10,F0,F0,40,F2,1E,CC,
4946888,000004DD,false,Rx,1,8,00,00,FE,00,04,00,00,00,
4947157,000004DF,false,Rx,1,8,00,00,08,00,00,00,00,00,
4947445,000004E7,false,Rx,1,8,00,30,00,00,00,00,69,00,
4947979,000004E9,false,Rx,1,8,12,00,00,34,00,00,50,00,
4948430,000004EA,false,Rx,1,8,67,00,00,89,00,00,00,00,
4948736,000004EB,false,Rx,1,8,02,80,15,05,80,00,00,00,
4949012,000004EC,false,Rx,1,8,00,00,00,00,00,00,00,00,
4949317,00000396,false,Rx,0,8,30,72,56,0F,08,01,00,02,
4949757,000004ED,false,Rx,1,8,00,00,00,00,00,FF,FF,1F,
4950098,000004EE,false,Rx,1,8,FF,FF,00,00,00,00,00,00,
4950679,00000397,false,Rx,0,8,1C,00,43,10,3F,07,00,00,
4950795,000004EF,false,Rx,1,8,60,00,60,00,2B,14,00,00,
4950855,0000042A,false,Rx,0,8,8E,83,0C,02,00,10,00,00,
4951183,0000063D,false,Rx,1,8,00,80,00,00,00,00,00,00,
4951257,00000398,false,Rx,0,8,00,00,00,00,00,00,00,00,
4951424,0000063E,false,Rx,1,8,FF,FF,FF,FF,FF,FF,FF,FF,
4951478,0000063F,false,Rx,1,8,00,10,00,C4,FF,00,00,00,
4951593,00000640,false,Rx,1,8,FF,FF,FF,00,FF,FF,FF,00,
4951657,00000641,false,Rx,1,8,FF,FF,FF,FF,0F,FF,FF,FF,
4951876,00000646,false,Rx,1,8,00,00,00,80,01,00,00,00,
4952483,0000036F,false,Rx,0,8,EE,E1,01,00,00,00,00,00,
4953220,0000037F,false,Rx,0,8,2A,50,52,24,41,02,00,00,
4953527,000004E8,false,Rx,1,8,FF,FF,FF,05,FF,FF,FF,00,
4953714,000001AB,false,Rx,0,8,A3,FC,FA,50,70,38,00,00,
4953789,000001AC,false,Rx,0,8,00,28,00,00,00,00,00,00,
4954936,00000061,false,Rx,0,8,1B,05,5C,00,00,00,00,00,
4955129,00000062,false,Rx,0,8,02,02,00,02,40,FF,00,FF,
4955395,00000063,false,Rx,0,8,00,00,05,00,00,08,FD,00,
4955671,00000064,false,Rx,0,8,00,00,00,04,FF,FA,00,00,
4955905,000000A1,false,Rx,0,8,97,2A,5C,53,61,02,8A,00,
4956198,000000A2,false,Rx,0,8,00,00,00,00,00,00,00,00,
4956446,000000A3,false,Rx,0,8,00,40,01,00,00,00,00,00,
4958624,00000146,false,Rx,0,8,C6,9F,70,10,04,05,00,00,
4958747,00000147,false,Rx,0,8,01,04,7D,00,40,49,07,00,
4959000,00000148,false,Rx,0,8,00,00,42,00,1E,89,40,05,
4959146,00000149,false,Rx,0,8,00,38,00,CC,00,00,00,00,
4964888,00000121,false,Rx,0,8,AC,16,C2,00,00,00,00,05,
4964981,00000122,false,Rx,0,8,FF,D9,67,1F,46,47,46,45,
4965398,00000123,false,Rx,0,8,B6,02,00,00,00,00,01,00,
4965729,00000124,false,Rx,0,8,00,00,0A,00,00,00,20,40,
4966884,0000011B,false,Rx,0,8,F7,7F,86,05,80,08,28,02,
4967001,0000012B,false,Rx,0,8,11,2F,86,06,00,00,08,00,
4967383,0000011C,false,Rx,0,8,00,05,20,00,22,00,01,01,
4967464,0000012C,false,Rx,0,8,00,00,01,00,00,64,00,00,
4968202,000001B1,false,Rx,0,8,D3,3E,70,00,72,00,00,00,
4968513,00000161,false,Rx,0,8,4B,B3,43,03,00,00,00,02,
4969117,000001B2,false,Rx,0,8,23,00,04,B7,0F,08,50,10,
4969476,00000162,false,Rx,0,8,FF,FC,01,00,00,00,00,00,
4969584,000001B3,false,Rx,0,8,10,33,37,00,5A,7B,6B,7D,
4969773,00000563,false,Rx,1,8,65,02,00,00,00,00,FF,FF,
4969833,000001B4,false,Rx,0,8,65,7D,10,00,00,41,00,00,
4969887,0000034B,false,Rx,0,8,33,D5,78,31,D8,0D,05,01,
4970137,0000034C,false,Rx,0,8,00,00,00,00,00,00,00,00,
4970201,0000034D,false,Rx,0,8,00,00,00,00,00,00,00,00,
4970864,0000034E,false,Rx,0,8,00,00,00,00,00,00,00,00,
4971569,000003B0,false,Rx,0,8,72,37,FF,C7,00,00,03,C0,
4972572,00000405,false,Rx,0,8,D2,10,00,00,00,01,00,00,
4972681,00000410,false,Rx,0,8,6A,60,57,3C,DE,6A,FF,FF,
4972920,00000411,false,Rx,0,8,04,D1,50,51,00,00,44,04,
4973178,00000412,false,Rx,0,8,CC,E0,00,00,00,00,00,00,
4973405,0000010B,false,Rx,0,8,B3,42,CC,00,00,00,00,05,
4973784,00000413,false,Rx,0,8,08,60,00,00,00,00,00,00,
4974414,0000010C,false,Rx,0,8,FF,F9,E7,1F,46,50,48,48,
4974761,00000414,false,Rx,0,8,41,70,00,00,28,00,00,00,
4975055,0000010D,false,Rx,0,8,B5,02,00,00,00,00,01,00,
4975177,00000416,false,Rx,0,8,55,00,00,00,00,00,00,00,
4975507,0000010E,false,Rx,0,8,00,00,1E,00,00,C0,AB,57,
4975728,00000417,false,Rx,0,8,20,E0,00,00,00,00,00,00,
4975777,00000418,false,Rx,0,8,07,C0,00,00,14,0C,00,00,
4975849,00000419,false,Rx,0,8,53,A0,27,D5,35,87,90,00,
4977582,000001A1,false,Rx,0,8,55,F5,43,FE,F7,7F,64,00,
4977653,000001A2,false,Rx,0,8,44,00,00,00,27,08,00,00,
4978124,000001A3,false,Rx,0,8,FF,F3,3F,00,00,00,00,00,
4978501,000001A4,false,Rx,0,8,FE,07,00,00,00,00,00,00,
4981490,000003B2,false,Rx,0,8,36,15,FF,02,29,2F,34,00,
4983187,000001E6,false,Rx,0,8,5D,53,5B,02,00,00,00,00,
4983304,000001BB,false,Rx,0,8,EE,37,5B,02,00,00,00,0A,
4983636,000001BC,false,Rx,0,8,32,00,00,00,02,00,00,00,
4984045,000001BD,false,Rx,0,8,00,00,00,00,00,00,00,00,
4984146,000001E7,false,Rx,0,8,00,00,22,03,20,01,00,00,
4985722,00000036,false,Rx,0,8,A1,C3,E1,51,00,00,25,05,
4985818,00000037,false,Rx,0,8,30,00,00,10,00,40,00,00,
4986251,00000038,false,Rx,0,8,04,00,00,00,B0,39,96,D4,
4986360,00000039,false,Rx,0,8,00,00,00,00,00,00,00,00,
4986581,0000019B,false,Rx,0,8,0B,A0,D7,00,00,E4,00,00,
4986814,0000019C,false,Rx,0,8,40,20,00,00,00,00,0B,09,
4987045,0000019D,false,Rx,0,8,00,10,00,01,00,00,00,00,
4987287,0000019E,false,Rx,0,8,15,00,00,00,00,32,00,00,
4988227,00000380,false,Rx,0,8,96,92,03,08,08,08,08,01,
4990361,00000427,false,Rx,0,8,1D,86,FF,00,80,0A,00,00,
5005023,00000061,false,Rx,0,8,78,9E,61,00,00,00,00,00,
5005118,00000062,false,Rx,0,8,02,02,00,02,40,FF,00,FF,
5005552,00000063,false,Rx,0,8,00,00,05,00,00,08,FD,00,
5005914,00000064,false,Rx,0,8,00,00,00,04,FF,FA,00,00,
5006025,000000A1,false,Rx,0,8,54,A9,61,53,61,02,8A,00,
5006397,000000A2,false,Rx,0,8,00,00,00,00,00,00,00,00,
5006507,000000A3,false,Rx,0,8,00,40,01,00,00,00,00,00,
5014887,00000121,false,Rx,0,8,D3,3A,C7,00,00,00,00,05,
5014980,00000122,false,Rx,0,8,FF,D9,67,1F,46,47,46,45,
5015381,00000123,false,Rx,0,8,B6,02,00,00,00,00,01,00,
5015476,00000124,false,Rx,0,8,00,00,0A,00,00,00,20,40,
5016289,0000011B,false,Rx,0,8,84,46,8B,05,80,08,28,02,
5016444,0000011C,false,Rx,0,8,00,05,20,00,22,00,01,01,
5016770,0000012B,false,Rx,0,8,62,16,8B,06,00,00,08,00,
5017015,0000012C,false,Rx,0,8,00,00,01,00,00,64,00,00,
5017378,000001E1,false,Rx,0,8,65,BC,4F,02,00,00,00,00,
5017603,000001E2,false,Rx,0,8,00,00,00,00,00,00,00,00,
5023510,0000010B,false,Rx,0,8,7B,40,D1,00,00,00,00,05,
5023680,0000010C,false,Rx,0,8,FF,F9,E7,1F,46,50,48,48,
5023992,0000010D,false,Rx,0,8,B5,02,00,00,00,00,01,00,
5024099,0000010E,false,Rx,0,8,00,00,1E,00,00,C0,AB,57,
5032414,00000226,false,Rx,0,8,B5,92,FF,FF,63,60,09,42,
5032521,00000227,false,Rx,0,8,02,94,00,09,03,F1,9F,03,
5033817,00000487,false,Rx,1,8,00,00,00,00,00,00,00,00,
5034025,00000642,false,Rx,1,8,FF,FF,FF,FF,FF,FF,00,00,
5034458,00000091,false,Rx,0,8,78,78,B1,16,06,00,00,00,
5034916,00000092,false,Rx,0,8,28,00,00,00,80,02,00,00,
5035116,00000093,false,Rx,0,8,00,00,00,00,00,00,00,00,
5035339,000003AA,false,Rx,0,8,FF,00,D0,00,54,00,00,00,
5035612,00000094,false,Rx,0,8,00,00,00,00,00,00,00,00,
5035847,00000036,false,Rx,0,8,52,5D,E6,51,00,00,25,05,
5036128,00000037,false,Rx,0,8,30,00,00,10,00,40,00,00,
5036392,00000038,false,Rx,0,8,04,00,00,00,B0,39,96,D4,
5036615,0000019B,false,Rx,0,8,B3,A1,DC,00,00,E4,00,00,
5036883,00000039,false,Rx,0,8,00,00,00,00,00,00,00,00,
5037121,0000019C,false,Rx,0,8,40,20,00,00,00,00,0B,09,
5037368,000002D6,false,Rx,0,8,94,EC,56,00,00,00,00,00,
5037612,0000019D,false,Rx,0,8,00,10,00,01,00,00,00,00,
5037897,000002D7,false,Rx,0,8,00,00,00,00,03,00,00,00,
5038191,0000019E,false,Rx,0,8,15,00,00,00,00,32,00,00,
5038608,000002D8,false,Rx,0,8,00,00,00,00,00,00,38,47,
5039188,000002EB,false,Rx,0,8,50,02,56,07,08,01,00,02,
5039296,000002D9,false,Rx,0,8,00,00,00,00,00,00,00,00,
5039557,000002EC,false,Rx,0,8,12,00,CF,00,59,00,00,00,
5039880,000003B6,false,Rx,0,8,25,85,56,00,00,00,00,46,
5039978,000002ED,false,Rx,0,8,00,00,00,00,00,00,00,00,
5040105,000003B7,false,Rx,0,8,46,00,00,00,00,00,00,00,
5040160,000002EE,false,Rx,0,8,00,00,00,00,00,00,00,00,
5040298,000003B8,false,Rx,0,8,B2,02,00,00,00,00,69,0E,
5040514,00000445,false,Rx,0,8,00,10,00,00,00,00,00,18,
5040782,000003B9,false,Rx,0,8,00,00,00,00,00,00,00,00,
5041026,00000495,false,Rx,0,8,49,00,00,00,00,00,00,00,
5046431,00000251,false,Rx,0,8,8C,4C,AE,00,00,00,00,00,
5046524,00000252,false,Rx,0,8,00,00,1B,1B,03,00,00,00,
5046948,00000253,false,Rx,0,8,00,00,00,58,58,00,80,4D,
5047014,000002AB,false,Rx,0,8,9A,8C,B1,0C,0C,00,00,00,
5047385,000002AC,false,Rx,0,8,00,FF,FF,00,00,40,00,54,
5047556,000002AD,false,Rx,0,8,00,01,00,40,FF,FF,FF,0F,
5047803,000002AE,false,Rx,0,8,01,00,FF,3F,01,01,00,00,
5048063,000002B6,false,Rx,0,8,20,AA,B1,01,00,00,00,40,
5048299,000002B7,false,Rx,0,8,9F,00,50,1C,00,04,00,00,
5048556,000003B1,false,Rx,0,8,C1,DE,00,80,00,00,20,00,
5049053,000002B8,false,Rx,0,8,FF,F8,10,00,00,00,00,00,
5049336,0000033B,false,Rx,0,8,C2,E6,B0,00,00,00,00,00,
5049658,000002B9,false,Rx,0,8,0A,00,00,00,00,00,00,00,
5049824,0000033C,false,Rx,0,8,00,00,00,00,F0,00,00,00,
5050023,000002C1,false,Rx,0,8,18,BC,59,21,00,41,00,D3,
5050289,0000033D,false,Rx,0,8,00,00,00,00,00,00,00,00,
5050526,000002C2,false,Rx,0,8,18,00,00,00,00,00,00,00,
5050781,0000033E,false,Rx,0,8,00,00,00,00,00,00,00,00,
5051027,000002C3,false,Rx,0,8,00,00,00,00,00,00,00,00,
5051275,00000356,false,Rx,0,8,2C,28,58,00,00,00,00,00,
5051526,000002C4,false,Rx,0,8,00,00,00,00,00,00,00,00,
5051778,00000357,false,Rx,0,8,00,00,00,00,00,4B,4D,48,
5051987,000002E1,false,Rx,0,8,A6,E1,B1,00,00,00,00,40,
5052243,00000358,false,Rx,0,8,35,41,45,4D,52,37,33,4F,
5052473,000002E2,false,Rx,0,8,FD,00,00,00,00,14,00,04,
5052709,00000359,false,Rx,0,8,51,4F,34,52,4A,35,33,00,
5052943,000001AB,false,Rx,0,8,55,D4,FF,50,70,38,00,00,
5053201,000002E3,false,Rx,0,8,00,00,00,00,00,00,72,01,
5053491,000001AC,false,Rx,0,8,00,28,00,00,00,00,00,00,
5053754,000002E4,false,Rx,0,8,02,00,00,00,00,00,00,00,
5053955,0000036F,false,Rx,0,8,FE,01,01,00,00,00,00,00,
5054202,0000037F,false,Rx,0,8,FC,60,52,24,41,02,00,00,
5054431,000003A1,false,Rx,0,8,B3,B0,3E,00,FF,FF,FF,FF,
5054700,000003A2,false,Rx,0,8,00,00,00,00,00,00,00,00,
5054947,00000061,false,Rx,0,8,8B,00,66,00,00,00,00,00,
5055205,00000062,false,Rx,0,8,02,02,00,02,40,FF,00,FF,
5055456,00000063,false,Rx,0,8,00,00,05,00,00,08,FD,00,
5055728,00000064,false,Rx,0,8,00,00,00,04,FF,FA,00,00,
5055948,000000A1,false,Rx,0,8,5D,2C,66,53,61,02,8A,00,
5056232,000000A2,false,Rx,0,8,00,00,00,00,00,00,00,00,
5056496,000000A3,false,Rx,0,8,00,40,01,00,00,00,00,00,
5058419,00000146,false,Rx,0,8,B9,B3,75,10,04,05,00,00,
5058691,00000147,false,Rx,0,8,01,04,7D,00,40,49,07,00,
5058910,00000148,false,Rx,0,8,00,00,42,00,1E,89,40,05,
5059146,00000149,false,Rx,0,8,00,38,00,CC,00,00,00,00,
5059765,00000111,false,Rx,0,8,7B,83,86,01,00,00,00,00,
5060013,00000112,false,Rx,0,8,00,00,00,00,00,00,00,00,
5060268,00000113,false,Rx,0,8,00,00,00,00,00,00,00,00,
5060522,00000114,false,Rx,0,8,00,00,00,00,00,00,00,00,
5064925,00000121,false,Rx,0,8,6B,3B,CC,00,00,00,00,05,
5065022,00000122,false,Rx,0,8,FF,D9,67,1F,46,47,46,45,
5065373,00000123,false,Rx,0,8,B6,02,00,00,00,00,01,00,
5065468,00000124,false,Rx,0,8,00,00,0A,00,00,00,20,40,
5066235,0000011B,false,Rx,0,8,46,9C,90,05,80,08,28,02,
5066484,0000011C,false,Rx,0,8,00,05,20,00,22,00,01,01,
5066779,0000012B,false,Rx,0,8,A0,CC,90,06,00,00,08,00,
5067032,0000012C,false,Rx,0,8,00,00,01,00,00,64,00,00,
5067308,00000161,false,Rx,0,8,83,4A,48,03,00,00,00,02,
5067549,000001B1,false,Rx,0,8,AC,12,75,00,72,00,00,00,
5067805,00000162,false,Rx,0,8,FF,FC,01,00,00,00,00,00,
5068024,000001B2,false,Rx,0,8,23,00,04,B7,0F,08,50,10,
5068275,00000565,false,Rx,0,8,66,02,00,00,00,00,FF,FF,
5068511,000000FF,false,Rx,0,8,CB,10,00,00,00,00,02,00,
5068755,000001B3,false,Rx,0,8,10,33,37,00,5A,7B,6B,7D,
5068988,000001B4,false,Rx,0,8,65,7D,10,00,00,41,00,00,
5069232,00000394,false,Rx,0,8,2A,22,1A,49,00,00,00,00,
5069474,000003C3,false,Rx,0,8,45,10,31,30,36,00,00,00,
5069738,000003E0,false,Rx,0,8,01,70,01,00,54,03,00,00,
5070248,000003E5,false,Rx,0,8,8E,90,01,00,00,00,00,00,
5070546,000003E6,false,Rx,0,8,7F,00,00,00,00,00,00,00,
5070788,0000041A,false,Rx,0,8,95,40,12,00,00,00,00,00,
5071054,0000041B,false,Rx,0,8,60,30,00,00,00,00,00,00,
5071318,0000041C,false,Rx,0,8,E9,80,E0,00,00,00,00,00,
5071566,00000422,false,Rx,0,8,EA,C0,01,00,00,00,04,00,
5071995,00000432,false,Rx,0,8,03,20,02,00,00,00,00,00,
5072264,00000464,false,Rx,0,8,B2,70,F0,FF,38,7F,05,00,
5073167,0000010B,false,Rx,0,8,88,DE,D6,00,00,00,00,05,
5073396,0000010C,false,Rx,0,8,FF,F9,E7,1F,46,50,48,48,
5073659,00000435,false,Rx,0,8,9F,D0,00,40,00,00,00,00,
5074133,0000010D,false,Rx,0,8,B5,02,00,00,00,00,01,00,
5074235,00000442,false,Rx,0,8,CE,20,11,81,00,00,00,00,
5074391,0000010E,false,Rx,0,8,00,00,1E,00,00,C0,AB,57,
5074622,00000444,false,Rx,0,8,6C,30,20,50,55,50,00,00,
5074885,000004A3,false,Rx,1,8,80,00,48,0B,3E,00,00,00,
5075242,000004A4,false,Rx,1,8,FF,FF,FF,00,00,00,00,00,
5077332,000001A1,false,Rx,0,8,ED,F4,48,FE,F7,7F,64,00,
5077525,000001A2,false,Rx,0,8,44,00,00,00,27,08,00,00,
5077801,000001A3,false,Rx,0,8,FF,F3,3F,00,00,00,00,00,
5078022,000001A4,false,Rx,0,8,FE,07,00,00,00,00,00,00,
5078490,00000445,false,Rx,0,8,00,10,00,00,00,00,00,18,
5080269,0000030B,false,Rx,0,8,D0,E8,B0,00,04,00,00,00,
5080471,0000030C,false,Rx,0,8,00,00,0E,00,2C,00,A0,0F,
5080756,0000030D,false,Rx,0,8,00,00,00,00,43,00,00,00,
5081285,0000030E,false,Rx,0,8,00,00,18,05,21,00,00,1A,
5085647,00000036,false,Rx,0,8,5F,9B,EB,51,00,00,25,05,
5085742,00000037,false,Rx,0,8,30,00,00,10,00,40,00,00,
5086153,00000038,false,Rx,0,8,04,00,00,00,B0,39,96,D4,
5086243,00000039,false,Rx,0,8,00,00,00,00,00,00,00,00,
5086614,0000019B,false,Rx,0,8,D0,3A,E1,00,00,E4,00,00,
5086930,0000019C,false,Rx,0,8,40,20,00,00,00,00,0B,09,
5087179,0000019D,false,Rx,0,8,00,10,00,01,00,00,00,00,
5087289,0000019E,false,Rx,0,8,15,00,00,00,00,32,00,00,
5087920,000001FB,false,Rx,0,8,DF,16,A8,00,00,00,00,00,
5088305,000001FC,false,Rx,0,8,00,00,00,00,00,00,00,00,
5088589,000001FD,false,Rx,0,8,00,1A,03,00,00,00,00,00,
5088700,000001FE,false,Rx,0,8,00,00,00,00,00,00,00,00,
5088998,00000475,false,Rx,0,8,12,00,00,00,00,00,00,00,
5089158,00000496,false,Rx,0,8,12,00,00,00,00,00,00,00,
5089667,000001F1,false,Rx,0,8,F5,D7,15,01,00,00,28,00,
5089934,000001F2,false,Rx,0,8,00,00,00,00,00,00,00,00,
5094443,00000383,false,Rx,0,8,5A,53,00,10,01,00,00,00,
5099776,00000448,false,Rx,0,8,DE,80,00,00,00,00,00,00,
5105043,00000061,false,Rx,0,8,86,C6,6B,00,00,00,00,00,
5105138,00000062,false,Rx,0,8,02,02,00,02,40,FF,00,FF,
5105550,00000063,false,Rx,0,8,00,00,05,00,00,08,FD,00,
5105929,00000064,false,Rx,0,8,00,00,00,04,FF,FA,00,00,
5106027,000000A1,false,Rx,0,8,6B,6F,6B,53,61,02,8A,00,
5106432,000000A2,false,Rx,0,8,00,00,00,00,00,00,00,00,
5106576,000000A3,false,Rx,0,8,00,40,01,00,00,00,00,00,
5108388,00000382,false,Rx,0,8,2B,FE,21,00,00,05,09,00,
5110529,000002BF,false,Rx,0,8,FF,FF,FF,00,00,00,00,00,
5110632,0000047F,false,Rx,0,8,F0,FC,FF,FF,FF,FF,FF,FF,
5110945,00000653,false,Rx,0,8,0A,19,03,01,02,2A,00,00,
5111482,00000236,false,Rx,0,8,B1,92,AF,00,34,6C,AE,62,
5111701,000002FB,false,Rx,0,8,BB,B3,AF,04,72,1A,B4,B4,
5112071,00000237,false,Rx,0,8,00,15,47,00,00,1E,1B,00,
5112165,00000151,false,Rx,0,8,F7,65,AF,64,C8,00,28,18,
5112403,000001F6,false,Rx,0,8,BC,B9,AF,00,00,00,00,0E,
5112641,00000152,false,Rx,0,8,14,17,17,00,51,00,00,00,
5112870,000001F7,false,Rx,0,8,26,00,DA,02,00,00,00,00,
5113129,00000153,false,Rx,0,8,00,00,00,00,00,00,00,00,
5113358,000001F8,false,Rx,0,8,00,5E,01,45,01,00,00,00,
5113618,00000154,false,Rx,0,8,00,00,00,00,00,00,00,00,
5113842,000001F9,false,Rx,0,8,4B,00,64,C8,14,00,4B,00,
5114092,000002FC,false,Rx,0,8,0F,00,14,18,00,00,8E,43,
5114338,00000238,false,Rx,0,8,00,00,72,00,00,00,00,00,
5114588,000002FD,false,Rx,0,8,00,00,00,00,00,1C,13,EA,
5114828,00000121,false,Rx,0,8,55,FF,D1,00,00,00,00,05,
5115077,00000239,false,Rx,0,8,00,00,00,00,01,00,00,00,
5115346,00000122,false,Rx,0,8,FF,D9,67,1F,46,48,46,45,
5115544,0000025B,false,Rx,0,8,42,24,AF,40,40,20,00,00,
5115799,00000123,false,Rx,0,8,B6,02,00,00,00,00,01,00,
5116029,0000025C,false,Rx,0,8,00,00,26,00,B4,2C,19,00,
5116258,0000011B,false,Rx,0,8,B0,B4,95,05,80,08,28,02,
5116517,00000124,false,Rx,0,8,00,00,0A,00,00,00,20,40,
5116752,0000011C,false,Rx,0,8,00,05,20,00,22,00,01,01,
5116982,0000012B,false,Rx,0,8,56,E4,95,06,00,00,08,00,
5117226,0000025D,false,Rx,0,8,00,C8,00,00,00,80,C0,70,
5117481,0000012C,false,Rx,0,8,00,00,01,00,00,64,00,00,
5117718,0000025E,false,Rx,0,8,57,07,0E,08,00,00,46,00,
5117966,000002FE,false,Rx,0,8,00,00,72,01,00,28,C8,02,
5118185,00000419,false,Rx,0,8,AC,B0,26,D5,35,87,90,00,
5118433,00000326,false,Rx,0,8,C5,CE,AF,00,00,00,00,00,
5118679,00000445,false,Rx,0,8,00,10,00,00,00,00,00,18,
5118916,00000327,false,Rx,0,8,00,00,00,00,05,00,00,00,
5119191,00000328,false,Rx,0,8,DA,02,4B,00,00,5E,01,00,
5119438,00000329,false,Rx,0,8,64,45,01,00,00,00,00,00,
5119677,00000331,false,Rx,0,8,E6,6B,AF,F1,C8,A0,2C,97,
5119922,00000332,false,Rx,0,8,E8,08,FC,03,00,00,00,00,
5120185,00000333,false,Rx,0,8,00,00,00,1C,0C,40,20,64,
5120450,00000334,false,Rx,0,8,C8,00,00,00,08,44,F4,8F,
5123580,0000010B,false,Rx,0,8,85,18,DB,00,00,00,00,05,
5123858,0000010C,false,Rx,0,8,FF,F9,E7,1F,46,50,48,48,
5123936,0000010D,false,Rx,0,8,B5,02,00,00,00,00,01,00,
5124243,0000010E,false,Rx,0,8,00,00,1E,00,00,C0,AB,57,
5132461,000002FF,false,Rx,0,8,D4,CB,00,71,02,00,00,00,
5132551,00000316,false,Rx,0,8,EF,6B,00,34,06,80,0A,00,
5132860,00000472,false,Rx,0,8,5C,EC,00,40,08,41,00,45,
5133241,00000317,false,Rx,0,8,00,00,05,00,00,00,00,00,
5133351,000001E6,false,Rx,0,8,AB,7B,5E,02,00,00,00,00,
5133558,00000473,false,Rx,0,8,5F,24,00,25,00,00,00,78,
5133701,000001BB,false,Rx,0,8,E1,DC,5E,02,00,00,00,0A,
5133930,00000474,false,Rx,0,8,91,72,00,00,00,00,00,08,
5134197,000001BC,false,Rx,0,8,32,00,00,00,02,00,00,00,
5134602,00000091,false,Rx,0,8,B2,93,B2,16,06,00,00,00,
5134683,000001BD,false,Rx,0,8,00,00,00,00,00,00,00,00,
5134924,00000092,false,Rx,0,8,28,00,00,00,80,02,00,00,
5135172,000001E7,false,Rx,0,8,00,00,22,03,20,01,00,00,
5135417,00000093,false,Rx,0,8,00,00,00,00,00,00,00,00,
5135650,000002E6,false,Rx,0,8,04,51,AE,01,00,00,00,15,
5135886,00000036,false,Rx,0,8,22,5E,F0,51,00,00,25,05,
5136673,000002E7,false,Rx,0,8,0A,00,00,00,00,00,00,00,
5137019,00000037,false,Rx,0,8,30,00,00,10,00,40,00,00,
5137106,000002E8,false,Rx,0,8,00,00,00,00,00,00,00,00,
5137413,00000038,false,Rx,0,8,04,00,00,00,B0,39,96,D4,
5137709,0000019B,false,Rx,0,8,23,A4,E6,00,00,E4,00,00,
5137866,00000039,false,Rx,0,8,00,00,00,00,00,00,00,00,
5137919,0000019C,false,Rx,0,8,40,20,00,00,00,00,0B,09,
5137970,00000094,false,Rx,0,8,00,00,00,00,00,00,00,00,
5138174,0000019D,false,Rx,0,8,00,10,00,01,00,00,00,00,
5138322,00000256,false,Rx,0,8,F8,5E,AE,15,40,00,F0,00,
5138568,0000019E,false,Rx,0,8,15,00,00,00,00,32,00,00,
5138804,00000257,false,Rx,0,8,00,93,41,18,85,07,00,94,
5139042,000002E9,false,Rx,0,8,00,00,00,00,00,00,00,00,
5139287,00000258,false,Rx,0,8,35,EE,1A,00,10,15,00,28,
5139576,00000259,false,Rx,0,8,5E,05,8D,3C,4C,02,00,00,
5140132,00000401,false,Rx,0,8,C6,10,10,00,00,04,00,00,
5141248,00000384,false,Rx,0,8,BA,56,0D,01,00,FF,00,24,
5145187,000000C5,false,Rx,1,8,00,00,00,00,00,00,00,00,
5145439,00000244,false,Rx,1,8,FF,FF,FF,FF,FF,FF,FF,FF,
5145519,000004B4,false,Rx,1,8,00,00,05,40,10,70,04,00,
5145576,000004B5,false,Rx,1,8,08,00,F0,07,00,00,00,00,
5145750,000004B7,false,Rx,1,8,08,00,F0,07,00,00,00,00,
5146059,000004CA,false,Rx,1,8,00,00,00,00,00,00,00,00,
5146463,000004CC,false,Rx,1,8,08,00,00,06,00,00,03,00,
5146596,000004CE,false,Rx,1,8,DE,01,00,00,00,00,F8,FF,
5146908,000004D7,false,Rx,1,8,23,01,00,00,00,00,00,00,
5147086,000004D8,false,Rx,1,8,41,10,F0,F0,40,F2,1E,CC,
5147348,000004DD,false,Rx,1,8,00,00,FE,00,04,00,00,00,
5147613,000004DF,false,Rx,1,8,00,00,08,00,00,00,00,00,
5148194,00000396,false,Rx,0,8,10,BC,57,0F,08,01,00,02,
5148441,000004E7,false,Rx,1,8,00,30,00,00,00,00,69,00,
5148915,000004E8,false,Rx,1,8,FF,FF,FF,05,FF,FF,FF,00,
5149663,00000397,false,Rx,0,8,4E,00,43,10,3F,07,00,00,
5150192,000004E9,false,Rx,1,8,12,00,00,34,00,00,50,00,
5150523,0000042A,false,Rx,0,8,8E,83,0C,02,00,10,00,00,
5150593,00000398,false,Rx,0,8,00,00,00,00,00,00,00,00,
5150660,000004EA,false,Rx,1,8,67,00,00,89,00,00,00,00,
5150734,000004EB,false,Rx,1,8,02,80,15,05,80,00,00,00,
5150842,000004EC,false,Rx,1,8,00,00,00,00,00,00,00,00,
5150922,000004ED,false,Rx,1,8,00,00,00,00,00,FF,FF,1F,
5150973,000004EE,false,Rx,1,8,FF,FF,00,00,00,00,00,00,
5151028,000004EF,false,Rx,1,8,60,00,60,00,2B,14,00,00,
5151075,0000063D,false,Rx,1,8,00,80,00,00,00,00,00,00,
5151234,0000063E,false,Rx,1,8,FF,FF,FF,FF,FF,FF,FF,FF,
5151697,0000063F,false,Rx,1,8,00,10,00,C4,FF,00,00,00,
5151973,00000640,false,Rx,1,8,FF,FF,FF,00,FF,FF,FF,00,
5152240,00000641,false,Rx,1,8,FF,FF,FF,FF,0F,FF,FF,FF,
5152527,0000036F,false,Rx,0,8,47,11,01,00,00,00,00,00,
5152616,00000646,false,Rx,1,8,00,00,00,80,01,00,00,00,
5152715,0000037F,false,Rx,0,8,45,70,52,24,41,02,00,00,
5152962,00000419,false,Rx,0,8,AC,B0,26,D5,35,87,90,00,
5153197,000001AB,false,Rx,0,8,DA,CC,04,50,70,38,00,00,
5153683,000001AC,false,Rx,0,8,00,28,00,00,00,00,00,00,
5155060,00000061,false,Rx,0,8,FB,03,70,00,00,00,00,00,
5155525,00000062,false,Rx,0,8,02,02,00,02,40,FF,00,FF,
5155711,00000063,false,Rx,0,8,00,00,05,00,00,08,FD,00,
5155960,00000064,false,Rx,0,8,00,00,00,04,FF,FA,00,00,
5156229,000000A1,false,Rx,0,8,04,DE,70,53,61,02,8A,00,
5156863,000000A2,false,Rx,0,8,00,00,00,00,00,00,00,00,
5157214,000000A3,false,Rx,0,8,00,40,01,00,00,00,00,00,
5158529,00000146,false,Rx,0,8,CE,12,7A,10,04,05,00,00,
5158666,00000147,false,Rx,0,8,01,04,7D,00,40,48,07,00,
5158874,00000148,false,Rx,0,8,00,00,42,00,1E,89,40,05,
5159157,00000149,false,Rx,0,8,00,38,00,CC,00,00,00,00,
5164761,00000121,false,Rx,0,8,A6,61,D6,00,00,00,00,05,
5164913,00000122,false,Rx,0,8,FF,D9,67,1F,46,48,46,45,
5165188,00000123,false,Rx,0,8,B6,02,00,00,00,00,01,00,
5165425,00000566,false,Rx,0,8,16,02,00,00,00,00,FF,FF,
5165649,00000124,false,Rx,0,8,00,00,0A,00,00,00,20,40,
5166697,0000011B,false,Rx,0,8,AA,CD,9A,05,80,08,28,02,
5166811,0000011C,false,Rx,0,8,00,05,20,00,22,00,01,01,
5166861,0000012B,false,Rx,0,8,4C,9D,9A,06,00,00,08,00,
5167254,0000012C,false,Rx,0,8,00,00,01,00,00,64,00,00,
5167577,00000161,false,Rx,0,8,75,62,4D,03,00,00,00,02,
5167888,000001E1,false,Rx,0,8,1C,A6,52,02,00,00,00,00,
5168214,00000162,false,Rx,0,8,FF,FC,01,00,00,00,00,00,
5168605,000001B1,false,Rx,0,8,DB,B3,7A,00,72,00,00,00,
5168924,000001B2,false,Rx,0,8,23,00,04,B7,0F,09,50,10,
5168990,000001B3,false,Rx,0,8,10,33,37,00,5A,7B,6B,7D,
5169184,000001B4,false,Rx,0,8,65,7D,10,00,00,41,00,00,
5169482,000001E2,false,Rx,0,8,00,00,00,00,00,00,00,00,
5171404,000003B0,false,Rx,0,8,72,37,FF,C7,00,00,03,C0,
5172195,00000405,false,Rx,0,8,D2,10,00,00,00,01,00,00,
5172786,00000410,false,Rx,0,8,6A,60,57,3C,DE,6A,FF,FF,
5172888,00000411,false,Rx,0,8,04,D1,50,51,00,00,44,04,
5172958,00000412,false,Rx,0,8,CC,E0,00,00,00,00,00,00,
5173586,0000010B,false,Rx,0,8,53,44,E0,00,00,00,00,05,
5173980,00000413,false,Rx,0,8,08,60,00,00,00,00,00,00,
5174158,0000010C,false,Rx,0,8,FF,F9,E7,1F,46,50,48,48,
5174213,00000414,false,Rx,0,8,41,70,00,00,28,00,00,00,
5174258,0000010D,false,Rx,0,8,B5,02,00,00,00,00,01,00,
5174402,00000416,false,Rx,0,8,55,00,00,00,00,00,00,00,
5174646,0000010E,false,Rx,0,8,00,00,1E,00,00,C0,AB,57,
5174896,00000417,false,Rx,0,8,20,E0,00,00,00,00,00,00,
5175160,0000048F,false,Rx,0,8,AD,10,41,00,05,00,00,00,
5175388,00000418,false,Rx,0,8,07,C0,00,00,14,0C,00,00,
5177415,000001A1,false,Rx,0,8,92,D8,4D,FE,F7,7F,64,00,
5177594,000001A2,false,Rx,0,8,44,00,00,00,27,08,00,00,
5177831,000001A3,false,Rx,0,8,FF,F3,3F,00,00,00,00,00,
5178113,000001A4,false,Rx,0,8,FE,07,00,00,00,00,00,00,
5181334,000003B2,false,Rx,0,8,36,15,FF,02,29,2F,34,00,
5185410,00000036,false,Rx,0,8,5D,72,F5,51,00,00,25,05,
5185577,00000037,false,Rx,0,8,30,00,00,10,00,40,00,00,
5185831,00000038,false,Rx,0,8,04,00,00,00,B0,39,96,D4,
5186191,00000039,false,Rx,0,8,00,00,00,00,00,00,00,00,
5186402,0000019B,false,Rx,0,8,2E,62,EB,00,00,E4,00,00,
5186666,0000019C,false,Rx,0,8,40,20,00,00,00,00,0B,09,
5186927,0000019D,false,Rx,0,8,00,10,00,01,00,00,00,00,
5187197,0000019E,false,Rx,0,8,15,00,00,00,00,32,00,00,
5188308,00000380,false,Rx,0,8,96,92,03,08,08,08,08,01,
5190381,00000427,false,Rx,0,8,1D,86,FF,00,80,0A,00,00,
5192418,00000419,false,Rx,0,8,AC,B0,26,D5,35,87,90,00,
5205014,00000061,false,Rx,0,8,84,2F,75,00,00,00,00,00,
5205106,00000062,false,Rx,0,8,02,02,00,02,40,FF,00,FF,
5205546,00000063,false,Rx,0,8,00,00,05,00,00,08,FD,00,
5205616,00000064,false,Rx,0,8,00,00,00,04,FF,FA,00,00,
5206009,000000A1,false,Rx,0,8,0B,35,75,53,61,02,8A,00,
5206391,000000A2,false,Rx,0,8,00,00,00,00,00,00,00,00,
5206554,000000A3,false,Rx,0,8,00,40,01,00,00,00,00,00,
5214888,00000121,false,Rx,0,8,AB,A7,DB,00,00,00,00,05,
5214984,00000122,false,Rx,0,8,FF,D9,67,1F,46,48,46,45,
5215421,00000123,false,Rx,0,8,B6,02,00,00,00,00,01,00,
5215754,00000124,false,Rx,0,8,00,00,0A,00,00,00,20,40,
5216384,0000012B,false,Rx,0,8,BA,B5,9F,06,00,00,08,00,
5216570,0000012C,false,Rx,0,8,00,00,01,00,00,64,00,00,
5216761,0000011B,false,Rx,0,8,5C,E5,9F,05,80,08,28,02,
5217020,0000011C,false,Rx,0,8,00,05,20,00,22,00,01,01,
5223378,0000010B,false,Rx,0,8,2C,68,E5,00,00,00,00,05,
5223471,0000010C,false,Rx,0,8,FF,F9,E7,1F,46,50,48,48,
5223908,0000010D,false,Rx,0,8,B5,02,00,00,00,00,01,00,
5223972,0000010E,false,Rx,0,8,00,00,1E,00,00,C0,AB,57,
5232226,00000226,false,Rx,0,8,CC,A2,01,FF,63,60,09,42,
5232318,00000227,false,Rx,0,8,02,94,00,09,03,F1,9F,03,
5234609,00000091,false,Rx,0,8,39,34,B3,16,06,00,00,00,
5234718,00000092,false,Rx,0,8,27,00,00,00,70,02,00,00,
5235076,00000093,false,Rx,0,8,00,00,00,00,00,00,00,00,
5235190,00000094,false,Rx,0,8,00,00,00,00,00,00,00,00,
5235435,000003AA,false,Rx,0,8,FF,00,D0,00,54,00,00,00,
5236241,00000036,false,Rx,0,8,DC,06,FA,51,00,00,25,05,
5236856,00000487,false,Rx,1,8,00,00,00,00,00,00,00,00,
5236972,00000037,false,Rx,0,8,30,00,00,10,00,40,00,00,
5237272,00000038,false,Rx,0,8,04,00,00,00,B0,39,96,D4,
5237362,00000642,false,Rx,1,8,FF,FF,FF,FF,FF,FF,00,00,
5237624,00000039,false,Rx,0,8,00,00,00,00,00,00,00,00,
5237709,0000019B,false,Rx,0,8,53,A7,F0,00,00,E4,00,00,
5237783,0000019C,false,Rx,0,8,40,20,00,00,00,00,0B,09,
5237930,000002D6,false,Rx,0,8,D2,B5,57,00,00,00,00,00,
5237981,0000019D,false,Rx,0,8,00,10,00,01,00,00,00,00,
5238033,000002D7,false,Rx,0,8,00,00,00,00,03,00,00,00,
5238098,0000019E,false,Rx,0,8,15,00,00,00,00,32,00,00,
5238154,000002D8,false,Rx,0,8,00,00,00,00,00,00,38,47,
5238371,000002EB,false,Rx,0,8,B1,66,57,07,08,01,00,02,
5238619,000002D9,false,Rx,0,8,00,00,00,00,00,00,00,00,
5238866,000002EC,false,Rx,0,8,17,00,CF,00,59,00,00,00,
5239093,000003B6,false,Rx,0,8,63,DC,57,00,00,00,00,46,
5239351,000002ED,false,Rx,0,8,00,00,00,00,00,00,00,00,
5239591,000003B7,false,Rx,0,8,46,00,00,00,00,00,00,00,
5239838,000001F1,false,Rx,0,8,86,EE,18,01,00,00,28,00,
5240078,000002EE,false,Rx,0,8,00,00,00,00,00,00,00,00,
5240337,000001F2,false,Rx,0,8,00,00,00,00,00,00,00,00,
5240570,000003B8,false,Rx,0,8,B2,02,00,00,00,00,69,0E,
5241076,000003B9,false,Rx,0,8,00,00,00,00,00,00,00,00,
5241328,00000495,false,Rx,0,8,49,00,00,00,00,00,00,00,
5246446,00000251,false,Rx,0,8,EC,16,B0,00,00,00,00,00,
5246538,00000252,false,Rx,0,8,00,00,1B,1B,03,00,00,00,
5246856,00000253,false,Rx,0,8,00,00,00,58,58,00,80,4D,
5247019,000002AB,false,Rx,0,8,16,3E,B3,0C,0C,00,00,00,
5247309,000002AC,false,Rx,0,8,00,FF,FF,00,00,40,00,54,
5247676,000002AD,false,Rx,0,8,00,01,00,40,FF,FF,FF,0F,
5248366,000002AE,false,Rx,0,8,01,00,FF,3F,01,01,00,00,
5248713,000002B6,false,Rx,0,8,AC,18,B3,01,00,00,00,40,
5248794,000002B7,false,Rx,0,8,9F,00,50,1C,00,04,00,00,
5249077,000003B1,false,Rx,0,8,C1,DE,00,80,00,00,20,00,
5249354,000002B8,false,Rx,0,8,FF,F8,10,00,00,00,00,00,
5249474,0000033B,false,Rx,0,8,4E,54,B2,00,00,00,00,00,
5250046,000002B9,false,Rx,0,8,0A,00,00,00,00,00,00,00,
5250376,0000033C,false,Rx,0,8,00,00,00,00,F0,00,00,00,
5250475,000002C1,false,Rx,0,8,D2,57,5A,21,00,41,00,D3,
5250761,0000033D,false,Rx,0,8,00,00,00,00,00,00,00,00,
5251051,000002C2,false,Rx,0,8,18,00,00,00,00,00,00,00,
5251210,0000033E,false,Rx,0,8,00,00,00,00,00,00,00,00,
5251289,000002C3,false,Rx,0,8,00,00,00,00,00,00,00,00,
5251334,00000356,false,Rx,0,8,6A,71,59,00,00,00,00,00,
5251630,000002C4,false,Rx,0,8,00,00,00,00,00,00,00,00,
5251705,00000357,false,Rx,0,8,00,00,00,00,00,4B,4D,48,
5251891,000002E1,false,Rx,0,8,2A,53,B3,00,00,00,00,40,
5252028,00000358,false,Rx,0,8,35,41,45,4D,52,37,33,4F,
5252285,000002E2,false,Rx,0,8,FD,00,00,00,00,14,00,04,
5252505,00000359,false,Rx,0,8,51,4F,34,52,4A,35,33,00,
5252830,000001AB,false,Rx,0,8,A9,F5,09,50,70,38,00,00,
5253404,000002E3,false,Rx,0,8,00,00,00,00,00,00,72,01,
5253505,000001AC,false,Rx,0,8,00,28,00,00,00,00,00,00,
5253794,000002E4,false,Rx,0,8,02,00,00,00,00,00,00,00,
5253977,0000036F,false,Rx,0,8,91,21,01,00,00,00,00,00,
5254036,0000037F,false,Rx,0,8,EC,80,52,24,41,02,00,00,
5254486,000003A1,false,Rx,0,8,97,18,3F,00,FF,FF,FF,FF,
5254787,000003A2,false,Rx,0,8,00,00,00,00,00,00,00,00,
5254922,00000061,false,Rx,0,8,05,5B,7A,00,00,00,00,00,
5255183,00000062,false,Rx,0,8,02,02,00,02,40,FF,00,FF,
5255422,00000063,false,Rx,0,8,00,00,05,00,00,08,FD,00,
5255683,00000064,false,Rx,0,8,00,00,00,04,FF,FA,00,00,
5256139,000000A1,false,Rx,0,8,3B,18,7A,53,61,02,8A,00,
5256466,000000A2,false,Rx,0,8,00,00,00,00,00,00,00,00,
5256772,000000A3,false,Rx,0,8,00,40,01,00,00,00,00,00,
5258483,00000146,false,Rx,0,8,B1,3E,7F,10,04,05,00,00,
5258618,00000147,false,Rx,0,8,01,04,7D,00,40,48,07,00,
5258918,00000148,false,Rx,0,8,00,00,42,00,1E,89,40,05,
5259181,00000149,false,Rx,0,8,00,38,00,CC,00,00,00,00,
5260397,00000111,false,Rx,0,8,3D,DA,87,01,00,00,00,00,
5260678,00000112,false,Rx,0,8,00,00,00,00,00,00,00,00,
5260756,00000113,false,Rx,0,8,00,00,00,00,00,00,00,00,
5260974,00000114,false,Rx,0,8,00,00,00,00,00,00,00,00,
5262752,00000516,false,Rx,0,8,61,02,00,00,00,00,FF,FF,
5264845,00000121,false,Rx,0,8,8B,3D,E0,00,00,00,00,05,
5264938,00000122,false,Rx,0,8,FF,D9,67,1F,46,47,46,45,
5265172,00000123,false,Rx,0,8,B6,02,00,00,00,00,01,00,
5265426,00000124,false,Rx,0,8,00,00,0A,00,00,00,20,40,
5266473,0000011B,false,Rx,0,8,8A,79,A4,05,80,08,28,02,
5266579,0000011C,false,Rx,0,8,00,05,20,00,22,00,01,01,
5266964,0000012B,false,Rx,0,8,6C,29,A4,06,00,00,08,00,
5267044,0000012C,false,Rx,0,8,00,00,01,00,00,64,00,00,
5267321,00000161,false,Rx,0,8,65,38,52,03,00,00,00,02,
5267648,000001B1,false,Rx,0,8,A4,9F,7F,00,72,00,00,00,
5267788,00000162,false,Rx,0,8,FF,FC,01,00,00,00,00,00,
5267979,000001B2,false,Rx,0,8,23,00,04,B7,0F,09,50,10,
5268263,000000FF,false,Rx,0,8,CB,10,00,00,00,00,02,00,
5268496,000001B3,false,Rx,0,8,10,33,37,00,5A,7B,6B,7D,
5268717,000001B4,false,Rx,0,8,65,7D,10,00,00,41,00,00,
5268951,00000394,false,Rx,0,8,2A,22,1A,49,00,00,00,00,
5269209,000003C3,false,Rx,0,8,45,10,31,30,36,00,00,00,
5269482,000003E0,false,Rx,0,8,01,70,01,00,54,03,00,00,
5270091,000003E5,false,Rx,0,8,8E,90,01,00,00,00,00,00,
5270376,000003E6,false,Rx,0,8,7F,00,00,00,00,00,00,00,
5271007,0000041A,false,Rx,0,8,95,40,12,00,00,00,00,00,
5271366,0000041B,false,Rx,0,8,60,30,00,00,00,00,00,00,
5271463,0000041C,false,Rx,0,8,E9,80,E0,00,00,00,00,00,
5271766,00000422,false,Rx,0,8,EA,C0,01,00,00,00,04,00,
5271990,00000432,false,Rx,0,8,03,20,02,00,00,00,00,00,
5273454,0000010B,false,Rx,0,8,AD,1C,EA,00,00,00,00,05,
5273788,0000010C,false,Rx,0,8,FF,F9,E7,1F,46,50,48,48,
5273853,00000435,false,Rx,0,8,9F,D0,00,40,00,00,00,00,
5273908,0000010D,false,Rx,0,8,B5,02,00,00,00,00,01,00,
5274247,00000442,false,Rx,0,8,CE,20,11,81,00,00,00,00,
5274463,0000010E,false,Rx,0,8,00,00,1E,00,00,C0,AB,57,
5274586,00000444,false,Rx,0,8,6C,30,20,50,55,50,00,00,
5274888,00000445,false,Rx,0,8,00,10,00,00,00,00,00,18,
5275128,00000464,false,Rx,0,8,B2,70,F0,FF,38,7F,05,00,
5275800,000004A3,false,Rx,1,8,80,00,48,0B,3E,00,00,00,
5276592,000004A4,false,Rx,1,8,FF,FF,FF,00,00,00,00,00,
5277426,000001A1,false,Rx,0,8,D6,68,52,FE,F7,7F,64,00,
5277531,000001A2,false,Rx,0,8,44,00,00,00,27,08,00,00,
5277917,000001A3,false,Rx,0,8,FF,F3,3F,00,00,00,00,00,
5278017,000001A4,false,Rx,0,8,FE,07,00,00,00,00,00,00,
5280391,0000030B,false,Rx,0,8,FE,DE,B2,00,04,00,00,00,
5280529,0000030C,false,Rx,0,8,00,00,0E,00,2C,00,A0,0F,
5280898,0000030D,false,Rx,0,8,00,00,00,00,43,00,00,00,
5281137,0000030E,false,Rx,0,8,00,00,18,05,21,00,00,00,
5282985,000001E6,false,Rx,0,8,AF,67,61,02,00,00,00,00,
5283192,000001BB,false,Rx,0,8,24,31,61,02,00,00,00,0A,
5283459,000001BC,false,Rx,0,8,32,00,00,00,02,00,00,00,
5283715,000001BD,false,Rx,0,8,00,00,00,00,00,00,00,00,
5283960,000001E7,false,Rx,0,8,00,00,22,03,20,01,00,00,
5285585,00000036,false,Rx,0,8,A3,2A,FF,51,00,00,25,05,
5285680,00000037,false,Rx,0,8,30,00,00,10,00,40,00,00,
5286074,00000038,false,Rx,0,8,04,00,00,00,B0,39,96,D4,
5286191,00000039,false,Rx,0,8,00,00,00,00,00,00,00,00,
5286470,0000019B,false,Rx,0,8,2C,8B,F5,00,00,E4,00,00,
5286888,0000019C,false,Rx,0,8,40,20,00,00,00,00,0B,09,
5287048,0000019D,false,Rx,0,8,00,10,00,01,00,00,00,00,
5287238,0000019E,false,Rx,0,8,15,00,00,00,00,32,00,00,
5287892,000001FB,false,Rx,0,8,53,A4,AA,00,00,00,00,00,
5288252,000001FC,false,Rx,0,8,00,00,00,00,00,00,00,00,
5288551,000001FD,false,Rx,0,8,00,1A,03,00,00,00,00,00,
5288622,000001FE,false,Rx,0,8,00,00,00,00,00,00,00,00,
5288925,00000475,false,Rx,0,8,12,00,00,00,00,00,00,00,
5289014,00000496,false,Rx,0,8,12,00,00,00,00,00,00,00,
5294427,00000383,false,Rx,0,8,5A,53,00,10,01,00,00,00,
5299799,00000448,false,Rx,0,8,DE,80,00,00,00,00,00,00,
5305071,00000061,false,Rx,0,8,7A,77,7F,00,00,00,00,00,
5305172,00000062,false,Rx,0,8,02,02,00,02,40,FF,00,FF,
5305574,00000063,false,Rx,0,8,00,00,05,00,00,08,FD,00,
5305674,00000064,false,Rx,0,8,00,00,00,04,FF,FA,00,00,
5305998,000000A1,false,Rx,0,8,34,F3,7F,53,61,02,8A,00,
5306579,000000A2,false,Rx,0,8,00,00,00,00,00,00,00,00,
5306706,000000A3,false,Rx,0,8,00,40,01,00,00,00,00,00,
5308425,00000382,false,Rx,0,8,2B,FE,21,00,00,05,09,00,
5310422,000002BF,false,Rx,0,8,FF,FF,FF,00,00,00,00,00,
5310570,0000047F,false,Rx,0,8,F0,FC,FF,FF,FF,FF,FF,FF,
5310993,00000653,false,Rx,0,8,0A,19,03,01,02,2A,00,00,
5311913,00000236,false,Rx,0,8,B3,7B,B1,00,34,6C,AE,62,
5312023,000002FB,false,Rx,0,8,B9,5A,B1,04,72,1A,B4,B4,
5312322,00000237,false,Rx,0,8,00,15,47,00,00,1E,1B,00,
5312422,00000151,false,Rx,0,8,F5,8C,B1,64,C8,00,28,18,
5312535,00000238,false,Rx,0,8,00,00,72,00,00,00,00,00,
5313076,00000152,false,Rx,0,8,14,17,17,00,51,00,00,00,
5313449,000001F6,false,Rx,0,8,BE,50,B1,00,00,00,00,0E,
5313744,00000153,false,Rx,0,8,00,00,00,00,00,00,00,00,
5314013,000001F7,false,Rx,0,8,26,00,DA,02,00,00,00,00,
5314137,00000154,false,Rx,0,8,00,00,00,00,00,00,00,00,
5314205,000001F8,false,Rx,0,8,00,5E,01,45,01,00,00,00,
5314249,000002FC,false,Rx,0,8,0F,00,14,18,00,00,8E,43,
5314422,000001F9,false,Rx,0,8,4B,00,64,C8,14,00,4B,00,
5314774,000002FD,false,Rx,0,8,00,00,00,00,00,1C,13,EA,
5314891,00000239,false,Rx,0,8,00,00,00,00,01,00,00,00,
5315365,000002FE,false,Rx,0,8,00,00,72,01,00,28,C8,02,
5315737,0000025B,false,Rx,0,8,05,A2,B1,40,40,20,00,00,
5316091,00000326,false,Rx,0,8,C7,27,B1,00,00,00,00,00,
5316381,0000025C,false,Rx,0,8,00,00,26,00,B4,2C,19,00,
5316611,00000327,false,Rx,0,8,00,00,00,00,05,00,00,00,
5316700,00000121,false,Rx,0,8,F4,11,E5,00,00,00,00,05,
5316776,0000025D,false,Rx,0,8,00,C8,00,00,00,80,C0,70,
5317138,0000011B,false,Rx,0,8,F9,40,A9,05,80,08,28,02,
5317418,00000122,false,Rx,0,8,FF,D9,67,1F,46,47,46,45,
5317463,0000011C,false,Rx,0,8,00,05,20,00,22,00,01,01,
5317571,00000123,false,Rx,0,8,B6,02,00,00,00,00,01,00,
5318341,000001E1,false,Rx,0,8,83,CE,55,02,00,00,00,00,
5318698,00000124,false,Rx,0,8,00,00,0A,00,00,00,20,40,
5318795,000001E2,false,Rx,0,8,00,00,00,00,00,00,00,00,
5319110,0000012B,false,Rx,0,8,1F,10,A9,06,00,00,08,00,
5319460,0000025E,false,Rx,0,8,56,07,0E,08,00,00,46,00,
5319627,0000012C,false,Rx,0,8,00,00,01,00,00,64,00,00,
5319693,00000328,false,Rx,0,8,DA,02,4B,00,00,5E,01,00,
5319758,00000419,false,Rx,0,8,E2,C0,27,D5,35,87,90,00,
5319897,00000329,false,Rx,0,8,64,45,01,00,00,00,00,00,
5319957,00000331,false,Rx,0,8,E4,82,B1,F1,C8,A0,2C,97,
5320251,00000332,false,Rx,0,8,E8,08,FC,03,00,00,00,00,
5320498,00000333,false,Rx,0,8,00,00,00,1C,0C,40,20,64,
5320740,00000334,false,Rx,0,8,C8,00,00,00,08,44,F4,8F,
5323310,0000010B,false,Rx,0,8,D2,30,EF,00,00,00,00,05,
5323410,0000010C,false,Rx,0,8,FF,F9,E7,1F,46,50,48,48,
5323786,0000010D,false,Rx,0,8,B5,02,00,00,00,00,01,00,
5323924,0000010E,false,Rx,0,8,00,00,1E,00,00,C0,AB,57,
5332104,00000316,false,Rx,0,8,CB,C3,01,34,06,80,0A,00,
5332513,00000317,false,Rx,0,8,00,00,05,00,00,00,00,00,
5332616,000003CB,false,Rx,0,8,36,14,00,F4,00,00,00,00,
5332682,00000472,false,Rx,0,8,5C,EC,00,40,08,41,00,45,
5333351,000003CC,false,Rx,0,8,36,31,34,30,33,34,31,00,
5333489,00000473,false,Rx,0,8,5F,24,00,25,00,00,00,78,
5333532,00000474,false,Rx,0,8,91,72,00,00,00,00,00,08,
5334329,00000091,false,Rx,0,8,84,88,B4,16,06,00,00,00,
5334575,000002E6,false,Rx,0,8,06,B8,B0,01,00,00,00,15,
5334805,00000092,false,Rx,0,8,25,00,00,00,50,02,00,00,
5335057,000002E7,false,Rx,0,8,0A,00,00,00,00,00,00,00,
5335326,00000093,false,Rx,0,8,00,00,00,00,00,00,00,00,
5335566,000002E8,false,Rx,0,8,00,00,00,00,00,00,00,00,
5335808,00000036,false,Rx,0,8,EC,13,04,51,00,00,25,05,
5336080,000002E9,false,Rx,0,8,00,00,00,00,00,00,00,00,
5336357,00000037,false,Rx,0,8,30,00,00,10,00,40,00,00,
5336781,000002FF,false,Rx,0,8,D4,CB,00,71,02,00,00,00,
5337347,00000038,false,Rx,0,8,04,00,00,00,B0,39,96,D4,
5337465,0000019B,false,Rx,0,8,AD,FF,FA,00,00,E4,00,00,
5337752,00000039,false,Rx,0,8,00,00,00,00,00,00,00,00,
5337892,0000019C,false,Rx,0,8,40,20,00,00,00,00,0B,09,
5337977,00000094,false,Rx,0,8,00,00,00,00,00,00,00,00,
5338274,0000019D,false,Rx,0,8,00,10,00,01,00,00,00,00,
5338392,00000256,false,Rx,0,8,5D,A1,B0,15,40,00,F0,00,
5338755,0000019E,false,Rx,0,8,15,00,00,00,00,32,00,00,
5339102,00000257,false,Rx,0,8,00,94,41,18,85,07,00,94,
5339435,00000258,false,Rx,0,8,35,EE,1A,00,10,15,00,28,
5339704,00000259,false,Rx,0,8,5C,05,8D,3C,4C,02,00,00,
5340787,00000401,false,Rx,0,8,C6,10,10,00,00,04,00,00,
5341725,00000384,false,Rx,0,8,BA,56,0D,01,00,FF,00,24,
5345810,000000C5,false,Rx,1,8,00,00,00,00,00,00,00,00,
5345969,00000244,false,Rx,1,8,FF,FF,FF,FF,FF,FF,FF,FF,
5346264,0000041F,false,Rx,1,8,00,0C,00,00,00,00,00,00,
5346786,000004B4,false,Rx,1,8,00,00,05,40,10,70,04,00,
5347074,000004B5,false,Rx,1,8,08,00,F0,07,00,00,00,00,
5347457,000004B7,false,Rx,1,8,08,00,F0,07,00,00,00,00,
5347548,000004CA,false,Rx,1,8,00,00,00,00,00,00,00,00,
5347649,000004CC,false,Rx,1,8,08,00,00,06,00,00,03,00,
5347867,000004CE,false,Rx,1,8,DE,01,00,00,00,00,F8,FF,
5348277,00000396,false,Rx,0,8,C7,F4,58,0F,08,02,00,02,
5348376,000004D7,false,Rx,1,8,23,01,00,00,00,00,00,00,
5348434,00000397,false,Rx,0,8,0C,00,43,10,3F,07,00,00,
5348483,000004D8,false,Rx,1,8,41,10,F0,F0,40,F2,1E,CC,
5349047,000004DD,false,Rx,1,8,00,00,FE,00,04,00,00,00,
5349827,0000042A,false,Rx,0,8,8E,83,0C,02,00,10,00,00,
5350320,00000398,false,Rx,0,8,00,00,00,00,00,00,00,00,
5350424,000004DF,false,Rx,1,8,00,00,08,00,00,00,00,00,
5350485,000004E7,false,Rx,1,8,00,30,00,00,00,00,69,00,
5350532,000004E8,false,Rx,1,8,FF,FF,FF,05,FF,FF,FF,00,
5350579,000004E9,false,Rx,1,8,12,00,00,34,00,00,50,00,
5350628,000004EA,false,Rx,1,8,67,00,00,89,00,00,00,00,
5351140,000004EB,false,Rx,1,8,02,80,15,05,80,00,00,00,
5351374,000004EC,false,Rx,1,8,00,00,00,00,00,00,00,00,
5351615,000004ED,false,Rx,1,8,00,00,00,00,00,FF,FF,1F,
5351884,000004EE,false,Rx,1,8,FF,FF,00,00,00,00,00,00,
5352176,000004EF,false,Rx,1,8,60,00,60,00,2B,14,00,00,
5352468,0000036F,false,Rx,0,8,28,31,01,00,00,00,00,00,
5352538,0000063D,false,Rx,1,8,00,80,00,00,00,00,00,00,
5352701,0000063E,false,Rx,1,8,FF,FF,FF,FF,FF,FF,FF,FF,
5352863,0000037F,false,Rx,0,8,55,90,52,24,41,02,00,00,
5353190,000001AB,false,Rx,0,8,36,9D,0E,50,70,38,00,00,
5353269,00000419,false,Rx,0,8,E2,C0,27,D5,35,87,90,00,
5353324,0000063F,false,Rx,1,8,00,10,00,C4,FF,00,00,00,
5353449,00000640,false,Rx,1,8,FF,FF,FF,00,FF,FF,FF,00,
5353550,000001AC,false,Rx,0,8,00,28,00,00,00,00,00,00,
5354059,00000641,false,Rx,1,8,FF,FF,FF,FF,0F,FF,FF,FF,
5354664,00000646,false,Rx,1,8,00,00,00,80,01,00,00,00,
5355262,00000061,false,Rx,0,8,35,4E,84,00,00,00,00,00,
5355841,00000062,false,Rx,0,8,02,02,00,02,40,FF,00,FF,
5356269,00000063,false,Rx,0,8,00,00,05,00,00,08,FD,00,
5356864,00000064,false,Rx,0,8,00,00,00,04,FF,FA,00,00,
5357040,000000A1,false,Rx,0,8,4A,F1,84,53,61,02,8A,00,
5357395,000000A2,false,Rx,0,8,00,00,00,00,00,00,00,00,
5357751,000000A3,false,Rx,0,8,00,40,01,00,00,00,00,00,
5358692,00000146,false,Rx,0,8,FE,07,84,10,04,05,00,00,
5358780,00000147,false,Rx,0,8,01,04,7D,00,40,48,07,00,
5359155,00000148,false,Rx,0,8,00,00,42,00,1E,89,40,05,
5359282,00000149,false,Rx,0,8,00,38,00,CC,00,00,00,00,
5361614,00000561,false,Rx,0,8,63,02,00,00,00,00,FF,FF,
5364955,00000121,false,Rx,0,8,83,A3,EA,00,00,00,00,05,
5365062,00000122,false,Rx,0,8,FF,D9,67,1F,46,48,46,45,
5365471,00000123,false,Rx,0,8,B6,02,00,00,00,00,01,00,
5365817,00000124,false,Rx,0,8,00,00,0A,00,00,00,20,40,
5366306,0000011B,false,Rx,0,8,66,28,AE,05,80,08,28,02,
5366571,0000011C,false,Rx,0,8,00,05,20,00,22,00,01,01,
5366985,0000012B,false,Rx,0,8,80,78,AE,06,00,00,08,00,
5367078,0000012C,false,Rx,0,8,00,00,01,00,00,64,00,00,
5367565,00000161,false,Rx,0,8,93,10,57,03,00,00,00,02,
5367908,000001B1,false,Rx,0,8,EB,A6,84,00,72,00,00,00,
5368201,00000162,false,Rx,0,8,FF,FC,01,00,00,00,00,00,
5368481,000001B2,false,Rx,0,8,23,00,04,B7,0F,09,50,10,
5368565,000001B3,false,Rx,0,8,10,33,37,00,5A,7B,6B,7D,
5368896,000001B4,false,Rx,0,8,65,7D,10,00,00,41,00,00,
5371951,000003B0,false,Rx,0,8,72,37,FF,C7,00,00,03,C0,
5372122,00000405,false,Rx,0,8,D2,10,00,00,00,01,00,00,
5372461,00000410,false,Rx,0,8,6A,60,57,3C,DE,6A,FF,FF,
5372846,00000411,false,Rx,0,8,04,D1,50,51,00,00,44,04,
5372950,00000413,false,Rx,0,8,08,60,00,00,00,00,00,00,
5373109,00000412,false,Rx,0,8,CC,E0,00,00,00,00,00,00,
5373318,0000010B,false,Rx,0,8,AF,F5,F4,00,00,00,00,05,
5373562,00000414,false,Rx,0,8,41,70,00,00,28,00,00,00,
5373801,0000010C,false,Rx,0,8,FF,F9,E7,1F,46,50,48,48,
5374245,00000416,false,Rx,0,8,55,00,00,00,00,00,00,00,
5374334,0000010D,false,Rx,0,8,B5,02,00,00,00,00,01,00,
5374717,00000417,false,Rx,0,8,20,E0,00,00,00,00,00,00,
5375271,0000010E,false,Rx,0,8,00,00,1E,00,00,C0,AB,57,
5375625,00000418,false,Rx,0,8,07,C0,00,00,14,0C,00,00,
5377526,000001A1,false,Rx,0,8,A9,44,57,FE,F7,7F,64,00,
5377623,000001A2,false,Rx,0,8,44,00,00,00,27,08,00,00,
5377808,000001A3,false,Rx,0,8,FF,F3,3F,00,00,00,00,00,
5378048,000001A4,false,Rx,0,8,FE,07,00,00,00,00,00,00,
5378447,00000485,false,Rx,0,8,00,40,11,02,00,00,00,00,
5381402,000003B2,false,Rx,0,8,36,15,FF,02,29,2F,34,00,
5385629,00000036,false,Rx,0,8,E1,D5,09,51,00,00,25,05,
5385730,00000037,false,Rx,0,8,30,00,00,10,00,40,00,00,
5386169,00000038,false,Rx,0,8,04,00,00,00,B0,39,96,D4,
5386472,00000039,false,Rx,0,8,00,00,00,00,00,00,00,00,
5386550,0000019B,false,Rx,0,8,D2,D3,FF,00,00,E4,00,00,
5386625,0000019C,false,Rx,0,8,40,20,00,00,00,00,0B,09,
5387067,0000019D,false,Rx,0,8,00,10,00,01,00,00,00,00,
5387290,0000019E,false,Rx,0,8,15,00,00,00,00,32,00,00,
5388402,00000380,false,Rx,0,8,96,92,03,08,08,08,08,01,
5389956,000001F1,false,Rx,0,8,CB,06,1B,01,00,00,28,00,
5390041,000001F2,false,Rx,0,8,00,00,00,00,00,00,00,00,
5390449,00000427,false,Rx,0,8,1D,86,FF,00,80,0A,00,00,
5392659,00000419,false,Rx,0,8,E2,C0,27,D5,35,87,90,00,
5405060,00000061,false,Rx,0,8,38,88,89,00,00,00,00,00,
5405141,00000062,false,Rx,0,8,02,02,00,02,40,FF,00,FF,
5405570,00000063,false,Rx,0,8,00,00,05,00,00,08,FD,00,
5405642,00000064,false,Rx,0,8,00,00,00,04,FF,FA,00,00,
5406045,000000A1,false,Rx,0,8,7C,B2,89,53,61,02,8A,00,
5406647,000000A2,false,Rx,0,8,00,00,00,00,00,00,00,00,
5406761,000000A3,false,Rx,0,8,00,40,01,00,00,00,00,00,
5407743,000004F0,false,Rx,1,8,4A,10,15,06,5C,1A,0B,02,
5414871,00000121,false,Rx,0,8,0A,49,EF,00,00,00,00,05,
5414964,00000122,false,Rx,0,8,FF,D9,67,1F,46,47,46,45,
5415390,00000123,false,Rx,0,8,B6,02,00,00,00,00,01,00,
5415477,00000124,false,Rx,0,8,00,00,0A,00,00,00,20,40,
5416381,0000011B,false,Rx,0,8,1F,32,B3,05,80,08,28,02,
5416582,0000011C,false,Rx,0,8,00,05,20,00,22,00,01,01,
5416785,0000012B,false,Rx,0,8,F9,62,B3,06,00,00,08,00,
5417110,0000012C,false,Rx,0,8,00,00,01,00,00,64,00,00,
5423380,0000010B,false,Rx,0,8,A2,33,F9,00,00,00,00,05,
5423472,0000010C,false,Rx,0,8,FF,F9,E7,1F,46,50,48,48,
5423915,0000010D,false,Rx,0,8,B5,02,00,00,00,00,01,00,
5423980,0000010E,false,Rx,0,8,00,00,1E,00,00,C0,AB,57,
5431875,00000226,false,Rx,0,8,A5,E2,03,FF,63,60,09,42,
5431966,00000227,false,Rx,0,8,02,94,00,09,03,F1,9F,03,
5433113,000001E6,false,Rx,0,8,59,4F,64,02,00,00,00,00,
5433210,000001BB,false,Rx,0,8,2B,DA,64,02,00,00,00,0A,
5433474,000001BC,false,Rx,0,8,32,00,00,00,02,00,00,00,
5433921,000001BD,false,Rx,0,8,00,00,00,00,00,00,00,00,
5434036,000001E7,false,Rx,0,8,00,00,22,03,20,01,00,00,
5434435,00000091,false,Rx,0,8,E5,C0,B5,16,06,00,00,00,
5434779,00000092,false,Rx,0,8,24,00,00,00,40,02,00,00,
5435114,00000093,false,Rx,0,8,00,00,00,00,00,00,00,00,
5435402,00000094,false,Rx,0,8,00,00,00,00,00,00,00,00,
5435709,000003AA,false,Rx,0,8,FF,00,D0,00,54,00,00,00,
5436071,00000036,false,Rx,0,8,12,4B,0E,51,00,00,25,05,
5436403,00000037,false,Rx,0,8,30,00,00,10,00,40,00,00,
5436488,00000038,false,Rx,0,8,04,00,00,00,B0,39,96,D4,
5436829,00000039,false,Rx,0,8,00,00,00,00,00,00,00,00,
5436897,0000019B,false,Rx,0,8,9D,EA,04,00,00,E4,00,00,
5437076,00000487,false,Rx,1,8,00,00,00,00,00,00,00,00,
5437124,0000019C,false,Rx,0,8,40,20,00,00,00,00,0B,09,
5437284,000002D6,false,Rx,0,8,53,C1,58,00,00,00,00,00,
5437432,00000642,false,Rx,1,8,FF,FF,FF,FF,FF,FF,00,00,
5437648,0000019D,false,Rx,0,8,00,10,00,01,00,00,00,00,
5437791,000002D7,false,Rx,0,8,00,00,00,00,03,00,00,00,
5438010,0000019E,false,Rx,0,8,15,00,00,00,00,32,00,00,
5438436,000002D8,false,Rx,0,8,00,00,00,00,00,00,38,47,
5438715,000002EB,false,Rx,0,8,97,2F,58,07,08,01,00,02,
5438787,000002D9,false,Rx,0,8,00,00,00,00,00,00,00,00,
5439392,000002EC,false,Rx,0,8,12,00,CF,00,59,00,00,00,
5439517,000003B6,false,Rx,0,8,E2,A8,58,00,00,00,00,46,
5439851,000002ED,false,Rx,0,8,00,00,00,00,00,00,00,00,
5440159,000003B7,false,Rx,0,8,46,00,00,00,00,00,00,00,
5440426,000002EE,false,Rx,0,8,00,00,00,00,00,00,00,00,
5440738,000003B8,false,Rx,0,8,B2,02,00,00,00,00,69,0E,
5440855,000003B9,false,Rx,0,8,00,00,00,00,00,00,00,00,
5441416,00000495,false,Rx,0,8,49,00,00,00,00,00,00,00,
5446850,00000251,false,Rx,0,8,EA,78,B2,00,00,00,00,00,
5446933,00000252,false,Rx,0,8,00,00,1B,1B,03,00,00,00,
5447058,000004F0,false,Rx,1,8,4A,10,15,06,5C,1A,0B,02,
5447105,000002AB,false,Rx,0,8,A3,F9,B5,0C,0C,00,00,00,
5447353,00000253,false,Rx,0,8,00,00,00,58,58,00,80,4D,
5447718,000002AC,false,Rx,0,8,00,FF,FF,00,00,40,00,54,
5448132,000002AD,false,Rx,0,8,00,01,00,40,FF,FF,FF,0F,
5448290,000003B1,false,Rx,0,8,C1,DE,00,80,00,00,20,00,
5448650,000002AE,false,Rx,0,8,01,00,FF,3F,01,01,00,00,
5448858,0000033B,false,Rx,0,8,FB,93,B4,00,00,00,00,00,
5449015,000002B6,false,Rx,0,8,19,DF,B5,01,00,00,00,40,
5449321,0000033C,false,Rx,0,8,00,00,00,00,F0,00,00,00,
5449521,000002B7,false,Rx,0,8,9F,00,50,1C,00,04,00,00,
5449774,0000033D,false,Rx,0,8,00,00,00,00,00,00,00,00,
5450010,000002B8,false,Rx,0,8,FF,F8,10,00,00,00,00,00,
5450266,0000033E,false,Rx,0,8,00,00,00,00,00,00,00,00,
5450683,000002B9,false,Rx,0,8,0A,00,00,00,00,00,00,00,
5450835,00000356,false,Rx,0,8,A0,9A,5A,00,00,00,00,00,
5450991,000002C1,false,Rx,0,8,94,0E,5B,21,00,41,00,D3,
5451232,00000357,false,Rx,0,8,00,00,00,00,00,4B,4D,48,
5451484,000002C2,false,Rx,0,8,18,00,00,00,00,00,00,00,
5451720,00000358,false,Rx,0,8,35,41,45,4D,52,37,33,4F,
5451923,00000563,false,Rx,1,8,65,02,00,00,00,00,FF,FF,
5452140,000002C3,false,Rx,0,8,00,00,00,00,00,00,00,00,
5452239,00000359,false,Rx,0,8,51,4F,34,52,4A,35,33,00,
5452446,000002C4,false,Rx,0,8,00,00,00,00,00,00,00,00,
5452676,000001AB,false,Rx,0,8,4F,87,13,50,70,38,00,00,
5452926,000002E1,false,Rx,0,8,9F,94,B5,00,00,00,00,40,
5453181,000001AC,false,Rx,0,8,00,28,00,00,00,00,00,00,
5453445,000002E2,false,Rx,0,8,FD,00,00,00,00,14,00,04,
5453670,0000036F,false,Rx,0,8,20,41,01,00,00,00,00,00,
5453914,000002E3,false,Rx,0,8,00,00,00,00,00,00,72,01,
5454146,0000037F,false,Rx,0,8,83,A0,52,24,41,02,00,00,
5454390,000002E4,false,Rx,0,8,02,00,00,00,00,00,00,00,
5454640,000003A1,false,Rx,0,8,BB,88,40,00,FF,FF,FF,FF,
5454865,00000061,false,Rx,0,8,CB,16,8E,00,00,00,00,00,
5455125,000003A2,false,Rx,0,8,00,00,00,00,00,00,00,00,
5455361,00000062,false,Rx,0,8,02,02,00,02,40,FF,00,FF,
5455651,00000063,false,Rx,0,8,00,00,05,00,00,08,FD,00,
5455903,00000064,false,Rx,0,8,00,00,00,04,FF,FA,00,00,
5456129,000000A1,false,Rx,0,8,75,37,8E,53,61,02,8A,00,
5456421,000000A2,false,Rx,0,8,00,00,00,00,00,00,00,00,
5456850,000000A3,false,Rx,0,8,00,40,01,00,00,00,00,00,
5458481,00000146,false,Rx,0,8,05,14,89,10,04,05,00,00,
5458588,00000147,false,Rx,0,8,01,04,7D,00,40,49,07,00,
5458867,00000148,false,Rx,0,8,00,00,42,00,1E,89,40,05,
5459121,00000149,false,Rx,0,8,00,38,00,CC,00,00,00,00,
5460105,00000111,false,Rx,0,8,BC,AE,88,01,00,00,00,00,
5460445,00000112,false,Rx,0,8,00,00,00,00,00,00,00,00,
5460749,00000113,false,Rx,0,8,00,00,00,00,00,00,00,00,
5460845,00000114,false,Rx,0,8,00,00,00,00,00,00,00,00,
5464901,00000121,false,Rx,0,8,77,8C,F4,00,00,00,00,05,
5464993,00000122,false,Rx,0,8,FF,D9,67,1F,46,47,46,45,
5465328,00000123,false,Rx,0,8,B6,02,00,00,00,00,01,00,
5465460,00000124,false,Rx,0,8,00,00,0A,00,00,00,20,40,
5466535,00000161,false,Rx,0,8,5B,E9,5C,03,00,00,00,02,
5466665,00000162,false,Rx,0,8,FF,FC,01,00,00,00,00,00,
5467057,0000011B,false,Rx,0,8,D7,CB,B8,05,80,08,28,02,
5467129,0000012B,false,Rx,0,8,31,9B,B8,06,00,00,08,00,
5467294,0000011C,false,Rx,0,8,00,05,20,00,22,00,01,01,
5467492,0000012C,false,Rx,0,8,00,00,01,00,00,64,00,00,
5467859,000001E1,false,Rx,0,8,F0,F7,58,02,00,00,00,00,
5468006,000001B1,false,Rx,0,8,E6,60,89,00,72,00,00,00,
5468272,000000FF,false,Rx,0,8,CB,10,00,00,00,00,02,00,
5468471,000001B2,false,Rx,0,8,23,00,04,B7,0F,09,50,10,
5468712,000001B3,false,Rx,0,8,10,33,37,00,5A,7B,6B,7D,
5468956,00000394,false,Rx,0,8,2A,22,1A,49,00,00,00,00,
5469198,000001B4,false,Rx,0,8,65,7D,10,00,00,41,00,00,
5469426,000003C3,false,Rx,0,8,45,10,31,30,36,00,00,00,
5469676,000001E2,false,Rx,0,8,00,00,00,00,00,00,00,00,
5469930,000003E0,false,Rx,0,8,01,70,01,00,54,03,00,00,
5470186,000003E5,false,Rx,0,8,8E,90,01,00,00,00,00,00,
5470452,000003E6,false,Rx,0,8,7F,00,00,00,00,00,00,00,
5470697,0000041A,false,Rx,0,8,95,40,12,00,00,00,00,00,
5470961,0000041B,false,Rx,0,8,60,30,00,00,00,00,00,00,
5471245,0000041C,false,Rx,0,8,E9,80,E0,00,00,00,00,00,
5471493,00000422,false,Rx,0,8,EA,C0,01,00,00,00,04,00,
5471880,00000432,false,Rx,0,8,03,20,02,00,00,00,00,00,
5472117,00000444,false,Rx,0,8,6C,30,20,50,55,50,00,00,
5473518,0000010B,false,Rx,0,8,51,AD,FE,00,00,00,00,05,
5473762,00000435,false,Rx,0,8,9F,D0,00,40,00,00,00,00,
5474128,0000010C,false,Rx,0,8,FF,F9,E7,1F,46,50,48,48,
5474245,00000442,false,Rx,0,8,CE,20,11,81,00,00,00,00,
5474319,0000010D,false,Rx,0,8,B5,02,00,00,00,00,01,00,
5474363,00000445,false,Rx,0,8,00,10,00,00,00,00,00,18,
5474781,0000010E,false,Rx,0,8,00,00,1E,00,00,C0,AB,57,
5475052,00000464,false,Rx,0,8,B2,70,F0,FF,38,7F,05,00,
5477707,000001A1,false,Rx,0,8,11,45,5C,FE,F7,7F,64,00,
5477801,000001A2,false,Rx,0,8,44,00,00,00,27,08,00,00,
5477859,000001A3,false,Rx,0,8,FF,F3,3F,00,00,00,00,00,
5477965,000004A3,false,Rx,1,8,80,00,48,0B,3E,00,00,00,
5478037,000001A4,false,Rx,0,8,FE,07,00,00,00,00,00,00,
5478294,000004A4,false,Rx,1,8,FF,FF,FF,00,00,00,00,00,
5480307,0000030B,false,Rx,0,8,18,E1,B4,00,04,00,00,00,
5480473,0000030C,false,Rx,0,8,00,00,0E,00,2C,00,A0,0F,
5480732,0000030D,false,Rx,0,8,00,00,00,00,43,00,00,00,
5480976,0000030E,false,Rx,0,8,00,00,18,05,21,00,00,FE,
5485530,00000036,false,Rx,0,8,DA,49,13,51,00,00,25,05,
5485809,00000037,false,Rx,0,8,30,00,00,10,00,40,00,00,
5485988,00000038,false,Rx,0,8,04,00,00,00,B0,39,96,D4,
5486271,00000039,false,Rx,0,8,00,00,00,00,00,00,00,00,
5486479,0000019B,false,Rx,0,8,90,2C,09,00,00,E4,00,00,
5486827,0000019C,false,Rx,0,8,40,20,00,00,00,00,0B,09,
5487064,0000019D,false,Rx,0,8,00,10,00,01,00,00,00,00,
5487241,0000019E,false,Rx,0,8,15,00,00,00,00,32,00,00,
5487625,000001FB,false,Rx,0,8,E6,63,AC,00,00,00,00,00,
5487880,000001FC,false,Rx,0,8,00,00,00,00,00,00,00,00,
5488101,000004F0,false,Rx,1,8,4A,10,15,06,5C,1A,0B,02,
5488227,000001FD,false,Rx,0,8,00,1A,03,00,00,00,00,00,
5488384,00000475,false,Rx,0,8,12,00,00,00,00,00,00,00,
5488635,000001FE,false,Rx,0,8,00,00,00,00,00,00,00,00,
5488892,00000496,false,Rx,0,8,12,00,00,00,00,00,00,00,
5494579,00000383,false,Rx,0,8,5A,53,00,10,01,00,00,00,
5499839,00000448,false,Rx,0,8,DE,80,00,00,00,00,00,00,
5505017,00000061,false,Rx,0,8,03,14,93,00,00,00,00,00,
5505121,00000062,false,Rx,0,8,02,02,00,02,40,FF,00,FF,
5505436,00000063,false,Rx,0,8,00,00,05,00,00,08,FD,00,
5505691,00000064,false,Rx,0,8,00,00,00,04,FF,FA,00,00,
5505912,000000A1,false,Rx,0,8,10,34,93,53,61,02,8A,00,
5506267,000000A2,false,Rx,0,8,00,00,00,00,00,00,00,00,
5506896,000000A3,false,Rx,0,8,00,40,01,00,00,00,00,00,
5508837,000004E8,false,Rx,1,8,FF,FF,FF,05,FF,FF,FF,00,
5509104,00000382,false,Rx,0,8,2B,FE,21,00,00,05,09,00,
5510670,000002BF,false,Rx,0,8,FF,FF,FF,00,00,00,00,00,
5510797,0000047F,false,Rx,0,8,F0,FC,FF,FF,FF,FF,FF,FF,
5511134,00000653,false,Rx,0,8,0A,19,03,01,02,2A,00,00,
5511698,00000236,false,Rx,0,8,3F,C9,B3,00,34,6C,AE,62,
5512020,00000237,false,Rx,0,8,00,15,47,00,00,1E,1B,00,
5512083,00000151,false,Rx,0,8,79,3E,B3,64,C8,00,28,18,
5512477,00000238,false,Rx,0,8,00,00,72,00,00,00,00,00,
5512767,00000152,false,Rx,0,8,14,17,17,00,51,00,00,00,
5513103,000001F6,false,Rx,0,8,32,E2,B3,00,00,00,00,0E,
5513444,00000153,false,Rx,0,8,00,00,00,00,00,00,00,00,
5513759,000001F7,false,Rx,0,8,26,00,DA,02,00,00,00,00,
5514071,00000154,false,Rx,0,8,00,00,00,00,00,00,00,00,
5514176,000001F8,false,Rx,0,8,00,5E,01,45,01,00,00,00,
5514479,000002FB,false,Rx,0,8,54,44,B3,04,72,1A,B4,B4,
5514753,000001F9,false,Rx,0,8,4B,00,64,C8,14,00,4B,00,
5514846,000002FC,false,Rx,0,8,0E,00,14,18,00,00,8E,43,
5515143,00000239,false,Rx,0,8,00,00,00,00,01,00,00,00,
5515451,00000121,false,Rx,0,8,7A,4A,F9,00,00,00,00,05,
5515814,0000025B,false,Rx,0,8,B9,1F,B3,40,40,20,00,00,
5516142,00000122,false,Rx,0,8,FF,D9,67,1F,46,47,46,45,
5516327,0000025C,false,Rx,0,8,00,00,26,00,B4,2C,19,00,
5516381,00000123,false,Rx,0,8,B6,02,00,00,00,00,01,00,
5516429,0000025D,false,Rx,0,8,00,C8,00,00,00,80,C0,70,
5516478,00000124,false,Rx,0,8,00,00,0A,00,00,00,20,40,
5517151,0000025E,false,Rx,0,8,03,07,0E,01,00,00,46,00,
5517739,0000011B,false,Rx,0,8,21,E3,BD,05,80,08,28,02,
5518078,0000012B,false,Rx,0,8,C7,B3,BD,06,00,00,08,00,
5518385,0000011C,false,Rx,0,8,00,05,20,00,22,00,01,01,
5518488,0000012C,false,Rx,0,8,00,00,01,00,00,64,00,00,
5518719,000002FD,false,Rx,0,8,00,00,00,00,00,1C,13,EA,
5518788,000002FE,false,Rx,0,8,00,00,72,01,00,28,C8,02,
5519088,00000326,false,Rx,0,8,4B,95,B3,00,00,00,00,00,
5519426,00000327,false,Rx,0,8,00,00,00,00,05,00,00,00,
5519502,00000328,false,Rx,0,8,DA,02,4B,00,00,5E,01,00,
5519824,00000415,false,Rx,0,8,40,13,10,00,08,01,00,00,
5520145,00000329,false,Rx,0,8,64,45,01,00,00,00,00,00,
5520416,00000331,false,Rx,0,8,68,30,B3,F1,C8,A0,2C,97,
5520800,00000332,false,Rx,0,8,E8,08,FC,03,00,00,00,00,
5521110,00000333,false,Rx,0,8,00,00,00,1C,0C,40,20,64,
5521448,00000334,false,Rx,0,8,C8,00,00,00,08,44,F4,8F,
5523281,0000010B,false,Rx,0,8,AB,53,03,00,00,00,00,05,
5523374,0000010C,false,Rx,0,8,FF,F9,E7,1F,46,50,48,48,
5523662,0000010D,false,Rx,0,8,B5,02,00,00,00,00,01,00,
5523904,0000010E,false,Rx,0,8,00,00,1E,00,00,C0,AB,57,
5531858,000002FF,false,Rx,0,8,D4,CB,00,71,02,00,00,00,
5531950,00000316,false,Rx,0,8,86,2B,02,34,06,80,0A,00,
5532356,00000472,false,Rx,0,8,5C,EC,00,40,08,41,00,45,
5532454,00000317,false,Rx,0,8,00,00,05,00,00,00,00,00,
5532789,00000473,false,Rx,0,8,5F,24,00,25,00,00,00,78,
5533135,00000474,false,Rx,0,8,91,72,00,00,00,00,00,08,
5534611,00000091,false,Rx,0,8,2F,2B,B6,16,06,00,00,00,
5534722,000002E6,false,Rx,0,8,8A,0A,B2,01,00,00,00,15,
5535134,00000092,false,Rx,0,8,24,00,00,00,40,02,00,00,
5535194,000002E7,false,Rx,0,8,0A,00,00,00,00,00,00,00,
5535467,00000093,false,Rx,0,8,00,00,00,00,00,00,00,00,
5535587,000002E8,false,Rx,0,8,00,00,00,00,00,00,00,00,
5535991,00000036,false,Rx,0,8,62,48,18,51,00,00,25,05,
5536335,000002E9,false,Rx,0,8,00,00,00,00,00,00,00,00,
5536612,00000037,false,Rx,0,8,30,00,00,10,00,40,00,00,
5536888,00000038,false,Rx,0,8,04,00,00,00,B0,39,96,D4,
5537031,0000019B,false,Rx,0,8,63,B2,0E,00,00,E4,00,00,
5537086,00000039,false,Rx,0,8,00,00,00,00,00,00,00,00,
5537283,0000019C,false,Rx,0,8,40,20,00,00,00,00,0B,09,
5537660,00000094,false,Rx,0,8,00,00,00,00,00,00,00,00,
5538231,0000019D,false,Rx,0,8,00,10,00,01,00,00,00,00,
5538350,00000256,false,Rx,0,8,71,C3,B2,15,40,00,F0,00,
5538648,0000019E,false,Rx,0,8,15,00,00,00,00,32,00,00,
5538811,00000257,false,Rx,0,8,00,94,41,19,85,07,00,94,
5538881,00000258,false,Rx,0,8,35,EC,1A,00,10,15,00,28,
5539299,00000259,false,Rx,0,8,62,05,8D,3C,4C,02,00,00,
5540275,000001F1,false,Rx,0,8,3D,2E,1E,01,00,00,28,00,
5540578,000001F2,false,Rx,0,8,00,00,00,00,00,00,00,00,
5540690,00000401,false,Rx,0,8,C6,10,10,00,00,04,00,00,
5541597,00000384,false,Rx,0,8,BA,56,0D,01,00,FF,00,24,
5547818,000000C5,false,Rx,1,8,00,00,00,00,00,00,00,00,
5547907,00000244,false,Rx,1,8,FF,FF,FF,FF,FF,FF,FF,FF,
5548208,000004B4,false,Rx,1,8,00,00,05,40,10,70,04,00,
5548564,00000396,false,Rx,0,8,3B,31,59,0F,08,02,00,02,
5548634,000004B5,false,Rx,1,8,08,00,F0,07,00,00,00,00,
5548703,000004B7,false,Rx,1,8,08,00,F0,07,00,00,00,00,
5548826,00000397,false,Rx,0,8,1C,00,43,10,3F,07,00,00,
5549087,0000042A,false,Rx,0,8,8E,83,0C,02,00,10,00,00,
5549242,000004CA,false,Rx,1,8,00,00,00,00,00,00,00,00,
5549317,00000398,false,Rx,0,8,00,00,00,00,00,00,00,00,
5549760,000004CC,false,Rx,1,8,08,00,00,06,00,00,03,00,
5550209,000004CE,false,Rx,1,8,DE,01,00,00,00,00,F8,FF,
5550757,000004D7,false,Rx,1,8,23,01,00,00,00,00,00,00,
5550928,000004D8,false,Rx,1,8,41,10,F0,F0,40,F2,1E,CC,
5551222,000004DD,false,Rx,1,8,00,00,FE,00,04,00,00,00,
5551498,000004DF,false,Rx,1,8,00,00,08,00,00,00,00,00,
5551744,000004E7,false,Rx,1,8,00,30,00,00,00,00,69,00,
5552026,000004E8,false,Rx,1,8,FF,FF,FF,05,FF,FF,FF,00,
5552275,000004E9,false,Rx,1,8,12,00,00,34,00,00,50,00,
5552574,000001AB,false,Rx,0,8,87,7E,18,50,70,38,00,00,
5552650,000004EA,false,Rx,1,8,67,00,00,89,00,00,00,00,
5552698,0000036F,false,Rx,0,8,99,51,01,00,00,00,00,00,
5552841,000004EB,false,Rx,1,8,02,80,15,06,80,00,00,00,
5552930,000001AC,false,Rx,0,8,00,28,00,00,00,00,00,00,
5553086,0000037F,false,Rx,0,8,3A,B0,52,24,41,02,00,00,
5553292,000004EC,false,Rx,1,8,00,00,00,00,00,00,00,00,
5554274,000004ED,false,Rx,1,8,00,00,00,00,00,FF,FF,1F,
5554524,000004EE,false,Rx,1,8,FF,FF,00,00,00,00,00,00,
5554978,000004EF,false,Rx,1,8,60,00,60,00,2B,14,00,00,
5555737,00000061,false,Rx,0,8,BB,15,98,00,00,00,00,00,
5556344,000004F0,false,Rx,1,8,4A,10,15,06,5C,1A,0B,02,
5556638,000004F1,false,Rx,1,8,00,C0,00,00,00,00,00,00,
5557369,00000062,false,Rx,0,8,02,02,00,02,40,FF,00,FF,
5557606,000004F2,false,Rx,1,8,02,FF,DD,FF,03,01,00,00,
5558202,00000063,false,Rx,0,8,00,00,05,00,00,08,FD,00,
5558498,000004F3,false,Rx,1,8,00,00,00,00,30,00,00,00,
5558686,00000064,false,Rx,0,8,00,00,00,04,FF,FA,00,00,
5558780,000004F9,false,Rx,1,8,E0,FF,FF,FF,FF,FF,FF,FF,
5558846,000000A1,false,Rx,0,8,2C,C5,98,53,61,02,8A,00,
5559153,0000063D,false,Rx,1,8,00,80,00,00,00,00,00,00,
5559259,0000063E,false,Rx,1,8,FF,FF,FF,FF,FF,FF,FF,FF,
5559356,000000A2,false,Rx,0,8,00,00,00,00,00,00,00,00,
5559415,0000063F,false,Rx,1,8,00,10,00,C4,FF,00,00,00,
5559459,000000A3,false,Rx,0,8,00,40,01,00,00,00,00,00,
5559507,00000640,false,Rx,1,8,FF,FF,FF,00,FF,FF,FF,00,
5559575,00000641,false,Rx,1,8,FF,FF,FF,FF,0F,FF,FF,FF,
5559646,00000646,false,Rx,1,8,00,00,00,80,01,00,00,00,
5559715,00000146,false,Rx,0,8,F6,8A,8E,10,04,05,00,00,
5559819,00000147,false,Rx,0,8,01,04,7D,00,40,49,07,00,
5559865,00000148,false,Rx,0,8,00,00,42,00,1E,89,40,05,
5559909,00000149,false,Rx,0,8,00,38,00,CC,00,00,00,00,
5564899,00000121,false,Rx,0,8,7F,12,FE,00,00,00,00,05,
5564991,00000122,false,Rx,0,8,FF,D9,67,1F,46,48,46,45,
5565392,00000123,false,Rx,0,8,B6,02,00,00,00,00,01,00,
5565480,00000124,false,Rx,0,8,00,00,0A,00,00,00,20,40,
5567010,0000011B,false,Rx,0,8,0D,73,C2,05,80,08,28,02,
5567130,0000012B,false,Rx,0,8,EB,23,C2,06,00,00,08,00,
5567500,0000011C,false,Rx,0,8,00,05,20,00,22,00,01,01,
5567569,0000012C,false,Rx,0,8,00,00,01,00,00,64,00,00,
5567986,000001B1,false,Rx,0,8,15,FE,8E,00,72,00,00,00,
5568264,00000161,false,Rx,0,8,36,B5,61,03,00,00,00,02,
5568341,000001B2,false,Rx,0,8,23,00,04,B7,0F,09,50,10,
5568990,00000162,false,Rx,0,8,FF,FC,01,00,00,00,00,00,
5569324,000001B3,false,Rx,0,8,10,33,37,00,5A,7B,6B,7D,
5569616,000001B4,false,Rx,0,8,65,7D,10,00,00,41,00,00,
5571477,000003B0,false,Rx,0,8,72,37,FF,C7,00,00,03,C0,
5572322,00000405,false,Rx,0,8,D2,10,00,00,00,01,00,00,
5572427,00000410,false,Rx,0,8,6A,60,57,3C,DE,6A,FF,FF,
5572834,00000411,false,Rx,0,8,04,D1,50,51,00,00,44,04,
5573202,00000412,false,Rx,0,8,CC,E0,00,00,00,00,00,00,
5573319,00000413,false,Rx,0,8,08,60,00,00,00,00,00,00,
5573671,0000010B,false,Rx,0,8,13,52,08,00,00,00,00,05,
5573960,00000414,false,Rx,0,8,41,70,00,00,28,00,00,00,
5574039,0000010C,false,Rx,0,8,FF,F9,E7,1F,46,50,48,48,
5574121,00000416,false,Rx,0,8,55,00,00,00,00,00,00,00,
5574335,0000010D,false,Rx,0,8,B5,02,00,00,00,00,01,00,
5574682,00000417,false,Rx,0,8,20,E0,00,00,00,00,00,00,
5574923,0000010E,false,Rx,0,8,00,00,1E,00,00,C0,AB,57,
5575164,00000418,false,Rx,0,8,07,C0,00,00,14,0C,00,00,
5575659,00000419,false,Rx,0,8,E2,C0,27,D5,35,87,90,00,
5577964,000001A1,false,Rx,0,8,72,DE,61,FE,F7,7F,64,00,
5578081,000001A2,false,Rx,0,8,44,00,00,00,27,08,00,00,
5578129,000001A3,false,Rx,0,8,FF,F3,3F,00,00,00,00,00,
5578487,000001A4,false,Rx,0,8,FE,07,00,00,00,00,00,00,
5581484,000003B2,false,Rx,0,8,36,15,FF,02,29,2F,34,00,
5583729,000001E6,false,Rx,0,8,14,A7,67,02,00,00,00,00,
5583904,000001BB,false,Rx,0,8,2E,83,67,02,00,00,00,0A,
5584251,000001BC,false,Rx,0,8,32,00,00,00,02,00,00,00,
5584308,000001BD,false,Rx,0,8,00,00,00,00,00,00,00,00,
5584606,000001E7,false,Rx,0,8,00,00,22,03,20,01,00,00,
5585723,00000036,false,Rx,0,8,1D,64,1D,51,00,00,25,05,
5585837,00000037,false,Rx,0,8,30,00,00,10,00,40,00,00,
5586166,00000038,false,Rx,0,8,04,00,00,00,B0,39,96,D4,
5586259,00000039,false,Rx,0,8,00,00,00,00,00,00,00,00,
5586675,0000019B,false,Rx,0,8,AB,B0,13,00,00,E4,00,00,
5587030,0000019C,false,Rx,0,8,40,20,00,00,00,00,0B,09,
5587349,0000019D,false,Rx,0,8,00,10,00,01,00,00,00,00,
5587529,0000019E,false,Rx,0,8,15,00,00,00,00,32,00,00,
5588308,00000380,false,Rx,0,8,96,92,03,08,08,08,08,01,
5589332,000004E8,false,Rx,1,8,FF,FF,FF,05,FF,FF,FF,00,
5590490,00000427,false,Rx,0,8,1D,86,FF,00,80,0A,00,00,
5605012,00000061,false,Rx,0,8,C4,39,9D,00,00,00,00,00,
5605105,00000062,false,Rx,0,8,02,02,00,02,40,FF,00,FF,
5605546,00000063,false,Rx,0,8,00,00,05,00,00,08,FD,00,
5605921,00000064,false,Rx,0,8,00,00,00,04,FF,FA,00,00,
5606038,000000A1,false,Rx,0,8,23,2E,9D,53,61,02,8A,00,
5606383,000000A2,false,Rx,0,8,00,00,00,00,00,00,00,00,
5606576,000000A3,false,Rx,0,8,00,40,01,00,00,00,00,00,
5614895,00000121,false,Rx,0,8,73,2A,03,00,00,00,00,05,
5614988,00000122,false,Rx,0,8,FF,D9,67,1F,46,47,46,45,
5615284,00000123,false,Rx,0,8,B6,02,00,00,00,00,01,00,
5615441,00000124,false,Rx,0,8,00,00,0A,00,00,00,20,40,
5616865,0000011B,false,Rx,0,8,FB,5B,C7,05,80,08,28,02,
5617037,0000012B,false,Rx,0,8,1D,0B,C7,06,00,00,08,00,
5617288,0000011C,false,Rx,0,8,00,05,20,00,22,00,01,01,
5617539,0000012C,false,Rx,0,8,00,00,01,00,00,64,00,00,
5617763,000001E1,false,Rx,0,8,BD,1F,5B,02,00,00,00,00,
5618023,000001E2,false,Rx,0,8,00,00,00,00,00,00,00,00,
5621496,00000561,false,Rx,0,8,61,01,00,00,00,00,FF,FF,
5622266,00000516,false,Rx,0,8,16,01,00,00,00,00,FF,FF,
5623249,0000010B,false,Rx,0,8,6C,7E,0D,00,00,00,00,05,
5623405,0000010C,false,Rx,0,8,FF,F9,E7,1F,46,50,48,48,
5623657,0000010D,false,Rx,0,8,B5,02,00,00,00,00,01,00,
5623909,0000010E,false,Rx,0,8,00,00,1E,00,00,C0,AB,57,
5625417,00000566,false,Rx,0,8,66,01,00,00,00,00,FF,FF,
5628318,00000565,false,Rx,0,8,65,01,00,00,00,00,FF,FF,
5631603,00000226,false,Rx,0,8,1E,22,05,FF,63,60,09,42,
5631793,00000227,false,Rx,0,8,02,94,00,09,03,F1,9F,03,
5634395,00000091,false,Rx,0,8,69,72,B7,16,06,00,00,00,
5634568,00000092,false,Rx,0,8,24,00,00,00,40,02,00,00,
5634837,00000093,false,Rx,0,8,00,00,00,00,00,00,00,00,
5635116,00000094,false,Rx,0,8,00,00,00,00,00,00,00,00,
5635357,000003AA,false,Rx,0,8,FF,00,D0,00,54,00,00,00,
5635586,00000036,false,Rx,0,8,F2,4D,22,51,00,00,25,05,
5635856,00000037,false,Rx,0,8,30,00,00,10,00,40,00,00,
5636092,00000038,false,Rx,0,8,04,00,00,00,B0,39,96,D4,
5636329,00000039,false,Rx,0,8,00,00,00,00,00,00,00,00,
5636953,0000019B,false,Rx,0,8,13,B1,18,00,00,E4,00,00,
5637049,0000019C,false,Rx,0,8,40,20,00,00,00,00,0B,09,
5637665,000002D6,false,Rx,0,8,15,98,59,00,00,00,00,00,
5638009,0000019D,false,Rx,0,8,00,10,00,01,00,00,00,00,
5638272,000002D7,false,Rx,0,8,00,00,00,00,03,00,00,00,
5638358,0000019E,false,Rx,0,8,15,00,00,00,00,32,00,00,
5638433,000002D8,false,Rx,0,8,00,00,00,00,00,00,38,47,
5638654,000002EB,false,Rx,0,8,2C,2C,59,07,08,01,00,02,
5638751,000002D9,false,Rx,0,8,00,00,00,00,00,00,00,00,
5639030,00000487,false,Rx,1,8,00,00,00,00,00,00,00,00,
5639094,000002EC,false,Rx,0,8,07,00,CF,00,59,00,00,00,
5639230,000003B6,false,Rx,0,8,A4,F1,59,00,00,00,00,46,
5639384,00000642,false,Rx,1,8,FF,FF,FF,FF,FF,FF,00,00,
5639541,000002ED,false,Rx,0,8,00,00,00,00,00,00,00,00,
5639727,000003B7,false,Rx,0,8,46,00,00,00,00,00,00,00,
5639886,00000645,false,Rx,1,8,C7,35,06,79,E0,32,56,00,
5640026,000002EE,false,Rx,0,8,00,00,00,00,00,00,00,00,
5640267,000003B8,false,Rx,0,8,B2,02,00,00,00,00,69,0E,
5640723,000003B9,false,Rx,0,8,00,00,00,00,00,00,00,00,
5640949,00000495,false,Rx,0,8,49,00,00,00,00,00,00,00,
5646829,00000251,false,Rx,0,8,E0,CA,B4,00,00,00,00,00,
5646923,00000252,false,Rx,0,8,00,00,1B,1B,03,00,00,00,
5647361,000002AB,false,Rx,0,8,2F,4B,B7,0C,0C,00,00,00,
5647429,00000253,false,Rx,0,8,00,00,00,58,58,00,80,4D,
5647799,000002AC,false,Rx,0,8,00,FF,FF,00,00,40,00,54,
5648222,000002AD,false,Rx,0,8,00,01,00,40,FF,FF,FF,0F,
5648280,000002AE,false,Rx,0,8,01,00,FF,3F,01,01,00,00,
5648407,000003B1,false,Rx,0,8,C1,DE,00,80,00,00,20,00,
5648652,000002B6,false,Rx,0,8,95,6D,B7,01,00,00,00,40,
5648895,0000033B,false,Rx,0,8,77,21,B6,00,00,00,00,00,
5649130,000002B7,false,Rx,0,8,9F,00,50,1C,00,04,00,00,
5649387,0000033C,false,Rx,0,8,00,00,00,00,F0,00,00,00,
5649626,000002B8,false,Rx,0,8,FF,F8,10,00,00,00,00,00,
5649889,0000033D,false,Rx,0,8,00,00,00,00,00,00,00,00,
5650125,000002B9,false,Rx,0,8,0A,00,00,00,00,00,00,00,
5650380,0000033E,false,Rx,0,8,00,00,00,00,00,00,00,00,
5650615,000002C1,false,Rx,0,8,06,3C,5C,21,00,41,00,D3,
5650858,00000356,false,Rx,0,8,E6,C3,5B,00,00,00,00,00,
5651094,000002C2,false,Rx,0,8,19,00,00,00,00,00,00,00,
5651349,00000357,false,Rx,0,8,00,00,00,00,00,4B,4D,48,
5651584,000002C3,false,Rx,0,8,00,00,00,00,00,00,00,00,
5651818,00000358,false,Rx,0,8,35,41,45,4D,52,37,33,4F,
5652067,000002C4,false,Rx,0,8,00,00,00,00,00,00,00,00,
5652298,000001AB,false,Rx,0,8,71,56,1D,50,70,38,00,00,
5652545,000002E1,false,Rx,0,8,13,26,B7,00,00,00,00,40,
5652786,000001AC,false,Rx,0,8,00,28,00,00,00,00,00,00,
5653029,000002E2,false,Rx,0,8,FD,00,00,00,00,14,00,04,
5653268,00000359,false,Rx,0,8,51,4F,34,52,4A,35,33,00,
5653543,000002E3,false,Rx,0,8,00,00,00,00,00,00,72,01,
5653760,0000036F,false,Rx,0,8,4F,61,01,00,00,00,00,00,
5654003,000002E4,false,Rx,0,8,02,00,00,00,00,00,00,00,
5654248,0000037F,false,Rx,0,8,32,C0,52,24,41,02,00,00,
5654494,000003A1,false,Rx,0,8,9F,20,41,00,FF,FF,FF,FF,
5654772,000003A2,false,Rx,0,8,00,00,00,00,00,00,00,00,
5655018,00000061,false,Rx,0,8,2B,10,A2,00,00,00,00,00,
5655318,00000062,false,Rx,0,8,02,02,00,02,40,FF,00,FF,
5655554,00000063,false,Rx,0,8,00,00,05,00,00,08,FD,00,
5655823,00000064,false,Rx,0,8,00,00,00,04,FF,FA,00,00,
5656055,000000A1,false,Rx,0,8,E6,C3,A2,53,61,02,8A,00,
5656322,000000A2,false,Rx,0,8,00,00,00,00,00,00,00,00,
5656574,000000A3,false,Rx,0,8,00,40,01,00,00,00,00,00,
5658342,00000146,false,Rx,0,8,3E,88,93,10,04,05,00,00,
5658589,00000147,false,Rx,0,8,01,04,7D,00,40,49,07,00,
5658966,00000148,false,Rx,0,8,00,00,42,00,1E,89,40,05,
5659191,00000149,false,Rx,0,8,00,38,00,CC,00,00,00,00,
5660314,00000111,false,Rx,0,8,FA,F7,89,01,00,00,00,00,
5660412,00000112,false,Rx,0,8,00,00,00,00,00,00,00,00,
5660711,00000113,false,Rx,0,8,00,00,00,00,00,00,00,00,
5661008,00000114,false,Rx,0,8,00,00,00,00,00,00,00,00,
5664893,00000121,false,Rx,0,8,3D,ED,08,00,00,00,00,05,
5664985,00000122,false,Rx,0,8,FF,D9,67,1F,46,48,46,45,
5665280,00000123,false,Rx,0,8,B6,02,00,00,00,00,01,00,
5665557,00000124,false,Rx,0,8,00,00,0A,00,00,00,20,40,
5666815,0000011B,false,Rx,0,8,33,A2,CC,05,80,08,28,02,
5666981,0000012B,false,Rx,0,8,D5,F2,CC,06,00,00,08,00,
5667241,0000011C,false,Rx,0,8,00,05,20,00,22,00,01,01,
5667482,0000012C,false,Rx,0,8,00,00,01,00,00,64,00,00,
5667710,000001B1,false,Rx,0,8,DD,FC,93,00,72,00,00,00,
5667968,000000FF,false,Rx,0,8,CB,10,00,00,00,00,02,00,
5668363,00000161,false,Rx,0,8,A9,DD,66,03,00,00,00,02,
5668424,000001B2,false,Rx,0,8,23,00,04,B7,0F,09,50,10,
5668691,00000162,false,Rx,0,8,FF,FC,01,00,00,00,00,00,
5668912,000001B3,false,Rx,0,8,10,33,37,00,5A,7B,6B,7D,
5669147,00000394,false,Rx,0,8,2A,22,1A,49,00,00,00,00,
5669392,000001B4,false,Rx,0,8,65,7D,10,00,00,41,00,00,
5669623,000003C3,false,Rx,0,8,45,10,31,30,36,00,00,00,
5669883,000003E0,false,Rx,0,8,01,70,01,00,54,03,00,00,
5670145,000003E5,false,Rx,0,8,8E,90,01,00,00,00,00,00,
5670406,000003E6,false,Rx,0,8,7F,00,00,00,00,00,00,00,
5670654,0000041A,false,Rx,0,8,95,40,12,00,00,00,00,00,
5670928,0000041B,false,Rx,0,8,60,30,00,00,00,00,00,00,
5671205,0000041C,false,Rx,0,8,E9,80,E0,00,00,00,00,00,
5671454,00000422,false,Rx,0,8,EA,C0,01,00,00,00,04,00,
5671734,00000432,false,Rx,0,8,03,20,02,00,00,00,00,00,
5673096,00000435,false,Rx,0,8,9F,D0,00,40,00,00,00,00,
5673343,0000010B,false,Rx,0,8,28,CE,12,00,00,00,00,05,
5673567,00000442,false,Rx,0,8,CE,20,11,81,00,00,00,00,
5673799,0000010C,false,Rx,0,8,FF,F9,E7,1F,46,50,48,48,
5674035,00000444,false,Rx,0,8,6C,30,20,50,55,50,00,00,
5674284,0000010D,false,Rx,0,8,B5,02,00,00,00,00,01,00,
5674523,00000445,false,Rx,0,8,00,10,00,00,00,00,00,18,
5674775,0000010E,false,Rx,0,8,00,00,1E,00,00,C0,AB,57,
5674997,00000464,false,Rx,0,8,B2,70,F0,FF,38,7F,05,00,
5677747,000001A1,false,Rx,0,8,81,40,66,FE,F7,7F,64,00,
5677906,000001A2,false,Rx,0,8,44,00,00,00,27,08,00,00,
5678260,000001A3,false,Rx,0,8,FF,F3,3F,00,00,00,00,00,
5678333,000001A4,false,Rx,0,8,FE,07,00,00,00,00,00,00,
5679867,000004A3,false,Rx,1,8,80,00,48,0B,3E,00,00,00,
5679994,000004A4,false,Rx,1,8,FF,FF,FF,00,00,00,00,00,
5680473,0000030B,false,Rx,0,8,94,53,B6,00,04,00,00,00,
5680943,0000030C,false,Rx,0,8,00,00,0E,00,2C,00,A0,0F,
5681141,0000030D,false,Rx,0,8,00,00,00,00,43,00,00,00,
5681381,0000030E,false,Rx,0,8,00,00,18,05,21,00,00,FE,
5685542,00000036,false,Rx,0,8,8D,61,27,51,00,00,25,05,
5685633,00000037,false,Rx,0,8,30,00,00,10,00,40,00,00,
5685928,00000038,false,Rx,0,8,04,00,00,00,B0,39,96,D4,
5686231,00000039,false,Rx,0,8,00,00,00,00,00,00,00,00,
5686514,0000019B,false,Rx,0,8,6C,9D,1D,00,00,E4,00,00,
5686773,0000019C,false,Rx,0,8,40,20,00,00,00,00,0B,09,
5687036,0000019D,false,Rx,0,8,00,10,00,01,00,00,00,00,
5687304,0000019E,false,Rx,0,8,15,00,00,00,00,32,00,00,
5687721,000001FB,false,Rx,0,8,6A,D1,AE,00,00,00,00,00,
5688037,000001FC,false,Rx,0,8,00,00,00,00,00,00,00,00,
5688444,000001FD,false,Rx,0,8,00,1A,03,00,00,00,00,00,
5688582,00000475,false,Rx,0,8,12,00,00,00,00,00,00,00,
5688751,000001FE,false,Rx,0,8,00,00,00,00,00,00,00,00,
5689029,00000496,false,Rx,0,8,12,00,00,00,00,00,00,00,
5689658,000001F1,false,Rx,0,8,39,32,21,01,00,00,28,00,
5689921,000001F2,false,Rx,0,8,00,00,00,00,00,00,00,00,
5694269,00000383,false,Rx,0,8,5A,53,00,10,01,00,00,00,
5699657,00000448,false,Rx,0,8,DE,80,00,00,00,00,00,00,
5704883,00000061,false,Rx,0,8,54,3C,A7,00,00,00,00,00,
5705089,00000062,false,Rx,0,8,02,02,00,02,40,FF,00,FF,
5705345,00000063,false,Rx,0,8,00,00,05,00,00,08,FD,00,
5705597,00000064,false,Rx,0,8,00,00,00,04,FF,FA,00,00,
5705843,000000A1,false,Rx,0,8,E9,28,A7,53,61,02,8A,00,
5706122,000000A2,false,Rx,0,8,00,00,00,00,00,00,00,00,
5706385,000000A3,false,Rx,0,8,00,40,01,00,00,00,00,00,
5708276,00000382,false,Rx,0,8,2B,FE,21,00,00,05,09,00,
5710438,000002BF,false,Rx,0,8,FF,FF,FF,00,00,00,00,00,
5710660,0000047F,false,Rx,0,8,F0,FC,FF,FF,FF,FF,FF,FF,
5710924,00000653,false,Rx,0,8,0A,19,03,01,02,2A,00,00,
5711873,00000236,false,Rx,0,8,8A,0E,B5,00,34,6C,AE,62,
5711994,00000151,false,Rx,0,8,CC,F9,B5,64,C8,00,28,18,
5712319,00000237,false,Rx,0,8,00,15,47,00,00,1E,1B,00,
5712411,00000152,false,Rx,0,8,14,17,17,00,51,00,00,00,
5712794,000001F6,false,Rx,0,8,87,25,B5,00,00,00,00,0E,
5713130,00000153,false,Rx,0,8,00,00,00,00,00,00,00,00,
5713240,000001F7,false,Rx,0,8,26,00,DA,02,00,00,00,00,
5713283,00000154,false,Rx,0,8,00,00,00,00,00,00,00,00,
5713528,000001F8,false,Rx,0,8,00,5E,01,45,01,00,00,00,
5713737,000002FB,false,Rx,0,8,80,2F,B5,04,72,1A,B4,B4,
5713958,000001F9,false,Rx,0,8,4B,00,64,C8,14,00,4B,00,
5714205,000002FC,false,Rx,0,8,0F,00,14,18,00,00,8E,43,
5714445,00000238,false,Rx,0,8,00,00,72,00,00,00,00,00,
5714695,00000121,false,Rx,0,8,B4,07,0D,00,00,00,00,05,
5714988,00000563,false,Rx,1,8,63,01,00,00,00,00,FF,FF,
5715048,00000239,false,Rx,0,8,00,00,00,00,01,00,00,00,
5715174,00000122,false,Rx,0,8,FF,D9,67,1F,46,47,46,45,
5715422,0000025B,false,Rx,0,8,32,66,B5,40,40,20,00,00,
5715658,00000123,false,Rx,0,8,B6,02,00,00,00,00,01,00,
5715894,0000025C,false,Rx,0,8,00,00,26,00,B4,2C,19,00,
5716134,00000124,false,Rx,0,8,00,00,0A,00,00,00,20,40,
5716374,0000025D,false,Rx,0,8,00,C8,00,00,00,80,C0,70,
5716636,000002FD,false,Rx,0,8,00,00,00,00,00,1C,13,EA,
5716856,0000011B,false,Rx,0,8,4A,B8,D1,05,80,08,28,02,
5717097,0000012B,false,Rx,0,8,AC,E8,D1,06,00,00,08,00,
5717340,0000011C,false,Rx,0,8,00,05,20,00,22,00,01,01,
5717597,0000012C,false,Rx,0,8,00,00,01,00,00,64,00,00,
5717826,0000025E,false,Rx,0,8,1B,07,0E,03,00,00,46,00,
5718067,000002FE,false,Rx,0,8,00,00,72,01,00,28,C8,02,
5718539,00000326,false,Rx,0,8,FE,52,B5,00,00,00,00,00,
5718818,00000327,false,Rx,0,8,00,00,00,00,05,00,00,00,
5719055,00000328,false,Rx,0,8,DA,02,4B,00,00,5E,01,00,
5719319,00000329,false,Rx,0,8,64,45,01,00,00,00,00,00,
5719589,00000331,false,Rx,0,8,DD,F7,B5,F1,C8,A0,2C,97,
5719839,00000332,false,Rx,0,8,E8,08,FC,03,00,00,00,00,
5720094,00000333,false,Rx,0,8,00,00,00,1C,0C,40,20,64,
5720357,00000334,false,Rx,0,8,C8,00,00,00,08,44,F4,8F,
5721068,00000561,false,Rx,0,8,63,02,00,00,00,00,FF,FF,
5723212,0000010B,false,Rx,0,8,57,E2,17,00,00,00,00,05,
5723388,0000010C,false,Rx,0,8,FF,F9,E7,1F,46,50,48,48,
5723671,0000010D,false,Rx,0,8,B5,02,00,00,00,00,01,00,
5723903,0000010E,false,Rx,0,8,00,00,1E,00,00,C0,AB,57,
5731474,000002FF,false,Rx,0,8,D4,CB,00,71,02,00,00,00,
5731673,00000316,false,Rx,0,8,A2,83,03,34,06,80,0A,00,
5731944,00000472,false,Rx,0,8,5C,EC,00,40,08,41,00,45,
5732352,00000317,false,Rx,0,8,00,00,05,00,00,00,00,00,
5732447,00000473,false,Rx,0,8,5F,24,00,25,00,00,00,78,
5733047,00000474,false,Rx,0,8,91,72,00,00,00,00,00,08,
5733425,000001E6,false,Rx,0,8,67,9E,6A,02,00,00,00,00,
5733506,000001BB,false,Rx,0,8,18,C0,6A,02,00,00,00,0A,
5733788,000001BC,false,Rx,0,8,32,00,00,00,02,00,00,00,
5733886,000001BD,false,Rx,0,8,00,00,00,00,00,00,00,00,
5734018,000001E7,false,Rx,0,8,00,00,22,03,20,01,00,00,
5734378,00000091,false,Rx,0,8,CF,17,B8,16,06,00,00,00,
5734627,000002E6,false,Rx,0,8,3F,CD,B4,01,00,00,00,15,
5734801,00000092,false,Rx,0,8,25,00,00,00,50,02,00,00,
5735081,000002E7,false,Rx,0,8,0A,00,00,00,00,00,00,00,
5735297,00000093,false,Rx,0,8,00,00,00,00,00,00,00,00,
5735553,000002E8,false,Rx,0,8,00,00,00,00,00,00,00,00,
5735791,00000036,false,Rx,0,8,35,60,2C,51,00,00,25,05,
5736036,000002E9,false,Rx,0,8,00,00,00,00,00,00,00,00,
5736285,00000037,false,Rx,0,8,30,00,00,10,00,40,00,00,
5736536,00000038,false,Rx,0,8,04,00,00,00,B0,39,96,D4,
5736789,0000019B,false,Rx,0,8,83,B4,22,00,00,E4,00,00,
5737045,00000039,false,Rx,0,8,00,00,00,00,00,00,00,00,
5737288,0000019C,false,Rx,0,8,40,20,00,00,00,00,0B,09,
5737544,00000094,false,Rx,0,8,00,00,00,00,00,00,00,00,
5737784,0000019D,false,Rx,0,8,00,10,00,01,00,00,00,00,
5738025,00000256,false,Rx,0,8,E6,C3,B4,15,40,00,00,01,
5738744,0000019E,false,Rx,0,8,15,00,00,00,00,32,00,00,
5739157,00000257,false,Rx,0,8,00,94,41,1A,85,07,00,94,
5739462,00000258,false,Rx,0,8,35,EC,1A,00,10,15,00,28,
5739734,00000259,false,Rx,0,8,67,05,8E,3C,4C,02,00,00,
5741399,00000401,false,Rx,0,8,C6,10,10,00,00,04,00,00,
5741529,00000384,false,Rx,0,8,BA,56,0D,01,00,FF,00,24,
5748504,00000396,false,Rx,0,8,1D,91,5A,0F,08,02,00,02,
5748608,0000042A,false,Rx,0,8,8E,83,0C,02,00,10,00,00,
5748900,00000397,false,Rx,0,8,4E,00,43,10,3F,07,00,00,
5748997,00000398,false,Rx,0,8,00,00,00,00,00,00,00,00,
5749962,000000C5,false,Rx,1,8,00,00,00,00,00,00,00,00,
5750397,00000244,false,Rx,1,8,FF,FF,FF,FF,FF,FF,FF,FF,
5750701,000003E4,false,Rx,1,8,FE,00,00,00,00,00,00,00,
5751200,000004B4,false,Rx,1,8,00,00,05,40,10,70,04,00,
5751731,000004B5,false,Rx,1,8,08,00,F0,07,00,00,00,00,
5752061,000004B7,false,Rx,1,8,08,00,F0,07,00,00,00,00,
5752334,000004CA,false,Rx,1,8,00,00,00,00,00,00,00,00,
5752420,000004CC,false,Rx,1,8,08,00,00,06,00,00,03,00,
5752603,000001AB,false,Rx,0,8,75,4A,22,50,70,38,00,00,
5753022,000004CE,false,Rx,1,8,DE,01,00,00,00,00,F8,FF,
5753813,000001AC,false,Rx,0,8,00,28,00,00,00,00,00,00,
5754356,000004D7,false,Rx,1,8,23,01,00,00,00,00,00,00,
5754841,0000036F,false,Rx,0,8,F6,71,01,00,00,00,00,00,
5755146,000004D8,false,Rx,1,8,41,10,F0,F0,40,F2,1E,CC,
5755643,0000037F,false,Rx,0,8,8B,D0,52,24,41,02,00,00,
5756330,000004DD,false,Rx,1,8,00,00,FE,00,04,00,00,00,
5756609,000004DF,false,Rx,1,8,00,00,08,00,00,00,00,00,
5756821,000004E7,false,Rx,1,8,00,30,00,00,00,00,69,00,
5756903,000004E8,false,Rx,1,8,FF,FF,FF,05,FF,FF,FF,00,
5756958,000004E9,false,Rx,1,8,12,00,00,34,00,00,50,00,
5757449,00000061,false,Rx,0,8,EC,3D,AC,00,00,00,00,00,
5758202,000004EA,false,Rx,1,8,67,00,00,89,00,00,00,00,
5758623,00000062,false,Rx,0,8,02,02,00,02,40,FF,00,FF,
5758751,000004EB,false,Rx,1,8,02,80,15,06,80,00,00,00,
5758825,00000063,false,Rx,0,8,00,00,05,00,00,08,FD,00,
5759047,000004EC,false,Rx,1,8,00,00,00,00,00,00,00,00,
5759096,00000064,false,Rx,0,8,00,00,00,04,FF,FA,00,00,
5759185,000004ED,false,Rx,1,8,00,00,00,00,00,FF,FF,1F,
5759384,000000A1,false,Rx,0,8,D5,D9,AC,53,61,02,8A,00,
5759491,000000A2,false,Rx,0,8,00,00,00,00,00,00,00,00,
5759554,000004EE,false,Rx,1,8,FF,FF,00,00,00,00,00,00,
5759630,000004EF,false,Rx,1,8,60,00,60,00,2B,14,00,00,
5759779,000000A3,false,Rx,0,8,00,40,01,00,00,00,00,00,
5759839,0000063D,false,Rx,1,8,00,80,00,00,00,00,00,00,
5759888,0000063E,false,Rx,1,8,FF,FF,FF,FF,FF,FF,FF,FF,
5759963,0000063F,false,Rx,1,8,00,10,00,C4,FF,00,00,00,
5760029,00000640,false,Rx,1,8,FF,FF,FF,00,FF,FF,FF,00,
5760081,00000641,false,Rx,1,8,FF,FF,FF,FF,0F,FF,FF,FF,
5760127,00000646,false,Rx,1,8,00,00,00,80,01,00,00,00,
5760186,00000146,false,Rx,0,8,86,89,98,10,04,05,00,00,
5760268,00000147,false,Rx,0,8,01,04,7D,00,40,49,07,00,
5760315,00000148,false,Rx,0,8,00,00,42,00,1E,89,40,05,
5760393,00000149,false,Rx,0,8,00,38,00,CC,00,00,00,00,
5765486,00000121,false,Rx,0,8,06,71,12,00,00,00,00,05,
5765659,00000122,false,Rx,0,8,FF,D9,67,1F,46,48,46,45,
5765981,00000123,false,Rx,0,8,B6,02,00,00,00,00,01,00,
5766054,00000124,false,Rx,0,8,00,00,0A,00,00,00,20,40,
5766865,0000011B,false,Rx,0,8,D5,D0,D6,05,80,08,28,02,
5767000,0000012B,false,Rx,0,8,33,80,D6,06,00,00,08,00,
5767265,0000011C,false,Rx,0,8,00,05,20,00,22,00,01,01,
5767517,0000012C,false,Rx,0,8,00,00,01,00,00,64,00,00,
5767749,000001B1,false,Rx,0,8,65,FD,98,00,72,00,00,00,
5767998,00000161,false,Rx,0,8,DA,E4,6B,03,00,00,00,02,
5768241,000001B2,false,Rx,0,8,23,00,04,B7,0F,09,50,10,
5768464,00000162,false,Rx,0,8,FF,FC,01,00,00,00,00,00,
5768699,000001B3,false,Rx,0,8,10,33,37,00,5A,7B,6B,7D,
5768969,000001B4,false,Rx,0,8,65,7D,10,00,00,41,00,00,
5769229,000001E1,false,Rx,0,8,4B,37,5E,02,00,00,00,00,
5769492,000001E2,false,Rx,0,8,00,00,00,00,00,00,00,00,
5771403,000003B0,false,Rx,0,8,72,37,FF,C7,00,00,03,C0,
5772122,00000405,false,Rx,0,8,D2,10,00,00,00,01,00,00,
5772330,00000410,false,Rx,0,8,6A,60,57,3C,DE,6A,FF,FF,
5772586,00000411,false,Rx,0,8,04,D1,50,51,00,00,44,04,
5772829,00000413,false,Rx,0,8,08,60,00,00,00,00,00,00,
5773068,00000412,false,Rx,0,8,CC,E0,00,00,00,00,00,00,
5773305,0000010B,false,Rx,0,8,EF,E3,1C,00,00,00,00,05,
5773558,00000414,false,Rx,0,8,41,70,00,00,28,00,00,00,
5773790,0000010C,false,Rx,0,8,FF,F9,E7,1F,46,50,48,48,
5774039,00000416,false,Rx,0,8,55,00,00,00,00,00,00,00,
5774274,0000010D,false,Rx,0,8,B5,02,00,00,00,00,01,00,
5774537,00000417,false,Rx,0,8,20,E0,00,00,00,00,00,00,
5774757,0000010E,false,Rx,0,8,00,00,1E,00,00,C0,AB,57,
5775027,00000418,false,Rx,0,8,07,C0,00,00,14,0C,00,00,
5775277,00000419,false,Rx,0,8,E2,C0,27,D5,35,87,90,00,
5777457,000001A1,false,Rx,0,8,8C,86,6B,FE,F7,7F,64,00,
5777827,000001A2,false,Rx,0,8,44,00,00,00,27,08,00,00,
5777950,000001A3,false,Rx,0,8,FF,F3,3F,00,00,00,00,00,
5778388,000001A4,false,Rx,0,8,FE,07,00,00,00,00,00,00,
5781457,000003B2,false,Rx,0,8,36,15,FF,02,29,2F,34,00,
5785546,00000036,false,Rx,0,8,FD,62,31,51,00,00,25,05,
5785640,00000037,false,Rx,0,8,30,00,00,10,00,40,00,00,
5786061,00000038,false,Rx,0,8,04,00,00,00,B0,39,96,D4,
5786464,00000039,false,Rx,0,8,00,00,00,00,00,00,00,00,
5786572,0000019B,false,Rx,0,8,FC,98,27,00,00,E4,00,00,
5786859,0000019C,false,Rx,0,8,40,20,00,00,00,00,0B,09,
5787096,0000019D,false,Rx,0,8,00,10,00,01,00,00,00,00,
5787329,0000019E,false,Rx,0,8,15,00,00,00,00,32,00,00,
5788196,00000380,false,Rx,0,8,96,92,03,08,08,08,08,01,
5790420,00000427,false,Rx,0,8,1D,86,FF,00,80,0A,00,00,
5804978,00000061,false,Rx,0,8,24,3F,B1,00,00,00,00,00,
5805157,00000062,false,Rx,0,8,02,02,00,02,40,FF,00,FF,
5805553,00000063,false,Rx,0,8,00,00,05,00,00,08,FD,00,
5805913,00000064,false,Rx,0,8,00,00,00,04,FF,FA,00,00,
5806004,000000A1,false,Rx,0,8,B0,DA,B1,53,61,02,8A,00,
5806443,000000A2,false,Rx,0,8,00,00,00,00,00,00,00,00,
5806641,000000A3,false,Rx,0,8,00,40,01,00,00,00,00,00,
5814768,00000563,false,Rx,1,8,61,02,00,00,00,00,FF,FF,
5815554,00000566,false,Rx,0,8,61,01,00,00,00,00,FF,FF,
5816383,00000121,false,Rx,0,8,8F,9B,17,00,00,00,00,05,
5816487,00000122,false,Rx,0,8,FF,D9,67,1F,46,47,46,45,
5816834,0000011B,false,Rx,0,8,A6,E9,DB,05,80,08,28,02,
5817274,00000123,false,Rx,0,8,B6,02,00,00,00,00,01,00,
5817360,0000011C,false,Rx,0,8,00,05,20,00,22,00,01,01,
5817816,00000124,false,Rx,0,8,00,00,0A,00,00,00,20,40,
5818130,0000012B,false,Rx,0,8,40,B9,DB,06,00,00,08,00,
5818407,0000012C,false,Rx,0,8,00,00,01,00,00,64,00,00,
5818510,00000565,false,Rx,0,8,66,01,00,00,00,00,FF,FF,
5822383,00000516,false,Rx,0,8,16,01,00,00,00,00,FF,FF,
5823330,0000010B,false,Rx,0,8,8C,78,21,00,00,00,00,05,
5823439,0000010C,false,Rx,0,8,FF,F9,E7,1F,46,50,48,48,
5823669,0000010D,false,Rx,0,8,B5,02,00,00,00,00,01,00,
5823900,0000010E,false,Rx,0,8,00,00,1E,00,00,C0,AB,57,
5831437,00000226,false,Rx,0,8,77,62,07,FF,63,60,09,42,
5831530,00000227,false,Rx,0,8,02,94,00,09,03,F1,9F,03,
5834561,00000091,false,Rx,0,8,C7,6C,B9,16,06,00,00,00,
5834659,00000092,false,Rx,0,8,27,00,00,00,70,02,00,00,
5835136,00000093,false,Rx,0,8,00,00,00,00,00,00,00,00,
5835374,00000094,false,Rx,0,8,00,00,00,00,00,00,00,00,
5835439,000003AA,false,Rx,0,8,FF,00,D0,00,54,00,00,00,
5835625,00000036,false,Rx,0,8,0E,FC,36,51,00,00,25,05,
5836207,00000037,false,Rx,0,8,30,00,00,10,00,40,00,00,
5836313,00000038,false,Rx,0,8,04,00,00,00,B0,39,96,D4,
5836593,00000039,false,Rx,0,8,00,00,00,00,00,00,00,00,
5836975,0000019B,false,Rx,0,8,44,99,2C,00,00,E4,00,00,
5837228,0000019C,false,Rx,0,8,40,20,00,00,00,00,0B,09,
5837291,000002D6,false,Rx,0,8,DF,73,5A,00,00,00,00,00,
5837896,0000019D,false,Rx,0,8,00,10,00,01,00,00,00,00,
5838245,000002D7,false,Rx,0,8,00,00,00,00,03,00,00,00,
5838489,0000019E,false,Rx,0,8,15,00,00,00,00,32,00,00,
5838890,000002D8,false,Rx,0,8,00,00,00,00,00,00,38,47,
5838987,000002EB,false,Rx,0,8,1B,9D,5A,07,08,01,00,02,
5839320,000002D9,false,Rx,0,8,00,00,00,00,00,00,00,00,
5840238,000002EC,false,Rx,0,8,12,00,CF,00,59,00,00,00,
5840389,000003B6,false,Rx,0,8,6E,1A,5A,00,00,00,00,46,
5840580,000002ED,false,Rx,0,8,00,00,00,00,00,00,00,00,
5840636,000001F1,false,Rx,0,8,CF,1A,24,01,00,00,28,00,
5841203,00000487,false,Rx,1,8,00,00,00,00,00,00,00,00,
5841594,000002EE,false,Rx,0,8,00,00,00,00,00,00,00,00,
5841946,000001F2,false,Rx,0,8,00,00,00,00,00,00,00,00,
5842261,00000642,false,Rx,1,8,FF,FF,FF,FF,FF,FF,00,00,
5842541,000003B7,false,Rx,0,8,46,00,00,00,00,00,00,00,
5842604,00000495,false,Rx,0,8,49,00,00,00,00,00,00,00,
5842880,000003B8,false,Rx,0,8,B2,02,00,00,00,00,69,0E,
5842991,000003B9,false,Rx,0,8,00,00,00,00,00,00,00,00,
5846843,00000251,false,Rx,0,8,E6,A4,B6,00,00,00,00,00,
5847080,00000252,false,Rx,0,8,00,00,1B,1B,03,00,00,00,
5847157,00000253,false,Rx,0,8,00,00,00,58,58,00,80,4D,
5847202,000002AB,false,Rx,0,8,E8,66,B9,0C,0C,00,00,00,
5847677,000002AC,false,Rx,0,8,00,FF,FF,00,00,40,00,54,
5848010,000002AD,false,Rx,0,8,00,01,00,40,FF,FF,FF,0F,
5848147,000002AE,false,Rx,0,8,01,00,FF,3F,01,01,00,00,
5848215,000002B6,false,Rx,0,8,52,40,B9,01,00,00,00,40,
5848617,000003B1,false,Rx,0,8,C1,DE,00,80,00,00,20,00,
5848774,000002B7,false,Rx,0,8,9F,00,50,1C,00,04,00,00,
5848888,0000033B,false,Rx,0,8,B0,0C,B8,00,00,00,00,00,
5849284,000002B8,false,Rx,0,8,FF,F8,10,00,00,00,00,00,
5849693,0000033C,false,Rx,0,8,00,00,00,00,F0,00,00,00,
5850409,000002B9,false,Rx,0,8,0A,00,00,00,00,00,00,00,
5850750,0000033D,false,Rx,0,8,00,00,00,00,00,00,00,00,
5850862,000002C1,false,Rx,0,8,40,65,5D,21,00,41,00,D3,
5851360,00000643,false,Rx,1,8,00,FC,FF,FF,FF,FF,03,00,
5851442,0000033E,false,Rx,0,8,00,00,00,00,00,00,00,00,
5851516,000002C2,false,Rx,0,8,19,00,00,00,00,00,00,00,
5851675,00000356,false,Rx,0,8,15,5D,5C,00,00,00,00,00,
5851725,000002C3,false,Rx,0,8,00,00,00,00,00,00,00,00,
5851790,00000357,false,Rx,0,8,00,00,00,00,00,4B,4D,48,
5851859,000002C4,false,Rx,0,8,00,00,00,00,00,00,00,00,
5852102,00000358,false,Rx,0,8,35,41,45,4D,52,37,33,4F,
5852159,000001AB,false,Rx,0,8,83,62,27,50,70,38,00,00,
5852531,000002E1,false,Rx,0,8,D4,0B,B9,00,00,00,00,40,
5853104,000001AC,false,Rx,0,8,00,28,00,00,00,00,00,00,
5853439,000002E2,false,Rx,0,8,FD,00,00,00,00,14,00,04,
5853527,00000359,false,Rx,0,8,51,4F,34,52,4A,35,33,00,
5853806,000002E3,false,Rx,0,8,00,00,00,00,00,00,72,01,
5853901,0000036F,false,Rx,0,8,5F,81,01,00,00,00,00,00,
5854224,000002E4,false,Rx,0,8,02,00,00,00,00,00,00,00,
5854508,0000037F,false,Rx,0,8,5D,E0,52,24,41,02,00,00,
5854867,000003A1,false,Rx,0,8,D2,C8,42,00,FF,FF,FF,FF,
5855470,000003A2,false,Rx,0,8,00,00,00,00,00,00,00,00,
5855565,00000061,false,Rx,0,8,D7,A1,B6,00,00,00,00,00,
5855886,00000062,false,Rx,0,8,02,02,00,02,40,FF,00,FF,
5855959,00000063,false,Rx,0,8,00,00,05,00,00,08,FD,00,
5856008,00000064,false,Rx,0,8,00,00,00,04,FF,FA,00,00,
5856147,000000A1,false,Rx,0,8,B9,5F,B6,53,61,02,8A,00,
5856514,000000A2,false,Rx,0,8,00,00,00,00,00,00,00,00,
5856961,000000A3,false,Rx,0,8,00,40,01,00,00,00,00,00,
5858935,00000146,false,Rx,0,8,F9,A5,9D,10,04,05,00,00,
5859266,00000147,false,Rx,0,8,01,04,7D,00,40,49,07,00,
5859549,00000148,false,Rx,0,8,00,00,42,00,1E,89,40,05,
5859645,00000149,false,Rx,0,8,00,38,00,CC,00,00,00,00,
5859975,00000111,false,Rx,0,8,30,1C,8A,01,00,00,00,00,
5860286,00000112,false,Rx,0,8,00,00,00,00,00,00,00,00,
5860570,00000113,false,Rx,0,8,00,00,00,00,00,00,00,00,
5860946,00000114,false,Rx,0,8,00,00,00,00,00,00,00,00,
5864905,00000121,false,Rx,0,8,C1,5C,1C,00,00,00,00,05,
5865000,00000122,false,Rx,0,8,FF,D9,67,1F,46,48,46,45,
5865389,00000123,false,Rx,0,8,B6,02,00,00,00,00,01,00,
5865486,00000124,false,Rx,0,8,00,00,0A,00,00,00,20,40,
5866906,0000011B,false,Rx,0,8,70,75,E0,05,80,08,28,02,
5867020,0000011C,false,Rx,0,8,00,05,20,00,22,00,01,01,
5867393,0000012B,false,Rx,0,8,96,25,E0,06,00,00,08,00,
5867466,0000012C,false,Rx,0,8,00,00,01,00,00,64,00,00,
5867813,000000FF,false,Rx,0,8,CB,10,00,00,00,00,02,00,
5868256,00000161,false,Rx,0,8,18,3E,70,03,00,00,00,02,
5868436,000001B1,false,Rx,0,8,1A,D1,9D,00,72,00,00,00,
5868480,00000162,false,Rx,0,8,FF,FC,01,00,00,00,00,00,
5868696,000001B2,false,Rx,0,8,23,00,04,B7,0F,09,50,10,
5868874,00000394,false,Rx,0,8,2A,22,1A,49,00,00,00,00,
5869124,000001B3,false,Rx,0,8,10,33,37,00,5A,7B,6B,7D,
5869349,000003C3,false,Rx,0,8,45,10,31,30,36,00,00,00,
5869597,000001B4,false,Rx,0,8,65,7D,10,00,00,41,00,00,
5869841,000003E0,false,Rx,0,8,01,70,01,00,54,03,00,00,
5870123,000003E5,false,Rx,0,8,8E,90,01,00,00,00,00,00,
5870361,0000041A,false,Rx,0,8,95,40,12,00,00,00,00,00,
5870626,000003E6,false,Rx,0,8,7F,00,00,00,00,00,00,00,
5870854,0000041B,false,Rx,0,8,60,30,00,00,00,00,00,00,
5871135,0000041C,false,Rx,0,8,E9,80,E0,00,00,00,00,00,
5871384,00000422,false,Rx,0,8,EA,C0,01,00,00,00,04,00,
5871650,00000432,false,Rx,0,8,03,20,02,00,00,00,00,00,
5872951,00000435,false,Rx,0,8,9F,D0,00,40,00,00,00,00,
5873186,0000010B,false,Rx,0,8,7F,E6,26,00,00,00,00,05,
5873429,00000442,false,Rx,0,8,CE,20,11,81,00,00,00,00,
5873654,0000010C,false,Rx,0,8,FF,F9,E7,1F,46,50,48,48,
5873878,00000444,false,Rx,0,8,6C,30,20,50,55,50,00,00,
5874131,0000010D,false,Rx,0,8,B5,02,00,00,00,00,01,00,
5874368,00000445,false,Rx,0,8,00,10,00,00,00,00,00,18,
5874616,0000010E,false,Rx,0,8,00,00,1E,00,00,C0,AB,57,
5874838,00000464,false,Rx,0,8,B2,70,F0,FF,38,7F,05,00,
5877504,000001A1,false,Rx,0,8,F1,43,70,FE,F7,7F,64,00,
5877705,000001A2,false,Rx,0,8,44,00,00,00,27,08,00,00,
5877943,000001A3,false,Rx,0,8,FF,F3,3F,00,00,00,00,00,
5878224,000001A4,false,Rx,0,8,FE,07,00,00,00,00,00,00,
5880317,0000030B,false,Rx,0,8,60,E8,B8,00,04,00,00,00,
5880489,0000030C,false,Rx,0,8,00,00,0E,00,2C,00,A0,0F,
5881510,0000030D,false,Rx,0,8,00,00,00,00,43,00,00,00,
5881634,0000030E,false,Rx,0,8,00,00,18,05,21,00,00,02,
5881867,000004A3,false,Rx,1,8,80,00,48,0B,3E,00,00,00,
5881953,000004A4,false,Rx,1,8,FF,FF,FF,00,00,00,00,00,
5883197,000001E6,false,Rx,0,8,F8,F6,6D,02,00,00,00,00,
5883317,000001BB,false,Rx,0,8,11,45,6D,02,00,00,00,0A,
5883720,000001BC,false,Rx,0,8,32,00,00,00,02,00,00,00,
5883805,000001BD,false,Rx,0,8,00,00,00,00,00,00,00,00,
5884064,000001E7,false,Rx,0,8,00,00,22,03,20,01,00,00,
5885566,00000036,false,Rx,0,8,03,3A,3B,51,00,00,25,05,
5885692,00000037,false,Rx,0,8,30,00,00,10,00,40,00,00,
5885870,00000038,false,Rx,0,8,04,00,00,00,B0,39,96,D4,
5886391,00000039,false,Rx,0,8,00,00,00,00,00,00,00,00,
5886747,0000019B,false,Rx,0,8,8C,9B,31,00,00,E4,00,00,
5886890,0000019C,false,Rx,0,8,40,20,00,00,00,00,0B,09,
5887226,0000019D,false,Rx,0,8,00,10,00,01,00,00,00,00,
5887543,0000019E,false,Rx,0,8,15,00,00,00,00,32,00,00,
5888123,000001FB,false,Rx,0,8,68,38,B0,00,00,00,00,00,
5888481,000001FC,false,Rx,0,8,00,00,00,00,00,00,00,00,
5888577,000001FD,false,Rx,0,8,00,1A,03,00,00,00,00,00,
5889149,00000475,false,Rx,0,8,12,00,00,00,00,00,00,00,
5889515,000001FE,false,Rx,0,8,00,00,00,00,00,00,00,00,
5889617,00000496,false,Rx,0,8,12,00,00,00,00,00,00,00,
5894522,00000383,false,Rx,0,8,5A,53,00,10,01,00,00,00,
5899744,00000448,false,Rx,0,8,DE,80,00,00,00,00,00,00,
5905046,00000061,false,Rx,0,8,DA,67,BB,00,00,00,00,00,
5905139,00000062,false,Rx,0,8,02,02,00,02,40,FF,00,FF,
5905546,00000063,false,Rx,0,8,00,00,05,00,00,08,FD,00,
5905635,00000064,false,Rx,0,8,00,00,00,04,FF,FA,00,00,
5906015,000000A1,false,Rx,0,8,8F,1C,BB,53,61,02,8A,00,
5906517,000000A2,false,Rx,0,8,00,00,00,00,00,00,00,00,
5906592,000000A3,false,Rx,0,8,00,40,01,00,00,00,00,00,
5908907,00000382,false,Rx,0,8,2B,FE,21,00,00,05,09,00,
5910670,000002BF,false,Rx,0,8,FF,FF,FF,00,00,00,00,00,
5910783,0000047F,false,Rx,0,8,F0,FC,FF,FF,FF,FF,FF,FF,
5911171,00000653,false,Rx,0,8,0A,19,03,01,02,2A,00,00,
5911592,00000236,false,Rx,0,8,06,BC,B7,00,34,6C,AE,62,
5912029,000002FB,false,Rx,0,8,0C,9D,B7,04,72,1A,B4,B4,
5912351,00000237,false,Rx,0,8,00,15,47,00,00,1E,1B,00,
5912463,00000151,false,Rx,0,8,40,4B,B7,64,C8,00,28,18,
5912818,000001F6,false,Rx,0,8,0B,97,B7,00,00,00,00,0E,
5912906,00000152,false,Rx,0,8,14,17,17,00,51,00,00,00,
5913212,000001F7,false,Rx,0,8,26,00,DA,02,00,00,00,00,
5913482,00000153,false,Rx,0,8,00,00,00,00,00,00,00,00,
5913535,000001F8,false,Rx,0,8,00,5E,01,45,01,00,00,00,
5914177,00000154,false,Rx,0,8,00,00,00,00,00,00,00,00,
5914529,000001F9,false,Rx,0,8,4B,00,64,C8,14,00,4B,00,
5914850,000002FC,false,Rx,0,8,0F,00,14,18,00,00,8E,43,
5915130,00000238,false,Rx,0,8,00,00,72,00,00,00,00,00,
5915231,000002FD,false,Rx,0,8,00,00,00,00,00,1C,13,EA,
5915289,00000121,false,Rx,0,8,54,01,21,00,00,00,00,05,
5915405,00000239,false,Rx,0,8,00,00,00,00,01,00,00,00,
5915450,00000122,false,Rx,0,8,FF,D9,67,1F,46,47,46,45,
5915598,0000025B,false,Rx,0,8,C5,05,B7,40,40,20,00,00,
5916192,00000123,false,Rx,0,8,B6,02,00,00,00,00,01,00,
5916515,0000025C,false,Rx,0,8,00,00,26,00,B4,2C,19,00,
5916866,00000124,false,Rx,0,8,00,00,0A,00,00,00,20,40,
5916974,0000025D,false,Rx,0,8,00,C8,00,00,00,80,C0,70,
5917267,0000011B,false,Rx,0,8,86,5D,E5,05,80,08,28,02,
5917547,0000012B,false,Rx,0,8,60,0D,E5,06,00,00,08,00,
5917849,0000011C,false,Rx,0,8,00,05,20,00,22,00,01,01,
5918188,0000012C,false,Rx,0,8,00,00,01,00,00,64,00,00,
5918550,000001E1,false,Rx,0,8,4F,2B,61,02,00,00,00,00,
5918885,0000025E,false,Rx,0,8,02,07,0E,01,00,00,46,00,
5918972,000001E2,false,Rx,0,8,00,00,00,00,00,00,00,00,
5919481,000002FE,false,Rx,0,8,00,00,72,01,00,28,C8,02,
5919604,00000561,false,Rx,0,8,63,02,00,00,00,00,FF,FF,
5919905,00000326,false,Rx,0,8,72,E0,B7,00,00,00,00,00,
5920249,00000327,false,Rx,0,8,00,00,00,00,05,00,00,00,
5920589,00000328,false,Rx,0,8,DA,02,4B,00,00,5E,01,00,
5920918,00000329,false,Rx,0,8,64,45,01,00,00,00,00,00,
5921122,00000331,false,Rx,0,8,51,45,B7,F1,C8,A0,2C,97,
5921410,00000332,false,Rx,0,8,E8,08,FC,03,00,00,00,00,
5921535,00000333,false,Rx,0,8,00,00,00,1C,0C,40,20,64,
5921586,00000334,false,Rx,0,8,C8,00,00,00,08,44,F4,8F,
5923331,0000010B,false,Rx,0,8,72,20,2B,00,00,00,00,05,
5923625,0000010C,false,Rx,0,8,FF,F9,E7,1F,46,50,48,48,
5923943,0000010D,false,Rx,0,8,B5,02,00,00,00,00,01,00,
5924249,0000010E,false,Rx,0,8,00,00,1E,00,00,C0,AB,57,
5931386,000002FF,false,Rx,0,8,D4,CB,00,71,02,00,00,00,
5931478,00000316,false,Rx,0,8,3D,EB,04,34,06,80,0A,00,
5931886,00000472,false,Rx,0,8,5C,EC,00,40,08,41,00,45,
5931969,00000317,false,Rx,0,8,00,00,05,00,00,00,00,00,
5932298,00000473,false,Rx,0,8,5F,24,00,25,00,00,00,78,
5932559,00000474,false,Rx,0,8,91,72,00,00,00,00,00,08,
5934679,00000091,false,Rx,0,8,C0,79,BA,16,06,00,00,00,
5934766,000002E6,false,Rx,0,8,B3,7F,B6,01,00,00,00,15,
5934812,00000092,false,Rx,0,8,28,00,00,00,80,02,00,00,
5935426,000002E7,false,Rx,0,8,0A,00,00,00,00,00,00,00,
5935590,00000093,false,Rx,0,8,00,00,00,00,00,00,00,00,
5936148,000002E8,false,Rx,0,8,00,00,00,00,00,00,00,00,
5936256,00000036,false,Rx,0,8,A2,45,40,51,00,00,25,05,
5936411,000002E9,false,Rx,0,8,00,00,00,00,00,00,00,00,
5936533,00000037,false,Rx,0,8,30,00,00,10,00,40,00,00,
5936604,0000048B,false,Rx,0,8,98,24,79,1E,01,00,00,00,
5936947,00000038,false,Rx,0,8,04,00,00,00,B0,39,96,D4,
5937284,0000019B,false,Rx,0,8,7F,05,36,00,00,E4,00,00,
5937857,00000039,false,Rx,0,8,00,00,00,00,00,00,00,00,
5937968,0000019C,false,Rx,0,8,40,20,00,00,00,00,0B,09,
5938241,00000094,false,Rx,0,8,00,00,00,00,00,00,00,00,
5938305,0000019D,false,Rx,0,8,00,10,00,01,00,00,00,00,
5938418,00000256,false,Rx,0,8,02,D6,B6,15,40,00,00,01,
5938552,0000019E,false,Rx,0,8,15,00,00,00,00,32,00,00,
5938978,00000257,false,Rx,0,8,00,93,41,1A,85,07,00,94,
5939306,0000048C,false,Rx,0,8,00,00,00,00,00,00,00,00,
5939618,00000258,false,Rx,0,8,35,EC,1A,00,10,15,00,28,
5939946,00000259,false,Rx,0,8,66,05,8E,3C,4C,02,00,00,
5941668,00000401,false,Rx,0,8,C6,10,10,00,00,04,00,00,
5942020,00000384,false,Rx,0,8,BA,56,0D,01,00,FF,00,24,
5948393,00000396,false,Rx,0,8,78,37,5B,0F,08,01,00,02,
5948484,0000042A,false,Rx,0,8,8E,83,0C,02,00,10,00,00,
5948939,00000397,false,Rx,0,8,25,00,43,10,3F,07,00,00,
5949010,00000398,false,Rx,0,8,00,00,00,00,00,00,00,00,
5951275,000000C5,false,Rx,1,8,00,00,00,00,00,00,00,00,
5951759,00000244,false,Rx,1,8,FF,FF,FF,FF,FF,FF,FF,FF,
5952036,0000041F,false,Rx,1,8,00,0C,00,00,00,00,00,00,
5952108,000004B4,false,Rx,1,8,00,00,05,40,10,70,04,00,
5952839,000001AB,false,Rx,0,8,4B,9B,2C,50,70,38,00,00,
5953341,000004B5,false,Rx,1,8,08,00,F0,07,00,00,00,00,
5953611,000004B7,false,Rx,1,8,08,00,F0,07,00,00,00,00,
5954199,000001AC,false,Rx,0,8,00,28,00,00,00,00,00,00,
5954924,000004CA,false,Rx,1,8,00,00,00,00,00,00,00,00,
5955466,0000036F,false,Rx,0,8,E6,91,01,00,00,00,00,00,
5955968,000004CC,false,Rx,1,8,08,00,00,06,00,00,03,00,
5956261,000004CE,false,Rx,1,8,DE,01,00,00,00,00,F8,FF,
5957198,0000037F,false,Rx,0,8,4D,00,52,24,41,02,00,00,
5957795,000004D7,false,Rx,1,8,23,01,00,00,00,00,00,00,
5958282,000004D8,false,Rx,1,8,41,10,F0,F0,40,F2,1E,CC,
5958608,000004DD,false,Rx,1,8,00,00,FE,00,04,00,00,00,
5958894,000004DF,false,Rx,1,8,00,00,08,00,00,00,00,00,
5958980,000004E7,false,Rx,1,8,00,30,00,00,00,00,69,00,
5959177,00000061,false,Rx,0,8,7B,18,C0,00,00,00,00,00,
5959264,000004E8,false,Rx,1,8,FF,FF,FF,05,FF,FF,FF,00,
5959335,00000062,false,Rx,0,8,02,02,00,02,40,FF,00,FF,
5959389,000004E9,false,Rx,1,8,12,00,00,34,00,00,50,00,
5959730,000004EA,false,Rx,1,8,67,00,00,89,00,00,00,00,
5959807,00000063,false,Rx,0,8,00,00,05,00,00,08,FD,00,
5960001,000004EB,false,Rx,1,8,02,80,15,06,80,00,00,00,
5960057,00000064,false,Rx,0,8,00,00,00,04,FF,FA,00,00,
5960128,000000A1,false,Rx,0,8,2B,3C,C0,53,61,02,8A,00,
5960181,000004EC,false,Rx,1,8,00,00,00,00,00,00,00,00,
5960235,000004ED,false,Rx,1,8,00,00,00,00,00,FF,FF,1F,
5960290,000000A2,false,Rx,0,8,00,00,00,00,00,00,00,00,
5960337,000004EE,false,Rx,1,8,FF,FF,00,00,00,00,00,00,
5960398,000004EF,false,Rx,1,8,60,00,60,00,2B,14,00,00,
5960441,000000A3,false,Rx,0,8,00,40,01,00,00,00,00,00,
5960492,0000063D,false,Rx,1,8,00,80,00,00,00,00,00,00,
5960561,0000063E,false,Rx,1,8,FF,FF,FF,FF,FF,FF,FF,FF,
5960614,0000063F,false,Rx,1,8,00,10,00,C4,FF,00,00,00,
5960708,00000640,false,Rx,1,8,FF,FF,FF,00,FF,FF,FF,00,
5960755,00000146,false,Rx,0,8,16,8C,A2,10,04,05,00,00,
5960802,00000641,false,Rx,1,8,FF,FF,FF,FF,0F,FF,FF,FF,
5960854,00000646,false,Rx,1,8,00,00,00,80,01,00,00,00,
5960929,00000147,false,Rx,0,8,01,04,7D,00,40,49,07,00,
5961038,00000148,false,Rx,0,8,00,00,42,00,1E,89,40,05,
5961081,00000149,false,Rx,0,8,00,38,00,CC,00,00,00,00,
5964756,00000121,false,Rx,0,8,51,59,26,00,00,00,00,05,
5964928,00000122,false,Rx,0,8,FF,D9,67,1F,46,48,46,45,
5965178,00000123,false,Rx,0,8,B6,02,00,00,00,00,01,00,
5965468,00000124,false,Rx,0,8,00,00,0A,00,00,00,20,40,
5966730,0000011B,false,Rx,0,8,9C,24,EA,05,80,08,28,02,
5966923,0000012B,false,Rx,0,8,7A,74,EA,06,00,00,08,00,
5967164,0000011C,false,Rx,0,8,00,05,20,00,22,00,01,01,
5967410,0000012C,false,Rx,0,8,00,00,01,00,00,64,00,00,
5967640,000001B1,false,Rx,0,8,F5,F8,A2,00,72,00,00,00,
5968032,00000161,false,Rx,0,8,EE,16,75,03,00,00,00,02,
5968316,000001B2,false,Rx,0,8,23,00,04,B7,0F,09,50,10,
5968433,00000162,false,Rx,0,8,FF,FC,01,00,00,00,00,00,
5969058,000001B3,false,Rx,0,8,10,33,37,00,5A,7B,6B,7D,
5969140,000001B4,false,Rx,0,8,65,7D,10,00,00,41,00,00,
5969515,0000034B,false,Rx,0,8,75,8C,79,31,D8,0D,05,01,
5969882,0000034C,false,Rx,0,8,00,00,00,00,00,00,00,00,
5969938,0000034D,false,Rx,0,8,00,00,00,00,00,00,00,00,
5970085,0000034E,false,Rx,0,8,00,00,00,00,00,00,00,00,
5971230,000003B0,false,Rx,0,8,72,37,FF,C7,00,00,03,C0,
5972177,00000405,false,Rx,0,8,D2,10,00,00,00,01,00,00,
5972365,00000410,false,Rx,0,8,6A,60,57,3C,DE,6A,FF,FF,
5972617,00000411,false,Rx,0,8,04,D1,50,51,00,00,44,04,
5972875,00000412,false,Rx,0,8,CC,E0,00,00,00,00,00,00,
5973119,00000413,false,Rx,0,8,08,60,00,00,00,00,00,00,
5973361,0000010B,false,Rx,0,8,0F,E5,30,00,00,00,00,05,
5973612,00000414,false,Rx,0,8,41,70,00,00,28,00,00,00,
5973842,0000010C,false,Rx,0,8,FF,F9,E7,1F,46,50,48,48,
5974088,00000416,false,Rx,0,8,55,00,00,00,00,00,00,00,
5974331,0000010D,false,Rx,0,8,B5,02,00,00,00,00,01,00,
5974588,00000417,false,Rx,0,8,20,E0,00,00,00,00,00,00,
5974814,0000010E,false,Rx,0,8,00,00,1E,00,00,C0,AB,57,
5975068,00000418,false,Rx,0,8,07,C0,00,00,14,0C,00,00,
5975320,00000419,false,Rx,0,8,E2,C0,27,D5,35,87,90,00,
5977528,000001A1,false,Rx,0,8,8E,6F,75,FE,F7,7F,64,00,
5977717,000001A2,false,Rx,0,8,44,00,00,00,27,08,00,00,
5977964,000001A3,false,Rx,0,8,FF,F3,3F,00,00,00,00,00,
5978227,000001A4,false,Rx,0,8,FE,07,00,00,00,00,00,00,
5981240,000003B2,false,Rx,0,8,36,15,FF,02,29,2F,34,00,
5985437,00000036,false,Rx,0,8,DD,69,45,51,00,00,25,05,
5985636,00000037,false,Rx,0,8,30,00,00,10,00,40,00,00,
5985869,00000038,false,Rx,0,8,04,00,00,00,B0,39,96,D4,
5986145,00000039,false,Rx,0,8,00,00,00,00,00,00,00,00,
5986453,0000019B,false,Rx,0,8,72,C3,3B,00,00,E4,00,00,
5986710,0000019C,false,Rx,0,8,40,20,00,00,00,00,0B,09,
5987099,0000019D,false,Rx,0,8,00,10,00,01,00,00,00,00,
5987509,0000019E,false,Rx,0,8,15,00,00,00,00,32,00,00,
5988560,00000380,false,Rx,0,8,96,92,03,08,08,08,08,01,
5989775,000001F1,false,Rx,0,8,82,F2,27,01,00,00,28,00,
5989948,000001F2,false,Rx,0,8,00,00,00,00,00,00,00,00,
5990328,00000427,false,Rx,0,8,1D,86,FF,00,80,0A,00,00,
6005043,00000061,false,Rx,0,8,04,34,C5,00,00,00,00,00,
6005134,00000062,false,Rx,0,8,02,02,00,02,40,FF,00,FF,
6005462,00000063,false,Rx,0,8,00,00,05,00,00,08,FD,00,
6005616,00000064,false,Rx,0,8,00,00,00,04,FF,FA,00,00,
6005849,000000A1,false,Rx,0,8,24,D7,C5,53,61,02,8A,00,
6006119,000000A2,false,Rx,0,8,00,00,00,00,00,00,00,00,
6006368,000000A3,false,Rx,0,8,00,40,01,00,00,00,00,00,
6014891,00000121,false,Rx,0,8,AA,59,2B,00,00,00,00,05,
6014983,00000122,false,Rx,0,8,FF,D9,67,1F,46,47,46,45,
6015386,00000123,false,Rx,0,8,B6,02,00,00,00,00,01,00,
6015471,00000124,false,Rx,0,8,00,00,0A,00,00,00,20,40,
6016910,0000011B,false,Rx,0,8,6A,0C,EF,05,80,08,28,02,
6017020,0000012B,false,Rx,0,8,8C,5C,EF,06,00,00,08,00,
6017412,0000011C,false,Rx,0,8,00,05,20,00,22,00,01,01,
6017680,0000012C,false,Rx,0,8,00,00,01,00,00,64,00,00,
6018008,00000563,false,Rx,1,8,65,02,00,00,00,00,FF,FF,
6023378,0000010B,false,Rx,0,8,70,C9,35,00,00,00,00,05,
6023471,0000010C,false,Rx,0,8,FF,F9,E7,1F,46,50,48,48,
6023901,0000010D,false,Rx,0,8,B5,02,00,00,00,00,01,00,
6023969,0000010E,false,Rx,0,8,00,00,1E,00,00,C0,AB,57,
6031199,00000226,false,Rx,0,8,49,B3,09,FF,63,60,09,42,
6031292,00000227,false,Rx,0,8,02,94,00,09,03,F1,9F,03,
6033186,000001E6,false,Rx,0,8,81,EC,70,02,00,00,00,00,
6033289,000001BB,false,Rx,0,8,74,46,70,02,00,00,00,0A,
6033694,000001BC,false,Rx,0,8,32,00,00,00,02,00,00,00,
6033768,000001BD,false,Rx,0,8,00,00,00,00,00,00,00,00,
6034081,000001E7,false,Rx,0,8,00,00,22,03,20,01,00,00,
6034538,00000091,false,Rx,0,8,86,20,BB,16,06,00,00,00,
6035112,00000092,false,Rx,0,8,28,00,00,00,80,02,00,00,
6035403,00000093,false,Rx,0,8,00,00,00,00,00,00,00,00,
6035472,00000094,false,Rx,0,8,00,00,00,00,00,00,00,00,
6035531,000003AA,false,Rx,0,8,FF,00,D0,00,54,00,00,00,
6035816,00000036,false,Rx,0,8,5C,1D,4A,51,00,00,25,05,
6035913,00000037,false,Rx,0,8,30,00,00,10,00,40,00,00,
6036286,00000038,false,Rx,0,8,04,00,00,00,B0,39,96,D4,
6036620,00000039,false,Rx,0,8,00,00,00,00,00,00,00,00,
6036968,0000019B,false,Rx,0,8,D3,BC,40,00,00,E4,00,00,
6037302,0000019C,false,Rx,0,8,40,20,00,00,00,00,0B,09,
6037620,000002D6,false,Rx,0,8,99,2A,5B,00,00,00,00,00,
6037825,0000019D,false,Rx,0,8,00,10,00,01,00,00,00,00,
6038204,000002D7,false,Rx,0,8,00,00,00,00,03,00,00,00,
6038536,0000019E,false,Rx,0,8,15,00,00,00,00,32,00,00,
6038919,000002D8,false,Rx,0,8,00,00,00,00,00,00,38,47,
6039241,000002EB,false,Rx,0,8,7F,4B,5B,06,08,02,00,02,
6039527,000002D9,false,Rx,0,8,00,00,00,00,00,00,00,00,
6039624,000002EC,false,Rx,0,8,12,00,CF,00,59,00,00,00,
6039889,000003B6,false,Rx,0,8,28,43,5B,00,00,00,00,46,
6040229,000002ED,false,Rx,0,8,00,00,00,00,00,00,00,00,
6040555,000003B7,false,Rx,0,8,46,00,00,00,00,00,00,00,
6040959,000002EE,false,Rx,0,8,00,00,00,00,00,00,00,00,
6041292,000003B8,false,Rx,0,8,B2,02,00,00,00,00,69,0E,
6041468,00000495,false,Rx,0,8,49,00,00,00,00,00,00,00,
6041524,000003B9,false,Rx,0,8,00,00,00,00,00,00,00,00,
6043490,00000487,false,Rx,1,8,00,00,00,00,00,00,00,00,
6043960,00000642,false,Rx,1,8,FF,FF,FF,FF,FF,FF,00,00,
6046514,00000251,false,Rx,0,8,D5,BE,B8,00,00,00,00,00,
6046616,00000252,false,Rx,0,8,00,00,1B,1B,03,00,00,00,
6047023,00000253,false,Rx,0,8,00,00,00,58,58,00,80,4D,
6047107,000002AB,false,Rx,0,8,64,D4,BB,0C,0C,00,00,00,
6047526,000002AC,false,Rx,0,8,00,FF,FF,00,00,40,00,54,
6047882,000002AD,false,Rx,0,8,00,01,00,40,FF,FF,FF,0F,
6048160,000002AE,false,Rx,0,8,01,00,FF,3F,01,01,00,00,
6048241,000002B6,false,Rx,0,8,DE,F2,BB,01,00,00,00,40,
6048372,000002B7,false,Rx,0,8,9F,00,50,1C,00,04,00,00,
6048518,000003B1,false,Rx,0,8,C1,DE,00,80,00,00,20,00,
6048890,000002B8,false,Rx,0,8,FF,F8,10,00,00,00,00,00,
6049088,0000033B,false,Rx,0,8,3C,BE,BA,00,00,00,00,00,
6049501,000002B9,false,Rx,0,8,0A,00,00,00,00,00,00,00,
6049653,0000033C,false,Rx,0,8,00,00,00,00,F0,00,00,00,
6049859,000002C1,false,Rx,0,8,8A,8E,5E,21,00,41,00,D3,
6050489,0000033D,false,Rx,0,8,00,00,00,00,00,00,00,00,
6050852,000002C2,false,Rx,0,8,19,00,00,00,00,00,00,00,
6050943,0000033E,false,Rx,0,8,00,00,00,00,00,00,00,00,
6051219,000002C3,false,Rx,0,8,00,00,00,00,00,00,00,00,
6051527,00000356,false,Rx,0,8,53,04,5D,00,00,00,00,00,
6051645,000002C4,false,Rx,0,8,00,00,00,00,00,00,00,00,
6051750,00000357,false,Rx,0,8,00,00,00,00,00,4B,4D,48,
6051796,000001AB,false,Rx,0,8,32,81,31,50,70,38,00,00,
6051964,000002E1,false,Rx,0,8,58,B9,BB,00,00,00,00,40,
6052245,000001AC,false,Rx,0,8,00,28,00,00,00,00,00,00,
6052446,000002E2,false,Rx,0,8,FD,00,00,00,00,14,00,04,
6052892,00000358,false,Rx,0,8,35,41,45,4D,52,37,33,4F,
6053263,000002E3,false,Rx,0,8,00,00,00,00,00,00,72,01,
6053605,00000359,false,Rx,0,8,51,4F,34,52,4A,35,33,00,
6053680,000002E4,false,Rx,0,8,02,00,00,00,00,00,00,00,
6053978,0000036F,false,Rx,0,8,30,A1,01,00,00,00,00,00,
6054056,0000037F,false,Rx,0,8,F4,10,52,24,41,02,00,00,
6054187,000003A1,false,Rx,0,8,F6,60,43,00,FF,FF,FF,FF,
6054910,000003A2,false,Rx,0,8,00,00,00,00,00,00,00,00,
6055272,00000061,false,Rx,0,8,85,40,CA,00,00,00,00,00,
6055614,00000062,false,Rx,0,8,02,02,00,02,40,FF,00,FF,
6055941,00000063,false,Rx,0,8,00,00,05,00,00,08,FD,00,
6056215,00000064,false,Rx,0,8,00,00,00,04,FF,FA,00,00,
6056313,000000A1,false,Rx,0,8,14,FA,CA,53,61,02,8A,00,
6056589,000000A2,false,Rx,0,8,00,00,00,00,00,00,00,00,
6056920,000000A3,false,Rx,0,8,00,40,01,00,00,00,00,00,
6058457,00000146,false,Rx,0,8,69,A0,A7,10,04,05,00,00,
6058586,00000147,false,Rx,0,8,01,04,7D,00,40,49,07,00,
6058983,00000148,false,Rx,0,8,00,00,42,00,1E,89,40,05,
6059582,00000149,false,Rx,0,8,00,38,00,CC,00,00,00,00,
6060048,00000111,false,Rx,0,8,76,45,8B,01,00,00,00,00,
6060175,00000112,false,Rx,0,8,00,00,00,00,00,00,00,00,
6060242,00000113,false,Rx,0,8,00,00,00,00,00,00,00,00,
6060609,00000114,false,Rx,0,8,00,00,00,00,00,00,00,00,
6064885,00000121,false,Rx,0,8,21,5A,30,00,00,00,00,05,
6064979,00000122,false,Rx,0,8,FF,D9,67,1F,46,48,46,45,
6065374,00000123,false,Rx,0,8,B6,02,00,00,00,00,01,00,
6065725,00000124,false,Rx,0,8,00,00,0A,00,00,00,20,40,
6066962,0000011B,false,Rx,0,8,A8,D6,F4,05,80,08,28,02,
6067077,0000012B,false,Rx,0,8,4E,86,F4,06,00,00,08,00,
6067451,0000011C,false,Rx,0,8,00,05,20,00,22,00,01,01,
6067522,0000012C,false,Rx,0,8,00,00,01,00,00,64,00,00,
6067903,000001B1,false,Rx,0,8,8A,D4,A7,00,72,00,00,00,
6068193,000000FF,false,Rx,0,8,CB,10,00,00,00,00,02,00,
6068287,00000161,false,Rx,0,8,F4,6F,7A,03,00,00,00,02,
6068609,000001B2,false,Rx,0,8,23,00,04,B7,0F,09,50,10,
6068860,00000162,false,Rx,0,8,FF,FC,01,00,00,00,00,00,
6068943,000001B3,false,Rx,0,8,10,33,37,00,5A,7B,6B,7D,
6069545,000001B4,false,Rx,0,8,65,7D,10,00,00,41,00,00,
6069785,00000394,false,Rx,0,8,2A,22,1A,49,00,00,00,00,
6069912,000001E1,false,Rx,0,8,B9,03,64,02,00,00,00,00,
6069969,000003C3,false,Rx,0,8,45,10,31,30,36,00,00,00,
6070285,000001E2,false,Rx,0,8,00,00,00,00,00,00,00,00,
6070573,000003E0,false,Rx,0,8,01,70,01,00,54,03,00,00,
6070969,000003E5,false,Rx,0,8,8E,90,01,00,00,00,00,00,
6071309,000003E6,false,Rx,0,8,7F,00,00,00,00,00,00,00,
6071591,0000041A,false,Rx,0,8,95,40,12,00,00,00,00,00,
6071688,0000041B,false,Rx,0,8,60,30,00,00,00,00,00,00,
6071835,0000041C,false,Rx,0,8,E9,80,E0,00,00,00,00,00,
6071902,00000422,false,Rx,0,8,EA,C0,01,00,00,00,04,00,
6072329,00000445,false,Rx,0,8,00,10,00,00,00,00,00,18,
6072804,00000432,false,Rx,0,8,03,20,02,00,00,00,00,00,
6073070,00000435,false,Rx,0,8,9F,D0,00,40,00,00,00,00,
6073299,0000010B,false,Rx,0,8,F1,BD,3A,00,00,00,00,05,
6073538,00000442,false,Rx,0,8,CE,20,11,81,00,00,00,00,
6073775,0000010C,false,Rx,0,8,FF,F9,E7,1F,46,50,48,48,
6074010,00000444,false,Rx,0,8,6C,30,20,50,55,50,00,00,
6074266,0000010D,false,Rx,0,8,B5,02,00,00,00,00,01,00,
6074482,00000464,false,Rx,0,8,B2,70,F0,FF,38,7F,05,00,
6074736,0000010E,false,Rx,0,8,00,00,1E,00,00,C0,AB,57,
6077293,000001A1,false,Rx,0,8,0F,1B,7A,FE,F7,7F,64,00,
6077536,000001A2,false,Rx,0,8,44,00,00,00,27,08,00,00,
6077800,000001A3,false,Rx,0,8,FF,F3,3F,00,00,00,00,00,
6078065,000001A4,false,Rx,0,8,FE,07,00,00,00,00,00,00,
6080281,0000030B,false,Rx,0,8,4C,E8,BA,00,04,00,00,00,
6080479,0000030C,false,Rx,0,8,00,00,0E,00,2C,00,A0,0F,
6080746,0000030D,false,Rx,0,8,00,00,00,00,43,00,00,00,
6080992,0000030E,false,Rx,0,8,00,00,18,05,21,00,00,04,
6084264,000004A3,false,Rx,1,8,80,00,48,0B,3E,00,00,00,
6084481,000004A4,false,Rx,1,8,FF,FF,FF,00,00,00,00,00,
6085427,00000036,false,Rx,0,8,23,31,4F,51,00,00,25,05,
6085603,00000037,false,Rx,0,8,30,00,00,10,00,40,00,00,
6085854,00000038,false,Rx,0,8,04,00,00,00,B0,39,96,D4,
6086384,00000039,false,Rx,0,8,00,00,00,00,00,00,00,00,
6086778,0000019B,false,Rx,0,8,AC,90,45,00,00,E4,00,00,
6086883,0000019C,false,Rx,0,8,40,20,00,00,00,00,0B,09,
6087193,0000019D,false,Rx,0,8,00,10,00,01,00,00,00,00,
6087463,0000019E,false,Rx,0,8,15,00,00,00,00,32,00,00,
6088144,000001FB,false,Rx,0,8,E4,8A,B2,00,00,00,00,00,
6088468,000001FC,false,Rx,0,8,00,00,00,00,00,00,00,00,
6088561,000001FD,false,Rx,0,8,00,1A,03,00,00,00,00,00,
6088901,00000475,false,Rx,0,8,12,00,00,00,00,00,00,00,
6088985,000001FE,false,Rx,0,8,00,00,00,00,00,00,00,00,
6089277,00000496,false,Rx,0,8,12,00,00,00,00,00,00,00,
6094397,00000383,false,Rx,0,8,5A,53,00,10,01,00,00,00,
6099791,00000448,false,Rx,0,8,DE,80,00,00,00,00,00,00,
6104550,000004E8,false,Rx,1,8,FF,FF,FF,05,FF,FF,FF,00,
6105252,00000061,false,Rx,0,8,FA,6C,CF,00,00,00,00,00,
6105365,00000062,false,Rx,0,8,02,02,00,02,40,FF,00,FF,
6105785,00000063,false,Rx,0,8,00,00,05,00,00,08,FD,00,
6105867,00000064,false,Rx,0,8,00,00,00,04,FF,FA,00,00,
6106238,000000A1,false,Rx,0,8,1B,11,CF,53,61,02,8A,00,
6106595,000000A2,false,Rx,0,8,00,00,00,00,00,00,00,00,
6106940,000000A3,false,Rx,0,8,00,40,01,00,00,00,00,00,
6108455,00000382,false,Rx,0,8,2B,FE,21,00,00,05,09,00,
6110671,000002BF,false,Rx,0,8,FF,FF,FF,00,00,00,00,00,
6110764,0000047F,false,Rx,0,8,F0,FC,FF,FF,FF,FF,FF,FF,
6111156,00000653,false,Rx,0,8,0A,19,03,01,02,2A,00,00,
6111628,00000236,false,Rx,0,8,C1,91,B9,00,34,6C,AE,62,
6111864,000002FB,false,Rx,0,8,19,29,B9,04,72,1A,B4,B4,
6111949,00000237,false,Rx,0,8,00,15,47,00,00,1E,1B,00,
6112403,00000151,false,Rx,0,8,87,66,B9,64,C8,00,28,18,
6112813,000001F6,false,Rx,0,8,CC,BA,B9,00,00,00,00,0E,
6112918,00000152,false,Rx,0,8,14,17,17,00,51,00,00,00,
6112965,000001F7,false,Rx,0,8,26,00,DA,02,00,00,00,00,
6113335,00000153,false,Rx,0,8,00,00,00,00,00,00,00,00,
6113636,000001F8,false,Rx,0,8,00,5E,01,45,01,00,00,00,
6114005,00000154,false,Rx,0,8,00,00,00,00,00,00,00,00,
6114354,000001F9,false,Rx,0,8,4B,00,64,C8,14,00,4B,00,
6114689,000002FC,false,Rx,0,8,0E,00,14,18,00,00,8F,43,
6115011,00000238,false,Rx,0,8,00,00,72,00,00,00,00,00,
6115210,000002FD,false,Rx,0,8,00,00,00,00,00,1C,13,EA,
6115268,00000121,false,Rx,0,8,5E,76,35,00,00,00,00,05,
6115990,00000239,false,Rx,0,8,00,00,00,00,01,00,00,00,
6116358,00000122,false,Rx,0,8,FF,D9,67,1F,46,48,46,45,
6116684,0000025B,false,Rx,0,8,3C,96,B9,40,40,20,00,00,
6116754,00000123,false,Rx,0,8,B6,02,00,00,00,00,01,00,
6116965,0000025C,false,Rx,0,8,00,00,26,00,B4,2C,19,00,
6117036,00000124,false,Rx,0,8,00,00,0A,00,00,00,20,40,
6117087,0000025D,false,Rx,0,8,00,C8,00,00,00,80,C0,70,
6117169,0000011B,false,Rx,0,8,DB,EF,F9,05,80,08,28,02,
6117239,0000012B,false,Rx,0,8,3D,BF,F9,06,00,00,08,00,
6117286,0000011C,false,Rx,0,8,00,05,20,00,22,00,01,01,
6117967,0000012C,false,Rx,0,8,00,00,01,00,00,64,00,00,
6118199,0000025E,false,Rx,0,8,1A,07,0E,03,00,00,46,00,
6118258,000002FE,false,Rx,0,8,00,00,72,01,00,28,C8,02,
6118325,00000419,false,Rx,0,8,1D,D0,26,D5,35,87,90,00,
6118731,00000326,false,Rx,0,8,B5,CD,B9,00,00,00,00,00,
6119072,00000415,false,Rx,0,8,40,13,10,00,08,01,00,00,
6119212,00000327,false,Rx,0,8,00,00,00,00,05,00,00,00,
6119495,00000565,false,Rx,0,8,66,02,00,00,00,00,FF,FF,
6119571,00000328,false,Rx,0,8,DA,02,4B,00,00,5E,01,00,
6119733,00000329,false,Rx,0,8,64,45,01,00,00,00,00,00,
6120035,00000331,false,Rx,0,8,96,68,B9,F1,C8,A0,2C,97,
6120702,00000332,false,Rx,0,8,E8,08,FC,03,00,00,00,00,
6121036,00000333,false,Rx,0,8,00,00,00,1C,0C,40,20,64,
6121260,00000334,false,Rx,0,8,C8,00,00,00,08,44,F4,8F,
6123370,0000010B,false,Rx,0,8,8E,91,3F,00,00,00,00,05,
6123454,0000010C,false,Rx,0,8,FF,F9,E7,1F,46,50,48,48,
6124037,0000010D,false,Rx,0,8,B5,02,00,00,00,00,01,00,
6124162,0000010E,false,Rx,0,8,00,00,1E,00,00,C0,AB,57,
6131191,000002FF,false,Rx,0,8,D4,CB,00,71,02,00,00,00,
6131285,00000316,false,Rx,0,8,19,43,05,34,06,80,0A,00,
6131721,00000472,false,Rx,0,8,5C,EC,00,40,08,41,00,45,
6132016,00000317,false,Rx,0,8,00,00,05,00,00,00,00,00,
6132097,00000473,false,Rx,0,8,5F,24,00,25,00,00,00,78,
6132370,00000474,false,Rx,0,8,91,72,00,00,00,00,00,08,
6134937,00000091,false,Rx,0,8,B8,40,BC,16,06,00,00,00,
6135046,000002E6,false,Rx,0,8,74,52,B8,01,00,00,00,15,
6135102,00000092,false,Rx,0,8,27,00,00,00,70,02,00,00,
6135485,000002E7,false,Rx,0,8,0A,00,00,00,00,00,00,00,
6135780,00000093,false,Rx,0,8,00,00,00,00,00,00,00,00,
6135910,000002E8,false,Rx,0,8,00,00,00,00,00,00,00,00,
6135994,00000036,false,Rx,0,8,5E,F4,54,51,00,00,25,05,
6136117,000002E9,false,Rx,0,8,00,00,00,00,00,00,00,00,
6136305,00000037,false,Rx,0,8,30,00,00,10,00,40,00,00,
6136513,00000038,false,Rx,0,8,04,00,00,00,B0,39,96,D4,
6136866,0000019B,false,Rx,0,8,2D,E4,4A,00,00,E4,00,00,
6137500,00000039,false,Rx,0,8,00,00,00,00,00,00,00,00,
6137636,0000019C,false,Rx,0,8,40,20,00,00,00,00,0B,09,
6137957,00000094,false,Rx,0,8,00,00,00,00,00,00,00,00,
6138241,0000019D,false,Rx,0,8,00,10,00,01,00,00,00,00,
6138465,00000256,false,Rx,0,8,83,CD,B8,15,40,00,F0,00,
6138542,0000019E,false,Rx,0,8,15,00,00,00,00,32,00,00,
6138936,00000257,false,Rx,0,8,00,93,41,18,85,07,00,94,
6139311,00000258,false,Rx,0,8,35,EC,1A,00,10,15,00,28,
6139642,00000259,false,Rx,0,8,5D,05,8D,3C,4C,02,00,00,
6139949,000001F1,false,Rx,0,8,F1,CB,2A,01,00,00,28,00,
6140093,000001F2,false,Rx,0,8,00,00,00,00,00,00,00,00,
6141584,00000384,false,Rx,0,8,BA,56,0D,01,00,FF,00,24,
6141926,00000401,false,Rx,0,8,C6,10,10,00,00,04,00,00,
6144664,000004E8,false,Rx,1,8,FF,FF,FF,05,FF,FF,FF,00,
6148229,00000396,false,Rx,0,8,9F,B7,5C,0F,08,01,00,02,
6148321,00000397,false,Rx,0,8,04,00,43,10,3F,07,00,00,
6148751,0000042A,false,Rx,0,8,8E,83,0C,02,00,10,00,00,
6148830,00000398,false,Rx,0,8,00,00,00,00,00,00,00,00,
6151567,000001AB,false,Rx,0,8,AD,E9,36,50,70,38,00,00,
6151669,000001AC,false,Rx,0,8,00,28,00,00,00,00,00,00,
6152477,0000036F,false,Rx,0,8,89,B1,01,00,00,00,00,00,
6152597,0000037F,false,Rx,0,8,22,20,52,24,41,02,00,00,
6153092,00000419,false,Rx,0,8,1D,D0,26,D5,35,87,90,00,
6155410,00000061,false,Rx,0,8,87,A9,D4,00,00,00,00,00,
6155956,000000C5,false,Rx,1,8,00,00,00,00,00,00,00,00,
6156632,00000062,false,Rx,0,8,02,02,00,02,40,FF,00,FF,
6156908,00000244,false,Rx,1,8,FF,FF,FF,FF,FF,FF,FF,FF,
6157683,00000063,false,Rx,0,8,00,00,05,00,00,08,FD,00,
6158181,000004B4,false,Rx,1,8,00,00,05,40,10,70,04,00,
6158784,00000064,false,Rx,0,8,00,00,00,04,FF,FA,00,00,
6158903,000000A1,false,Rx,0,8,74,A0,D4,53,61,02,8A,00,
6159238,000004B5,false,Rx,1,8,08,00,F0,07,00,00,00,00,
6159504,000004B7,false,Rx,1,8,08,00,F0,07,00,00,00,00,
6160218,000000A2,false,Rx,0,8,00,00,00,00,00,00,00,00,
6160467,000004CA,false,Rx,1,8,00,00,00,00,00,00,00,00,
6160805,000000A3,false,Rx,0,8,00,40,01,00,00,00,00,00,
6161283,000004CC,false,Rx,1,8,08,00,00,06,00,00,03,00,
6161500,000004CE,false,Rx,1,8,DE,01,00,00,00,00,F8,FF,
6161783,000004D7,false,Rx,1,8,23,01,00,00,00,00,00,00,
6162060,000004D8,false,Rx,1,8,41,10,F0,F0,40,F2,1E,CC,
6162341,000004DD,false,Rx,1,8,00,00,FE,00,04,00,00,00,
6163155,00000146,false,Rx,0,8,27,74,AC,10,04,05,00,00,
6163527,000004DF,false,Rx,1,8,00,00,08,00,00,00,00,00,
6163629,000004E7,false,Rx,1,8,00,30,00,00,00,00,69,00,
6163813,00000147,false,Rx,0,8,01,04,7D,00,40,48,07,00,
6163879,00000148,false,Rx,0,8,00,00,42,00,1E,89,40,05,
6163928,000004E9,false,Rx,1,8,12,00,00,34,00,00,50,00,
6163981,00000149,false,Rx,0,8,00,38,00,CC,00,00,00,00,
6164249,000004EA,false,Rx,1,8,67,00,00,89,00,00,00,00,
6164757,000004EB,false,Rx,1,8,02,80,15,06,80,00,00,00,
6164978,000004EC,false,Rx,1,8,00,00,00,00,00,00,00,00,
6165046,000004ED,false,Rx,1,8,00,00,00,00,00,FF,FF,1F,
6165112,000004EE,false,Rx,1,8,FF,FF,00,00,00,00,00,00,
6165171,000004EF,false,Rx,1,8,60,00,60,00,2B,14,00,00,
6165241,0000063D,false,Rx,1,8,00,80,00,00,00,00,00,00,
6165304,0000063E,false,Rx,1,8,FF,FF,FF,FF,FF,FF,FF,FF,
6165382,0000063F,false,Rx,1,8,00,10,00,C4,FF,00,00,00,
6165458,00000640,false,Rx,1,8,FF,FF,FF,00,FF,FF,FF,00,
6165537,00000641,false,Rx,1,8,FF,FF,FF,FF,0F,FF,FF,FF,
6165611,00000646,false,Rx,1,8,00,00,00,80,01,00,00,00,
6166337,00000121,false,Rx,0,8,DF,02,3A,00,00,00,00,05,
6166884,0000011B,false,Rx,0,8,44,87,FE,05,80,08,28,02,
6166993,00000122,false,Rx,0,8,FF,D9,67,1F,46,48,46,45,
6167336,0000011C,false,Rx,0,8,00,05,20,00,22,00,01,01,
6167480,00000123,false,Rx,0,8,B6,02,00,00,00,00,01,00,
6167834,000001B1,false,Rx,0,8,32,D5,AC,00,72,00,00,00,
6168145,00000124,false,Rx,0,8,00,00,0A,00,00,00,20,40,
6168405,000001B2,false,Rx,0,8,23,00,04,B7,0F,09,50,10,
6168725,0000012B,false,Rx,0,8,A2,D7,FE,06,00,00,08,00,
6168815,000001B3,false,Rx,0,8,10,33,37,00,5A,7B,6B,7D,
6169098,0000012C,false,Rx,0,8,00,00,01,00,00,64,00,00,
6169180,000001B4,false,Rx,0,8,65,7D,10,00,00,41,00,00,
6169268,00000161,false,Rx,0,8,02,47,7F,03,00,00,00,02,
6169795,00000162,false,Rx,0,8,FF,FC,01,00,00,00,00,00,
6171553,000003B0,false,Rx,0,8,72,37,FF,C7,00,00,03,C0,
6172348,00000405,false,Rx,0,8,D2,10,00,00,00,01,00,00,
6172429,00000410,false,Rx,0,8,6A,60,57,3C,DE,6A,FF,FF,
6172916,00000411,false,Rx,0,8,04,D1,50,51,00,00,44,04,
6173224,00000413,false,Rx,0,8,08,60,00,00,00,00,00,00,
6173614,00000412,false,Rx,0,8,CC,E0,00,00,00,00,00,00,
6173723,0000010B,false,Rx,0,8,2F,EE,44,00,00,00,00,05,
6174083,00000414,false,Rx,0,8,41,70,00,00,28,00,00,00,
6174425,0000010C,false,Rx,0,8,FF,F9,E7,1F,46,50,48,48,
6174537,00000416,false,Rx,0,8,55,00,00,00,00,00,00,00,
6174863,0000010D,false,Rx,0,8,B5,02,00,00,00,00,01,00,
6175166,00000417,false,Rx,0,8,20,E0,00,00,00,00,00,00,
6175234,0000010E,false,Rx,0,8,00,00,1E,00,00,C0,AB,57,
6175345,00000418,false,Rx,0,8,07,C0,00,00,14,0C,00,00,
6175392,0000048F,false,Rx,0,8,AD,10,41,00,05,00,00,00,
6177259,000001A1,false,Rx,0,8,70,37,7F,FE,F7,7F,64,00,
6177500,000001A2,false,Rx,0,8,44,00,00,00,27,08,00,00,
6177745,000001A3,false,Rx,0,8,FF,F3,3F,00,00,00,00,00,
6178057,000001A4,false,Rx,0,8,FE,07,00,00,00,00,00,00,
6181228,000003B2,false,Rx,0,8,36,15,FF,02,29,2F,34,00,
6182966,000001E6,false,Rx,0,8,CC,04,73,02,00,00,00,00,
6183168,000001BB,false,Rx,0,8,71,1F,73,02,00,00,00,0A,
6183437,000001BC,false,Rx,0,8,32,00,00,00,02,00,00,00,
6183684,000001BD,false,Rx,0,8,00,00,00,00,00,00,00,00,
6183944,000001E7,false,Rx,0,8,00,00,22,03,20,01,00,00,
6185164,000004E8,false,Rx,1,8,FF,FF,FF,05,FF,FF,FF,00,
6185424,00000036,false,Rx,0,8,53,32,59,51,00,00,25,05,
6185900,00000037,false,Rx,0,8,30,00,00,10,00,40,00,00,
6186179,00000038,false,Rx,0,8,04,00,00,00,B0,39,96,D4,
6186393,0000019B,false,Rx,0,8,52,C8,4F,00,00,E4,00,00,
6186640,00000039,false,Rx,0,8,00,00,00,00,00,00,00,00,
6186875,0000019C,false,Rx,0,8,40,20,00,00,00,00,0B,09,
6187135,0000019D,false,Rx,0,8,00,10,00,01,00,00,00,00,
6187379,0000019E,false,Rx,0,8,15,00,00,00,00,32,00,00,
6188302,00000380,false,Rx,0,8,96,92,03,08,08,08,08,01,
6190386,00000427,false,Rx,0,8,1D,86,FF,00,80,0A,00,00,
6192370,00000419,false,Rx,0,8,1D,D0,26,D5,35,87,90,00,
6205041,00000061,false,Rx,0,8,8A,6F,D9,00,00,00,00,00,
6205128,00000062,false,Rx,0,8,02,02,00,02,40,FF,00,FF,
6205562,00000063,false,Rx,0,8,00,00,05,00,00,08,FD,00,
6205628,00000064,false,Rx,0,8,00,00,00,04,FF,FA,00,00,
6206032,000000A1,false,Rx,0,8,42,E3,D9,53,61,02,8A,00,
6206405,000000A2,false,Rx,0,8,00,00,00,00,00,00,00,00,
6206694,000000A3,false,Rx,0,8,00,40,01,00,00,00,00,00,
6214902,00000121,false,Rx,0,8,A0,2E,3F,00,00,00,00,05,
6214996,00000122,false,Rx,0,8,FF,D9,67,1F,46,48,46,45,
6215423,00000123,false,Rx,0,8,B6,02,00,00,00,00,01,00,
6215743,00000566,false,Rx,0,8,16,02,00,00,00,00,FF,FF,
6215852,00000124,false,Rx,0,8,00,00,0A,00,00,00,20,40,
6217028,0000011B,false,Rx,0,8,70,5F,03,05,80,08,28,02,
6217150,0000012B,false,Rx,0,8,96,0F,03,06,00,00,08,00,
6217476,0000011C,false,Rx,0,8,00,05,20,00,22,00,01,01,
6217573,0000012C,false,Rx,0,8,00,00,01,00,00,64,00,00,
6217814,000001E1,false,Rx,0,8,F4,EB,67,02,00,00,00,00,
6218258,000001E2,false,Rx,0,8,00,00,00,00,00,00,00,00,
6223377,0000010B,false,Rx,0,8,22,28,49,00,00,00,00,05,
6223470,0000010C,false,Rx,0,8,FF,F9,E7,1F,46,50,48,48,
6223888,0000010D,false,Rx,0,8,B5,02,00,00,00,00,01,00,
6223963,0000010E,false,Rx,0,8,00,00,1E,00,00,C0,AB,57,
6231002,00000226,false,Rx,0,8,20,F3,0B,FF,63,60,09,42,
6231095,00000227,false,Rx,0,8,02,94,00,09,03,F1,9F,03,
6234531,00000091,false,Rx,0,8,B0,3B,BD,16,06,00,00,00,
6234623,00000092,false,Rx,0,8,25,00,00,00,50,02,00,00,
6235104,00000093,false,Rx,0,8,00,00,00,00,00,00,00,00,
6235177,00000094,false,Rx,0,8,00,00,00,00,00,00,00,00,
6235510,000003AA,false,Rx,0,8,FF,00,D0,00,54,00,00,00,
6235580,00000036,false,Rx,0,8,A0,AC,5E,51,00,00,25,05,
6235823,00000037,false,Rx,0,8,30,00,00,10,00,40,00,00,
6236253,00000038,false,Rx,0,8,04,00,00,00,B0,39,96,D4,
6236613,00000039,false,Rx,0,8,00,00,00,00,00,00,00,00,
6237190,0000019B,false,Rx,0,8,2F,0D,54,00,00,E4,00,00,
6237285,0000019C,false,Rx,0,8,40,20,00,00,00,00,0B,09,
6237547,000002D6,false,Rx,0,8,6A,B4,5C,00,00,00,00,00,
6237673,0000019D,false,Rx,0,8,00,10,00,01,00,00,00,00,
6237784,000002D7,false,Rx,0,8,00,00,00,00,03,00,00,00,
6237861,0000019E,false,Rx,0,8,15,00,00,00,00,32,00,00,
6238554,000002D8,false,Rx,0,8,00,00,00,00,00,00,38,47,
6238938,000002EB,false,Rx,0,8,58,01,5C,07,08,02,00,02,
6239252,000002D9,false,Rx,0,8,00,00,00,00,00,00,00,00,
6239349,000002EC,false,Rx,0,8,07,00,CF,00,59,00,00,00,
6239629,000003B6,false,Rx,0,8,DB,DD,5C,00,00,00,00,46,
6239867,000002ED,false,Rx,0,8,00,00,00,00,00,00,00,00,
6239921,000003B7,false,Rx,0,8,46,00,00,00,00,00,00,00,
6240050,000002EE,false,Rx,0,8,00,00,00,00,00,00,00,00,
6240369,000003B8,false,Rx,0,8,B2,02,00,00,00,00,69,0E,
6240966,00000495,false,Rx,0,8,49,00,00,00,00,00,00,00,
6241321,000003B9,false,Rx,0,8,00,00,00,00,00,00,00,00,
6244871,00000487,false,Rx,1,8,00,00,00,00,00,00,00,00,
6245044,00000642,false,Rx,1,8,FF,FF,FF,FF,FF,FF,00,00,
6246807,00000251,false,Rx,0,8,D3,D0,BA,00,00,00,00,00,
6247038,00000252,false,Rx,0,8,00,00,1B,1B,03,00,00,00,
6247137,00000253,false,Rx,0,8,00,00,00,58,58,00,80,4D,
6247205,000002AB,false,Rx,0,8,D1,13,BD,0C,0C,00,00,00,
6247530,000002AC,false,Rx,0,8,00,FF,FF,00,00,40,00,54,
6247648,000002AD,false,Rx,0,8,00,01,00,40,FF,FF,FF,0F,
6248059,000002AE,false,Rx,0,8,01,00,FF,3F,01,01,00,00,
6248108,000002B6,false,Rx,0,8,6B,35,BD,01,00,00,00,40,
6248247,000003B1,false,Rx,0,8,C1,DE,00,80,00,00,20,00,
6248634,000002B7,false,Rx,0,8,9F,00,50,1C,00,04,00,00,
6249213,0000033B,false,Rx,0,8,89,79,BC,00,00,00,00,00,
6249564,000002B8,false,Rx,0,8,FF,F8,10,00,00,00,00,00,
6249886,0000033C,false,Rx,0,8,00,00,00,00,F0,00,00,00,
6249979,000002B9,false,Rx,0,8,0A,00,00,00,00,00,00,00,
6250305,0000033D,false,Rx,0,8,00,00,00,00,00,00,00,00,
6250552,000002C1,false,Rx,0,8,CC,D7,5F,21,00,41,00,D3,
6250637,0000033E,false,Rx,0,8,00,00,00,00,00,00,00,00,
6250852,000002C2,false,Rx,0,8,19,00,00,00,00,00,00,00,
6250948,00000356,false,Rx,0,8,99,EF,5E,00,00,00,00,00,
6251105,000002C3,false,Rx,0,8,00,00,00,00,00,00,00,00,
6251296,000001AB,false,Rx,0,8,DE,D0,3B,50,70,38,00,00,
6251622,000002C4,false,Rx,0,8,00,00,00,00,00,00,00,00,
6252203,000001AC,false,Rx,0,8,00,28,00,00,00,00,00,00,
6252549,000002E1,false,Rx,0,8,ED,7E,BD,00,00,00,00,40,
6252645,00000357,false,Rx,0,8,00,00,00,00,00,4B,4D,48,
6252946,000002E2,false,Rx,0,8,FD,00,00,00,00,14,00,04,
6253270,00000358,false,Rx,0,8,35,41,45,4D,52,37,33,4F,
6253474,000002E3,false,Rx,0,8,00,00,00,00,00,00,72,01,
6253536,00000359,false,Rx,0,8,51,4F,34,52,4A,35,33,00,
6253639,000002E4,false,Rx,0,8,02,00,00,00,00,00,00,00,
6253798,0000036F,false,Rx,0,8,81,C1,01,00,00,00,00,00,
6253924,0000037F,false,Rx,0,8,9B,30,52,24,41,02,00,00,
6254184,000003A1,false,Rx,0,8,69,08,44,00,FF,FF,FF,FF,
6254429,000003A2,false,Rx,0,8,00,00,00,00,00,00,00,00,
6254833,00000061,false,Rx,0,8,79,F1,DE,00,00,00,00,00,
6255101,00000062,false,Rx,0,8,02,02,00,02,40,FF,00,FF,
6255395,00000063,false,Rx,0,8,00,00,05,00,00,08,FD,00,
6255639,00000064,false,Rx,0,8,00,00,00,04,FF,FA,00,00,
6255878,000000A1,false,Rx,0,8,4B,66,DE,53,61,02,8A,00,
6256144,000000A2,false,Rx,0,8,00,00,00,00,00,00,00,00,
6256426,000000A3,false,Rx,0,8,00,40,01,00,00,00,00,00,
6258687,00000146,false,Rx,0,8,EF,76,B1,10,04,05,00,00,
6258783,00000147,false,Rx,0,8,01,04,7D,00,40,48,07,00,
6258828,00000148,false,Rx,0,8,00,00,42,00,1E,89,40,05,
6259272,00000149,false,Rx,0,8,00,38,00,CC,00,00,00,00,
6260241,00000111,false,Rx,0,8,85,DB,8C,01,00,00,00,00,
6260641,00000112,false,Rx,0,8,00,00,00,00,00,00,00,00,
6261242,00000113,false,Rx,0,8,00,00,00,00,00,00,00,00,
6261529,00000114,false,Rx,0,8,00,00,00,00,00,00,00,00,
6264945,00000121,false,Rx,0,8,01,51,44,00,00,00,00,05,
6265038,00000122,false,Rx,0,8,FF,D9,67,1F,46,48,46,45,
6265464,00000123,false,Rx,0,8,B6,02,00,00,00,00,01,00,
6265548,00000124,false,Rx,0,8,00,00,0A,00,00,00,20,40,
6267930,0000011B,false,Rx,0,8,B8,A6,08,05,80,08,28,02,
6268040,0000012B,false,Rx,0,8,5E,F6,08,06,00,00,08,00,
6268087,0000011C,false,Rx,0,8,00,05,20,00,22,00,01,01,
6268472,0000012C,false,Rx,0,8,00,00,01,00,00,64,00,00,
6268766,000000FF,false,Rx,0,8,CB,10,00,00,00,00,02,00,
6269144,00000161,false,Rx,0,8,8D,5F,84,03,00,00,00,02,
6269469,000001B1,false,Rx,0,8,FA,D7,B1,00,72,00,00,00,
6269724,00000162,false,Rx,0,8,FF,FC,01,00,00,00,00,00,
6270083,000001B2,false,Rx,0,8,23,00,04,B7,0F,09,50,10,
6270153,00000394,false,Rx,0,8,2A,22,1A,49,00,00,00,00,
6270443,000001B3,false,Rx,0,8,10,33,37,00,5A,7B,6B,7D,
6270758,000003C3,false,Rx,0,8,45,10,31,30,36,00,00,00,
6271128,000001B4,false,Rx,0,8,65,7D,10,00,00,41,00,00,
6271486,000003E0,false,Rx,0,8,01,70,01,00,54,03,00,00,
6271955,000003E5,false,Rx,0,8,8E,90,01,00,00,00,00,00,
6272042,000003E6,false,Rx,0,8,7F,00,00,00,00,00,00,00,
6272105,0000041A,false,Rx,0,8,95,40,12,00,00,00,00,00,
6272173,0000041B,false,Rx,0,8,60,30,00,00,00,00,00,00,
6272469,0000041C,false,Rx,0,8,E9,80,E0,00,00,00,00,00,
6272797,00000422,false,Rx,0,8,EA,C0,01,00,00,00,04,00,
6273155,00000435,false,Rx,0,8,9F,D0,00,40,00,00,00,00,
6273468,00000419,false,Rx,0,8,85,E0,26,D5,31,87,90,00,
6273664,00000432,false,Rx,0,8,03,20,02,00,00,00,00,00,
6273817,00000442,false,Rx,0,8,CE,20,11,81,00,00,00,00,
6273913,0000010B,false,Rx,0,8,D1,B6,4E,00,00,00,00,05,
6273990,00000444,false,Rx,0,8,6C,30,20,50,55,50,00,00,
6274036,0000010C,false,Rx,0,8,FF,F9,E7,1F,46,50,48,48,
6274092,00000445,false,Rx,0,8,00,10,00,00,00,00,00,18,
6274540,0000010D,false,Rx,0,8,B5,02,00,00,00,00,01,00,
6275129,00000464,false,Rx,0,8,B2,70,F0,FF,38,7F,05,00,
6275440,0000010E,false,Rx,0,8,00,00,1E,00,00,C0,AB,57,
6277540,000001A1,false,Rx,0,8,3F,0E,84,FE,F7,7F,64,00,
6277616,000001A2,false,Rx,0,8,44,00,00,00,27,08,00,00,
6277794,000001A3,false,Rx,0,8,FF,F3,3F,00,00,00,00,00,
6278092,000001A4,false,Rx,0,8,FE,07,00,00,00,00,00,00,
6280316,0000030B,false,Rx,0,8,F9,2F,BC,00,04,00,00,00,
6280491,0000030C,false,Rx,0,8,00,00,0E,00,2C,00,A0,0F,
6280758,0000030D,false,Rx,0,8,00,00,00,00,43,00,00,00,
6281006,0000030E,false,Rx,0,8,00,00,18,05,21,00,00,04,
6285418,00000036,false,Rx,0,8,C3,37,63,51,00,00,25,05,
6285602,00000037,false,Rx,0,8,30,00,00,10,00,40,00,00,
6285897,00000038,false,Rx,0,8,04,00,00,00,B0,39,96,D4,
6286169,00000039,false,Rx,0,8,00,00,00,00,00,00,00,00,
6286385,0000019B,false,Rx,0,8,22,CB,59,00,00,E4,00,00,
6286654,0000019C,false,Rx,0,8,40,20,00,00,00,00,0B,09,
6286905,0000019D,false,Rx,0,8,00,10,00,01,00,00,00,00,
6287019,000004A3,false,Rx,1,8,80,00,48,0B,3E,00,00,00,
6287188,0000019E,false,Rx,0,8,15,00,00,00,00,32,00,00,
6287395,000004A4,false,Rx,1,8,FF,FF,FF,00,00,00,00,00,
6287702,000001FB,false,Rx,0,8,51,4D,B4,00,00,00,00,00,
6288200,000001FC,false,Rx,0,8,00,00,00,00,00,00,00,00,
6288434,00000475,false,Rx,0,8,12,00,00,00,00,00,00,00,
6288682,000001FD,false,Rx,0,8,00,1A,03,00,00,00,00,00,
6288927,00000496,false,Rx,0,8,12,00,00,00,00,00,00,00,
6289187,000001FE,false,Rx,0,8,00,00,00,00,00,00,00,00,
6289669,000001F1,false,Rx,0,8,6E,A3,2D,01,00,00,28,00,
6290031,000001F2,false,Rx,0,8,00,00,00,00,00,00,00,00,
6294390,00000383,false,Rx,0,8,5A,53,00,10,01,00,00,00,
6299788,00000448,false,Rx,0,8,DE,80,00,00,00,00,00,00,
6305050,00000061,false,Rx,0,8,1A,6A,E3,00,00,00,00,00,
6305141,00000062,false,Rx,0,8,02,02,00,02,40,FF,00,FF,
6305658,00000063,false,Rx,0,8,00,00,05,00,00,08,FD,00,
6305948,00000064,false,Rx,0,8,00,00,00,04,FF,FA,00,00,
6306233,000000A1,false,Rx,0,8,88,E5,E3,53,61,02,8A,00,
6306336,000000A2,false,Rx,0,8,00,00,00,00,00,00,00,00,
6306601,000000A3,false,Rx,0,8,00,40,01,00,00,00,00,00,
6308418,00000382,false,Rx,0,8,2B,FE,21,00,00,05,09,00,
6310706,000002BF,false,Rx,0,8,FF,FF,FF,00,00,00,00,00,
6310822,0000047F,false,Rx,0,8,F0,FC,FF,FF,FF,FF,FF,FF,
6311194,00000653,false,Rx,0,8,0A,19,03,01,02,2A,00,00,
6311662,00000236,false,Rx,0,8,4D,23,BB,00,34,6C,AE,62,
6312022,000002FB,false,Rx,0,8,47,02,BB,04,72,1A,B4,B4,
6312117,00000237,false,Rx,0,8,00,15,47,00,00,1E,1B,00,
6312687,000002FC,false,Rx,0,8,0F,00,14,18,00,00,8E,43,
6313061,00000151,false,Rx,0,8,0B,D4,BB,64,C8,00,28,18,
6313374,00000238,false,Rx,0,8,00,00,72,00,00,00,00,00,
6313472,00000152,false,Rx,0,8,14,17,17,00,51,00,00,00,
6313853,000001F6,false,Rx,0,8,40,08,BB,00,00,00,00,0E,
6314077,00000153,false,Rx,0,8,00,00,00,00,00,00,00,00,
6314192,000001F7,false,Rx,0,8,26,00,DA,02,00,00,00,00,
6314504,00000154,false,Rx,0,8,00,00,00,00,00,00,00,00,
6314686,000001F8,false,Rx,0,8,00,5E,01,45,01,00,00,00,
6314748,000002FD,false,Rx,0,8,00,00,00,00,00,1C,13,EA,
6314795,000001F9,false,Rx,0,8,4B,00,64,C8,14,00,4B,00,
6315136,000002FE,false,Rx,0,8,00,00,72,01,00,28,C8,02,
6315491,00000239,false,Rx,0,8,00,00,00,00,01,00,00,00,
6315820,00000326,false,Rx,0,8,39,7F,BB,00,00,00,00,00,
6316138,0000025B,false,Rx,0,8,31,E9,BB,40,40,20,00,00,
6316224,00000327,false,Rx,0,8,00,00,00,00,05,00,00,00,
6316361,0000025C,false,Rx,0,8,00,00,26,00,B4,2C,19,00,
6316419,00000121,false,Rx,0,8,FA,51,49,00,00,00,00,05,
6316722,0000025D,false,Rx,0,8,00,C8,00,00,00,80,C0,70,
6316824,0000011B,false,Rx,0,8,4E,8E,0D,05,80,08,28,02,
6317242,00000122,false,Rx,0,8,FF,D9,67,1F,46,47,46,45,
6317816,0000011C,false,Rx,0,8,00,05,20,00,22,00,01,01,
6318151,00000123,false,Rx,0,8,B6,02,00,00,00,00,01,00,
6318232,0000025E,false,Rx,0,8,04,07,0E,01,00,00,46,00,
6318407,00000124,false,Rx,0,8,00,00,0A,00,00,00,20,40,
6318731,00000328,false,Rx,0,8,DA,02,4B,00,00,5E,01,00,
6318828,0000012B,false,Rx,0,8,A8,DE,0D,06,00,00,08,00,
6318888,00000329,false,Rx,0,8,64,45,01,00,00,00,00,00,
6319264,0000012C,false,Rx,0,8,00,00,01,00,00,64,00,00,
6319890,00000331,false,Rx,0,8,1A,DA,BB,F1,C8,A0,2C,97,
6320208,00000419,false,Rx,0,8,5F,00,25,D5,31,87,90,00,
6320441,00000332,false,Rx,0,8,E8,08,FC,03,00,00,00,00,
6321144,00000516,false,Rx,0,8,61,02,00,00,00,00,FF,FF,
6321251,00000333,false,Rx,0,8,00,00,00,1C,0C,40,20,64,
6321561,00000334,false,Rx,0,8,C8,00,00,00,08,44,F4,8F,
6323824,0000010B,false,Rx,0,8,19,B4,53,00,00,00,00,05,
6324145,0000010C,false,Rx,0,8,FF,F9,E7,1F,46,50,48,48,
6324232,0000010D,false,Rx,0,8,B5,02,00,00,00,00,01,00,
6324392,0000010E,false,Rx,0,8,00,00,1E,00,00,C0,AB,57,
6331122,00000316,false,Rx,0,8,54,AB,06,34,06,80,0A,00,
6331226,00000317,false,Rx,0,8,00,00,05,00,00,00,00,00,
6331697,000003CB,false,Rx,0,8,36,14,00,F4,00,00,00,00,
6331985,00000472,false,Rx,0,8,5C,EC,00,40,08,41,00,45,
6332078,000003CC,false,Rx,0,8,36,31,34,30,33,34,31,00,
6332382,00000473,false,Rx,0,8,5F,24,00,25,00,00,00,78,
6332667,00000474,false,Rx,0,8,91,72,00,00,00,00,00,08,
6333313,000001E6,false,Rx,0,8,3A,2C,76,02,00,00,00,00,
6333658,000001BB,false,Rx,0,8,7E,F4,76,02,00,00,00,0A,
6333748,000001BC,false,Rx,0,8,32,00,00,00,02,00,00,00,
6334055,000002FF,false,Rx,0,8,D4,CB,00,71,02,00,00,00,
6334318,000001BD,false,Rx,0,8,00,00,00,00,00,00,00,00,
6334389,000001E7,false,Rx,0,8,00,00,22,03,20,01,00,00,
6334690,00000091,false,Rx,0,8,5D,C1,BE,16,06,00,00,00,
6334996,000002E6,false,Rx,0,8,F8,E0,BA,01,00,00,00,15,
6335360,00000092,false,Rx,0,8,24,00,00,00,40,02,00,00,
6335667,000002E7,false,Rx,0,8,0A,00,00,00,00,00,00,00,
6335751,00000093,false,Rx,0,8,00,00,00,00,00,00,00,00,
6336050,000002E8,false,Rx,0,8,00,00,00,00,00,00,00,00,
6336248,00000036,false,Rx,0,8,7B,36,68,51,00,00,25,05,
6336433,000002E9,false,Rx,0,8,00,00,00,00,00,00,00,00,
6337041,00000037,false,Rx,0,8,30,00,00,10,00,40,00,00,
6337396,0000019B,false,Rx,0,8,D1,55,5E,00,00,E4,00,00,
6337746,00000038,false,Rx,0,8,04,00,00,00,B0,39,96,D4,
6337817,0000019C,false,Rx,0,8,40,20,00,00,00,00,0B,09,
6338093,00000039,false,Rx,0,8,00,00,00,00,00,00,00,00,
6338389,0000019D,false,Rx,0,8,00,10,00,01,00,00,00,00,
6338460,00000094,false,Rx,0,8,00,00,00,00,00,00,00,00,
6338736,0000019E,false,Rx,0,8,15,00,00,00,00,32,00,00,
6339094,00000256,false,Rx,0,8,ED,6F,BA,15,40,00,F0,00,
6339423,00000257,false,Rx,0,8,00,93,41,18,85,07,00,94,
6339499,00000258,false,Rx,0,8,35,ED,1A,00,10,15,00,28,
6339768,00000259,false,Rx,0,8,5D,05,8D,3C,4C,02,00,00,
6341524,00000384,false,Rx,0,8,BA,56,0D,01,00,FF,00,24,
6341742,00000401,false,Rx,0,8,C6,10,10,00,00,04,00,00,
6348241,00000396,false,Rx,0,8,0C,83,5D,0F,08,01,00,02,
6348333,0000042A,false,Rx,0,8,8E,83,0C,02,00,10,00,00,
6348801,00000397,false,Rx,0,8,1C,00,43,10,3F,07,00,00,
6348872,00000398,false,Rx,0,8,00,00,00,00,00,00,00,00,
6351763,000001AB,false,Rx,0,8,20,C0,40,50,70,38,00,00,
6352005,000001AC,false,Rx,0,8,00,28,00,00,00,00,00,00,
6352096,0000036F,false,Rx,0,8,38,D1,01,00,00,00,00,00,
6352588,0000037F,false,Rx,0,8,93,40,52,24,41,02,00,00,
6352913,00000419,false,Rx,0,8,5F,00,25,D5,31,87,90,00,
6355128,00000061,false,Rx,0,8,A2,6B,E8,00,00,00,00,00,
6355220,00000062,false,Rx,0,8,02,02,00,02,40,FF,00,FF,
6355527,00000063,false,Rx,0,8,00,00,05,00,00,08,FD,00,
6355611,00000064,false,Rx,0,8,00,00,00,04,FF,FA,00,00,
6355858,000000A1,false,Rx,0,8,B4,14,E8,53,61,02,8A,00,
6356138,000000A2,false,Rx,0,8,00,00,00,00,00,00,00,00,
6356392,000000A3,false,Rx,0,8,00,40,01,00,00,00,00,00,
6358360,000000C5,false,Rx,1,8,00,00,00,00,00,00,00,00,
6358694,00000244,false,Rx,1,8,FF,FF,FF,FF,FF,FF,FF,FF,
6359455,00000146,false,Rx,0,8,EA,3D,B6,10,04,05,00,00,
6360000,000004B4,false,Rx,1,8,00,00,05,40,10,70,04,00,
6360210,000004B5,false,Rx,1,8,08,00,F0,07,00,00,00,00,
6360722,00000147,false,Rx,0,8,01,04,7D,00,40,49,07,00,
6361249,000004B7,false,Rx,1,8,08,00,F0,07,00,00,00,00,
6361777,000004CA,false,Rx,1,8,00,00,00,00,00,00,00,00,
6362343,00000148,false,Rx,0,8,00,00,42,00,1E,89,40,05,
6362670,000004CC,false,Rx,1,8,08,00,00,06,00,00,03,00,
6362741,00000149,false,Rx,0,8,00,38,00,CC,00,00,00,00,
6362799,000004CE,false,Rx,1,8,DE,01,00,00,00,00,F8,FF,
6363052,000004D7,false,Rx,1,8,23,01,00,00,00,00,00,00,
6363334,000004D8,false,Rx,1,8,41,10,F0,F0,40,F2,1E,CC,
6363635,000004DD,false,Rx,1,8,00,00,FE,00,04,00,00,00,
6364083,000004DF,false,Rx,1,8,00,00,08,00,00,00,00,00,
6364359,000004E7,false,Rx,1,8,00,30,00,00,00,00,69,00,
6364551,000004E8,false,Rx,1,8,FF,FF,FF,05,FF,FF,FF,00,
6364614,000004E9,false,Rx,1,8,12,00,00,34,00,00,50,00,
6364664,000004EA,false,Rx,1,8,67,00,00,89,00,00,00,00,
6364940,000004EB,false,Rx,1,8,02,80,15,06,80,00,00,00,
6365215,000004EC,false,Rx,1,8,00,00,00,00,00,00,00,00,
6365559,000004ED,false,Rx,1,8,00,00,00,00,00,FF,FF,1F,
6365646,000004EE,false,Rx,1,8,FF,FF,00,00,00,00,00,00,
6365722,000004EF,false,Rx,1,8,60,00,60,00,2B,14,00,00,
6365783,0000063D,false,Rx,1,8,00,80,00,00,00,00,00,00,
6365866,0000063E,false,Rx,1,8,FF,FF,FF,FF,FF,FF,FF,FF,
6365918,0000063F,false,Rx,1,8,00,10,00,C4,FF,00,00,00,
6366085,00000121,false,Rx,0,8,FF,09,4E,00,00,00,00,05,
6366180,00000640,false,Rx,1,8,FF,FF,FF,00,FF,FF,FF,00,
6366265,00000641,false,Rx,1,8,FF,FF,FF,FF,0F,FF,FF,FF,
6366483,00000122,false,Rx,0,8,FF,D9,67,1F,46,48,46,45,
6366614,00000646,false,Rx,1,8,00,00,00,80,01,00,00,00,
6366676,00000123,false,Rx,0,8,B6,02,00,00,00,00,01,00,
6366938,00000124,false,Rx,0,8,00,00,0A,00,00,00,20,40,
6367014,0000011B,false,Rx,0,8,5E,D4,12,05,80,08,28,02,
6367310,0000012B,false,Rx,0,8,B8,84,12,06,00,00,08,00,
6367684,0000011C,false,Rx,0,8,00,05,20,00,22,00,01,01,
6368018,0000012C,false,Rx,0,8,00,00,01,00,00,64,00,00,
6368306,000001B1,false,Rx,0,8,09,49,B6,00,72,00,00,00,
6368498,00000161,false,Rx,0,8,FE,66,89,03,00,00,00,02,
6368552,000001B2,false,Rx,0,8,23,00,04,B7,0F,09,50,10,
6368922,00000162,false,Rx,0,8,FF,FC,01,00,00,00,00,00,
6368986,000001B3,false,Rx,0,8,10,33,37,00,5A,7B,6B,7D,
6369635,000001B4,false,Rx,0,8,65,7D,10,00,00,41,00,00,
6369761,000001E1,false,Rx,0,8,87,D2,6A,02,00,00,00,00,
6370331,000001E2,false,Rx,0,8,00,00,00,00,00,00,00,00,
6371357,000003B0,false,Rx,0,8,72,37,FF,C7,00,00,03,C0,
6372269,00000405,false,Rx,0,8,D2,10,00,00,00,01,00,00,
6372878,00000410,false,Rx,0,8,6A,60,57,3C,DE,6A,FF,FF,
6373001,00000413,false,Rx,0,8,08,60,00,00,00,00,00,00,
6373357,00000411,false,Rx,0,8,04,D1,50,51,00,00,44,04,
6373437,0000010B,false,Rx,0,8,A1,B5,58,00,00,00,00,05,
6373739,00000412,false,Rx,0,8,CC,E0,00,00,00,00,00,00,
6374228,0000010C,false,Rx,0,8,FF,F9,E7,1F,46,50,48,48,
6374571,00000414,false,Rx,0,8,41,70,00,00,28,00,00,00,
6375127,0000010D,false,Rx,0,8,B5,02,00,00,00,00,01,00,
6375227,00000416,false,Rx,0,8,55,00,00,00,00,00,00,00,
6375526,0000010E,false,Rx,0,8,00,00,1E,00,00,C0,AB,57,
6375700,00000417,false,Rx,0,8,20,E0,00,00,00,00,00,00,
6375765,00000418,false,Rx,0,8,07,C0,00,00,14,0C,00,00,
6377590,000001A1,false,Rx,0,8,32,C8,89,FE,F7,7F,64,00,
6377691,000001A2,false,Rx,0,8,44,00,00,00,27,08,00,00,
6378092,000001A3,false,Rx,0,8,FF,F3,3F,00,00,00,00,00,
6378185,00000485,false,Rx,0,8,00,40,11,02,00,00,00,00,
6378492,000001A4,false,Rx,0,8,FE,07,00,00,00,00,00,00,
6381312,000003B2,false,Rx,0,8,36,15,FF,02,29,2F,34,00,
6385424,00000036,false,Rx,0,8,04,1A,6D,51,00,00,25,05,
6385618,00000037,false,Rx,0,8,30,00,00,10,00,40,00,00,
6385870,00000038,false,Rx,0,8,04,00,00,00,B0,39,96,D4,
6386203,00000039,false,Rx,0,8,00,00,00,00,00,00,00,00,
6386421,0000019B,false,Rx,0,8,B2,CE,63,00,00,E4,00,00,
6386683,0000019C,false,Rx,0,8,40,20,00,00,00,00,0B,09,
6386940,0000019D,false,Rx,0,8,00,10,00,01,00,00,00,00,
6387211,0000019E,false,Rx,0,8,15,00,00,00,00,32,00,00,
6388193,00000380,false,Rx,0,8,96,92,03,08,08,08,08,01,
6390395,00000427,false,Rx,0,8,1D,86,FF,00,80,0A,00,00,
6392390,00000419,false,Rx,0,8,5F,00,25,D5,31,87,90,00,
6405030,00000061,false,Rx,0,8,DD,47,ED,00,00,00,00,00,
6405114,00000062,false,Rx,0,8,02,02,00,02,40,FF,00,FF,
6405567,00000063,false,Rx,0,8,00,00,05,00,00,08,FD,00,
6405637,00000064,false,Rx,0,8,00,00,00,04,FF,FA,00,00,
6405969,000000A1,false,Rx,0,8,AB,D4,ED,54,61,02,8A,00,
6406337,000000A2,false,Rx,0,8,00,00,00,00,00,00,00,00,
6406624,000000A3,false,Rx,0,8,00,40,01,00,00,00,00,00,
6408116,000004F0,false,Rx,1,8,4A,10,15,07,5C,1A,0B,02,
6414906,00000121,false,Rx,0,8,C1,CD,53,00,00,00,00,05,
6414998,00000122,false,Rx,0,8,FF,D9,67,1F,46,47,46,45,
6415442,00000123,false,Rx,0,8,B6,02,00,00,00,00,01,00,
6415746,00000124,false,Rx,0,8,00,00,0A,00,00,00,20,40,
6416975,0000011B,false,Rx,0,8,A8,FC,17,05,80,08,28,02,
6417092,0000012B,false,Rx,0,8,4E,AC,17,06,00,00,08,00,
6417477,0000011C,false,Rx,0,8,00,05,20,00,22,00,01,01,
6417551,0000012C,false,Rx,0,8,00,00,01,00,00,64,00,00,
6420583,00000561,false,Rx,0,8,63,02,00,00,00,00,FF,FF,
6423364,0000010B,false,Rx,0,8,DE,99,5D,00,00,00,00,05,
6423458,0000010C,false,Rx,0,8,FF,F9,E7,1F,46,50,48,48,
6423877,0000010D,false,Rx,0,8,B5,02,00,00,00,00,01,00,
6423961,0000010E,false,Rx,0,8,00,00,1E,00,00,C0,AB,57,
6430756,00000226,false,Rx,0,8,9B,33,0D,FF,63,60,09,42,
6430849,00000227,false,Rx,0,8,02,94,00,09,03,F1,9F,03,
6434519,00000091,false,Rx,0,8,EE,EF,BF,16,06,00,00,00,
6434629,00000092,false,Rx,0,8,23,00,00,00,30,02,00,00,
6435001,00000093,false,Rx,0,8,00,00,00,00,00,00,00,00,
6435085,00000094,false,Rx,0,8,00,00,00,00,00,00,00,00,
6435515,000003AA,false,Rx,0,8,FF,00,D0,00,54,00,00,00,
6435796,00000036,false,Rx,0,8,40,AA,72,51,00,00,25,05,
6435883,00000037,false,Rx,0,8,30,00,00,10,00,40,00,00,
6436041,00000038,false,Rx,0,8,04,00,00,00,B0,39,96,D4,
6436315,00000039,false,Rx,0,8,00,00,00,00,00,00,00,00,
6436665,0000019B,false,Rx,0,8,0A,CF,68,00,00,E4,00,00,
6437099,0000019C,false,Rx,0,8,40,20,00,00,00,00,0B,09,
6437513,000002D6,false,Rx,0,8,2C,ED,5D,00,00,00,00,00,
6437873,0000019D,false,Rx,0,8,00,10,00,01,00,00,00,00,
6438206,000002D7,false,Rx,0,8,00,00,00,00,03,00,00,00,
6438496,0000019E,false,Rx,0,8,15,00,00,00,00,32,00,00,
6438681,000002D8,false,Rx,0,8,00,00,00,00,00,00,38,47,
6438743,000002EB,false,Rx,0,8,15,59,5D,07,08,01,00,02,
6438802,000002D9,false,Rx,0,8,00,00,00,00,00,00,00,00,
6439200,000002EC,false,Rx,0,8,07,00,CF,00,59,00,00,00,
6439393,000003B6,false,Rx,0,8,9D,84,5D,00,00,00,00,46,
6439446,000002ED,false,Rx,0,8,00,00,00,00,00,00,00,00,
6439657,000003B7,false,Rx,0,8,46,00,00,00,00,00,00,00,
6439887,000001F1,false,Rx,0,8,17,B9,30,01,00,00,28,00,
6440131,000002EE,false,Rx,0,8,00,00,00,00,00,00,00,00,
6440390,000001F2,false,Rx,0,8,00,00,00,00,00,00,00,00,
6440636,000003B8,false,Rx,0,8,B2,02,00,00,00,00,69,0E,
6440876,00000495,false,Rx,0,8,49,00,00,00,00,00,00,00,
6441125,000003B9,false,Rx,0,8,00,00,00,00,00,00,00,00,
6446563,00000251,false,Rx,0,8,D9,62,BC,00,00,00,00,00,
6446678,00000252,false,Rx,0,8,00,00,1B,1B,03,00,00,00,
6447091,00000253,false,Rx,0,8,00,00,00,58,58,00,80,4D,
6447401,000002AB,false,Rx,0,8,5D,A1,BF,0C,0C,00,00,00,
6447493,000002AC,false,Rx,0,8,00,FF,FF,00,00,40,00,54,
6447647,000002AD,false,Rx,0,8,00,01,00,40,FF,FF,FF,0F,
6447791,000002AE,false,Rx,0,8,01,00,FF,3F,01,01,00,00,
6448246,000002B6,false,Rx,0,8,E7,87,BF,01,00,00,00,40,
6448330,000003B1,false,Rx,0,8,C1,DE,00,80,00,00,20,00,
6448521,000002B7,false,Rx,0,8,9F,00,50,1C,00,04,00,00,
6448827,0000033B,false,Rx,0,8,05,CB,BE,00,00,00,00,00,
6448941,00000487,false,Rx,1,8,00,00,00,00,00,00,00,00,
6449057,000002B8,false,Rx,0,8,FF,F8,10,00,00,00,00,00,
6449343,000004F0,false,Rx,1,8,4A,10,15,07,5C,1A,0B,02,
6449402,0000033C,false,Rx,0,8,00,00,00,00,F0,00,00,00,
6449547,000002B9,false,Rx,0,8,0A,00,00,00,00,00,00,00,
6449771,00000642,false,Rx,1,8,FF,FF,FF,FF,FF,FF,00,00,
6449902,0000033D,false,Rx,0,8,00,00,00,00,00,00,00,00,
6450039,000002C1,false,Rx,0,8,23,FE,60,21,00,41,00,D3,
6450290,0000033E,false,Rx,0,8,00,00,00,00,00,00,00,00,
6450547,000002C2,false,Rx,0,8,19,00,00,00,00,00,00,00,
6450794,00000356,false,Rx,0,8,DF,B6,5F,00,00,00,00,00,
6451017,000001AB,false,Rx,0,8,D6,E8,45,50,70,38,00,00,
6451265,000002C3,false,Rx,0,8,00,00,00,00,00,00,00,00,
6451527,000001AC,false,Rx,0,8,00,28,00,00,00,00,00,00,
6451763,000002C4,false,Rx,0,8,00,00,00,00,00,00,00,00,
6452008,00000357,false,Rx,0,8,00,00,00,00,00,4B,4D,48,
6452249,000002E1,false,Rx,0,8,61,CC,BF,00,00,00,00,40,
6452481,00000358,false,Rx,0,8,35,41,45,4D,52,37,33,4F,
6452718,000002E2,false,Rx,0,8,FD,00,00,00,00,14,00,04,
6452950,00000359,false,Rx,0,8,51,4F,34,52,4A,35,33,00,
6453198,000002E3,false,Rx,0,8,00,00,00,00,00,00,72,01,
6453513,0000036F,false,Rx,0,8,EE,E1,01,00,00,00,00,00,
6453727,000002E4,false,Rx,0,8,02,00,00,00,00,00,00,00,
6453929,0000037F,false,Rx,0,8,2A,50,52,24,41,02,00,00,
6455058,000003A1,false,Rx,0,8,4D,A0,45,00,FF,FF,FF,FF,
6455400,00000061,false,Rx,0,8,99,F7,F2,00,00,00,00,00,
6455470,000003A2,false,Rx,0,8,00,00,00,00,00,00,00,00,
6455781,00000062,false,Rx,0,8,02,02,00,02,40,FF,00,FF,
6456239,00000063,false,Rx,0,8,00,00,05,00,00,08,FD,00,
6456307,00000064,false,Rx,0,8,00,00,00,04,FF,FA,00,00,
6456413,000000A1,false,Rx,0,8,C8,B9,F2,54,61,02,8A,00,
6456663,000000A2,false,Rx,0,8,00,00,00,00,00,00,00,00,
6456919,000000A3,false,Rx,0,8,00,40,01,00,00,00,00,00,
6458306,00000146,false,Rx,0,8,E7,FB,BB,10,04,05,00,00,
6458548,00000147,false,Rx,0,8,01,04,7D,00,40,49,07,00,
6458794,00000148,false,Rx,0,8,00,00,42,00,1E,89,40,05,
6459047,00000149,false,Rx,0,8,00,38,00,CC,00,00,00,00,
6459748,00000111,false,Rx,0,8,C3,82,8D,01,00,00,00,00,
6460001,00000112,false,Rx,0,8,00,00,00,00,00,00,00,00,
6460262,00000113,false,Rx,0,8,00,00,00,00,00,00,00,00,
6460517,00000114,false,Rx,0,8,00,00,00,00,00,00,00,00,
6464906,00000121,false,Rx,0,8,8F,0A,58,00,00,00,00,05,
6464999,00000122,false,Rx,0,8,FF,D9,67,1F,46,48,46,45,
6465298,00000123,false,Rx,0,8,B6,02,00,00,00,00,01,00,
6465454,00000124,false,Rx,0,8,00,00,0A,00,00,00,20,40,
6466758,0000011B,false,Rx,0,8,60,05,1C,05,80,08,28,02,
6466929,0000012B,false,Rx,0,8,86,55,1C,06,00,00,08,00,
6467181,0000011C,false,Rx,0,8,00,05,20,00,22,00,01,01,
6467553,0000012C,false,Rx,0,8,00,00,01,00,00,64,00,00,
6467738,000000FF,false,Rx,0,8,CB,10,00,00,00,00,02,00,
6468332,00000161,false,Rx,0,8,61,0E,8E,03,00,00,00,02,
6468704,000001B1,false,Rx,0,8,04,8F,BB,00,72,00,00,00,
6469001,00000162,false,Rx,0,8,FF,FC,01,00,00,00,00,00,
6469103,000001B2,false,Rx,0,8,23,00,04,B7,0F,09,50,10,
6469390,00000394,false,Rx,0,8,2A,22,1A,49,00,00,00,00,
6469630,000001B3,false,Rx,0,8,10,33,37,00,5A,7B,6B,7D,
6469696,000003C3,false,Rx,0,8,45,10,31,30,36,00,00,00,
6469761,000001B4,false,Rx,0,8,65,7D,10,00,00,41,00,00,
6469904,000003E0,false,Rx,0,8,01,70,01,00,54,03,00,00,
6470073,000003E5,false,Rx,0,8,8E,90,01,00,00,00,00,00,
6470339,000003E6,false,Rx,0,8,7F,00,00,00,00,00,00,00,
6470570,0000041A,false,Rx,0,8,95,40,12,00,00,00,00,00,
6470852,0000041B,false,Rx,0,8,60,30,00,00,00,00,00,00,
6471140,0000041C,false,Rx,0,8,E9,80,E0,00,00,00,00,00,
6471416,00000422,false,Rx,0,8,EA,C0,01,00,00,00,04,00,
6471707,00000432,false,Rx,0,8,03,20,02,00,00,00,00,00,
6472999,00000435,false,Rx,0,8,9F,D0,00,40,00,00,00,00,
6473112,00000419,false,Rx,0,8,11,10,25,D5,2D,87,90,00,
6473306,00000442,false,Rx,0,8,CE,20,11,81,00,00,00,00,
6473356,0000010B,false,Rx,0,8,31,B0,62,00,00,00,00,05,
6473620,00000444,false,Rx,0,8,6C,30,20,50,55,50,00,00,
6473709,0000010C,false,Rx,0,8,FF,F9,E7,1F,46,50,48,48,
6473941,00000445,false,Rx,0,8,00,10,00,00,00,00,00,18,
6474235,0000010D,false,Rx,0,8,B5,02,00,00,00,00,01,00,
6474385,00000464,false,Rx,0,8,B2,70,F0,FF,38,7F,05,00,
6474632,0000010E,false,Rx,0,8,00,00,1E,00,00,C0,AB,57,
6477501,000001A1,false,Rx,0,8,C1,56,8E,FE,F7,7F,64,00,
6477593,000001A2,false,Rx,0,8,44,00,00,00,27,08,00,00,
6477949,000001A3,false,Rx,0,8,FF,F3,3F,00,00,00,00,00,
6478355,000001A4,false,Rx,0,8,FE,07,00,00,00,00,00,00,
6480431,0000030B,false,Rx,0,8,74,86,BE,00,04,00,00,00,
6480527,0000030C,false,Rx,0,8,00,00,0E,00,2C,00,A0,0F,
6480939,0000030D,false,Rx,0,8,00,00,00,00,43,00,00,00,
6481049,0000030E,false,Rx,0,8,00,00,18,05,21,00,00,0A,
6483109,000001E6,false,Rx,0,8,20,55,79,02,00,00,00,00,
6483238,000001BB,false,Rx,0,8,4E,D9,79,02,00,00,00,0A,
6483404,000001BC,false,Rx,0,8,32,00,00,00,02,00,00,00,
6483904,000001BD,false,Rx,0,8,00,00,00,00,00,00,00,00,
6484014,000001E7,false,Rx,0,8,00,00,22,03,20,01,00,00,
6485543,00000036,false,Rx,0,8,3F,86,77,51,00,00,25,05,
6485640,00000037,false,Rx,0,8,30,00,00,10,00,40,00,00,
6485894,00000038,false,Rx,0,8,04,00,00,00,B0,39,96,D4,
6486221,00000039,false,Rx,0,8,00,00,00,00,00,00,00,00,
6486434,0000019B,false,Rx,0,8,75,E3,6D,00,00,E4,00,00,
6486687,0000019C,false,Rx,0,8,40,20,00,00,00,00,0B,09,
6486936,0000019D,false,Rx,0,8,00,10,00,01,00,00,00,00,
6487216,0000019E,false,Rx,0,8,15,00,00,00,00,32,00,00,
6487707,000001FB,false,Rx,0,8,DD,FF,B6,00,00,00,00,00,
6487958,000001FC,false,Rx,0,8,00,00,00,00,00,00,00,00,
6488224,000001FD,false,Rx,0,8,00,1A,03,00,00,00,00,00,
6488462,00000475,false,Rx,0,8,12,00,00,00,00,00,00,00,
6488709,000001FE,false,Rx,0,8,00,00,00,00,00,00,00,00,
6488965,00000496,false,Rx,0,8,12,00,00,00,00,00,00,00,
6489969,000004A3,false,Rx,1,8,80,00,48,0B,3E,00,00,00,
6490448,000004A4,false,Rx,1,8,FF,FF,FF,00,00,00,00,00,
6490909,000004F0,false,Rx,1,8,4A,10,15,07,5C,1A,0B,02,
6494252,00000383,false,Rx,0,8,5A,53,00,10,01,00,00,00,
6499708,00000448,false,Rx,0,8,DE,80,00,00,00,00,00,00,
6504823,00000563,false,Rx,1,8,65,02,00,00,00,00,FF,FF,
6505044,00000061,false,Rx,0,8,E6,DB,F7,00,00,00,00,00,
6505626,00000062,false,Rx,0,8,02,02,00,02,40,FF,00,FF,
6505757,00000063,false,Rx,0,8,00,00,05,00,00,08,FD,00,
6505889,00000064,false,Rx,0,8,00,00,00,04,FF,FA,00,00,
6506151,000000A1,false,Rx,0,8,C7,52,F7,54,61,02,8A,00,
6506409,000000A2,false,Rx,0,8,00,00,00,00,00,00,00,00,
6506670,000000A3,false,Rx,0,8,00,40,01,00,00,00,00,00,
6508333,00000382,false,Rx,0,8,2B,FE,21,00,00,05,09,00,
6510641,000002BF,false,Rx,0,8,FF,FF,FF,00,00,00,00,00,
6510739,0000047F,false,Rx,0,8,F0,FC,FF,FF,FF,FF,FF,FF,
6511050,00000653,false,Rx,0,8,0A,19,03,01,02,2A,00,00,
6511529,00000236,false,Rx,0,8,F8,E4,BD,00,34,6C,AE,62,
6511757,000002FB,false,Rx,0,8,93,69,BD,04,72,1A,B4,B4,
6511979,00000237,false,Rx,0,8,00,15,47,00,00,1E,1B,00,
6512247,00000151,false,Rx,0,8,BE,13,BD,64,C8,00,28,18,
6512485,000001F6,false,Rx,0,8,F5,CF,BD,00,00,00,00,0E,
6512939,00000152,false,Rx,0,8,14,17,17,00,51,00,00,00,
6513298,000001F7,false,Rx,0,8,26,00,DA,02,00,00,00,00,
6513627,00000153,false,Rx,0,8,00,00,00,00,00,00,00,00,
6513933,000001F8,false,Rx,0,8,00,5E,01,45,01,00,00,00,
6514105,00000154,false,Rx,0,8,00,00,00,00,00,00,00,00,
6514193,000001F9,false,Rx,0,8,4B,00,64,C8,14,00,4B,00,
6514243,000002FC,false,Rx,0,8,0E,00,14,18,00,00,8E,43,
6514744,00000238,false,Rx,0,8,00,00,72,00,00,00,00,00,
6514807,000002FD,false,Rx,0,8,00,00,00,00,00,1C,13,EA,
6514901,00000121,false,Rx,0,8,06,E0,5D,00,00,00,00,05,
6515133,00000239,false,Rx,0,8,00,00,00,00,01,00,00,00,
6515369,00000122,false,Rx,0,8,FF,D9,67,1F,46,47,46,45,
6515599,0000025B,false,Rx,0,8,1A,B5,BD,40,40,20,00,00,
6515847,00000123,false,Rx,0,8,B6,02,00,00,00,00,01,00,
6516081,0000025C,false,Rx,0,8,00,00,26,00,B4,2C,19,00,
6516346,00000124,false,Rx,0,8,00,00,0A,00,00,00,20,40,
6516591,0000025D,false,Rx,0,8,00,C8,00,00,00,80,C0,70,
6516832,0000011B,false,Rx,0,8,0D,59,21,05,80,08,28,02,
6517083,0000012B,false,Rx,0,8,EB,09,21,06,00,00,08,00,
6517297,0000011C,false,Rx,0,8,00,05,20,00,22,00,01,01,
6517625,0000012C,false,Rx,0,8,00,00,01,00,00,64,00,00,
6517973,000001E1,false,Rx,0,8,18,BA,6D,02,00,00,00,00,
6518519,0000025E,false,Rx,0,8,21,07,0E,03,00,00,46,00,
6518624,000001E2,false,Rx,0,8,00,00,00,00,00,00,00,00,
6518802,000002FE,false,Rx,0,8,00,00,72,01,00,28,C8,02,
6518869,00000419,false,Rx,0,8,11,10,25,D5,2D,87,90,00,
6519218,00000326,false,Rx,0,8,8C,B8,BD,00,00,00,00,00,
6519362,00000327,false,Rx,0,8,00,00,00,00,05,00,00,00,
6519512,00000328,false,Rx,0,8,DA,02,4B,00,00,5E,01,00,
6519792,00000329,false,Rx,0,8,64,45,01,00,00,00,00,00,
6520199,00000331,false,Rx,0,8,AF,1D,BD,F1,C8,A0,2C,97,
6520276,00000332,false,Rx,0,8,E8,08,FC,03,00,00,00,00,
6520606,00000333,false,Rx,0,8,00,00,00,1C,0C,40,20,64,
6520984,00000334,false,Rx,0,8,C8,00,00,00,08,44,F4,8F,
6523276,0000010B,false,Rx,0,8,4E,9C,67,00,00,00,00,05,
6523401,0000010C,false,Rx,0,8,FF,F9,E7,1F,46,50,48,48,
6523734,0000010D,false,Rx,0,8,B5,02,00,00,00,00,01,00,
6523901,0000010E,false,Rx,0,8,00,00,1E,00,00,C0,AB,57,
6531005,000002FF,false,Rx,0,8,D4,CB,00,71,02,00,00,00,
6531095,00000316,false,Rx,0,8,70,03,07,34,06,80,0A,00,
6531485,00000472,false,Rx,0,8,5C,EC,00,40,08,41,00,45,
6531779,00000317,false,Rx,0,8,00,00,05,00,00,00,00,00,
6531854,00000473,false,Rx,0,8,5F,24,00,25,00,00,00,78,
6532017,00000474,false,Rx,0,8,91,72,00,00,00,00,00,08,
6534428,00000091,false,Rx,0,8,83,92,C0,16,06,00,00,00,
6534560,00000092,false,Rx,0,8,24,00,00,00,40,02,00,00,
6534782,00000093,false,Rx,0,8,00,00,00,00,00,00,00,00,
6535038,00000094,false,Rx,0,8,00,00,00,00,00,00,00,00,
6535429,00000036,false,Rx,0,8,87,87,7C,51,00,00,25,05,
6535678,00000037,false,Rx,0,8,30,00,00,10,00,40,00,00,
6535924,00000038,false,Rx,0,8,04,00,00,00,B0,39,96,D4,
6536207,00000039,false,Rx,0,8,00,00,00,00,00,00,00,00,
6536447,0000019B,false,Rx,0,8,31,53,72,00,00,E4,00,00,
6536674,00000256,false,Rx,0,8,9B,4F,BC,15,40,00,F0,00,
6536924,0000019C,false,Rx,0,8,40,20,00,00,00,00,0B,09,
6537167,00000257,false,Rx,0,8,00,94,41,19,85,07,00,94,
6537406,0000019D,false,Rx,0,8,00,10,00,01,00,00,00,00,
6537642,00000258,false,Rx,0,8,35,ED,1A,00,10,15,00,28,
6537878,0000019E,false,Rx,0,8,15,00,00,00,00,32,00,00,
6538122,00000259,false,Rx,0,8,61,05,8D,3C,4C,02,00,00,
6538368,000002E6,false,Rx,0,8,4D,27,BC,01,00,00,00,15,
6538704,000002E7,false,Rx,0,8,0A,00,00,00,00,00,00,00,
6539277,000002E8,false,Rx,0,8,00,00,00,00,00,00,00,00,
6539617,000002E9,false,Rx,0,8,00,00,00,00,00,00,00,00,
6541327,00000384,false,Rx,0,8,BA,56,0D,01,00,FF,00,24,
6541810,00000401,false,Rx,0,8,C6,10,10,00,00,04,00,00,
6548255,00000396,false,Rx,0,8,32,B4,5E,0F,08,02,00,02,
6548348,0000042A,false,Rx,0,8,8E,83,0C,02,00,10,00,00,
6548780,00000397,false,Rx,0,8,1C,00,43,10,3F,07,00,00,
6548866,00000398,false,Rx,0,8,00,00,00,00,00,00,00,00,
6550978,000001AB,false,Rx,0,8,CC,91,4A,50,70,38,00,00,
6551093,000001AC,false,Rx,0,8,00,28,00,00,00,00,00,00,
6552454,0000036F,false,Rx,0,8,FE,01,01,00,00,00,00,00,
6552549,0000037F,false,Rx,0,8,FC,60,52,24,41,02,00,00,
6552966,00000419,false,Rx,0,8,11,10,25,D5,2D,87,90,00,
6555135,00000061,false,Rx,0,8,5E,DA,FC,00,00,00,00,00,
6555230,00000062,false,Rx,0,8,02,02,00,02,40,FF,00,FF,
6555639,00000063,false,Rx,0,8,00,00,05,00,00,08,FD,00,
6555729,00000064,false,Rx,0,8,00,00,00,04,FF,FA,00,00,
6556056,000000A1,false,Rx,0,8,FB,A3,FC,54,61,02,8A,00,
6556433,000000A2,false,Rx,0,8,00,00,00,00,00,00,00,00,
6556808,000000A3,false,Rx,0,8,00,40,01,00,00,00,00,00,
6558538,00000146,false,Rx,0,8,46,84,C0,10,04,05,00,00,
6558629,00000147,false,Rx,0,8,01,04,7D,00,40,49,07,00,
6559066,00000148,false,Rx,0,8,00,00,42,00,1E,89,40,05,
6559143,00000149,false,Rx,0,8,00,38,00,CC,00,00,00,00,
6560372,000000C5,false,Rx,1,8,00,00,00,00,00,00,00,00,
6560614,00000244,false,Rx,1,8,FF,FF,FF,FF,FF,FF,FF,FF,
6560904,0000041F,false,Rx,1,8,00,0C,00,00,00,00,00,00,
6561123,000004B4,false,Rx,1,8,00,00,05,40,10,70,04,00,
6561430,000004B5,false,Rx,1,8,08,00,F0,07,00,00,00,00,
6561694,000004B7,false,Rx,1,8,08,00,F0,07,00,00,00,00,
6561951,000004CA,false,Rx,1,8,00,00,00,00,00,00,00,00,
6562221,000004CC,false,Rx,1,8,08,00,00,06,00,00,03,00,
6562499,000004CE,false,Rx,1,8,DE,01,00,00,00,00,F8,FF,
6562740,000004D7,false,Rx,1,8,23,01,00,00,00,00,00,00,
6563037,000004D8,false,Rx,1,8,41,10,F0,F0,40,F2,1E,CC,
6563301,000004DD,false,Rx,1,8,00,00,FE,00,04,00,00,00,
6563803,000004DF,false,Rx,1,8,00,00,08,00,00,00,00,00,
6564092,000004E7,false,Rx,1,8,00,30,00,00,00,00,69,00,
6564427,000004E8,false,Rx,1,8,FF,FF,FF,05,FF,FF,FF,00,
6564594,000004E9,false,Rx,1,8,12,00,00,34,00,00,50,00,
6564704,000004EA,false,Rx,1,8,67,00,00,89,00,00,00,00,
6564839,000004EB,false,Rx,1,8,02,80,15,07,80,00,00,00,
6565189,000004EC,false,Rx,1,8,00,00,00,00,00,00,00,00,
6565707,000004ED,false,Rx,1,8,00,00,00,00,00,FF,FF,1F,
6566201,000004EE,false,Rx,1,8,FF,FF,00,00,00,00,00,00,
6566501,000004EF,false,Rx,1,8,60,00,60,00,2B,14,00,00,
6566777,000004F0,false,Rx,1,8,4A,10,15,07,5C,1A,0B,02,
6567504,00000121,false,Rx,0,8,E9,C9,62,00,00,00,00,05,
6568051,000004F1,false,Rx,1,8,00,C0,00,00,00,00,00,00,
6568303,000004F2,false,Rx,1,8,02,FF,DD,FF,03,01,00,00,
6569084,0000011B,false,Rx,0,8,92,31,26,05,80,08,28,02,
6569719,00000122,false,Rx,0,8,FF,D9,67,1F,46,47,46,45,
6569869,000004F3,false,Rx,1,8,00,00,00,00,30,00,00,00,
6570191,0000011C,false,Rx,0,8,00,05,20,00,22,00,01,01,
6570275,000004F9,false,Rx,1,8,E0,FF,FF,FF,FF,FF,FF,FF,
6570373,00000123,false,Rx,0,8,B6,02,00,00,00,00,01,00,
6570639,000004FE,false,Rx,1,8,69,23,00,03,CF,00,48,A8,
6570723,000001B1,false,Rx,0,8,A5,F0,C0,00,72,00,00,00,
6570775,00000124,false,Rx,0,8,00,00,0A,00,00,00,20,40,
6571102,0000063D,false,Rx,1,8,00,80,00,00,00,00,00,00,
6571210,000001B2,false,Rx,0,8,23,00,04,B7,0F,09,50,10,
6571557,0000063E,false,Rx,1,8,FF,FF,FF,FF,FF,FF,FF,FF,
6571881,0000012B,false,Rx,0,8,74,61,26,06,00,00,08,00,
6572195,0000063F,false,Rx,1,8,00,10,00,C4,FF,00,00,00,
6572292,000001B3,false,Rx,0,8,10,33,37,00,5A,7B,6B,7D,
6572582,00000640,false,Rx,1,8,FF,FF,FF,00,FF,FF,FF,00,
6572682,0000012C,false,Rx,0,8,00,00,01,00,00,64,00,00,
6572939,00000641,false,Rx,1,8,FF,FF,FF,FF,0F,FF,FF,FF,
6573028,000001B4,false,Rx,0,8,65,7D,10,00,00,41,00,00,
6573100,00000161,false,Rx,0,8,18,14,93,03,00,00,00,02,
6573463,00000646,false,Rx,1,8,00,00,00,80,01,00,00,00,
6573618,00000162,false,Rx,0,8,FF,FC,01,00,00,00,00,00,
6573963,000003B0,false,Rx,0,8,72,37,FF,C7,00,00,03,C0,
6574259,00000405,false,Rx,0,8,D2,10,00,00,00,01,00,00,
6574505,00000410,false,Rx,0,8,6A,60,57,3C,DE,6A,FF,FF,
6574623,0000010B,false,Rx,0,8,F6,9D,6C,00,00,00,00,05,
6574725,00000411,false,Rx,0,8,04,D1,50,51,00,00,44,04,
6574848,0000010C,false,Rx,0,8,FF,F9,E7,1F,46,50,48,48,
6574919,00000412,false,Rx,0,8,CC,E0,00,00,00,00,00,00,
6575170,0000010D,false,Rx,0,8,B5,02,00,00,00,00,01,00,
6575246,00000413,false,Rx,0,8,08,60,00,00,00,00,00,00,
6575519,0000010E,false,Rx,0,8,00,00,1E,00,00,C0,AB,57,
6575884,00000414,false,Rx,0,8,41,70,00,00,28,00,00,00,
6576234,00000416,false,Rx,0,8,55,00,00,00,00,00,00,00,
6576565,00000417,false,Rx,0,8,20,E0,00,00,00,00,00,00,
6576850,00000418,false,Rx,0,8,07,C0,00,00,14,0C,00,00,
6577856,000001A1,false,Rx,0,8,09,54,93,FE,F7,7F,64,00,
6578235,00000419,false,Rx,0,8,11,10,25,D5,2D,87,90,00,
6578319,000001A2,false,Rx,0,8,44,00,00,00,27,08,00,00,
6578611,000001A3,false,Rx,0,8,FF,F3,3F,00,00,00,00,00,
6578940,000001A4,false,Rx,0,8,FE,07,00,00,00,00,00,00,
6581426,000003B2,false,Rx,0,8,36,15,FF,02,29,2F,34,00,
6585570,00000036,false,Rx,0,8,7D,79,81,51,00,00,25,05,
6585663,00000037,false,Rx,0,8,30,00,00,10,00,40,00,00,
6586071,00000038,false,Rx,0,8,04,00,00,00,B0,39,96,D4,
6586474,00000039,false,Rx,0,8,00,00,00,00,00,00,00,00,
6586564,0000019B,false,Rx,0,8,4E,7F,77,00,00,E4,00,00,
6586923,0000019C,false,Rx,0,8,40,20,00,00,00,00,0B,09,
6587014,0000019D,false,Rx,0,8,00,10,00,01,00,00,00,00,
6587198,0000019E,false,Rx,0,8,15,00,00,00,00,32,00,00,
6588186,00000380,false,Rx,0,8,96,92,03,08,08,08,08,01,
6589715,000001F1,false,Rx,0,8,5A,51,33,01,00,00,28,00,
6589922,000001F2,false,Rx,0,8,00,00,00,00,00,00,00,00,
6590466,00000427,false,Rx,0,8,1D,86,FF,00,80,0A,00,00,
6598373,00000565,false,Rx,0,8,66,02,00,00,00,00,FF,FF,
6605064,00000061,false,Rx,0,8,A4,24,01,00,00,00,00,00,
6605166,00000062,false,Rx,0,8,02,02,00,02,40,FF,00,FF,
6605586,00000063,false,Rx,0,8,00,00,05,00,00,08,FD,00,
6605659,00000064,false,Rx,0,8,00,00,00,04,FF,FA,00,00,
6606048,000000A1,false,Rx,0,8,84,76,01,55,61,02,8A,00,
6606262,000000A2,false,Rx,0,8,00,00,00,00,00,00,00,00,
6606431,000000A3,false,Rx,0,8,00,40,01,00,00,00,00,00,
6612519,00000419,false,Rx,0,8,0D,20,26,D5,2D,87,90,00,
6615015,00000121,false,Rx,0,8,60,23,67,00,00,00,00,05,
6615457,00000122,false,Rx,0,8,FF,D9,67,1F,46,48,46,45,
6615567,00000123,false,Rx,0,8,B6,02,00,00,00,00,01,00,
6615905,00000124,false,Rx,0,8,00,00,0A,00,00,00,20,40,
6616953,0000011B,false,Rx,0,8,E1,08,2B,05,80,08,28,02,
6617058,0000012B,false,Rx,0,8,07,58,2B,06,00,00,08,00,
6617485,0000011C,false,Rx,0,8,00,05,20,00,22,00,01,01,
6617817,0000012C,false,Rx,0,8,00,00,01,00,00,64,00,00,
6623404,0000010B,false,Rx,0,8,3E,9F,71,00,00,00,00,05,
6623498,0000010C,false,Rx,0,8,FF,F9,E7,1F,46,50,48,48,
6623936,0000010D,false,Rx,0,8,B5,02,00,00,00,00,01,00,
6624008,0000010E,false,Rx,0,8,00,00,1E,00,00,C0,AB,57,
6630885,00000226,false,Rx,0,8,F2,73,0F,FF,63,60,09,42,
6630979,00000227,false,Rx,0,8,02,94,00,09,03,F1,9F,03,
6633212,000001E6,false,Rx,0,8,D6,7D,7C,02,00,00,00,00,
6633328,000001BB,false,Rx,0,8,41,32,7C,02,00,00,00,0A,
6633709,000001BC,false,Rx,0,8,32,00,00,00,02,00,00,00,
6633791,000001BD,false,Rx,0,8,00,00,00,00,00,00,00,00,
6633992,000001E7,false,Rx,0,8,00,00,22,03,20,01,00,00,
6634476,00000091,false,Rx,0,8,E2,DA,C1,16,06,00,00,00,
6634622,00000092,false,Rx,0,8,25,00,00,00,50,02,00,00,
6634777,00000093,false,Rx,0,8,00,00,00,00,00,00,00,00,
6635024,00000094,false,Rx,0,8,00,00,00,00,00,00,00,00,
6635275,000003AA,false,Rx,0,8,FF,00,D0,00,54,00,00,00,
6635500,00000036,false,Rx,0,8,8E,E7,86,51,00,00,25,05,
6635750,00000037,false,Rx,0,8,30,00,00,10,00,40,00,00,
6636005,00000038,false,Rx,0,8,04,00,00,00,B0,39,96,D4,
6636260,00000039,false,Rx,0,8,00,00,00,00,00,00,00,00,
6636682,0000019B,false,Rx,0,8,F6,7E,7C,00,00,E4,00,00,
6636939,0000019C,false,Rx,0,8,40,20,00,00,00,00,0B,09,
6637400,000002D6,false,Rx,0,8,E6,06,5E,00,00,00,00,00,
6637466,0000019D,false,Rx,0,8,00,10,00,01,00,00,00,00,
6637683,000002D7,false,Rx,0,8,00,00,00,00,03,00,00,00,
6637913,0000019E,false,Rx,0,8,15,00,00,00,00,32,00,00,
6638157,000002D8,false,Rx,0,8,00,00,00,00,00,00,38,47,
6638563,000002EB,false,Rx,0,8,78,8F,5E,07,08,01,00,02,
6638922,000002D9,false,Rx,0,8,00,00,00,00,00,00,00,00,
6639225,000002EC,false,Rx,0,8,02,00,CF,00,59,00,00,00,
6639501,000003B6,false,Rx,0,8,57,6F,5E,00,00,00,00,46,
6639597,000002ED,false,Rx,0,8,00,00,00,00,00,00,00,00,
6639905,000003B7,false,Rx,0,8,46,00,00,00,00,00,00,00,
6640154,000002EE,false,Rx,0,8,00,00,00,00,00,00,00,00,
6640255,000003B8,false,Rx,0,8,B2,02,00,00,00,00,69,0E,
6640934,00000495,false,Rx,0,8,49,00,00,00,00,00,00,00,
6641245,000003B9,false,Rx,0,8,00,00,00,00,00,00,00,00,
6646472,00000251,false,Rx,0,8,DF,0C,BE,00,00,00,00,00,
6646565,00000252,false,Rx,0,8,00,00,1B,1B,03,00,00,00,
6646979,00000253,false,Rx,0,8,00,00,00,58,58,00,80,4D,
6647047,000002AB,false,Rx,0,8,83,F2,C1,0C,0C,00,00,00,
6647410,000002AC,false,Rx,0,8,00,FF,FF,00,00,40,00,54,
6647695,000002AD,false,Rx,0,8,00,01,00,40,FF,FF,FF,0F,
6648099,000002AE,false,Rx,0,8,01,00,FF,3F,01,01,00,00,
6648233,000002B6,false,Rx,0,8,39,D4,C1,01,00,00,00,40,
6648308,000003B1,false,Rx,0,8,C1,DE,00,80,00,00,20,00,
6648755,000002B7,false,Rx,0,8,9F,00,50,1C,00,04,00,00,
6648833,0000033B,false,Rx,0,8,DB,98,C0,00,00,00,00,00,
6649383,000002B8,false,Rx,0,8,FF,F8,10,00,00,00,00,00,
6649738,0000033C,false,Rx,0,8,00,00,00,00,F0,00,00,00,
6649835,000002B9,false,Rx,0,8,0A,00,00,00,00,00,00,00,
6650132,0000033D,false,Rx,0,8,00,00,00,00,00,00,00,00,
6650333,000002C1,false,Rx,0,8,E7,43,61,21,00,41,00,D3,
6650402,0000033E,false,Rx,0,8,00,00,00,00,00,00,00,00,
6650531,00000487,false,Rx,1,8,00,00,00,00,00,00,00,00,
6650624,000002C2,false,Rx,0,8,1A,00,00,00,00,00,00,00,
6651362,000001AB,false,Rx,0,8,6C,D3,4F,50,70,40,00,00,
6651999,00000642,false,Rx,1,8,FF,FF,FF,FF,FF,FF,00,00,
6652297,000002C3,false,Rx,0,8,00,00,00,00,00,00,00,00,
6652407,000001AC,false,Rx,0,8,00,28,00,00,00,00,00,00,
6652708,00000645,false,Rx,1,8,C7,35,06,79,E0,32,56,00,
6652944,000002C4,false,Rx,0,8,00,00,00,00,00,00,00,00,
6653054,00000356,false,Rx,0,8,30,9F,60,00,00,00,00,00,
6653312,000002E1,false,Rx,0,8,BF,9F,C1,00,00,00,00,40,
6653430,00000357,false,Rx,0,8,00,00,00,00,00,4B,4D,48,
6653982,000002E2,false,Rx,0,8,FD,00,00,00,00,14,00,04,
6654083,00000358,false,Rx,0,8,35,41,45,4D,52,37,33,4F,
6654344,000002E3,false,Rx,0,8,00,00,00,00,00,00,72,01,
6654463,00000359,false,Rx,0,8,51,4F,34,52,4A,35,33,00,
6654759,000002E4,false,Rx,0,8,02,00,00,00,00,00,00,00,
6655012,0000036F,false,Rx,0,8,47,11,01,00,00,00,00,00,
6655340,00000419,false,Rx,0,8,0D,20,26,D5,2D,87,90,00,
6655707,0000037F,false,Rx,0,8,45,70,52,24,41,02,00,00,
6656042,000003A1,false,Rx,0,8,00,48,46,00,FF,FF,FF,FF,
6656126,00000061,false,Rx,0,8,57,BA,06,00,00,00,00,00,
6656405,000003A2,false,Rx,0,8,00,00,00,00,00,00,00,00,
6656705,00000062,false,Rx,0,8,02,02,00,02,40,FF,00,FF,
6656783,00000063,false,Rx,0,8,00,00,05,00,00,08,FD,00,
6657116,00000064,false,Rx,0,8,00,00,00,04,FF,FA,00,00,
6657444,000000A1,false,Rx,0,8,8D,F3,06,55,61,02,8A,00,
6657586,000000A2,false,Rx,0,8,00,00,00,00,00,00,00,00,
6657631,000000A3,false,Rx,0,8,00,40,01,00,00,00,00,00,
6658554,00000146,false,Rx,0,8,39,A8,C5,10,04,05,00,00,
6658632,00000147,false,Rx,0,8,01,04,7D,00,40,49,07,00,
6658963,00000148,false,Rx,0,8,00,00,42,00,1E,89,40,05,
6659092,00000149,false,Rx,0,8,00,38,00,CC,00,00,00,00,
6660108,00000111,false,Rx,0,8,09,69,8E,01,00,00,00,00,
6660192,00000112,false,Rx,0,8,00,00,00,00,00,00,00,00,
6660468,00000113,false,Rx,0,8,00,00,00,00,00,00,00,00,
6660683,00000114,false,Rx,0,8,00,00,00,00,00,00,00,00,
6664899,00000121,false,Rx,0,8,D8,22,6C,00,00,00,00,05,
6664991,00000122,false,Rx,0,8,FF,D9,67,1F,46,48,46,45,
6665368,00000123,false,Rx,0,8,B6,02,00,00,00,00,01,00,
6665484,00000124,false,Rx,0,8,00,00,0A,00,00,00,20,40,
6667929,0000011B,false,Rx,0,8,23,D2,30,05,80,08,28,02,
6668033,0000012B,false,Rx,0,8,C5,82,30,06,00,00,08,00,
6668080,0000011C,false,Rx,0,8,00,05,20,00,22,00,01,01,
6668420,0000012C,false,Rx,0,8,00,00,01,00,00,64,00,00,
6668794,000000FF,false,Rx,0,8,CB,10,00,00,00,00,02,00,
6669128,00000161,false,Rx,0,8,D0,ED,98,03,00,00,00,02,
6669409,000001B1,false,Rx,0,8,DA,DC,C5,00,72,00,00,00,
6669501,00000162,false,Rx,0,8,FF,FC,01,00,00,00,00,00,
6669782,000001B2,false,Rx,0,8,23,00,04,B7,0F,09,50,10,
6670087,000001B3,false,Rx,0,8,10,33,37,00,5A,7B,6B,7D,
6670186,00000394,false,Rx,0,8,2A,22,1A,49,00,00,00,00,
6670510,000001B4,false,Rx,0,8,65,7D,10,00,00,41,00,00,
6670877,000003C3,false,Rx,0,8,45,10,31,30,36,00,00,00,
6671189,000001E1,false,Rx,0,8,61,A0,70,02,00,00,00,00,
6671475,000003E0,false,Rx,0,8,01,70,01,00,54,03,00,00,
6671729,000001E2,false,Rx,0,8,00,00,00,00,00,00,00,00,
6671816,000003E5,false,Rx,0,8,8E,90,01,00,00,00,00,00,
6671926,0000041A,false,Rx,0,8,95,40,12,00,00,00,00,00,
6671973,000003E6,false,Rx,0,8,7F,00,00,00,00,00,00,00,
6672069,0000041B,false,Rx,0,8,60,30,00,00,00,00,00,00,
6672127,0000041C,false,Rx,0,8,E9,80,E0,00,00,00,00,00,
6672180,00000422,false,Rx,0,8,EA,C0,01,00,00,00,04,00,
6672699,00000445,false,Rx,0,8,00,10,00,00,00,00,00,18,
6672817,00000432,false,Rx,0,8,03,20,02,00,00,00,00,00,
6673087,00000435,false,Rx,0,8,9F,D0,00,40,00,00,00,00,
6673431,00000442,false,Rx,0,8,CE,20,11,81,00,00,00,00,
6673800,0000010B,false,Rx,0,8,CD,01,76,00,00,00,00,05,
6674105,00000444,false,Rx,0,8,6C,30,20,50,55,50,00,00,
6674186,0000010C,false,Rx,0,8,FF,F9,E7,1F,46,50,48,48,
6674348,00000464,false,Rx,0,8,B2,70,F0,FF,38,7F,05,00,
6674440,0000010D,false,Rx,0,8,B5,02,00,00,00,00,01,00,
6674495,0000010E,false,Rx,0,8,00,00,1E,00,00,C0,AB,57,
6677443,000001A1,false,Rx,0,8,B1,55,98,FE,F7,7F,64,00,
6677550,000001A2,false,Rx,0,8,44,00,00,00,27,08,00,00,
6677838,000001A3,false,Rx,0,8,FF,F3,3F,00,00,00,00,00,
6678170,000001A4,false,Rx,0,8,FE,07,00,00,00,00,00,00,
6680430,0000030B,false,Rx,0,8,41,8C,C0,00,04,00,00,00,
6680522,0000030C,false,Rx,0,8,00,00,0E,00,2C,00,A0,0F,
6680923,0000030D,false,Rx,0,8,00,00,00,00,FF,00,00,00,
6681325,0000030E,false,Rx,0,8,00,00,18,05,21,00,00,1A,
6685565,00000036,false,Rx,0,8,83,21,8B,51,00,00,25,05,
6685658,00000037,false,Rx,0,8,30,00,00,10,00,40,00,00,
6686063,00000038,false,Rx,0,8,04,00,00,00,B0,39,96,D4,
6686482,00000039,false,Rx,0,8,00,00,00,00,00,00,00,00,
6686569,0000019B,false,Rx,0,8,0C,80,81,00,00,E4,00,00,
6686956,0000019C,false,Rx,0,8,40,20,00,00,00,00,0B,09,
6687089,0000019D,false,Rx,0,8,00,10,00,01,00,00,00,00,
6687206,0000019E,false,Rx,0,8,15,00,00,00,00,32,00,00,
6687711,000001FB,false,Rx,0,8,1A,D2,B8,00,00,00,00,00,
6687960,000001FC,false,Rx,0,8,00,00,00,00,00,00,00,00,
6688225,000001FD,false,Rx,0,8,00,1A,03,00,00,00,00,00,
6688459,00000475,false,Rx,0,8,12,00,00,00,00,00,00,00,
6688878,000001FE,false,Rx,0,8,00,00,00,00,00,00,00,00,
6688938,00000496,false,Rx,0,8,12,00,00,00,00,00,00,00,
6690825,000004A3,false,Rx,1,8,80,00,48,0B,3E,00,00,00,
6691041,000004A4,false,Rx,1,8,FF,FF,FF,00,00,00,00,00,
6692295,00000419,false,Rx,0,8,0D,20,26,D5,2D,87,90,00,
6694206,00000383,false,Rx,0,8,5A,53,00,10,01,00,00,00,
6695459,00000566,false,Rx,0,8,16,02,00,00,00,00,FF,FF,
6699857,00000448,false,Rx,0,8,DE,80,00,00,00,00,00,00,
6705052,00000061,false,Rx,0,8,5A,7C,0B,00,00,00,00,00,
6705145,00000062,false,Rx,0,8,02,02,00,02,40,FF,00,FF,
6705566,00000063,false,Rx,0,8,00,00,05,00,00,08,FD,00,
6705645,00000064,false,Rx,0,8,00,00,00,04,FF,FA,00,00,
6706019,000000A1,false,Rx,0,8,BB,B0,0B,55,61,02,8A,00,
6706320,000000A2,false,Rx,0,8,00,00,00,00,00,00,00,00,
6706430,000000A3,false,Rx,0,8,00,40,01,00,00,00,00,00,
6708520,00000382,false,Rx,0,8,2B,FE,21,00,00,05,09,00,
6710696,000002BF,false,Rx,0,8,FF,FF,FF,00,00,00,00,00,
6710810,0000047F,false,Rx,0,8,F0,FC,FF,FF,FF,FF,FF,FF,
6711227,00000653,false,Rx,0,8,0A,19,03,01,02,2A,00,00,
6711613,00000236,false,Rx,0,8,74,56,BF,00,34,6C,AE,62,
6712048,000002FB,false,Rx,0,8,7E,77,BF,04,72,1A,B4,B4,
6712113,00000237,false,Rx,0,8,00,15,47,00,00,1E,1B,00,
6712433,00000151,false,Rx,0,8,32,A1,BF,64,C8,00,28,18,
6712731,000001F6,false,Rx,0,8,79,7D,BF,00,00,00,00,0E,
6712830,00000152,false,Rx,0,8,14,17,17,00,51,00,00,00,
6713044,000001F7,false,Rx,0,8,26,00,DA,02,00,00,00,00,
6713255,00000153,false,Rx,0,8,00,00,00,00,00,00,00,00,
6713475,000001F8,false,Rx,0,8,00,5E,01,45,01,00,00,00,
6713750,00000154,false,Rx,0,8,00,00,00,00,00,00,00,00,
6714052,000001F9,false,Rx,0,8,4B,00,64,C8,14,00,4B,00,
6714173,000002FC,false,Rx,0,8,0F,00,14,18,00,00,8E,43,
6714423,00000238,false,Rx,0,8,00,00,72,00,00,00,00,00,
6715092,000002FD,false,Rx,0,8,00,00,00,00,00,1C,13,EA,
6715437,00000121,false,Rx,0,8,E6,E6,71,00,00,00,00,05,
6715732,00000239,false,Rx,0,8,00,00,00,00,01,00,00,00,
6715837,00000122,false,Rx,0,8,FF,D9,67,1F,46,47,46,45,
6716155,0000025B,false,Rx,0,8,F2,80,BF,40,40,20,00,00,
6716297,00000123,false,Rx,0,8,B6,02,00,00,00,00,01,00,
6716348,0000025C,false,Rx,0,8,00,00,26,00,B4,2C,19,00,
6716396,00000124,false,Rx,0,8,00,00,0A,00,00,00,20,40,
6716770,0000025D,false,Rx,0,8,00,C8,00,00,00,80,C0,70,
6716846,0000011B,false,Rx,0,8,D5,FA,35,05,80,08,28,02,
6717099,0000012B,false,Rx,0,8,33,AA,35,06,00,00,08,00,
6717447,0000011C,false,Rx,0,8,00,05,20,00,22,00,01,01,
6717775,0000012C,false,Rx,0,8,00,00,01,00,00,64,00,00,
6718146,0000025E,false,Rx,0,8,03,07,0E,01,00,00,46,00,
6718509,000002FE,false,Rx,0,8,00,00,72,01,00,28,C8,02,
6718826,00000415,false,Rx,0,8,40,13,10,00,08,01,00,00,
6719118,00000326,false,Rx,0,8,00,0A,BF,00,00,00,00,00,
6719454,00000327,false,Rx,0,8,00,00,00,00,05,00,00,00,
6719773,00000328,false,Rx,0,8,DA,02,4B,00,00,5E,01,00,
6720134,00000329,false,Rx,0,8,64,45,01,00,00,00,00,00,
6720503,00000331,false,Rx,0,8,23,AF,BF,F1,C8,A0,2C,97,
6720829,00000332,false,Rx,0,8,E8,08,FC,03,00,00,00,00,
6721037,00000333,false,Rx,0,8,00,00,00,1C,0C,40,20,64,
6721108,00000334,false,Rx,0,8,C8,00,00,00,08,44,F4,8F,
6723728,0000010B,false,Rx,0,8,C0,C7,7B,00,00,00,00,05,
6723835,0000010C,false,Rx,0,8,FF,F9,E7,1F,46,50,48,48,
6724116,0000010D,false,Rx,0,8,B5,02,00,00,00,00,01,00,
6724315,0000010E,false,Rx,0,8,00,00,1E,00,00,C0,AB,57,
6730810,000002FF,false,Rx,0,8,D4,CB,00,71,02,00,00,00,
6730903,00000316,false,Rx,0,8,6A,7A,08,34,06,80,0A,00,
6731324,00000317,false,Rx,0,8,00,00,05,00,00,00,00,00,
6731658,00000472,false,Rx,0,8,5C,EC,00,40,08,41,00,45,
6731761,00000473,false,Rx,0,8,5F,24,00,25,00,00,00,78,
6732089,00000474,false,Rx,0,8,91,72,00,00,00,00,00,08,
6734537,00000091,false,Rx,0,8,66,13,C2,16,06,00,00,00,
6734641,00000092,false,Rx,0,8,27,00,00,00,70,02,00,00,
6734813,00000093,false,Rx,0,8,00,00,00,00,00,00,00,00,
6735338,00000094,false,Rx,0,8,00,00,00,00,00,00,00,00,
6735732,00000036,false,Rx,0,8,FE,E4,90,51,00,00,25,05,
6736012,00000037,false,Rx,0,8,30,00,00,10,00,40,00,00,
6736117,00000038,false,Rx,0,8,04,00,00,00,B0,39,96,D4,
6736280,00000039,false,Rx,0,8,00,00,00,00,00,00,00,00,
6736437,0000019B,false,Rx,0,8,FF,1E,86,00,00,E4,00,00,
6736833,00000256,false,Rx,0,8,A0,A8,BE,15,40,00,10,01,
6737096,0000019C,false,Rx,0,8,40,20,00,00,00,00,0B,09,
6737205,00000257,false,Rx,0,8,00,93,41,1B,85,07,00,94,
6737823,0000019D,false,Rx,0,8,00,10,00,01,00,00,00,00,
6738172,00000258,false,Rx,0,8,35,ED,1A,00,10,15,00,28,
6738462,0000019E,false,Rx,0,8,15,00,00,00,00,32,00,00,
6738858,00000259,false,Rx,0,8,6B,05,8E,3C,4C,02,00,00,
6739187,000002E6,false,Rx,0,8,C1,95,BE,01,00,00,00,15,
6739535,000002E7,false,Rx,0,8,0A,00,00,00,00,00,00,00,
6739846,000002E8,false,Rx,0,8,00,00,00,00,00,00,00,00,
6739930,000002E9,false,Rx,0,8,00,00,00,00,00,00,00,00,
6740220,000001F1,false,Rx,0,8,AC,79,36,01,00,00,28,00,
6740475,000001F2,false,Rx,0,8,00,00,00,00,00,00,00,00,
6741541,00000384,false,Rx,0,8,BA,56,0D,01,00,FF,00,24,
6742320,00000401,false,Rx,0,8,C6,10,10,00,00,04,00,00,
6748836,00000396,false,Rx,0,8,FC,7F,5F,0F,08,02,00,02,
6748936,0000042A,false,Rx,0,8,8E,83,0C,02,00,10,00,00,
6748998,00000397,false,Rx,0,8,6F,00,43,10,3F,07,00,00,
6749333,00000398,false,Rx,0,8,00,00,00,00,00,00,00,00,
6750853,000001AB,false,Rx,0,8,AE,09,54,50,70,40,00,00,
6750973,000001AC,false,Rx,0,8,00,28,00,00,00,00,00,00,
6752340,0000036F,false,Rx,0,8,91,21,01,00,00,00,00,00,
6752456,0000037F,false,Rx,0,8,EC,80,52,24,41,02,00,00,
6755055,00000061,false,Rx,0,8,27,B9,10,00,00,00,00,00,
6755144,00000062,false,Rx,0,8,02,02,00,02,40,FF,00,FF,
6755523,00000063,false,Rx,0,8,00,00,05,00,00,08,FD,00,
6755636,00000064,false,Rx,0,8,00,00,00,04,FF,FA,00,00,
6756327,000000A1,false,Rx,0,8,D4,01,10,55,61,02,8A,00,
6756679,000000A2,false,Rx,0,8,00,00,00,00,00,00,00,00,
6756764,000000A3,false,Rx,0,8,00,40,01,00,00,00,00,00,
6758538,00000146,false,Rx,0,8,B8,DC,CA,10,04,05,00,00,
6758640,00000147,false,Rx,0,8,01,04,7D,00,40,49,07,00,
6758797,00000148,false,Rx,0,8,00,00,42,00,1E,89,40,05,
6759063,00000149,false,Rx,0,8,00,38,00,CC,00,00,00,00,
6760859,000000C5,false,Rx,1,8,00,00,00,00,00,00,00,00,
6761022,00000244,false,Rx,1,8,FF,FF,FF,FF,FF,FF,FF,FF,
6761544,000003E4,false,Rx,1,8,FE,00,00,00,00,00,00,00,
6762047,000004B4,false,Rx,1,8,00,00,05,40,10,70,04,00,
6762340,000004B5,false,Rx,1,8,08,00,F0,07,00,00,00,00,
6762481,000004B7,false,Rx,1,8,08,00,F0,07,00,00,00,00,
6762539,000004CA,false,Rx,1,8,00,00,00,00,00,00,00,00,
6762630,000004CC,false,Rx,1,8,08,00,00,06,00,00,03,00,
6762969,000004CE,false,Rx,1,8,DE,01,00,00,00,00,F8,FF,
6763145,000004D7,false,Rx,1,8,23,01,00,00,00,00,00,00,
6763399,000004D8,false,Rx,1,8,41,10,F0,F0,40,F2,1E,CC,
6763634,000004DD,false,Rx,1,8,00,00,FE,00,04,00,00,00,
6764178,000004DF,false,Rx,1,8,00,00,08,00,00,00,00,00,
6764482,000004E7,false,Rx,1,8,00,30,00,00,00,00,69,00,
6764746,000004E8,false,Rx,1,8,FF,FF,FF,05,FF,FF,FF,00,
6765208,000004E9,false,Rx,1,8,12,00,00,34,00,00,50,00,
6765386,000004EA,false,Rx,1,8,67,00,00,89,00,00,00,00,
6765455,000004EB,false,Rx,1,8,02,80,15,07,80,00,00,00,
6765563,000004EC,false,Rx,1,8,00,00,00,00,00,00,00,00,
6765781,000004ED,false,Rx,1,8,00,00,00,00,00,FF,FF,1F,
6766063,000004EE,false,Rx,1,8,FF,FF,00,00,00,00,00,00,
6766316,000004EF,false,Rx,1,8,60,00,60,00,2B,14,00,00,
6766572,00000121,false,Rx,0,8,15,78,76,00,00,00,00,05,
6766642,0000011B,false,Rx,0,8,CF,83,3A,05,80,08,28,02,
6766717,0000063D,false,Rx,1,8,00,80,00,00,00,00,00,00,
6766761,00000122,false,Rx,0,8,FF,D9,67,1F,46,47,46,45,
6766856,0000063E,false,Rx,1,8,FF,FF,FF,FF,FF,FF,FF,FF,
6767023,0000011C,false,Rx,0,8,00,05,20,00,22,00,01,01,
6767257,00000123,false,Rx,0,8,B6,02,00,00,00,00,01,00,
6767325,0000063F,false,Rx,1,8,00,10,00,C4,FF,00,00,00,
6767495,000001B1,false,Rx,0,8,5B,A8,CA,00,72,00,00,00,
6767929,00000124,false,Rx,0,8,00,00,0A,00,00,00,20,40,
6768011,00000640,false,Rx,1,8,FF,FF,FF,00,FF,FF,FF,00,
6768061,000001B2,false,Rx,0,8,23,00,04,B7,0F,09,50,10,
6768327,0000012B,false,Rx,0,8,29,D3,3A,06,00,00,08,00,
6769053,00000641,false,Rx,1,8,FF,FF,FF,FF,0F,FF,FF,FF,
6769470,000001B3,false,Rx,0,8,10,33,37,00,5A,7B,6B,7D,
6769678,0000012C,false,Rx,0,8,00,00,01,00,00,64,00,00,
6769984,00000646,false,Rx,1,8,00,00,00,80,01,00,00,00,
6770090,000001B4,false,Rx,0,8,65,7D,10,00,00,41,00,00,
6770359,00000161,false,Rx,0,8,26,C5,9D,03,00,00,00,02,
6770453,00000162,false,Rx,0,8,FF,FC,01,00,00,00,00,00,
6771728,000003B0,false,Rx,0,8,72,37,FF,C7,00,00,03,C0,
6772562,00000405,false,Rx,0,8,D2,10,00,00,00,01,00,00,
6773154,00000410,false,Rx,0,8,6A,60,57,3C,DE,6A,FF,FF,
6773290,00000413,false,Rx,0,8,08,60,00,00,00,00,00,00,
6773590,00000411,false,Rx,0,8,04,D1,50,51,00,00,44,04,
6773703,0000010B,false,Rx,0,8,8F,FE,80,00,00,00,00,05,
6773907,00000412,false,Rx,0,8,CC,E0,00,00,00,00,00,00,
6774252,0000010C,false,Rx,0,8,FF,F9,E7,1F,46,50,48,48,
6774370,00000414,false,Rx,0,8,41,70,00,00,28,00,00,00,
6774740,0000010D,false,Rx,0,8,B5,02,00,00,00,00,01,00,
6775310,00000416,false,Rx,0,8,55,00,00,00,00,00,00,00,
6775416,0000010E,false,Rx,0,8,00,00,1E,00,00,C0,AB,57,
6775700,00000417,false,Rx,0,8,20,E0,00,00,00,00,00,00,
6775879,00000418,false,Rx,0,8,07,C0,00,00,14,0C,00,00,
6776006,00000419,false,Rx,0,8,0D,20,26,D5,2D,87,90,00,
6777721,000001A1,false,Rx,0,8,CE,79,9D,FE,F7,7F,64,00,
6777847,000001A2,false,Rx,0,8,44,00,00,00,27,08,00,00,
6778139,000001A3,false,Rx,0,8,FF,F3,3F,00,00,00,00,00,
6778200,000001A4,false,Rx,0,8,FE,07,00,00,00,00,00,00,
6781447,000003B2,false,Rx,0,8,36,15,FF,02,29,2F,34,00,
6783048,000001E6,false,Rx,0,8,9B,95,7F,02,00,00,00,00,
6783198,000001BB,false,Rx,0,8,44,6B,7F,02,00,00,00,0A,
6783462,000001BC,false,Rx,0,8,32,00,00,00,02,00,00,00,
6783740,000001BD,false,Rx,0,8,00,00,00,00,00,00,00,00,
6784053,000001E7,false,Rx,0,8,00,00,22,03,20,01,00,00,
6785654,00000036,false,Rx,0,8,81,C8,95,51,00,00,25,05,
6785773,00000037,false,Rx,0,8,30,00,00,10,00,40,00,00,
6786206,00000038,false,Rx,0,8,04,00,00,00,B0,39,96,D4,
6786510,00000039,false,Rx,0,8,00,00,00,00,00,00,00,00,
6786612,0000019B,false,Rx,0,8,F2,D8,8B,00,00,E4,00,00,
6786671,0000019C,false,Rx,0,8,40,20,00,00,00,00,0B,09,
6786910,0000019D,false,Rx,0,8,00,10,00,01,00,00,00,00,
6787203,0000019E,false,Rx,0,8,15,00,00,00,00,32,00,00,
6788344,00000380,false,Rx,0,8,96,92,03,08,08,08,08,01,
6790483,00000427,false,Rx,0,8,1D,86,FF,00,80,0A,00,00,
6791970,000004E8,false,Rx,1,8,FF,FF,FF,05,FF,FF,FF,00,
6792610,00000516,false,Rx,0,8,61,02,00,00,00,00,FF,FF,
6805021,00000061,false,Rx,0,8,58,95,15,00,00,00,00,00,
6805117,00000062,false,Rx,0,8,02,02,00,02,40,FF,00,FF,
6805560,00000063,false,Rx,0,8,00,00,05,00,00,08,FD,00,
6805633,00000064,false,Rx,0,8,00,00,00,04,FF,FA,00,00,
6806036,000000A1,false,Rx,0,8,DB,EA,15,55,61,02,8A,00,
6806364,000000A2,false,Rx,0,8,00,00,00,00,00,00,00,00,
6806627,000000A3,false,Rx,0,8,00,40,01,00,00,00,00,00,
6816517,00000121,false,Rx,0,8,EE,78,7B,00,00,00,00,05,
6816592,00000122,false,Rx,0,8,FF,D9,67,1F,46,48,46,45,
6816951,0000011B,false,Rx,0,8,39,AB,3F,05,80,08,28,02,
6817252,00000123,false,Rx,0,8,B6,02,00,00,00,00,01,00,
6817330,0000011C,false,Rx,0,8,00,05,20,00,22,00,01,01,
6817591,00000124,false,Rx,0,8,00,00,0A,00,00,00,20,40,
6817984,000001E1,false,Rx,0,8,2C,48,73,02,00,00,00,00,
6818127,0000012B,false,Rx,0,8,DF,FB,3F,06,00,00,08,00,
6818237,000001E2,false,Rx,0,8,00,00,00,00,00,00,00,00,
6818489,0000012C,false,Rx,0,8,00,00,01,00,00,64,00,00,
6822115,000004E8,false,Rx,1,8,FF,FF,FF,05,FF,FF,FF,00,
6823380,0000010B,false,Rx,0,8,F0,D2,85,00,00,00,00,05,
6823472,0000010C,false,Rx,0,8,FF,F9,E7,1F,46,50,48,48,
6823941,0000010D,false,Rx,0,8,B5,02,00,00,00,00,01,00,
6824206,0000010E,false,Rx,0,8,00,00,1E,00,00,C0,AB,57,
6830720,00000226,false,Rx,0,8,C6,81,11,FF,63,60,09,42,
6830813,00000227,false,Rx,0,8,02,94,00,09,03,F1,9F,03,
6834464,00000091,false,Rx,0,8,ED,B4,C3,16,06,00,00,00,
6834558,00000092,false,Rx,0,8,28,00,00,00,80,02,00,00,
6834971,00000093,false,Rx,0,8,00,00,00,00,00,00,00,00,
6835056,00000094,false,Rx,0,8,00,00,00,00,00,00,00,00,
6835419,000003AA,false,Rx,0,8,FF,00,D0,00,54,00,00,00,
6835788,00000036,false,Rx,0,8,00,BC,9A,51,00,00,25,05,
6835872,00000037,false,Rx,0,8,30,00,00,10,00,40,00,00,
6836170,00000038,false,Rx,0,8,04,00,00,00,B0,39,96,D4,
6836912,00000039,false,Rx,0,8,00,00,00,00,00,00,00,00,
6837224,0000019B,false,Rx,0,8,8F,1D,90,00,00,E4,00,00,
6837491,0000019C,false,Rx,0,8,40,20,00,00,00,00,0B,09,
6837770,000002D6,false,Rx,0,8,A0,5F,5F,00,00,00,00,00,
6838531,0000019D,false,Rx,0,8,00,10,00,01,00,00,00,00,
6838912,000002D7,false,Rx,0,8,00,00,00,00,03,00,00,00,
6839206,0000019E,false,Rx,0,8,15,00,00,00,00,32,00,00,
6839441,000002D8,false,Rx,0,8,00,00,00,00,00,00,38,47,
6839893,000002EB,false,Rx,0,8,3E,D6,5F,07,08,01,00,02,
6840236,000002D9,false,Rx,0,8,00,00,00,00,00,00,00,00,
6840580,000002EC,false,Rx,0,8,02,00,CF,00,59,00,00,00,
6840911,000003B6,false,Rx,0,8,11,36,5F,00,00,00,00,46,
6841217,000002ED,false,Rx,0,8,00,00,00,00,00,00,00,00,
6841531,000003B7,false,Rx,0,8,46,00,00,00,00,00,00,00,
6841622,000002EE,false,Rx,0,8,00,00,00,00,00,00,00,00,
6841695,000003B8,false,Rx,0,8,B2,02,00,00,00,00,69,0E,
6841885,00000495,false,Rx,0,8,49,00,00,00,00,00,00,00,
6841941,000003B9,false,Rx,0,8,00,00,00,00,00,00,00,00,
6846471,00000251,false,Rx,0,8,74,C7,C0,00,00,00,00,00,
6846563,00000252,false,Rx,0,8,00,00,1B,1B,03,00,00,00,
6847008,00000253,false,Rx,0,8,00,00,00,58,58,00,80,4D,
6847072,000002AB,false,Rx,0,8,0F,40,C3,0C,0C,00,00,00,
6847428,000002AC,false,Rx,0,8,00,FF,FF,00,00,40,00,54,
6847675,000002AD,false,Rx,0,8,00,01,00,40,FF,FF,FF,0F,
6847808,000002AE,false,Rx,0,8,01,00,FF,3F,01,01,00,00,
6848162,000002B6,false,Rx,0,8,B5,66,C3,01,00,00,00,40,
6848343,000003B1,false,Rx,0,8,C1,DE,00,80,00,00,20,00,
6848599,000002B7,false,Rx,0,8,9F,00,50,1C,00,04,00,00,
6848817,0000033B,false,Rx,0,8,57,2A,C2,00,00,00,00,00,
6849445,000002B8,false,Rx,0,8,FF,F8,10,00,00,00,00,00,
6849775,0000033C,false,Rx,0,8,00,00,00,00,F0,00,00,00,
6850050,000002B9,false,Rx,0,8,0A,00,00,00,00,00,00,00,
6850166,0000033D,false,Rx,0,8,00,00,00,00,00,00,00,00,
6850452,000002C1,false,Rx,0,8,2D,A8,62,21,00,41,00,D3,
6850511,0000033E,false,Rx,0,8,00,00,00,00,00,00,00,00,
6850817,000002C2,false,Rx,0,8,1A,00,00,00,00,00,00,00,
6851167,000001AB,false,Rx,0,8,87,3B,59,50,70,48,00,00,
6851492,000002C3,false,Rx,0,8,00,00,00,00,00,00,00,00,
6851819,000001AC,false,Rx,0,8,00,28,00,00,00,00,00,00,
6851902,000002C4,false,Rx,0,8,00,00,00,00,00,00,00,00,
6852211,00000356,false,Rx,0,8,76,C6,61,00,00,00,00,00,
6852500,000002E1,false,Rx,0,8,33,2D,C3,00,00,00,00,40,
6852841,00000357,false,Rx,0,8,00,00,00,00,00,4B,4D,48,
6852922,000002E2,false,Rx,0,8,FD,00,00,00,00,14,00,04,
6852969,00000358,false,Rx,0,8,35,41,45,4D,52,37,33,4F,
6853075,00000487,false,Rx,1,8,00,00,00,00,00,00,00,00,
6853160,000002E3,false,Rx,0,8,00,00,00,00,00,00,72,01,
6853270,00000359,false,Rx,0,8,51,4F,34,52,4A,35,33,00,
6853326,000004E8,false,Rx,1,8,FF,FF,FF,05,FF,FF,FF,00,
6853656,000002E4,false,Rx,0,8,02,00,00,00,00,00,00,00,
6853965,00000642,false,Rx,1,8,FF,FF,FF,FF,FF,FF,00,00,
6854333,0000036F,false,Rx,0,8,28,31,01,00,00,00,00,00,
6854691,0000037F,false,Rx,0,8,55,90,52,24,41,02,00,00,
6854997,000003A1,false,Rx,0,8,24,E0,47,00,FF,FF,FF,FF,
6855297,00000061,false,Rx,0,8,D9,E1,1A,00,00,00,00,00,
6855421,000003A2,false,Rx,0,8,00,00,00,00,00,00,00,00,
6855514,00000062,false,Rx,0,8,02,02,00,02,40,FF,00,FF,
6855906,00000063,false,Rx,0,8,00,00,05,00,00,08,FD,00,
6856141,00000064,false,Rx,0,8,00,00,00,04,FF,FA,00,00,
6856398,000000A1,false,Rx,0,8,EB,C7,1A,55,61,02,8A,00,
6856655,000000A2,false,Rx,0,8,00,00,00,00,00,00,00,00,
6856941,000000A3,false,Rx,0,8,00,40,01,00,00,00,00,00,
6858279,00000146,false,Rx,0,8,C7,F0,CF,10,04,05,00,00,
6858533,00000147,false,Rx,0,8,01,04,7D,00,40,49,07,00,
6858888,00000148,false,Rx,0,8,00,00,42,00,1E,89,40,05,
6859264,00000149,false,Rx,0,8,00,38,00,CC,00,00,00,00,
6860285,00000111,false,Rx,0,8,4F,30,8F,01,00,00,00,00,
6860388,00000112,false,Rx,0,8,00,00,00,00,00,00,00,00,
6860694,00000113,false,Rx,0,8,00,00,00,00,00,00,00,00,
6860870,00000114,false,Rx,0,8,00,00,00,00,00,00,00,00,
6864365,00000643,false,Rx,1,8,00,FC,FF,FF,FF,FF,03,00,
6866430,00000121,false,Rx,0,8,A1,41,80,00,00,00,00,05,
6866532,00000122,false,Rx,0,8,FF,D9,67,1F,46,48,46,45,
6866936,0000011B,false,Rx,0,8,C7,BB,44,05,80,08,28,02,
6867262,00000123,false,Rx,0,8,B6,02,00,00,00,00,01,00,
6867362,0000011C,false,Rx,0,8,00,05,20,00,22,00,01,01,
6867514,00000124,false,Rx,0,8,00,00,0A,00,00,00,20,40,
6867600,000000FF,false,Rx,0,8,CB,10,00,00,00,00,02,00,
6868078,0000012B,false,Rx,0,8,21,EB,44,06,00,00,08,00,
6868445,000001B1,false,Rx,0,8,1F,EA,CF,00,72,00,00,00,
6868636,0000012C,false,Rx,0,8,00,00,01,00,00,64,00,00,
6868820,000001B2,false,Rx,0,8,23,00,04,B7,0F,0A,50,10,
6869138,00000161,false,Rx,0,8,22,D9,A2,03,00,00,00,02,
6869481,000001B3,false,Rx,0,8,10,33,37,00,5A,7B,6B,7D,
6869818,00000162,false,Rx,0,8,FF,FC,01,00,00,00,00,00,
6870098,000001B4,false,Rx,0,8,65,7D,10,00,00,41,00,00,
6870453,00000394,false,Rx,0,8,2A,22,1A,49,00,00,00,00,
6870597,000003C3,false,Rx,0,8,45,10,31,30,36,00,00,00,
6870645,0000041A,false,Rx,0,8,95,40,12,00,00,00,00,00,
6870715,000003E0,false,Rx,0,8,01,70,01,00,54,03,00,00,
6870763,0000041B,false,Rx,0,8,60,30,00,00,00,00,00,00,
6871115,000003E5,false,Rx,0,8,8E,90,01,00,00,00,00,00,
6871340,0000041C,false,Rx,0,8,E9,80,E0,00,00,00,00,00,
6871472,000003E6,false,Rx,0,8,7F,00,00,00,00,00,00,00,
6872081,00000422,false,Rx,0,8,EA,C0,01,00,00,00,04,00,
6872428,00000442,false,Rx,0,8,CE,20,11,81,00,00,00,00,
6872526,00000432,false,Rx,0,8,03,20,02,00,00,00,00,00,
6872807,00000435,false,Rx,0,8,9F,D0,00,40,00,00,00,00,
6873073,00000444,false,Rx,0,8,6C,30,20,50,55,50,00,00,
6873175,00000445,false,Rx,0,8,00,10,00,00,00,00,00,18,
6873484,0000010B,false,Rx,0,8,71,A6,8A,00,00,00,00,05,
6873791,0000010C,false,Rx,0,8,FF,F9,E7,1F,46,50,48,48,
6873869,00000464,false,Rx,0,8,B2,70,F0,FF,38,7F,05,00,
6874239,0000010D,false,Rx,0,8,B5,02,00,00,00,00,01,00,
6874805,0000010E,false,Rx,0,8,00,00,1E,00,00,C0,AB,57,
6877426,000001A1,false,Rx,0,8,21,50,A2,FE,F7,7F,64,00,
6877553,000001A2,false,Rx,0,8,44,00,00,00,27,08,00,00,
6877917,000001A3,false,Rx,0,8,FF,F3,3F,00,00,00,00,00,
6878260,000001A4,false,Rx,0,8,FE,07,00,00,00,00,00,00,
6880507,0000030B,false,Rx,0,8,CD,3E,C2,00,04,00,00,00,
6880602,0000030C,false,Rx,0,8,00,00,0E,00,2C,00,A0,0F,
6880797,0000030D,false,Rx,0,8,00,00,00,00,FF,00,00,00,
6881038,0000030E,false,Rx,0,8,00,00,18,05,21,00,00,1A,
6885578,00000036,false,Rx,0,8,7F,90,9F,51,00,00,25,05,
6885669,00000037,false,Rx,0,8,30,00,00,10,00,40,00,00,
6886080,00000038,false,Rx,0,8,04,00,00,00,B0,39,96,D4,
6886165,00000039,false,Rx,0,8,00,00,00,00,00,00,00,00,
6886504,0000019B,false,Rx,0,8,F0,31,95,00,00,E4,00,00,
6886794,0000019C,false,Rx,0,8,40,20,00,00,00,00,0B,09,
6887216,0000019D,false,Rx,0,8,00,10,00,01,00,00,00,00,
6887495,0000019E,false,Rx,0,8,15,00,00,00,00,32,00,00,
6888204,000001FB,false,Rx,0,8,96,60,BA,00,00,00,00,00,
6888501,000001FC,false,Rx,0,8,00,00,00,00,00,00,00,00,
6888623,000001FD,false,Rx,0,8,00,1A,03,00,00,00,00,00,
6888813,00000475,false,Rx,0,8,12,00,00,00,00,00,00,00,
6888861,000001FE,false,Rx,0,8,00,00,00,00,00,00,00,00,
6889254,00000496,false,Rx,0,8,12,00,00,00,00,00,00,00,
6890229,000001F1,false,Rx,0,8,B6,00,39,01,00,00,28,00,
6890346,000001F2,false,Rx,0,8,00,00,00,00,00,00,00,00,
6890554,00000561,false,Rx,0,8,63,02,00,00,00,00,FF,FF,
6894344,00000383,false,Rx,0,8,5A,53,00,10,01,00,00,00,
6895278,000004A3,false,Rx,1,8,80,00,48,0B,3E,00,00,00,
6895414,000004A4,false,Rx,1,8,FF,FF,FF,00,00,00,00,00,
6899647,00000448,false,Rx,0,8,DE,80,00,00,00,00,00,00,
6905082,00000061,false,Rx,0,8,A6,CD,1F,00,00,00,00,00,
6905171,00000062,false,Rx,0,8,02,02,00,02,40,FF,00,FF,
6905665,00000063,false,Rx,0,8,00,00,05,00,00,08,FD,00,
6905737,00000064,false,Rx,0,8,00,00,00,04,FF,FA,00,00,
6906017,000000A1,false,Rx,0,8,6F,83,1F,56,61,02,8A,00,
6906488,000000A2,false,Rx,0,8,05,00,00,00,00,00,00,00,
6906767,000000A3,false,Rx,0,8,00,40,01,00,00,00,00,00,
6908349,00000382,false,Rx,0,8,2B,FE,21,00,00,05,09,00,
6910970,000002BF,false,Rx,0,8,FF,FF,FF,00,00,00,00,00,
6911083,0000047F,false,Rx,0,8,F0,FC,FF,FF,FF,FF,FF,FF,
6911127,00000653,false,Rx,0,8,0A,19,03,01,02,2A,00,00,
6911812,00000236,false,Rx,0,8,AA,05,C1,00,34,6C,AE,62,
6911921,000002FB,false,Rx,0,8,A0,24,C1,04,72,1A,B4,B4,
6912254,00000237,false,Rx,0,8,00,15,47,00,00,1E,1B,00,
6912346,00000151,false,Rx,0,8,EC,F2,C1,64,C8,00,28,18,
6912891,00000238,false,Rx,0,8,00,00,72,00,00,00,00,00,
6913222,00000152,false,Rx,0,8,14,17,17,00,51,00,00,00,
6913553,000001F6,false,Rx,0,8,A7,2E,C1,00,00,00,00,0E,
6913646,00000153,false,Rx,0,8,00,00,00,00,00,00,00,00,
6913961,000001F7,false,Rx,0,8,26,00,DA,02,00,00,00,00,
6914201,00000154,false,Rx,0,8,00,00,00,00,00,00,00,00,
6914264,000001F8,false,Rx,0,8,00,5E,01,45,01,00,00,00,
6914518,000002FC,false,Rx,0,8,0F,00,14,18,00,00,8E,43,
6914636,000001F9,false,Rx,0,8,4B,00,64,C8,14,00,4B,00,
6914986,000002FD,false,Rx,0,8,00,00,00,00,00,1C,13,EA,
6915316,00000239,false,Rx,0,8,00,00,00,00,01,00,00,00,
6915615,000002FE,false,Rx,0,8,00,00,72,01,00,28,C8,02,
6915905,0000025B,false,Rx,0,8,DD,48,C1,40,40,20,00,00,
6916001,00000326,false,Rx,0,8,DE,59,C1,00,00,00,00,00,
6916197,0000025C,false,Rx,0,8,00,00,26,00,B4,2C,19,00,
6916253,00000327,false,Rx,0,8,00,00,00,00,05,00,00,00,
6916664,00000121,false,Rx,0,8,DE,6D,85,00,00,00,00,05,
6917008,0000011B,false,Rx,0,8,B4,82,49,05,80,08,28,02,
6917317,00000122,false,Rx,0,8,FF,D9,67,1F,46,48,46,45,
6917616,0000011C,false,Rx,0,8,00,05,20,00,22,00,01,01,
6917969,00000123,false,Rx,0,8,B6,02,00,00,00,00,01,00,
6918272,0000025D,false,Rx,0,8,00,C8,00,00,00,80,C0,70,
6918433,00000124,false,Rx,0,8,00,00,0A,00,00,00,20,40,
6918526,0000025E,false,Rx,0,8,5C,07,0E,08,00,00,46,00,
6918587,0000012B,false,Rx,0,8,52,D2,49,06,00,00,08,00,
6918634,00000328,false,Rx,0,8,DA,02,4B,00,00,5E,01,00,
6919023,0000012C,false,Rx,0,8,00,00,01,00,00,64,00,00,
6919314,00000329,false,Rx,0,8,64,45,01,00,00,00,00,00,
6919404,00000331,false,Rx,0,8,FD,FC,C1,F1,C8,A0,2C,97,
6919539,00000332,false,Rx,0,8,E8,08,FC,03,00,00,00,00,
6920008,00000333,false,Rx,0,8,00,00,00,1C,0C,40,20,64,
6920341,00000334,false,Rx,0,8,C8,00,00,00,08,44,F4,8F,
6923914,0000010B,false,Rx,0,8,0E,8A,8F,00,00,00,00,05,
6924211,0000010C,false,Rx,0,8,FF,F9,E7,1F,46,50,48,48,
6924283,0000010D,false,Rx,0,8,B5,02,00,00,00,00,01,00,
6924614,0000010E,false,Rx,0,8,00,00,1E,00,00,C0,AB,57,
6930823,000002FF,false,Rx,0,8,D4,CB,00,71,02,00,00,00,
6930915,00000316,false,Rx,0,8,4E,D2,09,34,06,80,0A,00,
6931376,00000472,false,Rx,0,8,5C,EC,00,40,08,41,00,45,
6931643,00000317,false,Rx,0,8,00,00,05,00,00,00,00,00,
6931743,00000473,false,Rx,0,8,5F,24,00,25,00,00,00,78,
6931988,00000474,false,Rx,0,8,91,72,00,00,00,00,00,08,
6933317,000001E6,false,Rx,0,8,AF,4D,82,02,00,00,00,00,
6933424,000001BB,false,Rx,0,8,30,DB,82,02,00,00,00,0A,
6933477,000001BC,false,Rx,0,8,32,00,00,00,02,00,00,00,
6933842,000001BD,false,Rx,0,8,00,00,00,00,00,00,00,00,
6933993,000001E7,false,Rx,0,8,00,00,22,03,20,01,00,00,
6934274,00000091,false,Rx,0,8,1E,2A,C4,16,06,00,00,00,
6934839,00000092,false,Rx,0,8,28,00,00,00,80,02,00,00,
6935185,00000093,false,Rx,0,8,00,00,00,00,00,00,00,00,
6935508,00000094,false,Rx,0,8,00,00,00,00,00,00,00,00,
6935610,00000036,false,Rx,0,8,A9,CC,A4,51,00,00,25,05,
6935707,0000048B,false,Rx,0,8,D5,CC,7A,1E,01,00,00,00,
6935920,00000037,false,Rx,0,8,30,00,00,10,00,40,00,00,
6936100,0000048C,false,Rx,0,8,00,00,00,00,00,00,00,00,
6936314,00000038,false,Rx,0,8,04,00,00,00,B0,39,96,D4,
6936619,0000019B,false,Rx,0,8,71,45,9A,00,00,E4,00,00,
6936970,00000039,false,Rx,0,8,00,00,00,00,00,00,00,00,
6937260,0000019C,false,Rx,0,8,40,20,00,00,00,00,0B,09,
6937588,00000256,false,Rx,0,8,78,2E,C0,15,40,00,F0,00,
6937879,0000019D,false,Rx,0,8,00,10,00,01,00,00,00,00,
6937971,00000257,false,Rx,0,8,00,93,41,19,85,07,00,94,
6938250,0000019E,false,Rx,0,8,15,00,00,00,00,32,00,00,
6938534,00000258,false,Rx,0,8,35,EE,1A,00,10,15,00,28,
6938627,000002E6,false,Rx,0,8,1F,C6,C0,01,00,00,00,15,
6939227,00000259,false,Rx,0,8,62,05,8E,3C,4C,02,00,00,
6939552,000002E7,false,Rx,0,8,0A,00,00,00,00,00,00,00,
6939895,000002E8,false,Rx,0,8,00,00,00,00,00,00,00,00,
6940182,000002E9,false,Rx,0,8,00,00,00,00,00,00,00,00,
6941537,00000384,false,Rx,0,8,BA,56,0D,01,00,FF,00,24,
6942590,00000401,false,Rx,0,8,C6,10,10,00,00,04,00,00,
6948242,00000396,false,Rx,0,8,F4,6E,60,0F,08,02,00,02,
6948333,0000042A,false,Rx,0,8,8E,83,0C,02,00,10,00,00,
6948768,00000397,false,Rx,0,8,1C,00,43,10,3F,07,00,00,
6948839,00000398,false,Rx,0,8,00,00,00,00,00,00,00,00,
6950703,000001AB,false,Rx,0,8,18,53,5E,50,70,48,00,00,
6951069,000001AC,false,Rx,0,8,00,28,00,00,00,00,00,00,
6952869,0000036F,false,Rx,0,8,20,41,01,00,00,00,00,00,
6952987,0000037F,false,Rx,0,8,83,A0,52,24,41,02,00,00,
6955121,00000061,false,Rx,0,8,70,91,24,00,00,00,00,00,
6955210,00000062,false,Rx,0,8,02,02,00,02,40,FF,00,FF,
6955644,00000063,false,Rx,0,8,00,00,05,00,00,08,FD,00,
6955737,00000064,false,Rx,0,8,00,00,00,04,FF,FA,00,00,
6956115,000000A1,false,Rx,0,8,A6,B2,24,56,61,02,8A,00,
6956472,000000A2,false,Rx,0,8,05,00,00,00,00,00,00,00,
6957068,000000A3,false,Rx,0,8,00,40,01,00,00,00,00,00,
6958587,00000146,false,Rx,0,8,4C,E0,D4,10,04,05,00,00,
6958708,00000147,false,Rx,0,8,01,04,7D,00,40,48,07,00,
6959145,00000148,false,Rx,0,8,00,00,42,00,1E,89,40,05,
6959449,00000149,false,Rx,0,8,00,38,00,CC,00,00,00,00,
6965855,000000C5,false,Rx,1,8,00,00,00,00,00,00,00,00,
6965945,00000244,false,Rx,1,8,FF,FF,FF,FF,FF,FF,FF,FF,
6966240,000004B4,false,Rx,1,8,00,00,05,40,10,70,04,00,
6967061,00000121,false,Rx,0,8,5F,19,8A,00,00,00,00,05,
6967578,000004B5,false,Rx,1,8,08,00,F0,07,00,00,00,00,
6968314,0000011B,false,Rx,0,8,2B,EA,4E,05,80,08,28,02,
6968779,000004B7,false,Rx,1,8,08,00,F0,07,00,00,00,00,
6969121,00000122,false,Rx,0,8,FF,D9,67,1F,46,48,46,45,
6969343,000004CA,false,Rx,1,8,00,00,00,00,00,00,00,00,
6969494,0000011C,false,Rx,0,8,00,05,20,00,22,00,01,01,
6969699,00000123,false,Rx,0,8,B6,02,00,00,00,00,01,00,
6969758,000004CC,false,Rx,1,8,08,00,00,06,00,00,03,00,
6969805,000001B1,false,Rx,0,8,62,2F,D4,00,72,00,00,00,
6969915,000004CE,false,Rx,1,8,DE,01,00,00,00,00,F8,FF,
6969970,00000124,false,Rx,0,8,00,00,0A,00,00,00,20,40,
6970014,000001B2,false,Rx,0,8,23,00,04,B7,0F,0A,50,10,
6970062,000004D7,false,Rx,1,8,23,01,00,00,00,00,00,00,
6970119,0000012B,false,Rx,0,8,CD,BA,4E,06,00,00,08,00,
6970210,000004D8,false,Rx,1,8,41,10,F0,F0,40,F2,1E,CC,
6970262,000001B3,false,Rx,0,8,10,33,37,00,5A,7B,6B,7D,
6970309,0000012C,false,Rx,0,8,00,00,01,00,00,64,00,00,
6970441,000004DD,false,Rx,1,8,00,00,FE,00,04,00,00,00,
6970495,000001B4,false,Rx,0,8,65,7D,10,00,00,41,00,00,
6970546,000004DF,false,Rx,1,8,00,00,08,00,00,00,00,00,
6970592,00000161,false,Rx,0,8,D4,F1,A7,03,00,00,00,02,
6970660,000004E7,false,Rx,1,8,00,30,00,00,00,00,69,00,
6970703,000001E1,false,Rx,0,8,DA,60,76,02,00,00,00,00,
6970748,00000162,false,Rx,0,8,FF,FC,01,00,00,00,00,00,
6970831,000004E8,false,Rx,1,8,FF,FF,FF,05,FF,FF,FF,00,
6971000,000001E2,false,Rx,0,8,00,00,00,00,00,00,00,00,
6971050,000004E9,false,Rx,1,8,12,00,00,34,00,00,50,00,
6971181,0000034B,false,Rx,0,8,BF,67,7A,31,D8,0D,05,01,
6971235,000004EA,false,Rx,1,8,67,00,00,89,00,00,00,00,
6971286,0000034C,false,Rx,0,8,00,00,00,00,00,00,00,00,
6971402,000004EB,false,Rx,1,8,02,80,15,07,80,00,00,00,
6971539,0000034D,false,Rx,0,8,00,00,00,00,00,00,00,00,
6972262,000004EC,false,Rx,1,8,00,00,00,00,00,00,00,00,
6972991,0000034E,false,Rx,0,8,00,00,00,00,00,00,00,00,
6973707,000004ED,false,Rx,1,8,00,00,00,00,00,FF,FF,1F,
6974241,000003B0,false,Rx,0,8,72,37,FF,C7,00,00,03,C0,
6975180,00000405,false,Rx,0,8,D2,10,00,00,00,01,00,00,
6975710,000004EE,false,Rx,1,8,FF,FF,00,00,00,00,00,00,
6976450,00000410,false,Rx,0,8,6A,60,57,3C,DE,6A,FF,FF,
6976817,000004EF,false,Rx,1,8,60,00,60,00,2B,14,00,00,
6977157,0000010B,false,Rx,0,8,73,4F,94,00,00,00,00,05,
6977447,00000411,false,Rx,0,8,04,D1,50,51,00,00,44,04,
6977770,0000063D,false,Rx,1,8,00,80,00,00,00,00,00,00,
6978124,0000010C,false,Rx,0,8,FF,F9,E7,1F,46,50,48,48,
6978220,00000412,false,Rx,0,8,CC,E0,00,00,00,00,00,00,
6978484,0000063E,false,Rx,1,8,FF,FF,FF,FF,FF,FF,FF,FF,
6978571,0000010D,false,Rx,0,8,B5,02,00,00,00,00,01,00,
6978618,00000413,false,Rx,0,8,08,60,00,00,00,00,00,00,
6978688,0000063F,false,Rx,1,8,00,10,00,C4,FF,00,00,00,
6978732,0000010E,false,Rx,0,8,00,00,1E,00,00,C0,AB,57,
6978780,00000414,false,Rx,0,8,41,70,00,00,28,00,00,00,
6978861,00000640,false,Rx,1,8,FF,FF,FF,00,FF,FF,FF,00,
6979174,00000416,false,Rx,0,8,55,00,00,00,00,00,00,00,
6979490,00000641,false,Rx,1,8,FF,FF,FF,FF,0F,FF,FF,FF,
6979652,00000417,false,Rx,0,8,20,E0,00,00,00,00,00,00,
6979737,00000646,false,Rx,1,8,00,00,00,80,01,00,00,00,
6980091,00000418,false,Rx,0,8,07,C0,00,00,14,0C,00,00,
6980215,00000419,false,Rx,0,8,0D,20,26,D5,2D,87,90,00,
6980521,000001A1,false,Rx,0,8,5E,7C,A7,FE,F7,7F,64,00,
6980855,000001A2,false,Rx,0,8,44,00,00,00,27,08,00,00,
6981183,000001A3,false,Rx,0,8,FF,F3,3F,00,00,00,00,00,
6981253,000001A4,false,Rx,0,8,FE,07,00,00,00,00,00,00,
6981647,000003B2,false,Rx,0,8,36,15,FF,02,29,2F,34,00,
6985614,00000036,false,Rx,0,8,A4,0A,A9,51,00,00,25,05,
6985733,00000037,false,Rx,0,8,30,00,00,10,00,40,00,00,
6986098,00000038,false,Rx,0,8,04,00,00,00,B0,39,96,D4,
6986167,00000039,false,Rx,0,8,00,00,00,00,00,00,00,00,
6986574,0000019B,false,Rx,0,8,0E,69,9F,00,00,E4,00,00,
6986922,0000019C,false,Rx,0,8,40,20,00,00,00,00,0B,09,
6987184,0000019D,false,Rx,0,8,00,10,00,01,00,00,00,00,
6987261,0000019E,false,Rx,0,8,15,00,00,00,00,32,00,00,
6988542,00000380,false,Rx,0,8,96,92,03,08,08,08,08,01,
6990370,00000427,false,Rx,0,8,1D,86,FF,00,80,0A,00,00,
6991883,00000563,false,Rx,1,8,65,02,00,00,00,00,FF,FF,
7005047,00000061,false,Rx,0,8,7D,57,29,00,00,00,00,00,
7005139,00000062,false,Rx,0,8,02,02,00,02,40,FF,00,FF,
7005552,00000063,false,Rx,0,8,00,00,05,00,00,08,FD,00,
7005637,00000064,false,Rx,0,8,00,00,00,04,FF,FA,00,00,
7006028,000000A1,false,Rx,0,8,90,F1,29,56,61,02,8A,00,
7006407,000000A2,false,Rx,0,8,05,00,00,00,00,00,00,00,
7006486,000000A3,false,Rx,0,8,00,40,01,00,00,00,00,00,
7016351,00000121,false,Rx,0,8,20,35,8F,00,00,00,00,05,
7016443,00000122,false,Rx,0,8,FF,D9,67,1F,46,48,46,45,
7016910,00000123,false,Rx,0,8,B6,02,00,00,00,00,01,00,
7017229,0000011B,false,Rx,0,8,52,F0,53,05,80,08,28,02,
7017319,00000124,false,Rx,0,8,00,00,0A,00,00,00,20,40,
7017512,0000011C,false,Rx,0,8,00,05,20,00,22,00,01,01,
7017599,0000012B,false,Rx,0,8,B4,A0,53,06,00,00,08,00,
7017990,0000012C,false,Rx,0,8,00,00,01,00,00,64,00,00,
7023465,0000010B,false,Rx,0,8,7E,89,99,00,00,00,00,05,
7023574,0000010C,false,Rx,0,8,FF,F9,E7,1F,46,50,48,48,
7023997,0000010D,false,Rx,0,8,B5,02,00,00,00,00,01,00,
7024330,0000010E,false,Rx,0,8,00,00,1E,00,00,C0,AB,57,
7030728,00000226,false,Rx,0,8,AF,C1,13,FF,63,60,09,42,
7030820,00000227,false,Rx,0,8,02,94,00,09,03,F1,9F,03,
7034523,00000091,false,Rx,0,8,95,8D,C5,16,06,00,00,00,
7034629,00000092,false,Rx,0,8,27,00,00,00,70,02,00,00,
7035053,00000093,false,Rx,0,8,00,00,00,00,00,00,00,00,
7035128,00000094,false,Rx,0,8,00,00,00,00,00,00,00,00,
7035471,000003AA,false,Rx,0,8,FF,00,D0,00,54,00,00,00,
7035796,00000036,false,Rx,0,8,57,94,AE,51,00,00,25,05,
7036117,00000037,false,Rx,0,8,30,00,00,10,00,40,00,00,
7036433,00000038,false,Rx,0,8,04,00,00,00,B0,39,96,D4,
7036774,00000039,false,Rx,0,8,00,00,00,00,00,00,00,00,
7037135,0000019B,false,Rx,0,8,D8,35,A4,00,00,E4,00,00,
7037420,0000019C,false,Rx,0,8,40,20,00,00,00,00,0B,09,
7038160,000002D6,false,Rx,0,8,4F,76,60,00,00,00,00,00,
7038458,0000019D,false,Rx,0,8,00,10,00,01,00,00,00,00,
7038556,000002D7,false,Rx,0,8,00,00,00,00,03,00,00,00,
7038900,0000019E,false,Rx,0,8,15,00,00,00,00,32,00,00,
7038988,000002D8,false,Rx,0,8,00,00,00,00,00,00,38,47,
7039270,000002EB,false,Rx,0,8,55,42,60,06,08,01,00,02,
7039343,000002D9,false,Rx,0,8,00,00,00,00,00,00,00,00,
7039486,000002EC,false,Rx,0,8,0A,00,CF,00,59,00,00,00,
7039911,000003B6,false,Rx,0,8,FE,1F,60,00,00,00,00,46,
7040315,000002ED,false,Rx,0,8,00,00,00,00,00,00,00,00,
7040628,000003B7,false,Rx,0,8,46,00,00,00,00,00,00,00,
7040928,000001F1,false,Rx,0,8,40,28,3C,01,00,00,28,00,
7041001,000002EE,false,Rx,0,8,00,00,00,00,00,00,00,00,
7041138,000001F2,false,Rx,0,8,00,00,00,00,00,00,00,00,
7041309,000003B8,false,Rx,0,8,B2,02,00,00,00,00,69,0E,
7041374,00000495,false,Rx,0,8,49,00,00,00,00,00,00,00,
7041692,000003B9,false,Rx,0,8,00,00,00,00,00,00,00,00,
7046466,00000251,false,Rx,0,8,72,A9,C2,00,00,00,00,00,
7046558,00000252,false,Rx,0,8,00,00,1B,1B,03,00,00,00,
7046964,00000253,false,Rx,0,8,00,00,00,58,58,00,80,4D,
7047049,000002AB,false,Rx,0,8,BA,87,C5,0C,0C,00,00,00,
7047431,000002AC,false,Rx,0,8,00,FF,FF,00,00,40,00,54,
7047695,000002AD,false,Rx,0,8,00,01,00,40,FF,FF,FF,0F,
7048150,000002AE,false,Rx,0,8,01,00,FF,3F,01,01,00,00,
7048496,000002B6,false,Rx,0,8,00,A1,C5,01,00,00,00,40,
7049052,000003B1,false,Rx,0,8,C1,DE,00,80,00,00,20,00,
7049165,000002B7,false,Rx,0,8,9F,00,50,1C,00,04,00,00,
7049735,0000033B,false,Rx,0,8,E2,ED,C4,00,00,00,00,00,
7050061,000002B8,false,Rx,0,8,FF,F8,10,00,00,00,00,00,
7050163,0000033C,false,Rx,0,8,00,00,00,00,F0,00,00,00,
7050582,000002B9,false,Rx,0,8,0A,00,00,00,00,00,00,00,
7050899,0000033D,false,Rx,0,8,00,00,00,00,00,00,00,00,
7051184,000002C1,false,Rx,0,8,6B,F1,63,21,00,41,00,D3,
7051281,000001AB,false,Rx,0,8,75,0F,63,50,70,48,00,00,
7051591,000002C2,false,Rx,0,8,1A,00,00,00,00,00,00,00,
7051887,000001AC,false,Rx,0,8,00,28,00,00,00,00,00,00,
7051980,000002C3,false,Rx,0,8,00,00,00,00,00,00,00,00,
7052278,0000033E,false,Rx,0,8,00,00,00,00,00,00,00,00,
7052617,000002C4,false,Rx,0,8,00,00,00,00,00,00,00,00,
7052925,00000356,false,Rx,0,8,BC,2D,62,00,00,00,00,00,
7053249,000002E1,false,Rx,0,8,86,EA,C5,00,00,00,00,40,
7053551,00000357,false,Rx,0,8,00,00,00,00,00,4B,4D,48,
7053623,000002E2,false,Rx,0,8,FD,00,00,00,00,14,00,04,
7053693,00000358,false,Rx,0,8,35,41,45,4D,52,37,33,4F,
7054023,000002E3,false,Rx,0,8,00,00,00,00,00,00,72,01,
7054351,00000359,false,Rx,0,8,51,4F,34,52,4A,35,33,00,
7054902,000002E4,false,Rx,0,8,02,00,00,00,00,00,00,00,
7055011,0000036F,false,Rx,0,8,99,51,01,00,00,00,00,00,
7055300,0000037F,false,Rx,0,8,3A,B0,52,24,41,02,00,00,
7055511,000003A1,false,Rx,0,8,3E,99,48,00,FF,FF,FF,FF,
7055576,000003A2,false,Rx,0,8,00,00,00,00,00,00,00,00,
7055662,00000061,false,Rx,0,8,8E,C9,2E,00,00,00,00,00,
7055984,00000062,false,Rx,0,8,02,02,00,02,40,FF,00,FF,
7056293,00000063,false,Rx,0,8,00,00,05,00,00,08,FD,00,
7056633,00000064,false,Rx,0,8,00,00,00,04,FF,FA,00,00,
7056975,000000A1,false,Rx,0,8,99,74,2E,56,61,02,8A,00,
7057600,000000A2,false,Rx,0,8,05,00,00,00,00,00,00,00,
7057990,000000A3,false,Rx,0,8,00,40,01,00,00,00,00,00,
7058672,00000146,false,Rx,0,8,41,26,D9,10,04,05,00,00,
7059192,00000147,false,Rx,0,8,01,04,7D,00,40,48,07,00,
7059479,00000148,false,Rx,0,8,00,00,42,00,1E,89,40,05,
7059551,00000149,false,Rx,0,8,00,38,00,CC,00,00,00,00,
7059940,00000487,false,Rx,1,8,00,00,00,00,00,00,00,00,
7060414,00000111,false,Rx,0,8,0B,80,90,01,00,00,00,00,
7060580,00000642,false,Rx,1,8,FF,FF,FF,FF,FF,FF,00,00,
7060647,00000112,false,Rx,0,8,00,00,00,00,00,00,00,00,
7060959,00000113,false,Rx,0,8,00,00,00,00,00,00,00,00,
7061267,00000114,false,Rx,0,8,00,00,00,00,00,00,00,00,
7066338,00000121,false,Rx,0,8,AB,36,94,00,00,00,00,05,
7066432,00000122,false,Rx,0,8,FF,D9,67,1F,46,47,46,45,
7066866,00000123,false,Rx,0,8,B6,02,00,00,00,00,01,00,
7067181,000000FF,false,Rx,0,8,CB,10,00,00,00,00,02,00,
7067279,00000124,false,Rx,0,8,00,00,0A,00,00,00,20,40,
7067635,0000011B,false,Rx,0,8,9A,09,58,05,80,08,28,02,
7067984,0000012B,false,Rx,0,8,7C,59,58,06,00,00,08,00,
7068288,0000011C,false,Rx,0,8,00,05,20,00,22,00,01,01,
7068659,0000012C,false,Rx,0,8,00,00,01,00,00,64,00,00,
7068980,000001B1,false,Rx,0,8,6F,E9,D9,00,72,00,00,00,
7069251,00000161,false,Rx,0,8,1C,08,AC,03,00,00,00,02,
7069346,000001B2,false,Rx,0,8,23,00,04,B7,0F,0A,50,10,
7069637,00000162,false,Rx,0,8,FF,FC,01,00,00,00,00,00,
7069832,000001B3,false,Rx,0,8,10,33,37,00,5A,7B,6B,7D,
7069891,00000394,false,Rx,0,8,2A,22,1A,49,00,00,00,00,
7069963,000001B4,false,Rx,0,8,65,7D,10,00,00,41,00,00,
7070038,000003C3,false,Rx,0,8,45,10,31,30,36,00,00,00,
7070308,0000041A,false,Rx,0,8,95,40,12,00,00,00,00,00,
7070505,000003E0,false,Rx,0,8,01,70,01,00,54,03,00,00,
7071227,0000041B,false,Rx,0,8,60,30,00,00,00,00,00,00,
7071577,000003E5,false,Rx,0,8,8E,90,01,00,00,00,00,00,
7071679,0000041C,false,Rx,0,8,E9,80,E0,00,00,00,00,00,
7071971,000003E6,false,Rx,0,8,7F,00,00,00,00,00,00,00,
7072061,00000422,false,Rx,0,8,EA,C0,01,00,00,00,04,00,
7072106,00000432,false,Rx,0,8,03,20,02,00,00,00,00,00,
7072260,00000435,false,Rx,0,8,9F,D0,00,40,00,00,00,00,
7072526,00000442,false,Rx,0,8,CE,20,11,81,00,00,00,00,
7072829,00000444,false,Rx,0,8,6C,30,20,50,55,50,00,00,
7073064,00000445,false,Rx,0,8,00,10,00,00,00,00,00,18,
7073306,0000010B,false,Rx,0,8,8D,17,9E,00,00,00,00,05,
7073646,00000464,false,Rx,0,8,B2,70,F0,FF,38,7F,05,00,
7074013,0000010C,false,Rx,0,8,FF,F9,E7,1F,46,50,48,48,
7074340,0000010D,false,Rx,0,8,B5,02,00,00,00,00,01,00,
7074666,0000010E,false,Rx,0,8,00,00,1E,00,00,C0,AB,57,
7077424,000001A1,false,Rx,0,8,E6,7D,AC,FE,F7,7F,64,00,
7077865,000001A2,false,Rx,0,8,44,00,00,00,27,08,00,00,
7077944,000001A3,false,Rx,0,8,FF,F3,3F,00,00,00,00,00,
7078621,000001A4,false,Rx,0,8,FE,07,00,00,00,00,00,00,
7080522,0000030B,false,Rx,0,8,DA,7D,C4,00,04,00,00,00,
7080614,0000030C,false,Rx,0,8,00,00,0E,00,2C,00,A0,0F,
7080822,0000030D,false,Rx,0,8,00,00,00,00,FF,00,00,00,
7081054,0000030E,false,Rx,0,8,00,00,18,05,21,00,00,00,
7083223,000001E6,false,Rx,0,8,30,25,85,02,00,00,00,00,
7083339,000001BB,false,Rx,0,8,39,5E,85,02,00,00,00,0A,
7083778,000001BC,false,Rx,0,8,32,00,00,00,02,00,00,00,
7084054,000001BD,false,Rx,0,8,00,00,00,00,00,00,00,00,
7084146,000001E7,false,Rx,0,8,00,00,22,03,20,01,00,00,
7085635,00000036,false,Rx,0,8,9F,96,B3,51,00,00,25,05,
7085728,00000037,false,Rx,0,8,30,00,00,10,00,40,00,00,
7086195,00000038,false,Rx,0,8,04,00,00,00,B0,39,96,D4,
7086509,00000039,false,Rx,0,8,00,00,00,00,00,00,00,00,
7086638,0000019B,false,Rx,0,8,D5,F3,A9,00,00,E4,00,00,
7086945,0000019C,false,Rx,0,8,40,20,00,00,00,00,0B,09,
7087276,0000019D,false,Rx,0,8,00,10,00,01,00,00,00,00,
7087599,0000019E,false,Rx,0,8,15,00,00,00,00,32,00,00,
7088004,000001FB,false,Rx,0,8,23,A7,BC,00,00,00,00,00,
7088261,000001FC,false,Rx,0,8,00,00,00,00,00,00,00,00,
7088340,00000565,false,Rx,0,8,66,02,00,00,00,00,FF,FF,
7088965,000001FD,false,Rx,0,8,00,1A,03,00,00,00,00,00,
7089332,00000475,false,Rx,0,8,12,00,00,00,00,00,00,00,
7089636,000001FE,false,Rx,0,8,00,00,00,00,00,00,00,00,
7089938,00000496,false,Rx,0,8,12,00,00,00,00,00,00,00,
7094335,00000383,false,Rx,0,8,5A,53,00,10,01,00,00,00,
7099768,00000448,false,Rx,0,8,DE,80,00,00,00,00,00,00,
7099907,000004A3,false,Rx,1,8,80,00,48,0B,3E,00,00,00,
7100019,000004A4,false,Rx,1,8,FF,FF,FF,00,00,00,00,00,
7105060,00000061,false,Rx,0,8,46,CB,33,00,00,00,00,00,
7105161,00000062,false,Rx,0,8,02,02,00,02,40,FF,00,FF,
7105454,00000063,false,Rx,0,8,00,00,05,00,00,08,FD,00,
7105624,00000064,false,Rx,0,8,00,00,00,04,FF,FA,00,00,
7105837,000000A1,false,Rx,0,8,4D,13,33,57,61,02,8A,00,
7106131,000000A2,false,Rx,0,8,0A,00,00,00,00,00,00,00,
7106408,000000A3,false,Rx,0,8,00,40,01,00,00,00,00,00,
7108202,00000382,false,Rx,0,8,2B,FE,21,00,00,05,09,00,
7110760,000002BF,false,Rx,0,8,FF,FF,FF,00,00,00,00,00,
7110853,0000047F,false,Rx,0,8,F0,FC,FF,FF,FF,FF,FF,FF,
7111255,00000653,false,Rx,0,8,0A,19,03,01,02,2A,00,00,
7111729,00000236,false,Rx,0,8,26,B7,C3,00,34,6C,AE,62,
7112079,000002FB,false,Rx,0,8,2C,96,C3,04,72,1A,B4,B4,
7112124,00000151,false,Rx,0,8,60,40,C3,64,C8,00,28,18,
7112528,00000237,false,Rx,0,8,00,15,47,00,00,1E,1B,00,
7112779,00000152,false,Rx,0,8,14,17,17,00,51,00,00,00,
7112831,000001F6,false,Rx,0,8,2B,9C,C3,00,00,00,00,0E,
7113195,00000153,false,Rx,0,8,00,00,00,00,00,00,00,00,
7113547,000001F7,false,Rx,0,8,26,00,DA,02,00,00,00,00,
7113906,00000154,false,Rx,0,8,00,00,00,00,00,00,00,00,
7114220,000001F8,false,Rx,0,8,00,5E,01,45,01,00,00,00,
7114465,000002FC,false,Rx,0,8,0F,00,14,18,00,00,8E,43,
7114588,000001F9,false,Rx,0,8,4B,00,64,C8,14,00,4B,00,
7114842,000002FD,false,Rx,0,8,00,00,00,00,00,1C,13,EA,
7115186,00000238,false,Rx,0,8,00,00,72,00,00,00,00,00,
7115540,000002FE,false,Rx,0,8,00,00,72,01,00,28,C8,02,
7115881,00000239,false,Rx,0,8,00,00,00,00,01,00,00,00,
7116213,00000326,false,Rx,0,8,52,EB,C3,00,00,00,00,00,
7116290,0000025B,false,Rx,0,8,9E,DF,C3,40,40,20,00,00,
7116577,00000327,false,Rx,0,8,00,00,00,00,05,00,00,00,
7116858,0000025C,false,Rx,0,8,00,00,26,00,B4,2C,19,00,
7117239,00000121,false,Rx,0,8,A6,F0,99,00,00,00,00,05,
7117602,0000025D,false,Rx,0,8,00,C8,00,00,00,80,C0,70,
7117779,00000122,false,Rx,0,8,FF,D9,67,1F,46,47,46,45,
7117833,0000011B,false,Rx,0,8,6C,21,5D,05,80,08,28,02,
7117907,00000123,false,Rx,0,8,B6,02,00,00,00,00,01,00,
7118191,0000011C,false,Rx,0,8,00,05,20,00,22,00,01,01,
7118301,00000124,false,Rx,0,8,00,00,0A,00,00,00,20,40,
7118590,000001E1,false,Rx,0,8,C0,19,79,02,00,00,00,00,
7118904,0000012B,false,Rx,0,8,8A,71,5D,06,00,00,08,00,
7119199,000001E2,false,Rx,0,8,00,00,00,00,00,00,00,00,
7119294,0000012C,false,Rx,0,8,00,00,01,00,00,64,00,00,
7119591,0000025E,false,Rx,0,8,1B,07,0E,03,00,00,46,00,
7119972,00000328,false,Rx,0,8,DA,02,4B,00,00,5E,01,00,
7120288,00000329,false,Rx,0,8,64,45,01,00,00,00,00,00,
7120562,00000331,false,Rx,0,8,71,4E,C3,F1,C8,A0,2C,97,
7120646,00000332,false,Rx,0,8,E8,08,FC,03,00,00,00,00,
7120874,00000333,false,Rx,0,8,00,00,00,1C,0C,40,20,64,
7120924,00000334,false,Rx,0,8,C8,00,00,00,08,44,F4,8F,
7123346,0000010B,false,Rx,0,8,EE,8C,A3,00,00,00,00,05,
7123429,0000010C,false,Rx,0,8,FF,F9,E7,1F,46,50,48,48,
7123813,0000010D,false,Rx,0,8,B5,02,00,00,00,00,01,00,
7124000,0000010E,false,Rx,0,8,00,00,1E,00,00,C0,AB,57,
7130762,000002FF,false,Rx,0,8,D4,CB,00,71,02,00,00,00,
7130856,00000316,false,Rx,0,8,03,3A,0A,34,06,80,0A,00,
7131271,00000472,false,Rx,0,8,5C,EC,00,40,08,41,00,45,
7131363,00000317,false,Rx,0,8,00,00,05,00,00,00,00,00,
7131710,00000473,false,Rx,0,8,5F,24,00,25,00,00,00,78,
7131839,00000474,false,Rx,0,8,91,72,00,00,00,00,00,08,
7134505,00000091,false,Rx,0,8,78,77,C6,16,06,00,00,00,
7134609,00000092,false,Rx,0,8,26,00,00,00,60,02,00,00,
7135173,00000093,false,Rx,0,8,00,00,00,00,00,00,00,00,
7135519,00000094,false,Rx,0,8,00,00,00,00,00,00,00,00,
7135669,00000036,false,Rx,0,8,27,97,B8,51,00,00,25,05,
7136228,00000037,false,Rx,0,8,30,00,00,10,00,40,00,00,
7136330,00000038,false,Rx,0,8,04,00,00,00,B0,39,96,D4,
7136612,00000039,false,Rx,0,8,00,00,00,00,00,00,00,00,
7136888,0000019B,false,Rx,0,8,26,6D,AE,00,00,E4,00,00,
7136947,00000256,false,Rx,0,8,6F,7B,C2,15,40,00,F0,00,
7137269,0000019C,false,Rx,0,8,40,20,00,00,00,00,0B,09,
7137576,00000257,false,Rx,0,8,00,93,41,18,85,07,00,94,
7137975,0000019D,false,Rx,0,8,00,10,00,01,00,00,00,00,
7138291,00000258,false,Rx,0,8,35,EE,1A,00,10,15,00,28,
7138589,0000019E,false,Rx,0,8,15,00,00,00,00,32,00,00,
7138865,00000259,false,Rx,0,8,5E,05,8D,3C,4C,02,00,00,
7138970,000002E6,false,Rx,0,8,93,74,C2,01,00,00,00,15,
7139235,000002E7,false,Rx,0,8,0A,00,00,00,00,00,00,00,
7139353,000002E8,false,Rx,0,8,00,00,00,00,00,00,00,00,
7139959,000002E9,false,Rx,0,8,00,00,00,00,00,00,00,00,
7141614,00000384,false,Rx,0,8,BA,56,0D,01,00,FF,00,24,
7142725,00000401,false,Rx,0,8,C6,10,10,00,00,04,00,00,
7148240,00000396,false,Rx,0,8,4D,C3,61,0F,08,01,00,02,
7148335,0000042A,false,Rx,0,8,8E,83,0C,02,00,10,00,00,
7148766,00000397,false,Rx,0,8,35,00,43,10,3F,07,00,00,
7149080,00000398,false,Rx,0,8,00,00,00,00,00,00,00,00,
7149945,000001AB,false,Rx,0,8,53,EB,68,50,70,50,00,00,
7150071,000001AC,false,Rx,0,8,00,28,00,00,00,00,00,00,
7152292,0000036F,false,Rx,0,8,4F,61,01,00,00,00,00,00,
7152409,0000037F,false,Rx,0,8,32,C0,52,24,41,02,00,00,
7155153,00000061,false,Rx,0,8,FE,CA,38,00,00,00,00,00,
7155266,00000062,false,Rx,0,8,02,02,00,02,40,FF,00,FF,
7155704,00000063,false,Rx,0,8,00,00,05,00,00,08,FD,00,
7156016,00000064,false,Rx,0,8,00,00,00,04,FF,FA,00,00,
7156129,000000A1,false,Rx,0,8,71,E2,38,57,61,02,8A,00,
7156455,000000A2,false,Rx,0,8,0A,00,00,00,00,00,00,00,
7156578,000000A3,false,Rx,0,8,00,40,01,00,00,00,00,00,
7158526,00000146,false,Rx,0,8,B2,B8,DE,10,04,05,00,00,
7158620,00000147,false,Rx,0,8,01,04,7D,00,40,48,07,00,
7159076,00000148,false,Rx,0,8,00,00,42,00,1E,89,40,05,
7159411,00000149,false,Rx,0,8,00,38,00,CC,00,00,00,00,
7166318,00000121,false,Rx,0,8,55,6E,9E,00,00,00,00,05,
7166410,00000122,false,Rx,0,8,FF,D9,67,1F,46,47,46,45,
7166841,00000123,false,Rx,0,8,B6,02,00,00,00,00,01,00,
7166903,0000011B,false,Rx,0,8,68,3D,62,05,80,08,28,02,
7167223,00000124,false,Rx,0,8,00,00,0A,00,00,00,20,40,
7167624,0000011C,false,Rx,0,8,00,05,20,00,22,00,01,01,
7167963,0000012B,false,Rx,0,8,8E,6D,62,06,00,00,08,00,
7168312,000001B1,false,Rx,0,8,9C,77,DE,00,72,00,00,00,
7168877,0000012C,false,Rx,0,8,00,00,01,00,00,64,00,00,
7168969,000001B2,false,Rx,0,8,23,00,04,B7,0F,0A,50,10,
7169243,00000161,false,Rx,0,8,65,12,B1,03,00,00,00,02,
7169501,000001B3,false,Rx,0,8,10,33,37,00,5A,7B,6B,7D,
7169578,00000162,false,Rx,0,8,FF,FC,01,00,00,00,00,00,
7169659,000001B4,false,Rx,0,8,65,7D,10,00,00,41,00,00,
7171433,000003B0,false,Rx,0,8,72,37,FF,C7,00,00,03,C0,
7171954,000000C5,false,Rx,1,8,00,00,00,00,00,00,00,00,
7172724,00000405,false,Rx,0,8,D2,10,00,00,00,01,00,00,
7173438,00000244,false,Rx,1,8,FF,FF,FF,FF,FF,FF,FF,FF,
7173801,0000041F,false,Rx,1,8,00,0C,00,00,00,00,00,00,
7174385,00000410,false,Rx,0,8,6A,60,57,3C,DE,6A,FF,FF,
7175043,000004B4,false,Rx,1,8,00,00,05,40,10,70,04,00,
7175506,00000413,false,Rx,0,8,08,60,00,00,00,00,00,00,
7175877,00000411,false,Rx,0,8,04,D1,50,51,00,00,44,04,
7176004,000004B5,false,Rx,1,8,08,00,F0,07,00,00,00,00,
7176111,0000010B,false,Rx,0,8,56,8D,A8,00,00,00,00,05,
7176565,000004B7,false,Rx,1,8,08,00,F0,07,00,00,00,00,
7177090,000004CA,false,Rx,1,8,00,00,00,00,00,00,00,00,
7177588,0000010C,false,Rx,0,8,FF,F9,E7,1F,46,50,48,48,
7177824,000004CC,false,Rx,1,8,08,00,00,06,00,00,03,00,
7177882,00000412,false,Rx,0,8,CC,E0,00,00,00,00,00,00,
7178556,0000010D,false,Rx,0,8,B5,02,00,00,00,00,01,00,
7178720,000004CE,false,Rx,1,8,DE,01,00,00,00,00,F8,FF,
7178769,00000414,false,Rx,0,8,41,70,00,00,28,00,00,00,
7178824,000004D7,false,Rx,1,8,23,01,00,00,00,00,00,00,
7178871,0000010E,false,Rx,0,8,00,00,1E,00,00,C0,AB,57,
7178923,00000416,false,Rx,0,8,55,00,00,00,00,00,00,00,
7178994,000004D8,false,Rx,1,8,41,10,F0,F0,40,F2,1E,CC,
7179042,000004DD,false,Rx,1,8,00,00,FE,00,04,00,00,00,
7179085,00000417,false,Rx,0,8,20,E0,00,00,00,00,00,00,
7179327,000004DF,false,Rx,1,8,00,00,08,00,00,00,00,00,
7179825,0000048F,false,Rx,0,8,AD,10,41,00,05,00,00,00,
7180050,00000418,false,Rx,0,8,07,C0,00,00,14,0C,00,00,
7180346,000004E7,false,Rx,1,8,00,30,00,00,00,00,69,00,
7180411,00000419,false,Rx,0,8,FA,30,26,D5,29,87,90,00,
7180462,000004E8,false,Rx,1,8,FF,FF,FF,05,FF,FF,FF,00,
7180509,000004E9,false,Rx,1,8,12,00,00,34,00,00,50,00,
7180576,000004EA,false,Rx,1,8,67,00,00,89,00,00,00,00,
7180837,000001A1,false,Rx,0,8,2E,7F,B1,FE,F7,7F,64,00,
7181794,000004EB,false,Rx,1,8,02,80,15,07,80,00,00,00,
7182207,000001A2,false,Rx,0,8,44,00,00,00,27,08,00,00,
7182406,000004EC,false,Rx,1,8,00,00,00,00,00,00,00,00,
7182463,000001A3,false,Rx,0,8,FF,F3,3F,00,00,00,00,00,
7182521,000004ED,false,Rx,1,8,00,00,00,00,00,FF,FF,1F,
7182578,000001A4,false,Rx,0,8,FE,07,00,00,00,00,00,00,
7182891,000004EE,false,Rx,1,8,FF,FF,00,00,00,00,00,00,
7183089,000004EF,false,Rx,1,8,60,00,60,00,2B,14,00,00,
7183160,0000063D,false,Rx,1,8,00,80,00,00,00,00,00,00,
7183339,0000063E,false,Rx,1,8,FF,FF,FF,FF,FF,FF,FF,FF,
7183604,0000063F,false,Rx,1,8,00,10,00,C4,FF,00,00,00,
7183938,000003B2,false,Rx,0,8,36,15,FF,02,29,2F,34,00,
7184056,00000640,false,Rx,1,8,FF,FF,FF,00,FF,FF,FF,00,
7184277,00000641,false,Rx,1,8,FF,FF,FF,FF,0F,FF,FF,FF,
7184341,00000646,false,Rx,1,8,00,00,00,80,01,00,00,00,
7185965,00000036,false,Rx,0,8,58,BB,BD,51,00,00,25,05,
7186079,00000566,false,Rx,0,8,16,02,00,00,00,00,FF,FF,
7186408,00000037,false,Rx,0,8,30,00,00,10,00,40,00,00,
7186497,00000038,false,Rx,0,8,04,00,00,00,B0,39,96,D4,
7186632,00000039,false,Rx,0,8,00,00,00,00,00,00,00,00,
7186701,0000019B,false,Rx,0,8,EE,6F,B3,00,00,E4,00,00,
7187470,0000019C,false,Rx,0,8,40,20,00,00,00,00,0B,09,
7187819,0000019D,false,Rx,0,8,00,10,00,01,00,00,00,00,
7188171,0000019E,false,Rx,0,8,15,00,00,00,00,32,00,00,
7188471,00000380,false,Rx,0,8,96,92,03,08,08,08,08,01,
7189945,000001F1,false,Rx,0,8,0D,C0,3F,01,00,00,28,00,
7190051,000001F2,false,Rx,0,8,00,00,00,00,00,00,00,00,
7190387,00000427,false,Rx,0,8,1D,86,FF,00,80,0A,00,00,
7205020,00000061,false,Rx,0,8,81,E6,3D,00,00,00,00,00,
7205116,00000062,false,Rx,0,8,02,02,00,02,40,FF,00,FF,
7205542,00000063,false,Rx,0,8,00,00,05,00,00,08,FD,00,
7205622,00000064,false,Rx,0,8,00,00,00,04,FF,FA,00,00,
7206026,000000A1,false,Rx,0,8,7E,09,3D,57,61,02,8A,00,
7206345,000000A2,false,Rx,0,8,0A,00,00,00,00,00,00,00,
7206554,000000A3,false,Rx,0,8,00,40,01,00,00,00,00,00,
7212643,00000419,false,Rx,0,8,FA,30,26,D5,29,87,90,00,
7216354,00000121,false,Rx,0,8,C0,33,A3,00,00,00,00,05,
7216447,00000122,false,Rx,0,8,FF,D9,67,1F,46,48,46,45,
7216873,00000123,false,Rx,0,8,B6,02,00,00,00,00,01,00,
7216942,00000124,false,Rx,0,8,00,00,0A,00,00,00,20,40,
7217312,0000011B,false,Rx,0,8,9E,15,67,05,80,08,28,02,
7217570,0000012B,false,Rx,0,8,78,45,67,06,00,00,08,00,
7217670,0000011C,false,Rx,0,8,00,05,20,00,22,00,01,01,
7218026,0000012C,false,Rx,0,8,00,00,01,00,00,64,00,00,
7223390,0000010B,false,Rx,0,8,29,A1,AD,00,00,00,00,05,
7223482,0000010C,false,Rx,0,8,FF,F9,E7,1F,46,50,48,48,
7223899,0000010D,false,Rx,0,8,B5,02,00,00,00,00,01,00,
7223967,0000010E,false,Rx,0,8,00,00,1E,00,00,C0,AB,57,
7230269,00000226,false,Rx,0,8,14,01,15,FF,63,60,09,42,
7230362,00000227,false,Rx,0,8,02,94,00,09,03,F1,9F,03,
7233677,000001E6,false,Rx,0,8,43,1C,88,02,00,00,00,00,
7233915,000001BB,false,Rx,0,8,0F,1D,88,02,00,00,00,0A,
7233997,000001BC,false,Rx,0,8,32,00,00,00,02,00,00,00,
7234058,000001BD,false,Rx,0,8,00,00,00,00,00,00,00,00,
7234109,000001E7,false,Rx,0,8,00,00,22,03,20,01,00,00,
7234470,00000091,false,Rx,0,8,57,1D,C7,16,06,00,00,00,
7234547,00000092,false,Rx,0,8,25,00,00,00,50,02,00,00,
7234853,00000093,false,Rx,0,8,00,00,00,00,00,00,00,00,
7235218,00000094,false,Rx,0,8,00,00,00,00,00,00,00,00,
7235757,000003AA,false,Rx,0,8,FF,00,D0,00,54,00,00,00,
7236159,00000036,false,Rx,0,8,C0,B1,C2,51,00,00,25,05,
7236488,00000037,false,Rx,0,8,30,00,00,10,00,40,00,00,
7236562,00000038,false,Rx,0,8,04,00,00,00,B0,39,96,D4,
7237089,00000039,false,Rx,0,8,00,00,00,00,00,00,00,00,
7237192,0000019B,false,Rx,0,8,56,6E,B8,00,00,E4,00,00,
7237449,0000019C,false,Rx,0,8,40,20,00,00,00,00,0B,09,
7237541,000002D6,false,Rx,0,8,09,2F,61,00,00,00,00,00,
7237900,0000019D,false,Rx,0,8,00,10,00,01,00,00,00,00,
7238251,000002D7,false,Rx,0,8,00,00,00,00,03,00,00,00,
7238543,0000019E,false,Rx,0,8,15,00,00,00,00,32,00,00,
7238814,000002D8,false,Rx,0,8,00,00,00,00,00,00,38,47,
7238920,000002EB,false,Rx,0,8,D6,6B,61,07,08,00,00,02,
7239037,000002D9,false,Rx,0,8,00,00,00,00,00,00,00,00,
7239081,000002EC,false,Rx,0,8,07,00,CF,00,59,00,00,00,
7239520,000003B6,false,Rx,0,8,B8,46,61,00,00,00,00,46,
7239930,000002ED,false,Rx,0,8,00,00,00,00,00,00,00,00,
7240221,000003B7,false,Rx,0,8,46,00,00,00,00,00,00,00,
7240302,000002EE,false,Rx,0,8,00,00,00,00,00,00,00,00,
7240575,000003B8,false,Rx,0,8,B2,02,00,00,00,00,69,0E,
7240673,00000495,false,Rx,0,8,49,00,00,00,00,00,00,00,
7240866,000003B9,false,Rx,0,8,00,00,00,00,00,00,00,00,
7246463,00000251,false,Rx,0,8,78,1B,C4,00,00,00,00,00,
7246556,00000252,false,Rx,0,8,00,00,1B,1B,03,00,00,00,
7246959,00000253,false,Rx,0,8,00,00,00,58,58,00,80,4D,
7247047,000002AB,false,Rx,0,8,36,35,C7,0C,0C,00,00,00,
7247422,000002AC,false,Rx,0,8,00,FF,FF,00,00,40,00,54,
7247807,000002AD,false,Rx,0,8,00,01,00,40,FF,FF,FF,0F,
7248135,000002AE,false,Rx,0,8,01,00,FF,3F,01,01,00,00,
7248463,000002B6,false,Rx,0,8,8C,13,C7,01,00,00,00,40,
7248813,000003B1,false,Rx,0,8,C1,DE,00,80,00,00,20,00,
7249129,000002B7,false,Rx,0,8,9F,00,50,1C,00,04,00,00,
7249413,0000033B,false,Rx,0,8,6E,5F,C6,00,00,00,00,00,
7249508,000002B8,false,Rx,0,8,FF,F8,10,00,00,00,00,00,
7249694,0000033C,false,Rx,0,8,00,00,00,00,F0,00,00,00,
7249791,000002B9,false,Rx,0,8,0A,00,00,00,00,00,00,00,
7250082,0000033D,false,Rx,0,8,00,00,00,00,00,00,00,00,
7250168,000002C1,false,Rx,0,8,98,6F,64,21,00,41,00,D3,
7250351,0000033E,false,Rx,0,8,00,00,00,00,00,00,00,00,
7250840,000001AB,false,Rx,0,8,A5,C3,6D,50,70,50,00,00,
7251189,000002C2,false,Rx,0,8,1A,00,00,00,00,00,00,00,
7251491,000001AC,false,Rx,0,8,00,28,00,00,00,00,00,00,
7251551,000002C3,false,Rx,0,8,00,00,00,00,00,00,00,00,
7251870,00000356,false,Rx,0,8,FA,74,63,00,00,00,00,00,
7252154,000002C4,false,Rx,0,8,00,00,00,00,00,00,00,00,
7252218,00000357,false,Rx,0,8,00,00,00,00,00,4B,4D,48,
7252544,000002E1,false,Rx,0,8,0A,58,C7,00,00,00,00,40,
7253133,00000358,false,Rx,0,8,35,41,45,4D,52,37,33,4F,
7253463,000002E2,false,Rx,0,8,FD,00,00,00,00,14,00,04,
7253561,00000359,false,Rx,0,8,51,4F,34,52,4A,35,33,00,
7253864,000002E3,false,Rx,0,8,00,00,00,00,00,00,72,01,
7254144,0000036F,false,Rx,0,8,F6,71,01,00,00,00,00,00,
7254884,000002E4,false,Rx,0,8,02,00,00,00,00,00,00,00,
7255231,0000037F,false,Rx,0,8,8B,D0,52,24,41,02,00,00,
7255549,00000419,false,Rx,0,8,FA,30,26,D5,29,87,90,00,
7255843,000003A1,false,Rx,0,8,1A,31,49,00,FF,FF,FF,FF,
7255967,000003A2,false,Rx,0,8,00,00,00,00,00,00,00,00,
7256015,00000061,false,Rx,0,8,19,EC,42,00,00,00,00,00,
7256141,00000062,false,Rx,0,8,02,02,00,02,40,FF,00,FF,
7256190,00000063,false,Rx,0,8,00,00,05,00,00,08,FD,00,
7256525,00000064,false,Rx,0,8,00,00,00,04,FF,FA,00,00,
7256833,000000A1,false,Rx,0,8,D6,F5,42,57,61,02,8A,00,
7256908,000000A2,false,Rx,0,8,0A,00,00,00,00,00,00,00,
7257220,000000A3,false,Rx,0,8,00,40,01,00,00,00,00,00,
7258865,00000146,false,Rx,0,8,D1,23,E3,10,04,05,00,00,
7259211,00000147,false,Rx,0,8,01,04,7D,00,40,48,07,00,
7259520,00000148,false,Rx,0,8,00,00,42,00,1E,89,40,05,
7259614,00000149,false,Rx,0,8,00,38,00,CC,00,00,00,00,
7259949,00000111,false,Rx,0,8,4D,D9,91,01,00,00,00,00,
7260194,00000112,false,Rx,0,8,00,00,00,00,00,00,00,00,
7260252,00000113,false,Rx,0,8,00,00,00,00,00,00,00,00,
7260883,00000114,false,Rx,0,8,00,00,00,00,00,00,00,00,
7264404,00000487,false,Rx,1,8,00,00,00,00,00,00,00,00,
7264663,00000642,false,Rx,1,8,FF,FF,FF,FF,FF,FF,00,00,
7265089,00000121,false,Rx,0,8,8E,F4,A8,00,00,00,00,05,
7265637,00000122,false,Rx,0,8,FF,D9,67,1F,46,47,46,45,
7265754,00000123,false,Rx,0,8,B6,02,00,00,00,00,01,00,
7266043,00000124,false,Rx,0,8,00,00,0A,00,00,00,20,40,
7266847,000000FF,false,Rx,0,8,CB,10,00,00,00,00,02,00,
7266961,0000011B,false,Rx,0,8,56,EC,6C,05,80,08,28,02,
7267305,0000012B,false,Rx,0,8,B0,BC,6C,06,00,00,08,00,
7267388,0000011C,false,Rx,0,8,00,05,20,00,22,00,01,01,
7267643,0000012C,false,Rx,0,8,00,00,01,00,00,64,00,00,
7267764,000001B1,false,Rx,0,8,FF,EC,E3,00,72,00,00,00,
7268172,00000161,false,Rx,0,8,FA,7A,B6,03,00,00,00,02,
7268508,000001B2,false,Rx,0,8,23,00,04,B7,0F,0A,50,10,
7268813,00000162,false,Rx,0,8,FF,FC,01,00,00,00,00,00,
7269119,000001B3,false,Rx,0,8,10,33,37,00,5A,7B,6B,7D,
7269324,00000394,false,Rx,0,8,2A,22,1A,49,00,00,00,00,
7269411,000001B4,false,Rx,0,8,65,7D,10,00,00,41,00,00,
7269696,000003C3,false,Rx,0,8,45,10,31,30,36,00,00,00,
7269781,000001E1,false,Rx,0,8,36,31,7C,02,00,00,00,00,
7270196,000003E0,false,Rx,0,8,01,70,01,00,54,03,00,00,
7270762,000001E2,false,Rx,0,8,00,00,00,00,00,00,00,00,
7271099,000003E5,false,Rx,0,8,8E,90,01,00,00,00,00,00,
7271199,0000041A,false,Rx,0,8,95,40,12,00,00,00,00,00,
7271832,000003E6,false,Rx,0,8,7F,00,00,00,00,00,00,00,
7272189,0000041B,false,Rx,0,8,60,30,00,00,00,00,00,00,
7272498,0000041C,false,Rx,0,8,E9,80,E0,00,00,00,00,00,
7272810,00000422,false,Rx,0,8,EA,C0,01,00,00,00,04,00,
7272901,00000432,false,Rx,0,8,03,20,02,00,00,00,00,00,
7273171,00000435,false,Rx,0,8,9F,D0,00,40,00,00,00,00,
7273489,00000442,false,Rx,0,8,CE,20,11,81,00,00,00,00,
7273566,00000444,false,Rx,0,8,6C,30,20,50,55,50,00,00,
7273629,00000445,false,Rx,0,8,00,10,00,00,00,00,00,18,
7274175,0000010B,false,Rx,0,8,6D,11,B2,00,00,00,00,05,
7274573,00000464,false,Rx,0,8,B2,70,F0,FF,38,7F,05,00,
7274888,0000010C,false,Rx,0,8,FF,F9,E7,1F,46,50,48,48,
7274975,0000010D,false,Rx,0,8,B5,02,00,00,00,00,01,00,
7275281,0000010E,false,Rx,0,8,00,00,1E,00,00,C0,AB,57,
7277447,000001A1,false,Rx,0,8,DD,E1,B6,FE,F7,7F,64,00,
7277605,000001A2,false,Rx,0,8,44,00,00,00,27,08,00,00,
7277925,000001A3,false,Rx,0,8,FF,F3,3F,00,00,00,00,00,
7278107,000001A4,false,Rx,0,8,FE,07,00,00,00,00,00,00,
7280516,0000030B,false,Rx,0,8,05,37,C6,00,04,00,00,00,
7280605,0000030C,false,Rx,0,8,00,00,0E,00,2C,00,A0,0F,
7281146,0000030D,false,Rx,0,8,00,00,00,00,FF,00,00,00,
7281483,0000030E,false,Rx,0,8,00,00,18,05,21,00,00,FE,
7282501,00000516,false,Rx,0,8,61,02,00,00,00,00,FF,FF,
7285586,00000036,false,Rx,0,8,BF,9D,C7,51,00,00,25,05,
7285677,00000037,false,Rx,0,8,30,00,00,10,00,40,00,00,
7286086,00000038,false,Rx,0,8,04,00,00,00,B0,39,96,D4,
7286487,00000039,false,Rx,0,8,00,00,00,00,00,00,00,00,
7286578,0000019B,false,Rx,0,8,29,42,BD,00,00,E4,00,00,
7286956,0000019C,false,Rx,0,8,40,20,00,00,00,00,0B,09,
7287036,0000019D,false,Rx,0,8,00,10,00,01,00,00,00,00,
7287380,0000019E,false,Rx,0,8,15,00,00,00,00,32,00,00,
7287965,000001FB,false,Rx,0,8,AF,15,BE,00,00,00,00,00,
7288056,000001FC,false,Rx,0,8,00,00,00,00,00,00,00,00,
7288358,000001FD,false,Rx,0,8,00,1A,03,00,00,00,00,00,
7288591,00000475,false,Rx,0,8,12,00,00,00,00,00,00,00,
7288683,000001FE,false,Rx,0,8,00,00,00,00,00,00,00,00,
7289035,00000496,false,Rx,0,8,12,00,00,00,00,00,00,00,
7294366,00000383,false,Rx,0,8,5A,53,00,10,01,00,00,00,
7299795,00000448,false,Rx,0,8,DE,80,00,00,00,00,00,00,
7304959,000004A3,false,Rx,1,8,80,00,48,0B,3E,00,00,00,
7305199,00000061,false,Rx,0,8,66,C0,47,00,00,00,00,00,
7305272,000004A4,false,Rx,1,8,FF,FF,FF,00,00,00,00,00,
7305338,00000062,false,Rx,0,8,02,02,00,02,40,FF,00,FF,
7305749,00000063,false,Rx,0,8,00,00,05,00,00,08,FD,00,
7306191,00000064,false,Rx,0,8,00,00,00,04,FF,FA,00,00,
7306400,000000A1,false,Rx,0,8,D9,1E,47,57,61,02,8A,00,
7306622,000000A2,false,Rx,0,8,0A,00,00,00,00,00,00,00,
7306871,000000A3,false,Rx,0,8,00,40,01,00,00,00,00,00,
7308185,00000382,false,Rx,0,8,2B,FE,21,00,00,05,09,00,
7310488,000002BF,false,Rx,0,8,FF,FF,FF,00,00,00,00,00,
7310703,0000047F,false,Rx,0,8,F0,FC,FF,FF,FF,FF,FF,FF,
7310976,00000653,false,Rx,0,8,0A,19,03,01,02,2A,00,00,
7311555,00000236,false,Rx,0,8,93,70,C5,00,34,6C,AE,62,
7311773,000002FB,false,Rx,0,8,99,51,C5,04,72,1A,B4,B4,
7312006,00000237,false,Rx,0,8,00,15,47,00,00,1E,1B,00,
7312233,00000151,false,Rx,0,8,D5,87,C5,64,C8,00,28,18,
7312494,00000238,false,Rx,0,8,00,00,72,00,00,00,00,00,
7312725,00000152,false,Rx,0,8,14,17,17,00,51,00,00,00,
7312973,000001F6,false,Rx,0,8,9E,5B,C5,00,00,00,00,0E,
7313221,00000153,false,Rx,0,8,00,00,00,00,00,00,00,00,
7313457,000001F7,false,Rx,0,8,26,00,DA,02,00,00,00,00,
7313802,00000154,false,Rx,0,8,00,00,00,00,00,00,00,00,
7314067,000001F8,false,Rx,0,8,00,5E,01,45,01,00,00,00,
7314213,000002FC,false,Rx,0,8,0F,00,14,18,00,00,8E,43,
7314575,000001F9,false,Rx,0,8,4B,00,64,C8,14,00,4B,00,
7314975,000002FD,false,Rx,0,8,00,00,00,00,00,1C,13,EA,
7315290,00000239,false,Rx,0,8,00,00,00,00,01,00,00,00,
7315554,000002FE,false,Rx,0,8,00,00,72,01,00,28,C8,02,
7315659,0000025B,false,Rx,0,8,50,C9,C5,40,40,20,00,00,
7315882,00000326,false,Rx,0,8,E7,2C,C5,00,00,00,00,00,
7315959,0000025C,false,Rx,0,8,00,00,26,00,B4,2C,19,00,
7316319,00000327,false,Rx,0,8,00,00,00,00,05,00,00,00,
7316900,00000121,false,Rx,0,8,07,1E,AD,00,00,00,00,05,
7317217,0000025D,false,Rx,0,8,00,C8,00,00,00,80,C0,70,
7317555,0000011B,false,Rx,0,8,2F,F6,71,05,80,08,28,02,
7317820,00000122,false,Rx,0,8,FF,D9,67,1F,46,48,46,45,
7318141,0000011C,false,Rx,0,8,00,05,20,00,22,00,01,01,
7318247,00000123,false,Rx,0,8,B6,02,00,00,00,00,01,00,
7318301,0000025E,false,Rx,0,8,02,07,0E,01,00,00,46,00,
7318593,00000124,false,Rx,0,8,00,00,0A,00,00,00,20,40,
7318942,00000328,false,Rx,0,8,DA,02,4B,00,00,5E,01,00,
7319274,0000012B,false,Rx,0,8,C9,A6,71,06,00,00,08,00,
7319583,00000329,false,Rx,0,8,64,45,01,00,00,00,00,00,
7319775,0000012C,false,Rx,0,8,00,00,01,00,00,64,00,00,
7319885,00000331,false,Rx,0,8,C4,89,C5,F1,C8,A0,2C,97,
7319952,00000415,false,Rx,0,8,40,13,10,00,08,01,00,00,
7320041,00000332,false,Rx,0,8,E8,08,FC,03,00,00,00,00,
7320084,00000333,false,Rx,0,8,00,00,00,1C,0C,40,20,64,
7320264,00000334,false,Rx,0,8,C8,00,00,00,08,44,F4,8F,
7323390,0000010B,false,Rx,0,8,12,3D,B7,00,00,00,00,05,
7323468,0000010C,false,Rx,0,8,FF,F9,E7,1F,46,50,48,48,
7323874,0000010D,false,Rx,0,8,B5,02,00,00,00,00,01,00,
7324233,0000010E,false,Rx,0,8,00,00,1E,00,00,C0,AB,57,
7330590,00000316,false,Rx,0,8,27,92,0B,34,06,80,0A,00,
7330681,00000317,false,Rx,0,8,00,00,05,00,00,00,00,00,
7331086,000003CB,false,Rx,0,8,36,14,00,F4,00,00,00,00,
7331168,00000472,false,Rx,0,8,5C,EC,00,40,08,41,00,45,
7331520,000003CC,false,Rx,0,8,36,31,34,30,33,34,31,00,
7331613,00000473,false,Rx,0,8,5F,24,00,25,00,00,00,78,
7331931,00000474,false,Rx,0,8,91,72,00,00,00,00,00,08,
7332589,000002FF,false,Rx,0,8,D4,CB,00,71,02,00,00,00,
7334631,00000091,false,Rx,0,8,F1,78,C8,16,06,00,00,00,
7334750,000002E6,false,Rx,0,8,26,B3,C4,01,00,00,00,15,
7335144,00000092,false,Rx,0,8,24,00,00,00,40,02,00,00,
7335204,000002E7,false,Rx,0,8,0A,00,00,00,00,00,00,00,
7335498,00000093,false,Rx,0,8,00,00,00,00,00,00,00,00,
7335585,000002E8,false,Rx,0,8,00,00,00,00,00,00,00,00,
7335950,00000036,false,Rx,0,8,07,9C,CC,51,00,00,25,05,
7336543,000002E9,false,Rx,0,8,00,00,00,00,00,00,00,00,
7336874,00000037,false,Rx,0,8,30,00,00,10,00,40,00,00,
7336964,00000038,false,Rx,0,8,04,00,00,00,B0,39,96,D4,
7337260,0000019B,false,Rx,0,8,B1,48,C2,00,00,E4,00,00,
7337538,00000039,false,Rx,0,8,00,00,00,00,00,00,00,00,
7337610,0000019C,false,Rx,0,8,40,20,00,00,00,00,0B,09,
7337935,00000094,false,Rx,0,8,00,00,00,00,00,00,00,00,
7338275,0000019D,false,Rx,0,8,00,10,00,01,00,00,00,00,
7338617,00000256,false,Rx,0,8,38,AC,C4,15,40,00,F0,00,
7338939,0000019E,false,Rx,0,8,15,00,00,00,00,32,00,00,
7339197,00000257,false,Rx,0,8,00,93,41,18,85,07,00,94,
7339321,00000258,false,Rx,0,8,35,EF,1A,00,10,15,00,28,
7339450,00000259,false,Rx,0,8,5E,05,8D,3C,4C,02,00,00,
7339977,000001F1,false,Rx,0,8,48,10,42,01,00,00,28,00,
7340376,000001F2,false,Rx,0,8,00,00,00,00,00,00,00,00,
7341395,00000384,false,Rx,0,8,BA,56,0D,01,00,FF,00,24,
7343117,00000401,false,Rx,0,8,C6,10,10,00,00,04,00,00,
7348267,00000396,false,Rx,0,8,EA,97,62,0F,08,01,00,02,
7348360,0000042A,false,Rx,0,8,8E,83,0C,02,00,10,00,00,
7348813,00000397,false,Rx,0,8,4E,00,43,10,3F,07,00,00,
7348881,00000398,false,Rx,0,8,00,00,00,00,00,00,00,00,
7349903,000001AB,false,Rx,0,8,EF,92,72,50,70,58,00,00,
7349999,000001AC,false,Rx,0,8,00,28,00,00,00,00,00,00,
7352338,0000036F,false,Rx,0,8,5F,81,01,00,00,00,00,00,
7352445,0000037F,false,Rx,0,8,5D,E0,52,24,41,02,00,00,
7355134,00000061,false,Rx,0,8,DE,C1,4C,00,00,00,00,00,
7355236,00000062,false,Rx,0,8,02,02,00,02,40,FF,00,FF,
7355701,00000063,false,Rx,0,8,00,00,05,00,00,08,FD,00,
7355770,00000064,false,Rx,0,8,00,00,00,04,FF,FA,00,00,
7356123,000000A1,false,Rx,0,8,E5,EF,4C,57,61,02,8A,00,
7356378,000000A2,false,Rx,0,8,0A,00,00,00,00,00,00,00,
7356475,000000A3,false,Rx,0,8,00,40,01,00,00,00,00,00,
7358873,00000146,false,Rx,0,8,9F,F7,E8,10,04,05,00,00,
7359103,00000147,false,Rx,0,8,01,04,7D,00,40,49,07,00,
7359185,00000148,false,Rx,0,8,00,00,42,00,1E,89,40,05,
7359233,00000149,false,Rx,0,8,00,38,00,CC,00,00,00,00,
7366350,00000121,false,Rx,0,8,43,AE,B2,00,00,00,00,05,
7366443,00000122,false,Rx,0,8,FF,D9,67,1F,46,48,46,45,
7366902,00000123,false,Rx,0,8,B6,02,00,00,00,00,01,00,
7367210,0000011B,false,Rx,0,8,B0,9E,76,05,80,08,28,02,
7367300,00000124,false,Rx,0,8,00,00,0A,00,00,00,20,40,
7367696,0000011C,false,Rx,0,8,00,05,20,00,22,00,01,01,
7368013,0000012B,false,Rx,0,8,56,CE,76,06,00,00,08,00,
7368306,000001B1,false,Rx,0,8,47,ED,E8,00,72,00,00,00,
7368665,0000012C,false,Rx,0,8,00,00,01,00,00,64,00,00,
7369011,000001B2,false,Rx,0,8,23,00,04,B7,0F,0A,50,10,
7369532,00000161,false,Rx,0,8,89,43,BB,03,00,00,00,02,
7369671,000001B3,false,Rx,0,8,10,33,37,00,5A,7B,6B,7D,
7369728,00000162,false,Rx,0,8,FF,FC,01,00,00,00,00,00,
7370041,000001B4,false,Rx,0,8,65,7D,10,00,00,41,00,00,
7371664,000003B0,false,Rx,0,8,72,37,FF,C7,00,00,03,C0,
7372383,00000405,false,Rx,0,8,D2,10,00,00,00,01,00,00,
7372480,00000410,false,Rx,0,8,6A,60,57,3C,DE,6A,FF,FF,
7372910,00000411,false,Rx,0,8,04,D1,50,51,00,00,44,04,
7372995,00000412,false,Rx,0,8,CC,E0,00,00,00,00,00,00,
7373349,00000413,false,Rx,0,8,08,60,00,00,00,00,00,00,
7373409,0000010B,false,Rx,0,8,91,74,BC,00,00,00,00,05,
7373963,00000414,false,Rx,0,8,41,70,00,00,28,00,00,00,
7374307,0000010C,false,Rx,0,8,FF,F9,E7,1F,46,4F,48,48,
7374420,00000416,false,Rx,0,8,55,00,00,00,00,00,00,00,
7374719,0000010D,false,Rx,0,8,B5,02,00,00,00,00,01,00,
7374931,00000417,false,Rx,0,8,20,E0,00,00,00,00,00,00,
7374984,0000010E,false,Rx,0,8,00,00,1E,00,00,C0,AB,57,
7375429,00000418,false,Rx,0,8,07,C0,00,00,14,0C,00,00,
7375844,00000419,false,Rx,0,8,FA,30,26,D5,29,87,90,00,
7376371,000000C5,false,Rx,1,8,00,00,00,00,00,00,00,00,
7376717,00000244,false,Rx,1,8,FF,FF,FF,FF,FF,FF,FF,FF,
7376865,000004B4,false,Rx,1,8,00,00,05,40,10,70,04,00,
7377592,000004B5,false,Rx,1,8,08,00,F0,07,00,00,00,00,
7377843,000001A1,false,Rx,0,8,D0,27,BB,FE,F7,7F,64,00,
7377914,000001A2,false,Rx,0,8,44,00,00,00,27,08,00,00,
7378995,000004B7,false,Rx,1,8,08,00,F0,07,00,00,00,00,
7379571,000001A3,false,Rx,0,8,FF,F3,3F,00,00,00,00,00,
7379686,000004CA,false,Rx,1,8,00,00,00,00,00,00,00,00,
7379738,00000485,false,Rx,0,8,00,40,11,02,00,00,00,00,
7379813,000001A4,false,Rx,0,8,FE,07,00,00,00,00,00,00,
7380054,000004CC,false,Rx,1,8,08,00,00,06,00,00,03,00,
7380128,000004CE,false,Rx,1,8,DE,01,00,00,00,00,F8,FF,
7380186,000004D7,false,Rx,1,8,23,01,00,00,00,00,00,00,
7380238,000004D8,false,Rx,1,8,41,10,F0,F0,40,F2,1E,CC,
7380304,000004DD,false,Rx,1,8,00,00,FE,00,04,00,00,00,
7380803,000004DF,false,Rx,1,8,00,00,08,00,00,00,00,00,
7381315,000003B2,false,Rx,0,8,36,15,FF,02,29,2F,34,00,
7381394,000004E7,false,Rx,1,8,00,30,00,00,00,00,69,00,
7381570,000004E8,false,Rx,1,8,FF,FF,FF,05,FF,FF,FF,00,
7382013,000004E9,false,Rx,1,8,12,00,00,34,00,00,50,00,
7382297,000004EA,false,Rx,1,8,67,00,00,89,00,00,00,00,
7382558,000004EB,false,Rx,1,8,02,80,15,07,80,00,00,00,
7383050,000004EC,false,Rx,1,8,00,00,00,00,00,00,00,00,
7383149,000004ED,false,Rx,1,8,00,00,00,00,00,FF,FF,1F,
7383587,000001E6,false,Rx,0,8,0E,F4,8B,02,00,00,00,00,
7384073,000004EE,false,Rx,1,8,FF,FF,00,00,00,00,00,00,
7384598,000001BB,false,Rx,0,8,0A,44,8B,02,00,00,00,0A,
7384914,000004EF,false,Rx,1,8,60,00,60,00,2B,14,00,00,
7385177,000001BC,false,Rx,0,8,32,00,00,00,02,00,00,00,
7385592,0000063D,false,Rx,1,8,00,80,00,00,00,00,00,00,
7385970,0000063E,false,Rx,1,8,FF,FF,FF,FF,FF,FF,FF,FF,
7386178,000001BD,false,Rx,0,8,00,00,00,00,00,00,00,00,
7386273,0000063F,false,Rx,1,8,00,10,00,C4,FF,00,00,00,
7386343,000001E7,false,Rx,0,8,00,00,22,03,20,01,00,00,
7386684,00000640,false,Rx,1,8,FF,FF,FF,00,FF,FF,FF,00,
7386815,00000641,false,Rx,1,8,FF,FF,FF,FF,0F,FF,FF,FF,
7387078,00000036,false,Rx,0,8,CF,9E,D1,51,00,00,25,05,
7387168,00000561,false,Rx,0,8,63,02,00,00,00,00,FF,FF,
7387254,00000646,false,Rx,1,8,00,00,00,80,01,00,00,00,
7387552,00000037,false,Rx,0,8,30,00,00,10,00,40,00,00,
7387670,00000038,false,Rx,0,8,04,00,00,00,B0,39,96,D4,
7388041,0000019B,false,Rx,0,8,CE,64,C7,00,00,E4,00,00,
7388409,00000039,false,Rx,0,8,00,00,00,00,00,00,00,00,
7388759,0000019C,false,Rx,0,8,40,20,00,00,00,00,0B,09,
7389045,0000019D,false,Rx,0,8,00,10,00,01,00,00,00,00,
7389409,0000019E,false,Rx,0,8,15,00,00,00,00,32,00,00,
7389736,00000380,false,Rx,0,8,96,92,03,08,08,08,08,01,
7390887,00000427,false,Rx,0,8,1D,86,FF,00,80,0A,00,00,
7405027,00000061,false,Rx,0,8,16,C3,51,00,00,00,00,00,
7405122,00000062,false,Rx,0,8,02,02,00,02,40,FF,00,FF,
7405559,00000063,false,Rx,0,8,00,00,05,00,00,08,FD,00,
7405635,00000064,false,Rx,0,8,00,00,00,04,FF,FA,00,00,
7406009,000000A1,false,Rx,0,8,F2,EC,51,57,61,02,8A,00,
7406172,000004F0,false,Rx,1,8,4A,10,15,08,5C,1A,0B,02,
7406229,000000A2,false,Rx,0,8,09,00,00,00,00,00,00,00,
7406374,000000A3,false,Rx,0,8,00,40,01,00,00,00,00,00,
7414802,00000121,false,Rx,0,8,3C,82,B7,00,00,00,00,05,
7414979,00000122,false,Rx,0,8,FF,D9,67,1F,46,48,46,45,
7415216,00000123,false,Rx,0,8,B6,02,00,00,00,00,01,00,
7415487,00000124,false,Rx,0,8,00,00,0A,00,00,00,20,40,
7416823,0000011B,false,Rx,0,8,C3,A7,7B,05,80,08,28,02,
7416937,0000012B,false,Rx,0,8,25,F7,7B,06,00,00,08,00,
7417356,0000011C,false,Rx,0,8,00,05,20,00,22,00,01,01,
7417717,0000012C,false,Rx,0,8,00,00,01,00,00,64,00,00,
7417822,000001E1,false,Rx,0,8,7B,D9,7F,02,00,00,00,00,
7418093,000001E2,false,Rx,0,8,00,00,00,00,00,00,00,00,
7423414,0000010B,false,Rx,0,8,BE,84,C1,00,00,00,00,05,
7423508,0000010C,false,Rx,0,8,FF,F9,E7,1F,46,50,48,48,
7423923,0000010D,false,Rx,0,8,B5,02,00,00,00,00,01,00,
7424005,0000010E,false,Rx,0,8,00,00,1E,00,00,C0,AB,57,
7429787,00000226,false,Rx,0,8,7D,41,17,FF,63,60,09,42,
7429879,00000227,false,Rx,0,8,02,94,00,09,03,F1,9F,03,
7434549,00000091,false,Rx,0,8,B7,21,C9,16,06,00,00,00,
7434668,00000092,false,Rx,0,8,24,00,00,00,40,02,00,00,
7435047,00000093,false,Rx,0,8,00,00,00,00,00,00,00,00,
7435120,00000094,false,Rx,0,8,00,00,00,00,00,00,00,00,
7435431,000003AA,false,Rx,0,8,FF,00,D0,00,54,00,00,00,
7436023,00000036,false,Rx,0,8,3C,00,D6,51,00,00,25,05,
7436643,00000037,false,Rx,0,8,30,00,00,10,00,40,00,00,
7436949,000004E8,false,Rx,1,8,FF,FF,FF,05,FF,FF,FF,00,
7437071,00000038,false,Rx,0,8,04,00,00,00,B0,39,96,D4,
7437328,00000039,false,Rx,0,8,00,00,00,00,00,00,00,00,
7437393,0000019B,false,Rx,0,8,76,65,CC,00,00,E4,00,00,
7437470,0000019C,false,Rx,0,8,40,20,00,00,00,00,0B,09,
7437678,0000019D,false,Rx,0,8,00,10,00,01,00,00,00,00,
7437736,000002D6,false,Rx,0,8,C3,C4,62,00,00,00,00,00,
7437817,0000019E,false,Rx,0,8,15,00,00,00,00,32,00,00,
7437891,000002D7,false,Rx,0,8,00,00,00,00,03,00,00,00,
7438076,000002EB,false,Rx,0,8,F0,7E,62,07,08,01,00,02,
7438847,000002D8,false,Rx,0,8,00,00,00,00,00,00,38,47,
7439181,000002EC,false,Rx,0,8,0A,00,CF,00,59,00,00,00,
7439261,000002D9,false,Rx,0,8,00,00,00,00,00,00,00,00,
7439538,000002ED,false,Rx,0,8,00,00,00,00,00,00,00,00,
7439827,000003B6,false,Rx,0,8,72,AD,62,00,00,00,00,46,
7439911,000002EE,false,Rx,0,8,00,00,00,00,00,00,00,00,
7440235,000003B7,false,Rx,0,8,46,00,00,00,00,00,00,00,
7440532,00000495,false,Rx,0,8,49,00,00,00,00,00,00,00,
7440607,000003B8,false,Rx,0,8,B2,02,00,00,00,00,69,0E,
7441291,000003B9,false,Rx,0,8,00,00,00,00,00,00,00,00,
7446077,000004F0,false,Rx,1,8,4A,10,15,08,5C,1A,0B,02,
7446428,00000251,false,Rx,0,8,7E,75,C6,00,00,00,00,00,
7446981,00000252,false,Rx,0,8,00,00,1B,1B,03,00,00,00,
7447102,000002AB,false,Rx,0,8,F1,18,C9,0C,0C,00,00,00,
7447465,00000253,false,Rx,0,8,00,00,00,58,58,00,80,4D,
7447587,000002AC,false,Rx,0,8,00,FF,FF,00,00,40,00,54,
7447793,000002AD,false,Rx,0,8,00,01,00,40,FF,FF,FF,0F,
7448026,000002AE,false,Rx,0,8,01,00,FF,3F,01,01,00,00,
7448262,000003B1,false,Rx,0,8,C1,DE,00,80,00,00,20,00,
7448503,000002B6,false,Rx,0,8,4B,3E,C9,01,00,00,00,40,
7449051,000002B7,false,Rx,0,8,9F,00,50,1C,00,04,00,00,
7449614,0000033B,false,Rx,0,8,A9,72,C8,00,00,00,00,00,
7449725,000002B8,false,Rx,0,8,FF,F8,10,00,00,00,00,00,
7450027,0000033C,false,Rx,0,8,00,00,00,00,F0,00,00,00,
7450310,000002B9,false,Rx,0,8,0A,00,00,00,00,00,00,00,
7450603,0000033D,false,Rx,0,8,00,00,00,00,00,00,00,00,
7450716,000002C1,false,Rx,0,8,DE,36,65,21,00,41,00,D3,
7451039,000001AB,false,Rx,0,8,19,BA,77,50,70,58,00,00,
7451403,000002C2,false,Rx,0,8,1A,00,00,00,00,00,00,00,
7451718,000001AC,false,Rx,0,8,00,28,00,00,00,00,00,00,
7451973,000002C3,false,Rx,0,8,00,00,00,00,00,00,00,00,
7452078,0000033E,false,Rx,0,8,00,00,00,00,00,00,00,00,
7452328,000002C4,false,Rx,0,8,00,00,00,00,00,00,00,00,
7452400,00000356,false,Rx,0,8,09,EA,64,00,00,00,00,00,
7452699,000002E1,false,Rx,0,8,CD,75,C9,00,00,00,00,40,
7453000,00000357,false,Rx,0,8,00,00,00,00,00,4B,4D,48,
7453362,000002E2,false,Rx,0,8,FD,00,00,00,00,14,00,04,
7453459,00000358,false,Rx,0,8,35,41,45,4D,52,37,33,4F,
7453767,000002E3,false,Rx,0,8,00,00,00,00,00,00,72,01,
7454052,00000359,false,Rx,0,8,51,4F,34,52,4A,35,33,00,
7454157,000002E4,false,Rx,0,8,02,00,00,00,00,00,00,00,
7454384,0000036F,false,Rx,0,8,E6,91,01,00,00,00,00,00,
7454454,0000037F,false,Rx,0,8,4D,00,52,24,41,02,00,00,
7454712,000003A1,false,Rx,0,8,57,D9,4A,00,FF,FF,FF,FF,
7454803,000003A2,false,Rx,0,8,00,00,00,00,00,00,00,00,
7455452,00000061,false,Rx,0,8,E5,5D,56,00,00,00,00,00,
7455777,00000062,false,Rx,0,8,02,02,00,02,40,FF,00,FF,
7456055,00000063,false,Rx,0,8,00,00,05,00,00,08,FD,00,
7456439,00000064,false,Rx,0,8,00,00,00,04,FF,FA,00,00,
7456788,000000A1,false,Rx,0,8,FB,69,56,57,61,02,8A,00,
7457144,000000A2,false,Rx,0,8,09,00,00,00,00,00,00,00,
7457444,000000A3,false,Rx,0,8,00,40,01,00,00,00,00,00,
7458836,00000146,false,Rx,0,8,E0,DB,ED,10,04,05,00,00,
7459209,00000147,false,Rx,0,8,01,04,7D,00,40,49,07,00,
7459512,00000148,false,Rx,0,8,00,00,42,00,1E,89,40,05,
7459795,00000149,false,Rx,0,8,00,38,00,CC,00,00,00,00,
7460112,00000111,false,Rx,0,8,87,32,92,01,00,00,00,00,
7460185,00000112,false,Rx,0,8,00,00,00,00,00,00,00,00,
7460823,00000113,false,Rx,0,8,00,00,00,00,00,00,00,00,
7461167,00000114,false,Rx,0,8,00,00,00,00,00,00,00,00,
7466381,00000121,false,Rx,0,8,84,83,BC,00,00,00,00,05,
7466475,000000FF,false,Rx,0,8,CB,10,00,00,00,00,02,00,
7467247,00000122,false,Rx,0,8,FF,D9,67,1F,46,48,46,45,
7467668,00000487,false,Rx,1,8,00,00,00,00,00,00,00,00,
7467985,0000011B,false,Rx,0,8,4C,BF,80,05,80,08,28,02,
7468090,00000123,false,Rx,0,8,B6,02,00,00,00,00,01,00,
7468179,00000642,false,Rx,1,8,FF,FF,FF,FF,FF,FF,00,00,
7468528,0000011C,false,Rx,0,8,00,05,20,00,22,00,01,01,
7468894,00000124,false,Rx,0,8,00,00,0A,00,00,00,20,40,
7469002,000001B1,false,Rx,0,8,38,C1,ED,00,72,00,00,00,
7469279,0000012B,false,Rx,0,8,AA,EF,80,06,00,00,08,00,
7469512,000001B2,false,Rx,0,8,23,00,04,B7,0F,0A,50,10,
7469575,0000012C,false,Rx,0,8,00,00,01,00,00,64,00,00,
7470057,000001B3,false,Rx,0,8,10,33,37,00,5A,7B,6B,7D,
7470674,00000161,false,Rx,0,8,77,53,C0,03,00,00,00,02,
7470991,000001B4,false,Rx,0,8,65,7D,10,00,00,41,00,00,
7471290,00000162,false,Rx,0,8,FF,FC,01,00,00,00,00,00,
7471369,00000394,false,Rx,0,8,2A,22,1A,49,00,00,00,00,
7471701,000003C3,false,Rx,0,8,45,10,31,30,36,00,00,00,
7472032,0000041A,false,Rx,0,8,95,40,12,00,00,00,00,00,
7472365,000003E0,false,Rx,0,8,01,70,01,00,54,03,00,00,
7472697,0000041B,false,Rx,0,8,60,30,00,00,00,00,00,00,
7473609,000003E5,false,Rx,0,8,8E,90,01,00,00,00,00,00,
7473956,0000041C,false,Rx,0,8,E9,80,E0,00,00,00,00,00,
7474046,000003E6,false,Rx,0,8,7F,00,00,00,00,00,00,00,
7474378,00000422,false,Rx,0,8,EA,C0,01,00,00,00,04,00,
7474746,00000432,false,Rx,0,8,03,20,02,00,00,00,00,00,
7474861,00000435,false,Rx,0,8,9F,D0,00,40,00,00,00,00,
7475061,00000442,false,Rx,0,8,CE,20,11,81,00,00,00,00,
7475490,0000010B,false,Rx,0,8,4D,1A,C6,00,00,00,00,05,
7475841,00000444,false,Rx,0,8,6C,30,20,50,55,50,00,00,
7476169,0000010C,false,Rx,0,8,FF,F9,E7,1F,46,50,48,48,
7476500,00000445,false,Rx,0,8,00,10,00,00,00,00,00,18,
7476774,0000010D,false,Rx,0,8,B5,02,00,00,00,00,01,00,
7476926,00000464,false,Rx,0,8,B2,70,F0,FF,38,7F,05,00,
7476986,0000010E,false,Rx,0,8,00,00,1E,00,00,C0,AB,57,
7477093,000004E8,false,Rx,1,8,FF,FF,FF,05,FF,FF,FF,00,
7477999,000001A1,false,Rx,0,8,71,58,C0,FE,F7,7F,64,00,
7478557,000001A2,false,Rx,0,8,44,00,00,00,27,08,00,00,
7478665,000001A3,false,Rx,0,8,FF,F3,3F,00,00,00,00,00,
7478898,000001A4,false,Rx,0,8,FE,07,00,00,00,00,00,00,
7480947,0000030B,false,Rx,0,8,C2,1A,C8,00,04,00,00,00,
7481046,0000030C,false,Rx,0,8,00,00,0E,00,2C,00,A0,0F,
7481092,0000030D,false,Rx,0,8,00,00,00,00,FF,00,00,00,
7481434,0000030E,false,Rx,0,8,00,00,18,05,21,00,00,FE,
7482007,00000563,false,Rx,1,8,65,02,00,00,00,00,FF,FF,
7485536,00000036,false,Rx,0,8,31,C6,DB,51,00,00,25,05,
7485660,00000037,false,Rx,0,8,30,00,00,10,00,40,00,00,
7486093,00000038,false,Rx,0,8,04,00,00,00,B0,39,96,D4,
7486382,00000039,false,Rx,0,8,00,00,00,00,00,00,00,00,
7486538,0000019B,false,Rx,0,8,BE,67,D1,00,00,E4,00,00,
7486808,0000019C,false,Rx,0,8,40,20,00,00,00,00,0B,09,
7487076,0000019D,false,Rx,0,8,00,10,00,01,00,00,00,00,
7487484,000004F0,false,Rx,1,8,4A,10,15,08,5C,1A,0B,02,
7487557,0000019E,false,Rx,0,8,15,00,00,00,00,32,00,00,
7487694,000001FB,false,Rx,0,8,71,46,C0,00,00,00,00,00,
7488681,000001FC,false,Rx,0,8,00,00,00,00,00,00,00,00,
7489066,00000475,false,Rx,0,8,12,00,00,00,00,00,00,00,
7489178,000001FD,false,Rx,0,8,00,1A,03,00,00,00,00,00,
7489339,00000496,false,Rx,0,8,12,00,00,00,00,00,00,00,
7489813,000001FE,false,Rx,0,8,00,00,00,00,00,00,00,00,
7489985,000001F1,false,Rx,0,8,D7,78,45,01,00,00,28,00,
7490034,000001F2,false,Rx,0,8,00,00,00,00,00,00,00,00,
7494311,00000383,false,Rx,0,8,5A,53,00,10,01,00,00,00,
7499727,00000448,false,Rx,0,8,DE,80,00,00,00,00,00,00,
7505065,00000061,false,Rx,0,8,E8,9B,5B,00,00,00,00,00,
7505168,00000062,false,Rx,0,8,02,02,00,02,40,FF,00,FF,
7505578,00000063,false,Rx,0,8,00,00,05,00,00,08,FD,00,
7505988,00000064,false,Rx,0,8,00,00,00,04,FF,FA,00,00,
7506068,000000A1,false,Rx,0,8,FC,DA,5B,57,61,02,8A,00,
7506440,000000A2,false,Rx,0,8,08,00,00,00,00,00,00,00,
7506588,000000A3,false,Rx,0,8,00,40,01,00,00,00,00,00,
7507015,000004A3,false,Rx,1,8,80,00,48,0B,3E,00,00,00,
7507446,000004A4,false,Rx,1,8,FF,FF,FF,00,00,00,00,00,
7508200,00000382,false,Rx,0,8,2B,FE,21,00,00,05,09,00,
7510510,000002BF,false,Rx,0,8,FF,FF,FF,00,00,00,00,00,
7510725,0000047F,false,Rx,0,8,F0,FC,FF,FF,FF,FF,FF,FF,
7510996,00000653,false,Rx,0,8,0A,19,03,01,02,2A,00,00,
7511568,00000236,false,Rx,0,8,1F,C2,C7,00,34,6C,AE,62,
7511799,000002FB,false,Rx,0,8,15,E3,C7,04,72,1A,B4,B4,
7512021,00000237,false,Rx,0,8,00,15,47,00,00,1E,1B,00,
7512250,00000151,false,Rx,0,8,59,35,C7,64,C8,00,28,18,
7512494,000001F6,false,Rx,0,8,12,E9,C7,00,00,00,00,0E,
7512737,00000152,false,Rx,0,8,14,17,17,00,51,00,00,00,
7512979,000001F7,false,Rx,0,8,26,00,DA,02,00,00,00,00,
7513233,00000153,false,Rx,0,8,00,00,00,00,00,00,00,00,
7513466,000001F8,false,Rx,0,8,00,5E,01,45,01,00,00,00,
7513724,00000154,false,Rx,0,8,00,00,00,00,00,00,00,00,
7513949,000001F9,false,Rx,0,8,4B,00,64,C8,14,00,4B,00,
7514203,000002FC,false,Rx,0,8,0F,00,14,18,00,00,8E,43,
7514434,00000238,false,Rx,0,8,00,00,72,00,00,00,00,00,
7514700,000002FD,false,Rx,0,8,00,00,00,00,00,1C,13,EA,
7514936,00000239,false,Rx,0,8,00,00,00,00,01,00,00,00,
7515189,000002FE,false,Rx,0,8,00,00,72,01,00,28,C8,02,
7515410,0000025B,false,Rx,0,8,5D,B6,C7,40,40,20,00,00,
7515654,00000326,false,Rx,0,8,6B,9E,C7,00,00,00,00,00,
7515890,0000025C,false,Rx,0,8,00,00,26,00,B4,2C,19,00,
7516128,00000121,false,Rx,0,8,90,3B,C1,00,00,00,00,05,
7516380,0000025D,false,Rx,0,8,00,C8,00,00,00,80,C0,70,
7516611,00000122,false,Rx,0,8,FF,D9,67,1F,46,48,46,45,
7516831,0000011B,false,Rx,0,8,BA,97,85,05,80,08,28,02,
7517084,00000123,false,Rx,0,8,B6,02,00,00,00,00,01,00,
7517224,000004E8,false,Rx,1,8,FF,FF,FF,05,FF,FF,FF,00,
7517333,0000011C,false,Rx,0,8,00,05,20,00,22,00,01,01,
7517586,00000124,false,Rx,0,8,00,00,0A,00,00,00,20,40,
7517837,0000025E,false,Rx,0,8,1C,07,0E,03,00,00,46,00,
7518058,0000012B,false,Rx,0,8,5C,C7,85,06,00,00,08,00,
7518289,00000327,false,Rx,0,8,00,00,00,00,05,00,00,00,
7518727,0000012C,false,Rx,0,8,00,00,01,00,00,64,00,00,
7519010,00000328,false,Rx,0,8,DA,02,4B,00,00,5E,01,00,
7519667,00000329,false,Rx,0,8,64,45,01,00,00,00,00,00,
7519981,00000331,false,Rx,0,8,48,3B,C7,F1,C8,A0,2C,97,
7520090,00000332,false,Rx,0,8,E8,08,FC,03,00,00,00,00,
7520371,00000333,false,Rx,0,8,00,00,00,1C,0C,40,20,64,
7520681,00000334,false,Rx,0,8,C8,00,00,00,08,44,F4,8F,
7523311,0000010B,false,Rx,0,8,40,DC,CB,00,00,00,00,05,
7523407,0000010C,false,Rx,0,8,FF,F9,E7,1F,46,50,48,48,
7523681,0000010D,false,Rx,0,8,B5,02,00,00,00,00,01,00,
7523945,0000010E,false,Rx,0,8,00,00,1E,00,00,C0,AB,57,
7530542,000002FF,false,Rx,0,8,D4,CB,00,71,02,00,00,00,
7530635,00000316,false,Rx,0,8,B8,FA,0C,34,06,80,0A,00,
7531070,00000472,false,Rx,0,8,5C,EC,00,40,08,41,00,45,
7531137,00000317,false,Rx,0,8,00,00,05,00,00,00,00,00,
7531460,00000473,false,Rx,0,8,5F,24,00,25,00,00,00,78,
7531822,00000474,false,Rx,0,8,91,72,00,00,00,00,00,08,
7533060,000001E6,false,Rx,0,8,F8,DC,8E,02,00,00,00,00,
7533169,000001BB,false,Rx,0,8,05,AF,8E,02,00,00,00,0A,
7533445,000001BC,false,Rx,0,8,32,00,00,00,02,00,00,00,
7533923,000001BD,false,Rx,0,8,00,00,00,00,00,00,00,00,
7534275,000001E7,false,Rx,0,8,00,00,22,03,20,01,00,00,
7534409,00000091,false,Rx,0,8,5A,DB,CA,16,06,00,00,00,
7534731,00000092,false,Rx,0,8,25,00,00,00,50,02,00,00,
7535031,00000093,false,Rx,0,8,00,00,00,00,00,00,00,00,
7535339,00000094,false,Rx,0,8,00,00,00,00,00,00,00,00,
7535876,00000036,false,Rx,0,8,E7,9A,E0,51,00,00,25,05,
7536059,00000037,false,Rx,0,8,30,00,00,10,00,40,00,00,
7536132,00000038,false,Rx,0,8,04,00,00,00,B0,39,96,D4,
7536751,00000039,false,Rx,0,8,00,00,00,00,00,00,00,00,
7537117,0000019B,false,Rx,0,8,4D,F9,D6,00,00,E4,00,00,
7537348,00000256,false,Rx,0,8,B7,1F,C6,15,40,00,00,01,
7537505,0000019C,false,Rx,0,8,40,20,00,00,00,00,0B,09,
7537838,00000257,false,Rx,0,8,00,94,41,19,85,07,00,94,
7538383,0000019D,false,Rx,0,8,00,10,00,01,00,00,00,00,
7538730,00000258,false,Rx,0,8,35,F0,1A,00,10,15,00,28,
7538820,0000019E,false,Rx,0,8,15,00,00,00,00,32,00,00,
7539103,00000259,false,Rx,0,8,63,05,8D,3C,4C,02,00,00,
7539187,000002E6,false,Rx,0,8,AA,01,C6,01,00,00,00,15,
7539477,000002E7,false,Rx,0,8,0A,00,00,00,00,00,00,00,
7539753,000002E8,false,Rx,0,8,00,00,00,00,00,00,00,00,
7539866,000002E9,false,Rx,0,8,00,00,00,00,00,00,00,00,
7541470,00000384,false,Rx,0,8,BA,56,0D,01,00,FF,00,24,
7543758,00000401,false,Rx,0,8,C6,10,10,00,00,04,00,00,
7548428,00000396,false,Rx,0,8,35,AB,63,0F,08,01,00,02,
7548523,0000042A,false,Rx,0,8,8E,83,0C,02,00,10,00,00,
7548969,00000397,false,Rx,0,8,0C,00,43,10,3F,07,00,00,
7549036,00000398,false,Rx,0,8,00,00,00,00,00,00,00,00,
7550061,000001AB,false,Rx,0,8,D1,43,7C,50,70,58,00,00,
7550179,000001AC,false,Rx,0,8,00,28,00,00,00,00,00,00,
7552402,0000036F,false,Rx,0,8,30,A1,01,00,00,00,00,00,
7552519,0000037F,false,Rx,0,8,F4,10,52,24,41,02,00,00,
7555056,00000061,false,Rx,0,8,3E,C7,60,00,00,00,00,00,
7555209,00000062,false,Rx,0,8,02,02,00,02,40,FF,00,FF,
7555627,00000063,false,Rx,0,8,00,00,05,00,00,08,FD,00,
7555926,00000064,false,Rx,0,8,00,00,00,04,FF,FA,00,00,
7556056,000000A1,false,Rx,0,8,35,EB,60,57,61,02,8A,00,
7556391,000000A2,false,Rx,0,8,08,00,00,00,00,00,00,00,
7556488,000000A3,false,Rx,0,8,00,40,01,00,00,00,00,00,
7558552,00000146,false,Rx,0,8,A4,6B,F2,10,04,05,00,00,
7558659,00000147,false,Rx,0,8,01,04,7D,00,40,49,07,00,
7559097,00000148,false,Rx,0,8,00,00,42,00,1E,89,40,05,
7559174,00000149,false,Rx,0,8,00,38,00,CC,00,00,00,00,
7566333,00000121,false,Rx,0,8,63,A5,C6,00,00,00,00,05,
7566426,00000122,false,Rx,0,8,FF,D9,67,1F,46,48,46,45,
7566857,00000123,false,Rx,0,8,B6,02,00,00,00,00,01,00,
7567153,0000011B,false,Rx,0,8,A0,EE,8A,05,80,08,28,02,
7567239,00000124,false,Rx,0,8,00,00,0A,00,00,00,20,40,
7567555,0000011C,false,Rx,0,8,00,05,20,00,22,00,01,01,
7567877,0000012B,false,Rx,0,8,46,BE,8A,06,00,00,08,00,
7568000,000001B1,false,Rx,0,8,7C,71,F2,00,72,00,00,00,
7568612,0000012C,false,Rx,0,8,00,00,01,00,00,64,00,00,
7568938,000001B2,false,Rx,0,8,23,00,04,B7,0F,0A,50,10,
7569056,00000161,false,Rx,0,8,81,7B,C5,03,00,00,00,02,
7569734,000001B3,false,Rx,0,8,10,33,37,00,5A,7B,6B,7D,
7570304,00000162,false,Rx,0,8,FF,FC,01,00,00,00,00,00,
7570625,000001B4,false,Rx,0,8,65,7D,10,00,00,41,00,00,
7570936,000001E1,false,Rx,0,8,4F,01,82,02,00,00,00,00,
7571070,000001E2,false,Rx,0,8,00,00,00,00,00,00,00,00,
7571301,000003B0,false,Rx,0,8,72,37,FF,C7,00,00,03,C0,
7572533,00000405,false,Rx,0,8,D2,10,00,00,00,01,00,00,
7572638,00000410,false,Rx,0,8,6A,60,57,3C,DE,6A,FF,FF,
7572694,00000411,false,Rx,0,8,04,D1,50,51,00,00,44,04,
7573116,00000413,false,Rx,0,8,08,60,00,00,00,00,00,00,
7573451,00000412,false,Rx,0,8,CC,E0,00,00,00,00,00,00,
7573825,0000010B,false,Rx,0,8,3D,19,D0,00,00,00,00,05,
7574374,00000414,false,Rx,0,8,41,70,00,00,28,00,00,00,
7574494,0000010C,false,Rx,0,8,FF,F9,E7,1F,46,50,48,48,
7574785,00000416,false,Rx,0,8,55,00,00,00,00,00,00,00,
7574992,0000010D,false,Rx,0,8,B5,02,00,00,00,00,01,00,
7575078,00000417,false,Rx,0,8,20,E0,00,00,00,00,00,00,
7575163,0000010E,false,Rx,0,8,00,00,1E,00,00,C0,AB,57,
7575490,00000418,false,Rx,0,8,07,C0,00,00,14,0C,00,00,
7575820,00000419,false,Rx,0,8,FA,30,26,D5,29,87,90,00,
7577701,000000C5,false,Rx,1,8,00,00,00,00,00,00,00,00,
7578176,00000244,false,Rx,1,8,FF,FF,FF,FF,FF,FF,FF,FF,
7578566,000001A1,false,Rx,0,8,0E,74,C5,FE,F7,7F,64,00,
7578643,000001A2,false,Rx,0,8,44,00,00,00,27,08,00,00,
7578724,000004B4,false,Rx,1,8,00,00,05,40,10,70,04,00,
7579255,000004B5,false,Rx,1,8,08,00,F0,07,00,00,00,00,
7580208,000001A3,false,Rx,0,8,FF,F3,3F,00,00,00,00,00,
7580756,000004B7,false,Rx,1,8,08,00,F0,07,00,00,00,00,
7581029,000004CA,false,Rx,1,8,00,00,00,00,00,00,00,00,
7581787,000001A4,false,Rx,0,8,FE,07,00,00,00,00,00,00,
7582435,000004CC,false,Rx,1,8,08,00,00,06,00,00,03,00,
7583250,00000565,false,Rx,0,8,66,02,00,00,00,00,FF,FF,
7583572,000004CE,false,Rx,1,8,DE,01,00,00,00,00,F8,FF,
7584054,000004D7,false,Rx,1,8,23,01,00,00,00,00,00,00,
7584370,000004D8,false,Rx,1,8,41,10,F0,F0,40,F2,1E,CC,
7584483,000004DD,false,Rx,1,8,00,00,FE,00,04,00,00,00,
7584532,000004DF,false,Rx,1,8,00,00,08,00,00,00,00,00,
7584620,000004E7,false,Rx,1,8,00,30,00,00,00,00,69,00,
7584953,000003B2,false,Rx,0,8,36,15,FF,02,29,2F,34,00,
7585036,000004E8,false,Rx,1,8,FF,FF,FF,05,FF,FF,FF,00,
7585083,000004E9,false,Rx,1,8,12,00,00,34,00,00,50,00,
7585160,000004EA,false,Rx,1,8,67,00,00,89,00,00,00,00,
7585253,000004EB,false,Rx,1,8,02,80,15,08,80,00,00,00,
7585309,000004EC,false,Rx,1,8,00,00,00,00,00,00,00,00,
7585372,000004ED,false,Rx,1,8,00,00,00,00,00,FF,FF,1F,
7585442,000004EE,false,Rx,1,8,FF,FF,00,00,00,00,00,00,
7585562,000004EF,false,Rx,1,8,60,00,60,00,2B,14,00,00,
7585649,000004F0,false,Rx,1,8,4A,10,15,08,5C,1A,0B,02,
7585833,000004F1,false,Rx,1,8,00,C0,00,00,00,00,00,00,
7585909,000004F2,false,Rx,1,8,02,FF,DD,FF,03,01,00,00,
7585978,000004F3,false,Rx,1,8,00,00,00,00,30,00,00,00,
7586112,000004F9,false,Rx,1,8,E0,FF,FF,FF,FF,FF,FF,FF,
7586178,0000063D,false,Rx,1,8,00,80,00,00,00,00,00,00,
7586371,00000036,false,Rx,0,8,98,B6,E5,51,00,00,25,05,
7586429,0000063E,false,Rx,1,8,FF,FF,FF,FF,FF,FF,FF,FF,
7586486,00000037,false,Rx,0,8,30,00,00,10,00,40,00,00,
7586545,0000063F,false,Rx,1,8,00,10,00,C4,FF,00,00,00,
7586608,00000640,false,Rx,1,8,FF,FF,FF,00,FF,FF,FF,00,
7586659,00000038,false,Rx,0,8,04,00,00,00,B0,39,96,D4,
7586730,00000641,false,Rx,1,8,FF,FF,FF,FF,0F,FF,FF,FF,
7586963,0000019B,false,Rx,0,8,40,3F,DB,00,00,E4,00,00,
7587125,00000039,false,Rx,0,8,00,00,00,00,00,00,00,00,
7587224,00000646,false,Rx,1,8,00,00,00,80,01,00,00,00,
7587365,0000019C,false,Rx,0,8,40,20,00,00,00,00,0B,09,
7588104,0000019D,false,Rx,0,8,00,10,00,01,00,00,00,00,
7588564,0000019E,false,Rx,0,8,15,00,00,00,00,32,00,00,
7588849,00000380,false,Rx,0,8,96,92,03,08,08,08,08,01,
7590389,00000427,false,Rx,0,8,1D,86,FF,00,80,0A,00,00,
7605032,00000061,false,Rx,0,8,41,EB,65,00,00,00,00,00,
7605117,00000062,false,Rx,0,8,02,02,00,02,40,FF,00,FF,
7605557,00000063,false,Rx,0,8,00,00,05,00,00,08,FD,00,
7605626,00000064,false,Rx,0,8,00,00,00,04,FF,FA,00,00,
7606030,000000A1,false,Rx,0,8,80,01,65,57,61,02,8A,00,
7606363,000000A2,false,Rx,0,8,07,00,00,00,00,00,00,00,
7606658,000000A3,false,Rx,0,8,00,40,01,00,00,00,00,00,
7612562,00000419,false,Rx,0,8,B4,40,27,D5,29,87,90,00,
7616209,00000121,false,Rx,0,8,98,A5,CB,00,00,00,00,05,
7616412,00000122,false,Rx,0,8,FF,D9,67,1F,46,47,46,45,
7616598,00000123,false,Rx,0,8,B6,02,00,00,00,00,01,00,
7616848,0000011B,false,Rx,0,8,56,C6,8F,05,80,08,28,02,
7617086,00000124,false,Rx,0,8,00,00,0A,00,00,00,20,40,
7617351,0000011C,false,Rx,0,8,00,05,20,00,22,00,01,01,
7617576,0000012B,false,Rx,0,8,B0,96,8F,06,00,00,08,00,
7617852,0000012C,false,Rx,0,8,00,00,01,00,00,64,00,00,
7623816,0000010B,false,Rx,0,8,42,35,D5,00,00,00,00,05,
7624047,0000010C,false,Rx,0,8,FF,F9,E7,1F,46,50,48,48,
7624121,0000010D,false,Rx,0,8,B5,02,00,00,00,00,01,00,
7624171,0000010E,false,Rx,0,8,00,00,1E,00,00,C0,AB,57,
7630257,00000226,false,Rx,0,8,43,90,19,FF,63,60,09,42,
7630349,00000227,false,Rx,0,8,02,94,00,09,03,F1,9F,03,
7634426,00000091,false,Rx,0,8,75,B1,CB,16,06,00,00,00,
7634519,00000092,false,Rx,0,8,26,00,00,00,60,02,00,00,
7634978,00000093,false,Rx,0,8,00,00,00,00,00,00,00,00,
7635039,00000094,false,Rx,0,8,00,00,00,00,00,00,00,00,
7635372,000003AA,false,Rx,0,8,FF,00,D0,00,54,00,00,00,
7635869,00000036,false,Rx,0,8,19,C2,EA,51,00,00,25,05,
7636121,00000037,false,Rx,0,8,30,00,00,10,00,40,00,00,
7636273,00000038,false,Rx,0,8,04,00,00,00,B0,39,96,D4,
7636398,00000039,false,Rx,0,8,00,00,00,00,00,00,00,00,
7636707,0000019B,false,Rx,0,8,96,63,E0,00,00,E4,00,00,
7637376,0000019C,false,Rx,0,8,40,20,00,00,00,00,0B,09,
7637723,0000019D,false,Rx,0,8,00,10,00,01,00,00,00,00,
7637807,000002D6,false,Rx,0,8,85,9D,63,00,00,00,00,00,
7638096,0000019E,false,Rx,0,8,15,00,00,00,00,32,00,00,
7638425,000002D7,false,Rx,0,8,00,00,00,00,03,00,00,00,
7638745,000002EB,false,Rx,0,8,B6,27,63,07,08,01,00,02,
7639063,000002D8,false,Rx,0,8,00,00,00,00,00,00,38,47,
7639459,000002EC,false,Rx,0,8,0A,00,CF,00,59,00,00,00,
7639754,000002D9,false,Rx,0,8,00,00,00,00,00,00,00,00,
7639843,000002ED,false,Rx,0,8,00,00,00,00,00,00,00,00,
7640055,000003B6,false,Rx,0,8,34,F4,63,00,00,00,00,46,
7640484,000002EE,false,Rx,0,8,00,00,00,00,00,00,00,00,
7640638,000001F1,false,Rx,0,8,A4,41,48,01,00,00,28,00,
7640795,000003B7,false,Rx,0,8,46,00,00,00,00,00,00,00,
7640852,000001F2,false,Rx,0,8,00,00,00,00,00,00,00,00,
7641154,000003B8,false,Rx,0,8,B2,02,00,00,00,00,69,0E,
7641507,00000495,false,Rx,0,8,49,00,00,00,00,00,00,00,
7641814,000003B9,false,Rx,0,8,00,00,00,00,00,00,00,00,
7646844,00000251,false,Rx,0,8,4D,6F,C8,00,00,00,00,00,
7646936,00000252,false,Rx,0,8,00,00,1B,1B,03,00,00,00,
7647367,000002AB,false,Rx,0,8,7D,AA,CB,0C,0C,00,00,00,
7647451,00000253,false,Rx,0,8,00,00,00,58,58,00,80,4D,
7647775,000002AC,false,Rx,0,8,00,FF,FF,00,00,40,00,54,
7648039,000002AD,false,Rx,0,8,00,01,00,40,FF,FF,FF,0F,
7648160,000003B1,false,Rx,0,8,C1,DE,00,80,00,00,20,00,
7648529,000002AE,false,Rx,0,8,01,00,FF,3F,01,01,00,00,
7649097,000002B6,false,Rx,0,8,C7,8C,CB,01,00,00,00,40,
7649428,0000033B,false,Rx,0,8,25,C0,CA,00,00,00,00,00,
7649528,000002B7,false,Rx,0,8,9F,00,50,1C,00,04,00,00,
7649837,0000033C,false,Rx,0,8,00,00,00,00,F0,00,00,00,
7650434,000002B8,false,Rx,0,8,FF,F8,10,00,00,00,00,00,
7650782,0000033D,false,Rx,0,8,00,00,00,00,00,00,00,00,
7651161,000002B9,false,Rx,0,8,0A,00,00,00,00,00,00,00,
7651478,000001AB,false,Rx,0,8,E5,9B,81,50,70,58,00,00,
7651755,000002C1,false,Rx,0,8,75,71,66,21,00,41,00,D3,
7652231,000001AC,false,Rx,0,8,00,28,00,00,00,00,00,00,
7652575,000002C2,false,Rx,0,8,1B,00,00,00,00,00,00,00,
7652932,0000033E,false,Rx,0,8,00,00,00,00,00,00,00,00,
7653263,000002C3,false,Rx,0,8,00,00,00,00,00,00,00,00,
7653555,00000356,false,Rx,0,8,4F,B3,65,00,00,00,00,00,
7653623,000002C4,false,Rx,0,8,00,00,00,00,00,00,00,00,
7653919,00000357,false,Rx,0,8,00,00,00,00,00,4B,4D,48,
7654238,000002E1,false,Rx,0,8,41,C7,CB,00,00,00,00,40,
7654309,00000358,false,Rx,0,8,35,41,45,4D,52,37,33,4F,
7654636,000002E2,false,Rx,0,8,FD,00,00,00,00,14,00,04,
7654999,00000359,false,Rx,0,8,51,4F,34,52,4A,35,33,00,
7655297,000002E3,false,Rx,0,8,00,00,00,00,00,00,72,01,
7655553,0000036F,false,Rx,0,8,89,B1,01,00,00,00,00,00,
7655704,000002E4,false,Rx,0,8,02,00,00,00,00,00,00,00,
7655920,0000037F,false,Rx,0,8,22,20,52,24,41,02,00,00,
7655997,00000419,false,Rx,0,8,B4,40,27,D5,29,87,90,00,
7656282,000003A1,false,Rx,0,8,73,71,4B,00,FF,FF,FF,FF,
7656559,00000061,false,Rx,0,8,C0,9F,6A,00,00,00,00,00,
7656946,000003A2,false,Rx,0,8,00,00,00,00,00,00,00,00,
7657255,00000062,false,Rx,0,8,02,02,00,02,40,FF,00,FF,
7657325,00000063,false,Rx,0,8,00,00,05,00,00,08,FD,00,
7657637,00000064,false,Rx,0,8,00,00,00,04,FF,FA,00,00,
7657793,000000A1,false,Rx,0,8,B0,2C,6A,57,61,02,8A,00,
7657841,000000A2,false,Rx,0,8,07,00,00,00,00,00,00,00,
7657890,000000A3,false,Rx,0,8,00,40,01,00,00,00,00,00,
7658640,00000146,false,Rx,0,8,DB,47,F7,10,04,05,00,00,
7659206,00000147,false,Rx,0,8,01,04,7D,00,40,49,07,00,
7659314,00000148,false,Rx,0,8,00,00,42,00,1E,89,40,05,
7659970,00000149,false,Rx,0,8,00,38,00,CC,00,00,00,00,
7660371,00000111,false,Rx,0,8,C1,6B,93,01,00,00,00,00,
7660685,00000112,false,Rx,0,8,00,00,00,00,00,00,00,00,
7661047,00000113,false,Rx,0,8,00,00,00,00,00,00,00,00,
7661310,00000114,false,Rx,0,8,00,00,00,00,00,00,00,00,
7666327,00000121,false,Rx,0,8,13,A6,D0,00,00,00,00,05,
7666419,000000FF,false,Rx,0,8,CB,10,00,00,00,00,02,00,
7666854,00000122,false,Rx,0,8,FF,D9,67,1F,46,48,46,45,
7666928,0000011B,false,Rx,0,8,94,1C,94,05,80,08,28,02,
7667307,00000123,false,Rx,0,8,B6,02,00,00,00,00,01,00,
7667563,0000011C,false,Rx,0,8,00,05,20,00,22,00,01,01,
7668016,00000124,false,Rx,0,8,00,00,0A,00,00,00,20,40,
7668119,000001B1,false,Rx,0,8,03,5D,F7,00,72,00,00,00,
7668243,00000487,false,Rx,1,8,00,00,00,00,00,00,00,00,
7668325,0000012B,false,Rx,0,8,72,4C,94,06,00,00,08,00,
7668497,000001B2,false,Rx,0,8,23,00,04,B7,0F,0A,50,10,
7668793,00000642,false,Rx,1,8,FF,FF,FF,FF,FF,FF,00,00,
7669178,0000012C,false,Rx,0,8,00,00,01,00,00,64,00,00,
7669502,000001B3,false,Rx,0,8,10,33,37,00,5A,7B,6B,7D,
7669822,00000645,false,Rx,1,8,C7,35,06,79,E0,32,56,00,
7670120,00000161,false,Rx,0,8,9B,02,CA,03,00,00,00,02,
7670250,000001B4,false,Rx,0,8,65,7D,10,00,00,41,00,00,
7670297,00000162,false,Rx,0,8,FF,FC,01,00,00,00,00,00,
7670340,00000394,false,Rx,0,8,2A,22,1A,49,00,00,00,00,
7670411,000003C3,false,Rx,0,8,45,10,31,30,36,00,00,00,
7670503,0000041A,false,Rx,0,8,95,40,12,00,00,00,00,00,
7670714,000003E0,false,Rx,0,8,01,70,01,00,54,03,00,00,
7671109,0000041B,false,Rx,0,8,60,30,00,00,00,00,00,00,
7671471,000003E5,false,Rx,0,8,8E,90,01,00,00,00,00,00,
7671790,0000041C,false,Rx,0,8,E9,80,E0,00,00,00,00,00,
7671861,000003E6,false,Rx,0,8,7F,00,00,00,00,00,00,00,
7672140,00000422,false,Rx,0,8,EA,C0,01,00,00,00,04,00,
7672422,00000432,false,Rx,0,8,03,20,02,00,00,00,00,00,
7673112,00000435,false,Rx,0,8,9F,D0,00,40,00,00,00,00,
7673466,00000442,false,Rx,0,8,CE,20,11,81,00,00,00,00,
7673778,0000010B,false,Rx,0,8,C3,41,DA,00,00,00,00,05,
7673874,00000444,false,Rx,0,8,6C,30,20,50,55,50,00,00,
7674157,0000010C,false,Rx,0,8,FF,F9,E7,1F,46,50,48,48,
7674260,00000445,false,Rx,0,8,00,10,00,00,00,00,00,18,
7674456,0000010D,false,Rx,0,8,B5,02,00,00,00,00,01,00,
7674550,00000464,false,Rx,0,8,B2,70,F0,FF,38,7F,05,00,
7675179,0000010E,false,Rx,0,8,00,00,1E,00,00,C0,AB,57,
7675881,00000566,false,Rx,0,8,16,02,00,00,00,00,FF,FF,
7677882,000001A1,false,Rx,0,8,8F,00,CA,FE,F7,7F,64,00,
7678219,000001A2,false,Rx,0,8,44,00,00,00,27,08,00,00,
7678488,000001A3,false,Rx,0,8,FF,F3,3F,00,00,00,00,00,
7678603,000001A4,false,Rx,0,8,FE,07,00,00,00,00,00,00,
7680528,0000030B,false,Rx,0,8,F3,54,CA,00,04,00,00,00,
7680626,0000030C,false,Rx,0,8,00,00,0E,00,2C,00,A0,0F,
7681003,0000030D,false,Rx,0,8,00,00,00,00,44,00,00,00,
7681087,0000030E,false,Rx,0,8,00,00,18,05,21,00,00,02,
7683195,000001E6,false,Rx,0,8,E8,86,91,02,00,00,00,00,
7683305,000001BB,false,Rx,0,8,66,C2,91,02,00,00,00,0A,
7683727,000001BC,false,Rx,0,8,32,00,00,00,02,00,00,00,
7683791,000001BD,false,Rx,0,8,00,00,00,00,00,00,00,00,
7684161,000001E7,false,Rx,0,8,00,00,22,03,20,01,00,00,
7685837,00000036,false,Rx,0,8,66,EE,EF,51,00,00,25,05,
7685940,00000037,false,Rx,0,8,30,00,00,10,00,40,00,00,
7686319,00000038,false,Rx,0,8,04,00,00,00,B0,39,96,D4,
7686390,00000039,false,Rx,0,8,00,00,00,00,00,00,00,00,
7686683,0000019B,false,Rx,0,8,E9,4F,E5,00,00,E4,00,00,
7686823,0000019C,false,Rx,0,8,40,20,00,00,00,00,0B,09,
7687156,0000019D,false,Rx,0,8,00,10,00,01,00,00,00,00,
7687358,0000019E,false,Rx,0,8,15,00,00,00,00,32,00,00,
7687769,000001FB,false,Rx,0,8,FD,F4,C2,00,00,00,00,00,
7688103,000001FC,false,Rx,0,8,00,00,00,00,00,00,00,00,
7688293,000001FD,false,Rx,0,8,00,1A,03,00,00,00,00,00,
7688565,00000475,false,Rx,0,8,12,00,00,00,00,00,00,00,
7688889,000001FE,false,Rx,0,8,00,00,00,00,00,00,00,00,
7689224,00000496,false,Rx,0,8,12,00,00,00,00,00,00,00,
7692486,00000419,false,Rx,0,8,B4,40,27,D5,29,87,90,00,
7694407,00000383,false,Rx,0,8,5A,53,00,10,01,00,00,00,
7699717,00000448,false,Rx,0,8,DE,80,00,00,00,00,00,00,
7705039,00000061,false,Rx,0,8,BF,B3,6F,00,00,00,00,00,
7705130,00000062,false,Rx,0,8,02,02,00,02,40,FF,00,FF,
7705545,00000063,false,Rx,0,8,00,00,05,00,00,08,FD,00,
7705902,00000064,false,Rx,0,8,00,00,00,04,FF,FA,00,00,
7706004,000000A1,false,Rx,0,8,8E,37,6F,57,61,02,8A,00,
7706413,000000A2,false,Rx,0,8,06,00,00,00,00,00,00,00,
7706952,000000A3,false,Rx,0,8,00,40,01,00,00,00,00,00,
7708231,000004A3,false,Rx,1,8,80,00,48,0B,3E,00,00,00,
7708336,000004A4,false,Rx,1,8,FF,FF,FF,00,00,00,00,00,
7708483,00000382,false,Rx,0,8,2B,FE,21,00,00,05,09,00,
7710723,000002BF,false,Rx,0,8,FF,FF,FF,00,00,00,00,00,
7710826,0000047F,false,Rx,0,8,F0,FC,FF,FF,FF,FF,FF,FF,
7711287,00000653,false,Rx,0,8,0A,19,03,01,02,2A,00,00,
7711619,00000236,false,Rx,0,8,D8,EF,C9,00,34,6C,AE,62,
7712107,000002FB,false,Rx,0,8,D2,CE,C9,04,72,1A,B4,B4,
7712326,00000237,false,Rx,0,8,00,15,47,00,00,1E,1B,00,
7712376,00000151,false,Rx,0,8,9E,18,C9,64,C8,00,28,18,
7712502,000001F6,false,Rx,0,8,D5,C4,C9,00,00,00,00,0E,
7712744,00000152,false,Rx,0,8,14,17,17,00,51,00,00,00,
7712979,000001F7,false,Rx,0,8,26,00,DA,02,00,00,00,00,
7713225,00000153,false,Rx,0,8,00,00,00,00,00,00,00,00,
7713463,000001F8,false,Rx,0,8,00,5E,01,45,01,00,00,00,
7713720,00000154,false,Rx,0,8,00,00,00,00,00,00,00,00,
7713953,000001F9,false,Rx,0,8,4B,00,64,C8,14,00,4B,00,
7714198,000002FC,false,Rx,0,8,0F,00,14,18,00,00,8E,43,
7714429,00000238,false,Rx,0,8,00,00,72,00,00,00,00,00,
7714693,000002FD,false,Rx,0,8,00,00,00,00,00,1C,13,EA,
7714953,00000239,false,Rx,0,8,00,00,00,00,01,00,00,00,
7715181,000002FE,false,Rx,0,8,00,00,72,01,00,28,C8,02,
7715408,0000025B,false,Rx,0,8,1B,56,C9,40,40,20,00,00,
7715659,00000326,false,Rx,0,8,AC,B3,C9,00,00,00,00,00,
7715885,0000025C,false,Rx,0,8,00,00,26,00,B4,2C,19,00,
7716128,00000121,false,Rx,0,8,9A,4C,D5,00,00,00,00,05,
7716373,0000025D,false,Rx,0,8,00,C8,00,00,00,80,C0,70,
7716609,00000122,false,Rx,0,8,FF,D9,67,1F,46,47,46,45,
7716830,0000011B,false,Rx,0,8,E7,25,99,05,80,08,28,02,
7717083,00000123,false,Rx,0,8,B6,02,00,00,00,00,01,00,
7717324,0000011C,false,Rx,0,8,00,05,20,00,22,00,01,01,
7717586,00000124,false,Rx,0,8,00,00,0A,00,00,00,20,40,
7717804,000001E1,false,Rx,0,8,D0,69,85,02,00,00,00,00,
7718055,0000012B,false,Rx,0,8,01,75,99,06,00,00,08,00,
7718305,000001E2,false,Rx,0,8,00,00,00,00,00,00,00,00,
7718548,0000012C,false,Rx,0,8,00,00,01,00,00,64,00,00,
7718779,0000025E,false,Rx,0,8,02,07,0E,01,00,00,46,00,
7719039,00000327,false,Rx,0,8,00,00,00,00,05,00,00,00,
7719288,00000328,false,Rx,0,8,DA,02,4B,00,00,5E,01,00,
7719570,00000329,false,Rx,0,8,64,45,01,00,00,00,00,00,
7719827,00000331,false,Rx,0,8,8F,16,C9,F1,C8,A0,2C,97,
7720087,00000332,false,Rx,0,8,E8,08,FC,03,00,00,00,00,
7720332,00000333,false,Rx,0,8,00,00,00,1C,0C,40,20,64,
7720605,00000334,false,Rx,0,8,C8,00,00,00,08,44,F4,8F,
7723192,0000010B,false,Rx,0,8,BC,6D,DF,00,00,00,00,05,
7723428,0000010C,false,Rx,0,8,FF,F9,E7,1F,46,50,48,48,
7723666,0000010D,false,Rx,0,8,B5,02,00,00,00,00,01,00,
7724112,0000010E,false,Rx,0,8,00,00,1E,00,00,C0,AB,57,
7730399,000002FF,false,Rx,0,8,D4,CB,00,71,02,00,00,00,
7730491,00000316,false,Rx,0,8,9C,52,0D,34,06,80,0A,00,
7730931,00000472,false,Rx,0,8,5C,EC,00,40,08,41,00,45,
7730992,00000317,false,Rx,0,8,00,00,05,00,00,00,00,00,
7731389,00000473,false,Rx,0,8,5F,24,00,25,00,00,00,78,
7731697,00000474,false,Rx,0,8,91,72,00,00,00,00,00,08,
7734442,00000091,false,Rx,0,8,6C,C0,CC,16,06,00,00,00,
7734533,00000092,false,Rx,0,8,28,00,00,00,80,02,00,00,
7734986,00000093,false,Rx,0,8,00,00,00,00,00,00,00,00,
7735183,00000094,false,Rx,0,8,00,00,00,00,00,00,00,00,
7735767,00000036,false,Rx,0,8,1B,2B,F4,51,00,00,25,05,
7736114,00000037,false,Rx,0,8,30,00,00,10,00,40,00,00,
7736166,00000038,false,Rx,0,8,04,00,00,00,B0,39,96,D4,
7736496,00000039,false,Rx,0,8,00,00,00,00,00,00,00,00,
7736588,0000019B,false,Rx,0,8,68,3B,EA,00,00,E4,00,00,
7736918,00000256,false,Rx,0,8,2A,B8,C8,15,40,00,10,01,
7737157,0000019C,false,Rx,0,8,40,20,00,00,00,00,0B,09,
7737256,00000257,false,Rx,0,8,00,93,41,1B,85,07,00,94,
7737497,0000019D,false,Rx,0,8,00,10,00,01,00,00,00,00,
7737749,00000258,false,Rx,0,8,35,F1,1A,00,10,15,00,28,
7738010,0000019E,false,Rx,0,8,15,00,00,00,00,32,00,00,
7738229,00000259,false,Rx,0,8,6D,05,8E,3C,4C,02,00,00,
7738459,000002E6,false,Rx,0,8,6D,2C,C8,01,00,00,00,15,
7738730,000002E7,false,Rx,0,8,0A,00,00,00,00,00,00,00,
7738979,000002E8,false,Rx,0,8,00,00,00,00,00,00,00,00,
7739246,000002E9,false,Rx,0,8,00,00,00,00,00,00,00,00,
7741436,00000384,false,Rx,0,8,BA,56,0D,01,00,FF,00,24,
7743904,00000401,false,Rx,0,8,C6,10,10,00,00,04,00,00,
7748294,0000042A,false,Rx,0,8,8E,83,0C,02,00,10,00,00,
7748387,00000396,false,Rx,0,8,BD,DA,64,0F,08,01,00,02,
7748807,00000397,false,Rx,0,8,25,00,43,10,3F,07,00,00,
7748895,00000398,false,Rx,0,8,00,00,00,00,00,00,00,00,
7749878,000001AB,false,Rx,0,8,20,F8,86,50,70,50,00,00,
7750012,000001AC,false,Rx,0,8,00,28,00,00,00,00,00,00,
7752358,0000036F,false,Rx,0,8,81,C1,01,00,00,00,00,00,
7752475,0000037F,false,Rx,0,8,9B,30,52,24,41,02,00,00,
7754995,00000061,false,Rx,0,8,C2,76,74,00,00,00,00,00,
7755104,00000062,false,Rx,0,8,02,02,00,02,40,FF,00,FF,
7755467,00000063,false,Rx,0,8,00,00,05,00,00,08,FD,00,
7755628,00000064,false,Rx,0,8,00,00,00,04,FF,FA,00,00,
7755889,000000A1,false,Rx,0,8,93,86,74,57,61,02,8A,00,
7756608,000000A2,false,Rx,0,8,05,00,00,00,00,00,00,00,
7756911,000000A3,false,Rx,0,8,00,40,01,00,00,00,00,00,
7758559,00000146,false,Rx,0,8,63,46,FC,10,04,05,00,00,
7758692,00000147,false,Rx,0,8,01,04,7D,00,40,49,07,00,
7759124,00000148,false,Rx,0,8,00,00,42,00,1E,89,40,05,
7759455,00000149,false,Rx,0,8,00,38,00,CC,00,00,00,00,
7766359,00000121,false,Rx,0,8,ED,FE,DA,00,00,00,00,05,
7766450,00000122,false,Rx,0,8,FF,D9,67,1F,46,48,46,45,
7766897,0000011B,false,Rx,0,8,78,4D,9E,05,80,08,28,02,
7766969,00000123,false,Rx,0,8,B6,02,00,00,00,00,01,00,
7767334,0000011C,false,Rx,0,8,00,05,20,00,22,00,01,01,
7767621,00000124,false,Rx,0,8,00,00,0A,00,00,00,20,40,
7767714,000001B1,false,Rx,0,8,BB,5C,FC,00,72,00,00,00,
7768001,0000012B,false,Rx,0,8,9E,1D,9E,06,00,00,08,00,
7768292,000001B2,false,Rx,0,8,23,00,04,B7,0F,0A,50,10,
7768661,0000012C,false,Rx,0,8,00,00,01,00,00,64,00,00,
7768983,000001B3,false,Rx,0,8,10,33,37,00,5A,7B,6B,7D,
7769290,00000161,false,Rx,0,8,6D,2A,CF,03,00,00,00,02,
7769473,000001B4,false,Rx,0,8,65,7D,10,00,00,41,00,00,
7769533,00000162,false,Rx,0,8,FF,FC,01,00,00,00,00,00,
7771745,000003B0,false,Rx,0,8,72,37,FF,C7,00,00,03,C0,
7772457,00000405,false,Rx,0,8,D2,10,00,00,00,01,00,00,
7772545,00000410,false,Rx,0,8,6A,60,57,3C,DE,6A,FF,FF,
7773368,00000411,false,Rx,0,8,04,D1,50,51,00,00,44,04,
7773956,00000413,false,Rx,0,8,08,60,00,00,00,00,00,00,
7774034,00000412,false,Rx,0,8,CC,E0,00,00,00,00,00,00,
7774087,0000010B,false,Rx,0,8,6A,31,E4,00,00,00,00,05,
7774150,00000414,false,Rx,0,8,41,70,00,00,28,00,00,00,
7774565,0000010C,false,Rx,0,8,FF,F9,E7,1F,46,50,48,48,
7774853,00000416,false,Rx,0,8,55,00,00,00,00,00,00,00,
7775037,0000010D,false,Rx,0,8,B5,02,00,00,00,00,01,00,
7775096,00000417,false,Rx,0,8,20,E0,00,00,00,00,00,00,
7775235,0000010E,false,Rx,0,8,00,00,1E,00,00,C0,AB,57,
7775511,00000418,false,Rx,0,8,07,C0,00,00,14,0C,00,00,
7775897,00000419,false,Rx,0,8,B4,40,27,D5,29,87,90,00,
7776230,00000516,false,Rx,0,8,61,02,00,00,00,00,FF,FF,
7777963,000001A1,false,Rx,0,8,F0,2C,CF,FE,F7,7F,64,00,
7778276,000001A2,false,Rx,0,8,44,00,00,00,27,08,00,00,
7778344,000001A3,false,Rx,0,8,FF,F3,3F,00,00,00,00,00,
7778400,000001A4,false,Rx,0,8,FE,07,00,00,00,00,00,00,
7780496,000000C5,false,Rx,1,8,00,00,00,00,00,00,00,00,
7780941,00000244,false,Rx,1,8,FF,FF,FF,FF,FF,FF,FF,FF,
7781092,000003E4,false,Rx,1,8,FE,00,00,00,00,00,00,00,
7781530,0000041F,false,Rx,1,8,00,0C,00,00,00,00,00,00,
7781806,000004B4,false,Rx,1,8,00,00,05,40,10,70,04,00,
7782368,000003B2,false,Rx,0,8,36,15,FF,02,29,2F,34,00,
7783104,000004B5,false,Rx,1,8,08,00,F0,07,00,00,00,00,
7783621,000004B7,false,Rx,1,8,08,00,F0,07,00,00,00,00,
7783742,000004CA,false,Rx,1,8,00,00,00,00,00,00,00,00,
7783792,000004CC,false,Rx,1,8,08,00,00,06,00,00,03,00,
7783884,000004CE,false,Rx,1,8,DE,01,00,00,00,00,F8,FF,
7783952,000004D7,false,Rx,1,8,23,01,00,00,00,00,00,00,
7784222,000004D8,false,Rx,1,8,41,10,F0,F0,40,F2,1E,CC,
7784719,000004DD,false,Rx,1,8,00,00,FE,00,04,00,00,00,
7785194,000004DF,false,Rx,1,8,00,00,08,00,00,00,00,00,
7785488,000004E7,false,Rx,1,8,00,30,00,00,00,00,69,00,
7785755,000004E8,false,Rx,1,8,FF,FF,FF,05,FF,FF,FF,00,
7786031,000004E9,false,Rx,1,8,12,00,00,34,00,00,50,00,
7786301,000004EA,false,Rx,1,8,67,00,00,89,00,00,00,00,
7786400,000004EB,false,Rx,1,8,02,80,15,08,80,00,00,00,
7786572,000004EC,false,Rx,1,8,00,00,00,00,00,00,00,00,
7786712,000004ED,false,Rx,1,8,00,00,00,00,00,FF,FF,1F,
7787155,00000036,false,Rx,0,8,16,ED,F9,51,00,00,25,05,
7787592,000004EE,false,Rx,1,8,FF,FF,00,00,00,00,00,00,
7788049,00000037,false,Rx,0,8,30,00,00,10,00,40,00,00,
7788178,000004EF,false,Rx,1,8,60,00,60,00,2B,14,00,00,
7788229,0000063D,false,Rx,1,8,00,80,00,00,00,00,00,00,
7788517,00000038,false,Rx,0,8,04,00,00,00,B0,39,96,D4,
7788636,0000063E,false,Rx,1,8,FF,FF,FF,FF,FF,FF,FF,FF,
7788714,0000019B,false,Rx,0,8,17,17,EF,00,00,E4,00,00,
7789018,0000063F,false,Rx,1,8,00,10,00,C4,FF,00,00,00,
7789083,00000039,false,Rx,0,8,00,00,00,00,00,00,00,00,
7789244,00000640,false,Rx,1,8,FF,FF,FF,00,FF,FF,FF,00,
7789288,0000019C,false,Rx,0,8,40,20,00,00,00,00,0B,09,
7789335,00000641,false,Rx,1,8,FF,FF,FF,FF,0F,FF,FF,FF,
7789393,0000019D,false,Rx,0,8,00,10,00,01,00,00,00,00,
7789465,00000646,false,Rx,1,8,00,00,00,80,01,00,00,00,
7789518,0000019E,false,Rx,0,8,15,00,00,00,00,32,00,00,
7789594,00000380,false,Rx,0,8,96,92,03,08,08,08,08,01,
7789680,000001F1,false,Rx,0,8,E9,A9,4B,01,00,00,28,00,
7790195,000001F2,false,Rx,0,8,00,00,00,00,00,00,00,00,
7791155,00000427,false,Rx,0,8,1D,86,FF,00,80,0A,00,00,
7805035,00000061,false,Rx,0,8,CF,B0,79,00,00,00,00,00,
7805120,00000062,false,Rx,0,8,02,02,00,02,40,FF,00,FF,
7805567,00000063,false,Rx,0,8,00,00,05,00,00,08,FD,00,
7805634,00000064,false,Rx,0,8,00,00,00,04,FF,FA,00,00,
7806023,000000A1,false,Rx,0,8,A5,C5,79,57,61,02,8A,00,
7806274,000000A2,false,Rx,0,8,05,00,00,00,00,00,00,00,
7806574,000000A3,false,Rx,0,8,00,40,01,00,00,00,00,00,
7816516,00000121,false,Rx,0,8,64,14,DF,00,00,00,00,05,
7816600,00000122,false,Rx,0,8,FF,D9,67,1F,46,47,46,45,
7817027,0000011B,false,Rx,0,8,15,11,A3,05,80,08,28,02,
7817095,00000123,false,Rx,0,8,B6,02,00,00,00,00,01,00,
7817479,0000011C,false,Rx,0,8,00,05,20,00,22,00,01,01,
7817810,00000124,false,Rx,0,8,00,00,0A,00,00,00,20,40,
7817952,0000012B,false,Rx,0,8,F3,41,A3,06,00,00,08,00,
7818052,0000012C,false,Rx,0,8,00,00,01,00,00,64,00,00,
7823245,0000010B,false,Rx,0,8,67,F7,E9,00,00,00,00,05,
7823417,0000010C,false,Rx,0,8,FF,F9,E7,1F,46,50,48,48,
7823661,0000010D,false,Rx,0,8,B5,02,00,00,00,00,01,00,
7823914,0000010E,false,Rx,0,8,00,00,1E,00,00,C0,AB,57,
7829908,00000226,false,Rx,0,8,2A,D0,1B,FF,63,60,09,42,
7830001,00000227,false,Rx,0,8,02,94,00,09,03,F1,9F,03,
7833125,000001E6,false,Rx,0,8,1E,AE,94,02,00,00,00,00,
7833236,000001BB,false,Rx,0,8,69,29,94,02,00,00,00,0A,
7833677,000001BC,false,Rx,0,8,32,00,00,00,02,00,00,00,
7833808,000001BD,false,Rx,0,8,00,00,00,00,00,00,00,00,
7833958,000001E7,false,Rx,0,8,00,00,22,03,20,01,00,00,
7834482,00000091,false,Rx,0,8,2A,99,CD,16,06,00,00,00,
7834813,00000092,false,Rx,0,8,28,00,00,00,80,02,00,00,
7835093,00000093,false,Rx,0,8,00,00,00,00,00,00,00,00,
7835164,00000094,false,Rx,0,8,00,00,00,00,00,00,00,00,
7835800,000003AA,false,Rx,0,8,FF,00,D0,00,54,00,00,00,
7836184,00000036,false,Rx,0,8,E5,73,FE,51,00,00,25,05,
7836496,00000037,false,Rx,0,8,30,00,00,10,00,40,00,00,
7836769,00000038,false,Rx,0,8,04,00,00,00,B0,39,96,D4,
7836883,00000039,false,Rx,0,8,00,00,00,00,00,00,00,00,
7837170,0000019B,false,Rx,0,8,6A,D2,F4,00,00,E4,00,00,
7837441,0000019C,false,Rx,0,8,40,20,00,00,00,00,0B,09,
7837556,0000019D,false,Rx,0,8,00,10,00,01,00,00,00,00,
7837889,000002D6,false,Rx,0,8,76,03,64,00,00,00,00,00,
7838224,0000019E,false,Rx,0,8,15,00,00,00,00,32,00,00,
7838551,000002D7,false,Rx,0,8,00,00,00,00,03,00,00,00,
7838892,000002EB,false,Rx,0,8,A9,47,64,07,08,00,00,02,
7839180,000002D8,false,Rx,0,8,00,00,00,00,00,00,38,47,
7839277,000002EC,false,Rx,0,8,07,00,CF,00,59,00,00,00,
7839596,000002D9,false,Rx,0,8,00,00,00,00,00,00,00,00,
7839803,000002ED,false,Rx,0,8,00,00,00,00,00,00,00,00,
7839854,000003B6,false,Rx,0,8,C7,6A,64,00,00,00,00,46,
7839976,000002EE,false,Rx,0,8,00,00,00,00,00,00,00,00,
7840111,000003B7,false,Rx,0,8,46,00,00,00,00,00,00,00,
7840194,00000495,false,Rx,0,8,49,00,00,00,00,00,00,00,
7840272,000003B8,false,Rx,0,8,B2,02,00,00,00,00,69,0E,
7840585,000003B9,false,Rx,0,8,00,00,00,00,00,00,00,00,
7846477,00000251,false,Rx,0,8,4B,01,CA,00,00,00,00,00,
7846569,00000252,false,Rx,0,8,00,00,1B,1B,03,00,00,00,
7846974,00000253,false,Rx,0,8,00,00,00,58,58,00,80,4D,
7847375,000002AB,false,Rx,0,8,C8,6D,CD,0C,0C,00,00,00,
7847464,000002AC,false,Rx,0,8,00,FF,FF,00,00,40,00,54,
7847755,000002AD,false,Rx,0,8,00,01,00,40,FF,FF,FF,0F,
7848221,000002AE,false,Rx,0,8,01,00,FF,3F,01,01,00,00,
7848808,000003B1,false,Rx,0,8,C1,DE,00,80,00,00,20,00,
7849139,000002B6,false,Rx,0,8,72,4B,CD,01,00,00,00,40,
7849230,000002B7,false,Rx,0,8,9F,00,50,1C,00,04,00,00,
7849698,0000033B,false,Rx,0,8,90,07,CC,00,00,00,00,00,
7849823,000002B8,false,Rx,0,8,FF,F8,10,00,00,00,00,00,
7849881,0000033C,false,Rx,0,8,00,00,00,00,F0,00,00,00,
7850154,000002B9,false,Rx,0,8,0A,00,00,00,00,00,00,00,
7850256,0000033D,false,Rx,0,8,00,00,00,00,00,00,00,00,
7850601,000002C1,false,Rx,0,8,33,28,67,21,00,41,00,D3,
7851168,0000033E,false,Rx,0,8,00,00,00,00,00,00,00,00,
7851257,000001AB,false,Rx,0,8,53,C1,8B,50,70,50,00,00,
7851481,000002C2,false,Rx,0,8,1B,00,00,00,00,00,00,00,
7851943,000001AC,false,Rx,0,8,00,28,00,00,00,00,00,00,
7852283,000002C3,false,Rx,0,8,00,00,00,00,00,00,00,00,
7852633,00000356,false,Rx,0,8,85,58,66,00,00,00,00,00,
7852936,000002C4,false,Rx,0,8,00,00,00,00,00,00,00,00,
7852991,00000357,false,Rx,0,8,00,00,00,00,00,4B,4D,48,
7853283,000002E1,false,Rx,0,8,F4,00,CD,00,00,00,00,40,
7853353,00000358,false,Rx,0,8,35,41,45,4D,52,37,33,4F,
7853631,000002E2,false,Rx,0,8,FD,00,00,00,00,14,00,04,
7853688,00000359,false,Rx,0,8,51,4F,34,52,4A,35,33,00,
7853998,000002E3,false,Rx,0,8,00,00,00,00,00,00,72,01,
7854295,0000036F,false,Rx,0,8,38,D1,01,00,00,00,00,00,
7854616,000002E4,false,Rx,0,8,02,00,00,00,00,00,00,00,
7854985,0000037F,false,Rx,0,8,93,40,52,24,41,02,00,00,
7855274,000003A1,false,Rx,0,8,EC,19,4C,00,FF,FF,FF,FF,
7855590,000003A2,false,Rx,0,8,00,00,00,00,00,00,00,00,
7855676,00000061,false,Rx,0,8,3C,2E,7E,00,00,00,00,00,
7855966,00000062,false,Rx,0,8,02,02,00,02,40,FF,00,FF,
7856264,00000063,false,Rx,0,8,00,00,05,00,00,08,FD,00,
7856577,00000064,false,Rx,0,8,00,00,00,04,FF,FA,00,00,
7856910,000000A1,false,Rx,0,8,AC,40,7E,57,61,02,8A,00,
7857005,000000A2,false,Rx,0,8,05,00,00,00,00,00,00,00,
7857281,000000A3,false,Rx,0,8,00,40,01,00,00,00,00,00,
7858920,00000146,false,Rx,0,8,6F,6D,01,10,04,05,00,00,
7859043,00000147,false,Rx,0,8,01,04,7D,00,40,48,07,00,
7859329,00000148,false,Rx,0,8,00,00,42,00,1E,89,40,05,
7859443,00000149,false,Rx,0,8,00,38,00,CC,00,00,00,00,
7860326,00000111,false,Rx,0,8,32,F5,94,01,00,00,00,00,
7860674,00000112,false,Rx,0,8,00,00,00,00,00,00,00,00,
7861023,00000113,false,Rx,0,8,00,00,00,00,00,00,00,00,
7861324,00000114,false,Rx,0,8,00,00,00,00,00,00,00,00,
7866242,000000FF,false,Rx,0,8,CB,10,00,00,00,00,02,00,
7866335,00000121,false,Rx,0,8,B2,48,E4,00,00,00,00,05,
7866797,00000122,false,Rx,0,8,FF,D9,67,1F,46,47,46,45,
7866867,00000394,false,Rx,0,8,2A,22,1A,49,00,00,00,00,
7867177,0000011B,false,Rx,0,8,DD,E8,A8,05,80,08,28,02,
7867273,00000123,false,Rx,0,8,B6,02,00,00,00,00,01,00,
7867584,0000011C,false,Rx,0,8,00,05,20,00,22,00,01,01,
7867830,00000124,false,Rx,0,8,00,00,0A,00,00,00,20,40,
7868212,000001B1,false,Rx,0,8,41,A2,01,00,72,00,00,00,
7868539,0000012B,false,Rx,0,8,3B,B8,A8,06,00,00,08,00,
7868851,000001B2,false,Rx,0,8,23,00,04,B7,0F,0A,50,10,
7868954,0000012C,false,Rx,0,8,00,00,01,00,00,64,00,00,
7869222,000001B3,false,Rx,0,8,10,33,37,00,5A,7B,6B,7D,
7869508,00000161,false,Rx,0,8,AF,F0,D4,03,00,00,00,02,
7869647,000001B4,false,Rx,0,8,65,7D,10,00,00,41,00,00,
7869835,00000162,false,Rx,0,8,FF,FC,01,00,00,00,00,00,
7869922,000001E1,false,Rx,0,8,A3,50,88,02,00,00,00,00,
7870518,000003C3,false,Rx,0,8,45,10,31,30,36,00,00,00,
7871323,000001E2,false,Rx,0,8,00,00,00,00,00,00,00,00,
7871432,000003E0,false,Rx,0,8,01,70,01,00,54,03,00,00,
7871664,00000487,false,Rx,1,8,00,00,00,00,00,00,00,00,
7871978,0000041A,false,Rx,0,8,95,40,12,00,00,00,00,00,
7872100,000003E5,false,Rx,0,8,8E,90,01,00,00,00,00,00,
7872161,00000642,false,Rx,1,8,FF,FF,FF,FF,FF,FF,00,00,
7872207,0000041B,false,Rx,0,8,60,30,00,00,00,00,00,00,
7872275,000003E6,false,Rx,0,8,7F,00,00,00,00,00,00,00,
7872356,0000041C,false,Rx,0,8,E9,80,E0,00,00,00,00,00,
7872525,00000422,false,Rx,0,8,EA,C0,01,00,00,00,04,00,
7872997,00000432,false,Rx,0,8,03,20,02,00,00,00,00,00,
7873569,00000561,false,Rx,0,8,63,02,00,00,00,00,FF,FF,
7873679,0000010B,false,Rx,0,8,94,69,EE,00,00,00,00,05,
7873964,00000435,false,Rx,0,8,9F,D0,00,40,00,00,00,00,
7874246,0000010C,false,Rx,0,8,FF,F9,E7,1F,46,50,48,48,
7874326,00000419,false,Rx,0,8,43,50,27,D5,2D,87,90,00,
7874618,0000010D,false,Rx,0,8,B5,02,00,00,00,00,01,00,
7874735,00000442,false,Rx,0,8,CE,20,11,81,00,00,00,00,
7874786,0000010E,false,Rx,0,8,00,00,1E,00,00,C0,AB,57,
7874953,00000444,false,Rx,0,8,6C,30,20,50,55,50,00,00,
7875223,00000445,false,Rx,0,8,00,10,00,00,00,00,00,18,
7875486,00000464,false,Rx,0,8,B2,70,F0,FF,38,7F,05,00,
7877551,000001A1,false,Rx,0,8,8D,E9,D4,FE,F7,7F,64,00,
7878219,000001A2,false,Rx,0,8,44,00,00,00,27,08,00,00,
7878545,000001A3,false,Rx,0,8,FF,F3,3F,00,00,00,00,00,
7878629,000001A4,false,Rx,0,8,FE,07,00,00,00,00,00,00,
7880656,0000030B,false,Rx,0,8,E6,21,CC,00,04,00,00,00,
7880935,0000030C,false,Rx,0,8,00,00,0E,00,2C,00,A0,0F,
7881238,0000030D,false,Rx,0,8,00,00,00,00,44,00,00,00,
7881295,0000030E,false,Rx,0,8,00,00,18,05,21,00,00,04,
7881395,00000643,false,Rx,1,8,00,FC,FF,FF,FF,FF,03,00,
7885973,00000036,false,Rx,0,8,1F,8D,03,51,00,00,25,05,
7886078,00000037,false,Rx,0,8,30,00,00,10,00,40,00,00,
7886123,00000038,false,Rx,0,8,04,00,00,00,B0,39,96,D4,
7886611,00000039,false,Rx,0,8,00,00,00,00,00,00,00,00,
7886912,0000019B,false,Rx,0,8,67,14,F9,00,00,E4,00,00,
7887199,0000019C,false,Rx,0,8,40,20,00,00,00,00,0B,09,
7887298,0000019D,false,Rx,0,8,00,10,00,01,00,00,00,00,
7887555,0000019E,false,Rx,0,8,15,00,00,00,00,32,00,00,
7887865,000001FB,false,Rx,0,8,48,33,C4,00,00,00,00,00,
7888110,000001FC,false,Rx,0,8,00,00,00,00,00,00,00,00,
7888361,00000475,false,Rx,0,8,12,00,00,00,00,00,00,00,
7888592,000001FD,false,Rx,0,8,00,1A,03,00,00,00,00,00,
7888843,00000496,false,Rx,0,8,12,00,00,00,00,00,00,00,
7889100,000001FE,false,Rx,0,8,00,00,00,00,00,00,00,00,
7894392,00000383,false,Rx,0,8,5A,53,00,10,01,00,00,00,
7899786,00000448,false,Rx,0,8,DE,80,00,00,00,00,00,00,
7905012,00000061,false,Rx,0,8,C6,D0,83,00,00,00,00,00,
7905117,00000062,false,Rx,0,8,02,02,00,02,40,FF,00,FF,
7905413,00000063,false,Rx,0,8,00,00,05,00,00,08,FD,00,
7905615,00000064,false,Rx,0,8,00,00,00,04,FF,FA,00,00,
7905846,000000A1,false,Rx,0,8,E9,00,83,57,61,02,8A,00,
7906137,000000A2,false,Rx,0,8,04,00,00,00,00,00,00,00,
7906372,000000A3,false,Rx,0,8,00,40,01,00,00,00,00,00,
7908270,00000382,false,Rx,0,8,2B,FE,21,00,00,05,09,00,
7909607,00000415,false,Rx,0,8,40,13,10,00,08,01,00,00,
7910518,000002BF,false,Rx,0,8,FF,FF,FF,00,00,00,00,00,
7911353,0000047F,false,Rx,0,8,F0,FC,FF,FF,FF,FF,FF,FF,
7911703,000004A3,false,Rx,1,8,80,00,48,0B,3E,00,00,00,
7911900,00000653,false,Rx,0,8,0A,19,03,01,02,2A,00,00,
7911986,000004A4,false,Rx,1,8,FF,FF,FF,00,00,00,00,00,
7912053,00000236,false,Rx,0,8,54,5D,CB,00,34,6C,AE,62,
7912371,000002FB,false,Rx,0,8,5E,7C,CB,04,72,1A,B4,B4,
7912479,00000237,false,Rx,0,8,00,15,47,00,00,1E,1B,00,
7912786,00000151,false,Rx,0,8,12,AA,CB,64,C8,00,28,18,
7913121,000001F6,false,Rx,0,8,59,76,CB,00,00,00,00,0E,
7913463,00000152,false,Rx,0,8,14,17,17,00,51,00,00,00,
7913758,000001F7,false,Rx,0,8,26,00,DA,02,00,00,00,00,
7913960,00000153,false,Rx,0,8,00,00,00,00,00,00,00,00,
7914444,000001F8,false,Rx,0,8,00,5E,01,45,01,00,00,00,
7914677,00000154,false,Rx,0,8,00,00,00,00,00,00,00,00,
7914728,000001F9,false,Rx,0,8,4B,00,64,C8,14,00,4B,00,
7914799,000002FC,false,Rx,0,8,0F,00,14,18,00,00,8E,43,
7914935,00000238,false,Rx,0,8,00,00,72,00,00,00,00,00,
7914983,000002FD,false,Rx,0,8,00,00,00,00,00,1C,13,EA,
7915032,00000239,false,Rx,0,8,00,00,00,00,01,00,00,00,
7915214,000002FE,false,Rx,0,8,00,00,72,01,00,28,C8,02,
7915433,0000025B,false,Rx,0,8,97,E4,CB,40,40,20,00,00,
7915679,00000326,false,Rx,0,8,20,01,CB,00,00,00,00,00,
7916133,0000025C,false,Rx,0,8,00,00,26,00,B4,2C,19,00,
7916464,00000121,false,Rx,0,8,49,48,E9,00,00,00,00,05,
7916771,0000025D,false,Rx,0,8,00,C8,00,00,00,80,C0,70,
7917074,00000122,false,Rx,0,8,FF,D9,67,1F,46,48,46,45,
7917168,0000025E,false,Rx,0,8,02,07,0E,01,00,00,46,00,
7917453,0000011B,false,Rx,0,8,2B,C0,AD,05,80,08,28,02,
7917510,00000123,false,Rx,0,8,B6,02,00,00,00,00,01,00,
7917953,0000011C,false,Rx,0,8,00,05,20,00,22,00,01,01,
7918036,00000124,false,Rx,0,8,00,00,0A,00,00,00,20,40,
7918080,00000327,false,Rx,0,8,00,00,00,00,05,00,00,00,
7918468,0000012B,false,Rx,0,8,CD,90,AD,06,00,00,08,00,
7919105,00000328,false,Rx,0,8,DA,02,4B,00,00,5E,01,00,
7919192,0000012C,false,Rx,0,8,00,00,01,00,00,64,00,00,
7919476,00000329,false,Rx,0,8,64,45,01,00,00,00,00,00,
7919608,00000419,false,Rx,0,8,43,50,27,D5,2D,87,90,00,
7919663,00000331,false,Rx,0,8,03,A4,CB,F1,C8,A0,2C,97,
7920162,00000332,false,Rx,0,8,E8,08,FC,03,00,00,00,00,
7920503,00000333,false,Rx,0,8,00,00,00,1C,0C,40,20,64,
7920753,00000334,false,Rx,0,8,C8,00,00,00,08,44,F4,8F,
7923764,0000010B,false,Rx,0,8,67,23,F3,00,00,00,00,05,
7924092,0000010C,false,Rx,0,8,FF,F9,E7,1F,46,4F,48,48,
7924309,0000010D,false,Rx,0,8,B5,02,00,00,00,00,01,00,
7924374,0000010E,false,Rx,0,8,00,00,1E,00,00,C0,AB,57,
7930417,000002FF,false,Rx,0,8,D4,CB,00,71,02,00,00,00,
7930509,00000316,false,Rx,0,8,D1,BA,0E,34,06,80,0A,00,
7930942,00000472,false,Rx,0,8,5C,EC,00,40,08,41,00,45,
7931008,00000317,false,Rx,0,8,00,00,05,00,00,00,00,00,
7931376,00000473,false,Rx,0,8,5F,24,00,25,00,00,00,78,
7931687,00000474,false,Rx,0,8,91,72,00,00,00,00,00,08,
7934413,00000091,false,Rx,0,8,2D,8C,CE,16,06,00,00,00,
7934506,00000092,false,Rx,0,8,27,00,00,00,70,02,00,00,
7934927,00000093,false,Rx,0,8,00,00,00,00,00,00,00,00,
7935005,00000094,false,Rx,0,8,00,00,00,00,00,00,00,00,
7935722,00000036,false,Rx,0,8,A7,8C,08,51,00,00,25,05,
7936047,00000037,false,Rx,0,8,30,00,00,10,00,40,00,00,
7936140,00000038,false,Rx,0,8,04,00,00,00,B0,39,96,D4,
7936200,0000048B,false,Rx,0,8,F1,64,7B,1E,01,00,00,00,
7936905,00000039,false,Rx,0,8,00,00,00,00,00,00,00,00,
7937204,0000019B,false,Rx,0,8,94,8A,FE,00,00,E4,00,00,
7937488,00000256,false,Rx,0,8,F6,2C,CA,15,40,00,F0,00,
7937977,0000019C,false,Rx,0,8,40,20,00,00,00,00,0B,09,
7938498,00000257,false,Rx,0,8,00,93,41,19,85,07,00,94,
7938610,0000019D,false,Rx,0,8,00,10,00,01,00,00,00,00,
7938972,00000258,false,Rx,0,8,35,F1,1A,00,10,15,00,28,
7939189,0000019E,false,Rx,0,8,15,00,00,00,00,32,00,00,
7939692,00000259,false,Rx,0,8,61,05,8E,3C,4C,02,00,00,
7940044,000002E6,false,Rx,0,8,E1,9E,CA,01,00,00,00,15,
7940599,0000048C,false,Rx,0,8,00,00,00,00,00,00,00,00,
7940944,000002E7,false,Rx,0,8,0A,00,00,00,00,00,00,00,
7941050,000002E8,false,Rx,0,8,00,00,00,00,00,00,00,00,
7941326,000002E9,false,Rx,0,8,00,00,00,00,00,00,00,00,
7941405,000001F1,false,Rx,0,8,1F,81,4E,01,00,00,28,00,
7941718,000001F2,false,Rx,0,8,00,00,00,00,00,00,00,00,
7941835,00000384,false,Rx,0,8,BA,56,0D,01,00,FF,00,24,
7943724,00000401,false,Rx,0,8,C6,10,10,00,00,04,00,00,
7948193,00000396,false,Rx,0,8,FB,85,65,0F,08,02,00,02,
7948286,0000042A,false,Rx,0,8,8E,83,0C,02,00,10,00,00,
7948701,00000397,false,Rx,0,8,1C,00,43,10,3F,07,00,00,
7948775,00000398,false,Rx,0,8,00,00,00,00,00,00,00,00,
7949824,000001AB,false,Rx,0,8,7F,06,90,50,70,48,00,00,
7949941,000001AC,false,Rx,0,8,00,28,00,00,00,00,00,00,
7952356,0000036F,false,Rx,0,8,EE,E1,01,00,00,00,00,00,
7952448,0000037F,false,Rx,0,8,2A,50,52,24,41,02,00,00,
7952925,00000419,false,Rx,0,8,43,50,27,D5,2D,87,90,00,
7955080,00000061,false,Rx,0,8,7E,D1,88,00,00,00,00,00,
7955171,00000062,false,Rx,0,8,02,02,00,02,40,FF,00,FF,
7955637,00000063,false,Rx,0,8,00,00,05,00,00,08,FD,00,
7955717,00000064,false,Rx,0,8,00,00,00,04,FF,FA,00,00,
7956131,000000A1,false,Rx,0,8,D5,F1,88,57,61,02,8A,00,
7956726,000000A2,false,Rx,0,8,04,00,00,00,00,00,00,00,
7957007,000000A3,false,Rx,0,8,00,40,01,00,00,00,00,00,
7958450,00000146,false,Rx,0,8,9C,F3,06,10,04,05,00,00,
7958554,00000147,false,Rx,0,8,01,04,7D,00,40,48,07,00,
7958835,00000148,false,Rx,0,8,00,00,42,00,1E,89,40,05,
7959078,00000149,false,Rx,0,8,00,38,00,CC,00,00,00,00,
7966316,00000121,false,Rx,0,8,4C,10,EE,00,00,00,00,05,
7966409,00000122,false,Rx,0,8,FF,D9,67,1F,46,47,46,45,
7966783,00000123,false,Rx,0,8,B6,02,00,00,00,00,01,00,
7966884,00000563,false,Rx,1,8,65,02,00,00,00,00,FF,FF,
7966940,0000011B,false,Rx,0,8,3B,9A,B2,05,80,08,28,02,
7967164,00000124,false,Rx,0,8,00,00,0A,00,00,00,20,40,
7967350,0000011C,false,Rx,0,8,00,05,20,00,22,00,01,01,
7967567,0000012B,false,Rx,0,8,DD,CA,B2,06,00,00,08,00,
7967827,000001B1,false,Rx,0,8,B2,3C,06,00,72,00,00,00,
7968056,0000012C,false,Rx,0,8,00,00,01,00,00,64,00,00,
7968289,000001B2,false,Rx,0,8,23,00,04,B7,0F,0A,50,10,
7968524,00000161,false,Rx,0,8,DC,C9,D9,03,00,00,00,02,
7968755,000001B3,false,Rx,0,8,10,33,37,00,5A,7B,6B,7D,
7969008,00000162,false,Rx,0,8,FF,FC,01,00,00,00,00,00,
7969240,000001B4,false,Rx,0,8,65,7D,10,00,00,41,00,00,
7969492,0000034B,false,Rx,0,8,F9,3E,7B,31,D8,0D,05,01,
7969969,0000034C,false,Rx,0,8,00,00,00,00,00,00,00,00,
7970238,0000034D,false,Rx,0,8,00,00,00,00,00,00,00,00,
7970501,0000034E,false,Rx,0,8,00,00,00,00,00,00,00,00,
7971087,000003B0,false,Rx,0,8,72,37,FF,C7,00,00,03,C0,
7972139,00000405,false,Rx,0,8,D2,10,00,00,00,01,00,00,
7972401,00000410,false,Rx,0,8,6A,60,57,3C,DE,6A,FF,FF,
7972637,00000411,false,Rx,0,8,04,D1,50,51,00,00,44,04,
7972913,00000412,false,Rx,0,8,CC,E0,00,00,00,00,00,00,
7973167,00000413,false,Rx,0,8,08,60,00,00,00,00,00,00,
7973406,0000010B,false,Rx,0,8,E4,6A,F8,00,00,00,00,05,
7973658,00000414,false,Rx,0,8,41,70,00,00,28,00,00,00,
7973866,0000010C,false,Rx,0,8,FF,F9,E7,1F,46,50,48,48,
7974129,00000416,false,Rx,0,8,55,00,00,00,00,00,00,00,
7974555,0000010D,false,Rx,0,8,B5,02,00,00,00,00,01,00,
7974612,00000417,false,Rx,0,8,20,E0,00,00,00,00,00,00,
7974853,0000010E,false,Rx,0,8,00,00,1E,00,00,C0,AB,57,
7975106,00000418,false,Rx,0,8,07,C0,00,00,14,0C,00,00,
7977558,00000419,false,Rx,0,8,43,50,27,D5,2D,87,90,00,
7977729,000001A1,false,Rx,0,8,80,2F,D9,FE,F7,7F,64,00,
7977971,000001A2,false,Rx,0,8,44,00,00,00,27,08,00,00,
7978311,000001A3,false,Rx,0,8,FF,F3,3F,00,00,00,00,00,
7978556,000001A4,false,Rx,0,8,FE,07,00,00,00,00,00,00,
7981127,000003B2,false,Rx,0,8,36,15,FF,02,29,2F,34,00,
7981799,000000C5,false,Rx,1,8,00,00,00,00,00,00,00,00,
7982094,00000244,false,Rx,1,8,FF,FF,FF,FF,FF,FF,FF,FF,
7982357,000004B4,false,Rx,1,8,00,00,05,40,10,70,04,00,
7982650,000004B5,false,Rx,1,8,08,00,F0,07,00,00,00,00,
7982894,000004B7,false,Rx,1,8,08,00,F0,07,00,00,00,00,
7983191,000001E6,false,Rx,0,8,53,46,97,02,00,00,00,00,
7983264,000004CA,false,Rx,1,8,00,00,00,00,00,00,00,00,
7983378,000001E7,false,Rx,0,8,00,00,22,03,20,01,00,00,
7983453,000004CC,false,Rx,1,8,08,00,00,06,00,00,03,00,
7983898,000001BB,false,Rx,0,8,6C,70,97,02,00,00,00,0A,
7983977,000004CE,false,Rx,1,8,DE,01,00,00,00,00,F8,FF,
7984377,000001BC,false,Rx,0,8,32,00,00,00,02,00,00,00,
7984453,000004D7,false,Rx,1,8,23,01,00,00,00,00,00,00,
7984863,000004D8,false,Rx,1,8,41,10,F0,F0,40,F2,1E,CC,
7984939,000001BD,false,Rx,0,8,00,00,00,00,00,00,00,00,
7985352,000004DD,false,Rx,1,8,00,00,FE,00,04,00,00,00,
7985723,00000036,false,Rx,0,8,D8,A0,0D,51,00,00,25,05,
7985903,000004DF,false,Rx,1,8,00,00,08,00,00,00,00,00,
7986099,00000037,false,Rx,0,8,30,00,00,10,00,40,00,00,
7986275,000004E7,false,Rx,1,8,00,30,00,00,00,00,69,00,
7986590,00000038,false,Rx,0,8,04,00,00,00,B0,39,96,D4,
7986669,000004E8,false,Rx,1,8,FF,FF,FF,05,FF,FF,FF,00,
7986797,0000019B,false,Rx,0,8,6E,74,03,00,00,E4,00,00,
7987077,00000039,false,Rx,0,8,00,00,00,00,00,00,00,00,
7987261,000004E9,false,Rx,1,8,12,00,00,34,00,00,50,00,
7987316,0000019C,false,Rx,0,8,40,20,00,00,00,00,0B,09,
7987566,000004EA,false,Rx,1,8,67,00,00,89,00,00,00,00,
7987816,0000019D,false,Rx,0,8,00,10,00,01,00,00,00,00,
7988040,000004EB,false,Rx,1,8,02,80,15,08,80,00,00,00,
7988309,0000019E,false,Rx,0,8,15,00,00,00,00,32,00,00,
7988547,00000380,false,Rx,0,8,96,92,03,08,08,08,08,01,
7988729,000004EC,false,Rx,1,8,00,00,00,00,00,00,00,00,
7989033,000004ED,false,Rx,1,8,00,00,00,00,00,FF,FF,1F,
7989778,000004EE,false,Rx,1,8,FF,FF,00,00,00,00,00,00,
7990238,000004EF,false,Rx,1,8,60,00,60,00,2B,14,00,00,
7990571,0000063D,false,Rx,1,8,00,80,00,00,00,00,00,00,
7990809,00000427,false,Rx,0,8,1D,86,FF,00,80,0A,00,00,
7990969,0000063E,false,Rx,1,8,FF,FF,FF,FF,FF,FF,FF,FF,
7991064,0000063F,false,Rx,1,8,00,10,00,C4,FF,00,00,00,
7991523,00000640,false,Rx,1,8,FF,FF,FF,00,FF,FF,FF,00,
7991828,00000641,false,Rx,1,8,FF,FF,FF,FF,0F,FF,FF,FF,
7992075,00000646,false,Rx,1,8,00,00,00,80,01,00,00,00,
8004963,00000061,false,Rx,0,8,01,FD,8D,00,00,00,00,00,
8005142,00000062,false,Rx,0,8,02,02,00,02,40,FF,00,FF,
8005380,00000063,false,Rx,0,8,00,00,05,00,00,08,FD,00,
8005711,00000064,false,Rx,0,8,00,00,00,04,FF,FA,00,00,
8005818,000000A1,false,Rx,0,8,DA,1A,8D,57,61,02,8A,00,
8006185,000000A2,false,Rx,0,8,04,00,00,00,00,00,00,00,
8006373,000000A3,false,Rx,0,8,00,40,01,00,00,00,00,00,
8016338,00000121,false,Rx,0,8,84,12,F3,00,00,00,00,05,
8016428,00000122,false,Rx,0,8,FF,D9,67,1F,46,47,46,45,
8016650,00000123,false,Rx,0,8,B6,02,00,00,00,00,01,00,
8016894,0000011B,false,Rx,0,8,CD,B2,B7,05,80,08,28,02,
8017143,00000124,false,Rx,0,8,00,00,0A,00,00,00,20,40,
8017385,0000011C,false,Rx,0,8,00,05,20,00,22,00,01,01,
8017618,0000012B,false,Rx,0,8,2B,E2,B7,06,00,00,08,00,
8017850,000001E1,false,Rx,0,8,EE,B8,8B,02,00,00,00,00,
8018116,0000012C,false,Rx,0,8,00,00,01,00,00,64,00,00,
8018350,000001E2,false,Rx,0,8,00,00,00,00,00,00,00,00,
8023383,0000010B,false,Rx,0,8,A0,0E,FD,00,00,00,00,05,
8023483,0000010C,false,Rx,0,8,FF,F9,E7,1F,46,4F,48,48,
8023788,0000010D,false,Rx,0,8,B5,02,00,00,00,00,01,00,
8023965,0000010E,false,Rx,0,8,00,00,1E,00,00,C0,AB,57,
8029528,00000226,false,Rx,0,8,91,10,1D,FF,63,60,09,42,
8029703,00000227,false,Rx,0,8,02,94,00,09,03,F1,9F,03,
8034429,00000091,false,Rx,0,8,4C,C4,CF,16,06,00,00,00,
8034522,00000092,false,Rx,0,8,26,00,00,00,60,02,00,00,
8034950,00000093,false,Rx,0,8,00,00,00,00,00,00,00,00,
8035028,00000094,false,Rx,0,8,00,00,00,00,00,00,00,00,
8035423,000003AA,false,Rx,0,8,FF,00,D0,00,54,00,00,00,
8035688,00000036,false,Rx,0,8,9C,10,12,51,00,00,25,05,
8035820,00000037,false,Rx,0,8,30,00,00,10,00,40,00,00,
8036346,00000038,false,Rx,0,8,04,00,00,00,B0,39,96,D4,
8036496,00000039,false,Rx,0,8,00,00,00,00,00,00,00,00,
8036839,0000019B,false,Rx,0,8,D6,75,08,00,00,E4,00,00,
8037169,0000019C,false,Rx,0,8,40,20,00,00,00,00,0B,09,
8037388,0000019D,false,Rx,0,8,00,10,00,01,00,00,00,00,
8037464,000002D6,false,Rx,0,8,30,5A,65,00,00,00,00,00,
8038086,0000019E,false,Rx,0,8,15,00,00,00,00,32,00,00,
8038462,000002D7,false,Rx,0,8,00,00,00,00,03,00,00,00,
8038804,000002EB,false,Rx,0,8,03,E0,65,07,08,01,00,02,
8039124,000002D8,false,Rx,0,8,00,00,00,00,00,00,38,47,
8039222,000002EC,false,Rx,0,8,0A,00,CF,00,59,00,00,00,
8039424,000002D9,false,Rx,0,8,00,00,00,00,00,00,00,00,
8039883,000002ED,false,Rx,0,8,00,00,00,00,00,00,00,00,
8040231,000003B6,false,Rx,0,8,81,33,65,00,00,00,00,46,
8040579,000002EE,false,Rx,0,8,00,00,00,00,00,00,00,00,
8040924,000003B7,false,Rx,0,8,46,00,00,00,00,00,00,00,
8041209,00000495,false,Rx,0,8,49,00,00,00,00,00,00,00,
8041278,000003B8,false,Rx,0,8,B2,02,00,00,00,00,69,0E,
8041432,000003B9,false,Rx,0,8,00,00,00,00,00,00,00,00,
8046133,00000445,false,Rx,0,8,D0,20,00,00,00,04,00,18,
8046273,00000251,false,Rx,0,8,41,B3,CC,00,00,00,00,00,
8046676,00000252,false,Rx,0,8,00,00,1B,1B,03,00,00,00,
8047042,00000253,false,Rx,0,8,00,00,00,58,58,00,80,4D,
8047152,000002AB,false,Rx,0,8,44,DF,CF,0C,0C,00,00,00,
8047514,000002AC,false,Rx,0,8,00,FF,FF,00,00,40,00,54,
8047722,000002AD,false,Rx,0,8,00,01,00,40,FF,FF,FF,0F,
8047814,000002AE,false,Rx,0,8,01,00,FF,3F,01,01,00,00,
8048153,000002B6,false,Rx,0,8,FE,F9,CF,01,00,00,00,40,
8048787,000002B7,false,Rx,0,8,9F,00,50,1C,00,04,00,00,
8049111,000003B1,false,Rx,0,8,C1,DE,00,80,00,00,20,00,
8049216,000002B8,false,Rx,0,8,FF,F8,10,00,00,00,00,00,
8049439,0000033B,false,Rx,0,8,1C,B5,CE,00,00,00,00,00,
8049535,000002B9,false,Rx,0,8,0A,00,00,00,00,00,00,00,
8049803,0000033C,false,Rx,0,8,00,00,00,00,F0,00,00,00,
8049901,000002C1,false,Rx,0,8,B2,5C,68,21,00,41,00,D3,
8050508,0000033D,false,Rx,0,8,00,00,00,00,00,00,00,00,
8050871,000002C2,false,Rx,0,8,1B,00,00,00,00,00,00,00,
8050941,000001AB,false,Rx,0,8,89,2E,95,50,70,48,00,00,
8051227,000002C3,false,Rx,0,8,00,00,00,00,00,00,00,00,
8051285,000001AC,false,Rx,0,8,00,28,00,00,00,00,00,00,
8051532,000002C4,false,Rx,0,8,00,00,00,00,00,00,00,00,
8051833,0000033E,false,Rx,0,8,00,00,00,00,00,00,00,00,
8051972,000002E1,false,Rx,0,8,78,B2,CF,00,00,00,00,40,
8052302,00000356,false,Rx,0,8,C3,01,67,00,00,00,00,00,
8052849,000002E2,false,Rx,0,8,FD,00,00,00,00,14,00,04,
8052952,00000357,false,Rx,0,8,00,00,00,00,00,4B,4D,48,
8053594,000002E3,false,Rx,0,8,00,00,00,00,00,00,72,01,
8053978,00000358,false,Rx,0,8,35,41,45,4D,52,37,33,4F,
8054315,000002E4,false,Rx,0,8,02,00,00,00,00,00,00,00,
8054619,00000359,false,Rx,0,8,51,4F,34,52,4A,35,33,00,
8054921,0000036F,false,Rx,0,8,FE,01,01,00,00,00,00,00,
8055004,0000037F,false,Rx,0,8,FC,60,52,24,41,02,00,00,
8055233,000003A1,false,Rx,0,8,C8,B1,4D,00,FF,FF,FF,FF,
8055340,000003A2,false,Rx,0,8,00,00,00,00,00,00,00,00,
8055403,00000061,false,Rx,0,8,45,4D,92,00,00,00,00,00,
8055448,00000062,false,Rx,0,8,02,02,00,02,40,FF,00,FF,
8055491,00000063,false,Rx,0,8,00,00,05,00,00,08,FD,00,
8055668,00000064,false,Rx,0,8,00,00,00,04,FF,FA,00,00,
8055915,000000A1,false,Rx,0,8,B9,77,92,57,61,02,8A,00,
8056173,000000A2,false,Rx,0,8,04,00,00,00,00,00,00,00,
8056606,000000A3,false,Rx,0,8,00,40,01,00,00,00,00,00,
8058679,00000146,false,Rx,0,8,91,35,0B,10,04,05,00,00,
8059013,00000147,false,Rx,0,8,01,04,7D,00,40,48,07,00,
8059299,00000148,false,Rx,0,8,00,00,42,00,1E,89,40,05,
8059372,00000149,false,Rx,0,8,00,38,00,CC,00,00,00,00,
8060307,00000111,false,Rx,0,8,74,AC,95,01,00,00,00,00,
8060721,00000112,false,Rx,0,8,00,00,00,00,00,00,00,00,
8061023,00000113,false,Rx,0,8,00,00,00,00,00,00,00,00,
8061230,00000114,false,Rx,0,8,00,00,00,00,00,00,00,00,
8066066,000000FF,false,Rx,0,8,CB,10,00,00,00,00,02,00,
8066180,00000121,false,Rx,0,8,3C,13,F8,00,00,00,00,05,
8066430,00000122,false,Rx,0,8,FF,D9,67,1F,46,47,46,45,
8066626,00000394,false,Rx,0,8,2A,22,1A,49,00,00,00,00,
8066873,0000011B,false,Rx,0,8,05,4B,BC,05,80,08,28,02,
8067121,00000123,false,Rx,0,8,B6,02,00,00,00,00,01,00,
8067360,0000011C,false,Rx,0,8,00,05,20,00,22,00,01,01,
8067595,00000124,false,Rx,0,8,00,00,0A,00,00,00,20,40,
8067856,000001B1,false,Rx,0,8,BF,FA,0B,00,72,00,00,00,
8068088,0000012B,false,Rx,0,8,E3,1B,BC,06,00,00,08,00,
8068318,000001B2,false,Rx,0,8,23,00,04,B7,0F,0A,50,10,
8068553,0000012C,false,Rx,0,8,00,00,01,00,00,64,00,00,
8068796,000001B3,false,Rx,0,8,10,33,37,00,5A,7B,6B,7D,
8069038,00000161,false,Rx,0,8,43,A1,DE,03,00,00,00,02,
8069295,000001B4,false,Rx,0,8,65,7D,10,00,00,41,00,00,
8069519,00000162,false,Rx,0,8,FF,FC,01,00,00,00,00,00,
8069767,000003C3,false,Rx,0,8,45,10,31,30,36,00,00,00,
8070197,0000041A,false,Rx,0,8,95,40,12,00,00,00,00,00,
8070280,000003E0,false,Rx,0,8,01,70,01,00,54,03,00,00,
8070491,0000041B,false,Rx,0,8,60,30,00,00,00,00,00,00,
8070753,000003E5,false,Rx,0,8,8E,90,01,00,00,00,00,00,
8070983,0000041C,false,Rx,0,8,E9,80,E0,00,00,00,00,00,
8071230,000003E6,false,Rx,0,8,7F,00,00,00,00,00,00,00,
8071481,00000422,false,Rx,0,8,EA,C0,01,00,00,00,04,00,
8071733,00000565,false,Rx,0,8,66,02,00,00,00,00,FF,FF,
8071961,00000432,false,Rx,0,8,03,20,02,00,00,00,00,00,
8072225,00000435,false,Rx,0,8,9F,D0,00,40,00,00,00,00,
8072487,00000442,false,Rx,0,8,CE,20,11,81,00,00,00,00,
8072735,00000444,false,Rx,0,8,6C,30,20,50,55,50,00,00,
8072977,00000464,false,Rx,0,8,B2,70,F0,FF,38,7F,05,00,
8073218,0000010B,false,Rx,0,8,ED,0A,02,00,00,00,00,05,
8073479,0000010C,false,Rx,0,8,FF,F9,E7,1F,46,50,48,48,
8073735,0000010D,false,Rx,0,8,B5,02,00,00,00,00,01,00,
8073979,0000010E,false,Rx,0,8,00,00,1E,00,00,C0,AB,57,
8074545,00000487,false,Rx,1,8,00,00,00,00,00,00,00,00,
8075003,00000642,false,Rx,1,8,FF,FF,FF,FF,FF,FF,00,00,
8077314,000001A1,false,Rx,0,8,73,B1,DE,FE,F7,7F,64,00,
8077563,000001A2,false,Rx,0,8,44,00,00,00,27,08,00,00,
8077801,000001A3,false,Rx,0,8,FF,F3,3F,00,00,00,00,00,
8078064,000001A4,false,Rx,0,8,FE,07,00,00,00,00,00,00,
8080302,0000030B,false,Rx,0,8,6A,93,CE,00,04,00,00,00,
8080528,0000030C,false,Rx,0,8,00,00,0E,00,2C,00,A0,0F,
8080782,0000030D,false,Rx,0,8,00,00,00,00,44,00,00,00,
8081034,0000030E,false,Rx,0,8,00,00,18,05,21,00,00,04,
8085602,00000036,false,Rx,0,8,E3,3C,17,51,00,00,25,05,
8085774,00000037,false,Rx,0,8,30,00,00,10,00,40,00,00,
8086024,00000038,false,Rx,0,8,04,00,00,00,B0,39,96,D4,
8086280,00000445,false,Rx,0,8,D0,20,00,00,00,04,00,18,
8086507,00000039,false,Rx,0,8,00,00,00,00,00,00,00,00,
8086745,0000019B,false,Rx,0,8,A9,59,0D,00,00,E4,00,00,
8086991,0000019C,false,Rx,0,8,40,20,00,00,00,00,0B,09,
8087251,0000019D,false,Rx,0,8,00,10,00,01,00,00,00,00,
8087507,0000019E,false,Rx,0,8,15,00,00,00,00,32,00,00,
8087900,000001FB,false,Rx,0,8,C4,81,C6,00,00,00,00,00,
8088181,000001FC,false,Rx,0,8,00,00,00,00,00,00,00,00,
8088409,00000475,false,Rx,0,8,12,00,00,00,00,00,00,00,
8088662,000001FD,false,Rx,0,8,00,1A,03,00,00,00,00,00,
8088908,00000496,false,Rx,0,8,12,00,00,00,00,00,00,00,
8089161,000001FE,false,Rx,0,8,00,00,00,00,00,00,00,00,
8089685,000001F1,false,Rx,0,8,0F,DB,51,01,00,00,28,00,
8089937,000001F2,false,Rx,0,8,00,00,00,00,00,00,00,00,
8094161,00000383,false,Rx,0,8,5A,53,00,10,01,00,00,00,
8099579,00000448,false,Rx,0,8,DE,80,00,00,00,00,00,00,
8104909,00000061,false,Rx,0,8,3A,61,97,00,00,00,00,00,
8105101,00000062,false,Rx,0,8,02,02,00,02,40,FF,00,FF,
8105360,00000063,false,Rx,0,8,00,00,05,00,00,08,FD,00,
8105810,00000064,false,Rx,0,8,00,00,00,04,FF,FA,00,00,
8105895,000000A1,false,Rx,0,8,B6,9C,97,57,61,02,8A,00,
8106206,000000A2,false,Rx,0,8,04,00,00,00,00,00,00,00,
8106759,000000A3,false,Rx,0,8,00,40,01,00,00,00,00,00,
8108209,00000382,false,Rx,0,8,2B,FE,21,00,00,05,09,00,
8110554,000002BF,false,Rx,0,8,FF,FF,FF,00,00,00,00,00,
8110761,0000047F,false,Rx,0,8,F0,FC,FF,FF,FF,FF,FF,FF,
8111052,00000653,false,Rx,0,8,0A,19,03,01,02,2A,00,00,
8111575,00000236,false,Rx,0,8,E1,9A,CD,00,34,6C,AE,62,
8111806,000002FB,false,Rx,0,8,EB,BB,CD,04,72,1A,B4,B4,
8112048,00000237,false,Rx,0,8,00,15,47,00,00,1E,1B,00,
8112265,00000151,false,Rx,0,8,A7,6D,CD,64,C8,00,28,18,
8112508,000001F6,false,Rx,0,8,EC,B1,CD,00,00,00,00,0E,
8112751,00000152,false,Rx,0,8,14,17,17,00,51,00,00,00,
8112979,000001F7,false,Rx,0,8,26,00,DA,02,00,00,00,00,
8113252,00000153,false,Rx,0,8,00,00,00,00,00,00,00,00,
8113476,000001F8,false,Rx,0,8,00,5E,01,45,01,00,00,00,
8113747,00000154,false,Rx,0,8,00,00,00,00,00,00,00,00,
8113959,000001F9,false,Rx,0,8,4B,00,64,C8,14,00,4B,00,
8114221,000002FC,false,Rx,0,8,0F,00,14,18,00,00,8E,43,
8114459,00000238,false,Rx,0,8,00,00,72,00,00,00,00,00,
8114567,000004A3,false,Rx,1,8,80,00,48,0B,3E,00,00,00,
8114949,000002FD,false,Rx,0,8,00,00,00,00,00,1C,13,EA,
8115050,000004A4,false,Rx,1,8,FF,FF,FF,00,00,00,00,00,
8115107,00000239,false,Rx,0,8,00,00,00,00,01,00,00,00,
8115193,000002FE,false,Rx,0,8,00,00,72,01,00,28,C8,02,
8115435,0000025B,false,Rx,0,8,ED,92,CD,40,40,20,00,00,
8115560,000004E8,false,Rx,1,8,FF,FF,FF,05,FF,FF,FF,00,
8115652,00000326,false,Rx,0,8,95,C6,CD,00,00,00,00,00,
8115916,0000025C,false,Rx,0,8,00,00,26,00,B4,2C,19,00,
8116138,00000121,false,Rx,0,8,B5,F9,FD,00,00,00,00,05,
8116380,0000025D,false,Rx,0,8,00,C8,00,00,00,80,C0,70,
8116612,00000122,false,Rx,0,8,FF,D9,67,1F,46,48,46,45,
8116856,0000011B,false,Rx,0,8,40,9B,C1,05,80,08,28,02,
8117089,00000123,false,Rx,0,8,B6,02,00,00,00,00,01,00,
8117339,0000011C,false,Rx,0,8,00,05,20,00,22,00,01,01,
8117593,00000124,false,Rx,0,8,00,00,0A,00,00,00,20,40,
8117833,0000025E,false,Rx,0,8,01,07,0E,01,00,00,46,00,
8118062,0000012B,false,Rx,0,8,A6,CB,C1,06,00,00,08,00,
8118412,00000327,false,Rx,0,8,00,00,00,00,05,00,00,00,
8118925,0000012C,false,Rx,0,8,00,00,01,00,00,64,00,00,
8119072,00000328,false,Rx,0,8,DA,02,4B,00,00,5E,01,00,
8119315,00000329,false,Rx,0,8,64,45,01,00,00,00,00,00,
8119752,00000331,false,Rx,0,8,B6,63,CD,F1,C8,A0,2C,97,
8120251,00000332,false,Rx,0,8,E8,08,FC,03,00,00,00,00,
8120520,00000333,false,Rx,0,8,00,00,00,1C,0C,40,20,64,
8120775,00000334,false,Rx,0,8,C8,00,00,00,08,44,F4,8F,
8123211,0000010B,false,Rx,0,8,A9,6E,07,00,00,00,00,05,
8123434,0000010C,false,Rx,0,8,FF,F9,E7,1F,46,4F,48,48,
8123690,0000010D,false,Rx,0,8,B5,02,00,00,00,00,01,00,
8123927,0000010E,false,Rx,0,8,00,00,1E,00,00,C0,AB,57,
8125955,00000445,false,Rx,0,8,D0,20,00,00,00,04,00,18,
8130405,000002FF,false,Rx,0,8,D4,CB,00,71,02,00,00,00,
8130506,00000316,false,Rx,0,8,F5,12,0F,34,06,80,0A,00,
8130932,00000472,false,Rx,0,8,5C,EC,00,40,08,41,00,45,
8131005,00000317,false,Rx,0,8,00,00,05,00,00,00,00,00,
8131233,00000473,false,Rx,0,8,5F,24,00,25,00,00,00,78,
8131662,00000474,false,Rx,0,8,91,72,00,00,00,00,00,08,
8133162,000001E6,false,Rx,0,8,20,7F,9A,02,00,00,00,00,
8133255,000001BB,false,Rx,0,8,5A,33,9A,02,00,00,00,0A,
8133446,000001BC,false,Rx,0,8,32,00,00,00,02,00,00,00,
8133711,000001BD,false,Rx,0,8,00,00,00,00,00,00,00,00,
8133949,000001E7,false,Rx,0,8,00,00,22,03,20,01,00,00,
8134218,00000091,false,Rx,0,8,61,47,D0,16,06,00,00,00,
8134475,00000092,false,Rx,0,8,25,00,00,00,50,02,00,00,
8134733,00000093,false,Rx,0,8,00,00,00,00,00,00,00,00,
8135157,00000094,false,Rx,0,8,00,00,00,00,00,00,00,00,
8135717,00000036,false,Rx,0,8,5B,3D,1C,51,00,00,25,05,
8135832,00000037,false,Rx,0,8,30,00,00,10,00,40,00,00,
8136105,00000038,false,Rx,0,8,04,00,00,00,B0,39,96,D4,
8136463,00000039,false,Rx,0,8,00,00,00,00,00,00,00,00,
8136796,00000256,false,Rx,0,8,D3,9C,CC,15,40,00,F0,00,
8136931,0000019B,false,Rx,0,8,ED,E9,12,00,00,E4,00,00,
8136984,00000257,false,Rx,0,8,00,93,41,18,85,07,00,94,
8137330,0000019C,false,Rx,0,8,40,20,00,00,00,00,0B,09,
8137411,00000258,false,Rx,0,8,35,F3,1A,00,10,15,00,28,
8138092,0000019D,false,Rx,0,8,00,10,00,01,00,00,00,00,
8138444,00000259,false,Rx,0,8,5E,05,8D,3C,4C,02,00,00,
8138722,0000019E,false,Rx,0,8,15,00,00,00,00,32,00,00,
8138832,000002E6,false,Rx,0,8,54,59,CC,01,00,00,00,15,
8138949,000002E7,false,Rx,0,8,0A,00,00,00,00,00,00,00,
8139097,000002E8,false,Rx,0,8,00,00,00,00,00,00,00,00,
8139154,000002E9,false,Rx,0,8,00,00,00,00,00,00,00,00,
8141469,00000384,false,Rx,0,8,BA,56,0D,01,00,FF,00,24,
8143891,00000401,false,Rx,0,8,C6,10,10,00,00,04,00,00,
8148080,00000396,false,Rx,0,8,44,46,66,0F,08,01,00,02,
8148172,00000397,false,Rx,0,8,35,00,43,10,3F,07,00,00,
8148632,0000042A,false,Rx,0,8,8E,83,0C,02,00,10,00,00,
8148966,00000398,false,Rx,0,8,00,00,00,00,00,00,00,00,
8149592,000001AB,false,Rx,0,8,C9,5C,9A,50,70,40,00,00,
8149691,000001AC,false,Rx,0,8,00,28,00,00,00,00,00,00,
8152247,0000036F,false,Rx,0,8,47,11,01,00,00,00,00,00,
8152399,0000037F,false,Rx,0,8,45,70,52,24,41,02,00,00,
8154716,000004E8,false,Rx,1,8,FF,FF,FF,05,FF,FF,FF,00,
8154995,00000061,false,Rx,0,8,82,60,9C,00,00,00,00,00,
8155618,00000062,false,Rx,0,8,02,02,00,02,40,FF,00,FF,
8155741,00000063,false,Rx,0,8,00,00,05,00,00,08,FD,00,
8156120,00000064,false,Rx,0,8,00,00,00,04,FF,FA,00,00,
8156176,000000A1,false,Rx,0,8,5F,9D,9C,57,61,02,8A,00,
8156591,000000A2,false,Rx,0,8,03,00,00,00,00,00,00,00,
8156891,000000A3,false,Rx,0,8,00,40,01,00,00,00,00,00,
8158904,00000146,false,Rx,0,8,EC,F0,10,10,04,05,00,00,
8159057,00000147,false,Rx,0,8,01,04,7D,00,40,48,07,00,
8159356,00000148,false,Rx,0,8,00,00,42,00,1E,89,40,05,
8159420,00000149,false,Rx,0,8,00,38,00,CC,00,00,00,00,
8165729,00000566,false,Rx,0,8,16,02,00,00,00,00,FF,FF,
8166251,00000121,false,Rx,0,8,C3,B5,02,00,00,00,00,05,
8166360,00000122,false,Rx,0,8,FF,D9,67,1F,46,48,46,45,
8166767,00000123,false,Rx,0,8,B6,02,00,00,00,00,01,00,
8166856,0000011B,false,Rx,0,8,DF,F3,C6,05,80,08,28,02,
8167264,00000124,false,Rx,0,8,00,00,0A,00,00,00,20,40,
8167556,0000011C,false,Rx,0,8,00,05,20,00,22,00,01,01,
8167951,0000012B,false,Rx,0,8,39,A3,C6,06,00,00,08,00,
8168361,000001B1,false,Rx,0,8,C2,3F,10,00,72,00,00,00,
8168429,0000012C,false,Rx,0,8,00,00,01,00,00,64,00,00,
8168494,000001B2,false,Rx,0,8,23,00,04,B7,0F,0A,50,10,
8168545,00000161,false,Rx,0,8,2E,FD,E3,03,00,00,00,02,
8168751,000001B3,false,Rx,0,8,10,33,37,00,5A,7B,6B,7D,
8169011,00000162,false,Rx,0,8,FF,FC,01,00,00,00,00,00,
8169245,000001B4,false,Rx,0,8,65,7D,10,00,00,41,00,00,
8169506,000001E1,false,Rx,0,8,18,90,8E,02,00,00,00,00,
8169790,000001E2,false,Rx,0,8,00,00,00,00,00,00,00,00,
8171057,000003B0,false,Rx,0,8,72,37,FF,C7,00,00,03,C0,
8172219,00000405,false,Rx,0,8,D2,10,00,00,00,01,00,00,
8172415,00000410,false,Rx,0,8,6A,60,57,3C,DE,6A,FF,FF,
8172665,00000411,false,Rx,0,8,04,D1,50,51,00,00,44,04,
8172925,00000412,false,Rx,0,8,CC,E0,00,00,00,00,00,00,
8173190,00000413,false,Rx,0,8,08,60,00,00,00,00,00,00,
8173419,0000010B,false,Rx,0,8,2A,27,0C,00,00,00,00,05,
8173672,00000414,false,Rx,0,8,41,70,00,00,28,00,00,00,
8173892,0000010C,false,Rx,0,8,FF,F9,E7,1F,46,50,48,48,
8174164,00000416,false,Rx,0,8,55,00,00,00,00,00,00,00,
8174395,0000010D,false,Rx,0,8,B5,02,00,00,00,00,01,00,
8174646,00000417,false,Rx,0,8,20,E0,00,00,00,00,00,00,
8174876,0000010E,false,Rx,0,8,00,00,1E,00,00,C0,AB,57,
8175130,00000418,false,Rx,0,8,07,C0,00,00,14,0C,00,00,
8175382,00000419,false,Rx,0,8,43,50,27,D5,2D,87,90,00,
8175637,0000048F,false,Rx,0,8,AD,10,41,00,05,00,00,00,
8177406,000001A1,false,Rx,0,8,10,2A,E3,FE,F7,7F,64,00,
8177608,000001A2,false,Rx,0,8,44,00,00,00,27,08,00,00,
8177849,000001A3,false,Rx,0,8,FF,F3,3F,00,00,00,00,00,
8178106,000001A4,false,Rx,0,8,FE,07,00,00,00,00,00,00,
8181117,000003B2,false,Rx,0,8,36,15,FF,02,29,2F,34,00,
8184781,000000C5,false,Rx,1,8,00,00,00,00,00,00,00,00,
8184995,00000244,false,Rx,1,8,FF,FF,FF,FF,FF,FF,FF,FF,
8185269,000004B4,false,Rx,1,8,00,00,05,40,10,70,04,00,
8185563,000004B5,false,Rx,1,8,08,00,F0,07,00,00,00,00,
8185842,00000036,false,Rx,0,8,38,A6,21,51,00,00,25,05,
8185914,000004B7,false,Rx,1,8,08,00,F0,07,00,00,00,00,
8186074,000004CA,false,Rx,1,8,00,00,00,00,00,00,00,00,
8186229,00000037,false,Rx,0,8,30,00,00,10,00,40,00,00,
8186562,000004CC,false,Rx,1,8,08,00,00,06,00,00,03,00,
8186821,00000038,false,Rx,0,8,04,00,00,00,B0,39,96,D4,
8186896,0000019B,false,Rx,0,8,92,C5,17,00,00,E4,00,00,
8186947,000004CE,false,Rx,1,8,DE,01,00,00,00,00,F8,FF,
8187038,00000039,false,Rx,0,8,00,00,00,00,00,00,00,00,
8187112,000004D7,false,Rx,1,8,23,01,00,00,00,00,00,00,
8187315,0000019C,false,Rx,0,8,40,20,00,00,00,00,0B,09,
8187597,000004D8,false,Rx,1,8,41,10,F0,F0,40,F2,1E,CC,
8187787,0000019D,false,Rx,0,8,00,10,00,01,00,00,00,00,
8188061,000004DD,false,Rx,1,8,00,00,FE,00,04,00,00,00,
8188311,0000019E,false,Rx,0,8,15,00,00,00,00,32,00,00,
8188533,00000380,false,Rx,0,8,96,92,03,08,08,08,08,01,
8188699,000004DF,false,Rx,1,8,00,00,08,00,00,00,00,00,
8189027,000004E7,false,Rx,1,8,00,30,00,00,00,00,69,00,
8189506,000004E9,false,Rx,1,8,12,00,00,34,00,00,50,00,
8190000,000004EA,false,Rx,1,8,67,00,00,89,00,00,00,00,
8190493,000004EB,false,Rx,1,8,02,80,15,08,80,00,00,00,
8190563,00000427,false,Rx,0,8,1D,86,FF,00,80,0A,00,00,
8190980,000004EC,false,Rx,1,8,00,00,00,00,00,00,00,00,
8191469,000004ED,false,Rx,1,8,00,00,00,00,00,FF,FF,1F,
8191758,000004EE,false,Rx,1,8,FF,FF,00,00,00,00,00,00,
8191979,000004EF,false,Rx,1,8,60,00,60,00,2B,14,00,00,
8192274,0000063D,false,Rx,1,8,00,80,00,00,00,00,00,00,
8192560,0000063E,false,Rx,1,8,FF,FF,FF,FF,FF,FF,FF,FF,
8192844,0000063F,false,Rx,1,8,00,10,00,C4,FF,00,00,00,
8193063,00000640,false,Rx,1,8,FF,FF,FF,00,FF,FF,FF,00,
8193369,00000641,false,Rx,1,8,FF,FF,FF,FF,0F,FF,FF,FF,
8193643,00000646,false,Rx,1,8,00,00,00,80,01,00,00,00,
8195094,000004E8,false,Rx,1,8,FF,FF,FF,05,FF,FF,FF,00,
8204996,00000061,false,Rx,0,8,E1,FB,A1,00,00,00,00,00,
8205117,00000062,false,Rx,0,8,02,02,00,02,40,FF,00,FF,
8205399,00000063,false,Rx,0,8,00,00,05,00,00,08,FD,00,
8205661,00000064,false,Rx,0,8,00,00,00,04,FF,FA,00,00,
8205885,000000A1,false,Rx,0,8,9C,1E,A1,57,61,02,8A,00,
8206136,000000A2,false,Rx,0,8,03,00,00,00,00,00,00,00,
8206428,000000A3,false,Rx,0,8,00,40,01,00,00,00,00,00,
8216229,00000121,false,Rx,0,8,4A,5F,07,00,00,00,00,05,
8216401,00000122,false,Rx,0,8,FF,D9,67,1F,46,47,46,45,
8216647,00000123,false,Rx,0,8,B6,02,00,00,00,00,01,00,
8216881,0000011B,false,Rx,0,8,AC,CA,CB,05,80,08,28,02,
8217111,00000124,false,Rx,0,8,00,00,0A,00,00,00,20,40,
8217354,0000011C,false,Rx,0,8,00,05,20,00,22,00,01,01,
8217608,0000012B,false,Rx,0,8,4A,9A,CB,06,00,00,08,00,
8217849,0000012C,false,Rx,0,8,00,00,01,00,00,64,00,00,
8223400,0000010B,false,Rx,0,8,E2,25,11,00,00,00,00,05,
8223490,0000010C,false,Rx,0,8,FF,F9,E7,1F,46,50,48,48,
8223711,0000010D,false,Rx,0,8,B5,02,00,00,00,00,01,00,
8223949,0000010E,false,Rx,0,8,00,00,1E,00,00,C0,AB,57,
8229687,00000226,false,Rx,0,8,F8,50,1F,FF,63,60,09,42,
8229780,00000227,false,Rx,0,8,02,94,00,09,03,F1,9F,03,
8234410,00000091,false,Rx,0,8,00,0F,D1,16,06,00,00,00,
8234503,00000092,false,Rx,0,8,24,00,00,00,40,02,00,00,
8234936,00000093,false,Rx,0,8,00,00,00,00,00,00,00,00,
8235041,00000094,false,Rx,0,8,00,00,00,00,00,00,00,00,
8235390,000003AA,false,Rx,0,8,FF,00,D0,00,54,00,00,00,
8235803,00000036,false,Rx,0,8,CB,38,26,51,00,00,25,05,
8236109,00000445,false,Rx,0,8,6F,30,00,00,00,00,00,18,
8236395,00000037,false,Rx,0,8,30,00,00,10,00,40,00,00,
8236770,00000038,false,Rx,0,8,04,00,00,00,B0,39,96,D4,
8237089,0000019B,false,Rx,0,8,2A,C4,1C,00,00,E4,00,00,
8237292,00000039,false,Rx,0,8,00,00,00,00,00,00,00,00,
8237360,0000019C,false,Rx,0,8,40,20,00,00,00,00,0B,09,
8237426,000002D6,false,Rx,0,8,FA,B1,66,00,00,00,00,00,
8237996,0000019D,false,Rx,0,8,00,10,00,01,00,00,00,00,
8238076,000002D7,false,Rx,0,8,00,00,00,00,03,00,00,00,
8238144,0000019E,false,Rx,0,8,15,00,00,00,00,32,00,00,
8238488,000002D8,false,Rx,0,8,00,00,00,00,00,00,38,47,
8239051,000002EB,false,Rx,0,8,C9,0B,66,07,08,01,00,02,
8239401,000002D9,false,Rx,0,8,00,00,00,00,00,00,00,00,
8239471,000002EC,false,Rx,0,8,0A,00,CF,00,59,00,00,00,
8239650,000003B6,false,Rx,0,8,4B,D8,66,00,00,00,00,46,
8240003,000002ED,false,Rx,0,8,00,00,00,00,00,00,00,00,
8240109,000001F1,false,Rx,0,8,F9,F3,54,01,00,00,28,00,
8240167,000002EE,false,Rx,0,8,00,00,00,00,00,00,00,00,
8240451,000001F2,false,Rx,0,8,00,00,00,00,00,00,00,00,
8240811,000003B7,false,Rx,0,8,46,00,00,00,00,00,00,00,
8241185,00000495,false,Rx,0,8,49,00,00,00,00,00,00,00,
8241487,000003B8,false,Rx,0,8,B2,02,00,00,00,00,69,0E,
8241667,000003B9,false,Rx,0,8,00,00,00,00,00,00,00,00,
8246468,00000251,false,Rx,0,8,47,DD,CE,00,00,00,00,00,
8246564,00000252,false,Rx,0,8,00,00,1B,1B,03,00,00,00,
8247006,00000253,false,Rx,0,8,00,00,00,58,58,00,80,4D,
8247068,000002AB,false,Rx,0,8,46,36,D1,0C,0C,00,00,00,
8247383,000002AC,false,Rx,0,8,00,FF,FF,00,00,40,00,54,
8247620,000002AD,false,Rx,0,8,00,01,00,40,FF,FF,FF,0F,
8247837,000002AE,false,Rx,0,8,01,00,FF,3F,01,01,00,00,
8248137,000002B6,false,Rx,0,8,FC,10,D1,01,00,00,00,40,
8248460,000003B1,false,Rx,0,8,C1,DE,00,80,00,00,20,00,
8248692,000002B7,false,Rx,0,8,9F,00,50,1C,00,04,00,00,
8248815,0000033B,false,Rx,0,8,1E,5C,D0,00,00,00,00,00,
8249055,000002B8,false,Rx,0,8,FF,F8,10,00,00,00,00,00,
8249313,0000033C,false,Rx,0,8,00,00,00,00,F0,00,00,00,
8249555,000002B9,false,Rx,0,8,0A,00,00,00,00,00,00,00,
8249798,000001AB,false,Rx,0,8,3F,74,9F,50,70,40,00,00,
8250030,000002C1,false,Rx,0,8,F4,05,69,21,00,41,00,D3,
8250274,000001AC,false,Rx,0,8,00,28,00,00,00,00,00,00,
8250528,000002C2,false,Rx,0,8,1B,00,00,00,00,00,00,00,
8250776,0000033D,false,Rx,0,8,00,00,00,00,00,00,00,00,
8251017,000002C3,false,Rx,0,8,00,00,00,00,00,00,00,00,
8251274,0000033E,false,Rx,0,8,00,00,00,00,00,00,00,00,
8251531,000002C4,false,Rx,0,8,00,00,00,00,00,00,00,00,
8251762,00000356,false,Rx,0,8,42,75,68,00,00,00,00,00,
8251999,000002E1,false,Rx,0,8,7A,5B,D1,00,00,00,00,40,
8252247,00000357,false,Rx,0,8,00,00,00,00,00,4B,4D,48,
8252477,000002E2,false,Rx,0,8,FD,00,00,00,00,14,00,04,
8252731,00000358,false,Rx,0,8,35,41,45,4D,52,37,33,4F,
8252964,000002E3,false,Rx,0,8,00,00,00,00,00,00,72,01,
8253190,00000359,false,Rx,0,8,51,4F,34,52,4A,35,33,00,
8253501,000002E4,false,Rx,0,8,02,00,00,00,00,00,00,00,
8253699,0000036F,false,Rx,0,8,91,21,01,00,00,00,00,00,
8253958,0000037F,false,Rx,0,8,EC,80,52,24,41,02,00,00,
8254464,000003A1,false,Rx,0,8,85,59,4E,00,FF,FF,FF,FF,
8254646,000003A2,false,Rx,0,8,00,00,00,00,00,00,00,00,
8254865,00000061,false,Rx,0,8,12,65,A6,00,00,00,00,00,
8255432,00000062,false,Rx,0,8,02,02,00,02,40,FF,00,FF,
8255790,00000063,false,Rx,0,8,00,00,05,00,00,08,FD,00,
8255890,00000064,false,Rx,0,8,00,00,00,04,FF,FA,00,00,
8256164,000000A1,false,Rx,0,8,95,9B,A6,57,61,02,8A,00,
8256416,000000A2,false,Rx,0,8,03,00,00,00,00,00,00,00,
8256499,000000A3,false,Rx,0,8,00,40,01,00,00,00,00,00,
8258473,00000146,false,Rx,0,8,65,09,15,10,04,05,00,00,
8258554,00000147,false,Rx,0,8,01,04,7D,00,40,49,07,00,
8258910,00000148,false,Rx,0,8,00,00,42,00,1E,89,40,05,
8259049,00000149,false,Rx,0,8,00,38,00,CC,00,00,00,00,
8260157,00000111,false,Rx,0,8,BE,47,96,01,00,00,00,00,
8260581,00000112,false,Rx,0,8,00,00,00,00,00,00,00,00,
8260907,00000113,false,Rx,0,8,00,00,00,00,00,00,00,00,
8261245,00000114,false,Rx,0,8,00,00,00,00,00,00,00,00,
8262386,00000516,false,Rx,0,8,61,02,00,00,00,00,FF,FF,
8265970,000000FF,false,Rx,0,8,CB,10,00,00,00,00,02,00,
8266158,00000121,false,Rx,0,8,04,98,0C,00,00,00,00,05,
8266505,00000122,false,Rx,0,8,FF,D9,67,1F,46,48,46,45,
8266848,00000394,false,Rx,0,8,2A,22,1A,49,00,00,00,00,
8266958,0000011B,false,Rx,0,8,6E,10,D0,05,80,08,28,02,
8267343,00000123,false,Rx,0,8,B6,02,00,00,00,00,01,00,
8267640,0000011C,false,Rx,0,8,00,05,20,00,22,00,01,01,
8267729,00000124,false,Rx,0,8,00,00,0A,00,00,00,20,40,
8267859,000001B1,false,Rx,0,8,BD,13,15,00,72,00,00,00,
8268062,0000012B,false,Rx,0,8,88,40,D0,06,00,00,08,00,
8268312,000001B2,false,Rx,0,8,23,00,04,B7,0F,0A,50,10,
8268683,0000012C,false,Rx,0,8,00,00,01,00,00,64,00,00,
8268892,000001B3,false,Rx,0,8,10,33,37,00,5A,7B,6B,7D,
8269039,00000161,false,Rx,0,8,E6,04,E8,03,00,00,00,02,
8269253,000001B4,false,Rx,0,8,65,7D,10,00,00,41,00,00,
8269503,00000162,false,Rx,0,8,FF,FC,01,00,00,00,00,00,
8269743,000003C3,false,Rx,0,8,45,10,31,30,36,00,00,00,
8269986,0000041A,false,Rx,0,8,95,40,12,00,00,00,00,00,
8270225,000003E0,false,Rx,0,8,01,70,01,00,54,03,00,00,
8270477,0000041B,false,Rx,0,8,60,30,00,00,00,00,00,00,
8270729,000003E5,false,Rx,0,8,8E,90,01,00,00,00,00,00,
8270963,0000041C,false,Rx,0,8,E9,80,E0,00,00,00,00,00,
8271221,000003E6,false,Rx,0,8,7F,00,00,00,00,00,00,00,
8271457,00000422,false,Rx,0,8,EA,C0,01,00,00,00,04,00,
8271721,00000432,false,Rx,0,8,03,20,02,00,00,00,00,00,
8271977,00000435,false,Rx,0,8,9F,D0,00,40,00,00,00,00,
8272226,00000442,false,Rx,0,8,CE,20,11,81,00,00,00,00,
8272493,00000444,false,Rx,0,8,6C,30,20,50,55,50,00,00,
8272744,00000464,false,Rx,0,8,B2,70,F0,FF,38,7F,05,00,
8273184,0000010B,false,Rx,0,8,2A,F3,16,00,00,00,00,05,
8273408,0000010C,false,Rx,0,8,FF,F9,E7,1F,46,4F,48,48,
8273670,0000010D,false,Rx,0,8,B5,02,00,00,00,00,01,00,
8273902,0000010E,false,Rx,0,8,00,00,1E,00,00,C0,AB,57,
8275786,00000445,false,Rx,0,8,6F,30,00,00,00,00,00,18,
8275892,00000487,false,Rx,1,8,00,00,00,00,00,00,00,00,
8276285,00000642,false,Rx,1,8,FF,FF,FF,FF,FF,FF,00,00,
8277430,000001A1,false,Rx,0,8,A8,2B,E8,FE,F7,7F,64,00,
8277675,000001A2,false,Rx,0,8,44,00,00,00,27,08,00,00,
8277928,000001A3,false,Rx,0,8,FF,F3,3F,00,00,00,00,00,
8278191,000001A4,false,Rx,0,8,FE,07,00,00,00,00,00,00,
8280307,0000030B,false,Rx,0,8,69,61,D0,00,04,00,00,00,
8280557,0000030C,false,Rx,0,8,00,00,0E,00,2C,00,A0,0F,
8280812,0000030D,false,Rx,0,8,00,00,00,00,44,00,00,00,
8281068,0000030E,false,Rx,0,8,00,00,18,05,21,00,00,0A,
8282970,000001E6,false,Rx,0,8,BF,17,9D,02,00,00,00,00,
8283168,000001BB,false,Rx,0,8,53,B6,9D,02,00,00,00,0A,
8283434,000001BC,false,Rx,0,8,32,00,00,00,02,00,00,00,
8283717,000001BD,false,Rx,0,8,00,00,00,00,00,00,00,00,
8283968,000001E7,false,Rx,0,8,00,00,22,03,20,01,00,00,
8285465,00000036,false,Rx,0,8,C6,FE,2B,51,00,00,25,05,
8285654,00000037,false,Rx,0,8,30,00,00,10,00,40,00,00,
8285908,00000038,false,Rx,0,8,04,00,00,00,B0,39,96,D4,
8286185,00000039,false,Rx,0,8,00,00,00,00,00,00,00,00,
8286411,0000019B,false,Rx,0,8,49,5F,21,00,00,E4,00,00,
8286676,0000019C,false,Rx,0,8,40,20,00,00,00,00,0B,09,
8286943,0000019D,false,Rx,0,8,00,10,00,01,00,00,00,00,
8287219,0000019E,false,Rx,0,8,15,00,00,00,00,32,00,00,
8287701,000001FB,false,Rx,0,8,03,AC,C8,00,00,00,00,00,
8287961,000001FC,false,Rx,0,8,00,00,00,00,00,00,00,00,
8288242,000001FD,false,Rx,0,8,00,1A,03,00,00,00,00,00,
8288494,00000475,false,Rx,0,8,12,00,00,00,00,00,00,00,
8288741,000001FE,false,Rx,0,8,00,00,00,00,00,00,00,00,
8288981,00000496,false,Rx,0,8,12,00,00,00,00,00,00,00,
8294127,00000383,false,Rx,0,8,5A,53,00,10,01,00,00,00,
8299566,00000448,false,Rx,0,8,DE,80,00,00,00,00,00,00,
8304907,00000061,false,Rx,0,8,1F,A3,AB,00,00,00,00,00,
8305100,00000062,false,Rx,0,8,02,02,00,02,40,FF,00,FF,
8305353,00000063,false,Rx,0,8,00,00,05,00,00,08,FD,00,
8305613,00000064,false,Rx,0,8,00,00,00,04,FF,FA,00,00,
8305830,000000A1,false,Rx,0,8,A3,D8,AB,57,61,02,8A,00,
8306124,000000A2,false,Rx,0,8,03,00,00,00,00,00,00,00,
8306381,000000A3,false,Rx,0,8,00,40,01,00,00,00,00,00,
8308128,00000382,false,Rx,0,8,2B,FE,21,00,00,05,09,00,
8310539,000002BF,false,Rx,0,8,FF,FF,FF,00,00,00,00,00,
8310967,0000047F,false,Rx,0,8,F0,FC,FF,FF,FF,FF,FF,FF,
8311082,00000653,false,Rx,0,8,0A,19,03,01,02,2A,00,00,
8311949,00000236,false,Rx,0,8,6D,28,CF,00,34,6C,AE,62,
8312059,000002FB,false,Rx,0,8,D4,3C,CF,04,72,1A,B4,B4,
8312109,00000237,false,Rx,0,8,00,15,47,00,00,1E,1B,00,
8312398,00000151,false,Rx,0,8,2B,DF,CF,64,C8,00,28,18,
8312667,00000238,false,Rx,0,8,00,00,72,00,00,00,00,00,
8312782,00000152,false,Rx,0,8,14,17,17,00,51,00,00,00,
8313023,000001F6,false,Rx,0,8,60,03,CF,00,00,00,00,0E,
8313258,00000153,false,Rx,0,8,00,00,00,00,00,00,00,00,
8313498,000001F7,false,Rx,0,8,26,00,DA,02,00,00,00,00,
8313886,00000154,false,Rx,0,8,00,00,00,00,00,00,00,00,
8313990,000001F8,false,Rx,0,8,00,5E,01,45,01,00,00,00,
8314248,000002FC,false,Rx,0,8,0F,00,14,18,00,00,8F,43,
8314509,000001F9,false,Rx,0,8,4B,00,64,C8,14,00,4B,00,
8314730,000002FD,false,Rx,0,8,00,00,00,00,00,1C,13,EA,
8315064,00000239,false,Rx,0,8,00,00,00,00,01,00,00,00,
8315298,000002FE,false,Rx,0,8,00,00,72,01,00,28,C8,02,
8315446,0000025B,false,Rx,0,8,DA,08,CF,40,40,20,00,00,
8315688,00000326,false,Rx,0,8,19,74,CF,00,00,00,00,00,
8315929,0000025C,false,Rx,0,8,00,00,26,00,B4,2C,19,00,
8316119,000004A3,false,Rx,1,8,80,00,48,0B,3E,00,00,00,
8316192,00000121,false,Rx,0,8,3A,5C,11,00,00,00,00,05,
8316408,0000025D,false,Rx,0,8,00,C8,00,00,00,80,C0,70,
8316606,000004A4,false,Rx,1,8,FF,FF,FF,00,00,00,00,00,
8316663,00000122,false,Rx,0,8,FF,D9,67,1F,46,47,46,45,
8316902,0000011B,false,Rx,0,8,98,38,D5,05,80,08,28,02,
8317118,00000123,false,Rx,0,8,B6,02,00,00,00,00,01,00,
8317370,0000011C,false,Rx,0,8,00,05,20,00,22,00,01,01,
8317612,00000124,false,Rx,0,8,00,00,0A,00,00,00,20,40,
8317997,000001E1,false,Rx,0,8,08,CA,91,02,00,00,00,00,
8318094,0000012B,false,Rx,0,8,7E,68,D5,06,00,00,08,00,
8318358,000001E2,false,Rx,0,8,00,00,00,00,00,00,00,00,
8318620,0000012C,false,Rx,0,8,00,00,01,00,00,64,00,00,
8318860,0000025E,false,Rx,0,8,4A,07,0E,07,00,00,46,00,
8319075,00000327,false,Rx,0,8,00,00,00,00,05,00,00,00,
8319307,00000445,false,Rx,0,8,6F,30,00,00,00,00,00,18,
8319545,00000328,false,Rx,0,8,DA,02,4B,00,00,5E,01,00,
8320159,00000329,false,Rx,0,8,64,45,01,00,00,00,00,00,
8320550,00000331,false,Rx,0,8,3A,D1,CF,F1,C8,A0,2C,97,
8320771,00000332,false,Rx,0,8,E8,08,FC,03,00,00,00,00,
8321030,00000333,false,Rx,0,8,00,00,00,1C,0C,40,20,64,
8321264,00000334,false,Rx,0,8,C8,00,00,00,08,44,F4,8F,
8323191,0000010B,false,Rx,0,8,1C,7D,1B,00,00,00,00,05,
8323427,0000010C,false,Rx,0,8,FF,F9,E7,1F,46,50,48,48,
8323664,0000010D,false,Rx,0,8,B5,02,00,00,00,00,01,00,
8323915,0000010E,false,Rx,0,8,00,00,1E,00,00,C0,AB,57,
8329867,00000316,false,Rx,0,8,E5,48,10,34,06,80,0A,00,
8329959,00000317,false,Rx,0,8,00,00,05,00,00,00,00,00,
8330826,000003CB,false,Rx,0,8,36,14,00,F4,00,00,00,00,
8330969,00000472,false,Rx,0,8,5C,EC,00,40,08,41,00,45,
8331292,000003CC,false,Rx,0,8,36,31,34,30,33,34,31,00,
8331391,00000473,false,Rx,0,8,5F,24,00,25,00,00,00,78,
8331702,000002FF,false,Rx,0,8,D4,CB,00,71,02,00,00,00,
8331813,00000474,false,Rx,0,8,91,72,00,00,00,00,00,08,
8334837,00000091,false,Rx,0,8,CA,E4,D2,16,06,00,00,00,
8335070,00000092,false,Rx,0,8,24,00,00,00,40,02,00,00,
8335156,00000093,false,Rx,0,8,00,00,00,00,00,00,00,00,
8335206,00000094,false,Rx,0,8,00,00,00,00,00,00,00,00,
8335686,00000036,false,Rx,0,8,BB,3B,30,51,00,00,25,05,
8335995,00000037,false,Rx,0,8,30,00,00,10,00,40,00,00,
8336242,00000038,false,Rx,0,8,04,00,00,00,B0,39,96,D4,
8336366,00000039,false,Rx,0,8,00,00,00,00,00,00,00,00,
8336706,0000019B,false,Rx,0,8,BA,C1,26,00,00,E4,00,00,
8336913,00000256,false,Rx,0,8,B8,65,CE,15,40,00,F0,00,
8337054,0000019C,false,Rx,0,8,40,20,00,00,00,00,0B,09,
8337384,00000257,false,Rx,0,8,00,94,41,19,85,07,00,94,
8337950,0000019D,false,Rx,0,8,00,10,00,01,00,00,00,00,
8338053,00000258,false,Rx,0,8,35,F4,1A,00,10,15,00,28,
8338328,0000019E,false,Rx,0,8,15,00,00,00,00,32,00,00,
8338422,00000259,false,Rx,0,8,60,05,8D,3C,4C,02,00,00,
8338492,000002E6,false,Rx,0,8,D8,EB,CE,01,00,00,00,15,
8338847,000002E7,false,Rx,0,8,0A,00,00,00,00,00,00,00,
8339673,000002E8,false,Rx,0,8,00,00,00,00,00,00,00,00,
8340009,000002E9,false,Rx,0,8,00,00,00,00,00,00,00,00,
8341646,00000384,false,Rx,0,8,FF,FF,0D,01,00,FF,00,24,
8344175,00000401,false,Rx,0,8,C6,10,10,00,00,04,00,00,
8348025,00000396,false,Rx,0,8,C6,85,67,0F,08,01,00,02,
8348118,00000397,false,Rx,0,8,1C,00,43,10,3F,07,00,00,
8348524,0000042A,false,Rx,0,8,8E,83,0C,02,00,10,00,00,
8348614,00000398,false,Rx,0,8,00,00,00,00,00,00,00,00,
8349826,000001AB,false,Rx,0,8,BF,82,A4,50,70,38,00,00,
8349944,000001AC,false,Rx,0,8,00,28,00,00,00,00,00,00,
8352486,0000036F,false,Rx,0,8,28,31,01,00,00,00,00,00,
8352585,0000037F,false,Rx,0,8,55,90,52,24,41,02,00,00,
8355637,00000061,false,Rx,0,8,62,66,B0,00,00,00,00,00,
8355742,00000062,false,Rx,0,8,02,02,00,02,40,FF,00,FF,
8355807,00000063,false,Rx,0,8,00,00,05,00,00,08,FD,00,
8356163,00000064,false,Rx,0,8,00,00,00,04,FF,FA,00,00,
8356240,000000A1,false,Rx,0,8,FD,99,B0,57,61,02,8A,00,
8356490,000000A2,false,Rx,0,8,02,00,00,00,00,00,00,00,
8356617,000000A3,false,Rx,0,8,00,40,01,00,00,00,00,00,
8358522,00000146,false,Rx,0,8,E4,7D,1A,10,04,05,00,00,
8358629,00000147,false,Rx,0,8,01,04,7D,00,40,49,07,00,
8358779,00000148,false,Rx,0,8,00,00,42,00,1E,89,40,05,
8359000,00000149,false,Rx,0,8,00,38,00,CC,00,00,00,00,
8362535,00000561,false,Rx,0,8,63,02,00,00,00,00,FF,FF,
8366304,00000121,false,Rx,0,8,C9,C2,16,00,00,00,00,05,
8366397,00000122,false,Rx,0,8,FF,D9,67,1F,46,47,46,45,
8366809,00000123,false,Rx,0,8,B6,02,00,00,00,00,01,00,
8366897,0000011B,false,Rx,0,8,82,41,DA,05,80,08,28,02,
8367223,00000124,false,Rx,0,8,00,00,0A,00,00,00,20,40,
8367566,0000011C,false,Rx,0,8,00,05,20,00,22,00,01,01,
8367896,0000012B,false,Rx,0,8,64,11,DA,06,00,00,08,00,
8367970,000001B1,false,Rx,0,8,3C,67,1A,00,72,00,00,00,
8368612,0000012C,false,Rx,0,8,00,00,01,00,00,64,00,00,
8368956,000001B2,false,Rx,0,8,23,00,04,B7,0F,0A,50,10,
8369250,00000161,false,Rx,0,8,10,2C,ED,03,00,00,00,02,
8369444,000001B3,false,Rx,0,8,10,33,37,00,5A,7B,6B,7D,
8369515,00000162,false,Rx,0,8,FF,FC,01,00,00,00,00,00,
8369565,000001B4,false,Rx,0,8,65,7D,10,00,00,41,00,00,
8371405,000003B0,false,Rx,0,8,72,37,FF,C7,00,00,03,C0,
8372425,00000405,false,Rx,0,8,D2,10,00,00,00,01,00,00,
8372511,00000410,false,Rx,0,8,6A,60,57,3C,DE,6A,FF,FF,
8372966,00000411,false,Rx,0,8,04,D1,50,51,00,00,44,04,
8373304,00000412,false,Rx,0,8,CC,E0,00,00,00,00,00,00,
8373431,00000413,false,Rx,0,8,08,60,00,00,00,00,00,00,
8373719,0000010B,false,Rx,0,8,CA,21,20,00,00,00,00,05,
8373798,00000414,false,Rx,0,8,41,70,00,00,28,00,00,00,
8374124,0000010C,false,Rx,0,8,FF,F9,E7,1F,46,50,48,48,
8374451,00000416,false,Rx,0,8,55,00,00,00,00,00,00,00,
8374762,0000010D,false,Rx,0,8,B5,02,00,00,00,00,01,00,
8375055,00000417,false,Rx,0,8,20,E0,00,00,00,00,00,00,
8375353,0000010E,false,Rx,0,8,00,00,1E,00,00,C0,AB,57,
8375467,00000418,false,Rx,0,8,07,C0,00,00,14,0C,00,00,
8375613,00000419,false,Rx,0,8,62,60,27,D5,31,87,90,00,
8377549,000001A1,false,Rx,0,8,D7,07,ED,FE,F7,7F,64,00,
8377711,000001A2,false,Rx,0,8,44,00,00,00,27,08,00,00,
8377960,000001A3,false,Rx,0,8,FF,F3,3F,00,00,00,00,00,
8378214,00000485,false,Rx,0,8,00,40,11,02,00,00,00,00,
8378446,000001A4,false,Rx,0,8,FE,07,00,00,00,00,00,00,
8381101,000003B2,false,Rx,0,8,36,15,FF,02,29,2F,34,00,
8385686,00000036,false,Rx,0,8,C4,17,35,51,00,00,25,05,
8385791,00000037,false,Rx,0,8,30,00,00,10,00,40,00,00,
8386060,00000038,false,Rx,0,8,04,00,00,00,B0,39,96,D4,
8386272,00000039,false,Rx,0,8,00,00,00,00,00,00,00,00,
8386519,0000019B,false,Rx,0,8,B7,07,2B,00,00,E4,00,00,
8386778,0000019C,false,Rx,0,8,40,20,00,00,00,00,0B,09,
8386889,000000C5,false,Rx,1,8,00,00,00,00,00,00,00,00,
8387121,0000019D,false,Rx,0,8,00,10,00,01,00,00,00,00,
8387343,00000244,false,Rx,1,8,FF,FF,FF,FF,FF,FF,FF,FF,
8387585,0000019E,false,Rx,0,8,15,00,00,00,00,32,00,00,
8387783,0000041F,false,Rx,1,8,00,0C,00,00,00,00,00,00,
8388081,00000380,false,Rx,0,8,96,92,03,08,08,08,08,01,
8388261,000004B4,false,Rx,1,8,00,00,05,40,10,70,04,00,
8388754,000004B5,false,Rx,1,8,08,00,F0,07,00,00,00,00,
8389228,000004B7,false,Rx,1,8,08,00,F0,07,00,00,00,00,
8389728,000004CA,false,Rx,1,8,00,00,00,00,00,00,00,00,
8390218,000004CC,false,Rx,1,8,08,00,00,06,00,00,03,00,
8390288,000001F1,false,Rx,0,8,B4,1B,57,01,00,00,28,00,
8390605,00000427,false,Rx,0,8,1D,86,FF,00,80,0A,00,00,
8390672,000004CE,false,Rx,1,8,DE,01,00,00,00,00,F8,FF,
8390795,000001F2,false,Rx,0,8,00,00,00,00,00,00,00,00,
8391183,000004D7,false,Rx,1,8,23,01,00,00,00,00,00,00,
8391639,000004D8,false,Rx,1,8,41,10,F0,F0,40,F2,1E,CC,
8392134,000004DD,false,Rx,1,8,00,00,FE,00,04,00,00,00,
8392431,000004DF,false,Rx,1,8,00,00,08,00,00,00,00,00,
8392704,000004E7,false,Rx,1,8,00,30,00,00,00,00,69,00,
8392984,000004E8,false,Rx,1,8,FF,FF,FF,05,FF,FF,FF,00,
8393238,000004E9,false,Rx,1,8,12,00,00,34,00,00,50,00,
8393496,000004EA,false,Rx,1,8,67,00,00,89,00,00,00,00,
8393767,000004EB,false,Rx,1,8,02,80,15,08,80,00,00,00,
8394034,000004EC,false,Rx,1,8,00,00,00,00,00,00,00,00,
8394261,000004ED,false,Rx,1,8,00,00,00,00,00,FF,FF,1F,
8394579,000004EE,false,Rx,1,8,FF,FF,00,00,00,00,00,00,
8394792,000004EF,false,Rx,1,8,60,00,60,00,2B,14,00,00,
8395094,0000063D,false,Rx,1,8,00,80,00,00,00,00,00,00,
8395369,0000063E,false,Rx,1,8,FF,FF,FF,FF,FF,FF,FF,FF,
8395662,0000063F,false,Rx,1,8,00,10,00,C4,FF,00,00,00,
8395876,00000640,false,Rx,1,8,FF,FF,FF,00,FF,FF,FF,00,
8396198,00000641,false,Rx,1,8,FF,FF,FF,FF,0F,FF,FF,FF,
8396419,00000646,false,Rx,1,8,00,00,00,80,01,00,00,00,
8404908,00000061,false,Rx,0,8,1D,4A,B5,00,00,00,00,00,
8405096,00000062,false,Rx,0,8,02,02,00,02,40,FF,00,FF,
8405347,00000063,false,Rx,0,8,00,00,05,00,00,08,FD,00,
8405603,00000064,false,Rx,0,8,00,00,00,04,FF,FA,00,00,
8405839,000000A1,false,Rx,0,8,F2,72,B5,57,61,02,8A,00,
8406117,000000A2,false,Rx,0,8,02,00,00,00,00,00,00,00,
8406369,000000A3,false,Rx,0,8,00,40,01,00,00,00,00,00,
8407070,000004F0,false,Rx,1,8,4A,10,15,09,5C,1A,0B,02,
8412516,00000419,false,Rx,0,8,62,60,27,D5,31,87,90,00,
8416258,00000121,false,Rx,0,8,C4,04,1B,00,00,00,00,05,
8416436,00000122,false,Rx,0,8,FF,D9,67,1F,46,47,46,45,
8416638,00000123,false,Rx,0,8,B6,02,00,00,00,00,01,00,
8416909,00000124,false,Rx,0,8,00,00,0A,00,00,00,20,40,
8417139,0000011B,false,Rx,0,8,74,69,DF,05,80,08,28,02,
8417378,0000012B,false,Rx,0,8,92,39,DF,06,00,00,08,00,
8417630,0000011C,false,Rx,0,8,00,05,20,00,22,00,01,01,
8417868,0000012C,false,Rx,0,8,00,00,01,00,00,64,00,00,
8423326,0000010B,false,Rx,0,8,B5,0D,25,00,00,00,00,05,
8423430,0000010C,false,Rx,0,8,FF,F9,E7,1F,46,50,48,48,
8423740,0000010D,false,Rx,0,8,B5,02,00,00,00,00,01,00,
8423955,0000010E,false,Rx,0,8,00,00,1E,00,00,C0,AB,57,
8429180,00000226,false,Rx,0,8,D8,E4,21,FF,63,60,09,42,
8429288,00000227,false,Rx,0,8,02,94,00,09,03,F1,9F,03,
8432995,000001E6,false,Rx,0,8,D2,4B,A0,02,00,00,00,00,
8433152,000001BB,false,Rx,0,8,90,35,A0,02,00,00,00,0A,
8433452,000001BC,false,Rx,0,8,32,00,00,00,02,00,00,00,
8433712,000001BD,false,Rx,0,8,00,00,00,00,00,00,00,00,
8433964,000001E7,false,Rx,0,8,00,00,22,03,20,01,00,00,
8434214,00000091,false,Rx,0,8,AB,AC,D3,16,06,00,00,00,
8434478,00000092,false,Rx,0,8,25,00,00,00,50,02,00,00,
8434768,00000093,false,Rx,0,8,00,00,00,00,00,00,00,00,
8435033,00000094,false,Rx,0,8,00,00,00,00,00,00,00,00,
8435342,000003AA,false,Rx,0,8,FF,00,D0,00,54,00,00,00,
8435571,00000036,false,Rx,0,8,45,63,3A,51,00,00,25,05,
8435834,00000037,false,Rx,0,8,30,00,00,10,00,40,00,00,
8436121,00000038,false,Rx,0,8,04,00,00,00,B0,39,96,D4,
8436507,00000039,false,Rx,0,8,00,00,00,00,00,00,00,00,
8436663,0000019B,false,Rx,0,8,CA,C2,30,00,00,E4,00,00,
8436867,0000019C,false,Rx,0,8,40,20,00,00,00,00,0B,09,
8437136,0000019D,false,Rx,0,8,00,10,00,01,00,00,00,00,
8437363,000002D6,false,Rx,0,8,BC,E8,67,00,00,00,00,00,
8437603,0000019E,false,Rx,0,8,15,00,00,00,00,32,00,00,
8437853,000002D7,false,Rx,0,8,00,00,00,00,03,00,00,00,
8438086,000002EB,false,Rx,0,8,96,AF,67,07,08,01,00,02,
8438328,000002D8,false,Rx,0,8,00,00,00,00,00,00,38,47,
8438578,000002EC,false,Rx,0,8,22,00,CF,00,59,00,00,00,
8438816,000002D9,false,Rx,0,8,00,00,00,00,00,00,00,00,
8439072,000002ED,false,Rx,0,8,00,00,00,00,00,00,00,00,
8439302,000003B6,false,Rx,0,8,3C,71,67,00,00,00,00,46,
8439560,000002EE,false,Rx,0,8,00,00,00,00,00,00,00,00,
8439803,000003B7,false,Rx,0,8,46,00,00,00,00,00,00,00,
8440053,00000495,false,Rx,0,8,49,00,00,00,00,00,00,00,
8440281,000003B8,false,Rx,0,8,B3,02,00,00,00,00,69,0E,
8440558,000003B9,false,Rx,0,8,00,00,00,00,00,00,00,00,
8446337,00000251,false,Rx,0,8,27,87,D0,00,00,00,00,00,
8446554,00000252,false,Rx,0,8,00,00,1B,1B,03,00,00,00,
8446812,00000253,false,Rx,0,8,00,00,00,58,58,00,80,4D,
8447075,000002AB,false,Rx,0,8,CA,84,D3,0C,0C,00,00,00,
8447285,000004F0,false,Rx,1,8,4A,10,15,09,5C,1A,0B,02,
8447339,000002AC,false,Rx,0,8,00,FF,FF,00,00,40,00,54,
8447591,000002AD,false,Rx,0,8,00,01,00,40,FF,FF,FF,0F,
8448049,000002AE,false,Rx,0,8,01,00,FF,3F,01,01,00,00,
8448290,000003B1,false,Rx,0,8,C1,DE,00,80,00,00,20,00,
8448541,000002B6,false,Rx,0,8,70,A2,D3,01,00,00,00,40,
8448781,000002B7,false,Rx,0,8,9F,00,50,1C,00,04,00,00,
8449026,0000033B,false,Rx,0,8,92,EE,D2,00,00,00,00,00,
8449264,000002B8,false,Rx,0,8,FF,F8,10,00,00,00,00,00,
8449646,000001AB,false,Rx,0,8,CC,BB,A9,50,70,38,00,00,
8450368,000002B9,false,Rx,0,8,0A,00,00,00,00,00,00,00,
8450708,000001AC,false,Rx,0,8,00,28,00,00,00,00,00,00,
8450951,000002C1,false,Rx,0,8,3E,EE,6A,21,00,41,00,D3,
8451035,0000033C,false,Rx,0,8,00,00,00,00,F0,00,00,00,
8451101,000002C2,false,Rx,0,8,1B,00,00,00,00,00,00,00,
8451265,0000033D,false,Rx,0,8,00,00,00,00,00,00,00,00,
8451315,000002C3,false,Rx,0,8,00,00,00,00,00,00,00,00,
8451646,0000033E,false,Rx,0,8,00,00,00,00,00,00,00,00,
8451804,000002C4,false,Rx,0,8,00,00,00,00,00,00,00,00,
8452047,00000563,false,Rx,1,8,65,02,00,00,00,00,FF,FF,
8452113,00000356,false,Rx,0,8,04,2C,69,00,00,00,00,00,
8452193,000002E1,false,Rx,0,8,F6,E9,D3,00,00,00,00,40,
8452591,00000357,false,Rx,0,8,00,00,00,00,00,4B,4D,48,
8452890,000002E2,false,Rx,0,8,FD,00,00,00,00,14,00,04,
8452951,00000358,false,Rx,0,8,35,41,45,4D,52,37,33,4F,
8453179,000002E3,false,Rx,0,8,00,00,00,00,00,00,72,01,
8453478,00000359,false,Rx,0,8,51,4F,34,52,4A,35,33,00,
8453684,000002E4,false,Rx,0,8,02,00,00,00,00,00,00,00,
8453879,0000036F,false,Rx,0,8,20,41,01,00,00,00,00,00,
8454119,00000419,false,Rx,0,8,62,60,27,D5,31,87,90,00,
8454351,0000037F,false,Rx,0,8,83,A0,52,24,41,02,00,00,
8455020,00000061,false,Rx,0,8,9C,3E,BA,00,00,00,00,00,
8455321,000003A1,false,Rx,0,8,A1,F1,4F,00,FF,FF,FF,FF,
8455595,00000062,false,Rx,0,8,02,02,00,02,40,FF,00,FF,
8455709,000003A2,false,Rx,0,8,00,00,00,00,00,00,00,00,
8455801,00000063,false,Rx,0,8,00,00,05,00,00,08,FD,00,
8456186,00000064,false,Rx,0,8,00,00,00,04,FF,FA,00,00,
8456627,000000A1,false,Rx,0,8,C2,5F,BA,57,61,02,8A,00,
8456954,000000A2,false,Rx,0,8,02,00,00,00,00,00,00,00,
8457295,000000A3,false,Rx,0,8,00,40,01,00,00,00,00,00,
8458327,00000146,false,Rx,0,8,9B,51,1F,10,04,05,00,00,
8458465,00000147,false,Rx,0,8,01,04,7D,00,40,49,07,00,
8458733,00000148,false,Rx,0,8,00,00,42,00,1E,89,40,05,
8459030,00000149,false,Rx,0,8,00,38,00,CC,00,00,00,00,
8459769,00000111,false,Rx,0,8,F8,1E,97,01,00,00,00,00,
8460027,00000112,false,Rx,0,8,00,00,00,00,00,00,00,00,
8460275,00000113,false,Rx,0,8,00,00,00,00,00,00,00,00,
8460558,00000114,false,Rx,0,8,00,00,00,00,00,00,00,00,
8465595,000000FF,false,Rx,0,8,CB,10,00,00,00,00,02,00,
8466240,00000121,false,Rx,0,8,E4,9E,20,00,00,00,00,05,
8466386,00000394,false,Rx,0,8,2A,22,1A,49,00,00,00,00,
8466631,00000122,false,Rx,0,8,FF,D9,67,1F,46,48,46,45,
8466876,0000011B,false,Rx,0,8,A2,F5,E4,05,80,08,28,02,
8467097,00000123,false,Rx,0,8,B6,02,00,00,00,00,01,00,
8467358,0000011C,false,Rx,0,8,00,05,20,00,22,00,01,01,
8467588,00000124,false,Rx,0,8,00,00,0A,00,00,00,20,40,
8467842,000001B1,false,Rx,0,8,43,4B,1F,00,72,00,00,00,
8468067,0000012B,false,Rx,0,8,44,A5,E4,06,00,00,08,00,
8468311,000001B2,false,Rx,0,8,23,00,04,B7,0F,0A,50,10,
8468554,0000012C,false,Rx,0,8,00,00,01,00,00,64,00,00,
8468785,000001B3,false,Rx,0,8,10,33,37,00,5A,7B,6B,7D,
8469036,00000161,false,Rx,0,8,00,76,F2,03,00,00,00,02,
8469267,000001B4,false,Rx,0,8,65,7D,10,00,00,41,00,00,
8469520,00000162,false,Rx,0,8,FF,FC,01,00,00,00,00,00,
8469741,000001E1,false,Rx,0,8,FE,E2,94,02,00,00,00,00,
8470000,000003C3,false,Rx,0,8,45,10,31,30,36,00,00,00,
8470240,000001E2,false,Rx,0,8,00,00,00,00,00,00,00,00,
8470487,000003E0,false,Rx,0,8,01,70,01,00,54,03,00,00,
8470719,0000041A,false,Rx,0,8,95,40,12,00,00,00,00,00,
8470985,000003E5,false,Rx,0,8,8E,90,01,00,00,00,00,00,
8471223,0000041B,false,Rx,0,8,60,30,00,00,00,00,00,00,
8471477,000003E6,false,Rx,0,8,7F,00,00,00,00,00,00,00,
8471714,0000041C,false,Rx,0,8,E9,80,E0,00,00,00,00,00,
8472015,00000422,false,Rx,0,8,EA,C0,01,00,00,00,04,00,
8472281,00000432,false,Rx,0,8,03,20,02,00,00,00,00,00,
8472542,00000435,false,Rx,0,8,9F,D0,00,40,00,00,00,00,
8472807,00000442,false,Rx,0,8,CE,20,11,81,00,00,00,00,
8473055,00000444,false,Rx,0,8,6C,30,20,50,55,50,00,00,
8473302,0000010B,false,Rx,0,8,34,79,2A,00,00,00,00,05,
8473533,00000445,false,Rx,0,8,6F,30,00,00,00,00,00,18,
8473893,0000010C,false,Rx,0,8,FF,F9,E7,1F,46,50,48,48,
8473991,00000464,false,Rx,0,8,B2,70,F0,FF,38,7F,05,00,
8474407,0000010D,false,Rx,0,8,B5,02,00,00,00,00,01,00,
8474743,0000010E,false,Rx,0,8,00,00,1E,00,00,C0,AB,57,
8477407,000001A1,false,Rx,0,8,93,B7,F2,FE,F7,7F,64,00,
8477530,000001A2,false,Rx,0,8,44,00,00,00,27,08,00,00,
8477818,000001A3,false,Rx,0,8,FF,F3,3F,00,00,00,00,00,
8477931,00000487,false,Rx,1,8,00,00,00,00,00,00,00,00,
8478040,000001A4,false,Rx,0,8,FE,07,00,00,00,00,00,00,
8478337,00000642,false,Rx,1,8,FF,FF,FF,FF,FF,FF,00,00,
8480318,0000030B,false,Rx,0,8,86,90,D2,00,04,00,00,00,
8480557,0000030C,false,Rx,0,8,00,00,0E,00,2C,00,A0,0F,
8480805,0000030D,false,Rx,0,8,00,00,00,00,44,00,00,00,
8481068,0000030E,false,Rx,0,8,00,00,18,05,21,00,00,1A,
8485735,00000036,false,Rx,0,8,3A,4F,3F,51,00,00,25,05,
8485826,00000037,false,Rx,0,8,30,00,00,10,00,40,00,00,
8486130,00000038,false,Rx,0,8,04,00,00,00,B0,39,96,D4,
8486297,00000039,false,Rx,0,8,00,00,00,00,00,00,00,00,
8486517,0000019B,false,Rx,0,8,B5,EE,35,00,00,E4,00,00,
8486773,0000019C,false,Rx,0,8,40,20,00,00,00,00,0B,09,
8487248,0000019D,false,Rx,0,8,00,10,00,01,00,00,00,00,
8487335,0000019E,false,Rx,0,8,15,00,00,00,00,32,00,00,
8488144,000001FB,false,Rx,0,8,8F,1E,CA,00,00,00,00,00,
8488698,000001FC,false,Rx,0,8,00,00,00,00,00,00,00,00,
8489053,000004F0,false,Rx,1,8,4A,10,15,09,5C,1A,0B,02,
8489178,000001FD,false,Rx,0,8,00,1A,03,00,00,00,00,00,
8489228,00000475,false,Rx,0,8,12,00,00,00,00,00,00,00,
8489339,000001FE,false,Rx,0,8,00,00,00,00,00,00,00,00,
8489384,00000496,false,Rx,0,8,12,00,00,00,00,00,00,00,
8494320,00000383,false,Rx,0,8,5A,53,00,10,01,00,00,00,
8499754,00000448,false,Rx,0,8,DE,80,00,00,00,00,00,00,
8505058,00000061,false,Rx,0,8,E3,12,BF,00,00,00,00,00,
8505159,00000062,false,Rx,0,8,02,02,00,02,40,FF,00,FF,
8505454,00000063,false,Rx,0,8,00,00,05,00,00,08,FD,00,
8505635,00000064,false,Rx,0,8,00,00,00,04,FF,FA,00,00,
8505898,000000A1,false,Rx,0,8,CD,B4,BF,57,61,02,8A,00,
8506180,000000A2,false,Rx,0,8,02,00,00,00,00,00,00,00,
8506408,000000A3,false,Rx,0,8,00,40,01,00,00,00,00,00,
8507222,00000415,false,Rx,0,8,40,13,10,00,08,01,00,00,
8508118,00000382,false,Rx,0,8,2B,FE,21,00,00,05,09,00,
8510555,000002BF,false,Rx,0,8,FF,FF,FF,00,00,00,00,00,
8510769,0000047F,false,Rx,0,8,F0,FC,FF,FF,FF,FF,FF,FF,
8511033,00000653,false,Rx,0,8,0A,19,03,01,02,2A,00,00,
8511629,00000236,false,Rx,0,8,6F,C1,D1,00,34,6C,AE,62,
8511828,000002FB,false,Rx,0,8,65,E0,D1,04,72,1A,B4,B4,
8512081,00000151,false,Rx,0,8,29,36,D1,64,C8,00,28,18,
8512303,00000237,false,Rx,0,8,00,15,47,00,00,1E,1B,00,
8512547,00000152,false,Rx,0,8,14,17,17,00,51,00,00,00,
8512785,000001F6,false,Rx,0,8,62,EA,D1,00,00,00,00,0E,
8513039,00000153,false,Rx,0,8,00,00,00,00,00,00,00,00,
8513273,000001F7,false,Rx,0,8,26,00,DA,02,00,00,00,00,
8513534,00000154,false,Rx,0,8,00,00,00,00,00,00,00,00,
8513771,000001F8,false,Rx,0,8,00,5E,01,45,01,00,00,00,
8514007,000002FC,false,Rx,0,8,0F,00,14,18,00,00,8E,43,
8514236,000001F9,false,Rx,0,8,4B,00,64,C8,14,00,4B,00,
8514557,000002FD,false,Rx,0,8,00,00,00,00,00,1C,13,EA,
8515234,00000238,false,Rx,0,8,00,00,72,00,00,00,00,00,
8515609,000002FE,false,Rx,0,8,00,00,72,01,00,28,C8,02,
8515916,00000239,false,Rx,0,8,00,00,00,00,01,00,00,00,
8516014,00000326,false,Rx,0,8,1B,9D,D1,00,00,00,00,00,
8516164,0000025B,false,Rx,0,8,AC,78,D1,40,40,20,00,00,
8516228,00000327,false,Rx,0,8,00,00,00,00,05,00,00,00,
8516307,00000121,false,Rx,0,8,9B,B2,25,00,00,00,00,05,
8516629,0000025C,false,Rx,0,8,00,00,26,00,B4,2C,19,00,
8516695,00000122,false,Rx,0,8,FF,D9,67,1F,46,48,46,45,
8516882,0000025D,false,Rx,0,8,00,C8,00,00,00,80,C0,70,
8517385,0000011B,false,Rx,0,8,D1,CC,E9,05,80,08,28,02,
8518155,00000123,false,Rx,0,8,B6,02,00,00,00,00,01,00,
8518695,0000011C,false,Rx,0,8,00,05,20,00,22,00,01,01,
8519005,00000124,false,Rx,0,8,00,00,0A,00,00,00,20,40,
8519163,000004A3,false,Rx,1,8,80,00,48,0B,3E,00,00,00,
8519219,0000025E,false,Rx,0,8,02,07,0E,01,00,00,46,00,
8519286,0000012B,false,Rx,0,8,37,9C,E9,06,00,00,08,00,
8519361,000004A4,false,Rx,1,8,FF,FF,FF,00,00,00,00,00,
8519516,00000328,false,Rx,0,8,DA,02,4B,00,00,5E,01,00,
8519563,0000012C,false,Rx,0,8,00,00,01,00,00,64,00,00,
8519610,00000329,false,Rx,0,8,64,45,01,00,00,00,00,00,
8519683,00000331,false,Rx,0,8,38,38,D1,F1,C8,A0,2C,97,
8519854,00000332,false,Rx,0,8,E8,08,FC,03,00,00,00,00,
8520297,00000333,false,Rx,0,8,00,00,00,1C,0C,40,20,64,
8520547,00000334,false,Rx,0,8,C8,00,00,00,08,44,F4,8F,
8523299,0000010B,false,Rx,0,8,4B,55,2F,00,00,00,00,05,
8523592,0000010C,false,Rx,0,8,FF,F9,E7,1F,46,50,48,48,
8523810,0000010D,false,Rx,0,8,B5,02,00,00,00,00,01,00,
8523957,0000010E,false,Rx,0,8,00,00,1E,00,00,C0,AB,57,
8529219,000002FF,false,Rx,0,8,D4,CB,00,71,02,00,00,00,
8529311,00000316,false,Rx,0,8,C1,E0,11,34,06,80,0A,00,
8529742,00000472,false,Rx,0,8,5C,EC,00,40,08,41,00,45,
8529813,00000317,false,Rx,0,8,00,00,05,00,00,00,00,00,
8530143,00000473,false,Rx,0,8,5F,24,00,25,00,00,00,78,
8530500,00000474,false,Rx,0,8,91,72,00,00,00,00,00,08,
8534326,00000091,false,Rx,0,8,16,10,D4,16,06,00,00,00,
8534479,00000092,false,Rx,0,8,27,00,00,00,70,02,00,00,
8534750,00000093,false,Rx,0,8,00,00,00,00,00,00,00,00,
8534998,00000094,false,Rx,0,8,00,00,00,00,00,00,00,00,
8535518,00000036,false,Rx,0,8,9B,30,44,51,00,00,25,05,
8535763,00000037,false,Rx,0,8,30,00,00,10,00,40,00,00,
8536026,00000038,false,Rx,0,8,04,00,00,00,B0,39,96,D4,
8536344,00000039,false,Rx,0,8,00,00,00,00,00,00,00,00,
8536574,0000019B,false,Rx,0,8,34,9A,3A,00,00,E4,00,00,
8536993,00000256,false,Rx,0,8,A8,EC,D0,15,40,00,00,01,
8537323,0000019C,false,Rx,0,8,40,20,00,00,00,00,0B,09,
8537688,00000257,false,Rx,0,8,00,94,41,1A,85,07,00,94,
8538037,0000019D,false,Rx,0,8,00,10,00,01,00,00,00,00,
8538112,00000258,false,Rx,0,8,35,F4,1A,00,10,15,00,28,
8538299,0000019E,false,Rx,0,8,15,00,00,00,00,32,00,00,
8538382,00000259,false,Rx,0,8,64,05,8D,3C,4C,02,00,00,
8538436,000002E6,false,Rx,0,8,DA,02,D0,01,00,00,00,15,
8538765,000002E7,false,Rx,0,8,0A,00,00,00,00,00,00,00,
8538995,000002E8,false,Rx,0,8,00,00,00,00,00,00,00,00,
8539235,000002E9,false,Rx,0,8,00,00,00,00,00,00,00,00,
8539686,000001F1,false,Rx,0,8,C7,22,5A,01,00,00,28,00,
8539948,000001F2,false,Rx,0,8,00,00,00,00,00,00,00,00,
8541042,00000384,false,Rx,0,8,BA,56,0D,01,00,FF,00,24,
8544325,00000401,false,Rx,0,8,C6,10,10,00,00,04,00,00,
8548232,00000396,false,Rx,0,8,F6,A8,68,0F,08,01,00,02,
8548327,0000042A,false,Rx,0,8,8E,83,0C,02,00,10,00,00,
8548509,00000397,false,Rx,0,8,1C,00,43,10,3F,07,00,00,
8548758,00000565,false,Rx,0,8,66,02,00,00,00,00,FF,FF,
8549011,000001AB,false,Rx,0,8,53,D3,AE,50,70,38,00,00,
8549253,00000398,false,Rx,0,8,00,00,00,00,00,00,00,00,
8549514,000001AC,false,Rx,0,8,00,28,00,00,00,00,00,00,
8552387,0000036F,false,Rx,0,8,99,51,01,00,00,00,00,00,
8552475,0000037F,false,Rx,0,8,3A,B0,52,24,41,02,00,00,
8555023,00000061,false,Rx,0,8,42,6D,C4,00,00,00,00,00,
8555160,00000062,false,Rx,0,8,02,02,00,02,40,FF,00,FF,
8555560,00000063,false,Rx,0,8,00,00,05,00,00,08,FD,00,
8555719,00000064,false,Rx,0,8,00,00,00,04,FF,FA,00,00,
8555887,000000A1,false,Rx,0,8,69,94,C4,57,61,02,8A,00,
8556183,000000A2,false,Rx,0,8,02,00,00,00,00,00,00,00,
8556425,000000A3,false,Rx,0,8,00,40,01,00,00,00,00,00,
8558305,00000146,false,Rx,0,8,4D,0D,24,10,04,05,00,00,
8558517,00000147,false,Rx,0,8,01,04,7D,00,40,49,07,00,
8558780,00000148,false,Rx,0,8,00,00,42,00,1E,89,40,05,
8559018,00000149,false,Rx,0,8,00,38,00,CC,00,00,00,00,
8566328,00000121,false,Rx,0,8,EC,00,2A,00,00,00,00,05,
8566421,00000122,false,Rx,0,8,FF,D9,67,1F,46,47,46,45,
8566841,00000123,false,Rx,0,8,B6,02,00,00,00,00,01,00,
8566921,00000124,false,Rx,0,8,00,00,0A,00,00,00,20,40,
8567242,0000011B,false,Rx,0,8,4E,A4,EE,05,80,08,28,02,
8567621,0000012B,false,Rx,0,8,A8,F4,EE,06,00,00,08,00,
8567924,0000011C,false,Rx,0,8,00,05,20,00,22,00,01,01,
8567996,0000012C,false,Rx,0,8,00,00,01,00,00,64,00,00,
8568263,000001B1,false,Rx,0,8,95,17,24,00,72,00,00,00,
8568557,00000161,false,Rx,0,8,F6,5E,F7,03,00,00,00,02,
8568933,000001B2,false,Rx,0,8,23,00,04,B7,0F,0A,50,10,
8569300,00000162,false,Rx,0,8,FF,FC,01,00,00,00,00,00,
8569598,000001B3,false,Rx,0,8,10,33,37,00,5A,7B,6B,7D,
8569696,000001B4,false,Rx,0,8,65,7D,10,00,00,41,00,00,
8571101,000003B0,false,Rx,0,8,72,37,FF,C7,00,00,03,C0,
8572275,00000405,false,Rx,0,8,D2,10,00,00,00,01,00,00,
8572510,00000410,false,Rx,0,8,6A,60,57,3C,DE,6A,FF,FF,
8572746,00000411,false,Rx,0,8,04,D1,50,51,00,00,44,04,
8573012,00000412,false,Rx,0,8,CC,E0,00,00,00,00,00,00,
8573278,0000010B,false,Rx,0,8,36,90,34,00,00,00,00,05,
8573538,00000413,false,Rx,0,8,08,60,00,00,00,00,00,00,
8573762,0000010C,false,Rx,0,8,FF,F9,E7,1F,46,50,48,48,
8574017,00000414,false,Rx,0,8,41,70,00,00,28,00,00,00,
8574248,0000010D,false,Rx,0,8,B5,02,00,00,00,00,01,00,
8574545,00000416,false,Rx,0,8,55,00,00,00,00,00,00,00,
8574756,0000010E,false,Rx,0,8,00,00,1E,00,00,C0,AB,57,
8575211,00000417,false,Rx,0,8,20,E0,00,00,00,00,00,00,
8575570,00000418,false,Rx,0,8,07,C0,00,00,14,0C,00,00,
8575902,00000419,false,Rx,0,8,62,60,27,D5,31,87,90,00,
8577698,000001A1,false,Rx,0,8,EC,9B,F7,FE,F7,7F,64,00,
8577816,000001A2,false,Rx,0,8,44,00,00,00,27,08,00,00,
8578149,000001A3,false,Rx,0,8,FF,F3,3F,00,00,00,00,00,
8578317,000001A4,false,Rx,0,8,FE,07,00,00,00,00,00,00,
8581106,000003B2,false,Rx,0,8,36,15,FF,02,29,2F,34,00,
8582995,000001E6,false,Rx,0,8,9F,A3,A3,02,00,00,00,00,
8583175,000001BB,false,Rx,0,8,95,6C,A3,02,00,00,00,0A,
8583473,000001BC,false,Rx,0,8,32,00,00,00,02,00,00,00,
8583724,000001BD,false,Rx,0,8,00,00,00,00,00,00,00,00,
8583973,000001E7,false,Rx,0,8,00,00,22,03,20,01,00,00,
8585579,00000036,false,Rx,0,8,96,F6,49,51,00,00,25,05,
8585776,00000037,false,Rx,0,8,30,00,00,10,00,40,00,00,
8586008,00000038,false,Rx,0,8,04,00,00,00,B0,39,96,D4,
8586279,00000039,false,Rx,0,8,00,00,00,00,00,00,00,00,
8586522,0000019B,false,Rx,0,8,4B,B6,3F,00,00,E4,00,00,
8586802,0000019C,false,Rx,0,8,40,20,00,00,00,00,0B,09,
8587093,0000019D,false,Rx,0,8,00,10,00,01,00,00,00,00,
8587510,0000019E,false,Rx,0,8,15,00,00,00,00,32,00,00,
8588057,00000380,false,Rx,0,8,96,92,03,08,08,08,08,01,
8590162,00000427,false,Rx,0,8,1D,86,FF,00,80,0A,00,00,
8590868,000000C5,false,Rx,1,8,00,00,00,00,00,00,00,00,
8591091,00000244,false,Rx,1,8,FF,FF,FF,FF,FF,FF,FF,FF,
8591382,000004B4,false,Rx,1,8,00,00,05,40,10,70,04,00,
8591646,000004B5,false,Rx,1,8,08,00,F0,07,00,00,00,00,
8591926,000004B7,false,Rx,1,8,08,00,F0,07,00,00,00,00,
8592200,000004CA,false,Rx,1,8,00,00,00,00,00,00,00,00,
8592449,000004CC,false,Rx,1,8,08,00,00,06,00,00,03,00,
8592712,000004CE,false,Rx,1,8,DE,01,00,00,00,00,F8,FF,
8592989,000004D7,false,Rx,1,8,23,01,00,00,00,00,00,00,
8593232,000004D8,false,Rx,1,8,41,10,F0,F0,40,F2,1E,CC,
8593501,000004DD,false,Rx,1,8,00,00,FE,00,04,00,00,00,
8593785,000004DF,false,Rx,1,8,00,00,08,00,00,00,00,00,
8594035,000004E7,false,Rx,1,8,00,30,00,00,00,00,69,00,
8594305,000004E8,false,Rx,1,8,FF,FF,FF,05,FF,FF,FF,00,
8594576,000004E9,false,Rx,1,8,12,00,00,34,00,00,50,00,
8594831,000004EA,false,Rx,1,8,67,00,00,89,00,00,00,00,
8595109,000004EB,false,Rx,1,8,02,80,15,09,80,00,00,00,
8595376,000004EC,false,Rx,1,8,00,00,00,00,00,00,00,00,
8595649,000004ED,false,Rx,1,8,00,00,00,00,00,FF,FF,1F,
8595929,000004EE,false,Rx,1,8,FF,FF,00,00,00,00,00,00,
8596189,000004EF,false,Rx,1,8,60,00,60,00,2B,14,00,00,
8596429,000004F0,false,Rx,1,8,4A,10,15,09,5C,1A,0B,02,
8596710,000004F1,false,Rx,1,8,00,C0,00,00,00,00,00,00,
8596981,000004F2,false,Rx,1,8,02,FF,DD,FF,03,01,00,00,
8597255,000004F3,false,Rx,1,8,00,00,00,00,30,00,00,00,
8597529,000004F9,false,Rx,1,8,E0,FF,FF,FF,FF,FF,FF,FF,
8597778,000004FE,false,Rx,1,8,69,23,00,03,CF,00,48,A8,
8598035,0000063D,false,Rx,1,8,00,80,00,00,00,00,00,00,
8598321,0000063E,false,Rx,1,8,FF,FF,FF,FF,FF,FF,FF,FF,
8598597,0000063F,false,Rx,1,8,00,10,00,C4,FF,00,00,00,
8598870,00000640,false,Rx,1,8,FF,FF,FF,00,FF,FF,FF,00,
8599139,00000641,false,Rx,1,8,FF,FF,FF,FF,0F,FF,FF,FF,
8599399,00000646,false,Rx,1,8,00,00,00,80,01,00,00,00,
8604914,00000061,false,Rx,0,8,4F,AB,C9,00,00,00,00,00,
8605103,00000062,false,Rx,0,8,02,02,00,02,40,FF,00,FF,
8605357,00000063,false,Rx,0,8,00,00,05,00,00,08,FD,00,
8605614,00000064,false,Rx,0,8,00,00,00,04,FF,FA,00,00,
8605849,000000A1,false,Rx,0,8,5F,D7,C9,57,61,02,8A,00,
8606102,000000A2,false,Rx,0,8,02,00,00,00,00,00,00,00,
8606407,000000A3,false,Rx,0,8,00,40,01,00,00,00,00,00,
8616203,00000121,false,Rx,0,8,65,EA,2F,00,00,00,00,05,
8616418,00000122,false,Rx,0,8,FF,D9,67,1F,46,48,46,45,
8616663,00000123,false,Rx,0,8,B6,02,00,00,00,00,01,00,
8616915,00000124,false,Rx,0,8,00,00,0A,00,00,00,20,40,
8617143,0000011B,false,Rx,0,8,37,BE,F3,05,80,08,28,02,
8617370,0000012B,false,Rx,0,8,D1,EE,F3,06,00,00,08,00,
8617637,0000011C,false,Rx,0,8,00,05,20,00,22,00,01,01,
8618068,0000012C,false,Rx,0,8,00,00,01,00,00,64,00,00,
8618155,000001E1,false,Rx,0,8,B3,0A,97,02,00,00,00,00,
8618506,000001E2,false,Rx,0,8,00,00,00,00,00,00,00,00,
8623384,0000010B,false,Rx,0,8,3B,56,39,00,00,00,00,05,
8623459,0000010C,false,Rx,0,8,FF,F9,E7,1F,46,50,48,48,
8623671,0000010D,false,Rx,0,8,B5,02,00,00,00,00,01,00,
8623911,0000010E,false,Rx,0,8,00,00,1E,00,00,C0,AB,57,
8628894,00000226,false,Rx,0,8,B1,A4,23,FF,63,60,09,42,
8629096,00000227,false,Rx,0,8,02,94,00,09,03,F1,9F,03,
8634359,00000091,false,Rx,0,8,9D,B7,D5,16,06,00,00,00,
8634454,00000092,false,Rx,0,8,28,00,00,00,80,02,00,00,
8634783,00000093,false,Rx,0,8,00,00,00,00,00,00,00,00,
8635030,00000094,false,Rx,0,8,00,00,00,00,00,00,00,00,
8635587,000003AA,false,Rx,0,8,FF,00,D0,00,54,00,00,00,
8635691,00000036,false,Rx,0,8,65,68,4E,51,00,00,25,05,
8636290,00000037,false,Rx,0,8,30,00,00,10,00,40,00,00,
8636677,00000038,false,Rx,0,8,04,00,00,00,B0,39,96,D4,
8636796,00000039,false,Rx,0,8,00,00,00,00,00,00,00,00,
8636990,0000019B,false,Rx,0,8,EA,C9,44,00,00,E4,00,00,
8637061,0000019C,false,Rx,0,8,40,20,00,00,00,00,0B,09,
8637539,000002D6,false,Rx,0,8,3D,9C,68,00,00,00,00,00,
8637629,0000019D,false,Rx,0,8,00,10,00,01,00,00,00,00,
8637674,000002D7,false,Rx,0,8,00,00,00,00,03,00,00,00,
8637928,0000019E,false,Rx,0,8,15,00,00,00,00,32,00,00,
8638183,000002D8,false,Rx,0,8,00,00,00,00,00,00,38,47,
8638400,000002EB,false,Rx,0,8,40,5D,68,07,08,01,00,02,
8638644,000002D9,false,Rx,0,8,00,00,00,00,00,00,00,00,
8638898,000002EC,false,Rx,0,8,00,00,CF,00,59,00,00,00,
8639127,000003B6,false,Rx,0,8,BD,05,68,00,00,00,00,46,
8639382,000002ED,false,Rx,0,8,00,00,00,00,00,00,00,00,
8639626,000003B7,false,Rx,0,8,46,00,00,00,00,00,00,00,
8639879,000002EE,false,Rx,0,8,00,00,00,00,00,00,00,00,
8640113,000003B8,false,Rx,0,8,B3,02,00,00,00,00,69,0E,
8640365,00000495,false,Rx,0,8,49,00,00,00,00,00,00,00,
8640748,000003B9,false,Rx,0,8,00,00,00,00,00,00,00,00,
8645723,00000566,false,Rx,0,8,16,02,00,00,00,00,FF,FF,
8646526,00000251,false,Rx,0,8,21,E9,D2,00,00,00,00,00,
8646659,00000252,false,Rx,0,8,00,00,1B,1B,03,00,00,00,
8647019,00000253,false,Rx,0,8,00,00,00,58,58,00,80,4D,
8647144,000002AB,false,Rx,0,8,7F,43,D5,0C,0C,00,00,00,
8647328,000002AC,false,Rx,0,8,00,FF,FF,00,00,40,00,54,
8647697,000002AD,false,Rx,0,8,00,01,00,40,FF,FF,FF,0F,
8647903,000002AE,false,Rx,0,8,01,00,FF,3F,01,01,00,00,
8648115,000002B6,false,Rx,0,8,C5,65,D5,01,00,00,00,40,
8648378,000003B1,false,Rx,0,8,C1,DE,00,80,00,00,20,00,
8648655,000002B7,false,Rx,0,8,9F,00,50,1C,00,04,00,00,
8648816,0000033B,false,Rx,0,8,27,29,D4,00,00,00,00,00,
8649155,000002B8,false,Rx,0,8,FF,F8,10,00,00,00,00,00,
8649782,0000033C,false,Rx,0,8,00,00,00,00,F0,00,00,00,
8650150,000001AB,false,Rx,0,8,70,C2,B3,50,70,30,00,00,
8650351,000002B9,false,Rx,0,8,0A,00,00,00,00,00,00,00,
8650462,000001AC,false,Rx,0,8,00,28,00,00,00,00,00,00,
8650530,000002C1,false,Rx,0,8,3C,C2,6B,21,00,41,00,D3,
8650830,0000033D,false,Rx,0,8,00,00,00,00,00,00,00,00,
8651139,000002C2,false,Rx,0,8,1C,00,00,00,00,00,00,00,
8651491,0000033E,false,Rx,0,8,00,00,00,00,00,00,00,00,
8651813,000002C3,false,Rx,0,8,00,00,00,00,00,00,00,00,
8652108,00000356,false,Rx,0,8,CE,C7,6A,00,00,00,00,00,
8652237,000002C4,false,Rx,0,8,00,00,00,00,00,00,00,00,
8652282,00000357,false,Rx,0,8,00,00,00,00,00,4B,4D,48,
8652463,000002E1,false,Rx,0,8,43,2E,D5,00,00,00,00,40,
8652518,00000358,false,Rx,0,8,35,41,45,4D,52,37,33,4F,
8652956,000002E2,false,Rx,0,8,FD,00,00,00,00,14,00,04,
8653027,00000359,false,Rx,0,8,51,4F,34,52,4A,35,33,00,
8653201,000002E3,false,Rx,0,8,00,00,00,00,00,00,72,01,
8653486,0000036F,false,Rx,0,8,4F,61,01,00,00,00,00,00,
8653694,000002E4,false,Rx,0,8,02,00,00,00,00,00,00,00,
8654226,0000037F,false,Rx,0,8,32,C0,52,24,41,02,00,00,
8654581,000003A1,false,Rx,0,8,B1,AB,50,00,FF,FF,FF,FF,
8654904,000003A2,false,Rx,0,8,00,00,00,00,00,00,00,00,
8655202,00000061,false,Rx,0,8,BC,35,CE,00,00,00,00,00,
8655504,00000062,false,Rx,0,8,02,02,00,02,40,FF,00,FF,
8655584,00000063,false,Rx,0,8,00,00,05,00,00,08,FD,00,
8655905,00000064,false,Rx,0,8,00,00,00,04,FF,FA,00,00,
8656475,000000A1,false,Rx,0,8,56,52,CE,57,61,02,8A,00,
8656820,000000A2,false,Rx,0,8,02,00,00,00,00,00,00,00,
8656936,000000A3,false,Rx,0,8,00,40,01,00,00,00,00,00,
8658611,00000146,false,Rx,0,8,40,CB,29,10,04,05,00,00,
8658942,00000147,false,Rx,0,8,01,04,7D,00,40,49,07,00,
8659097,00000148,false,Rx,0,8,00,00,42,00,1E,89,40,05,
8659158,00000149,false,Rx,0,8,00,38,00,CC,00,00,00,00,
8659847,00000111,false,Rx,0,8,79,6A,98,01,00,00,00,00,
8660061,00000112,false,Rx,0,8,00,00,00,00,00,00,00,00,
8660247,00000113,false,Rx,0,8,00,00,00,00,00,00,00,00,
8660531,00000114,false,Rx,0,8,00,00,00,00,00,00,00,00,
8665584,000000FF,false,Rx,0,8,CB,10,00,00,00,00,02,00,
8666236,00000121,false,Rx,0,8,EE,E9,34,00,00,00,00,05,
8666334,00000394,false,Rx,0,8,2A,22,1A,49,00,00,00,00,
8666752,00000122,false,Rx,0,8,FF,D9,67,1F,46,47,46,45,
8667092,0000011B,false,Rx,0,8,FF,47,F8,05,80,08,28,02,
8667209,00000123,false,Rx,0,8,B6,02,00,00,00,00,01,00,
8667417,0000011C,false,Rx,0,8,00,05,20,00,22,00,01,01,
8667569,00000124,false,Rx,0,8,00,00,0A,00,00,00,20,40,
8667918,000001B1,false,Rx,0,8,98,D1,29,00,72,00,00,00,
8668479,0000012B,false,Rx,0,8,19,17,F8,06,00,00,08,00,
8668575,000001B2,false,Rx,0,8,23,00,04,B7,0F,0A,50,10,
8668865,0000012C,false,Rx,0,8,00,00,01,00,00,64,00,00,
8669165,000001B3,false,Rx,0,8,10,33,37,00,5A,7B,6B,7D,
8669465,00000161,false,Rx,0,8,3E,A7,FC,03,00,00,00,02,
8669792,000001B4,false,Rx,0,8,65,7D,10,00,00,41,00,00,
8670128,00000162,false,Rx,0,8,FF,FC,01,00,00,00,00,00,
8670465,000003C3,false,Rx,0,8,45,10,31,30,36,00,00,00,
8670555,0000041A,false,Rx,0,8,95,40,12,00,00,00,00,00,
8670836,000003E0,false,Rx,0,8,01,70,01,00,54,03,00,00,
8671159,0000041B,false,Rx,0,8,60,30,00,00,00,00,00,00,
8671249,000003E5,false,Rx,0,8,8E,90,01,00,00,00,00,00,
8671358,0000041C,false,Rx,0,8,E9,80,E0,00,00,00,00,00,
8671406,000003E6,false,Rx,0,8,7F,00,00,00,00,00,00,00,
8671450,00000422,false,Rx,0,8,EA,C0,01,00,00,00,04,00,
8671670,00000432,false,Rx,0,8,03,20,02,00,00,00,00,00,
8671918,00000435,false,Rx,0,8,9F,D0,00,40,00,00,00,00,
8672192,00000442,false,Rx,0,8,CE,20,11,81,00,00,00,00,
8672426,00000444,false,Rx,0,8,6C,30,20,50,55,50,00,00,
8672712,00000419,false,Rx,0,8,95,70,27,D5,35,87,90,00,
8672966,00000445,false,Rx,0,8,6F,30,00,00,00,00,00,18,
8673206,0000010B,false,Rx,0,8,C8,C8,3E,00,00,00,00,05,
8673437,00000464,false,Rx,0,8,B2,70,F0,FF,38,7F,05,00,
8673673,0000010C,false,Rx,0,8,FF,F9,E7,1F,46,50,48,48,
8673914,0000010D,false,Rx,0,8,B5,02,00,00,00,00,01,00,
8674176,0000010E,false,Rx,0,8,00,00,1E,00,00,C0,AB,57,
8677687,000001A1,false,Rx,0,8,54,9A,FC,FE,F7,7F,64,00,
8677800,000001A2,false,Rx,0,8,44,00,00,00,27,08,00,00,
8677871,000001A3,false,Rx,0,8,FF,F3,3F,00,00,00,00,00,
8678303,000001A4,false,Rx,0,8,FE,07,00,00,00,00,00,00,
8680509,0000030B,false,Rx,0,8,35,27,D4,00,04,00,00,00,
8680600,0000030C,false,Rx,0,8,00,00,0E,00,2C,00,A0,0F,
8680937,0000030D,false,Rx,0,8,00,00,00,00,43,00,00,00,
8681057,0000030E,false,Rx,0,8,00,00,18,05,21,00,00,1A,
8682845,00000487,false,Rx,1,8,00,00,00,00,00,00,00,00,
8683141,00000642,false,Rx,1,8,FF,FF,FF,FF,FF,FF,00,00,
8683383,00000645,false,Rx,1,8,C7,35,06,79,E0,32,56,00,
8685591,00000036,false,Rx,0,8,AD,6A,53,51,00,00,25,05,
8685772,00000037,false,Rx,0,8,30,00,00,10,00,40,00,00,
8686020,00000038,false,Rx,0,8,04,00,00,00,B0,39,96,D4,
8686274,00000039,false,Rx,0,8,00,00,00,00,00,00,00,00,
8686496,0000019B,false,Rx,0,8,E7,0F,49,00,00,E4,00,00,
8686800,0000019C,false,Rx,0,8,40,20,00,00,00,00,0B,09,
8687079,0000019D,false,Rx,0,8,00,10,00,01,00,00,00,00,
8687325,0000019E,false,Rx,0,8,15,00,00,00,00,32,00,00,
8687656,000001FB,false,Rx,0,8,3A,D9,CC,00,00,00,00,00,
8687906,000001FC,false,Rx,0,8,00,00,00,00,00,00,00,00,
8688178,000001FD,false,Rx,0,8,00,1A,03,00,00,00,00,00,
8688420,00000475,false,Rx,0,8,12,00,00,00,00,00,00,00,
8688665,000001FE,false,Rx,0,8,00,00,00,00,00,00,00,00,
8688906,00000496,false,Rx,0,8,12,00,00,00,00,00,00,00,
8689673,000001F1,false,Rx,0,8,58,4A,5D,01,00,00,28,00,
8689937,000001F2,false,Rx,0,8,00,00,00,00,00,00,00,00,
8694115,00000383,false,Rx,0,8,5A,53,00,10,01,00,00,00,
8699587,00000448,false,Rx,0,8,DE,80,00,00,00,00,00,00,
8704904,00000061,false,Rx,0,8,74,37,D3,00,00,00,00,00,
8705114,00000062,false,Rx,0,8,02,02,00,02,40,FF,00,FF,
8705370,00000063,false,Rx,0,8,00,00,05,00,00,08,FD,00,
8705602,00000064,false,Rx,0,8,00,00,00,04,FF,FA,00,00,
8705839,000000A1,false,Rx,0,8,33,51,D3,57,61,02,8A,00,
8706101,000000A2,false,Rx,0,8,02,00,00,00,00,00,00,00,
8706364,000000A3,false,Rx,0,8,00,40,01,00,00,00,00,00,
8708103,00000382,false,Rx,0,8,2B,FE,21,00,00,05,09,00,
8710568,000002BF,false,Rx,0,8,FF,FF,FF,00,00,00,00,00,
8710766,0000047F,false,Rx,0,8,F0,FC,FF,FF,FF,FF,FF,FF,
8711041,00000653,false,Rx,0,8,0A,19,03,01,02,2A,00,00,
8711606,00000236,false,Rx,0,8,E3,73,D3,00,34,6C,AE,62,
8711823,000002FB,false,Rx,0,8,E9,52,D3,04,72,1A,B4,B4,
8712073,00000237,false,Rx,0,8,00,15,47,00,00,1E,1B,00,
8712286,00000151,false,Rx,0,8,A5,84,D3,64,C8,00,28,18,
8712530,000001F6,false,Rx,0,8,EE,58,D3,00,00,00,00,0E,
8712768,00000152,false,Rx,0,8,14,17,17,00,51,00,00,00,
8713004,000001F7,false,Rx,0,8,26,00,DA,02,00,00,00,00,
8713259,00000153,false,Rx,0,8,00,00,00,00,00,00,00,00,
8713505,000001F8,false,Rx,0,8,00,5E,01,45,01,00,00,00,
8713752,00000154,false,Rx,0,8,00,00,00,00,00,00,00,00,
8713981,000001F9,false,Rx,0,8,4B,00,64,C8,14,00,4B,00,
8714233,000002FC,false,Rx,0,8,0F,00,14,18,00,00,8E,43,
8714481,00000238,false,Rx,0,8,00,00,72,00,00,00,00,00,
8714730,000002FD,false,Rx,0,8,00,00,00,00,00,1C,13,EA,
8714971,00000239,false,Rx,0,8,00,00,00,00,01,00,00,00,
8715222,000002FE,false,Rx,0,8,00,00,72,01,00,28,C8,02,
8715453,0000025B,false,Rx,0,8,38,C9,D3,40,40,20,00,00,
8715696,00000326,false,Rx,0,8,97,2F,D3,00,00,00,00,00,
8715925,0000025C,false,Rx,0,8,00,00,26,00,B4,2C,19,00,
8716164,00000121,false,Rx,0,8,E3,2F,39,00,00,00,00,05,
8716412,0000025D,false,Rx,0,8,00,C8,00,00,00,80,C0,70,
8716639,00000122,false,Rx,0,8,FF,D9,67,1F,46,47,46,45,
8716868,0000025E,false,Rx,0,8,33,07,0E,05,00,00,46,00,
8717105,0000011B,false,Rx,0,8,09,6F,FD,05,80,08,28,02,
8717355,00000123,false,Rx,0,8,B6,02,00,00,00,00,01,00,
8717608,0000011C,false,Rx,0,8,00,05,20,00,22,00,01,01,
8717842,00000124,false,Rx,0,8,00,00,0A,00,00,00,20,40,
8718094,00000327,false,Rx,0,8,00,00,00,00,05,00,00,00,
8718368,0000012B,false,Rx,0,8,EF,3F,FD,06,00,00,08,00,
8718577,00000328,false,Rx,0,8,DA,02,4B,00,00,5E,01,00,
8718825,0000012C,false,Rx,0,8,00,00,01,00,00,64,00,00,
8719057,00000329,false,Rx,0,8,64,45,01,00,00,00,00,00,
8719303,00000419,false,Rx,0,8,95,70,27,D5,35,87,90,00,
8719526,00000331,false,Rx,0,8,B4,8A,D3,F1,C8,A0,2C,97,
8719787,00000332,false,Rx,0,8,E8,08,FC,03,00,00,00,00,
8720058,00000333,false,Rx,0,8,00,00,00,1C,0C,40,20,64,
8720529,00000334,false,Rx,0,8,C8,00,00,00,08,44,F4,8F,
8723172,000004A3,false,Rx,1,8,80,00,48,0B,3E,00,00,00,
8723533,0000010B,false,Rx,0,8,DC,70,43,00,00,00,00,05,
8723740,000004A4,false,Rx,1,8,FF,FF,FF,00,00,00,00,00,
8723790,0000010C,false,Rx,0,8,FF,F9,E7,1F,46,50,48,48,
8723970,0000010D,false,Rx,0,8,B5,02,00,00,00,00,01,00,
8724388,0000010E,false,Rx,0,8,00,00,1E,00,00,C0,AB,57,
8728656,000002FF,false,Rx,0,8,D4,CB,00,71,02,00,00,00,
8728838,00000316,false,Rx,0,8,8C,08,12,34,06,80,0A,00,
8729051,00000472,false,Rx,0,8,5C,EC,00,40,08,41,00,45,
8729458,00000317,false,Rx,0,8,00,00,05,00,00,00,00,00,
8729563,00000473,false,Rx,0,8,5F,24,00,25,00,00,00,78,
8729836,00000474,false,Rx,0,8,91,72,00,00,00,00,00,08,
8732987,000001E6,false,Rx,0,8,69,8B,A6,02,00,00,00,00,
8733220,000001BB,false,Rx,0,8,9A,87,A6,02,00,00,00,0A,
8733453,000001BC,false,Rx,0,8,32,00,00,00,02,00,00,00,
8733723,000001BD,false,Rx,0,8,00,00,00,00,00,00,00,00,
8733961,000001E7,false,Rx,0,8,00,00,22,03,20,01,00,00,
8734201,00000091,false,Rx,0,8,57,5C,D6,16,06,00,00,00,
8734453,00000092,false,Rx,0,8,28,00,00,00,80,02,00,00,
8734703,00000256,false,Rx,0,8,6A,77,D2,15,40,00,00,01,
8734935,00000093,false,Rx,0,8,00,00,00,00,00,00,00,00,
8735174,00000257,false,Rx,0,8,00,93,41,1A,85,07,00,94,
8735642,00000094,false,Rx,0,8,00,00,00,00,00,00,00,00,
8736004,00000258,false,Rx,0,8,35,F5,1A,00,10,15,00,28,
8736198,00000036,false,Rx,0,8,15,6B,58,51,00,00,25,05,
8736247,00000259,false,Rx,0,8,6A,05,8E,3C,4C,02,00,00,
8736484,00000037,false,Rx,0,8,30,00,00,10,00,40,00,00,
8736647,0000019B,false,Rx,0,8,14,91,4E,00,00,E4,00,00,
8736831,00000038,false,Rx,0,8,04,00,00,00,B0,39,96,D4,
8737098,0000019C,false,Rx,0,8,40,20,00,00,00,00,0B,09,
8737352,00000039,false,Rx,0,8,00,00,00,00,00,00,00,00,
8737591,0000019D,false,Rx,0,8,00,10,00,01,00,00,00,00,
8737825,000002E6,false,Rx,0,8,56,B0,D2,01,00,00,00,15,
8738071,0000019E,false,Rx,0,8,15,00,00,00,00,32,00,00,
8738307,000002E7,false,Rx,0,8,0A,00,00,00,00,00,00,00,
8738589,000002E8,false,Rx,0,8,00,00,00,00,00,00,00,00,
8738863,000002E9,false,Rx,0,8,00,00,00,00,00,00,00,00,
8741032,00000384,false,Rx,0,8,BA,56,0D,01,00,FF,00,24,
8742381,00000516,false,Rx,0,8,61,02,00,00,00,00,FF,FF,
8744433,00000401,false,Rx,0,8,C6,10,10,00,00,04,00,00,
8748080,00000396,false,Rx,0,8,ED,08,69,0F,08,02,00,02,
8748275,0000042A,false,Rx,0,8,8E,83,0C,02,00,10,00,00,
8748496,00000397,false,Rx,0,8,4E,00,43,10,3F,07,00,00,
8748752,000001AB,false,Rx,0,8,B8,3B,B8,50,70,30,00,00,
8748983,00000398,false,Rx,0,8,00,00,00,00,00,00,00,00,
8749241,000001AC,false,Rx,0,8,00,28,00,00,00,00,00,00,
8752527,0000036F,false,Rx,0,8,F6,71,01,00,00,00,00,00,
8752688,0000037F,false,Rx,0,8,8B,D0,52,24,41,02,00,00,
8753036,00000419,false,Rx,0,8,95,70,27,D5,35,87,90,00,
8755131,00000061,false,Rx,0,8,CC,36,D8,00,00,00,00,00,
8755242,00000062,false,Rx,0,8,02,02,00,02,40,FF,00,FF,
8755666,00000063,false,Rx,0,8,00,00,05,00,00,08,FD,00,
8755741,00000064,false,Rx,0,8,00,00,00,04,FF,FA,00,00,
8756071,000000A1,false,Rx,0,8,0F,A0,D8,57,61,02,8A,00,
8756159,000000A2,false,Rx,0,8,02,00,00,00,00,00,00,00,
8756616,000000A3,false,Rx,0,8,00,40,01,00,00,00,00,00,
8758423,00000146,false,Rx,0,8,B3,55,2E,10,04,05,00,00,
8758535,00000147,false,Rx,0,8,01,04,7D,00,40,49,07,00,
8758886,00000148,false,Rx,0,8,00,00,42,00,1E,89,40,05,
8758977,00000149,false,Rx,0,8,00,38,00,CC,00,00,00,00,
8766362,00000121,false,Rx,0,8,E6,77,3E,00,00,00,00,05,
8766454,00000122,false,Rx,0,8,FF,D9,67,1F,46,48,46,45,
8766876,00000123,false,Rx,0,8,B6,02,00,00,00,00,01,00,
8766965,00000124,false,Rx,0,8,00,00,0A,00,00,00,20,40,
8767290,0000011B,false,Rx,0,8,54,F7,02,05,80,08,28,02,
8767570,0000012B,false,Rx,0,8,B2,A7,02,06,00,00,08,00,
8767658,0000011C,false,Rx,0,8,00,05,20,00,22,00,01,01,
8768024,0000012C,false,Rx,0,8,00,00,01,00,00,64,00,00,
8768643,000001B1,false,Rx,0,8,9D,9A,2E,00,72,00,00,00,
8768976,00000161,false,Rx,0,8,0A,7F,01,03,00,00,00,02,
8769074,000001B2,false,Rx,0,8,23,00,04,B7,0F,0B,50,10,
8769397,00000162,false,Rx,0,8,FF,FC,01,00,00,00,00,00,
8769652,000001B3,false,Rx,0,8,10,33,37,00,5A,7B,6B,7D,
8769701,000001B4,false,Rx,0,8,65,7D,10,00,00,41,00,00,
8770024,000001E1,false,Rx,0,8,C0,33,9A,02,00,00,00,00,
8770362,000001E2,false,Rx,0,8,00,00,00,00,00,00,00,00,
8771479,000003B0,false,Rx,0,8,72,37,FF,C7,00,00,03,C0,
8772463,00000405,false,Rx,0,8,D2,10,00,00,00,01,00,00,
8772582,00000410,false,Rx,0,8,6A,60,57,3C,DE,6A,FF,FF,
8772939,00000411,false,Rx,0,8,04,D1,50,51,00,00,44,04,
8773013,00000413,false,Rx,0,8,08,60,00,00,00,00,00,00,
8773340,00000412,false,Rx,0,8,CC,E0,00,00,00,00,00,00,
8773430,0000010B,false,Rx,0,8,64,71,48,00,00,00,00,05,
8773775,00000414,false,Rx,0,8,41,70,00,00,28,00,00,00,
8774370,0000010C,false,Rx,0,8,FF,F9,E7,1F,46,50,48,48,
8774738,00000416,false,Rx,0,8,55,00,00,00,00,00,00,00,
8775038,0000010D,false,Rx,0,8,B5,02,00,00,00,00,01,00,
8775131,00000417,false,Rx,0,8,20,E0,00,00,00,00,00,00,
8775416,0000010E,false,Rx,0,8,00,00,1E,00,00,C0,AB,57,
8775717,00000418,false,Rx,0,8,07,C0,00,00,14,0C,00,00,
8777525,000001A1,false,Rx,0,8,AE,64,01,FE,F7,7F,64,00,
8777624,000001A2,false,Rx,0,8,44,00,00,00,27,08,00,00,
8777930,00000419,false,Rx,0,8,95,70,27,D5,35,87,90,00,
8778510,000001A3,false,Rx,0,8,FF,F3,3F,00,00,00,00,00,
8778886,000001A4,false,Rx,0,8,FE,07,00,00,00,00,00,00,
8781367,000003B2,false,Rx,0,8,36,15,FF,02,29,2F,34,00,
8784226,000004E8,false,Rx,1,8,FF,FF,FF,05,FF,FF,FF,00,
8785707,00000036,false,Rx,0,8,6A,47,5D,51,00,00,25,05,
8785795,00000037,false,Rx,0,8,30,00,00,10,00,40,00,00,
8786077,00000038,false,Rx,0,8,04,00,00,00,B0,39,96,D4,
8786274,00000039,false,Rx,0,8,00,00,00,00,00,00,00,00,
8786514,0000019B,false,Rx,0,8,DC,93,53,00,00,E4,00,00,
8786767,0000019C,false,Rx,0,8,40,20,00,00,00,00,0B,09,
8787012,0000019D,false,Rx,0,8,00,10,00,01,00,00,00,00,
8787288,0000019E,false,Rx,0,8,15,00,00,00,00,32,00,00,
8788046,00000380,false,Rx,0,8,96,92,03,08,08,08,08,01,
8790210,00000427,false,Rx,0,8,1D,86,FF,00,80,0A,00,00,
8793773,000000C5,false,Rx,1,8,00,00,00,00,00,00,00,00,
8794058,00000244,false,Rx,1,8,FF,FF,FF,FF,FF,FF,FF,FF,
8794311,000003E4,false,Rx,1,8,FE,00,00,00,00,00,00,00,
8794579,000004B4,false,Rx,1,8,00,00,05,40,10,70,04,00,
8794863,000004B5,false,Rx,1,8,08,00,F0,07,00,00,00,00,
8795102,000004B7,false,Rx,1,8,08,00,F0,07,00,00,00,00,
8795384,000004CA,false,Rx,1,8,00,00,00,00,00,00,00,00,
8795661,000004CC,false,Rx,1,8,08,00,00,06,00,00,03,00,
8795930,000004CE,false,Rx,1,8,DE,01,00,00,00,00,F8,FF,
8796207,000004D7,false,Rx,1,8,23,01,00,00,00,00,00,00,
8796419,000004D8,false,Rx,1,8,41,10,F0,F0,40,F2,1E,CC,
8796700,000004DD,false,Rx,1,8,00,00,FE,00,04,00,00,00,
8796989,000004DF,false,Rx,1,8,00,00,08,00,00,00,00,00,
8797216,000004E7,false,Rx,1,8,00,30,00,00,00,00,69,00,
8797520,000004E9,false,Rx,1,8,12,00,00,34,00,00,50,00,
8797752,000004EA,false,Rx,1,8,67,00,00,89,00,00,00,00,
8798035,000004EB,false,Rx,1,8,02,80,15,09,80,00,00,00,
8798315,000004EC,false,Rx,1,8,00,00,00,00,00,00,00,00,
8798577,000004ED,false,Rx,1,8,00,00,00,00,00,FF,FF,1F,
8798865,000004EE,false,Rx,1,8,FF,FF,00,00,00,00,00,00,
8799078,000004EF,false,Rx,1,8,60,00,60,00,2B,14,00,00,
8799389,0000063D,false,Rx,1,8,00,80,00,00,00,00,00,00,
8799673,0000063E,false,Rx,1,8,FF,FF,FF,FF,FF,FF,FF,FF,
8799934,0000063F,false,Rx,1,8,00,10,00,C4,FF,00,00,00,
8800211,00000640,false,Rx,1,8,FF,FF,FF,00,FF,FF,FF,00,
8800477,00000641,false,Rx,1,8,FF,FF,FF,FF,0F,FF,FF,FF,
8800755,00000646,false,Rx,1,8,00,00,00,80,01,00,00,00,
8804913,00000061,false,Rx,0,8,B3,1A,DD,00,00,00,00,00,
8805109,00000062,false,Rx,0,8,02,02,00,02,40,FF,00,FF,
8805344,00000063,false,Rx,0,8,00,00,05,00,00,08,FD,00,
8805607,00000064,false,Rx,0,8,00,00,00,04,FF,FA,00,00,
8805841,000000A1,false,Rx,0,8,00,4B,DD,57,61,02,8A,00,
8806123,000000A2,false,Rx,0,8,02,00,00,00,00,00,00,00,
8806380,000000A3,false,Rx,0,8,00,40,01,00,00,00,00,00,
8816212,00000121,false,Rx,0,8,F2,CF,43,00,00,00,00,05,
8816418,00000122,false,Rx,0,8,FF,D9,67,1F,46,48,46,45,
8816666,00000123,false,Rx,0,8,B6,02,00,00,00,00,01,00,
8816923,00000124,false,Rx,0,8,00,00,0A,00,00,00,20,40,
8817213,0000011B,false,Rx,0,8,A2,DF,07,05,80,08,28,02,
8817457,0000012B,false,Rx,0,8,44,8F,07,06,00,00,08,00,
8817698,0000011C,false,Rx,0,8,00,05,20,00,22,00,01,01,
8817943,0000012C,false,Rx,0,8,00,00,01,00,00,64,00,00,
8823300,0000010B,false,Rx,0,8,1B,5D,4D,00,00,00,00,05,
8823430,0000010C,false,Rx,0,8,FF,F9,E7,1F,46,50,48,48,
8823713,0000010D,false,Rx,0,8,B5,02,00,00,00,00,01,00,
8823969,0000010E,false,Rx,0,8,00,00,1E,00,00,C0,AB,57,
8824138,000004E8,false,Rx,1,8,FF,FF,FF,05,FF,FF,FF,00,
8829008,00000226,false,Rx,0,8,0A,64,25,FF,63,60,09,42,
8829169,00000227,false,Rx,0,8,02,94,00,09,03,F1,9F,03,
8834288,00000091,false,Rx,0,8,DC,FB,D7,16,06,00,00,00,
8834387,00000092,false,Rx,0,8,27,00,00,00,70,02,00,00,
8834710,00000093,false,Rx,0,8,00,00,00,00,00,00,00,00,
8834918,00000094,false,Rx,0,8,00,00,00,00,00,00,00,00,
8835310,000003AA,false,Rx,0,8,FF,00,D0,00,54,00,00,00,
8835560,00000036,false,Rx,0,8,85,6E,62,51,00,00,25,05,
8835805,00000037,false,Rx,0,8,30,00,00,10,00,40,00,00,
8836028,00000038,false,Rx,0,8,04,00,00,00,B0,39,96,D4,
8836346,00000039,false,Rx,0,8,00,00,00,00,00,00,00,00,
8836584,0000019B,false,Rx,0,8,64,92,58,00,00,E4,00,00,
8836840,0000019C,false,Rx,0,8,40,20,00,00,00,00,0B,09,
8837100,0000019D,false,Rx,0,8,00,10,00,01,00,00,00,00,
8837351,000002D6,false,Rx,0,8,7B,C5,69,00,00,00,00,00,
8837594,0000019E,false,Rx,0,8,15,00,00,00,00,32,00,00,
8837900,000002D7,false,Rx,0,8,00,00,00,00,03,00,00,00,
8838160,000002EB,false,Rx,0,8,42,71,69,07,08,01,00,02,
8838525,000002D8,false,Rx,0,8,00,00,00,00,00,00,38,47,
8838614,000002EC,false,Rx,0,8,07,00,CF,00,59,00,00,00,
8838796,000002D9,false,Rx,0,8,00,00,00,00,00,00,00,00,
8839051,000002ED,false,Rx,0,8,00,00,00,00,00,00,00,00,
8839284,000003B6,false,Rx,0,8,FB,5C,69,00,00,00,00,46,
8839525,000002EE,false,Rx,0,8,00,00,00,00,00,00,00,00,
8839780,000001F1,false,Rx,0,8,35,16,60,01,00,00,28,00,
8840014,000003B7,false,Rx,0,8,46,00,00,00,00,00,00,00,
8840267,000001F2,false,Rx,0,8,00,00,00,00,00,00,00,00,
8840509,000003B8,false,Rx,0,8,B3,02,00,00,00,00,69,0E,
8840754,00000495,false,Rx,0,8,49,00,00,00,00,00,00,00,
8841007,000003B9,false,Rx,0,8,00,00,00,00,00,00,00,00,
8842465,00000561,false,Rx,0,8,63,02,00,00,00,00,FF,FF,
8846325,00000251,false,Rx,0,8,2B,5B,D4,00,00,00,00,00,
8846516,00000252,false,Rx,0,8,00,00,1B,1B,03,00,00,00,
8846785,00000253,false,Rx,0,8,00,00,00,58,58,00,80,4D,
8847029,000002AB,false,Rx,0,8,F3,F1,D7,0C,0C,00,00,00,
8847307,000002AC,false,Rx,0,8,00,FF,FF,00,00,40,00,54,
8847561,000002AD,false,Rx,0,8,00,01,00,40,FF,FF,FF,0F,
8847821,000002AE,false,Rx,0,8,01,00,FF,3F,01,01,00,00,
8848063,000002B6,false,Rx,0,8,49,D7,D7,01,00,00,00,40,
8848308,000003B1,false,Rx,0,8,C1,DE,00,80,00,00,20,00,
8848549,000002B7,false,Rx,0,8,9F,00,50,1C,00,04,00,00,
8848816,000002B8,false,Rx,0,8,FF,F8,10,00,00,00,00,00,
8849054,0000033B,false,Rx,0,8,AB,9B,D6,00,00,00,00,00,
8849283,000001AB,false,Rx,0,8,4E,13,BD,50,70,30,00,00,
8849528,000002B9,false,Rx,0,8,0A,00,00,00,00,00,00,00,
8849785,000001AC,false,Rx,0,8,00,28,00,00,00,00,00,00,
8850003,000002C1,false,Rx,0,8,CF,5C,6C,21,00,41,00,D3,
8850268,0000033C,false,Rx,0,8,00,00,00,00,F0,00,00,00,
8850514,000002C2,false,Rx,0,8,1C,00,00,00,00,00,00,00,
8850760,0000033D,false,Rx,0,8,00,00,00,00,00,00,00,00,
8851209,000002C3,false,Rx,0,8,00,00,00,00,00,00,00,00,
8851299,0000033E,false,Rx,0,8,00,00,00,00,00,00,00,00,
8851521,000002C4,false,Rx,0,8,00,00,00,00,00,00,00,00,
8851748,00000356,false,Rx,0,8,88,9E,6B,00,00,00,00,00,
8852002,000002E1,false,Rx,0,8,CF,9C,D7,00,00,00,00,40,
8852235,00000357,false,Rx,0,8,00,00,00,00,00,4B,4D,48,
8852474,000002E2,false,Rx,0,8,FD,00,00,00,00,14,00,04,
8852713,00000358,false,Rx,0,8,35,41,45,4D,52,37,33,4F,
8852943,000002E3,false,Rx,0,8,00,00,00,00,00,00,72,01,
8853191,00000359,false,Rx,0,8,51,4F,34,52,4A,35,33,00,
8853495,000002E4,false,Rx,0,8,02,00,00,00,00,00,00,00,
8853715,0000036F,false,Rx,0,8,5F,81,01,00,00,00,00,00,
8853925,0000037F,false,Rx,0,8,5D,E0,52,24,41,02,00,00,
8854187,000003A1,false,Rx,0,8,95,03,51,00,FF,FF,FF,FF,
8854438,000003A2,false,Rx,0,8,00,00,00,00,00,00,00,00,
8854844,00000061,false,Rx,0,8,5C,33,E2,00,00,00,00,00,
8855187,00000062,false,Rx,0,8,02,02,00,02,40,FF,00,FF,
8855565,00000063,false,Rx,0,8,00,00,05,00,00,08,FD,00,
8855645,00000064,false,Rx,0,8,00,00,00,04,FF,FA,00,00,
8855944,000000A1,false,Rx,0,8,C5,A6,E2,57,61,02,8A,00,
8856296,000000A2,false,Rx,0,8,02,00,00,00,00,00,00,00,
8856628,000000A3,false,Rx,0,8,00,40,01,00,00,00,00,00,
8858590,00000146,false,Rx,0,8,8D,82,33,10,04,05,00,00,
8858906,00000147,false,Rx,0,8,01,04,7D,00,40,48,07,00,
8859176,00000148,false,Rx,0,8,00,00,42,00,1E,89,40,05,
8859586,00000149,false,Rx,0,8,00,38,00,CC,00,00,00,00,
8860288,00000111,false,Rx,0,8,3F,33,99,01,00,00,00,00,
8860570,00000112,false,Rx,0,8,00,00,00,00,00,00,00,00,
8860664,00000113,false,Rx,0,8,00,00,00,00,00,00,00,00,
8860766,00000114,false,Rx,0,8,00,00,00,00,00,00,00,00,
8865115,000004E8,false,Rx,1,8,FF,FF,FF,05,FF,FF,FF,00,
8865620,000000FF,false,Rx,0,8,CB,10,00,00,00,00,02,00,
8865984,00000394,false,Rx,0,8,2A,22,1A,49,00,00,00,00,
8866435,00000121,false,Rx,0,8,BC,08,48,00,00,00,00,05,
8866531,000003C3,false,Rx,0,8,45,10,31,30,36,00,00,00,
8866777,00000122,false,Rx,0,8,FF,D9,67,1F,46,47,46,45,
8866894,000003E0,false,Rx,0,8,01,70,01,00,54,03,00,00,
8867364,0000011B,false,Rx,0,8,6A,26,0C,05,80,08,28,02,
8867957,00000123,false,Rx,0,8,B6,02,00,00,00,00,01,00,
8868264,0000011C,false,Rx,0,8,00,05,20,00,22,00,01,01,
8868546,00000124,false,Rx,0,8,00,00,0A,00,00,00,20,40,
8868912,000001B1,false,Rx,0,8,55,98,33,00,72,00,00,00,
8869097,0000012B,false,Rx,0,8,8C,76,0C,06,00,00,08,00,
8869158,000001B2,false,Rx,0,8,23,00,04,B7,0F,0B,50,10,
8869206,0000012C,false,Rx,0,8,00,00,01,00,00,64,00,00,
8869628,000001B3,false,Rx,0,8,10,33,37,00,5A,7B,6B,7D,
8870006,00000161,false,Rx,0,8,95,17,06,03,00,00,00,02,
8870322,000001B4,false,Rx,0,8,65,7D,10,00,00,41,00,00,
8870620,00000162,false,Rx,0,8,FF,FC,01,00,00,00,00,00,
8870935,000003E5,false,Rx,0,8,8E,90,01,00,00,00,00,00,
8871095,0000041A,false,Rx,0,8,95,40,12,00,00,00,00,00,
8871158,000003E6,false,Rx,0,8,7F,00,00,00,00,00,00,00,
8871202,0000041B,false,Rx,0,8,60,30,00,00,00,00,00,00,
8871253,0000041C,false,Rx,0,8,E9,80,E0,00,00,00,00,00,
8871339,00000422,false,Rx,0,8,EA,C0,01,00,00,00,04,00,
8871610,00000432,false,Rx,0,8,03,20,02,00,00,00,00,00,
8871874,00000435,false,Rx,0,8,9F,D0,00,40,00,00,00,00,
8872119,00000442,false,Rx,0,8,CE,20,11,81,00,00,00,00,
8872523,00000444,false,Rx,0,8,6C,30,20,50,55,50,00,00,
8872728,00000445,false,Rx,0,8,6F,30,00,00,00,00,00,18,
8872922,00000464,false,Rx,0,8,B2,70,F0,FF,38,7F,05,00,
8873182,0000010B,false,Rx,0,8,5F,ED,52,00,00,00,00,05,
8873420,0000010C,false,Rx,0,8,FF,F9,E7,1F,46,50,48,48,
8873650,0000010D,false,Rx,0,8,B5,02,00,00,00,00,01,00,
8873916,0000010E,false,Rx,0,8,00,00,1E,00,00,C0,AB,57,
8877437,000001A1,false,Rx,0,8,5D,FA,06,FE,F7,7F,64,00,
8877527,000001A2,false,Rx,0,8,44,00,00,00,27,08,00,00,
8877945,000001A3,false,Rx,0,8,FF,F3,3F,00,00,00,00,00,
8878267,000001A4,false,Rx,0,8,FE,07,00,00,00,00,00,00,
8880761,0000030B,false,Rx,0,8,1B,11,D6,00,04,00,00,00,
8880906,0000030C,false,Rx,0,8,00,00,0E,00,2C,00,A0,0F,
8881109,0000030D,false,Rx,0,8,00,00,00,00,43,00,00,00,
8881177,0000030E,false,Rx,0,8,00,00,18,05,21,00,00,00,
8883744,000001E6,false,Rx,0,8,73,F2,A9,02,00,00,00,00,
8883900,000001BB,false,Rx,0,8,AA,AA,A9,02,00,00,00,0A,
8884209,000001BC,false,Rx,0,8,32,00,00,00,02,00,00,00,
8884303,000001BD,false,Rx,0,8,00,00,00,00,00,00,00,00,
8884354,000001E7,false,Rx,0,8,00,00,22,03,20,01,00,00,
8885054,00000487,false,Rx,1,8,00,00,00,00,00,00,00,00,
8885526,00000642,false,Rx,1,8,FF,FF,FF,FF,FF,FF,00,00,
8885639,00000036,false,Rx,0,8,FA,42,67,51,00,00,25,05,
8886075,00000037,false,Rx,0,8,30,00,00,10,00,40,00,00,
8886345,00000038,false,Rx,0,8,04,00,00,00,B0,39,96,D4,
8886590,0000019B,false,Rx,0,8,1B,BE,5D,00,00,E4,00,00,
8886831,00000039,false,Rx,0,8,00,00,00,00,00,00,00,00,
8887221,0000019C,false,Rx,0,8,40,20,00,00,00,00,0B,09,
8887565,0000019D,false,Rx,0,8,00,10,00,01,00,00,00,00,
8887903,0000019E,false,Rx,0,8,15,00,00,00,00,32,00,00,
8888282,000001FB,false,Rx,0,8,B6,6B,CE,00,00,00,00,00,
8888587,000001FC,false,Rx,0,8,00,00,00,00,00,00,00,00,
8888863,000001FD,false,Rx,0,8,00,1A,03,00,00,00,00,00,
8889181,00000475,false,Rx,0,8,12,00,00,00,00,00,00,00,
8889274,000001FE,false,Rx,0,8,00,00,00,00,00,00,00,00,
8889341,00000496,false,Rx,0,8,12,00,00,00,00,00,00,00,
8894120,00000383,false,Rx,0,8,5A,53,00,10,01,00,00,00,
8895168,00000643,false,Rx,1,8,00,FC,FF,FF,FF,FF,03,00,
8899576,00000448,false,Rx,0,8,DE,80,00,00,00,00,00,00,
8904925,00000061,false,Rx,0,8,23,1F,E7,00,00,00,00,00,
8905127,00000062,false,Rx,0,8,02,02,00,02,40,FF,00,FF,
8905370,00000063,false,Rx,0,8,00,00,05,00,00,08,FD,00,
8905615,00000064,false,Rx,0,8,00,00,00,04,FF,FA,00,00,
8905836,000000A1,false,Rx,0,8,CA,4D,E7,57,61,02,8A,00,
8906111,000000A2,false,Rx,0,8,02,00,00,00,00,00,00,00,
8906361,000000A3,false,Rx,0,8,00,40,01,00,00,00,00,00,
8908094,00000382,false,Rx,0,8,2B,FE,21,00,00,05,09,00,
8910563,000002BF,false,Rx,0,8,FF,FF,FF,00,00,00,00,00,
8910782,0000047F,false,Rx,0,8,F0,FC,FF,FF,FF,FF,FF,FF,
8911052,00000653,false,Rx,0,8,0A,19,03,01,02,2A,00,00,
8911613,00000236,false,Rx,0,8,56,B4,D5,00,34,6C,AE,62,
8911852,00000237,false,Rx,0,8,00,15,47,00,00,1E,1B,00,
8912093,00000151,false,Rx,0,8,10,43,D5,64,C8,00,28,18,
8912324,00000238,false,Rx,0,8,00,00,72,00,00,00,00,00,
8912578,00000152,false,Rx,0,8,14,17,17,00,51,00,00,00,
8912814,000001F6,false,Rx,0,8,5B,9F,D5,00,00,00,00,0E,
8913082,00000153,false,Rx,0,8,00,00,00,00,00,00,00,00,
8913301,000001F7,false,Rx,0,8,26,00,DA,02,00,00,00,00,
8913570,00000154,false,Rx,0,8,00,00,00,00,00,00,00,00,
8913803,000001F8,false,Rx,0,8,00,5E,01,45,01,00,00,00,
8914031,000002FB,false,Rx,0,8,EF,A0,D5,04,72,1A,B4,B4,
8914277,000001F9,false,Rx,0,8,4B,00,64,C8,14,00,4B,00,
8914512,000002FC,false,Rx,0,8,0F,00,14,18,00,00,8F,43,
8914763,00000239,false,Rx,0,8,00,00,00,00,01,00,00,00,
8915003,000002FD,false,Rx,0,8,00,00,00,00,00,1C,13,EA,
8915248,0000025B,false,Rx,0,8,DE,47,D5,40,40,20,00,00,
8915490,000002FE,false,Rx,0,8,00,00,72,01,00,28,C8,02,
8915729,0000025C,false,Rx,0,8,00,00,26,00,B4,2C,19,00,
8915974,00000326,false,Rx,0,8,22,E8,D5,00,00,00,00,00,
8916215,00000121,false,Rx,0,8,35,E2,4D,00,00,00,00,05,
8916444,0000025D,false,Rx,0,8,00,C8,00,00,00,80,C0,70,
8916678,00000122,false,Rx,0,8,FF,D9,67,1F,46,48,46,45,
8916907,0000025E,false,Rx,0,8,0A,07,0E,01,00,00,46,00,
8917160,0000011B,false,Rx,0,8,13,3C,11,05,80,08,28,02,
8917403,00000123,false,Rx,0,8,B6,02,00,00,00,00,01,00,
8917636,0000011C,false,Rx,0,8,00,05,20,00,22,00,01,01,
8917890,00000124,false,Rx,0,8,00,00,0A,00,00,00,20,40,
8918126,000001E1,false,Rx,0,8,5F,5B,9D,02,00,00,00,00,
8918376,0000012B,false,Rx,0,8,F5,6C,11,06,00,00,08,00,
8918610,000001E2,false,Rx,0,8,00,00,00,00,00,00,00,00,
8918869,0000012C,false,Rx,0,8,00,00,01,00,00,64,00,00,
8919110,00000327,false,Rx,0,8,00,00,00,00,05,00,00,00,
8919528,00000328,false,Rx,0,8,DA,02,4B,00,00,5E,01,00,
8919595,00000329,false,Rx,0,8,64,45,01,00,00,00,00,00,
8919853,00000331,false,Rx,0,8,01,4D,D5,F1,C8,A0,2C,97,
8920114,00000332,false,Rx,0,8,E8,08,FC,03,00,00,00,00,
8920383,00000333,false,Rx,0,8,00,00,00,1C,0C,40,20,64,
8920631,00000334,false,Rx,0,8,C8,00,00,00,08,44,F4,8F,
8923225,0000010B,false,Rx,0,8,20,C1,57,00,00,00,00,05,
8923416,0000010C,false,Rx,0,8,FF,F9,E7,1F,46,50,48,48,
8923749,0000010D,false,Rx,0,8,B5,02,00,00,00,00,01,00,
8923933,0000010E,false,Rx,0,8,00,00,1E,00,00,C0,AB,57,
8925106,000004A3,false,Rx,1,8,80,00,48,0B,3E,00,00,00,
8925577,000004A4,false,Rx,1,8,FF,FF,FF,00,00,00,00,00,
8928547,000002FF,false,Rx,0,8,D4,CB,00,71,02,00,00,00,
8928728,00000316,false,Rx,0,8,A8,A0,13,34,06,80,0A,00,
8928949,00000472,false,Rx,0,8,5C,EC,00,40,08,41,00,45,
8929287,00000317,false,Rx,0,8,00,00,05,00,00,00,00,00,
8929470,00000473,false,Rx,0,8,5F,24,00,25,00,00,00,78,
8929734,00000474,false,Rx,0,8,91,72,00,00,00,00,00,08,
8934289,00000091,false,Rx,0,8,53,10,D8,17,06,00,00,00,
8934427,00000092,false,Rx,0,8,26,00,00,00,60,02,00,00,
8934694,00000093,false,Rx,0,8,00,00,00,00,00,00,00,00,
8934902,00000256,false,Rx,0,8,0E,E1,D4,15,40,00,F0,00,
8935158,00000094,false,Rx,0,8,00,00,00,00,00,00,00,00,
8935386,00000257,false,Rx,0,8,00,93,41,18,85,07,00,94,
8935637,00000036,false,Rx,0,8,42,43,6C,51,00,00,25,05,
8935855,00000258,false,Rx,0,8,35,F6,1A,00,10,15,00,28,
8936094,00000037,false,Rx,0,8,30,00,00,10,00,40,00,00,
8936454,00000259,false,Rx,0,8,5E,05,8D,3C,4C,02,00,00,
8936700,00000038,false,Rx,0,8,04,00,00,00,B0,39,96,D4,
8936811,0000019B,false,Rx,0,8,F4,97,62,00,00,E4,00,00,
8937071,00000039,false,Rx,0,8,00,00,00,00,00,00,00,00,
8937300,0000019C,false,Rx,0,8,40,20,00,00,00,00,0B,09,
8937533,000002E6,false,Rx,0,8,E3,77,D4,01,00,00,00,15,
8937776,0000019D,false,Rx,0,8,00,10,00,01,00,00,00,00,
8938033,000002E7,false,Rx,0,8,0A,00,00,00,00,00,00,00,
8938270,0000019E,false,Rx,0,8,15,00,00,00,00,32,00,00,
8938617,000002E8,false,Rx,0,8,00,00,00,00,00,00,00,00,
8938762,0000048B,false,Rx,0,8,6E,0C,7C,1E,01,00,00,00,
8939030,000002E9,false,Rx,0,8,00,00,00,00,00,00,00,00,
8939310,0000048C,false,Rx,0,8,00,00,00,00,00,00,00,00,
8939809,00000563,false,Rx,1,8,65,02,00,00,00,00,FF,FF,
8941037,00000384,false,Rx,0,8,BA,56,0D,01,00,FF,00,24,
8944682,00000401,false,Rx,0,8,C6,10,10,00,00,04,00,00,
8948120,00000396,false,Rx,0,8,D6,C2,6A,0F,08,01,00,02,
8948281,0000042A,false,Rx,0,8,8E,83,0C,02,00,10,00,00,
8948524,00000397,false,Rx,0,8,31,00,43,10,3F,07,00,00,
8948804,00000398,false,Rx,0,8,00,00,00,00,00,00,00,00,
8949036,000001AB,false,Rx,0,8,62,83,C2,50,70,30,00,00,
8949305,000001AC,false,Rx,0,8,00,28,00,00,00,00,00,00,
8952222,0000036F,false,Rx,0,8,E6,91,01,00,00,00,00,00,
8952387,0000037F,false,Rx,0,8,4D,00,52,24,41,02,00,00,
8954911,00000061,false,Rx,0,8,9B,1E,EC,00,00,00,00,00,
8955097,00000062,false,Rx,0,8,02,02,00,02,40,FF,00,FF,
8955383,00000063,false,Rx,0,8,00,00,05,00,00,08,FD,00,
8955939,00000064,false,Rx,0,8,00,00,00,04,FF,FA,00,00,
8956247,000000A1,false,Rx,0,8,F6,BC,EC,57,61,02,8A,00,
8956304,000000A2,false,Rx,0,8,02,00,00,00,00,00,00,00,
8956821,000000A3,false,Rx,0,8,00,40,01,00,00,00,00,00,
8958435,00000146,false,Rx,0,8,35,83,38,10,04,05,00,00,
8958544,00000147,false,Rx,0,8,01,04,7D,00,40,48,07,00,
8958984,00000148,false,Rx,0,8,00,00,42,00,1E,89,40,05,
8959286,00000149,false,Rx,0,8,00,38,00,CC,00,00,00,00,
8966413,00000121,false,Rx,0,8,71,52,52,00,00,00,00,05,
8966504,00000122,false,Rx,0,8,FF,D9,67,1F,46,48,46,45,
8966979,00000123,false,Rx,0,8,B6,02,00,00,00,00,01,00,
8967286,00000124,false,Rx,0,8,00,00,0A,00,00,00,20,40,
8967399,0000011B,false,Rx,0,8,8C,54,16,05,80,08,28,02,
8967694,0000012B,false,Rx,0,8,6A,04,16,06,00,00,08,00,
8967781,0000011C,false,Rx,0,8,00,05,20,00,22,00,01,01,
8967890,0000012C,false,Rx,0,8,00,00,01,00,00,64,00,00,
8968064,000001B1,false,Rx,0,8,ED,99,38,00,72,00,00,00,
8968301,00000161,false,Rx,0,8,E6,2E,0B,03,00,00,00,02,
8968531,000001B2,false,Rx,0,8,23,00,04,B7,0F,0B,50,10,
8968778,00000162,false,Rx,0,8,FF,FC,01,00,00,00,00,00,
8969028,000001B3,false,Rx,0,8,10,33,37,00,5A,7B,6B,7D,
8969279,0000034B,false,Rx,0,8,0A,A0,7C,31,D8,0D,05,01,
8970005,000001B4,false,Rx,0,8,65,7D,10,00,00,41,00,00,
8970348,0000034C,false,Rx,0,8,00,00,00,00,00,00,00,00,
8970438,0000034D,false,Rx,0,8,00,00,00,00,00,00,00,00,
8970718,0000034E,false,Rx,0,8,00,00,00,00,00,00,00,00,
8971262,000003B0,false,Rx,0,8,72,37,FF,C7,00,00,03,C0,
8972303,00000405,false,Rx,0,8,D2,10,00,00,00,01,00,00,
8972511,00000410,false,Rx,0,8,6A,60,57,3C,DE,6A,FF,FF,
8972767,00000411,false,Rx,0,8,04,D1,50,51,00,00,44,04,
8972998,00000413,false,Rx,0,8,08,60,00,00,00,00,00,00,
8973253,00000412,false,Rx,0,8,CC,E0,00,00,00,00,00,00,
8973641,0000010B,false,Rx,0,8,98,C0,5C,00,00,00,00,05,
8973710,00000414,false,Rx,0,8,41,70,00,00,28,00,00,00,
8973964,0000010C,false,Rx,0,8,FF,F9,E7,1F,46,50,48,48,
8974215,00000416,false,Rx,0,8,55,00,00,00,00,00,00,00,
8974694,0000010D,false,Rx,0,8,B5,02,00,00,00,00,01,00,
8975074,00000417,false,Rx,0,8,20,E0,00,00,00,00,00,00,
8975374,0000010E,false,Rx,0,8,00,00,1E,00,00,C0,AB,57,
8975457,00000418,false,Rx,0,8,07,C0,00,00,14,0C,00,00,
8975752,00000419,false,Rx,0,8,95,70,27,D5,35,87,90,00,
8977428,000001A1,false,Rx,0,8,50,3C,0B,FE,F7,7F,64,00,
8977766,000001A2,false,Rx,0,8,44,00,00,00,27,08,00,00,
8977823,000001A3,false,Rx,0,8,FF,F3,3F,00,00,00,00,00,
8977882,000001A4,false,Rx,0,8,FE,07,00,00,00,00,00,00,
8981220,000003B2,false,Rx,0,8,36,15,FF,02,29,2F,34,00,
8985616,00000036,false,Rx,0,8,8A,41,71,51,00,00,25,05,
8985706,00000037,false,Rx,0,8,30,00,00,10,00,40,00,00,
8986117,00000038,false,Rx,0,8,04,00,00,00,B0,39,96,D4,
8986212,00000039,false,Rx,0,8,00,00,00,00,00,00,00,00,
8986529,0000019B,false,Rx,0,8,8B,BB,67,00,00,E4,00,00,
8986742,0000019C,false,Rx,0,8,40,20,00,00,00,00,0B,09,
8987246,0000019D,false,Rx,0,8,00,10,00,01,00,00,00,00,
8987556,0000019E,false,Rx,0,8,15,00,00,00,00,32,00,00,
8988315,00000380,false,Rx,0,8,96,92,03,08,08,08,08,01,
8989970,000001F1,false,Rx,0,8,78,FE,63,01,00,00,28,00,
8990086,000001F2,false,Rx,0,8,00,00,00,00,00,00,00,00,
8990480,00000427,false,Rx,0,8,1D,86,FF,00,80,0A,00,00,
8994907,000000C5,false,Rx,1,8,00,00,00,00,00,00,00,00,
8995000,00000244,false,Rx,1,8,FF,FF,FF,FF,FF,FF,FF,FF,
8995307,0000041F,false,Rx,1,8,00,0C,00,00,00,00,00,00,
8995592,000004B4,false,Rx,1,8,00,00,05,40,10,70,04,00,
8995849,000004B5,false,Rx,1,8,08,00,F0,07,00,00,00,00,
8996121,000004B7,false,Rx,1,8,08,00,F0,07,00,00,00,00,
8996412,000004CA,false,Rx,1,8,00,00,00,00,00,00,00,00,
8996642,000004CC,false,Rx,1,8,08,00,00,06,00,00,03,00,
8996915,000004CE,false,Rx,1,8,DE,01,00,00,00,00,F8,FF,
8997220,000004D7,false,Rx,1,8,23,01,00,00,00,00,00,00,
8997422,000004D8,false,Rx,1,8,41,10,F0,F0,40,F2,1E,CC,
8997751,000004DD,false,Rx,1,8,00,00,FE,00,04,00,00,00,
8997955,000004DF,false,Rx,1,8,00,00,08,00,00,00,00,00,
8998268,000004E7,false,Rx,1,8,00,30,00,00,00,00,69,00,
8998485,000004E8,false,Rx,1,8,FF,FF,FF,05,FF,FF,FF,00,
8998804,000004E9,false,Rx,1,8,12,00,00,34,00,00,50,00,
8999014,000004EA,false,Rx,1,8,67,00,00,89,00,00,00,00,
8999319,000004EB,false,Rx,1,8,02,80,15,09,80,00,00,00,
8999583,000004EC,false,Rx,1,8,00,00,00,00,00,00,00,00,
8999866,000004ED,false,Rx,1,8,00,00,00,00,00,FF,FF,1F,
9000118,000004EE,false,Rx,1,8,FF,FF,00,00,00,00,00,00,
9000389,000004EF,false,Rx,1,8,60,00,60,00,2B,14,00,00,
9000677,0000063D,false,Rx,1,8,00,80,00,00,00,00,00,00,
9000935,0000063E,false,Rx,1,8,FF,FF,FF,FF,FF,FF,FF,FF,
9001227,0000063F,false,Rx,1,8,00,10,00,C4,FF,00,00,00,
9001470,00000640,false,Rx,1,8,FF,FF,FF,00,FF,FF,FF,00,
9001766,00000641,false,Rx,1,8,FF,FF,FF,FF,0F,FF,FF,FF,
9001990,00000646,false,Rx,1,8,00,00,00,80,01,00,00,00,
9004936,00000061,false,Rx,0,8,53,1C,F1,00,00,00,00,00,
9005115,00000062,false,Rx,0,8,02,02,00,02,40,FF,00,FF,
9005352,00000063,false,Rx,0,8,00,00,05,00,00,08,FD,00,
9005605,00000064,false,Rx,0,8,00,00,00,04,FF,FA,00,00,
9005834,000000A1,false,Rx,0,8,93,BF,F1,57,61,02,8A,00,
9006128,000000A2,false,Rx,0,8,02,00,00,00,00,00,00,00,
9006370,000000A3,false,Rx,0,8,00,40,01,00,00,00,00,00,
9016201,00000121,false,Rx,0,8,0E,7E,57,00,00,00,00,05,
9016377,00000122,false,Rx,0,8,FF,D9,67,1F,46,48,46,45,
9016631,00000123,false,Rx,0,8,B6,02,00,00,00,00,01,00,
9016879,00000124,false,Rx,0,8,00,00,0A,00,00,00,20,40,
9017115,0000011B,false,Rx,0,8,FF,6D,1B,05,80,08,28,02,
9017357,0000012B,false,Rx,0,8,19,3D,1B,06,00,00,08,00,
9017602,0000011C,false,Rx,0,8,00,05,20,00,22,00,01,01,
9017844,0000012C,false,Rx,0,8,00,00,01,00,00,64,00,00,
9023253,0000010B,false,Rx,0,8,FB,5B,61,00,00,00,00,05,
9023420,0000010C,false,Rx,0,8,FF,F9,E7,1F,46,50,48,48,
9023672,0000010D,false,Rx,0,8,B5,02,00,00,00,00,01,00,
9023913,0000010E,false,Rx,0,8,00,00,1E,00,00,C0,AB,57,
9028475,00000226,false,Rx,0,8,63,24,27,FF,63,60,09,42,
9028735,00000227,false,Rx,0,8,02,94,00,09,03,F1,9F,03,
9033012,000001E6,false,Rx,0,8,85,DA,AC,02,00,00,00,00,
9033182,000001BB,false,Rx,0,8,A5,41,AC,02,00,00,00,0A,
9033521,000001BC,false,Rx,0,8,32,00,00,00,02,00,00,00,
9033740,000001BD,false,Rx,0,8,00,00,00,00,00,00,00,00,
9033977,000001E7,false,Rx,0,8,00,00,22,03,20,01,00,00,
9034220,00000091,false,Rx,0,8,7C,7A,D9,17,06,00,00,00,
9034628,00000092,false,Rx,0,8,25,00,00,00,50,02,00,00,
9034717,00000093,false,Rx,0,8,00,00,00,00,00,00,00,00,
9035008,00000094,false,Rx,0,8,00,00,00,00,00,00,00,00,
9035348,000003AA,false,Rx,0,8,FF,00,D0,00,54,00,00,00,
9035581,00000036,false,Rx,0,8,79,DF,76,51,00,00,25,05,
9035826,00000037,false,Rx,0,8,30,00,00,10,00,40,00,00,
9036056,00000038,false,Rx,0,8,04,00,00,00,B0,39,96,D4,
9036316,00000039,false,Rx,0,8,00,00,00,00,00,00,00,00,
9036556,0000019B,false,Rx,0,8,33,BA,6C,00,00,E4,00,00,
9036826,0000019C,false,Rx,0,8,40,20,00,00,00,00,0B,09,
9037212,0000019D,false,Rx,0,8,00,10,00,01,00,00,00,00,
9037340,000002D6,false,Rx,0,8,B1,2E,6A,00,00,00,00,00,
9037586,0000019E,false,Rx,0,8,15,00,00,00,00,32,00,00,
9037895,000002D7,false,Rx,0,8,00,00,00,00,03,00,00,00,
9038054,000002EB,false,Rx,0,8,2F,A7,6A,07,08,01,00,02,
9038304,000002D8,false,Rx,0,8,00,00,00,00,00,00,38,47,
9038561,000002EC,false,Rx,0,8,02,00,CF,00,59,00,00,00,
9038999,000002D9,false,Rx,0,8,00,00,00,00,00,00,00,00,
9039092,000002ED,false,Rx,0,8,00,00,00,00,00,00,00,00,
9039421,000003B6,false,Rx,0,8,31,B7,6A,00,00,00,00,46,
9039758,000002EE,false,Rx,0,8,00,00,00,00,00,00,00,00,
9039934,000003B7,false,Rx,0,8,46,00,00,00,00,00,00,00,
9040017,00000495,false,Rx,0,8,49,00,00,00,00,00,00,00,
9040273,000003B8,false,Rx,0,8,B3,02,00,00,00,00,69,0E,
9040504,00000565,false,Rx,0,8,66,02,00,00,00,00,FF,FF,
9040750,000003B9,false,Rx,0,8,00,00,00,00,00,00,00,00,
9046354,00000251,false,Rx,0,8,2D,35,D6,00,00,00,00,00,
9046544,00000252,false,Rx,0,8,00,00,1B,1B,03,00,00,00,
9046829,00000253,false,Rx,0,8,00,00,00,58,58,00,80,4D,
9047031,000002AB,false,Rx,0,8,34,DC,D9,0C,0C,00,00,00,
9047313,000002AC,false,Rx,0,8,00,FF,FF,00,00,40,00,54,
9047567,000002AD,false,Rx,0,8,00,01,00,40,FF,FF,FF,0F,
9047824,000002AE,false,Rx,0,8,01,00,FF,3F,01,01,00,00,
9048072,000002B6,false,Rx,0,8,8E,FA,D9,01,00,00,00,40,
9048308,000003B1,false,Rx,0,8,C1,DE,00,80,00,00,20,00,
9048550,000002B7,false,Rx,0,8,9F,00,50,1C,00,04,00,00,
9048790,000001AB,false,Rx,0,8,CE,A0,C7,50,70,38,00,00,
9049040,000002B8,false,Rx,0,8,FF,F8,10,00,00,00,00,00,
9049281,000001AC,false,Rx,0,8,00,28,00,00,00,00,00,00,
9049537,000002B9,false,Rx,0,8,0A,00,00,00,00,00,00,00,
9049778,0000033B,false,Rx,0,8,6C,B6,D8,00,00,00,00,00,
9050013,000002C1,false,Rx,0,8,89,05,6D,21,00,41,00,D3,
9050252,0000033C,false,Rx,0,8,00,00,00,00,F0,00,00,00,
9050507,000002C2,false,Rx,0,8,1C,00,00,00,00,00,00,00,
9050756,0000033D,false,Rx,0,8,00,00,00,00,00,00,00,00,
9051013,000002C3,false,Rx,0,8,00,00,00,00,00,00,00,00,
9051255,0000033E,false,Rx,0,8,00,00,00,00,00,00,00,00,
9051503,000002C4,false,Rx,0,8,00,00,00,00,00,00,00,00,
9051750,00000356,false,Rx,0,8,7B,00,6C,00,00,00,00,00,
9051987,000002E1,false,Rx,0,8,08,B1,D9,00,00,00,00,40,
9052225,00000357,false,Rx,0,8,00,00,00,00,00,4B,4D,48,
9052469,000002E2,false,Rx,0,8,FD,00,00,00,00,14,00,04,
9052707,00000358,false,Rx,0,8,35,41,45,4D,52,37,33,4F,
9052940,000002E3,false,Rx,0,8,00,00,00,00,00,00,72,01,
9053185,00000359,false,Rx,0,8,51,4F,34,52,4A,35,33,00,
9053490,000002E4,false,Rx,0,8,02,00,00,00,00,00,00,00,
9053715,0000036F,false,Rx,0,8,30,A1,01,00,00,00,00,00,
9053924,0000037F,false,Rx,0,8,F4,10,52,24,41,02,00,00,
9054178,000003A1,false,Rx,0,8,D8,EB,52,00,FF,FF,FF,FF,
9054430,000003A2,false,Rx,0,8,00,00,00,00,00,00,00,00,
9054849,00000061,false,Rx,0,8,A0,82,F6,00,00,00,00,00,
9055107,00000062,false,Rx,0,8,02,02,00,02,40,FF,00,FF,
9055621,00000063,false,Rx,0,8,00,00,05,00,00,08,FD,00,
9055969,00000064,false,Rx,0,8,00,00,00,04,FF,FA,00,00,
9056267,000000A1,false,Rx,0,8,9A,3A,F6,57,61,02,8A,00,
9056578,000000A2,false,Rx,0,8,02,00,00,00,00,00,00,00,
9056878,000000A3,false,Rx,0,8,00,40,01,00,00,00,00,00,
9058585,00000146,false,Rx,0,8,BC,7A,3D,10,04,05,00,00,
9058989,00000147,false,Rx,0,8,01,04,7D,00,40,49,07,00,
9059255,00000148,false,Rx,0,8,00,00,42,00,1E,89,40,05,
9059462,00000149,false,Rx,0,8,00,38,00,CC,00,00,00,00,
9059879,00000111,false,Rx,0,8,F5,D8,9A,01,00,00,00,00,
9059986,00000112,false,Rx,0,8,00,00,00,00,00,00,00,00,
9060298,00000113,false,Rx,0,8,00,00,00,00,00,00,00,00,
9060622,00000114,false,Rx,0,8,00,00,00,00,00,00,00,00,
9065310,000000FF,false,Rx,0,8,CB,10,00,00,00,00,02,00,
9065935,00000394,false,Rx,0,8,2A,22,1A,49,00,00,00,00,
9066034,000003C3,false,Rx,0,8,45,10,31,30,36,00,00,00,
9066351,00000121,false,Rx,0,8,B6,7F,5C,00,00,00,00,05,
9066822,000003E0,false,Rx,0,8,01,70,01,00,54,03,00,00,
9066934,00000122,false,Rx,0,8,FF,D9,67,1F,46,48,46,45,
9067517,00000123,false,Rx,0,8,B6,02,00,00,00,00,01,00,
9067840,0000011B,false,Rx,0,8,29,F1,20,05,80,08,28,02,
9068171,00000124,false,Rx,0,8,00,00,0A,00,00,00,20,40,
9068282,0000011C,false,Rx,0,8,00,05,20,00,22,00,01,01,
9068570,0000012B,false,Rx,0,8,CF,A1,20,06,00,00,08,00,
9068889,000001B1,false,Rx,0,8,92,B5,3D,00,72,00,00,00,
9069032,0000012C,false,Rx,0,8,00,00,01,00,00,64,00,00,
9069083,000001B2,false,Rx,0,8,23,00,04,B7,0F,0B,50,10,
9069126,00000161,false,Rx,0,8,24,F4,10,03,00,00,00,02,
9069273,000001B3,false,Rx,0,8,10,33,37,00,5A,7B,6B,7D,
9069576,00000162,false,Rx,0,8,FF,FC,01,00,00,00,00,00,
9069729,000001B4,false,Rx,0,8,65,7D,10,00,00,41,00,00,
9070023,000003E5,false,Rx,0,8,8E,90,01,00,00,00,00,00,
9070236,000001E1,false,Rx,0,8,32,07,A0,02,00,00,00,00,
9070463,000003E6,false,Rx,0,8,7F,00,00,00,00,00,00,00,
9070719,000001E2,false,Rx,0,8,00,00,00,00,00,00,00,00,
9070969,0000041A,false,Rx,0,8,95,40,12,00,00,00,00,00,
9071255,0000041B,false,Rx,0,8,60,30,00,00,00,00,00,00,
9071630,0000041C,false,Rx,0,8,E9,80,E0,00,00,00,00,00,
9072227,00000422,false,Rx,0,8,EA,C0,01,00,00,00,04,00,
9072315,00000432,false,Rx,0,8,03,20,02,00,00,00,00,00,
9072618,00000435,false,Rx,0,8,9F,D0,00,40,00,00,00,00,
9072901,00000442,false,Rx,0,8,CE,20,11,81,00,00,00,00,
9072979,00000444,false,Rx,0,8,6C,30,20,50,55,50,00,00,
9073564,00000445,false,Rx,0,8,6F,30,00,00,00,00,00,18,
9073949,0000010B,false,Rx,0,8,08,C5,66,00,00,00,00,05,
9074284,00000464,false,Rx,0,8,B2,70,F0,FF,38,7F,05,00,
9074385,0000010C,false,Rx,0,8,FF,F9,E7,1F,46,50,48,48,
9074847,0000010D,false,Rx,0,8,B5,02,00,00,00,00,01,00,
9074918,0000010E,false,Rx,0,8,00,00,1E,00,00,C0,AB,57,
9077682,000001A1,false,Rx,0,8,2D,F9,10,FE,F7,7F,64,00,
9077955,000001A2,false,Rx,0,8,44,00,00,00,27,08,00,00,
9078024,000001A3,false,Rx,0,8,FF,F3,3F,00,00,00,00,00,
9078076,000001A4,false,Rx,0,8,FE,07,00,00,00,00,00,00,
9080534,0000030B,false,Rx,0,8,8F,C4,D8,00,04,00,00,00,
9080657,0000030C,false,Rx,0,8,00,00,0E,00,2C,00,A0,0F,
9081085,0000030D,false,Rx,0,8,00,00,00,00,43,00,00,00,
9081172,0000030E,false,Rx,0,8,00,00,18,05,21,00,00,FE,
9084961,00000487,false,Rx,1,8,00,00,00,00,00,00,00,00,
9085107,00000642,false,Rx,1,8,FF,FF,FF,FF,FF,FF,00,00,
9085659,00000036,false,Rx,0,8,74,19,7B,51,00,00,25,05,
9086334,00000037,false,Rx,0,8,30,00,00,10,00,40,00,00,
9086460,00000038,false,Rx,0,8,04,00,00,00,B0,39,96,D4,
9086513,0000019B,false,Rx,0,8,FB,B8,71,00,00,E4,00,00,
9086919,00000039,false,Rx,0,8,00,00,00,00,00,00,00,00,
9087254,0000019C,false,Rx,0,8,40,20,00,00,00,00,0B,09,
9087563,0000019D,false,Rx,0,8,00,10,00,01,00,00,00,00,
9087845,0000019E,false,Rx,0,8,15,00,00,00,00,32,00,00,
9087950,000001FB,false,Rx,0,8,B4,82,D0,00,00,00,00,00,
9088210,000001FC,false,Rx,0,8,00,00,00,00,00,00,00,00,
9088265,000001FD,false,Rx,0,8,00,1A,03,00,00,00,00,00,
9088889,00000475,false,Rx,0,8,12,00,00,00,00,00,00,00,
9089228,000001FE,false,Rx,0,8,00,00,00,00,00,00,00,00,
9089318,00000496,false,Rx,0,8,12,00,00,00,00,00,00,00,
9094379,00000383,false,Rx,0,8,5A,53,00,10,01,00,00,00,
9099688,00000448,false,Rx,0,8,DE,80,00,00,00,00,00,00,
9104784,00000415,false,Rx,0,8,40,13,10,00,08,01,00,00,
9104951,00000061,false,Rx,0,8,AD,44,FB,00,00,00,00,00,
9105220,00000062,false,Rx,0,8,02,02,00,02,40,FF,00,FF,
9105499,00000063,false,Rx,0,8,00,00,05,00,00,08,FD,00,
9105754,00000064,false,Rx,0,8,00,00,00,04,FF,FA,00,00,
9105993,000000A1,false,Rx,0,8,AC,79,FB,57,61,02,8A,00,
9106240,000000A2,false,Rx,0,8,02,00,00,00,00,00,00,00,
9106481,000000A3,false,Rx,0,8,00,40,01,00,00,00,00,00,
9108379,00000382,false,Rx,0,8,2B,FE,21,00,00,05,09,00,
9110584,000002BF,false,Rx,0,8,FF,FF,FF,00,00,00,00,00,
9110802,0000047F,false,Rx,0,8,F0,FC,FF,FF,FF,FF,FF,FF,
9111040,00000653,false,Rx,0,8,0A,19,03,01,02,2A,00,00,
9111639,00000236,false,Rx,0,8,DA,06,D7,00,34,6C,AE,62,
9111863,000002FB,false,Rx,0,8,D0,27,D7,04,72,1A,B4,B4,
9112098,00000237,false,Rx,0,8,00,15,47,00,00,1E,1B,00,
9112322,00000151,false,Rx,0,8,9C,F1,D7,64,C8,00,28,18,
9112570,000001F6,false,Rx,0,8,D7,2D,D7,00,00,00,00,0E,
9112806,00000152,false,Rx,0,8,14,17,17,00,51,00,00,00,
9113046,000001F7,false,Rx,0,8,26,00,DA,02,00,00,00,00,
9113279,00000153,false,Rx,0,8,00,00,00,00,00,00,00,00,
9113533,000001F8,false,Rx,0,8,00,5E,01,45,01,00,00,00,
9113793,00000154,false,Rx,0,8,00,00,00,00,00,00,00,00,
9114021,000001F9,false,Rx,0,8,4B,00,64,C8,14,00,4B,00,
9114266,000002FC,false,Rx,0,8,0F,00,14,18,00,00,8E,43,
9114507,00000238,false,Rx,0,8,00,00,72,00,00,00,00,00,
9114760,000002FD,false,Rx,0,8,00,00,00,00,00,1C,13,EA,
9115013,00000239,false,Rx,0,8,00,00,00,00,01,00,00,00,
9115236,000002FE,false,Rx,0,8,00,00,72,01,00,28,C8,02,
9115491,0000025B,false,Rx,0,8,6C,DF,D7,40,40,20,00,00,
9115719,00000326,false,Rx,0,8,AE,5A,D7,00,00,00,00,00,
9115953,0000025C,false,Rx,0,8,00,00,26,00,B4,2C,19,00,
9116211,00000121,false,Rx,0,8,23,22,61,00,00,00,00,05,
9116453,0000025D,false,Rx,0,8,00,C8,00,00,00,80,C0,70,
9116672,00000122,false,Rx,0,8,FF,D9,67,1F,46,47,46,45,
9116919,0000025E,false,Rx,0,8,56,07,0E,08,00,00,46,00,
9117132,0000011B,false,Rx,0,8,DF,D9,25,05,80,08,28,02,
9117386,00000123,false,Rx,0,8,B6,02,00,00,00,00,01,00,
9117628,0000011C,false,Rx,0,8,00,05,20,00,22,00,01,01,
9117886,00000124,false,Rx,0,8,00,00,0A,00,00,00,20,40,
9118128,00000327,false,Rx,0,8,00,00,00,00,05,00,00,00,
9118374,0000012B,false,Rx,0,8,39,89,25,06,00,00,08,00,
9118592,00000328,false,Rx,0,8,DA,02,4B,00,00,5E,01,00,
9118853,0000012C,false,Rx,0,8,00,00,01,00,00,64,00,00,
9119088,00000329,false,Rx,0,8,64,45,01,00,00,00,00,00,
9119333,00000331,false,Rx,0,8,8D,FF,D7,F1,C8,A0,2C,97,
9119591,00000332,false,Rx,0,8,E8,08,FC,03,00,00,00,00,
9119848,00000333,false,Rx,0,8,00,00,00,1C,0C,40,20,64,
9120092,00000334,false,Rx,0,8,C8,00,00,00,08,44,F4,8F,
9123189,0000010B,false,Rx,0,8,05,03,6B,00,00,00,00,05,
9123415,0000010C,false,Rx,0,8,FF,F9,E7,1F,46,50,48,48,
9123686,0000010D,false,Rx,0,8,B5,02,00,00,00,00,01,00,
9124092,0000010E,false,Rx,0,8,00,00,1E,00,00,C0,AB,57,
9125029,000004A3,false,Rx,1,8,80,00,48,0B,3E,00,00,00,
9125471,000004A4,false,Rx,1,8,FF,FF,FF,00,00,00,00,00,
9128604,000002FF,false,Rx,0,8,D4,CB,00,71,02,00,00,00,
9128776,00000316,false,Rx,0,8,37,C8,14,34,06,80,0A,00,
9129017,00000472,false,Rx,0,8,5C,EC,00,40,08,41,00,45,
9129269,00000317,false,Rx,0,8,00,00,05,00,00,00,00,00,
9129506,00000473,false,Rx,0,8,5F,24,00,25,00,00,00,78,
9129770,00000474,false,Rx,0,8,91,72,00,00,00,00,00,08,
9134296,00000091,false,Rx,0,8,91,80,DA,17,06,00,00,00,
9134478,00000092,false,Rx,0,8,24,00,00,00,40,02,00,00,
9134743,00000093,false,Rx,0,8,00,00,00,00,00,00,00,00,
9135002,00000094,false,Rx,0,8,00,00,00,00,00,00,00,00,
9135502,00000566,false,Rx,0,8,16,02,00,00,00,00,FF,FF,
9135753,00000036,false,Rx,0,8,3B,20,80,51,00,00,25,05,
9135994,00000037,false,Rx,0,8,30,00,00,10,00,40,00,00,
9136228,00000038,false,Rx,0,8,04,00,00,00,B0,39,96,D4,
9136474,0000019B,false,Rx,0,8,08,26,76,00,00,E4,00,00,
9136725,00000039,false,Rx,0,8,00,00,00,00,00,00,00,00,
9136980,0000019C,false,Rx,0,8,40,20,00,00,00,00,0B,09,
9137313,00000256,false,Rx,0,8,EA,9D,D6,15,40,00,F0,00,
9137658,0000019D,false,Rx,0,8,00,10,00,01,00,00,00,00,
9137989,00000257,false,Rx,0,8,00,93,41,18,85,07,00,94,
9138234,0000019E,false,Rx,0,8,15,00,00,00,00,32,00,00,
9138297,00000258,false,Rx,0,8,35,F7,1A,00,10,15,00,28,
9138593,000002E6,false,Rx,0,8,6F,C5,D6,01,00,00,00,15,
9138809,00000259,false,Rx,0,8,5C,05,8D,3C,4C,02,00,00,
9138869,000002E7,false,Rx,0,8,0A,00,00,00,00,00,00,00,
9139254,000002E8,false,Rx,0,8,00,00,00,00,00,00,00,00,
9139402,000002E9,false,Rx,0,8,00,00,00,00,00,00,00,00,
9139817,000001F1,false,Rx,0,8,8E,D6,66,01,00,00,28,00,
9140036,000001F2,false,Rx,0,8,00,00,00,00,00,00,00,00,
9141070,00000384,false,Rx,0,8,BA,56,0D,01,00,FF,00,24,
9144923,00000401,false,Rx,0,8,C6,10,10,00,00,04,00,00,
9148116,00000396,false,Rx,0,8,D0,08,6B,0F,08,01,00,02,
9148272,0000042A,false,Rx,0,8,8E,83,0C,02,00,10,00,00,
9148529,00000397,false,Rx,0,8,4E,00,43,10,3F,07,00,00,
9148788,00000398,false,Rx,0,8,00,00,00,00,00,00,00,00,
9149019,000001AB,false,Rx,0,8,06,59,CC,50,70,38,00,00,
9149323,000001AC,false,Rx,0,8,00,28,00,00,00,00,00,00,
9152228,0000036F,false,Rx,0,8,89,B1,01,00,00,00,00,00,
9152396,0000037F,false,Rx,0,8,22,20,52,24,41,02,00,00,
9154940,00000061,false,Rx,0,8,E2,7D,00,00,00,00,00,00,
9155104,00000062,false,Rx,0,8,02,02,00,02,40,FF,00,FF,
9155391,00000063,false,Rx,0,8,00,00,05,00,00,08,FD,00,
9155758,00000064,false,Rx,0,8,00,00,00,04,FF,FA,00,00,
9155845,000000A1,false,Rx,0,8,D2,7B,00,57,61,02,8A,00,
9156097,000000A2,false,Rx,0,8,02,00,00,00,00,00,00,00,
9156461,000000A3,false,Rx,0,8,00,40,01,00,00,00,00,00,
9158265,00000146,false,Rx,0,8,24,70,42,10,04,05,00,00,
9158415,00000147,false,Rx,0,8,01,04,7D,00,40,49,07,00,
9158683,00000148,false,Rx,0,8,00,00,42,00,1E,89,40,05,
9158941,00000149,false,Rx,0,8,00,38,00,CC,00,00,00,00,
9166269,00000121,false,Rx,0,8,D0,BC,66,00,00,00,00,05,
9166438,00000122,false,Rx,0,8,FF,D9,67,1F,46,47,46,45,
9166663,00000123,false,Rx,0,8,B6,02,00,00,00,00,01,00,
9167124,00000124,false,Rx,0,8,00,00,0A,00,00,00,20,40,
9167202,0000011B,false,Rx,0,8,C5,A0,2A,05,80,08,28,02,
9167391,0000012B,false,Rx,0,8,23,F0,2A,06,00,00,08,00,
9167635,0000011C,false,Rx,0,8,00,05,20,00,22,00,01,01,
9167883,0000012C,false,Rx,0,8,00,00,01,00,00,64,00,00,
9168111,000001B1,false,Rx,0,8,0A,BF,42,00,72,00,00,00,
9168373,00000161,false,Rx,0,8,D2,DC,15,03,00,00,00,02,
9168584,000001B2,false,Rx,0,8,23,00,04,B7,0F,0B,50,10,
9168838,00000162,false,Rx,0,8,FF,FC,01,00,00,00,00,00,
9169075,000001B3,false,Rx,0,8,10,33,37,00,5A,7B,6B,7D,
9169332,000001B4,false,Rx,0,8,65,7D,10,00,00,41,00,00,
9171133,000003B0,false,Rx,0,8,72,37,FF,C7,00,00,03,C0,
9172281,00000405,false,Rx,0,8,D2,10,00,00,00,01,00,00,
9172448,00000410,false,Rx,0,8,6A,60,57,3C,DE,6A,FF,FF,
9172698,00000411,false,Rx,0,8,04,D1,50,51,00,00,44,04,
9172952,00000413,false,Rx,0,8,08,60,00,00,00,00,00,00,
9173201,00000412,false,Rx,0,8,CC,E0,00,00,00,00,00,00,
9173431,0000010B,false,Rx,0,8,78,C6,70,00,00,00,00,05,
9173683,00000414,false,Rx,0,8,41,70,00,00,28,00,00,00,
9173909,0000010C,false,Rx,0,8,FF,F9,E7,1F,46,50,48,48,
9174150,00000416,false,Rx,0,8,55,00,00,00,00,00,00,00,
9174399,0000010D,false,Rx,0,8,B5,02,00,00,00,00,01,00,
9174651,00000417,false,Rx,0,8,20,E0,00,00,00,00,00,00,
9174890,0000010E,false,Rx,0,8,00,00,1E,00,00,C0,AB,57,
9175175,00000418,false,Rx,0,8,07,C0,00,00,14,0C,00,00,
9175375,0000048F,false,Rx,0,8,AD,10,41,00,05,00,00,00,
9175629,00000419,false,Rx,0,8,95,70,27,D5,35,87,90,00,
9177536,000001A1,false,Rx,0,8,52,D5,15,FE,F7,7F,64,00,
9177708,000001A2,false,Rx,0,8,44,00,00,00,27,08,00,00,
9178003,000001A3,false,Rx,0,8,FF,F3,3F,00,00,00,00,00,
9178228,000001A4,false,Rx,0,8,FE,07,00,00,00,00,00,00,
9181110,000003B2,false,Rx,0,8,36,15,FF,02,29,2F,34,00,
9183027,000001E6,false,Rx,0,8,C8,32,AF,02,00,00,00,00,
9183198,000001E7,false,Rx,0,8,00,00,22,03,20,01,00,00,
9183536,000001BB,false,Rx,0,8,A0,18,AF,02,00,00,00,0A,
