Time Stamp,ID,Extended,Dir,Bus,LEN,D1,D2,D3,D4,D5,D6,D7,D8
3087282,00000448,false,Rx,0,8,7F,00,00,00,00,00,00,00,
3087792,00000328,false,Rx,0,8,DC,00,19,00,00,69,00,00,
3087869,00000419,false,Rx,0,8,23,70,7A,DB,D9,7A,84,00,
3087971,000001AB,false,Rx,0,8,91,B6,D4,40,70,90,00,00,
3088383,00000329,false,Rx,0,8,A0,64,00,00,00,00,00,00,
3088826,000001AC,false,Rx,0,8,00,28,00,00,00,00,00,00,
3088903,00000331,false,Rx,0,8,93,B7,0A,F1,C8,A0,2C,97,
3088960,00000332,false,Rx,0,8,44,07,B4,00,00,00,00,00,
3089347,00000333,false,Rx,0,8,00,00,00,1C,0C,40,20,A0,
3089706,0000010B,false,Rx,0,8,10,9F,68,00,00,00,00,05,
3089799,00000334,false,Rx,0,8,C8,00,00,00,5C,70,B7,8F,
3089986,0000010C,false,Rx,0,8,FF,F9,E7,1F,43,48,44,44,
3090726,0000010D,false,Rx,0,8,EF,02,00,00,00,00,00,35,
3090866,0000019B,false,Rx,0,8,CD,E2,66,00,00,E4,00,00,
3091260,0000010E,false,Rx,0,8,00,00,0A,00,00,C0,AB,57,
3091681,0000019C,false,Rx,0,8,40,20,00,00,00,00,0B,09,
3092041,0000019D,false,Rx,0,8,00,10,00,01,00,00,00,00,
3092484,0000019E,false,Rx,0,8,15,00,00,00,00,32,00,00,
3094599,00000380,false,Rx,0,8,CD,96,05,0C,0C,0C,0C,01,
3095161,00000061,false,Rx,0,8,A7,29,85,00,00,00,00,00,
3095408,00000382,false,Rx,0,8,FD,CD,04,00,00,05,09,00,
3095640,00000062,false,Rx,0,8,02,02,00,02,40,FF,00,FF,
3095941,00000063,false,Rx,0,8,C9,00,15,00,00,08,FD,00,
3096273,00000064,false,Rx,0,8,00,00,00,04,FF,FA,00,00,
3096488,00000121,false,Rx,0,8,E4,46,69,00,00,00,00,05,
3096995,00000122,false,Rx,0,8,FF,D9,67,1F,44,44,44,44,
3097071,00000123,false,Rx,0,8,F0,02,00,00,00,00,00,35,
3097270,00000383,false,Rx,0,8,2F,9B,03,10,01,00,00,00,
3097623,00000124,false,Rx,0,8,00,00,0A,00,00,00,20,40,
3098340,00000384,false,Rx,0,8,13,BD,04,01,00,FF,00,22,
3098543,00000487,false,Rx,1,8,00,00,00,00,00,00,00,00,
3098974,00000642,false,Rx,1,8,FF,FF,FF,FF,FF,FF,00,00,
3099231,0000042A,false,Rx,0,8,69,FB,03,04,00,10,00,00,
3105789,00000036,false,Rx,0,8,73,F4,6A,51,00,00,25,05,
3105894,00000037,false,Rx,0,8,02,00,00,10,00,40,00,00,
3106201,00000038,false,Rx,0,8,04,00,00,00,20,39,96,D4,
3106344,00000039,false,Rx,0,8,00,00,00,00,00,00,00,00,
3107483,00000226,false,Rx,0,8,AE,E8,F9,FF,FB,20,09,42,
3107663,000002FF,false,Rx,0,8,83,B9,00,F0,3F,00,00,00,
3107924,00000227,false,Rx,0,8,02,C4,07,09,00,F1,6F,03,
3108156,00000316,false,Rx,0,8,8E,9F,FE,B4,0F,80,0A,00,
3108378,00000472,false,Rx,0,8,5C,EC,00,40,08,41,00,45,
3108606,00000317,false,Rx,0,8,00,00,05,00,00,00,00,00,
3108863,00000473,false,Rx,0,8,5F,24,00,25,00,00,00,78,
3108978,00000643,false,Rx,1,8,00,FC,FF,FF,FF,FF,03,00,
3109138,00000474,false,Rx,0,8,53,98,00,00,00,00,00,10,
3110539,00000091,false,Rx,0,8,B2,26,08,01,00,00,00,00,
3110697,00000092,false,Rx,0,8,17,00,00,00,70,01,00,00,
3111054,0000036F,false,Rx,0,8,FE,01,01,00,00,00,00,00,
3111797,00000093,false,Rx,0,8,00,00,00,00,00,00,00,00,
3112050,0000037F,false,Rx,0,8,5D,E0,52,24,41,02,00,00,
3112181,00000094,false,Rx,0,8,00,00,00,00,00,00,00,00,
3113389,000001A1,false,Rx,0,8,7E,99,37,FE,F7,7F,64,00,
3113518,0000011B,false,Rx,0,8,BA,AE,6F,05,80,08,A8,02,
3113760,0000012B,false,Rx,0,8,FD,54,6F,06,00,00,08,00,
3114007,0000011C,false,Rx,0,8,00,05,20,00,22,00,01,01,
3114247,0000012C,false,Rx,0,8,00,00,01,00,00,64,00,00,
3114533,000001A2,false,Rx,0,8,00,00,00,00,00,08,00,00,
3114765,000001A3,false,Rx,0,8,FF,F3,3F,00,00,00,00,00,
3115044,000001A4,false,Rx,0,8,FE,07,00,00,00,00,00,00,
3117143,000002C1,false,Rx,0,8,51,59,86,21,00,41,00,A1,
3117368,000002C2,false,Rx,0,8,40,00,00,00,00,00,00,00,
3117596,000003A1,false,Rx,0,8,C0,89,33,00,FF,FF,FF,FF,
3117855,000002C3,false,Rx,0,8,00,00,00,00,00,00,00,00,
3118095,000003A2,false,Rx,0,8,00,00,00,00,00,00,00,00,
3118386,000002C4,false,Rx,0,8,00,00,00,00,00,00,00,00,
3123415,00000161,false,Rx,0,8,B5,A3,38,03,00,00,00,02,
3123508,00000162,false,Rx,0,8,FF,FC,01,00,00,00,00,00,
3123867,000001FB,false,Rx,0,8,50,22,0B,00,00,00,00,00,
3124323,000001FC,false,Rx,0,8,00,00,00,00,00,00,00,00,
3124431,000001FD,false,Rx,0,8,00,1A,03,00,00,00,00,00,
3124828,000003B0,false,Rx,0,8,72,37,FF,C7,00,00,03,C0,
3125267,000001FE,false,Rx,0,8,00,00,00,00,00,00,00,00,
3125333,000003B1,false,Rx,0,8,9B,3C,FF,40,00,00,20,00,
3126687,00000419,false,Rx,0,8,23,70,7A,DB,D9,7A,84,00,
3126808,00000516,false,Rx,0,8,61,02,00,00,00,00,FF,FF,
3128432,000003B2,false,Rx,0,8,36,15,FF,02,29,2F,34,00,
3130429,00000427,false,Rx,0,8,1D,86,FF,00,80,0A,00,00,
3130531,000000FF,false,Rx,0,8,CB,10,00,00,00,00,02,00,
3131530,00000394,false,Rx,0,8,2A,22,1A,49,00,00,00,00,
3131671,000003C3,false,Rx,0,8,45,10,31,30,36,00,00,00,
3132022,000003E0,false,Rx,0,8,6E,50,01,00,54,03,00,00,
3132743,000003E5,false,Rx,0,8,F9,20,01,00,00,00,00,00,
3132945,000003E6,false,Rx,0,8,A1,40,00,00,00,00,00,00,
3133195,0000041A,false,Rx,0,8,A3,30,12,00,50,01,00,00,
3133632,0000041B,false,Rx,0,8,BE,70,00,00,00,00,00,00,
3134030,0000041C,false,Rx,0,8,84,D0,E8,00,00,00,00,00,
3134146,00000422,false,Rx,0,8,FA,20,01,00,00,00,04,00,
3135242,00000432,false,Rx,0,8,03,20,02,00,00,00,00,00,
3135717,000000A1,false,Rx,0,8,AA,52,89,8A,D4,EC,A2,00,
3135820,00000435,false,Rx,0,8,C8,C0,00,50,00,00,00,00,
3136100,000000A2,false,Rx,0,8,00,00,00,00,00,00,00,00,
3136308,00000442,false,Rx,0,8,CE,20,11,81,00,00,00,00,
3136557,000000A3,false,Rx,0,8,00,40,01,00,00,00,00,00,
3136781,00000444,false,Rx,0,8,DD,50,20,50,55,50,00,00,
3137100,00000445,false,Rx,0,8,6F,30,00,00,00,00,00,18,
3137828,00000464,false,Rx,0,8,6C,30,F0,FF,38,7F,05,00,
3139500,0000010B,false,Rx,0,8,6F,B3,6D,00,00,00,00,05,
3139609,000004A3,false,Rx,1,8,80,00,48,0B,3E,00,00,00,
3139655,0000010C,false,Rx,0,8,FF,F9,E7,1F,43,48,44,44,
3139746,000004A4,false,Rx,1,8,FF,FF,FF,00,00,00,00,00,
3139811,0000010D,false,Rx,0,8,EF,02,00,00,00,00,00,35,
3140267,0000010E,false,Rx,0,8,00,00,0A,00,00,C0,AB,57,
3140495,0000019B,false,Rx,0,8,C0,24,6B,00,00,E4,00,00,
3140985,0000019C,false,Rx,0,8,40,20,00,00,00,00,0B,09,
3141227,0000019D,false,Rx,0,8,00,10,00,01,00,00,00,00,
3141477,0000019E,false,Rx,0,8,15,00,00,00,00,32,00,00,
3145306,00000061,false,Rx,0,8,26,5D,8A,00,00,00,00,00,
3145526,00000062,false,Rx,0,8,02,02,00,02,40,FF,00,FF,
3145760,00000063,false,Rx,0,8,C9,00,15,00,00,08,FD,00,
3146004,00000064,false,Rx,0,8,00,00,00,04,FF,FA,00,00,
3146397,00000121,false,Rx,0,8,52,2B,6E,00,00,00,00,05,
3146630,00000122,false,Rx,0,8,FF,D9,67,1F,44,44,44,44,
3146893,00000123,false,Rx,0,8,EF,02,00,00,00,00,00,35,
3147149,00000124,false,Rx,0,8,00,00,0A,00,00,00,20,40,
3150892,00000419,false,Rx,0,8,38,80,7A,DB,11,7B,84,00,
3155671,00000036,false,Rx,0,8,0C,D8,6F,51,00,00,25,05,
3155870,00000037,false,Rx,0,8,02,00,00,10,00,40,00,00,
3156096,00000038,false,Rx,0,8,04,00,00,00,20,39,96,D4,
3156345,00000039,false,Rx,0,8,00,00,00,00,00,00,00,00,
3163421,0000011B,false,Rx,0,8,78,74,74,05,80,08,A8,02,
3163607,0000012B,false,Rx,0,8,3F,8E,74,06,00,00,08,00,
3163851,0000011C,false,Rx,0,8,00,05,20,00,22,00,01,01,
3164092,0000012C,false,Rx,0,8,00,00,01,00,00,64,00,00,
3172442,00000146,false,Rx,0,8,84,CB,2B,10,04,05,00,00,
3172621,00000475,false,Rx,0,8,12,00,00,00,00,00,00,00,
3172913,00000147,false,Rx,0,8,01,04,7D,00,40,6D,03,00,
3173132,00000496,false,Rx,0,8,12,00,00,00,00,00,00,00,
3173351,00000148,false,Rx,0,8,00,00,42,00,00,7B,40,05,
3173598,00000149,false,Rx,0,8,00,38,00,0C,00,00,00,00,
3173831,000001B1,false,Rx,0,8,A0,4A,2B,00,72,00,00,00,
3174102,000001B2,false,Rx,0,8,23,00,04,0D,10,01,50,0F,
3174353,000001B3,false,Rx,0,8,10,2D,33,00,67,7F,72,7B,
3174597,000001B4,false,Rx,0,8,68,77,10,00,00,41,00,00,
3175278,000002BF,false,Rx,0,8,FF,FF,FF,00,00,00,00,00,
3175560,0000047F,false,Rx,0,8,FF,FF,FF,FF,FF,FF,FF,FF,
3175833,00000653,false,Rx,0,8,0A,19,03,01,02,2A,00,00,
3185788,000000A1,false,Rx,0,8,A3,D7,8E,8A,D4,EC,A2,00,
3185893,000000A2,false,Rx,0,8,00,00,00,00,00,00,00,00,
3186248,000000A3,false,Rx,0,8,00,40,01,00,00,00,00,00,
3186991,00000419,false,Rx,0,8,5F,90,69,DB,11,7B,84,00,
3187858,000001AB,false,Rx,0,8,E2,8F,D9,40,70,90,00,00,
3188191,000001AC,false,Rx,0,8,00,28,00,00,00,00,00,00,
3189419,0000010B,false,Rx,0,8,2B,03,72,00,00,00,00,05,
3189529,0000010C,false,Rx,0,8,FF,F9,E7,1F,43,48,44,44,
3189777,0000010D,false,Rx,0,8,EF,02,00,00,00,00,00,35,
3190113,0000010E,false,Rx,0,8,00,00,0A,00,00,C0,AB,57,
3190255,0000019B,false,Rx,0,8,BD,E1,70,00,00,E4,00,00,
3190536,0000019C,false,Rx,0,8,40,20,00,00,00,00,0B,09,
3190777,0000019D,false,Rx,0,8,00,10,00,01,00,00,00,00,
3191389,0000019E,false,Rx,0,8,15,00,00,00,00,32,00,00,
3195394,00000061,false,Rx,0,8,59,71,8F,00,00,00,00,00,
3195487,00000062,false,Rx,0,8,02,02,00,02,40,FF,00,FF,
3195814,00000063,false,Rx,0,8,C9,00,15,00,00,08,FD,00,
3195961,00000064,false,Rx,0,8,00,00,00,04,FF,FA,00,00,
3196428,00000121,false,Rx,0,8,DF,DA,73,00,00,00,00,05,
3196649,00000122,false,Rx,0,8,FF,D9,67,1F,44,44,44,44,
3196911,00000123,false,Rx,0,8,F0,02,00,00,00,00,00,35,
3197158,00000124,false,Rx,0,8,00,00,0A,00,00,00,20,40,
131868,000001E1,false,Rx,0,8,D8,7B,18,02,00,00,00,00,
131963,000001E2,false,Rx,0,8,00,00,00,00,00,00,00,00,
133734,00000036,false,Rx,0,8,71,1D,74,51,00,00,25,05,
133824,00000037,false,Rx,0,8,02,00,00,10,00,40,00,00,
134075,00000038,false,Rx,0,8,04,00,00,00,20,39,96,D4,
134328,00000039,false,Rx,0,8,00,00,00,00,00,00,00,00,
137449,000000C5,false,Rx,1,8,00,00,00,00,00,00,00,00,
137701,00000244,false,Rx,1,8,00,00,00,00,00,00,00,00,
137966,000004B4,false,Rx,1,8,01,00,0D,40,10,60,44,02,
138237,000001F1,false,Rx,0,8,2B,73,50,01,00,00,28,00,
138319,000004B5,false,Rx,1,8,08,00,F0,07,00,00,00,00,
138478,000004B7,false,Rx,1,8,08,00,F0,07,00,00,00,00,
138718,00000091,false,Rx,0,8,BA,5D,09,01,00,00,00,00,
138786,000001F2,false,Rx,0,8,00,00,00,00,00,00,00,00,
138972,000004CA,false,Rx,1,8,00,00,00,00,00,00,00,00,
139078,00000092,false,Rx,0,8,15,00,00,00,50,01,00,00,
139198,0000036F,false,Rx,0,8,47,11,01,00,00,00,00,00,
139446,000004CC,false,Rx,1,8,08,00,00,2A,00,00,03,00,
139522,00000093,false,Rx,0,8,00,00,00,00,00,00,00,00,
139730,0000037F,false,Rx,0,8,4D,00,52,24,41,02,00,00,
139936,000004CE,false,Rx,1,8,14,01,FF,FF,FF,FF,FF,FF,
140015,00000094,false,Rx,0,8,00,00,00,00,00,00,00,00,
140454,000004D7,false,Rx,1,8,23,01,00,00,00,00,00,00,
140906,000004D8,false,Rx,1,8,41,10,F6,F0,40,F2,1E,CC,
141398,000004DD,false,Rx,1,8,00,00,FE,00,04,00,00,00,
141491,0000011B,false,Rx,0,8,0B,4D,79,05,80,08,A8,02,
141751,0000012B,false,Rx,0,8,4C,B7,79,06,00,00,08,00,
141927,000004DF,false,Rx,1,8,00,00,08,00,00,00,00,00,
142001,0000011C,false,Rx,0,8,00,05,20,00,22,00,01,01,
142238,0000012C,false,Rx,0,8,00,00,01,00,00,64,00,00,
142404,000004E7,false,Rx,1,8,00,30,00,00,00,00,69,00,
142489,000001A1,false,Rx,0,8,C6,98,3C,FE,F7,7F,64,00,
142905,000004E8,false,Rx,1,8,FF,FF,FF,29,FF,FF,FF,00,
142970,000001A2,false,Rx,0,8,00,00,00,00,00,08,00,00,
143366,000004E9,false,Rx,1,8,00,00,00,00,00,00,00,00,
143439,000001A3,false,Rx,0,8,FF,F3,3F,00,00,00,00,00,
143922,000004EA,false,Rx,1,8,00,00,00,00,00,00,00,00,
143989,000001A4,false,Rx,0,8,FE,07,00,00,00,00,00,00,
144937,000004EB,false,Rx,1,8,04,68,2B,04,80,00,00,00,
145048,000002AB,false,Rx,0,8,08,19,0C,0C,0C,00,00,00,
145123,000004EC,false,Rx,1,8,FF,FF,FF,FF,FF,FF,FF,0F,
145170,000002AC,false,Rx,0,8,00,FF,FF,00,00,40,00,50,
145295,000004ED,false,Rx,1,8,FF,FF,FF,FF,FF,FF,FF,1F,
145727,000002AD,false,Rx,0,8,00,01,00,40,FF,FF,FF,0F,
145808,000004EE,false,Rx,1,8,FF,FF,00,00,00,00,00,00,
146169,000002AE,false,Rx,0,8,01,00,FF,3F,01,01,00,00,
146295,000004EF,false,Rx,1,8,60,00,60,00,29,14,00,00,
146685,000002B6,false,Rx,0,8,48,43,0C,01,00,00,00,40,
146858,0000063D,false,Rx,1,8,00,80,00,00,00,00,00,00,
146903,000002EB,false,Rx,0,8,89,73,85,09,08,02,00,02,
147112,000002B7,false,Rx,0,8,94,01,C1,04,00,04,00,00,
147281,0000063E,false,Rx,1,8,FF,FF,FF,FF,FF,FF,FF,FF,
147440,000002EC,false,Rx,0,8,07,00,00,00,00,00,00,00,
147593,000002B8,false,Rx,0,8,B2,61,11,00,00,00,00,00,
147784,0000063F,false,Rx,1,8,00,10,00,C4,FF,00,00,00,
147895,000002ED,false,Rx,0,8,00,00,00,00,00,00,00,00,
148122,000002B9,false,Rx,0,8,0A,00,00,00,00,00,00,00,
148887,000004F0,false,Rx,1,8,4A,0D,2B,05,5C,1A,11,02,
148995,000002EE,false,Rx,0,8,00,00,00,00,00,00,00,00,
149078,000002D6,false,Rx,0,8,F8,DE,85,00,00,00,00,00,
149129,00000640,false,Rx,1,8,FF,FF,FF,00,FF,FF,FF,00,
149172,0000033B,false,Rx,0,8,09,62,0C,00,00,00,00,00,
149216,000002D7,false,Rx,0,8,00,00,00,00,03,00,00,00,
149289,00000641,false,Rx,1,8,FF,FF,FF,FF,0F,FF,FF,FF,
149336,0000033C,false,Rx,0,8,00,00,00,00,F0,00,00,00,
149625,000002D8,false,Rx,0,8,00,00,00,00,00,00,38,44,
149700,00000646,false,Rx,1,8,00,00,00,80,01,00,00,00,
149851,00000251,false,Rx,0,8,6A,D0,0B,00,00,00,00,00,
150064,000002D9,false,Rx,0,8,00,00,00,00,00,00,00,00,
150308,00000252,false,Rx,0,8,00,00,00,00,03,00,00,00,
150567,000002E1,false,Rx,0,8,2B,3C,0C,00,00,00,00,40,
150789,00000253,false,Rx,0,8,00,00,00,52,52,00,80,46,
151018,000002E2,false,Rx,0,8,FD,00,00,00,00,14,00,04,
151300,00000161,false,Rx,0,8,43,8B,3D,03,00,00,00,02,
151833,000002E3,false,Rx,0,8,00,00,00,00,00,00,72,01,
151917,00000162,false,Rx,0,8,FF,FC,01,00,00,00,00,00,
152014,000002E4,false,Rx,0,8,02,00,00,00,00,00,00,00,
152274,0000033D,false,Rx,0,8,00,00,00,00,00,00,00,00,
152498,00000356,false,Rx,0,8,B7,A4,86,00,00,00,00,00,
152746,0000033E,false,Rx,0,8,00,00,00,00,00,00,00,00,
152991,00000357,false,Rx,0,8,00,00,00,00,00,4B,4D,48,
153486,00000358,false,Rx,0,8,35,41,45,4D,52,37,33,4F,
153940,00000359,false,Rx,0,8,51,4F,34,52,4A,35,33,00,
154437,00000396,false,Rx,0,8,C8,15,85,0F,08,02,00,02,
154661,00000401,false,Rx,0,8,30,D0,10,00,00,01,00,00,
154910,00000397,false,Rx,0,8,04,00,00,00,00,00,00,00,
155148,000001E6,false,Rx,0,8,F0,CE,13,02,00,00,00,00,
155406,00000398,false,Rx,0,8,00,00,00,00,00,00,00,00,
155631,000001BB,false,Rx,0,8,BA,8E,13,02,00,00,00,0A,
155892,00000419,false,Rx,0,8,5F,90,69,DB,11,7B,84,00,
156120,000001BC,false,Rx,0,8,32,00,00,00,02,00,00,00,
156630,000001BD,false,Rx,0,8,00,00,00,00,00,00,00,00,
157119,000001E7,false,Rx,0,8,00,00,22,03,20,01,00,00,
157348,00000561,false,Rx,0,8,63,02,00,00,00,00,FF,FF,
158142,00000111,false,Rx,0,8,03,8F,D5,01,00,00,00,00,
158602,00000112,false,Rx,0,8,00,00,00,00,00,00,00,00,
158894,00000405,false,Rx,0,8,7B,E0,00,00,00,01,00,00,
159086,00000113,false,Rx,0,8,00,00,00,00,00,00,00,00,
159577,00000410,false,Rx,0,8,A3,90,53,3C,B4,6A,FF,FF,
159641,00000114,false,Rx,0,8,00,00,00,00,00,00,00,00,
160275,00000411,false,Rx,0,8,BD,71,50,50,00,00,44,05,
160630,00000413,false,Rx,0,8,F5,10,00,41,00,00,00,00,
160938,00000412,false,Rx,0,8,F1,00,00,00,00,00,04,00,
161030,00000414,false,Rx,0,8,87,A0,00,00,28,00,00,00,
161579,00000416,false,Rx,0,8,55,00,00,00,00,00,00,00,
161667,00000417,false,Rx,0,8,D0,20,00,00,00,01,00,00,
161773,0000048F,false,Rx,0,8,AD,10,41,00,05,00,00,00,
162020,00000418,false,Rx,0,8,18,00,00,00,14,4C,00,00,
163644,000000A1,false,Rx,0,8,C6,D4,93,8A,D4,EC,A2,00,
163949,000000A2,false,Rx,0,8,00,00,00,00,00,00,00,00,
164118,000000A3,false,Rx,0,8,00,40,01,00,00,00,00,00,
167262,0000010B,false,Rx,0,8,54,2F,77,00,00,00,00,05,
167536,0000010C,false,Rx,0,8,FF,F9,E7,1F,43,48,44,44,
167809,0000010D,false,Rx,0,8,EF,02,00,00,00,00,00,35,
168050,0000010E,false,Rx,0,8,00,00,0A,00,00,C0,AB,57,
168322,0000019B,false,Rx,0,8,C2,CD,75,00,00,E4,00,00,
168695,0000019C,false,Rx,0,8,40,20,00,00,00,00,0B,09,
169089,0000019D,false,Rx,0,8,00,10,00,01,00,00,00,00,
169395,0000019E,false,Rx,0,8,15,00,00,00,00,32,00,00,
173316,00000061,false,Rx,0,8,24,B4,94,00,00,00,00,00,
173501,00000062,false,Rx,0,8,02,02,00,02,40,FF,00,FF,
173758,00000063,false,Rx,0,8,C9,00,15,00,00,08,FD,00,
174035,00000064,false,Rx,0,8,00,00,00,04,FF,FA,00,00,
174414,00000121,false,Rx,0,8,67,DB,78,00,00,00,00,05,
174697,00000122,false,Rx,0,8,FF,D9,67,1F,44,44,44,44,
174929,000002E6,false,Rx,0,8,B2,10,09,01,00,00,00,15,
175137,00000123,false,Rx,0,8,F0,02,00,00,00,00,00,35,
175379,00000256,false,Rx,0,8,E3,DB,09,15,00,00,70,02,
175608,00000124,false,Rx,0,8,00,00,0A,00,00,00,20,40,
175879,00000257,false,Rx,0,8,00,8E,3E,3C,82,07,00,8E,
176090,000002E7,false,Rx,0,8,0A,00,00,00,00,00,00,00,
176345,00000258,false,Rx,0,8,01,20,1D,00,10,15,00,1C,
176583,000002E8,false,Rx,0,8,00,00,00,00,00,00,00,00,
176869,00000259,false,Rx,0,8,13,06,94,3C,30,02,00,00,
177069,000002E9,false,Rx,0,8,00,00,00,00,00,00,00,00,
177315,000003B6,false,Rx,0,8,91,79,84,00,00,00,00,44,
177568,000003B7,false,Rx,0,8,43,00,00,00,00,00,00,00,
177847,000003B8,false,Rx,0,8,EA,02,00,00,00,00,69,0E,
178089,000003B9,false,Rx,0,8,00,00,00,00,00,00,00,00,
178938,00000419,false,Rx,0,8,11,A0,69,DB,3D,7B,84,00,
183646,00000036,false,Rx,0,8,7C,DB,79,51,00,00,25,05,
183848,00000037,false,Rx,0,8,02,00,00,10,00,40,00,00,
184096,00000038,false,Rx,0,8,04,00,00,00,20,39,96,D4,
184385,00000039,false,Rx,0,8,00,00,00,00,00,00,00,00,
187669,000004F0,false,Rx,1,8,4A,0D,2B,05,5C,1A,11,02,
190083,00000415,false,Rx,0,8,40,13,10,00,08,01,00,00,
191435,0000011B,false,Rx,0,8,94,25,7E,05,80,08,A8,02,
191606,0000012B,false,Rx,0,8,D3,DF,7E,06,00,00,08,00,
191852,0000011C,false,Rx,0,8,00,05,20,00,22,00,01,01,
192099,0000012C,false,Rx,0,8,00,00,01,00,00,64,00,00,
195364,000003AA,false,Rx,0,8,FF,00,D0,00,54,00,00,00,
200433,00000146,false,Rx,0,8,B4,E3,30,10,04,05,00,00,
200621,00000147,false,Rx,0,8,01,04,7D,00,40,5E,03,00,
200870,00000148,false,Rx,0,8,00,00,42,00,00,7B,40,05,
201127,00000149,false,Rx,0,8,00,38,00,0C,00,00,00,00,
201824,000001B1,false,Rx,0,8,FB,BE,30,00,72,00,00,00,
202065,000001B2,false,Rx,0,8,23,00,04,0D,10,01,50,0F,
202298,000001B3,false,Rx,0,8,10,2E,33,00,67,7F,72,7B,
202552,0000030B,false,Rx,0,8,A1,36,0C,00,04,00,00,00,
202786,000001B4,false,Rx,0,8,68,77,10,00,00,41,00,00,
203032,0000030C,false,Rx,0,8,00,00,0C,00,2C,00,A0,0F,
203291,0000030D,false,Rx,0,8,00,00,00,00,41,00,00,00,
203600,0000030E,false,Rx,0,8,00,00,28,05,21,00,00,00,
204025,00000495,false,Rx,0,8,49,00,00,00,00,00,00,00,
209439,00000236,false,Rx,0,8,65,22,0C,00,30,63,34,6C,
209529,000002FB,false,Rx,0,8,4D,B3,0C,04,0C,14,C3,C3,
209905,00000151,false,Rx,0,8,66,96,0C,A0,C8,00,28,15,
209989,00000237,false,Rx,0,8,00,05,94,00,00,5B,1D,00,
210283,00000152,false,Rx,0,8,12,14,14,00,24,00,00,00,
210395,000001F6,false,Rx,0,8,CE,E8,0C,00,00,00,00,0D,
210645,00000153,false,Rx,0,8,00,00,00,00,00,00,00,00,
210894,000001F7,false,Rx,0,8,1F,00,DC,00,00,00,00,00,
211142,00000154,false,Rx,0,8,00,00,00,00,00,00,00,00,
211379,000001F8,false,Rx,0,8,00,69,00,64,00,00,00,00,
211623,000002FC,false,Rx,0,8,0D,00,12,15,00,00,87,96,
211867,000001F9,false,Rx,0,8,19,00,A0,C8,14,00,19,00,
212115,000002FD,false,Rx,0,8,00,00,00,00,00,1C,10,EA,
212406,00000238,false,Rx,0,8,00,00,0C,00,00,00,00,00,
212660,000002FE,false,Rx,0,8,00,00,72,01,00,28,00,00,
212984,00000239,false,Rx,0,8,00,00,00,00,01,00,00,00,
213206,00000326,false,Rx,0,8,D6,51,0C,00,00,00,00,00,
213330,0000025B,false,Rx,0,8,F8,6B,0C,40,40,20,00,00,
213633,00000327,false,Rx,0,8,00,00,00,00,01,00,00,00,
213805,000000A1,false,Rx,0,8,FA,25,98,8A,D4,EC,A2,00,
214046,0000025C,false,Rx,0,8,00,00,1F,00,BD,68,14,00,
214293,000000A2,false,Rx,0,8,00,00,00,00,00,00,00,00,
214645,0000025D,false,Rx,0,8,00,C8,00,00,00,80,C0,70,
215063,000000A3,false,Rx,0,8,00,40,01,00,00,00,00,00,
215413,0000025E,false,Rx,0,8,04,07,0E,01,00,00,00,00,
215695,00000328,false,Rx,0,8,DC,00,19,00,00,69,00,00,
215970,00000448,false,Rx,0,8,7F,00,00,00,00,00,00,00,
216072,00000329,false,Rx,0,8,A0,64,00,00,00,00,00,00,
216366,000001AB,false,Rx,0,8,7D,E7,DE,40,70,90,00,00,
216516,00000331,false,Rx,0,8,26,70,0C,F1,C8,A0,2C,97,
216569,000001AC,false,Rx,0,8,00,28,00,00,00,00,00,00,
216961,00000332,false,Rx,0,8,44,07,B4,00,00,00,00,00,
217024,00000419,false,Rx,0,8,94,B0,59,DB,3D,7B,84,00,
217281,00000333,false,Rx,0,8,00,00,00,1C,0C,40,20,A0,
217762,0000010B,false,Rx,0,8,EC,2E,7C,00,00,00,00,05,
217816,00000334,false,Rx,0,8,C8,00,00,00,5C,70,B7,8F,
217907,0000010C,false,Rx,0,8,FF,F9,E7,1F,43,48,44,44,
218760,0000010D,false,Rx,0,8,EF,02,00,00,00,00,00,35,
218924,0000019B,false,Rx,0,8,43,B9,7A,00,00,E4,00,00,
218974,0000010E,false,Rx,0,8,00,00,0A,00,00,C0,AB,57,
219623,0000019C,false,Rx,0,8,40,20,00,00,00,00,0B,09,
219794,0000019D,false,Rx,0,8,00,10,00,01,00,00,00,00,
219847,0000019E,false,Rx,0,8,15,00,00,00,00,32,00,00,
222496,00000380,false,Rx,0,8,CD,96,05,0C,0C,0C,0C,01,
223168,00000061,false,Rx,0,8,29,72,99,00,00,00,00,00,
223410,00000382,false,Rx,0,8,FD,CD,04,00,00,05,09,00,
223636,00000062,false,Rx,0,8,02,02,00,02,40,FF,00,FF,
223910,00000063,false,Rx,0,8,C9,00,15,00,00,08,FD,00,
224145,00000064,false,Rx,0,8,00,00,00,04,FF,FA,00,00,
224457,00000121,false,Rx,0,8,18,F7,7D,00,00,00,00,05,
224698,00000122,false,Rx,0,8,FF,D9,67,1F,44,44,44,44,
224938,00000123,false,Rx,0,8,F0,02,00,00,00,00,00,35,
225209,00000383,false,Rx,0,8,2F,9B,03,10,01,00,00,00,
225449,00000124,false,Rx,0,8,00,00,0A,00,00,00,20,40,
226188,00000384,false,Rx,0,8,13,BD,04,01,00,FF,00,22,
227348,0000042A,false,Rx,0,8,69,FB,03,04,00,10,00,00,
228052,00000487,false,Rx,1,8,00,00,00,00,00,00,00,00,
228250,000004F0,false,Rx,1,8,4A,0D,2B,05,5C,1A,11,02,
228792,00000642,false,Rx,1,8,FF,FF,FF,FF,FF,FF,00,00,
233788,00000036,false,Rx,0,8,8F,45,7E,51,00,00,25,05,
233883,00000037,false,Rx,0,8,02,00,00,10,00,40,00,00,
234231,00000038,false,Rx,0,8,04,00,00,00,20,39,96,D4,
234366,00000039,false,Rx,0,8,00,00,00,00,00,00,00,00,
235367,00000226,false,Rx,0,8,C7,A8,FB,FF,FB,20,09,42,
235530,000002FF,false,Rx,0,8,83,B9,00,F0,3F,00,00,00,
235759,00000227,false,Rx,0,8,02,C4,07,09,00,F1,6F,03,
236028,00000316,false,Rx,0,8,AA,37,FF,B4,0F,80,0A,00,
236244,00000472,false,Rx,0,8,5C,EC,00,40,08,41,00,45,
236558,00000317,false,Rx,0,8,00,00,05,00,00,00,00,00,
237194,00000473,false,Rx,0,8,5F,24,00,25,00,00,00,78,
237800,00000474,false,Rx,0,8,53,98,00,00,00,00,00,10,
238968,00000091,false,Rx,0,8,19,85,0A,01,00,00,00,00,
239164,00000092,false,Rx,0,8,16,00,00,00,60,01,00,00,
239240,00000093,false,Rx,0,8,00,00,00,00,00,00,00,00,
239302,0000036F,false,Rx,0,8,91,21,01,00,00,00,00,00,
239863,00000094,false,Rx,0,8,00,00,00,00,00,00,00,00,
239936,0000037F,false,Rx,0,8,F4,10,52,24,41,02,00,00,
241438,000001A1,false,Rx,0,8,D2,20,41,FE,F7,7F,64,00,
241533,0000011B,false,Rx,0,8,A0,FD,83,05,80,08,A8,02,
241809,0000012B,false,Rx,0,8,E7,07,83,06,00,00,08,00,
242028,0000011C,false,Rx,0,8,00,05,20,00,22,00,01,01,
242282,0000012C,false,Rx,0,8,00,00,01,00,00,64,00,00,
242567,000001A2,false,Rx,0,8,00,00,00,00,00,08,00,00,
242793,000001A3,false,Rx,0,8,FF,F3,3F,00,00,00,00,00,
243088,000001A4,false,Rx,0,8,FE,07,00,00,00,00,00,00,
245406,000002C1,false,Rx,0,8,17,00,87,21,00,41,00,A1,
245499,000002C2,false,Rx,0,8,40,00,00,00,00,00,00,00,
245878,000003A1,false,Rx,0,8,5F,E1,34,00,FF,FF,FF,FF,
245986,000002C3,false,Rx,0,8,00,00,00,00,00,00,00,00,
246402,000003A2,false,Rx,0,8,00,00,00,00,00,00,00,00,
246919,000002C4,false,Rx,0,8,00,00,00,00,00,00,00,00,
251436,00000161,false,Rx,0,8,6F,1B,42,03,00,00,00,02,
251532,00000162,false,Rx,0,8,FF,FC,01,00,00,00,00,00,
251896,000001FB,false,Rx,0,8,E5,E5,0D,00,00,00,00,00,
252412,000001FC,false,Rx,0,8,00,00,00,00,00,00,00,00,
252474,000001FD,false,Rx,0,8,00,1A,03,00,00,00,00,00,
252589,00000563,false,Rx,1,8,65,02,00,00,00,00,FF,FF,
252637,000003B0,false,Rx,0,8,72,37,FF,C7,00,00,03,C0,
252829,000001FE,false,Rx,0,8,00,00,00,00,00,00,00,00,
254197,00000419,false,Rx,0,8,94,B0,59,DB,3D,7B,84,00,
255021,000003B1,false,Rx,0,8,9B,3C,FF,40,00,00,20,00,
256241,000003B2,false,Rx,0,8,36,15,FF,02,29,2F,34,00,
258246,00000427,false,Rx,0,8,1D,86,FF,00,80,0A,00,00,
258501,000000FF,false,Rx,0,8,CB,10,00,00,00,00,02,00,
259496,00000394,false,Rx,0,8,2A,22,1A,49,00,00,00,00,
259676,000003C3,false,Rx,0,8,45,10,31,30,36,00,00,00,
259963,000003E0,false,Rx,0,8,6E,50,01,00,54,03,00,00,
260852,000003E5,false,Rx,0,8,F9,20,01,00,00,00,00,00,
261049,000003E6,false,Rx,0,8,A1,40,00,00,00,00,00,00,
261319,0000041A,false,Rx,0,8,A3,30,12,00,50,01,00,00,
262255,0000041B,false,Rx,0,8,BE,70,00,00,00,00,00,00,
262383,0000041C,false,Rx,0,8,84,D0,E8,00,00,00,00,00,
262438,00000422,false,Rx,0,8,FA,20,01,00,00,00,04,00,
263715,000000A1,false,Rx,0,8,F5,CE,9D,8A,D4,EC,A2,00,
263854,00000432,false,Rx,0,8,03,20,02,00,00,00,00,00,
264134,000000A2,false,Rx,0,8,00,00,00,00,00,00,00,00,
264555,00000435,false,Rx,0,8,C8,C0,00,50,00,00,00,00,
264609,000000A3,false,Rx,0,8,00,40,01,00,00,00,00,00,
264861,00000442,false,Rx,0,8,CE,20,11,81,00,00,00,00,
265060,0000048B,false,Rx,0,8,CD,AE,1B,1E,01,00,00,00,
265303,00000444,false,Rx,0,8,DD,50,20,50,55,50,00,00,
265577,0000048C,false,Rx,0,8,00,00,00,00,00,00,00,00,
265789,00000445,false,Rx,0,8,6F,30,00,00,00,00,00,18,
266067,00000464,false,Rx,0,8,6C,30,F0,FF,38,7F,05,00,
267260,0000010B,false,Rx,0,8,16,D0,81,00,00,00,00,05,
267722,000004A3,false,Rx,1,8,80,00,48,0B,3E,00,00,00,
267918,0000010C,false,Rx,0,8,FF,F9,E7,1F,43,48,44,44,
268019,0000010D,false,Rx,0,8,EF,02,00,00,00,00,00,35,
268072,000004A4,false,Rx,1,8,FF,FF,FF,00,00,00,00,00,
268245,0000010E,false,Rx,0,8,00,00,0A,00,00,C0,AB,57,
268490,0000019B,false,Rx,0,8,3C,95,7F,00,00,E4,00,00,
268993,0000019C,false,Rx,0,8,40,20,00,00,00,00,0B,09,
269218,0000019D,false,Rx,0,8,00,10,00,01,00,00,00,00,
269490,0000019E,false,Rx,0,8,15,00,00,00,00,32,00,00,
273336,00000061,false,Rx,0,8,DA,EC,9E,00,00,00,00,00,
273445,00000062,false,Rx,0,8,02,02,00,02,40,FF,00,FF,
273806,00000063,false,Rx,0,8,C9,00,15,00,00,08,FD,00,
274003,00000064,false,Rx,0,8,00,00,00,04,FF,FA,00,00,
274467,00000121,false,Rx,0,8,6E,BB,82,00,00,00,00,05,
274721,00000122,false,Rx,0,8,FF,D9,67,1F,44,44,44,44,
274967,00000123,false,Rx,0,8,F0,02,00,00,00,00,00,35,
275261,00000124,false,Rx,0,8,00,00,0A,00,00,00,20,40,
278911,00000419,false,Rx,0,8,0C,C0,59,DB,59,7B,84,00,
282212,000001E1,false,Rx,0,8,95,93,1B,02,00,00,00,00,
282419,000001E2,false,Rx,0,8,00,00,00,00,00,00,00,00,
283640,00000036,false,Rx,0,8,75,BB,83,51,00,00,25,05,
283898,00000037,false,Rx,0,8,02,00,00,10,00,40,00,00,
284139,00000038,false,Rx,0,8,04,00,00,00,20,39,96,D4,
284392,00000039,false,Rx,0,8,00,00,00,00,00,00,00,00,
288022,000001F1,false,Rx,0,8,66,9B,53,01,00,00,28,00,
288228,000001F2,false,Rx,0,8,00,00,00,00,00,00,00,00,
291646,0000011B,false,Rx,0,8,68,04,88,05,80,08,A8,02,
291738,0000012B,false,Rx,0,8,2F,FE,88,06,00,00,08,00,
292018,0000011C,false,Rx,0,8,00,05,20,00,22,00,01,01,
292122,0000012C,false,Rx,0,8,00,00,01,00,00,64,00,00,
300426,00000146,false,Rx,0,8,F0,94,35,10,04,05,00,00,
300595,00000475,false,Rx,0,8,12,00,00,00,00,00,00,00,
300832,00000147,false,Rx,0,8,01,04,7D,00,40,4F,03,00,
301077,00000496,false,Rx,0,8,12,00,00,00,00,00,00,00,
301319,00000148,false,Rx,0,8,00,00,42,00,00,7B,40,05,
301570,00000149,false,Rx,0,8,00,38,00,0C,00,00,00,00,
301832,000001B1,false,Rx,0,8,A2,A3,35,00,72,00,00,00,
302073,000001B2,false,Rx,0,8,23,00,04,0D,10,01,50,0F,
302322,000001B3,false,Rx,0,8,10,2D,33,00,67,7F,72,7B,
302580,000001B4,false,Rx,0,8,68,77,10,00,00,41,00,00,
303283,000002BF,false,Rx,0,8,FF,FF,FF,00,00,00,00,00,
303523,000001E6,false,Rx,0,8,06,E6,16,02,00,00,00,00,
303784,0000047F,false,Rx,0,8,FF,FF,FF,FF,FF,FF,FF,FF,
304012,000001E7,false,Rx,0,8,00,00,22,03,20,01,00,00,
304298,00000653,false,Rx,0,8,0A,19,03,01,02,2A,00,00,
305139,000001BB,false,Rx,0,8,B5,65,16,02,00,00,00,0A,
305402,000001BC,false,Rx,0,8,32,00,00,00,02,00,00,00,
305659,000001BD,false,Rx,0,8,00,00,00,00,00,00,00,00,
313760,000000A1,false,Rx,0,8,30,23,A2,8A,D4,EC,A2,00,
313879,000000A2,false,Rx,0,8,00,00,00,00,00,00,00,00,
314218,000000A3,false,Rx,0,8,00,40,01,00,00,00,00,00,
314753,00000419,false,Rx,0,8,E2,D0,4C,DB,59,7B,84,00,
315550,000001AB,false,Rx,0,8,10,BB,E3,40,70,90,00,00,
315726,000001AC,false,Rx,0,8,00,28,00,00,00,00,00,00,
317331,0000010B,false,Rx,0,8,E5,4E,86,00,00,00,00,05,
317504,0000010C,false,Rx,0,8,FF,F9,E7,1F,43,48,44,44,
317746,0000010D,false,Rx,0,8,EF,02,00,00,00,00,00,35,
318004,0000010E,false,Rx,0,8,00,00,0A,00,00,C0,AB,57,
318232,0000019B,false,Rx,0,8,73,AC,84,00,00,E4,00,00,
318497,0000019C,false,Rx,0,8,40,20,00,00,00,00,0B,09,
318756,0000019D,false,Rx,0,8,00,10,00,01,00,00,00,00,
319187,0000019E,false,Rx,0,8,15,00,00,00,00,32,00,00,
323386,00000061,false,Rx,0,8,B9,77,A3,00,00,00,00,00,
323483,00000062,false,Rx,0,8,02,02,00,02,40,FF,00,FF,
323852,00000063,false,Rx,0,8,C9,00,15,00,00,08,FD,00,
323959,00000064,false,Rx,0,8,00,00,00,04,FF,FA,00,00,
324483,00000121,false,Rx,0,8,54,64,87,00,00,00,00,05,
324677,00000122,false,Rx,0,8,FF,D9,67,1F,44,44,44,44,
324916,00000123,false,Rx,0,8,EF,02,00,00,00,00,00,35,
325142,00000124,false,Rx,0,8,00,00,0A,00,00,00,20,40,
333754,00000036,false,Rx,0,8,CD,BA,88,51,00,00,25,05,
333854,00000037,false,Rx,0,8,02,00,00,10,00,40,00,00,
334182,00000038,false,Rx,0,8,04,00,00,00,20,39,96,D4,
334299,00000039,false,Rx,0,8,00,00,00,00,00,00,00,00,
337550,000000C5,false,Rx,1,8,00,00,00,00,00,00,00,00,
337649,00000244,false,Rx,1,8,00,00,00,00,00,00,00,00,
337929,000004B4,false,Rx,1,8,01,00,0D,40,10,60,44,02,
338211,000004B5,false,Rx,1,8,08,00,F0,07,00,00,00,00,
338498,000004B7,false,Rx,1,8,08,00,F0,07,00,00,00,00,
338962,00000091,false,Rx,0,8,5F,DC,0B,01,00,00,00,00,
339228,000004CA,false,Rx,1,8,00,00,00,00,00,00,00,00,
339295,000004CC,false,Rx,1,8,08,00,00,2A,00,00,03,00,
339998,00000092,false,Rx,0,8,16,00,00,00,60,01,00,00,
340763,0000036F,false,Rx,0,8,28,31,01,00,00,00,00,00,
341076,000004CE,false,Rx,1,8,14,01,FF,FF,FF,FF,FF,FF,
341424,00000093,false,Rx,0,8,00,00,00,00,00,00,00,00,
341526,0000037F,false,Rx,0,8,22,20,52,24,41,02,00,00,
341604,000004D7,false,Rx,1,8,23,01,00,00,00,00,00,00,
341656,000004D8,false,Rx,1,8,41,10,F6,F0,40,F2,1E,CC,
341700,00000094,false,Rx,0,8,00,00,00,00,00,00,00,00,
341760,000004DD,false,Rx,1,8,00,00,FE,00,04,00,00,00,
341807,000004DF,false,Rx,1,8,00,00,08,00,00,00,00,00,
341874,000004E7,false,Rx,1,8,00,30,00,00,00,00,69,00,
341920,000001A1,false,Rx,0,8,21,BE,46,FE,F7,7F,64,00,
341966,000004E8,false,Rx,1,8,FF,FF,FF,29,FF,FF,FF,00,
342028,0000011B,false,Rx,0,8,9E,2C,8D,05,80,08,A8,02,
342085,0000012B,false,Rx,0,8,D9,D6,8D,06,00,00,08,00,
342135,000004E9,false,Rx,1,8,00,00,00,00,00,00,00,00,
342180,0000011C,false,Rx,0,8,00,05,20,00,22,00,01,01,
342297,0000012C,false,Rx,0,8,00,00,01,00,00,64,00,00,
342541,000004EA,false,Rx,1,8,00,00,00,00,00,00,00,00,
342701,000001A2,false,Rx,0,8,00,00,00,00,00,08,00,00,
343045,000004EB,false,Rx,1,8,04,68,2B,04,80,00,00,00,
343128,000001A3,false,Rx,0,8,FF,F3,3F,00,00,00,00,00,
343530,000004EC,false,Rx,1,8,FF,FF,FF,FF,FF,FF,FF,0F,
343600,000001A4,false,Rx,0,8,FE,07,00,00,00,00,00,00,
344004,000004ED,false,Rx,1,8,FF,FF,FF,FF,FF,FF,FF,1F,
344494,000004EE,false,Rx,1,8,FF,FF,00,00,00,00,00,00,
344946,000004EF,false,Rx,1,8,60,00,60,00,29,14,00,00,
345028,000002AB,false,Rx,0,8,84,AB,0E,0C,0C,00,00,00,
345480,0000063D,false,Rx,1,8,00,80,00,00,00,00,00,00,
345557,000002AC,false,Rx,0,8,00,FF,FF,00,00,40,00,50,
345961,0000063E,false,Rx,1,8,FF,FF,FF,FF,FF,FF,FF,FF,
346034,000002AD,false,Rx,0,8,00,01,00,40,FF,FF,FF,0F,
346473,0000063F,false,Rx,1,8,00,10,00,C4,FF,00,00,00,
346547,000002AE,false,Rx,0,8,01,00,FF,3F,01,01,00,00,
346719,000002EB,false,Rx,0,8,EF,A4,86,09,08,01,00,02,
346942,00000640,false,Rx,1,8,FF,FF,FF,00,FF,FF,FF,00,
347010,000002B6,false,Rx,0,8,C4,F1,0E,01,00,00,00,40,
347204,000002EC,false,Rx,0,8,02,00,00,00,00,00,00,00,
347425,00000641,false,Rx,1,8,FF,FF,FF,FF,0F,FF,FF,FF,
347494,000002B7,false,Rx,0,8,94,01,C1,04,00,04,00,00,
347700,000002ED,false,Rx,0,8,00,00,00,00,00,00,00,00,
347916,00000646,false,Rx,1,8,00,00,00,80,01,00,00,00,
347985,000002B8,false,Rx,0,8,B2,61,11,00,00,00,00,00,
348189,000002EE,false,Rx,0,8,00,00,00,00,00,00,00,00,
348443,000002B9,false,Rx,0,8,0A,00,00,00,00,00,00,00,
348683,0000033B,false,Rx,0,8,85,D0,0E,00,00,00,00,00,
348918,000002D6,false,Rx,0,8,32,35,86,00,00,00,00,00,
349171,0000033C,false,Rx,0,8,00,00,00,00,F0,00,00,00,
349421,000002D7,false,Rx,0,8,00,00,00,00,03,00,00,00,
349670,00000251,false,Rx,0,8,60,62,0D,00,00,00,00,00,
349915,000002D8,false,Rx,0,8,00,00,00,00,00,00,38,44,
350158,00000252,false,Rx,0,8,00,00,00,00,03,00,00,00,
350518,000002D9,false,Rx,0,8,00,00,00,00,00,00,00,00,
350745,00000253,false,Rx,0,8,00,00,00,52,52,00,80,46,
350896,000002E1,false,Rx,0,8,A7,8E,0E,00,00,00,00,40,
351228,0000033D,false,Rx,0,8,00,00,00,00,00,00,00,00,
351634,00000161,false,Rx,0,8,99,33,47,03,00,00,00,02,
351927,000002E2,false,Rx,0,8,FD,00,00,00,00,14,00,04,
351974,00000162,false,Rx,0,8,FF,FC,01,00,00,00,00,00,
352274,000002E3,false,Rx,0,8,00,00,00,00,00,00,72,01,
352381,0000033E,false,Rx,0,8,00,00,00,00,00,00,00,00,
352666,000002E4,false,Rx,0,8,02,00,00,00,00,00,00,00,
352876,00000356,false,Rx,0,8,F1,FD,87,00,00,00,00,00,
353373,00000357,false,Rx,0,8,00,00,00,00,00,4B,4D,48,
353832,00000358,false,Rx,0,8,35,41,45,4D,52,37,33,4F,
354308,00000359,false,Rx,0,8,51,4F,34,52,4A,35,33,00,
354788,00000396,false,Rx,0,8,51,D2,86,0F,08,01,00,02,
355035,00000401,false,Rx,0,8,30,D0,10,00,00,01,00,00,
355270,00000397,false,Rx,0,8,00,00,00,00,00,00,00,00,
355557,00000419,false,Rx,0,8,E2,D0,4C,DB,59,7B,84,00,
355753,00000398,false,Rx,0,8,00,00,00,00,00,00,00,00,
356000,00000565,false,Rx,0,8,66,02,00,00,00,00,FF,FF,
358043,00000111,false,Rx,0,8,C9,64,D6,01,00,00,00,00,
358303,00000112,false,Rx,0,8,00,00,00,00,00,00,00,00,
358543,00000113,false,Rx,0,8,00,00,00,00,00,00,00,00,
358808,00000114,false,Rx,0,8,00,00,00,00,00,00,00,00,
359049,00000405,false,Rx,0,8,7B,E0,00,00,00,01,00,00,
359303,00000410,false,Rx,0,8,A3,90,53,3C,B4,6A,FF,FF,
359569,00000411,false,Rx,0,8,BD,71,50,50,00,00,44,05,
359845,00000412,false,Rx,0,8,F1,00,00,00,00,00,04,00,
360118,00000413,false,Rx,0,8,F5,10,00,41,00,00,00,00,
360386,00000414,false,Rx,0,8,87,A0,00,00,28,00,00,00,
360661,00000416,false,Rx,0,8,55,00,00,00,00,00,00,00,
360924,00000417,false,Rx,0,8,D0,20,00,00,00,01,00,00,
361199,00000418,false,Rx,0,8,18,00,00,00,14,4C,00,00,
363785,000000A1,false,Rx,0,8,3F,C8,A7,8A,D4,EC,A2,00,
364145,000000A2,false,Rx,0,8,00,00,00,00,00,00,00,00,
364447,000000A3,false,Rx,0,8,00,40,01,00,00,00,00,00,
367461,0000010B,false,Rx,0,8,E8,88,8B,00,00,00,00,05,
367562,0000010C,false,Rx,0,8,FF,F9,E7,1F,43,48,44,44,
367822,0000010D,false,Rx,0,8,EF,02,00,00,00,00,00,35,
368293,0000010E,false,Rx,0,8,00,00,0A,00,00,C0,AB,57,
368667,0000019B,false,Rx,0,8,7E,6A,89,00,00,E4,00,00,
368802,0000019C,false,Rx,0,8,40,20,00,00,00,00,0B,09,
369222,0000019D,false,Rx,0,8,00,10,00,01,00,00,00,00,
369267,0000019E,false,Rx,0,8,15,00,00,00,00,32,00,00,
373363,00000061,false,Rx,0,8,01,76,A8,00,00,00,00,00,
373455,00000062,false,Rx,0,8,02,02,00,02,40,FF,00,FF,
373841,00000063,false,Rx,0,8,C9,00,15,00,00,08,FD,00,
373968,00000064,false,Rx,0,8,00,00,00,04,FF,FA,00,00,
374438,00000121,false,Rx,0,8,A9,96,8C,00,00,00,00,05,
374614,00000122,false,Rx,0,8,FF,D9,67,1F,44,44,44,44,
374898,00000256,false,Rx,0,8,50,92,0B,15,00,00,40,02,
375292,00000123,false,Rx,0,8,F0,02,00,00,00,00,00,35,
375351,00000257,false,Rx,0,8,00,8E,3E,38,82,07,00,8E,
375648,00000124,false,Rx,0,8,00,00,0A,00,00,00,20,40,
375921,00000258,false,Rx,0,8,01,21,1D,00,10,15,00,1C,
376353,000002E6,false,Rx,0,8,3E,A2,0B,01,00,00,00,15,
376716,00000259,false,Rx,0,8,FC,05,94,3C,30,02,00,00,
377333,000002E7,false,Rx,0,8,0A,00,00,00,00,00,00,00,
377409,000003B6,false,Rx,0,8,D7,20,85,00,00,00,00,44,
377455,000002E8,false,Rx,0,8,00,00,00,00,00,00,00,00,
377777,000003B7,false,Rx,0,8,43,00,00,00,00,00,00,00,
377845,000002E9,false,Rx,0,8,00,00,00,00,00,00,00,00,
377891,000003B8,false,Rx,0,8,EA,02,00,00,00,00,69,0E,
378280,000003B9,false,Rx,0,8,00,00,00,00,00,00,00,00,
379453,00000419,false,Rx,0,8,15,E0,4C,DB,6D,7B,84,00,
383828,00000036,false,Rx,0,8,B2,96,8D,51,00,00,25,05,
383918,00000037,false,Rx,0,8,02,00,00,10,00,40,00,00,
384218,00000038,false,Rx,0,8,04,00,00,00,20,39,96,D4,
384347,00000039,false,Rx,0,8,00,00,00,00,00,00,00,00,
391615,0000011B,false,Rx,0,8,8E,76,92,05,80,08,A8,02,
391710,0000012B,false,Rx,0,8,C9,8C,92,06,00,00,08,00,
392084,0000011C,false,Rx,0,8,00,05,20,00,22,00,01,01,
392149,0000012C,false,Rx,0,8,00,00,01,00,00,64,00,00,
395492,000003AA,false,Rx,0,8,FF,00,D0,00,54,00,00,00,
400400,00000146,false,Rx,0,8,71,78,3A,10,04,05,00,00,
400605,00000147,false,Rx,0,8,01,04,7D,00,40,3F,03,00,
400855,00000148,false,Rx,0,8,00,00,42,00,00,7B,40,05,
401105,00000149,false,Rx,0,8,00,38,00,0C,00,00,00,00,
401334,000001B1,false,Rx,0,8,42,AC,3A,00,72,00,00,00,
401631,000001B2,false,Rx,0,8,23,00,04,0D,10,01,50,0F,
401878,000001B3,false,Rx,0,8,10,2D,33,00,66,7F,72,7B,
402128,000001B4,false,Rx,0,8,68,77,10,00,00,41,00,00,
402505,0000030B,false,Rx,0,8,2D,84,0E,00,04,00,00,00,
402730,0000030C,false,Rx,0,8,00,00,0C,00,2C,00,A0,0F,
402984,0000030D,false,Rx,0,8,00,00,00,00,41,00,00,00,
403237,0000030E,false,Rx,0,8,00,00,28,05,21,00,00,00,
403821,00000495,false,Rx,0,8,49,00,00,00,00,00,00,00,
409290,00000236,false,Rx,0,8,E9,90,0E,00,30,63,34,6C,
409470,000002FB,false,Rx,0,8,C1,01,0E,04,0C,14,C3,C3,
409694,00000237,false,Rx,0,8,00,05,94,00,00,5B,1D,00,
409933,00000151,false,Rx,0,8,EA,24,0E,A0,C8,00,28,15,
410169,000001F6,false,Rx,0,8,42,5A,0E,00,00,00,00,0D,
410408,00000152,false,Rx,0,8,12,14,14,00,24,00,00,00,
410665,000001F7,false,Rx,0,8,1F,00,DC,00,00,00,00,00,
410905,00000153,false,Rx,0,8,00,00,00,00,00,00,00,00,
411155,000001F8,false,Rx,0,8,00,69,00,64,00,00,00,00,
411399,00000154,false,Rx,0,8,00,00,00,00,00,00,00,00,
411646,000001F9,false,Rx,0,8,19,00,A0,C8,14,00,19,00,
411884,000002FC,false,Rx,0,8,0D,00,12,15,00,00,87,96,
412161,00000238,false,Rx,0,8,00,00,0C,00,00,00,00,00,
412379,000002FD,false,Rx,0,8,00,00,00,00,00,1C,10,EA,
412624,00000239,false,Rx,0,8,00,00,00,00,01,00,00,00,
412878,000002FE,false,Rx,0,8,00,00,72,01,00,28,00,00,
413147,0000025B,false,Rx,0,8,AD,5C,0E,40,40,20,00,00,
413349,00000326,false,Rx,0,8,5A,E3,0E,00,00,00,00,00,
413568,000000A1,false,Rx,0,8,03,39,AC,8A,D4,EC,A2,00,
413817,0000025C,false,Rx,0,8,00,00,1F,00,BD,68,14,00,
414062,000000A2,false,Rx,0,8,00,00,00,00,00,00,00,00,
414313,0000025D,false,Rx,0,8,00,C8,00,00,00,80,C0,70,
414549,000000A3,false,Rx,0,8,00,40,01,00,00,00,00,00,
414828,0000025E,false,Rx,0,8,51,07,0E,07,00,00,00,00,
415038,00000327,false,Rx,0,8,00,00,00,00,01,00,00,00,
415295,00000448,false,Rx,0,8,7F,00,00,00,00,00,00,00,
415521,000001AB,false,Rx,0,8,D8,42,E8,40,70,90,00,00,
415792,00000328,false,Rx,0,8,DC,00,19,00,00,69,00,00,
416013,000001AC,false,Rx,0,8,00,28,00,00,00,00,00,00,
416259,00000329,false,Rx,0,8,A0,64,00,00,00,00,00,00,
416488,00000419,false,Rx,0,8,0A,00,40,DB,6D,7B,84,00,
416762,00000331,false,Rx,0,8,AA,C2,0E,F1,C8,A0,2C,97,
416972,00000332,false,Rx,0,8,44,07,B4,00,00,00,00,00,
417225,00000333,false,Rx,0,8,00,00,00,1C,0C,40,20,A0,
417456,0000010B,false,Rx,0,8,95,4D,90,00,00,00,00,05,
417721,00000334,false,Rx,0,8,C8,00,00,00,5C,70,B7,8F,
417931,0000010C,false,Rx,0,8,FF,F9,E7,1F,43,48,44,44,
418169,0000010D,false,Rx,0,8,EF,02,00,00,00,00,00,35,
418405,0000019B,false,Rx,0,8,8D,F4,8E,00,00,E4,00,00,
418649,0000010E,false,Rx,0,8,00,00,0A,00,00,C0,AB,57,
418902,0000019C,false,Rx,0,8,40,20,00,00,00,00,0B,09,
419144,0000019D,false,Rx,0,8,00,10,00,01,00,00,00,00,
419418,0000019E,false,Rx,0,8,15,00,00,00,00,32,00,00,
422291,00000380,false,Rx,0,8,CD,96,05,0C,0C,0C,0C,01,
423160,00000061,false,Rx,0,8,7E,5A,AD,00,00,00,00,00,
423411,00000382,false,Rx,0,8,FD,CD,04,00,00,05,09,00,
423645,00000062,false,Rx,0,8,02,02,00,02,40,FF,00,FF,
423898,00000063,false,Rx,0,8,C9,00,15,00,00,08,FD,00,
424167,00000064,false,Rx,0,8,00,00,00,04,FF,FA,00,00,
424419,00000121,false,Rx,0,8,24,67,91,00,00,00,00,05,
424652,00000122,false,Rx,0,8,FF,D9,67,1F,44,44,44,44,
424900,00000123,false,Rx,0,8,EF,02,00,00,00,00,00,35,
425170,00000124,false,Rx,0,8,00,00,0A,00,00,00,20,40,
425396,00000383,false,Rx,0,8,2F,9B,03,10,01,00,00,00,
426178,00000384,false,Rx,0,8,13,BD,04,01,00,FF,00,22,
427499,0000042A,false,Rx,0,8,69,FB,03,04,00,10,00,00,
427890,00000487,false,Rx,1,8,00,00,00,00,00,00,00,00,
428279,00000642,false,Rx,1,8,FF,FF,FF,FF,FF,FF,00,00,
431903,000001E1,false,Rx,0,8,63,BB,1E,02,00,00,00,00,
432000,000001E2,false,Rx,0,8,00,00,00,00,00,00,00,00,
433636,00000036,false,Rx,0,8,F6,26,92,51,00,00,25,05,
433868,00000037,false,Rx,0,8,02,00,00,10,00,40,00,00,
434095,00000038,false,Rx,0,8,04,00,00,00,20,39,96,D4,
434362,00000039,false,Rx,0,8,00,00,00,00,00,00,00,00,
435372,00000226,false,Rx,0,8,7C,68,FD,FF,FB,20,09,42,
435546,000002FF,false,Rx,0,8,83,B9,00,F0,3F,00,00,00,
435770,00000227,false,Rx,0,8,02,C4,07,09,00,F1,6F,03,
436038,00000316,false,Rx,0,8,F7,AF,00,B4,0F,80,0A,00,
436243,00000472,false,Rx,0,8,5C,EC,00,40,08,41,00,45,
436502,00000317,false,Rx,0,8,00,00,05,00,00,00,00,00,
436734,00000473,false,Rx,0,8,5F,24,00,25,00,00,00,78,
437004,00000474,false,Rx,0,8,53,98,00,00,00,00,00,10,
437946,000001F1,false,Rx,0,8,90,B3,56,01,00,00,28,00,
438216,000001F2,false,Rx,0,8,00,00,00,00,00,00,00,00,
438454,00000091,false,Rx,0,8,E2,60,0C,01,00,00,00,00,
438711,00000092,false,Rx,0,8,14,00,00,00,40,01,00,00,
438980,0000036F,false,Rx,0,8,20,41,01,00,00,00,00,00,
439213,00000093,false,Rx,0,8,00,00,00,00,00,00,00,00,
439455,0000037F,false,Rx,0,8,9B,30,52,24,41,02,00,00,
439698,00000094,false,Rx,0,8,00,00,00,00,00,00,00,00,
441515,0000011B,false,Rx,0,8,78,5E,97,05,80,08,A8,02,
441693,0000012B,false,Rx,0,8,3F,A4,97,06,00,00,08,00,
441938,0000011C,false,Rx,0,8,00,05,20,00,22,00,01,01,
442196,0000012C,false,Rx,0,8,00,00,01,00,00,64,00,00,
442425,000001A1,false,Rx,0,8,2C,78,4B,FE,F7,7F,64,00,
442681,000001A2,false,Rx,0,8,00,00,00,00,00,08,00,00,
442951,000001A3,false,Rx,0,8,FF,F3,3F,00,00,00,00,00,
443201,000001A4,false,Rx,0,8,FE,07,00,00,00,00,00,00,
445283,000002C1,false,Rx,0,8,96,74,88,21,00,41,00,A1,
445489,000002C2,false,Rx,0,8,40,00,00,00,00,00,00,00,
445717,000003A1,false,Rx,0,8,7B,49,35,00,FF,FF,FF,FF,
445983,000002C3,false,Rx,0,8,00,00,00,00,00,00,00,00,
446227,000003A2,false,Rx,0,8,00,00,00,00,00,00,00,00,
446517,000002C4,false,Rx,0,8,00,00,00,00,00,00,00,00,
448184,00000566,false,Rx,0,8,16,02,00,00,00,00,FF,FF,
451308,00000161,false,Rx,0,8,51,CA,4C,03,00,00,00,02,
451544,00000162,false,Rx,0,8,FF,FC,01,00,00,00,00,00,
451789,000001FB,false,Rx,0,8,69,57,0F,00,00,00,00,00,
452063,000001FC,false,Rx,0,8,00,00,00,00,00,00,00,00,
452314,000001FD,false,Rx,0,8,00,1A,03,00,00,00,00,00,
452564,000003B0,false,Rx,0,8,72,37,FF,C7,00,00,03,C0,
452796,000001FE,false,Rx,0,8,00,00,00,00,00,00,00,00,
453227,000003B1,false,Rx,0,8,9B,3C,FF,40,00,00,20,00,
454391,00000419,false,Rx,0,8,0A,00,40,DB,6D,7B,84,00,
455472,000001E6,false,Rx,0,8,1C,9F,19,02,00,00,00,00,
455662,000001E7,false,Rx,0,8,00,00,22,03,20,01,00,00,
455910,000001BB,false,Rx,0,8,85,48,19,02,00,00,00,0A,
456168,000001BC,false,Rx,0,8,32,00,00,00,02,00,00,00,
456388,000003B2,false,Rx,0,8,36,15,FF,02,29,2F,34,00,
456643,000001BD,false,Rx,0,8,00,00,00,00,00,00,00,00,
458243,00000427,false,Rx,0,8,1D,86,FF,00,80,0A,00,00,
458428,000000FF,false,Rx,0,8,CB,10,00,00,00,00,02,00,
459497,00000394,false,Rx,0,8,2A,22,1A,49,00,00,00,00,
459676,000003C3,false,Rx,0,8,45,10,31,30,36,00,00,00,
459978,000003E0,false,Rx,0,8,6E,50,01,00,54,03,00,00,
460734,000003E5,false,Rx,0,8,F9,20,01,00,00,00,00,00,
460938,000003E6,false,Rx,0,8,A1,40,00,00,00,00,00,00,
461192,0000041A,false,Rx,0,8,A3,30,12,00,50,01,00,00,
461470,0000041B,false,Rx,0,8,BE,70,00,00,00,00,00,00,
461729,0000041C,false,Rx,0,8,84,D0,E8,00,00,00,00,00,
461991,00000422,false,Rx,0,8,FA,20,01,00,00,00,04,00,
462858,00000444,false,Rx,0,8,DD,50,20,50,55,50,00,00,
463637,000000A1,false,Rx,0,8,66,3A,B1,8A,D4,EC,A2,00,
463818,00000432,false,Rx,0,8,03,20,02,00,00,00,00,00,
464067,000000A2,false,Rx,0,8,00,00,00,00,00,00,00,00,
464310,00000435,false,Rx,0,8,C8,C0,00,50,00,00,00,00,
464552,000000A3,false,Rx,0,8,00,40,01,00,00,00,00,00,
464791,00000442,false,Rx,0,8,CE,20,11,81,00,00,00,00,
465050,00000445,false,Rx,0,8,6F,30,00,00,00,00,00,18,
465737,00000464,false,Rx,0,8,6C,30,F0,FF,38,7F,05,00,
467956,0000010B,false,Rx,0,8,EA,61,95,00,00,00,00,05,
468124,000004A3,false,Rx,1,8,80,00,48,0B,3E,00,00,00,
468224,0000010C,false,Rx,0,8,FF,F9,E7,1F,43,48,44,44,
468297,000004A4,false,Rx,1,8,FF,FF,FF,00,00,00,00,00,
468341,0000010D,false,Rx,0,8,EF,02,00,00,00,00,00,35,
468392,0000010E,false,Rx,0,8,00,00,0A,00,00,C0,AB,57,
468453,0000019B,false,Rx,0,8,45,F6,93,00,00,E4,00,00,
468839,0000019C,false,Rx,0,8,40,20,00,00,00,00,0B,09,
469451,0000019D,false,Rx,0,8,00,10,00,01,00,00,00,00,
469940,0000019E,false,Rx,0,8,15,00,00,00,00,32,00,00,
473408,00000061,false,Rx,0,8,3A,EA,B2,00,00,00,00,00,
473510,00000062,false,Rx,0,8,02,02,00,02,40,FF,00,FF,
473800,00000063,false,Rx,0,8,C9,00,15,00,00,08,FD,00,
474023,00000064,false,Rx,0,8,00,00,00,04,FF,FA,00,00,
474419,00000121,false,Rx,0,8,92,0A,96,00,00,00,00,05,
474651,00000122,false,Rx,0,8,FF,D9,67,1F,44,44,44,44,
474930,00000123,false,Rx,0,8,F0,02,00,00,00,00,00,35,
475193,00000124,false,Rx,0,8,00,00,0A,00,00,00,20,40,
478916,00000419,false,Rx,0,8,D8,10,40,DB,79,7B,84,00,
483701,00000036,false,Rx,0,8,89,0A,97,51,00,00,25,05,
483910,00000037,false,Rx,0,8,02,00,00,10,00,40,00,00,
484132,00000038,false,Rx,0,8,04,00,00,00,20,39,96,D4,
484388,00000039,false,Rx,0,8,00,00,00,00,00,00,00,00,
491510,0000011B,false,Rx,0,8,B0,A7,9C,05,80,08,A8,02,
491638,0000012B,false,Rx,0,8,F7,5D,9C,06,00,00,08,00,
491891,0000011C,false,Rx,0,8,00,05,20,00,22,00,01,01,
492136,0000012C,false,Rx,0,8,00,00,01,00,00,64,00,00,
500405,00000146,false,Rx,0,8,C3,DA,3F,10,04,05,00,00,
500583,00000475,false,Rx,0,8,12,00,00,00,00,00,00,00,
500818,00000147,false,Rx,0,8,01,04,7D,00,40,2F,03,00,
501070,00000496,false,Rx,0,8,12,00,00,00,00,00,00,00,
501308,00000148,false,Rx,0,8,00,00,42,00,00,7B,40,05,
501543,000001B1,false,Rx,0,8,3D,80,3F,00,72,00,00,00,
501796,00000149,false,Rx,0,8,00,38,00,0C,00,00,00,00,
502032,000001B2,false,Rx,0,8,23,00,04,0D,10,01,50,0F,
502272,000001B3,false,Rx,0,8,10,2D,33,00,66,7F,72,7B,
502554,000001B4,false,Rx,0,8,68,77,10,00,00,41,00,00,
503333,000002BF,false,Rx,0,8,FF,FF,FF,00,00,00,00,00,
503565,0000047F,false,Rx,0,8,FF,FF,FF,FF,FF,FF,FF,FF,
503865,00000653,false,Rx,0,8,0A,19,03,01,02,2A,00,00,
513778,000000A1,false,Rx,0,8,6F,BF,B6,8A,D4,EC,A2,00,
513882,000000A2,false,Rx,0,8,00,00,00,00,00,00,00,00,
514257,000000A3,false,Rx,0,8,00,40,01,00,00,00,00,00,
514781,00000419,false,Rx,0,8,21,20,35,DB,79,7B,84,00,
515574,000001AB,false,Rx,0,8,2E,6A,ED,40,70,90,00,00,
515660,000001AC,false,Rx,0,8,00,28,00,00,00,00,00,00,
517667,0000010B,false,Rx,0,8,6B,15,9A,00,00,00,00,05,
517783,0000010C,false,Rx,0,8,FF,F9,E7,1F,43,48,44,44,
517828,0000010D,false,Rx,0,8,EF,02,00,00,00,00,00,35,
518515,0000010E,false,Rx,0,8,00,00,0A,00,00,C0,AB,57,
518859,0000019B,false,Rx,0,8,FD,F7,98,00,00,E4,00,00,
518940,0000019C,false,Rx,0,8,40,20,00,00,00,00,0B,09,
518998,0000019D,false,Rx,0,8,00,10,00,01,00,00,00,00,
519268,0000019E,false,Rx,0,8,15,00,00,00,00,32,00,00,
523400,00000061,false,Rx,0,8,45,C6,B7,00,00,00,00,00,
523494,00000062,false,Rx,0,8,02,02,00,02,40,FF,00,FF,
523873,00000063,false,Rx,0,8,C9,00,15,00,00,08,FD,00,
523975,00000064,false,Rx,0,8,00,00,00,04,FF,FA,00,00,
524545,00000121,false,Rx,0,8,9F,CC,9B,00,00,00,00,05,
524684,00000122,false,Rx,0,8,FF,D9,67,1F,44,44,44,44,
524976,00000123,false,Rx,0,8,F0,02,00,00,00,00,00,35,
525220,00000124,false,Rx,0,8,00,00,0A,00,00,00,20,40,
534064,00000036,false,Rx,0,8,31,0B,9C,51,00,00,25,05,
534196,00000037,false,Rx,0,8,02,00,00,10,00,40,00,00,
534254,00000038,false,Rx,0,8,04,00,00,00,20,39,96,D4,
534503,00000039,false,Rx,0,8,00,00,00,00,00,00,00,00,
537725,000000C5,false,Rx,1,8,00,00,00,00,00,00,00,00,
538025,00000244,false,Rx,1,8,00,00,00,00,00,00,00,00,
538192,0000041F,false,Rx,1,8,00,0C,00,00,00,00,00,00,
538272,000004B4,false,Rx,1,8,01,00,0D,40,10,60,44,02,
538551,000004B5,false,Rx,1,8,08,00,F0,07,00,00,00,00,
538848,00000091,false,Rx,0,8,83,28,0D,01,00,00,00,00,
538915,000004B7,false,Rx,1,8,08,00,F0,07,00,00,00,00,
539032,000004CA,false,Rx,1,8,00,00,00,00,00,00,00,00,
539111,00000092,false,Rx,0,8,15,00,00,00,50,01,00,00,
539301,0000036F,false,Rx,0,8,99,51,01,00,00,00,00,00,
539766,000004CC,false,Rx,1,8,08,00,00,2A,00,00,03,00,
539855,00000093,false,Rx,0,8,00,00,00,00,00,00,00,00,
539898,0000037F,false,Rx,0,8,93,40,52,24,41,02,00,00,
540717,000004CE,false,Rx,1,8,14,01,FF,FF,FF,FF,FF,FF,
541268,00000094,false,Rx,0,8,00,00,00,00,00,00,00,00,
541383,000004D7,false,Rx,1,8,23,01,00,00,00,00,00,00,
541440,000004D8,false,Rx,1,8,41,10,F6,F0,40,F2,1E,CC,
541492,000004DD,false,Rx,1,8,00,00,FE,00,04,00,00,00,
541717,0000011B,false,Rx,0,8,DD,FB,A1,05,80,08,A8,02,
542021,0000012B,false,Rx,0,8,9A,01,A1,06,00,00,08,00,
542118,000004DF,false,Rx,1,8,00,00,08,00,00,00,00,00,
542165,0000011C,false,Rx,0,8,00,05,20,00,22,00,01,01,
542338,0000012C,false,Rx,0,8,00,00,01,00,00,64,00,00,
542454,000004E7,false,Rx,1,8,00,30,00,00,00,00,69,00,
542648,000001A1,false,Rx,0,8,51,BD,50,FE,F7,7F,64,00,
542943,000004E8,false,Rx,1,8,FF,FF,FF,29,FF,FF,FF,00,
543151,000001A2,false,Rx,0,8,00,00,00,00,00,08,00,00,
543411,000004E9,false,Rx,1,8,00,00,00,00,00,00,00,00,
543579,000001A3,false,Rx,0,8,FF,F3,3F,00,00,00,00,00,
543925,000004EA,false,Rx,1,8,00,00,00,00,00,00,00,00,
544030,000001A4,false,Rx,0,8,FE,07,00,00,00,00,00,00,
544396,000004EB,false,Rx,1,8,04,68,2B,05,80,00,00,00,
544795,00000516,false,Rx,0,8,61,02,00,00,00,00,FF,FF,
544876,000004EC,false,Rx,1,8,FF,FF,FF,FF,FF,FF,FF,0F,
545078,000002AB,false,Rx,0,8,86,42,10,0C,0C,00,00,00,
545395,000004ED,false,Rx,1,8,FF,FF,FF,FF,FF,FF,FF,1F,
545570,000002AC,false,Rx,0,8,00,FF,FF,00,00,40,00,50,
545891,000004EE,false,Rx,1,8,FF,FF,00,00,00,00,00,00,
546080,000002AD,false,Rx,0,8,00,01,00,40,FF,FF,FF,0F,
546383,000004EF,false,Rx,1,8,60,00,60,00,29,14,00,00,
546572,000002AE,false,Rx,0,8,01,00,FF,3F,01,01,00,00,
546798,000002EB,false,Rx,0,8,A9,FD,87,09,08,01,00,02,
546869,0000063D,false,Rx,1,8,00,80,00,00,00,00,00,00,
546996,000002B6,false,Rx,0,8,C6,18,10,01,00,00,00,40,
547233,000002EC,false,Rx,0,8,02,00,00,00,00,00,00,00,
547335,0000063E,false,Rx,1,8,FF,FF,FF,FF,FF,FF,FF,FF,
547507,000002B7,false,Rx,0,8,94,01,C1,04,00,04,00,00,
547741,000002ED,false,Rx,0,8,00,00,00,00,00,00,00,00,
547832,0000063F,false,Rx,1,8,00,10,00,C4,FF,00,00,00,
548004,000002B8,false,Rx,0,8,B2,61,11,00,00,00,00,00,
548238,000002EE,false,Rx,0,8,00,00,00,00,00,00,00,00,
548308,00000640,false,Rx,1,8,FF,FF,FF,00,FF,FF,FF,00,
548510,000002B9,false,Rx,0,8,0A,00,00,00,00,00,00,00,
548754,0000033B,false,Rx,0,8,87,39,10,00,00,00,00,00,
548822,00000641,false,Rx,1,8,FF,FF,FF,FF,0F,FF,FF,FF,
548969,000002D6,false,Rx,0,8,74,6C,87,00,00,00,00,00,
549195,0000033C,false,Rx,0,8,00,00,00,00,F0,00,00,00,
549273,00000646,false,Rx,1,8,00,00,00,80,01,00,00,00,
549479,000002D7,false,Rx,0,8,00,00,00,00,03,00,00,00,
549725,00000251,false,Rx,0,8,66,0C,0F,00,00,00,00,00,
549928,000002D8,false,Rx,0,8,00,00,00,00,00,00,38,44,
550174,00000252,false,Rx,0,8,00,00,00,00,03,00,00,00,
550422,000002D9,false,Rx,0,8,00,00,00,00,00,00,00,00,
550653,00000253,false,Rx,0,8,00,00,00,52,52,00,80,46,
550900,000002E1,false,Rx,0,8,A5,67,10,00,00,00,00,40,
551146,0000033D,false,Rx,0,8,00,00,00,00,00,00,00,00,
551392,00000161,false,Rx,0,8,28,D0,51,03,00,00,00,02,
551628,000002E2,false,Rx,0,8,FD,00,00,00,00,14,00,04,
551897,00000162,false,Rx,0,8,FF,FC,01,00,00,00,00,00,
552264,000002E3,false,Rx,0,8,00,00,00,00,00,00,72,01,
552620,0000033E,false,Rx,0,8,00,00,00,00,00,00,00,00,
552940,000002E4,false,Rx,0,8,02,00,00,00,00,00,00,00,
553240,00000356,false,Rx,0,8,70,89,88,00,00,00,00,00,
553890,00000357,false,Rx,0,8,00,00,00,00,00,4B,4D,48,
553976,00000358,false,Rx,0,8,35,41,45,4D,52,37,33,4F,
554360,00000359,false,Rx,0,8,51,4F,34,52,4A,35,33,00,
554544,00000419,false,Rx,0,8,21,20,35,DB,79,7B,84,00,
554777,00000396,false,Rx,0,8,78,7C,87,0F,08,02,00,02,
555269,00000397,false,Rx,0,8,31,00,00,00,00,00,00,00,
555531,00000401,false,Rx,0,8,30,D0,10,00,00,01,00,00,
555763,00000398,false,Rx,0,8,00,00,00,00,00,00,00,00,
558064,00000111,false,Rx,0,8,8F,3D,D7,01,00,00,00,00,
558519,00000112,false,Rx,0,8,00,00,00,00,00,00,00,00,
558634,00000113,false,Rx,0,8,00,00,00,00,00,00,00,00,
558888,00000114,false,Rx,0,8,00,00,00,00,00,00,00,00,
559116,00000405,false,Rx,0,8,7B,E0,00,00,00,01,00,00,
559648,00000410,false,Rx,0,8,A3,90,53,3C,B4,6A,FF,FF,
559974,00000411,false,Rx,0,8,BD,71,50,50,00,00,44,05,
560472,00000412,false,Rx,0,8,F1,00,00,00,00,00,04,00,
560551,00000413,false,Rx,0,8,F5,10,00,41,00,00,00,00,
560597,00000414,false,Rx,0,8,87,A0,00,00,28,00,00,00,
560679,00000416,false,Rx,0,8,55,00,00,00,00,00,00,00,
560999,00000417,false,Rx,0,8,D0,20,00,00,00,01,00,00,
561230,00000418,false,Rx,0,8,18,00,00,00,14,4C,00,00,
563580,000000A1,false,Rx,0,8,59,FC,BB,8A,D4,EC,A2,00,
563912,000000A2,false,Rx,0,8,00,00,00,00,00,00,00,00,
564103,000000A3,false,Rx,0,8,00,40,01,00,00,00,00,00,
567487,0000010B,false,Rx,0,8,14,39,9F,00,00,00,00,05,
568105,0000010C,false,Rx,0,8,FF,F9,E7,1F,43,48,44,44,
568271,0000010D,false,Rx,0,8,EF,02,00,00,00,00,00,35,
568350,0000010E,false,Rx,0,8,00,00,0A,00,00,C0,AB,57,
568393,0000019B,false,Rx,0,8,82,DB,9D,00,00,E4,00,00,
568618,0000019C,false,Rx,0,8,40,20,00,00,00,00,0B,09,
569069,0000019D,false,Rx,0,8,00,10,00,01,00,00,00,00,
569138,0000019E,false,Rx,0,8,15,00,00,00,00,32,00,00,
573674,00000061,false,Rx,0,8,FD,C7,BC,00,00,00,00,00,
573788,00000062,false,Rx,0,8,02,02,00,02,40,FF,00,FF,
573918,00000063,false,Rx,0,8,C9,00,15,00,00,08,FD,00,
573970,00000064,false,Rx,0,8,00,00,00,04,FF,FA,00,00,
574481,00000121,false,Rx,0,8,0C,63,A0,00,00,00,00,05,
574684,00000122,false,Rx,0,8,FF,D9,67,1F,44,44,44,44,
574901,000002E6,false,Rx,0,8,8B,65,0D,01,00,00,00,15,
575117,00000123,false,Rx,0,8,EF,02,00,00,00,00,00,35,
575362,00000256,false,Rx,0,8,41,05,0D,15,00,00,10,02,
575591,00000124,false,Rx,0,8,00,00,0A,00,00,00,20,40,
575855,00000257,false,Rx,0,8,00,8E,3E,34,82,07,00,8E,
576077,000002E7,false,Rx,0,8,0A,00,00,00,00,00,00,00,
576326,00000258,false,Rx,0,8,01,22,1D,00,10,15,00,1C,
576567,000002E8,false,Rx,0,8,00,00,00,00,00,00,00,00,
576834,00000259,false,Rx,0,8,DE,05,93,3C,30,02,00,00,
577053,000002E9,false,Rx,0,8,00,00,00,00,00,00,00,00,
577304,000003B6,false,Rx,0,8,1D,CB,86,00,00,00,00,44,
577553,000003B7,false,Rx,0,8,43,00,00,00,00,00,00,00,
577825,000003B8,false,Rx,0,8,EA,02,00,00,00,00,69,0E,
578073,000003B9,false,Rx,0,8,00,00,00,00,00,00,00,00,
578944,00000419,false,Rx,0,8,CA,30,35,DB,81,7B,84,00,
582028,000001E1,false,Rx,0,8,67,A7,21,02,00,00,00,00,
582255,000001E2,false,Rx,0,8,00,00,00,00,00,00,00,00,
583650,00000036,false,Rx,0,8,52,90,A1,51,00,00,25,05,
584084,00000037,false,Rx,0,8,02,00,00,10,00,40,00,00,
584151,00000038,false,Rx,0,8,04,00,00,00,20,39,96,D4,
584688,00000039,false,Rx,0,8,00,00,00,00,00,00,00,00,
588148,000001F1,false,Rx,0,8,8A,CA,59,01,00,00,28,00,
588251,000001F2,false,Rx,0,8,00,00,00,00,00,00,00,00,
591631,0000011B,false,Rx,0,8,42,93,A6,05,80,08,A8,02,
591723,0000012B,false,Rx,0,8,05,69,A6,06,00,00,08,00,
592033,0000011C,false,Rx,0,8,00,05,20,00,22,00,01,01,
592155,0000012C,false,Rx,0,8,00,00,01,00,00,64,00,00,
595511,000003AA,false,Rx,0,8,FF,00,D0,00,54,00,00,00,
600690,00000146,false,Rx,0,8,14,26,44,10,04,05,00,00,
600823,00000147,false,Rx,0,8,01,04,7D,00,40,1F,03,00,
600895,00000148,false,Rx,0,8,00,00,42,00,00,7B,40,05,
601241,00000149,false,Rx,0,8,00,38,00,0C,00,00,00,00,
601586,000001B1,false,Rx,0,8,9C,FF,44,00,72,00,00,00,
601870,000001B2,false,Rx,0,8,23,00,04,0D,10,01,50,0F,
601949,000001B3,false,Rx,0,8,10,2D,33,00,66,7F,72,7B,
602081,000001B4,false,Rx,0,8,68,77,10,00,00,41,00,00,
602570,0000030B,false,Rx,0,8,DF,18,10,00,04,00,00,00,
603246,0000030C,false,Rx,0,8,00,00,0C,00,2C,00,A0,0F,
603574,0000030D,false,Rx,0,8,00,00,00,00,42,00,00,00,
603949,0000030E,false,Rx,0,8,00,00,28,05,21,00,00,FE,
604215,000001E6,false,Rx,0,8,EA,B7,1C,02,00,00,00,00,
604275,000001E7,false,Rx,0,8,00,00,22,03,20,01,00,00,
604325,00000495,false,Rx,0,8,49,00,00,00,00,00,00,00,
605758,000001BB,false,Rx,0,8,8A,A3,1C,02,00,00,00,0A,
605858,000001BC,false,Rx,0,8,32,00,00,00,02,00,00,00,
605920,000001BD,false,Rx,0,8,00,00,00,00,00,00,00,00,
609453,00000236,false,Rx,0,8,EB,79,10,00,30,63,34,6C,
609548,000002FB,false,Rx,0,8,C3,E8,10,04,0C,14,C3,C3,
609916,00000151,false,Rx,0,8,E8,CD,10,A0,C8,00,28,15,
609984,00000237,false,Rx,0,8,00,05,94,00,00,5B,1D,00,
610346,00000152,false,Rx,0,8,12,14,14,00,24,00,00,00,
610457,000001F6,false,Rx,0,8,40,B3,10,00,00,00,00,0D,
610708,00000153,false,Rx,0,8,00,00,00,00,00,00,00,00,
610908,000001F7,false,Rx,0,8,1F,00,DC,00,00,00,00,00,
611170,00000154,false,Rx,0,8,00,00,00,00,00,00,00,00,
611406,000001F8,false,Rx,0,8,00,69,00,64,00,00,00,00,
611643,000002FC,false,Rx,0,8,0D,00,12,15,00,00,87,96,
611948,000001F9,false,Rx,0,8,19,00,A0,C8,14,00,19,00,
612155,000002FD,false,Rx,0,8,00,00,00,00,00,1C,10,EA,
612401,00000238,false,Rx,0,8,00,00,0C,00,00,00,00,00,
613087,000002FE,false,Rx,0,8,00,00,72,01,00,28,00,00,
613418,00000239,false,Rx,0,8,00,00,00,00,01,00,00,00,
613890,00000326,false,Rx,0,8,58,0A,10,00,00,00,00,00,
613948,0000025B,false,Rx,0,8,A7,A1,10,40,40,20,00,00,
614359,000000A1,false,Rx,0,8,FD,DC,C0,8A,D4,EC,A2,00,
614739,0000025C,false,Rx,0,8,00,00,1F,00,BD,68,14,00,
614898,000000A2,false,Rx,0,8,00,00,00,00,00,00,00,00,
614945,0000025D,false,Rx,0,8,00,C8,00,00,00,80,C0,70,
615012,000000A3,false,Rx,0,8,00,40,01,00,00,00,00,00,
615063,0000025E,false,Rx,0,8,3D,07,0E,06,00,00,00,00,
615115,00000327,false,Rx,0,8,00,00,00,00,01,00,00,00,
615431,00000448,false,Rx,0,8,7F,00,00,00,00,00,00,00,
615929,000001AB,false,Rx,0,8,3E,30,F2,40,70,90,00,00,
616006,00000328,false,Rx,0,8,DC,00,19,00,00,69,00,00,
616053,000001AC,false,Rx,0,8,00,28,00,00,00,00,00,00,
616391,00000329,false,Rx,0,8,A0,64,00,00,00,00,00,00,
616525,00000419,false,Rx,0,8,55,40,2B,DB,81,7B,84,00,
616738,00000331,false,Rx,0,8,A8,2B,10,F1,C8,A0,2C,97,
617003,00000332,false,Rx,0,8,44,07,B4,00,00,00,00,00,
617291,00000333,false,Rx,0,8,00,00,00,1C,0C,40,20,A0,
617768,0000010B,false,Rx,0,8,C2,65,A4,00,00,00,00,05,
618110,00000334,false,Rx,0,8,C8,00,00,00,5C,70,B7,8F,
618693,0000010C,false,Rx,0,8,FF,F9,E7,1F,43,48,44,44,
618810,0000010D,false,Rx,0,8,EF,02,00,00,00,00,00,35,
618909,0000019B,false,Rx,0,8,6D,F2,A2,00,00,E4,00,00,
618952,0000010E,false,Rx,0,8,00,00,0A,00,00,C0,AB,57,
618997,0000019C,false,Rx,0,8,40,20,00,00,00,00,0B,09,
619272,0000019D,false,Rx,0,8,00,10,00,01,00,00,00,00,
619481,0000019E,false,Rx,0,8,15,00,00,00,00,32,00,00,
622474,00000380,false,Rx,0,8,CD,96,05,0C,0C,0C,0C,01,
623641,00000061,false,Rx,0,8,E9,7F,C1,00,00,00,00,00,
623732,00000382,false,Rx,0,8,FD,CD,04,00,00,05,09,00,
623786,00000062,false,Rx,0,8,02,02,00,02,40,FF,00,FF,
624646,00000063,false,Rx,0,8,C9,00,15,00,00,08,FD,00,
625209,00000064,false,Rx,0,8,00,00,00,04,FF,FA,00,00,
625690,00000121,false,Rx,0,8,36,BC,A5,00,00,00,00,05,
625964,00000122,false,Rx,0,8,FF,D9,67,1F,44,44,44,44,
626046,00000123,false,Rx,0,8,F0,02,00,00,00,00,00,35,
626233,00000124,false,Rx,0,8,00,00,0A,00,00,00,20,40,
626290,00000383,false,Rx,0,8,2F,9B,03,10,01,00,00,00,
626335,00000384,false,Rx,0,8,13,BD,04,01,00,FF,00,22,
627601,0000042A,false,Rx,0,8,69,FB,03,04,00,10,00,00,
628064,00000487,false,Rx,1,8,00,00,00,00,00,00,00,00,
628495,000004E8,false,Rx,1,8,FF,FF,FF,29,FF,FF,FF,00,
629043,00000642,false,Rx,1,8,FF,FF,FF,FF,FF,FF,00,00,
633902,00000036,false,Rx,0,8,A1,0E,A6,51,00,00,25,05,
634418,00000037,false,Rx,0,8,02,00,00,10,00,40,00,00,
634499,00000038,false,Rx,0,8,04,00,00,00,20,39,96,D4,
634564,00000039,false,Rx,0,8,00,00,00,00,00,00,00,00,
635347,00000226,false,Rx,0,8,15,28,FF,FF,FB,20,09,42,
635557,00000316,false,Rx,0,8,D3,07,01,B4,0F,80,0A,00,
635934,00000227,false,Rx,0,8,02,C4,07,09,00,F1,6F,03,
636057,00000317,false,Rx,0,8,00,00,05,00,00,00,00,00,
636381,000003CB,false,Rx,0,8,36,14,00,F4,00,00,00,00,
636718,00000472,false,Rx,0,8,5C,EC,00,40,08,41,00,45,
636977,000003CC,false,Rx,0,8,36,31,34,30,33,34,31,00,
637092,00000473,false,Rx,0,8,5F,24,00,25,00,00,00,78,
637471,00000474,false,Rx,0,8,53,98,00,00,00,00,00,10,
638513,00000091,false,Rx,0,8,49,C3,0E,01,00,00,00,00,
639004,00000092,false,Rx,0,8,15,00,00,00,50,01,00,00,
639184,0000036F,false,Rx,0,8,4F,61,01,00,00,00,00,00,
639281,00000093,false,Rx,0,8,00,00,00,00,00,00,00,00,
639802,000002FF,false,Rx,0,8,83,B9,00,F0,3F,00,00,00,
639988,00000094,false,Rx,0,8,00,00,00,00,00,00,00,00,
640037,0000037F,false,Rx,0,8,2A,50,52,24,41,02,00,00,
641567,0000011B,false,Rx,0,8,31,AA,AB,05,80,08,A8,02,
641685,0000012B,false,Rx,0,8,76,50,AB,06,00,00,08,00,
641930,0000011C,false,Rx,0,8,00,05,20,00,22,00,01,01,
642417,0000012C,false,Rx,0,8,00,00,01,00,00,64,00,00,
642702,000001A1,false,Rx,0,8,2E,91,55,FE,F7,7F,64,00,
642797,000001A2,false,Rx,0,8,00,00,00,00,00,08,00,00,
642964,000001A3,false,Rx,0,8,FF,F3,3F,00,00,00,00,00,
643222,000003A1,false,Rx,0,8,36,A1,36,00,FF,FF,FF,FF,
643453,000001A4,false,Rx,0,8,FE,07,00,00,00,00,00,00,
643694,000003A2,false,Rx,0,8,00,00,00,00,00,00,00,00,
645334,000002C1,false,Rx,0,8,D0,2D,89,21,00,41,00,A1,
646028,000002C2,false,Rx,0,8,40,00,00,00,00,00,00,00,
646110,00000561,false,Rx,0,8,63,02,00,00,00,00,FF,FF,
646226,000002C3,false,Rx,0,8,00,00,00,00,00,00,00,00,
646510,0000034B,false,Rx,0,8,25,84,1B,31,D8,0D,05,01,
646719,000002C4,false,Rx,0,8,00,00,00,00,00,00,00,00,
646959,0000034C,false,Rx,0,8,00,00,00,00,00,00,00,00,
647228,0000034D,false,Rx,0,8,00,00,00,00,00,00,00,00,
647524,0000034E,false,Rx,0,8,00,00,00,00,00,00,00,00,
651340,00000161,false,Rx,0,8,B7,B8,56,03,00,00,00,02,
651524,00000162,false,Rx,0,8,FF,FC,01,00,00,00,00,00,
651810,000001FB,false,Rx,0,8,6B,BE,11,00,00,00,00,00,
652083,000001FC,false,Rx,0,8,00,00,00,00,00,00,00,00,
652339,000001FD,false,Rx,0,8,00,1A,03,00,00,00,00,00,
652580,000003B0,false,Rx,0,8,72,37,FF,C7,00,00,03,C0,
652826,000001FE,false,Rx,0,8,00,00,00,00,00,00,00,00,
653214,000003B1,false,Rx,0,8,9B,3C,FF,40,00,00,20,00,
653996,00000419,false,Rx,0,8,55,40,2B,DB,81,7B,84,00,
656219,000003B2,false,Rx,0,8,36,15,FF,02,29,2F,34,00,
658058,000000FF,false,Rx,0,8,CB,10,00,00,00,00,02,00,
658309,00000427,false,Rx,0,8,1D,86,FF,00,80,0A,00,00,
659485,00000394,false,Rx,0,8,2A,22,1A,49,00,00,00,00,
659661,000003C3,false,Rx,0,8,45,10,31,30,36,00,00,00,
659954,000003E0,false,Rx,0,8,6E,50,01,00,54,03,00,00,
660710,000003E5,false,Rx,0,8,F9,20,01,00,00,00,00,00,
660917,000003E6,false,Rx,0,8,A1,40,00,00,00,00,00,00,
661160,0000041A,false,Rx,0,8,A3,30,12,00,50,01,00,00,
661443,0000041B,false,Rx,0,8,BE,70,00,00,00,00,00,00,
661699,0000041C,false,Rx,0,8,84,D0,E8,00,00,00,00,00,
661972,00000422,false,Rx,0,8,FA,20,01,00,00,00,04,00,
662643,00000432,false,Rx,0,8,03,20,02,00,00,00,00,00,
663641,000000A1,false,Rx,0,8,F2,37,C5,8A,D4,EC,A2,00,
663818,00000435,false,Rx,0,8,C8,C0,00,50,00,00,00,00,
664071,000000A2,false,Rx,0,8,00,00,00,00,00,00,00,00,
664310,00000442,false,Rx,0,8,CE,20,11,81,00,00,00,00,
664550,000000A3,false,Rx,0,8,00,40,01,00,00,00,00,00,
664793,00000444,false,Rx,0,8,DD,50,20,50,55,50,00,00,
665064,00000445,false,Rx,0,8,6F,30,00,00,00,00,00,18,
665736,00000464,false,Rx,0,8,6C,30,F0,FF,38,7F,05,00,
667337,0000010B,false,Rx,0,8,CF,A3,A9,00,00,00,00,05,
667524,0000010C,false,Rx,0,8,FF,F9,E7,1F,43,48,44,44,
667776,0000010D,false,Rx,0,8,EF,02,00,00,00,00,00,35,
668034,0000010E,false,Rx,0,8,00,00,0A,00,00,C0,AB,57,
668271,0000019B,false,Rx,0,8,12,DE,A7,00,00,E4,00,00,
668581,000004A3,false,Rx,1,8,80,00,48,0B,3E,00,00,00,
668642,0000019C,false,Rx,0,8,40,20,00,00,00,00,0B,09,
668791,0000019D,false,Rx,0,8,00,10,00,01,00,00,00,00,
669021,000004A4,false,Rx,1,8,FF,FF,FF,00,00,00,00,00,
669283,0000019E,false,Rx,0,8,15,00,00,00,00,32,00,00,
669523,000004E8,false,Rx,1,8,FF,FF,FF,29,FF,FF,FF,00,
673272,00000061,false,Rx,0,8,1A,E1,C6,00,00,00,00,00,
673409,00000062,false,Rx,0,8,02,02,00,02,40,FF,00,FF,
673678,00000063,false,Rx,0,8,C9,00,15,00,00,08,FD,00,
673932,00000064,false,Rx,0,8,00,00,00,04,FF,FA,00,00,
674529,00000121,false,Rx,0,8,41,1D,AA,00,00,00,00,05,
674641,00000122,false,Rx,0,8,FF,D9,67,1F,44,45,44,44,
674954,00000123,false,Rx,0,8,F0,02,00,00,00,00,00,35,
675247,00000124,false,Rx,0,8,00,00,0A,00,00,00,20,40,
679077,00000419,false,Rx,0,8,70,50,2B,DB,89,7B,84,00,
683667,00000036,false,Rx,0,8,AC,C8,AB,51,00,00,25,05,
683854,00000037,false,Rx,0,8,02,00,00,10,00,40,00,00,
684094,00000038,false,Rx,0,8,04,00,00,00,20,39,96,D4,
684345,00000039,false,Rx,0,8,00,00,00,00,00,00,00,00,
691490,0000011B,false,Rx,0,8,F3,70,B0,05,80,08,A8,02,
691673,0000012B,false,Rx,0,8,B4,8A,B0,06,00,00,08,00,
691910,0000011C,false,Rx,0,8,00,05,20,00,22,00,01,01,
692159,0000012C,false,Rx,0,8,00,00,01,00,00,64,00,00,
700402,00000146,false,Rx,0,8,19,D5,49,10,04,05,00,00,
700585,00000475,false,Rx,0,8,12,00,00,00,00,00,00,00,
700832,00000147,false,Rx,0,8,01,04,7D,00,40,0D,03,00,
701075,00000496,false,Rx,0,8,12,00,00,00,00,00,00,00,
701313,00000148,false,Rx,0,8,00,00,42,00,00,7B,40,05,
701541,000001B1,false,Rx,0,8,91,39,49,00,72,00,00,00,
701790,00000149,false,Rx,0,8,00,38,00,0C,00,00,00,00,
702028,000001B2,false,Rx,0,8,23,00,04,0D,10,01,50,0F,
702278,000001B3,false,Rx,0,8,10,2D,33,00,66,7F,72,7B,
702563,000001B4,false,Rx,0,8,68,77,10,00,00,41,00,00,
703297,000002BF,false,Rx,0,8,FF,FF,FF,00,00,00,00,00,
703573,0000047F,false,Rx,0,8,FF,FF,FF,FF,FF,FF,FF,FF,
703866,00000653,false,Rx,0,8,0A,19,03,01,02,2A,00,00,
708716,000004E8,false,Rx,1,8,FF,FF,FF,29,FF,FF,FF,00,
713663,000000A1,false,Rx,0,8,C2,1A,CA,8A,D4,EC,A2,00,
713810,000000A2,false,Rx,0,8,00,00,00,00,00,00,00,00,
714082,000000A3,false,Rx,0,8,00,40,01,00,00,00,00,00,
714545,00000419,false,Rx,0,8,EA,60,22,DB,89,7B,84,00,
714863,000001AB,false,Rx,0,8,C8,18,F7,40,70,90,00,00,
715130,000001AC,false,Rx,0,8,00,28,00,00,00,00,00,00,
717340,0000010B,false,Rx,0,8,3C,3D,AE,00,00,00,00,05,
717518,0000010C,false,Rx,0,8,FF,F9,E7,1F,43,48,44,44,
717768,0000010D,false,Rx,0,8,EF,02,00,00,00,00,00,35,
718024,0000010E,false,Rx,0,8,00,00,0A,00,00,C0,AB,57,
718255,0000019B,false,Rx,0,8,AA,DF,AC,00,00,E4,00,00,
718545,0000019C,false,Rx,0,8,40,20,00,00,00,00,0B,09,
718769,0000019D,false,Rx,0,8,00,10,00,01,00,00,00,00,
719023,0000019E,false,Rx,0,8,15,00,00,00,00,32,00,00,
723501,00000061,false,Rx,0,8,17,27,CB,00,00,00,00,00,
723595,00000062,false,Rx,0,8,02,02,00,02,40,FF,00,FF,
723670,00000063,false,Rx,0,8,C9,00,15,00,00,08,FD,00,
724041,00000064,false,Rx,0,8,00,00,00,04,FF,FA,00,00,
724450,00000121,false,Rx,0,8,C8,E4,AF,00,00,00,00,05,
724712,00000122,false,Rx,0,8,FF,D9,67,1F,44,44,44,44,
725062,00000123,false,Rx,0,8,F0,02,00,00,00,00,00,35,
725669,00000124,false,Rx,0,8,00,00,0A,00,00,00,20,40,
731960,000001E1,false,Rx,0,8,91,8F,24,02,00,00,00,00,
732068,000001E2,false,Rx,0,8,00,00,00,00,00,00,00,00,
733460,00000563,false,Rx,1,8,65,02,00,00,00,00,FF,FF,
733686,00000036,false,Rx,0,8,D1,0D,B0,51,00,00,25,05,
734131,00000037,false,Rx,0,8,02,00,00,10,00,40,00,00,
734310,00000038,false,Rx,0,8,04,00,00,00,20,39,96,D4,
734553,00000039,false,Rx,0,8,00,00,00,00,00,00,00,00,
738422,000001F1,false,Rx,0,8,7C,E2,5C,01,00,00,28,00,
738543,000001F2,false,Rx,0,8,00,00,00,00,00,00,00,00,
738585,00000091,false,Rx,0,8,28,8B,0F,01,00,00,00,00,
739415,000000C5,false,Rx,1,8,00,00,00,00,00,00,00,00,
740084,00000244,false,Rx,1,8,00,00,00,00,00,00,00,00,
740662,00000092,false,Rx,0,8,14,00,00,00,40,01,00,00,
741869,000004B4,false,Rx,1,8,01,00,0D,40,10,60,44,02,
742271,00000093,false,Rx,0,8,00,00,00,00,00,00,00,00,
742471,0000036F,false,Rx,0,8,F6,71,01,00,00,00,00,00,
742556,000004B5,false,Rx,1,8,08,00,F0,07,00,00,00,00,
742664,00000094,false,Rx,0,8,00,00,00,00,00,00,00,00,
742713,0000037F,false,Rx,0,8,FC,60,52,24,41,02,00,00,
742763,000004B7,false,Rx,1,8,08,00,F0,07,00,00,00,00,
742811,000004CA,false,Rx,1,8,00,00,00,00,00,00,00,00,
742900,000004CC,false,Rx,1,8,08,00,00,2A,00,00,03,00,
742951,000004CE,false,Rx,1,8,14,01,FF,FF,FF,FF,FF,FF,
743001,000004D7,false,Rx,1,8,23,01,00,00,00,00,00,00,
743052,0000011B,false,Rx,0,8,05,58,B5,05,80,08,A8,02,
743122,0000012B,false,Rx,0,8,42,A2,B5,06,00,00,08,00,
743171,000004D8,false,Rx,1,8,41,10,F6,F0,40,F2,1E,CC,
743213,0000011C,false,Rx,0,8,00,05,20,00,22,00,01,01,
743259,000004DD,false,Rx,1,8,00,00,FE,00,04,00,00,00,
743313,0000012C,false,Rx,0,8,00,00,01,00,00,64,00,00,
743395,000004DF,false,Rx,1,8,00,00,08,00,00,00,00,00,
743440,000001A1,false,Rx,0,8,AF,E5,5A,FE,F7,7F,64,00,
743492,000004E7,false,Rx,1,8,00,30,00,00,00,00,69,00,
743542,000001A2,false,Rx,0,8,00,00,00,00,00,08,00,00,
743621,000004E8,false,Rx,1,8,FF,FF,FF,29,FF,FF,FF,00,
743667,000001A3,false,Rx,0,8,FF,F3,3F,00,00,00,00,00,
743713,000004E9,false,Rx,1,8,00,00,00,00,00,00,00,00,
743899,000001A4,false,Rx,0,8,FE,07,00,00,00,00,00,00,
744021,000004EA,false,Rx,1,8,00,00,00,00,00,00,00,00,
744509,000004EB,false,Rx,1,8,04,68,2B,05,80,00,00,00,
744652,000002AB,false,Rx,0,8,0A,F0,12,0C,0C,00,00,00,
745184,000004EC,false,Rx,1,8,FF,FF,FF,FF,FF,FF,FF,0F,
745453,000002AC,false,Rx,0,8,00,FF,FF,00,00,40,00,50,
746014,000004ED,false,Rx,1,8,FF,FF,FF,FF,FF,FF,FF,1F,
746919,000002AD,false,Rx,0,8,00,01,00,40,FF,FF,FF,0F,
747431,000004EE,false,Rx,1,8,FF,FF,00,00,00,00,00,00,
747533,000002AE,false,Rx,0,8,01,00,FF,3F,01,01,00,00,
747585,000004EF,false,Rx,1,8,60,00,60,00,29,14,00,00,
747630,000002B6,false,Rx,0,8,4A,AA,12,01,00,00,00,40,
747677,000002EB,false,Rx,0,8,72,0B,88,0A,08,01,00,02,
747735,000004F0,false,Rx,1,8,4A,0D,2B,05,5C,1A,11,02,
747793,000002B7,false,Rx,0,8,94,01,C1,04,00,04,00,00,
747847,000002EC,false,Rx,0,8,02,00,00,00,00,00,00,00,
747905,000004F1,false,Rx,1,8,00,C0,00,00,00,00,00,00,
747968,000002B8,false,Rx,0,8,B2,61,11,00,00,00,00,00,
748023,000002ED,false,Rx,0,8,00,00,00,00,00,00,00,00,
748070,000004F2,false,Rx,1,8,02,FF,DD,FF,03,01,00,00,
748112,000002B9,false,Rx,0,8,0A,00,00,00,00,00,00,00,
748325,000002EE,false,Rx,0,8,00,00,00,00,00,00,00,00,
748389,000004F3,false,Rx,1,8,00,00,00,00,30,00,00,00,
748613,000002D6,false,Rx,0,8,F5,18,88,00,00,00,00,00,
748849,0000033B,false,Rx,0,8,0B,8B,12,00,00,00,00,00,
748917,000004F9,false,Rx,1,8,E0,FF,FF,FF,FF,FF,FF,FF,
749057,000002D7,false,Rx,0,8,00,00,00,00,03,00,00,00,
749426,0000033C,false,Rx,0,8,00,00,00,00,F0,00,00,00,
749687,0000063D,false,Rx,1,8,00,80,00,00,00,00,00,00,
749996,000002D8,false,Rx,0,8,00,00,00,00,00,00,38,44,
750053,00000251,false,Rx,0,8,06,56,11,00,00,00,00,00,
750107,0000063E,false,Rx,1,8,FF,FF,FF,FF,FF,FF,FF,FF,
750153,000002D9,false,Rx,0,8,00,00,00,00,00,00,00,00,
750617,00000252,false,Rx,0,8,00,00,00,00,03,00,00,00,
751235,0000063F,false,Rx,1,8,00,10,00,C4,FF,00,00,00,
751320,000002E1,false,Rx,0,8,29,D5,12,00,00,00,00,40,
751372,00000253,false,Rx,0,8,00,00,00,52,52,00,80,46,
751588,00000640,false,Rx,1,8,FF,FF,FF,00,FF,FF,FF,00,
751818,000002E2,false,Rx,0,8,FD,00,00,00,00,14,00,04,
752167,0000033D,false,Rx,0,8,00,00,00,00,00,00,00,00,
752767,00000641,false,Rx,1,8,FF,FF,FF,FF,0F,FF,FF,FF,
753299,00000161,false,Rx,0,8,C4,81,5B,03,00,00,00,02,
753425,000002E3,false,Rx,0,8,00,00,00,00,00,00,72,01,
753507,00000646,false,Rx,1,8,00,00,00,80,01,00,00,00,
753571,00000162,false,Rx,0,8,FF,FC,01,00,00,00,00,00,
753647,000002E4,false,Rx,0,8,02,00,00,00,00,00,00,00,
753692,0000033E,false,Rx,0,8,00,00,00,00,00,00,00,00,
753742,00000356,false,Rx,0,8,36,D0,89,00,00,00,00,00,
753796,00000357,false,Rx,0,8,00,00,00,00,00,4B,4D,48,
753910,000001E6,false,Rx,0,8,A7,5F,1F,02,00,00,00,00,
753962,00000358,false,Rx,0,8,35,41,45,4D,52,37,33,4F,
754160,000001E7,false,Rx,0,8,00,00,22,03,20,01,00,00,
754383,00000359,false,Rx,0,8,51,4F,34,52,4A,35,33,00,
754625,00000419,false,Rx,0,8,EA,60,22,DB,89,7B,84,00,
754845,00000396,false,Rx,0,8,BE,84,88,0F,08,03,00,02,
755477,00000397,false,Rx,0,8,31,00,00,00,00,00,00,00,
755591,000001BB,false,Rx,0,8,8F,FA,1F,02,00,00,00,0A,
756213,00000398,false,Rx,0,8,00,00,00,00,00,00,00,00,
757020,000001BC,false,Rx,0,8,32,00,00,00,02,00,00,00,
757441,00000401,false,Rx,0,8,30,D0,10,00,00,01,00,00,
757545,000001BD,false,Rx,0,8,00,00,00,00,00,00,00,00,
758563,00000111,false,Rx,0,8,0E,49,D8,01,00,00,00,00,
759069,00000112,false,Rx,0,8,00,00,00,00,00,00,00,00,
759134,00000405,false,Rx,0,8,7B,E0,00,00,00,01,00,00,
759192,00000113,false,Rx,0,8,00,00,00,00,00,00,00,00,
759528,00000410,false,Rx,0,8,A3,90,53,3C,B4,6A,FF,FF,
759910,00000114,false,Rx,0,8,00,00,00,00,00,00,00,00,
760002,00000411,false,Rx,0,8,BD,71,50,50,00,00,44,05,
760212,00000413,false,Rx,0,8,F5,10,00,41,00,00,00,00,
760610,00000412,false,Rx,0,8,F1,00,00,00,00,00,04,00,
761110,00000414,false,Rx,0,8,87,A0,00,00,28,00,00,00,
761423,00000416,false,Rx,0,8,55,00,00,00,00,00,00,00,
762138,00000417,false,Rx,0,8,D0,20,00,00,00,01,00,00,
762538,00000418,false,Rx,0,8,18,00,00,00,14,4C,00,00,
763773,000000A1,false,Rx,0,8,CD,F1,CF,8A,D4,EC,A2,00,
764294,000000A2,false,Rx,0,8,00,00,00,00,00,00,00,00,
764961,000000A3,false,Rx,0,8,00,40,01,00,00,00,00,00,
767400,0000010B,false,Rx,0,8,F4,3F,B3,00,00,00,00,05,
767523,0000010C,false,Rx,0,8,FF,F9,E7,1F,43,48,44,44,
768002,0000010D,false,Rx,0,8,EF,02,00,00,00,00,00,35,
768090,0000010E,false,Rx,0,8,00,00,0A,00,00,C0,AB,57,
768301,0000019B,false,Rx,0,8,62,DD,B1,00,00,E4,00,00,
768662,0000019C,false,Rx,0,8,40,20,00,00,00,00,0B,09,
769004,0000019D,false,Rx,0,8,00,10,00,01,00,00,00,00,
769451,0000019E,false,Rx,0,8,15,00,00,00,00,32,00,00,
773398,00000061,false,Rx,0,8,6A,E2,D0,00,00,00,00,00,
773492,00000062,false,Rx,0,8,02,02,00,02,40,FF,00,FF,
773865,00000063,false,Rx,0,8,C9,00,15,00,00,08,FD,00,
773980,00000064,false,Rx,0,8,00,00,00,04,FF,FA,00,00,
774696,00000121,false,Rx,0,8,43,F4,B4,00,00,00,00,05,
774989,00000122,false,Rx,0,8,FF,D9,67,1F,44,45,44,44,
775071,000002E6,false,Rx,0,8,07,D7,0F,01,00,00,00,15,
775472,00000123,false,Rx,0,8,F0,02,00,00,00,00,00,35,
775569,00000256,false,Rx,0,8,E1,F7,0F,15,00,00,20,02,
775765,00000124,false,Rx,0,8,00,00,0A,00,00,00,20,40,
775894,00000257,false,Rx,0,8,00,8E,3E,34,82,07,00,8E,
776231,000002E7,false,Rx,0,8,0A,00,00,00,00,00,00,00,
776668,00000258,false,Rx,0,8,01,22,1D,00,10,15,00,1C,
776730,000002E8,false,Rx,0,8,00,00,00,00,00,00,00,00,
776838,00000259,false,Rx,0,8,E1,05,93,3C,30,02,00,00,
777093,000002E9,false,Rx,0,8,00,00,00,00,00,00,00,00,
777433,000003B6,false,Rx,0,8,5B,92,87,00,00,00,00,44,
777591,000003B7,false,Rx,0,8,43,00,00,00,00,00,00,00,
777879,000003B8,false,Rx,0,8,EA,02,00,00,00,00,69,0E,
778132,000003B9,false,Rx,0,8,00,00,00,00,00,00,00,00,
779290,00000419,false,Rx,0,8,1D,70,22,DB,8D,7B,84,00,
783793,00000036,false,Rx,0,8,AE,21,B5,51,00,00,25,05,
783894,00000037,false,Rx,0,8,02,00,00,10,00,40,00,00,
784249,00000038,false,Rx,0,8,04,00,00,00,20,39,96,D4,
784394,00000039,false,Rx,0,8,00,00,00,00,00,00,00,00,
787977,00000415,false,Rx,0,8,40,13,10,00,08,01,00,00,
791604,0000011B,false,Rx,0,8,1F,21,BA,05,80,08,A8,02,
791703,0000012B,false,Rx,0,8,58,DB,BA,06,00,00,08,00,
791962,0000011C,false,Rx,0,8,00,05,20,00,22,00,01,01,
792202,0000012C,false,Rx,0,8,00,00,01,00,00,64,00,00,
795501,000003AA,false,Rx,0,8,FF,00,D0,00,54,00,00,00,
800428,00000146,false,Rx,0,8,C3,0C,4E,10,04,05,00,00,
800601,00000147,false,Rx,0,8,01,04,7D,00,40,FB,02,00,
800856,00000148,false,Rx,0,8,00,00,42,00,00,7B,40,05,
801103,00000149,false,Rx,0,8,00,38,00,0C,00,00,00,00,
801333,000001B1,false,Rx,0,8,62,A7,4E,00,72,00,00,00,
801590,000001B2,false,Rx,0,8,23,00,04,0D,10,01,50,0F,
801886,000001B3,false,Rx,0,8,10,2D,33,00,66,7F,72,7B,
802145,000001B4,false,Rx,0,8,68,77,10,00,00,41,00,00,
802525,0000030B,false,Rx,0,8,60,3C,12,00,04,00,00,00,
802740,0000030C,false,Rx,0,8,00,00,0C,00,2C,00,A0,0F,
803063,0000030D,false,Rx,0,8,00,00,00,00,42,00,00,00,
803359,0000030E,false,Rx,0,8,00,00,28,05,21,00,00,02,
804076,00000495,false,Rx,0,8,49,00,00,00,00,00,00,00,
809462,00000236,false,Rx,0,8,67,CB,12,00,30,63,34,6C,
809556,000002FB,false,Rx,0,8,4F,5A,12,04,0C,14,C3,C3,
809703,00000237,false,Rx,0,8,00,05,94,00,00,5B,1D,00,
809983,00000151,false,Rx,0,8,64,7F,12,A0,C8,00,28,15,
810425,000001F6,false,Rx,0,8,CC,01,12,00,00,00,00,0D,
810638,00000152,false,Rx,0,8,12,14,14,00,24,00,00,00,
810693,000001F7,false,Rx,0,8,1F,00,DC,00,00,00,00,00,
811363,00000153,false,Rx,0,8,00,00,00,00,00,00,00,00,
812062,000001F8,false,Rx,0,8,00,69,00,64,00,00,00,00,
812273,00000154,false,Rx,0,8,00,00,00,00,00,00,00,00,
812358,000001F9,false,Rx,0,8,19,00,A0,C8,14,00,19,00,
812425,000002FC,false,Rx,0,8,0D,00,12,15,00,00,87,96,
812468,00000238,false,Rx,0,8,00,00,0C,00,00,00,00,00,
812511,000002FD,false,Rx,0,8,00,00,00,00,00,1C,10,EA,
812725,00000239,false,Rx,0,8,00,00,00,00,01,00,00,00,
812935,000002FE,false,Rx,0,8,00,00,72,01,00,28,00,00,
813131,0000025B,false,Rx,0,8,FE,D9,12,40,40,20,00,00,
813357,00000326,false,Rx,0,8,D4,B8,12,00,00,00,00,00,
813581,000000A1,false,Rx,0,8,A2,40,D4,8A,D4,EC,A2,00,
813824,0000025C,false,Rx,0,8,00,00,1F,00,BD,68,14,00,
814101,000000A2,false,Rx,0,8,00,00,00,00,00,00,00,00,
814417,0000025D,false,Rx,0,8,00,C8,00,00,00,80,C0,70,
815108,000000A3,false,Rx,0,8,00,40,01,00,00,00,00,00,
815431,0000025E,false,Rx,0,8,49,07,0E,07,00,00,00,00,
815502,00000327,false,Rx,0,8,00,00,00,00,01,00,00,00,
816057,000001AB,false,Rx,0,8,00,E1,FC,40,70,90,00,00,
816121,00000328,false,Rx,0,8,DC,00,19,00,00,69,00,00,
816371,000001AC,false,Rx,0,8,00,28,00,00,00,00,00,00,
816453,00000329,false,Rx,0,8,A0,64,00,00,00,00,00,00,
816752,00000448,false,Rx,0,8,7F,00,00,00,00,00,00,00,
816874,00000331,false,Rx,0,8,24,99,12,F1,C8,A0,2C,97,
816938,00000419,false,Rx,0,8,82,80,1A,DB,8D,7B,84,00,
816982,00000332,false,Rx,0,8,44,07,B4,00,00,00,00,00,
817282,00000333,false,Rx,0,8,00,00,00,1C,0C,40,20,A0,
817517,0000010B,false,Rx,0,8,4C,3E,B8,00,00,00,00,05,
818350,00000334,false,Rx,0,8,C8,00,00,00,5C,70,B7,8F,
818459,0000010C,false,Rx,0,8,FF,F9,E7,1F,43,48,44,44,
818509,0000010D,false,Rx,0,8,EF,02,00,00,00,00,00,35,
818567,0000019B,false,Rx,0,8,91,43,B6,00,00,E4,00,00,
818651,0000010E,false,Rx,0,8,00,00,0A,00,00,C0,AB,57,
818909,0000019C,false,Rx,0,8,40,20,00,00,00,00,0B,09,
819180,0000019D,false,Rx,0,8,00,10,00,01,00,00,00,00,
819441,0000019E,false,Rx,0,8,15,00,00,00,00,32,00,00,
822728,00000380,false,Rx,0,8,CD,96,05,0C,0C,0C,0C,01,
823460,00000061,false,Rx,0,8,15,CE,D5,00,00,00,00,00,
823541,00000382,false,Rx,0,8,FD,CD,04,00,00,05,09,00,
823987,00000062,false,Rx,0,8,02,02,00,02,40,FF,00,FF,
824063,00000063,false,Rx,0,8,C9,00,15,00,00,08,FD,00,
824535,00000064,false,Rx,0,8,00,00,00,04,FF,FA,00,00,
824591,00000121,false,Rx,0,8,B8,E7,B9,00,00,00,00,05,
824781,00000122,false,Rx,0,8,FF,D9,67,1F,44,44,44,44,
825181,00000123,false,Rx,0,8,F0,02,00,00,00,00,00,35,
825645,00000383,false,Rx,0,8,2F,9B,03,10,01,00,00,00,
825694,00000124,false,Rx,0,8,00,00,0A,00,00,00,20,40,
826567,00000384,false,Rx,0,8,13,BD,04,01,00,FF,00,22,
827533,0000042A,false,Rx,0,8,69,FB,03,04,00,10,00,00,
829326,00000487,false,Rx,1,8,00,00,00,00,00,00,00,00,
829479,00000642,false,Rx,1,8,FF,FF,FF,FF,FF,FF,00,00,
829539,00000645,false,Rx,1,8,7F,86,07,39,EF,3B,56,00,
833872,00000036,false,Rx,0,8,2F,55,BA,51,00,00,25,05,
833968,00000037,false,Rx,0,8,02,00,00,10,00,40,00,00,
834101,00000038,false,Rx,0,8,04,00,00,00,20,39,96,D4,
834445,00000039,false,Rx,0,8,00,00,00,00,00,00,00,00,
835108,00000565,false,Rx,0,8,66,02,00,00,00,00,FF,FF,
835213,00000226,false,Rx,0,8,6C,18,01,FF,FB,20,09,42,
835490,000002FF,false,Rx,0,8,83,B9,00,F0,3F,00,00,00,
835687,00000227,false,Rx,0,8,02,C4,07,09,00,F1,6F,03,
835932,00000316,false,Rx,0,8,9E,EF,02,B4,0F,80,0A,00,
836155,00000472,false,Rx,0,8,5C,EC,00,40,08,41,00,45,
836438,00000317,false,Rx,0,8,00,00,05,00,00,00,00,00,
836648,00000473,false,Rx,0,8,5F,24,00,25,00,00,00,78,
836914,00000474,false,Rx,0,8,53,98,00,00,00,00,00,10,
838528,00000091,false,Rx,0,8,99,4C,10,01,00,00,00,00,
838728,00000092,false,Rx,0,8,13,00,00,00,30,01,00,00,
839026,0000036F,false,Rx,0,8,5F,81,01,00,00,00,00,00,
839559,00000093,false,Rx,0,8,00,00,00,00,00,00,00,00,
839733,0000037F,false,Rx,0,8,45,70,52,24,41,02,00,00,
839779,00000094,false,Rx,0,8,00,00,00,00,00,00,00,00,
841711,0000011B,false,Rx,0,8,E9,09,BF,05,80,08,A8,02,
841890,0000012B,false,Rx,0,8,AE,F3,BF,06,00,00,08,00,
841940,0000011C,false,Rx,0,8,00,05,20,00,22,00,01,01,
842222,0000012C,false,Rx,0,8,00,00,01,00,00,64,00,00,
842806,000001A1,false,Rx,0,8,D0,C9,5F,FE,F7,7F,64,00,
843196,000001A2,false,Rx,0,8,00,00,00,00,00,08,00,00,
843269,000003A1,false,Rx,0,8,12,09,37,00,FF,FF,FF,FF,
843313,000001A3,false,Rx,0,8,FF,F3,3F,00,00,00,00,00,
843726,000003A2,false,Rx,0,8,00,00,00,00,00,00,00,00,
844030,000001A4,false,Rx,0,8,FE,07,00,00,00,00,00,00,
845199,000002C1,false,Rx,0,8,1A,C6,8A,21,00,41,00,A1,
845335,000002C2,false,Rx,0,8,40,00,00,00,00,00,00,00,
845604,000002C3,false,Rx,0,8,00,00,00,00,00,00,00,00,
845871,000002C4,false,Rx,0,8,00,00,00,00,00,00,00,00,
851666,00000161,false,Rx,0,8,12,1D,60,03,00,00,00,02,
851765,00000162,false,Rx,0,8,FF,FC,01,00,00,00,00,00,
852178,000001FB,false,Rx,0,8,E7,0C,13,00,00,00,00,00,
852238,000001FC,false,Rx,0,8,00,00,00,00,00,00,00,00,
852560,000001FD,false,Rx,0,8,00,1A,03,00,00,00,00,00,
852712,000003B0,false,Rx,0,8,72,37,FF,C7,00,00,03,C0,
852964,000001FE,false,Rx,0,8,00,00,00,00,00,00,00,00,
853259,000003B1,false,Rx,0,8,9B,3C,FF,40,00,00,20,00,
854132,00000419,false,Rx,0,8,82,80,1A,DB,8D,7B,84,00,
856286,000003B2,false,Rx,0,8,36,15,FF,02,29,2F,34,00,
857982,000000FF,false,Rx,0,8,CB,10,00,00,00,00,02,00,
858223,00000427,false,Rx,0,8,1D,86,FF,00,80,0A,00,00,
859450,00000394,false,Rx,0,8,2A,22,1A,49,00,00,00,00,
859894,000003C3,false,Rx,0,8,45,10,31,30,36,00,00,00,
859978,000003E0,false,Rx,0,8,6E,50,01,00,54,03,00,00,
860894,000003E5,false,Rx,0,8,F9,20,01,00,00,00,00,00,
861015,000003E6,false,Rx,0,8,A1,40,00,00,00,00,00,00,
861489,0000041A,false,Rx,0,8,A3,30,12,00,50,01,00,00,
861573,0000041B,false,Rx,0,8,BE,70,00,00,00,00,00,00,
861916,0000041C,false,Rx,0,8,84,D0,E8,00,00,00,00,00,
862202,00000422,false,Rx,0,8,FA,20,01,00,00,00,04,00,
862745,00000432,false,Rx,0,8,03,20,02,00,00,00,00,00,
863798,000000A1,false,Rx,0,8,94,03,D9,8A,D4,EC,A2,00,
863907,00000435,false,Rx,0,8,C8,C0,00,50,00,00,00,00,
864426,000000A2,false,Rx,0,8,00,00,00,00,00,00,00,00,
864484,00000442,false,Rx,0,8,CE,20,11,81,00,00,00,00,
864544,000000A3,false,Rx,0,8,00,40,01,00,00,00,00,00,
865075,00000444,false,Rx,0,8,DD,50,20,50,55,50,00,00,
865378,00000445,false,Rx,0,8,6F,30,00,00,00,00,00,18,
865869,00000464,false,Rx,0,8,6C,30,F0,FF,38,7F,05,00,
867696,0000010B,false,Rx,0,8,33,12,BD,00,00,00,00,05,
867905,0000010C,false,Rx,0,8,FF,F9,E7,1F,43,48,44,44,
868058,0000010D,false,Rx,0,8,EF,02,00,00,00,00,00,35,
868367,0000010E,false,Rx,0,8,00,00,0A,00,00,C0,AB,57,
868431,0000019B,false,Rx,0,8,9C,85,BB,00,00,E4,00,00,
868550,0000019C,false,Rx,0,8,40,20,00,00,00,00,0B,09,
868985,0000019D,false,Rx,0,8,00,10,00,01,00,00,00,00,
869092,0000019E,false,Rx,0,8,15,00,00,00,00,32,00,00,
870216,000004A3,false,Rx,1,8,80,00,48,0B,3E,00,00,00,
870575,000004A4,false,Rx,1,8,FF,FF,FF,00,00,00,00,00,
873437,00000061,false,Rx,0,8,94,BA,DA,00,00,00,00,00,
873530,00000062,false,Rx,0,8,02,02,00,02,40,FF,00,FF,
873908,00000063,false,Rx,0,8,C9,00,15,00,00,08,FD,00,
873994,00000064,false,Rx,0,8,00,00,00,04,FF,FA,00,00,
874486,00000121,false,Rx,0,8,4B,79,BE,00,00,00,00,05,
874706,00000122,false,Rx,0,8,FF,D9,67,1F,44,44,44,44,
874984,00000123,false,Rx,0,8,F0,02,00,00,00,00,00,35,
875356,00000124,false,Rx,0,8,00,00,0A,00,00,00,20,40,
879298,00000419,false,Rx,0,8,CC,90,1A,DB,91,7B,84,00,
882187,000001E1,false,Rx,0,8,DC,67,27,02,00,00,00,00,
882273,000001E2,false,Rx,0,8,00,00,00,00,00,00,00,00,
883676,00000036,false,Rx,0,8,50,79,BF,51,00,00,25,05,
883833,00000037,false,Rx,0,8,02,00,00,10,00,40,00,00,
884135,00000038,false,Rx,0,8,04,00,00,00,20,39,96,D4,
884407,00000039,false,Rx,0,8,00,00,00,00,00,00,00,00,
888165,000001F1,false,Rx,0,8,31,0A,5F,01,00,00,28,00,
888267,000001F2,false,Rx,0,8,00,00,00,00,00,00,00,00,
891812,0000011B,false,Rx,0,8,17,19,C4,05,80,08,A8,02,
891936,0000012B,false,Rx,0,8,50,E3,C4,06,00,00,08,00,
891981,0000011C,false,Rx,0,8,00,05,20,00,22,00,01,01,
892345,0000012C,false,Rx,0,8,00,00,01,00,00,64,00,00,
900529,00000146,false,Rx,0,8,0B,3B,53,10,04,05,00,00,
900618,00000475,false,Rx,0,8,12,00,00,00,00,00,00,00,
900797,00000147,false,Rx,0,8,01,04,7D,00,40,E9,02,00,
901047,00000496,false,Rx,0,8,12,00,00,00,00,00,00,00,
901302,00000148,false,Rx,0,8,00,00,42,00,00,7B,40,05,
901533,000001B1,false,Rx,0,8,09,28,53,00,72,00,00,00,
901766,00000149,false,Rx,0,8,00,38,00,0C,00,00,00,00,
902015,000001B2,false,Rx,0,8,23,00,04,0D,10,01,50,0F,
902281,000001B3,false,Rx,0,8,10,2D,33,00,65,7F,72,7B,
902545,000001B4,false,Rx,0,8,68,77,10,00,00,41,00,00,
903308,000002BF,false,Rx,0,8,FF,FF,FF,00,00,00,00,00,
903543,000001E6,false,Rx,0,8,CA,03,22,02,00,00,00,00,
903802,0000047F,false,Rx,0,8,FF,FF,FF,FF,FF,FF,FF,FF,
904039,000001E7,false,Rx,0,8,00,00,22,03,20,01,00,00,
904312,00000653,false,Rx,0,8,0A,19,03,01,02,2A,00,00,
904994,000001BB,false,Rx,0,8,4C,79,22,02,00,00,00,0A,
905302,000001BC,false,Rx,0,8,32,00,00,00,02,00,00,00,
905557,000001BD,false,Rx,0,8,00,00,00,00,00,00,00,00,
913618,000000A1,false,Rx,0,8,9D,86,DE,8A,D4,EC,A2,00,
913827,000000A2,false,Rx,0,8,00,00,00,00,00,00,00,00,
914071,000000A3,false,Rx,0,8,00,40,01,00,00,00,00,00,
914457,00000419,false,Rx,0,8,10,A0,12,DB,91,7B,84,00,
915132,000001AB,false,Rx,0,8,34,39,01,40,70,90,00,00,
915457,000001AC,false,Rx,0,8,00,28,00,00,00,00,00,00,
917341,0000010B,false,Rx,0,8,AB,18,C2,00,00,00,00,05,
917513,0000010C,false,Rx,0,8,FF,F9,E7,1F,43,48,44,44,
917757,0000010D,false,Rx,0,8,EF,02,00,00,00,00,00,35,
918017,0000010E,false,Rx,0,8,00,00,0A,00,00,C0,AB,57,
918256,0000019B,false,Rx,0,8,3D,FA,C0,00,00,E4,00,00,
918560,0000019C,false,Rx,0,8,40,20,00,00,00,00,0B,09,
918775,0000019D,false,Rx,0,8,00,10,00,01,00,00,00,00,
919037,0000019E,false,Rx,0,8,15,00,00,00,00,32,00,00,
923239,00000061,false,Rx,0,8,EB,96,DF,00,00,00,00,00,
923426,00000062,false,Rx,0,8,02,02,00,02,40,FF,00,FF,
923690,00000063,false,Rx,0,8,C9,00,15,00,00,08,FD,00,
923942,00000064,false,Rx,0,8,00,00,00,04,FF,FA,00,00,
924431,00000121,false,Rx,0,8,5F,C1,C3,00,00,00,00,05,
924660,00000122,false,Rx,0,8,FF,D9,67,1F,44,44,44,44,
924911,00000123,false,Rx,0,8,F0,02,00,00,00,00,00,35,
925185,00000124,false,Rx,0,8,00,00,0A,00,00,00,20,40,
928348,00000566,false,Rx,0,8,16,02,00,00,00,00,FF,FF,
933628,00000036,false,Rx,0,8,F1,06,C4,51,00,00,25,05,
933882,00000037,false,Rx,0,8,02,00,00,10,00,40,00,00,
934117,00000038,false,Rx,0,8,04,00,00,00,20,39,96,D4,
934396,00000039,false,Rx,0,8,00,00,00,00,00,00,00,00,
938593,00000091,false,Rx,0,8,DF,15,11,01,00,00,00,00,
938681,00000092,false,Rx,0,8,13,00,00,00,30,01,00,00,
939154,0000036F,false,Rx,0,8,E6,91,01,00,00,00,00,00,
939621,00000093,false,Rx,0,8,00,00,00,00,00,00,00,00,
939752,0000037F,false,Rx,0,8,EC,80,52,24,41,02,00,00,
939798,00000094,false,Rx,0,8,00,00,00,00,00,00,00,00,
939897,000000C5,false,Rx,1,8,00,00,00,00,00,00,00,00,
940179,00000244,false,Rx,1,8,00,00,00,00,00,00,00,00,
941143,000003E4,false,Rx,1,8,FE,00,00,00,00,00,00,00,
941254,000004B4,false,Rx,1,8,01,00,0D,40,10,60,44,02,
941634,000004B5,false,Rx,1,8,08,00,F0,07,00,00,00,00,
941929,0000011B,false,Rx,0,8,64,20,C9,05,80,08,A8,02,
942007,0000012B,false,Rx,0,8,23,DA,C9,06,00,00,08,00,
942077,000004B7,false,Rx,1,8,08,00,F0,07,00,00,00,00,
942119,0000011C,false,Rx,0,8,00,05,20,00,22,00,01,01,
942167,000004CA,false,Rx,1,8,00,00,00,00,00,00,00,00,
942401,0000012C,false,Rx,0,8,00,00,01,00,00,64,00,00,
942627,000001A1,false,Rx,0,8,06,95,64,FE,F7,7F,64,00,
942699,000004CC,false,Rx,1,8,08,00,00,2A,00,00,03,00,
943102,000001A2,false,Rx,0,8,00,00,00,00,00,08,00,00,
943180,000004CE,false,Rx,1,8,14,01,FF,FF,FF,FF,FF,FF,
943590,000001A3,false,Rx,0,8,FF,F3,3F,00,00,00,00,00,
943666,000004D7,false,Rx,1,8,23,01,00,00,00,00,00,00,
944089,000001A4,false,Rx,0,8,FE,07,00,00,00,00,00,00,
944170,000004D8,false,Rx,1,8,41,10,F6,F0,40,F2,1E,CC,
944594,000004DD,false,Rx,1,8,00,00,FE,00,04,00,00,00,
944821,000002AB,false,Rx,0,8,BF,37,14,0C,0C,00,00,00,
945072,000004DF,false,Rx,1,8,00,00,08,00,00,00,00,00,
945316,000002AC,false,Rx,0,8,00,FF,FF,00,00,40,00,50,
945569,000004E7,false,Rx,1,8,00,30,00,00,00,00,69,00,
945815,000002AD,false,Rx,0,8,00,01,00,40,FF,FF,FF,0F,
946063,000004E8,false,Rx,1,8,FF,FF,FF,29,FF,FF,FF,00,
946308,000002AE,false,Rx,0,8,01,00,FF,3F,01,01,00,00,
946554,000004E9,false,Rx,1,8,00,00,00,00,00,00,00,00,
946752,000002B6,false,Rx,0,8,FF,6D,14,01,00,00,00,40,
946984,000002EB,false,Rx,0,8,C3,E3,89,09,08,01,00,02,
947058,000004EA,false,Rx,1,8,00,00,00,00,00,00,00,00,
947229,000002B7,false,Rx,0,8,94,01,C1,04,00,04,00,00,
947530,000004EB,false,Rx,1,8,04,68,2B,05,80,00,00,00,
947743,000002B8,false,Rx,0,8,B2,61,11,00,00,00,00,00,
947979,000002EC,false,Rx,0,8,0A,00,00,00,00,00,00,00,
948054,000004EC,false,Rx,1,8,FF,FF,FF,FF,FF,FF,FF,0F,
948231,000002B9,false,Rx,0,8,0A,00,00,00,00,00,00,00,
948475,000002ED,false,Rx,0,8,00,00,00,00,00,00,00,00,
948556,000004ED,false,Rx,1,8,FF,FF,FF,FF,FF,FF,FF,1F,
948748,000002D6,false,Rx,0,8,B3,41,89,00,00,00,00,00,
948982,000004EE,false,Rx,1,8,FF,FF,00,00,00,00,00,00,
949047,000002EE,false,Rx,0,8,00,00,00,00,00,00,00,00,
949242,000002D7,false,Rx,0,8,00,00,00,00,03,00,00,00,
949480,000004EF,false,Rx,1,8,60,00,60,00,29,14,00,00,
949675,0000033B,false,Rx,0,8,BE,4C,14,00,00,00,00,00,
949729,00000251,false,Rx,0,8,00,38,13,00,00,00,00,00,
949953,0000063D,false,Rx,1,8,00,80,00,00,00,00,00,00,
950095,000002D8,false,Rx,0,8,00,00,00,00,00,00,38,44,
950204,00000252,false,Rx,0,8,00,00,00,00,03,00,00,00,
950462,0000063E,false,Rx,1,8,FF,FF,FF,FF,FF,FF,FF,FF,
950695,000002D9,false,Rx,0,8,00,00,00,00,00,00,00,00,
950849,00000253,false,Rx,0,8,00,00,00,52,52,00,80,46,
950944,0000063F,false,Rx,1,8,00,10,00,C4,FF,00,00,00,
951017,000002E1,false,Rx,0,8,9C,12,14,00,00,00,00,40,
951193,0000033C,false,Rx,0,8,00,00,00,00,F0,00,00,00,
951419,00000161,false,Rx,0,8,E4,35,65,03,00,00,00,02,
952206,00000640,false,Rx,1,8,FF,FF,FF,00,FF,FF,FF,00,
952722,000002E2,false,Rx,0,8,FD,00,00,00,00,14,00,04,
952811,00000162,false,Rx,0,8,FF,FC,01,00,00,00,00,00,
952916,00000641,false,Rx,1,8,FF,FF,FF,FF,0F,FF,FF,FF,
952963,000002E3,false,Rx,0,8,00,00,00,00,00,00,72,01,
953010,0000033D,false,Rx,0,8,00,00,00,00,00,00,00,00,
953063,00000646,false,Rx,1,8,00,00,00,80,01,00,00,00,
953157,000002E4,false,Rx,0,8,02,00,00,00,00,00,00,00,
953204,0000033E,false,Rx,0,8,00,00,00,00,00,00,00,00,
953247,00000356,false,Rx,0,8,FC,3B,8A,00,00,00,00,00,
953706,00000357,false,Rx,0,8,00,00,00,00,00,4B,4D,48,
954117,00000358,false,Rx,0,8,35,41,45,4D,52,37,33,4F,
954335,00000419,false,Rx,0,8,10,A0,12,DB,91,7B,84,00,
954586,00000359,false,Rx,0,8,51,4F,34,52,4A,35,33,00,
955057,00000396,false,Rx,0,8,FD,61,89,0F,08,02,00,02,
955304,00000485,false,Rx,0,8,00,40,11,02,00,00,00,00,
955540,00000397,false,Rx,0,8,04,00,00,00,00,00,00,00,
955775,00000401,false,Rx,0,8,30,D0,10,00,00,01,00,00,
956027,00000398,false,Rx,0,8,00,00,00,00,00,00,00,00,
958312,00000111,false,Rx,0,8,48,10,D9,01,00,00,00,00,
958819,00000112,false,Rx,0,8,00,00,00,00,00,00,00,00,
959049,00000405,false,Rx,0,8,7B,E0,00,00,00,01,00,00,
959296,00000113,false,Rx,0,8,00,00,00,00,00,00,00,00,
959568,00000410,false,Rx,0,8,A3,90,53,3C,B4,6A,FF,FF,
959783,00000114,false,Rx,0,8,00,00,00,00,00,00,00,00,
960028,00000411,false,Rx,0,8,BD,71,50,50,00,00,44,05,
960260,00000413,false,Rx,0,8,F5,10,00,41,00,00,00,00,
960541,00000412,false,Rx,0,8,F1,00,00,00,00,00,04,00,
960751,00000414,false,Rx,0,8,87,A0,00,00,28,00,00,00,
961255,00000416,false,Rx,0,8,55,00,00,00,00,00,00,00,
961828,00000417,false,Rx,0,8,D0,20,00,00,00,01,00,00,
962370,00000418,false,Rx,0,8,18,00,00,00,14,4C,00,00,
963776,000000A1,false,Rx,0,8,5E,05,E3,8A,D4,EC,A2,00,
963862,000000A2,false,Rx,0,8,00,00,00,00,00,00,00,00,
964076,000000A3,false,Rx,0,8,00,40,01,00,00,00,00,00,
967483,0000010B,false,Rx,0,8,D4,34,C7,00,00,00,00,05,
967573,0000010C,false,Rx,0,8,FF,F9,E7,1F,43,48,44,44,
967926,0000010D,false,Rx,0,8,EF,02,00,00,00,00,00,35,
968413,0000010E,false,Rx,0,8,00,00,0A,00,00,C0,AB,57,
968674,0000019B,false,Rx,0,8,42,D6,C5,00,00,E4,00,00,
968765,0000019C,false,Rx,0,8,40,20,00,00,00,00,0B,09,
968816,0000019D,false,Rx,0,8,00,10,00,01,00,00,00,00,
969305,0000019E,false,Rx,0,8,15,00,00,00,00,32,00,00,
973372,00000061,false,Rx,0,8,3D,CA,E4,00,00,00,00,00,
973464,00000062,false,Rx,0,8,02,02,00,02,40,FF,00,FF,
973849,00000063,false,Rx,0,8,C9,00,15,00,00,08,FD,00,
973948,00000064,false,Rx,0,8,00,00,00,04,FF,FA,00,00,
974695,00000121,false,Rx,0,8,E7,C0,C8,00,00,00,00,05,
975115,00000122,false,Rx,0,8,FF,D9,67,1F,44,44,44,44,
975186,000002E6,false,Rx,0,8,05,3E,11,01,00,00,00,15,
975236,00000123,false,Rx,0,8,F0,02,00,00,00,00,00,35,
975479,00000256,false,Rx,0,8,F0,10,11,15,00,00,60,02,
976178,00000124,false,Rx,0,8,00,00,0A,00,00,00,20,40,
976298,00000257,false,Rx,0,8,00,8E,3E,3C,82,07,00,8E,
976341,000002E7,false,Rx,0,8,0A,00,00,00,00,00,00,00,
976384,00000258,false,Rx,0,8,01,22,1D,00,10,15,00,1C,
976592,000002E8,false,Rx,0,8,00,00,00,00,00,00,00,00,
976900,00000259,false,Rx,0,8,0D,06,94,3C,30,02,00,00,
977231,000002E9,false,Rx,0,8,00,00,00,00,00,00,00,00,
977356,000003B6,false,Rx,0,8,DA,E6,88,00,00,00,00,44,
977615,000003B7,false,Rx,0,8,43,00,00,00,00,00,00,00,
977953,000003B8,false,Rx,0,8,EA,02,00,00,00,00,69,0E,
978364,000003B9,false,Rx,0,8,00,00,00,00,00,00,00,00,
979239,00000419,false,Rx,0,8,E7,B0,12,DB,95,7B,84,00,
984077,00000036,false,Rx,0,8,FC,C0,C9,51,00,00,25,05,
984216,00000037,false,Rx,0,8,02,00,00,10,00,40,00,00,
984526,00000038,false,Rx,0,8,04,00,00,00,20,39,96,D4,
984613,00000039,false,Rx,0,8,00,00,00,00,00,00,00,00,
991772,0000011B,false,Rx,0,8,FB,48,CE,05,80,08,A8,02,
991910,0000012B,false,Rx,0,8,BC,B2,CE,06,00,00,08,00,
992004,0000011C,false,Rx,0,8,00,05,20,00,22,00,01,01,
992285,0000012C,false,Rx,0,8,00,00,01,00,00,64,00,00,
995790,000003AA,false,Rx,0,8,FF,00,D0,00,54,00,00,00,
1000544,00000146,false,Rx,0,8,C5,AA,58,10,04,05,00,00,
1000639,00000147,false,Rx,0,8,01,04,7D,00,40,D7,02,00,
1001014,00000148,false,Rx,0,8,00,00,42,00,00,7B,40,05,
1001083,00000149,false,Rx,0,8,00,38,00,0C,00,00,00,00,
1001485,000001B1,false,Rx,0,8,B1,29,58,00,72,00,00,00,
1001788,000001B2,false,Rx,0,8,23,00,04,0D,10,01,50,0F,
1001863,000001B3,false,Rx,0,8,10,2D,33,00,65,7F,72,7B,
1002105,000001B4,false,Rx,0,8,68,77,10,00,00,41,00,00,
1002493,0000030B,false,Rx,0,8,D5,FB,14,00,04,00,00,00,
1002773,0000030C,false,Rx,0,8,00,00,0C,00,2C,00,A0,0F,
1003024,0000030D,false,Rx,0,8,00,00,00,00,42,00,00,00,
1003278,0000030E,false,Rx,0,8,00,00,28,05,21,00,00,02,
1003820,00000495,false,Rx,0,8,49,00,00,00,00,00,00,00,
1009552,00000236,false,Rx,0,8,D2,0C,14,00,30,63,34,6C,
1009643,000002FB,false,Rx,0,8,9B,31,14,04,0C,14,C3,C3,
1009705,00000237,false,Rx,0,8,00,05,94,00,00,5B,1D,00,
1010171,000002FC,false,Rx,0,8,0C,00,12,15,00,00,87,96,
1010726,00000151,false,Rx,0,8,D1,B8,14,A0,C8,00,28,15,
1010826,00000238,false,Rx,0,8,00,00,0C,00,00,00,00,00,
1011177,00000152,false,Rx,0,8,12,14,14,00,24,00,00,00,
1011246,000001F6,false,Rx,0,8,79,C6,14,00,00,00,00,0D,
1011289,00000153,false,Rx,0,8,00,00,00,00,00,00,00,00,
1011410,000001F7,false,Rx,0,8,1F,00,DC,00,00,00,00,00,
1011686,00000154,false,Rx,0,8,00,00,00,00,00,00,00,00,
1012447,000001F8,false,Rx,0,8,00,69,00,64,00,00,00,00,
1012779,000002FD,false,Rx,0,8,00,00,00,00,00,1C,10,EA,
1012843,000001F9,false,Rx,0,8,19,00,A0,C8,14,00,19,00,
1013222,000002FE,false,Rx,0,8,00,00,72,01,00,28,00,00,
1013279,00000239,false,Rx,0,8,00,00,00,00,01,00,00,00,
1013342,00000326,false,Rx,0,8,61,7F,14,00,00,00,00,00,
1013385,0000025B,false,Rx,0,8,9B,F0,14,40,40,20,00,00,
1013607,000000A1,false,Rx,0,8,62,F4,E8,8A,D4,EC,A2,00,
1013866,0000025C,false,Rx,0,8,00,00,1F,00,BD,68,14,00,
1014118,000000A2,false,Rx,0,8,00,00,00,00,00,00,00,00,
1014323,0000025D,false,Rx,0,8,00,C8,00,00,00,80,C0,70,
1014575,000000A3,false,Rx,0,8,00,40,01,00,00,00,00,00,
1014801,0000025E,false,Rx,0,8,46,07,0E,06,00,00,00,00,
1015077,00000327,false,Rx,0,8,00,00,00,00,01,00,00,00,
1015288,000001AB,false,Rx,0,8,AB,51,06,40,70,90,00,00,
1015522,00000328,false,Rx,0,8,DC,00,19,00,00,69,00,00,
1015774,000001AC,false,Rx,0,8,00,28,00,00,00,00,00,00,
1016022,00000329,false,Rx,0,8,A0,64,00,00,00,00,00,00,
1016278,00000448,false,Rx,0,8,7F,00,00,00,00,00,00,00,
1016492,00000331,false,Rx,0,8,91,5E,14,F1,C8,A0,2C,97,
1016732,00000419,false,Rx,0,8,B7,C0,0B,DB,95,7B,84,00,
1016969,00000332,false,Rx,0,8,44,07,B4,00,00,00,00,00,
1017232,00000333,false,Rx,0,8,00,00,00,1C,0C,40,20,A0,
1017457,0000010B,false,Rx,0,8,6C,35,CC,00,00,00,00,05,
1017732,00000334,false,Rx,0,8,C8,00,00,00,5C,70,B7,8F,
1018094,0000010C,false,Rx,0,8,FF,F9,E7,1F,43,48,44,44,
1018685,0000010D,false,Rx,0,8,EF,02,00,00,00,00,00,35,
1018852,0000019B,false,Rx,0,8,C3,A2,CA,00,00,E4,00,00,
1019156,0000010E,false,Rx,0,8,00,00,0A,00,00,C0,AB,57,
1019535,0000019C,false,Rx,0,8,40,20,00,00,00,00,0B,09,
1019629,0000019D,false,Rx,0,8,00,10,00,01,00,00,00,00,
1019675,0000019E,false,Rx,0,8,15,00,00,00,00,32,00,00,
1022399,00000380,false,Rx,0,8,CD,96,05,0C,0C,0C,0C,01,
1023398,00000061,false,Rx,0,8,30,0C,E9,00,00,00,00,00,
1023732,00000382,false,Rx,0,8,FD,CD,04,00,00,05,09,00,
1024195,00000062,false,Rx,0,8,02,02,00,02,40,FF,00,FF,
1024275,00000063,false,Rx,0,8,C9,00,15,00,00,08,FD,00,
1024324,00000064,false,Rx,0,8,00,00,00,04,FF,FA,00,00,
1024496,00000121,false,Rx,0,8,DD,1F,CD,00,00,00,00,05,
1024666,00000122,false,Rx,0,8,FF,D9,67,1F,44,44,44,44,
1025646,00000516,false,Rx,0,8,61,02,00,00,00,00,FF,FF,
1026179,00000123,false,Rx,0,8,EF,02,00,00,00,00,00,35,
1026302,00000383,false,Rx,0,8,2F,9B,03,10,01,00,00,00,
1026361,00000124,false,Rx,0,8,00,00,0A,00,00,00,20,40,
1026422,00000384,false,Rx,0,8,13,BD,04,01,00,FF,00,22,
1027897,0000042A,false,Rx,0,8,69,FB,03,04,00,10,00,00,
1029585,00000487,false,Rx,1,8,00,00,00,00,00,00,00,00,
1029913,00000642,false,Rx,1,8,FF,FF,FF,FF,FF,FF,00,00,
1032178,000001E1,false,Rx,0,8,AF,5E,2A,02,00,00,00,00,
1032279,000001E2,false,Rx,0,8,00,00,00,00,00,00,00,00,
1033688,00000036,false,Rx,0,8,0F,5E,CE,51,00,00,25,05,
1033811,00000037,false,Rx,0,8,02,00,00,10,00,40,00,00,
1034058,00000038,false,Rx,0,8,04,00,00,00,20,39,96,D4,
1034352,00000039,false,Rx,0,8,00,00,00,00,00,00,00,00,
1035228,00000226,false,Rx,0,8,05,58,03,FF,FB,20,09,42,
1035406,000002FF,false,Rx,0,8,83,B9,00,F0,3F,00,00,00,
1035639,00000227,false,Rx,0,8,02,C4,07,09,00,F1,6F,03,
1035885,00000316,false,Rx,0,8,BA,47,03,B4,0F,80,0A,00,
1036115,00000472,false,Rx,0,8,5C,EC,00,40,08,41,00,45,
1036474,00000317,false,Rx,0,8,00,00,05,00,00,00,00,00,
1036605,00000473,false,Rx,0,8,5F,24,00,25,00,00,00,78,
1037434,00000474,false,Rx,0,8,53,98,00,00,00,00,00,10,
1038266,000001F1,false,Rx,0,8,5C,56,62,01,00,00,28,00,
1038389,000001F2,false,Rx,0,8,00,00,00,00,00,00,00,00,
1038594,00000091,false,Rx,0,8,E0,89,12,01,00,00,00,00,
1038790,00000092,false,Rx,0,8,14,00,00,00,40,01,00,00,
1039008,0000036F,false,Rx,0,8,30,A1,01,00,00,00,00,00,
1039258,00000093,false,Rx,0,8,00,00,00,00,00,00,00,00,
1039488,0000037F,false,Rx,0,8,55,90,52,24,41,02,00,00,
1039775,00000094,false,Rx,0,8,00,00,00,00,00,00,00,00,
1040067,00000643,false,Rx,1,8,00,FC,FF,FF,FF,FF,03,00,
1041511,0000011B,false,Rx,0,8,82,52,D3,05,80,08,A8,02,
1041675,0000012B,false,Rx,0,8,C5,A8,D3,06,00,00,08,00,
1041910,0000011C,false,Rx,0,8,00,05,20,00,22,00,01,01,
1042159,0000012C,false,Rx,0,8,00,00,01,00,00,64,00,00,
1042414,000001A1,false,Rx,0,8,0B,53,69,FE,F7,7F,64,00,
1042759,000001A2,false,Rx,0,8,00,00,00,00,00,08,00,00,
1043122,000003A1,false,Rx,0,8,08,70,38,00,FF,FF,FF,FF,
1043661,000001A3,false,Rx,0,8,FF,F3,3F,00,00,00,00,00,
1043724,000003A2,false,Rx,0,8,00,00,00,00,00,00,00,00,
1043784,000001A4,false,Rx,0,8,FE,07,00,00,00,00,00,00,
1045462,000002C1,false,Rx,0,8,5C,9F,8B,21,00,41,00,A1,
1045662,000002C2,false,Rx,0,8,40,00,00,00,00,00,00,00,
1045711,000002C3,false,Rx,0,8,00,00,00,00,00,00,00,00,
1045936,000002C4,false,Rx,0,8,00,00,00,00,00,00,00,00,
1051585,00000161,false,Rx,0,8,FE,4C,6A,03,00,00,00,02,
1051678,00000162,false,Rx,0,8,FF,FC,01,00,00,00,00,00,
1052021,000001FB,false,Rx,0,8,52,CB,15,00,00,00,00,00,
1052159,000001FC,false,Rx,0,8,00,00,00,00,00,00,00,00,
1052383,000003B0,false,Rx,0,8,72,37,FF,C7,00,00,03,C0,
1052634,000001FD,false,Rx,0,8,00,1A,03,00,00,00,00,00,
1052891,000001FE,false,Rx,0,8,00,00,00,00,00,00,00,00,
1053220,000003B1,false,Rx,0,8,9B,3C,FF,40,00,00,20,00,
1054129,00000419,false,Rx,0,8,B7,C0,0B,DB,95,7B,84,00,
1055300,000001E6,false,Rx,0,8,55,6B,25,02,00,00,00,00,
1055538,000001E7,false,Rx,0,8,00,00,22,03,20,01,00,00,
1055773,000001BB,false,Rx,0,8,45,FC,25,02,00,00,00,0A,
1056032,000001BC,false,Rx,0,8,32,00,00,00,02,00,00,00,
1056435,000003B2,false,Rx,0,8,36,15,FF,02,29,2F,34,00,
1056531,000001BD,false,Rx,0,8,00,00,00,00,00,00,00,00,
1057923,000000FF,false,Rx,0,8,CB,10,00,00,00,00,02,00,
1058431,00000427,false,Rx,0,8,1D,86,FF,00,80,0A,00,00,
1059507,00000394,false,Rx,0,8,2A,22,1A,49,00,00,00,00,
1059811,000003C3,false,Rx,0,8,45,10,31,30,36,00,00,00,
1059902,000003E0,false,Rx,0,8,6E,50,01,00,54,03,00,00,
1060616,000003E5,false,Rx,0,8,F9,20,01,00,00,00,00,00,
1060751,000003E6,false,Rx,0,8,A1,40,00,00,00,00,00,00,
1060996,0000041A,false,Rx,0,8,A3,30,12,00,50,01,00,00,
1061276,0000041B,false,Rx,0,8,BE,70,00,00,00,00,00,00,
1061526,0000041C,false,Rx,0,8,84,D0,E8,00,00,00,00,00,
1061790,00000422,false,Rx,0,8,FA,20,01,00,00,00,04,00,
1062202,00000432,false,Rx,0,8,03,20,02,00,00,00,00,00,
1063257,00000435,false,Rx,0,8,C8,C0,00,50,00,00,00,00,
1063877,000000A1,false,Rx,0,8,6D,1F,ED,8A,D4,EC,A2,00,
1064340,00000442,false,Rx,0,8,CE,20,11,81,00,00,00,00,
1064412,000000A2,false,Rx,0,8,00,00,00,00,00,00,00,00,
1064543,00000444,false,Rx,0,8,DD,50,20,50,55,50,00,00,
1064906,000000A3,false,Rx,0,8,00,40,01,00,00,00,00,00,
1065202,00000445,false,Rx,0,8,6F,30,00,00,00,00,00,18,
1065771,00000464,false,Rx,0,8,6C,30,F0,FF,38,7F,05,00,
1067635,0000010B,false,Rx,0,8,A4,37,D1,00,00,00,00,05,
1067728,0000010C,false,Rx,0,8,FF,F9,E7,1F,43,48,44,44,
1067797,0000010D,false,Rx,0,8,EF,02,00,00,00,00,00,35,
1068462,0000010E,false,Rx,0,8,00,00,0A,00,00,C0,AB,57,
1068537,0000019B,false,Rx,0,8,BC,8E,CF,00,00,E4,00,00,
1068580,0000019C,false,Rx,0,8,40,20,00,00,00,00,0B,09,
1068834,0000019D,false,Rx,0,8,00,10,00,01,00,00,00,00,
1069522,0000019E,false,Rx,0,8,15,00,00,00,00,32,00,00,
1069706,000004A3,false,Rx,1,8,80,00,48,0B,3E,00,00,00,
1070155,000004A4,false,Rx,1,8,FF,FF,FF,00,00,00,00,00,
1073386,00000061,false,Rx,0,8,B1,92,EE,00,00,00,00,00,
1073481,00000062,false,Rx,0,8,02,02,00,02,40,FF,00,FF,
1073871,00000063,false,Rx,0,8,CA,00,15,00,00,08,FD,00,
1074250,00000064,false,Rx,0,8,00,00,00,04,FF,FA,00,00,
1074678,00000121,false,Rx,0,8,2A,89,D2,00,00,00,00,05,
1074747,00000122,false,Rx,0,8,FF,D9,67,1F,44,45,44,44,
1075269,00000123,false,Rx,0,8,F0,02,00,00,00,00,00,35,
1075312,00000124,false,Rx,0,8,00,00,0A,00,00,00,20,40,
1083794,00000036,false,Rx,0,8,C7,5C,D3,51,00,00,25,05,
1083913,00000037,false,Rx,0,8,02,00,00,10,00,40,00,00,
1084285,00000038,false,Rx,0,8,04,00,00,00,20,39,96,D4,
1084703,00000039,false,Rx,0,8,00,00,00,00,00,00,00,00,
1091740,0000011B,false,Rx,0,8,4A,AB,D8,05,80,08,A8,02,
1091844,0000012B,false,Rx,0,8,0D,51,D8,06,00,00,08,00,
1092217,0000011C,false,Rx,0,8,00,05,20,00,22,00,01,01,
1092285,0000012C,false,Rx,0,8,00,00,01,00,00,64,00,00,
1094317,00000419,false,Rx,0,8,B7,C0,0B,DB,95,7B,84,00,
1100525,00000146,false,Rx,0,8,CC,6F,5D,10,04,05,00,00,
1100619,00000475,false,Rx,0,8,12,00,00,00,00,00,00,00,
1100989,00000147,false,Rx,0,8,01,04,7D,00,40,C3,02,00,
1101059,00000496,false,Rx,0,8,12,00,00,00,00,00,00,00,
1101449,00000148,false,Rx,0,8,00,00,42,00,00,7B,40,05,
1101566,000001B1,false,Rx,0,8,CE,05,5D,00,72,00,00,00,
1101800,00000149,false,Rx,0,8,00,38,00,0C,00,00,00,00,
1102038,000001B2,false,Rx,0,8,23,00,04,0D,10,01,50,0F,
1102275,000001B3,false,Rx,0,8,10,2D,33,00,65,7F,72,7B,
1102541,000001B4,false,Rx,0,8,68,77,10,00,00,41,00,00,
1103315,000002BF,false,Rx,0,8,FF,FF,FF,00,00,00,00,00,
1103596,0000047F,false,Rx,0,8,FF,FF,FF,FF,FF,FF,FF,FF,
1104036,00000653,false,Rx,0,8,0A,19,03,01,02,2A,00,00,
1113785,000000A1,false,Rx,0,8,0E,72,F2,8A,D4,EC,A2,00,
1113888,000000A2,false,Rx,0,8,00,00,00,00,00,00,00,00,
1114242,000000A3,false,Rx,0,8,00,40,01,00,00,00,00,00,
1115548,000001AB,false,Rx,0,8,D8,68,0B,40,70,90,00,00,
1115669,000001AC,false,Rx,0,8,00,28,00,00,00,00,00,00,
1117796,0000010B,false,Rx,0,8,57,A9,D6,00,00,00,00,05,
1117925,0000010C,false,Rx,0,8,FF,F9,E7,1F,43,48,44,44,
1118247,0000010D,false,Rx,0,8,EF,02,00,00,00,00,00,35,
1118339,0000010E,false,Rx,0,8,00,00,0A,00,00,C0,AB,57,
1118399,0000019B,false,Rx,0,8,C1,4B,D4,00,00,E4,00,00,
1118526,0000019C,false,Rx,0,8,40,20,00,00,00,00,0B,09,
1118793,0000019D,false,Rx,0,8,00,10,00,01,00,00,00,00,
1119065,0000019E,false,Rx,0,8,15,00,00,00,00,32,00,00,
1119294,00000419,false,Rx,0,8,04,D0,03,DB,95,7B,84,00,
1123237,00000561,false,Rx,0,8,63,02,00,00,00,00,FF,FF,
1123385,00000061,false,Rx,0,8,79,90,F3,00,00,00,00,00,
1123642,00000062,false,Rx,0,8,02,02,00,02,40,FF,00,FF,
1124089,00000063,false,Rx,0,8,CA,00,15,00,00,08,FD,00,
1124173,00000064,false,Rx,0,8,00,00,00,04,FF,FA,00,00,
1124517,00000121,false,Rx,0,8,E6,83,D7,00,00,00,00,05,
1124695,00000122,false,Rx,0,8,FF,D9,67,1F,44,44,44,44,
1124942,00000123,false,Rx,0,8,EF,02,00,00,00,00,00,35,
1125328,00000124,false,Rx,0,8,00,00,0A,00,00,00,20,40,
1133780,00000036,false,Rx,0,8,7F,5D,D8,51,00,00,25,05,
1133883,00000037,false,Rx,0,8,02,00,00,10,00,40,00,00,
1134249,00000038,false,Rx,0,8,04,00,00,00,20,39,96,D4,
1134658,00000039,false,Rx,0,8,00,00,00,00,00,00,00,00,
1138625,00000091,false,Rx,0,8,A6,D0,13,01,00,00,00,00,
1138721,00000092,false,Rx,0,8,14,00,00,00,40,01,00,00,
1139101,0000036F,false,Rx,0,8,89,B1,01,00,00,00,00,00,
1139179,00000093,false,Rx,0,8,00,00,00,00,00,00,00,00,
1139551,0000037F,false,Rx,0,8,83,A0,52,24,41,02,00,00,
1139641,00000094,false,Rx,0,8,00,00,00,00,00,00,00,00,
1139959,000000C5,false,Rx,1,8,00,00,00,00,00,00,00,00,
1140193,00000244,false,Rx,1,8,00,00,00,00,00,00,00,00,
1141472,0000041F,false,Rx,1,8,00,0C,00,00,00,00,00,00,
1141618,000004B4,false,Rx,1,8,01,00,0D,40,10,60,44,02,
1141942,0000011B,false,Rx,0,8,BC,83,DD,05,80,08,A8,02,
1142119,000004B5,false,Rx,1,8,08,00,F0,07,00,00,00,00,
1142194,0000012B,false,Rx,0,8,FB,79,DD,06,00,00,08,00,
1142252,0000011C,false,Rx,0,8,00,05,20,00,22,00,01,01,
1142302,000004B7,false,Rx,1,8,08,00,F0,07,00,00,00,00,
1142357,0000012C,false,Rx,0,8,00,00,01,00,00,64,00,00,
1142405,000004CA,false,Rx,1,8,00,00,00,00,00,00,00,00,
1142448,000001A1,false,Rx,0,8,F8,CD,6E,FE,F7,7F,64,00,
1142676,000004CC,false,Rx,1,8,08,00,00,2A,00,00,03,00,
1143192,000001A2,false,Rx,0,8,00,00,00,00,00,08,00,00,
1143418,000004CE,false,Rx,1,8,14,01,FF,FF,FF,FF,FF,FF,
1143488,000001A3,false,Rx,0,8,FF,F3,3F,00,00,00,00,00,
1143645,000004D7,false,Rx,1,8,23,01,00,00,00,00,00,00,
1143949,000001A4,false,Rx,0,8,FE,07,00,00,00,00,00,00,
1144148,000004D8,false,Rx,1,8,41,10,F6,F0,40,F2,1E,CC,
1144656,000004DD,false,Rx,1,8,00,00,FE,00,04,00,00,00,
1144936,000002AB,false,Rx,0,8,33,85,16,0C,0C,00,00,00,
1145157,000004DF,false,Rx,1,8,00,00,08,00,00,00,00,00,
1145441,000002AC,false,Rx,0,8,00,FF,FF,00,00,40,00,50,
1145582,000004E7,false,Rx,1,8,00,30,00,00,00,00,69,00,
1145891,000002AD,false,Rx,0,8,00,01,00,40,FF,FF,FF,0F,
1146102,000004E8,false,Rx,1,8,FF,FF,FF,29,FF,FF,FF,00,
1146352,000002AE,false,Rx,0,8,01,00,FF,3F,01,01,00,00,
1146587,000004E9,false,Rx,1,8,00,00,00,00,00,00,00,00,
1146653,000002EB,false,Rx,0,8,FE,5C,8A,09,08,01,00,02,
1146839,000002B6,false,Rx,0,8,73,DF,16,01,00,00,00,40,
1147068,000004EA,false,Rx,1,8,00,00,00,00,00,00,00,00,
1147135,000002EC,false,Rx,0,8,12,00,00,00,00,00,00,00,
1147312,000002B7,false,Rx,0,8,94,01,C1,04,00,04,00,00,
1147552,000004EB,false,Rx,1,8,04,68,2B,05,80,00,00,00,
1147717,000002ED,false,Rx,0,8,00,00,00,00,00,00,00,00,
1147796,000002B8,false,Rx,0,8,B2,61,11,00,00,00,00,00,
1148069,000004EC,false,Rx,1,8,FF,FF,FF,FF,FF,FF,FF,0F,
1148195,000002EE,false,Rx,0,8,00,00,00,00,00,00,00,00,
1148300,000002B9,false,Rx,0,8,0A,00,00,00,00,00,00,00,
1148540,000004ED,false,Rx,1,8,FF,FF,FF,FF,FF,FF,FF,1F,
1148744,0000033B,false,Rx,0,8,32,FE,16,00,00,00,00,00,
1148795,000002D6,false,Rx,0,8,79,AA,8A,00,00,00,00,00,
1149027,000004EE,false,Rx,1,8,FF,FF,00,00,00,00,00,00,
1149091,0000033C,false,Rx,0,8,00,00,00,00,F0,00,00,00,
1149281,000002D7,false,Rx,0,8,00,00,00,00,03,00,00,00,
1149509,000004EF,false,Rx,1,8,60,00,60,00,29,14,00,00,
1149683,0000033D,false,Rx,0,8,00,00,00,00,00,00,00,00,
1149763,00000251,false,Rx,0,8,0A,8A,15,00,00,00,00,00,
1149999,0000063D,false,Rx,1,8,00,80,00,00,00,00,00,00,
1150157,000002D8,false,Rx,0,8,00,00,00,00,00,00,38,44,
1150263,00000252,false,Rx,0,8,00,00,00,00,03,00,00,00,
1150518,0000063E,false,Rx,1,8,FF,FF,FF,FF,FF,FF,FF,FF,
1150587,000002D9,false,Rx,0,8,00,00,00,00,00,00,00,00,
1150758,00000253,false,Rx,0,8,00,00,00,52,52,00,80,46,
1150991,0000063F,false,Rx,1,8,00,10,00,C4,FF,00,00,00,
1151150,000002E1,false,Rx,0,8,10,A0,16,00,00,00,00,40,
1151249,0000033E,false,Rx,0,8,00,00,00,00,00,00,00,00,
1151484,00000640,false,Rx,1,8,FF,FF,FF,00,FF,FF,FF,00,
1151653,00000161,false,Rx,0,8,08,64,6F,03,00,00,00,02,
1151717,000002E2,false,Rx,0,8,FD,00,00,00,00,14,00,04,
1151979,00000641,false,Rx,1,8,FF,FF,FF,FF,0F,FF,FF,FF,
1152045,00000162,false,Rx,0,8,FF,FC,01,00,00,00,00,00,
1152237,000002E3,false,Rx,0,8,00,00,00,00,00,00,72,01,
1152457,00000356,false,Rx,0,8,BA,62,8B,00,00,00,00,00,
1152541,00000646,false,Rx,1,8,00,00,00,80,01,00,00,00,
1152730,000002E4,false,Rx,0,8,02,00,00,00,00,00,00,00,
1152937,00000357,false,Rx,0,8,00,00,00,00,00,4B,4D,48,
1153429,00000358,false,Rx,0,8,35,41,45,4D,52,37,33,4F,
1153907,00000359,false,Rx,0,8,51,4F,34,52,4A,35,33,00,
1154382,00000396,false,Rx,0,8,AC,A7,8A,0F,08,01,00,02,
1154884,00000397,false,Rx,0,8,0C,00,00,00,00,00,00,00,
1155382,00000398,false,Rx,0,8,00,00,00,00,00,00,00,00,
1155894,00000401,false,Rx,0,8,30,D0,10,00,00,01,00,00,
1158270,00000111,false,Rx,0,8,82,FB,DA,01,00,00,00,00,
1158684,00000112,false,Rx,0,8,00,00,00,00,00,00,00,00,
1159370,00000113,false,Rx,0,8,00,00,00,00,00,00,00,00,
1159443,00000405,false,Rx,0,8,7B,E0,00,00,00,01,00,00,
1159726,00000114,false,Rx,0,8,00,00,00,00,00,00,00,00,
1160085,00000410,false,Rx,0,8,A3,90,53,3C,B4,6A,FF,FF,
1160440,00000411,false,Rx,0,8,BD,71,50,50,00,00,44,05,
1160763,00000413,false,Rx,0,8,F5,10,00,41,00,00,00,00,
1160892,00000412,false,Rx,0,8,F1,00,00,00,00,00,04,00,
1161150,00000414,false,Rx,0,8,87,A0,00,00,28,00,00,00,
1161453,00000416,false,Rx,0,8,55,00,00,00,00,00,00,00,
1161673,000004F0,false,Rx,1,8,4A,0D,2B,06,5C,1A,11,02,
1161740,00000417,false,Rx,0,8,D0,20,00,00,00,01,00,00,
1162204,00000418,false,Rx,0,8,18,00,00,00,14,4C,00,00,
1162460,00000419,false,Rx,0,8,04,D0,03,DB,95,7B,84,00,
1162669,0000048F,false,Rx,0,8,AD,10,41,00,05,00,00,00,
1163599,000000A1,false,Rx,0,8,01,99,F7,8A,D4,EC,A2,00,
1163877,000000A2,false,Rx,0,8,00,00,00,00,00,00,00,00,
1164157,000000A3,false,Rx,0,8,00,40,01,00,00,00,00,00,
1167325,0000010B,false,Rx,0,8,5A,6F,DB,00,00,00,00,05,
1167501,0000010C,false,Rx,0,8,FF,F9,E7,1F,43,48,44,44,
1167741,0000010D,false,Rx,0,8,EF,02,00,00,00,00,00,35,
1167999,0000010E,false,Rx,0,8,00,00,0A,00,00,C0,AB,57,
1168338,0000019B,false,Rx,0,8,CC,8D,D9,00,00,E4,00,00,
1168582,0000019C,false,Rx,0,8,40,20,00,00,00,00,0B,09,
1168878,0000019D,false,Rx,0,8,00,10,00,01,00,00,00,00,
1169093,0000019E,false,Rx,0,8,15,00,00,00,00,32,00,00,
1173234,00000061,false,Rx,0,8,C1,91,F8,00,00,00,00,00,
1173432,00000062,false,Rx,0,8,02,02,00,02,40,FF,00,FF,
1173688,00000063,false,Rx,0,8,CA,00,15,00,00,08,FD,00,
1173965,00000064,false,Rx,0,8,00,00,00,04,FF,FA,00,00,
1174409,00000121,false,Rx,0,8,1B,71,DC,00,00,00,00,05,
1174640,00000122,false,Rx,0,8,FF,D9,67,1F,44,44,44,44,
1174885,000002E6,false,Rx,0,8,89,8C,13,01,00,00,00,15,
1175114,00000123,false,Rx,0,8,F0,02,00,00,00,00,00,35,
1175357,00000256,false,Rx,0,8,CA,61,13,15,00,00,30,02,
1175595,00000124,false,Rx,0,8,00,00,0A,00,00,00,20,40,
1175866,00000257,false,Rx,0,8,00,8E,3E,37,83,07,00,8E,
1176078,000002E7,false,Rx,0,8,0A,00,00,00,00,00,00,00,
1176321,00000258,false,Rx,0,8,01,23,1D,00,10,15,00,1C,
1176568,000002E8,false,Rx,0,8,00,00,00,00,00,00,00,00,
1176853,00000259,false,Rx,0,8,F8,05,94,3C,30,02,00,00,
1177063,000002E9,false,Rx,0,8,00,00,00,00,00,00,00,00,
1177305,000003B6,false,Rx,0,8,9C,BF,89,00,00,00,00,44,
1177561,000003B7,false,Rx,0,8,43,00,00,00,00,00,00,00,
1177832,000003B8,false,Rx,0,8,EA,02,00,00,00,00,69,0E,
1178084,000003B9,false,Rx,0,8,00,00,00,00,00,00,00,00,
1182017,000001E1,false,Rx,0,8,30,36,2D,02,00,00,00,00,
1182215,000001E2,false,Rx,0,8,00,00,00,00,00,00,00,00,
1183649,00000036,false,Rx,0,8,00,71,DD,51,00,00,25,05,
1183908,00000037,false,Rx,0,8,02,00,00,10,00,40,00,00,
1184155,00000038,false,Rx,0,8,04,00,00,00,20,39,96,D4,
1184478,00000039,false,Rx,0,8,00,00,00,00,00,00,00,00,
1184915,00000419,false,Rx,0,8,00,E0,03,DB,99,7B,84,00,
1188272,000001F1,false,Rx,0,8,C3,3E,65,01,00,00,28,00,
1188497,000001F2,false,Rx,0,8,00,00,00,00,00,00,00,00,
1191609,0000011B,false,Rx,0,8,B8,9F,E2,05,80,08,A8,02,
1191775,0000012B,false,Rx,0,8,FF,65,E2,06,00,00,08,00,
1192029,0000011C,false,Rx,0,8,00,05,20,00,22,00,01,01,
1192275,0000012C,false,Rx,0,8,00,00,01,00,00,64,00,00,
1195366,000003AA,false,Rx,0,8,FF,00,D0,00,54,00,00,00,
1200371,00000146,false,Rx,0,8,EE,65,62,10,04,05,00,00,
1200562,00000147,false,Rx,0,8,01,04,7D,00,40,B1,02,00,
1200813,00000148,false,Rx,0,8,00,00,42,00,00,7B,40,05,
1201072,00000149,false,Rx,0,8,00,38,00,0C,00,00,00,00,
1201313,000001B1,false,Rx,0,8,21,2C,62,00,72,00,00,00,
1201469,000004F0,false,Rx,1,8,4A,0D,2B,06,5C,1A,11,02,
1201623,000001B2,false,Rx,0,8,23,00,04,0D,10,01,50,0F,
1202073,000001B3,false,Rx,0,8,10,2D,33,00,65,7F,72,7B,
1202315,000001B4,false,Rx,0,8,68,77,10,00,00,41,00,00,
1202572,0000030B,false,Rx,0,8,F9,FB,16,00,04,00,00,00,
1202869,0000030C,false,Rx,0,8,00,00,0C,00,2C,00,A0,0F,
1203075,0000030D,false,Rx,0,8,00,00,00,00,42,00,00,00,
1203388,0000030E,false,Rx,0,8,00,00,28,05,21,00,00,04,
1203657,000001E6,false,Rx,0,8,26,52,28,02,00,00,00,00,
1204544,00000495,false,Rx,0,8,49,00,00,00,00,00,00,00,
1204615,000001E7,false,Rx,0,8,00,00,22,03,20,01,00,00,
1205543,000001BB,false,Rx,0,8,73,BF,28,02,00,00,00,0A,
1205631,000001BC,false,Rx,0,8,32,00,00,00,02,00,00,00,
1205678,000001BD,false,Rx,0,8,00,00,00,00,00,00,00,00,
1209476,00000236,false,Rx,0,8,DE,B7,16,00,30,63,34,6C,
1209568,000002FB,false,Rx,0,8,17,83,16,04,0C,14,C3,C3,
1210129,00000151,false,Rx,0,8,5D,0A,16,A0,C8,00,28,15,
1210209,00000237,false,Rx,0,8,00,05,94,00,00,5C,1D,00,
1210255,00000152,false,Rx,0,8,12,14,14,00,24,00,00,00,
1210489,000001F6,false,Rx,0,8,F5,74,16,00,00,00,00,0D,
1210818,00000153,false,Rx,0,8,00,00,00,00,00,00,00,00,
1211278,000001F7,false,Rx,0,8,1F,00,DC,00,00,00,00,00,
1211332,00000154,false,Rx,0,8,00,00,00,00,00,00,00,00,
1211446,000001F8,false,Rx,0,8,00,69,00,64,00,00,00,00,
1211770,000002FC,false,Rx,0,8,0C,00,12,15,00,00,87,96,
1212137,000001F9,false,Rx,0,8,19,00,A0,C8,14,00,19,00,
1212460,000002FD,false,Rx,0,8,00,00,00,00,00,1C,10,EA,
1212789,00000238,false,Rx,0,8,00,00,0C,00,00,00,00,00,
1212883,000002FE,false,Rx,0,8,00,00,72,01,00,28,00,00,
1213179,00000239,false,Rx,0,8,00,00,00,00,01,00,00,00,
1213452,00000326,false,Rx,0,8,ED,CD,16,00,00,00,00,00,
1213743,0000025B,false,Rx,0,8,09,ED,16,40,40,20,00,00,
1213832,000000A1,false,Rx,0,8,3D,68,FC,8A,D4,EC,A2,00,
1213885,0000025C,false,Rx,0,8,00,00,1F,00,BD,68,14,00,
1214171,000000A2,false,Rx,0,8,00,00,00,00,00,00,00,00,
1214524,0000025D,false,Rx,0,8,00,C8,00,00,00,80,C0,70,
1214718,000000A3,false,Rx,0,8,00,40,01,00,00,00,00,00,
1214857,0000025E,false,Rx,0,8,61,07,0E,09,00,00,00,00,
1215207,00000327,false,Rx,0,8,00,00,00,00,01,00,00,00,
1215678,000001AB,false,Rx,0,8,1A,B2,10,40,70,90,00,00,
1215768,00000328,false,Rx,0,8,DC,00,19,00,00,69,00,00,
1215830,000001AC,false,Rx,0,8,00,28,00,00,00,00,00,00,
1216164,00000563,false,Rx,1,8,65,02,00,00,00,00,FF,FF,
1216267,00000329,false,Rx,0,8,A0,64,00,00,00,00,00,00,
1216953,00000448,false,Rx,0,8,7F,00,00,00,00,00,00,00,
1217275,00000331,false,Rx,0,8,1D,EC,16,F1,C8,A0,2C,97,
1217361,00000419,false,Rx,0,8,73,00,FC,DA,99,7B,84,00,
1217616,00000332,false,Rx,0,8,44,07,B4,00,00,00,00,00,
1217741,0000010B,false,Rx,0,8,8C,33,E0,00,00,00,00,05,
1217834,00000333,false,Rx,0,8,00,00,00,1C,0C,40,20,A0,
1217959,0000010C,false,Rx,0,8,FF,F9,E7,1F,43,48,44,44,
1218350,00000334,false,Rx,0,8,C8,00,00,00,5C,70,B7,8F,
1218541,0000010D,false,Rx,0,8,EF,02,00,00,00,00,00,35,
1218664,0000019B,false,Rx,0,8,3F,13,DE,00,00,E4,00,00,
1218922,0000010E,false,Rx,0,8,00,00,0A,00,00,C0,AB,57,
1219160,0000019C,false,Rx,0,8,40,20,00,00,00,00,0B,09,
1219414,0000019D,false,Rx,0,8,00,10,00,01,00,00,00,00,
1219662,0000019E,false,Rx,0,8,15,00,00,00,00,32,00,00,
1222493,00000380,false,Rx,0,8,CD,96,05,0C,0C,0C,0C,01,
1223663,00000061,false,Rx,0,8,BE,BD,FD,00,00,00,00,00,
1223967,00000382,false,Rx,0,8,FD,CD,04,00,00,05,09,00,
1224013,00000062,false,Rx,0,8,02,02,00,02,40,FF,00,FF,
1224277,00000063,false,Rx,0,8,CA,00,15,00,00,08,FD,00,
1224624,00000064,false,Rx,0,8,00,00,00,04,FF,FA,00,00,
1225132,00000121,false,Rx,0,8,78,EA,E1,00,00,00,00,05,
1225246,00000122,false,Rx,0,8,FF,D9,67,1F,44,44,44,44,
1225309,00000123,false,Rx,0,8,F0,02,00,00,00,00,00,35,
1225352,00000383,false,Rx,0,8,2F,9B,03,10,01,00,00,00,
1225477,00000124,false,Rx,0,8,00,00,0A,00,00,00,20,40,
1226180,00000384,false,Rx,0,8,13,BD,04,01,00,FF,00,22,
1227752,0000042A,false,Rx,0,8,69,FB,03,04,00,10,00,00,
1231067,00000487,false,Rx,1,8,00,00,00,00,00,00,00,00,
1231236,00000642,false,Rx,1,8,FF,FF,FF,FF,FF,FF,00,00,
1233796,00000036,false,Rx,0,8,EF,58,E2,51,00,00,25,05,
1233898,00000037,false,Rx,0,8,02,00,00,10,00,40,00,00,
1234242,00000038,false,Rx,0,8,04,00,00,00,20,39,96,D4,
1234389,00000039,false,Rx,0,8,00,00,00,00,00,00,00,00,
1235241,00000226,false,Rx,0,8,BE,98,05,FF,FB,20,09,42,
1235540,000002FF,false,Rx,0,8,83,B9,00,F0,3F,00,00,00,
1235713,00000227,false,Rx,0,8,02,C4,07,09,00,F1,6F,03,
1235946,00000316,false,Rx,0,8,25,2F,04,B4,0F,80,0A,00,
1236185,00000472,false,Rx,0,8,5C,EC,00,40,08,41,00,45,
1236421,00000317,false,Rx,0,8,00,00,05,00,00,00,00,00,
1236689,00000473,false,Rx,0,8,5F,24,00,25,00,00,00,78,
1236926,00000474,false,Rx,0,8,53,98,00,00,00,00,00,10,
1238470,00000091,false,Rx,0,8,55,4E,14,01,00,00,00,00,
1238653,00000092,false,Rx,0,8,14,00,00,00,40,01,00,00,
1238902,0000036F,false,Rx,0,8,81,C1,01,00,00,00,00,00,
1239160,00000093,false,Rx,0,8,00,00,00,00,00,00,00,00,
1239393,0000037F,false,Rx,0,8,3A,B0,52,24,41,02,00,00,
1239646,00000094,false,Rx,0,8,00,00,00,00,00,00,00,00,
1241227,000004F0,false,Rx,1,8,4A,0D,2B,06,5C,1A,11,02,
1241563,0000012B,false,Rx,0,8,09,4D,E7,06,00,00,08,00,
1241652,0000011B,false,Rx,0,8,4E,B7,E7,05,80,08,A8,02,
1241899,0000012C,false,Rx,0,8,00,00,01,00,00,64,00,00,
1242143,0000011C,false,Rx,0,8,00,05,20,00,22,00,01,01,
1242380,000001A1,false,Rx,0,8,30,CF,73,FE,F7,7F,64,00,
1242621,000003A1,false,Rx,0,8,2C,D8,39,00,FF,FF,FF,FF,
1242884,000001A2,false,Rx,0,8,00,00,00,00,00,08,00,00,
1243170,000003A2,false,Rx,0,8,00,00,00,00,00,00,00,00,
1243483,000001A3,false,Rx,0,8,FF,F3,3F,00,00,00,00,00,
1244224,000001A4,false,Rx,0,8,FE,07,00,00,00,00,00,00,
1245196,000002C1,false,Rx,0,8,AF,01,8C,21,00,41,00,A1,
1245342,000002C2,false,Rx,0,8,40,00,00,00,00,00,00,00,
1245638,000002C3,false,Rx,0,8,00,00,00,00,00,00,00,00,
1245874,000002C4,false,Rx,0,8,00,00,00,00,00,00,00,00,
1251597,00000161,false,Rx,0,8,CA,BE,74,03,00,00,00,02,
1251690,00000162,false,Rx,0,8,FF,FC,01,00,00,00,00,00,
1252059,000001FB,false,Rx,0,8,DE,79,17,00,00,00,00,00,
1252539,000001FC,false,Rx,0,8,00,00,00,00,00,00,00,00,
1252895,000003B0,false,Rx,0,8,72,37,FF,C7,00,00,03,C0,
1252966,000001FD,false,Rx,0,8,00,1A,03,00,00,00,00,00,
1253026,000001FE,false,Rx,0,8,00,00,00,00,00,00,00,00,
1253396,000003B1,false,Rx,0,8,9B,3C,FF,40,00,00,20,00,
1254372,00000419,false,Rx,0,8,73,00,FC,DA,99,7B,84,00,
1256296,000003B2,false,Rx,0,8,36,15,FF,02,29,2F,34,00,
1257548,000000FF,false,Rx,0,8,CB,10,00,00,00,00,02,00,
1258399,00000427,false,Rx,0,8,1D,86,FF,00,80,0A,00,00,
1259740,00000394,false,Rx,0,8,2A,22,1A,49,00,00,00,00,
1259829,000003C3,false,Rx,0,8,45,10,31,30,36,00,00,00,
1260148,000003E0,false,Rx,0,8,6E,50,01,00,54,03,00,00,
1261008,000003E5,false,Rx,0,8,F9,20,01,00,00,00,00,00,
1261098,000003E6,false,Rx,0,8,A1,40,00,00,00,00,00,00,
1261583,0000041A,false,Rx,0,8,A3,30,12,00,50,01,00,00,
1262376,0000041B,false,Rx,0,8,BE,70,00,00,00,00,00,00,
1262501,0000041C,false,Rx,0,8,84,D0,E8,00,00,00,00,00,
1262550,00000422,false,Rx,0,8,FA,20,01,00,00,00,04,00,
1263675,00000432,false,Rx,0,8,03,20,02,00,00,00,00,00,
1263792,000000A1,false,Rx,0,8,49,D8,01,8A,D4,EC,A2,00,
1264194,00000435,false,Rx,0,8,C8,C0,00,50,00,00,00,00,
1264880,000000A2,false,Rx,0,8,00,00,00,00,00,00,00,00,
1265165,00000442,false,Rx,0,8,CE,20,11,81,00,00,00,00,
1265225,000000A3,false,Rx,0,8,00,40,01,00,00,00,00,00,
1265270,00000444,false,Rx,0,8,DD,50,20,50,55,50,00,00,
1265314,0000048B,false,Rx,0,8,52,C6,1C,1E,01,00,00,00,
1265417,00000445,false,Rx,0,8,6F,30,00,00,00,00,00,18,
1265665,0000048C,false,Rx,0,8,00,00,00,00,00,00,00,00,
1265904,00000464,false,Rx,0,8,6C,30,F0,FF,38,7F,05,00,
1267431,0000010B,false,Rx,0,8,F3,1F,E5,00,00,00,00,05,
1267553,0000010C,false,Rx,0,8,FF,F9,E7,1F,43,48,44,44,
1268020,0000010D,false,Rx,0,8,EF,02,00,00,00,00,00,35,
1268358,0000010E,false,Rx,0,8,00,00,0A,00,00,C0,AB,57,
1268688,0000019B,false,Rx,0,8,5C,88,E3,00,00,E4,00,00,
1268774,0000019C,false,Rx,0,8,40,20,00,00,00,00,0B,09,
1269080,0000019D,false,Rx,0,8,00,10,00,01,00,00,00,00,
1269177,0000019E,false,Rx,0,8,15,00,00,00,00,32,00,00,
1272187,000004A3,false,Rx,1,8,80,00,48,0B,3E,00,00,00,
1272283,000004A4,false,Rx,1,8,FF,FF,FF,00,00,00,00,00,
1272333,000004E8,false,Rx,1,8,FF,FF,FF,29,FF,FF,FF,00,
1273380,00000061,false,Rx,0,8,C8,F1,02,00,00,00,00,00,
1273477,00000062,false,Rx,0,8,02,02,00,02,40,FF,00,FF,
1273872,00000063,false,Rx,0,8,CA,00,15,00,00,08,FD,00,
1273997,00000064,false,Rx,0,8,00,00,00,04,FF,FA,00,00,
1274710,00000121,false,Rx,0,8,8B,74,E6,00,00,00,00,05,
1275520,00000122,false,Rx,0,8,FF,D9,67,1F,44,44,44,44,
1275649,00000123,false,Rx,0,8,F0,02,00,00,00,00,00,35,
1275890,00000124,false,Rx,0,8,00,00,0A,00,00,00,20,40,
1283805,00000036,false,Rx,0,8,90,74,E7,51,00,00,25,05,
1283906,00000037,false,Rx,0,8,02,00,00,10,00,40,00,00,
1284266,00000038,false,Rx,0,8,04,00,00,00,20,39,96,D4,
1284696,00000039,false,Rx,0,8,00,00,00,00,00,00,00,00,
1291766,0000011B,false,Rx,0,8,86,4E,EC,05,80,08,A8,02,
1291870,0000012B,false,Rx,0,8,C1,B4,EC,06,00,00,08,00,
1292226,0000011C,false,Rx,0,8,00,05,20,00,22,00,01,01,
1292304,0000012C,false,Rx,0,8,00,00,01,00,00,64,00,00,
1294268,00000419,false,Rx,0,8,73,00,FC,DA,99,7B,84,00,
1300542,00000146,false,Rx,0,8,AA,12,67,10,04,05,00,00,
1300637,00000475,false,Rx,0,8,12,00,00,00,00,00,00,00,
1301014,00000147,false,Rx,0,8,01,04,7D,00,40,A0,02,00,
1301083,00000496,false,Rx,0,8,12,00,00,00,00,00,00,00,
1301529,00000148,false,Rx,0,8,00,00,42,00,00,7B,40,05,
1301603,000001B1,false,Rx,0,8,5E,00,67,00,72,00,00,00,
1302009,00000149,false,Rx,0,8,00,38,00,0C,00,00,00,00,
1302066,000001B2,false,Rx,0,8,23,00,04,0D,10,01,50,0F,
1303361,000001B3,false,Rx,0,8,10,2D,33,00,65,7F,72,7B,
1303739,000001B4,false,Rx,0,8,68,77,10,00,00,41,00,00,
1304029,000002BF,false,Rx,0,8,FF,FF,FF,00,00,00,00,00,
1304120,0000047F,false,Rx,0,8,FF,FF,FF,FF,FF,FF,FF,FF,
1304178,00000653,false,Rx,0,8,0A,19,03,01,02,2A,00,00,
1311781,000004E8,false,Rx,1,8,FF,FF,FF,29,FF,FF,FF,00,
1313923,000000A1,false,Rx,0,8,40,5D,06,8A,D4,EC,A2,00,
1314008,000000A2,false,Rx,0,8,00,00,00,00,00,00,00,00,
1314094,000000A3,false,Rx,0,8,00,40,01,00,00,00,00,00,
1315177,00000565,false,Rx,0,8,66,02,00,00,00,00,FF,FF,
1315256,000001AB,false,Rx,0,8,EC,9A,15,40,70,90,00,00,
1315517,000001AC,false,Rx,0,8,00,28,00,00,00,00,00,00,
1317340,0000010B,false,Rx,0,8,72,6B,EA,00,00,00,00,05,
1317559,0000010C,false,Rx,0,8,FF,F9,E7,1F,43,48,44,44,
1317794,0000010D,false,Rx,0,8,EF,02,00,00,00,00,00,35,
1318206,0000010E,false,Rx,0,8,00,00,0A,00,00,C0,AB,57,
1318298,0000019B,false,Rx,0,8,E4,89,E8,00,00,E4,00,00,
1318713,0000019C,false,Rx,0,8,40,20,00,00,00,00,0B,09,
1319038,0000019D,false,Rx,0,8,00,10,00,01,00,00,00,00,
1319410,00000419,false,Rx,0,8,86,10,F5,DA,99,7B,84,00,
1319500,0000019E,false,Rx,0,8,15,00,00,00,00,32,00,00,
1323403,00000061,false,Rx,0,8,B7,DD,07,00,00,00,00,00,
1323498,00000062,false,Rx,0,8,02,02,00,02,40,FF,00,FF,
1323872,00000063,false,Rx,0,8,CA,00,15,00,00,08,FD,00,
1323983,00000064,false,Rx,0,8,00,00,00,04,FF,FA,00,00,
1324666,00000121,false,Rx,0,8,86,B2,EB,00,00,00,00,05,
1324732,00000122,false,Rx,0,8,FF,D9,67,1F,44,44,44,44,
1325063,00000123,false,Rx,0,8,F0,02,00,00,00,00,00,35,
1325207,00000124,false,Rx,0,8,00,00,0A,00,00,00,20,40,
1332074,000001E1,false,Rx,0,8,49,2C,30,02,00,00,00,00,
1332169,000001E2,false,Rx,0,8,00,00,00,00,00,00,00,00,
1333742,00000036,false,Rx,0,8,28,75,EC,51,00,00,25,05,
1333827,00000037,false,Rx,0,8,02,00,00,10,00,40,00,00,
1334069,00000038,false,Rx,0,8,04,00,00,00,20,39,96,D4,
1334323,00000039,false,Rx,0,8,00,00,00,00,00,00,00,00,
1338024,000001F1,false,Rx,0,8,B0,07,68,01,00,00,28,00,
1338251,000001F2,false,Rx,0,8,00,00,00,00,00,00,00,00,
1338483,00000091,false,Rx,0,8,E6,60,15,01,00,00,00,00,
1338734,00000092,false,Rx,0,8,13,00,00,00,30,01,00,00,
1338980,0000036F,false,Rx,0,8,38,D1,01,00,00,00,00,00,
1339269,00000093,false,Rx,0,8,00,00,00,00,00,00,00,00,
1339473,0000037F,false,Rx,0,8,32,C0,52,24,41,02,00,00,
1339729,00000094,false,Rx,0,8,00,00,00,00,00,00,00,00,
1341719,000000C5,false,Rx,1,8,00,00,00,00,00,00,00,00,
1342299,000001A1,false,Rx,0,8,88,CE,78,FE,F7,7F,64,00,
1343046,00000244,false,Rx,1,8,00,00,00,00,00,00,00,00,
1343321,0000011B,false,Rx,0,8,FF,54,F1,05,80,08,A8,02,
1343756,000004B4,false,Rx,1,8,01,00,0D,40,10,60,44,02,
1344039,0000011C,false,Rx,0,8,00,05,20,00,22,00,01,01,
1344238,000004B5,false,Rx,1,8,08,00,F0,07,00,00,00,00,
1344552,0000012B,false,Rx,0,8,B8,AE,F1,06,00,00,08,00,
1345392,000004B7,false,Rx,1,8,08,00,F0,07,00,00,00,00,
1345816,000001A2,false,Rx,0,8,00,00,00,00,00,08,00,00,
1346068,000004CA,false,Rx,1,8,00,00,00,00,00,00,00,00,
1346185,0000012C,false,Rx,0,8,00,00,01,00,00,64,00,00,
1346229,000001A3,false,Rx,0,8,FF,F3,3F,00,00,00,00,00,
1346284,000004CC,false,Rx,1,8,08,00,00,2A,00,00,03,00,
1346334,000004CE,false,Rx,1,8,14,01,FF,FF,FF,FF,FF,FF,
1346382,000001A4,false,Rx,0,8,FE,07,00,00,00,00,00,00,
1346441,000004D7,false,Rx,1,8,23,01,00,00,00,00,00,00,
1346489,000004D8,false,Rx,1,8,41,10,F6,F0,40,F2,1E,CC,
1346535,000002AB,false,Rx,0,8,F4,A8,18,0C,0C,00,00,00,
1346587,000004DD,false,Rx,1,8,00,00,FE,00,04,00,00,00,
1346645,000002AC,false,Rx,0,8,00,FF,FF,00,00,40,00,50,
1346708,000002AD,false,Rx,0,8,00,01,00,40,FF,FF,FF,0F,
1346759,000004DF,false,Rx,1,8,00,00,08,00,00,00,00,00,
1346807,000004E7,false,Rx,1,8,00,30,00,00,00,00,69,00,
1346871,000002AE,false,Rx,0,8,01,00,FF,3F,01,01,00,00,
1346934,000004E9,false,Rx,1,8,00,00,00,00,00,00,00,00,
1346978,000002B6,false,Rx,0,8,B4,F2,18,01,00,00,00,40,
1347027,000004EA,false,Rx,1,8,00,00,00,00,00,00,00,00,
1347082,000002B7,false,Rx,0,8,94,01,C1,04,00,04,00,00,
1347164,000004EB,false,Rx,1,8,04,68,2B,05,80,00,00,00,
1347212,000002B8,false,Rx,0,8,B2,61,11,00,00,00,00,00,
1347258,000002EB,false,Rx,0,8,01,2A,8B,09,08,01,00,02,
1347306,000004EC,false,Rx,1,8,FF,FF,FF,FF,FF,FF,FF,0F,
1347358,000002B9,false,Rx,0,8,0A,00,00,00,00,00,00,00,
1347428,000002EC,false,Rx,0,8,00,00,00,00,00,00,00,00,
1347548,000004ED,false,Rx,1,8,FF,FF,FF,FF,FF,FF,FF,1F,
1347695,000002D6,false,Rx,0,8,3F,F3,8B,00,00,00,00,00,
1347945,000002ED,false,Rx,0,8,00,00,00,00,00,00,00,00,
1348045,000004EE,false,Rx,1,8,FF,FF,00,00,00,00,00,00,
1348194,000002D7,false,Rx,0,8,00,00,00,00,03,00,00,00,
1348439,000002EE,false,Rx,0,8,00,00,00,00,00,00,00,00,
1348517,000004EF,false,Rx,1,8,60,00,60,00,29,14,00,00,
1348690,000002D8,false,Rx,0,8,00,00,00,00,00,00,38,44,
1348931,0000033B,false,Rx,0,8,F5,D3,18,00,00,00,00,00,
1349003,0000063D,false,Rx,1,8,00,80,00,00,00,00,00,00,
1349174,000002D9,false,Rx,0,8,00,00,00,00,00,00,00,00,
1349429,0000033C,false,Rx,0,8,00,00,00,00,F0,00,00,00,
1349517,0000063E,false,Rx,1,8,FF,FF,FF,FF,FF,FF,FF,FF,
1349690,00000251,false,Rx,0,8,0C,E4,17,00,00,00,00,00,
1349911,000002E1,false,Rx,0,8,D7,8D,18,00,00,00,00,40,
1350003,0000063F,false,Rx,1,8,00,10,00,C4,FF,00,00,00,
1350158,00000252,false,Rx,0,8,00,00,00,00,03,00,00,00,
1350402,000002E2,false,Rx,0,8,FD,00,00,00,00,14,00,04,
1350475,00000640,false,Rx,1,8,FF,FF,FF,00,FF,FF,FF,00,
1350643,00000253,false,Rx,0,8,00,00,00,52,52,00,80,46,
1350891,000002E3,false,Rx,0,8,00,00,00,00,00,00,72,01,
1350962,00000641,false,Rx,1,8,FF,FF,FF,FF,0F,FF,FF,FF,
1351133,0000033D,false,Rx,0,8,00,00,00,00,00,00,00,00,
1351387,000002E4,false,Rx,0,8,02,00,00,00,00,00,00,00,
1351478,00000646,false,Rx,1,8,00,00,00,80,01,00,00,00,
1351645,00000161,false,Rx,0,8,B9,87,79,03,00,00,00,02,
1351891,0000033E,false,Rx,0,8,00,00,00,00,00,00,00,00,
1351955,000004E8,false,Rx,1,8,FF,FF,FF,29,FF,FF,FF,00,
1352125,00000162,false,Rx,0,8,FF,FC,01,00,00,00,00,00,
1352538,00000356,false,Rx,0,8,49,FC,8C,00,00,00,00,00,
1352909,00000357,false,Rx,0,8,00,00,00,00,00,4B,4D,48,
1353400,00000358,false,Rx,0,8,35,41,45,4D,52,37,33,4F,
1354042,00000359,false,Rx,0,8,51,4F,34,52,4A,35,33,00,
1354814,00000396,false,Rx,0,8,0D,C9,8B,0F,08,0D,00,02,
1354871,00000397,false,Rx,0,8,04,00,00,00,00,00,00,00,
1355249,000001E6,false,Rx,0,8,6B,BA,2B,02,00,00,00,00,
1355491,00000398,false,Rx,0,8,00,00,00,00,00,00,00,00,
1355714,000001E7,false,Rx,0,8,00,00,22,03,20,01,00,00,
1356215,000001BB,false,Rx,0,8,76,E6,2B,02,00,00,00,0A,
1356602,00000401,false,Rx,0,8,30,D0,10,00,00,01,00,00,
1356711,000001BC,false,Rx,0,8,32,00,00,00,02,00,00,00,
1357216,000001BD,false,Rx,0,8,00,00,00,00,00,00,00,00,
1358206,00000111,false,Rx,0,8,C4,A2,DB,01,00,00,00,00,
1358953,00000112,false,Rx,0,8,00,00,00,00,00,00,00,00,
1359405,00000113,false,Rx,0,8,00,00,00,00,00,00,00,00,
1359801,00000405,false,Rx,0,8,7B,E0,00,00,00,01,00,00,
1359853,00000114,false,Rx,0,8,00,00,00,00,00,00,00,00,
1359942,00000410,false,Rx,0,8,A3,90,53,3C,B4,6A,FF,FF,
1360949,00000411,false,Rx,0,8,BD,71,50,50,00,00,44,05,
1361094,00000413,false,Rx,0,8,F5,10,00,41,00,00,00,00,
1361786,00000412,false,Rx,0,8,F1,00,00,00,00,00,04,00,
1361874,00000414,false,Rx,0,8,87,A0,00,00,28,00,00,00,
1361917,00000416,false,Rx,0,8,55,00,00,00,00,00,00,00,
1362153,00000417,false,Rx,0,8,D0,20,00,00,00,01,00,00,
1362688,00000418,false,Rx,0,8,18,00,00,00,14,4C,00,00,
1363116,00000419,false,Rx,0,8,86,10,F5,DA,99,7B,84,00,
1363589,000000A1,false,Rx,0,8,76,1E,0B,8A,D4,EC,A2,00,
1364080,000000A2,false,Rx,0,8,00,00,00,00,00,00,00,00,
1364568,000000A3,false,Rx,0,8,00,40,01,00,00,00,00,00,
1367286,0000010B,false,Rx,0,8,0D,47,EF,00,00,00,00,05,
1367888,0000010C,false,Rx,0,8,FF,F9,E7,1F,43,48,44,44,
1368024,0000010D,false,Rx,0,8,EF,02,00,00,00,00,00,35,
1368563,0000010E,false,Rx,0,8,00,00,0A,00,00,C0,AB,57,
1368624,0000019B,false,Rx,0,8,9B,A5,ED,00,00,E4,00,00,
1368676,0000019C,false,Rx,0,8,40,20,00,00,00,00,0B,09,
1368876,0000019D,false,Rx,0,8,00,10,00,01,00,00,00,00,
1369065,0000019E,false,Rx,0,8,15,00,00,00,00,32,00,00,
1373655,00000061,false,Rx,0,8,0F,DC,0C,00,00,00,00,00,
1373786,00000062,false,Rx,0,8,02,02,00,02,40,FF,00,FF,
1374048,00000063,false,Rx,0,8,CA,00,15,00,00,08,FD,00,
1374307,00000064,false,Rx,0,8,00,00,00,04,FF,FA,00,00,
1374450,00000121,false,Rx,0,8,FB,77,F0,00,00,00,00,05,
1374999,00000122,false,Rx,0,8,FF,D9,67,1F,44,44,44,44,
1375068,00000256,false,Rx,0,8,A5,46,15,15,00,00,00,02,
1375154,00000123,false,Rx,0,8,F0,02,00,00,00,00,00,35,
1375930,00000257,false,Rx,0,8,00,8E,3E,33,83,07,00,8E,
1376110,00000124,false,Rx,0,8,00,00,0A,00,00,00,20,40,
1376155,00000258,false,Rx,0,8,01,21,1D,00,10,15,00,1C,
1376207,000002E6,false,Rx,0,8,3C,4B,15,01,00,00,00,15,
1376425,00000259,false,Rx,0,8,D8,05,93,3C,30,02,00,00,
1376601,000002E7,false,Rx,0,8,0A,00,00,00,00,00,00,00,
1376853,000003B6,false,Rx,0,8,56,54,8A,00,00,00,00,44,
1377083,000002E8,false,Rx,0,8,00,00,00,00,00,00,00,00,
1377335,000003B7,false,Rx,0,8,43,00,00,00,00,00,00,00,
1377571,000002E9,false,Rx,0,8,00,00,00,00,00,00,00,00,
1377837,000003B8,false,Rx,0,8,EA,02,00,00,00,00,69,0E,
1378077,000003B9,false,Rx,0,8,00,00,00,00,00,00,00,00,
1383803,00000036,false,Rx,0,8,E0,77,F1,51,00,00,25,05,
1383901,00000037,false,Rx,0,8,02,00,00,10,00,40,00,00,
1384283,00000038,false,Rx,0,8,04,00,00,00,20,39,96,D4,
1384684,00000039,false,Rx,0,8,00,00,00,00,00,00,00,00,
1385765,00000415,false,Rx,0,8,40,13,10,00,08,01,00,00,
1391711,0000011B,false,Rx,0,8,60,3C,F6,05,80,08,A8,02,
1391811,0000012B,false,Rx,0,8,27,C6,F6,06,00,00,08,00,
1392083,0000011C,false,Rx,0,8,00,05,20,00,22,00,01,01,
1392304,0000012C,false,Rx,0,8,00,00,01,00,00,64,00,00,
1395503,000003AA,false,Rx,0,8,FF,00,D0,00,54,00,00,00,
1397448,00000444,false,Rx,0,8,8E,60,05,40,55,50,00,00,
1399049,00000419,false,Rx,0,8,86,10,F5,DA,99,7B,84,00,
1400368,00000146,false,Rx,0,8,5F,D8,6C,10,04,05,00,00,
1400576,00000147,false,Rx,0,8,01,04,7D,00,40,8F,02,00,
1400815,00000148,false,Rx,0,8,00,00,42,00,00,7B,40,05,
1401068,00000149,false,Rx,0,8,00,38,00,0C,00,00,00,00,
1401304,000001B1,false,Rx,0,8,87,7A,6C,00,72,00,00,00,
1401591,000001B2,false,Rx,0,8,23,00,04,0D,10,01,50,0F,
1401844,000001B3,false,Rx,0,8,10,2D,33,00,64,7F,72,7B,
1402090,000001B4,false,Rx,0,8,68,77,10,00,00,41,00,00,
1402324,0000030B,false,Rx,0,8,3F,CD,18,00,04,00,00,00,
1402594,0000030C,false,Rx,0,8,00,00,0C,00,2C,00,A0,0F,
1402862,0000030D,false,Rx,0,8,00,00,00,00,42,00,00,00,
1403109,0000030E,false,Rx,0,8,00,00,28,05,21,00,00,0A,
1403817,00000495,false,Rx,0,8,49,00,00,00,00,00,00,00,
1408395,00000566,false,Rx,0,8,16,02,00,00,00,00,FF,FF,
1409343,00000236,false,Rx,0,8,99,93,18,00,30,63,34,6C,
1409495,000002FB,false,Rx,0,8,D0,AE,18,04,0C,14,C3,C3,
1409758,00000151,false,Rx,0,8,9A,27,18,A0,C8,00,28,15,
1409960,00000237,false,Rx,0,8,00,05,94,00,00,5B,1D,00,
1410195,00000152,false,Rx,0,8,12,14,14,00,24,00,00,00,
1410437,000001F6,false,Rx,0,8,32,59,18,00,00,00,00,0D,
1410691,00000153,false,Rx,0,8,00,00,00,00,00,00,00,00,
1410931,000001F7,false,Rx,0,8,1F,00,DC,00,00,00,00,00,
1411199,00000154,false,Rx,0,8,00,00,00,00,00,00,00,00,
1411429,000001F8,false,Rx,0,8,00,69,00,64,00,00,00,00,
1411668,000002FC,false,Rx,0,8,0C,00,12,15,00,00,87,96,
1411901,000001F9,false,Rx,0,8,19,00,A0,C8,14,00,19,00,
1412172,000002FD,false,Rx,0,8,00,00,00,00,00,1C,10,EA,
1412399,00000238,false,Rx,0,8,00,00,0C,00,00,00,00,00,
1412641,000002FE,false,Rx,0,8,00,00,72,01,00,28,00,00,
1412903,00000239,false,Rx,0,8,00,00,00,00,01,00,00,00,
1413163,00000326,false,Rx,0,8,2A,E0,18,00,00,00,00,00,
1413380,0000025B,false,Rx,0,8,7F,9F,18,40,40,20,00,00,
1413600,000000A1,false,Rx,0,8,19,AF,10,8A,D4,EC,A2,00,
1413875,0000025C,false,Rx,0,8,00,00,1F,00,BD,68,14,00,
1414094,000000A2,false,Rx,0,8,00,00,00,00,00,00,00,00,
1414346,0000025D,false,Rx,0,8,00,C8,00,00,00,80,C0,70,
1414577,000000A3,false,Rx,0,8,00,40,01,00,00,00,00,00,
1414856,0000025E,false,Rx,0,8,59,07,0E,08,00,00,00,00,
1415068,00000327,false,Rx,0,8,00,00,00,00,01,00,00,00,
1415303,000001AB,false,Rx,0,8,F6,E3,1A,40,70,90,00,00,
1415537,00000328,false,Rx,0,8,DC,00,19,00,00,69,00,00,
1415795,000001AC,false,Rx,0,8,00,28,00,00,00,00,00,00,
1416037,00000329,false,Rx,0,8,A0,64,00,00,00,00,00,00,
1416290,00000448,false,Rx,0,8,7F,00,00,00,00,00,00,00,
1416513,00000331,false,Rx,0,8,DA,C1,18,F1,C8,A0,2C,97,
1416766,00000332,false,Rx,0,8,44,07,B4,00,00,00,00,00,
1417020,00000333,false,Rx,0,8,00,00,00,1C,0C,40,20,A0,
1417279,00000334,false,Rx,0,8,C8,00,00,00,5C,70,B7,8F,
1417515,0000010B,false,Rx,0,8,70,82,F4,00,00,00,00,05,
1417760,0000010C,false,Rx,0,8,FF,F9,E7,1F,43,48,44,44,
1418002,0000010D,false,Rx,0,8,EF,02,00,00,00,00,00,35,
1418259,0000019B,false,Rx,0,8,DF,15,F2,00,00,E4,00,00,
1418503,0000010E,false,Rx,0,8,00,00,0A,00,00,C0,AB,57,
1418746,0000019C,false,Rx,0,8,40,20,00,00,00,00,0B,09,
1419001,0000019D,false,Rx,0,8,00,10,00,01,00,00,00,00,
1419252,0000019E,false,Rx,0,8,15,00,00,00,00,32,00,00,
1422134,00000380,false,Rx,0,8,CD,96,05,0C,0C,0C,0C,01,
1423112,00000061,false,Rx,0,8,C7,DE,11,00,00,00,00,00,
1423348,00000382,false,Rx,0,8,FD,CD,04,00,00,05,09,00,
1423608,00000062,false,Rx,0,8,02,02,00,02,40,FF,00,FF,
1423888,00000063,false,Rx,0,8,CA,00,15,00,00,08,FD,00,
1424185,00000064,false,Rx,0,8,00,00,00,04,FF,FA,00,00,
1424409,00000121,false,Rx,0,8,84,5B,F5,00,00,00,00,05,
1424687,00000419,false,Rx,0,8,84,20,EE,DA,99,7B,84,00,
1424880,00000122,false,Rx,0,8,FF,D9,67,1F,44,44,44,44,
1425142,00000383,false,Rx,0,8,2F,9B,03,10,01,00,00,00,
1425377,00000123,false,Rx,0,8,F0,02,00,00,00,00,00,35,
1425676,00000124,false,Rx,0,8,00,00,0A,00,00,00,20,40,
1426126,00000384,false,Rx,0,8,13,BD,04,01,00,FF,00,22,
1427246,0000042A,false,Rx,0,8,69,FB,03,04,00,10,00,00,
1427396,00000444,false,Rx,0,8,12,70,05,00,11,10,00,00,
1427673,00000445,false,Rx,0,8,61,40,00,00,00,04,00,18,
1432622,00000487,false,Rx,1,8,00,00,00,00,00,00,00,00,
1432784,00000642,false,Rx,1,8,FF,FF,FF,FF,FF,FF,00,00,
1433699,00000036,false,Rx,0,8,13,E9,F6,51,00,00,25,05,
1433886,00000037,false,Rx,0,8,02,00,00,10,00,40,00,00,
1434121,00000038,false,Rx,0,8,04,00,00,00,20,39,96,D4,
1434423,00000039,false,Rx,0,8,00,00,00,00,00,00,00,00,
1435027,00000226,false,Rx,0,8,D7,D8,07,FF,FB,20,09,42,
1435259,000002FF,false,Rx,0,8,83,B9,00,F0,3F,00,00,00,
1435504,00000227,false,Rx,0,8,02,C4,07,09,00,F1,6F,03,
1435739,00000316,false,Rx,0,8,01,87,05,B4,0F,80,0A,00,
1435976,00000472,false,Rx,0,8,5C,EC,00,40,08,41,00,45,
1436226,00000317,false,Rx,0,8,00,00,05,00,00,00,00,00,
1436459,00000473,false,Rx,0,8,5F,24,00,25,00,00,00,78,
1436710,00000474,false,Rx,0,8,53,98,00,00,00,00,00,10,
1438451,00000091,false,Rx,0,8,2C,8B,16,01,00,00,00,00,
1438632,00000092,false,Rx,0,8,13,00,00,00,30,01,00,00,
1438937,00000093,false,Rx,0,8,00,00,00,00,00,00,00,00,
1439183,0000036F,false,Rx,0,8,EE,E1,01,00,00,00,00,00,
1439431,00000094,false,Rx,0,8,00,00,00,00,00,00,00,00,
1439703,0000037F,false,Rx,0,8,8B,D0,52,24,41,02,00,00,
1442399,000003A1,false,Rx,0,8,61,30,3A,00,FF,FF,FF,FF,
1442593,000003A2,false,Rx,0,8,00,00,00,00,00,00,00,00,
1444023,00000405,false,Rx,0,8,E4,00,00,00,00,00,00,00,
1445092,000002C1,false,Rx,0,8,E9,58,8D,21,00,41,00,A1,
1445313,000002C2,false,Rx,0,8,40,00,00,00,00,00,00,00,
1445560,000002C3,false,Rx,0,8,00,00,00,00,00,00,00,00,
1445822,000002C4,false,Rx,0,8,00,00,00,00,00,00,00,00,
1452186,000003B0,false,Rx,0,8,72,37,FF,C7,00,00,03,C0,
1455141,000002FF,false,Rx,0,8,94,7C,00,00,00,00,00,00,
1455393,000003B1,false,Rx,0,8,9B,3C,FF,40,00,00,20,00,
1455668,00000474,false,Rx,0,8,30,DB,00,00,00,00,00,00,
1456112,000003B2,false,Rx,0,8,36,15,FF,02,29,2F,34,00,
1457391,000000FF,false,Rx,0,8,CB,10,00,00,00,00,02,00,
1458189,00000427,false,Rx,0,8,1D,86,FF,00,80,0A,00,00,
1458521,00000394,false,Rx,0,8,2A,22,1A,49,00,00,00,00,
1459030,000003C3,false,Rx,0,8,45,10,31,30,36,00,00,00,
1459709,000003E0,false,Rx,0,8,6E,50,01,00,54,03,00,00,
1460739,000003E5,false,Rx,0,8,F9,20,01,00,00,00,00,00,
1460956,000003E6,false,Rx,0,8,A1,40,00,00,00,00,00,00,
1461202,0000041A,false,Rx,0,8,A3,30,12,00,50,01,00,00,
1461523,0000041B,false,Rx,0,8,BE,70,00,00,00,00,00,00,
1461857,0000041C,false,Rx,0,8,84,D0,E8,00,00,00,00,00,
1462124,00000422,false,Rx,0,8,FA,20,01,00,00,00,04,00,
1463442,00000432,false,Rx,0,8,03,20,02,00,00,00,00,00,
1463610,000000A1,false,Rx,0,8,16,44,15,8A,D4,EC,A2,00,
1463888,00000435,false,Rx,0,8,C8,C0,00,50,00,00,00,00,
1464105,000000A2,false,Rx,0,8,00,00,00,00,00,00,00,00,
1464338,00000442,false,Rx,0,8,CE,20,11,81,00,00,00,00,
1464585,000000A3,false,Rx,0,8,00,40,01,00,00,00,00,00,
1464831,00000444,false,Rx,0,8,41,90,00,00,11,10,00,00,
1465314,00000419,false,Rx,0,8,84,20,EE,DA,99,7B,84,00,
1465595,00000464,false,Rx,0,8,6C,30,F0,FF,38,7F,05,00,
1467327,0000010B,false,Rx,0,8,7D,44,F9,00,00,00,00,05,
1467501,00000445,false,Rx,0,8,61,40,00,00,00,04,00,18,
1467726,0000010C,false,Rx,0,8,FF,F9,E7,1F,43,48,44,44,
1468026,0000010D,false,Rx,0,8,EF,02,00,00,00,00,00,35,
1468252,0000019B,false,Rx,0,8,A0,39,F7,00,00,E4,00,00,
1468503,0000010E,false,Rx,0,8,00,00,0A,00,00,C0,AB,57,
1468758,0000019C,false,Rx,0,8,40,20,00,00,00,00,0B,09,
1469034,0000019D,false,Rx,0,8,00,10,00,01,00,00,00,00,
1469281,0000019E,false,Rx,0,8,15,00,00,00,00,32,00,00,
1472796,000004A3,false,Rx,1,8,80,00,48,0B,3E,00,00,00,
1472898,000004A4,false,Rx,1,8,FF,FF,FF,00,00,00,00,00,
1473537,00000061,false,Rx,0,8,34,40,16,00,00,00,00,00,
1473820,00000062,false,Rx,0,8,02,02,00,02,40,FF,00,FF,
1474091,00000063,false,Rx,0,8,CA,00,15,00,00,08,FD,00,
1474275,00000064,false,Rx,0,8,00,00,00,04,FF,FA,00,00,
1474521,00000121,false,Rx,0,8,05,2F,FA,00,00,00,00,05,
1474781,00000122,false,Rx,0,8,FF,D9,67,1F,44,44,44,44,
1475021,00000123,false,Rx,0,8,F0,02,00,00,00,00,00,35,
1475279,00000124,false,Rx,0,8,00,00,0A,00,00,00,20,40,
1483776,00000036,false,Rx,0,8,1E,8A,FB,51,00,00,21,05,
1483882,00000037,false,Rx,0,8,02,00,00,10,00,40,00,00,
1484246,00000038,false,Rx,0,8,04,00,00,00,20,39,86,D4,
1484331,00000039,false,Rx,0,8,00,00,00,00,00,00,00,00,
1484703,00000405,false,Rx,0,8,E4,00,00,00,00,00,00,00,
1487555,000003E0,false,Rx,0,8,9D,60,01,00,44,03,00,00,
1487652,000003E5,false,Rx,0,8,06,30,00,00,00,00,00,00,
1488003,000001F1,false,Rx,0,8,FD,EF,6B,01,00,00,28,00,
1488521,000001F2,false,Rx,0,8,00,00,00,00,00,00,00,00,
1492575,00000435,false,Rx,0,8,B5,D0,00,50,00,00,00,FF,
1492679,00000444,false,Rx,0,8,37,A0,00,00,00,00,00,00,
1495319,000002FF,false,Rx,0,8,94,7C,00,00,00,00,00,00,
1495780,00000474,false,Rx,0,8,30,DB,00,00,00,00,00,00,
1500518,00000146,false,Rx,0,8,2C,AE,71,10,04,05,00,00,
1500613,00000147,false,Rx,0,8,01,04,7D,00,40,85,02,00,
1500992,00000148,false,Rx,0,8,00,00,42,00,00,7B,40,05,
1501070,00000149,false,Rx,0,8,00,38,00,0C,00,00,00,00,
1501452,000001B1,false,Rx,0,8,4F,78,71,00,72,00,00,00,
1501755,000001B2,false,Rx,0,8,23,00,04,0D,10,01,50,0F,
1501839,000001B3,false,Rx,0,8,10,2D,33,00,64,7F,72,7B,
1502063,000001B4,false,Rx,0,8,68,77,10,00,00,41,00,00,
1503622,000002BF,false,Rx,0,8,FF,FF,FF,00,00,00,00,00,
1503750,000001E6,false,Rx,0,8,9D,92,2E,02,00,00,00,00,
1504171,0000047F,false,Rx,0,8,FF,FF,FF,FF,FF,FF,FF,FF,
1504266,000001E7,false,Rx,0,8,00,00,22,03,20,01,00,00,
1504311,00000653,false,Rx,0,8,0A,19,03,01,02,2A,00,00,
1504559,00000419,false,Rx,0,8,84,20,EE,DA,99,7B,84,00,
1504976,000001BB,false,Rx,0,8,79,0D,2E,02,00,00,00,0A,
1505247,000001BC,false,Rx,0,8,32,00,00,00,02,00,00,00,
1505589,00000516,false,Rx,0,8,61,02,00,00,00,00,FF,FF,
1505857,000001BD,false,Rx,0,8,00,00,00,00,00,00,00,00,
1507479,00000445,false,Rx,0,8,61,40,00,00,00,04,00,18,
1513209,000001AB,false,Rx,0,8,87,BB,1F,40,00,90,00,00,
1513297,000001AC,false,Rx,0,8,00,28,00,00,00,00,00,00,
1513587,000000A1,false,Rx,0,8,26,69,1A,8A,D4,EC,A2,00,
1513848,000000A2,false,Rx,0,8,00,00,00,00,00,00,00,00,
1514059,000000A3,false,Rx,0,8,00,40,01,00,00,00,00,00,
1517690,0000010B,false,Rx,0,8,42,36,FE,00,00,00,00,01,
1517826,000003E0,false,Rx,0,8,72,70,01,00,00,00,00,00,
1517898,0000010C,false,Rx,0,8,FF,01,00,00,43,48,44,44,
1517941,0000010D,false,Rx,0,8,EF,02,00,00,00,00,00,35,
1518177,0000010E,false,Rx,0,8,00,00,0A,00,00,00,00,00,
1518713,0000019B,false,Rx,0,8,A2,39,FC,00,00,D4,00,00,
1518824,0000019C,false,Rx,0,8,40,20,00,00,00,00,0B,09,
1518890,0000019D,false,Rx,0,8,00,10,00,05,00,00,00,00,
1519182,0000019E,false,Rx,0,8,15,23,00,00,00,32,00,00,
1523206,00000061,false,Rx,0,8,39,86,1B,00,00,00,00,00,
1523393,00000062,false,Rx,0,8,02,02,00,02,40,FF,00,FF,
1523696,00000063,false,Rx,0,8,CA,00,15,00,00,08,FD,00,
1524278,00000064,false,Rx,0,8,00,00,00,04,FF,FA,00,00,
1524355,00000405,false,Rx,0,8,E4,00,00,00,00,00,00,00,
1524403,00000121,false,Rx,0,8,88,CC,FF,00,00,00,00,01,
1524654,00000122,false,Rx,0,8,FF,01,00,00,44,44,44,44,
1524964,00000123,false,Rx,0,8,F0,02,00,00,00,00,00,35,
1525285,00000124,false,Rx,0,8,00,00,0A,00,00,00,00,00,
1527351,000003E5,false,Rx,0,8,06,30,00,00,00,00,00,00,
1532578,00000435,false,Rx,0,8,B5,D0,00,50,00,00,00,FF,
1532666,00000444,false,Rx,0,8,37,A0,00,00,00,00,00,00,
1533525,00000036,false,Rx,0,8,51,B3,00,51,00,00,21,05,
1533675,00000037,false,Rx,0,8,02,00,00,10,00,40,00,00,
1533940,00000038,false,Rx,0,8,04,00,00,00,20,39,86,D4,
1534214,00000039,false,Rx,0,8,00,00,00,00,00,00,00,00,
1538786,0000036F,false,Rx,0,8,FE,01,01,00,00,00,00,00,
1538975,0000037F,false,Rx,0,8,5D,E0,52,24,41,02,00,00,
1542578,000000C5,false,Rx,1,8,00,00,00,00,00,00,00,00,
1542677,00000244,false,Rx,1,8,00,00,00,00,00,00,00,00,
1542982,000004B4,false,Rx,1,8,01,00,0D,40,10,60,44,02,
1543366,000004B5,false,Rx,1,8,08,00,F0,07,00,00,00,00,
1543849,000004B7,false,Rx,1,8,08,00,F0,07,00,00,00,00,
1543939,000004CA,false,Rx,1,8,00,00,00,00,00,00,00,00,
1544048,000004CC,false,Rx,1,8,08,00,00,2A,00,00,03,00,
1544577,000004CE,false,Rx,1,8,14,01,FF,FF,FF,FF,FF,FF,
1545150,000002AB,false,Rx,0,8,68,70,1A,0C,0C,00,00,00,
1545289,000004D7,false,Rx,1,8,23,01,00,00,00,00,00,00,
1545340,000004D8,false,Rx,1,8,41,10,F6,F0,40,F2,1E,CC,
1545407,000002AC,false,Rx,0,8,00,FF,FF,00,00,40,00,50,
1545470,000004DD,false,Rx,1,8,00,00,FE,00,04,00,00,00,
1545549,000002AD,false,Rx,0,8,00,01,00,40,FF,FF,FF,0F,
1545606,000004DF,false,Rx,1,8,00,00,08,00,00,00,00,00,
1545852,000002AE,false,Rx,0,8,01,00,FF,3F,41,01,00,00,
1545927,000004E7,false,Rx,1,8,00,30,00,00,00,00,69,00,
1546311,000002B6,false,Rx,0,8,38,40,1A,01,00,00,00,40,
1546389,000004E8,false,Rx,1,8,FF,FF,FF,29,FF,FF,FF,00,
1546554,000002EB,false,Rx,0,8,11,FC,8C,09,08,01,00,02,
1546832,000002B7,false,Rx,0,8,94,01,C1,04,00,04,00,00,
1546945,000004E9,false,Rx,1,8,00,00,00,00,00,00,00,00,
1547279,000002EC,false,Rx,0,8,02,00,00,00,00,00,00,00,
1547474,000002B8,false,Rx,0,8,B2,61,11,00,00,00,00,00,
1547550,000004EA,false,Rx,1,8,00,00,00,00,00,00,00,00,
1547596,000002ED,false,Rx,0,8,00,00,00,00,00,00,00,00,
1547851,000002B9,false,Rx,0,8,0A,00,00,00,00,00,00,00,
1548546,000004EB,false,Rx,1,8,04,68,2B,06,00,00,00,00,
1548658,000002EE,false,Rx,0,8,00,00,00,00,00,00,00,00,
1548729,000002D6,false,Rx,0,8,CC,6D,8C,00,00,00,00,00,
1549052,000004EC,false,Rx,1,8,FF,FF,FF,FF,FF,FF,FF,0F,
1549109,0000033B,false,Rx,0,8,79,61,1A,00,00,00,00,00,
1549156,000002D7,false,Rx,0,8,00,00,00,00,03,00,00,00,
1549754,000004ED,false,Rx,1,8,FF,FF,FF,FF,FF,FF,FF,1F,
1550562,0000033C,false,Rx,0,8,00,00,00,00,F0,00,00,00,
1550689,000002D8,false,Rx,0,8,00,00,00,00,00,00,38,44,
1550768,000004EE,false,Rx,1,8,FF,FF,00,00,00,00,00,00,
1550816,00000251,false,Rx,0,8,3F,FE,19,00,00,00,00,00,
1550892,000002D9,false,Rx,0,8,00,00,00,00,00,00,00,00,
1550940,000004EF,false,Rx,1,8,60,00,60,00,29,14,00,00,
1550984,00000252,false,Rx,0,8,00,00,00,00,03,00,00,00,
1551029,000002E1,false,Rx,0,8,3A,93,1A,00,00,00,00,40,
1551099,0000063D,false,Rx,1,8,00,80,00,00,00,00,00,00,
1551162,00000253,false,Rx,0,8,00,00,00,52,52,00,80,46,
1551206,000002E2,false,Rx,0,8,FC,00,00,00,00,14,00,04,
1551259,0000063E,false,Rx,1,8,FF,FF,FF,FF,FF,FF,FF,FF,
1551325,0000033D,false,Rx,0,8,00,00,00,00,00,00,00,00,
1551393,000002E3,false,Rx,0,8,00,00,00,00,00,00,72,01,
1551444,0000063F,false,Rx,1,8,00,10,00,C4,FF,00,00,00,
1551488,0000033E,false,Rx,0,8,00,00,00,00,00,00,00,00,
1551690,000002E4,false,Rx,0,8,02,00,00,00,00,00,00,00,
1551751,00000640,false,Rx,1,8,FF,FF,FF,00,FF,FF,FF,00,
1551962,00000356,false,Rx,0,8,0F,A5,8D,00,00,00,00,00,
1552200,00000401,false,Rx,0,8,69,E0,10,00,00,00,00,00,
1552270,00000641,false,Rx,1,8,FF,FF,FF,FF,0F,FF,FF,FF,
1552419,00000357,false,Rx,0,8,00,00,00,00,00,4B,4D,48,
1552748,00000646,false,Rx,1,8,00,00,00,80,01,00,00,00,
1552937,00000358,false,Rx,0,8,35,41,45,4D,52,37,33,4F,
1553356,00000359,false,Rx,0,8,51,4F,34,52,4A,35,33,00,
1553845,00000396,false,Rx,0,8,91,E6,8C,0F,08,01,00,02,
1554322,00000397,false,Rx,0,8,10,00,00,00,00,00,00,00,
1554824,00000398,false,Rx,0,8,00,00,00,00,00,00,00,00,
1557570,000003E0,false,Rx,0,8,72,70,01,00,00,00,00,00,
1559103,00000405,false,Rx,0,8,E4,00,00,00,00,00,00,00,
1559281,00000410,false,Rx,0,8,A3,90,53,3C,B4,6A,FF,FF,
1559331,00000411,false,Rx,0,8,BD,71,50,50,00,00,44,05,
1559629,00000412,false,Rx,0,8,F1,00,00,00,00,00,04,00,
1560251,00000413,false,Rx,0,8,F5,10,00,41,00,00,00,00,
1560593,00000414,false,Rx,0,8,87,A0,00,00,28,00,00,00,
1560680,00000416,false,Rx,0,8,55,00,00,00,00,00,00,00,
1560932,00000417,false,Rx,0,8,D0,20,00,00,00,01,00,00,
1561032,00000418,false,Rx,0,8,18,00,00,00,14,4C,00,00,
1561329,00000419,false,Rx,0,8,84,20,EE,DA,99,7B,84,00,
1563390,000000A1,false,Rx,0,8,29,82,1F,8A,D4,EC,A2,00,
1563480,000000A2,false,Rx,0,8,00,00,00,00,00,00,00,00,
1563847,000000A3,false,Rx,0,8,00,40,01,00,00,00,00,00,
1567363,0000010B,false,Rx,0,8,B8,C8,03,00,00,00,00,01,
1567458,000003E5,false,Rx,0,8,06,30,00,00,00,00,00,00,
1567605,0000010C,false,Rx,0,8,FF,01,00,00,43,48,44,44,
1567895,0000010D,false,Rx,0,8,EF,02,00,00,00,00,00,35,
1568332,0000010E,false,Rx,0,8,00,00,0A,00,00,00,00,00,
1568395,0000019B,false,Rx,0,8,58,C7,01,00,00,D4,00,00,
1568623,0000019C,false,Rx,0,8,40,20,00,00,00,00,0B,09,
1568878,0000019D,false,Rx,0,8,00,10,00,05,00,00,00,00,
1569244,0000019E,false,Rx,0,8,15,23,00,00,00,32,00,00,
1572690,00000435,false,Rx,0,8,B5,D0,00,50,00,00,00,FF,
1573130,00000479,false,Rx,0,8,2F,F0,00,E0,01,00,00,00,
1573651,00000444,false,Rx,0,8,37,A0,00,00,00,00,00,00,
1574262,00000121,false,Rx,0,8,C7,F5,04,00,00,00,00,01,
1574378,00000122,false,Rx,0,8,FF,01,00,00,44,44,44,44,
1574718,00000123,false,Rx,0,8,F0,02,00,00,00,00,00,35,
1574872,00000256,false,Rx,0,8,32,24,17,01,00,00,00,00,
1575195,00000124,false,Rx,0,8,00,00,0A,00,00,00,00,00,
1575835,00000257,false,Rx,0,8,00,00,00,00,64,00,02,00,
1575954,000002E6,false,Rx,0,8,7B,89,17,01,00,00,00,15,
1576359,00000258,false,Rx,0,8,01,00,00,00,10,15,00,1C,
1576426,000002E7,false,Rx,0,8,3C,00,00,00,00,00,00,00,
1576468,00000259,false,Rx,0,8,00,00,00,3C,00,00,00,00,
1576579,000002E8,false,Rx,0,8,00,00,00,00,00,00,00,00,
1576902,000003B6,false,Rx,0,8,10,0D,8B,00,00,00,00,44,
1577168,000002E9,false,Rx,0,8,00,00,00,00,00,00,00,00,
1577344,000003B7,false,Rx,0,8,43,00,00,00,00,00,00,00,
1577629,00000445,false,Rx,0,8,DE,50,00,00,00,00,00,18,
1577963,000003B8,false,Rx,0,8,EA,02,00,00,00,00,69,0E,
1578324,000003B9,false,Rx,0,8,00,00,00,00,00,00,00,00,
1583610,00000036,false,Rx,0,8,A1,B4,05,01,10,00,20,05,
1583700,00000037,false,Rx,0,8,02,00,00,10,00,40,00,00,
1584023,00000038,false,Rx,0,8,01,00,00,00,20,39,06,00,
1584204,00000039,false,Rx,0,8,00,00,00,00,00,00,00,00,
1586294,00000401,false,Rx,0,8,69,E0,10,00,00,00,00,00,
1595520,000003AA,false,Rx,0,8,FF,00,D0,00,54,00,00,00,
1597342,000003E0,false,Rx,0,8,72,70,01,00,00,00,00,00,
1602669,00000444,false,Rx,0,8,4F,B0,00,20,00,00,00,00,
1602792,0000030B,false,Rx,0,8,AB,D1,1A,00,04,00,00,00,
1603150,0000030C,false,Rx,0,8,00,00,0C,23,2C,00,A0,0F,
1603675,0000030D,false,Rx,0,8,00,00,00,00,FF,00,00,00,
1603758,00000561,false,Rx,0,8,63,02,00,00,00,00,FF,FF,
1603956,0000030E,false,Rx,0,8,00,00,28,05,21,00,00,0A,
1604206,00000495,false,Rx,0,8,49,00,00,00,00,00,00,00,
1612776,000001AB,false,Rx,0,8,51,27,24,40,00,90,00,00,
1612880,000001AC,false,Rx,0,8,00,28,00,00,00,00,00,00,
1613256,000000A1,false,Rx,0,8,E0,B3,24,8A,D4,EC,A2,00,
1613345,00000448,false,Rx,0,8,7F,00,00,00,00,00,00,00,
1613699,000000A2,false,Rx,0,8,00,00,00,00,00,00,00,00,
1613810,00000479,false,Rx,0,8,2F,F0,00,E0,01,00,00,00,
1614068,000000A3,false,Rx,0,8,00,40,01,00,00,00,00,00,
1617570,0000010B,false,Rx,0,8,00,C9,08,00,00,00,00,01,
1617703,00000445,false,Rx,0,8,DE,50,00,00,00,00,00,18,
1617756,0000010C,false,Rx,0,8,FF,01,00,00,43,48,44,44,
1617844,0000010D,false,Rx,0,8,EF,02,00,00,00,00,00,35,
1618101,0000010E,false,Rx,0,8,00,00,0A,00,00,00,00,00,
1618434,0000019B,false,Rx,0,8,AB,59,06,00,00,D4,00,00,
1619007,0000019C,false,Rx,0,8,40,20,00,00,00,00,0B,09,
1619128,0000019D,false,Rx,0,8,00,10,00,05,00,00,00,00,
1619354,0000019E,false,Rx,0,8,15,23,00,00,00,32,00,00,
1624262,00000121,false,Rx,0,8,CA,33,09,00,00,00,00,01,
1624354,00000122,false,Rx,0,8,FF,01,00,00,44,44,44,44,
1624745,00000123,false,Rx,0,8,F0,02,00,00,00,00,00,35,
1624839,00000124,false,Rx,0,8,00,00,0A,00,00,00,00,00,
1626432,00000401,false,Rx,0,8,69,E0,10,00,00,00,00,00,
1632622,00000487,false,Rx,1,8,00,00,00,00,00,00,00,00,
1632858,00000642,false,Rx,1,8,FF,FF,FF,FF,FF,FF,00,00,
1633052,00000226,false,Rx,0,8,DE,A4,09,FF,00,20,00,02,
1633138,00000316,false,Rx,0,8,AD,73,06,04,00,80,0A,00,
1633540,00000227,false,Rx,0,8,02,C4,07,09,00,F0,FF,07,
1633618,00000036,false,Rx,0,8,20,C0,0A,01,10,00,20,05,
1633900,00000317,false,Rx,0,8,00,00,05,00,00,00,00,00,
1634185,00000037,false,Rx,0,8,02,00,00,10,00,40,00,00,
1634277,000003CB,false,Rx,0,8,36,14,00,F4,00,00,00,00,
1634547,00000038,false,Rx,0,8,01,00,00,00,20,39,06,00,
1634749,000003CC,false,Rx,0,8,36,31,34,30,33,34,31,00,
1634994,00000039,false,Rx,0,8,00,00,00,00,00,00,00,00,
1635519,00000472,false,Rx,0,8,5C,EC,00,40,08,41,00,45,
1635792,00000473,false,Rx,0,8,5F,24,00,25,00,00,00,78,
1636626,00000474,false,Rx,0,8,30,DB,00,00,00,00,00,00,
1636945,000002FF,false,Rx,0,8,94,7C,00,00,00,00,00,00,
1638265,000001F1,false,Rx,0,8,0B,C7,6E,01,00,00,28,00,
1638376,000001F2,false,Rx,0,8,00,00,00,00,00,00,00,00,
1639000,0000036F,false,Rx,0,8,47,11,01,00,00,00,00,00,
1639433,0000037F,false,Rx,0,8,4D,00,52,24,41,02,00,00,
1642451,00000444,false,Rx,0,8,4F,B0,00,20,00,00,00,00,
1644924,000002C1,false,Rx,0,8,23,B3,8E,21,00,41,00,A1,
1645017,000002C2,false,Rx,0,8,40,00,00,00,00,00,00,00,
1645231,000002C3,false,Rx,0,8,00,00,00,00,00,00,00,00,
1645480,000002C4,false,Rx,0,8,00,00,00,00,00,00,00,00,
1653434,00000479,false,Rx,0,8,2F,F0,00,E0,01,00,00,00,
1653614,000001E6,false,Rx,0,8,8D,C8,31,02,00,00,00,00,
1653911,000001E7,false,Rx,0,8,00,00,22,03,20,01,00,00,
1654659,000001BB,false,Rx,0,8,1A,60,31,02,00,00,00,0A,
1654871,000001BC,false,Rx,0,8,32,00,00,00,02,00,00,00,
1655114,000001BD,false,Rx,0,8,00,00,00,00,00,00,00,00,
1657214,000000FF,false,Rx,0,8,CB,10,00,00,00,00,02,00,
1658374,00000394,false,Rx,0,8,2A,22,1A,49,00,00,00,00,
1658849,000003C3,false,Rx,0,8,45,10,31,30,36,00,00,00,
1659362,000003E0,false,Rx,0,8,72,70,01,00,00,00,00,00,
1660107,000003E5,false,Rx,0,8,06,30,00,00,00,00,00,00,
1660329,000003E6,false,Rx,0,8,A1,40,00,00,00,00,00,00,
1660571,0000041A,false,Rx,0,8,A3,30,12,00,50,01,00,00,
1660873,0000041B,false,Rx,0,8,BE,70,00,00,00,00,00,00,
1661122,0000041C,false,Rx,0,8,84,D0,E8,00,00,00,00,00,
1661381,00000422,false,Rx,0,8,FA,20,01,00,00,00,04,00,
1661742,00000432,false,Rx,0,8,03,20,02,00,00,00,00,00,
1662447,00000435,false,Rx,0,8,B5,D0,00,50,00,00,00,FF,
1662927,00000442,false,Rx,0,8,CE,20,11,81,00,00,00,00,
1663150,000000A1,false,Rx,0,8,D6,F0,29,8A,D4,EC,A2,00,
1663433,000000A2,false,Rx,0,8,00,00,00,00,00,00,00,00,
1663683,00000445,false,Rx,0,8,0E,60,00,00,00,04,00,18,
1663922,000000A3,false,Rx,0,8,00,40,01,00,00,00,00,00,
1664367,00000464,false,Rx,0,8,6C,30,F0,FF,38,7F,05,00,
1667174,0000010B,false,Rx,0,8,7F,E5,0D,00,00,00,00,01,
1667348,0000010C,false,Rx,0,8,FF,01,00,00,43,48,44,44,
1667620,0000010D,false,Rx,0,8,EF,02,00,00,00,00,00,35,
1667887,0000010E,false,Rx,0,8,00,00,0A,00,00,00,00,00,
1668228,0000019B,false,Rx,0,8,A6,9F,0B,00,00,D4,00,00,
1668469,0000019C,false,Rx,0,8,40,20,00,00,00,00,0B,09,
1668733,0000019D,false,Rx,0,8,00,10,00,05,00,00,00,00,
1668981,0000019E,false,Rx,0,8,15,23,00,00,00,32,00,00,
1672528,000004A3,false,Rx,1,8,80,00,48,0B,3E,00,00,00,
1672806,000004A4,false,Rx,1,8,FF,FF,FF,00,00,00,00,00,
1674141,00000121,false,Rx,0,8,39,AD,0E,00,00,00,00,01,
1674292,00000122,false,Rx,0,8,FF,01,00,00,44,44,44,44,
1674595,00000123,false,Rx,0,8,F0,02,00,00,00,00,00,35,
1674796,00000124,false,Rx,0,8,00,00,0A,00,00,00,00,00,
1682300,00000444,false,Rx,0,8,4F,B0,00,20,00,00,00,00,
1683458,00000036,false,Rx,0,8,5F,EC,0F,01,10,00,20,05,
1683645,00000037,false,Rx,0,8,02,00,00,10,00,40,00,00,
1683928,00000038,false,Rx,0,8,01,00,00,00,20,39,06,00,
1684185,00000039,false,Rx,0,8,00,00,00,00,00,00,00,00,
1697411,00000445,false,Rx,0,8,0E,60,00,00,00,04,00,18,
1697573,00000563,false,Rx,1,8,65,02,00,00,00,00,FF,FF,
1703477,000002BF,false,Rx,0,8,FF,FF,FF,00,00,00,00,00,
1703583,0000047F,false,Rx,0,8,FF,FF,FF,FF,FF,FF,FF,FF,
1703949,00000653,false,Rx,0,8,0A,19,03,01,02,2A,00,00,
1712645,000001AB,false,Rx,0,8,22,1E,29,40,00,90,00,00,
1712739,000001AC,false,Rx,0,8,00,28,00,00,00,00,00,00,
1713136,000000A1,false,Rx,0,8,DF,75,2E,8A,D4,EC,A2,00,
1713530,000000A2,false,Rx,0,8,00,00,00,00,00,00,00,00,
1713614,000000A3,false,Rx,0,8,00,40,01,00,00,00,00,00,
1717328,0000010B,false,Rx,0,8,3B,55,12,00,00,00,00,01,
1717422,0000010C,false,Rx,0,8,FF,01,00,00,43,48,44,44,
1717810,0000010D,false,Rx,0,8,EF,02,00,00,00,00,00,35,
1717883,0000010E,false,Rx,0,8,00,00,0A,00,00,00,00,00,
1718311,0000019B,false,Rx,0,8,DB,5A,10,00,00,D4,00,00,
1718530,0000019C,false,Rx,0,8,40,20,00,00,00,00,0B,09,
1719106,0000019D,false,Rx,0,8,00,10,00,05,00,00,00,00,
1719167,0000019E,false,Rx,0,8,15,23,00,00,00,32,00,00,
1724266,00000121,false,Rx,0,8,F1,AF,13,00,00,00,00,01,
1724358,00000122,false,Rx,0,8,FF,01,00,00,44,44,44,44,
1724740,00000123,false,Rx,0,8,F0,02,00,00,00,00,00,35,
1724818,00000124,false,Rx,0,8,00,00,0A,00,00,00,00,00,
1733621,00000036,false,Rx,0,8,22,29,14,01,10,00,20,05,
1733714,00000037,false,Rx,0,8,02,00,00,10,00,40,00,00,
1734032,00000038,false,Rx,0,8,01,00,00,00,20,39,06,00,
1734182,00000039,false,Rx,0,8,00,00,00,00,00,00,00,00,
1737355,00000445,false,Rx,0,8,0E,60,00,00,00,04,00,18,
1738908,0000036F,false,Rx,0,8,91,21,01,00,00,00,00,00,
1739045,0000037F,false,Rx,0,8,F4,10,52,24,41,02,00,00,
1742675,000000C5,false,Rx,1,8,00,00,00,00,00,00,00,00,
1742772,00000244,false,Rx,1,8,00,00,00,00,00,00,00,00,
1742994,0000041F,false,Rx,1,8,00,0C,00,00,00,00,00,00,
1743304,000004B4,false,Rx,1,8,01,00,0D,40,10,60,44,02,
1744007,000004B5,false,Rx,1,8,08,00,F0,07,00,00,00,00,
1744709,000004B7,false,Rx,1,8,08,00,F0,07,00,00,00,00,
1744824,000004CA,false,Rx,1,8,00,00,00,00,00,00,00,00,
1745339,000002AB,false,Rx,0,8,5A,EF,1C,0C,0C,00,00,00,
1746070,000004CC,false,Rx,1,8,08,00,00,2A,00,00,03,00,
1746687,000002AC,false,Rx,0,8,00,FF,FF,00,00,40,00,50,
1747217,000004CE,false,Rx,1,8,14,01,FF,FF,FF,FF,FF,FF,
1747497,000004D7,false,Rx,1,8,23,01,00,00,00,00,00,00,
1748002,000002AD,false,Rx,0,8,00,01,00,40,FF,FF,FF,0F,
1748133,000004D8,false,Rx,1,8,41,10,F6,F0,40,F2,1E,CC,
1748184,000002AE,false,Rx,0,8,1E,0C,FF,3F,00,01,00,00,
1748269,000004DD,false,Rx,1,8,00,00,FE,00,04,00,00,00,
1748327,000002B6,false,Rx,0,8,A4,09,1C,00,00,00,00,40,
1748385,000004DF,false,Rx,1,8,00,00,08,00,00,00,00,00,
1748427,000002B7,false,Rx,0,8,94,01,C1,04,00,04,00,00,
1748488,000004E7,false,Rx,1,8,00,30,00,00,00,00,69,00,
1748544,000002EB,false,Rx,0,8,3E,65,8D,09,10,01,00,00,
1748590,000004E8,false,Rx,1,8,FF,FF,FF,29,FF,FF,FF,00,
1748690,000002B8,false,Rx,0,8,B2,61,11,00,00,00,00,00,
1748743,000004E9,false,Rx,1,8,00,00,00,00,00,00,00,00,
1749708,000002EC,false,Rx,0,8,0A,00,00,00,00,00,00,00,
1750444,000002B9,false,Rx,0,8,0A,00,00,00,00,00,00,00,
1750562,000004EA,false,Rx,1,8,00,00,00,00,00,00,00,00,
1750607,000002ED,false,Rx,0,8,00,00,00,00,00,00,00,00,
1750677,000004EB,false,Rx,1,8,04,68,2B,06,00,00,00,00,
1751661,000002D6,false,Rx,0,8,92,C2,8D,00,00,00,00,00,
1752414,000004EC,false,Rx,1,8,FF,FF,FF,FF,FF,FF,FF,0F,
1752649,000002EE,false,Rx,0,8,00,00,00,00,00,00,00,00,
1752727,000004ED,false,Rx,1,8,FF,FF,FF,FF,FF,FF,FF,1F,
1752771,000002D7,false,Rx,0,8,00,00,03,03,03,00,00,00,
1752820,000004EE,false,Rx,1,8,FF,FF,00,00,00,00,00,00,
1752890,0000033B,false,Rx,0,8,CC,A6,1C,00,00,00,00,00,
1752942,000002D8,false,Rx,0,8,00,00,00,00,00,00,38,44,
1752993,000004EF,false,Rx,1,8,60,00,60,00,29,14,00,00,
1753035,0000033C,false,Rx,0,8,00,00,00,00,F0,00,00,00,
1753111,000002D9,false,Rx,0,8,00,00,00,00,00,00,00,00,
1753181,000004F0,false,Rx,1,8,4A,0D,2B,06,5C,1A,11,02,
1753233,0000033D,false,Rx,0,8,00,00,00,00,00,00,00,00,
1753278,00000251,false,Rx,0,8,AB,2D,1B,00,00,00,00,00,
1753338,000004F1,false,Rx,1,8,00,C0,00,00,00,00,00,00,
1753380,000002E1,false,Rx,0,8,04,BC,1C,00,00,00,00,00,
1753434,00000252,false,Rx,0,8,00,00,00,00,03,00,00,00,
1753485,000004F2,false,Rx,1,8,02,FF,DD,FF,03,01,00,00,
1753527,000002E2,false,Rx,0,8,EF,00,00,00,00,7E,00,04,
1753583,00000253,false,Rx,0,8,00,00,00,4D,52,00,80,46,
1753646,000004F3,false,Rx,1,8,00,00,00,00,30,00,00,00,
1753714,000002E3,false,Rx,0,8,00,00,00,00,00,00,72,01,
1753757,0000033E,false,Rx,0,8,00,00,00,00,00,00,00,00,
1753820,000004F9,false,Rx,1,8,E0,FF,FF,FF,FF,FF,FF,FF,
1753872,000002E4,false,Rx,0,8,02,00,00,00,00,00,00,00,
1753924,00000356,false,Rx,0,8,C5,4E,8E,00,00,00,00,00,
1753977,000004FE,false,Rx,1,8,69,23,00,03,CF,00,48,A8,
1754019,00000357,false,Rx,0,8,00,00,00,00,00,4B,4D,48,
1754358,0000063D,false,Rx,1,8,00,80,00,00,00,00,00,00,
1754425,00000358,false,Rx,0,8,35,41,45,4D,52,37,33,4F,
1754472,0000063E,false,Rx,1,8,FF,FF,FF,FF,FF,FF,FF,FF,
1754515,00000359,false,Rx,0,8,51,4F,34,52,4A,35,33,00,
1754981,0000063F,false,Rx,1,8,00,10,00,C4,FF,00,00,00,
1755113,00000396,false,Rx,0,8,9B,F1,8D,0F,10,02,00,00,
1755171,00000640,false,Rx,1,8,FF,FF,FF,00,FF,FF,FF,00,
1755221,00000397,false,Rx,0,8,1C,00,00,00,00,00,00,00,
1755281,00000641,false,Rx,1,8,FF,FF,FF,FF,0F,FF,FF,FF,
1755363,00000398,false,Rx,0,8,00,00,00,00,00,00,00,00,
1755409,00000646,false,Rx,1,8,00,00,00,80,01,00,00,00,
1756564,00000401,false,Rx,0,8,69,E0,10,00,00,00,00,00,
1759108,00000405,false,Rx,0,8,E4,00,00,00,00,00,00,00,
1759519,00000410,false,Rx,0,8,A3,90,53,3C,B4,6A,FF,FF,
1760240,00000411,false,Rx,0,8,BD,71,50,50,00,00,44,05,
1760349,00000413,false,Rx,0,8,F5,10,00,41,00,00,00,00,
1760437,00000412,false,Rx,0,8,F1,00,00,00,00,00,04,00,
1760980,00000414,false,Rx,0,8,87,A0,00,00,28,00,00,00,
1761456,00000416,false,Rx,0,8,55,00,00,00,00,00,00,00,
1761763,00000417,false,Rx,0,8,D0,20,00,00,00,01,00,00,
1762184,00000418,false,Rx,0,8,18,00,00,00,14,4C,00,00,
1762410,00000419,false,Rx,0,8,84,20,EE,DA,99,7B,84,00,
1763192,000000A1,false,Rx,0,8,BA,76,33,8A,D4,EC,A2,00,
1763350,000000A2,false,Rx,0,8,00,00,00,00,00,00,00,00,
1763572,000000A3,false,Rx,0,8,00,40,01,00,00,00,00,00,
1767498,0000010B,false,Rx,0,8,44,79,17,00,00,00,00,01,
1767587,0000010C,false,Rx,0,8,FF,01,00,00,43,48,44,44,
1767904,0000010D,false,Rx,0,8,EF,02,00,00,00,00,00,35,
1768037,0000010E,false,Rx,0,8,00,00,0A,00,00,00,00,00,
1768314,0000019B,false,Rx,0,8,A4,76,15,00,00,D4,00,00,
1768551,0000019C,false,Rx,0,8,40,20,00,00,00,00,0B,09,
1768799,0000019D,false,Rx,0,8,00,10,00,05,00,00,00,00,
1769052,0000019E,false,Rx,0,8,15,23,00,00,00,32,00,00,
1774267,00000121,false,Rx,0,8,49,AE,18,00,00,00,00,01,
1774355,00000122,false,Rx,0,8,FF,01,00,00,44,44,44,44,
1774739,00000123,false,Rx,0,8,F0,02,00,00,00,00,00,35,
1774810,000002E6,false,Rx,0,8,BC,A4,19,01,00,00,00,15,
1775161,00000124,false,Rx,0,8,00,00,0A,00,00,00,00,00,
1775294,00000256,false,Rx,0,8,F5,09,19,01,00,00,00,00,
1775539,000002E7,false,Rx,0,8,3C,00,00,00,00,00,00,00,
1775868,00000257,false,Rx,0,8,00,00,00,00,64,00,02,00,
1776283,000002E8,false,Rx,0,8,00,00,00,00,00,00,00,00,
1776347,00000258,false,Rx,0,8,01,00,00,00,10,15,00,1C,
1776533,000002E9,false,Rx,0,8,00,00,00,00,00,00,00,00,
1776920,00000259,false,Rx,0,8,00,00,00,3C,00,00,00,00,
1777364,000003B6,false,Rx,0,8,D2,63,8C,00,00,00,00,44,
1777425,000003B7,false,Rx,0,8,43,00,00,00,00,00,00,00,
1777516,000003B8,false,Rx,0,8,EB,02,00,00,00,00,69,0E,
1777914,000003B9,false,Rx,0,8,00,00,00,00,00,00,00,00,
1783630,00000036,false,Rx,0,8,2F,EF,19,01,10,00,20,05,
1783723,00000037,false,Rx,0,8,02,00,00,10,00,40,00,00,
1784060,00000038,false,Rx,0,8,01,00,00,00,20,39,06,00,
1784194,00000039,false,Rx,0,8,00,00,00,00,00,00,00,00,
1788179,000001F1,false,Rx,0,8,1B,9D,71,01,00,00,28,00,
1788705,000001F2,false,Rx,0,8,00,00,00,00,00,00,00,00,
1795192,00000565,false,Rx,0,8,66,02,00,00,00,00,FF,FF,
1795318,000003AA,false,Rx,0,8,FF,00,D0,00,54,00,00,00,
1802519,0000030B,false,Rx,0,8,7D,55,1C,00,04,00,00,00,
1802617,0000030C,false,Rx,0,8,00,00,0C,23,2C,00,A0,0F,
1802748,0000030D,false,Rx,0,8,00,00,00,00,FF,00,00,00,
1803063,0000030E,false,Rx,0,8,00,00,28,05,21,00,00,1A,
1803526,000001E6,false,Rx,0,8,7B,E0,34,02,00,00,00,00,
1803682,000001BB,false,Rx,0,8,15,8B,34,02,00,00,00,0A,
1803991,00000495,false,Rx,0,8,49,00,00,00,00,00,00,00,
1804193,000001BC,false,Rx,0,8,32,00,00,00,02,00,00,00,
1804443,000001BD,false,Rx,0,8,00,00,00,00,00,00,00,00,
1804687,000001E7,false,Rx,0,8,00,00,22,03,20,01,00,00,
1812367,000001AB,false,Rx,0,8,BD,76,2E,40,00,90,00,00,
1812571,000001AC,false,Rx,0,8,00,28,00,00,00,00,00,00,
1812976,000000A1,false,Rx,0,8,86,87,38,8A,D4,EC,A2,00,
1813225,00000448,false,Rx,0,8,7F,00,00,00,00,00,00,00,
1813480,000000A2,false,Rx,0,8,00,00,00,00,00,00,00,00,
1813721,000000A3,false,Rx,0,8,00,40,01,00,00,00,00,00,
1817177,0000010B,false,Rx,0,8,FC,78,1C,00,00,00,00,01,
1817359,0000010C,false,Rx,0,8,FF,01,00,00,43,48,44,44,
1817623,0000010D,false,Rx,0,8,EF,02,00,00,00,00,00,35,
1817900,0000010E,false,Rx,0,8,00,00,0A,00,00,00,00,00,
1818250,0000019B,false,Rx,0,8,25,02,1A,00,00,D4,00,00,
1818496,0000019C,false,Rx,0,8,40,20,00,00,00,00,0B,09,
1818744,0000019D,false,Rx,0,8,00,10,00,05,00,00,00,00,
1819001,0000019E,false,Rx,0,8,15,23,00,00,00,32,00,00,
1824112,00000121,false,Rx,0,8,36,82,1D,00,00,00,00,01,
1824293,00000122,false,Rx,0,8,FF,01,00,00,44,44,44,44,
1824539,00000123,false,Rx,0,8,F0,02,00,00,00,00,00,35,
1824808,00000124,false,Rx,0,8,00,00,0A,00,00,00,00,00,
1832630,00000487,false,Rx,1,8,00,00,00,00,00,00,00,00,
1832871,00000226,false,Rx,0,8,B7,E4,0B,FF,00,20,00,02,
1832936,00000642,false,Rx,1,8,FF,FF,FF,FF,FF,FF,00,00,
1832983,000002FF,false,Rx,0,8,94,7C,00,00,00,00,00,00,
1833040,00000645,false,Rx,1,8,7F,86,07,39,EF,3B,56,00,
1833491,00000227,false,Rx,0,8,02,C4,07,09,00,F0,FF,07,
1833805,00000316,false,Rx,0,8,89,DB,07,04,00,80,0A,00,
1833878,00000036,false,Rx,0,8,DC,71,1E,01,10,00,20,05,
1834141,00000317,false,Rx,0,8,00,00,05,00,00,00,00,00,
1834221,00000037,false,Rx,0,8,02,00,00,10,00,40,00,00,
1834403,00000472,false,Rx,0,8,5C,EC,00,40,08,41,00,45,
1834792,00000038,false,Rx,0,8,01,00,00,00,20,39,06,00,
1834897,00000473,false,Rx,0,8,5F,24,00,25,00,00,00,78,
1835122,00000039,false,Rx,0,8,00,00,00,00,00,00,00,00,
1835366,00000474,false,Rx,0,8,30,DB,00,00,00,00,00,00,
1839035,0000036F,false,Rx,0,8,28,31,01,00,00,00,00,00,
1839115,0000037F,false,Rx,0,8,22,20,52,24,41,02,00,00,
1844810,000002C1,false,Rx,0,8,65,EA,8F,21,00,41,00,A1,
1844972,000002C2,false,Rx,0,8,40,00,00,00,00,00,00,00,
1845234,000002C3,false,Rx,0,8,00,00,00,00,00,00,00,00,
1845710,000002C4,false,Rx,0,8,00,00,00,00,00,00,00,00,
1847068,00000445,false,Rx,0,8,B1,70,00,00,00,00,00,18,
1848365,00000151,false,Rx,0,8,16,95,1A,A0,C8,00,28,15,
1848740,000001F6,false,Rx,0,8,70,00,1A,00,00,00,00,00,
1848821,00000152,false,Rx,0,8,12,14,14,00,24,00,00,00,
1848927,000001F7,false,Rx,0,8,1F,00,DC,00,00,00,00,00,
1848990,00000153,false,Rx,0,8,00,00,00,00,00,00,00,00,
1849160,000001F8,false,Rx,0,8,00,69,00,64,00,00,00,00,
1849627,00000154,false,Rx,0,8,00,00,00,00,00,00,00,00,
1849709,000001F9,false,Rx,0,8,19,00,A0,C8,14,00,19,00,
1849905,000002FB,false,Rx,0,8,72,61,1A,04,0C,14,C3,C3,
1850118,00000236,false,Rx,0,8,15,21,1A,00,30,63,34,6C,
1850359,000002FC,false,Rx,0,8,05,00,12,15,00,00,00,96,
1850591,00000237,false,Rx,0,8,00,05,94,00,00,5B,1D,00,
1850845,000002FD,false,Rx,0,8,00,00,00,00,00,1C,10,EA,
1851091,00000238,false,Rx,0,8,00,00,0C,00,00,00,00,00,
1851335,000002FE,false,Rx,0,8,00,00,72,01,00,28,00,00,
1851578,00000239,false,Rx,0,8,00,00,00,00,01,00,00,00,
1851822,00000326,false,Rx,0,8,A6,52,1A,00,00,00,00,00,
1852063,0000025B,false,Rx,0,8,76,F4,1A,4C,40,20,00,00,
1852315,00000327,false,Rx,0,8,00,00,00,00,01,00,00,00,
1852656,0000025C,false,Rx,0,8,00,00,1F,00,BD,68,14,00,
1852949,00000328,false,Rx,0,8,DC,00,19,00,00,69,00,00,
1853569,0000025D,false,Rx,0,8,00,C8,00,00,00,80,C0,70,
1853731,00000329,false,Rx,0,8,A0,64,00,00,00,00,00,00,
1853777,0000025E,false,Rx,0,8,46,07,0E,06,00,00,00,00,
1853819,00000331,false,Rx,0,8,56,73,1A,F1,C8,A0,2C,97,
1854013,00000332,false,Rx,0,8,44,07,B4,00,00,00,00,00,
1854287,00000333,false,Rx,0,8,00,00,00,1C,0C,40,20,A0,
1854487,00000334,false,Rx,0,8,C8,00,00,00,5C,70,B7,8F,
1857122,000000FF,false,Rx,0,8,CB,10,00,00,00,00,02,00,
1857892,00000394,false,Rx,0,8,2A,22,1A,49,00,00,00,00,
1858348,000003C3,false,Rx,0,8,45,10,31,30,36,00,00,00,
1858862,000003E0,false,Rx,0,8,72,70,01,00,00,00,00,00,
1859891,000003E5,false,Rx,0,8,06,30,00,00,00,00,00,00,
1860090,000003E6,false,Rx,0,8,A1,40,00,00,00,00,00,00,
1860343,0000041A,false,Rx,0,8,A3,30,12,00,50,01,00,00,
1860609,0000041B,false,Rx,0,8,BE,70,00,00,00,00,00,00,
1860883,0000041C,false,Rx,0,8,84,D0,E8,00,00,00,00,00,
1861125,00000422,false,Rx,0,8,FA,20,01,00,00,00,04,00,
1861587,00000432,false,Rx,0,8,03,20,02,00,00,00,00,00,
1861829,00000464,false,Rx,0,8,6C,30,F0,FF,38,7F,05,00,
1862272,00000435,false,Rx,0,8,B5,D0,00,50,00,00,00,FF,
1862719,00000442,false,Rx,0,8,CE,20,11,81,00,00,00,00,
1862960,000000A1,false,Rx,0,8,89,6C,3D,8A,D4,EC,A2,00,
1863218,000000A2,false,Rx,0,8,00,00,00,00,00,00,00,00,
1863458,00000444,false,Rx,0,8,4F,B0,00,20,00,00,00,00,
1863713,000000A3,false,Rx,0,8,00,40,01,00,00,00,00,00,
1867650,0000010B,false,Rx,0,8,9F,E3,21,00,00,00,00,01,
1867799,0000010C,false,Rx,0,8,FF,01,00,00,43,48,44,44,
1867863,0000010D,false,Rx,0,8,EF,02,00,00,00,00,00,35,
1868111,0000010E,false,Rx,0,8,00,00,0A,00,00,00,00,00,
1868491,0000019B,false,Rx,0,8,5A,2E,1F,00,00,D4,00,00,
1868785,0000019C,false,Rx,0,8,40,20,00,00,00,00,0B,09,
1868865,0000019D,false,Rx,0,8,00,10,00,05,00,00,00,00,
1869046,0000019E,false,Rx,0,8,15,23,00,00,00,32,00,00,
1872848,000004A3,false,Rx,1,8,80,00,48,0B,3E,00,00,00,
1872953,000004A4,false,Rx,1,8,FF,FF,FF,00,00,00,00,00,
1874531,00000121,false,Rx,0,8,D9,AB,22,00,00,00,00,01,
1874673,00000122,false,Rx,0,8,FF,01,00,00,44,44,44,44,
1874751,00000123,false,Rx,0,8,F0,02,00,00,00,00,00,35,
1874796,00000124,false,Rx,0,8,00,00,0A,00,00,00,00,00,
1883610,00000036,false,Rx,0,8,BF,EA,23,01,10,00,20,05,
1883705,00000037,false,Rx,0,8,02,00,00,10,00,40,00,00,
1884088,00000038,false,Rx,0,8,01,00,00,00,20,39,06,00,
1884457,00000039,false,Rx,0,8,00,00,00,00,00,00,00,00,
1887205,00000445,false,Rx,0,8,B1,70,00,00,00,00,00,18,
1888486,00000566,false,Rx,0,8,16,02,00,00,00,00,FF,FF,
1903474,000002BF,false,Rx,0,8,FF,FF,FF,00,00,00,00,00,
1903580,0000047F,false,Rx,0,8,FF,FF,FF,FF,FF,FF,FF,FF,
1903954,00000653,false,Rx,0,8,0A,19,03,01,02,2A,00,00,
1912668,000001AB,false,Rx,0,8,C4,6C,33,40,00,90,00,00,
1912785,000001AC,false,Rx,0,8,00,28,00,00,00,00,00,00,
1913024,000000A1,false,Rx,0,8,21,90,42,8A,D4,EC,A2,00,
1913288,000000A2,false,Rx,0,8,00,00,00,00,00,00,00,00,
1913538,000000A3,false,Rx,0,8,00,40,01,00,00,00,00,00,
1916997,00000445,false,Rx,0,8,1E,80,00,00,00,04,00,18,
1917168,0000010B,false,Rx,0,8,6C,7D,26,00,00,00,00,01,
1917451,0000010C,false,Rx,0,8,FF,01,00,00,43,48,44,44,
1917661,0000010D,false,Rx,0,8,EF,02,00,00,00,00,00,35,
1917946,0000010E,false,Rx,0,8,00,00,0A,00,00,00,00,00,
1918269,0000019B,false,Rx,0,8,8C,72,24,00,00,D4,00,00,
1918499,0000019C,false,Rx,0,8,40,20,00,00,00,00,0B,09,
1918754,0000019D,false,Rx,0,8,00,10,00,05,00,00,00,00,
1918990,0000019E,false,Rx,0,8,15,23,00,00,00,32,00,00,
1924176,00000121,false,Rx,0,8,A6,87,27,00,00,00,00,01,
1924292,00000122,false,Rx,0,8,FF,01,00,00,44,44,44,44,
1924551,00000123,false,Rx,0,8,F0,02,00,00,00,00,00,35,
1924816,00000124,false,Rx,0,8,00,00,0A,00,00,00,00,00,
1933467,00000036,false,Rx,0,8,07,EB,28,01,10,00,20,05,
1933651,00000037,false,Rx,0,8,02,00,00,10,00,40,00,00,
1933935,00000038,false,Rx,0,8,01,00,00,00,20,39,06,00,
1934188,00000039,false,Rx,0,8,00,00,00,00,00,00,00,00,
1938019,000001F1,false,Rx,0,8,ED,B5,74,01,00,00,28,00,
1938213,000001F2,false,Rx,0,8,00,00,00,00,00,00,00,00,
1938747,0000036F,false,Rx,0,8,20,41,01,00,00,00,00,00,
1939090,0000037F,false,Rx,0,8,9B,30,52,24,41,02,00,00,
1942576,000000C5,false,Rx,1,8,00,00,00,00,00,00,00,00,
1942693,00000244,false,Rx,1,8,00,00,00,00,00,00,00,00,
1942992,000003E4,false,Rx,1,8,FE,00,00,00,00,00,00,00,
1943258,000004B4,false,Rx,1,8,01,00,0D,40,10,60,44,02,
1943521,000004B5,false,Rx,1,8,08,00,F0,07,00,00,00,00,
1943808,000004B7,false,Rx,1,8,08,00,F0,07,00,00,00,00,
1944070,000004CA,false,Rx,1,8,00,00,00,00,00,00,00,00,
1944375,000004CC,false,Rx,1,8,08,00,00,2A,00,00,03,00,
1944637,000002AB,false,Rx,0,8,D6,5D,1E,0C,0C,00,00,00,
1944797,000004CE,false,Rx,1,8,14,01,FF,FF,FF,FF,FF,FF,
1944895,000004D7,false,Rx,1,8,23,01,00,00,00,00,00,00,
1944959,000002AC,false,Rx,0,8,00,FF,FF,00,00,40,00,50,
1945357,000004D8,false,Rx,1,8,41,10,F6,F0,40,F2,1E,CC,
1945425,000002AD,false,Rx,0,8,00,01,00,40,FF,FF,FF,0F,
1945846,000004DD,false,Rx,1,8,00,00,FE,00,04,00,00,00,
1945915,000002AE,false,Rx,0,8,1E,0C,FF,3F,00,01,00,00,
1946336,000004DF,false,Rx,1,8,00,00,08,00,00,00,00,00,
1946404,000002B6,false,Rx,0,8,28,BB,1E,00,00,00,00,40,
1946636,000002EB,false,Rx,0,8,F4,8E,8E,09,10,01,00,00,
1946821,000004E7,false,Rx,1,8,00,30,00,00,00,00,69,00,
1947012,000002B7,false,Rx,0,8,94,01,C1,04,00,04,00,00,
1947078,000002EC,false,Rx,0,8,0A,00,00,00,00,00,00,00,
1947307,000004E8,false,Rx,1,8,FF,FF,FF,29,FF,FF,FF,00,
1947369,000002B8,false,Rx,0,8,B2,61,11,00,00,00,00,00,
1947763,000002ED,false,Rx,0,8,00,00,00,00,00,00,00,00,
1947873,000004E9,false,Rx,1,8,00,00,00,00,00,00,00,00,
1947919,000002B9,false,Rx,0,8,0A,00,00,00,00,00,00,00,
1948145,000002EE,false,Rx,0,8,00,00,00,00,00,00,00,00,
1948288,000004EA,false,Rx,1,8,00,00,00,00,00,00,00,00,
1948358,000002D6,false,Rx,0,8,58,29,8E,00,00,00,00,00,
1948600,0000033B,false,Rx,0,8,40,14,1E,00,00,00,00,00,
1948763,000004EB,false,Rx,1,8,04,68,2B,06,00,00,00,00,
1948926,000002D7,false,Rx,0,8,00,00,03,03,03,00,00,00,
1949063,0000033C,false,Rx,0,8,00,00,00,00,F0,00,00,00,
1949270,000004EC,false,Rx,1,8,FF,FF,FF,FF,FF,FF,FF,0F,
1949335,000002D8,false,Rx,0,8,00,00,00,00,00,00,38,44,
1949581,00000251,false,Rx,0,8,47,A8,1D,00,00,00,00,00,
1949749,000004ED,false,Rx,1,8,FF,FF,FF,FF,FF,FF,FF,1F,
1949914,000002D9,false,Rx,0,8,00,00,00,00,00,00,00,00,
1950047,00000252,false,Rx,0,8,00,00,00,00,03,00,00,00,
1950257,000004EE,false,Rx,1,8,FF,FF,00,00,00,00,00,00,
1950322,000002E1,false,Rx,0,8,82,00,1E,00,00,00,00,00,
1950578,00000253,false,Rx,0,8,00,00,00,00,52,00,80,46,
1950742,000004EF,false,Rx,1,8,60,00,60,00,29,14,00,00,
1950804,000002E2,false,Rx,0,8,E2,00,00,00,00,7E,00,04,
1951037,0000033D,false,Rx,0,8,00,00,00,00,00,00,00,00,
1951227,0000063D,false,Rx,1,8,00,80,00,00,00,00,00,00,
1951372,000002E3,false,Rx,0,8,00,00,00,00,00,00,72,01,
1951511,0000033E,false,Rx,0,8,00,00,00,00,00,00,00,00,
1951736,0000063E,false,Rx,1,8,FF,FF,FF,FF,FF,FF,FF,FF,
1951800,000002E4,false,Rx,0,8,02,00,00,00,00,00,00,00,
1952154,00000356,false,Rx,0,8,83,17,8F,00,00,00,00,00,
1952243,0000063F,false,Rx,1,8,00,10,00,C4,FF,00,00,00,
1952493,00000357,false,Rx,0,8,00,00,00,00,00,4B,4D,48,
1952719,00000640,false,Rx,1,8,FF,FF,FF,00,FF,FF,FF,00,
1952962,00000358,false,Rx,0,8,35,41,45,4D,52,37,33,4F,
1953218,00000641,false,Rx,1,8,FF,FF,FF,FF,0F,FF,FF,FF,
1953420,00000359,false,Rx,0,8,51,4F,34,52,4A,35,33,00,
1953713,00000646,false,Rx,1,8,00,00,00,80,01,00,00,00,
1953966,00000396,false,Rx,0,8,56,A9,8E,0F,10,02,00,00,
1954420,00000397,false,Rx,0,8,10,00,00,00,00,00,00,00,
1955050,000001E6,false,Rx,0,8,36,08,37,02,00,00,00,00,
1955155,00000398,false,Rx,0,8,00,00,00,00,00,00,00,00,
1955630,000001BB,false,Rx,0,8,10,D2,37,02,00,00,00,0A,
1956039,00000485,false,Rx,0,8,00,40,11,02,00,00,00,00,
1956224,000001BC,false,Rx,0,8,32,00,00,00,02,00,00,00,
1956407,000001BD,false,Rx,0,8,00,00,00,00,00,00,00,00,
1957229,000001E7,false,Rx,0,8,00,00,22,03,20,01,00,00,
1957325,00000401,false,Rx,0,8,69,E0,10,00,00,00,00,00,
1957370,00000445,false,Rx,0,8,1E,80,00,00,00,04,00,18,
1959157,00000405,false,Rx,0,8,E4,00,00,00,00,00,00,00,
1959436,00000410,false,Rx,0,8,A3,90,53,3C,B4,6A,FF,FF,
1959740,00000413,false,Rx,0,8,F5,10,00,41,00,00,00,00,
1960488,00000411,false,Rx,0,8,BD,71,50,50,00,00,44,05,
1960661,00000414,false,Rx,0,8,87,A0,00,00,28,00,00,00,
1960713,00000412,false,Rx,0,8,F1,00,00,00,00,00,04,00,
1960763,00000416,false,Rx,0,8,55,00,00,00,00,00,00,00,
1961198,00000417,false,Rx,0,8,D0,20,00,00,00,01,00,00,
1961632,00000418,false,Rx,0,8,18,00,00,00,14,4C,00,00,
1962110,00000419,false,Rx,0,8,84,20,EE,DA,99,7B,84,00,
1962971,000000A1,false,Rx,0,8,2E,7B,47,8A,D4,EC,A2,00,
1963262,000000A2,false,Rx,0,8,00,00,00,00,00,00,00,00,
1963514,000000A3,false,Rx,0,8,00,40,01,00,00,00,00,00,
1967364,0000010B,false,Rx,0,8,61,BB,2B,00,00,00,00,01,
1967534,0000010C,false,Rx,0,8,FF,01,00,00,43,48,44,44,
1967844,0000010D,false,Rx,0,8,EF,02,00,00,00,00,00,35,
1968055,0000010E,false,Rx,0,8,00,00,0A,00,00,00,00,00,
1968270,0000019B,false,Rx,0,8,81,B4,29,00,00,D4,00,00,
1968556,0000019C,false,Rx,0,8,40,20,00,00,00,00,0B,09,
1968997,0000019D,false,Rx,0,8,00,10,00,05,00,00,00,00,
1969360,0000019E,false,Rx,0,8,15,23,00,00,00,32,00,00,
1974266,00000121,false,Rx,0,8,1E,86,2C,00,00,00,00,01,
1974355,00000122,false,Rx,0,8,FF,01,00,00,44,44,44,44,
1974748,00000123,false,Rx,0,8,F0,02,00,00,00,00,00,35,
1974820,000002E6,false,Rx,0,8,30,16,1B,01,00,00,00,15,
1975181,00000124,false,Rx,0,8,00,00,0A,00,00,00,00,00,
1975274,00000256,false,Rx,0,8,79,BB,1B,01,00,00,00,00,
1975598,000002E7,false,Rx,0,8,3C,00,00,00,00,00,00,00,
1976196,00000257,false,Rx,0,8,00,00,00,00,64,00,02,00,
1976551,000002E8,false,Rx,0,8,00,00,00,00,00,00,00,00,
1976625,00000258,false,Rx,0,8,01,00,00,00,10,15,00,1C,
1976894,000002E9,false,Rx,0,8,00,00,00,00,00,00,00,00,
1976984,00000259,false,Rx,0,8,00,00,00,3C,00,00,00,00,
1977222,000003B6,false,Rx,0,8,94,3A,8D,00,00,00,00,44,
1977296,000003B7,false,Rx,0,8,43,00,00,00,00,00,00,00,
1977615,000003B8,false,Rx,0,8,EB,02,00,00,00,00,69,0E,
1978001,000003B9,false,Rx,0,8,00,00,00,00,00,00,00,00,
1983609,00000036,false,Rx,0,8,78,C7,2D,01,10,00,20,05,
1983699,00000037,false,Rx,0,8,02,00,00,10,00,40,00,00,
1984171,00000038,false,Rx,0,8,01,00,00,00,20,39,06,00,
1984358,00000039,false,Rx,0,8,00,00,00,00,00,00,00,00,
1984574,00000516,false,Rx,0,8,61,02,00,00,00,00,FF,FF,
1995521,000003AA,false,Rx,0,8,FF,00,D0,00,54,00,00,00,
1997188,00000445,false,Rx,0,8,1E,80,00,00,00,04,00,18,
2002652,0000030B,false,Rx,0,8,53,63,1E,00,04,00,00,00,
2003905,0000030C,false,Rx,0,8,00,00,0C,23,2C,00,A0,0F,
2004209,0000030D,false,Rx,0,8,00,00,00,00,FF,00,00,00,
2004286,0000030E,false,Rx,0,8,00,00,28,05,21,00,00,00,
2004340,00000495,false,Rx,0,8,49,00,00,00,00,00,00,00,
2012864,000001AB,false,Rx,0,8,0C,95,38,40,00,90,00,00,
2013023,000004E8,false,Rx,1,8,FF,FF,FF,29,FF,FF,FF,00,
2013660,000001AC,false,Rx,0,8,00,28,00,00,00,00,00,00,
2013860,000000A1,false,Rx,0,8,12,8A,4C,8A,D4,EC,A2,00,
2013917,00000448,false,Rx,0,8,7F,00,00,00,00,00,00,00,
2013995,000000A2,false,Rx,0,8,00,00,00,00,00,00,00,00,
2014038,000000A3,false,Rx,0,8,00,40,01,00,00,00,00,00,
2017777,0000010B,false,Rx,0,8,5F,8E,30,00,00,00,00,01,
2017966,0000010C,false,Rx,0,8,FF,01,00,00,43,48,44,44,
2018011,0000010D,false,Rx,0,8,ED,02,00,00,00,00,00,35,
2018056,0000010E,false,Rx,0,8,00,00,0A,00,00,00,00,00,
2018303,0000019B,false,Rx,0,8,72,2A,2E,00,00,D4,00,00,
2018834,0000019C,false,Rx,0,8,40,20,00,00,00,00,0B,09,
2018907,0000019D,false,Rx,0,8,00,10,00,05,00,00,00,00,
2019018,0000019E,false,Rx,0,8,15,23,00,00,00,32,00,00,
2024139,00000121,false,Rx,0,8,D0,87,31,00,00,00,00,01,
2024287,00000122,false,Rx,0,8,FF,01,00,00,44,44,44,44,
2024570,00000123,false,Rx,0,8,ED,02,00,00,00,00,00,35,
2024812,00000124,false,Rx,0,8,00,00,0A,00,00,00,00,00,
2032536,00000487,false,Rx,1,8,00,00,00,00,00,00,00,00,
2032860,00000226,false,Rx,0,8,0C,24,0D,FF,00,20,00,02,
2032939,00000642,false,Rx,1,8,FF,FF,FF,FF,FF,FF,00,00,
2032998,000002FF,false,Rx,0,8,94,7C,00,00,00,00,00,00,
2033120,00000227,false,Rx,0,8,02,C4,07,09,00,F0,FF,07,
2033363,00000316,false,Rx,0,8,93,A2,08,04,00,80,0A,00,
2033618,00000036,false,Rx,0,8,3C,77,32,01,10,00,20,05,
2033849,00000317,false,Rx,0,8,00,00,05,00,00,00,00,00,
2034085,00000037,false,Rx,0,8,02,00,00,10,00,40,00,00,
2034328,00000472,false,Rx,0,8,5C,EC,00,40,08,41,00,45,
2034574,00000038,false,Rx,0,8,01,00,00,00,20,39,06,00,
2034818,00000473,false,Rx,0,8,5F,24,00,25,00,00,00,78,
2035063,00000039,false,Rx,0,8,00,00,00,00,00,00,00,00,
2035309,00000474,false,Rx,0,8,30,DB,00,00,00,00,00,00,
2039003,0000036F,false,Rx,0,8,99,51,01,00,00,00,00,00,
2039096,0000037F,false,Rx,0,8,93,40,52,24,41,02,00,00,
2042920,00000643,false,Rx,1,8,00,FC,FF,FF,FF,FF,03,00,
2044870,000002C1,false,Rx,0,8,21,5A,90,21,00,41,00,A1,
2045019,000002C2,false,Rx,0,8,40,00,00,00,00,00,00,00,
2045378,000002C3,false,Rx,0,8,00,00,00,00,00,00,00,00,
2046098,000002C4,false,Rx,0,8,00,00,00,00,00,00,00,00,
2048073,00000151,false,Rx,0,8,A3,52,1C,A0,C8,00,28,15,
2048148,000001F6,false,Rx,0,8,C5,C7,1C,00,00,00,00,00,
2048402,00000152,false,Rx,0,8,12,14,14,00,24,00,00,00,
2048644,000001F7,false,Rx,0,8,1F,00,DC,00,00,00,00,00,
2048936,00000153,false,Rx,0,8,00,00,00,00,00,00,00,00,
2049146,000001F8,false,Rx,0,8,00,69,00,64,00,00,00,00,
2049556,00000154,false,Rx,0,8,00,00,00,00,00,00,00,00,
2049611,000001F9,false,Rx,0,8,19,00,A0,C8,14,00,19,00,
2049867,000002FB,false,Rx,0,8,86,83,1C,00,0C,14,C3,C3,
2050277,00000236,false,Rx,0,8,62,7F,1C,00,30,63,34,6C,
2050358,000002FC,false,Rx,0,8,00,00,12,15,00,00,00,96,
2050581,00000237,false,Rx,0,8,00,04,94,00,00,5D,1D,00,
2050832,000002FD,false,Rx,0,8,00,00,00,00,00,1C,10,EA,
2051345,00000238,false,Rx,0,8,00,00,0C,00,00,00,00,00,
2051668,000002FE,false,Rx,0,8,00,00,72,01,00,28,00,00,
2052286,00000239,false,Rx,0,8,00,00,00,00,01,00,00,00,
2052630,00000326,false,Rx,0,8,E3,04,1C,00,10,00,00,00,
2052683,0000025B,false,Rx,0,8,C6,17,1C,4C,40,20,00,00,
2052754,00000327,false,Rx,0,8,00,00,00,00,01,00,00,00,
2052803,0000025C,false,Rx,0,8,00,00,1F,00,BD,68,14,00,
2052860,00000328,false,Rx,0,8,DC,00,19,00,00,69,00,00,
2052982,000004E8,false,Rx,1,8,FF,FF,FF,29,FF,FF,FF,00,
2053036,0000025D,false,Rx,0,8,00,C8,00,00,00,80,C0,70,
2053285,00000329,false,Rx,0,8,A0,64,00,00,00,00,00,00,
2053511,0000025E,false,Rx,0,8,3D,07,0E,06,00,00,00,00,
2053796,00000331,false,Rx,0,8,E3,B4,1C,F1,C8,A0,2C,97,
2055059,00000332,false,Rx,0,8,44,07,B4,00,00,00,00,00,
2055203,00000333,false,Rx,0,8,00,00,00,1C,0C,40,20,A0,
2055261,00000334,false,Rx,0,8,C8,00,00,00,5C,70,B7,8F,
2057093,000000FF,false,Rx,0,8,CB,10,00,00,00,00,02,00,
2058166,00000394,false,Rx,0,8,2A,22,1A,49,00,00,00,00,
2058428,000003C3,false,Rx,0,8,45,10,31,30,36,00,00,00,
2059008,000003E0,false,Rx,0,8,72,70,01,00,00,00,00,00,
2059953,000003E5,false,Rx,0,8,06,30,00,00,00,00,00,00,
2060055,000003E6,false,Rx,0,8,A1,40,00,00,00,00,00,00,
2060388,0000041A,false,Rx,0,8,A3,30,12,00,50,01,00,00,
2060550,0000041B,false,Rx,0,8,BE,70,00,00,00,00,00,00,
2061209,0000041C,false,Rx,0,8,84,D0,E8,00,00,00,00,00,
2061296,00000422,false,Rx,0,8,FA,20,01,00,00,00,04,00,
2061806,00000432,false,Rx,0,8,03,20,02,00,00,00,00,00,
2062381,00000435,false,Rx,0,8,B5,D0,00,50,00,00,00,FF,
2062720,00000442,false,Rx,0,8,CE,20,11,81,00,00,00,00,
2062949,000000A1,false,Rx,0,8,77,89,51,8A,D4,EC,A2,00,
2063228,000000A2,false,Rx,0,8,00,00,00,00,00,00,00,00,
2063480,00000444,false,Rx,0,8,4F,B0,00,20,00,00,00,00,
2063755,000000A3,false,Rx,0,8,00,40,01,00,00,00,00,00,
2063970,00000445,false,Rx,0,8,1E,80,00,00,00,04,00,18,
2064644,00000464,false,Rx,0,8,6C,30,F0,FF,38,7F,05,00,
2067376,0000010B,false,Rx,0,8,C4,A2,35,00,00,00,00,01,
2067543,0000010C,false,Rx,0,8,FF,01,00,00,43,48,44,44,
2067822,0000010D,false,Rx,0,8,EB,02,00,00,00,00,00,35,
2068049,0000010E,false,Rx,0,8,00,00,0A,00,00,00,00,00,
2068282,0000019B,false,Rx,0,8,BA,28,33,00,00,D4,00,00,
2068549,0000019C,false,Rx,0,8,40,20,00,00,00,00,0B,09,
2068800,0000019D,false,Rx,0,8,00,10,00,05,00,00,00,00,
2069044,0000019E,false,Rx,0,8,15,23,00,00,00,32,00,00,
2072649,000004A3,false,Rx,1,8,80,00,48,0B,3E,00,00,00,
2072746,000004A4,false,Rx,1,8,FF,FF,FF,00,00,00,00,00,
2074220,00000121,false,Rx,0,8,C7,19,36,00,00,00,00,01,
2074325,00000122,false,Rx,0,8,FF,01,00,00,44,44,44,44,
2074540,00000123,false,Rx,0,8,EB,02,00,00,00,00,00,35,
2074832,00000124,false,Rx,0,8,00,00,0A,00,00,00,00,00,
2081949,00000561,false,Rx,0,8,63,02,00,00,00,00,FF,FF,
2083564,00000036,false,Rx,0,8,43,5B,37,01,10,00,20,05,
2083661,00000037,false,Rx,0,8,02,00,00,10,00,40,00,00,
2083994,00000038,false,Rx,0,8,01,00,00,00,20,39,06,00,
2084239,00000039,false,Rx,0,8,00,00,00,00,00,00,00,00,
2088234,000001F1,false,Rx,0,8,A0,5D,77,01,00,00,28,00,
2088344,000001F2,false,Rx,0,8,00,00,00,00,00,00,00,00,
2092767,000004E8,false,Rx,1,8,FF,FF,FF,29,FF,FF,FF,00,
2103407,000002BF,false,Rx,0,8,FF,FF,FF,00,00,00,00,00,
2103509,000001E6,false,Rx,0,8,45,31,3A,02,00,00,00,00,
2103786,0000047F,false,Rx,0,8,FF,FF,FF,FF,FF,FF,FF,FF,
2104030,000001BB,false,Rx,0,8,26,91,3A,02,00,00,00,0A,
2104270,00000653,false,Rx,0,8,0A,19,03,01,02,2A,00,00,
2104499,000001BC,false,Rx,0,8,32,00,00,00,02,00,00,00,
2104779,000001BD,false,Rx,0,8,00,00,00,00,00,00,00,00,
2105014,000001E7,false,Rx,0,8,00,00,22,03,20,01,00,00,
2112297,000001AB,false,Rx,0,8,FA,BD,3D,40,00,90,00,00,
2112400,000001AC,false,Rx,0,8,00,28,00,00,00,00,00,00,
2113320,000000A1,false,Rx,0,8,7E,0C,56,8A,D4,EC,A2,00,
2113413,000000A2,false,Rx,0,8,00,00,00,00,00,00,00,00,
2113777,000000A3,false,Rx,0,8,00,40,01,00,00,00,00,00,
2117364,0000010B,false,Rx,0,8,37,D6,3A,00,00,00,00,01,
2117456,0000010C,false,Rx,0,8,FF,01,00,00,43,48,44,44,
2117823,0000010D,false,Rx,0,8,E8,02,00,00,00,00,00,35,
2117900,0000010E,false,Rx,0,8,00,00,0A,00,00,00,00,00,
2118653,0000019B,false,Rx,0,8,02,29,38,00,00,D4,00,00,
2118995,0000019C,false,Rx,0,8,40,20,00,00,00,00,0B,09,
2119271,0000019D,false,Rx,0,8,00,10,00,05,00,00,00,00,
2119345,0000019E,false,Rx,0,8,15,23,00,00,00,32,00,00,
2124277,00000121,false,Rx,0,8,B8,DF,3B,00,00,00,00,01,
2124369,00000122,false,Rx,0,8,FF,01,00,00,44,44,44,44,
2124757,00000123,false,Rx,0,8,E8,02,00,00,00,00,00,35,
2124828,00000124,false,Rx,0,8,00,00,0A,00,00,00,00,00,
2133619,00000036,false,Rx,0,8,FB,5A,3C,01,10,00,20,05,
2133712,00000037,false,Rx,0,8,02,00,00,10,00,40,00,00,
2134203,00000038,false,Rx,0,8,01,00,00,00,20,39,06,00,
2134473,00000039,false,Rx,0,8,00,00,00,00,00,00,00,00,
2139019,0000036F,false,Rx,0,8,4F,61,01,00,00,00,00,00,
2139112,0000037F,false,Rx,0,8,2A,50,52,24,41,02,00,00,
2142911,000000C5,false,Rx,1,8,00,00,00,00,00,00,00,00,
2143042,00000244,false,Rx,1,8,00,00,00,00,00,00,00,00,
2143096,000004B4,false,Rx,1,8,01,00,0D,40,10,60,44,02,
2143253,000004B5,false,Rx,1,8,08,00,F0,07,00,00,00,00,
2143581,000004B7,false,Rx,1,8,08,00,F0,07,00,00,00,00,
2143831,000004CA,false,Rx,1,8,00,00,00,00,00,00,00,00,
2144067,000004CC,false,Rx,1,8,08,00,00,2A,00,00,03,00,
2144368,000004CE,false,Rx,1,8,14,01,FF,FF,FF,FF,FF,FF,
2144630,000002AB,false,Rx,0,8,7F,2D,20,0C,0C,00,00,00,
2144745,000004D7,false,Rx,1,8,23,01,00,00,00,00,00,00,
2144848,000004D8,false,Rx,1,8,41,10,F6,F0,40,F2,1E,CC,
2144979,000002AC,false,Rx,0,8,00,FF,FF,00,00,40,00,50,
2145382,000004DD,false,Rx,1,8,00,00,FE,00,04,00,00,00,
2145477,000002AD,false,Rx,0,8,00,01,00,40,FF,FF,FF,0F,
2145855,000004DF,false,Rx,1,8,00,00,08,00,00,00,00,00,
2146115,000002AE,false,Rx,0,8,1E,0C,FF,3F,00,01,00,00,
2146226,000004E7,false,Rx,1,8,00,30,00,00,00,00,69,00,
2146361,000004E8,false,Rx,1,8,FF,FF,FF,29,FF,FF,FF,00,
2146507,000002B6,false,Rx,0,8,81,CB,20,00,00,00,00,40,
2146701,000002EB,false,Rx,0,8,1F,E4,8F,09,10,01,00,00,
2146870,000004E9,false,Rx,1,8,00,00,00,00,00,00,00,00,
2147004,000002B7,false,Rx,0,8,94,01,C1,04,00,04,00,00,
2147167,000002EC,false,Rx,0,8,02,00,00,00,00,00,00,00,
2147354,000004EA,false,Rx,1,8,00,00,00,00,00,00,00,00,
2147420,000002B8,false,Rx,0,8,B2,61,11,00,00,00,00,00,
2147663,000002ED,false,Rx,0,8,00,00,00,00,00,00,00,00,
2147836,000004EB,false,Rx,1,8,04,68,2B,06,00,00,00,00,
2147996,000002B9,false,Rx,0,8,0A,00,00,00,00,00,00,00,
2148197,000002EE,false,Rx,0,8,00,00,00,00,00,00,00,00,
2148312,000004EC,false,Rx,1,8,FF,FF,FF,FF,FF,FF,FF,0F,
2148386,000002D6,false,Rx,0,8,1E,70,8F,00,00,00,00,00,
2148635,0000033B,false,Rx,0,8,E9,64,20,00,00,00,00,00,
2148828,000004ED,false,Rx,1,8,FF,FF,FF,FF,FF,FF,FF,1F,
2148996,000002D7,false,Rx,0,8,00,00,03,03,03,00,00,00,
2149122,0000033C,false,Rx,0,8,00,00,00,00,F0,00,00,00,
2149311,000004EE,false,Rx,1,8,FF,FF,00,00,00,00,00,00,
2149458,000002D8,false,Rx,0,8,00,00,00,00,00,00,38,44,
2149612,00000251,false,Rx,0,8,41,C6,1F,00,00,00,00,00,
2149793,000004EF,false,Rx,1,8,60,00,60,00,29,14,00,00,
2149890,000002D9,false,Rx,0,8,00,00,00,00,00,00,00,00,
2150114,00000252,false,Rx,0,8,00,00,00,00,03,00,00,00,
2150304,0000063D,false,Rx,1,8,00,80,00,00,00,00,00,00,
2150461,000002E1,false,Rx,0,8,81,AC,20,00,00,00,00,00,
2150584,00000253,false,Rx,0,8,00,00,00,00,52,00,80,46,
2150799,0000063E,false,Rx,1,8,FF,FF,FF,FF,FF,FF,FF,FF,
2150871,000002E2,false,Rx,0,8,D5,00,00,00,00,7E,00,04,
2151081,0000033D,false,Rx,0,8,00,00,00,00,00,00,00,00,
2151293,0000063F,false,Rx,1,8,00,10,00,C4,FF,00,00,00,
2151363,000002E3,false,Rx,0,8,00,00,00,00,00,00,72,01,
2151603,0000033E,false,Rx,0,8,00,00,00,00,00,00,00,00,
2151766,00000640,false,Rx,1,8,FF,FF,FF,00,FF,FF,FF,00,
2151912,000002E4,false,Rx,0,8,02,00,00,00,00,00,00,00,
2152113,00000356,false,Rx,0,8,C7,A7,90,00,00,00,00,00,
2152296,00000641,false,Rx,1,8,FF,FF,FF,FF,0F,FF,FF,FF,
2152701,00000357,false,Rx,0,8,00,00,00,00,00,4B,4D,48,
2152773,00000646,false,Rx,1,8,00,00,00,80,01,00,00,00,
2153056,00000358,false,Rx,0,8,35,41,45,4D,52,37,33,4F,
2153243,000004F0,false,Rx,1,8,4A,0D,2B,07,5C,1A,11,02,
2153501,00000359,false,Rx,0,8,51,4F,34,52,4A,35,33,00,
2153983,00000396,false,Rx,0,8,0D,9C,8F,0F,10,02,00,00,
2154470,00000397,false,Rx,0,8,04,00,00,00,00,00,00,00,
2154976,00000398,false,Rx,0,8,00,00,00,00,00,00,00,00,
2156988,00000401,false,Rx,0,8,69,E0,10,00,00,00,00,00,
2158827,00000405,false,Rx,0,8,E4,00,00,00,00,00,00,00,
2159093,00000410,false,Rx,0,8,A3,90,53,3C,B4,6A,FF,FF,
2159349,00000411,false,Rx,0,8,BD,71,50,50,00,00,44,05,
2159613,00000412,false,Rx,0,8,F1,00,00,00,00,00,04,00,
2159868,00000413,false,Rx,0,8,F5,10,00,41,00,00,00,00,
2160186,00000414,false,Rx,0,8,87,A0,00,00,28,00,00,00,
2160443,00000416,false,Rx,0,8,55,00,00,00,00,00,00,00,
2160714,00000417,false,Rx,0,8,D0,20,00,00,00,01,00,00,
2160975,00000418,false,Rx,0,8,18,00,00,00,14,4C,00,00,
2161455,00000419,false,Rx,0,8,84,20,EE,DA,99,7B,84,00,
2161783,0000048F,false,Rx,0,8,AD,10,41,00,05,00,00,00,
2163229,000000A1,false,Rx,0,8,48,4F,5B,8A,D4,EC,A2,00,
2163321,000000A2,false,Rx,0,8,00,00,00,00,00,00,00,00,
2163670,000000A3,false,Rx,0,8,00,40,01,00,00,00,00,00,
2167486,0000010B,false,Rx,0,8,B1,0B,3F,00,00,00,00,01,
2167576,0000010C,false,Rx,0,8,FF,01,00,00,43,48,44,44,
2167800,0000010D,false,Rx,0,8,E5,02,00,00,00,00,00,35,
2168045,0000010E,false,Rx,0,8,00,00,0A,00,00,00,00,00,
2168289,0000019B,false,Rx,0,8,7D,05,3D,00,00,D4,00,00,
2168553,0000019C,false,Rx,0,8,40,20,00,00,00,00,0B,09,
2168812,0000019D,false,Rx,0,8,00,10,00,05,00,00,00,00,
2169060,0000019E,false,Rx,0,8,15,23,00,00,00,32,00,00,
2174111,00000121,false,Rx,0,8,92,51,40,00,00,00,00,01,
2174286,00000122,false,Rx,0,8,FF,01,00,00,44,44,44,44,
2174528,00000123,false,Rx,0,8,E6,02,00,00,00,00,00,35,
2174773,000002E6,false,Rx,0,8,85,D1,1D,01,00,00,00,15,
2175013,00000124,false,Rx,0,8,00,00,0A,00,00,00,00,00,
2175256,00000256,false,Rx,0,8,CC,7C,1D,01,00,00,00,00,
2175511,000002E7,false,Rx,0,8,3C,00,00,00,00,00,00,00,
2175751,00000257,false,Rx,0,8,00,00,00,00,64,00,02,00,
2176008,000002E8,false,Rx,0,8,00,00,00,00,00,00,00,00,
2176247,00000258,false,Rx,0,8,01,00,00,00,10,15,00,1C,
2176507,000002E9,false,Rx,0,8,00,00,00,00,00,00,00,00,
2176747,00000259,false,Rx,0,8,00,00,00,3C,00,00,00,00,
2176981,000003B6,false,Rx,0,8,96,D0,8E,00,00,00,00,44,
2177258,000003B7,false,Rx,0,8,43,00,00,00,00,00,00,00,
2177517,000003B8,false,Rx,0,8,E7,02,00,00,00,00,69,0E,
2177645,00000563,false,Rx,1,8,65,02,00,00,00,00,FF,FF,
2177792,000003B9,false,Rx,0,8,00,00,00,00,00,00,00,00,
2183485,00000036,false,Rx,0,8,EF,E2,41,01,10,00,20,05,
2183656,00000037,false,Rx,0,8,02,00,00,10,00,40,00,00,
2183935,00000038,false,Rx,0,8,01,00,00,00,20,39,06,00,
2184191,00000039,false,Rx,0,8,00,00,00,00,00,00,00,00,
2192685,000004F0,false,Rx,1,8,4A,0D,2B,07,5C,1A,11,02,
2195405,000003AA,false,Rx,0,8,FF,00,D0,00,54,00,00,00,
2202308,0000030B,false,Rx,0,8,FA,13,20,00,04,00,00,00,
2202505,0000030C,false,Rx,0,8,00,00,0C,23,2C,00,A0,0F,
2202765,0000030D,false,Rx,0,8,00,00,00,00,FF,00,00,00,
2202996,0000030E,false,Rx,0,8,00,00,28,05,21,00,00,00,
2203891,00000495,false,Rx,0,8,49,00,00,00,00,00,00,00,
2212058,000001AB,false,Rx,0,8,D6,2D,42,40,00,90,00,00,
2212152,000001AC,false,Rx,0,8,00,28,00,00,00,00,00,00,
2213271,000000A1,false,Rx,0,8,81,7E,60,8A,D4,EC,A2,00,
2213360,00000448,false,Rx,0,8,7F,00,00,00,00,00,00,00,
2213593,000000A2,false,Rx,0,8,00,00,00,00,00,00,00,00,
2213735,000000A3,false,Rx,0,8,00,40,01,00,00,00,00,00,
2217328,0000010B,false,Rx,0,8,F4,74,44,00,00,00,00,01,
2217421,0000010C,false,Rx,0,8,FF,01,00,00,43,48,44,44,
2217713,0000010D,false,Rx,0,8,E3,02,00,00,00,00,00,35,
2217860,0000010E,false,Rx,0,8,00,00,0A,00,00,00,00,00,
2218254,0000019B,false,Rx,0,8,E5,0F,42,00,00,D4,00,00,
2218499,0000019C,false,Rx,0,8,40,20,00,00,00,00,0B,09,
2218796,0000019D,false,Rx,0,8,00,10,00,05,00,00,00,00,
2219073,0000019E,false,Rx,0,8,15,23,00,00,00,32,00,00,
2224266,00000121,false,Rx,0,8,7B,7D,45,00,00,00,00,01,
2224358,00000122,false,Rx,0,8,FF,01,00,00,44,44,44,44,
2224740,00000123,false,Rx,0,8,E3,02,00,00,00,00,00,35,
2224806,00000124,false,Rx,0,8,00,00,0A,00,00,00,00,00,
2232790,00000226,false,Rx,0,8,65,64,0F,FF,00,20,00,02,
2232933,00000487,false,Rx,1,8,00,00,00,00,00,00,00,00,
2232982,000002FF,false,Rx,0,8,94,7C,00,00,00,00,00,00,
2233038,000004F0,false,Rx,1,8,4A,0D,2B,07,5C,1A,11,02,
2233106,00000227,false,Rx,0,8,02,C4,07,09,00,F0,FF,07,
2233152,00000642,false,Rx,1,8,FF,FF,FF,FF,FF,FF,00,00,
2233194,00000316,false,Rx,0,8,B7,0A,09,04,00,80,0A,00,
2233414,00000472,false,Rx,0,8,5C,EC,00,40,08,41,00,45,
2233733,00000036,false,Rx,0,8,1C,7C,46,01,10,00,20,05,
2234070,00000317,false,Rx,0,8,00,00,05,00,00,00,00,00,
2234353,00000037,false,Rx,0,8,02,00,00,10,00,40,00,00,
2234444,00000473,false,Rx,0,8,5F,24,00,25,00,00,00,78,
2235034,00000038,false,Rx,0,8,01,00,00,00,20,39,06,00,
2235402,00000474,false,Rx,0,8,30,DB,00,00,00,00,00,00,
2235689,00000039,false,Rx,0,8,00,00,00,00,00,00,00,00,
2238315,000001F1,false,Rx,0,8,D3,64,7A,01,00,00,28,00,
2238407,000001F2,false,Rx,0,8,00,00,00,00,00,00,00,00,
2238893,0000036F,false,Rx,0,8,F6,71,01,00,00,00,00,00,
2239170,0000037F,false,Rx,0,8,FC,60,52,24,41,02,00,00,
2244918,000002C1,false,Rx,0,8,67,03,91,21,00,41,00,A1,
2245011,000002C2,false,Rx,0,8,40,00,00,00,00,00,00,00,
2245380,000002C3,false,Rx,0,8,00,00,00,00,00,00,00,00,
2245518,000002C4,false,Rx,0,8,00,00,00,00,00,00,00,00,
2248276,00000151,false,Rx,0,8,2F,E0,1E,A0,C8,00,28,15,
2248427,00000152,false,Rx,0,8,12,14,14,00,24,00,00,00,
2248822,00000153,false,Rx,0,8,00,00,00,00,00,00,00,00,
2248943,000001F6,false,Rx,0,8,49,75,1E,00,00,00,00,00,
2248991,00000154,false,Rx,0,8,00,00,00,00,00,00,00,00,
2249210,000001F7,false,Rx,0,8,1F,00,DC,00,00,00,00,00,
2249469,000001F8,false,Rx,0,8,00,69,00,64,00,00,00,00,
2249718,000001F9,false,Rx,0,8,19,00,A0,C8,14,00,19,00,
2249946,00000236,false,Rx,0,8,EE,CD,1E,00,30,63,34,6C,
2250224,000002FB,false,Rx,0,8,0A,31,1E,00,0C,14,C3,C3,
2250576,00000237,false,Rx,0,8,00,04,94,00,00,5D,1D,00,
2250690,000002FC,false,Rx,0,8,00,00,12,15,00,00,00,96,
2251541,00000238,false,Rx,0,8,00,00,0C,00,00,00,00,00,
2252101,000002FD,false,Rx,0,8,00,00,00,00,00,1C,10,EA,
2252193,00000239,false,Rx,0,8,00,00,00,00,01,00,00,00,
2252249,000002FE,false,Rx,0,8,00,00,72,01,00,28,00,00,
2252300,0000025B,false,Rx,0,8,BB,B8,1E,4C,40,20,00,00,
2252381,00000326,false,Rx,0,8,6F,B6,1E,00,10,00,00,00,
2252423,0000025C,false,Rx,0,8,00,00,1F,00,BD,68,14,00,
2252860,00000327,false,Rx,0,8,00,00,00,00,01,00,00,00,
2252927,0000025D,false,Rx,0,8,00,C8,00,00,00,80,C0,70,
2253126,00000328,false,Rx,0,8,DC,00,19,00,00,69,00,00,
2253351,0000025E,false,Rx,0,8,48,07,0E,06,00,00,00,00,
2253751,000001E6,false,Rx,0,8,DA,59,3D,02,00,00,00,00,
2253830,00000329,false,Rx,0,8,A0,64,00,00,00,00,00,00,
2254378,000001BB,false,Rx,0,8,2F,14,3D,02,00,00,00,0A,
2254867,00000331,false,Rx,0,8,6F,06,1E,F1,C8,A0,2C,97,
2254913,000001BC,false,Rx,0,8,32,00,00,00,02,00,00,00,
2254962,00000332,false,Rx,0,8,44,07,B4,00,00,00,00,00,
2255066,000001BD,false,Rx,0,8,00,00,00,00,00,00,00,00,
2255317,00000333,false,Rx,0,8,00,00,00,1C,0C,40,20,A0,
2255616,000001E7,false,Rx,0,8,00,00,22,03,20,01,00,00,
2256066,00000334,false,Rx,0,8,C8,00,00,00,5C,70,B7,8F,
2256717,000000FF,false,Rx,0,8,CB,10,00,00,00,00,02,00,
2257481,00000394,false,Rx,0,8,2A,22,1A,49,00,00,00,00,
2257885,000003C3,false,Rx,0,8,45,10,31,30,36,00,00,00,
2258349,000003E0,false,Rx,0,8,72,70,01,00,00,00,00,00,
2259788,000003E5,false,Rx,0,8,06,30,00,00,00,00,00,00,
2259872,000003E6,false,Rx,0,8,A1,40,00,00,00,00,00,00,
2260017,0000041A,false,Rx,0,8,A3,30,12,00,50,01,00,00,
2260290,0000041B,false,Rx,0,8,BE,70,00,00,00,00,00,00,
2260593,0000041C,false,Rx,0,8,84,D0,E8,00,00,00,00,00,
2260880,00000422,false,Rx,0,8,FA,20,01,00,00,00,04,00,
2261221,00000432,false,Rx,0,8,03,20,02,00,00,00,00,00,
2261895,00000435,false,Rx,0,8,B5,D0,00,50,00,00,00,FF,
2262415,00000442,false,Rx,0,8,CE,20,11,81,00,00,00,00,
2263384,00000444,false,Rx,0,8,4F,B0,00,20,00,00,00,00,
2263511,000000A1,false,Rx,0,8,8E,95,65,8A,D4,EC,A2,00,
2263561,000000A2,false,Rx,0,8,00,00,00,00,00,00,00,00,
2263619,00000445,false,Rx,0,8,1E,80,00,00,00,04,00,18,
2264015,000000A3,false,Rx,0,8,00,40,01,00,00,00,00,00,
2264663,00000464,false,Rx,0,8,6C,30,F0,FF,38,7F,05,00,
2267530,0000010B,false,Rx,0,8,BA,42,49,00,00,00,00,01,
2267622,0000010C,false,Rx,0,8,FF,01,00,00,43,48,44,44,
2267980,0000010D,false,Rx,0,8,E1,02,00,00,00,00,00,35,
2268053,0000010E,false,Rx,0,8,00,00,0A,00,00,00,00,00,
2268500,0000019B,false,Rx,0,8,9A,23,47,00,00,D4,00,00,
2268801,0000019C,false,Rx,0,8,40,20,00,00,00,00,0B,09,
2268873,0000019D,false,Rx,0,8,00,10,00,05,00,00,00,00,
2269179,0000019E,false,Rx,0,8,15,23,00,00,00,32,00,00,
2272826,000004A3,false,Rx,1,8,80,00,48,0B,3E,00,00,00,
2272923,000004A4,false,Rx,1,8,FF,FF,FF,00,00,00,00,00,
2274169,00000121,false,Rx,0,8,B9,F9,4A,00,00,00,00,01,
2274281,00000122,false,Rx,0,8,FF,01,00,00,44,44,44,44,
2274663,00000123,false,Rx,0,8,E1,02,00,00,00,00,00,35,
2274892,00000124,false,Rx,0,8,00,00,0A,00,00,00,00,00,
2275049,00000565,false,Rx,0,8,66,02,00,00,00,00,FF,FF,
2283607,00000036,false,Rx,0,8,11,BA,4B,01,10,00,20,05,
2283701,00000037,false,Rx,0,8,02,00,00,10,00,40,00,00,
2284090,00000038,false,Rx,0,8,01,00,00,00,20,39,06,00,
2284193,00000039,false,Rx,0,8,00,00,00,00,00,00,00,00,
2291911,00000445,false,Rx,0,8,A1,90,00,00,00,00,00,18,
2303492,000002BF,false,Rx,0,8,FF,FF,FF,00,00,00,00,00,
2303580,0000047F,false,Rx,0,8,FF,FF,FF,FF,FF,FF,FF,FF,
2303972,00000653,false,Rx,0,8,0A,19,03,01,02,2A,00,00,
2311932,000001AB,false,Rx,0,8,20,05,47,40,00,90,00,00,
2312039,000001AC,false,Rx,0,8,00,28,00,00,00,00,00,00,
2313130,000000A1,false,Rx,0,8,BE,B8,6A,8A,D4,EC,A2,00,
2313289,000000A2,false,Rx,0,8,00,00,00,00,00,00,00,00,
2313554,000000A3,false,Rx,0,8,00,40,01,00,00,00,00,00,
2317210,0000010B,false,Rx,0,8,D3,DA,4E,00,00,00,00,01,
2317711,0000010C,false,Rx,0,8,FF,01,00,00,43,48,44,44,
2317914,0000010D,false,Rx,0,8,DE,02,00,00,00,00,00,35,
2317964,0000010E,false,Rx,0,8,00,00,0A,00,00,00,00,00,
2318840,0000019B,false,Rx,0,8,22,22,4C,00,00,D4,00,00,
2319073,0000019C,false,Rx,0,8,40,20,00,00,00,00,0B,09,
2319126,0000019D,false,Rx,0,8,00,10,00,05,00,00,00,00,
2319168,0000019E,false,Rx,0,8,15,23,00,00,00,32,00,00,
2321939,00000445,false,Rx,0,8,71,A0,00,00,00,04,00,18,
2324363,00000121,false,Rx,0,8,5C,D3,4F,00,00,00,00,01,
2324498,00000122,false,Rx,0,8,FF,01,00,00,44,44,44,44,
2324569,00000123,false,Rx,0,8,DE,02,00,00,00,00,00,35,
2324874,00000124,false,Rx,0,8,00,00,0A,00,00,00,00,00,
2333614,00000036,false,Rx,0,8,6C,7F,50,01,10,00,20,05,
2333709,00000037,false,Rx,0,8,02,00,00,10,00,40,00,00,
2334089,00000038,false,Rx,0,8,01,00,00,00,20,39,06,00,
2334213,00000039,false,Rx,0,8,00,00,00,00,00,00,00,00,
2339021,0000036F,false,Rx,0,8,5F,81,01,00,00,00,00,00,
2339115,0000037F,false,Rx,0,8,45,70,52,24,41,02,00,00,
2342662,000000C5,false,Rx,1,8,00,00,00,00,00,00,00,00,
2342762,00000244,false,Rx,1,8,00,00,00,00,00,00,00,00,
2343022,0000041F,false,Rx,1,8,00,0C,00,00,00,00,00,00,
2343959,000004B4,false,Rx,1,8,01,00,0D,40,10,60,44,02,
2344072,000004B5,false,Rx,1,8,08,00,F0,07,00,00,00,00,
2344123,000004B7,false,Rx,1,8,08,00,F0,07,00,00,00,00,
2344880,000004CA,false,Rx,1,8,00,00,00,00,00,00,00,00,
2345471,000004CC,false,Rx,1,8,08,00,00,2A,00,00,03,00,
2345898,000002AB,false,Rx,0,8,F3,9F,22,0C,0C,00,00,00,
2346077,000004CE,false,Rx,1,8,14,01,FF,FF,FF,FF,FF,FF,
2346182,000004D7,false,Rx,1,8,23,01,00,00,00,00,00,00,
2346482,000002AC,false,Rx,0,8,00,FF,FF,00,00,40,00,50,
2346717,000004D8,false,Rx,1,8,41,10,F6,F0,40,F2,1E,CC,
2346818,000004DD,false,Rx,1,8,00,00,FE,00,04,00,00,00,
2346972,000002AD,false,Rx,0,8,00,01,00,40,FF,FF,FF,0F,
2347047,000004DF,false,Rx,1,8,00,00,08,00,00,00,00,00,
2347109,000004E7,false,Rx,1,8,00,30,00,00,00,00,69,00,
2347167,000002AE,false,Rx,0,8,1E,0C,FF,3F,00,01,00,00,
2347216,000004E8,false,Rx,1,8,FF,FF,FF,29,FF,FF,FF,00,
2347282,000002B6,false,Rx,0,8,0D,79,22,00,00,00,00,40,
2347339,000002EB,false,Rx,0,8,FC,69,90,09,10,01,00,00,
2347390,000004E9,false,Rx,1,8,00,00,00,00,00,00,00,00,
2347432,000002B7,false,Rx,0,8,94,01,C1,04,00,04,00,00,
2347484,000002EC,false,Rx,0,8,07,00,00,00,00,00,00,00,
2347533,000004EA,false,Rx,1,8,00,00,00,00,00,00,00,00,
2347589,000002B8,false,Rx,0,8,B2,61,11,00,00,00,00,00,
2347632,000002ED,false,Rx,0,8,00,00,00,00,00,00,00,00,
2347686,000004EB,false,Rx,1,8,04,68,2B,06,00,00,00,00,
2347889,000002B9,false,Rx,0,8,0A,00,00,00,00,00,00,00,
2348145,000002EE,false,Rx,0,8,00,00,00,00,00,00,00,00,
2348217,000004EC,false,Rx,1,8,FF,FF,FF,FF,FF,FF,FF,0F,
2348372,000002D6,false,Rx,0,8,5A,C0,90,00,00,00,00,00,
2348607,0000033B,false,Rx,0,8,65,D6,22,00,00,00,00,00,
2348880,000004ED,false,Rx,1,8,FF,FF,FF,FF,FF,FF,FF,1F,
2348969,000002D7,false,Rx,0,8,00,00,03,03,03,00,00,00,
2349137,0000033C,false,Rx,0,8,00,00,00,00,F0,00,00,00,
2349394,000004EE,false,Rx,1,8,FF,FF,00,00,00,00,00,00,
2349687,000002D8,false,Rx,0,8,00,00,00,00,00,00,38,44,
2349743,00000251,false,Rx,0,8,87,1C,21,00,00,00,00,00,
2349825,000004EF,false,Rx,1,8,60,00,60,00,29,14,00,00,
2349882,000002D9,false,Rx,0,8,00,00,00,00,00,00,00,00,
2350152,00000252,false,Rx,0,8,00,00,00,00,03,00,00,00,
2350893,0000063D,false,Rx,1,8,00,80,00,00,00,00,00,00,
2350991,000002E1,false,Rx,0,8,5D,77,22,00,00,00,00,00,
2351070,00000253,false,Rx,0,8,00,00,00,00,52,00,80,46,
2351117,0000063E,false,Rx,1,8,FF,FF,FF,FF,FF,FF,FF,FF,
2351178,000002E2,false,Rx,0,8,C8,00,00,00,00,7E,00,04,
2351227,0000033D,false,Rx,0,8,00,00,00,00,00,00,00,00,
2351287,0000063F,false,Rx,1,8,00,10,00,C4,FF,00,00,00,
2351333,000002E3,false,Rx,0,8,00,00,00,00,00,00,72,01,
2351605,0000033E,false,Rx,0,8,00,00,00,00,00,00,00,00,
2351714,00000640,false,Rx,1,8,FF,FF,FF,00,FF,FF,FF,00,
2351808,000002E4,false,Rx,0,8,02,00,00,00,00,00,00,00,
2352046,00000356,false,Rx,0,8,81,FE,91,00,00,00,00,00,
2352107,00000641,false,Rx,1,8,FF,FF,FF,FF,0F,FF,FF,FF,
2352555,00000357,false,Rx,0,8,00,00,00,00,00,4B,4D,48,
2352641,00000646,false,Rx,1,8,00,00,00,80,01,00,00,00,
2353032,00000358,false,Rx,0,8,35,41,45,4D,52,37,33,4F,
2353478,00000359,false,Rx,0,8,51,4F,34,52,4A,35,33,00,
2354079,00000396,false,Rx,0,8,0D,9D,90,0F,10,01,00,00,
2354648,00000397,false,Rx,0,8,10,00,00,00,00,00,00,00,
2355001,00000398,false,Rx,0,8,00,00,00,00,00,00,00,00,
2357665,00000401,false,Rx,0,8,69,E0,10,00,00,00,00,00,
2359283,00000405,false,Rx,0,8,E4,00,00,00,00,00,00,00,
2359533,00000410,false,Rx,0,8,A3,90,53,3C,B4,6A,FF,FF,
2359668,00000413,false,Rx,0,8,F5,10,00,41,00,00,00,00,
2360625,00000411,false,Rx,0,8,BD,71,50,50,00,00,44,05,
2361196,00000414,false,Rx,0,8,87,A0,00,00,28,00,00,00,
2361393,00000412,false,Rx,0,8,F1,00,00,00,00,00,04,00,
2361462,00000416,false,Rx,0,8,55,00,00,00,00,00,00,00,
2361517,00000417,false,Rx,0,8,D0,20,00,00,00,01,00,00,
2361563,00000418,false,Rx,0,8,18,00,00,00,14,4C,00,00,
2361639,00000419,false,Rx,0,8,84,20,EE,DA,99,7B,84,00,
2361833,00000445,false,Rx,0,8,71,A0,00,00,00,04,00,18,
2363316,000000A1,false,Rx,0,8,B1,53,6F,8A,D4,EC,A2,00,
2363849,000000A2,false,Rx,0,8,00,00,00,00,00,00,00,00,
2363904,000000A3,false,Rx,0,8,00,40,01,00,00,00,00,00,
2367777,0000010B,false,Rx,0,8,8D,D8,53,00,00,00,00,01,
2367964,0000010C,false,Rx,0,8,FF,01,00,00,43,48,44,44,
2368140,0000010D,false,Rx,0,8,DB,02,00,00,00,00,00,35,
2368202,0000010E,false,Rx,0,8,00,00,0A,00,00,00,00,00,
2368317,0000019B,false,Rx,0,8,EA,20,51,00,00,D4,00,00,
2368539,00000566,false,Rx,0,8,16,02,00,00,00,00,FF,FF,
2368785,0000019C,false,Rx,0,8,40,20,00,00,00,00,0B,09,
2369027,0000019D,false,Rx,0,8,00,10,00,05,00,00,00,00,
2369310,0000019E,false,Rx,0,8,15,23,00,00,00,32,00,00,
2374149,00000121,false,Rx,0,8,62,E6,54,00,00,00,00,01,
2374784,00000122,false,Rx,0,8,FF,01,00,00,44,44,44,44,
2374896,00000123,false,Rx,0,8,DC,02,00,00,00,00,00,35,
2374992,000002E6,false,Rx,0,8,09,63,1F,01,00,00,00,15,
2375040,00000124,false,Rx,0,8,00,00,0A,00,00,00,00,00,
2375288,00000256,false,Rx,0,8,40,CE,1F,01,00,00,00,00,
2375630,000002E7,false,Rx,0,8,3C,00,00,00,00,00,00,00,
2375790,00000257,false,Rx,0,8,00,00,00,00,64,00,02,00,
2376025,000002E8,false,Rx,0,8,00,00,00,00,00,00,00,00,
2376277,00000258,false,Rx,0,8,01,00,00,00,10,15,00,1C,
2376546,000002E9,false,Rx,0,8,00,00,00,00,00,00,00,00,
2376752,00000259,false,Rx,0,8,00,00,00,3C,00,00,00,00,
2376980,000003B6,false,Rx,0,8,DC,8F,8F,00,00,00,00,44,
2377253,000003B7,false,Rx,0,8,43,00,00,00,00,00,00,00,
2377567,000003B8,false,Rx,0,8,DD,02,00,00,00,00,69,0E,
2377861,000003B9,false,Rx,0,8,00,00,00,00,00,00,00,00,
2383604,00000036,false,Rx,0,8,13,53,55,01,10,00,20,05,
2383698,00000037,false,Rx,0,8,02,00,00,10,00,40,00,00,
2384078,00000038,false,Rx,0,8,01,00,00,00,20,39,06,00,
2384469,00000039,false,Rx,0,8,00,00,00,00,00,00,00,00,
2388168,000001F1,false,Rx,0,8,4C,0C,7D,01,00,00,28,00,
2388281,000001F2,false,Rx,0,8,00,00,00,00,00,00,00,00,
2395604,000003AA,false,Rx,0,8,FF,00,D0,00,54,00,00,00,
2401760,00000445,false,Rx,0,8,71,A0,00,00,00,04,00,18,
2402398,0000030B,false,Rx,0,8,25,59,22,00,04,00,00,00,
2402570,0000030C,false,Rx,0,8,00,00,0C,23,2C,00,A0,0F,
2402802,0000030D,false,Rx,0,8,00,00,00,00,FF,00,00,00,
2403058,0000030E,false,Rx,0,8,00,00,28,05,21,00,00,FE,
2403447,000001E6,false,Rx,0,8,9F,89,40,02,00,00,00,00,
2403692,000001BB,false,Rx,0,8,81,86,40,02,00,00,00,0A,
2403955,00000495,false,Rx,0,8,49,00,00,00,00,00,00,00,
2404183,000001BC,false,Rx,0,8,32,00,00,00,02,00,00,00,
2404451,000001BD,false,Rx,0,8,00,00,00,00,00,00,00,00,
2404694,000001E7,false,Rx,0,8,00,00,22,03,20,01,00,00,
2411689,000001AB,false,Rx,0,8,E8,FC,4C,40,00,90,00,00,
2411903,000001AC,false,Rx,0,8,00,28,00,00,00,00,00,00,
2413120,000000A1,false,Rx,0,8,DE,E2,74,8A,D4,EC,A2,00,
2413217,00000448,false,Rx,0,8,7F,00,00,00,00,00,00,00,
2413517,000000A2,false,Rx,0,8,00,00,00,00,00,00,00,00,
2413719,000000A3,false,Rx,0,8,00,40,01,00,00,00,00,00,
2417167,0000010B,false,Rx,0,8,76,29,58,00,00,00,00,01,
2417348,0000010C,false,Rx,0,8,FF,01,00,00,43,48,44,44,
2417597,0000010D,false,Rx,0,8,D9,02,00,00,00,00,00,35,
2417868,0000010E,false,Rx,0,8,00,00,0A,00,00,00,00,00,
2418258,0000019B,false,Rx,0,8,19,BE,56,00,00,D4,00,00,
2418506,0000019C,false,Rx,0,8,40,20,00,00,00,00,0B,09,
2418754,0000019D,false,Rx,0,8,00,10,00,05,00,00,00,00,
2419005,0000019E,false,Rx,0,8,15,23,00,00,00,32,00,00,
2424145,00000121,false,Rx,0,8,F9,20,59,00,00,00,00,01,
2424273,00000122,false,Rx,0,8,FF,01,00,00,44,44,44,44,
2424533,00000123,false,Rx,0,8,D9,02,00,00,00,00,00,35,
2424793,00000124,false,Rx,0,8,00,00,0A,00,00,00,00,00,
2431966,00000226,false,Rx,0,8,51,96,11,FF,00,20,00,02,
2432139,000002FF,false,Rx,0,8,94,7C,00,00,00,00,00,00,
2432371,00000227,false,Rx,0,8,02,C4,07,09,00,F0,FF,07,
2432639,00000316,false,Rx,0,8,FA,E2,0A,04,00,80,0A,00,
2432850,00000487,false,Rx,1,8,00,00,00,00,00,00,00,00,
2432928,00000472,false,Rx,0,8,5C,EC,00,40,08,41,00,45,
2433112,00000317,false,Rx,0,8,00,00,05,00,00,00,00,00,
2433266,00000642,false,Rx,1,8,FF,FF,FF,FF,FF,FF,00,00,
2433337,00000473,false,Rx,0,8,5F,24,00,25,00,00,00,78,
2433583,00000036,false,Rx,0,8,92,27,5A,01,10,00,20,05,
2433830,00000474,false,Rx,0,8,30,DB,00,00,00,00,00,00,
2434064,00000037,false,Rx,0,8,02,00,00,10,00,40,00,00,
2434592,00000038,false,Rx,0,8,01,00,00,00,20,39,06,00,
2435064,00000039,false,Rx,0,8,00,00,00,00,00,00,00,00,
2438815,0000036F,false,Rx,0,8,E6,91,01,00,00,00,00,00,
2439001,0000037F,false,Rx,0,8,EC,80,52,24,41,02,00,00,
2445125,000002C1,false,Rx,0,8,AD,E8,92,21,00,41,00,A1,
2445217,000002C2,false,Rx,0,8,40,00,00,00,00,00,00,00,
2445267,000002C3,false,Rx,0,8,00,00,00,00,00,00,00,00,
2445569,000002C4,false,Rx,0,8,00,00,00,00,00,00,00,00,
2448015,00000151,false,Rx,0,8,86,90,20,A0,C8,00,28,15,
2448176,000001F6,false,Rx,0,8,E0,05,20,00,00,00,00,00,
2448467,00000152,false,Rx,0,8,12,14,14,00,24,00,00,00,
2448667,000001F7,false,Rx,0,8,1F,00,DC,00,00,00,00,00,
2448908,00000153,false,Rx,0,8,00,00,00,00,00,00,00,00,
2449291,000001F8,false,Rx,0,8,00,69,00,64,00,00,00,00,
2449430,00000154,false,Rx,0,8,00,00,00,00,00,00,00,00,
2450065,000001F9,false,Rx,0,8,19,00,A0,C8,14,00,19,00,
2450398,000002FB,false,Rx,0,8,A3,41,20,00,0C,14,C3,C3,
2450874,00000236,false,Rx,0,8,47,BD,20,00,30,63,34,6C,
2450931,000002FC,false,Rx,0,8,00,00,12,15,00,00,00,96,
2450980,00000237,false,Rx,0,8,00,04,94,00,00,5D,1D,00,
2451027,000002FD,false,Rx,0,8,00,00,00,00,00,1C,10,EA,
2451124,00000238,false,Rx,0,8,00,00,0C,00,00,00,00,00,
2451381,000002FE,false,Rx,0,8,00,00,72,01,00,28,00,00,
2451629,00000239,false,Rx,0,8,00,00,00,00,01,00,00,00,
2451823,00000326,false,Rx,0,8,C6,C6,20,00,10,00,00,00,
2452061,0000025B,false,Rx,0,8,E3,D5,20,4C,40,20,00,00,
2452312,00000327,false,Rx,0,8,00,00,00,00,01,00,00,00,
2452664,0000025C,false,Rx,0,8,00,00,1F,00,BD,68,14,00,
2452895,00000328,false,Rx,0,8,DC,00,19,00,00,69,00,00,
2453343,0000025D,false,Rx,0,8,00,C8,00,00,00,80,C0,70,
2453498,00000329,false,Rx,0,8,A0,64,00,00,00,00,00,00,
2453549,0000025E,false,Rx,0,8,3D,07,0E,06,00,00,00,00,
2454019,00000331,false,Rx,0,8,C6,76,20,F1,C8,A0,2C,97,
2454414,00000332,false,Rx,0,8,44,07,B4,00,00,00,00,00,
2454542,00000333,false,Rx,0,8,00,00,00,1C,0C,40,20,A0,
2454593,00000334,false,Rx,0,8,C8,00,00,00,5C,70,B7,8F,
2456513,000000FF,false,Rx,0,8,CB,10,00,00,00,00,02,00,
2457178,00000394,false,Rx,0,8,2A,22,1A,49,00,00,00,00,
2457421,000003C3,false,Rx,0,8,45,10,31,30,36,00,00,00,
2457920,000003E0,false,Rx,0,8,72,70,01,00,00,00,00,00,
2459715,000003E5,false,Rx,0,8,06,30,00,00,00,00,00,00,
2459815,000003E6,false,Rx,0,8,A1,40,00,00,00,00,00,00,
2459872,0000041A,false,Rx,0,8,A3,30,12,00,50,01,00,00,
2460250,0000041B,false,Rx,0,8,BE,70,00,00,00,00,00,00,
2460483,0000041C,false,Rx,0,8,84,D0,E8,00,00,00,00,00,
2460911,00000422,false,Rx,0,8,FA,20,01,00,00,00,04,00,
2461395,00000432,false,Rx,0,8,03,20,02,00,00,00,00,00,
2462448,00000435,false,Rx,0,8,B5,D0,00,50,00,00,00,FF,
2462592,00000442,false,Rx,0,8,CE,20,11,81,00,00,00,00,
2462690,00000444,false,Rx,0,8,4F,B0,00,20,00,00,00,00,
2462938,00000445,false,Rx,0,8,71,A0,00,00,00,04,00,18,
2463356,000000A1,false,Rx,0,8,E8,A1,79,8A,D4,EC,A2,00,
2463680,000000A2,false,Rx,0,8,00,00,00,00,00,00,00,00,
2463989,000000A3,false,Rx,0,8,00,40,01,00,00,00,00,00,
2464078,00000464,false,Rx,0,8,6C,30,F0,FF,38,7F,05,00,
2464577,00000516,false,Rx,0,8,61,02,00,00,00,00,FF,FF,
2467620,0000010B,false,Rx,0,8,82,F4,5D,00,00,00,00,01,
2467715,0000010C,false,Rx,0,8,FF,01,00,00,43,48,44,44,
2467806,0000010D,false,Rx,0,8,D7,02,00,00,00,00,00,35,
2468161,0000010E,false,Rx,0,8,00,00,0A,00,00,00,00,00,
2468523,0000019B,false,Rx,0,8,14,78,5B,00,00,D4,00,00,
2468600,0000019C,false,Rx,0,8,40,20,00,00,00,00,0B,09,
2468838,0000019D,false,Rx,0,8,00,10,00,05,00,00,00,00,
2469068,0000019E,false,Rx,0,8,15,23,00,00,00,32,00,00,
2472669,000004A3,false,Rx,1,8,80,00,48,0B,3E,00,00,00,
2472753,000004A4,false,Rx,1,8,FF,FF,FF,00,00,00,00,00,
2474169,00000121,false,Rx,0,8,81,4F,5E,00,00,00,00,01,
2474291,00000122,false,Rx,0,8,FF,01,00,00,44,44,44,44,
2474534,00000123,false,Rx,0,8,D7,02,00,00,00,00,00,35,
2474781,00000124,false,Rx,0,8,00,00,0A,00,00,00,00,00,
2483612,00000036,false,Rx,0,8,ED,0B,5F,01,10,00,20,05,
2483706,00000037,false,Rx,0,8,02,00,00,10,00,40,00,00,
2484082,00000038,false,Rx,0,8,01,00,00,00,20,39,06,00,
2484428,00000039,false,Rx,0,8,00,00,00,00,00,00,00,00,
2503486,000002BF,false,Rx,0,8,FF,FF,FF,00,00,00,00,00,
2503584,0000047F,false,Rx,0,8,FF,FF,FF,FF,FF,FF,FF,FF,
2503986,00000653,false,Rx,0,8,0A,19,03,01,02,2A,00,00,
2511688,000001AB,false,Rx,0,8,91,E6,51,40,00,90,00,00,
2511783,000001AC,false,Rx,0,8,00,28,00,00,00,00,00,00,
2513166,000000A1,false,Rx,0,8,E1,24,7E,8A,D4,EC,A2,00,
2513265,000000A2,false,Rx,0,8,00,00,00,00,00,00,00,00,
2513530,000000A3,false,Rx,0,8,00,40,01,00,00,00,00,00,
2517353,0000010B,false,Rx,0,8,1F,DD,62,00,00,00,00,01,
2517445,0000010C,false,Rx,0,8,FF,01,00,00,43,48,44,44,
2517730,0000010D,false,Rx,0,8,D4,02,00,00,00,00,00,35,
2518057,0000010E,false,Rx,0,8,00,00,0A,00,00,00,00,00,
2518265,0000019B,false,Rx,0,8,E7,C7,60,00,00,D4,00,00,
2518854,0000019C,false,Rx,0,8,40,20,00,00,00,00,0B,09,
2518972,0000019D,false,Rx,0,8,00,10,00,06,00,00,00,00,
2519300,0000019E,false,Rx,0,8,15,23,00,00,00,32,00,00,
2524265,00000121,false,Rx,0,8,90,D4,63,00,00,00,00,01,
2524356,00000122,false,Rx,0,8,FF,01,00,00,44,44,44,44,
2524746,00000123,false,Rx,0,8,D4,02,00,00,00,00,00,35,
2524810,00000124,false,Rx,0,8,00,00,0A,00,00,00,00,00,
2533541,00000036,false,Rx,0,8,3B,57,64,01,10,00,20,05,
2533636,00000037,false,Rx,0,8,02,00,00,10,00,40,00,00,
2533945,00000038,false,Rx,0,8,01,00,00,00,20,39,06,00,
2534183,00000039,false,Rx,0,8,00,00,00,00,00,00,00,00,
2538233,000001F1,false,Rx,0,8,78,D4,80,01,00,00,28,00,
2538325,000001F2,false,Rx,0,8,00,00,00,00,00,00,00,00,
2538792,0000036F,false,Rx,0,8,30,A1,01,00,00,00,00,00,
2539174,0000037F,false,Rx,0,8,55,90,52,24,41,02,00,00,
2542632,000000C5,false,Rx,1,8,00,00,00,00,00,00,00,00,
2542723,00000244,false,Rx,1,8,00,00,00,00,00,00,00,00,
2543003,000004B4,false,Rx,1,8,01,00,0D,40,10,60,44,02,
2543546,000004B5,false,Rx,1,8,08,00,F0,07,00,00,00,00,
2543775,000004B7,false,Rx,1,8,08,00,F0,07,00,00,00,00,
2543843,000004CA,false,Rx,1,8,00,00,00,00,00,00,00,00,
2544133,000004CC,false,Rx,1,8,08,00,00,2A,00,00,03,00,
2544396,000004CE,false,Rx,1,8,14,01,FF,FF,FF,FF,FF,FF,
2545114,000002AB,false,Rx,0,8,46,58,24,0C,0C,00,00,00,
2545875,000004D7,false,Rx,1,8,23,01,00,00,00,00,00,00,
2546490,000002AC,false,Rx,0,8,00,FF,FF,00,00,40,00,50,
2546620,000004D8,false,Rx,1,8,41,10,F6,F0,40,F2,1E,CC,
2546680,000004DD,false,Rx,1,8,00,00,FE,00,04,00,00,00,
2546788,000002AD,false,Rx,0,8,00,01,00,40,FF,FF,FF,0F,
2546850,000004DF,false,Rx,1,8,00,00,08,00,00,00,00,00,
2546893,000002AE,false,Rx,0,8,1E,0C,FF,3F,00,01,00,00,
2546940,000004E7,false,Rx,1,8,00,30,00,00,00,00,69,00,
2547013,000004E8,false,Rx,1,8,FF,FF,FF,29,FF,FF,FF,00,
2547061,000002B6,false,Rx,0,8,B8,BE,24,00,00,00,00,40,
2547110,000004E9,false,Rx,1,8,00,00,00,00,00,00,00,00,
2547162,000002EB,false,Rx,0,8,B0,3E,91,09,10,01,00,00,
2547226,000004EA,false,Rx,1,8,00,00,00,00,00,00,00,00,
2547288,000002B7,false,Rx,0,8,94,01,C1,04,00,04,00,00,
2547331,000002EC,false,Rx,0,8,0A,00,00,00,00,00,00,00,
2547377,000004EB,false,Rx,1,8,04,68,2B,07,00,00,00,00,
2547423,000002B8,false,Rx,0,8,B2,61,11,00,00,00,00,00,
2547503,000002ED,false,Rx,0,8,00,00,00,00,00,00,00,00,
2547684,000004EC,false,Rx,1,8,FF,FF,FF,FF,FF,FF,FF,0F,
2547765,000002B9,false,Rx,0,8,0A,00,00,00,00,00,00,00,
2548007,000002EE,false,Rx,0,8,00,00,00,00,00,00,00,00,
2548172,000004ED,false,Rx,1,8,FF,FF,FF,FF,FF,FF,FF,1F,
2548414,000002D6,false,Rx,0,8,1C,99,91,00,00,00,00,00,
2548517,0000033B,false,Rx,0,8,D0,11,24,00,00,00,00,00,
2548685,000004EE,false,Rx,1,8,FF,FF,00,00,00,00,00,00,
2548771,000002D7,false,Rx,0,8,00,00,03,03,03,00,00,00,
2549033,0000033C,false,Rx,0,8,00,00,00,00,F0,00,00,00,
2549141,000004EF,false,Rx,1,8,60,00,60,00,29,14,00,00,
2549224,000002D8,false,Rx,0,8,00,00,00,00,00,00,38,44,
2549492,0000033D,false,Rx,0,8,00,00,00,00,00,00,00,00,
2549645,0000063D,false,Rx,1,8,00,80,00,00,00,00,00,00,
2549798,00000251,false,Rx,0,8,81,72,23,00,00,00,00,00,
2550003,000002D9,false,Rx,0,8,00,00,00,00,00,00,00,00,
2550125,0000063E,false,Rx,1,8,FF,FF,FF,FF,FF,FF,FF,FF,
2550215,00000252,false,Rx,0,8,00,00,00,00,03,00,00,00,
2550457,000002E1,false,Rx,0,8,89,05,24,00,00,00,00,00,
2550627,0000063F,false,Rx,1,8,00,10,00,C4,FF,00,00,00,
2550779,00000253,false,Rx,0,8,00,00,00,00,52,00,80,46,
2550940,000002E2,false,Rx,0,8,BC,00,00,00,00,7E,00,04,
2551120,00000640,false,Rx,1,8,FF,FF,FF,00,FF,FF,FF,00,
2551386,0000033E,false,Rx,0,8,00,00,00,00,00,00,00,00,
2552388,000002E3,false,Rx,0,8,00,00,00,00,00,00,72,01,
2552559,00000641,false,Rx,1,8,FF,FF,FF,FF,0F,FF,FF,FF,
2552663,00000356,false,Rx,0,8,4B,15,92,00,00,00,00,00,
2552707,000002E4,false,Rx,0,8,02,00,00,00,00,00,00,00,
2552760,00000646,false,Rx,1,8,00,00,00,80,01,00,00,00,
2552848,00000357,false,Rx,0,8,00,00,00,00,00,4B,4D,48,
2552893,00000358,false,Rx,0,8,35,41,45,4D,52,37,33,4F,
2553107,00000359,false,Rx,0,8,51,4F,34,52,4A,35,33,00,
2553590,000001E6,false,Rx,0,8,D2,61,43,02,00,00,00,00,
2553810,00000396,false,Rx,0,8,6D,C6,91,0F,10,02,00,00,
2554058,000001E7,false,Rx,0,8,00,00,22,03,20,01,00,00,
2554364,00000397,false,Rx,0,8,04,00,00,00,00,00,00,00,
2555059,000001BB,false,Rx,0,8,84,DF,43,02,00,00,00,0A,
2555208,00000398,false,Rx,0,8,00,00,00,00,00,00,00,00,
2555274,000001BC,false,Rx,0,8,32,00,00,00,02,00,00,00,
2556218,000001BD,false,Rx,0,8,00,00,00,00,00,00,00,00,
2557780,00000401,false,Rx,0,8,69,E0,10,00,00,00,00,00,
2559375,00000405,false,Rx,0,8,E4,00,00,00,00,00,00,00,
2559484,00000410,false,Rx,0,8,A3,90,53,3C,B4,6A,FF,FF,
2559787,00000413,false,Rx,0,8,F5,10,00,41,00,00,00,00,
2559974,00000411,false,Rx,0,8,BD,71,50,50,00,00,44,05,
2560110,00000414,false,Rx,0,8,87,A0,00,00,28,00,00,00,
2560355,00000412,false,Rx,0,8,F1,00,00,00,00,00,04,00,
2560604,00000416,false,Rx,0,8,55,00,00,00,00,00,00,00,
2561110,00000417,false,Rx,0,8,D0,20,00,00,00,01,00,00,
2561620,00000418,false,Rx,0,8,18,00,00,00,14,4C,00,00,
2562126,00000561,false,Rx,0,8,63,02,00,00,00,00,FF,FF,
2562242,00000419,false,Rx,0,8,84,20,EE,DA,99,7B,84,00,
2563272,000000A1,false,Rx,0,8,95,94,83,8A,D4,EC,A2,00,
2563345,000000A2,false,Rx,0,8,00,00,00,00,00,00,00,00,
2563490,000000A3,false,Rx,0,8,00,40,01,00,00,00,00,00,
2567482,0000010B,false,Rx,0,8,84,F1,67,00,00,00,00,01,
2567564,0000010C,false,Rx,0,8,FF,01,00,00,43,48,44,44,
2567845,0000010D,false,Rx,0,8,D2,02,00,00,00,00,00,35,
2568054,0000010E,false,Rx,0,8,00,00,0A,00,00,00,00,00,
2568292,0000019B,false,Rx,0,8,98,EB,65,00,00,D4,00,00,
2568548,0000019C,false,Rx,0,8,40,20,00,00,00,00,0B,09,
2569067,0000019D,false,Rx,0,8,00,10,00,06,00,00,00,00,
2569169,0000019E,false,Rx,0,8,15,23,00,00,00,32,00,00,
2574265,00000121,false,Rx,0,8,CC,D5,68,00,00,00,00,01,
2574358,00000122,false,Rx,0,8,FF,01,00,00,44,44,44,44,
2574756,00000123,false,Rx,0,8,D2,02,00,00,00,00,00,35,
2574830,000002E6,false,Rx,0,8,A0,13,21,01,00,00,00,15,
2575187,00000124,false,Rx,0,8,00,00,0A,00,00,00,00,00,
2575255,00000256,false,Rx,0,8,E9,BE,21,01,00,00,00,00,
2575542,000002E7,false,Rx,0,8,3C,00,00,00,00,00,00,00,
2575773,00000257,false,Rx,0,8,00,00,00,00,64,00,02,00,
2576010,000002E8,false,Rx,0,8,00,00,00,00,00,00,00,00,
2576237,00000258,false,Rx,0,8,01,00,00,00,10,15,00,1C,
2576485,000002E9,false,Rx,0,8,00,00,00,00,00,00,00,00,
2576739,00000259,false,Rx,0,8,00,00,00,3C,00,00,00,00,
2576983,000003B6,false,Rx,0,8,13,CE,90,00,00,00,00,44,
2577245,000003B7,false,Rx,0,8,43,00,00,00,00,00,00,00,
2577524,000003B8,false,Rx,0,8,D3,02,00,00,00,00,69,0E,
2577813,000003B9,false,Rx,0,8,00,00,00,00,00,00,00,00,
2583447,00000036,false,Rx,0,8,36,91,69,01,10,00,20,05,
2583643,00000037,false,Rx,0,8,02,00,00,10,00,40,00,00,
2583892,00000038,false,Rx,0,8,01,00,00,00,20,39,06,00,
2584165,00000039,false,Rx,0,8,00,00,00,00,00,00,00,00,
2592800,000004E8,false,Rx,1,8,FF,FF,FF,29,FF,FF,FF,00,
2595924,000003AA,false,Rx,0,8,FF,00,D0,00,54,00,00,00,
2602502,0000030B,false,Rx,0,8,4A,69,24,00,04,00,00,00,
2602600,0000030C,false,Rx,0,8,00,00,0C,23,2C,00,A0,0F,
2602897,0000030D,false,Rx,0,8,00,00,00,00,42,00,00,00,
2603035,0000030E,false,Rx,0,8,00,00,28,05,21,00,00,02,
2603951,00000495,false,Rx,0,8,49,00,00,00,00,00,00,00,
2611578,000001AB,false,Rx,0,8,0E,8E,56,40,00,90,00,00,
2611676,000001AC,false,Rx,0,8,00,28,00,00,00,00,00,00,
2613247,00000448,false,Rx,0,8,7F,00,00,00,00,00,00,00,
2613345,000000A1,false,Rx,0,8,A9,65,88,8A,D4,EC,A2,00,
2613390,000000A2,false,Rx,0,8,00,00,00,00,00,00,00,00,
2613629,000000A3,false,Rx,0,8,00,40,01,00,00,00,00,00,
2617209,0000010B,false,Rx,0,8,3A,F3,6C,00,00,00,00,01,
2617448,0000010C,false,Rx,0,8,FF,01,00,00,43,48,44,44,
2617681,0000010D,false,Rx,0,8,CF,02,00,00,00,00,00,35,
2617925,0000010E,false,Rx,0,8,00,00,0A,00,00,00,00,00,
2618263,0000019B,false,Rx,0,8,19,9F,6A,00,00,D4,00,00,
2618503,0000019C,false,Rx,0,8,40,20,00,00,00,00,0B,09,
2618785,0000019D,false,Rx,0,8,00,10,00,06,00,00,00,00,
2619001,0000019E,false,Rx,0,8,15,23,00,00,00,32,00,00,
2624107,00000121,false,Rx,0,8,B5,FA,6D,00,00,00,00,01,
2624283,00000122,false,Rx,0,8,FF,01,00,00,44,44,44,44,
2624513,00000123,false,Rx,0,8,CF,02,00,00,00,00,00,35,
2624788,00000124,false,Rx,0,8,00,00,0A,00,00,00,00,00,
2631716,00000226,false,Rx,0,8,38,D6,13,FF,00,20,00,02,
2631832,00000316,false,Rx,0,8,DE,4A,0B,04,00,80,0A,00,
2632092,00000227,false,Rx,0,8,02,C4,07,09,00,F0,FF,07,
2632313,00000317,false,Rx,0,8,00,00,05,00,00,00,00,00,
2632602,00000487,false,Rx,1,8,00,00,00,00,00,00,00,00,
2632662,000003CB,false,Rx,0,8,36,14,00,F4,00,00,00,00,
2632784,00000472,false,Rx,0,8,5C,EC,00,40,08,41,00,45,
2633043,000004E8,false,Rx,1,8,FF,FF,FF,29,FF,FF,FF,00,
2633379,000003CC,false,Rx,0,8,36,31,34,30,33,34,31,00,
2633431,00000473,false,Rx,0,8,5F,24,00,25,00,00,00,78,
2633509,00000642,false,Rx,1,8,FF,FF,FF,FF,FF,FF,00,00,
2633567,00000036,false,Rx,0,8,C5,0F,6E,01,10,00,20,05,
2633745,00000474,false,Rx,0,8,30,DB,00,00,00,00,00,00,
2633992,00000037,false,Rx,0,8,02,00,00,10,00,40,00,00,
2634711,00000038,false,Rx,0,8,01,00,00,00,20,39,06,00,
2635023,00000039,false,Rx,0,8,00,00,00,00,00,00,00,00,
2635677,000002FF,false,Rx,0,8,94,7C,00,00,00,00,00,00,
2639269,0000036F,false,Rx,0,8,89,B1,01,00,00,00,00,00,
2639422,0000037F,false,Rx,0,8,83,A0,52,24,41,02,00,00,
2644926,000002C1,false,Rx,0,8,EB,B1,93,21,00,41,00,A1,
2645017,000002C2,false,Rx,0,8,40,00,00,00,00,00,00,00,
2645286,000002C3,false,Rx,0,8,00,00,00,00,00,00,00,00,
2645486,000002C4,false,Rx,0,8,00,00,00,00,00,00,00,00,
2647992,00000151,false,Rx,0,8,E6,EF,22,A0,C8,00,28,15,
2648174,000001F6,false,Rx,0,8,DF,96,22,00,00,00,00,00,
2648414,00000152,false,Rx,0,8,12,14,14,00,00,00,00,00,
2648779,000001F7,false,Rx,0,8,00,00,DC,00,00,00,00,00,
2648906,00000153,false,Rx,0,8,00,00,00,00,00,00,00,00,
2649166,000001F8,false,Rx,0,8,00,69,00,64,00,00,00,00,
2649420,00000154,false,Rx,0,8,00,00,00,00,00,00,00,00,
2649640,000001F9,false,Rx,0,8,19,00,A0,C8,14,00,19,00,
2649886,000002FB,false,Rx,0,8,2F,F3,22,00,0C,14,C3,C3,
2650116,00000236,false,Rx,0,8,CB,0F,22,00,30,63,34,6C,
2650343,000002FC,false,Rx,0,8,00,00,12,15,00,00,00,96,
2650626,00000237,false,Rx,0,8,00,04,94,00,00,5D,1D,00,
2650845,000002FD,false,Rx,0,8,00,00,00,00,00,1C,10,EA,
2651087,00000238,false,Rx,0,8,00,00,0C,00,00,00,00,00,
2651327,000002FE,false,Rx,0,8,00,00,72,01,00,28,00,00,
2651570,00000239,false,Rx,0,8,00,00,00,00,01,00,00,00,
2651818,00000326,false,Rx,0,8,4A,74,22,00,10,00,00,00,
2652058,0000025B,false,Rx,0,8,FD,17,22,4C,40,20,00,00,
2652293,00000327,false,Rx,0,8,00,00,00,00,01,00,00,00,
2652582,0000025C,false,Rx,0,8,00,00,00,00,BD,68,14,00,
2652785,00000328,false,Rx,0,8,DC,00,19,00,00,69,00,00,
2653038,0000025D,false,Rx,0,8,00,C8,00,00,00,80,C0,70,
2653267,00000329,false,Rx,0,8,A0,64,00,00,00,00,00,00,
2653534,0000025E,false,Rx,0,8,48,07,0E,06,00,00,00,00,
2653738,00000331,false,Rx,0,8,CB,2E,22,F1,C8,A0,2C,97,
2653990,00000332,false,Rx,0,8,00,00,00,00,00,00,00,00,
2654276,00000333,false,Rx,0,8,00,00,00,1C,0C,40,20,A0,
2654560,00000334,false,Rx,0,8,C8,00,00,00,5C,70,B7,8F,
2656278,000000FF,false,Rx,0,8,CB,10,00,00,00,00,02,00,
2656992,00000394,false,Rx,0,8,2A,22,1A,49,00,00,00,00,
2657311,000003C3,false,Rx,0,8,45,10,31,30,36,00,00,00,
2657505,00000563,false,Rx,1,8,65,02,00,00,00,00,FF,FF,
2657596,000003E0,false,Rx,0,8,72,70,01,00,00,00,00,00,
2659013,000003E5,false,Rx,0,8,06,30,00,00,00,00,00,00,
2659483,000003E6,false,Rx,0,8,A1,40,00,00,00,00,00,00,
2659671,0000041A,false,Rx,0,8,A3,30,12,00,50,01,00,00,
2659936,0000041B,false,Rx,0,8,BE,70,00,00,00,00,00,00,
2660204,0000041C,false,Rx,0,8,84,D0,E8,00,00,00,00,00,
2660456,00000422,false,Rx,0,8,FA,20,01,00,00,00,04,00,
2660911,00000432,false,Rx,0,8,03,20,02,00,00,00,00,00,
2661490,00000435,false,Rx,0,8,B5,D0,00,50,00,00,00,FF,
2661786,00000442,false,Rx,0,8,CE,20,11,81,00,00,00,00,
2662024,00000444,false,Rx,0,8,4F,B0,00,20,00,00,00,00,
2662458,00000445,false,Rx,0,8,71,A0,00,00,00,04,00,18,
2662946,000000A1,false,Rx,0,8,A6,8E,8D,8A,D4,EC,A2,00,
2663232,000000A2,false,Rx,0,8,00,00,00,00,00,00,00,00,
2663481,00000464,false,Rx,0,8,6C,30,F0,FF,38,7F,05,00,
2663714,000000A3,false,Rx,0,8,00,40,01,00,00,00,00,00,
2667429,0000010B,false,Rx,0,8,B1,01,71,00,00,00,00,01,
2667580,0000010C,false,Rx,0,8,FF,01,00,00,43,48,44,44,
2667811,0000010D,false,Rx,0,8,CD,02,00,00,00,00,00,35,
2668116,0000010E,false,Rx,0,8,00,00,0A,00,00,00,00,00,
2668313,0000019B,false,Rx,0,8,66,B3,6F,00,00,D4,00,00,
2668562,0000019C,false,Rx,0,8,40,20,00,00,00,00,0B,09,
2668812,0000019D,false,Rx,0,8,00,10,00,06,00,00,00,00,
2669064,0000019E,false,Rx,0,8,15,23,00,00,00,32,00,00,
2672547,000004A3,false,Rx,1,8,80,00,48,0B,3E,00,00,00,
2672819,000004A4,false,Rx,1,8,FF,FF,FF,00,00,00,00,00,
2673096,000004E8,false,Rx,1,8,FF,FF,FF,29,FF,FF,FF,00,
2674132,00000121,false,Rx,0,8,B2,BA,72,00,00,00,00,01,
2674281,00000122,false,Rx,0,8,FF,01,00,00,44,44,44,44,
2674573,00000123,false,Rx,0,8,CD,02,00,00,00,00,00,35,
2674880,00000124,false,Rx,0,8,00,00,0A,00,00,00,00,00,
2683460,00000036,false,Rx,0,8,0D,0D,73,01,10,00,20,05,
2683646,00000037,false,Rx,0,8,02,00,00,10,00,40,00,00,
2683929,00000038,false,Rx,0,8,01,00,00,00,20,39,06,00,
2684185,00000039,false,Rx,0,8,00,00,00,00,00,00,00,00,
2688175,000001F1,false,Rx,0,8,35,3C,83,01,00,00,28,00,
2688265,000001F2,false,Rx,0,8,00,00,00,00,00,00,00,00,
2691802,00000445,false,Rx,0,8,CE,B0,00,00,00,00,00,18,
2703511,000002BF,false,Rx,0,8,FF,FF,FF,00,00,00,00,00,
2703590,000001E6,false,Rx,0,8,24,49,46,02,00,00,00,00,
2704007,0000047F,false,Rx,0,8,FF,FF,FF,FF,FF,FF,FF,FF,
2704085,000001BB,false,Rx,0,8,8B,34,46,02,00,00,00,0A,
2704496,00000653,false,Rx,0,8,0A,19,03,01,02,2A,00,00,
2704581,000001BC,false,Rx,0,8,32,00,00,00,02,00,00,00,
2704822,000001BD,false,Rx,0,8,00,00,00,00,00,00,00,00,
2705066,000001E7,false,Rx,0,8,00,00,22,03,20,01,00,00,
2711431,000001AB,false,Rx,0,8,7D,B7,5B,40,00,90,00,00,
2711520,000001AC,false,Rx,0,8,00,28,00,00,00,00,00,00,
2713173,000000A1,false,Rx,0,8,C5,E3,92,8A,D4,EC,A2,00,
2713275,000000A2,false,Rx,0,8,00,00,00,00,00,00,00,00,
2713618,000000A3,false,Rx,0,8,00,40,01,00,00,00,00,00,
2717331,0000010B,false,Rx,0,8,97,6F,76,00,00,00,00,01,
2717425,0000010C,false,Rx,0,8,FF,01,00,00,43,48,44,44,
2717800,0000010D,false,Rx,0,8,CA,02,00,00,00,00,00,35,
2717917,0000010E,false,Rx,0,8,00,00,0A,00,00,00,00,00,
2718324,0000019B,false,Rx,0,8,1B,76,74,00,00,D4,00,00,
2718586,0000019C,false,Rx,0,8,40,20,00,00,00,00,0B,09,
2718940,0000019D,false,Rx,0,8,00,10,00,06,00,00,00,00,
2719002,0000019E,false,Rx,0,8,15,23,00,00,00,32,00,00,
2721582,00000445,false,Rx,0,8,C0,C0,00,00,00,04,00,18,
2724260,00000121,false,Rx,0,8,18,66,77,00,00,00,00,01,
2724352,00000122,false,Rx,0,8,FF,01,00,00,44,44,44,44,
2724649,00000123,false,Rx,0,8,CA,02,00,00,00,00,00,35,
2724779,00000124,false,Rx,0,8,00,00,0A,00,00,00,00,00,
2733626,00000036,false,Rx,0,8,B5,0C,78,01,10,00,20,05,
2733720,00000037,false,Rx,0,8,02,00,00,10,00,40,00,00,
2734101,00000038,false,Rx,0,8,01,00,00,00,20,39,06,00,
2734425,00000039,false,Rx,0,8,00,00,00,00,00,00,00,00,
2739027,0000036F,false,Rx,0,8,81,C1,01,00,00,00,00,00,
2739123,0000037F,false,Rx,0,8,3A,B0,52,24,41,02,00,00,
2742756,000000C5,false,Rx,1,8,00,00,00,00,00,00,00,00,
2742998,00000244,false,Rx,1,8,00,00,00,00,00,00,00,00,
2743050,000004B4,false,Rx,1,8,01,00,0D,40,10,60,44,02,
2743768,000004B5,false,Rx,1,8,08,00,F0,07,00,00,00,00,
2744053,000004B7,false,Rx,1,8,08,00,F0,07,00,00,00,00,
2744314,000004CA,false,Rx,1,8,00,00,00,00,00,00,00,00,
2744416,000004CC,false,Rx,1,8,08,00,00,2A,00,00,03,00,
2744899,000004CE,false,Rx,1,8,14,01,FF,FF,FF,FF,FF,FF,
2745570,000002AB,false,Rx,0,8,CA,EA,26,0C,0C,00,00,00,
2745746,000004D7,false,Rx,1,8,23,01,00,00,00,00,00,00,
2745816,000004D8,false,Rx,1,8,41,10,F6,F0,40,F2,1E,CC,
2746060,000002AC,false,Rx,0,8,00,FF,FF,00,00,40,00,50,
2746133,000004DD,false,Rx,1,8,00,00,FE,00,04,00,00,00,
2746204,000002AD,false,Rx,0,8,00,01,00,40,FF,FF,FF,0F,
2746261,000004DF,false,Rx,1,8,00,00,08,00,00,00,00,00,
2746324,000004E7,false,Rx,1,8,00,30,00,00,00,00,69,00,
2746380,000002AE,false,Rx,0,8,1E,0C,FF,3F,00,01,00,00,
2746443,000004E8,false,Rx,1,8,FF,FF,FF,29,FF,FF,FF,00,
2746741,000002B6,false,Rx,0,8,34,0C,26,00,00,00,00,40,
2746942,000004E9,false,Rx,1,8,00,00,00,00,00,00,00,00,
2747417,000002EB,false,Rx,0,8,34,AE,92,09,10,01,00,00,
2748153,000002B7,false,Rx,0,8,94,01,C1,04,00,04,00,00,
2748314,000004EA,false,Rx,1,8,00,00,00,00,00,00,00,00,
2748373,000002EC,false,Rx,0,8,00,00,00,00,00,00,00,00,
2748421,000002B8,false,Rx,0,8,B2,61,11,00,00,00,00,00,
2748478,000004EB,false,Rx,1,8,04,68,2B,07,00,00,00,00,
2748536,000002ED,false,Rx,0,8,00,00,00,00,00,00,00,00,
2748579,000002B9,false,Rx,0,8,0A,00,00,00,00,00,00,00,
2748625,000004EC,false,Rx,1,8,FF,FF,FF,FF,FF,FF,FF,0F,
2748668,000002EE,false,Rx,0,8,00,00,00,00,00,00,00,00,
2748722,000002D6,false,Rx,0,8,D6,72,92,00,00,00,00,00,
2748787,000004ED,false,Rx,1,8,FF,FF,FF,FF,FF,FF,FF,1F,
2748831,0000033B,false,Rx,0,8,5C,A3,26,00,00,00,00,00,
2749240,000002D7,false,Rx,0,8,00,00,03,03,03,00,00,00,
2749331,000004EE,false,Rx,1,8,FF,FF,00,00,00,00,00,00,
2749761,0000033C,false,Rx,0,8,00,00,00,00,F0,00,00,00,
2749823,000002D8,false,Rx,0,8,00,00,00,00,00,00,38,44,
2749921,000004EF,false,Rx,1,8,60,00,60,00,29,14,00,00,
2749972,0000033D,false,Rx,0,8,00,00,00,00,00,00,00,00,
2750034,00000251,false,Rx,0,8,8B,C0,25,00,00,00,00,00,
2750082,000004F0,false,Rx,1,8,4A,0D,2B,07,5C,1A,11,02,
2750131,000002D9,false,Rx,0,8,00,00,00,00,00,00,00,00,
2750351,00000252,false,Rx,0,8,00,00,00,00,03,00,00,00,
2751057,000004F1,false,Rx,1,8,00,C0,00,00,00,00,00,00,
2751199,000002E1,false,Rx,0,8,DD,34,26,00,00,00,00,00,
2751274,00000253,false,Rx,0,8,00,00,00,00,52,00,80,46,
2751333,000004F2,false,Rx,1,8,02,FF,DD,FF,03,01,00,00,
2751385,000002E2,false,Rx,0,8,AF,00,00,00,00,7E,00,04,
2751430,0000033E,false,Rx,0,8,00,00,00,00,00,00,00,00,
2751490,000004F3,false,Rx,1,8,00,00,00,00,30,00,00,00,
2751532,000002E3,false,Rx,0,8,00,00,00,00,00,00,72,01,
2751827,00000356,false,Rx,0,8,0D,4C,93,00,00,00,00,00,
2751915,000004F9,false,Rx,1,8,E0,FF,FF,FF,FF,FF,FF,FF,
2752056,000002E4,false,Rx,0,8,02,00,00,00,00,00,00,00,
2752244,00000357,false,Rx,0,8,00,00,00,00,00,4B,4D,48,
2752304,0000063D,false,Rx,1,8,00,80,00,00,00,00,00,00,
2752724,00000358,false,Rx,0,8,35,41,45,4D,52,37,33,4F,
2752801,0000063E,false,Rx,1,8,FF,FF,FF,FF,FF,FF,FF,FF,
2753247,00000359,false,Rx,0,8,51,4F,34,52,4A,35,33,00,
2753579,0000063F,false,Rx,1,8,00,10,00,C4,FF,00,00,00,
2754075,00000396,false,Rx,0,8,53,F1,92,0F,10,01,00,00,
2755070,00000640,false,Rx,1,8,FF,FF,FF,00,FF,FF,FF,00,
2755465,00000397,false,Rx,0,8,04,00,00,00,00,00,00,00,
2755716,00000641,false,Rx,1,8,FF,FF,FF,FF,0F,FF,FF,FF,
2755800,00000398,false,Rx,0,8,00,00,00,00,00,00,00,00,
2756075,00000646,false,Rx,1,8,00,00,00,80,01,00,00,00,
2756166,00000565,false,Rx,0,8,66,12,00,00,00,00,FF,FF,
2758146,00000401,false,Rx,0,8,69,E0,10,00,00,00,00,00,
2759075,00000405,false,Rx,0,8,E4,00,00,00,00,00,00,00,
2759563,00000410,false,Rx,0,8,A3,90,53,3C,B4,6A,FF,FF,
2759787,00000413,false,Rx,0,8,F5,10,00,41,00,00,00,00,
2760038,00000411,false,Rx,0,8,BD,71,50,50,00,00,44,05,
2760277,00000414,false,Rx,0,8,87,A0,00,00,28,00,00,00,
2760528,00000412,false,Rx,0,8,F1,00,00,00,00,00,04,00,
2760764,00000416,false,Rx,0,8,55,00,00,00,00,00,00,00,
2761276,00000417,false,Rx,0,8,D0,20,00,00,00,01,00,00,
2761763,00000418,false,Rx,0,8,18,00,00,00,14,4C,00,00,
2762234,00000419,false,Rx,0,8,84,20,EE,DA,99,7B,84,00,
2762509,00000445,false,Rx,0,8,C0,C0,00,00,00,04,00,18,
2762967,000000A1,false,Rx,0,8,CA,08,97,8A,D4,EC,A2,00,
2763225,000000A2,false,Rx,0,8,00,00,00,00,00,00,00,00,
2763569,000000A3,false,Rx,0,8,00,40,01,00,00,00,00,00,
2767548,0000010B,false,Rx,0,8,D9,59,7B,00,00,00,00,01,
2767638,0000010C,false,Rx,0,8,FF,01,00,00,43,48,44,44,
2768043,0000010D,false,Rx,0,8,C8,02,00,00,00,00,00,35,
2768110,0000010E,false,Rx,0,8,00,00,0A,00,00,00,00,00,
2768482,0000019B,false,Rx,0,8,16,B0,79,00,00,D4,00,00,
2768746,0000019C,false,Rx,0,8,40,20,00,00,00,00,0B,09,
2768850,0000019D,false,Rx,0,8,00,10,00,06,00,00,00,00,
2769066,0000019E,false,Rx,0,8,15,23,00,00,00,32,00,00,
2774264,00000121,false,Rx,0,8,E3,97,7C,00,00,00,00,01,
2774357,00000122,false,Rx,0,8,FF,01,00,00,44,44,44,44,
2774749,00000123,false,Rx,0,8,C8,02,00,00,00,00,00,35,
2774814,000002E6,false,Rx,0,8,2C,A1,23,01,00,00,00,15,
2775189,00000124,false,Rx,0,8,00,00,0A,00,00,00,00,00,
2775541,00000256,false,Rx,0,8,65,0C,23,01,00,00,00,00,
2775635,000002E7,false,Rx,0,8,3C,00,00,00,00,00,00,00,
2775767,00000257,false,Rx,0,8,00,00,00,00,64,00,02,00,
2776263,000002E8,false,Rx,0,8,00,00,00,00,00,00,00,00,
2776620,00000258,false,Rx,0,8,01,00,00,00,10,15,00,1C,
2777251,000002E9,false,Rx,0,8,00,00,00,00,00,00,00,00,
2777324,00000259,false,Rx,0,8,00,00,00,3C,00,00,00,00,
2777366,000003B6,false,Rx,0,8,86,64,91,00,00,00,00,44,
2777408,000003B7,false,Rx,0,8,43,00,00,00,00,00,00,00,
2777536,000003B8,false,Rx,0,8,C9,02,00,00,00,00,69,0E,
2777796,000003B9,false,Rx,0,8,00,00,00,00,00,00,00,00,
2783609,00000036,false,Rx,0,8,CA,20,7D,01,10,00,20,05,
2783707,00000037,false,Rx,0,8,02,00,00,10,00,40,00,00,
2784028,00000038,false,Rx,0,8,01,00,00,00,20,39,06,00,
2784194,00000039,false,Rx,0,8,00,00,00,00,00,00,00,00,
2795519,000003AA,false,Rx,0,8,FF,00,D0,00,54,00,00,00,
2801468,00000445,false,Rx,0,8,C0,C0,00,00,00,04,00,18,
2802544,0000030B,false,Rx,0,8,C6,DB,26,00,04,00,00,00,
2802624,0000030C,false,Rx,0,8,00,00,0C,23,2C,00,A0,0F,
2802852,0000030D,false,Rx,0,8,00,00,00,00,42,00,00,00,
2803030,0000030E,false,Rx,0,8,00,00,28,05,21,00,00,02,
2803831,00000495,false,Rx,0,8,49,00,00,00,00,00,00,00,
2811223,000001AB,false,Rx,0,8,AB,2B,60,40,00,90,00,00,
2811325,000001AC,false,Rx,0,8,00,28,00,00,00,00,00,00,
2813052,00000448,false,Rx,0,8,7F,00,00,00,00,00,00,00,
2813127,000000A1,false,Rx,0,8,F6,F9,9C,8A,D4,EC,A2,00,
2813378,000000A2,false,Rx,0,8,00,00,00,00,00,00,00,00,
2813593,000000A3,false,Rx,0,8,00,40,01,00,00,00,00,00,
2817334,0000010B,false,Rx,0,8,6F,91,80,00,00,00,00,01,
2817427,0000010C,false,Rx,0,8,FF,01,00,00,43,48,44,44,
2818225,0000010D,false,Rx,0,8,C5,02,00,00,00,00,00,35,
2818351,0000010E,false,Rx,0,8,00,00,0A,00,00,00,00,00,
2818407,0000019B,false,Rx,0,8,E5,2E,7E,00,00,D4,00,00,
2818561,0000019C,false,Rx,0,8,40,20,00,00,00,00,0B,09,
2818766,0000019D,false,Rx,0,8,00,10,00,06,00,00,00,00,
2819010,0000019E,false,Rx,0,8,15,23,00,00,00,32,00,00,
2824270,00000121,false,Rx,0,8,E0,98,81,00,00,00,00,01,
2824367,00000122,false,Rx,0,8,FF,01,00,00,44,44,44,44,
2824603,00000123,false,Rx,0,8,C5,02,00,00,00,00,00,35,
2824796,00000124,false,Rx,0,8,00,00,0A,00,00,00,00,00,
2831400,00000226,false,Rx,0,8,83,16,15,FF,00,20,00,02,
2831529,000002FF,false,Rx,0,8,94,7C,00,00,00,00,00,00,
2831762,00000227,false,Rx,0,8,02,C4,07,09,00,F0,FF,07,
2831995,00000316,false,Rx,0,8,41,22,0C,04,00,80,0A,00,
2832240,00000472,false,Rx,0,8,5C,EC,00,40,08,41,00,45,
2832500,00000317,false,Rx,0,8,00,00,05,00,00,00,00,00,
2832625,00000487,false,Rx,1,8,00,00,00,00,00,00,00,00,
2832828,00000473,false,Rx,0,8,5F,24,00,25,00,00,00,78,
2833023,00000642,false,Rx,1,8,FF,FF,FF,FF,FF,FF,00,00,
2833230,00000474,false,Rx,0,8,30,DB,00,00,00,00,00,00,
2833480,00000036,false,Rx,0,8,BC,6C,82,01,10,00,20,05,
2833630,00000645,false,Rx,1,8,7F,86,07,39,EF,3B,56,00,
2833956,00000037,false,Rx,0,8,02,00,00,10,00,40,00,00,
2834425,00000038,false,Rx,0,8,01,00,00,00,20,39,06,00,
2834726,00000039,false,Rx,0,8,00,00,00,00,00,00,00,00,
2838180,000001F1,false,Rx,0,8,C3,14,86,01,00,00,28,00,
2838274,000001F2,false,Rx,0,8,00,00,00,00,00,00,00,00,
2838805,0000036F,false,Rx,0,8,38,D1,01,00,00,00,00,00,
2839051,0000037F,false,Rx,0,8,32,C0,52,24,41,02,00,00,
2844926,000002C1,false,Rx,0,8,18,2F,94,21,00,41,00,A1,
2845021,000002C2,false,Rx,0,8,40,00,00,00,00,00,00,00,
2845422,000002C3,false,Rx,0,8,00,00,00,00,00,00,00,00,
2845527,000002C4,false,Rx,0,8,00,00,00,00,00,00,00,00,
2848152,00000151,false,Rx,0,8,53,28,24,A0,C8,00,28,15,
2848244,000001F6,false,Rx,0,8,6A,51,24,00,00,00,00,00,
2848718,00000152,false,Rx,0,8,12,14,14,00,00,00,00,00,
2849031,000001F7,false,Rx,0,8,00,00,DC,00,00,00,00,00,
2849137,00000153,false,Rx,0,8,00,00,00,00,00,00,00,00,
2849486,000001F8,false,Rx,0,8,00,69,00,64,00,00,00,00,
2849574,00000154,false,Rx,0,8,00,00,00,00,00,00,00,00,
2849866,000001F9,false,Rx,0,8,19,00,A0,C8,14,00,19,00,
2849980,000002FB,false,Rx,0,8,9A,34,24,00,0C,14,C3,C3,
2850203,00000236,false,Rx,0,8,7E,C8,24,00,30,63,34,6C,
2850365,000002FC,false,Rx,0,8,00,00,12,15,00,00,00,96,
2850611,00000237,false,Rx,0,8,00,04,94,00,00,5D,1D,00,
2851006,000002FD,false,Rx,0,8,00,00,00,00,00,1C,10,EA,
2851075,00000238,false,Rx,0,8,00,00,0C,00,00,00,00,00,
2852205,000002FE,false,Rx,0,8,00,00,72,01,00,28,00,00,
2852513,00000239,false,Rx,0,8,00,00,00,00,01,00,00,00,
2852575,00000326,false,Rx,0,8,FF,B3,24,00,10,00,00,00,
2852623,0000025B,false,Rx,0,8,B9,CD,24,4C,40,20,00,00,
2852684,00000327,false,Rx,0,8,00,00,00,00,01,00,00,00,
2852747,0000025C,false,Rx,0,8,00,00,00,00,BD,68,14,00,
2852790,00000328,false,Rx,0,8,DC,00,19,00,00,69,00,00,
2853036,0000025D,false,Rx,0,8,00,C8,00,00,00,80,C0,70,
2853271,00000329,false,Rx,0,8,A0,64,00,00,00,00,00,00,
2853548,000001E6,false,Rx,0,8,3E,30,49,02,00,00,00,00,
2853760,0000025E,false,Rx,0,8,3D,07,0E,06,00,00,00,00,
2853999,000001BB,false,Rx,0,8,BB,19,49,02,00,00,00,0A,
2854238,00000331,false,Rx,0,8,7E,E9,24,F1,C8,A0,2C,97,
2854485,000001BC,false,Rx,0,8,32,00,00,00,02,00,00,00,
2855284,00000332,false,Rx,0,8,00,00,00,00,00,00,00,00,
2855636,000001BD,false,Rx,0,8,00,00,00,00,00,00,00,00,
2855981,00000333,false,Rx,0,8,00,00,00,1C,0C,40,20,A0,
2856067,000001E7,false,Rx,0,8,00,00,22,03,20,01,00,00,
2856111,00000334,false,Rx,0,8,C8,00,00,00,5C,70,B7,8F,
2856179,00000566,false,Rx,0,8,16,02,00,00,00,00,FF,FF,
2856226,000000FF,false,Rx,0,8,CB,10,00,00,00,00,02,00,
2856933,00000394,false,Rx,0,8,2A,22,1A,49,00,00,00,00,
2857298,000003C3,false,Rx,0,8,45,10,31,30,36,00,00,00,
2857642,000003E0,false,Rx,0,8,72,70,01,00,00,00,00,00,
2859241,000003E5,false,Rx,0,8,06,30,00,00,00,00,00,00,
2859324,000003E6,false,Rx,0,8,A1,40,00,00,00,00,00,00,
2859514,0000041A,false,Rx,0,8,A3,30,12,00,50,01,00,00,
2859790,0000041B,false,Rx,0,8,BE,70,00,00,00,00,00,00,
2860072,0000041C,false,Rx,0,8,84,D0,E8,00,00,00,00,00,
2860343,00000422,false,Rx,0,8,FA,20,01,00,00,00,04,00,
2860751,00000432,false,Rx,0,8,03,20,02,00,00,00,00,00,
2861360,00000435,false,Rx,0,8,B5,D0,00,50,00,00,00,FF,
2861613,00000442,false,Rx,0,8,CE,20,11,81,00,00,00,00,
2861891,00000444,false,Rx,0,8,4F,B0,00,20,00,00,00,00,
2862313,00000445,false,Rx,0,8,7F,D0,00,00,00,00,00,18,
2862951,000000A1,false,Rx,0,8,35,7A,A1,8A,D4,EC,A2,00,
2863224,000000A2,false,Rx,0,8,00,00,00,00,00,00,00,00,
2863468,00000464,false,Rx,0,8,6C,30,F0,FF,38,7F,05,00,
2863720,000000A3,false,Rx,0,8,00,40,01,00,00,00,00,00,
2867407,0000010B,false,Rx,0,8,F4,BD,85,00,00,00,00,01,
2867614,0000010C,false,Rx,0,8,FF,01,00,00,43,48,44,44,
2867844,0000010D,false,Rx,0,8,C3,02,00,00,00,00,00,35,
2868106,0000010E,false,Rx,0,8,00,00,0A,00,00,00,00,00,
2868320,0000019B,false,Rx,0,8,1F,D0,83,00,00,D4,00,00,
2868579,0000019C,false,Rx,0,8,40,20,00,00,00,00,0B,09,
2868825,0000019D,false,Rx,0,8,00,10,00,06,00,00,00,00,
2869065,0000019E,false,Rx,0,8,15,23,00,00,00,32,00,00,
2872578,000004A3,false,Rx,1,8,80,00,48,0B,3E,00,00,00,
2872892,000004A4,false,Rx,1,8,FF,FF,FF,00,00,00,00,00,
2874153,00000121,false,Rx,0,8,F7,06,86,00,00,00,00,01,
2874289,00000122,false,Rx,0,8,FF,01,00,00,44,44,44,44,
2874642,00000123,false,Rx,0,8,C3,02,00,00,00,00,00,35,
2874939,00000124,false,Rx,0,8,00,00,0A,00,00,00,00,00,
2883816,00000036,false,Rx,0,8,C3,40,87,01,10,00,20,05,
2883911,00000037,false,Rx,0,8,02,00,00,10,00,40,00,00,
2883959,00000038,false,Rx,0,8,01,00,00,00,20,39,06,00,
2884247,00000039,false,Rx,0,8,00,00,00,00,00,00,00,00,
2896311,00000445,false,Rx,0,8,7F,D0,00,00,00,00,00,18,
2903374,000002BF,false,Rx,0,8,FF,FF,FF,00,00,00,00,00,
2903598,0000047F,false,Rx,0,8,FF,FF,FF,FF,FF,FF,FF,FF,
2903855,00000653,false,Rx,0,8,0A,19,03,01,02,2A,00,00,
2910962,000001AB,false,Rx,0,8,5D,03,65,40,00,90,00,00,
2911151,000001AC,false,Rx,0,8,00,28,00,00,00,00,00,00,
2913026,000000A1,false,Rx,0,8,3C,FF,A6,8A,D4,EC,A2,00,
2913248,000000A2,false,Rx,0,8,00,00,00,00,00,00,00,00,
2913498,000000A3,false,Rx,0,8,00,40,01,00,00,00,00,00,
2917170,0000010B,false,Rx,0,8,07,C9,8A,00,00,00,00,01,
2917351,0000010C,false,Rx,0,8,FF,01,00,00,43,48,44,44,
2917600,0000010D,false,Rx,0,8,C0,02,00,00,00,00,00,35,
2917861,0000010E,false,Rx,0,8,00,00,0A,00,00,00,00,00,
2918249,0000019B,false,Rx,0,8,A7,D1,88,00,00,D4,00,00,
2918500,0000019C,false,Rx,0,8,40,20,00,00,00,00,0B,09,
2918747,0000019D,false,Rx,0,8,00,10,00,06,00,00,00,00,
2919001,0000019E,false,Rx,0,8,15,23,00,00,00,32,00,00,
2924105,00000121,false,Rx,0,8,B9,30,8B,00,00,00,00,01,
2924544,00000122,false,Rx,0,8,FF,01,00,00,44,44,44,44,
2924875,00000123,false,Rx,0,8,C1,02,00,00,00,00,00,35,
2925129,00000124,false,Rx,0,8,00,00,0A,00,00,00,00,00,
2933480,00000036,false,Rx,0,8,7B,41,8C,01,10,00,20,05,
2933667,00000037,false,Rx,0,8,02,00,00,10,00,40,00,00,
2933936,00000038,false,Rx,0,8,01,00,00,00,20,39,06,00,
2934182,00000039,false,Rx,0,8,00,00,00,00,00,00,00,00,
2936240,00000445,false,Rx,0,8,7F,D0,00,00,00,00,00,18,
2939008,0000036F,false,Rx,0,8,EE,E1,01,00,00,00,00,00,
2939097,0000037F,false,Rx,0,8,8B,D0,52,24,41,02,00,00,
2942733,000000C5,false,Rx,1,8,00,00,00,00,00,00,00,00,
2942919,00000244,false,Rx,1,8,00,00,00,00,00,00,00,00,
2943050,000003E4,false,Rx,1,8,FE,00,00,00,00,00,00,00,
2943753,0000041F,false,Rx,1,8,00,0C,00,00,00,00,00,00,
2943939,000004B4,false,Rx,1,8,01,00,0D,40,10,60,44,02,
2943991,000004B5,false,Rx,1,8,08,00,F0,07,00,00,00,00,
2944083,000004B7,false,Rx,1,8,08,00,F0,07,00,00,00,00,
2944623,000004CA,false,Rx,1,8,00,00,00,00,00,00,00,00,
2945666,000002AB,false,Rx,0,8,0D,C7,28,0C,0C,00,00,00,
2946177,000004CC,false,Rx,1,8,08,00,00,2A,00,00,03,00,
2946400,000004CE,false,Rx,1,8,14,01,FF,FF,FF,FF,FF,FF,
2946745,000002AC,false,Rx,0,8,00,FF,FF,00,00,40,00,50,
2947062,000004D7,false,Rx,1,8,23,01,00,00,00,00,00,00,
2947153,000004D8,false,Rx,1,8,41,10,F6,F0,40,F2,1E,CC,
2947490,000002AD,false,Rx,0,8,00,01,00,40,FF,FF,FF,0F,
2947732,000004DD,false,Rx,1,8,00,00,FE,00,04,00,00,00,
2948575,000002AE,false,Rx,0,8,1E,0C,FF,3F,00,01,00,00,
2949275,000004DF,false,Rx,1,8,00,00,08,00,00,00,00,00,
2950085,000002B6,false,Rx,0,8,F3,21,28,00,00,00,00,40,
2950333,000004E7,false,Rx,1,8,00,30,00,00,00,00,69,00,
2950855,000002EB,false,Rx,0,8,3C,8C,93,09,10,01,00,00,
2951422,000002B7,false,Rx,0,8,94,01,C1,04,00,04,00,00,
2951794,000004E8,false,Rx,1,8,FF,FF,FF,29,FF,FF,FF,00,
2952102,000002EC,false,Rx,0,8,0A,00,00,00,00,00,00,00,
2952201,000004E9,false,Rx,1,8,00,00,00,00,00,00,00,00,
2952280,000002B8,false,Rx,0,8,B2,61,11,00,00,00,00,00,
2952580,000002ED,false,Rx,0,8,00,00,00,00,00,00,00,00,
2953138,000004EA,false,Rx,1,8,00,00,00,00,00,00,00,00,
2953240,000002B9,false,Rx,0,8,0A,00,00,00,00,00,00,00,
2953376,000002EE,false,Rx,0,8,00,00,00,00,00,00,00,00,
2953516,000004EB,false,Rx,1,8,04,68,2B,07,00,00,00,00,
2953634,000002D6,false,Rx,0,8,90,2B,93,00,00,00,00,00,
2953728,000004EC,false,Rx,1,8,FF,FF,FF,FF,FF,FF,FF,0F,
2953777,0000033B,false,Rx,0,8,9B,8E,28,00,00,00,00,00,
2953824,000004ED,false,Rx,1,8,FF,FF,FF,FF,FF,FF,FF,1F,
2953877,000002D7,false,Rx,0,8,00,00,03,03,03,00,00,00,
2954297,000004EE,false,Rx,1,8,FF,FF,00,00,00,00,00,00,
2954783,0000033C,false,Rx,0,8,00,00,00,00,F0,00,00,00,
2955025,000002D8,false,Rx,0,8,00,00,00,00,00,00,38,44,
2955356,000004EF,false,Rx,1,8,60,00,60,00,29,14,00,00,
2955680,0000033D,false,Rx,0,8,00,00,00,00,00,00,00,00,
2956168,0000063D,false,Rx,1,8,00,80,00,00,00,00,00,00,
2956355,00000251,false,Rx,0,8,8D,AE,27,00,00,00,00,00,
2956440,0000063E,false,Rx,1,8,FF,FF,FF,FF,FF,FF,FF,FF,
2956528,000002D9,false,Rx,0,8,00,00,00,00,00,00,00,00,
2956599,0000063F,false,Rx,1,8,00,10,00,C4,FF,00,00,00,
2956653,00000252,false,Rx,0,8,00,00,00,00,03,00,00,00,
2956698,000002E1,false,Rx,0,8,10,17,28,00,00,00,00,00,
2956747,00000640,false,Rx,1,8,FF,FF,FF,00,FF,FF,FF,00,
2956806,00000253,false,Rx,0,8,00,00,00,00,52,00,80,46,
2956872,000002E2,false,Rx,0,8,A2,00,00,00,00,7E,00,04,
2956925,00000641,false,Rx,1,8,FF,FF,FF,FF,0F,FF,FF,FF,
2956983,00000646,false,Rx,1,8,00,00,00,80,01,00,00,00,
2957214,0000033E,false,Rx,0,8,00,00,00,00,00,00,00,00,
2957285,000002E3,false,Rx,0,8,00,00,00,00,00,00,72,01,
2957438,00000356,false,Rx,0,8,FE,D2,94,00,00,00,00,00,
2957533,000002E4,false,Rx,0,8,02,00,00,00,00,00,00,00,
2957580,00000357,false,Rx,0,8,00,00,00,00,00,4B,4D,48,
2957632,00000358,false,Rx,0,8,35,41,45,4D,52,37,33,4F,
2957911,00000359,false,Rx,0,8,51,4F,34,52,4A,35,33,00,
2958234,00000396,false,Rx,0,8,FB,AB,93,0F,10,02,00,00,
2958681,00000397,false,Rx,0,8,1C,00,00,00,00,00,00,00,
2958918,00000398,false,Rx,0,8,00,00,00,00,00,00,00,00,
2958983,00000516,false,Rx,0,8,61,02,00,00,00,00,FF,FF,
2959046,00000485,false,Rx,0,8,00,40,11,02,00,00,00,00,
2959139,00000401,false,Rx,0,8,69,E0,10,00,00,00,00,00,
2959183,00000405,false,Rx,0,8,E4,00,00,00,00,00,00,00,
2959394,00000410,false,Rx,0,8,A3,90,53,3C,B4,6A,FF,FF,
2959646,00000413,false,Rx,0,8,F5,10,00,41,00,00,00,00,
2959979,00000411,false,Rx,0,8,BD,71,50,50,00,00,44,05,
2960923,00000414,false,Rx,0,8,87,A0,00,00,28,00,00,00,
2961053,00000412,false,Rx,0,8,F1,00,00,00,00,00,04,00,
2961465,00000416,false,Rx,0,8,55,00,00,00,00,00,00,00,
2961545,00000417,false,Rx,0,8,D0,20,00,00,00,01,00,00,
2961589,00000418,false,Rx,0,8,18,00,00,00,14,4C,00,00,
2962010,00000419,false,Rx,0,8,84,20,EE,DA,99,7B,84,00,
2962992,000000A1,false,Rx,0,8,0A,BC,AB,8A,D4,EC,A2,00,
2963281,000000A2,false,Rx,0,8,00,00,00,00,00,00,00,00,
2963478,000000A3,false,Rx,0,8,00,40,01,00,00,00,00,00,
2967399,0000010B,false,Rx,0,8,4C,E8,8F,00,00,00,00,01,
2967561,0000010C,false,Rx,0,8,FF,01,00,00,43,48,44,44,
2967839,0000010D,false,Rx,0,8,BE,02,00,00,00,00,00,35,
2968064,0000010E,false,Rx,0,8,00,00,0A,00,00,00,00,00,
2968302,0000019B,false,Rx,0,8,D8,FD,8D,00,00,D4,00,00,
2968559,0000019C,false,Rx,0,8,40,20,00,00,00,00,0B,09,
2968815,0000019D,false,Rx,0,8,00,10,00,06,00,00,00,00,
2969054,0000019E,false,Rx,0,8,15,23,00,00,00,32,00,00,
2974270,00000121,false,Rx,0,8,C1,08,90,00,00,00,00,01,
2974363,00000122,false,Rx,0,8,FF,01,00,00,44,44,44,44,
2974748,00000123,false,Rx,0,8,BE,02,00,00,00,00,00,35,
2974817,000002E6,false,Rx,0,8,99,66,25,01,00,00,00,15,
2975192,00000124,false,Rx,0,8,00,00,0A,00,00,00,00,00,
2975307,00000256,false,Rx,0,8,D0,CB,25,01,00,00,00,00,
2975518,000002E7,false,Rx,0,8,3C,00,00,00,00,00,00,00,
2975772,00000257,false,Rx,0,8,00,00,00,00,64,00,02,00,
2976013,000002E8,false,Rx,0,8,00,00,00,00,00,00,00,00,
2976244,00000258,false,Rx,0,8,01,00,00,00,10,15,00,1C,
2976487,000002E9,false,Rx,0,8,00,00,00,00,00,00,00,00,
2976739,00000259,false,Rx,0,8,00,00,00,3C,00,00,00,00,
2976987,000003B6,false,Rx,0,8,12,8E,92,00,00,00,00,44,
2977248,000003B7,false,Rx,0,8,43,00,00,00,00,00,00,00,
2977523,000003B8,false,Rx,0,8,C0,02,00,00,00,00,69,0E,
2977791,000003B9,false,Rx,0,8,00,00,00,00,00,00,00,00,
2983974,00000036,false,Rx,0,8,B3,43,91,01,10,00,20,05,
2984080,00000037,false,Rx,0,8,02,00,00,10,00,40,00,00,
2984172,00000038,false,Rx,0,8,01,00,00,00,20,39,06,00,
2984221,00000039,false,Rx,0,8,00,00,00,00,00,00,00,00,
2988245,000001F1,false,Rx,0,8,D9,6D,89,01,00,00,28,00,
2988343,000001F2,false,Rx,0,8,00,00,00,00,00,00,00,00,
2995538,000003AA,false,Rx,0,8,FF,00,D0,00,54,00,00,00,
3002498,0000030B,false,Rx,0,8,A1,44,28,00,04,00,00,00,
3002592,0000030C,false,Rx,0,8,00,00,0C,23,2C,00,A0,0F,
3002917,0000030D,false,Rx,0,8,00,00,00,00,42,00,00,00,
3003335,0000030E,false,Rx,0,8,00,00,28,05,21,00,00,04,
3003509,000001E6,false,Rx,0,8,C8,18,4C,02,00,00,00,00,
3003715,000001BB,false,Rx,0,8,B4,F2,4C,02,00,00,00,0A,
3004065,00000495,false,Rx,0,8,49,00,00,00,00,00,00,00,
3004511,000001BC,false,Rx,0,8,32,00,00,00,02,00,00,00,
3004567,000001BD,false,Rx,0,8,00,00,00,00,00,00,00,00,
3004713,000001E7,false,Rx,0,8,00,00,22,03,20,01,00,00,
3010998,000001AB,false,Rx,0,8,47,7A,6A,40,00,90,00,00,
3011095,000001AC,false,Rx,0,8,00,28,00,00,00,00,00,00,
3013399,00000448,false,Rx,0,8,7F,00,00,00,00,00,00,00,
3013526,000000A1,false,Rx,0,8,65,0D,B0,8A,D4,EC,A2,00,
3013847,000000A2,false,Rx,0,8,00,00,00,00,00,00,00,00,
3013951,000000A3,false,Rx,0,8,00,40,01,00,00,00,00,00,
3017316,0000010B,false,Rx,0,8,72,DD,94,00,00,00,00,01,
3017406,0000010C,false,Rx,0,8,FF,01,00,00,43,48,44,44,
3017724,0000010D,false,Rx,0,8,BC,02,00,00,00,00,00,35,
3017884,0000010E,false,Rx,0,8,00,00,0A,00,00,00,00,00,
3018490,0000019B,false,Rx,0,8,9C,4D,92,00,00,D4,00,00,
3018621,0000019C,false,Rx,0,8,40,20,00,00,00,00,0B,09,
3018924,0000019D,false,Rx,0,8,00,10,00,06,00,00,00,00,
3019478,0000019E,false,Rx,0,8,15,23,00,00,00,32,00,00,
3024264,00000121,false,Rx,0,8,FD,D4,95,00,00,00,00,01,
3024358,00000122,false,Rx,0,8,FF,01,00,00,44,44,44,44,
3024754,00000123,false,Rx,0,8,BC,02,00,00,00,00,00,35,
3024825,00000124,false,Rx,0,8,00,00,0A,00,00,00,00,00,
3031438,00000226,false,Rx,0,8,EA,56,17,FF,00,20,00,02,
3031536,000002FF,false,Rx,0,8,94,7C,00,00,00,00,00,00,
3031904,00000227,false,Rx,0,8,02,C4,07,09,00,F0,FF,07,
3031976,00000316,false,Rx,0,8,65,8A,0D,04,00,80,0A,00,
3032531,00000472,false,Rx,0,8,5C,EC,00,40,08,41,00,45,
3033277,00000317,false,Rx,0,8,00,00,05,00,00,00,00,00,
3033711,00000487,false,Rx,1,8,00,00,00,00,00,00,00,00,
3034190,00000473,false,Rx,0,8,5F,24,00,25,00,00,00,78,
3034266,00000474,false,Rx,0,8,30,DB,00,00,00,00,00,00,
3034376,00000642,false,Rx,1,8,FF,FF,FF,FF,FF,FF,00,00,
3034685,00000036,false,Rx,0,8,40,DD,96,01,10,00,20,05,
3034783,00000037,false,Rx,0,8,02,00,00,10,00,40,00,00,
3034842,00000038,false,Rx,0,8,01,00,00,00,20,39,06,00,
3035175,00000039,false,Rx,0,8,00,00,00,00,00,00,00,00,
3039320,0000036F,false,Rx,0,8,FE,01,01,00,00,00,00,00,
3039452,0000037F,false,Rx,0,8,5D,E0,52,24,41,02,00,00,
3042947,00000643,false,Rx,1,8,00,FC,FF,FF,FF,FF,03,00,
3044881,000002C1,false,Rx,0,8,5E,76,95,21,00,41,00,A1,
3044991,000002C2,false,Rx,0,8,40,00,00,00,00,00,00,00,
3045320,000002C3,false,Rx,0,8,00,00,00,00,00,00,00,00,
3045522,000002C4,false,Rx,0,8,00,00,00,00,00,00,00,00,
3048215,00000151,false,Rx,0,8,DF,9A,26,A0,C8,00,28,15,
3048321,000001F6,false,Rx,0,8,E6,E3,26,00,00,00,00,00,
3048710,00000152,false,Rx,0,8,12,14,14,00,00,00,00,00,
3048774,000001F7,false,Rx,0,8,00,00,DC,00,00,00,00,00,
3048992,00000153,false,Rx,0,8,00,00,00,00,00,00,00,00,
3049170,000001F8,false,Rx,0,8,00,69,00,64,00,00,00,00,
3049503,00000154,false,Rx,0,8,00,00,00,00,00,00,00,00,
3049972,000001F9,false,Rx,0,8,19,00,A0,C8,14,00,19,00,
3050034,000002FB,false,Rx,0,8,16,86,26,00,0C,14,C3,C3,
3050105,00000236,false,Rx,0,8,F2,7A,26,00,30,63,34,6C,
3050555,000002FC,false,Rx,0,8,00,00,12,15,00,00,00,96,
3050956,00000237,false,Rx,0,8,00,04,94,00,00,5D,1D,00,
3051002,000002FD,false,Rx,0,8,00,00,00,00,00,1C,10,EA,
3051162,00000238,false,Rx,0,8,00,00,0C,00,00,00,00,00,
3051541,000002FE,false,Rx,0,8,00,00,72,01,00,28,00,00,
3052067,00000239,false,Rx,0,8,00,00,00,00,01,00,00,00,
3052134,00000326,false,Rx,0,8,73,01,26,00,10,00,00,00,
3052181,0000025B,false,Rx,0,8,2E,F4,26,4C,40,20,00,00,
3052554,00000327,false,Rx,0,8,00,00,00,00,01,00,00,00,
3052963,0000025C,false,Rx,0,8,00,00,00,00,BD,68,14,00,
3053052,00000328,false,Rx,0,8,DC,00,19,00,00,69,00,00,
3053096,0000025D,false,Rx,0,8,00,C8,00,00,00,80,C0,70,
3053516,00000329,false,Rx,0,8,A0,64,00,00,00,00,00,00,
3054068,0000025E,false,Rx,0,8,61,07,0E,09,00,00,00,00,
3054164,00000331,false,Rx,0,8,F2,5B,26,F1,C8,A0,2C,97,
3054306,00000332,false,Rx,0,8,00,00,00,00,00,00,00,00,
3054559,00000561,false,Rx,0,8,63,02,00,00,00,00,FF,FF,
3054757,00000333,false,Rx,0,8,00,00,00,1C,0C,40,20,A0,
3054990,00000334,false,Rx,0,8,C8,00,00,00,5C,70,B7,8F,
3055944,000000FF,false,Rx,0,8,CB,10,00,00,00,00,02,00,
3056651,00000394,false,Rx,0,8,2A,22,1A,49,00,00,00,00,
3056893,000003C3,false,Rx,0,8,45,10,31,30,36,00,00,00,
3057177,000003E0,false,Rx,0,8,72,70,01,00,00,00,00,00,
3058457,000003E5,false,Rx,0,8,06,30,00,00,00,00,00,00,
3059147,000003E6,false,Rx,0,8,A1,40,00,00,00,00,00,00,
3059579,0000041A,false,Rx,0,8,A3,30,12,00,50,01,00,00,
3060182,0000041B,false,Rx,0,8,BE,70,00,00,00,00,00,00,
3060244,0000041C,false,Rx,0,8,84,D0,E8,00,00,00,00,00,
3060305,00000422,false,Rx,0,8,FA,20,01,00,00,00,04,00,
3060684,00000432,false,Rx,0,8,03,20,02,00,00,00,00,00,
3061371,00000435,false,Rx,0,8,B5,D0,00,50,00,00,00,FF,
3062037,00000442,false,Rx,0,8,CE,20,11,81,00,00,00,00,
3062233,00000444,false,Rx,0,8,4F,B0,00,20,00,00,00,00,
3062741,00000445,false,Rx,0,8,7F,D0,00,00,00,00,00,18,
3063191,00000464,false,Rx,0,8,6C,30,F0,FF,38,7F,05,00,
3063283,000000A1,false,Rx,0,8,6A,E6,B5,8A,D4,EC,A2,00,
3063624,000000A2,false,Rx,0,8,00,00,00,00,00,00,00,00,
3063717,000000A3,false,Rx,0,8,00,40,01,00,00,00,00,00,
3067451,0000010B,false,Rx,0,8,E9,1B,99,00,00,00,00,01,
3067988,0000010C,false,Rx,0,8,FF,01,00,00,43,48,44,44,
3068072,0000010D,false,Rx,0,8,B9,02,00,00,00,00,00,35,
3068131,0000010E,false,Rx,0,8,00,00,0A,00,00,00,00,00,
3068270,0000019B,false,Rx,0,8,E3,61,97,00,00,D4,00,00,
3068503,0000019C,false,Rx,0,8,40,20,00,00,00,00,0B,09,
3068760,0000019D,false,Rx,0,8,00,10,00,06,00,00,00,00,
3069002,0000019E,false,Rx,0,8,15,23,00,00,00,32,00,00,
3072669,000004A3,false,Rx,1,8,80,00,48,0B,3E,00,00,00,
3072765,000004A4,false,Rx,1,8,FF,FF,FF,00,00,00,00,00,
3074171,00000121,false,Rx,0,8,EA,A0,9A,00,00,00,00,01,
3074299,00000122,false,Rx,0,8,FF,01,00,00,44,44,44,44,
3074541,00000123,false,Rx,0,8,B9,02,00,00,00,00,00,35,
3074800,00000124,false,Rx,0,8,00,00,0A,00,00,00,00,00,
3076152,000004E5,false,Rx,0,8,5E,70,00,00,00,04,00,00,
3083614,00000036,false,Rx,0,8,4D,1B,9B,01,10,00,20,05,
3083709,00000037,false,Rx,0,8,02,00,00,10,00,40,00,00,
3084094,00000038,false,Rx,0,8,01,00,00,00,20,39,06,00,
3084425,00000039,false,Rx,0,8,00,00,00,00,00,00,00,00,
3091252,00000444,false,Rx,0,8,DD,D0,25,4E,00,00,00,00,
3091345,00000445,false,Rx,0,8,AF,E0,00,00,00,04,00,18,
3103528,000002BF,false,Rx,0,8,FF,FF,FF,00,00,00,00,00,
3103631,0000047F,false,Rx,0,8,FF,FF,FF,FF,FF,FF,FF,FF,
3103998,00000653,false,Rx,0,8,0A,19,03,01,02,2A,00,00,
3110870,000001AB,false,Rx,0,8,B1,52,6F,40,00,90,00,00,
3110964,000001AC,false,Rx,0,8,00,28,00,00,00,00,00,00,
3113715,000000A1,false,Rx,0,8,5A,CB,BA,8A,D4,EC,A2,00,
3113816,000000A2,false,Rx,0,8,00,00,00,00,00,00,00,00,
3114115,000000A3,false,Rx,0,8,00,40,01,00,00,00,00,00,
3116111,000004E5,false,Rx,0,8,5E,70,00,00,00,04,00,00,
3117183,0000010B,false,Rx,0,8,91,74,9E,00,00,00,00,01,
3117694,0000010C,false,Rx,0,8,FF,01,00,00,43,48,44,44,
3117811,0000010D,false,Rx,0,8,B7,02,00,00,00,00,00,35,
3118263,0000010E,false,Rx,0,8,00,00,0A,00,00,00,00,00,
3118556,0000019B,false,Rx,0,8,5B,60,9C,00,00,D4,00,00,
3118631,0000019C,false,Rx,0,8,40,20,00,00,00,00,0B,09,
3118913,0000019D,false,Rx,0,8,00,10,00,06,00,00,00,00,
3119031,0000019E,false,Rx,0,8,15,23,00,00,00,32,00,00,
3121075,00000444,false,Rx,0,8,45,E0,25,4E,04,00,00,00,
3124604,00000121,false,Rx,0,8,1E,7D,9F,00,00,00,00,01,
3124699,00000122,false,Rx,0,8,FF,01,00,00,44,44,44,44,
3125103,00000123,false,Rx,0,8,B7,02,00,00,00,00,00,35,
3125174,00000124,false,Rx,0,8,00,00,0A,00,00,00,00,00,
3125530,0000048B,false,Rx,0,8,CB,F2,00,1E,04,00,00,00,
3125677,0000048C,false,Rx,0,8,00,00,00,00,00,00,00,00,
3131185,00000445,false,Rx,0,8,AF,E0,00,00,00,04,00,18,
3133801,00000036,false,Rx,0,8,9B,47,A0,01,10,00,20,05,
3133906,00000037,false,Rx,0,8,02,00,00,10,00,40,00,00,
3134208,00000038,false,Rx,0,8,01,00,00,00,20,39,06,00,
3134320,00000039,false,Rx,0,8,00,00,00,00,00,00,00,00,
3134563,00000405,false,Rx,0,8,D2,10,00,00,00,01,00,00,
3138145,000001F1,false,Rx,0,8,2F,45,8C,01,00,00,28,00,
3138219,000001F2,false,Rx,0,8,00,00,00,00,00,00,00,00,
3138872,0000036F,false,Rx,0,8,47,11,01,00,00,00,00,00,
3139093,0000037F,false,Rx,0,8,4D,00,52,24,41,02,00,00,
3143815,000000C5,false,Rx,1,8,00,00,00,00,00,00,00,00,
3143910,00000244,false,Rx,1,8,00,00,00,00,00,00,00,00,
3143972,000004B4,false,Rx,1,8,01,00,0D,40,10,60,44,02,
3144518,000004B5,false,Rx,1,8,08,00,F0,07,00,00,00,00,
3144662,000004B7,false,Rx,1,8,08,00,F0,07,00,00,00,00,
3144890,000002AB,false,Rx,0,8,81,75,2A,0C,0C,00,00,00,
3145106,000004CA,false,Rx,1,8,00,00,00,00,00,00,00,00,
3145169,000004CC,false,Rx,1,8,08,00,00,2A,00,00,03,00,
3145226,000002AC,false,Rx,0,8,00,FF,FF,00,00,40,00,50,
3145616,000004CE,false,Rx,1,8,14,01,FF,FF,FF,FF,FF,FF,
3145928,000002AD,false,Rx,0,8,00,01,00,40,FF,FF,FF,0F,
3146025,000004D7,false,Rx,1,8,23,01,00,00,00,00,00,00,
3146089,000002AE,false,Rx,0,8,1E,0C,FF,3F,00,01,00,00,
3146156,000004D8,false,Rx,1,8,41,10,F6,F0,40,F2,1E,CC,
3146571,000002B6,false,Rx,0,8,7F,93,2A,00,00,00,00,40,
3146654,000004DD,false,Rx,1,8,00,00,FE,00,04,00,00,00,
3146826,000002EB,false,Rx,0,8,62,21,94,09,10,01,00,00,
3147029,000002B7,false,Rx,0,8,94,01,C1,04,00,04,00,00,
3147103,000004DF,false,Rx,1,8,00,00,08,00,00,00,00,00,
3147328,000002EC,false,Rx,0,8,02,00,00,00,00,00,00,00,
3147572,000002B8,false,Rx,0,8,B2,61,11,00,00,00,00,00,
3147754,000004E7,false,Rx,1,8,00,30,00,00,00,00,69,00,
3147808,000002ED,false,Rx,0,8,00,00,00,00,00,00,00,00,
3148021,000002B9,false,Rx,0,8,0A,00,00,00,00,00,00,00,
3148095,000004E8,false,Rx,1,8,FF,FF,FF,29,FF,FF,FF,00,
3148258,000002EE,false,Rx,0,8,00,00,00,00,00,00,00,00,
3148529,000002D6,false,Rx,0,8,63,B5,94,00,00,00,00,00,
3148698,000004E9,false,Rx,1,8,00,00,00,00,00,00,00,00,
3148777,0000033B,false,Rx,0,8,17,3C,2A,00,00,00,00,00,
3149365,000002D7,false,Rx,0,8,00,00,03,03,03,00,00,00,
3149527,000004EA,false,Rx,1,8,00,00,00,00,00,00,00,00,
3149615,0000033C,false,Rx,0,8,00,00,00,00,F0,00,00,00,
3149659,000002D8,false,Rx,0,8,00,00,00,00,00,00,38,44,
3149728,000004EB,false,Rx,1,8,04,68,2B,07,00,00,00,00,
3149772,0000033D,false,Rx,0,8,00,00,00,00,00,00,00,00,
3150037,000002D9,false,Rx,0,8,00,00,00,00,00,00,00,00,
3150116,000004EC,false,Rx,1,8,FF,FF,FF,FF,FF,FF,FF,0F,
3150267,0000033E,false,Rx,0,8,00,00,00,00,00,00,00,00,
3150474,000002E1,false,Rx,0,8,36,79,2A,00,00,00,00,00,
3150545,000004ED,false,Rx,1,8,FF,FF,FF,FF,FF,FF,FF,1F,
3150765,00000356,false,Rx,0,8,B8,8B,95,00,00,00,00,00,
3150980,000002E2,false,Rx,0,8,95,00,00,00,00,7E,00,04,
3151054,000004EE,false,Rx,1,8,FF,FF,00,00,00,00,00,00,
3151210,00000357,false,Rx,0,8,00,00,00,00,00,4B,4D,48,
3151483,000002E3,false,Rx,0,8,00,00,00,00,00,00,72,01,
3151560,000004EF,false,Rx,1,8,60,00,60,00,29,14,00,00,
3151747,000002FF,false,Rx,0,8,83,B9,00,F0,3F,00,00,00,
3151933,000002E4,false,Rx,0,8,02,00,00,00,00,00,00,00,
3152005,0000063D,false,Rx,1,8,00,80,00,00,00,00,00,00,
3152158,00000358,false,Rx,0,8,35,41,45,4D,52,37,33,4F,
3152491,0000063E,false,Rx,1,8,FF,FF,FF,FF,FF,FF,FF,FF,
3152630,00000359,false,Rx,0,8,51,4F,34,52,4A,35,33,00,
3152998,0000063F,false,Rx,1,8,00,10,00,C4,FF,00,00,00,
3153122,00000061,false,Rx,0,8,9F,82,BE,00,00,05,00,00,
3153485,00000640,false,Rx,1,8,FF,FF,FF,00,FF,FF,FF,00,
3153639,00000062,false,Rx,0,8,02,02,00,01,40,FF,00,FF,
3153965,00000641,false,Rx,1,8,FF,FF,FF,FF,0F,FF,FF,FF,
3154086,00000063,false,Rx,0,8,C8,00,15,00,00,08,FF,00,
3154477,00000646,false,Rx,1,8,00,00,00,80,01,00,00,00,
3154578,00000064,false,Rx,0,8,04,00,00,04,FF,FA,00,00,
3156100,00000444,false,Rx,0,8,8B,00,20,4E,05,00,00,00,
3156343,000004E5,false,Rx,0,8,5E,70,00,00,00,04,00,00,
3156844,00000475,false,Rx,0,8,12,00,00,00,00,00,00,00,
3157332,00000496,false,Rx,0,8,12,00,00,00,00,00,00,00,
3158342,00000401,false,Rx,0,8,69,E0,10,00,00,00,00,00,
3158567,00000563,false,Rx,1,8,65,02,00,00,00,00,FF,FF,
3158831,00000111,false,Rx,0,8,2B,8B,E4,01,00,00,00,00,
3159157,00000410,false,Rx,0,8,A3,90,53,3C,B4,6A,FF,FF,
3159617,00000112,false,Rx,0,8,00,00,00,00,00,00,00,00,
3159683,00000411,false,Rx,0,8,BD,71,50,50,00,00,44,05,
3159819,00000113,false,Rx,0,8,00,00,00,00,00,00,00,00,
3160037,00000412,false,Rx,0,8,F1,00,00,00,00,00,04,00,
3160300,00000114,false,Rx,0,8,00,00,00,00,00,00,00,00,
3160591,00000413,false,Rx,0,8,F5,10,00,41,00,00,00,00,
3161114,00000414,false,Rx,0,8,87,A0,00,00,28,00,00,00,
3161261,0000048F,false,Rx,0,8,AD,10,41,00,05,00,00,00,
3161514,00000416,false,Rx,0,8,55,00,00,00,00,00,00,00,
3162237,00000417,false,Rx,0,8,D0,20,00,00,00,01,00,00,
3162553,00000418,false,Rx,0,8,18,00,00,00,14,4C,00,00,
3162988,00000419,false,Rx,0,8,84,20,EE,DA,99,7B,84,00,
3163718,000000A1,false,Rx,0,8,55,20,BF,8A,D4,EC,A2,00,
3163970,000000A2,false,Rx,0,8,00,00,00,00,00,00,00,00,
3164229,000000A3,false,Rx,0,8,00,40,01,00,00,00,00,00,
3168353,0000019B,false,Rx,0,8,88,EB,A1,00,00,E4,00,00,
3168549,0000019C,false,Rx,0,8,40,20,00,00,00,00,0B,09,
3168782,0000019D,false,Rx,0,8,00,10,00,06,00,00,00,00,
3169027,0000019E,false,Rx,0,8,15,23,00,00,00,32,00,00,
3170936,00000474,false,Rx,0,8,50,B5,00,00,00,00,00,02,
3171103,00000445,false,Rx,0,8,AF,E0,00,00,00,04,00,18,
3173951,00000405,false,Rx,0,8,D2,10,00,00,00,01,00,00,
3183741,00000036,false,Rx,0,8,E4,6B,A5,01,10,00,20,05,
3183836,00000037,false,Rx,0,8,02,00,00,10,00,40,00,00,
3184260,00000038,false,Rx,0,8,01,00,00,00,20,39,06,00,
3184610,00000039,false,Rx,0,8,00,00,00,00,00,00,00,00,
3186095,00000444,false,Rx,0,8,4C,10,30,4F,05,00,00,00,
3188213,00000401,false,Rx,0,8,F6,00,10,00,00,01,00,00,
3190892,000002FF,false,Rx,0,8,83,B9,00,F0,3F,00,00,00,
3191072,000003E0,false,Rx,0,8,F8,80,01,00,10,04,00,00,
3191369,000003E5,false,Rx,0,8,48,40,01,00,00,00,00,00,
3195394,000003AA,false,Rx,0,8,FF,00,D0,00,54,00,00,00,
3200998,0000041A,false,Rx,0,8,24,40,12,00,50,00,00,00,
3202286,0000030B,false,Rx,0,8,2C,ED,2A,00,04,00,00,00,
3202701,0000030C,false,Rx,0,8,00,00,0C,23,2C,00,A0,0F,
3202767,0000030D,false,Rx,0,8,00,00,00,00,42,00,00,00,
3203038,0000030E,false,Rx,0,8,00,00,28,05,21,00,00,0A,
3203272,00000061,false,Rx,0,8,8B,3A,C3,00,00,05,00,00,
3203554,000001FB,false,Rx,0,8,6A,0A,00,00,00,00,00,00,
3203766,00000062,false,Rx,0,8,02,02,00,01,40,FF,00,FF,
3204029,000001FC,false,Rx,0,8,00,00,00,00,00,00,00,00,
3204254,00000063,false,Rx,0,8,C8,00,15,00,00,08,FF,00,
3204548,000001FD,false,Rx,0,8,00,00,0F,00,00,00,00,00,
3204761,00000064,false,Rx,0,8,04,00,00,04,FF,FA,00,00,
3205008,000001FE,false,Rx,0,8,00,00,00,00,00,00,00,00,
3205248,00000495,false,Rx,0,8,49,00,00,00,00,00,00,00,
3210524,000001AB,false,Rx,0,8,F4,F8,74,40,70,90,00,00,
3210718,000001AC,false,Rx,0,8,00,28,00,00,00,00,00,00,
3210960,00000474,false,Rx,0,8,F0,07,00,00,00,00,00,04,
3212729,000001A1,false,Rx,0,8,C6,03,01,FE,F7,7F,64,00,
3212892,0000011B,false,Rx,0,8,D1,F5,03,05,80,08,A8,02,
3213134,0000012B,false,Rx,0,8,96,0F,03,06,00,00,08,00,
3213387,0000011C,false,Rx,0,8,00,05,20,00,22,00,01,01,
3213626,0000012C,false,Rx,0,8,00,00,01,00,00,64,00,00,
3213861,000000A1,false,Rx,0,8,F1,00,C4,8A,D4,EC,A2,00,
3214115,000001A2,false,Rx,0,8,30,00,00,00,14,08,00,00,
3214353,000000A2,false,Rx,0,8,00,00,00,00,00,00,00,00,
3214636,000001A3,false,Rx,0,8,FF,F3,3F,05,05,00,00,00,
3214849,000000A3,false,Rx,0,8,00,40,01,00,00,00,00,00,
3215096,000001A4,false,Rx,0,8,FE,07,00,00,00,00,00,00,
3215335,00000405,false,Rx,0,8,D2,10,00,00,00,01,00,00,
3215623,00000448,false,Rx,0,8,7F,00,00,00,00,00,00,00,
3215849,00000417,false,Rx,0,8,E6,30,00,00,00,00,00,00,
3216099,00000444,false,Rx,0,8,9C,20,30,4F,05,04,00,00,
3218244,00000401,false,Rx,0,8,F6,00,10,00,00,01,00,00,
3218420,0000019B,false,Rx,0,8,7B,75,A6,00,00,E4,00,00,
3218817,0000019C,false,Rx,0,8,40,20,00,00,00,00,0B,09,
3219141,0000019D,false,Rx,0,8,00,10,00,06,00,00,00,00,
3219228,0000019E,false,Rx,0,8,15,23,00,00,00,32,00,00,
3222659,00000161,false,Rx,0,8,47,97,02,03,00,00,00,02,
3222808,00000162,false,Rx,0,8,FF,FC,01,00,00,00,00,00,
3224016,00000419,false,Rx,0,8,6D,30,EE,DA,F1,67,84,00,
3226036,000004E5,false,Rx,0,8,F1,80,00,00,00,00,00,00,
3231114,000003E0,false,Rx,0,8,F8,80,01,00,10,04,00,00,
3231210,00000226,false,Rx,0,8,BC,30,19,FF,FB,20,09,42,
3231356,000002FF,false,Rx,0,8,83,B9,00,F0,3F,00,00,00,
3231670,00000227,false,Rx,0,8,02,C4,07,09,00,F1,FF,07,
3232264,00000316,false,Rx,0,8,C9,7E,0E,B4,0F,80,0A,00,
3232374,000003E5,false,Rx,0,8,48,40,01,00,00,00,00,00,
3232456,00000317,false,Rx,0,8,00,00,05,00,00,00,00,00,
3232565,00000472,false,Rx,0,8,5C,EC,00,40,08,41,00,45,
3232994,00000473,false,Rx,0,8,5F,24,00,25,00,00,00,78,
3233112,00000474,false,Rx,0,8,F0,07,00,00,00,00,00,04,
3233329,000001E1,false,Rx,0,8,73,E1,01,02,00,00,00,00,
3233595,000001E2,false,Rx,0,8,00,00,00,00,00,00,00,00,
3235731,00000487,false,Rx,1,8,00,00,00,00,00,00,00,00,
3235829,000004F0,false,Rx,1,8,4A,0D,2B,08,5C,1A,11,02,
3236119,00000642,false,Rx,1,8,FF,FF,FF,FF,FF,FF,00,00,
3239308,0000036F,false,Rx,0,8,91,21,01,00,00,00,00,00,
3239434,0000037F,false,Rx,0,8,F4,10,52,24,41,02,00,00,
3240758,0000010B,false,Rx,0,8,3A,E5,01,00,00,00,00,00,
3240853,0000010C,false,Rx,0,8,61,00,00,00,28,28,28,28,
3241132,000003A1,false,Rx,0,8,45,98,3B,00,FF,FF,FF,FF,
3241353,0000010D,false,Rx,0,8,56,02,00,00,00,00,00,35,
3241563,000003A2,false,Rx,0,8,00,00,00,00,00,00,00,00,
3241813,0000010E,false,Rx,0,8,00,00,00,00,00,00,00,00,
3242063,0000041A,false,Rx,0,8,24,40,12,00,50,00,00,00,
3251506,00000474,false,Rx,0,8,F0,07,00,00,00,00,00,04,
3253530,00000061,false,Rx,0,8,33,3B,C8,00,00,05,00,00,
3253638,00000062,false,Rx,0,8,02,02,00,01,40,FF,00,FF,
3253833,00000063,false,Rx,0,8,C8,00,15,00,00,08,FF,00,
3253998,00000064,false,Rx,0,8,04,00,00,04,FF,FA,00,00,
3254401,00000417,false,Rx,0,8,E6,30,00,00,00,00,00,00,
3255118,00000565,false,Rx,0,8,66,02,00,00,00,00,FF,FF,
3255955,000000FF,false,Rx,0,8,CB,10,00,00,00,00,02,00,
3256715,00000394,false,Rx,0,8,2A,22,1A,49,00,00,00,00,
3256804,000003C3,false,Rx,0,8,45,10,31,30,36,00,00,00,
3257215,00000121,false,Rx,0,8,D6,F4,02,00,00,00,00,00,
3257555,00000122,false,Rx,0,8,8A,00,00,00,28,28,28,28,
3257618,000003E6,false,Rx,0,8,A1,40,00,00,00,00,00,00,
3257887,00000123,false,Rx,0,8,93,02,00,00,00,00,00,35,
3258404,0000041B,false,Rx,0,8,BE,70,00,00,00,00,00,00,
3258471,00000124,false,Rx,0,8,00,00,0A,00,00,00,00,00,
3258671,0000041C,false,Rx,0,8,84,D0,E8,00,00,00,00,00,
3259073,00000401,false,Rx,0,8,F6,00,10,00,00,01,00,00,
3259463,00000422,false,Rx,0,8,FA,20,01,00,00,00,04,00,
3260509,00000432,false,Rx,0,8,03,20,02,00,00,00,00,00,
3260833,00000435,false,Rx,0,8,B5,D0,00,50,00,00,00,FF,
3260904,00000442,false,Rx,0,8,CE,20,11,81,00,00,00,00,
3260951,00000444,false,Rx,0,8,9C,20,30,4F,05,04,00,00,
3261280,00000445,false,Rx,0,8,AF,E0,00,00,00,04,00,18,
3261661,00000464,false,Rx,0,8,6C,30,F0,FF,38,7F,05,00,
3263358,0000011B,false,Rx,0,8,19,0C,08,05,80,08,A8,02,
3263465,0000012B,false,Rx,0,8,5E,F6,08,06,00,00,08,00,
3263515,0000011C,false,Rx,0,8,00,05,20,00,22,00,01,01,
3264009,0000012C,false,Rx,0,8,00,00,01,00,00,64,00,00,
3264067,000000A1,false,Rx,0,8,C7,43,C9,8A,D4,EC,A2,00,
3264110,000000A2,false,Rx,0,8,00,00,00,00,00,00,00,00,
3264206,000000A3,false,Rx,0,8,00,40,01,00,00,00,00,00,
3264594,00000419,false,Rx,0,8,6F,40,90,CD,F1,67,84,00,
3266144,000004E5,false,Rx,0,8,F1,80,00,00,00,00,00,00,
3268642,0000019B,false,Rx,0,8,76,B3,AB,00,00,E4,00,00,
3268731,0000019C,false,Rx,0,8,40,20,00,00,00,00,0B,09,
3269030,0000019D,false,Rx,0,8,00,10,00,06,00,00,00,00,
3269179,0000019E,false,Rx,0,8,15,23,00,00,00,32,00,00,
3271342,000003E0,false,Rx,0,8,F8,80,01,00,10,04,00,00,
3271552,000003E5,false,Rx,0,8,48,40,01,00,00,00,00,00,
3271613,00000474,false,Rx,0,8,90,69,00,00,00,00,00,06,
3275845,00000036,false,Rx,0,8,D3,F1,04,01,10,00,30,05,
3275985,000004A3,false,Rx,1,8,80,00,48,0B,3E,00,00,00,
3276041,00000037,false,Rx,0,8,00,00,00,10,00,40,00,00,
3276104,000004A4,false,Rx,1,8,FF,FF,FF,00,00,00,00,00,
3276147,00000038,false,Rx,0,8,02,01,00,00,20,39,01,00,
3276193,000004F0,false,Rx,1,8,4A,0D,2B,08,5C,1A,11,02,
3276262,00000039,false,Rx,0,8,09,00,00,00,00,00,00,00,
3281111,0000041A,false,Rx,0,8,24,40,12,00,50,00,00,00,
3286221,00000444,false,Rx,0,8,AA,30,30,4F,05,05,00,00,
3286317,00000445,false,Rx,0,8,B9,00,00,00,00,00,00,18,
3288373,000001F1,false,Rx,0,8,62,AD,8F,01,00,00,28,00,
3288495,000001F2,false,Rx,0,8,00,00,00,00,00,00,00,00,
3290682,0000010B,false,Rx,0,8,AA,1A,06,00,00,00,00,00,
3290878,0000010C,false,Rx,0,8,0B,01,00,00,28,28,28,28,
3291120,0000010D,false,Rx,0,8,90,02,00,00,00,00,00,35,
3291381,0000010E,false,Rx,0,8,00,00,00,00,00,00,00,00,
3294194,00000417,false,Rx,0,8,E6,30,00,00,00,00,00,00,
3295533,000000C7,false,Rx,1,8,00,00,00,00,00,00,00,00,
3302968,00000251,false,Rx,0,8,F4,DB,00,00,00,00,00,00,
3303064,00000061,false,Rx,0,8,4C,17,CD,00,00,05,00,00,
3303332,00000252,false,Rx,0,8,00,00,03,03,03,00,00,00,
3303585,00000062,false,Rx,0,8,02,02,00,01,40,FF,00,FF,
3303820,00000253,false,Rx,0,8,00,00,00,00,00,00,80,28,
3304053,00000063,false,Rx,0,8,C8,00,15,00,00,08,FF,00,
3304310,000002BF,false,Rx,0,8,FF,FF,FF,00,00,00,00,00,
3304553,00000064,false,Rx,0,8,04,00,00,04,FF,FA,00,00,
3304828,00000419,false,Rx,0,8,6F,40,90,CD,F1,67,84,00,
3305039,0000047F,false,Rx,0,8,FF,FF,FF,FF,FF,FF,FF,FF,
3305314,00000653,false,Rx,0,8,0A,19,03,01,02,2A,00,00,
3305738,00000244,false,Rx,1,8,00,00,00,00,00,00,00,00,
3305981,000004E5,false,Rx,0,8,F1,80,00,00,00,00,00,00,
3306225,000004E8,false,Rx,1,8,FF,FF,FF,29,FF,FF,FF,00,
3306709,00000646,false,Rx,1,8,00,00,00,80,01,00,00,00,
3306784,000002C1,false,Rx,0,8,55,C8,01,00,00,41,00,A1,
3307241,00000121,false,Rx,0,8,D7,CA,07,02,00,00,00,00,
3307632,000002C2,false,Rx,0,8,40,00,00,00,00,00,00,00,
3307732,00000122,false,Rx,0,8,23,01,00,00,28,28,28,28,
3307973,000002C3,false,Rx,0,8,00,00,00,00,00,00,00,00,
3308373,00000123,false,Rx,0,8,90,02,00,00,00,00,00,35,
3308714,000002C4,false,Rx,0,8,00,00,00,00,00,00,00,00,
3309199,00000124,false,Rx,0,8,00,00,0A,00,00,00,00,00,
3312095,000001AB,false,Rx,0,8,87,C1,79,40,70,90,00,00,
3312539,000001AC,false,Rx,0,8,00,28,00,00,00,00,00,00,
3312665,00000474,false,Rx,0,8,91,72,00,00,00,00,00,08,
3313000,000001A1,false,Rx,0,8,56,9D,06,FE,F7,7F,64,00,
3313156,0000011B,false,Rx,0,8,EF,24,0D,05,80,08,A8,02,
3313677,0000012B,false,Rx,0,8,A8,DE,0D,06,00,00,08,00,
3313746,0000011C,false,Rx,0,8,00,05,20,00,22,00,01,01,
3313801,0000012C,false,Rx,0,8,00,00,01,00,00,64,00,00,
3313883,000000A1,false,Rx,0,8,CE,C6,CE,8A,D4,EC,A2,00,
3314149,000001A2,false,Rx,0,8,00,00,00,00,00,08,00,00,
3314395,000000A2,false,Rx,0,8,00,00,00,00,00,00,00,00,
3314626,000001A3,false,Rx,0,8,FF,F3,3F,00,00,00,00,00,
3314859,000000A3,false,Rx,0,8,00,40,01,00,00,00,00,00,
3315100,000001A4,false,Rx,0,8,FE,07,00,00,00,00,00,00,
3315458,00000256,false,Rx,0,8,2F,67,00,01,01,00,00,00,
3315604,000002E6,false,Rx,0,8,86,A3,00,01,00,00,00,15,
3315844,00000257,false,Rx,0,8,00,6B,00,00,7E,00,01,68,
3316185,000002E7,false,Rx,0,8,0A,00,00,00,00,00,00,00,
3316552,00000258,false,Rx,0,8,00,B1,15,00,10,15,00,28,
3317142,000002E8,false,Rx,0,8,00,00,00,00,00,00,00,00,
3317291,00000259,false,Rx,0,8,54,03,11,3C,B4,01,00,00,
3318005,000004F0,false,Rx,1,8,4A,0D,2B,08,5C,1A,11,02,
3318375,000002E9,false,Rx,0,8,00,00,00,00,00,00,00,00,
3318810,0000019B,false,Rx,0,8,0B,76,B0,00,00,E4,00,00,
3318867,0000019C,false,Rx,0,8,40,20,00,00,00,00,0B,09,
3318983,0000019D,false,Rx,0,8,00,10,00,06,00,00,00,00,
3319355,0000019E,false,Rx,0,8,15,23,00,00,00,32,00,00,
3322746,00000161,false,Rx,0,8,B1,BF,07,03,00,00,00,02,
3322874,00000162,false,Rx,0,8,FF,FC,01,00,00,00,00,00,
3325687,00000036,false,Rx,0,8,AA,F6,09,01,10,00,30,05,
3325784,00000037,false,Rx,0,8,00,00,00,10,00,40,00,40,
3326212,00000038,false,Rx,0,8,02,01,00,00,20,39,01,00,
3326298,00000444,false,Rx,0,8,AA,30,30,4F,05,05,00,00,
3326593,00000039,false,Rx,0,8,09,00,00,00,00,00,00,00,
3326997,00000445,false,Rx,0,8,B9,00,00,00,00,00,00,18,
3329215,00000419,false,Rx,0,8,D2,50,90,CD,D5,67,84,00,
3338071,000000C7,false,Rx,1,8,00,00,00,00,00,00,00,00,
3339108,0000036F,false,Rx,0,8,28,31,01,00,00,00,00,00,
3339220,0000037F,false,Rx,0,8,22,20,52,24,41,02,00,00,
3340962,0000010B,false,Rx,0,8,6C,98,0B,00,00,00,00,00,
3341435,0000010C,false,Rx,0,8,6F,01,00,00,30,48,33,44,
3341539,0000010D,false,Rx,0,8,8E,02,00,00,00,00,00,35,
3341852,0000010E,false,Rx,0,8,00,00,0A,00,00,00,00,00,
3347050,0000033B,false,Rx,0,8,A2,FB,2C,00,00,00,00,00,
3347154,0000033C,false,Rx,0,8,00,00,00,00,F0,00,00,00,
3347528,0000033D,false,Rx,0,8,00,00,00,00,00,00,00,00,
3347672,00000356,false,Rx,0,8,72,60,96,00,00,00,00,00,
3348122,0000033E,false,Rx,0,8,00,00,00,00,00,00,00,00,
3348196,00000357,false,Rx,0,8,00,00,00,00,00,4B,4D,48,
3348280,000000C5,false,Rx,1,8,00,00,00,00,00,00,00,00,
3348359,00000566,false,Rx,0,8,16,02,00,00,00,00,FF,FF,
3348625,00000244,false,Rx,1,8,00,00,00,00,00,00,00,00,
3348918,00000358,false,Rx,0,8,35,41,45,4D,52,37,33,4F,
3349399,000004B4,false,Rx,1,8,01,00,0D,40,10,60,44,02,
3349491,00000359,false,Rx,0,8,51,4F,34,52,4A,35,33,00,
3349609,000004B5,false,Rx,1,8,08,00,F0,07,00,00,00,00,
3350768,000004B7,false,Rx,1,8,08,00,F0,07,00,00,00,00,
3350915,000004CA,false,Rx,1,8,00,00,00,00,00,00,00,00,
3351078,000004CC,false,Rx,1,8,08,00,00,2A,00,00,03,00,
3351593,000004CE,false,Rx,1,8,14,01,FF,FF,FF,FF,FF,FF,
3351848,00000474,false,Rx,0,8,91,72,00,00,00,00,00,08,
3351973,000004D7,false,Rx,1,8,23,01,00,00,00,00,00,00,
3352042,000004D8,false,Rx,1,8,41,10,F6,F0,40,F2,1E,CC,
3352570,000004DD,false,Rx,1,8,00,00,FE,00,04,00,00,00,
3352862,000004DF,false,Rx,1,8,00,00,08,00,00,00,00,00,
3353102,000004E7,false,Rx,1,8,00,30,00,00,00,00,69,00,
3353496,000004E8,false,Rx,1,8,FF,FF,FF,29,FF,FF,FF,00,
3354097,00000061,false,Rx,0,8,08,A7,D2,00,00,05,00,00,
3354952,000004E9,false,Rx,1,8,00,00,00,00,00,00,00,00,
3355331,00000062,false,Rx,0,8,02,02,00,01,40,FF,00,FF,
3355441,000004EA,false,Rx,1,8,00,00,00,00,00,00,00,00,
3355527,00000063,false,Rx,0,8,C8,00,15,00,00,08,FF,00,
3355583,000004EB,false,Rx,1,8,04,68,2B,08,00,00,00,00,
3355628,00000064,false,Rx,0,8,04,00,00,04,FF,FA,00,00,
3355710,000004EC,false,Rx,1,8,FF,FF,FF,FF,FF,FF,FF,0F,
3355769,000004ED,false,Rx,1,8,FF,FF,FF,FF,FF,FF,FF,1F,
3355818,000004EE,false,Rx,1,8,FF,FF,00,00,00,00,00,00,
3355876,000004EF,false,Rx,1,8,60,00,60,00,29,14,00,00,
3355929,0000063D,false,Rx,1,8,00,80,00,00,00,00,00,00,
3356486,0000063E,false,Rx,1,8,FF,FF,FF,FF,FF,FF,FF,FF,
3356958,0000063F,false,Rx,1,8,00,10,00,C4,FF,00,00,00,
3357275,00000475,false,Rx,0,8,12,00,00,00,00,00,00,00,
3357527,00000640,false,Rx,1,8,FF,FF,FF,00,FF,FF,FF,00,
3358227,00000121,false,Rx,0,8,B1,A2,0C,00,00,00,00,00,
3358437,00000496,false,Rx,0,8,12,00,00,00,00,00,00,00,
3358561,00000641,false,Rx,1,8,FF,FF,FF,FF,0F,FF,FF,FF,
3358631,00000122,false,Rx,0,8,7D,01,00,00,3D,44,40,44,
3358726,00000646,false,Rx,1,8,00,00,00,80,01,00,00,00,
3358780,00000111,false,Rx,0,8,6D,D2,E5,01,00,00,00,00,
3358823,00000123,false,Rx,0,8,8E,02,00,00,00,00,00,35,
3358874,00000112,false,Rx,0,8,00,00,00,00,00,00,00,00,
3358951,00000124,false,Rx,0,8,00,00,0A,00,00,00,00,00,
3359343,00000113,false,Rx,0,8,00,00,00,00,00,00,00,00,
3359467,00000401,false,Rx,0,8,F6,00,10,00,00,01,00,00,
3359703,00000114,false,Rx,0,8,00,00,00,00,00,00,00,00,
3359949,00000405,false,Rx,0,8,D2,10,00,00,00,01,00,00,
3360191,00000413,false,Rx,0,8,F5,10,00,41,00,00,00,00,
3360543,00000410,false,Rx,0,8,A3,90,53,3C,B4,6A,FF,FF,
3360681,00000414,false,Rx,0,8,87,A0,00,00,28,00,00,00,
3361007,00000411,false,Rx,0,8,BD,71,50,50,00,00,44,05,
3361468,00000416,false,Rx,0,8,55,00,00,00,00,00,00,00,
3361778,00000412,false,Rx,0,8,F1,00,00,00,00,00,04,00,
3362227,00000417,false,Rx,0,8,E6,30,00,00,00,00,00,00,
3362322,00000418,false,Rx,0,8,18,00,00,00,14,4C,00,00,
3363010,0000011B,false,Rx,0,8,FF,7E,12,05,80,08,A8,02,
3363502,0000012B,false,Rx,0,8,B8,84,12,06,00,00,08,00,
3363560,0000011C,false,Rx,0,8,00,05,20,00,22,00,01,01,
3363739,0000012C,false,Rx,0,8,00,00,01,00,00,64,00,00,
3364144,000000A1,false,Rx,0,8,AB,C5,D3,8A,D4,EC,A2,00,
3364689,000000A2,false,Rx,0,8,00,00,00,00,00,00,00,00,
3364932,000000A3,false,Rx,0,8,00,40,01,00,00,00,00,00,
3366143,00000444,false,Rx,0,8,AA,30,30,4F,05,05,00,00,
3366471,00000445,false,Rx,0,8,B9,00,00,00,00,00,00,18,
3368529,0000019B,false,Rx,0,8,74,5A,B5,00,00,E4,00,00,
3368660,0000019C,false,Rx,0,8,40,20,00,00,00,00,0B,09,
3369047,0000019D,false,Rx,0,8,00,10,00,06,00,00,00,00,
3369282,0000019E,false,Rx,0,8,15,23,00,00,00,32,00,00,
3369424,00000419,false,Rx,0,8,CE,60,93,CD,D5,67,84,00,
3371671,00000474,false,Rx,0,8,F1,1C,00,00,00,00,00,0A,
3375542,00000036,false,Rx,0,8,59,68,0E,01,10,00,30,05,
3375895,00000037,false,Rx,0,8,00,00,00,10,00,40,00,40,
3375990,00000038,false,Rx,0,8,02,01,00,00,20,39,01,00,
3376492,00000039,false,Rx,0,8,09,00,00,00,00,00,00,00,
3378959,000000C7,false,Rx,1,8,00,00,00,00,00,00,00,00,
3383274,000001E1,false,Rx,0,8,85,C9,04,02,00,00,00,00,
3383375,000001E2,false,Rx,0,8,00,00,00,00,00,00,00,00,
3388856,000004E8,false,Rx,1,8,FF,FF,FF,29,FF,FF,FF,00,
3390975,0000010B,false,Rx,0,8,57,2B,10,00,00,00,00,00,
3391070,0000010C,false,Rx,0,8,AA,01,00,00,43,48,44,44,
3391142,0000010D,false,Rx,0,8,8C,02,00,00,00,00,00,35,
3391522,0000010E,false,Rx,0,8,00,00,0A,00,00,00,00,00,
3395531,000003AA,false,Rx,0,8,FF,00,D0,00,54,00,00,00,
3402276,0000030B,false,Rx,0,8,99,2A,2C,00,04,00,00,00,
3402621,0000030C,false,Rx,0,8,00,00,0C,23,2C,00,A0,0F,
3402803,0000030D,false,Rx,0,8,00,00,00,00,42,00,00,00,
3402994,0000030E,false,Rx,0,8,00,00,28,05,21,00,00,0A,
3403224,00000061,false,Rx,0,8,77,8B,D7,00,00,05,00,00,
3403480,000001FB,false,Rx,0,8,64,91,02,00,00,00,00,00,
3403718,00000062,false,Rx,0,8,02,02,00,01,40,FF,00,FF,
3403974,000001FC,false,Rx,0,8,00,00,00,00,00,00,00,00,
3404209,00000063,false,Rx,0,8,C8,00,15,00,00,08,FF,00,
3404464,000001FD,false,Rx,0,8,00,1A,03,00,00,00,00,00,
3404703,00000064,false,Rx,0,8,04,00,00,04,FF,FA,00,00,
3404971,000001FE,false,Rx,0,8,00,00,00,00,00,00,00,00,
3405192,00000396,false,Rx,0,8,8E,42,00,0B,00,DC,FF,00,
3405442,00000495,false,Rx,0,8,49,00,00,00,00,00,00,00,
3405678,00000397,false,Rx,0,8,31,00,00,00,00,00,00,00,
3405973,00000398,false,Rx,0,8,00,00,00,00,00,00,00,00,
3406230,000002AB,false,Rx,0,8,2A,1E,02,0C,0C,00,00,00,
3406511,000002AC,false,Rx,0,8,00,FF,FF,00,00,40,00,50,
3406772,000002AD,false,Rx,0,8,00,01,00,40,FF,FF,FF,0F,
3407026,000002AE,false,Rx,0,8,00,00,FF,3F,00,01,00,00,
3407253,00000121,false,Rx,0,8,4E,DA,11,00,00,00,00,00,
3407674,000002B6,false,Rx,0,8,2D,1F,02,00,01,00,00,40,
3407976,00000122,false,Rx,0,8,B3,01,00,00,44,44,44,44,
3408084,000002B7,false,Rx,0,8,00,00,00,00,00,04,00,00,
3408303,00000123,false,Rx,0,8,8C,02,00,00,00,00,00,35,
3408497,000002B8,false,Rx,0,8,00,00,00,00,00,00,00,00,
3408721,00000124,false,Rx,0,8,00,00,0A,00,00,00,00,00,
3408984,000002B9,false,Rx,0,8,0A,00,00,00,00,00,00,00,
3409204,00000419,false,Rx,0,8,CE,60,93,CD,D5,67,84,00,
3409454,000002E1,false,Rx,0,8,A1,5A,02,00,00,00,00,00,
3409701,000002D6,false,Rx,0,8,0F,A9,00,00,00,00,00,00,
3409935,000002EB,false,Rx,0,8,6E,D5,00,09,00,DC,FF,00,
3410224,000002D7,false,Rx,0,8,00,00,00,00,03,00,00,00,
3410443,000000C7,false,Rx,1,8,00,00,00,E0,07,00,00,00,
3410499,000002EC,false,Rx,0,8,12,00,00,00,00,00,00,00,
3410755,000002D8,false,Rx,0,8,00,00,00,00,00,00,38,28,
3411187,000002D9,false,Rx,0,8,00,00,00,00,00,00,00,00,
3411488,000001AB,false,Rx,0,8,18,A9,7E,40,70,90,00,00,
3411661,000002E2,false,Rx,0,8,00,00,00,00,00,7E,00,04,
3411915,000001AC,false,Rx,0,8,00,28,00,00,00,00,00,00,
3412160,000002E3,false,Rx,0,8,00,00,00,00,00,00,72,01,
3412449,000002ED,false,Rx,0,8,00,00,00,00,00,00,00,00,
3412665,000002E4,false,Rx,0,8,02,00,00,00,00,00,00,00,
3412911,000001A1,false,Rx,0,8,5B,5B,0B,FE,F7,7F,64,00,
3413128,0000011B,false,Rx,0,8,09,56,17,05,80,08,A8,02,
3413372,0000012B,false,Rx,0,8,4E,AC,17,06,00,00,08,00,
3413615,0000011C,false,Rx,0,8,00,05,20,00,22,00,01,01,
3413870,0000012C,false,Rx,0,8,00,00,01,00,00,64,00,00,
3414074,000000A1,false,Rx,0,8,97,34,D8,8A,D4,EC,A2,00,
3414339,000001A2,false,Rx,0,8,00,00,00,00,00,08,00,00,
3414588,000000A2,false,Rx,0,8,00,00,00,00,00,00,00,00,
3414827,000001A3,false,Rx,0,8,FF,F3,3F,00,00,00,00,00,
3415120,000000A3,false,Rx,0,8,00,40,01,00,00,00,00,00,
3415322,000001A4,false,Rx,0,8,FE,07,00,00,00,00,00,00,
3415565,000002EE,false,Rx,0,8,00,00,00,00,00,00,00,00,
3415809,000003B6,false,Rx,0,8,CF,AD,00,00,00,00,00,44,
3416076,00000448,false,Rx,0,8,7F,00,00,00,00,00,00,00,
3416305,000003B7,false,Rx,0,8,43,00,00,00,00,00,00,00,
3416543,00000474,false,Rx,0,8,51,AE,00,00,00,00,00,0C,
3416790,000003B8,false,Rx,0,8,6F,02,00,00,00,00,69,0E,
3417049,000003B9,false,Rx,0,8,00,00,00,00,00,00,00,00,
3418442,0000019B,false,Rx,0,8,F5,2E,BA,00,00,E4,00,00,
3418545,0000019C,false,Rx,0,8,40,20,00,00,00,00,0B,09,
3418827,0000019D,false,Rx,0,8,00,10,00,06,00,00,00,00,
3419052,0000019E,false,Rx,0,8,15,23,00,00,00,32,00,00,
3422610,00000161,false,Rx,0,8,79,46,0C,03,00,00,00,02,
3422873,00000162,false,Rx,0,8,FF,FC,01,00,00,00,00,00,
3425572,00000036,false,Rx,0,8,BF,CD,13,01,10,00,30,05,
3425767,00000037,false,Rx,0,8,00,00,00,10,00,40,00,40,
3425992,00000038,false,Rx,0,8,02,01,00,E7,40,3B,01,00,
3426260,00000039,false,Rx,0,8,09,00,00,00,00,00,00,00,
3431053,00000226,false,Rx,0,8,E4,31,1B,FF,00,20,09,42,
3431152,00000227,false,Rx,0,8,02,C4,07,09,00,F1,FF,07,
3431427,000002FF,false,Rx,0,8,83,B9,00,F0,3F,00,00,00,
3431649,00000472,false,Rx,0,8,5C,EC,00,40,08,41,00,45,
3431874,00000316,false,Rx,0,8,0C,CA,0F,04,00,80,0A,00,
3432085,00000473,false,Rx,0,8,5F,24,00,25,00,00,00,78,
3432397,00000317,false,Rx,0,8,00,00,05,00,00,00,00,00,
3432596,00000474,false,Rx,0,8,51,AE,00,00,00,00,00,0C,
3434615,00000419,false,Rx,0,8,35,70,93,CD,BD,67,84,00,
3438134,000001F1,false,Rx,0,8,1B,B7,92,01,00,00,28,00,
3438229,000001F2,false,Rx,0,8,00,00,00,00,00,00,00,00,
3439090,0000036F,false,Rx,0,8,20,41,01,00,00,00,00,00,
3439243,0000037F,false,Rx,0,8,9B,30,52,24,41,02,00,00,
3440702,0000010B,false,Rx,0,8,07,31,15,00,00,00,00,00,
3440868,000003A1,false,Rx,0,8,DA,F0,3C,00,FF,FF,FF,FF,
3441109,0000010C,false,Rx,0,8,CD,01,00,00,43,48,44,44,
3441366,000003A2,false,Rx,0,8,00,00,00,00,00,00,00,00,
3441600,0000010D,false,Rx,0,8,89,02,00,00,00,00,00,35,
3441860,0000010E,false,Rx,0,8,00,00,0A,00,00,00,00,00,
3444199,00000516,false,Rx,0,8,61,02,00,00,00,00,FF,FF,
3444578,000000C7,false,Rx,1,8,00,00,00,E0,07,00,00,00,
3445006,00000487,false,Rx,1,8,00,00,00,00,00,00,00,00,
3445283,00000642,false,Rx,1,8,FF,FF,FF,FF,FF,FF,00,00,
3451248,00000474,false,Rx,0,8,51,AE,00,00,00,00,00,0C,
3453174,00000061,false,Rx,0,8,CF,8A,DC,00,00,05,00,00,
3453372,00000062,false,Rx,0,8,02,02,00,01,40,FF,00,FF,
3453619,00000063,false,Rx,0,8,C8,00,15,00,00,08,FF,00,
3453893,00000064,false,Rx,0,8,04,00,00,04,FF,FA,00,00,
3455682,000000FF,false,Rx,0,8,CB,10,00,00,00,00,02,00,
3456396,00000394,false,Rx,0,8,2A,22,1A,49,00,00,00,00,
3456569,000003C3,false,Rx,0,8,45,10,31,30,36,00,00,00,
3456880,000003E0,false,Rx,0,8,F8,80,01,00,10,04,00,00,
3457218,00000121,false,Rx,0,8,B7,AB,16,00,00,00,00,00,
3457537,00000122,false,Rx,0,8,D2,01,00,00,44,44,44,44,
3457789,000003E5,false,Rx,0,8,48,40,01,00,00,00,00,00,
3458029,00000123,false,Rx,0,8,89,02,00,00,00,00,00,35,
3458275,000003E6,false,Rx,0,8,A1,40,00,00,00,00,00,00,
3458527,00000124,false,Rx,0,8,00,00,0A,00,00,00,00,00,
3458765,0000041A,false,Rx,0,8,24,40,12,00,50,00,00,00,
3459059,0000041B,false,Rx,0,8,BE,70,00,00,00,00,00,00,
3459517,0000041C,false,Rx,0,8,84,D0,E8,00,00,00,00,00,
3459826,00000422,false,Rx,0,8,FA,20,01,00,00,00,04,00,
3460045,00000236,false,Rx,0,8,5C,76,02,00,30,63,34,6C,
3460274,000002FB,false,Rx,0,8,FF,E0,02,00,8F,14,C3,C3,
3460519,00000151,false,Rx,0,8,4D,76,02,A0,C8,00,28,15,
3460748,00000237,false,Rx,0,8,00,04,94,00,00,5D,1D,00,
3461000,00000152,false,Rx,0,8,12,14,14,00,00,00,00,00,
3461233,000001F6,false,Rx,0,8,1E,50,02,00,00,00,00,0C,
3461493,00000153,false,Rx,0,8,00,00,00,00,00,00,00,00,
3461734,000001F7,false,Rx,0,8,00,00,00,00,00,00,00,00,
3461990,00000154,false,Rx,0,8,00,00,00,00,00,00,00,00,
3462236,000001F8,false,Rx,0,8,00,00,00,00,00,00,00,00,
3462489,000002FC,false,Rx,0,8,00,00,12,15,00,00,7D,96,
3462724,000001F9,false,Rx,0,8,00,00,A0,C8,14,00,00,00,
3462963,0000011B,false,Rx,0,8,C1,AF,1C,05,80,08,A8,02,
3463200,0000012B,false,Rx,0,8,86,55,1C,06,00,00,08,00,
3463453,0000011C,false,Rx,0,8,00,05,20,00,22,00,01,01,
3463695,0000012C,false,Rx,0,8,00,00,01,00,00,64,00,00,
3463948,000000A1,false,Rx,0,8,98,DF,DD,8A,D4,EC,A2,00,
3464169,000001E6,false,Rx,0,8,7B,FB,00,00,00,00,00,00,
3464413,000000A2,false,Rx,0,8,00,00,00,00,00,00,00,00,
3464667,000001BB,false,Rx,0,8,7A,60,00,00,00,00,00,00,
3464902,000000A3,false,Rx,0,8,00,40,01,00,00,00,00,00,
3465159,000001BC,false,Rx,0,8,00,00,00,00,00,00,00,00,
3465396,00000238,false,Rx,0,8,00,00,8F,00,00,00,00,00,
3465653,000001BD,false,Rx,0,8,00,00,00,00,00,00,00,00,
3465900,00000239,false,Rx,0,8,00,00,00,00,01,00,00,00,
3466155,000001E7,false,Rx,0,8,00,00,00,00,00,00,00,00,
3466395,0000025B,false,Rx,0,8,01,A0,02,40,40,20,00,00,
3466639,000002FD,false,Rx,0,8,00,00,00,00,00,1C,10,EA,
3466888,0000025C,false,Rx,0,8,00,00,00,00,FF,FF,14,00,
3467143,000002FE,false,Rx,0,8,00,00,72,01,00,28,00,00,
3467374,0000025D,false,Rx,0,8,00,C8,00,00,00,80,C0,70,
3467618,00000326,false,Rx,0,8,B6,C5,02,00,10,00,00,00,
3467861,0000025E,false,Rx,0,8,52,07,0E,07,00,00,00,00,
3468111,00000327,false,Rx,0,8,00,00,00,00,01,00,00,00,
3468340,0000019B,false,Rx,0,8,8A,02,BF,00,00,E4,00,00,
3468624,00000328,false,Rx,0,8,00,00,00,00,00,00,00,00,
3468856,0000019C,false,Rx,0,8,40,20,00,00,00,00,0B,09,
3469089,00000329,false,Rx,0,8,A0,00,00,00,00,00,00,00,
3469376,0000019D,false,Rx,0,8,00,10,00,06,00,00,00,00,
3469790,00000331,false,Rx,0,8,06,66,02,F1,C8,A0,2C,97,
3469907,0000019E,false,Rx,0,8,15,23,00,00,00,32,00,00,
3470059,00000332,false,Rx,0,8,00,00,00,00,00,00,00,00,
3470406,00000432,false,Rx,0,8,03,20,02,00,00,00,00,00,
3470556,00000333,false,Rx,0,8,00,00,00,1C,0C,40,20,A0,
3470776,00000419,false,Rx,0,8,93,80,9F,CD,BD,67,84,00,
3471021,00000334,false,Rx,0,8,C8,00,00,00,00,00,00,00,
3471259,00000435,false,Rx,0,8,B5,D0,00,50,00,00,00,FF,
3471504,00000474,false,Rx,0,8,31,C0,00,00,00,00,00,0E,
3471744,00000442,false,Rx,0,8,CE,20,11,81,00,00,00,00,
3472025,00000444,false,Rx,0,8,AA,30,30,4F,05,05,00,00,
3472290,00000445,false,Rx,0,8,B9,00,00,00,00,00,00,18,
3472542,00000464,false,Rx,0,8,6C,30,F0,FF,38,7F,05,00,
3475776,00000036,false,Rx,0,8,48,45,18,05,10,00,34,05,
3476052,00000037,false,Rx,0,8,00,00,00,10,00,40,00,40,
3476109,00000038,false,Rx,0,8,02,05,00,01,D2,3B,11,00,
3476315,00000039,false,Rx,0,8,00,00,00,00,00,00,00,00,
3484536,000000C7,false,Rx,1,8,00,00,00,E0,07,00,00,00,
3484759,000004A3,false,Rx,1,8,80,00,48,0B,3E,00,00,00,
3485057,000004A4,false,Rx,1,8,FF,FF,FF,00,00,00,00,00,
3490732,0000010B,false,Rx,0,8,50,3C,1A,00,00,00,00,00,
3490891,0000010C,false,Rx,0,8,E2,01,00,00,43,48,44,44,
3491188,0000010D,false,Rx,0,8,87,02,00,00,00,00,00,35,
3491389,0000010E,false,Rx,0,8,00,00,0A,00,00,00,00,00,
3500112,00000091,false,Rx,0,8,B0,87,00,00,00,00,00,00,
3500302,00000092,false,Rx,0,8,00,00,00,00,00,00,00,00,
3500581,00000093,false,Rx,0,8,00,00,00,00,00,00,00,00,
3500852,00000094,false,Rx,0,8,00,00,00,00,00,00,00,00,
3503251,00000061,false,Rx,0,8,16,10,E1,00,00,05,00,00,
3503427,000002BF,false,Rx,0,8,FF,FF,FF,00,00,00,00,00,
3503679,00000062,false,Rx,0,8,02,02,00,01,40,FF,00,FF,
3503930,0000047F,false,Rx,0,8,FF,FF,FF,FF,FF,FF,FF,FF,
3504170,00000063,false,Rx,0,8,C7,00,15,00,00,08,FF,00,
3504414,00000251,false,Rx,0,8,F0,3E,02,00,00,00,00,00,
3504667,00000064,false,Rx,0,8,04,00,00,04,FF,FA,00,00,
3504912,00000252,false,Rx,0,8,00,00,00,00,03,00,00,00,
3505192,00000419,false,Rx,0,8,93,80,9F,CD,BD,67,84,00,
3505380,00000253,false,Rx,0,8,00,00,00,00,00,00,80,46,
3505625,00000653,false,Rx,0,8,0A,19,03,01,02,2A,00,00,
3506188,0000034B,false,Rx,0,8,58,41,00,31,D8,0D,05,01,
3506452,0000034C,false,Rx,0,8,00,00,00,00,00,00,00,00,
3506694,000002C1,false,Rx,0,8,9F,23,02,00,00,41,00,A1,
3506941,0000034D,false,Rx,0,8,00,00,00,00,00,00,00,00,
3507180,00000121,false,Rx,0,8,9B,40,1B,00,00,00,00,00,
3507435,000002C2,false,Rx,0,8,40,00,00,00,00,00,00,00,
3507663,00000122,false,Rx,0,8,E5,01,00,00,44,44,44,44,
3507909,000002C3,false,Rx,0,8,00,00,00,00,00,00,00,00,
3508174,00000123,false,Rx,0,8,87,02,00,00,00,00,00,35,
3508407,000002C4,false,Rx,0,8,00,00,00,00,00,00,00,00,
3508650,00000124,false,Rx,0,8,00,00,0A,00,00,00,00,00,
3508900,0000034E,false,Rx,0,8,00,00,00,00,00,00,00,00,
3509176,00000380,false,Rx,0,8,E2,43,00,00,00,00,00,01,
3509433,00000382,false,Rx,0,8,E1,B8,00,00,00,01,00,00,
3509681,00000383,false,Rx,0,8,AA,AA,00,00,00,0C,00,00,
3509938,00000384,false,Rx,0,8,26,8F,00,00,00,00,00,01,
3511003,000003B0,false,Rx,0,8,72,37,FF,C7,00,00,03,C0,
3511474,000001AB,false,Rx,0,8,2C,71,83,40,70,90,00,00,
3511746,000001AC,false,Rx,0,8,00,28,00,00,00,00,00,00,
3511996,000003B1,false,Rx,0,8,9B,3C,FF,40,00,00,20,00,
3512232,00000474,false,Rx,0,8,53,98,00,00,00,00,00,10,
3512758,000001A1,false,Rx,0,8,26,9E,10,FE,F7,7F,64,00,
3512986,0000011B,false,Rx,0,8,AC,F3,21,05,80,08,A8,02,
3513224,0000012B,false,Rx,0,8,EB,09,21,06,00,00,08,00,
3513508,0000011C,false,Rx,0,8,00,05,20,00,22,00,01,01,
3513724,0000012C,false,Rx,0,8,00,00,01,00,00,64,00,00,
3513934,000000A1,false,Rx,0,8,5D,32,E2,8A,D4,EC,A2,00,
3514191,000001A2,false,Rx,0,8,00,00,00,00,00,08,00,00,
3514460,000000A2,false,Rx,0,8,00,00,00,00,00,00,00,00,
3514685,000001A3,false,Rx,0,8,FF,F3,3F,00,00,00,00,00,
3514932,000000A3,false,Rx,0,8,00,40,01,00,00,00,00,00,
3515055,00000646,false,Rx,1,8,00,00,00,80,01,00,00,00,
3515202,000001A4,false,Rx,0,8,FE,07,00,00,00,00,00,00,
3515448,00000256,false,Rx,0,8,8E,EE,02,05,01,00,00,00,
3515661,000002E6,false,Rx,0,8,0A,11,02,01,00,00,00,15,
3515895,00000257,false,Rx,0,8,00,7E,00,00,83,04,81,7B,
3516137,000002E7,false,Rx,0,8,0A,00,00,00,00,00,00,00,
3516378,00000258,false,Rx,0,8,00,30,19,00,10,15,00,28,
3516628,000002E8,false,Rx,0,8,00,00,00,00,00,00,00,00,
3516875,00000259,false,Rx,0,8,EC,03,11,3C,F4,01,00,00,
3517121,000002E9,false,Rx,0,8,00,00,00,00,00,00,00,00,
3517342,000003B2,false,Rx,0,8,36,15,FF,02,29,2F,34,00,
3517628,00000427,false,Rx,0,8,1D,86,FF,00,80,0A,00,00,
3518085,0000042A,false,Rx,0,8,BB,4A,00,01,00,10,00,00,
3518316,0000019B,false,Rx,0,8,2B,7D,C4,00,00,E4,00,00,
3518611,0000019C,false,Rx,0,8,40,20,00,00,00,00,0B,09,
3518986,0000019D,false,Rx,0,8,00,10,00,06,00,00,00,00,
3519333,0000019E,false,Rx,0,8,15,23,00,00,00,32,00,00,
3522771,00000161,false,Rx,0,8,00,5C,11,03,00,00,00,02,
3522869,00000162,false,Rx,0,8,FF,FC,01,00,00,00,00,00,
3525712,00000036,false,Rx,0,8,15,68,1D,05,10,00,24,05,
3525800,00000037,false,Rx,0,8,00,00,00,10,00,40,00,40,
3526150,00000038,false,Rx,0,8,02,05,00,26,D1,3B,11,00,
3526305,00000039,false,Rx,0,8,00,00,00,00,00,00,00,00,
3529001,00000419,false,Rx,0,8,F8,90,9F,CD,B1,67,84,00,
3534253,000001E1,false,Rx,0,8,C8,21,07,02,00,00,00,00,
3534350,000001E2,false,Rx,0,8,00,00,00,00,00,00,00,00,
3539004,0000036F,false,Rx,0,8,99,51,01,00,00,00,00,00,
3539106,0000037F,false,Rx,0,8,93,40,52,24,41,02,00,00,
3540383,00000561,false,Rx,0,8,63,02,00,00,00,00,FF,FF,
3540646,0000010B,false,Rx,0,8,07,42,1F,00,00,00,00,00,
3540879,0000010C,false,Rx,0,8,EE,01,00,00,43,48,44,44,
3541127,0000010D,false,Rx,0,8,85,02,00,00,00,00,00,35,
3541376,0000010E,false,Rx,0,8,00,00,0A,00,00,00,00,00,
3546946,0000033B,false,Rx,0,8,2E,49,2E,00,00,00,00,00,
3547106,00000380,false,Rx,0,8,E2,43,00,00,00,00,00,01,
3547354,0000033C,false,Rx,0,8,00,00,00,00,F0,00,00,00,
3547595,00000356,false,Rx,0,8,34,39,97,00,00,00,00,00,
3548146,0000033D,false,Rx,0,8,00,00,00,00,00,00,00,00,
3548247,00000357,false,Rx,0,8,00,00,00,00,00,4B,4D,48,
3548663,0000033E,false,Rx,0,8,00,00,00,00,00,00,00,00,
3549057,00000358,false,Rx,0,8,35,41,45,4D,52,37,33,4F,
3549123,00000359,false,Rx,0,8,51,4F,34,52,4A,35,33,00,
3549169,00000382,false,Rx,0,8,E1,B8,00,00,00,01,00,00,
3549308,00000383,false,Rx,0,8,AA,AA,00,00,00,0C,00,00,
3549958,00000384,false,Rx,0,8,26,8F,00,00,00,00,00,01,
3551356,00000474,false,Rx,0,8,53,98,00,00,00,00,00,10,
3553514,00000061,false,Rx,0,8,5F,8F,E6,00,00,05,00,00,
3553600,00000062,false,Rx,0,8,02,02,00,01,40,FF,00,FF,
3553648,00000063,false,Rx,0,8,C8,00,15,00,00,08,FF,00,
3554073,00000064,false,Rx,0,8,04,00,00,04,FF,FA,00,00,
3557010,00000475,false,Rx,0,8,12,00,00,00,00,00,00,00,
3557118,00000496,false,Rx,0,8,12,00,00,00,00,00,00,00,
3558192,00000121,false,Rx,0,8,11,B5,20,00,00,00,00,00,
3558761,00000122,false,Rx,0,8,F0,01,00,00,44,44,44,44,
3558879,000000C5,false,Rx,1,8,00,00,00,00,00,00,00,00,
3558972,00000123,false,Rx,0,8,9E,02,00,00,00,00,00,35,
3559038,00000111,false,Rx,0,8,A7,39,E6,01,00,00,00,00,
3559091,00000244,false,Rx,1,8,00,00,00,00,00,00,00,00,
3559135,00000124,false,Rx,0,8,00,00,0A,00,00,00,00,00,
3559177,00000112,false,Rx,0,8,00,00,00,00,00,00,00,00,
3559237,0000041F,false,Rx,1,8,00,0C,00,00,00,00,00,00,
3559298,00000401,false,Rx,0,8,F6,00,10,00,00,01,00,00,
3559344,000004B4,false,Rx,1,8,01,00,0D,40,10,60,44,02,
3559395,00000113,false,Rx,0,8,00,00,00,00,00,00,00,00,
3559467,000004B5,false,Rx,1,8,08,00,F0,07,00,00,00,00,
3559557,00000114,false,Rx,0,8,00,00,00,00,00,00,00,00,
3559968,000004B7,false,Rx,1,8,08,00,F0,07,00,00,00,00,
3560090,00000405,false,Rx,0,8,D2,10,00,00,00,01,00,00,
3560599,000004CA,false,Rx,1,8,00,00,00,00,00,00,00,00,
3560668,00000410,false,Rx,0,8,A3,90,53,3C,B4,6A,FF,FF,
3560786,0000042A,false,Rx,0,8,BB,4A,00,01,00,10,00,00,
3560860,000004CC,false,Rx,1,8,08,00,00,2A,00,00,03,00,
3561174,00000411,false,Rx,0,8,BD,71,50,50,00,00,44,05,
3561267,00000413,false,Rx,0,8,F5,10,00,41,00,00,00,00,
3561353,000004CE,false,Rx,1,8,14,01,FF,FF,FF,FF,FF,FF,
3561674,00000412,false,Rx,0,8,F1,00,00,00,00,00,04,00,
3561756,00000414,false,Rx,0,8,87,A0,00,00,28,00,00,00,
3561845,000004D7,false,Rx,1,8,23,01,00,00,00,00,00,00,
3563074,00000416,false,Rx,0,8,55,00,00,00,00,00,00,00,
3563618,000004D8,false,Rx,1,8,41,10,F6,F0,40,F2,1E,CC,
3563707,00000417,false,Rx,0,8,E6,30,00,00,00,00,00,00,
3563763,000004DD,false,Rx,1,8,00,00,FE,00,04,00,00,00,
3563809,0000011B,false,Rx,0,8,33,9B,26,05,80,08,A8,02,
3563895,0000012B,false,Rx,0,8,74,61,26,06,00,00,08,00,
3563941,000004DF,false,Rx,1,8,00,00,08,00,00,00,00,00,
3563984,0000011C,false,Rx,0,8,00,05,20,00,22,00,01,01,
3564027,0000012C,false,Rx,0,8,00,00,01,00,00,64,00,00,
3564097,000004E7,false,Rx,1,8,00,30,00,00,00,00,69,00,
3564162,000000A1,false,Rx,0,8,52,D9,E7,8A,D4,EC,A2,00,
3564204,00000418,false,Rx,0,8,18,00,00,00,14,4C,00,00,
3564255,000004E8,false,Rx,1,8,FF,FF,FF,29,FF,FF,FF,00,
3564446,000000A2,false,Rx,0,8,00,00,00,00,00,00,00,00,
3564799,000004E9,false,Rx,1,8,00,00,00,00,00,00,00,00,
3564906,000000A3,false,Rx,0,8,00,40,01,00,00,00,00,00,
3565278,000004EA,false,Rx,1,8,00,00,00,00,00,00,00,00,
3565785,000004EB,false,Rx,1,8,04,68,2B,08,00,00,00,00,
3567087,000004EC,false,Rx,1,8,FF,FF,FF,FF,FF,FF,FF,0F,
3567168,000004ED,false,Rx,1,8,FF,FF,FF,FF,FF,FF,FF,1F,
3567262,000004EE,false,Rx,1,8,FF,FF,00,00,00,00,00,00,
3567775,000004EF,false,Rx,1,8,60,00,60,00,29,14,00,00,
3568197,0000063D,false,Rx,1,8,00,80,00,00,00,00,00,00,
3568654,0000019B,false,Rx,0,8,26,BB,C9,00,00,E4,00,00,
3568764,0000063E,false,Rx,1,8,FF,FF,FF,FF,FF,FF,FF,FF,
3569224,0000019C,false,Rx,0,8,40,20,00,00,00,00,0B,09,
3569709,0000063F,false,Rx,1,8,00,10,00,C4,FF,00,00,00,
3570703,0000019D,false,Rx,0,8,00,10,00,06,00,00,00,00,
3570852,00000640,false,Rx,1,8,FF,FF,FF,00,FF,FF,FF,00,
3570907,0000019E,false,Rx,0,8,15,23,00,00,00,32,00,00,
3570964,00000641,false,Rx,1,8,FF,FF,FF,FF,0F,FF,FF,FF,
3571053,00000419,false,Rx,0,8,A5,A0,C8,CD,B1,67,84,00,
3571103,00000646,false,Rx,1,8,00,00,00,80,01,00,00,00,
3575705,00000036,false,Rx,0,8,AF,1D,22,05,10,00,24,05,
3575798,00000037,false,Rx,0,8,00,00,00,10,00,40,00,00,
3576111,00000038,false,Rx,0,8,02,05,00,00,20,39,11,00,
3576262,00000039,false,Rx,0,8,00,00,00,00,00,00,00,00,
3581209,00000146,false,Rx,0,8,8B,10,04,10,04,01,00,00,
3581399,00000147,false,Rx,0,8,00,04,7D,00,40,00,00,00,
3581702,00000148,false,Rx,0,8,00,00,42,00,00,77,40,05,
3581942,00000149,false,Rx,0,8,00,38,00,00,00,00,00,00,
3582217,000001B1,false,Rx,0,8,56,ED,04,00,72,00,00,00,
3582461,000001B2,false,Rx,0,8,23,00,04,0D,57,01,50,0F,
3582704,000001B3,false,Rx,0,8,59,2C,00,00,50,50,50,50,
3583226,000001B4,false,Rx,0,8,50,50,17,00,00,41,00,00,
3587273,00000380,false,Rx,0,8,E2,43,00,00,00,00,00,01,
3588100,00000382,false,Rx,0,8,E1,B8,00,00,00,01,00,00,
3588180,000001F1,false,Rx,0,8,84,DF,95,01,00,00,28,00,
3588657,000001F2,false,Rx,0,8,00,00,00,00,00,00,00,00,
3589060,00000383,false,Rx,0,8,AA,AA,00,00,00,0C,00,00,
3590132,00000384,false,Rx,0,8,26,8F,00,00,00,00,00,01,
3590910,0000010B,false,Rx,0,8,6A,B3,24,00,00,00,00,01,
3591027,00000474,false,Rx,0,8,53,98,00,00,00,00,00,10,
3591971,0000010C,false,Rx,0,8,F5,01,00,00,43,48,44,44,
3592091,0000010D,false,Rx,0,8,D9,02,00,00,00,00,00,35,
3592146,0000010E,false,Rx,0,8,00,00,0A,00,00,00,00,00,
3595658,000003AA,false,Rx,0,8,FF,00,D0,00,54,00,00,00,
3598042,00000646,false,Rx,1,8,00,00,00,80,01,00,00,00,
3598233,0000042A,false,Rx,0,8,BB,4A,00,01,00,10,00,00,
3600220,00000091,false,Rx,0,8,F6,DE,01,00,00,00,00,00,
3600319,00000092,false,Rx,0,8,00,00,00,00,00,00,00,00,
3600583,00000093,false,Rx,0,8,00,00,00,00,00,00,00,00,
3600853,00000094,false,Rx,0,8,00,00,00,00,00,00,00,00,
3602298,0000030B,false,Rx,0,8,D5,56,2E,00,04,00,00,00,
3602584,0000030C,false,Rx,0,8,00,00,0C,23,2C,00,A0,0F,
3602726,0000030D,false,Rx,0,8,00,00,00,00,41,00,00,00,
3602988,0000030E,false,Rx,0,8,00,00,28,05,21,00,00,1A,
3603555,00000061,false,Rx,0,8,E8,48,EB,00,00,05,00,00,
3603847,000001FB,false,Rx,0,8,D1,56,04,00,00,00,00,00,
3603948,00000062,false,Rx,0,8,02,02,00,01,40,FF,00,FF,
3604494,000001FC,false,Rx,0,8,00,00,00,00,00,00,00,00,
3604579,00000063,false,Rx,0,8,C7,00,15,00,00,08,FF,00,
3604625,000001FD,false,Rx,0,8,00,1A,03,00,00,00,00,00,
3604683,00000064,false,Rx,0,8,04,00,00,04,FF,FA,00,00,
3605059,000001FE,false,Rx,0,8,00,00,00,00,00,00,00,00,
3605205,00000396,false,Rx,0,8,BD,60,01,0B,00,BF,01,00,
3605429,00000495,false,Rx,0,8,49,00,00,00,00,00,00,00,
3605707,00000397,false,Rx,0,8,04,00,00,00,00,00,00,00,
3605978,00000398,false,Rx,0,8,00,00,00,00,00,00,00,00,
3606216,000002AB,false,Rx,0,8,9F,D9,04,0C,0C,00,00,00,
3606515,000002AC,false,Rx,0,8,00,FF,FF,00,00,40,00,50,
3606767,000002AD,false,Rx,0,8,00,01,00,40,FF,FF,FF,0F,
3607023,000002AE,false,Rx,0,8,00,00,FF,3F,00,01,00,00,
3607265,00000121,false,Rx,0,8,BE,A8,25,00,00,00,00,01,
3607522,000002B6,false,Rx,0,8,4E,66,04,00,01,00,00,40,
3607733,00000122,false,Rx,0,8,F6,01,00,00,44,44,44,44,
3608029,000002B7,false,Rx,0,8,00,00,D8,01,00,04,00,00,
3608319,00000123,false,Rx,0,8,E4,02,00,00,00,00,00,35,
3608845,000002B8,false,Rx,0,8,00,00,00,00,00,00,00,00,
3608934,00000124,false,Rx,0,8,00,00,0A,00,00,00,00,00,
3608981,000002B9,false,Rx,0,8,0A,00,00,00,00,00,00,00,
3609248,00000419,false,Rx,0,8,A5,A0,C8,CD,B1,67,84,00,
3609480,000002E1,false,Rx,0,8,14,9D,04,00,00,00,00,00,
3610832,000002D6,false,Rx,0,8,2F,ED,01,00,00,00,00,00,
3610940,000002EB,false,Rx,0,8,AD,72,01,0A,00,E1,01,00,
3610983,000002D7,false,Rx,0,8,00,00,00,00,03,00,00,00,
3611025,000002EC,false,Rx,0,8,12,00,00,00,00,00,00,00,
3611068,000002D8,false,Rx,0,8,00,00,00,00,00,00,38,44,
3611132,000002ED,false,Rx,0,8,00,00,00,00,00,00,00,00,
3611181,000001AB,false,Rx,0,8,E4,88,88,40,70,90,00,00,
3611408,000002D9,false,Rx,0,8,00,00,00,00,00,00,00,00,
3611659,000001AC,false,Rx,0,8,00,28,00,00,00,00,00,00,
3611915,000002E2,false,Rx,0,8,00,00,00,00,00,7E,00,04,
3612152,000002EE,false,Rx,0,8,00,00,00,00,00,00,00,00,
3612399,000002E3,false,Rx,0,8,00,00,00,00,00,00,72,01,
3612665,000002E4,false,Rx,0,8,02,00,00,00,00,00,00,00,
3612905,0000011B,false,Rx,0,8,40,A2,2B,05,80,08,A8,02,
3613133,0000012B,false,Rx,0,8,07,58,2B,06,00,00,08,00,
3613403,0000011C,false,Rx,0,8,00,05,20,00,22,00,01,01,
3613627,0000012C,false,Rx,0,8,00,00,01,00,00,64,00,00,
3613871,000000A1,false,Rx,0,8,6E,28,EC,8A,D4,EC,A2,00,
3614079,000001A1,false,Rx,0,8,59,B2,15,FE,F7,7F,64,00,
3614335,000000A2,false,Rx,0,8,00,00,00,00,00,00,00,00,
3614584,000001A2,false,Rx,0,8,00,00,00,00,00,08,00,00,
3614824,000000A3,false,Rx,0,8,00,40,01,00,00,00,00,00,
3615069,000001A3,false,Rx,0,8,FF,F3,3F,00,00,00,00,00,
3615311,000003B6,false,Rx,0,8,1E,1C,01,00,00,00,00,44,
3615636,000001A4,false,Rx,0,8,FE,07,00,00,00,00,00,00,
3615818,000003B7,false,Rx,0,8,43,00,00,00,00,00,00,00,
3616047,000001BB,false,Rx,0,8,B9,E6,03,C2,03,64,64,0A,
3616280,000003B8,false,Rx,0,8,83,02,00,00,00,00,69,0E,
3616513,000001BC,false,Rx,0,8,32,00,00,00,02,00,00,00,
3616769,000003B9,false,Rx,0,8,00,00,00,00,00,00,00,00,
3617016,000001BD,false,Rx,0,8,00,00,00,00,00,00,00,00,
3617272,00000448,false,Rx,0,8,7F,00,00,00,00,00,00,00,
3617497,000001E6,false,Rx,0,8,6B,E7,03,C2,03,64,64,00,
3617753,000001E7,false,Rx,0,8,00,00,22,03,00,01,00,00,
3618322,0000019B,false,Rx,0,8,D5,25,CE,00,00,E4,00,00,
3618609,0000019C,false,Rx,0,8,40,20,00,00,00,00,0B,09,
3618869,0000019D,false,Rx,0,8,00,10,00,06,00,00,00,00,
3619106,0000019E,false,Rx,0,8,15,23,00,00,00,32,00,00,
3622629,00000161,false,Rx,0,8,9F,34,16,03,00,00,00,02,
3622906,00000162,false,Rx,0,8,FF,FC,01,00,00,00,00,00,
3625478,00000036,false,Rx,0,8,D0,31,27,05,10,00,24,05,
3626048,00000037,false,Rx,0,8,00,00,00,10,00,40,00,00,
3626123,00000038,false,Rx,0,8,02,05,00,00,20,39,11,00,
3626256,00000039,false,Rx,0,8,00,00,00,00,00,00,00,00,
3630797,00000226,false,Rx,0,8,5F,F1,1D,FF,00,20,09,42,
3630951,00000316,false,Rx,0,8,1C,90,10,04,00,80,0A,00,
3631188,00000227,false,Rx,0,8,02,C4,07,09,00,F1,FF,07,
3631440,00000317,false,Rx,0,8,00,00,05,00,00,00,00,00,
3631682,000003CB,false,Rx,0,8,36,14,00,F4,00,00,00,00,
3631951,00000472,false,Rx,0,8,5C,EC,00,40,08,41,00,45,
3632151,000003CC,false,Rx,0,8,36,31,34,30,33,34,31,00,
3632389,00000473,false,Rx,0,8,5F,24,00,25,00,00,00,78,
3632650,00000474,false,Rx,0,8,53,98,00,00,00,00,00,10,
3635197,000002FF,false,Rx,0,8,83,B9,00,F0,3F,00,00,00,
3635499,00000563,false,Rx,1,8,65,02,00,00,00,00,FF,FF,
3640590,000003A1,false,Rx,0,8,FE,58,3D,00,FF,FF,FF,FF,
3640753,0000010B,false,Rx,0,8,6F,20,29,00,00,00,00,01,
3641009,000003A2,false,Rx,0,8,00,00,00,00,00,00,00,00,
3641250,0000010C,false,Rx,0,8,F9,01,00,00,43,48,44,44,
3641502,0000010D,false,Rx,0,8,EB,02,00,00,00,00,00,35,
3641952,0000010E,false,Rx,0,8,00,00,0A,00,00,00,00,00,
3644152,0000036F,false,Rx,0,8,4F,61,01,00,00,00,00,00,
3644299,0000037F,false,Rx,0,8,2A,50,52,24,41,02,00,00,
3649069,00000419,false,Rx,0,8,A5,A0,C8,CD,B1,67,84,00,
3650602,00000487,false,Rx,1,8,00,00,00,00,00,00,00,00,
3650904,00000642,false,Rx,1,8,FF,FF,FF,FF,FF,FF,00,00,
3653251,00000061,false,Rx,0,8,95,8D,F0,00,00,05,00,00,
3653380,00000062,false,Rx,0,8,02,02,00,01,40,FF,00,FF,
3653715,00000063,false,Rx,0,8,C7,00,15,00,00,08,FF,00,
3654236,00000064,false,Rx,0,8,04,00,00,04,FF,FA,00,00,
3655572,000000FF,false,Rx,0,8,CB,10,00,00,00,00,02,00,
3656235,00000394,false,Rx,0,8,2A,22,1A,49,00,00,00,00,
3656412,000003C3,false,Rx,0,8,45,10,31,30,36,00,00,00,
3656711,000003E0,false,Rx,0,8,F8,80,01,00,10,04,00,00,
3657206,00000121,false,Rx,0,8,0A,7F,2A,00,00,00,00,01,
3657476,000003E5,false,Rx,0,8,48,40,01,00,00,00,00,00,
3657689,00000122,false,Rx,0,8,FA,01,00,00,44,44,44,44,
3657929,000003E6,false,Rx,0,8,A1,40,00,00,00,00,00,00,
3658170,00000123,false,Rx,0,8,ED,02,00,00,00,00,00,35,
3658418,0000041A,false,Rx,0,8,24,40,12,00,50,00,00,00,
3658660,00000124,false,Rx,0,8,00,00,0A,00,00,00,00,00,
3658939,0000041B,false,Rx,0,8,BE,70,00,00,00,00,00,00,
3659167,0000041C,false,Rx,0,8,84,D0,E8,00,00,00,00,00,
3659648,00000422,false,Rx,0,8,FA,20,01,00,00,00,04,00,
3660104,00000432,false,Rx,0,8,03,20,02,00,00,00,00,00,
3660746,00000435,false,Rx,0,8,B5,D0,00,50,00,00,00,FF,
3660996,00000442,false,Rx,0,8,CE,20,11,81,00,00,00,00,
3661284,00000444,false,Rx,0,8,AA,30,30,4F,05,05,00,00,
3661620,00000445,false,Rx,0,8,B9,00,00,00,00,00,00,18,
3661943,00000464,false,Rx,0,8,6C,30,F0,FF,38,7F,05,00,
3662891,0000011B,false,Rx,0,8,82,78,30,05,80,08,A8,02,
3663041,0000012B,false,Rx,0,8,C5,82,30,06,00,00,08,00,
3663411,0000011C,false,Rx,0,8,00,05,20,00,22,00,01,01,
3663886,0000012C,false,Rx,0,8,00,00,01,00,00,64,00,00,
3664026,000000A1,false,Rx,0,8,0B,2B,F1,8A,D4,EC,A2,00,
3664078,00000151,false,Rx,0,8,F8,B1,04,A0,C8,00,28,15,
3664275,000000A2,false,Rx,0,8,00,00,00,00,00,00,00,00,
3665014,00000152,false,Rx,0,8,12,14,14,00,00,00,00,00,
3665097,000000A3,false,Rx,0,8,00,40,01,00,00,00,00,00,
3665141,00000153,false,Rx,0,8,00,00,00,00,00,00,00,00,
3665213,00000236,false,Rx,0,8,71,D2,04,10,30,63,34,6C,
3665488,00000154,false,Rx,0,8,00,00,00,00,00,00,00,00,
3666019,000001F6,false,Rx,0,8,AB,97,04,00,00,00,00,0C,
3666274,000002FB,false,Rx,0,8,7B,F6,04,00,8F,14,C3,C3,
3666337,000001F7,false,Rx,0,8,00,00,00,00,00,00,00,00,
3666444,000002FC,false,Rx,0,8,03,00,12,15,00,00,7C,96,
3666690,000001F8,false,Rx,0,8,00,00,00,00,00,00,00,00,
3666939,000002FD,false,Rx,0,8,00,00,00,00,00,1C,10,EA,
3667182,000001F9,false,Rx,0,8,00,00,A0,C8,14,00,00,00,
3667427,000002FE,false,Rx,0,8,00,00,72,01,00,28,00,00,
3667664,00000237,false,Rx,0,8,00,04,94,00,00,5D,1D,00,
3667936,00000326,false,Rx,0,8,03,02,04,00,10,00,00,00,
3668184,00000238,false,Rx,0,8,00,00,8F,00,00,00,00,00,
3668405,0000019B,false,Rx,0,8,1D,27,D3,00,00,E4,00,00,
3668641,00000239,false,Rx,0,8,00,00,00,00,01,00,00,00,
3668921,0000019C,false,Rx,0,8,40,20,00,00,00,00,0B,09,
3669122,0000025B,false,Rx,0,8,73,C2,04,40,40,20,00,00,
3669363,0000019D,false,Rx,0,8,00,10,00,06,00,00,00,00,
3669611,0000025C,false,Rx,0,8,00,00,00,00,FF,FF,14,00,
3669880,0000019E,false,Rx,0,8,15,23,00,00,00,32,00,00,
3670103,0000025D,false,Rx,0,8,00,C8,00,00,00,80,C0,70,
3670342,00000327,false,Rx,0,8,00,00,00,00,01,00,00,00,
3670590,0000025E,false,Rx,0,8,3D,07,0E,06,00,00,00,00,
3670852,00000328,false,Rx,0,8,00,00,00,00,00,00,00,00,
3671122,00000329,false,Rx,0,8,A0,00,00,00,00,00,00,00,
3671371,00000331,false,Rx,0,8,B3,A1,04,F1,C8,A0,2C,97,
3671625,00000332,false,Rx,0,8,00,00,00,00,00,00,00,00,
3671903,00000333,false,Rx,0,8,00,00,00,1C,0C,40,20,A0,
3672147,00000334,false,Rx,0,8,C8,00,00,00,00,00,00,00,
3674288,00000419,false,Rx,0,8,D4,B0,02,CE,B1,67,84,00,
3675490,00000036,false,Rx,0,8,68,30,2C,05,10,00,24,05,
3675739,00000037,false,Rx,0,8,00,00,00,10,00,40,00,00,
3676041,00000038,false,Rx,0,8,02,05,00,00,20,39,11,00,
3676299,00000039,false,Rx,0,8,00,00,00,00,00,00,00,00,
3681206,00000146,false,Rx,0,8,CD,C9,09,10,04,01,00,00,
3681389,00000147,false,Rx,0,8,00,04,7D,00,40,00,00,00,
3681651,00000148,false,Rx,0,8,00,00,00,00,00,7B,40,05,
3681908,00000149,false,Rx,0,8,00,00,00,00,00,00,00,00,
3682214,000001B1,false,Rx,0,8,A3,CF,09,00,72,00,00,00,
3682481,000001B2,false,Rx,0,8,23,00,04,0D,57,01,50,0F,
3682791,000001B3,false,Rx,0,8,59,2C,00,00,63,7F,71,7B,
3683012,000001B4,false,Rx,0,8,68,78,17,00,00,40,00,00,
3683304,000001E1,false,Rx,0,8,BB,18,0A,02,00,00,00,00,
3683581,000001E2,false,Rx,0,8,00,00,00,00,00,00,00,00,
3690623,000004A3,false,Rx,1,8,80,00,48,0B,3E,00,00,00,
3690891,0000010B,false,Rx,0,8,DF,83,2E,00,00,00,00,01,
3690966,000004A4,false,Rx,1,8,FF,FF,FF,00,00,00,00,00,
3691198,0000010C,false,Rx,0,8,FC,01,00,00,43,48,44,44,
3691706,0000010D,false,Rx,0,8,ED,02,00,00,00,00,00,35,
3691887,0000010E,false,Rx,0,8,00,00,0A,00,00,00,00,00,
3700113,00000091,false,Rx,0,8,3C,35,02,00,00,00,00,00,
3700309,00000092,false,Rx,0,8,00,00,00,00,00,00,00,00,
3700618,00000093,false,Rx,0,8,00,00,00,00,00,00,00,00,
3700898,00000094,false,Rx,0,8,00,00,00,00,00,00,00,00,
3703235,00000061,false,Rx,0,8,50,A0,F5,00,00,05,00,00,
3703413,000002BF,false,Rx,0,8,FF,FF,FF,00,00,00,00,00,
3703703,00000062,false,Rx,0,8,02,02,00,01,40,FF,00,FF,
3703908,0000047F,false,Rx,0,8,FF,FF,FF,FF,FF,FF,FF,FF,
3704143,00000063,false,Rx,0,8,C8,00,15,00,00,08,FF,00,
3704384,00000251,false,Rx,0,8,8E,06,04,00,00,00,00,00,
3704638,00000064,false,Rx,0,8,04,00,00,04,FF,FA,00,00,
3704886,00000252,false,Rx,0,8,00,00,00,00,03,00,00,00,
3705168,00000653,false,Rx,0,8,0A,19,03,01,02,2A,00,00,
3705359,00000253,false,Rx,0,8,00,00,00,52,00,00,80,46,
3706693,000002C1,false,Rx,0,8,D9,7A,03,00,00,41,00,A1,
3706877,000002C2,false,Rx,0,8,40,00,00,00,00,00,00,00,
3707177,000002C3,false,Rx,0,8,00,00,00,00,00,00,00,00,
3707395,00000121,false,Rx,0,8,22,8A,2F,00,00,00,00,01,
3707630,000002C4,false,Rx,0,8,00,00,00,00,00,00,00,00,
3707865,00000122,false,Rx,0,8,FC,01,00,00,44,44,44,44,
3708114,00000123,false,Rx,0,8,EE,02,00,00,00,00,00,35,
3708559,00000124,false,Rx,0,8,00,00,0A,00,00,00,00,00,
3711404,000003B0,false,Rx,0,8,72,37,FF,C7,00,00,03,C0,
3711502,000001AB,false,Rx,0,8,12,A0,8D,40,70,90,00,00,
3711550,000001AC,false,Rx,0,8,00,28,00,00,00,00,00,00,
3711954,000003B1,false,Rx,0,8,9B,3C,FF,40,00,00,20,00,
3712898,000001A1,false,Rx,0,8,D8,C6,1A,FE,F7,7F,64,00,
3713134,0000011B,false,Rx,0,8,74,50,35,05,80,08,A8,02,
3713547,0000012B,false,Rx,0,8,33,AA,35,06,00,00,08,00,
3713704,0000011C,false,Rx,0,8,00,05,20,00,22,00,01,01,
3713767,0000012C,false,Rx,0,8,00,00,01,00,00,64,00,00,
3714000,000000A1,false,Rx,0,8,02,AE,F6,8A,D4,EC,A2,00,
3714190,000001A2,false,Rx,0,8,00,00,00,00,00,08,00,00,
3714451,000000A2,false,Rx,0,8,00,00,00,00,00,00,00,00,
3714681,000001A3,false,Rx,0,8,FF,F3,3F,00,00,00,00,00,
3714925,000000A3,false,Rx,0,8,00,40,01,00,00,00,00,00,
3715175,000001A4,false,Rx,0,8,FE,07,00,00,00,00,00,00,
3715416,00000256,false,Rx,0,8,75,B0,04,05,01,00,00,00,
3715646,000002E6,false,Rx,0,8,BF,D6,04,01,00,00,00,15,
3715914,00000257,false,Rx,0,8,00,7E,00,00,83,04,81,7B,
3716133,000002E7,false,Rx,0,8,0A,00,00,00,00,00,00,00,
3716375,00000258,false,Rx,0,8,00,02,1D,00,10,15,00,28,
3716623,000002E8,false,Rx,0,8,00,00,00,00,00,00,00,00,
3716874,00000259,false,Rx,0,8,EB,03,11,3C,F0,01,00,00,
3717110,000002E9,false,Rx,0,8,00,00,00,00,00,00,00,00,
3717348,000003B2,false,Rx,0,8,36,15,FF,02,29,2F,34,00,
3717583,00000419,false,Rx,0,8,D4,B0,02,CE,B1,67,84,00,
3717831,00000427,false,Rx,0,8,1D,86,FF,00,80,0A,00,00,
3718278,0000019B,false,Rx,0,8,A5,26,D8,00,00,E4,00,00,
3718574,0000019C,false,Rx,0,8,40,20,00,00,00,00,0B,09,
3718779,0000019D,false,Rx,0,8,00,10,00,06,00,00,00,00,
3719035,0000019E,false,Rx,0,8,15,23,00,00,00,32,00,00,
3722715,00000161,false,Rx,0,8,EC,0D,1B,03,00,00,00,02,
3722943,00000162,false,Rx,0,8,FF,FC,01,00,00,00,00,00,
3725546,00000036,false,Rx,0,8,A0,32,31,05,10,00,24,05,
3725735,00000037,false,Rx,0,8,00,00,00,10,00,40,00,00,
3725986,00000038,false,Rx,0,8,02,05,00,00,20,39,11,00,
3726255,00000039,false,Rx,0,8,00,00,00,00,00,00,00,00,
3735195,00000565,false,Rx,0,8,66,02,00,00,00,00,FF,FF,
3738221,000001F1,false,Rx,0,8,F7,E6,98,01,00,00,28,00,
3738349,000001F2,false,Rx,0,8,00,00,00,00,00,00,00,00,
3739219,00000419,false,Rx,0,8,65,C0,02,CE,A9,67,84,00,
3740820,0000010B,false,Rx,0,8,76,2D,33,00,00,00,00,01,
3740911,0000010C,false,Rx,0,8,FD,01,00,00,43,48,44,44,
3741166,0000010D,false,Rx,0,8,ED,02,00,00,00,00,00,35,
3741406,0000010E,false,Rx,0,8,00,00,0A,00,00,00,00,00,
3744137,0000036F,false,Rx,0,8,F6,71,01,00,00,00,00,00,
3744291,0000037F,false,Rx,0,8,FC,60,52,24,41,02,00,00,
3746964,0000033B,false,Rx,0,8,2C,A0,30,00,00,00,00,00,
3747128,0000033C,false,Rx,0,8,00,00,00,00,F0,00,00,00,
3747421,0000033D,false,Rx,0,8,00,00,00,00,00,00,00,00,
3747635,00000356,false,Rx,0,8,B5,4D,98,00,00,00,00,00,
3747886,0000033E,false,Rx,0,8,00,00,00,00,00,00,00,00,
3748119,00000357,false,Rx,0,8,00,00,00,00,00,4B,4D,48,
3748366,00000358,false,Rx,0,8,35,41,45,4D,52,37,33,4F,
3748599,00000359,false,Rx,0,8,51,4F,34,52,4A,35,33,00,
3753336,00000061,false,Rx,0,8,D1,D4,FA,00,00,05,00,00,
3753430,00000062,false,Rx,0,8,02,02,00,01,40,FF,00,FF,
3753749,00000063,false,Rx,0,8,C8,00,15,00,00,08,FF,00,
3753914,00000064,false,Rx,0,8,04,00,00,04,FF,FA,00,00,
3756851,00000475,false,Rx,0,8,12,00,00,00,00,00,00,00,
3757324,00000496,false,Rx,0,8,12,00,00,00,00,00,00,00,
3757400,00000121,false,Rx,0,8,BC,07,34,00,00,00,00,01,
3757609,00000122,false,Rx,0,8,FE,01,00,00,44,44,44,44,
3757875,00000123,false,Rx,0,8,EE,02,00,00,00,00,00,35,
3758100,00000111,false,Rx,0,8,E1,60,E7,01,00,00,00,00,
3758354,00000124,false,Rx,0,8,00,00,0A,00,00,00,00,00,
3758598,00000112,false,Rx,0,8,00,00,00,00,00,00,00,00,
3758852,00000113,false,Rx,0,8,00,00,00,00,00,00,00,00,
3759096,00000401,false,Rx,0,8,F6,00,10,00,00,01,00,00,
3759352,00000114,false,Rx,0,8,00,00,00,00,00,00,00,00,
3760702,000000C5,false,Rx,1,8,00,00,00,00,00,00,00,00,
3760993,00000244,false,Rx,1,8,00,00,00,00,00,00,00,00,
3761530,000004B4,false,Rx,1,8,01,00,0D,40,10,60,44,02,
3761780,000004B5,false,Rx,1,8,08,00,F0,07,00,00,00,00,
3762063,000004B7,false,Rx,1,8,08,00,F0,07,00,00,00,00,
3762318,000004CA,false,Rx,1,8,00,00,00,00,00,00,00,00,
3762583,000004CC,false,Rx,1,8,08,00,00,2A,00,00,03,00,
3762869,000004CE,false,Rx,1,8,14,01,FF,FF,FF,FF,FF,FF,
3763284,0000011B,false,Rx,0,8,6E,29,3A,05,80,08,A8,02,
3763645,0000012B,false,Rx,0,8,29,D3,3A,06,00,00,08,00,
3763761,000004D7,false,Rx,1,8,23,01,00,00,00,00,00,00,
3763810,0000011C,false,Rx,0,8,00,05,20,00,22,00,01,01,
3763865,000004D8,false,Rx,1,8,41,10,F6,F0,40,F2,1E,CC,
3763918,0000012C,false,Rx,0,8,00,00,01,00,00,64,00,00,
3763964,000004DD,false,Rx,1,8,00,00,FE,00,04,00,00,00,
3764043,000000A1,false,Rx,0,8,34,ED,FB,8A,D4,EC,A2,00,
3764108,000004DF,false,Rx,1,8,00,00,08,00,00,00,00,00,
3764589,000000A2,false,Rx,0,8,00,00,00,00,00,00,00,00,
3764970,000001E6,false,Rx,0,8,9D,CF,06,C2,03,64,64,00,
3765061,000004E7,false,Rx,1,8,00,30,00,00,00,00,69,00,
3765116,000000A3,false,Rx,0,8,00,40,01,00,00,00,00,00,
3765169,000001BB,false,Rx,0,8,B6,0D,06,C2,03,64,64,0A,
3765251,000004E8,false,Rx,1,8,FF,FF,FF,29,FF,FF,FF,00,
3765595,000001BC,false,Rx,0,8,32,00,00,00,02,00,00,00,
3765743,000004E9,false,Rx,1,8,00,00,00,00,00,00,00,00,
3765801,00000405,false,Rx,0,8,D2,10,00,00,00,01,00,00,
3765998,000001BD,false,Rx,0,8,00,00,00,00,00,00,00,00,
3766051,000004EA,false,Rx,1,8,00,00,00,00,00,00,00,00,
3766262,00000410,false,Rx,0,8,A3,90,53,3C,B4,6A,FF,FF,
3766472,000001E7,false,Rx,0,8,00,00,22,03,00,01,00,00,
3766537,000004EB,false,Rx,1,8,04,68,2B,08,00,00,00,00,
3766751,00000411,false,Rx,0,8,BD,71,50,50,00,00,44,05,
3766963,00000413,false,Rx,0,8,F5,10,00,41,00,00,00,00,
3767026,000004EC,false,Rx,1,8,FF,FF,FF,FF,FF,FF,FF,0F,
3767239,00000412,false,Rx,0,8,F1,00,00,00,00,00,04,00,
3767508,00000414,false,Rx,0,8,87,A0,00,00,28,00,00,00,
3767585,000004ED,false,Rx,1,8,FF,FF,FF,FF,FF,FF,FF,1F,
3768048,00000416,false,Rx,0,8,55,00,00,00,00,00,00,00,
3768287,000004EE,false,Rx,1,8,FF,FF,00,00,00,00,00,00,
3768618,00000417,false,Rx,0,8,E6,30,00,00,00,00,00,00,
3768678,000004EF,false,Rx,1,8,60,00,60,00,29,14,00,00,
3768722,0000019B,false,Rx,0,8,DA,0A,DD,00,00,E4,00,00,
3769006,00000418,false,Rx,0,8,18,00,00,00,14,4C,00,00,
3769988,000004F0,false,Rx,1,8,4A,0D,2B,08,5C,1A,11,02,
3770186,0000019C,false,Rx,0,8,40,20,00,00,00,00,0B,09,
3770257,000004F1,false,Rx,1,8,00,C0,00,00,00,00,00,00,
3770328,0000019D,false,Rx,0,8,00,10,00,06,00,00,00,00,
3770375,000004F2,false,Rx,1,8,02,FF,DD,FF,03,01,00,00,
3770426,0000019E,false,Rx,0,8,15,23,00,00,00,32,00,00,
3770488,000004F3,false,Rx,1,8,00,00,00,00,30,00,00,00,
3770943,000004F9,false,Rx,1,8,E0,FF,FF,FF,FF,FF,FF,FF,
3771409,000004FE,false,Rx,1,8,69,23,00,03,CF,00,48,A8,
3771902,0000063D,false,Rx,1,8,00,80,00,00,00,00,00,00,
3772863,0000063E,false,Rx,1,8,FF,FF,FF,FF,FF,FF,FF,FF,
3773719,0000063F,false,Rx,1,8,00,10,00,C4,FF,00,00,00,
3773892,00000640,false,Rx,1,8,FF,FF,FF,00,FF,FF,FF,00,
3774108,00000641,false,Rx,1,8,FF,FF,FF,FF,0F,FF,FF,FF,
3774426,00000646,false,Rx,1,8,00,00,00,80,01,00,00,00,
3775018,00000419,false,Rx,0,8,72,D0,28,CE,A9,67,84,00,
3775897,00000036,false,Rx,0,8,23,C2,36,45,10,00,24,05,
3776391,00000037,false,Rx,0,8,00,00,00,10,00,40,00,00,
3776978,00000038,false,Rx,0,8,03,05,00,00,20,39,11,00,
3777085,00000039,false,Rx,0,8,00,00,00,00,00,00,00,00,
3781432,00000146,false,Rx,0,8,3E,57,0E,10,04,01,00,00,
3781524,00000147,false,Rx,0,8,00,04,7D,00,40,00,00,00,
3781860,00000148,false,Rx,0,8,00,00,00,00,00,7B,40,05,
3782003,00000149,false,Rx,0,8,00,00,00,00,00,00,00,00,
3782229,000001B1,false,Rx,0,8,50,51,0E,00,72,00,00,00,
3782482,000001B2,false,Rx,0,8,23,00,04,0D,57,01,50,0F,
3782714,000001B3,false,Rx,0,8,59,2C,00,00,63,7F,71,7B,
3782961,000001B4,false,Rx,0,8,68,78,17,00,00,40,00,00,
3787151,00000380,false,Rx,0,8,E2,43,00,00,00,00,00,01,
3788500,00000382,false,Rx,0,8,E1,B8,00,00,00,01,00,00,
3789121,00000383,false,Rx,0,8,AA,AA,00,00,00,0C,00,00,
3790235,00000384,false,Rx,0,8,26,8F,00,00,00,00,00,01,
3791267,0000010B,false,Rx,0,8,4C,C8,38,00,00,00,00,01,
3791359,0000010C,false,Rx,0,8,FE,01,00,00,43,48,44,44,
3791413,0000010D,false,Rx,0,8,ED,02,00,00,00,00,00,35,
3791532,0000010E,false,Rx,0,8,00,00,0A,00,00,00,00,00,
3795606,000003AA,false,Rx,0,8,FF,00,D0,00,54,00,00,00,
3798235,0000042A,false,Rx,0,8,BB,4A,00,01,00,10,00,00,
3800306,00000091,false,Rx,0,8,7A,6C,03,00,00,00,00,00,
3800388,00000092,false,Rx,0,8,00,00,00,00,00,00,00,00,
3800564,00000093,false,Rx,0,8,00,00,00,00,00,00,00,00,
3800897,00000094,false,Rx,0,8,00,00,00,00,00,00,00,00,
3802767,0000030B,false,Rx,0,8,D6,B6,30,00,04,00,00,00,
3802901,0000030C,false,Rx,0,8,00,00,0C,23,2C,00,A0,0F,
3802956,0000030D,false,Rx,0,8,00,00,00,00,42,00,00,00,
3803169,0000030E,false,Rx,0,8,00,00,28,05,21,00,00,00,
3803324,00000061,false,Rx,0,8,14,F9,FF,00,00,05,00,00,
3803710,000001FB,false,Rx,0,8,5D,E4,06,00,00,00,00,00,
3804255,00000062,false,Rx,0,8,02,02,00,01,40,FF,00,FF,
3804795,000001FC,false,Rx,0,8,00,00,00,00,00,00,00,00,
3804906,00000063,false,Rx,0,8,C7,00,15,00,00,08,FF,00,
3804958,000001FD,false,Rx,0,8,00,1A,03,00,00,00,00,00,
3805032,00000064,false,Rx,0,8,04,00,00,04,FF,FA,00,00,
3805089,000001FE,false,Rx,0,8,00,00,00,00,00,00,00,00,
3805309,00000396,false,Rx,0,8,E6,E7,02,0F,04,02,00,00,
3805547,00000495,false,Rx,0,8,49,00,00,00,00,00,00,00,
3805778,00000397,false,Rx,0,8,04,00,00,00,00,00,00,00,
3806033,00000398,false,Rx,0,8,00,00,00,00,00,00,00,00,
3806273,000002AB,false,Rx,0,8,13,6B,06,0C,0C,00,00,00,
3806539,000002AC,false,Rx,0,8,00,FF,FF,00,00,40,00,50,
3806965,000002AD,false,Rx,0,8,00,01,00,40,FF,FF,FF,0F,
3807075,000002AE,false,Rx,0,8,00,00,FF,3F,00,01,00,00,
3807295,00000121,false,Rx,0,8,B1,C1,39,00,00,00,00,01,
3807536,000002B6,false,Rx,0,8,C2,D4,06,00,01,00,00,40,
3807777,00000122,false,Rx,0,8,FE,01,00,00,44,44,44,44,
3808005,000002B7,false,Rx,0,8,00,00,D8,01,00,04,00,00,
3808285,00000123,false,Rx,0,8,EE,02,00,00,00,00,00,35,
3808769,000002B8,false,Rx,0,8,00,00,00,00,00,00,00,00,
3808854,00000124,false,Rx,0,8,00,00,0A,00,00,00,00,00,
3809022,000002B9,false,Rx,0,8,0A,00,00,00,00,00,00,00,
3809360,000002E1,false,Rx,0,8,98,2F,06,00,00,00,00,00,
3809903,000002E2,false,Rx,0,8,00,00,00,00,00,7E,00,04,
3809988,000002EB,false,Rx,0,8,21,B7,02,09,04,02,00,00,
3810048,000002D6,false,Rx,0,8,E5,06,02,00,00,00,00,00,
3810482,000002EC,false,Rx,0,8,12,00,00,00,00,00,00,00,
3810541,000002D7,false,Rx,0,8,00,00,00,00,03,00,00,00,
3810797,000002ED,false,Rx,0,8,00,00,00,00,00,00,00,00,
3811004,000002D8,false,Rx,0,8,00,00,00,00,00,00,38,44,
3811406,000002EE,false,Rx,0,8,00,00,00,00,00,00,00,00,
3811501,000001AB,false,Rx,0,8,02,FA,92,40,70,90,00,00,
3811965,000002D9,false,Rx,0,8,00,00,00,00,00,00,00,00,
3812070,000001AC,false,Rx,0,8,00,28,00,00,00,00,00,00,
3812380,000002E3,false,Rx,0,8,00,00,00,00,00,00,72,01,
3812513,000002E4,false,Rx,0,8,02,00,00,00,00,00,00,00,
3813004,000001A1,false,Rx,0,8,A7,EA,1F,FE,F7,7F,64,00,
3813084,0000011B,false,Rx,0,8,98,01,3F,05,80,08,A8,02,
3813255,0000012B,false,Rx,0,8,DF,FB,3F,06,00,00,08,00,
3813510,0000011C,false,Rx,0,8,00,05,20,00,22,00,01,01,
3813749,0000012C,false,Rx,0,8,00,00,01,00,00,64,00,00,
3813989,000000A1,false,Rx,0,8,4A,EF,00,8A,D4,EC,A2,00,
3814229,000001A2,false,Rx,0,8,00,00,00,00,00,08,00,00,
3814476,000000A2,false,Rx,0,8,00,00,00,00,00,00,00,00,
3814719,000001A3,false,Rx,0,8,FF,F3,3F,00,00,00,00,00,
3814972,000000A3,false,Rx,0,8,00,40,01,00,00,00,00,00,
3815215,000001A4,false,Rx,0,8,FE,07,00,00,00,00,00,00,
3815450,000003B6,false,Rx,0,8,89,08,02,00,00,00,00,44,
3815700,00000448,false,Rx,0,8,7F,00,00,00,00,00,00,00,
3815945,000003B7,false,Rx,0,8,43,00,00,00,00,00,00,00,
3816180,00000419,false,Rx,0,8,72,D0,28,CE,A9,67,84,00,
3816416,000003B8,false,Rx,0,8,E8,02,00,00,00,00,69,0E,
3816733,000003B9,false,Rx,0,8,00,00,00,00,00,00,00,00,
3818724,0000019B,false,Rx,0,8,35,23,E2,00,00,E4,00,00,
3819045,0000019C,false,Rx,0,8,40,20,00,00,00,00,0B,09,
3819113,0000019D,false,Rx,0,8,00,10,00,06,00,00,00,00,
3819298,0000019E,false,Rx,0,8,15,23,00,00,00,32,00,00,
3822804,00000161,false,Rx,0,8,3A,91,20,03,00,00,00,02,
3822907,00000162,false,Rx,0,8,FF,FC,01,00,00,00,00,00,
3825693,00000036,false,Rx,0,8,72,E1,3B,45,10,00,24,05,
3825784,00000037,false,Rx,0,8,00,00,00,10,00,40,00,00,
3826186,00000038,false,Rx,0,8,03,0B,00,00,20,39,11,00,
3826264,00000039,false,Rx,0,8,00,00,00,00,00,00,00,00,
3828736,00000566,false,Rx,0,8,16,02,00,00,00,00,FF,FF,
3830558,00000226,false,Rx,0,8,36,B1,1F,FF,00,20,09,42,
3830683,000002FF,false,Rx,0,8,83,B9,00,F0,3F,00,00,00,
3830924,00000227,false,Rx,0,8,02,C4,07,09,00,F1,FF,07,
3831160,00000316,false,Rx,0,8,38,38,11,04,00,80,0A,00,
3831422,00000317,false,Rx,0,8,00,00,05,00,00,00,00,00,
3831708,00000472,false,Rx,0,8,5C,EC,00,40,08,41,00,45,
3831927,00000473,false,Rx,0,8,5F,24,00,25,00,00,00,78,
3832195,00000474,false,Rx,0,8,53,98,00,00,00,00,00,10,
3834139,000001E1,false,Rx,0,8,24,70,0D,02,00,00,00,00,
3834348,000001E2,false,Rx,0,8,00,00,00,00,00,00,00,00,
3839138,00000419,false,Rx,0,8,CB,E0,28,CE,99,67,84,00,
3840580,000003A1,false,Rx,0,8,B3,B0,3E,00,FF,FF,FF,FF,
3840682,000003A2,false,Rx,0,8,00,00,00,00,00,00,00,00,
3841082,0000010B,false,Rx,0,8,52,48,3D,00,00,00,00,01,
3841177,0000010C,false,Rx,0,8,FF,01,00,00,43,48,44,44,
3841588,0000010D,false,Rx,0,8,ED,02,00,00,00,00,00,35,
3842186,0000010E,false,Rx,0,8,00,00,0A,00,00,00,00,00,
3848981,0000036F,false,Rx,0,8,5F,81,01,00,00,00,00,00,
3849074,0000037F,false,Rx,0,8,45,70,52,24,41,02,00,00,
3851691,00000487,false,Rx,1,8,00,00,00,00,00,00,00,00,
3851848,00000642,false,Rx,1,8,FF,FF,FF,FF,FF,FF,00,00,
3852250,00000645,false,Rx,1,8,7F,86,07,39,EF,3B,56,00,
3853404,00000061,false,Rx,0,8,5B,C0,04,00,00,05,00,00,
3853493,00000062,false,Rx,0,8,02,02,00,01,40,FF,00,FF,
3853795,00000063,false,Rx,0,8,C7,00,15,00,00,08,FF,00,
3853901,00000064,false,Rx,0,8,04,00,00,04,FF,FA,00,00,
3855395,000000FF,false,Rx,0,8,CB,10,00,00,00,00,02,00,
3856085,00000394,false,Rx,0,8,2A,22,1A,49,00,00,00,00,
3856260,000003C3,false,Rx,0,8,45,10,31,30,36,00,00,00,
3856561,000003E0,false,Rx,0,8,F8,80,01,00,10,04,00,00,
3857002,000003E5,false,Rx,0,8,48,40,01,00,00,00,00,00,
3857240,00000121,false,Rx,0,8,23,F3,3E,00,00,00,00,01,
3857487,000003E6,false,Rx,0,8,A1,40,00,00,00,00,00,00,
3857722,00000122,false,Rx,0,8,FF,01,00,00,44,44,44,44,
3857966,0000041A,false,Rx,0,8,24,40,12,00,50,00,00,00,
3858211,00000123,false,Rx,0,8,EE,02,00,00,00,00,00,35,
3858453,0000041B,false,Rx,0,8,BE,70,00,00,00,00,00,00,
3858810,00000124,false,Rx,0,8,00,00,0A,00,00,00,00,00,
3858968,0000041C,false,Rx,0,8,84,D0,E8,00,00,00,00,00,
3859596,00000422,false,Rx,0,8,FA,20,01,00,00,00,04,00,
3859668,00000432,false,Rx,0,8,03,20,02,00,00,00,00,00,
3859955,00000435,false,Rx,0,8,B5,D0,00,50,00,00,00,FF,
3860206,00000464,false,Rx,0,8,6C,30,F0,FF,38,7F,05,00,
3861054,00000442,false,Rx,0,8,CE,20,11,81,00,00,00,00,
3861142,00000444,false,Rx,0,8,AA,30,30,4F,05,05,00,00,
3861185,00000445,false,Rx,0,8,B9,00,00,00,00,00,00,18,
3862927,0000011B,false,Rx,0,8,66,11,44,05,80,08,A8,02,
3863071,0000012B,false,Rx,0,8,21,EB,44,06,00,00,08,00,
3863388,0000011C,false,Rx,0,8,00,05,20,00,22,00,01,01,
3863862,0000012C,false,Rx,0,8,00,00,01,00,00,64,00,00,
3863940,000000A1,false,Rx,0,8,45,04,05,8A,D4,EC,A2,00,
3864327,00000236,false,Rx,0,8,C1,80,06,10,30,63,34,6C,
3864617,000000A2,false,Rx,0,8,00,00,00,00,00,00,00,00,
3864736,00000151,false,Rx,0,8,74,03,06,A0,C8,00,28,15,
3864790,000000A3,false,Rx,0,8,00,40,01,00,00,00,00,00,
3865002,00000152,false,Rx,0,8,12,14,14,00,00,00,00,00,
3865327,00000237,false,Rx,0,8,00,04,94,00,00,5D,1D,00,
3865490,00000153,false,Rx,0,8,00,00,00,00,00,00,00,00,
3865849,000001F6,false,Rx,0,8,27,25,06,00,00,00,00,0C,
3865964,00000154,false,Rx,0,8,00,00,00,00,00,00,00,00,
3866224,000001F7,false,Rx,0,8,00,00,00,00,00,00,00,00,
3866463,000002FB,false,Rx,0,8,49,FC,06,00,0C,14,C3,C3,
3866715,000001F8,false,Rx,0,8,00,00,00,00,00,00,00,00,
3867131,000002FC,false,Rx,0,8,00,00,12,15,00,00,7B,96,
3867221,000001F9,false,Rx,0,8,00,00,A0,C8,14,00,00,00,
3867739,000002FD,false,Rx,0,8,00,00,00,00,00,1C,10,EA,
3867807,00000238,false,Rx,0,8,00,00,0C,00,00,00,00,00,
3867945,000002FE,false,Rx,0,8,00,00,72,01,00,28,00,00,
3868394,00000239,false,Rx,0,8,00,00,00,00,01,00,00,00,
3868793,0000019B,false,Rx,0,8,4A,0F,E7,00,00,E4,00,00,
3868873,0000025B,false,Rx,0,8,BC,DB,06,40,40,20,00,00,
3868923,0000019C,false,Rx,0,8,40,20,00,00,00,00,0B,09,
3869223,0000025C,false,Rx,0,8,00,00,00,00,BD,68,14,00,
3869387,0000019D,false,Rx,0,8,00,10,00,06,00,00,00,00,
3869654,0000025D,false,Rx,0,8,00,C8,00,00,00,80,C0,70,
3869879,0000019E,false,Rx,0,8,15,23,00,00,00,32,00,00,
3870125,0000025E,false,Rx,0,8,51,07,0E,07,00,00,00,00,
3870347,00000326,false,Rx,0,8,8F,B0,06,00,10,00,00,00,
3870662,00000327,false,Rx,0,8,00,00,00,00,01,00,00,00,
3870930,00000328,false,Rx,0,8,00,00,00,00,00,00,00,00,
3871202,00000329,false,Rx,0,8,A0,00,00,00,00,00,00,00,
3871574,00000331,false,Rx,0,8,59,C2,06,F1,C8,A0,2C,97,
3871760,00000332,false,Rx,0,8,00,00,00,00,00,00,00,00,
3872025,00000333,false,Rx,0,8,00,00,00,1C,0C,40,20,A0,
3872267,00000334,false,Rx,0,8,C8,00,00,00,5C,70,B7,8F,
3874313,00000419,false,Rx,0,8,0F,00,33,CE,99,67,84,00,
3875478,00000036,false,Rx,0,8,D3,9E,40,45,10,00,24,05,
3875733,00000037,false,Rx,0,8,00,00,00,10,00,40,00,00,
3875984,00000038,false,Rx,0,8,03,0B,00,00,20,39,11,00,
3876243,00000039,false,Rx,0,8,00,00,00,00,00,00,00,00,
3881508,00000146,false,Rx,0,8,F6,55,13,10,04,01,00,00,
3881596,00000147,false,Rx,0,8,00,04,7D,00,40,00,00,00,
3881947,00000148,false,Rx,0,8,00,00,00,00,00,7B,40,05,
3882043,000001B1,false,Rx,0,8,98,53,13,00,72,00,00,00,
3882296,00000149,false,Rx,0,8,00,00,00,00,00,00,00,00,
3882533,000001B2,false,Rx,0,8,23,00,04,0D,57,01,50,0F,
3882771,000001B3,false,Rx,0,8,59,2C,00,00,63,7F,71,7B,
3883024,000001B4,false,Rx,0,8,68,78,17,00,00,40,00,00,
3888165,000001F1,false,Rx,0,8,BA,0E,9B,01,00,00,28,00,
3888277,000001F2,false,Rx,0,8,00,00,00,00,00,00,00,00,
3890781,0000010B,false,Rx,0,8,89,B2,42,00,00,00,00,01,
3890918,0000010C,false,Rx,0,8,FF,01,00,00,43,48,44,44,
3891170,0000010D,false,Rx,0,8,EF,02,00,00,00,00,00,35,
3891659,0000010E,false,Rx,0,8,00,00,0A,00,00,00,00,00,
3892826,000004A3,false,Rx,1,8,80,00,48,0B,3E,00,00,00,
3893057,000004A4,false,Rx,1,8,FF,FF,FF,00,00,00,00,00,
3900197,00000091,false,Rx,0,8,89,F2,04,00,00,00,00,00,
3900297,00000092,false,Rx,0,8,00,00,00,00,00,00,00,00,
3900611,00000093,false,Rx,0,8,00,00,00,00,00,00,00,00,
3900880,00000094,false,Rx,0,8,00,00,00,00,00,00,00,00,
3903217,00000061,false,Rx,0,8,56,06,09,00,00,05,00,00,
3903395,000002BF,false,Rx,0,8,FF,FF,FF,00,00,00,00,00,
3903640,00000062,false,Rx,0,8,02,02,00,01,40,FF,00,FF,
3903901,0000047F,false,Rx,0,8,FF,FF,FF,FF,FF,FF,FF,FF,
3904135,00000063,false,Rx,0,8,C7,00,15,00,00,08,FF,00,
3904368,00000251,false,Rx,0,8,FC,E2,06,00,00,00,00,00,
3904629,00000064,false,Rx,0,8,04,00,00,04,FF,FA,00,00,
3904875,00000252,false,Rx,0,8,00,00,00,00,03,00,00,00,
3905153,00000653,false,Rx,0,8,0A,19,03,01,02,2A,00,00,
3905353,00000253,false,Rx,0,8,00,00,00,00,00,00,80,46,
3906566,000002C1,false,Rx,0,8,33,AD,04,21,00,41,00,A1,
3906844,000002C2,false,Rx,0,8,40,00,00,00,00,00,00,00,
3907095,000002C3,false,Rx,0,8,00,00,00,00,00,00,00,00,
3907334,00000121,false,Rx,0,8,43,48,43,00,00,00,00,01,
3907582,000002C4,false,Rx,0,8,00,00,00,00,00,00,00,00,
3907819,00000122,false,Rx,0,8,FF,01,00,00,44,44,44,44,
3908104,00000123,false,Rx,0,8,F0,02,00,00,00,00,00,35,
3908350,00000124,false,Rx,0,8,00,00,0A,00,00,00,00,00,
3911506,000001AB,false,Rx,0,8,F4,D2,97,40,70,90,00,00,
3911684,000003B0,false,Rx,0,8,72,37,FF,C7,00,00,03,C0,
3911932,000001AC,false,Rx,0,8,00,28,00,00,00,00,00,00,
3912178,000003B1,false,Rx,0,8,9B,3C,FF,40,00,00,20,00,
3912794,000001A1,false,Rx,0,8,71,B6,24,FE,F7,7F,64,00,
3913083,0000011B,false,Rx,0,8,15,28,49,05,80,08,A8,02,
3913277,0000012B,false,Rx,0,8,52,D2,49,06,00,00,08,00,
3913515,0000011C,false,Rx,0,8,00,05,20,00,22,00,01,01,
3913763,0000012C,false,Rx,0,8,00,00,01,00,00,64,00,00,
3913983,000000A1,false,Rx,0,8,75,29,0A,8A,D4,EC,A2,00,
3914233,000001A2,false,Rx,0,8,00,00,00,00,00,08,00,00,
3914527,000000A2,false,Rx,0,8,00,00,00,00,00,00,00,00,
3914728,000001A3,false,Rx,0,8,FF,F3,3F,00,00,00,00,00,
3914979,000000A3,false,Rx,0,8,00,40,01,00,00,00,00,00,
3915219,000001A4,false,Rx,0,8,FE,07,00,00,00,00,00,00,
3915502,00000256,false,Rx,0,8,93,39,06,05,01,00,00,00,
3915685,000001BB,false,Rx,0,8,86,20,09,C2,03,64,64,0A,
3915925,00000257,false,Rx,0,8,00,7E,00,00,83,04,01,7B,
3916165,000001BC,false,Rx,0,8,32,00,00,00,02,00,00,00,
3916421,00000258,false,Rx,0,8,00,17,1D,00,10,15,00,28,
3916672,000001BD,false,Rx,0,8,00,00,00,00,00,00,00,00,
3916907,00000259,false,Rx,0,8,EC,03,11,3C,F0,01,00,00,
3917140,000001E6,false,Rx,0,8,87,B6,09,C2,03,64,64,00,
3917376,000002E6,false,Rx,0,8,33,64,06,01,00,00,00,15,
3917616,000001E7,false,Rx,0,8,00,00,22,03,00,01,00,00,
3917881,000002E7,false,Rx,0,8,0A,00,00,00,00,00,00,00,
3918106,000003B2,false,Rx,0,8,36,15,FF,02,29,2F,34,00,
3918343,0000019B,false,Rx,0,8,F2,0E,EC,00,00,E4,00,00,
3918585,000002E8,false,Rx,0,8,00,00,00,00,00,00,00,00,
3918818,0000019C,false,Rx,0,8,40,20,00,00,00,00,0B,09,
3919084,000002E9,false,Rx,0,8,00,00,00,00,00,00,00,00,
3919330,0000019D,false,Rx,0,8,00,10,00,06,00,00,00,00,
3919559,00000419,false,Rx,0,8,0F,00,33,CE,99,67,84,00,
3919789,0000019E,false,Rx,0,8,15,23,00,00,00,32,00,00,
3920044,00000427,false,Rx,0,8,1D,86,FF,00,80,0A,00,00,
3922675,00000161,false,Rx,0,8,CC,B9,25,03,00,00,00,02,
3922935,00000162,false,Rx,0,8,FF,FC,01,00,00,00,00,00,
3924326,00000516,false,Rx,0,8,61,02,00,00,00,00,FF,FF,
3924439,000004E8,false,Rx,1,8,FF,FF,FF,29,FF,FF,FF,00,
3925583,00000036,false,Rx,0,8,33,B7,45,45,10,00,24,05,
3925738,00000037,false,Rx,0,8,00,00,00,10,00,40,00,00,
3925997,00000038,false,Rx,0,8,03,0B,00,00,20,39,12,00,
3926254,00000039,false,Rx,0,8,00,00,00,00,00,00,00,00,
3940875,0000010B,false,Rx,0,8,F6,9E,47,00,00,00,00,01,
3940969,0000010C,false,Rx,0,8,FF,01,00,00,43,48,44,44,
3941322,0000010D,false,Rx,0,8,EF,02,00,00,00,00,00,35,
3941785,0000010E,false,Rx,0,8,00,00,0A,00,00,00,00,00,
3944303,00000419,false,Rx,0,8,0F,10,33,CE,81,67,84,00,
3947086,0000033B,false,Rx,0,8,A0,12,32,00,00,00,00,00,
3947181,0000033C,false,Rx,0,8,00,00,00,00,F0,00,00,00,
3947532,0000033D,false,Rx,0,8,00,00,00,00,00,00,00,00,
3947992,00000356,false,Rx,0,8,F3,14,99,00,00,00,00,00,
3948142,0000033E,false,Rx,0,8,00,00,00,00,00,00,00,00,
3948196,00000357,false,Rx,0,8,00,00,00,00,00,4B,4D,48,
3948396,00000358,false,Rx,0,8,35,41,45,4D,52,37,33,4F,
3948653,00000359,false,Rx,0,8,51,4F,34,52,4A,35,33,00,
3948903,0000036F,false,Rx,0,8,E6,91,01,00,00,00,00,00,
3949447,0000037F,false,Rx,0,8,EC,80,52,24,41,02,00,00,
3953472,00000061,false,Rx,0,8,A5,98,0E,00,00,05,00,00,
3953569,00000062,false,Rx,0,8,02,02,00,01,40,FF,00,FF,
3953656,00000063,false,Rx,0,8,C7,00,15,00,00,08,FF,00,
3954011,00000064,false,Rx,0,8,04,00,00,04,FF,FA,00,00,
3955217,00000485,false,Rx,0,8,00,40,11,02,00,00,00,00,
3957032,00000475,false,Rx,0,8,12,00,00,00,00,00,00,00,
3957127,00000496,false,Rx,0,8,12,00,00,00,00,00,00,00,
3957416,00000121,false,Rx,0,8,FB,49,48,00,00,00,00,01,
3957580,00000122,false,Rx,0,8,FF,01,00,00,44,44,44,44,
3957878,00000123,false,Rx,0,8,F0,02,00,00,00,00,00,35,
3958247,00000111,false,Rx,0,8,60,14,E8,01,00,00,00,00,
3958300,00000124,false,Rx,0,8,00,00,0A,00,00,00,00,00,
3958566,00000112,false,Rx,0,8,00,00,00,00,00,00,00,00,
3958813,00000113,false,Rx,0,8,00,00,00,00,00,00,00,00,
3959067,00000401,false,Rx,0,8,F6,00,10,00,00,01,00,00,
3959310,00000114,false,Rx,0,8,00,00,00,00,00,00,00,00,
3963073,0000011B,false,Rx,0,8,8A,40,4E,05,80,08,A8,02,
3963168,0000012B,false,Rx,0,8,CD,BA,4E,06,00,00,08,00,
3963556,0000011C,false,Rx,0,8,00,05,20,00,22,00,01,01,
3963629,0000012C,false,Rx,0,8,00,00,01,00,00,64,00,00,
3963963,000000A1,false,Rx,0,8,7A,C2,0F,8A,D4,EC,A2,00,
3964072,000000A2,false,Rx,0,8,00,00,00,00,00,00,00,00,
3964194,000000C5,false,Rx,1,8,00,00,00,00,00,00,00,00,
3964508,000000A3,false,Rx,0,8,00,40,01,00,00,00,00,00,
3964637,00000244,false,Rx,1,8,00,00,00,00,00,00,00,00,
3965131,000003E4,false,Rx,1,8,FE,00,00,00,00,00,00,00,
3965609,000004B4,false,Rx,1,8,01,00,0D,40,10,60,44,02,
3966102,000004B5,false,Rx,1,8,08,00,F0,07,00,00,00,00,
3966583,000004B7,false,Rx,1,8,08,00,F0,07,00,00,00,00,
3966844,000004CA,false,Rx,1,8,00,00,00,00,00,00,00,00,
3967142,000004CC,false,Rx,1,8,08,00,00,2A,00,00,03,00,
3967418,000004CE,false,Rx,1,8,14,01,FF,FF,FF,FF,FF,FF,
3967693,000004D7,false,Rx,1,8,23,01,00,00,00,00,00,00,
3967939,000004D8,false,Rx,1,8,41,10,F6,F0,40,F2,1E,CC,
3968198,000004DD,false,Rx,1,8,00,00,FE,00,04,00,00,00,
3968474,000004DF,false,Rx,1,8,00,00,08,00,00,00,00,00,
3968760,0000019B,false,Rx,0,8,3A,0C,F1,00,00,E4,00,00,
3968849,000004E7,false,Rx,1,8,00,30,00,00,00,00,69,00,
3968943,0000019C,false,Rx,0,8,40,20,00,00,00,00,0B,09,
3968992,000004E8,false,Rx,1,8,FF,FF,FF,29,FF,FF,FF,00,
3969235,00000405,false,Rx,0,8,D2,10,00,00,00,01,00,00,
3969448,0000019D,false,Rx,0,8,00,10,00,06,00,00,00,00,
3969525,000004E9,false,Rx,1,8,00,00,00,00,00,00,00,00,
3969667,00000410,false,Rx,0,8,A3,90,53,3C,B4,6A,FF,FF,
3969921,0000019E,false,Rx,0,8,15,23,00,00,00,32,00,00,
3969986,000004EA,false,Rx,1,8,00,00,00,00,00,00,00,00,
3970151,00000411,false,Rx,0,8,BD,71,50,50,00,00,44,05,
3970429,00000413,false,Rx,0,8,F5,10,00,41,00,00,00,00,
3970500,000004EB,false,Rx,1,8,04,68,2B,08,00,00,00,00,
3970658,00000412,false,Rx,0,8,F1,00,00,00,00,00,04,00,
3970933,00000414,false,Rx,0,8,87,A0,00,00,28,00,00,00,
3971009,000004EC,false,Rx,1,8,FF,FF,FF,FF,FF,FF,FF,0F,
3971405,00000416,false,Rx,0,8,55,00,00,00,00,00,00,00,
3971482,000004ED,false,Rx,1,8,FF,FF,FF,FF,FF,FF,FF,1F,
3971885,00000417,false,Rx,0,8,E6,30,00,00,00,00,00,00,
3971951,000004EE,false,Rx,1,8,FF,FF,00,00,00,00,00,00,
3972423,000004EF,false,Rx,1,8,60,00,60,00,29,14,00,00,
3972633,00000418,false,Rx,0,8,18,00,00,00,14,4C,00,00,
3972914,0000063D,false,Rx,1,8,00,80,00,00,00,00,00,00,
3973404,0000063E,false,Rx,1,8,FF,FF,FF,FF,FF,FF,FF,FF,
3973898,0000063F,false,Rx,1,8,00,10,00,C4,FF,00,00,00,
3974398,00000640,false,Rx,1,8,FF,FF,FF,00,FF,FF,FF,00,
3974875,00000641,false,Rx,1,8,FF,FF,FF,FF,0F,FF,FF,FF,
3975369,00000646,false,Rx,1,8,00,00,00,80,01,00,00,00,
3975790,00000036,false,Rx,0,8,B2,C3,4A,45,10,00,24,05,
3976257,00000037,false,Rx,0,8,00,00,00,10,00,40,00,00,
3976443,00000038,false,Rx,0,8,03,0B,00,00,20,39,12,00,
3976701,00000039,false,Rx,0,8,00,00,00,00,00,00,00,00,
3978993,00000419,false,Rx,0,8,13,20,30,CE,81,67,84,00,
3981222,00000146,false,Rx,0,8,4E,54,18,10,04,01,00,00,
3981410,00000147,false,Rx,0,8,00,04,7D,00,40,00,00,00,
3981663,00000148,false,Rx,0,8,00,00,00,00,00,7B,40,05,
3981924,00000149,false,Rx,0,8,00,00,00,00,00,00,00,00,
3982159,000001B1,false,Rx,0,8,20,52,18,00,72,00,00,00,
3982426,000001B2,false,Rx,0,8,23,00,04,0D,57,01,50,0F,
3982659,000001B3,false,Rx,0,8,59,2C,00,00,63,7F,71,7B,
3982915,000001B4,false,Rx,0,8,68,78,17,00,00,40,00,00,
3983278,000001E1,false,Rx,0,8,5D,6A,10,02,00,00,00,00,
3983535,000001E2,false,Rx,0,8,00,00,00,00,00,00,00,00,
3987532,00000380,false,Rx,0,8,E2,43,00,00,00,00,00,01,
3988081,00000382,false,Rx,0,8,E1,B8,00,00,00,01,00,00,
3988967,00000383,false,Rx,0,8,AA,AA,00,00,00,0C,00,00,
3989966,00000384,false,Rx,0,8,26,8F,00,00,00,00,00,01,
3991064,0000010B,false,Rx,0,8,4E,9F,4C,00,00,00,00,01,
3991167,0000010C,false,Rx,0,8,FF,01,00,00,43,48,44,44,
3991372,0000010D,false,Rx,0,8,EF,02,00,00,00,00,00,35,
3991496,0000010E,false,Rx,0,8,00,00,0A,00,00,00,00,00,
3995551,000003AA,false,Rx,0,8,FF,00,D0,00,54,00,00,00,
3998185,0000042A,false,Rx,0,8,BB,4A,00,01,00,10,00,00,
4000096,00000091,false,Rx,0,8,CF,AB,05,00,00,00,00,00,
4000295,00000092,false,Rx,0,8,00,00,00,00,00,00,00,00,
4000556,00000093,false,Rx,0,8,00,00,00,00,00,00,00,00,
4000828,00000094,false,Rx,0,8,00,00,00,00,00,00,00,00,
4002287,0000030B,false,Rx,0,8,5A,04,32,00,04,00,00,00,
4002496,0000030C,false,Rx,0,8,00,00,0C,23,2C,00,A0,0F,
4002760,0000030D,false,Rx,0,8,00,00,00,00,42,00,00,00,
4002996,0000030E,false,Rx,0,8,00,00,28,05,21,00,00,00,
4003232,00000061,false,Rx,0,8,6D,9A,13,00,00,05,00,00,
4003496,000001FB,false,Rx,0,8,9A,C9,08,00,00,00,00,00,
4003722,00000062,false,Rx,0,8,02,02,00,01,40,FF,00,FF,
4003973,000001FC,false,Rx,0,8,00,00,00,00,00,00,00,00,
4004219,00000063,false,Rx,0,8,C7,00,15,00,00,08,FF,00,
4004477,000001FD,false,Rx,0,8,00,1A,03,00,00,00,00,00,
4004712,00000064,false,Rx,0,8,04,00,00,04,FF,FA,00,00,
4004864,000004E8,false,Rx,1,8,FF,FF,FF,29,FF,FF,FF,00,
4005041,000001FE,false,Rx,0,8,00,00,00,00,00,00,00,00,
4005212,00000396,false,Rx,0,8,CF,49,03,0F,04,01,00,00,
4005441,00000495,false,Rx,0,8,49,00,00,00,00,00,00,00,
4005733,00000397,false,Rx,0,8,35,00,00,00,00,00,00,00,
4006190,000002AB,false,Rx,0,8,D4,46,08,0C,0C,00,00,00,
4006422,00000398,false,Rx,0,8,00,00,00,00,00,00,00,00,
4006671,000002AC,false,Rx,0,8,00,FF,FF,00,00,40,00,50,
4006945,000002AD,false,Rx,0,8,00,01,00,40,FF,FF,FF,0F,
4007420,00000121,false,Rx,0,8,84,65,4D,00,00,00,00,01,
4007503,000002AE,false,Rx,0,8,00,00,FF,3F,00,01,00,00,
4007713,00000122,false,Rx,0,8,FF,01,00,00,44,44,44,44,
4008022,000002B6,false,Rx,0,8,2B,99,08,00,01,00,00,40,
4008619,00000123,false,Rx,0,8,F0,02,00,00,00,00,00,35,
4008685,000002B7,false,Rx,0,8,95,01,C1,00,00,04,00,00,
4008728,00000124,false,Rx,0,8,00,00,0A,00,00,00,00,00,
4008917,000002B8,false,Rx,0,8,B2,61,11,00,00,00,00,00,
4009660,000002B9,false,Rx,0,8,0A,00,00,00,00,00,00,00,
4009776,000002E1,false,Rx,0,8,5F,02,08,00,00,00,00,00,
4009843,000002D6,false,Rx,0,8,A3,5F,03,00,00,00,00,00,
4009923,000002EB,false,Rx,0,8,9B,BB,03,09,04,01,00,00,
4010178,000002D7,false,Rx,0,8,00,00,00,00,03,00,00,00,
4010415,000002EC,false,Rx,0,8,0A,00,00,00,00,00,00,00,
4010655,000002D8,false,Rx,0,8,00,00,00,00,00,00,38,44,
4010906,000001AB,false,Rx,0,8,3C,2B,9C,40,70,90,00,00,
4011141,000002D9,false,Rx,0,8,00,00,00,00,00,00,00,00,
4011434,000001AC,false,Rx,0,8,00,28,00,00,00,00,00,00,
4011637,000002E2,false,Rx,0,8,00,00,00,00,00,7E,00,04,
4011990,000002ED,false,Rx,0,8,00,00,00,00,00,00,00,00,
4012129,000002E3,false,Rx,0,8,00,00,00,00,00,00,72,01,
4012383,000002EE,false,Rx,0,8,00,00,00,00,00,00,00,00,
4012635,000002E4,false,Rx,0,8,02,00,00,00,00,00,00,00,
4012879,000001A1,false,Rx,0,8,7C,70,29,FE,F7,7F,64,00,
4013100,0000011B,false,Rx,0,8,F3,5A,53,05,80,08,A8,02,
4013332,0000012B,false,Rx,0,8,B4,A0,53,06,00,00,08,00,
4013584,0000011C,false,Rx,0,8,00,05,20,00,22,00,01,01,
4013823,0000012C,false,Rx,0,8,00,00,01,00,00,64,00,00,
4014296,000000A1,false,Rx,0,8,15,73,14,8A,D4,EC,A2,00,
4014357,000001A2,false,Rx,0,8,00,00,00,00,00,08,00,00,
4014823,000000A2,false,Rx,0,8,00,00,00,00,00,00,00,00,
4015374,000001A3,false,Rx,0,8,FF,F3,3F,00,00,00,00,00,
4015441,000000A3,false,Rx,0,8,00,40,01,00,00,00,00,00,
4015852,000001A4,false,Rx,0,8,FE,07,00,00,00,00,00,00,
4016460,000003B6,false,Rx,0,8,BD,51,03,00,00,00,00,44,
4016807,00000448,false,Rx,0,8,7F,00,00,00,00,00,00,00,
4016899,000003B7,false,Rx,0,8,43,00,00,00,00,00,00,00,
4017174,000003B8,false,Rx,0,8,EB,02,00,00,00,00,69,0E,
4017279,000003B9,false,Rx,0,8,00,00,00,00,00,00,00,00,
4019041,0000019B,false,Rx,0,8,C9,92,F6,00,00,E4,00,00,
4019133,0000019C,false,Rx,0,8,40,20,00,00,00,00,0B,09,
4019176,0000019D,false,Rx,0,8,00,10,00,06,00,00,00,00,
4019235,00000419,false,Rx,0,8,13,20,30,CE,81,67,84,00,
4019282,0000019E,false,Rx,0,8,15,23,00,00,00,32,00,00,
4022739,00000161,false,Rx,0,8,D6,C0,2A,03,00,00,00,02,
4022951,00000162,false,Rx,0,8,FF,FC,01,00,00,00,00,00,
4025529,00000561,false,Rx,0,8,63,02,00,00,00,00,FF,FF,
4025690,00000036,false,Rx,0,8,63,9D,4F,45,10,00,24,05,
4025947,00000037,false,Rx,0,8,00,00,00,10,00,40,00,00,
4026196,00000038,false,Rx,0,8,03,0C,00,00,20,39,12,00,
4026447,00000039,false,Rx,0,8,00,00,00,00,00,00,00,00,
4030217,00000226,false,Rx,0,8,16,05,21,FF,00,20,09,42,
4030391,000002FF,false,Rx,0,8,83,B9,00,F0,3F,00,00,00,
4030629,00000227,false,Rx,0,8,02,C4,07,09,00,F1,FF,07,
4030877,00000316,false,Rx,0,8,75,D0,12,04,00,80,0A,00,
4031099,00000472,false,Rx,0,8,5C,EC,00,40,08,41,00,45,
4031346,00000317,false,Rx,0,8,00,00,05,00,00,00,00,00,
4031589,00000473,false,Rx,0,8,5F,24,00,25,00,00,00,78,
4031852,00000474,false,Rx,0,8,53,98,00,00,00,00,00,10,
4038025,000001F1,false,Rx,0,8,4C,26,9E,01,00,00,28,00,
4038267,000001F2,false,Rx,0,8,00,00,00,00,00,00,00,00,
4040208,000003A1,false,Rx,0,8,97,18,3F,00,FF,FF,FF,FF,
4040461,000003A2,false,Rx,0,8,00,00,00,00,00,00,00,00,
4040767,0000010B,false,Rx,0,8,86,9D,51,00,00,00,00,01,
4041065,0000010C,false,Rx,0,8,FF,01,00,00,43,48,44,44,
4041308,0000010D,false,Rx,0,8,EF,02,00,00,00,00,00,35,
4041564,0000010E,false,Rx,0,8,00,00,0A,00,00,00,00,00,
4044103,00000419,false,Rx,0,8,DD,30,30,CE,69,67,84,00,
4049214,0000036F,false,Rx,0,8,30,A1,01,00,00,00,00,00,
4049312,0000037F,false,Rx,0,8,55,90,52,24,41,02,00,00,
4053362,00000061,false,Rx,0,8,D5,9B,18,00,00,05,00,00,
4053452,00000062,false,Rx,0,8,02,02,00,01,40,FF,00,FF,
4053700,00000063,false,Rx,0,8,C7,00,15,00,00,08,FF,00,
4053905,00000064,false,Rx,0,8,04,00,00,04,FF,FA,00,00,
4055244,000000FF,false,Rx,0,8,CB,10,00,00,00,00,02,00,
4056406,00000394,false,Rx,0,8,2A,22,1A,49,00,00,00,00,
4056522,000003C3,false,Rx,0,8,45,10,31,30,36,00,00,00,
4056591,000003E0,false,Rx,0,8,F8,80,01,00,10,04,00,00,
4057202,000003E5,false,Rx,0,8,48,40,01,00,00,00,00,00,
4057988,00000121,false,Rx,0,8,5D,89,52,00,00,00,00,01,
4058358,000003E6,false,Rx,0,8,A1,40,00,00,00,00,00,00,
4058533,00000487,false,Rx,1,8,00,00,00,00,00,00,00,00,
4059072,00000122,false,Rx,0,8,FF,D9,67,1F,44,44,44,44,
4059157,0000041A,false,Rx,0,8,24,40,12,00,50,00,00,00,
4059253,00000642,false,Rx,1,8,FF,FF,FF,FF,FF,FF,00,00,
4059303,00000123,false,Rx,0,8,F0,02,00,00,10,00,00,35,
4059353,0000041B,false,Rx,0,8,BE,70,00,00,00,00,00,00,
4059717,00000124,false,Rx,0,8,00,00,0A,00,00,00,20,40,
4059798,0000041C,false,Rx,0,8,84,D0,E8,00,00,00,00,00,
4059967,00000422,false,Rx,0,8,FA,20,01,00,00,00,04,00,
4060044,00000432,false,Rx,0,8,03,20,02,00,00,00,00,00,
4061078,00000435,false,Rx,0,8,B5,D0,00,50,00,00,00,FF,
4061182,00000442,false,Rx,0,8,CE,20,11,81,00,00,00,00,
4061230,00000444,false,Rx,0,8,AA,30,30,4F,05,05,00,00,
4061710,00000445,false,Rx,0,8,B9,00,00,00,00,00,00,18,
4062020,00000464,false,Rx,0,8,6C,30,F0,FF,38,7F,05,00,
4063156,0000011B,false,Rx,0,8,3B,A3,58,05,80,08,A8,02,
4063226,0000012B,false,Rx,0,8,7C,59,58,06,00,00,08,00,
4063339,0000011C,false,Rx,0,8,00,05,20,00,22,00,01,01,
4063590,0000012C,false,Rx,0,8,00,00,01,00,00,64,00,00,
4063861,000000A1,false,Rx,0,8,23,30,19,8A,D4,EC,A2,00,
4064059,00000151,false,Rx,0,8,B3,2E,08,A0,C8,00,28,15,
4064299,000000A2,false,Rx,0,8,00,00,00,00,00,00,00,00,
4064593,00000152,false,Rx,0,8,12,14,14,00,00,00,00,00,
4064794,000000A3,false,Rx,0,8,00,40,01,00,00,00,00,00,
4065053,00000153,false,Rx,0,8,00,00,00,00,00,00,00,00,
4065318,000001E6,false,Rx,0,8,71,9E,0C,C2,03,64,64,00,
4065654,00000154,false,Rx,0,8,00,00,00,00,00,00,00,00,
4066012,000001BB,false,Rx,0,8,89,CB,0C,C2,03,64,64,0A,
4066345,00000236,false,Rx,0,8,2A,8B,08,00,30,63,34,6C,
4066861,000001BC,false,Rx,0,8,32,00,00,00,02,00,00,00,
4066962,000001F6,false,Rx,0,8,E0,08,08,00,00,00,00,0C,
4067010,000001BD,false,Rx,0,8,00,00,00,00,00,00,00,00,
4067059,000001F7,false,Rx,0,8,00,00,00,00,00,00,00,00,
4067334,000001E7,false,Rx,0,8,00,00,22,03,00,01,00,00,
4067477,000001F8,false,Rx,0,8,00,00,00,00,00,00,00,00,
4067714,000002FB,false,Rx,0,8,DB,FC,08,04,0C,14,C3,C3,
4068029,000001F9,false,Rx,0,8,00,00,A0,C8,14,00,00,00,
4068510,00000643,false,Rx,1,8,00,FC,FF,FF,FF,FF,03,00,
4068882,000002FC,false,Rx,0,8,00,00,12,15,00,00,7A,96,
4069190,0000019B,false,Rx,0,8,C4,54,FB,00,00,E4,00,00,
4069588,00000237,false,Rx,0,8,00,05,94,00,00,5D,1D,00,
4069691,0000019C,false,Rx,0,8,40,20,00,00,00,00,0B,09,
4069742,00000238,false,Rx,0,8,00,00,0C,00,00,00,00,00,
4069785,0000019D,false,Rx,0,8,00,10,00,06,00,00,00,00,
4069866,00000239,false,Rx,0,8,00,00,00,00,01,00,00,00,
4069940,0000019E,false,Rx,0,8,15,23,00,00,00,32,00,00,
4070609,0000025B,false,Rx,0,8,76,C6,08,40,40,20,00,00,
4070685,000002FD,false,Rx,0,8,00,00,00,00,00,1C,10,EA,
4071234,0000025C,false,Rx,0,8,00,00,00,00,BD,68,14,00,
4071566,000002FE,false,Rx,0,8,00,00,72,01,00,28,00,00,
4072133,0000025D,false,Rx,0,8,00,C8,00,00,00,80,C0,70,
4072478,00000326,false,Rx,0,8,B8,0C,08,00,00,00,00,00,
4072528,0000025E,false,Rx,0,8,46,07,0E,06,00,00,00,00,
4072577,00000327,false,Rx,0,8,00,00,00,00,01,00,00,00,
4072842,00000328,false,Rx,0,8,00,00,00,00,00,00,00,00,
4073149,00000329,false,Rx,0,8,A0,00,00,00,00,00,00,00,
4073249,00000331,false,Rx,0,8,9E,EF,08,F1,C8,A0,2C,97,
4073623,00000332,false,Rx,0,8,00,00,00,00,00,00,00,00,
4074401,00000333,false,Rx,0,8,00,00,00,1C,0C,40,20,A0,
4074497,00000334,false,Rx,0,8,C8,00,00,00,5C,70,B7,8F,
4074651,00000419,false,Rx,0,8,CB,40,28,CE,69,67,84,00,
4075797,00000036,false,Rx,0,8,1E,58,54,45,10,00,24,05,
4075874,00000037,false,Rx,0,8,00,00,00,10,00,40,00,00,
4076022,00000038,false,Rx,0,8,03,0C,00,00,20,39,12,00,
4076317,00000039,false,Rx,0,8,00,00,00,00,00,00,00,00,
4081388,00000146,false,Rx,0,8,31,78,1D,10,04,01,00,00,
4081492,00000147,false,Rx,0,8,00,04,7D,00,40,00,00,00,
4081844,00000148,false,Rx,0,8,00,00,00,00,00,7B,40,05,
4082315,00000149,false,Rx,0,8,00,00,00,00,00,00,00,00,
4082399,000001B1,false,Rx,0,8,5F,7E,1D,00,72,00,00,00,
4082741,000001B2,false,Rx,0,8,23,00,04,0D,57,01,50,0F,
4082818,000001B3,false,Rx,0,8,59,2C,00,00,63,7F,71,7B,
4083103,000001B4,false,Rx,0,8,68,78,17,00,00,40,00,00,
4090919,0000010B,false,Rx,0,8,B9,EF,56,00,00,00,00,05,
4091014,0000010C,false,Rx,0,8,FF,F9,E7,1F,43,48,44,44,
4091412,0000010D,false,Rx,0,8,EF,02,00,00,00,00,00,35,
4091477,0000010E,false,Rx,0,8,00,00,0A,00,00,C0,AB,57,
4095413,00000435,false,Rx,0,8,A7,E0,00,50,00,00,00,00,
4097942,000004A3,false,Rx,1,8,80,00,48,0B,3E,00,00,00,
4098051,000004A4,false,Rx,1,8,FF,FF,FF,00,00,00,00,00,
4100199,00000091,false,Rx,0,8,05,40,06,00,00,00,00,00,
4100833,00000092,false,Rx,0,8,00,00,00,00,00,00,00,00,
4100942,00000093,false,Rx,0,8,00,00,00,00,00,00,00,00,
4101013,00000094,false,Rx,0,8,00,00,00,00,00,00,00,00,
4103495,00000061,false,Rx,0,8,AA,B7,1D,00,00,05,00,00,
4103584,000002BF,false,Rx,0,8,FF,FF,FF,00,00,00,00,00,
4103891,00000062,false,Rx,0,8,02,02,00,01,40,FF,00,FF,
4104000,00000251,false,Rx,0,8,F5,BD,08,00,00,00,00,00,
4104252,00000063,false,Rx,0,8,C7,00,15,00,00,08,FF,00,
4104494,00000252,false,Rx,0,8,00,00,00,00,03,00,00,00,
4104736,00000064,false,Rx,0,8,04,00,00,04,FF,FA,00,00,
4104969,00000253,false,Rx,0,8,00,00,00,29,00,00,80,46,
4105235,0000047F,false,Rx,0,8,FF,FF,FF,FF,FF,FF,FF,FF,
4105627,00000653,false,Rx,0,8,0A,19,03,01,02,2A,00,00,
4106810,000002C1,false,Rx,0,8,75,F4,05,21,00,41,00,A1,
4107442,000002C2,false,Rx,0,8,40,00,00,00,00,00,00,00,
4107970,000002C3,false,Rx,0,8,00,00,00,00,00,00,00,00,
4108089,00000121,false,Rx,0,8,F0,E2,57,F9,FF,00,00,05,
4108144,000002C4,false,Rx,0,8,00,00,00,00,00,00,00,00,
4108478,00000122,false,Rx,0,8,FF,D9,67,1F,44,44,44,44,
4108581,00000123,false,Rx,0,8,F0,02,00,00,00,00,00,35,
4108868,00000124,false,Rx,0,8,00,00,0A,00,00,00,20,40,
4111534,000001AB,false,Rx,0,8,51,77,A1,40,70,90,00,00,
4111627,000003B0,false,Rx,0,8,72,37,FF,C7,00,00,03,C0,
4111928,000001AC,false,Rx,0,8,00,28,00,00,00,00,00,00,
4112032,000003B1,false,Rx,0,8,9B,3C,FF,40,00,00,20,00,
4112823,000001A1,false,Rx,0,8,8F,EE,2E,FE,F7,7F,64,00,
4113038,0000011B,false,Rx,0,8,CD,8B,5D,05,80,08,A8,02,
4113277,0000012B,false,Rx,0,8,8A,71,5D,06,00,00,08,00,
4113517,0000011C,false,Rx,0,8,00,05,20,00,22,00,01,01,
4113803,0000012C,false,Rx,0,8,00,00,01,00,00,64,00,00,
4114148,000000A1,false,Rx,0,8,2A,B5,1E,8A,D4,EC,A2,00,
4114267,000001A2,false,Rx,0,8,00,00,00,00,00,08,00,00,
4114514,000000A2,false,Rx,0,8,00,00,00,00,00,00,00,00,
4114737,000001A3,false,Rx,0,8,FF,F3,3F,00,00,00,00,00,
4114983,000000A3,false,Rx,0,8,00,40,01,00,00,00,00,00,
4115231,000001A4,false,Rx,0,8,FE,07,00,00,00,00,00,00,
4115470,00000256,false,Rx,0,8,E9,C3,08,05,01,00,00,00,
4115726,000002E6,false,Rx,0,8,F4,49,08,01,00,00,00,15,
4115955,00000257,false,Rx,0,8,00,7E,00,00,83,04,01,7B,
4116187,000002E7,false,Rx,0,8,0A,00,00,00,00,00,00,00,
4116438,00000258,false,Rx,0,8,00,28,1D,00,10,15,00,28,
4116680,000002E8,false,Rx,0,8,00,00,00,00,00,00,00,00,
4116938,00000259,false,Rx,0,8,EC,03,11,3C,F0,01,00,00,
4117169,000002E9,false,Rx,0,8,00,00,00,00,00,00,00,00,
4117398,000003B2,false,Rx,0,8,36,15,FF,02,29,2F,34,00,
4117919,00000419,false,Rx,0,8,CB,40,28,CE,69,67,84,00,
4117989,00000427,false,Rx,0,8,1D,86,FF,00,80,0A,00,00,
4118150,00000444,false,Rx,0,8,24,40,20,50,05,05,00,00,
4118521,0000019B,false,Rx,0,8,D4,5D,00,00,00,E4,00,00,
4118917,0000019C,false,Rx,0,8,40,20,00,00,00,00,0B,09,
4118972,0000019D,false,Rx,0,8,00,10,00,01,00,00,00,00,
4119166,0000019E,false,Rx,0,8,10,00,00,00,00,32,00,00,
4121049,0000048B,false,Rx,0,8,EF,5A,01,1E,04,00,00,00,
4121197,0000048C,false,Rx,0,8,00,00,00,00,00,00,00,00,
4122763,00000563,false,Rx,1,8,65,02,00,00,00,00,FF,FF,
4122930,00000161,false,Rx,0,8,20,E8,2F,03,00,00,00,02,
4122988,00000162,false,Rx,0,8,FF,FC,01,00,00,00,00,00,
4125709,00000036,false,Rx,0,8,34,0A,59,51,00,00,25,05,
4125797,00000037,false,Rx,0,8,00,00,00,10,00,40,00,00,
4126112,00000038,false,Rx,0,8,04,00,00,00,20,39,96,D4,
4126269,00000039,false,Rx,0,8,00,00,00,00,00,00,00,00,
4134357,000001E1,false,Rx,0,8,10,82,13,02,00,00,00,00,
4134451,000001E2,false,Rx,0,8,00,00,00,00,00,00,00,00,
4135414,00000435,false,Rx,0,8,A7,E0,00,50,00,00,00,00,
4139149,00000419,false,Rx,0,8,76,50,28,CE,4D,67,84,00,
4140985,0000010B,false,Rx,0,8,B4,29,5B,00,00,00,00,05,
4141084,0000010C,false,Rx,0,8,FF,F9,E7,1F,43,48,44,44,
4141502,0000010D,false,Rx,0,8,EF,02,00,00,00,00,00,35,
4141689,0000010E,false,Rx,0,8,00,00,0A,00,00,C0,AB,57,
4145341,00000444,false,Rx,0,8,6F,50,20,50,45,41,00,00,
4146979,0000033B,false,Rx,0,8,15,D5,34,00,00,00,00,00,
4147205,0000033C,false,Rx,0,8,00,00,00,00,F0,00,00,00,
4147442,0000033D,false,Rx,0,8,00,00,00,00,00,00,00,00,
4147652,00000356,false,Rx,0,8,39,FF,9A,00,00,00,00,00,
4147906,0000033E,false,Rx,0,8,00,00,00,00,00,00,00,00,
4148165,00000357,false,Rx,0,8,00,00,00,00,00,4B,4D,48,
4148453,00000358,false,Rx,0,8,35,41,45,4D,52,37,33,4F,
4148672,00000359,false,Rx,0,8,51,4F,34,52,4A,35,33,00,
4148909,0000036F,false,Rx,0,8,89,B1,01,00,00,00,00,00,
4149235,0000037F,false,Rx,0,8,83,A0,52,24,41,02,00,00,
4153281,00000061,false,Rx,0,8,45,9E,22,00,00,05,00,00,
4153405,00000062,false,Rx,0,8,02,02,00,01,40,FF,00,FF,
4153709,00000063,false,Rx,0,8,C7,00,15,00,00,08,FF,00,
4153922,00000064,false,Rx,0,8,04,00,00,04,FF,FA,00,00,
4156885,00000475,false,Rx,0,8,12,00,00,00,00,00,00,00,
4157197,00000496,false,Rx,0,8,12,00,00,00,00,00,00,00,
4157437,00000121,false,Rx,0,8,F4,79,5C,FE,FF,00,00,05,
4157635,00000122,false,Rx,0,8,FF,D9,67,1F,44,44,44,44,
4157891,000004F0,false,Rx,1,8,4A,0D,2B,09,5C,1A,11,02,
4157954,00000123,false,Rx,0,8,F0,02,00,00,00,00,00,35,
4158096,00000111,false,Rx,0,8,26,4D,E9,01,00,00,00,00,
4158357,00000124,false,Rx,0,8,00,00,0A,00,00,00,20,40,
4158594,00000112,false,Rx,0,8,00,00,00,00,00,00,00,00,
4159065,00000113,false,Rx,0,8,00,00,00,00,00,00,00,00,
4159326,00000401,false,Rx,0,8,F6,00,10,00,00,01,00,00,
4159574,00000114,false,Rx,0,8,00,00,00,00,00,00,00,00,
4162973,0000011B,false,Rx,0,8,C9,97,62,05,80,08,A8,02,
4163150,0000012B,false,Rx,0,8,8E,6D,62,06,00,00,08,00,
4163402,0000011C,false,Rx,0,8,00,05,20,00,22,00,01,01,
4163650,0000012C,false,Rx,0,8,00,00,01,00,00,64,00,00,
4163866,000000A1,false,Rx,0,8,E9,36,23,8A,D4,EC,A2,00,
4164176,000000A2,false,Rx,0,8,00,00,00,00,00,00,00,00,
4164448,000000A3,false,Rx,0,8,00,40,01,00,00,00,00,00,
4167521,000000C5,false,Rx,1,8,00,00,00,00,00,00,00,00,
4167774,00000244,false,Rx,1,8,00,00,00,00,00,00,00,00,
4168083,0000041F,false,Rx,1,8,00,0C,00,00,00,00,00,00,
4168335,000004B4,false,Rx,1,8,01,00,0D,40,10,60,44,02,
4168576,000004B5,false,Rx,1,8,08,00,F0,07,00,00,00,00,
4168738,0000019B,false,Rx,0,8,AB,71,05,00,00,E4,00,00,
4168935,000004B7,false,Rx,1,8,08,00,F0,07,00,00,00,00,
4169094,0000019C,false,Rx,0,8,40,20,00,00,00,00,0B,09,
4169173,000004CA,false,Rx,1,8,00,00,00,00,00,00,00,00,
4169408,00000405,false,Rx,0,8,D2,10,00,00,00,01,00,00,
4169598,0000019D,false,Rx,0,8,00,10,00,01,00,00,00,00,
4169784,000004CC,false,Rx,1,8,08,00,00,2A,00,00,03,00,
4169847,00000410,false,Rx,0,8,A3,90,53,3C,B4,6A,FF,FF,
4170057,0000019E,false,Rx,0,8,10,00,00,00,00,32,00,00,
4170112,000004CE,false,Rx,1,8,14,01,FF,FF,FF,FF,FF,FF,
4170304,00000411,false,Rx,0,8,BD,71,50,50,00,00,44,05,
4170541,00000413,false,Rx,0,8,F5,10,00,41,00,00,00,00,
4170613,000004D7,false,Rx,1,8,23,01,00,00,00,00,00,00,
4170797,00000412,false,Rx,0,8,F1,00,00,00,00,00,04,00,
4171043,00000414,false,Rx,0,8,87,A0,00,00,28,00,00,00,
4171209,000004D8,false,Rx,1,8,41,10,F6,F0,40,F2,1E,CC,
4171551,000004DD,false,Rx,1,8,00,00,FE,00,04,00,00,00,
4171722,00000416,false,Rx,0,8,55,00,00,00,00,00,00,00,
4172034,000004DF,false,Rx,1,8,00,00,08,00,00,00,00,00,
4172099,00000417,false,Rx,0,8,E6,30,00,00,00,00,00,00,
4172534,000004E7,false,Rx,1,8,00,30,00,00,00,00,69,00,
4172721,00000418,false,Rx,0,8,18,00,00,00,14,4C,00,00,
4173011,000004E8,false,Rx,1,8,FF,FF,FF,29,FF,FF,FF,00,
4173165,0000048F,false,Rx,0,8,AD,10,41,00,05,00,00,00,
4173517,000004E9,false,Rx,1,8,00,00,00,00,00,00,00,00,
4173997,000004EA,false,Rx,1,8,00,00,00,00,00,00,00,00,
4174500,000004EB,false,Rx,1,8,04,68,2B,08,00,00,00,00,
4174964,000004EC,false,Rx,1,8,FF,FF,FF,FF,FF,FF,FF,0F,
4175302,00000435,false,Rx,0,8,A7,E0,00,50,00,00,00,00,
4175479,000004ED,false,Rx,1,8,FF,FF,FF,FF,FF,FF,FF,1F,
4175561,00000036,false,Rx,0,8,C7,94,5E,51,00,00,25,05,
4175970,000004EE,false,Rx,1,8,FF,FF,00,00,00,00,00,00,
4176037,00000037,false,Rx,0,8,00,00,00,10,00,40,00,00,
4176467,000004EF,false,Rx,1,8,60,00,60,00,29,14,00,00,
4177133,00000038,false,Rx,0,8,04,00,00,00,20,39,96,D4,
4177278,0000063D,false,Rx,1,8,00,80,00,00,00,00,00,00,
4177338,00000039,false,Rx,0,8,00,00,00,00,00,00,00,00,
4177644,0000063E,false,Rx,1,8,FF,FF,FF,FF,FF,FF,FF,FF,
4178235,0000063F,false,Rx,1,8,00,10,00,C4,FF,00,00,00,
4178669,00000640,false,Rx,1,8,FF,FF,FF,00,FF,FF,FF,00,
4178966,00000641,false,Rx,1,8,FF,FF,FF,FF,0F,FF,FF,FF,
4179053,00000646,false,Rx,1,8,00,00,00,80,01,00,00,00,
4179648,00000419,false,Rx,0,8,AA,60,20,CE,4D,67,84,00,
4181341,00000146,false,Rx,0,8,DE,51,22,10,04,01,00,00,
4181470,00000147,false,Rx,0,8,00,04,7D,00,40,00,00,00,
4181753,00000148,false,Rx,0,8,00,00,00,00,00,7B,40,05,
4181973,00000149,false,Rx,0,8,00,00,00,00,00,00,00,00,
4182210,000001B1,false,Rx,0,8,B0,57,22,00,72,00,00,00,
4182457,000001B2,false,Rx,0,8,23,00,04,0D,57,01,50,0F,
4182713,000001B3,false,Rx,0,8,59,2C,00,00,63,7F,71,7B,
4182979,000001B4,false,Rx,0,8,68,78,17,00,00,40,00,00,
4185179,00000444,false,Rx,0,8,0B,60,20,50,55,50,00,00,
4187995,000001F1,false,Rx,0,8,48,3A,A1,01,00,00,28,00,
4188208,000001F2,false,Rx,0,8,00,00,00,00,00,00,00,00,
4190199,00000380,false,Rx,0,8,E2,43,00,00,00,00,00,01,
4190775,0000010B,false,Rx,0,8,62,75,60,00,00,00,00,05,
4190950,0000010C,false,Rx,0,8,FF,F9,E7,1F,43,48,44,44,
4191193,00000382,false,Rx,0,8,22,3D,00,00,00,01,08,00,
4191437,0000010D,false,Rx,0,8,EF,02,00,00,00,00,00,35,
4191679,0000010E,false,Rx,0,8,00,00,0A,00,00,C0,AB,57,
4191926,00000383,false,Rx,0,8,AA,AA,00,00,00,0C,00,00,
4194391,00000384,false,Rx,0,8,33,4E,01,00,00,00,00,21,
4195404,000003AA,false,Rx,0,8,FF,00,D0,00,54,00,00,00,
4197741,000004DD,false,Rx,1,8,00,00,FE,00,04,00,00,00,
4197985,0000042A,false,Rx,0,8,BB,4A,00,01,00,10,00,00,
4198085,000004F0,false,Rx,1,8,4A,0D,2B,09,5C,1A,11,02,
4200091,00000091,false,Rx,0,8,43,19,07,00,00,00,00,00,
4200262,000003E0,false,Rx,0,8,5F,90,01,00,50,03,00,00,
4200501,00000092,false,Rx,0,8,00,00,00,00,00,00,00,00,
4200753,0000041A,false,Rx,0,8,12,50,12,00,50,01,00,00,
4200992,00000093,false,Rx,0,8,00,00,00,00,00,00,00,00,
4201253,00000094,false,Rx,0,8,00,00,00,00,00,00,00,00,
4202230,0000030B,false,Rx,0,8,4D,F4,34,00,04,00,00,00,
4202565,0000030C,false,Rx,0,8,00,00,0C,00,2C,00,A0,0F,
4202741,0000030D,false,Rx,0,8,00,00,00,00,42,00,00,00,
4203047,0000030E,false,Rx,0,8,00,00,28,05,21,00,00,FE,
4203289,00000061,false,Rx,0,8,3A,B2,27,00,00,05,00,00,
4203589,00000062,false,Rx,0,8,02,02,00,01,40,FF,00,FF,
4203829,00000063,false,Rx,0,8,C7,00,15,00,00,08,FF,00,
4204076,00000495,false,Rx,0,8,49,00,00,00,00,00,00,00,
4204317,00000064,false,Rx,0,8,04,00,00,04,FF,FA,00,00,
4204572,000001FB,false,Rx,0,8,16,7B,0A,00,00,00,00,00,
4204802,00000396,false,Rx,0,8,E7,D5,04,0F,08,03,00,02,
4205058,000001FC,false,Rx,0,8,00,00,00,00,00,00,00,00,
4205303,00000397,false,Rx,0,8,04,00,00,00,00,00,00,00,
4205557,000001FD,false,Rx,0,8,00,1A,03,00,00,00,00,00,
4205800,00000398,false,Rx,0,8,00,00,00,00,00,00,00,00,
4206073,000001FE,false,Rx,0,8,00,00,00,00,00,00,00,00,
4206292,000002AB,false,Rx,0,8,F8,B1,0A,0C,0C,00,00,00,
4206557,000002AC,false,Rx,0,8,00,FF,FF,00,00,40,00,50,
4206804,000002AD,false,Rx,0,8,00,01,00,40,FF,FF,FF,0F,
4207081,000002AE,false,Rx,0,8,00,00,FF,3F,01,01,00,00,
4207333,00000121,false,Rx,0,8,BF,22,61,01,00,00,00,05,
4207560,000002B6,false,Rx,0,8,8E,A5,0A,01,01,00,00,40,
4207785,00000122,false,Rx,0,8,FF,D9,67,1F,44,44,44,44,
4208025,000002B7,false,Rx,0,8,95,01,C1,00,00,04,00,00,
4208271,00000123,false,Rx,0,8,F0,02,00,00,00,00,00,35,
4208640,000002B8,false,Rx,0,8,B2,61,11,00,00,00,00,00,
4208760,00000124,false,Rx,0,8,00,00,0A,00,00,00,20,40,
4209008,000002B9,false,Rx,0,8,0A,00,00,00,00,00,00,00,
4209268,000002E1,false,Rx,0,8,5B,8A,0A,00,00,00,00,40,
4209503,000002E2,false,Rx,0,8,08,00,00,00,00,7E,00,04,
4209752,000002D6,false,Rx,0,8,50,C1,04,00,00,00,00,00,
4210001,000002EB,false,Rx,0,8,47,96,04,08,08,01,00,02,
4210252,000002D7,false,Rx,0,8,00,00,00,00,03,00,00,00,
4210497,000002EC,false,Rx,0,8,00,00,00,00,00,00,00,00,
4210732,000001AB,false,Rx,0,8,CE,1F,A6,40,70,90,00,00,
4210979,000002D8,false,Rx,0,8,00,00,00,00,00,00,38,44,
4211235,000001AC,false,Rx,0,8,00,28,00,00,00,00,00,00,
4211488,000002D9,false,Rx,0,8,00,00,00,00,00,00,00,00,
4212010,000002ED,false,Rx,0,8,00,00,00,00,00,00,00,00,
4212076,000002E3,false,Rx,0,8,00,00,00,00,00,00,72,01,
4212595,000002EE,false,Rx,0,8,00,00,00,00,00,00,00,00,
4212774,000002E4,false,Rx,0,8,02,00,00,00,00,00,00,00,
4212827,0000011B,false,Rx,0,8,3F,BF,67,05,80,08,A8,02,
4213160,0000012B,false,Rx,0,8,78,45,67,06,00,00,08,00,
4213502,0000011C,false,Rx,0,8,00,05,20,00,22,00,01,01,
4213992,0000012C,false,Rx,0,8,00,00,01,00,00,64,00,00,
4214055,000000A1,false,Rx,0,8,D5,C7,28,8A,D4,EC,A2,00,
4214098,000001A1,false,Rx,0,8,47,EC,33,FE,F7,7F,64,00,
4214258,000000A2,false,Rx,0,8,00,00,00,00,00,00,00,00,
4214510,000001A2,false,Rx,0,8,00,00,00,00,00,08,00,00,
4214725,000000A3,false,Rx,0,8,00,40,01,00,00,00,00,00,
4214960,000001A3,false,Rx,0,8,FF,F3,3F,00,00,00,00,00,
4215214,00000448,false,Rx,0,8,7F,00,00,00,00,00,00,00,
4215445,000001A4,false,Rx,0,8,FE,07,00,00,00,00,00,00,
4215694,000003B6,false,Rx,0,8,4E,CF,04,00,00,00,00,44,
4215915,000001BB,false,Rx,0,8,8C,92,0F,C2,03,64,64,0A,
4216171,000003B7,false,Rx,0,8,43,00,00,00,00,00,00,00,
4216411,000001BC,false,Rx,0,8,32,00,00,00,02,00,00,00,
4216663,000003B8,false,Rx,0,8,EB,02,00,00,00,00,69,0E,
4216901,000001BD,false,Rx,0,8,00,00,00,00,00,00,00,00,
4217145,000003B9,false,Rx,0,8,00,00,00,00,00,00,00,00,
4217396,000001E6,false,Rx,0,8,3C,76,0F,C2,03,64,64,00,
4217637,00000565,false,Rx,0,8,66,02,00,00,00,00,FF,FF,
4217885,000001E7,false,Rx,0,8,00,00,22,03,00,01,00,00,
4218287,0000019B,false,Rx,0,8,2A,05,0A,00,00,E4,00,00,
4218529,0000019C,false,Rx,0,8,40,20,00,00,00,00,0B,09,
4218783,0000019D,false,Rx,0,8,00,10,00,01,00,00,00,00,
4219030,00000417,false,Rx,0,8,61,40,00,00,00,01,00,00,
4219274,0000019E,false,Rx,0,8,10,00,00,00,00,32,00,00,
4219508,00000419,false,Rx,0,8,AA,60,20,CE,4D,67,84,00,
4223273,00000161,false,Rx,0,8,E2,32,34,03,00,00,00,02,
4223554,00000162,false,Rx,0,8,FF,FC,01,00,00,00,00,00,
4225076,00000444,false,Rx,0,8,0B,60,20,50,55,50,00,00,
4225496,00000036,false,Rx,0,8,A4,0F,63,51,00,00,25,05,
4225741,00000037,false,Rx,0,8,00,00,00,10,00,40,00,00,
4225997,00000038,false,Rx,0,8,04,00,00,00,20,39,96,D4,
4226257,00000039,false,Rx,0,8,00,00,00,00,00,00,00,00,
4230037,00000226,false,Rx,0,8,7F,45,23,FF,00,20,09,42,
4230201,000002FF,false,Rx,0,8,83,B9,00,F0,3F,00,00,00,
4230486,00000227,false,Rx,0,8,02,C4,07,09,00,F1,FF,07,
4230708,00000316,false,Rx,0,8,51,78,13,04,00,80,0A,00,
4230875,000000C7,false,Rx,1,8,00,00,00,E1,07,00,00,00,
4230936,00000380,false,Rx,0,8,A0,99,01,0C,0C,0C,0C,01,
4231167,000004DD,false,Rx,1,8,00,00,00,00,04,00,00,00,
4231460,00000317,false,Rx,0,8,00,00,05,00,00,00,00,00,
4231650,00000382,false,Rx,0,8,36,4D,02,00,00,05,09,00,
4231903,000003E0,false,Rx,0,8,C7,A0,01,00,54,03,00,00,
4232127,00000383,false,Rx,0,8,89,14,01,10,01,00,00,00,
4232388,00000472,false,Rx,0,8,5C,EC,00,40,08,41,00,45,
4232870,00000473,false,Rx,0,8,5F,24,00,25,00,00,00,78,
4233142,00000474,false,Rx,0,8,53,98,00,00,00,00,00,10,
4234419,00000384,false,Rx,0,8,D8,3D,02,01,00,FF,00,22,
4237972,0000042A,false,Rx,0,8,CF,74,01,04,00,10,00,00,
4240043,000003A1,false,Rx,0,8,BB,88,40,00,FF,FF,FF,FF,
4240219,0000041A,false,Rx,0,8,12,50,12,00,50,01,00,00,
4240469,000003A2,false,Rx,0,8,00,00,00,00,00,00,00,00,
4240712,0000010B,false,Rx,0,8,C4,6B,65,00,00,00,00,05,
4240802,000004F0,false,Rx,1,8,4A,0D,2B,09,5C,1A,11,02,
4240972,0000010C,false,Rx,0,8,FF,F9,E7,1F,43,48,44,44,
4241445,0000010D,false,Rx,0,8,EF,02,00,00,00,00,00,35,
4241669,0000010E,false,Rx,0,8,00,00,1E,00,00,C0,AB,57,
4244319,00000419,false,Rx,0,8,74,70,20,CE,35,67,84,00,
4247202,00000415,false,Rx,0,8,80,F0,FF,0F,00,80,00,00,
4253215,00000061,false,Rx,0,8,82,B3,2C,00,00,05,00,00,
4253395,00000062,false,Rx,0,8,02,02,00,01,40,FF,00,FF,
4253658,00000063,false,Rx,0,8,C7,00,15,00,00,08,FF,00,
4253916,00000064,false,Rx,0,8,04,00,00,04,FF,FA,00,00,
4254322,0000036F,false,Rx,0,8,81,C1,01,00,00,00,00,00,
4254572,0000037F,false,Rx,0,8,3A,B0,52,24,41,02,00,00,
4254994,000000FF,false,Rx,0,8,CB,10,00,00,00,00,02,00,
4256022,00000394,false,Rx,0,8,2A,22,1A,49,00,00,00,00,
4256217,000003C3,false,Rx,0,8,45,10,31,30,36,00,00,00,
4257115,000003E5,false,Rx,0,8,48,40,01,00,00,00,00,00,
4257207,000003E6,false,Rx,0,8,A1,40,00,00,00,00,00,00,
4257445,00000121,false,Rx,0,8,65,32,66,00,00,00,00,05,
4257729,0000041B,false,Rx,0,8,BE,70,00,00,00,00,00,00,
4257914,00000122,false,Rx,0,8,FF,D9,67,1F,44,44,44,44,
4258148,0000041C,false,Rx,0,8,84,D0,E8,00,00,00,00,00,
4258456,00000123,false,Rx,0,8,F0,02,00,00,00,00,00,35,
4258667,00000422,false,Rx,0,8,FA,20,01,00,00,00,04,00,
4258907,00000124,false,Rx,0,8,00,00,0A,00,00,00,20,40,
4259129,00000432,false,Rx,0,8,03,20,02,00,00,00,00,00,
4259413,00000417,false,Rx,0,8,61,40,00,00,00,01,00,00,
4259831,00000435,false,Rx,0,8,A7,E0,00,50,00,00,00,00,
4260110,00000442,false,Rx,0,8,CE,20,11,81,00,00,00,00,
4260413,00000445,false,Rx,0,8,B9,00,00,00,00,00,00,18,
4261079,00000487,false,Rx,1,8,00,00,00,00,00,00,00,00,
4261828,000004DD,false,Rx,1,8,00,00,00,00,04,00,00,00,
4261956,00000464,false,Rx,0,8,6C,30,F0,FF,38,7F,05,00,
4262016,00000642,false,Rx,1,8,FF,FF,FF,FF,FF,FF,00,00,
4263214,00000236,false,Rx,0,8,A6,39,0A,00,30,63,34,6C,
4263286,0000011B,false,Rx,0,8,F7,46,6C,05,80,08,A8,02,
4263384,00000237,false,Rx,0,8,00,05,94,00,00,5D,1D,00,
4263627,0000011C,false,Rx,0,8,00,05,20,00,22,00,01,01,
4263881,00000238,false,Rx,0,8,00,00,0C,00,00,00,00,00,
4264090,000000A1,false,Rx,0,8,DA,2C,2D,8A,D4,EC,A2,00,
4264329,0000012B,false,Rx,0,8,B0,BC,6C,06,00,00,08,00,
4264582,000000A2,false,Rx,0,8,00,00,00,00,00,00,00,00,
4264846,0000012C,false,Rx,0,8,00,00,01,00,00,64,00,00,
4265073,000000A3,false,Rx,0,8,00,40,01,00,00,00,00,00,
4265353,00000151,false,Rx,0,8,D3,51,0A,A0,C8,00,28,15,
4265558,00000239,false,Rx,0,8,00,00,00,00,01,00,00,00,
4265800,00000152,false,Rx,0,8,12,14,14,00,24,00,00,00,
4266036,000001F6,false,Rx,0,8,1D,3A,0A,00,00,00,00,0C,
4266302,00000153,false,Rx,0,8,00,00,00,00,00,00,00,00,
4266536,000001F7,false,Rx,0,8,1F,00,DC,00,00,00,00,00,
4266792,00000154,false,Rx,0,8,00,00,00,00,00,00,00,00,
4267029,000001F8,false,Rx,0,8,00,69,00,64,00,00,00,00,
4267289,000002FB,false,Rx,0,8,57,4E,0A,04,0C,14,C3,C3,
4267500,000001F9,false,Rx,0,8,19,00,A0,C8,14,00,19,00,
4267734,000002FC,false,Rx,0,8,00,00,12,15,00,00,7A,96,
4267985,0000025B,false,Rx,0,8,B3,EB,0A,40,40,20,00,00,
4268218,000002FD,false,Rx,0,8,00,00,00,00,00,1C,10,EA,
4268466,0000019B,false,Rx,0,8,25,EB,0F,00,00,E4,00,00,
4268700,0000025C,false,Rx,0,8,00,00,1F,00,BD,68,14,00,
4268946,0000019C,false,Rx,0,8,40,20,00,00,00,00,0B,09,
4269191,0000025D,false,Rx,0,8,00,C8,00,00,00,80,C0,70,
4269439,0000019D,false,Rx,0,8,00,10,00,01,00,00,00,00,
4269672,0000025E,false,Rx,0,8,4E,07,0E,07,00,00,00,00,
4269954,0000019E,false,Rx,0,8,15,00,00,00,00,32,00,00,
4270165,000002FE,false,Rx,0,8,00,00,72,01,00,28,00,00,
4270406,00000380,false,Rx,0,8,A0,99,01,0C,0C,0C,0C,01,
4270801,000000C7,false,Rx,1,8,00,00,00,E1,07,00,00,00,
4270879,00000326,false,Rx,0,8,63,96,0A,00,00,00,00,00,
4270931,000003E0,false,Rx,0,8,C7,A0,01,00,54,03,00,00,
4271388,00000327,false,Rx,0,8,00,00,00,00,01,00,00,00,
4271625,00000382,false,Rx,0,8,36,4D,02,00,00,05,09,00,
4271867,00000328,false,Rx,0,8,DC,00,19,00,00,69,00,00,
4272138,00000383,false,Rx,0,8,89,14,01,10,01,00,00,00,
4272338,00000329,false,Rx,0,8,A0,64,00,00,00,00,00,00,
4272577,00000444,false,Rx,0,8,0B,60,20,50,55,50,00,00,
4272808,00000331,false,Rx,0,8,93,B7,0A,F1,C8,A0,2C,97,
4273051,00000332,false,Rx,0,8,44,07,B4,00,00,00,00,00,
4273345,00000333,false,Rx,0,8,00,00,00,1C,0C,40,20,A0,
4273606,00000334,false,Rx,0,8,C8,00,00,00,5C,70,B7,8F,
4274237,00000384,false,Rx,0,8,D8,3D,02,01,00,FF,00,22,
4275496,00000036,false,Rx,0,8,1C,0E,68,51,00,00,25,05,
4275742,00000037,false,Rx,0,8,00,00,00,10,00,40,00,00,
4276001,00000038,false,Rx,0,8,04,00,00,00,20,39,96,D4,
4276267,00000039,false,Rx,0,8,00,00,00,00,00,00,00,00,
4278053,0000042A,false,Rx,0,8,CF,74,01,04,00,10,00,00,
4280145,0000041A,false,Rx,0,8,12,50,12,00,50,01,00,00,
4280547,000003AE,false,Rx,1,8,02,FF,00,11,00,13,00,FF,
4281031,00000630,false,Rx,1,8,CF,FF,FF,FF,FF,FF,FF,FF,
4281379,00000146,false,Rx,0,8,A5,5C,27,10,04,05,00,00,
4281469,00000631,false,Rx,1,8,C0,20,0D,01,00,00,00,00,
4281554,00000632,false,Rx,1,8,00,00,C0,00,00,00,00,00,
4281809,00000147,false,Rx,0,8,00,04,7D,00,40,00,00,00,
4282058,00000633,false,Rx,1,8,00,00,05,13,00,00,8A,02,
4282186,00000148,false,Rx,0,8,00,00,42,00,1E,7B,40,05,
4282555,000001B1,false,Rx,0,8,6E,25,27,00,72,00,00,00,
4282639,00000634,false,Rx,1,8,2D,FF,FF,FF,FF,FF,FF,FF,
4282685,00000149,false,Rx,0,8,00,38,00,C8,00,00,00,00,
4282818,00000635,false,Rx,1,8,00,00,00,00,00,00,00,00,
4283000,000001B2,false,Rx,0,8,23,00,04,0D,5A,01,50,0F,
4283289,00000636,false,Rx,1,8,00,13,00,00,00,05,00,00,
4283374,000001B3,false,Rx,0,8,5B,2C,28,00,63,7F,71,7B,
4284219,00000637,false,Rx,1,8,FF,0A,0A,0A,0A,0A,00,00,
4284385,000001B4,false,Rx,0,8,68,78,10,00,00,41,00,00,
4284453,00000639,false,Rx,1,8,00,13,00,00,8A,02,00,00,
4284499,000001E1,false,Rx,0,8,E6,AA,16,02,00,00,00,00,
4284579,00000419,false,Rx,0,8,EB,80,18,CE,35,67,84,00,
4284939,000001E2,false,Rx,0,8,00,00,00,00,00,00,00,00,
4290899,0000010B,false,Rx,0,8,45,1F,6A,00,00,00,00,05,
4290992,0000010C,false,Rx,0,8,FF,F9,E7,1F,43,48,44,44,
4291305,0000010D,false,Rx,0,8,EF,02,00,00,00,00,00,35,
4291424,0000010E,false,Rx,0,8,00,00,1E,00,00,C0,AB,57,
4298885,00000417,false,Rx,0,8,61,40,00,00,00,01,00,00,
4300058,00000091,false,Rx,0,8,C2,6D,08,00,00,00,00,00,
4300303,00000092,false,Rx,0,8,00,00,00,00,00,00,00,00,
4300584,00000093,false,Rx,0,8,00,00,00,00,00,00,00,00,
4300852,00000244,false,Rx,1,8,00,00,00,00,00,00,00,00,
4300933,00000094,false,Rx,0,8,00,00,00,00,00,00,00,00,
4301224,000004A3,false,Rx,1,8,80,00,48,0B,3E,00,00,00,
4301730,000004A4,false,Rx,1,8,FF,FF,FF,00,00,00,00,00,
4302220,000004C8,false,Rx,1,8,00,00,18,00,00,00,00,00,
4302553,000004D7,false,Rx,1,8,23,01,00,00,00,00,00,00,
4302773,000004DD,false,Rx,1,8,00,00,00,00,04,00,00,00,
4303056,000004E8,false,Rx,1,8,FF,FF,FF,29,FF,FF,FF,00,
4303313,00000646,false,Rx,1,8,00,00,00,80,01,00,00,00,
4303463,00000061,false,Rx,0,8,4A,B1,31,00,00,05,00,00,
4303582,000002BF,false,Rx,0,8,FF,FF,FF,00,00,00,00,00,
4303817,00000062,false,Rx,0,8,02,02,00,01,40,FF,00,FF,
4304053,00000251,false,Rx,0,8,F3,D3,0A,00,00,00,00,00,
4304299,00000063,false,Rx,0,8,C7,00,15,00,00,08,FF,00,
4304543,00000252,false,Rx,0,8,00,00,00,00,03,00,00,00,
4304802,00000064,false,Rx,0,8,04,00,00,04,FF,FA,00,00,
4305034,00000253,false,Rx,0,8,00,00,00,29,00,00,80,46,
4305284,0000047F,false,Rx,0,8,FF,FF,FF,FF,FF,FF,FF,FF,
4305799,00000653,false,Rx,0,8,0A,19,03,01,02,2A,00,00,
4306571,000002C1,false,Rx,0,8,BF,1F,06,21,00,41,00,A1,
4306849,000002C2,false,Rx,0,8,40,00,00,00,00,00,00,00,
4307092,000002C3,false,Rx,0,8,00,00,00,00,00,00,00,00,
4307332,00000121,false,Rx,0,8,68,F4,6B,00,00,00,00,05,
4307584,000002C4,false,Rx,0,8,00,00,00,00,00,00,00,00,
4307820,00000122,false,Rx,0,8,FF,D9,67,1F,44,44,44,44,
4308085,00000123,false,Rx,0,8,F0,02,00,00,00,00,00,35,
4308357,00000124,false,Rx,0,8,00,00,0A,00,00,00,20,40,
4308612,00000566,false,Rx,0,8,16,02,00,00,00,00,FF,FF,
4310010,00000380,false,Rx,0,8,A0,99,01,0C,0C,0C,0C,01,
4310138,000003E0,false,Rx,0,8,C7,A0,01,00,54,03,00,00,
4310830,000001AB,false,Rx,0,8,BD,26,AB,40,70,90,00,00,
4311028,000001AC,false,Rx,0,8,00,28,00,00,00,00,00,00,
4311100,000000C7,false,Rx,1,8,00,00,00,E1,07,00,00,00,
4311300,00000382,false,Rx,0,8,36,4D,02,00,00,05,09,00,
4311546,000003AE,false,Rx,1,8,FF,FF,FF,FF,FF,FF,FF,FF,
4312072,00000630,false,Rx,1,8,FF,FF,FF,FF,FF,FF,FF,FF,
4312141,00000383,false,Rx,0,8,89,14,01,10,01,00,00,00,
4312554,00000631,false,Rx,1,8,C0,FF,FF,03,00,00,00,00,
4313055,00000632,false,Rx,1,8,00,00,40,00,00,00,00,00,
4313343,0000011B,false,Rx,0,8,8E,5C,71,05,80,08,A8,02,
4313429,00000633,false,Rx,1,8,00,FF,FF,FF,FF,FF,FF,FF,
4313476,0000012B,false,Rx,0,8,C9,A6,71,06,00,00,08,00,
4313544,0000011C,false,Rx,0,8,00,05,20,00,22,00,01,01,
4313593,00000634,false,Rx,1,8,FF,FF,FF,FF,FF,FF,FF,FF,
4313860,0000012C,false,Rx,0,8,00,00,01,00,00,64,00,00,
4314054,000000A1,false,Rx,0,8,B9,41,32,8A,D4,EC,A2,00,
4314230,00000635,false,Rx,1,8,FF,00,00,00,00,00,00,00,
4314280,000001A1,false,Rx,0,8,FF,ED,38,FE,F7,7F,64,00,
4314544,000000A2,false,Rx,0,8,00,00,00,00,00,00,00,00,
4314716,00000636,false,Rx,1,8,FF,FF,FF,FF,FF,FF,00,00,
4314763,000001A2,false,Rx,0,8,00,00,00,00,00,08,00,00,
4315016,000000A3,false,Rx,0,8,00,40,01,00,00,00,00,00,
4315093,00000637,false,Rx,1,8,FF,FF,FF,FF,FF,FF,00,00,
4315261,000001A3,false,Rx,0,8,FF,F3,3F,00,00,00,00,00,
4315489,00000256,false,Rx,0,8,B0,BA,0A,15,00,00,10,00,
4315563,00000639,false,Rx,1,8,00,FF,FF,FF,FF,FF,00,00,
4315777,000001A4,false,Rx,0,8,FE,07,00,00,00,00,00,00,
4315995,00000257,false,Rx,0,8,00,7D,00,00,83,07,00,7B,
4316210,000002E6,false,Rx,0,8,C8,20,0A,01,00,00,00,15,
4316455,00000258,false,Rx,0,8,01,28,1D,00,10,15,00,28,
4316705,000002E7,false,Rx,0,8,0A,00,00,00,02,00,00,00,
4316940,00000259,false,Rx,0,8,E8,03,11,3C,F0,01,00,00,
4317186,000002E8,false,Rx,0,8,00,00,00,00,00,00,00,00,
4317463,00000384,false,Rx,0,8,D8,3D,02,01,00,FF,00,22,
4317833,000002E9,false,Rx,0,8,00,00,00,00,00,00,00,00,
4318272,000003B0,false,Rx,0,8,72,37,FF,C7,00,00,03,C0,
4318358,000003B2,false,Rx,0,8,36,15,FF,02,29,2F,34,00,
4318404,0000019B,false,Rx,0,8,58,2E,14,00,00,E4,00,00,
4318755,000003B1,false,Rx,0,8,9B,3C,FF,40,00,00,20,00,
4318871,0000019C,false,Rx,0,8,40,20,00,00,00,00,0B,09,
4319145,00000427,false,Rx,0,8,1D,86,FF,00,80,0A,00,00,
4319367,0000019D,false,Rx,0,8,00,10,00,01,00,00,00,00,
4319871,0000019E,false,Rx,0,8,15,00,00,00,00,32,00,00,
4320086,0000042A,false,Rx,0,8,CF,74,01,04,00,10,00,00,
4322753,00000161,false,Rx,0,8,91,0B,39,03,00,00,00,02,
4323146,00000162,false,Rx,0,8,FF,FC,01,00,00,00,00,00,
4324496,00000419,false,Rx,0,8,EB,80,18,CE,35,67,84,00,
4325592,00000036,false,Rx,0,8,63,22,6D,51,00,00,25,05,
4325760,00000037,false,Rx,0,8,00,00,00,10,00,40,00,00,
4325995,00000038,false,Rx,0,8,04,00,00,00,20,39,96,D4,
4326264,00000039,false,Rx,0,8,00,00,00,00,00,00,00,00,
4331703,000004C8,false,Rx,1,8,00,00,00,00,00,00,00,00,
4338092,000001F1,false,Rx,0,8,BE,12,A4,01,00,00,28,00,
4338284,000001F2,false,Rx,0,8,00,00,00,00,00,00,00,00,
4340750,0000010B,false,Rx,0,8,3A,33,6F,00,00,00,00,05,
4340923,0000010C,false,Rx,0,8,FF,F9,E7,1F,43,48,44,44,
4341183,0000010D,false,Rx,0,8,EF,02,00,00,00,00,00,35,
4341427,0000010E,false,Rx,0,8,00,00,1E,00,00,C0,AB,57,
4341551,000000C7,false,Rx,1,8,00,00,00,E0,07,00,00,00,
4342016,000003AE,false,Rx,1,8,FF,FF,FF,FF,FF,FF,FF,FF,
4342512,000004D7,false,Rx,1,8,23,01,00,00,00,00,00,00,
4342999,000004E8,false,Rx,1,8,FF,FF,FF,29,FF,FF,FF,00,
4343301,00000630,false,Rx,1,8,FF,FF,FF,FF,FF,FF,FF,FF,
4343586,00000631,false,Rx,1,8,C0,FF,FF,03,00,00,00,00,
4343808,00000632,false,Rx,1,8,00,00,40,00,00,00,00,00,
4344071,00000633,false,Rx,1,8,00,FF,FF,FF,FF,FF,FF,FF,
4344352,00000634,false,Rx,1,8,FF,FF,FF,FF,FF,FF,FF,FF,
4344635,00000635,false,Rx,1,8,FF,00,00,00,00,00,00,00,
4344903,00000636,false,Rx,1,8,FF,FF,FF,FF,FF,FF,00,00,
4345167,00000637,false,Rx,1,8,FF,FF,FF,FF,FF,FF,00,00,
4345389,00000435,false,Rx,0,8,E9,00,00,50,00,00,50,00,
4345530,00000639,false,Rx,1,8,00,FF,FF,FF,FF,FF,00,00,
4346936,0000033B,false,Rx,0,8,99,67,36,00,00,00,00,00,
4347143,0000033C,false,Rx,0,8,00,00,00,00,F0,00,00,00,
4347414,0000033D,false,Rx,0,8,00,00,00,00,00,00,00,00,
4347647,00000356,false,Rx,0,8,7F,A6,9B,00,00,00,00,00,
4347897,0000033E,false,Rx,0,8,00,00,00,00,00,00,00,00,
4348162,00000357,false,Rx,0,8,00,00,00,00,00,4B,4D,48,
4348382,00000358,false,Rx,0,8,35,41,45,4D,52,37,33,4F,
4348619,00000359,false,Rx,0,8,51,4F,34,52,4A,35,33,00,
4348940,00000419,false,Rx,0,8,CA,90,18,CE,19,67,84,00,
4353172,00000061,false,Rx,0,8,B9,2F,36,00,00,05,00,00,
4353372,00000062,false,Rx,0,8,02,02,00,01,40,FF,00,FF,
4353629,00000063,false,Rx,0,8,C7,00,15,00,00,08,FF,00,
4353913,00000064,false,Rx,0,8,04,00,00,04,FF,FA,00,00,
4354381,0000036F,false,Rx,0,8,38,D1,01,00,00,00,00,00,
4354635,0000037F,false,Rx,0,8,32,C0,52,24,41,02,00,00,
4356850,00000475,false,Rx,0,8,12,00,00,00,00,00,00,00,
4357082,00000496,false,Rx,0,8,12,00,00,00,00,00,00,00,
4357318,00000121,false,Rx,0,8,15,31,70,00,00,00,00,05,
4357601,00000122,false,Rx,0,8,FF,D9,67,1F,44,44,44,44,
4357864,00000123,false,Rx,0,8,F0,02,00,00,00,00,00,35,
4358092,00000111,false,Rx,0,8,EC,A6,EA,01,00,00,00,00,
4358333,00000124,false,Rx,0,8,00,00,0A,00,00,00,20,40,
4358750,00000112,false,Rx,0,8,00,00,00,00,00,00,00,00,
4358893,00000113,false,Rx,0,8,00,00,00,00,00,00,00,00,
4359129,00000114,false,Rx,0,8,00,00,00,00,00,00,00,00,
4359541,00000401,false,Rx,0,8,F6,00,10,00,00,01,00,00,
4361695,000004C8,false,Rx,1,8,00,00,00,00,00,00,00,00,
4363052,0000011B,false,Rx,0,8,11,34,76,05,80,08,A8,02,
4363191,0000012B,false,Rx,0,8,56,CE,76,06,00,00,08,00,
4363479,0000011C,false,Rx,0,8,00,05,20,00,22,00,01,01,
4363690,0000012C,false,Rx,0,8,00,00,01,00,00,64,00,00,
4363907,000000A1,false,Rx,0,8,B6,AA,37,8A,D4,EC,A2,00,
4364144,000001E6,false,Rx,0,8,45,6C,12,C2,03,64,64,00,
4364387,000000A2,false,Rx,0,8,00,00,00,00,00,00,00,00,
4364602,000001BB,false,Rx,0,8,E9,91,12,C2,03,64,64,0A,
4364878,000000A3,false,Rx,0,8,00,40,01,00,00,00,00,00,
4365111,000001BC,false,Rx,0,8,32,00,00,00,02,00,00,00,
4365364,000001BD,false,Rx,0,8,00,00,00,00,00,00,00,00,
4365659,000001E7,false,Rx,0,8,00,00,22,03,00,01,00,00,
4368574,0000019B,false,Rx,0,8,55,E8,19,00,00,E4,00,00,
4368696,0000019C,false,Rx,0,8,40,20,00,00,00,00,0B,09,
4368973,0000019D,false,Rx,0,8,00,10,00,01,00,00,00,00,
4369345,0000019E,false,Rx,0,8,15,00,00,00,00,32,00,00,
4372097,000000C5,false,Rx,1,8,00,00,00,00,00,00,00,00,
4372362,00000244,false,Rx,1,8,00,00,00,00,00,00,00,00,
4372595,000004B4,false,Rx,1,8,01,00,0D,40,10,60,44,02,
4372895,000004B5,false,Rx,1,8,08,00,F0,07,00,00,00,00,
4373867,000004B7,false,Rx,1,8,08,00,F0,07,00,00,00,00,
4374194,000004CA,false,Rx,1,8,00,00,00,00,00,00,00,00,
4374483,000004CC,false,Rx,1,8,08,00,00,2A,00,00,03,00,
4374825,000004CE,false,Rx,1,8,14,01,FF,FF,FF,FF,FF,FF,
4374939,000004D8,false,Rx,1,8,41,10,F6,F0,40,F2,1E,CC,
4374992,000004DD,false,Rx,1,8,00,00,00,00,04,00,00,00,
4375063,000004DF,false,Rx,1,8,00,00,08,00,00,00,00,00,
4375117,000004E7,false,Rx,1,8,00,30,00,00,00,00,69,00,
4375192,000004E9,false,Rx,1,8,00,00,00,00,00,00,00,00,
4375553,00000405,false,Rx,0,8,D2,10,00,00,00,01,00,00,
4375823,000004EA,false,Rx,1,8,00,00,00,00,00,00,00,00,
4376173,00000410,false,Rx,0,8,A3,90,53,3C,B4,6A,FF,FF,
4376317,000004EB,false,Rx,1,8,04,68,2B,09,00,00,00,00,
4376442,000004EC,false,Rx,1,8,FF,FF,FF,FF,FF,FF,FF,0F,
4376506,00000036,false,Rx,0,8,27,92,72,51,00,00,25,05,
4377293,00000411,false,Rx,0,8,BD,71,50,50,00,00,44,05,
4377432,000004ED,false,Rx,1,8,FF,FF,FF,FF,FF,FF,FF,1F,
4377488,00000037,false,Rx,0,8,00,00,00,10,00,40,00,00,
4377534,000004EE,false,Rx,1,8,FF,FF,00,00,00,00,00,00,
4377637,00000412,false,Rx,0,8,F1,00,00,00,00,00,04,00,
4377695,00000038,false,Rx,0,8,04,00,00,00,20,39,96,D4,
4377743,000004EF,false,Rx,1,8,60,00,60,00,29,14,00,00,
4377786,00000413,false,Rx,0,8,F5,10,00,41,00,00,00,00,
4377870,0000063D,false,Rx,1,8,00,80,00,00,00,00,00,00,
4377922,00000039,false,Rx,0,8,00,00,00,00,00,00,00,00,
4377970,0000063E,false,Rx,1,8,FF,FF,FF,FF,FF,FF,FF,FF,
4378012,00000414,false,Rx,0,8,87,A0,00,00,28,00,00,00,
4378081,0000063F,false,Rx,1,8,00,10,00,C4,FF,00,00,00,
4378152,00000416,false,Rx,0,8,55,00,00,00,00,00,00,00,
4378207,00000640,false,Rx,1,8,FF,FF,FF,00,FF,FF,FF,00,
4378616,00000417,false,Rx,0,8,61,40,00,00,00,01,00,00,
4378972,00000641,false,Rx,1,8,FF,FF,FF,FF,0F,FF,FF,FF,
4379265,00000418,false,Rx,0,8,18,00,00,00,14,4C,00,00,
4379366,00000646,false,Rx,1,8,00,00,00,80,01,00,00,00,
4381334,00000146,false,Rx,0,8,1D,5D,2C,10,04,05,00,00,
4381717,000000C7,false,Rx,1,8,00,00,00,E0,07,00,00,00,
4381766,00000147,false,Rx,0,8,00,04,7D,00,40,00,00,00,
4382266,000003AE,false,Rx,1,8,FF,FF,FF,FF,FF,FF,FF,FF,
4382342,00000148,false,Rx,0,8,00,00,42,00,1E,7B,40,05,
4382465,000001B1,false,Rx,0,8,30,73,2C,00,72,00,00,00,
4383306,000004D7,false,Rx,1,8,23,01,00,00,00,00,00,00,
4383504,00000149,false,Rx,0,8,00,38,00,C8,00,00,00,00,
4383603,000001B2,false,Rx,0,8,23,00,04,0D,5E,01,50,0F,
4383763,000004E8,false,Rx,1,8,FF,FF,FF,29,FF,FF,FF,00,
4383814,000001B3,false,Rx,0,8,5F,2C,28,00,63,7F,71,7B,
4384088,00000630,false,Rx,1,8,FF,FF,FF,FF,FF,FF,FF,FF,
4384555,000001B4,false,Rx,0,8,68,78,10,00,00,41,00,00,
4384713,00000631,false,Rx,1,8,C0,FF,FF,03,00,00,00,00,
4384764,00000632,false,Rx,1,8,00,00,40,00,00,00,00,00,
4384866,00000419,false,Rx,0,8,0D,A0,0C,CE,19,67,84,00,
4385300,00000633,false,Rx,1,8,00,FF,FF,FF,FF,FF,FF,FF,
4385789,00000435,false,Rx,0,8,E9,00,00,50,00,00,50,00,
4386292,00000634,false,Rx,1,8,FF,FF,FF,FF,FF,FF,FF,FF,
4386536,00000635,false,Rx,1,8,FF,00,00,00,00,00,00,00,
4386603,00000636,false,Rx,1,8,FF,FF,FF,FF,FF,FF,00,00,
4387018,00000637,false,Rx,1,8,FF,FF,FF,FF,FF,FF,00,00,
4387310,00000639,false,Rx,1,8,00,FF,FF,FF,FF,FF,00,00,
4390917,0000010B,false,Rx,0,8,47,F6,74,00,00,00,00,05,
4391013,0000010C,false,Rx,0,8,FF,F9,E7,1F,43,48,44,44,
4391414,0000010D,false,Rx,0,8,EF,02,00,00,00,00,00,35,
4391479,0000010E,false,Rx,0,8,00,00,1E,00,00,C0,AB,57,
4395548,000003AA,false,Rx,0,8,FF,00,D0,00,54,00,00,00,
4400054,00000091,false,Rx,0,8,18,70,09,00,00,00,00,00,
4400255,00000092,false,Rx,0,8,04,00,00,00,40,00,00,00,
4400515,00000093,false,Rx,0,8,00,00,00,00,00,00,00,00,
4400773,00000094,false,Rx,0,8,00,00,00,00,00,00,00,00,
4401928,000004C8,false,Rx,1,8,00,00,00,00,00,00,00,00,
4402626,0000030B,false,Rx,0,8,F2,D0,36,00,04,00,00,00,
4402725,0000030C,false,Rx,0,8,00,00,0C,00,2C,00,A0,0F,
4403013,0000030D,false,Rx,0,8,00,00,00,00,42,00,00,00,
4403261,00000061,false,Rx,0,8,B4,E9,3B,00,00,05,00,00,
4403488,0000030E,false,Rx,0,8,00,00,28,05,21,00,00,02,
4403753,00000062,false,Rx,0,8,02,02,00,01,40,FF,00,FF,
4404005,00000063,false,Rx,0,8,C7,00,15,00,00,08,FF,00,
4404250,00000495,false,Rx,0,8,49,00,00,00,00,00,00,00,
4404494,00000064,false,Rx,0,8,04,00,00,04,FF,FA,00,00,
4404763,000001FB,false,Rx,0,8,A3,BC,0C,00,00,00,00,00,
4404980,00000396,false,Rx,0,8,7D,C6,05,0F,08,02,00,02,
4405229,000001FC,false,Rx,0,8,00,00,00,00,00,00,00,00,
4405472,00000397,false,Rx,0,8,0C,00,00,00,00,00,00,00,
4405759,000001FD,false,Rx,0,8,00,1A,03,00,00,00,00,00,
4405980,00000398,false,Rx,0,8,00,00,00,00,00,00,00,00,
4406225,000001FE,false,Rx,0,8,00,00,00,00,00,00,00,00,
4406459,000002AB,false,Rx,0,8,08,19,0C,0C,0C,00,00,00,
4406734,00000516,false,Rx,0,8,61,02,00,00,00,00,FF,FF,
4406961,000002AC,false,Rx,0,8,00,FF,FF,00,00,40,00,50,
4407215,000002AD,false,Rx,0,8,00,01,00,40,FF,FF,FF,0F,
4407449,00000121,false,Rx,0,8,6A,1D,75,00,00,00,00,05,
4407702,000002AE,false,Rx,0,8,01,00,FF,3F,01,01,00,00,
4407927,00000122,false,Rx,0,8,FF,D9,67,1F,44,44,44,44,
4408157,000002B6,false,Rx,0,8,3B,62,0C,01,01,00,00,40,
4408438,00000123,false,Rx,0,8,F0,02,00,00,00,00,00,35,
4408646,000002B7,false,Rx,0,8,95,01,C1,00,00,04,00,00,
4408902,00000124,false,Rx,0,8,00,00,0A,00,00,00,20,40,
4409130,000002B8,false,Rx,0,8,B2,61,11,00,00,00,00,00,
4409408,000002B9,false,Rx,0,8,0A,00,00,00,00,00,00,00,
4409654,000002D6,false,Rx,0,8,16,98,05,00,00,00,00,00,
4409899,000002EB,false,Rx,0,8,CB,09,05,09,08,01,00,02,
4410137,000002D7,false,Rx,0,8,00,00,00,00,03,00,00,00,
4410417,000002EC,false,Rx,0,8,02,00,00,00,00,00,00,00,
4410626,000001AB,false,Rx,0,8,7F,FC,B0,40,70,90,00,00,
4410882,000002D8,false,Rx,0,8,00,00,00,00,00,00,38,44,
4411127,000001AC,false,Rx,0,8,00,28,00,00,00,00,00,00,
4411361,000002D9,false,Rx,0,8,00,00,00,00,00,00,00,00,
4411622,000002ED,false,Rx,0,8,00,00,00,00,00,00,00,00,
4411867,000002E1,false,Rx,0,8,C8,46,0C,00,00,00,00,40,
4412106,000002EE,false,Rx,0,8,00,00,00,00,00,00,00,00,
4412396,000002E2,false,Rx,0,8,15,00,00,00,00,14,00,04,
4412604,000002E3,false,Rx,0,8,00,00,00,00,00,00,72,01,
4412878,000001A1,false,Rx,0,8,80,C1,3D,FE,F7,7F,64,00,
4413091,0000011B,false,Rx,0,8,62,0D,7B,05,80,08,A8,02,
4413385,0000012B,false,Rx,0,8,25,F7,7B,06,00,00,08,00,
4413582,0000011C,false,Rx,0,8,00,05,20,00,22,00,01,01,
4413845,0000012C,false,Rx,0,8,00,00,01,00,00,64,00,00,
4414048,000000A1,false,Rx,0,8,8A,5B,3C,8A,D4,EC,A2,00,
4414309,000001A2,false,Rx,0,8,00,00,00,00,00,08,00,00,
4414556,000000A2,false,Rx,0,8,00,00,00,00,00,00,00,00,
4414796,000001A3,false,Rx,0,8,FF,F3,3F,00,00,00,00,00,
4415042,000000A3,false,Rx,0,8,00,40,01,00,00,00,00,00,
4415293,000001A4,false,Rx,0,8,FE,07,00,00,00,00,00,00,
4415544,000002E4,false,Rx,0,8,02,00,00,00,00,00,00,00,
4415778,000003B6,false,Rx,0,8,B3,D7,05,00,00,00,00,44,
4416029,00000448,false,Rx,0,8,7F,00,00,00,00,00,00,00,
4416274,000003B7,false,Rx,0,8,43,00,00,00,00,18,00,00,
4416534,000003B8,false,Rx,0,8,EB,02,00,00,00,00,69,0E,
4416791,000003B9,false,Rx,0,8,00,00,00,00,00,00,00,00,
4418317,0000019B,false,Rx,0,8,A6,76,1E,00,00,E4,00,00,
4418580,0000019C,false,Rx,0,8,40,20,00,00,00,00,0B,09,
4418844,0000019D,false,Rx,0,8,00,10,00,01,00,00,00,00,
4419100,0000019E,false,Rx,0,8,15,00,00,00,00,32,00,00,
4422635,000000C7,false,Rx,1,8,00,00,00,E0,07,00,00,00,
4422832,00000161,false,Rx,0,8,0E,63,3E,03,00,00,00,02,
4423537,00000162,false,Rx,0,8,FF,FC,01,00,00,00,00,00,
4424642,00000419,false,Rx,0,8,0D,A0,0C,CE,19,67,84,00,
4424956,00000435,false,Rx,0,8,E9,00,00,50,00,00,50,00,
4425595,00000036,false,Rx,0,8,58,BE,77,51,00,00,25,05,
4425744,00000037,false,Rx,0,8,00,00,00,10,00,40,00,00,
4426002,00000038,false,Rx,0,8,04,00,00,00,20,39,96,D4,
4426268,00000039,false,Rx,0,8,00,00,00,00,00,00,00,00,
4430030,00000226,false,Rx,0,8,C4,85,25,FF,00,20,09,42,
4430109,000002FF,false,Rx,0,8,83,B9,00,F0,3F,00,00,00,
4430355,00000227,false,Rx,0,8,02,C4,07,09,00,F1,FF,07,
4430569,00000316,false,Rx,0,8,CE,10,14,04,00,80,0A,00,
4430797,00000472,false,Rx,0,8,5C,EC,00,40,08,41,00,45,
4431032,00000317,false,Rx,0,8,00,00,05,00,00,00,00,00,
4431276,00000473,false,Rx,0,8,5F,24,00,25,00,00,00,78,
4431544,00000474,false,Rx,0,8,53,98,00,00,00,00,00,10,
4434439,000001E1,false,Rx,0,8,FC,D3,19,02,00,00,00,00,
4434598,000001E2,false,Rx,0,8,00,00,00,00,00,00,00,00,
4439892,000003A1,false,Rx,0,8,9F,20,41,00,FF,FF,FF,FF,
4440134,000003A2,false,Rx,0,8,00,00,00,00,00,00,00,00,
4440771,0000010B,false,Rx,0,8,4A,30,79,00,00,00,00,05,
4440959,0000010C,false,Rx,0,8,FF,F9,E7,1F,43,48,44,44,
4441259,0000010D,false,Rx,0,8,EF,02,00,00,00,00,00,35,
4441502,0000010E,false,Rx,0,8,00,00,1E,00,00,C0,AB,57,
4449056,00000419,false,Rx,0,8,9E,B0,0C,CE,FD,66,84,00,
4453226,00000061,false,Rx,0,8,15,96,40,00,00,05,00,00,
4453385,00000062,false,Rx,0,8,02,02,00,01,40,FF,00,FF,
4453667,00000063,false,Rx,0,8,C7,00,15,00,00,08,FF,00,
4453899,00000064,false,Rx,0,8,04,00,00,04,FF,FA,00,00,
4454363,0000036F,false,Rx,0,8,EE,E1,01,00,00,00,00,00,
4454629,0000037F,false,Rx,0,8,8B,D0,52,24,41,02,00,00,
4454958,000000FF,false,Rx,0,8,CB,10,00,00,00,00,02,00,
4456034,00000394,false,Rx,0,8,2A,22,1A,49,00,00,00,00,
4456149,000003C3,false,Rx,0,8,45,10,31,30,36,00,00,00,
4456457,000003E0,false,Rx,0,8,C7,A0,01,00,54,03,00,00,
4457123,000003E5,false,Rx,0,8,48,40,01,00,00,00,00,00,
4457421,00000121,false,Rx,0,8,EB,69,7A,00,00,00,00,05,
4457602,000003E6,false,Rx,0,8,A1,40,00,00,00,00,00,00,
4457829,00000122,false,Rx,0,8,FF,D9,67,1F,44,44,44,44,
4458079,0000041A,false,Rx,0,8,12,50,12,00,50,01,00,00,
4458313,00000123,false,Rx,0,8,F0,02,00,00,00,00,00,35,
4458602,0000041B,false,Rx,0,8,BE,70,00,00,00,00,00,00,
4458942,00000124,false,Rx,0,8,00,00,0A,00,00,00,20,40,
4459164,0000041C,false,Rx,0,8,84,D0,E8,00,00,00,00,00,
4459313,00000422,false,Rx,0,8,FA,20,01,00,00,00,04,00,
4459795,00000435,false,Rx,0,8,E9,00,00,50,00,00,50,00,
4460091,00000432,false,Rx,0,8,03,20,02,00,00,00,00,00,
4460560,00000442,false,Rx,0,8,CE,20,11,81,00,00,00,00,
4460684,00000444,false,Rx,0,8,0B,60,20,50,55,50,00,00,
4461124,00000445,false,Rx,0,8,B9,00,00,00,00,00,00,18,
4461519,00000464,false,Rx,0,8,6C,30,F0,FF,38,7F,05,00,
4462821,00000487,false,Rx,1,8,00,00,00,00,00,00,00,00,
4462916,00000236,false,Rx,0,8,13,FE,0C,00,30,63,34,6C,
4463295,0000011B,false,Rx,0,8,ED,15,80,05,80,08,A8,02,
4463385,00000642,false,Rx,1,8,FF,FF,FF,FF,FF,FF,00,00,
4463447,0000012B,false,Rx,0,8,AA,EF,80,06,00,00,08,00,
4463673,0000011C,false,Rx,0,8,00,05,20,00,22,00,01,01,
4463893,0000012C,false,Rx,0,8,00,00,01,00,00,64,00,00,
4464132,000000A1,false,Rx,0,8,24,C9,41,8A,D4,EC,A2,00,
4464353,00000151,false,Rx,0,8,66,96,0C,A0,C8,00,28,15,
4464637,000000A2,false,Rx,0,8,00,00,00,00,00,00,00,00,
4464849,00000152,false,Rx,0,8,12,14,14,00,24,00,00,00,
4465085,000000A3,false,Rx,0,8,00,40,01,00,00,00,00,00,
4465335,00000153,false,Rx,0,8,00,00,00,00,00,00,00,00,
4465581,00000237,false,Rx,0,8,00,05,94,00,00,5D,1D,00,
4465824,00000154,false,Rx,0,8,00,00,00,00,00,00,00,00,
4466103,000001F6,false,Rx,0,8,A8,FD,0C,00,00,00,00,0C,
4466304,000002FB,false,Rx,0,8,37,D7,0C,04,0C,14,C3,C3,
4466544,000001F7,false,Rx,0,8,1F,00,DC,00,00,00,00,00,
4466789,000002FC,false,Rx,0,8,00,00,12,15,00,00,79,96,
4467032,000001F8,false,Rx,0,8,00,69,00,64,00,00,00,00,
4467286,000002FD,false,Rx,0,8,00,00,00,00,00,1C,10,EA,
4467520,000001F9,false,Rx,0,8,19,00,A0,C8,14,00,19,00,
4467794,000002FE,false,Rx,0,8,00,00,72,01,00,28,00,00,
4468391,00000238,false,Rx,0,8,00,00,0C,00,00,00,00,00,
4468516,00000326,false,Rx,0,8,C9,8F,0C,00,00,00,00,00,
4468588,0000019B,false,Rx,0,8,C5,ED,23,00,00,E4,00,00,
4468831,00000239,false,Rx,0,8,00,00,00,00,01,00,00,00,
4468981,0000019C,false,Rx,0,8,40,20,00,00,00,00,0B,09,
4469229,0000025B,false,Rx,0,8,21,EE,0C,40,40,20,00,00,
4469513,0000019D,false,Rx,0,8,00,10,00,01,00,00,00,00,
4469916,0000025C,false,Rx,0,8,00,00,1F,00,BD,68,14,00,
4470238,0000019E,false,Rx,0,8,15,00,00,00,00,32,00,00,
4470309,0000025D,false,Rx,0,8,00,C8,00,00,00,80,C0,70,
4470437,00000327,false,Rx,0,8,00,00,00,00,01,00,00,01,
4470690,0000025E,false,Rx,0,8,51,07,0E,07,00,00,00,00,
4470915,00000328,false,Rx,0,8,DC,00,19,00,00,69,00,00,
4471417,00000329,false,Rx,0,8,A0,64,00,00,00,00,00,00,
4471899,00000331,false,Rx,0,8,26,70,0C,F1,C8,A0,2C,97,
4472181,00000332,false,Rx,0,8,44,07,B4,00,00,00,00,00,
4472417,00000333,false,Rx,0,8,00,00,00,1C,0C,40,20,A0,
4472669,00000334,false,Rx,0,8,C8,00,00,00,5C,70,B7,8F,
4475521,00000036,false,Rx,0,8,47,82,7C,51,00,00,25,05,
4475794,00000037,false,Rx,0,8,05,00,00,10,00,40,00,00,
4475997,00000038,false,Rx,0,8,04,00,00,00,20,39,96,D4,
4476258,00000039,false,Rx,0,8,00,00,00,00,00,00,00,00,
4481348,00000146,false,Rx,0,8,34,FA,31,10,04,05,00,00,
4481447,00000147,false,Rx,0,8,01,04,7D,00,40,07,00,00,
4481846,00000148,false,Rx,0,8,00,00,42,00,1E,7B,40,05,
4482225,00000149,false,Rx,0,8,00,38,00,C8,00,00,00,00,
4482298,000001B1,false,Rx,0,8,CC,A9,31,00,72,00,00,00,
4482677,000001B2,false,Rx,0,8,23,00,04,0D,62,01,50,0F,
4482750,000001B3,false,Rx,0,8,64,2C,28,00,63,7F,71,7B,
4483013,000001B4,false,Rx,0,8,68,78,10,00,00,41,00,00,
4484547,00000419,false,Rx,0,8,A8,C0,F5,CD,FD,66,84,00,
4488148,000001F1,false,Rx,0,8,F3,FA,A7,01,00,00,28,00,
4488256,000001F2,false,Rx,0,8,00,00,00,00,00,00,00,00,
4490414,00000444,false,Rx,0,8,37,70,05,40,55,50,00,00,
4490938,0000010B,false,Rx,0,8,B9,AE,7E,00,00,00,00,05,
4491017,0000010C,false,Rx,0,8,FF,F9,E7,1F,43,48,44,44,
4491474,0000010D,false,Rx,0,8,EF,02,00,00,00,00,00,35,
4491682,0000010E,false,Rx,0,8,00,00,1E,00,00,C0,AB,57,
4500218,00000091,false,Rx,0,8,CD,03,0A,00,00,00,00,00,
4500312,00000092,false,Rx,0,8,0D,00,00,00,D0,00,00,00,
4500659,00000093,false,Rx,0,8,00,00,00,00,00,00,00,00,
4501173,00000094,false,Rx,0,8,00,00,00,00,00,00,00,00,
4502640,000004A3,false,Rx,1,8,80,00,48,0B,3E,00,00,00,
4502835,000004A4,false,Rx,1,8,FF,FF,FF,00,00,00,00,00,
4503400,00000061,false,Rx,0,8,6A,BA,45,00,00,05,00,00,
4503685,00000062,false,Rx,0,8,02,02,00,01,40,FF,00,FF,
4503963,00000251,false,Rx,0,8,BA,32,0C,00,00,00,00,00,
4504356,00000063,false,Rx,0,8,C7,00,15,00,00,08,FF,00,
4504431,00000252,false,Rx,0,8,00,00,03,03,03,00,00,00,
4504767,00000064,false,Rx,0,8,04,00,00,04,FF,FA,00,00,
4505159,00000253,false,Rx,0,8,00,00,00,52,16,00,80,46,
4505505,000002BF,false,Rx,0,8,FF,FF,FF,00,00,00,00,00,
4505903,0000047F,false,Rx,0,8,FF,FF,FF,FF,FF,FF,FF,FF,
4506196,00000561,false,Rx,0,8,63,02,00,00,00,00,FF,FF,
4506300,00000653,false,Rx,0,8,0A,19,03,01,02,2A,00,00,
4506635,0000034B,false,Rx,0,8,1E,18,01,31,D8,0D,05,01,
4507109,000002C1,false,Rx,0,8,F9,46,07,21,00,41,00,A1,
4507180,0000034C,false,Rx,0,8,00,00,00,00,00,00,00,00,
4507232,000002C2,false,Rx,0,8,40,00,00,00,00,00,00,00,
4507329,0000034D,false,Rx,0,8,00,00,00,00,00,00,00,00,
4507608,00000121,false,Rx,0,8,94,45,7F,00,00,00,00,05,
4507852,000002C3,false,Rx,0,8,00,00,00,00,00,00,00,00,
4508392,00000122,false,Rx,0,8,FF,D9,67,1F,44,44,44,44,
4508456,000002C4,false,Rx,0,8,00,00,00,00,00,00,00,00,
4508529,00000123,false,Rx,0,8,F0,02,00,00,00,00,00,35,
4508995,0000034E,false,Rx,0,8,00,00,00,00,00,00,00,00,
4509778,00000124,false,Rx,0,8,00,00,0A,00,00,00,20,40,
4510242,00000380,false,Rx,0,8,A0,99,01,0C,0C,0C,0C,01,
4511123,000001AB,false,Rx,0,8,89,D4,B5,40,70,90,00,00,
4511230,000001AC,false,Rx,0,8,00,28,00,00,00,00,00,00,
4511683,00000382,false,Rx,0,8,36,4D,02,00,00,05,09,00,
4512011,00000383,false,Rx,0,8,89,14,01,10,01,00,00,00,
4513256,00000384,false,Rx,0,8,D8,3D,02,01,00,FF,00,22,
4513846,000000A1,false,Rx,0,8,2D,4C,46,8A,D4,EC,A2,00,
4513981,000001E6,false,Rx,0,8,D2,31,15,C2,03,64,64,00,
4514054,000000A2,false,Rx,0,8,00,00,00,00,00,00,00,00,
4514343,000001E7,false,Rx,0,8,00,00,22,03,20,01,00,00,
4514921,000000A3,false,Rx,0,8,00,40,01,00,00,00,00,00,
4514984,000001BB,false,Rx,0,8,E0,14,15,C2,03,64,64,0A,
4515031,000002E6,false,Rx,0,8,15,51,0C,01,00,00,00,15,
4515334,000001BC,false,Rx,0,8,32,00,00,00,02,00,00,00,
4515451,00000256,false,Rx,0,8,A4,B6,0C,15,00,00,10,00,
4515690,000001BD,false,Rx,0,8,00,00,00,00,00,00,00,00,
4515962,00000257,false,Rx,0,8,00,7D,3E,00,83,07,00,7B,
4516177,000002E7,false,Rx,0,8,0A,00,00,00,01,00,00,00,
4516427,00000258,false,Rx,0,8,01,28,1D,00,10,15,00,28,
4516892,000002E8,false,Rx,0,8,00,00,00,00,00,00,00,00,
4516957,00000259,false,Rx,0,8,E8,03,11,3C,EC,01,00,00,
4517364,000002E9,false,Rx,0,8,00,00,00,00,00,00,00,00,
4517458,000003B0,false,Rx,0,8,72,37,FF,C7,00,00,03,C0,
4517658,000003B2,false,Rx,0,8,36,15,FF,02,29,2F,34,00,
4518034,000003B1,false,Rx,0,8,9B,3C,FF,40,00,00,20,00,
4518386,00000445,false,Rx,0,8,06,10,00,00,00,04,00,18,
4518516,0000019B,false,Rx,0,8,7D,EC,28,00,00,E4,00,00,
4518824,0000019C,false,Rx,0,8,40,20,00,00,00,00,0B,09,
4519324,00000427,false,Rx,0,8,1D,86,FF,00,80,0A,00,00,
4519658,0000019D,false,Rx,0,8,00,10,00,01,00,00,00,00,
4520194,0000019E,false,Rx,0,8,15,00,00,00,00,32,00,00,
4520310,00000444,false,Rx,0,8,BB,80,05,00,11,10,00,00,
4523090,0000042A,false,Rx,0,8,CF,74,01,04,00,10,00,00,
4523999,00000405,false,Rx,0,8,8B,20,00,00,00,00,00,00,
4524510,00000419,false,Rx,0,8,A8,C0,F5,CD,FD,66,84,00,
4525570,00000036,false,Rx,0,8,BD,7C,81,51,00,00,25,05,
4525748,00000037,false,Rx,0,8,05,00,00,10,00,40,00,00,
4526028,00000038,false,Rx,0,8,04,00,00,00,20,39,96,D4,
4526542,00000039,false,Rx,0,8,00,00,00,00,00,00,00,00,
4540904,0000010B,false,Rx,0,8,43,50,83,00,00,00,00,05,
4540985,0000010C,false,Rx,0,8,FF,F9,E7,1F,43,48,44,44,
4541378,0000010D,false,Rx,0,8,EF,02,00,00,00,00,00,35,
4541459,0000010E,false,Rx,0,8,00,00,1E,00,00,C0,AB,57,
4547078,0000033B,false,Rx,0,8,5E,4A,38,00,00,00,00,00,
4547184,0000033C,false,Rx,0,8,00,00,00,00,F0,00,00,00,
4547558,0000033D,false,Rx,0,8,00,00,00,00,00,00,00,00,
4547691,00000356,false,Rx,0,8,8C,38,9C,00,00,00,00,00,
4548045,0000033E,false,Rx,0,8,00,00,00,00,00,00,00,00,
4548180,00000357,false,Rx,0,8,00,00,00,00,00,4B,4D,48,
4548721,00000358,false,Rx,0,8,35,41,45,4D,52,37,33,4F,
4548794,00000359,false,Rx,0,8,51,4F,34,52,4A,35,33,00,
4549364,00000419,false,Rx,0,8,89,D0,F5,CD,D1,66,84,00,
4550239,000002FF,false,Rx,0,8,94,7C,00,00,00,00,00,00,
4550518,00000474,false,Rx,0,8,30,DB,00,00,00,00,00,00,
4553459,00000061,false,Rx,0,8,EB,CE,4A,00,00,05,00,00,
4553557,00000062,false,Rx,0,8,02,02,00,01,40,FF,00,FF,
4553632,00000063,false,Rx,0,8,C7,00,15,00,00,08,FF,00,
4553990,00000064,false,Rx,0,8,04,00,00,04,FF,FA,00,00,
4554351,0000036F,false,Rx,0,8,FE,01,01,00,00,00,00,00,
4554659,0000037F,false,Rx,0,8,5D,E0,52,24,41,02,00,00,
4555127,00000435,false,Rx,0,8,CA,10,00,50,00,00,00,FF,
4555397,00000444,false,Rx,0,8,A2,90,05,00,00,00,00,00,
4555723,00000445,false,Rx,0,8,06,10,00,00,00,04,00,18,
4557593,00000121,false,Rx,0,8,DB,7C,84,00,00,00,00,05,
4558125,00000122,false,Rx,0,8,FF,D9,67,1F,44,44,44,44,
4558209,00000123,false,Rx,0,8,F0,02,00,00,00,00,00,35,
4558271,00000111,false,Rx,0,8,AA,FF,EB,01,00,00,00,00,
4558438,00000124,false,Rx,0,8,00,00,0A,00,00,00,20,40,
4558551,00000112,false,Rx,0,8,00,00,00,00,00,00,00,00,
4558819,00000113,false,Rx,0,8,00,00,00,00,00,00,00,00,
4559064,00000114,false,Rx,0,8,00,00,00,00,00,00,00,00,
4559846,00000401,false,Rx,0,8,F6,00,10,00,00,01,00,00,
4563728,000000A1,false,Rx,0,8,1B,0F,4B,8A,D4,EC,A2,00,
4563821,000000A2,false,Rx,0,8,00,00,00,00,00,00,00,00,
4564192,000000A3,false,Rx,0,8,00,40,01,00,00,00,00,00,
4564859,00000405,false,Rx,0,8,8B,20,00,00,00,00,00,00,
4565272,000004DD,false,Rx,1,8,00,00,FE,00,04,00,00,00,
4568735,0000019B,false,Rx,0,8,B8,C1,2D,00,00,D4,00,00,
4568934,0000019C,false,Rx,0,8,40,20,00,00,00,00,0B,09,
4568982,0000019D,false,Rx,0,8,00,10,00,05,00,00,00,00,
4569052,0000019E,false,Rx,0,8,15,23,00,00,00,32,00,00,
4570286,000003E0,false,Rx,0,8,5B,B0,01,00,44,03,00,00,
4570814,000003E5,false,Rx,0,8,B7,50,00,00,00,00,00,00,
4574102,00000410,false,Rx,0,8,A3,90,53,3C,B4,6A,FF,FF,
4574203,00000411,false,Rx,0,8,BD,71,50,50,00,00,44,05,
4574433,00000412,false,Rx,0,8,F1,00,00,00,00,00,04,00,
4574668,00000413,false,Rx,0,8,F5,10,00,41,00,00,00,00,
4575124,000000C5,false,Rx,1,8,00,00,00,00,00,00,00,00,
4575215,00000414,false,Rx,0,8,87,A0,00,00,28,00,00,00,
4575460,00000244,false,Rx,1,8,00,00,00,00,00,00,00,00,
4576640,00000036,false,Rx,0,8,4E,47,86,51,00,00,21,05,
4577163,000004B4,false,Rx,1,8,01,00,0D,40,10,60,44,02,
4577404,00000037,false,Rx,0,8,05,00,00,10,00,40,00,00,
4577476,00000416,false,Rx,0,8,55,00,00,00,00,00,00,00,
4577538,000004B5,false,Rx,1,8,08,00,F0,07,00,00,00,00,
4577618,00000038,false,Rx,0,8,04,00,00,00,20,39,86,D4,
4578060,000004B7,false,Rx,1,8,08,00,F0,07,00,00,00,00,
4578169,00000417,false,Rx,0,8,61,40,00,00,00,01,00,00,
4578217,00000039,false,Rx,0,8,00,00,00,00,00,00,00,00,
4578605,000004CA,false,Rx,1,8,00,00,00,00,00,00,00,00,
4578703,00000418,false,Rx,0,8,18,00,00,00,14,4C,00,00,
4578763,000004CC,false,Rx,1,8,08,00,00,2A,00,00,03,00,
4578818,000004CE,false,Rx,1,8,14,01,FF,FF,FF,FF,FF,FF,
4578884,000004D7,false,Rx,1,8,23,01,00,00,00,00,00,00,
4579322,000004D8,false,Rx,1,8,41,10,F6,F0,40,F2,1E,CC,
4579951,000004DF,false,Rx,1,8,00,00,08,00,00,00,00,00,
4580092,000004E7,false,Rx,1,8,00,30,00,00,00,00,69,00,
4581104,000004E8,false,Rx,1,8,FF,FF,FF,29,FF,FF,FF,00,
4581439,000004E9,false,Rx,1,8,00,00,00,00,00,00,00,00,
4581817,000004EA,false,Rx,1,8,00,00,00,00,00,00,00,00,
4582219,00000146,false,Rx,0,8,0A,EA,36,10,04,05,00,00,
4582438,000004EB,false,Rx,1,8,04,68,2B,09,00,00,00,00,
4582921,00000147,false,Rx,0,8,01,04,7D,00,40,17,00,00,
4583183,000004EC,false,Rx,1,8,FF,FF,FF,FF,FF,FF,FF,0F,
4583299,000004ED,false,Rx,1,8,FF,FF,FF,FF,FF,FF,FF,1F,
4583924,00000148,false,Rx,0,8,00,00,42,00,1E,7B,40,05,
4584134,000004EE,false,Rx,1,8,FF,FF,00,00,00,00,00,00,
4584455,000001B1,false,Rx,0,8,B6,91,36,00,72,00,00,00,
4584595,000004EF,false,Rx,1,8,60,00,60,00,29,14,00,00,
4584726,00000149,false,Rx,0,8,00,38,00,C8,00,00,00,00,
4584845,000001B2,false,Rx,0,8,23,00,04,0D,66,01,50,0F,
4584905,0000063D,false,Rx,1,8,00,80,00,00,00,00,00,00,
4584961,000001B3,false,Rx,0,8,68,2C,28,00,63,7F,71,7B,
4585035,0000063E,false,Rx,1,8,FF,FF,FF,FF,FF,FF,FF,FF,
4585082,0000063F,false,Rx,1,8,00,10,00,C4,FF,00,00,00,
4585127,000001B4,false,Rx,0,8,68,78,10,00,00,41,00,00,
4585174,00000640,false,Rx,1,8,FF,FF,FF,00,FF,FF,FF,00,
4585234,00000641,false,Rx,1,8,FF,FF,FF,FF,0F,FF,FF,FF,
4585285,00000419,false,Rx,0,8,83,E0,B7,CD,D1,66,84,00,
4585350,00000646,false,Rx,1,8,00,00,00,80,01,00,00,00,
4585399,00000444,false,Rx,0,8,8E,B0,00,00,00,00,00,00,
4589969,00000563,false,Rx,1,8,65,02,00,00,00,00,FF,FF,
4590183,000002FF,false,Rx,0,8,94,7C,00,00,00,00,00,00,
4590244,00000474,false,Rx,0,8,30,DB,00,00,00,00,00,00,
4590673,0000010B,false,Rx,0,8,37,BD,88,00,00,00,00,01,
4590903,0000010C,false,Rx,0,8,FF,01,00,00,43,48,44,44,
4591126,0000010D,false,Rx,0,8,EF,02,00,00,00,00,00,35,
4591391,0000010E,false,Rx,0,8,00,00,1E,00,00,00,00,00,
4595045,00000435,false,Rx,0,8,CA,10,00,50,00,00,00,FF,
4595559,00000445,false,Rx,0,8,06,10,00,00,00,04,00,18,
4595630,000003AA,false,Rx,0,8,FF,00,D0,00,54,00,00,00,
4599971,000003E0,false,Rx,0,8,05,C0,01,00,00,00,00,00,
4602490,0000030B,false,Rx,0,8,C4,32,38,00,04,00,00,00,
4602567,0000030C,false,Rx,0,8,00,00,0C,23,2C,00,A0,0F,
4602885,0000030D,false,Rx,0,8,00,00,00,00,42,00,00,00,
4603274,0000030E,false,Rx,0,8,00,00,28,05,21,00,00,02,
4603327,00000061,false,Rx,0,8,94,E2,4F,00,00,05,00,00,
4603558,00000062,false,Rx,0,8,02,02,00,01,40,FF,00,FF,
4603764,00000063,false,Rx,0,8,C7,00,15,00,00,08,FF,00,
4604198,00000405,false,Rx,0,8,8B,20,00,00,00,00,00,00,
4604297,00000064,false,Rx,0,8,04,00,00,04,FF,FA,00,00,
4604650,00000396,false,Rx,0,8,BC,03,06,0F,08,01,00,02,
4604967,00000495,false,Rx,0,8,49,00,00,00,00,00,00,00,
4605692,00000397,false,Rx,0,8,1C,00,00,00,00,00,00,00,
4605852,000004DD,false,Rx,1,8,00,00,FE,00,04,00,00,00,
4605932,00000398,false,Rx,0,8,00,00,00,00,00,00,00,00,
4606418,000002AB,false,Rx,0,8,84,AB,0E,0C,0C,00,00,00,
4606688,000002AC,false,Rx,0,8,00,FF,FF,00,00,40,00,50,
4606959,000002AD,false,Rx,0,8,00,01,00,40,FF,FF,FF,0F,
4607179,00000121,false,Rx,0,8,24,75,89,00,00,00,00,01,
4607591,000002AE,false,Rx,0,8,01,00,FF,3F,01,01,00,00,
4607894,00000122,false,Rx,0,8,FF,01,00,00,44,44,44,44,
4608200,000002B6,false,Rx,0,8,A9,11,0E,01,01,00,00,40,
4608322,00000123,false,Rx,0,8,F0,02,00,00,00,00,00,35,
4608788,000002B7,false,Rx,0,8,93,01,C1,08,00,04,00,00,
4608921,00000124,false,Rx,0,8,00,00,0A,00,00,00,00,00,
4608979,000002B8,false,Rx,0,8,B2,61,11,00,00,00,00,00,
4609271,000002B9,false,Rx,0,8,0A,00,00,00,00,00,00,00,
4609736,000002E1,false,Rx,0,8,EE,28,0E,00,00,00,00,40,
4609790,000002D6,false,Rx,0,8,DC,73,06,00,00,00,00,00,
4609863,000002EB,false,Rx,0,8,5B,85,06,09,08,01,00,02,
4610349,000002D7,false,Rx,0,8,00,00,00,00,03,00,00,00,
4611240,000001AB,false,Rx,0,8,14,DD,BA,40,00,90,00,00,
4611669,000002D8,false,Rx,0,8,00,00,00,00,00,00,38,44,
4611779,000001AC,false,Rx,0,8,00,28,00,00,00,00,00,00,
4611868,000002D9,false,Rx,0,8,00,00,00,00,00,00,00,00,
4611914,000002EC,false,Rx,0,8,12,00,00,00,00,00,00,00,
4611970,000002E2,false,Rx,0,8,22,00,00,00,00,14,00,04,
4612068,000002ED,false,Rx,0,8,00,00,00,00,00,00,00,00,
4612121,000002E3,false,Rx,0,8,00,00,00,00,00,00,72,01,
4612866,000002EE,false,Rx,0,8,00,00,00,00,00,00,00,00,
4613070,000002E4,false,Rx,0,8,02,00,00,00,00,00,00,00,
4613113,000003E5,false,Rx,0,8,B7,50,00,00,00,00,00,00,
4613156,000000A1,false,Rx,0,8,74,BE,50,8A,D4,EC,A2,00,
4613319,00000448,false,Rx,0,8,7F,00,00,00,00,00,00,00,
4613611,000000A2,false,Rx,0,8,00,00,00,00,00,00,00,00,
4613953,000000A3,false,Rx,0,8,00,40,01,00,00,00,00,00,
4615508,000003B6,false,Rx,0,8,B4,B2,06,00,00,00,00,44,
4615589,000003B7,false,Rx,0,8,43,00,00,00,00,08,00,00,
4615659,000003B8,false,Rx,0,8,EB,02,00,00,00,00,69,0E,
4615887,000003B9,false,Rx,0,8,00,00,00,00,00,00,00,00,
4618687,0000019B,false,Rx,0,8,FC,71,32,00,00,D4,00,00,
4618814,0000019C,false,Rx,0,8,40,20,00,00,00,00,0B,09,
4618867,0000019D,false,Rx,0,8,00,10,00,05,00,00,00,00,
4619060,0000019E,false,Rx,0,8,15,23,00,00,00,32,00,00,
4624129,00000419,false,Rx,0,8,83,E0,B7,CD,D1,66,84,00,
4625013,00000444,false,Rx,0,8,8E,B0,00,00,00,00,00,00,
4625638,00000036,false,Rx,0,8,FC,ED,8B,01,10,00,21,05,
4625899,00000037,false,Rx,0,8,05,00,00,10,00,40,00,00,
4625996,00000038,false,Rx,0,8,01,00,00,00,20,39,86,D4,
4626563,00000039,false,Rx,0,8,00,00,00,00,00,00,00,00,
4629797,00000226,false,Rx,0,8,F4,33,27,FF,00,20,00,02,
4629903,00000316,false,Rx,0,8,EA,B8,15,04,00,80,0A,00,
4629953,00000227,false,Rx,0,8,02,C4,07,09,00,F0,FF,07,
4630202,00000317,false,Rx,0,8,00,00,05,00,00,00,00,00,
4630320,000003CB,false,Rx,0,8,36,14,00,F4,00,00,00,00,
4630540,00000472,false,Rx,0,8,5C,EC,00,40,08,41,00,45,
4630768,000003CC,false,Rx,0,8,36,31,34,30,33,34,31,00,
4631000,00000473,false,Rx,0,8,5F,24,00,25,00,00,00,78,
4631281,00000401,false,Rx,0,8,C0,10,10,00,00,00,00,00,
4631495,00000474,false,Rx,0,8,30,DB,00,00,00,00,00,00,
4633399,000002FF,false,Rx,0,8,94,7C,00,00,00,00,00,00,
4634856,00000435,false,Rx,0,8,CA,10,00,50,00,00,00,FF,
4638237,000001F1,false,Rx,0,8,80,C3,AA,01,00,00,28,00,
4638341,000001F2,false,Rx,0,8,00,00,00,00,00,00,00,00,
4640248,000003E0,false,Rx,0,8,05,C0,01,00,00,00,00,00,
4640772,0000010B,false,Rx,0,8,91,A3,8D,00,00,00,00,01,
4640857,0000010C,false,Rx,0,8,FF,01,00,00,43,48,44,44,
4641334,0000010D,false,Rx,0,8,EF,02,00,00,00,00,00,35,
4641426,0000010E,false,Rx,0,8,00,00,0A,00,00,00,00,00,
4645147,000004DD,false,Rx,1,8,00,00,FE,00,04,00,00,00,
4650041,000003E5,false,Rx,0,8,B7,50,00,00,00,00,00,00,
4653885,0000036F,false,Rx,0,8,47,11,01,00,00,00,00,00,
4654080,0000037F,false,Rx,0,8,4D,00,52,24,41,02,00,00,
4654721,000000FF,false,Rx,0,8,CB,10,00,00,00,00,02,00,
4655422,00000394,false,Rx,0,8,2A,22,1A,49,00,00,00,00,
4655592,000003C3,false,Rx,0,8,45,10,31,30,36,00,00,00,
4656106,000003E6,false,Rx,0,8,A1,40,00,00,00,00,00,00,
4656343,0000041A,false,Rx,0,8,12,50,12,00,50,01,00,00,
4656613,0000041B,false,Rx,0,8,BE,70,00,00,00,00,00,00,
4656907,0000041C,false,Rx,0,8,84,D0,E8,00,00,00,00,00,
4657132,00000121,false,Rx,0,8,D7,EB,8E,00,00,00,00,01,
4657427,00000422,false,Rx,0,8,FA,20,01,00,00,00,04,00,
4657613,00000122,false,Rx,0,8,FF,01,00,00,44,44,44,44,
4657874,00000432,false,Rx,0,8,03,20,02,00,00,00,00,00,
4658097,00000123,false,Rx,0,8,F0,02,00,00,00,00,00,35,
4658339,00000442,false,Rx,0,8,CE,20,11,81,00,00,00,00,
4658590,00000124,false,Rx,0,8,00,00,0A,00,00,00,00,00,
4658847,00000445,false,Rx,0,8,06,10,00,00,00,04,00,18,
4659865,00000464,false,Rx,0,8,6C,30,F0,FF,38,7F,05,00,
4663043,000000A1,false,Rx,0,8,7B,55,55,8A,D4,EC,A2,00,
4663329,000000A2,false,Rx,0,8,00,00,00,00,00,00,00,00,
4663523,000000A3,false,Rx,0,8,00,40,01,00,00,00,00,00,
4663759,000001E6,false,Rx,0,8,38,37,18,02,00,00,00,00,
4663992,000001BB,false,Rx,0,8,86,7F,18,02,00,00,00,0A,
4664273,000001BC,false,Rx,0,8,32,00,00,00,02,00,00,00,
4664499,00000419,false,Rx,0,8,83,E0,B7,CD,D1,66,84,00,
4664758,000001BD,false,Rx,0,8,00,00,00,00,00,00,00,00,
4664961,00000487,false,Rx,1,8,00,00,00,00,00,00,00,00,
4665038,00000435,false,Rx,0,8,CA,10,00,50,00,00,00,FF,
4665271,000001E7,false,Rx,0,8,00,00,22,03,20,01,00,00,
4665568,00000642,false,Rx,1,8,FF,FF,FF,FF,FF,FF,00,00,
4665686,00000444,false,Rx,0,8,47,C0,00,20,00,00,00,00,
4668423,0000019B,false,Rx,0,8,83,5D,37,00,00,D4,00,00,
4668518,0000019C,false,Rx,0,8,40,20,00,00,00,00,0B,09,
4668786,0000019D,false,Rx,0,8,00,10,00,05,00,00,00,00,
4669017,0000019E,false,Rx,0,8,15,23,00,00,00,32,00,00,
4669437,00000479,false,Rx,0,8,2F,F0,00,E0,01,00,00,00,
4669944,00000401,false,Rx,0,8,C0,10,10,00,00,00,00,00,
4675561,00000036,false,Rx,0,8,B1,6F,90,01,10,00,20,05,
4675738,00000037,false,Rx,0,8,05,00,00,10,00,40,00,00,
4676030,00000038,false,Rx,0,8,01,00,00,00,20,39,06,00,
4676283,00000039,false,Rx,0,8,00,00,00,00,00,00,00,00,
4679750,000003E0,false,Rx,0,8,05,C0,01,00,00,00,00,00,
4684908,00000445,false,Rx,0,8,D6,20,00,00,00,00,00,18,
4685013,00000565,false,Rx,0,8,66,02,00,00,00,00,FF,FF,
4690752,0000010B,false,Rx,0,8,D5,13,92,00,00,00,00,01,
4690853,0000010C,false,Rx,0,8,FF,01,00,00,43,48,44,44,
4691179,0000010D,false,Rx,0,8,EF,02,00,00,00,00,00,35,
4691310,0000010E,false,Rx,0,8,00,00,0A,00,00,00,00,00,
4703051,00000251,false,Rx,0,8,97,DC,0E,00,00,00,00,00,
4703143,00000252,false,Rx,0,8,00,00,03,03,03,00,00,00,
4703545,000002BF,false,Rx,0,8,FF,FF,FF,00,00,00,00,00,
4703663,00000253,false,Rx,0,8,00,00,00,53,3E,00,80,46,
4704016,0000047F,false,Rx,0,8,FF,FF,FF,FF,FF,FF,FF,FF,
4704183,00000653,false,Rx,0,8,0A,19,03,01,02,2A,00,00,
4704717,00000444,false,Rx,0,8,47,C0,00,20,00,00,00,00,
4705005,000004A3,false,Rx,1,8,80,00,48,0B,3E,00,00,00,
4705450,000004A4,false,Rx,1,8,FF,FF,FF,00,00,00,00,00,
4706662,000002C1,false,Rx,0,8,78,32,08,21,00,41,00,A1,
4706861,000002C2,false,Rx,0,8,40,00,00,00,00,00,00,00,
4707125,00000121,false,Rx,0,8,1F,E9,93,00,00,00,00,01,
4707702,000002C3,false,Rx,0,8,00,00,00,00,00,00,00,00,
4707823,00000122,false,Rx,0,8,FF,01,00,00,44,44,44,44,
4707879,000002C4,false,Rx,0,8,00,00,00,00,00,00,00,00,
4708100,00000123,false,Rx,0,8,F0,02,00,00,00,00,00,35,
4708452,00000124,false,Rx,0,8,00,00,0A,00,00,00,00,00,
4710218,000001AB,false,Rx,0,8,E2,F5,BF,40,00,90,00,00,
4710334,00000401,false,Rx,0,8,C0,10,10,00,00,00,00,00,
4710428,000001AC,false,Rx,0,8,00,28,00,00,00,00,00,00,
4711015,00000479,false,Rx,0,8,2F,F0,00,E0,01,00,00,00,
4713293,000000A1,false,Rx,0,8,4B,78,5A,8A,D4,EC,A2,00,
4713404,000000A2,false,Rx,0,8,00,00,00,00,00,00,00,00,
4713733,000000A3,false,Rx,0,8,00,40,01,00,00,00,00,00,
4714882,000002E6,false,Rx,0,8,8A,FE,0E,01,00,00,00,15,
4714953,00000256,false,Rx,0,8,85,A4,0F,01,00,00,00,00,
4715037,000002E7,false,Rx,0,8,3C,00,00,00,00,00,00,00,
4715292,00000257,false,Rx,0,8,00,00,00,00,64,00,02,00,
4715551,000002E8,false,Rx,0,8,00,00,00,00,00,00,00,00,
4715785,00000258,false,Rx,0,8,01,00,00,00,10,15,00,28,
4716045,000002E9,false,Rx,0,8,00,00,00,00,00,00,00,00,
4716386,00000259,false,Rx,0,8,00,00,00,3C,00,00,00,00,
4718471,0000019B,false,Rx,0,8,3B,5C,3C,00,00,D4,00,00,
4718566,0000019C,false,Rx,0,8,40,20,00,00,00,00,0B,09,
4718887,0000019D,false,Rx,0,8,00,10,00,05,00,00,00,00,
4719023,0000019E,false,Rx,0,8,15,23,00,00,00,32,00,00,
4724877,00000445,false,Rx,0,8,D6,20,00,00,00,00,00,18,
4725629,00000036,false,Rx,0,8,CE,43,95,01,10,00,20,05,
4725849,00000037,false,Rx,0,8,05,00,00,10,00,40,00,00,
4726093,00000038,false,Rx,0,8,01,00,00,00,20,39,06,00,
4726335,00000039,false,Rx,0,8,00,00,00,00,00,00,00,00,
4730507,00000236,false,Rx,0,8,9F,4C,0E,00,30,63,34,6C,
4730599,000002FB,false,Rx,0,8,48,41,0E,04,0C,14,C3,C3,
4730866,00000237,false,Rx,0,8,00,05,94,00,00,5D,1D,00,
4730954,00000151,false,Rx,0,8,EA,24,0E,A0,C8,00,28,15,
4731207,00000238,false,Rx,0,8,00,00,0C,00,00,00,00,00,
4731442,00000152,false,Rx,0,8,12,14,14,00,24,00,00,00,
4731683,000001F6,false,Rx,0,8,8C,B1,0E,00,00,00,00,00,
4732000,00000153,false,Rx,0,8,00,00,00,00,00,00,00,00,
4732387,000001F7,false,Rx,0,8,1F,00,DC,00,00,00,00,00,
4732708,00000154,false,Rx,0,8,00,00,00,00,00,00,00,00,
4732999,000001F8,false,Rx,0,8,00,69,00,64,00,00,00,00,
4733110,000002FC,false,Rx,0,8,01,00,12,15,00,00,00,96,
4733609,000001F9,false,Rx,0,8,19,00,A0,C8,14,00,19,00,
4733678,000002FD,false,Rx,0,8,00,00,00,00,00,1C,10,EA,
4733735,00000239,false,Rx,0,8,00,00,00,00,01,00,00,00,
4734076,000002FE,false,Rx,0,8,00,00,72,01,00,28,00,00,
4734496,0000025B,false,Rx,0,8,C5,C9,0E,4C,40,20,00,00,
4734839,00000326,false,Rx,0,8,5A,E3,0E,00,00,00,00,00,
4735159,0000025C,false,Rx,0,8,00,00,1F,00,BD,68,14,00,
4735561,00000327,false,Rx,0,8,00,00,00,00,01,00,00,00,
4735632,0000025D,false,Rx,0,8,00,C8,00,00,00,80,C0,70,
4735676,00000328,false,Rx,0,8,DC,00,19,00,00,69,00,00,
4735724,0000025E,false,Rx,0,8,70,07,0E,0A,00,00,00,00,
4735834,00000329,false,Rx,0,8,A0,64,00,00,00,00,00,00,
4736130,00000331,false,Rx,0,8,AA,C2,0E,F1,C8,A0,2C,97,
4736353,00000332,false,Rx,0,8,44,07,B4,00,00,00,00,00,
4736577,00000333,false,Rx,0,8,00,00,00,1C,0C,40,20,A0,
4736825,00000334,false,Rx,0,8,C8,00,00,00,5C,70,B7,8F,
4741048,0000010B,false,Rx,0,8,AA,3F,97,00,00,00,00,01,
4741176,0000010C,false,Rx,0,8,FF,01,00,00,43,48,44,44,
4741263,0000010D,false,Rx,0,8,EF,02,00,00,00,00,00,35,
4741313,0000010E,false,Rx,0,8,00,00,0A,00,00,00,00,00,
4744914,00000444,false,Rx,0,8,47,C0,00,20,00,00,00,00,
4747077,0000033B,false,Rx,0,8,D2,F8,3A,00,00,00,00,00,
4747177,0000033C,false,Rx,0,8,00,00,00,00,F0,00,00,00,
4747537,0000033D,false,Rx,0,8,00,00,00,00,00,00,00,00,
4747684,0000033E,false,Rx,0,8,00,00,00,00,00,00,00,00,
4747917,00000356,false,Rx,0,8,CA,61,9D,00,00,00,00,00,
4748179,00000357,false,Rx,0,8,00,00,00,00,00,4B,4D,48,
4748410,00000358,false,Rx,0,8,35,41,45,4D,52,37,33,4F,
4748682,00000359,false,Rx,0,8,51,4F,34,52,4A,35,33,00,
4749683,00000479,false,Rx,0,8,2F,F0,00,E0,01,00,00,00,
4754054,0000036F,false,Rx,0,8,91,21,01,00,00,00,00,00,
4754149,0000037F,false,Rx,0,8,F4,10,52,24,41,02,00,00,
4754684,00000445,false,Rx,0,8,69,30,00,00,00,04,00,18,
4755194,000004E8,false,Rx,1,8,FF,FF,FF,29,FF,FF,FF,00,
4757220,00000121,false,Rx,0,8,A7,E8,98,00,00,00,00,01,
4757334,00000122,false,Rx,0,8,FF,01,00,00,44,44,44,44,
4757601,00000123,false,Rx,0,8,F0,02,00,00,00,00,00,35,
4757874,00000124,false,Rx,0,8,00,00,0A,00,00,00,00,00,
4760432,00000401,false,Rx,0,8,C0,10,10,00,00,00,00,00,
4763173,000000A1,false,Rx,0,8,44,93,5F,8A,D4,EC,A2,00,
4763277,000000A2,false,Rx,0,8,00,00,00,00,00,00,00,00,
4763626,000000A3,false,Rx,0,8,00,40,01,00,00,00,00,00,
4768565,0000019B,false,Rx,0,8,2F,E4,41,00,00,D4,00,00,
4768662,0000019C,false,Rx,0,8,40,20,00,00,00,00,0B,09,
4769037,0000019D,false,Rx,0,8,00,10,00,05,00,00,00,00,
4769141,0000019E,false,Rx,0,8,15,23,00,00,00,32,00,00,
4774388,00000405,false,Rx,0,8,8B,20,00,00,00,00,00,00,
4774523,00000410,false,Rx,0,8,A3,90,53,3C,B4,6A,FF,FF,
4774610,00000411,false,Rx,0,8,BD,71,50,50,00,00,44,05,
4774653,00000413,false,Rx,0,8,F5,10,00,41,00,00,00,00,
4774858,00000412,false,Rx,0,8,F1,00,00,00,00,00,04,00,
4775670,000000C5,false,Rx,1,8,00,00,00,00,00,00,00,00,
4776007,00000414,false,Rx,0,8,87,A0,00,00,28,00,00,00,
4776709,00000416,false,Rx,0,8,55,00,00,00,00,00,00,00,
4777549,00000244,false,Rx,1,8,00,00,00,00,00,00,00,00,
4777800,00000036,false,Rx,0,8,4F,37,9A,01,10,00,20,05,
4777866,00000417,false,Rx,0,8,61,40,00,00,00,01,00,00,
4777923,0000041F,false,Rx,1,8,00,0C,00,00,00,00,00,00,
4777980,00000037,false,Rx,0,8,05,00,00,10,00,40,00,00,
4778038,000004B4,false,Rx,1,8,01,00,0D,40,10,60,44,02,
4778082,00000038,false,Rx,0,8,01,00,00,00,20,39,06,00,
4778125,00000418,false,Rx,0,8,18,00,00,00,14,4C,00,00,
4778194,000004B5,false,Rx,1,8,08,00,F0,07,00,00,00,00,
4778248,00000039,false,Rx,0,8,00,00,00,00,00,00,00,00,
4778293,00000419,false,Rx,0,8,83,E0,B7,CD,D1,66,84,00,
4778339,000004B7,false,Rx,1,8,08,00,F0,07,00,00,00,00,
4778389,000004CA,false,Rx,1,8,00,00,00,00,00,00,00,00,
4778509,000004CC,false,Rx,1,8,08,00,00,2A,00,00,03,00,
4778569,00000566,false,Rx,0,8,16,02,00,00,00,00,FF,FF,
4778948,000004CE,false,Rx,1,8,14,01,FF,FF,FF,FF,FF,FF,
4779861,000004D7,false,Rx,1,8,23,01,00,00,00,00,00,00,
4780632,000004D8,false,Rx,1,8,41,10,F6,F0,40,F2,1E,CC,
4781058,000004DD,false,Rx,1,8,00,00,FE,00,04,00,00,00,
4781215,000004DF,false,Rx,1,8,00,00,08,00,00,00,00,00,
4781381,000004E7,false,Rx,1,8,00,30,00,00,00,00,69,00,
4781963,000004E9,false,Rx,1,8,00,00,00,00,00,00,00,00,
4782145,000004EA,false,Rx,1,8,00,00,00,00,00,00,00,00,
4782981,000004EB,false,Rx,1,8,04,68,2B,09,00,00,00,00,
4783322,000004EC,false,Rx,1,8,FF,FF,FF,FF,FF,FF,FF,0F,
4783379,000004ED,false,Rx,1,8,FF,FF,FF,FF,FF,FF,FF,1F,
4783431,000004EE,false,Rx,1,8,FF,FF,00,00,00,00,00,00,
4783484,000004EF,false,Rx,1,8,60,00,60,00,29,14,00,00,
4783731,000004F0,false,Rx,1,8,4A,0D,2B,09,5C,1A,11,02,
4784002,000004F1,false,Rx,1,8,00,C0,00,00,00,00,00,00,
4784247,000004F2,false,Rx,1,8,02,FF,DD,FF,03,01,00,00,
4784580,000004F3,false,Rx,1,8,00,00,00,00,30,00,00,00,
4784798,000004F9,false,Rx,1,8,E0,FF,FF,FF,FF,FF,FF,FF,
4785492,0000063D,false,Rx,1,8,00,80,00,00,00,00,00,00,
4785563,0000063E,false,Rx,1,8,FF,FF,FF,FF,FF,FF,FF,FF,
4785623,0000063F,false,Rx,1,8,00,10,00,C4,FF,00,00,00,
4785956,00000640,false,Rx,1,8,FF,FF,FF,00,FF,FF,FF,00,
4786244,00000641,false,Rx,1,8,FF,FF,FF,FF,0F,FF,FF,FF,
4786694,00000646,false,Rx,1,8,00,00,00,80,01,00,00,00,
4788280,000001F1,false,Rx,0,8,1F,AB,AD,01,00,00,28,00,
4788388,000001F2,false,Rx,0,8,00,00,00,00,00,00,00,00,
4790758,0000010B,false,Rx,0,8,12,3E,9C,00,00,00,00,01,
4791338,0000010C,false,Rx,0,8,FF,01,00,00,43,48,44,44,
4791455,0000010D,false,Rx,0,8,EF,02,00,00,00,00,00,35,
4791506,0000010E,false,Rx,0,8,00,00,0A,00,00,00,00,00,
4794971,00000445,false,Rx,0,8,69,30,00,00,00,04,00,18,
4795167,000004E8,false,Rx,1,8,FF,FF,FF,29,FF,FF,FF,00,
4795464,000003AA,false,Rx,0,8,FF,00,D0,00,54,00,00,00,
4802491,0000030B,false,Rx,0,8,E8,32,3A,00,04,00,00,00,
4802589,0000030C,false,Rx,0,8,00,00,0C,23,2C,00,A0,0F,
4802884,0000030D,false,Rx,0,8,00,00,00,00,42,00,00,00,
4803321,0000030E,false,Rx,0,8,00,00,28,05,21,00,00,04,
4803825,00000396,false,Rx,0,8,81,E7,07,0F,10,02,00,00,
4803955,00000495,false,Rx,0,8,49,00,00,00,00,00,00,00,
4804178,00000397,false,Rx,0,8,0C,00,00,00,00,00,00,00,
4804439,00000398,false,Rx,0,8,00,00,00,00,00,00,00,00,
4806589,000002AB,false,Rx,0,8,11,70,10,0C,0C,00,00,00,
4806722,000002AC,false,Rx,0,8,00,FF,FF,00,00,40,00,50,
4807003,000002AD,false,Rx,0,8,00,01,00,40,FF,FF,FF,0F,
4807081,000002AE,false,Rx,0,8,1E,0C,FF,3F,00,01,00,00,
4807228,00000121,false,Rx,0,8,D8,C4,9D,00,00,00,00,01,
4807433,000002B6,false,Rx,0,8,82,76,10,00,01,00,00,40,
4807673,00000122,false,Rx,0,8,FF,01,00,00,44,44,44,44,
4807911,000002B7,false,Rx,0,8,93,01,C1,08,00,04,00,00,
4808145,00000123,false,Rx,0,8,F0,02,00,00,00,00,00,35,
4808386,000002B8,false,Rx,0,8,B2,61,11,00,00,00,00,00,
4808639,00000124,false,Rx,0,8,00,00,0A,00,00,00,00,00,
4808896,000002B9,false,Rx,0,8,0A,00,00,00,00,00,00,00,
4809137,000002E1,false,Rx,0,8,15,76,10,00,00,00,00,00,
4809439,000002D6,false,Rx,0,8,82,DC,07,00,00,00,00,00,
4809725,000001AB,false,Rx,0,8,1C,E5,C4,40,00,90,00,00,
4809921,000002D7,false,Rx,0,8,00,00,03,03,03,00,00,00,
4810182,000001AC,false,Rx,0,8,00,28,00,00,00,00,00,00,
4810417,000002D8,false,Rx,0,8,00,00,00,00,00,00,38,44,
4810738,000002EB,false,Rx,0,8,24,75,07,09,10,01,00,00,
4811018,000002D9,false,Rx,0,8,00,00,00,00,00,00,00,00,
4811181,000002EC,false,Rx,0,8,07,00,00,00,00,00,00,00,
4811404,000002E2,false,Rx,0,8,15,00,00,00,00,7E,00,04,
4811735,000002ED,false,Rx,0,8,00,00,00,00,00,00,00,00,
4812137,000002E3,false,Rx,0,8,00,00,00,00,00,00,72,01,
4812454,000002EE,false,Rx,0,8,00,00,00,00,00,00,00,00,
4812910,000002E4,false,Rx,0,8,02,00,00,00,00,00,00,00,
4812998,00000448,false,Rx,0,8,7F,00,00,00,00,00,00,00,
4813452,000000A1,false,Rx,0,8,8D,A2,64,8A,D4,EC,A2,00,
4813550,000000A2,false,Rx,0,8,00,00,00,00,00,00,00,00,
4813670,000000A3,false,Rx,0,8,00,40,01,00,00,00,00,00,
4814189,000001E6,false,Rx,0,8,75,DF,1B,02,00,00,00,00,
4814564,000001BB,false,Rx,0,8,83,26,1B,02,00,00,00,0A,
4815080,000001BC,false,Rx,0,8,32,00,00,00,02,00,00,00,
4815175,000001BD,false,Rx,0,8,00,00,00,00,00,00,00,00,
4815233,000001E7,false,Rx,0,8,00,00,22,03,20,01,00,00,
4815290,000003B6,false,Rx,0,8,F2,EB,07,00,00,00,00,44,
4815630,000003B7,false,Rx,0,8,43,00,00,00,00,08,00,00,
4815742,000003B8,false,Rx,0,8,EB,02,00,00,00,00,69,0E,
4816264,000003B9,false,Rx,0,8,00,00,00,00,00,00,00,00,
4818383,0000019B,false,Rx,0,8,DC,7A,46,00,00,D4,00,00,
4818509,0000019C,false,Rx,0,8,40,20,00,00,00,00,0B,09,
4818757,0000019D,false,Rx,0,8,00,10,00,05,00,00,00,00,
4819009,0000019E,false,Rx,0,8,15,23,00,00,00,32,00,00,
4825732,00000036,false,Rx,0,8,30,1B,9F,01,10,00,20,05,
4826264,00000037,false,Rx,0,8,05,00,00,10,00,40,00,00,
4826359,00000038,false,Rx,0,8,01,00,00,00,20,39,06,00,
4826422,00000039,false,Rx,0,8,00,00,00,00,00,00,00,00,
4829216,00000226,false,Rx,0,8,CA,E2,29,FF,00,20,00,02,
4829303,000002FF,false,Rx,0,8,94,7C,00,00,00,00,00,00,
4829598,00000227,false,Rx,0,8,02,C4,07,09,00,F0,FF,07,
4829743,00000316,false,Rx,0,8,A7,50,16,04,00,80,0A,00,
4829988,00000472,false,Rx,0,8,5C,EC,00,40,08,41,00,45,
4830269,00000317,false,Rx,0,8,00,00,05,00,00,00,00,00,
4830494,00000473,false,Rx,0,8,5F,24,00,25,00,00,00,78,
4830745,00000474,false,Rx,0,8,30,DB,00,00,00,00,00,00,
4834732,00000445,false,Rx,0,8,69,30,00,00,00,04,00,18,
4835128,00000415,false,Rx,0,8,80,F0,FF,0F,00,80,00,00,
4835232,000004E8,false,Rx,1,8,FF,FF,FF,29,FF,FF,FF,00,
4840641,0000010B,false,Rx,0,8,71,A5,A1,00,00,00,00,01,
4840763,0000010C,false,Rx,0,8,FF,01,00,00,43,48,44,44,
4841020,0000010D,false,Rx,0,8,EF,02,00,00,00,00,00,35,
4841310,0000010E,false,Rx,0,8,00,00,0A,00,00,00,00,00,
4854023,0000036F,false,Rx,0,8,28,31,01,00,00,00,00,00,
4854104,0000037F,false,Rx,0,8,22,20,52,24,41,02,00,00,
4854979,000000FF,false,Rx,0,8,CB,10,00,00,00,00,02,00,
4855480,00000394,false,Rx,0,8,2A,22,1A,49,00,00,00,00,
4855602,000003C3,false,Rx,0,8,45,10,31,30,36,00,00,00,
4855889,000003E0,false,Rx,0,8,05,C0,01,00,00,00,00,00,
4856579,000003E5,false,Rx,0,8,B7,50,00,00,00,00,00,00,
4856909,000003E6,false,Rx,0,8,A1,40,00,00,00,00,00,00,
4857081,0000041A,false,Rx,0,8,12,50,12,00,50,01,00,00,
4857364,00000121,false,Rx,0,8,37,ED,A2,00,00,00,00,01,
4857581,0000041B,false,Rx,0,8,BE,70,00,00,00,00,00,00,
4857803,00000122,false,Rx,0,8,FF,01,00,00,44,44,44,44,
4858090,0000041C,false,Rx,0,8,84,D0,E8,00,00,00,00,00,
4858294,00000123,false,Rx,0,8,F0,02,00,00,00,00,00,35,
4858543,00000422,false,Rx,0,8,FA,20,01,00,00,00,04,00,
4858786,00000124,false,Rx,0,8,00,00,0A,00,00,00,00,00,
4859209,00000442,false,Rx,0,8,CE,20,11,81,00,00,00,00,
4859699,00000432,false,Rx,0,8,03,20,02,00,00,00,00,00,
4859953,00000435,false,Rx,0,8,CA,10,00,50,00,00,00,FF,
4860254,00000444,false,Rx,0,8,47,C0,00,20,00,00,00,00,
4860900,00000464,false,Rx,0,8,6C,30,F0,FF,38,7F,05,00,
4863082,000000A1,false,Rx,0,8,BB,E1,69,8A,D4,EC,A2,00,
4863304,000000A2,false,Rx,0,8,00,00,00,00,00,00,00,00,
4863575,000000A3,false,Rx,0,8,00,40,01,00,00,00,00,00,
4864999,00000445,false,Rx,0,8,69,30,00,00,00,04,00,18,
4865604,00000487,false,Rx,1,8,00,00,00,00,00,00,00,00,
4865999,00000642,false,Rx,1,8,FF,FF,FF,FF,FF,FF,00,00,
4866109,00000645,false,Rx,1,8,7F,86,07,39,EF,3B,56,00,
4868531,0000019B,false,Rx,0,8,D1,BC,4B,00,00,D4,00,00,
4868640,0000019C,false,Rx,0,8,40,20,00,00,00,00,0B,09,
4869003,0000019D,false,Rx,0,8,00,10,00,05,00,00,00,00,
4869090,0000019E,false,Rx,0,8,15,23,00,00,00,32,00,00,
4874455,00000516,false,Rx,0,8,61,02,00,00,00,00,FF,FF,
4875221,00000415,false,Rx,0,8,4F,13,10,00,08,01,00,00,
4875752,00000036,false,Rx,0,8,E6,47,A4,01,10,00,20,05,
4875854,00000037,false,Rx,0,8,05,00,00,10,00,40,00,00,
4876422,00000038,false,Rx,0,8,01,00,00,00,20,39,06,00,
4876485,00000039,false,Rx,0,8,00,00,00,00,00,00,00,00,
4890744,0000010B,false,Rx,0,8,B3,CB,A6,00,00,00,00,01,
4890823,0000010C,false,Rx,0,8,FF,01,00,00,43,48,44,44,
4891206,0000010D,false,Rx,0,8,EE,02,00,00,00,00,00,35,
4891323,0000010E,false,Rx,0,8,00,00,0A,00,00,00,00,00,
4903047,00000251,false,Rx,0,8,8A,BF,10,00,00,00,00,00,
4903134,00000252,false,Rx,0,8,00,00,00,00,03,00,00,00,
4903378,000002BF,false,Rx,0,8,FF,FF,FF,00,00,00,00,00,
4903622,00000253,false,Rx,0,8,00,00,00,00,3E,00,80,46,
4903973,0000047F,false,Rx,0,8,FF,FF,FF,FF,FF,FF,FF,FF,
4904225,00000653,false,Rx,0,8,0A,19,03,01,02,2A,00,00,
4905174,000004A3,false,Rx,1,8,80,00,48,0B,3E,00,00,00,
4905636,000004A4,false,Rx,1,8,FF,FF,FF,00,00,00,00,00,
4906655,000002C1,false,Rx,0,8,3E,6B,09,21,00,41,00,A1,
4906870,000002C2,false,Rx,0,8,40,00,00,00,00,00,00,00,
4907103,00000121,false,Rx,0,8,3C,C2,A7,00,00,00,00,01,
4907348,000002C3,false,Rx,0,8,00,00,00,00,00,00,00,00,
4907583,00000122,false,Rx,0,8,FF,01,00,00,44,44,44,44,
4907827,000002C4,false,Rx,0,8,00,00,00,00,00,00,00,00,
4908077,00000123,false,Rx,0,8,EE,02,00,00,00,00,00,35,
4908342,00000124,false,Rx,0,8,00,00,0A,00,00,00,00,00,
4909508,000001AB,false,Rx,0,8,6F,DC,C9,40,00,90,00,00,
4909715,000001AC,false,Rx,0,8,00,28,00,00,00,00,00,00,
4913041,000000A1,false,Rx,0,8,B2,64,6E,8A,D4,EC,A2,00,
4913272,000000A2,false,Rx,0,8,00,00,00,00,00,00,00,00,
4913512,000000A3,false,Rx,0,8,00,40,01,00,00,00,00,00,
4914636,000002E6,false,Rx,0,8,88,17,10,01,00,00,00,15,
4914813,00000256,false,Rx,0,8,87,4D,11,01,00,00,00,00,
4915058,000002E7,false,Rx,0,8,3C,00,00,00,00,00,00,00,
4915313,00000257,false,Rx,0,8,00,00,00,00,64,00,02,00,
4915554,000002E8,false,Rx,0,8,00,00,00,00,00,00,00,00,
4915804,00000258,false,Rx,0,8,01,00,00,00,10,15,00,28,
4916056,000002E9,false,Rx,0,8,00,00,00,00,00,00,00,00,
4916297,00000259,false,Rx,0,8,00,00,00,3C,00,00,00,00,
4916534,00000415,false,Rx,0,8,4F,13,10,00,08,01,00,00,
4918324,0000019B,false,Rx,0,8,AC,79,50,00,00,D4,00,00,
4918503,0000019C,false,Rx,0,8,40,20,00,00,00,00,0B,09,
4918759,0000019D,false,Rx,0,8,00,10,00,05,00,00,00,00,
4919021,0000019E,false,Rx,0,8,15,23,00,00,00,32,00,00,
4925561,00000036,false,Rx,0,8,EB,81,A9,01,10,00,20,05,
4925748,00000037,false,Rx,0,8,05,00,00,10,00,40,00,00,
4926011,00000038,false,Rx,0,8,01,00,00,00,20,39,06,00,
4926279,00000039,false,Rx,0,8,00,00,00,00,00,00,00,00,
4930369,00000236,false,Rx,0,8,29,E0,10,00,30,63,34,6C,
4930544,000002FB,false,Rx,0,8,CD,1C,10,00,0C,14,C3,C3,
4930774,00000237,false,Rx,0,8,00,04,94,00,00,5D,1D,00,
4931034,000002FC,false,Rx,0,8,00,00,12,15,00,00,00,96,
4931256,00000151,false,Rx,0,8,E8,CD,10,A0,C8,00,28,15,
4931506,00000238,false,Rx,0,8,00,00,0C,00,00,00,00,00,
4931747,00000152,false,Rx,0,8,12,14,14,00,24,00,00,00,
4931993,000001F6,false,Rx,0,8,8E,58,10,00,00,00,00,00,
4932242,00000153,false,Rx,0,8,00,00,00,00,00,00,00,00,
4932491,000001F7,false,Rx,0,8,1F,00,DC,00,00,00,00,00,
4932743,00000154,false,Rx,0,8,00,00,00,00,00,00,00,00,
4932983,000001F8,false,Rx,0,8,00,69,00,64,00,00,00,00,
4933263,000002FD,false,Rx,0,8,00,00,00,00,00,1C,10,EA,
4933475,000001F9,false,Rx,0,8,19,00,A0,C8,14,00,19,00,
4933717,000002FE,false,Rx,0,8,00,00,72,01,00,28,00,00,
4933965,00000239,false,Rx,0,8,00,00,00,00,01,00,00,00,
4934243,00000326,false,Rx,0,8,A8,9B,10,00,10,00,00,00,
4934441,0000025B,false,Rx,0,8,A2,5E,10,4C,40,20,00,00,
4934678,00000327,false,Rx,0,8,00,00,00,00,01,00,00,00,
4934935,0000025C,false,Rx,0,8,00,00,1F,00,BD,68,14,00,
4935180,00000328,false,Rx,0,8,DC,00,19,00,00,69,00,00,
4935419,0000025D,false,Rx,0,8,00,C8,00,00,00,80,C0,70,
4935651,00000329,false,Rx,0,8,A0,64,00,00,00,00,00,00,
4935926,0000025E,false,Rx,0,8,4E,07,0E,07,00,00,00,00,
4936125,00000331,false,Rx,0,8,A8,2B,10,F1,C8,A0,2C,97,
4936374,00000445,false,Rx,0,8,67,40,00,00,00,00,00,18,
4936601,00000332,false,Rx,0,8,44,07,B4,00,00,00,00,00,
4936921,00000333,false,Rx,0,8,00,00,00,1C,0C,40,20,A0,
4937331,00000334,false,Rx,0,8,C8,00,00,00,5C,70,B7,8F,
4938339,000001F1,false,Rx,0,8,66,B1,B0,01,00,00,28,00,
4938433,000001F2,false,Rx,0,8,00,00,00,00,00,00,00,00,
4940875,0000010B,false,Rx,0,8,28,0D,AB,00,00,00,00,01,
4940970,0000010C,false,Rx,0,8,FF,01,00,00,43,48,44,44,
4941016,0000010D,false,Rx,0,8,EB,02,00,00,00,00,00,35,
4941363,0000010E,false,Rx,0,8,00,00,0A,00,00,00,00,00,
4947087,0000033B,false,Rx,0,8,67,3F,3C,00,00,00,00,00,
4947181,0000033C,false,Rx,0,8,00,00,00,00,F0,00,00,00,
4947562,0000033D,false,Rx,0,8,00,00,00,00,00,00,00,00,
4947934,0000033E,false,Rx,0,8,00,00,00,00,00,00,00,00,
4948039,00000356,false,Rx,0,8,00,8A,9E,00,00,00,00,00,
4948174,00000357,false,Rx,0,8,00,00,00,00,00,4B,4D,48,
4948403,00000358,false,Rx,0,8,35,41,45,4D,52,37,33,4F,
4948650,00000359,false,Rx,0,8,51,4F,34,52,4A,35,33,00,
4953906,0000036F,false,Rx,0,8,20,41,01,00,00,00,00,00,
4954098,0000037F,false,Rx,0,8,9B,30,52,24,41,02,00,00,
4955252,00000485,false,Rx,0,8,00,40,11,02,00,00,00,00,
4957634,00000121,false,Rx,0,8,12,C3,AC,00,00,00,00,01,
4957742,00000122,false,Rx,0,8,FF,01,00,00,44,44,44,44,
4957829,00000123,false,Rx,0,8,EB,02,00,00,00,00,00,35,
4957887,00000124,false,Rx,0,8,00,00,0A,00,00,00,00,00,
4960491,00000401,false,Rx,0,8,C0,10,10,00,00,00,00,00,
4963226,000000A1,false,Rx,0,8,D7,67,73,8A,D4,EC,A2,00,
4963322,000000A2,false,Rx,0,8,00,00,00,00,00,00,00,00,
4963697,000000A3,false,Rx,0,8,00,40,01,00,00,00,00,00,
4963768,000001E6,false,Rx,0,8,83,F7,1E,02,00,00,00,00,
4964166,000001BB,false,Rx,0,8,8C,CD,1E,02,00,00,00,0A,
4964463,000001BC,false,Rx,0,8,32,00,00,00,02,00,00,00,
4964583,000001BD,false,Rx,0,8,00,00,00,00,00,00,00,00,
4964770,000001E7,false,Rx,0,8,00,00,22,03,20,01,00,00,
4968626,0000019B,false,Rx,0,8,D3,55,55,00,00,D4,00,00,
4968719,0000019C,false,Rx,0,8,40,20,00,00,00,00,0B,09,
4968782,0000019D,false,Rx,0,8,00,10,00,05,00,00,00,00,
4969045,0000019E,false,Rx,0,8,15,23,00,00,00,32,00,00,
4973611,00000561,false,Rx,0,8,63,02,00,00,00,00,FF,FF,
4974118,00000405,false,Rx,0,8,8B,20,00,00,00,00,00,00,
4974206,00000410,false,Rx,0,8,A3,90,53,3C,B4,6A,FF,FF,
4974640,00000411,false,Rx,0,8,BD,71,50,50,00,00,44,05,
4975022,00000445,false,Rx,0,8,67,40,00,00,00,00,00,18,
4975139,000000C5,false,Rx,1,8,00,00,00,00,00,00,00,00,
4975197,00000412,false,Rx,0,8,F1,00,00,00,00,00,04,00,
4975240,00000413,false,Rx,0,8,F5,10,00,41,00,00,00,00,
4975358,00000244,false,Rx,1,8,00,00,00,00,00,00,00,00,
4976845,00000036,false,Rx,0,8,18,1F,AE,01,10,00,20,05,
4977021,000003E4,false,Rx,1,8,FE,00,00,00,00,00,00,00,
4977088,00000037,false,Rx,0,8,05,00,00,10,00,40,00,00,
4977185,000004B4,false,Rx,1,8,01,00,0D,40,10,60,44,02,
4977233,00000414,false,Rx,0,8,87,A0,00,00,28,00,00,00,
4977276,00000038,false,Rx,0,8,01,00,00,00,20,39,06,00,
4977326,000004B5,false,Rx,1,8,08,00,F0,07,00,00,00,00,
4977398,00000416,false,Rx,0,8,55,00,00,00,00,00,00,00,
4977443,00000039,false,Rx,0,8,00,00,00,00,00,00,00,00,
4977491,000004B7,false,Rx,1,8,08,00,F0,07,00,00,00,00,
4978058,00000417,false,Rx,0,8,61,40,00,00,00,01,00,00,
4978818,000004CA,false,Rx,1,8,00,00,00,00,00,00,00,00,
4979555,00000418,false,Rx,0,8,18,00,00,00,14,4C,00,00,
4979662,000004CC,false,Rx,1,8,08,00,00,2A,00,00,03,00,
4979707,00000419,false,Rx,0,8,83,E0,B7,CD,D1,66,84,00,
4979762,000004CE,false,Rx,1,8,14,01,FF,FF,FF,FF,FF,FF,
4979822,000004D7,false,Rx,1,8,23,01,00,00,00,00,00,00,
4979878,000004D8,false,Rx,1,8,41,10,F6,F0,40,F2,1E,CC,
4980291,000004DD,false,Rx,1,8,00,00,FE,00,04,00,00,00,
4980778,000004DF,false,Rx,1,8,00,00,08,00,00,00,00,00,
4981271,000004E7,false,Rx,1,8,00,30,00,00,00,00,69,00,
4981717,000004E8,false,Rx,1,8,FF,FF,FF,29,FF,FF,FF,00,
4982003,000004E9,false,Rx,1,8,00,00,00,00,00,00,00,00,
4982280,000004EA,false,Rx,1,8,00,00,00,00,00,00,00,00,
4982565,000004EB,false,Rx,1,8,04,68,2B,09,00,00,00,00,
4982805,000004EC,false,Rx,1,8,FF,FF,FF,FF,FF,FF,FF,0F,
4983084,000004ED,false,Rx,1,8,FF,FF,FF,FF,FF,FF,FF,1F,
4983345,000004EE,false,Rx,1,8,FF,FF,00,00,00,00,00,00,
4983624,000004EF,false,Rx,1,8,60,00,60,00,29,14,00,00,
4983908,0000063D,false,Rx,1,8,00,80,00,00,00,00,00,00,
4984163,0000063E,false,Rx,1,8,FF,FF,FF,FF,FF,FF,FF,FF,
4984418,0000063F,false,Rx,1,8,00,10,00,C4,FF,00,00,00,
4984712,00000640,false,Rx,1,8,FF,FF,FF,00,FF,FF,FF,00,
4984983,00000641,false,Rx,1,8,FF,FF,FF,FF,0F,FF,FF,FF,
4985231,00000646,false,Rx,1,8,00,00,00,80,01,00,00,00,
4990755,0000010B,false,Rx,0,8,16,38,B0,00,00,00,00,01,
4990860,0000010C,false,Rx,0,8,FF,01,00,00,43,48,44,44,
4991235,0000010D,false,Rx,0,8,E9,02,00,00,00,00,00,35,
4991303,0000010E,false,Rx,0,8,00,00,0A,00,00,00,00,00,
4995567,000003AA,false,Rx,0,8,FF,00,D0,00,54,00,00,00,
5002491,0000030B,false,Rx,0,8,5C,EE,3C,00,04,00,00,00,
5002584,0000030C,false,Rx,0,8,00,00,0C,23,2C,00,A0,0F,
5002914,0000030D,false,Rx,0,8,00,00,00,00,42,00,00,00,
5003032,0000030E,false,Rx,0,8,00,00,28,05,21,00,00,0A,
5003754,00000396,false,Rx,0,8,DE,3B,08,0F,10,02,00,00,
5004042,00000495,false,Rx,0,8,49,00,00,00,00,00,00,00,
5004497,00000397,false,Rx,0,8,04,00,00,00,00,00,00,00,
5004840,00000398,false,Rx,0,8,00,00,00,00,00,00,00,00,
5004940,00000445,false,Rx,0,8,D8,50,00,00,00,04,00,18,
5006871,000002AB,false,Rx,0,8,9D,C2,12,0C,0C,00,00,00,
5007099,000002AC,false,Rx,0,8,00,FF,FF,00,00,40,00,50,
5007176,000002AD,false,Rx,0,8,00,01,00,40,FF,FF,FF,0F,
5007232,000002AE,false,Rx,0,8,1E,0C,FF,3F,00,01,00,00,
5007288,00000121,false,Rx,0,8,99,31,B1,00,00,00,00,01,
5007664,000002B6,false,Rx,0,8,0E,C4,12,00,01,00,00,40,
5007946,00000122,false,Rx,0,8,FF,01,00,00,44,44,44,44,
5008051,000002B7,false,Rx,0,8,93,01,C1,08,00,04,00,00,
5008261,00000123,false,Rx,0,8,E9,02,00,00,00,00,00,35,
5008444,000002B8,false,Rx,0,8,B2,61,11,00,00,00,00,00,
5008676,00000124,false,Rx,0,8,00,00,0A,00,00,00,00,00,
5008946,000002B9,false,Rx,0,8,0A,00,00,00,00,00,00,00,
5009176,000002E1,false,Rx,0,8,C9,AD,12,00,00,00,00,00,
5009414,000001AB,false,Rx,0,8,F0,B4,CE,40,00,90,00,00,
5009656,000002E2,false,Rx,0,8,08,00,00,00,00,7E,00,04,
5009924,000001AC,false,Rx,0,8,00,28,00,00,00,00,00,00,
5010146,000002D6,false,Rx,0,8,03,A8,08,00,00,00,00,00,
5010393,000002EB,false,Rx,0,8,02,3C,08,09,10,01,00,00,
5010627,000002D7,false,Rx,0,8,00,00,03,03,03,00,00,00,
5010910,000002EC,false,Rx,0,8,02,00,00,00,00,00,00,00,
5011126,000002D8,false,Rx,0,8,00,00,00,00,00,00,38,44,
5011380,000002ED,false,Rx,0,8,00,00,00,00,00,00,00,00,
5011622,000002D9,false,Rx,0,8,00,00,00,00,00,00,00,00,
5011900,000002EE,false,Rx,0,8,00,00,00,00,00,00,00,00,
5012237,000002E3,false,Rx,0,8,00,00,00,00,00,00,72,01,
5012682,000002E4,false,Rx,0,8,02,00,00,00,00,00,00,00,
5012983,00000448,false,Rx,0,8,7F,00,00,00,00,00,00,00,
5013269,000000A1,false,Rx,0,8,EB,96,78,8A,D4,EC,A2,00,
5013696,000000A2,false,Rx,0,8,00,00,00,00,00,00,00,00,
5013783,000000A3,false,Rx,0,8,00,40,01,00,00,00,00,00,
5015108,000003B6,false,Rx,0,8,30,6F,08,00,00,00,00,44,
5015297,000003B7,false,Rx,0,8,43,00,00,00,00,08,00,00,
5015564,000003B8,false,Rx,0,8,E9,02,00,00,00,00,69,0E,
5015898,000003B9,false,Rx,0,8,00,00,00,00,00,00,00,00,
5018437,0000019B,false,Rx,0,8,52,21,5A,00,00,D4,00,00,
5018539,0000019C,false,Rx,0,8,40,20,00,00,00,00,0B,09,
5018887,0000019D,false,Rx,0,8,00,10,00,05,00,00,00,00,
5019029,0000019E,false,Rx,0,8,15,23,00,00,00,32,00,00,
5025715,00000036,false,Rx,0,8,D0,1D,B3,01,10,00,20,05,
5025810,00000037,false,Rx,0,8,05,00,00,10,00,40,00,00,
5026187,00000038,false,Rx,0,8,01,00,00,00,20,39,06,00,
5026316,00000039,false,Rx,0,8,00,00,00,00,00,00,00,00,
5029360,00000226,false,Rx,0,8,A3,A2,2B,FF,00,20,00,02,
5029454,000002FF,false,Rx,0,8,94,7C,00,00,00,00,00,00,
5029501,00000227,false,Rx,0,8,02,C4,07,09,00,F0,FF,07,
5029883,00000316,false,Rx,0,8,83,F8,17,04,00,80,0A,00,
5030231,00000472,false,Rx,0,8,5C,EC,00,40,08,41,00,45,
5030563,00000317,false,Rx,0,8,00,00,05,00,00,00,00,00,
5030643,00000473,false,Rx,0,8,5F,24,00,25,00,00,00,78,
5030953,00000474,false,Rx,0,8,30,DB,00,00,00,00,00,00,
5040755,0000010B,false,Rx,0,8,D3,15,B5,00,00,00,00,01,
5040859,0000010C,false,Rx,0,8,FF,01,00,00,43,48,44,44,
5041237,0000010D,false,Rx,0,8,E6,02,00,00,00,00,00,35,
5041314,0000010E,false,Rx,0,8,00,00,0A,00,00,00,00,00,
5044537,00000445,false,Rx,0,8,D8,50,00,00,00,04,00,18,
5054055,0000036F,false,Rx,0,8,99,51,01,00,00,00,00,00,
5054149,0000037F,false,Rx,0,8,93,40,52,24,41,02,00,00,
5054518,000000FF,false,Rx,0,8,CB,10,00,00,00,00,02,00,
5055488,00000394,false,Rx,0,8,2A,22,1A,49,00,00,00,00,
5055576,000003C3,false,Rx,0,8,45,10,31,30,36,00,00,00,
5055874,000003E0,false,Rx,0,8,05,C0,01,00,00,00,00,00,
5056644,000003E5,false,Rx,0,8,B7,50,00,00,00,00,00,00,
5056864,000003E6,false,Rx,0,8,A1,40,00,00,00,00,00,00,
5057095,00000121,false,Rx,0,8,D0,AE,B6,00,00,00,00,01,
5057341,0000041A,false,Rx,0,8,12,50,12,00,50,01,00,00,
5057569,00000122,false,Rx,0,8,FF,01,00,00,44,44,44,44,
5057823,0000041B,false,Rx,0,8,BE,70,00,00,00,00,00,00,
5058066,00000123,false,Rx,0,8,E6,02,00,00,00,00,00,35,
5058304,0000041C,false,Rx,0,8,84,D0,E8,00,00,00,00,00,
5058549,00000124,false,Rx,0,8,00,00,0A,00,00,00,00,00,
5058806,00000422,false,Rx,0,8,FA,20,01,00,00,00,04,00,
5059220,00000432,false,Rx,0,8,03,20,02,00,00,00,00,00,
5059525,00000435,false,Rx,0,8,CA,10,00,50,00,00,00,FF,
5059779,00000442,false,Rx,0,8,CE,20,11,81,00,00,00,00,
5060068,00000444,false,Rx,0,8,47,C0,00,20,00,00,00,00,
5060742,00000464,false,Rx,0,8,6C,30,F0,FF,38,7F,05,00,
5063044,000000A1,false,Rx,0,8,E4,7D,7D,8A,D4,EC,A2,00,
5063259,000000A2,false,Rx,0,8,00,00,00,00,00,00,00,00,
5063508,000000A3,false,Rx,0,8,00,40,01,00,00,00,00,00,
5064947,00000487,false,Rx,1,8,00,00,00,00,00,00,00,00,
5065242,00000642,false,Rx,1,8,FF,FF,FF,FF,FF,FF,00,00,
5068384,0000019B,false,Rx,0,8,2D,0D,5F,00,00,D4,00,00,
5068815,0000019C,false,Rx,0,8,40,20,00,00,00,00,0B,09,
5068934,0000019D,false,Rx,0,8,00,10,00,05,00,00,00,00,
5069311,0000019E,false,Rx,0,8,15,23,00,00,00,32,00,00,
5070109,00000563,false,Rx,1,8,65,02,00,00,00,00,FF,FF,
5075252,00000643,false,Rx,1,8,00,FC,FF,FF,FF,FF,03,00,
5075663,00000036,false,Rx,0,8,68,1C,B8,01,10,00,20,05,
5075997,00000037,false,Rx,0,8,05,00,00,10,00,40,00,00,
5076315,00000038,false,Rx,0,8,01,00,00,00,20,39,06,00,
5076502,00000039,false,Rx,0,8,00,00,00,00,00,00,00,00,
5084625,00000445,false,Rx,0,8,D8,50,00,00,00,04,00,18,
5088248,000001F1,false,Rx,0,8,2B,59,B3,01,00,00,28,00,
5088337,000001F2,false,Rx,0,8,00,00,00,00,00,00,00,00,
5090828,0000010B,false,Rx,0,8,11,91,BA,00,00,00,00,01,
5090926,0000010C,false,Rx,0,8,FF,01,00,00,43,48,44,44,
5091003,0000010D,false,Rx,0,8,E4,02,00,00,00,00,00,35,
5091314,0000010E,false,Rx,0,8,00,00,0A,00,00,00,00,00,
5103052,00000251,false,Rx,0,8,8C,D1,12,00,00,00,00,00,
5103153,00000252,false,Rx,0,8,00,00,00,00,03,00,00,00,
5103542,00000253,false,Rx,0,8,00,00,00,00,3E,00,80,46,
5103662,000002BF,false,Rx,0,8,FF,FF,FF,00,00,00,00,00,
5104011,0000047F,false,Rx,0,8,FF,FF,FF,FF,FF,FF,FF,FF,
5104363,00000653,false,Rx,0,8,0A,19,03,01,02,2A,00,00,
5105196,000004A3,false,Rx,1,8,80,00,48,0B,3E,00,00,00,
5105729,000004A4,false,Rx,1,8,FF,FF,FF,00,00,00,00,00,
5106772,000002C1,false,Rx,0,8,F4,80,0A,21,00,41,00,A1,
5106864,000002C2,false,Rx,0,8,40,00,00,00,00,00,00,00,
5107274,00000121,false,Rx,0,8,9E,98,BB,00,00,00,00,01,
5107365,000002C3,false,Rx,0,8,00,00,00,00,00,00,00,00,
5107777,00000122,false,Rx,0,8,FF,01,00,00,44,44,44,44,
5108295,000002C4,false,Rx,0,8,00,00,00,00,00,00,00,00,
5108577,00000123,false,Rx,0,8,E4,02,00,00,00,00,00,35,
5108632,00000124,false,Rx,0,8,00,00,0A,00,00,00,00,00,
5109807,000001AB,false,Rx,0,8,89,AE,D3,40,00,90,00,00,
5109914,000001AC,false,Rx,0,8,00,28,00,00,00,00,00,00,
5113199,000000A1,false,Rx,0,8,96,A3,82,8A,D4,EC,A2,00,
5113304,000000A2,false,Rx,0,8,00,00,00,00,00,00,00,00,
5113640,000000A3,false,Rx,0,8,00,40,01,00,00,00,00,00,
5114148,000001E6,false,Rx,0,8,87,EB,21,02,00,00,00,00,
5114285,000001BB,false,Rx,0,8,49,20,21,02,00,00,00,0A,
5114332,000001BC,false,Rx,0,8,32,00,00,00,02,00,00,00,
5114853,000001BD,false,Rx,0,8,00,00,00,00,00,00,00,00,
5114932,000002E6,false,Rx,0,8,04,A5,12,01,00,00,00,15,
5115158,000001E7,false,Rx,0,8,00,00,22,03,20,01,00,00,
5115512,00000256,false,Rx,0,8,0B,FF,13,01,00,00,00,00,
5115809,000002E7,false,Rx,0,8,3C,00,00,00,00,00,00,00,
5116194,00000257,false,Rx,0,8,00,00,00,00,64,00,02,00,
5116518,000002E8,false,Rx,0,8,00,00,00,00,00,00,00,00,
5116591,00000258,false,Rx,0,8,01,00,00,00,10,15,00,28,
5116867,000002E9,false,Rx,0,8,00,00,00,00,00,00,00,00,
5116980,00000259,false,Rx,0,8,00,00,00,3C,00,00,00,00,
5118506,0000019B,false,Rx,0,8,FB,51,64,00,00,D4,00,00,
5118588,0000019C,false,Rx,0,8,40,20,00,00,00,00,0B,09,
5119074,0000019D,false,Rx,0,8,00,10,00,05,00,00,00,00,
5119136,0000019E,false,Rx,0,8,15,23,00,00,00,32,00,00,
5125732,00000036,false,Rx,0,8,17,30,BD,01,10,00,20,05,
5125827,00000037,false,Rx,0,8,05,00,00,10,00,40,00,00,
5126210,00000038,false,Rx,0,8,01,00,00,00,20,39,06,00,
5126547,00000039,false,Rx,0,8,00,00,00,00,00,00,00,00,
5130485,00000236,false,Rx,0,8,A5,52,12,00,30,63,34,6C,
5130580,000002FB,false,Rx,0,8,41,AE,12,00,0C,14,C3,C3,
5130723,00000237,false,Rx,0,8,00,04,94,00,00,5D,1D,00,
5131006,00000151,false,Rx,0,8,64,7F,12,A0,C8,00,28,15,
5131447,00000238,false,Rx,0,8,00,00,0C,00,00,00,00,00,
5131509,00000152,false,Rx,0,8,12,14,14,00,24,00,00,00,
5132002,000001F6,false,Rx,0,8,02,EA,12,00,00,00,00,00,
5132077,00000153,false,Rx,0,8,00,00,00,00,00,00,00,00,
5132197,000001F7,false,Rx,0,8,1F,00,DC,00,00,00,00,00,
5132731,00000154,false,Rx,0,8,00,00,00,00,00,00,00,00,
5133071,000001F8,false,Rx,0,8,00,69,00,64,00,00,00,00,
5133565,000002FC,false,Rx,0,8,00,00,12,15,00,00,00,96,
5133661,000001F9,false,Rx,0,8,19,00,A0,C8,14,00,19,00,
5133723,000002FD,false,Rx,0,8,00,00,00,00,00,1C,10,EA,
5134022,00000239,false,Rx,0,8,00,00,00,00,01,00,00,00,
5134091,000002FE,false,Rx,0,8,00,00,72,01,00,28,00,00,
5134297,0000025B,false,Rx,0,8,09,2E,12,4C,40,20,00,00,
5134374,00000326,false,Rx,0,8,24,29,12,00,10,00,00,00,
5134763,0000025C,false,Rx,0,8,00,00,1F,00,BD,68,14,00,
5135656,00000327,false,Rx,0,8,00,00,00,00,01,00,00,00,
5135872,0000025D,false,Rx,0,8,00,C8,00,00,00,80,C0,70,
5135920,00000328,false,Rx,0,8,DC,00,19,00,00,69,00,00,
5135963,0000025E,false,Rx,0,8,51,07,0E,07,00,00,00,00,
5136031,00000329,false,Rx,0,8,A0,64,00,00,00,00,00,00,
5136095,00000331,false,Rx,0,8,24,99,12,F1,C8,A0,2C,97,
5136315,00000332,false,Rx,0,8,44,07,B4,00,00,00,00,00,
5136582,00000333,false,Rx,0,8,00,00,00,1C,0C,40,20,A0,
5136827,00000334,false,Rx,0,8,C8,00,00,00,5C,70,B7,8F,
5140590,0000010B,false,Rx,0,8,F8,BD,BF,00,00,00,00,01,
5140773,0000010C,false,Rx,0,8,FF,01,00,00,43,48,44,44,
5141015,0000010D,false,Rx,0,8,E1,02,00,00,00,00,00,35,
5141274,0000010E,false,Rx,0,8,00,00,0A,00,00,00,00,00,
5147086,0000033B,false,Rx,0,8,EB,8D,3E,00,00,00,00,00,
5147173,0000033C,false,Rx,0,8,00,00,00,00,F0,00,00,00,
5147393,0000033D,false,Rx,0,8,00,00,00,00,00,00,00,00,
5147650,0000033E,false,Rx,0,8,00,00,00,00,00,00,00,00,
5147925,00000356,false,Rx,0,8,46,D3,9F,00,00,00,00,00,
5148149,00000357,false,Rx,0,8,00,00,00,00,00,4B,4D,48,
5148418,00000358,false,Rx,0,8,35,41,45,4D,52,37,33,4F,
5148662,00000359,false,Rx,0,8,51,4F,34,52,4A,35,33,00,
5153833,0000036F,false,Rx,0,8,4F,61,01,00,00,00,00,00,
5154106,0000037F,false,Rx,0,8,2A,50,52,24,41,02,00,00,
5157175,00000121,false,Rx,0,8,DB,E7,C0,00,00,00,00,01,
5157338,00000122,false,Rx,0,8,FF,01,00,00,44,44,44,44,
5157639,00000123,false,Rx,0,8,E2,02,00,00,00,00,00,35,
5157864,00000124,false,Rx,0,8,00,00,0A,00,00,00,00,00,
5160633,00000401,false,Rx,0,8,C0,10,10,00,00,00,00,00,
5163043,000000A1,false,Rx,0,8,99,48,87,8A,D4,EC,A2,00,
5163271,000000A2,false,Rx,0,8,00,00,00,00,00,00,00,00,
5163499,000000A3,false,Rx,0,8,00,40,01,00,00,00,00,00,
5165028,00000565,false,Rx,0,8,66,02,00,00,00,00,FF,FF,
5168327,0000019B,false,Rx,0,8,F6,97,69,00,00,D4,00,00,
5168528,0000019C,false,Rx,0,8,40,20,00,00,00,00,0B,09,
5168763,0000019D,false,Rx,0,8,00,10,00,05,00,00,00,00,
5169018,0000019E,false,Rx,0,8,15,23,00,00,00,32,00,00,
5173914,00000405,false,Rx,0,8,8B,20,00,00,00,00,00,00,
5174121,00000410,false,Rx,0,8,A3,90,53,3C,B4,6A,FF,FF,
5174463,00000411,false,Rx,0,8,BD,71,50,50,00,00,44,05,
5174700,00000412,false,Rx,0,8,F1,00,00,00,00,00,04,00,
5174883,00000413,false,Rx,0,8,F5,10,00,41,00,00,00,00,
5175077,000000C5,false,Rx,1,8,00,00,00,00,00,00,00,00,
5175401,00000414,false,Rx,0,8,87,A0,00,00,28,00,00,00,
5175489,00000244,false,Rx,1,8,00,00,00,00,00,00,00,00,
5175664,00000036,false,Rx,0,8,8F,3A,C2,01,10,00,20,05,
5176002,000004B4,false,Rx,1,8,01,00,0D,40,10,60,44,02,
5176147,00000037,false,Rx,0,8,05,00,00,10,00,40,00,00,
5176413,00000416,false,Rx,0,8,55,00,00,00,00,00,00,00,
5176488,000004B5,false,Rx,1,8,08,00,F0,07,00,00,00,00,
5176657,00000038,false,Rx,0,8,01,00,00,00,20,39,06,00,
5176928,00000417,false,Rx,0,8,61,40,00,00,00,01,00,00,
5177001,000004B7,false,Rx,1,8,08,00,F0,07,00,00,00,00,
5177167,00000039,false,Rx,0,8,00,00,00,00,00,00,00,00,
5177390,00000418,false,Rx,0,8,18,00,00,00,14,4C,00,00,
5177457,000004CA,false,Rx,1,8,00,00,00,00,00,00,00,00,
5177679,0000048F,false,Rx,0,8,AD,10,41,00,05,00,00,00,
5177940,00000419,false,Rx,0,8,83,E0,B7,CD,D1,66,84,00,
5178124,000004CC,false,Rx,1,8,08,00,00,2A,00,00,03,00,
5178490,000004CE,false,Rx,1,8,14,01,FF,FF,FF,FF,FF,FF,
5178920,000004D7,false,Rx,1,8,23,01,00,00,00,00,00,00,
5179439,000004D8,false,Rx,1,8,41,10,F6,F0,40,F2,1E,CC,
5179968,000004DD,false,Rx,1,8,00,00,FE,00,04,00,00,00,
5180401,000004DF,false,Rx,1,8,00,00,08,00,00,00,00,00,
5180884,000004E7,false,Rx,1,8,00,30,00,00,00,00,69,00,
5181489,000004E8,false,Rx,1,8,FF,FF,FF,29,FF,FF,FF,00,
5181638,000004E9,false,Rx,1,8,00,00,00,00,00,00,00,00,
5181924,000004EA,false,Rx,1,8,00,00,00,00,00,00,00,00,
5182167,000004EB,false,Rx,1,8,04,68,2B,09,00,00,00,00,
5182450,000004EC,false,Rx,1,8,FF,FF,FF,FF,FF,FF,FF,0F,
5182729,000004ED,false,Rx,1,8,FF,FF,FF,FF,FF,FF,FF,1F,
5183028,000004EE,false,Rx,1,8,FF,FF,00,00,00,00,00,00,
5183351,000004EF,false,Rx,1,8,60,00,60,00,29,14,00,00,
5183579,0000063D,false,Rx,1,8,00,80,00,00,00,00,00,00,
5183782,0000063E,false,Rx,1,8,FF,FF,FF,FF,FF,FF,FF,FF,
5184069,0000063F,false,Rx,1,8,00,10,00,C4,FF,00,00,00,
5184355,00000640,false,Rx,1,8,FF,FF,FF,00,FF,FF,FF,00,
5184592,00000641,false,Rx,1,8,FF,FF,FF,FF,0F,FF,FF,FF,
5184879,00000646,false,Rx,1,8,00,00,00,80,01,00,00,00,
5190669,0000010B,false,Rx,0,8,F2,34,C4,00,00,00,00,01,
5190800,0000010C,false,Rx,0,8,FF,01,00,00,43,48,44,44,
5191037,0000010D,false,Rx,0,8,DF,02,00,00,00,00,00,35,
5191547,0000010E,false,Rx,0,8,00,00,0A,00,00,00,00,00,
5195564,000003AA,false,Rx,0,8,FF,00,D0,00,54,00,00,00,
5202332,0000030B,false,Rx,0,8,D0,5C,3E,00,04,00,00,00,
5202490,0000030C,false,Rx,0,8,00,00,0C,23,2C,00,A0,0F,
5202857,0000030D,false,Rx,0,8,00,00,00,00,42,00,00,00,
5203329,0000030E,false,Rx,0,8,00,00,28,05,21,00,00,0A,
5203816,00000396,false,Rx,0,8,E6,62,09,0F,10,01,00,00,
5203982,00000495,false,Rx,0,8,49,00,00,00,00,00,00,00,
5204187,00000397,false,Rx,0,8,04,00,00,00,00,00,00,00,
5204487,00000398,false,Rx,0,8,00,00,00,00,00,00,00,00,
5206204,000002AB,false,Rx,0,8,28,05,14,0C,0C,00,00,00,
5206430,000002AC,false,Rx,0,8,00,FF,FF,00,00,40,00,50,
5206679,000002AD,false,Rx,0,8,00,01,00,40,FF,FF,FF,0F,
5206944,000002AE,false,Rx,0,8,1E,0C,FF,3F,00,01,00,00,
5207177,00000121,false,Rx,0,8,7D,3D,C5,00,00,00,00,01,
5207463,000002B6,false,Rx,0,8,BB,03,14,00,01,00,00,40,
5207652,00000122,false,Rx,0,8,FF,01,00,00,44,44,44,44,
5207891,000002B7,false,Rx,0,8,93,01,C1,08,00,04,00,00,
5208153,00000123,false,Rx,0,8,DF,02,00,00,00,00,00,35,
5208521,000002B8,false,Rx,0,8,B2,61,11,00,00,00,00,00,
5208993,00000124,false,Rx,0,8,00,00,0A,00,00,00,00,00,
5209057,000002B9,false,Rx,0,8,0A,00,00,00,00,00,00,00,
5209123,000002E1,false,Rx,0,8,D1,59,14,00,00,00,00,00,
5209504,000001AB,false,Rx,0,8,41,57,D8,40,00,90,00,00,
5210098,000002E2,false,Rx,0,8,00,00,00,00,00,7E,00,04,
5210166,000001AC,false,Rx,0,8,00,28,00,00,00,00,00,00,
5210223,000002D6,false,Rx,0,8,45,F1,09,00,00,00,00,00,
5210399,000002EB,false,Rx,0,8,1E,02,09,09,10,01,00,00,
5210586,000002D7,false,Rx,0,8,00,00,03,03,03,00,00,00,
5210836,000002EC,false,Rx,0,8,12,00,00,00,00,00,00,00,
5211084,000002D8,false,Rx,0,8,00,00,00,00,00,00,38,44,
5211328,000002ED,false,Rx,0,8,00,00,00,00,00,00,00,00,
5211579,000002D9,false,Rx,0,8,00,00,00,00,00,00,00,00,
5211825,000002EE,false,Rx,0,8,00,00,00,00,00,00,00,00,
5212062,000002E3,false,Rx,0,8,00,00,00,00,00,00,72,01,
5212332,000002E4,false,Rx,0,8,02,00,00,00,00,00,00,00,
5212813,00000448,false,Rx,0,8,7F,00,00,00,00,00,00,00,
5213029,000000A1,false,Rx,0,8,A5,B9,8C,8A,D4,EC,A2,00,
5213301,000000A2,false,Rx,0,8,00,00,00,00,00,00,00,00,
5213546,000000A3,false,Rx,0,8,00,40,01,00,00,00,00,00,
5215032,000003B6,false,Rx,0,8,28,37,09,00,00,00,00,44,
5215287,000003B7,false,Rx,0,8,43,00,00,00,00,08,00,00,
5215429,000004F0,false,Rx,1,8,4A,0D,2B,0A,5C,1A,11,02,
5215586,000003B8,false,Rx,0,8,E0,02,00,00,00,00,69,0E,
5216060,000003B9,false,Rx,0,8,00,00,00,00,00,00,00,00,
5218451,0000019B,false,Rx,0,8,05,09,6E,00,00,D4,00,00,
5218552,0000019C,false,Rx,0,8,40,20,00,00,00,00,0B,09,
5218877,0000019D,false,Rx,0,8,00,10,00,05,00,00,00,00,
5219022,0000019E,false,Rx,0,8,15,23,00,00,00,32,00,00,
5225733,00000036,false,Rx,0,8,F0,16,C7,01,10,00,20,05,
5225827,00000037,false,Rx,0,8,05,00,00,10,00,40,00,00,
5226199,00000038,false,Rx,0,8,01,00,00,00,20,39,06,00,
5226613,00000039,false,Rx,0,8,00,00,00,00,00,00,00,00,
5228985,00000226,false,Rx,0,8,18,62,2D,FF,00,20,00,02,
5229119,000002FF,false,Rx,0,8,94,7C,00,00,00,00,00,00,
5229211,00000227,false,Rx,0,8,02,C4,07,09,00,F0,FF,07,
5229483,00000316,false,Rx,0,8,99,81,18,04,00,80,0A,00,
5229892,00000472,false,Rx,0,8,5C,EC,00,40,08,41,00,45,
5230336,00000317,false,Rx,0,8,00,00,05,00,00,00,00,00,
5230418,00000473,false,Rx,0,8,5F,24,00,25,00,00,00,78,
5230792,00000474,false,Rx,0,8,30,DB,00,00,00,00,00,00,
5238192,000001F1,false,Rx,0,8,DD,71,B6,01,00,00,28,00,
5238287,000001F2,false,Rx,0,8,00,00,00,00,00,00,00,00,
5240710,0000010B,false,Rx,0,8,8D,F2,C9,00,00,00,00,01,
5240798,0000010C,false,Rx,0,8,FF,01,00,00,43,48,44,44,
5241019,0000010D,false,Rx,0,8,DC,02,00,00,00,00,00,35,
5241277,0000010E,false,Rx,0,8,00,00,0A,00,00,00,00,00,
5254020,0000036F,false,Rx,0,8,F6,71,01,00,00,00,00,00,
5254101,0000037F,false,Rx,0,8,FC,60,52,24,41,02,00,00,
5254503,000000FF,false,Rx,0,8,CB,10,00,00,00,00,02,00,
5255233,000004F0,false,Rx,1,8,4A,0D,2B,0A,5C,1A,11,02,
5255454,00000394,false,Rx,0,8,2A,22,1A,49,00,00,00,00,
5255551,000003C3,false,Rx,0,8,45,10,31,30,36,00,00,00,
5256035,000003E0,false,Rx,0,8,05,C0,01,00,00,00,00,00,
5256552,000003E5,false,Rx,0,8,B7,50,00,00,00,00,00,00,
5256832,000003E6,false,Rx,0,8,A1,40,00,00,00,00,00,00,
5257068,0000041A,false,Rx,0,8,12,50,12,00,50,01,00,00,
5257308,00000121,false,Rx,0,8,8E,49,CA,00,00,00,00,01,
5257614,0000041B,false,Rx,0,8,BE,70,00,00,00,00,00,00,
5257955,00000122,false,Rx,0,8,FF,01,00,00,44,44,44,44,
5258271,0000041C,false,Rx,0,8,84,D0,E8,00,00,00,00,00,
5258785,00000123,false,Rx,0,8,DC,02,00,00,00,00,00,35,
5258887,00000422,false,Rx,0,8,FA,20,01,00,00,00,04,00,
5258977,00000124,false,Rx,0,8,00,00,0A,00,00,00,00,00,
5259036,00000566,false,Rx,0,8,16,02,00,00,00,00,FF,FF,
5259265,00000445,false,Rx,0,8,D8,50,00,00,00,04,00,18,
5259701,00000432,false,Rx,0,8,03,20,02,00,00,00,00,00,
5259951,00000435,false,Rx,0,8,CA,10,00,50,00,00,00,FF,
5260206,00000442,false,Rx,0,8,CE,20,11,81,00,00,00,00,
5260473,00000444,false,Rx,0,8,47,C0,00,20,00,00,00,00,
5261201,00000464,false,Rx,0,8,6C,30,F0,FF,38,7F,05,00,
5263294,000000A1,false,Rx,0,8,C0,BA,91,8A,D4,EC,A2,00,
5263403,000000A2,false,Rx,0,8,00,00,00,00,00,00,00,00,
5263557,000000A3,false,Rx,0,8,00,40,01,00,00,00,00,00,
5264039,000001E6,false,Rx,0,8,71,C3,24,02,00,00,00,00,
5264121,000001BB,false,Rx,0,8,46,CB,24,02,00,00,00,0A,
5264550,000001BC,false,Rx,0,8,32,00,00,00,02,00,00,00,
5264841,000001BD,false,Rx,0,8,00,00,00,00,00,00,00,00,
5265157,000001E7,false,Rx,0,8,00,00,22,03,20,01,00,00,
5265252,00000487,false,Rx,1,8,00,00,00,00,00,00,00,00,
5265784,00000642,false,Rx,1,8,FF,FF,FF,FF,FF,FF,00,00,
5268572,0000019B,false,Rx,0,8,CD,0B,73,00,00,D4,00,00,
5268687,0000019C,false,Rx,0,8,40,20,00,00,00,00,0B,09,
5269056,0000019D,false,Rx,0,8,00,10,00,05,00,00,00,00,
5269137,0000019E,false,Rx,0,8,15,23,00,00,00,32,00,00,
5275712,00000036,false,Rx,0,8,48,17,CC,01,10,00,20,05,
5275807,00000037,false,Rx,0,8,05,00,00,10,00,40,00,00,
5276184,00000038,false,Rx,0,8,01,00,00,00,20,39,06,00,
5276295,00000039,false,Rx,0,8,00,00,00,00,00,00,00,00,
5290749,0000010B,false,Rx,0,8,9A,6C,CE,00,00,00,00,01,
5290830,0000010C,false,Rx,0,8,FF,01,00,00,43,48,44,44,
5291215,0000010D,false,Rx,0,8,DA,02,00,00,00,00,00,35,
5291301,0000010E,false,Rx,0,8,00,00,0A,00,00,00,00,00,
5295223,000004F0,false,Rx,1,8,4A,0D,2B,0A,5C,1A,11,02,
5303067,00000251,false,Rx,0,8,86,63,14,00,00,00,00,00,
5303170,00000252,false,Rx,0,8,00,00,00,00,03,00,00,00,
5303539,000002BF,false,Rx,0,8,FF,FF,FF,00,00,00,00,00,
5304003,00000253,false,Rx,0,8,00,00,00,00,3E,00,80,46,
5304307,0000047F,false,Rx,0,8,FF,FF,FF,FF,FF,FF,FF,FF,
5304388,00000653,false,Rx,0,8,0A,19,03,01,02,2A,00,00,
5305704,000004A3,false,Rx,1,8,80,00,48,0B,3E,00,00,00,
5305861,000004A4,false,Rx,1,8,FF,FF,FF,00,00,00,00,00,
5306896,000002C1,false,Rx,0,8,B2,D9,0B,21,00,41,00,A1,
5307021,000002C2,false,Rx,0,8,40,00,00,00,00,00,00,00,
5307424,00000121,false,Rx,0,8,15,65,CF,00,00,00,00,01,
5307497,000002C3,false,Rx,0,8,00,00,00,00,00,00,00,00,
5307574,00000122,false,Rx,0,8,FF,01,00,00,44,44,44,44,
5307856,000002C4,false,Rx,0,8,00,00,00,00,00,00,00,00,
5308075,00000123,false,Rx,0,8,DA,02,00,00,00,00,00,35,
5308449,00000124,false,Rx,0,8,00,00,0A,00,00,00,00,00,
5309437,000001AB,false,Rx,0,8,B7,7F,DD,40,00,90,00,00,
5310000,000001AC,false,Rx,0,8,00,28,00,00,00,00,00,00,
5313187,000000A1,false,Rx,0,8,C9,3F,96,8A,D4,EC,A2,00,
5313289,000000A2,false,Rx,0,8,00,00,00,00,00,00,00,00,
5313639,000000A3,false,Rx,0,8,00,40,01,00,00,00,00,00,
5314729,000002E6,false,Rx,0,8,B1,62,14,01,00,00,00,15,
5314816,00000256,false,Rx,0,8,BE,38,15,01,00,00,00,00,
5315062,000002E7,false,Rx,0,8,3C,00,00,00,00,00,00,00,
5315295,00000257,false,Rx,0,8,00,00,00,00,64,00,02,00,
5315541,000002E8,false,Rx,0,8,00,00,00,00,00,00,00,00,
5315799,00000258,false,Rx,0,8,01,00,00,00,10,15,00,28,
5316046,000002E9,false,Rx,0,8,00,00,00,00,00,00,00,00,
5316411,00000259,false,Rx,0,8,00,00,00,3C,00,00,00,00,
5318540,0000019B,false,Rx,0,8,75,0A,78,00,00,D4,00,00,
5318630,0000019C,false,Rx,0,8,40,20,00,00,00,00,0B,09,
5319025,0000019D,false,Rx,0,8,00,10,00,05,00,00,00,00,
5319104,0000019E,false,Rx,0,8,15,23,00,00,00,32,00,00,
5325703,00000036,false,Rx,0,8,80,15,D1,01,10,00,20,05,
5325798,00000037,false,Rx,0,8,05,00,00,10,00,40,00,00,
5326156,00000038,false,Rx,0,8,01,00,00,00,20,39,06,00,
5326584,00000039,false,Rx,0,8,00,00,00,00,00,00,00,00,
5330549,00000236,false,Rx,0,8,10,95,14,00,30,63,34,6C,
5330645,000002FB,false,Rx,0,8,F4,69,14,00,0C,14,C3,C3,
5330718,00000237,false,Rx,0,8,00,04,94,00,00,5D,1D,00,
5331085,00000151,false,Rx,0,8,3D,75,14,A0,C8,00,28,15,
5331457,00000238,false,Rx,0,8,00,00,0C,00,00,00,00,00,
5331542,00000152,false,Rx,0,8,12,14,14,00,00,00,00,00,
5331772,000001F6,false,Rx,0,8,04,0C,14,00,00,00,00,00,
5332093,00000153,false,Rx,0,8,00,00,00,00,00,00,00,00,
5332215,000001F7,false,Rx,0,8,00,00,DC,00,00,00,00,00,
5332456,00000154,false,Rx,0,8,00,00,00,00,00,00,00,00,
5332827,000001F8,false,Rx,0,8,00,69,00,64,00,00,00,00,
5333148,000002FC,false,Rx,0,8,00,00,12,15,00,00,00,96,
5333693,000001F9,false,Rx,0,8,19,00,A0,C8,14,00,19,00,
5334871,000002FD,false,Rx,0,8,00,00,00,00,00,1C,10,EA,
5335376,00000239,false,Rx,0,8,00,00,00,00,01,00,00,00,
5335446,000002FE,false,Rx,0,8,00,00,72,01,00,28,00,00,
5335488,0000025B,false,Rx,0,8,1D,05,14,4C,40,20,00,00,
5335533,00000326,false,Rx,0,8,91,EE,14,00,10,00,00,00,
5335601,0000025C,false,Rx,0,8,00,00,00,00,BD,68,14,00,
5335652,00000327,false,Rx,0,8,00,00,00,00,01,00,00,00,
5335722,0000025D,false,Rx,0,8,00,C8,00,00,00,80,C0,70,
5335768,00000328,false,Rx,0,8,DC,00,19,00,00,69,00,00,
5335826,0000025E,false,Rx,0,8,45,07,0E,06,00,00,00,00,
5335879,00000329,false,Rx,0,8,A0,64,00,00,00,00,00,00,
5336126,00000331,false,Rx,0,8,10,B4,14,F1,C8,A0,2C,97,
5336363,00000332,false,Rx,0,8,00,00,00,00,00,00,00,00,
5336594,00000333,false,Rx,0,8,00,00,00,1C,0C,40,20,A0,
5336854,00000334,false,Rx,0,8,C8,00,00,00,5C,70,B7,8F,
5340583,0000010B,false,Rx,0,8,AB,9F,D3,00,00,00,00,01,
5340761,0000010C,false,Rx,0,8,FF,01,00,00,43,48,44,44,
5341016,0000010D,false,Rx,0,8,D7,02,00,00,00,00,00,35,
5341261,0000010E,false,Rx,0,8,00,00,0A,00,00,00,00,00,
5346944,0000033B,false,Rx,0,8,35,DE,40,00,00,00,00,00,
5347138,0000033C,false,Rx,0,8,00,00,00,00,F0,00,00,00,
5347394,0000033D,false,Rx,0,8,00,00,00,00,00,00,00,00,
5347658,0000033E,false,Rx,0,8,00,00,00,00,00,00,00,00,
5347897,00000356,false,Rx,0,8,A9,FA,A0,00,00,00,00,00,
5348150,00000357,false,Rx,0,8,00,00,00,00,00,4B,4D,48,
5348424,00000358,false,Rx,0,8,35,41,45,4D,52,37,33,4F,
5348675,00000359,false,Rx,0,8,51,4F,34,52,4A,35,33,00,
5353853,0000036F,false,Rx,0,8,5F,81,01,00,00,00,00,00,
5354053,0000037F,false,Rx,0,8,45,70,52,24,41,02,00,00,
5354360,00000445,false,Rx,0,8,08,60,00,00,00,00,00,18,
5357752,00000121,false,Rx,0,8,2B,50,D4,00,00,00,00,01,
5357952,00000122,false,Rx,0,8,FF,01,00,00,44,44,44,44,
5357995,00000123,false,Rx,0,8,D8,02,00,00,00,00,00,35,
5358040,00000124,false,Rx,0,8,00,00,0A,00,00,00,00,00,
5359345,00000516,false,Rx,0,8,61,02,00,00,00,00,FF,FF,
5360967,00000401,false,Rx,0,8,C0,10,10,00,00,00,00,00,
5363062,000000A1,false,Rx,0,8,FF,7C,9B,8A,D4,EC,A2,00,
5363387,000000A2,false,Rx,0,8,00,00,00,00,00,00,00,00,
5363544,000000A3,false,Rx,0,8,00,40,01,00,00,00,00,00,
5368496,0000019B,false,Rx,0,8,0A,26,7D,00,00,D4,00,00,
5368591,0000019C,false,Rx,0,8,40,20,00,00,00,00,0B,09,
5368973,0000019D,false,Rx,0,8,00,10,00,05,00,00,00,00,
5369057,0000019E,false,Rx,0,8,15,23,00,00,00,32,00,00,
5374066,00000405,false,Rx,0,8,8B,20,00,00,00,00,00,00,
5374160,00000410,false,Rx,0,8,A3,90,53,3C,B4,6A,FF,FF,
5374562,00000411,false,Rx,0,8,BD,71,50,50,00,00,44,05,
5374637,00000413,false,Rx,0,8,F5,10,00,41,00,00,00,00,
5374965,00000412,false,Rx,0,8,F1,00,00,00,00,00,04,00,
5375088,000000C5,false,Rx,1,8,00,00,00,00,00,00,00,00,
5375147,00000414,false,Rx,0,8,87,A0,00,00,28,00,00,00,
5375327,00000416,false,Rx,0,8,55,00,00,00,00,00,00,00,
5375410,00000244,false,Rx,1,8,00,00,00,00,00,00,00,00,
5375728,00000036,false,Rx,0,8,73,8B,D6,01,10,00,20,05,
5375864,0000041F,false,Rx,1,8,00,0C,00,00,00,00,00,00,
5376073,00000037,false,Rx,0,8,05,00,00,10,00,40,00,00,
5376616,000004B4,false,Rx,1,8,01,00,0D,40,10,60,44,02,
5376706,00000038,false,Rx,0,8,01,00,00,00,20,39,06,00,
5376797,00000417,false,Rx,0,8,61,40,00,00,00,01,00,00,
5378144,000004B5,false,Rx,1,8,08,00,F0,07,00,00,00,00,
5378454,00000039,false,Rx,0,8,00,00,00,00,00,00,00,00,
5378502,00000418,false,Rx,0,8,18,00,00,00,14,4C,00,00,
5378590,000004B7,false,Rx,1,8,08,00,F0,07,00,00,00,00,
5378641,00000419,false,Rx,0,8,83,E0,B7,CD,D1,66,84,00,
5378694,000004CA,false,Rx,1,8,00,00,00,00,00,00,00,00,
5378744,000004CC,false,Rx,1,8,08,00,00,2A,00,00,03,00,
5378793,000004CE,false,Rx,1,8,14,01,FF,FF,FF,FF,FF,FF,
5380226,000004D7,false,Rx,1,8,23,01,00,00,00,00,00,00,
5380993,000004D8,false,Rx,1,8,41,10,F6,F0,40,F2,1E,CC,
5381133,000004DD,false,Rx,1,8,00,00,FE,00,04,00,00,00,
5381230,000004DF,false,Rx,1,8,00,00,08,00,00,00,00,00,
5381289,000004E7,false,Rx,1,8,00,30,00,00,00,00,69,00,
5381533,000004E8,false,Rx,1,8,FF,FF,FF,29,FF,FF,FF,00,
5381829,000004E9,false,Rx,1,8,00,00,00,00,00,00,00,00,
5382648,000004EA,false,Rx,1,8,00,00,00,00,00,00,00,00,
5382724,000004EB,false,Rx,1,8,04,68,2B,0A,00,00,00,00,
5382771,000004EC,false,Rx,1,8,FF,FF,FF,FF,FF,FF,FF,0F,
5382824,000004ED,false,Rx,1,8,FF,FF,FF,FF,FF,FF,FF,1F,
5383159,000004EE,false,Rx,1,8,FF,FF,00,00,00,00,00,00,
5383383,000004EF,false,Rx,1,8,60,00,60,00,29,14,00,00,
5383695,0000063D,false,Rx,1,8,00,80,00,00,00,00,00,00,
5383972,0000063E,false,Rx,1,8,FF,FF,FF,FF,FF,FF,FF,FF,
5384376,0000063F,false,Rx,1,8,00,10,00,C4,FF,00,00,00,
5384494,00000640,false,Rx,1,8,FF,FF,FF,00,FF,FF,FF,00,
5384795,00000445,false,Rx,0,8,B7,70,00,00,00,04,00,18,
5384891,00000641,false,Rx,1,8,FF,FF,FF,FF,0F,FF,FF,FF,
5385007,00000646,false,Rx,1,8,00,00,00,80,01,00,00,00,
5388153,000001F1,false,Rx,0,8,C7,08,B9,01,00,00,28,00,
5388241,000001F2,false,Rx,0,8,00,00,00,00,00,00,00,00,
5390892,0000010B,false,Rx,0,8,50,6E,D8,00,00,00,00,01,
5390989,0000010C,false,Rx,0,8,FF,01,00,00,43,48,44,44,
5391036,0000010D,false,Rx,0,8,D5,02,00,00,00,00,00,35,
5391322,0000010E,false,Rx,0,8,00,00,0A,00,00,00,00,00,
5395557,000003AA,false,Rx,0,8,FF,00,D0,00,54,00,00,00,
5402261,0000030B,false,Rx,0,8,6D,4C,40,00,04,00,00,00,
5402667,0000030C,false,Rx,0,8,00,00,0C,23,2C,00,A0,0F,
5402723,0000030D,false,Rx,0,8,00,00,00,00,42,00,00,00,
5403001,0000030E,false,Rx,0,8,00,00,28,05,21,00,00,1A,
5403685,00000396,false,Rx,0,8,BB,39,0A,0F,10,01,00,00,
5403924,00000495,false,Rx,0,8,49,00,00,00,00,00,00,00,
5404173,00000397,false,Rx,0,8,10,00,00,00,00,00,00,00,
5404446,00000398,false,Rx,0,8,00,00,00,00,00,00,00,00,
5406173,000002AB,false,Rx,0,8,A4,B7,16,0C,0C,00,00,00,
5406430,000002AC,false,Rx,0,8,00,FF,FF,00,00,40,00,50,
5406693,000002AD,false,Rx,0,8,00,01,00,40,FF,FF,FF,0F,
5406950,000002AE,false,Rx,0,8,1E,0C,FF,3F,00,01,00,00,
5407184,00000121,false,Rx,0,8,DF,67,D9,00,00,00,00,01,
5407429,000002B6,false,Rx,0,8,37,B1,16,00,01,00,00,40,
5407656,00000122,false,Rx,0,8,FF,01,00,00,44,44,44,44,
5407908,000002B7,false,Rx,0,8,93,01,C1,08,00,04,00,00,
5408135,00000123,false,Rx,0,8,D5,02,00,00,00,00,00,35,
5408407,000002B8,false,Rx,0,8,B2,61,11,00,00,00,00,00,
5408628,00000124,false,Rx,0,8,00,00,0A,00,00,00,00,00,
5408891,000002B9,false,Rx,0,8,0A,00,00,00,00,00,00,00,
5409110,000001AB,false,Rx,0,8,B3,63,E2,40,00,90,00,00,
5409389,000002E1,false,Rx,0,8,5D,EB,16,00,00,00,00,00,
5409602,000001AC,false,Rx,0,8,00,28,00,00,00,00,00,00,
5409856,000002D6,false,Rx,0,8,8F,1A,0A,00,00,00,00,00,
5410081,000002EB,false,Rx,0,8,8E,8E,0A,09,10,01,00,00,
5410357,000002D7,false,Rx,0,8,00,00,03,03,03,00,00,00,
5410572,000002EC,false,Rx,0,8,02,00,00,00,00,00,00,00,
5410828,000002D8,false,Rx,0,8,00,00,00,00,00,00,38,44,
5411071,000002ED,false,Rx,0,8,00,00,00,00,00,00,00,00,
5411360,000002D9,false,Rx,0,8,00,00,00,00,00,00,00,00,
5411566,000002EE,false,Rx,0,8,00,00,00,00,00,00,00,00,
5411823,000002E2,false,Rx,0,8,00,00,00,00,00,7E,00,04,
5412065,000002E3,false,Rx,0,8,00,00,00,00,00,00,72,01,
5412345,000002E4,false,Rx,0,8,02,00,00,00,00,00,00,00,
5412853,00000448,false,Rx,0,8,7F,00,00,00,00,00,00,00,
5413063,000000A1,false,Rx,0,8,36,4D,A0,8A,D4,EC,A2,00,
5413352,000000A2,false,Rx,0,8,00,00,00,00,00,00,00,00,
5413582,000000A3,false,Rx,0,8,00,40,01,00,00,00,00,00,
5413825,000001E6,false,Rx,0,8,3C,2B,27,02,00,00,00,00,
5414066,000001BB,false,Rx,0,8,43,92,27,02,00,00,00,0A,
5414347,000001BC,false,Rx,0,8,32,00,00,00,02,00,00,00,
5414608,000001BD,false,Rx,0,8,00,00,00,00,00,00,00,00,
5414882,000001E7,false,Rx,0,8,00,00,22,03,20,01,00,00,
5415109,000003B6,false,Rx,0,8,26,DB,0A,00,00,00,00,44,
5415364,000003B7,false,Rx,0,8,43,00,00,00,00,08,00,00,
5415651,000003B8,false,Rx,0,8,D6,02,00,00,00,00,69,0E,
5415891,000003B9,false,Rx,0,8,00,00,00,00,00,00,00,00,
5418274,0000019B,false,Rx,0,8,7C,6A,82,00,00,D4,00,00,
5418514,0000019C,false,Rx,0,8,40,20,00,00,00,00,0B,09,
5418778,0000019D,false,Rx,0,8,00,10,00,05,00,00,00,00,
5419018,0000019E,false,Rx,0,8,15,23,00,00,00,32,00,00,
5424142,00000445,false,Rx,0,8,B7,70,00,00,00,04,00,18,
5425541,00000036,false,Rx,0,8,7E,4D,DB,01,10,00,20,05,
5425727,00000037,false,Rx,0,8,05,00,00,10,00,40,00,00,
5425980,00000038,false,Rx,0,8,01,00,00,00,20,39,06,00,
5426244,00000039,false,Rx,0,8,00,00,00,00,00,00,00,00,
5428397,00000226,false,Rx,0,8,71,22,2F,FF,00,20,00,02,
5428583,000002FF,false,Rx,0,8,94,7C,00,00,00,00,00,00,
5428819,00000227,false,Rx,0,8,02,C4,07,09,00,F0,FF,07,
5429063,00000316,false,Rx,0,8,BD,29,19,04,00,80,0A,00,
5429288,00000472,false,Rx,0,8,5C,EC,00,40,08,41,00,45,
5429540,00000317,false,Rx,0,8,00,00,05,00,00,00,00,00,
5429783,00000473,false,Rx,0,8,5F,24,00,25,00,00,00,78,
5430037,00000474,false,Rx,0,8,30,DB,00,00,00,00,00,00,
5440755,0000010B,false,Rx,0,8,FA,B2,DD,00,00,00,00,01,
5440843,0000010C,false,Rx,0,8,FF,01,00,00,43,48,44,44,
5441241,0000010D,false,Rx,0,8,D2,02,00,00,00,00,00,35,
5441319,0000010E,false,Rx,0,8,00,00,0A,00,00,00,00,00,
5453997,0000036F,false,Rx,0,8,E6,91,01,00,00,00,00,00,
5454074,000000FF,false,Rx,0,8,CB,10,00,00,00,00,02,00,
5454497,0000037F,false,Rx,0,8,EC,80,52,24,41,02,00,00,
5455589,00000394,false,Rx,0,8,2A,22,1A,49,00,00,00,00,
5455694,000003C3,false,Rx,0,8,45,10,31,30,36,00,00,00,
5455743,000003E0,false,Rx,0,8,05,C0,01,00,00,00,00,00,
5456435,000003E5,false,Rx,0,8,B7,50,00,00,00,00,00,00,
5456697,000003E6,false,Rx,0,8,A1,40,00,00,00,00,00,00,
5456914,0000041A,false,Rx,0,8,12,50,12,00,50,01,00,00,
5457159,00000121,false,Rx,0,8,F9,09,DE,00,00,00,00,01,
5457856,0000041B,false,Rx,0,8,BE,70,00,00,00,00,00,00,
5458252,00000122,false,Rx,0,8,FF,01,00,00,44,44,44,44,
5458391,0000041C,false,Rx,0,8,84,D0,E8,00,00,00,00,00,
5458796,00000123,false,Rx,0,8,D2,02,00,00,00,00,00,35,
5458890,00000422,false,Rx,0,8,FA,20,01,00,00,00,04,00,
5458934,00000124,false,Rx,0,8,00,00,0A,00,00,00,00,00,
5458983,00000432,false,Rx,0,8,03,20,02,00,00,00,00,00,
5459110,00000561,false,Rx,0,8,63,02,00,00,00,00,FF,FF,
5459386,00000435,false,Rx,0,8,CA,10,00,50,00,00,00,FF,
5459606,00000442,false,Rx,0,8,CE,20,11,81,00,00,00,00,
5459864,00000444,false,Rx,0,8,47,C0,00,20,00,00,00,00,
5460509,00000464,false,Rx,0,8,6C,30,F0,FF,38,7F,05,00,
5463030,000000A1,false,Rx,0,8,39,A6,A5,8A,D4,EC,A2,00,
5463251,000000A2,false,Rx,0,8,00,00,00,00,00,00,00,00,
5463499,000000A3,false,Rx,0,8,00,40,01,00,00,00,00,00,
5464114,00000445,false,Rx,0,8,B7,70,00,00,00,04,00,18,
5464974,00000487,false,Rx,1,8,00,00,00,00,00,00,00,00,
5465289,00000642,false,Rx,1,8,FF,FF,FF,FF,FF,FF,00,00,
5468425,0000019B,false,Rx,0,8,03,46,87,00,00,D4,00,00,
5468547,0000019C,false,Rx,0,8,40,20,00,00,00,00,0B,09,
5468791,0000019D,false,Rx,0,8,00,10,00,05,00,00,00,00,
5469044,0000019E,false,Rx,0,8,15,23,00,00,00,32,00,00,
5475700,00000036,false,Rx,0,8,A8,11,E0,01,10,00,20,05,
5475797,00000037,false,Rx,0,8,05,00,00,10,00,40,00,00,
5476152,00000038,false,Rx,0,8,01,00,00,00,20,39,06,00,
5476573,00000039,false,Rx,0,8,00,00,00,00,00,00,00,00,
5490754,0000010B,false,Rx,0,8,56,6B,E2,00,00,00,00,01,
5490845,0000010C,false,Rx,0,8,FF,01,00,00,43,48,44,44,
5491242,0000010D,false,Rx,0,8,D0,02,00,00,00,00,00,35,
5491323,0000010E,false,Rx,0,8,00,00,0A,00,00,00,00,00,
5503055,00000251,false,Rx,0,8,80,0D,16,00,00,00,00,00,
5503146,00000252,false,Rx,0,8,00,00,00,00,03,00,00,00,
5503527,00000253,false,Rx,0,8,00,00,00,00,3E,00,80,46,
5503666,000002BF,false,Rx,0,8,FF,FF,FF,00,00,00,00,00,
5504187,0000047F,false,Rx,0,8,FF,FF,FF,FF,FF,FF,FF,FF,
5504253,00000653,false,Rx,0,8,0A,19,03,01,02,2A,00,00,
5505025,000004A3,false,Rx,1,8,80,00,48,0B,3E,00,00,00,
5505470,000004A4,false,Rx,1,8,FF,FF,FF,00,00,00,00,00,
5506681,000002C1,false,Rx,0,8,41,47,0C,21,00,41,00,A1,
5507231,000002C2,false,Rx,0,8,40,00,00,00,00,00,00,00,
5507319,00000121,false,Rx,0,8,D9,62,E3,00,00,00,00,01,
5507378,000002C3,false,Rx,0,8,00,00,00,00,00,00,00,00,
5508037,00000122,false,Rx,0,8,FF,01,00,00,44,44,44,44,
5508117,000002C4,false,Rx,0,8,00,00,00,00,00,00,00,00,
5508165,00000123,false,Rx,0,8,D0,02,00,00,00,00,00,35,
5508402,00000124,false,Rx,0,8,00,00,0A,00,00,00,00,00,
5508718,000001AB,false,Rx,0,8,45,4B,E7,40,00,90,00,00,
5508972,000001AC,false,Rx,0,8,00,28,00,00,00,00,00,00,
5513299,000000A1,false,Rx,0,8,09,8B,AA,8A,D4,EC,A2,00,
5513403,000000A2,false,Rx,0,8,00,00,00,00,00,00,00,00,
5513517,000000A3,false,Rx,0,8,00,40,01,00,00,00,00,00,
5514825,000002E6,false,Rx,0,8,3D,D0,16,01,00,00,00,15,
5514916,00000256,false,Rx,0,8,32,8A,17,01,00,00,00,00,
5515357,000002E7,false,Rx,0,8,3C,00,00,00,00,00,00,00,
5515419,00000257,false,Rx,0,8,00,00,00,00,64,00,02,00,
5516139,000002E8,false,Rx,0,8,00,00,00,00,00,00,00,00,
5516238,00000258,false,Rx,0,8,01,00,00,00,10,15,00,28,
5516312,000002E9,false,Rx,0,8,00,00,00,00,00,00,00,00,
5516356,00000259,false,Rx,0,8,00,00,00,3C,00,00,00,00,
5518355,0000019B,false,Rx,0,8,BB,47,8C,00,00,D4,00,00,
5518514,0000019C,false,Rx,0,8,40,20,00,00,00,00,0B,09,
5518765,0000019D,false,Rx,0,8,00,10,00,05,00,00,00,00,
5519015,0000019E,false,Rx,0,8,15,23,00,00,00,32,00,00,
5525627,00000036,false,Rx,0,8,D7,3D,E5,01,10,00,20,05,
5525736,00000037,false,Rx,0,8,05,00,00,10,00,40,00,00,
5525997,00000038,false,Rx,0,8,01,00,00,00,20,39,06,00,
5526440,00000039,false,Rx,0,8,00,00,00,00,00,00,00,00,
5530424,00000236,false,Rx,0,8,9C,27,16,00,30,63,34,6C,
5530561,000002FB,false,Rx,0,8,78,DB,16,00,0C,14,C3,C3,
5530807,00000237,false,Rx,0,8,00,04,94,00,00,5D,1D,00,
5531041,00000151,false,Rx,0,8,B1,C7,16,A0,C8,00,28,15,
5531281,00000238,false,Rx,0,8,00,00,0C,00,00,00,00,00,
5531555,00000152,false,Rx,0,8,12,14,14,00,00,00,00,00,
5531766,000001F6,false,Rx,0,8,88,BE,16,00,00,00,00,00,
5532023,00000153,false,Rx,0,8,00,00,00,00,00,00,00,00,
5532261,000001F7,false,Rx,0,8,00,00,DC,00,00,00,00,00,
5532553,00000154,false,Rx,0,8,00,00,00,00,00,00,00,00,
5532763,000001F8,false,Rx,0,8,00,69,00,64,00,00,00,00,
5533009,000002FC,false,Rx,0,8,00,00,12,15,00,00,00,96,
5533243,000001F9,false,Rx,0,8,19,00,A0,C8,14,00,19,00,
5533507,000002FD,false,Rx,0,8,00,00,00,00,00,1C,10,EA,
5533738,00000239,false,Rx,0,8,00,00,00,00,01,00,00,00,
5533979,000002FE,false,Rx,0,8,00,00,72,01,00,28,00,00,
5534214,0000025B,false,Rx,0,8,5E,06,16,4C,40,20,00,00,
5534457,00000326,false,Rx,0,8,1D,5C,16,00,10,00,00,00,
5534704,0000025C,false,Rx,0,8,00,00,00,00,BD,68,14,00,
5534945,00000327,false,Rx,0,8,00,00,00,00,01,00,00,00,
5535214,0000025D,false,Rx,0,8,00,C8,00,00,00,80,C0,70,
5535435,00000328,false,Rx,0,8,DC,00,19,00,00,69,00,00,
5535675,0000025E,false,Rx,0,8,46,07,0E,06,00,00,00,00,
5535914,00000329,false,Rx,0,8,A0,64,00,00,00,00,00,00,
5536204,00000331,false,Rx,0,8,9C,06,16,F1,C8,A0,2C,97,
5536417,00000332,false,Rx,0,8,00,00,00,00,00,00,00,00,
5536905,00000333,false,Rx,0,8,00,00,00,1C,0C,40,20,A0,
5536974,00000334,false,Rx,0,8,C8,00,00,00,5C,70,B7,8F,
5537966,000001F1,false,Rx,0,8,31,20,BC,01,00,00,28,00,
5538209,000001F2,false,Rx,0,8,00,00,00,00,00,00,00,00,
5540799,0000010B,false,Rx,0,8,2F,44,E7,00,00,00,00,01,
5541419,0000010C,false,Rx,0,8,FF,01,00,00,43,48,44,44,
5541551,0000010D,false,Rx,0,8,CD,02,00,00,00,00,00,35,
5541615,0000010E,false,Rx,0,8,00,00,0A,00,00,00,00,00,
5547058,0000033B,false,Rx,0,8,B9,6C,42,00,00,00,00,00,
5547156,0000033C,false,Rx,0,8,00,00,00,00,F0,00,00,00,
5547405,0000033D,false,Rx,0,8,00,00,00,00,00,00,00,00,
5547679,0000033E,false,Rx,0,8,00,00,00,00,00,00,00,00,
5547923,00000356,false,Rx,0,8,EF,A3,A1,00,00,00,00,00,
5548168,00000357,false,Rx,0,8,00,00,00,00,00,4B,4D,48,
5548425,00000358,false,Rx,0,8,35,41,45,4D,52,37,33,4F,
5548654,00000359,false,Rx,0,8,51,4F,34,52,4A,35,33,00,
5549915,00000563,false,Rx,1,8,65,02,00,00,00,00,FF,FF,
5553971,0000036F,false,Rx,0,8,30,A1,01,00,00,00,00,00,
5554063,0000037F,false,Rx,0,8,55,90,52,24,41,02,00,00,
5557208,00000121,false,Rx,0,8,15,60,E8,00,00,00,00,01,
5557335,00000122,false,Rx,0,8,FF,01,00,00,44,44,44,44,
5557611,00000123,false,Rx,0,8,CE,02,00,00,00,00,00,35,
5558101,00000124,false,Rx,0,8,00,00,0A,00,00,00,00,00,
5561188,00000401,false,Rx,0,8,C0,10,10,00,00,00,00,00,
5563026,000000A1,false,Rx,0,8,06,60,AF,8A,D4,EC,A2,00,
5563263,000000A2,false,Rx,0,8,00,00,00,00,00,00,00,00,
5563521,000000A3,false,Rx,0,8,00,40,01,00,00,00,00,00,
5563792,000001E6,false,Rx,0,8,4F,12,2A,02,00,00,00,00,
5563973,000001BB,false,Rx,0,8,75,D1,2A,02,00,00,00,0A,
5564381,000001BC,false,Rx,0,8,32,00,00,00,02,00,00,00,
5564725,000001BD,false,Rx,0,8,00,00,00,00,00,00,00,00,
5565295,000001E7,false,Rx,0,8,00,00,22,03,20,01,00,00,
5568797,0000019B,false,Rx,0,8,56,A6,91,00,00,D4,00,00,
5568950,0000019C,false,Rx,0,8,40,20,00,00,00,00,0B,09,
5569041,0000019D,false,Rx,0,8,00,10,00,06,00,00,00,00,
5569083,0000019E,false,Rx,0,8,15,23,00,00,00,32,00,00,
5574080,00000405,false,Rx,0,8,8B,20,00,00,00,00,00,00,
5574174,00000410,false,Rx,0,8,A3,90,53,3C,B4,6A,FF,FF,
5574581,00000411,false,Rx,0,8,BD,71,50,50,00,00,44,05,
5574658,00000412,false,Rx,0,8,F1,00,00,00,00,00,04,00,
5574966,00000413,false,Rx,0,8,F5,10,00,41,00,00,00,00,
5575062,000000C5,false,Rx,1,8,00,00,00,00,00,00,00,00,
5575373,00000414,false,Rx,0,8,87,A0,00,00,28,00,00,00,
5575758,00000244,false,Rx,1,8,00,00,00,00,00,00,00,00,
5576199,00000036,false,Rx,0,8,56,49,EA,01,10,00,20,05,
5576289,000004B4,false,Rx,1,8,01,00,0D,40,10,60,44,02,
5576405,00000416,false,Rx,0,8,55,00,00,00,00,00,00,00,
5576450,00000037,false,Rx,0,8,05,00,00,10,00,40,00,00,
5576498,000004B5,false,Rx,1,8,08,00,F0,07,00,00,00,00,
5576817,00000038,false,Rx,0,8,01,00,00,00,20,39,06,00,
5577455,000004B7,false,Rx,1,8,08,00,F0,07,00,00,00,00,
5577614,00000417,false,Rx,0,8,61,40,00,00,00,01,00,00,
5577665,00000039,false,Rx,0,8,00,00,00,00,00,00,00,00,
5577713,000004CA,false,Rx,1,8,00,00,00,00,00,00,00,00,
5577758,00000418,false,Rx,0,8,18,00,00,00,14,4C,00,00,
5578014,000004CC,false,Rx,1,8,08,00,00,2A,00,00,03,00,
5578549,00000419,false,Rx,0,8,83,E0,B7,CD,D1,66,84,00,
5579555,000004CE,false,Rx,1,8,14,01,FF,FF,FF,FF,FF,FF,
5579650,000004D7,false,Rx,1,8,23,01,00,00,00,00,00,00,
5579697,000004D8,false,Rx,1,8,41,10,F6,F0,40,F2,1E,CC,
5579782,000004DD,false,Rx,1,8,00,00,FE,00,04,00,00,00,
5580322,000004DF,false,Rx,1,8,00,00,08,00,00,00,00,00,
5580736,000004E7,false,Rx,1,8,00,30,00,00,00,00,69,00,
5581221,000004E8,false,Rx,1,8,FF,FF,FF,29,FF,FF,FF,00,
5581503,000004E9,false,Rx,1,8,00,00,00,00,00,00,00,00,
5581798,000004EA,false,Rx,1,8,00,00,00,00,00,00,00,00,
5582047,000004EB,false,Rx,1,8,04,68,2B,0A,00,00,00,00,
5582314,000004EC,false,Rx,1,8,FF,FF,FF,FF,FF,FF,FF,0F,
5582598,000004ED,false,Rx,1,8,FF,FF,FF,FF,FF,FF,FF,1F,
5582871,000004EE,false,Rx,1,8,FF,FF,00,00,00,00,00,00,
5583096,000004EF,false,Rx,1,8,60,00,60,00,29,14,00,00,
5583387,0000063D,false,Rx,1,8,00,80,00,00,00,00,00,00,
5583671,0000063E,false,Rx,1,8,FF,FF,FF,FF,FF,FF,FF,FF,
5583930,0000063F,false,Rx,1,8,00,10,00,C4,FF,00,00,00,
5584231,00000640,false,Rx,1,8,FF,FF,FF,00,FF,FF,FF,00,
5584496,00000641,false,Rx,1,8,FF,FF,FF,FF,0F,FF,FF,FF,
5584758,00000646,false,Rx,1,8,00,00,00,80,01,00,00,00,
5590693,0000010B,false,Rx,0,8,73,45,EC,00,00,00,00,01,
5590796,0000010C,false,Rx,0,8,FF,01,00,00,43,48,44,44,
5591071,0000010D,false,Rx,0,8,CB,02,00,00,00,00,00,35,
5591276,0000010E,false,Rx,0,8,00,00,0A,00,00,00,00,00,
5595668,000003AA,false,Rx,0,8,FF,00,D0,00,54,00,00,00,
5602394,0000030B,false,Rx,0,8,AA,1B,42,00,04,00,00,00,
5602548,0000030C,false,Rx,0,8,00,00,0C,23,2C,00,A0,0F,
5602733,0000030D,false,Rx,0,8,00,00,00,00,FF,00,00,00,
5603009,0000030E,false,Rx,0,8,00,00,28,05,21,00,00,00,
5603687,00000396,false,Rx,0,8,CA,95,0B,0F,10,02,00,00,
5603920,00000495,false,Rx,0,8,49,00,00,00,00,00,00,00,
5604171,00000397,false,Rx,0,8,35,00,00,00,00,00,00,00,
5604432,00000398,false,Rx,0,8,00,00,00,00,00,00,00,00,
5606207,000002AB,false,Rx,0,8,63,9A,18,0C,0C,00,00,00,
5606444,000002AC,false,Rx,0,8,00,FF,FF,00,00,40,00,50,
5606685,000002AD,false,Rx,0,8,00,01,00,40,FF,FF,FF,0F,
5606932,000002AE,false,Rx,0,8,1E,0C,FF,3F,00,01,00,00,
5607161,00000121,false,Rx,0,8,FC,4C,ED,00,00,00,00,01,
5607428,000002B6,false,Rx,0,8,F0,9C,18,00,01,00,00,40,
5607639,00000122,false,Rx,0,8,FF,01,00,00,44,44,44,44,
5607882,000002B7,false,Rx,0,8,93,01,C1,08,00,04,00,00,
5608120,00000123,false,Rx,0,8,CB,02,00,00,00,00,00,35,
5608373,000002B8,false,Rx,0,8,B2,61,11,00,00,00,00,00,
5608607,00000124,false,Rx,0,8,00,00,0A,00,00,00,00,00,
5608848,000001AB,false,Rx,0,8,8D,B2,EC,40,00,90,00,00,
5609091,000002B9,false,Rx,0,8,0A,00,00,00,00,00,00,00,
5609598,000001AC,false,Rx,0,8,00,28,00,00,00,00,00,00,
5609675,000002E1,false,Rx,0,8,9A,C6,18,00,00,00,00,00,
5609831,000002EB,false,Rx,0,8,6F,EA,0B,09,10,01,00,00,
5610613,000002D6,false,Rx,0,8,C9,43,0B,00,00,00,00,00,
5610683,000002EC,false,Rx,0,8,07,00,00,00,00,00,00,00,
5610726,000002D7,false,Rx,0,8,00,00,03,03,03,00,00,00,
5610790,000002ED,false,Rx,0,8,00,00,00,00,00,00,00,00,
5611053,000002D8,false,Rx,0,8,00,00,00,00,00,00,38,44,
5611449,000002EE,false,Rx,0,8,00,00,00,00,00,00,00,00,
5611541,000002D9,false,Rx,0,8,00,00,00,00,00,00,00,00,
5611853,000002E2,false,Rx,0,8,00,00,00,00,00,7E,00,04,
5612108,000002E3,false,Rx,0,8,00,00,00,00,00,00,72,01,
5612760,000002E4,false,Rx,0,8,02,00,00,00,00,00,00,00,
5612896,00000448,false,Rx,0,8,7F,00,00,00,00,00,00,00,
5613188,000000A1,false,Rx,0,8,69,D1,B4,8A,D4,EC,A2,00,
5613624,000000A2,false,Rx,0,8,00,00,00,00,00,00,00,00,
5613884,000000A3,false,Rx,0,8,00,40,01,00,00,00,00,00,
5615085,000003B6,false,Rx,0,8,B3,71,0B,00,00,00,00,44,
5615287,000003B7,false,Rx,0,8,43,00,00,00,00,08,00,00,
5615532,000003B8,false,Rx,0,8,CC,02,00,00,00,00,69,0E,
5615828,000003B9,false,Rx,0,8,00,00,00,00,00,00,00,00,
5618470,0000019B,false,Rx,0,8,A5,38,96,00,00,D4,00,00,
5618928,0000019C,false,Rx,0,8,40,20,00,00,00,00,0B,09,
5619002,0000019D,false,Rx,0,8,00,10,00,06,00,00,00,00,
5619052,0000019E,false,Rx,0,8,15,23,00,00,00,32,00,00,
5625863,00000036,false,Rx,0,8,29,65,EF,01,10,00,20,05,
5625978,00000037,false,Rx,0,8,05,00,00,10,00,40,00,00,
5626020,00000038,false,Rx,0,8,01,00,00,00,20,39,06,00,
5626252,00000039,false,Rx,0,8,00,00,00,00,00,00,00,00,
5628181,00000226,false,Rx,0,8,45,D0,31,FF,00,20,00,02,
5628313,00000316,false,Rx,0,8,F0,C1,1A,04,00,80,0A,00,
5628551,00000227,false,Rx,0,8,02,C4,07,09,00,F0,FF,07,
5628803,00000317,false,Rx,0,8,00,00,05,00,00,00,00,00,
5629041,000003CB,false,Rx,0,8,36,14,00,F4,00,00,00,00,
5629305,00000472,false,Rx,0,8,5C,EC,00,40,08,41,00,45,
5629512,000003CC,false,Rx,0,8,36,31,34,30,33,34,31,00,
5629746,00000473,false,Rx,0,8,5F,24,00,25,00,00,00,78,
5630011,00000474,false,Rx,0,8,30,DB,00,00,00,00,00,00,
5632740,000002FF,false,Rx,0,8,94,7C,00,00,00,00,00,00,
5640797,0000010B,false,Rx,0,8,C9,47,F1,00,00,00,00,01,
5640895,0000010C,false,Rx,0,8,FF,01,00,00,43,48,44,44,
5641278,0000010D,false,Rx,0,8,C8,02,00,00,00,00,00,35,
5641354,0000010E,false,Rx,0,8,00,00,0A,00,00,00,00,00,
5645164,00000565,false,Rx,0,8,66,12,00,00,00,00,FF,FF,
5653864,0000036F,false,Rx,0,8,89,B1,01,00,00,00,00,00,
5654054,000000FF,false,Rx,0,8,CB,10,00,00,00,00,02,00,
5654277,0000037F,false,Rx,0,8,83,A0,52,24,41,02,00,00,
5655102,00000394,false,Rx,0,8,2A,22,1A,49,00,00,00,00,
5655263,000003C3,false,Rx,0,8,45,10,31,30,36,00,00,00,
5655581,000003E0,false,Rx,0,8,05,C0,01,00,00,00,00,00,
5656329,000003E5,false,Rx,0,8,B7,50,00,00,00,00,00,00,
5656533,000003E6,false,Rx,0,8,A1,40,00,00,00,00,00,00,
5656775,0000041A,false,Rx,0,8,12,50,12,00,50,01,00,00,
5657039,0000041B,false,Rx,0,8,BE,70,00,00,00,00,00,00,
5657276,00000121,false,Rx,0,8,FB,0C,F2,00,00,00,00,01,
5657557,0000041C,false,Rx,0,8,84,D0,E8,00,00,00,00,00,
5657755,00000122,false,Rx,0,8,FF,01,00,00,44,44,44,44,
5657996,00000422,false,Rx,0,8,FA,20,01,00,00,00,04,00,
5658241,00000123,false,Rx,0,8,C9,02,00,00,00,00,00,35,
5658485,00000432,false,Rx,0,8,03,20,02,00,00,00,00,00,
5658738,00000124,false,Rx,0,8,00,00,0A,00,00,00,00,00,
5659429,00000435,false,Rx,0,8,CA,10,00,50,00,00,00,FF,
5659685,00000442,false,Rx,0,8,CE,20,11,81,00,00,00,00,
5659970,00000444,false,Rx,0,8,47,C0,00,20,00,00,00,00,
5660227,00000445,false,Rx,0,8,B7,70,00,00,00,04,00,18,
5660605,00000464,false,Rx,0,8,6C,30,F0,FF,38,7F,05,00,
5663020,000000A1,false,Rx,0,8,5F,92,B9,8A,D4,EC,A2,00,
5663250,000000A2,false,Rx,0,8,00,00,00,00,00,00,00,00,
5663490,000000A3,false,Rx,0,8,00,40,01,00,00,00,00,00,
5664957,00000487,false,Rx,1,8,00,00,00,00,00,00,00,00,
5665237,00000642,false,Rx,1,8,FF,FF,FF,FF,FF,FF,00,00,
5668489,0000019B,false,Rx,0,8,A8,FE,9B,00,00,D4,00,00,
5668637,0000019C,false,Rx,0,8,40,20,00,00,00,00,0B,09,
5668929,0000019D,false,Rx,0,8,00,10,00,06,00,00,00,00,
5669136,0000019E,false,Rx,0,8,15,23,00,00,00,32,00,00,
5675541,00000036,false,Rx,0,8,54,A0,F4,01,10,00,20,05,
5675726,00000037,false,Rx,0,8,05,00,00,10,00,40,00,00,
5676010,00000038,false,Rx,0,8,01,00,00,00,20,39,06,00,
5676266,00000039,false,Rx,0,8,00,00,00,00,00,00,00,00,
5688232,000001F1,false,Rx,0,8,7C,C8,BF,01,00,00,28,00,
5688323,000001F2,false,Rx,0,8,00,00,00,00,00,00,00,00,
5690742,0000010B,false,Rx,0,8,B1,28,F6,00,00,00,00,01,
5690822,0000010C,false,Rx,0,8,FF,01,00,00,43,48,44,44,
5691034,0000010D,false,Rx,0,8,C6,02,00,00,00,00,00,35,
5691288,0000010E,false,Rx,0,8,00,00,0A,00,00,00,00,00,
5703044,00000251,false,Rx,0,8,B3,17,18,00,00,00,00,00,
5703145,00000252,false,Rx,0,8,00,00,00,00,03,00,00,00,
5703537,00000253,false,Rx,0,8,00,00,00,00,3E,00,80,46,
5703990,000002BF,false,Rx,0,8,FF,FF,FF,00,00,00,00,00,
5704069,0000047F,false,Rx,0,8,FF,FF,FF,FF,FF,FF,FF,FF,
5704455,00000653,false,Rx,0,8,0A,19,03,01,02,2A,00,00,
5705731,000004A3,false,Rx,1,8,80,00,48,0B,3E,00,00,00,
5706094,000004A4,false,Rx,1,8,FF,FF,FF,00,00,00,00,00,
5706171,000004E8,false,Rx,1,8,FF,FF,FF,29,FF,FF,FF,00,
5706932,000002C1,false,Rx,0,8,07,1E,0D,21,00,41,00,A1,
5707590,000002C2,false,Rx,0,8,40,00,00,00,00,00,00,00,
5707705,00000121,false,Rx,0,8,3E,21,F7,00,00,00,00,01,
5707784,000002C3,false,Rx,0,8,00,00,00,00,00,00,00,00,
5707829,00000122,false,Rx,0,8,FF,01,00,00,44,44,44,44,
5708075,000002C4,false,Rx,0,8,00,00,00,00,00,00,00,00,
5708313,00000123,false,Rx,0,8,C6,02,00,00,00,00,00,35,
5708715,000001AB,false,Rx,0,8,F4,A8,F1,40,00,90,00,00,
5708815,00000124,false,Rx,0,8,00,00,0A,00,00,00,00,00,
5709158,000001AC,false,Rx,0,8,00,28,00,00,00,00,00,00,
5713182,000000A1,false,Rx,0,8,56,17,BE,8A,D4,EC,A2,00,
5713285,000000A2,false,Rx,0,8,00,00,00,00,00,00,00,00,
5713631,000000A3,false,Rx,0,8,00,40,01,00,00,00,00,00,
5713810,000001E6,false,Rx,0,8,D0,7A,2D,02,00,00,00,00,
5714028,000001BB,false,Rx,0,8,7C,54,2D,02,00,00,00,0A,
5714287,000001BC,false,Rx,0,8,32,00,00,00,02,00,00,00,
5714554,000001BD,false,Rx,0,8,00,00,00,00,00,00,00,00,
5714782,000002E6,false,Rx,0,8,FA,FD,18,01,00,00,00,15,
5715030,000001E7,false,Rx,0,8,00,00,22,03,20,01,00,00,
5715375,00000256,false,Rx,0,8,F5,A7,19,01,00,00,00,00,
5715882,000002E7,false,Rx,0,8,3C,00,00,00,00,00,00,00,
5715969,00000257,false,Rx,0,8,00,00,00,00,64,00,02,00,
5716017,000002E8,false,Rx,0,8,00,00,00,00,00,00,00,00,
5716898,00000258,false,Rx,0,8,01,00,00,00,10,15,00,28,
5716991,000002E9,false,Rx,0,8,00,00,00,00,00,00,00,00,
5717035,00000259,false,Rx,0,8,00,00,00,3C,00,00,00,00,
5718472,0000019B,false,Rx,0,8,7E,A2,A0,00,00,D4,00,00,
5718552,0000019C,false,Rx,0,8,40,20,00,00,00,00,0B,09,
5719131,0000019D,false,Rx,0,8,00,10,00,06,00,00,00,00,
5719259,0000019E,false,Rx,0,8,15,23,00,00,00,32,00,00,
5725703,00000036,false,Rx,0,8,59,66,F9,01,10,00,20,05,
5725794,00000037,false,Rx,0,8,05,00,00,10,00,40,00,00,
5726168,00000038,false,Rx,0,8,01,00,00,00,20,39,06,00,
5726301,00000039,false,Rx,0,8,00,00,00,00,00,00,00,00,
5730673,00000236,false,Rx,0,8,5B,0A,18,00,30,63,34,6C,
5730831,000002FB,false,Rx,0,8,BF,F6,18,00,0C,14,C3,C3,
5730886,00000237,false,Rx,0,8,00,04,94,00,00,5D,1D,00,
5730960,00000151,false,Rx,0,8,76,EA,18,A0,C8,00,28,15,
5731516,00000238,false,Rx,0,8,00,00,0C,00,00,00,00,00,
5732057,00000152,false,Rx,0,8,12,14,14,00,00,00,00,00,
5732121,000001F6,false,Rx,0,8,4F,93,18,00,00,00,00,00,
5732459,00000153,false,Rx,0,8,00,00,00,00,00,00,00,00,
5732568,000001F7,false,Rx,0,8,00,00,DC,00,00,00,00,00,
5732686,00000154,false,Rx,0,8,00,00,00,00,00,00,00,00,
5732734,000001F8,false,Rx,0,8,00,69,00,64,00,00,00,00,
5732936,000002FC,false,Rx,0,8,00,00,12,15,00,00,00,96,
5733517,000001F9,false,Rx,0,8,19,00,A0,C8,14,00,19,00,
5733651,000002FD,false,Rx,0,8,00,00,00,00,00,1C,10,EA,
5733956,00000239,false,Rx,0,8,00,00,00,00,01,00,00,00,
5734228,000002FE,false,Rx,0,8,00,00,72,01,00,28,00,00,
5734371,0000025B,false,Rx,0,8,0E,D2,18,4C,40,20,00,00,
5734572,00000326,false,Rx,0,8,DA,71,18,00,10,00,00,00,
5734665,0000025C,false,Rx,0,8,00,00,00,00,BD,68,14,00,
5734977,00000327,false,Rx,0,8,00,00,00,00,01,00,00,00,
5735388,0000025D,false,Rx,0,8,00,C8,00,00,00,80,C0,70,
5735440,00000328,false,Rx,0,8,DC,00,19,00,00,69,00,00,
5735625,0000025E,false,Rx,0,8,0E,07,0E,02,00,00,00,00,
5735979,00000329,false,Rx,0,8,A0,64,00,00,00,00,00,00,
5736355,00000331,false,Rx,0,8,5B,2B,18,F1,C8,A0,2C,97,
5736423,00000332,false,Rx,0,8,00,00,00,00,00,00,00,00,
5736613,00000333,false,Rx,0,8,00,00,00,1C,0C,40,20,A0,
5737102,00000334,false,Rx,0,8,C8,00,00,00,5C,70,B7,8F,
5738693,00000566,false,Rx,0,8,16,02,00,00,00,00,FF,FF,
5741089,0000010B,false,Rx,0,8,2A,EE,FB,00,00,00,00,01,
5741260,0000010C,false,Rx,0,8,FF,01,00,00,43,48,44,44,
5741316,0000010D,false,Rx,0,8,C3,02,00,00,00,00,00,35,
5741359,0000010E,false,Rx,0,8,00,00,0A,00,00,00,00,00,
5743991,00000445,false,Rx,0,8,18,80,00,00,00,00,00,18,
5745514,000004E8,false,Rx,1,8,FF,FF,FF,29,FF,FF,FF,00,
5747458,0000033B,false,Rx,0,8,0C,AB,44,00,00,00,00,00,
5747567,0000033C,false,Rx,0,8,00,00,00,00,F0,00,00,00,
5747686,0000033D,false,Rx,0,8,00,00,00,00,00,00,00,00,
5747736,0000033E,false,Rx,0,8,00,00,00,00,00,00,00,00,
5748200,00000356,false,Rx,0,8,25,48,A2,00,00,00,00,00,
5748274,00000357,false,Rx,0,8,00,00,00,00,00,4B,4D,48,
5748688,00000358,false,Rx,0,8,35,41,45,4D,52,37,33,4F,
5748811,00000359,false,Rx,0,8,51,4F,34,52,4A,35,33,00,
5754101,0000036F,false,Rx,0,8,81,C1,01,00,00,00,00,00,
5754194,0000037F,false,Rx,0,8,3A,B0,52,24,41,02,00,00,
5757322,00000121,false,Rx,0,8,C5,D0,FC,00,00,00,00,01,
5757408,00000122,false,Rx,0,8,FF,01,00,00,44,44,44,44,
5757832,00000123,false,Rx,0,8,C4,02,00,00,00,00,00,35,
5757911,00000124,false,Rx,0,8,00,00,0A,00,00,00,00,00,
5761432,00000401,false,Rx,0,8,C0,10,10,00,00,00,00,00,
5763049,000000A1,false,Rx,0,8,F8,85,C3,8A,D4,EC,A2,00,
5763262,000000A2,false,Rx,0,8,00,00,00,00,00,00,00,00,
5763506,000000A3,false,Rx,0,8,00,40,01,00,00,00,00,00,
5768542,0000019B,false,Rx,0,8,01,8E,A5,00,00,D4,00,00,
5768630,0000019C,false,Rx,0,8,40,20,00,00,00,00,0B,09,
5768938,0000019D,false,Rx,0,8,00,10,00,06,00,00,00,00,
5769074,0000019E,false,Rx,0,8,15,23,00,00,00,32,00,00,
5774154,00000445,false,Rx,0,8,A7,90,00,00,00,04,00,18,
5774943,00000405,false,Rx,0,8,8B,20,00,00,00,00,00,00,
5775580,00000410,false,Rx,0,8,A3,90,53,3C,B4,6A,FF,FF,
5776407,00000411,false,Rx,0,8,BD,71,50,50,00,00,44,05,
5776965,00000413,false,Rx,0,8,F5,10,00,41,00,00,00,00,
5777399,000000C5,false,Rx,1,8,00,00,00,00,00,00,00,00,
5777918,00000412,false,Rx,0,8,F1,00,00,00,00,00,04,00,
5778438,00000414,false,Rx,0,8,87,A0,00,00,28,00,00,00,
5778894,00000244,false,Rx,1,8,00,00,00,00,00,00,00,00,
5779616,00000036,false,Rx,0,8,AA,F8,FE,01,10,00,20,05,
5780311,00000416,false,Rx,0,8,55,00,00,00,00,00,00,00,
5780443,000004B4,false,Rx,1,8,01,00,0D,40,10,60,44,02,
5781216,00000037,false,Rx,0,8,05,00,00,10,00,40,00,00,
5781904,000004B5,false,Rx,1,8,08,00,F0,07,00,00,00,00,
5782359,00000417,false,Rx,0,8,61,40,00,00,00,01,00,00,
5782547,00000038,false,Rx,0,8,01,00,00,00,20,39,06,00,
5782694,000004B7,false,Rx,1,8,08,00,F0,07,00,00,00,00,
5782745,00000418,false,Rx,0,8,18,00,00,00,14,4C,00,00,
5782809,000004CA,false,Rx,1,8,00,00,00,00,00,00,00,00,
5782862,00000039,false,Rx,0,8,00,00,00,00,00,00,00,00,
5782908,000004CC,false,Rx,1,8,08,00,00,2A,00,00,03,00,
5782971,00000419,false,Rx,0,8,83,E0,B7,CD,D1,66,84,00,
5783372,000004CE,false,Rx,1,8,14,01,FF,FF,FF,FF,FF,FF,
5783491,000004D7,false,Rx,1,8,23,01,00,00,00,00,00,00,
5783565,000004D8,false,Rx,1,8,41,10,F6,F0,40,F2,1E,CC,
5783611,000004DD,false,Rx,1,8,00,00,FE,00,04,00,00,00,
5783660,000004DF,false,Rx,1,8,00,00,08,00,00,00,00,00,
5783707,000004E7,false,Rx,1,8,00,30,00,00,00,00,69,00,
5783782,000004E9,false,Rx,1,8,00,00,00,00,00,00,00,00,
5783854,000004EA,false,Rx,1,8,00,00,00,00,00,00,00,00,
5783900,000004EB,false,Rx,1,8,04,68,2B,0A,00,00,00,00,
5783951,000004EC,false,Rx,1,8,FF,FF,FF,FF,FF,FF,FF,0F,
5784030,000004ED,false,Rx,1,8,FF,FF,FF,FF,FF,FF,FF,1F,
5784094,000004EE,false,Rx,1,8,FF,FF,00,00,00,00,00,00,
5784142,000004EF,false,Rx,1,8,60,00,60,00,29,14,00,00,
5784193,000004F0,false,Rx,1,8,4A,0D,2B,0A,5C,1A,11,02,
5784288,000004F1,false,Rx,1,8,00,C0,00,00,00,00,00,00,
5784356,000004F2,false,Rx,1,8,02,FF,DD,FF,03,01,00,00,
5784404,000004F3,false,Rx,1,8,00,00,00,00,30,00,00,00,
5784457,000004F9,false,Rx,1,8,E0,FF,FF,FF,FF,FF,FF,FF,
5784562,000004FE,false,Rx,1,8,69,23,00,03,CF,00,48,A8,
5785155,0000063D,false,Rx,1,8,00,80,00,00,00,00,00,00,
5785264,0000063E,false,Rx,1,8,FF,FF,FF,FF,FF,FF,FF,FF,
5785601,000004E8,false,Rx,1,8,FF,FF,FF,29,FF,FF,FF,00,
5785783,0000063F,false,Rx,1,8,00,10,00,C4,FF,00,00,00,
5786062,00000640,false,Rx,1,8,FF,FF,FF,00,FF,FF,FF,00,
5786356,00000641,false,Rx,1,8,FF,FF,FF,FF,0F,FF,FF,FF,
5786630,00000646,false,Rx,1,8,00,00,00,80,01,00,00,00,
5790748,0000010B,false,Rx,0,8,26,27,00,00,00,00,00,01,
5790851,0000010C,false,Rx,0,8,FF,01,00,00,43,48,44,44,
5791305,0000010D,false,Rx,0,8,C1,02,00,00,00,00,00,35,
5791750,0000010E,false,Rx,0,8,00,00,0A,00,00,00,00,00,
5795487,000003AA,false,Rx,0,8,FF,00,D0,00,54,00,00,00,
5802497,0000030B,false,Rx,0,8,1F,DC,44,00,04,00,00,00,
5802595,0000030C,false,Rx,0,8,00,00,0C,23,2C,00,A0,0F,
5802917,0000030D,false,Rx,0,8,00,00,00,00,FF,00,00,00,
5802999,0000030E,false,Rx,0,8,00,00,28,05,21,00,00,00,
5803786,00000396,false,Rx,0,8,E9,89,0C,0F,10,01,00,00,
5803971,00000495,false,Rx,0,8,49,00,00,00,00,00,00,00,
5804195,00000397,false,Rx,0,8,04,00,00,00,00,00,00,00,
5804544,00000398,false,Rx,0,8,00,00,00,00,00,00,00,00,
5806335,000002AB,false,Rx,0,8,EF,28,1A,0C,0C,00,00,00,
5806431,000002AC,false,Rx,0,8,00,FF,FF,00,00,40,00,50,
5807026,000002AD,false,Rx,0,8,00,01,00,40,FF,FF,FF,0F,
5807090,000002AE,false,Rx,0,8,1E,0C,FF,3F,00,01,00,00,
5807244,00000121,false,Rx,0,8,A9,2E,01,00,00,00,00,01,
5808070,000002B6,false,Rx,0,8,7C,2E,1A,00,01,00,00,40,
5808203,00000122,false,Rx,0,8,FF,01,00,00,44,44,44,44,
5808249,000002B7,false,Rx,0,8,93,01,C1,08,00,04,00,00,
5808292,00000123,false,Rx,0,8,C1,02,00,00,00,00,00,35,
5808419,000001AB,false,Rx,0,8,6B,C0,F6,40,00,90,00,00,
5808819,00000124,false,Rx,0,8,00,00,0A,00,00,00,00,00,
5809001,000001AC,false,Rx,0,8,00,28,00,00,00,00,00,00,
5809126,000002B8,false,Rx,0,8,B2,61,11,00,00,00,00,00,
5809440,000002B9,false,Rx,0,8,0A,00,00,00,00,00,00,00,
5810075,000002D6,false,Rx,0,8,3A,DD,0C,00,00,00,00,00,
5810556,000002EB,false,Rx,0,8,9C,74,0C,09,10,01,00,00,
5810846,000002D7,false,Rx,0,8,00,00,03,03,03,00,00,00,
5811136,000002EC,false,Rx,0,8,07,00,00,00,00,00,00,00,
5811211,000002D8,false,Rx,0,8,00,00,00,00,00,00,38,44,
5811354,000002ED,false,Rx,0,8,00,00,00,00,00,00,00,00,
5811411,000002D9,false,Rx,0,8,00,00,00,00,00,00,00,00,
5811455,000002EE,false,Rx,0,8,00,00,00,00,00,00,00,00,
5811948,000002E1,false,Rx,0,8,16,74,1A,00,00,00,00,00,
5812018,000002E2,false,Rx,0,8,00,00,00,00,00,7E,00,04,
5812138,000002E3,false,Rx,0,8,00,00,00,00,00,00,72,01,
5812532,000002E4,false,Rx,0,8,02,00,00,00,00,00,00,00,
5812945,00000448,false,Rx,0,8,7F,00,00,00,00,00,00,00,
5813024,000000A1,false,Rx,0,8,C4,74,C8,8A,D4,EC,A2,00,
5813409,000000A2,false,Rx,0,8,00,00,00,00,00,00,00,00,
5813543,000000A3,false,Rx,0,8,00,40,01,00,00,00,00,00,
5814177,00000445,false,Rx,0,8,A7,90,00,00,00,04,00,18,
5815513,000003B6,false,Rx,0,8,CB,1E,0C,00,00,00,00,44,
5816058,000003B7,false,Rx,0,8,43,00,00,00,00,08,00,00,
5816167,000003B8,false,Rx,0,8,C2,02,00,00,00,00,69,0E,
5816224,000003B9,false,Rx,0,8,00,00,00,00,00,00,00,00,
5818603,0000019B,false,Rx,0,8,80,FA,AA,00,00,D4,00,00,
5818699,0000019C,false,Rx,0,8,40,20,00,00,00,00,0B,09,
5819218,0000019D,false,Rx,0,8,00,10,00,06,00,00,00,00,
5819290,0000019E,false,Rx,0,8,15,23,00,00,00,32,00,00,
5826054,00000036,false,Rx,0,8,50,06,03,01,10,00,20,05,
5826164,00000037,false,Rx,0,8,05,00,00,10,00,40,00,00,
5826252,00000038,false,Rx,0,8,01,00,00,00,20,39,06,00,
5826299,00000039,false,Rx,0,8,00,00,00,00,00,00,00,00,
5828589,00000226,false,Rx,0,8,2C,90,33,FF,00,20,00,02,
5828717,000002FF,false,Rx,0,8,94,7C,00,00,00,00,00,00,
5828773,00000227,false,Rx,0,8,02,C4,07,09,00,F0,FF,07,
5829445,00000316,false,Rx,0,8,D4,69,1B,04,00,80,0A,00,
5829566,00000472,false,Rx,0,8,5C,EC,00,40,08,41,00,45,
5829917,00000317,false,Rx,0,8,00,00,05,00,00,00,00,00,
5829981,00000473,false,Rx,0,8,5F,24,00,25,00,00,00,78,
5830490,00000474,false,Rx,0,8,30,DB,00,00,00,00,00,00,
5834246,00000516,false,Rx,0,8,61,02,00,00,00,00,FF,FF,
5838147,000001F1,false,Rx,0,8,39,18,C2,01,00,00,28,00,
5838245,000001F2,false,Rx,0,8,00,00,00,00,00,00,00,00,
5841054,0000010B,false,Rx,0,8,6D,06,05,00,00,00,00,01,
5841178,0000010C,false,Rx,0,8,FF,01,00,00,43,48,44,44,
5841232,0000010D,false,Rx,0,8,BF,02,00,00,00,00,00,35,
5841650,0000010E,false,Rx,0,8,00,00,0A,00,00,00,00,00,
5853892,000000FF,false,Rx,0,8,CB,10,00,00,00,00,02,00,
5853974,0000036F,false,Rx,0,8,38,D1,01,00,00,00,00,00,
5854379,0000037F,false,Rx,0,8,32,C0,52,24,41,02,00,00,
5854783,00000394,false,Rx,0,8,2A,22,1A,49,00,00,00,00,
5855229,000003C3,false,Rx,0,8,45,10,31,30,36,00,00,00,
5855418,000003E0,false,Rx,0,8,05,C0,01,00,00,00,00,00,
5856119,000003E5,false,Rx,0,8,B7,50,00,00,00,00,00,00,
5856401,000003E6,false,Rx,0,8,A1,40,00,00,00,00,00,00,
5856637,0000041A,false,Rx,0,8,12,50,12,00,50,01,00,00,
5856937,0000041B,false,Rx,0,8,BE,70,00,00,00,00,00,00,
5857176,00000121,false,Rx,0,8,6E,BD,06,00,00,00,00,01,
5857450,0000041C,false,Rx,0,8,84,D0,E8,00,00,00,00,00,
5857648,00000122,false,Rx,0,8,FF,01,00,00,44,44,44,44,
5857898,00000422,false,Rx,0,8,FA,20,01,00,00,00,04,00,
5858140,00000123,false,Rx,0,8,BF,02,00,00,00,00,00,35,
5858386,00000432,false,Rx,0,8,03,20,02,00,00,00,00,00,
5858635,00000124,false,Rx,0,8,00,00,0A,00,00,00,00,00,
5859910,00000435,false,Rx,0,8,CA,10,00,50,00,00,00,FF,
5860248,00000442,false,Rx,0,8,CE,20,11,81,00,00,00,00,
5860325,00000444,false,Rx,0,8,47,C0,00,20,00,00,00,00,
5860400,00000445,false,Rx,0,8,A7,90,00,00,00,04,00,18,
5860449,00000464,false,Rx,0,8,6C,30,F0,FF,38,7F,05,00,
5863030,000000A1,false,Rx,0,8,CB,9F,CD,8A,D4,EC,A2,00,
5863200,000000A2,false,Rx,0,8,00,00,00,00,00,00,00,00,
5863456,000000A3,false,Rx,0,8,00,40,01,00,00,00,00,00,
5863712,000001E6,false,Rx,0,8,A9,60,30,02,00,00,00,00,
5863947,000001BB,false,Rx,0,8,19,57,30,02,00,00,00,0A,
5864212,000001BC,false,Rx,0,8,32,00,00,00,02,00,00,00,
5864476,000001BD,false,Rx,0,8,00,00,00,00,00,00,00,00,
5864729,000001E7,false,Rx,0,8,00,00,22,03,20,01,00,00,
5865244,00000487,false,Rx,1,8,00,00,00,00,00,00,00,00,
5866134,00000642,false,Rx,1,8,FF,FF,FF,FF,FF,FF,00,00,
5866412,00000645,false,Rx,1,8,7F,86,07,39,EF,3B,56,00,
5868518,0000019B,false,Rx,0,8,FF,D6,AF,00,00,D4,00,00,
5868620,0000019C,false,Rx,0,8,40,20,00,00,00,00,0B,09,
5868902,0000019D,false,Rx,0,8,00,10,00,06,00,00,00,00,
5869101,0000019E,false,Rx,0,8,15,23,00,00,00,32,00,00,
5875657,00000036,false,Rx,0,8,E8,07,08,01,10,00,20,05,
5875812,00000037,false,Rx,0,8,05,00,00,10,00,40,00,00,
5876153,00000038,false,Rx,0,8,01,00,00,00,20,39,06,00,
5876567,00000039,false,Rx,0,8,00,00,00,00,00,00,00,00,
5890738,0000010B,false,Rx,0,8,9E,72,0A,00,00,00,00,01,
5890817,0000010C,false,Rx,0,8,FF,01,00,00,43,48,44,44,
5891219,0000010D,false,Rx,0,8,BC,02,00,00,00,00,00,35,
5891296,0000010E,false,Rx,0,8,00,00,0A,00,00,00,00,00,
5903063,00000251,false,Rx,0,8,B5,79,1A,00,00,00,00,00,
5903145,00000252,false,Rx,0,8,00,00,00,00,03,00,00,00,
5903405,00000253,false,Rx,0,8,00,00,00,00,3E,00,80,46,
5903615,000002BF,false,Rx,0,8,FF,FF,FF,00,00,00,00,00,
5903904,0000047F,false,Rx,0,8,FF,FF,FF,FF,FF,FF,FF,FF,
5904167,00000653,false,Rx,0,8,0A,19,03,01,02,2A,00,00,
5905183,000004A3,false,Rx,1,8,80,00,48,0B,3E,00,00,00,
5905628,000004A4,false,Rx,1,8,FF,FF,FF,00,00,00,00,00,
5906643,000002C1,false,Rx,0,8,CD,F5,0E,21,00,41,00,A1,
5906833,000002C2,false,Rx,0,8,40,00,00,00,00,00,00,00,
5907096,00000121,false,Rx,0,8,11,7B,0B,00,00,00,00,01,
5907347,000002C3,false,Rx,0,8,00,00,00,00,00,00,00,00,
5907579,00000122,false,Rx,0,8,FF,01,00,00,44,44,44,44,
5907878,000002C4,false,Rx,0,8,00,00,00,00,00,00,00,00,
5908068,00000123,false,Rx,0,8,BC,02,00,00,00,00,00,35,
5908314,000001AB,false,Rx,0,8,18,F9,FB,40,00,90,00,00,
5908556,00000124,false,Rx,0,8,00,00,0A,00,00,00,00,00,
5908803,000001AC,false,Rx,0,8,00,28,00,00,00,00,00,00,
5913030,000000A1,false,Rx,0,8,A8,F2,D2,8A,D4,EC,A2,00,
5913227,000000A2,false,Rx,0,8,00,00,00,00,00,00,00,00,
5913466,000000A3,false,Rx,0,8,00,40,01,00,00,00,00,00,
5914648,000002E6,false,Rx,0,8,76,4F,1A,01,00,00,00,15,
5914822,00000256,false,Rx,0,8,79,15,1B,01,00,00,00,00,
5915069,000002E7,false,Rx,0,8,3C,00,00,00,00,00,00,00,
5915323,00000257,false,Rx,0,8,00,00,00,00,64,00,02,00,
5915564,000002E8,false,Rx,0,8,00,00,00,00,00,00,00,00,
5915806,00000258,false,Rx,0,8,01,00,00,00,10,15,00,28,
5916067,000002E9,false,Rx,0,8,00,00,00,00,00,00,00,00,
5916304,00000259,false,Rx,0,8,00,00,00,3C,00,00,00,00,
5918335,0000019B,false,Rx,0,8,82,13,B4,00,00,D4,00,00,
5918520,0000019C,false,Rx,0,8,40,20,00,00,00,00,0B,09,
5918769,0000019D,false,Rx,0,8,00,10,00,06,00,00,00,00,
5919023,0000019E,false,Rx,0,8,15,23,00,00,00,32,00,00,
5923741,00000445,false,Rx,0,8,77,A0,00,00,00,00,00,18,
5925545,00000036,false,Rx,0,8,97,2B,0D,01,10,00,20,05,
5925729,00000037,false,Rx,0,8,05,00,00,10,00,40,00,00,
5926012,00000038,false,Rx,0,8,01,00,00,00,20,39,06,00,
5926273,00000039,false,Rx,0,8,00,00,00,00,00,00,00,00,
5930337,00000236,false,Rx,0,8,D7,B8,1A,00,30,63,34,6C,
5930510,000002FB,false,Rx,0,8,33,44,1A,00,0C,14,C3,C3,
5930751,00000237,false,Rx,0,8,00,04,94,00,00,5D,1D,00,
5931000,000002FC,false,Rx,0,8,00,00,12,15,00,00,00,96,
5931224,00000151,false,Rx,0,8,FA,58,1A,A0,C8,00,28,15,
5931471,00000238,false,Rx,0,8,00,00,0C,00,00,00,00,00,
5931724,00000152,false,Rx,0,8,12,14,14,00,00,00,00,00,
5931956,000001F6,false,Rx,0,8,C3,21,1A,00,00,00,00,00,
5932204,00000153,false,Rx,0,8,00,00,00,00,00,00,00,00,
5932457,000001F7,false,Rx,0,8,00,00,DC,00,00,00,00,00,
5932710,00000154,false,Rx,0,8,00,00,00,00,00,00,00,00,
5932948,000001F8,false,Rx,0,8,00,69,00,64,00,00,00,00,
5933187,000002FD,false,Rx,0,8,00,00,00,00,00,1C,10,EA,
5933437,000001F9,false,Rx,0,8,19,00,A0,C8,14,00,19,00,
5933684,000002FE,false,Rx,0,8,00,00,72,01,00,28,00,00,
5933927,00000239,false,Rx,0,8,00,00,00,00,01,00,00,00,
5934192,00000326,false,Rx,0,8,56,C3,1A,00,10,00,00,00,
5934403,0000025B,false,Rx,0,8,84,43,1A,4C,40,20,00,00,
5934644,00000327,false,Rx,0,8,00,00,00,00,01,00,00,00,
5934893,0000025C,false,Rx,0,8,00,00,00,00,BD,68,14,00,
5935132,00000328,false,Rx,0,8,DC,00,19,00,00,69,00,00,
5935380,0000025D,false,Rx,0,8,00,C8,00,00,00,80,C0,70,
5935617,00000329,false,Rx,0,8,A0,64,00,00,00,00,00,00,
5935995,0000025E,false,Rx,0,8,05,07,0E,01,00,00,00,00,
5936537,00000331,false,Rx,0,8,D7,99,1A,F1,C8,A0,2C,97,
5936637,00000332,false,Rx,0,8,00,00,00,00,00,00,00,00,
5937180,00000561,false,Rx,0,8,63,02,00,00,00,00,FF,FF,
5937311,00000333,false,Rx,0,8,00,00,00,1C,0C,40,20,A0,
5937374,00000334,false,Rx,0,8,C8,00,00,00,5C,70,B7,8F,
5940647,0000010B,false,Rx,0,8,05,5E,0F,00,00,00,00,01,
5940786,0000010C,false,Rx,0,8,FF,01,00,00,43,48,44,44,
5941037,0000010D,false,Rx,0,8,BA,02,00,00,00,00,00,35,
5941370,0000010E,false,Rx,0,8,00,00,0A,00,00,00,00,00,
5947110,0000033B,false,Rx,0,8,80,19,46,00,00,00,00,00,
5947534,0000033C,false,Rx,0,8,00,00,00,00,F0,00,00,00,
5947634,0000033D,false,Rx,0,8,00,00,00,00,00,00,00,00,
5948006,0000033E,false,Rx,0,8,00,00,00,00,00,00,00,00,
5948147,00000356,false,Rx,0,8,63,11,A3,00,00,00,00,00,
5948606,00000357,false,Rx,0,8,00,00,00,00,00,4B,4D,48,
5948727,00000358,false,Rx,0,8,35,41,45,4D,52,37,33,4F,
5948784,00000359,false,Rx,0,8,51,4F,34,52,4A,35,33,00,
5954071,0000036F,false,Rx,0,8,EE,E1,01,00,00,00,00,00,
5954167,0000037F,false,Rx,0,8,8B,D0,52,24,41,02,00,00,
5955167,00000485,false,Rx,0,8,00,40,11,02,00,00,00,00,
5957219,00000121,false,Rx,0,8,88,BE,10,00,00,00,00,01,
5957365,00000122,false,Rx,0,8,FF,01,00,00,44,44,44,44,
5957681,00000123,false,Rx,0,8,BA,02,00,00,00,00,00,35,
5957892,00000124,false,Rx,0,8,00,00,0A,00,00,00,00,00,
5961666,00000401,false,Rx,0,8,C0,10,10,00,00,00,00,00,
5963282,000000A1,false,Rx,0,8,A7,19,D7,8A,D4,EC,A2,00,
5963385,000000A2,false,Rx,0,8,00,00,00,00,00,00,00,00,
5963626,000000A3,false,Rx,0,8,00,40,01,00,00,00,00,00,
5963731,00000445,false,Rx,0,8,77,A0,00,00,00,00,00,18,
5968428,0000019B,false,Rx,0,8,8F,D5,B9,00,00,D4,00,00,
5968590,0000019C,false,Rx,0,8,40,20,00,00,00,00,0B,09,
5968865,0000019D,false,Rx,0,8,00,10,00,06,00,00,00,00,
5969107,0000019E,false,Rx,0,8,15,23,00,00,00,32,00,00,
5974105,00000405,false,Rx,0,8,8B,20,00,00,00,00,00,00,
5974200,00000410,false,Rx,0,8,A3,90,53,3C,B4,6A,FF,FF,
5974610,00000411,false,Rx,0,8,BD,71,50,50,00,00,44,05,
5974678,00000413,false,Rx,0,8,F5,10,00,41,00,00,00,00,
5974982,00000412,false,Rx,0,8,F1,00,00,00,00,00,04,00,
5975106,000000C5,false,Rx,1,8,00,00,00,00,00,00,00,00,
5975161,00000414,false,Rx,0,8,87,A0,00,00,28,00,00,00,
5975390,00000244,false,Rx,1,8,00,00,00,00,00,00,00,00,
5975614,00000416,false,Rx,0,8,55,00,00,00,00,00,00,00,
5975681,00000036,false,Rx,0,8,D3,9B,12,01,10,00,20,05,
5975880,000003E4,false,Rx,1,8,FE,00,00,00,00,00,00,00,
5976129,00000037,false,Rx,0,8,05,00,00,10,00,40,00,00,
5976371,0000041F,false,Rx,1,8,00,0C,00,00,00,00,00,00,
5976641,00000038,false,Rx,0,8,01,00,00,00,20,39,06,00,
5976903,000004B4,false,Rx,1,8,01,00,0D,40,10,60,44,02,
5977130,00000039,false,Rx,0,8,00,00,00,00,00,00,00,00,
5977348,000004B5,false,Rx,1,8,08,00,F0,07,00,00,00,00,
5977443,00000417,false,Rx,0,8,61,40,00,00,00,01,00,00,
5977852,000004B7,false,Rx,1,8,08,00,F0,07,00,00,00,00,
5977920,00000418,false,Rx,0,8,18,00,00,00,14,4C,00,00,
5978562,000004CA,false,Rx,1,8,00,00,00,00,00,00,00,00,
5979308,00000419,false,Rx,0,8,83,E0,B7,CD,D1,66,84,00,
5979793,000004CC,false,Rx,1,8,08,00,00,2A,00,00,03,00,
5979883,000004CE,false,Rx,1,8,14,01,FF,FF,FF,FF,FF,FF,
5979932,000004D7,false,Rx,1,8,23,01,00,00,00,00,00,00,
5980327,000004D8,false,Rx,1,8,41,10,F6,F0,40,F2,1E,CC,
5980768,000004DD,false,Rx,1,8,00,00,FE,00,04,00,00,00,
5981256,000004DF,false,Rx,1,8,00,00,08,00,00,00,00,00,
5981521,000004E7,false,Rx,1,8,00,30,00,00,00,00,69,00,
5981808,000004E8,false,Rx,1,8,FF,FF,FF,29,FF,FF,FF,00,
5982082,000004E9,false,Rx,1,8,00,00,00,00,00,00,00,00,
5982358,000004EA,false,Rx,1,8,00,00,00,00,00,00,00,00,
5982623,000004EB,false,Rx,1,8,04,68,2B,0A,00,00,00,00,
5982900,000004EC,false,Rx,1,8,FF,FF,FF,FF,FF,FF,FF,0F,
5983158,000004ED,false,Rx,1,8,FF,FF,FF,FF,FF,FF,FF,1F,
5983415,000004EE,false,Rx,1,8,FF,FF,00,00,00,00,00,00,
5983711,000004EF,false,Rx,1,8,60,00,60,00,29,14,00,00,
5983972,0000063D,false,Rx,1,8,00,80,00,00,00,00,00,00,
5984251,0000063E,false,Rx,1,8,FF,FF,FF,FF,FF,FF,FF,FF,
5984532,0000063F,false,Rx,1,8,00,10,00,C4,FF,00,00,00,
5984763,00000640,false,Rx,1,8,FF,FF,FF,00,FF,FF,FF,00,
5985297,00000641,false,Rx,1,8,FF,FF,FF,FF,0F,FF,FF,FF,
5985441,00000646,false,Rx,1,8,00,00,00,80,01,00,00,00,
5988219,000001F1,false,Rx,0,8,A6,70,C5,01,00,00,28,00,
5988313,000001F2,false,Rx,0,8,00,00,00,00,00,00,00,00,
5990868,0000010B,false,Rx,0,8,3B,6B,14,00,00,00,00,01,
5990965,0000010C,false,Rx,0,8,FF,01,00,00,43,48,44,44,
5991042,0000010D,false,Rx,0,8,B8,02,00,00,00,00,00,35,
5991403,0000010E,false,Rx,0,8,00,00,0A,00,00,00,00,00,
5995593,000003AA,false,Rx,0,8,FF,00,D0,00,54,00,00,00,
6002467,0000030B,false,Rx,0,8,C0,96,46,00,04,00,00,00,
6002556,0000030C,false,Rx,0,8,00,00,0C,23,2C,00,A0,0F,
6002868,0000030D,false,Rx,0,8,00,00,00,00,FF,00,00,00,
6002997,0000030E,false,Rx,0,8,00,00,28,05,21,00,00,FE,
6003604,00000445,false,Rx,0,8,77,A0,00,00,00,00,00,18,
6003850,00000396,false,Rx,0,8,D1,D0,0D,0F,10,02,00,00,
6004083,00000495,false,Rx,0,8,49,00,00,00,00,00,00,00,
6004356,00000397,false,Rx,0,8,04,00,00,00,00,00,00,00,
6004594,00000398,false,Rx,0,8,00,00,00,00,00,00,00,00,
6006179,000002AB,false,Rx,0,8,5A,EF,1C,0C,0C,00,00,00,
6006431,000002AC,false,Rx,0,8,00,FF,FF,00,00,40,00,50,
6006677,000002AD,false,Rx,0,8,00,01,00,40,FF,FF,FF,0F,
6007024,000002AE,false,Rx,0,8,1E,0C,FF,3F,00,01,00,00,
6007272,00000121,false,Rx,0,8,B4,62,15,00,00,00,00,01,
6007409,000002B6,false,Rx,0,8,D6,E0,1C,00,00,00,00,40,
6007993,00000122,false,Rx,0,8,FF,01,00,00,44,44,44,44,
6008079,000002B7,false,Rx,0,8,93,01,C1,08,00,04,00,00,
6008125,00000123,false,Rx,0,8,B8,02,00,00,00,00,00,35,
6008602,000001AB,false,Rx,0,8,97,E1,00,40,00,90,00,00,
6009330,00000124,false,Rx,0,8,00,00,0A,00,00,00,00,00,
6009383,000001AC,false,Rx,0,8,00,28,00,00,00,00,00,00,
6009427,000002B8,false,Rx,0,8,B2,61,11,00,00,00,00,00,
6009473,000002B9,false,Rx,0,8,0A,00,00,00,00,00,00,00,
6009608,000002D6,false,Rx,0,8,7C,84,0D,00,00,00,00,00,
6009868,000002EB,false,Rx,0,8,7D,10,0D,09,10,01,00,00,
6010086,000002D7,false,Rx,0,8,00,00,03,03,03,00,00,00,
6010346,000002EC,false,Rx,0,8,02,00,00,00,00,00,00,00,
6010580,000002D8,false,Rx,0,8,00,00,00,00,00,00,38,44,
6010853,000002ED,false,Rx,0,8,00,00,00,00,00,00,00,00,
6011085,000002D9,false,Rx,0,8,00,00,00,00,00,00,00,00,
6011333,000002EE,false,Rx,0,8,00,00,00,00,00,00,00,00,
6011566,000002E1,false,Rx,0,8,A3,B3,1C,00,00,00,00,00,
6011850,000002E2,false,Rx,0,8,00,00,00,00,00,7E,00,04,
6012086,000002E3,false,Rx,0,8,00,00,00,00,00,00,72,01,
6012354,000002E4,false,Rx,0,8,02,00,00,00,00,00,00,00,
6012827,00000448,false,Rx,0,8,7F,00,00,00,00,00,00,00,
6013045,000000A1,false,Rx,0,8,9B,E8,DC,8A,D4,EC,A2,00,
6013311,000000A2,false,Rx,0,8,00,00,00,00,00,00,00,00,
6013558,000000A3,false,Rx,0,8,00,40,01,00,00,00,00,00,
6013797,000001E6,false,Rx,0,8,E4,88,33,02,00,00,00,00,
6014058,000001BB,false,Rx,0,8,1C,0E,33,02,00,00,00,0A,
6014322,000001BC,false,Rx,0,8,32,00,00,00,02,00,00,00,
6014608,000001BD,false,Rx,0,8,00,00,00,00,00,00,00,00,
6014888,000001E7,false,Rx,0,8,00,00,22,03,20,01,00,00,
6015108,000003B6,false,Rx,0,8,1E,BA,0D,00,00,00,00,44,
6015372,000003B7,false,Rx,0,8,43,00,00,00,00,08,00,00,
6015622,000003B8,false,Rx,0,8,B8,02,00,00,00,00,69,0E,
6015886,000003B9,false,Rx,0,8,00,00,00,00,00,00,00,00,
6018312,0000019B,false,Rx,0,8,7C,4B,BE,00,00,D4,00,00,
6018540,0000019C,false,Rx,0,8,40,20,00,00,00,00,0B,09,
6018800,0000019D,false,Rx,0,8,00,10,00,06,00,00,00,00,
6019034,0000019E,false,Rx,0,8,15,23,00,00,00,32,00,00,
6025696,00000036,false,Rx,0,8,AC,B7,17,01,10,00,20,05,
6025785,00000037,false,Rx,0,8,05,00,00,10,00,40,00,00,
6026129,00000038,false,Rx,0,8,01,00,00,00,20,39,06,00,
6026265,00000039,false,Rx,0,8,00,00,00,00,00,00,00,00,
6028147,00000226,false,Rx,0,8,97,50,35,FF,00,20,00,02,
6028332,000002FF,false,Rx,0,8,94,7C,00,00,00,00,00,00,
6028574,00000227,false,Rx,0,8,02,C4,07,09,00,F0,FF,07,
6028809,00000316,false,Rx,0,8,4B,01,1C,04,00,80,0A,00,
6029043,00000472,false,Rx,0,8,5C,EC,00,40,08,41,00,45,
6029286,00000317,false,Rx,0,8,00,00,05,00,00,00,00,00,
6029534,00000473,false,Rx,0,8,5F,24,00,25,00,00,00,78,
6029795,00000474,false,Rx,0,8,30,DB,00,00,00,00,00,00,
6030208,00000563,false,Rx,1,8,65,02,00,00,00,00,FF,FF,
6040763,0000010B,false,Rx,0,8,CF,5C,19,00,00,00,00,01,
6040846,0000010C,false,Rx,0,8,FF,01,00,00,43,48,44,44,
6041236,0000010D,false,Rx,0,8,B5,02,00,00,00,00,00,35,
6041314,0000010E,false,Rx,0,8,00,00,0A,00,00,00,00,00,
6053684,000000FF,false,Rx,0,8,CB,10,00,00,00,00,02,00,
6053875,0000036F,false,Rx,0,8,FE,01,01,00,00,00,00,00,
6054136,0000037F,false,Rx,0,8,5D,E0,52,24,41,02,00,00,
6054469,00000394,false,Rx,0,8,2A,22,1A,49,00,00,00,00,
6054916,000003C3,false,Rx,0,8,45,10,31,30,36,00,00,00,
6055218,000003E0,false,Rx,0,8,05,C0,01,00,00,00,00,00,
6056021,000003E5,false,Rx,0,8,B7,50,00,00,00,00,00,00,
6056595,000003E6,false,Rx,0,8,A1,40,00,00,00,00,00,00,
6056675,0000041A,false,Rx,0,8,12,50,12,00,50,01,00,00,
6056743,0000041B,false,Rx,0,8,BE,70,00,00,00,00,00,00,
6057505,0000041C,false,Rx,0,8,84,D0,E8,00,00,00,00,00,
6057596,00000121,false,Rx,0,8,CC,E7,1A,00,00,00,00,01,
6057658,00000422,false,Rx,0,8,FA,20,01,00,00,00,04,00,
6057701,00000122,false,Rx,0,8,FF,01,00,00,44,44,44,44,
6058078,00000432,false,Rx,0,8,03,20,02,00,00,00,00,00,
6058193,00000123,false,Rx,0,8,B5,02,00,00,00,00,00,35,
6058432,00000124,false,Rx,0,8,00,00,0A,00,00,00,00,00,
6058824,00000435,false,Rx,0,8,CA,10,00,50,00,00,00,FF,
6059298,00000442,false,Rx,0,8,CE,20,11,81,00,00,00,00,
6059569,00000444,false,Rx,0,8,FE,D0,05,49,00,00,00,00,
6059834,00000445,false,Rx,0,8,77,A0,00,00,00,00,00,18,
6060322,00000464,false,Rx,0,8,6C,30,F0,FF,38,7F,05,00,
6060519,000004E5,false,Rx,0,8,4E,90,00,00,00,04,00,00,
6063156,000000A1,false,Rx,0,8,58,6B,E1,8A,D4,EC,A2,00,
6063256,000000A2,false,Rx,0,8,00,00,00,00,00,00,00,00,
6063621,000000A3,false,Rx,0,8,00,40,01,00,00,00,00,00,
6065280,00000487,false,Rx,1,8,00,00,00,00,00,00,00,00,
6065394,00000642,false,Rx,1,8,FF,FF,FF,FF,FF,FF,00,00,
6068537,0000019B,false,Rx,0,8,68,F3,C3,00,00,D4,00,00,
6068671,0000019C,false,Rx,0,8,40,20,00,00,00,00,0B,09,
6069031,0000019D,false,Rx,0,8,00,10,00,06,00,00,00,00,
6069127,0000019E,false,Rx,0,8,15,23,00,00,00,32,00,00,
6075366,00000643,false,Rx,1,8,00,FC,FF,FF,FF,FF,03,00,
6075644,00000036,false,Rx,0,8,14,B6,1C,01,10,00,20,05,
6076236,00000037,false,Rx,0,8,05,00,00,10,00,40,00,00,
6076347,00000038,false,Rx,0,8,01,00,00,00,20,39,06,00,
6076700,00000039,false,Rx,0,8,00,00,00,00,00,00,00,00,
6088754,00000444,false,Rx,0,8,55,00,25,4E,04,00,00,00,
6088854,00000445,false,Rx,0,8,C8,B0,00,00,00,04,00,18,
6090721,0000010B,false,Rx,0,8,D8,C2,1E,00,00,00,00,01,
6090810,0000010C,false,Rx,0,8,FF,01,00,00,43,48,44,44,
6091062,0000010D,false,Rx,0,8,B3,02,00,00,00,00,00,35,
6091491,0000010E,false,Rx,0,8,00,00,0A,00,00,00,00,00,
6093856,000004E5,false,Rx,0,8,4E,90,00,00,00,04,00,00,
6103123,00000251,false,Rx,0,8,BF,CB,1C,00,00,00,00,00,
6103216,00000252,false,Rx,0,8,00,00,00,00,03,00,00,00,
6103625,00000253,false,Rx,0,8,00,00,00,00,3E,00,80,46,
6103694,000002BF,false,Rx,0,8,FF,FF,FF,00,00,00,00,00,
6104082,0000048B,false,Rx,0,8,CB,F2,00,1E,04,00,00,00,
6104151,00000405,false,Rx,0,8,BD,30,00,00,00,01,00,00,
6104418,0000047F,false,Rx,0,8,FF,FF,FF,FF,FF,FF,FF,FF,
6104664,0000048C,false,Rx,0,8,00,00,00,00,00,00,00,00,
6104898,00000653,false,Rx,0,8,0A,19,03,01,02,2A,00,00,
6105029,000004A3,false,Rx,1,8,80,00,48,0B,3E,00,00,00,
6105687,000004A4,false,Rx,1,8,FF,FF,FF,00,00,00,00,00,
6107044,000002C1,false,Rx,0,8,8B,AC,0F,21,00,41,00,A1,
6107147,000002C2,false,Rx,0,8,40,00,00,00,00,00,00,00,
6107193,00000121,false,Rx,0,8,57,CB,1F,00,00,00,00,01,
6107552,000002C3,false,Rx,0,8,00,00,00,00,00,00,00,00,
6107627,00000122,false,Rx,0,8,FF,01,00,00,44,44,44,44,
6107865,000002C4,false,Rx,0,8,00,00,00,00,00,00,00,00,
6108074,00000123,false,Rx,0,8,B3,02,00,00,00,00,00,35,
6108302,000001AB,false,Rx,0,8,61,C9,05,40,00,90,00,00,
6108661,00000124,false,Rx,0,8,00,00,0A,00,00,00,00,00,
6108997,000001AC,false,Rx,0,8,00,28,00,00,00,00,00,00,
6113732,000000A1,false,Rx,0,8,51,EE,E6,8A,D4,EC,A2,00,
6113846,000000A2,false,Rx,0,8,00,00,00,00,00,00,00,00,
6114188,000000A3,false,Rx,0,8,00,40,01,00,00,00,00,00,
6114709,000002E6,false,Rx,0,8,C3,88,1C,01,00,00,00,15,
6114935,00000256,false,Rx,0,8,CC,D2,1D,01,00,00,00,00,
6115076,000002E7,false,Rx,0,8,3C,00,00,00,00,00,00,00,
6115412,00000257,false,Rx,0,8,00,00,00,00,64,00,02,00,
6115805,000002E8,false,Rx,0,8,00,00,00,00,00,00,00,00,
6116139,00000258,false,Rx,0,8,01,00,00,00,10,15,00,28,
6116720,000002E9,false,Rx,0,8,00,00,00,00,00,00,00,00,
6116826,00000259,false,Rx,0,8,00,00,00,3C,00,00,00,00,
6118424,0000019B,false,Rx,0,8,60,E2,C8,00,00,E4,00,00,
6118559,0000019C,false,Rx,0,8,40,20,00,00,00,00,0B,09,
6118886,0000019D,false,Rx,0,8,00,10,00,06,00,00,00,00,
6119388,0000019E,false,Rx,0,8,15,23,00,00,00,32,00,00,
6125176,00000565,false,Rx,0,8,66,02,00,00,00,00,FF,FF,
6125640,00000036,false,Rx,0,8,77,2D,21,01,10,00,20,05,
6125833,00000037,false,Rx,0,8,05,00,00,10,00,40,00,00,
6126074,00000038,false,Rx,0,8,01,00,00,00,20,39,06,00,
6126332,00000039,false,Rx,0,8,00,00,00,00,00,00,00,00,
6128669,000002FF,false,Rx,0,8,83,B9,00,F0,3F,00,00,00,
6128820,00000444,false,Rx,0,8,55,00,25,4E,04,00,00,00,
6128895,00000445,false,Rx,0,8,C8,B0,00,00,00,04,00,18,
6133368,00000061,false,Rx,0,8,22,A3,E8,00,00,05,00,00,
6133466,00000062,false,Rx,0,8,02,02,00,01,40,FF,00,FF,
6133834,000004E5,false,Rx,0,8,4E,90,00,00,00,04,00,00,
6133915,00000063,false,Rx,0,8,C7,00,15,00,00,08,FF,00,
6134305,00000475,false,Rx,0,8,12,00,00,00,00,00,00,00,
6134541,00000064,false,Rx,0,8,04,00,00,04,FF,FA,00,00,
6134651,00000496,false,Rx,0,8,12,00,00,00,00,00,00,00,
6138863,000001F1,false,Rx,0,8,D5,49,C8,01,00,00,28,00,
6138973,000001F2,false,Rx,0,8,00,00,00,00,00,00,00,00,
6144132,00000405,false,Rx,0,8,BD,30,00,00,00,01,00,00,
6146940,0000033B,false,Rx,0,8,47,34,48,00,00,00,00,00,
6147176,0000033C,false,Rx,0,8,00,00,00,00,F0,00,00,00,
6147396,00000356,false,Rx,0,8,90,8F,A4,00,00,00,00,00,
6147657,0000033D,false,Rx,0,8,00,00,00,00,00,00,00,00,
6147895,00000357,false,Rx,0,8,00,00,00,00,00,4B,4D,48,
6148169,0000033E,false,Rx,0,8,00,00,00,00,00,00,00,00,
6148373,00000358,false,Rx,0,8,35,41,45,4D,52,37,33,4F,
6148614,00000359,false,Rx,0,8,51,4F,34,52,4A,35,33,00,
6151751,00000401,false,Rx,0,8,99,20,10,00,00,01,00,00,
6153989,0000036F,false,Rx,0,8,47,11,01,00,00,00,00,00,
6154178,0000037F,false,Rx,0,8,4D,00,52,24,41,02,00,00,
6158183,00000111,false,Rx,0,8,1D,D1,F3,01,00,00,00,00,
6158275,00000112,false,Rx,0,8,00,00,00,00,00,00,00,00,
6158557,00000113,false,Rx,0,8,00,00,00,00,00,00,00,00,
6158763,00000444,false,Rx,0,8,32,10,20,4E,05,00,00,00,
6159010,00000114,false,Rx,0,8,00,00,00,00,00,00,00,00,
6163671,000000A1,false,Rx,0,8,67,AD,EB,8A,D4,EC,A2,00,
6163787,000000A2,false,Rx,0,8,00,00,00,00,00,00,00,00,
6164108,000000A3,false,Rx,0,8,00,40,01,00,00,00,00,00,
6168081,000002FF,false,Rx,0,8,83,B9,00,F0,3F,00,00,00,
6168166,00000474,false,Rx,0,8,50,B5,00,00,00,00,00,02,
6168436,0000019B,false,Rx,0,8,1F,CE,CD,00,00,E4,00,00,
6168663,000003E0,false,Rx,0,8,9F,D0,01,00,10,04,00,00,
6168937,0000019C,false,Rx,0,8,40,20,00,00,00,00,0B,09,
6169196,000003E5,false,Rx,0,8,27,60,01,00,00,00,00,00,
6169401,0000019D,false,Rx,0,8,00,10,00,06,00,00,00,00,
6169645,00000445,false,Rx,0,8,C8,B0,00,00,00,04,00,18,
6169923,0000019E,false,Rx,0,8,15,23,00,00,00,32,00,00,
6174074,00000410,false,Rx,0,8,A3,90,53,3C,B4,6A,FF,FF,
6174295,00000411,false,Rx,0,8,BD,71,50,50,00,00,44,05,
6174527,00000412,false,Rx,0,8,F1,00,00,00,00,00,04,00,
6174761,00000413,false,Rx,0,8,F5,10,00,41,00,00,00,00,
6175037,00000414,false,Rx,0,8,87,A0,00,00,28,00,00,00,
6175289,00000416,false,Rx,0,8,55,00,00,00,00,00,00,00,
6175562,00000417,false,Rx,0,8,61,40,00,00,00,01,00,00,
6175872,00000418,false,Rx,0,8,18,00,00,00,14,4C,00,00,
6176113,0000048F,false,Rx,0,8,AD,10,41,00,05,00,00,00,
6176338,00000419,false,Rx,0,8,83,E0,B7,CD,D1,66,84,00,
6176679,000000C5,false,Rx,1,8,00,00,00,00,00,00,00,00,
6177092,00000244,false,Rx,1,8,00,00,00,00,00,00,00,00,
6177561,000004B4,false,Rx,1,8,01,00,0D,40,10,60,44,02,
6178069,000004B5,false,Rx,1,8,08,00,F0,07,00,00,00,00,
6178552,000004B7,false,Rx,1,8,08,00,F0,07,00,00,00,00,
6178856,0000041A,false,Rx,0,8,4B,60,12,00,50,00,00,00,
6178955,000004CA,false,Rx,1,8,00,00,00,00,00,00,00,00,
6179071,000004CC,false,Rx,1,8,08,00,00,2A,00,00,03,00,
6179581,000004CE,false,Rx,1,8,14,01,FF,FF,FF,FF,FF,FF,
6179858,000004D7,false,Rx,1,8,23,01,00,00,00,00,00,00,
6180098,000004D8,false,Rx,1,8,41,10,F6,F0,40,F2,1E,CC,
6180356,000004DD,false,Rx,1,8,00,00,FE,00,04,00,00,00,
6180582,0000011B,false,Rx,0,8,F5,5D,02,05,80,08,A8,02,
6180635,00000161,false,Rx,0,8,0A,7F,01,03,00,00,00,02,
6180700,000004DF,false,Rx,1,8,00,00,08,00,00,00,00,00,
6180879,0000011C,false,Rx,0,8,00,05,20,00,22,00,01,01,
6181002,000004E7,false,Rx,1,8,00,30,00,00,00,00,69,00,
6181095,0000012B,false,Rx,0,8,B2,A7,02,06,00,00,08,00,
6181383,000004E8,false,Rx,1,8,FF,FF,FF,29,FF,FF,FF,00,
6181626,0000012C,false,Rx,0,8,00,00,01,00,00,64,00,00,
6181868,000004E9,false,Rx,1,8,00,00,00,00,00,00,00,00,
6182074,00000162,false,Rx,0,8,FF,FC,01,00,00,00,00,00,
6182374,000004EA,false,Rx,1,8,00,00,00,00,00,00,00,00,
6182853,000004EB,false,Rx,1,8,04,68,2B,0A,00,00,00,00,
6183347,000004EC,false,Rx,1,8,FF,FF,FF,FF,FF,FF,FF,0F,
6183417,00000061,false,Rx,0,8,5D,8F,ED,00,00,05,00,00,
6184022,000004ED,false,Rx,1,8,FF,FF,FF,FF,FF,FF,FF,1F,
6184572,00000062,false,Rx,0,8,02,02,00,01,40,FF,00,FF,
6185235,000004EE,false,Rx,1,8,FF,FF,00,00,00,00,00,00,
6185889,00000063,false,Rx,0,8,C7,00,15,00,00,08,FF,00,
6186767,000004EF,false,Rx,1,8,60,00,60,00,29,14,00,00,
6186963,00000405,false,Rx,0,8,BD,30,00,00,00,01,00,00,
6187051,00000064,false,Rx,0,8,04,00,00,04,FF,FA,00,00,
6187115,0000063D,false,Rx,1,8,00,80,00,00,00,00,00,00,
6187213,0000063E,false,Rx,1,8,FF,FF,FF,FF,FF,FF,FF,FF,
6187261,0000063F,false,Rx,1,8,00,10,00,C4,FF,00,00,00,
6187309,00000640,false,Rx,1,8,FF,FF,FF,00,FF,FF,FF,00,
6187376,00000641,false,Rx,1,8,FF,FF,FF,FF,0F,FF,FF,FF,
6187434,00000646,false,Rx,1,8,00,00,00,80,01,00,00,00,
6188857,00000444,false,Rx,0,8,25,30,30,4F,05,04,00,00,
6190300,000001A1,false,Rx,0,8,C6,03,01,FE,F7,7F,64,00,
6190475,000001A2,false,Rx,0,8,30,00,00,00,14,08,00,00,
6190784,000001A3,false,Rx,0,8,FF,F3,3F,05,05,00,00,00,
6191015,000001A4,false,Rx,0,8,FE,07,00,00,00,00,00,00,
6192096,00000401,false,Rx,0,8,99,20,10,00,00,01,00,00,
6195615,000003AA,false,Rx,0,8,FF,00,D0,00,54,00,00,00,
6199121,00000417,false,Rx,0,8,57,50,00,00,00,00,00,00,
6199220,00000419,false,Rx,0,8,9F,00,B7,CD,25,65,84,00,
6202531,0000030B,false,Rx,0,8,34,2D,48,00,04,00,00,00,
6202629,0000030C,false,Rx,0,8,00,00,0C,23,2C,00,A0,0F,
6202772,0000030D,false,Rx,0,8,00,00,00,00,FF,00,00,00,
6203122,0000030E,false,Rx,0,8,00,00,28,05,21,00,00,02,
6203769,000004E5,false,Rx,0,8,9E,A0,00,00,00,00,00,00,
6204104,00000495,false,Rx,0,8,49,00,00,00,00,00,00,00,
6207805,000001AB,false,Rx,0,8,FC,C0,0A,40,70,90,00,00,
6207909,000001AC,false,Rx,0,8,00,28,00,00,00,00,00,00,
6208286,000002FF,false,Rx,0,8,83,B9,00,F0,3F,00,00,00,
6208756,00000474,false,Rx,0,8,F0,07,00,00,00,00,00,04,
6209037,000003E0,false,Rx,0,8,9F,D0,01,00,10,04,00,00,
6209547,000003E5,false,Rx,0,8,27,60,01,00,00,00,00,00,
6211173,000001E1,false,Rx,0,8,73,E1,01,02,00,00,00,00,
6211272,000001E2,false,Rx,0,8,00,00,00,00,00,00,00,00,
6213597,00000448,false,Rx,0,8,7F,00,00,00,00,00,00,00,
6213718,000000A1,false,Rx,0,8,08,1C,F0,8A,D4,EC,A2,00,
6213879,000000A2,false,Rx,0,8,00,00,00,00,00,00,00,00,
6214330,000000A3,false,Rx,0,8,00,40,01,00,00,00,00,00,
6217957,00000036,false,Rx,0,8,D6,98,01,01,10,00,30,01,
6218044,00000037,false,Rx,0,8,00,00,00,10,00,40,00,00,
6218407,00000038,false,Rx,0,8,02,00,00,00,20,39,01,00,
6218539,0000019B,false,Rx,0,8,5B,7E,D2,00,00,E4,00,00,
6218764,00000039,false,Rx,0,8,09,00,00,00,00,00,00,00,
6219011,0000019C,false,Rx,0,8,40,20,00,00,00,00,0B,09,
6219244,0000041A,false,Rx,0,8,4B,60,12,00,50,00,00,00,
6219521,0000019D,false,Rx,0,8,00,10,00,06,00,00,00,00,
6219740,00000566,false,Rx,0,8,16,02,00,00,00,00,FF,FF,
6219985,0000019E,false,Rx,0,8,15,23,00,00,00,32,00,00,
6224232,0000010B,false,Rx,0,8,B0,7F,02,00,00,00,00,00,
6224325,0000010C,false,Rx,0,8,8A,00,00,00,28,28,28,28,
6224649,0000010D,false,Rx,0,8,8F,02,00,00,00,00,00,35,
6224798,0000010E,false,Rx,0,8,00,00,00,00,00,00,00,00,
6226811,000004F0,false,Rx,1,8,4A,0D,2B,0B,5C,1A,11,02,
6227930,00000226,false,Rx,0,8,F7,DC,37,FF,FA,20,09,42,
6228047,000002FF,false,Rx,0,8,83,B9,00,F0,3F,00,00,00,
6228293,00000227,false,Rx,0,8,02,C4,07,09,00,F1,FF,07,
6228526,00000316,false,Rx,0,8,04,FB,1D,A4,0F,80,0A,00,
6228770,00000444,false,Rx,0,8,25,30,30,4F,05,04,00,00,
6229019,00000317,false,Rx,0,8,00,00,05,00,00,00,00,00,
6229472,00000472,false,Rx,0,8,5C,EC,00,40,08,41,00,45,
6229720,00000473,false,Rx,0,8,5F,24,00,25,00,00,00,78,
6230003,00000474,false,Rx,0,8,F0,07,00,00,00,00,00,04,
6230354,0000011B,false,Rx,0,8,03,75,07,05,80,08,A8,02,
6230598,00000121,false,Rx,0,8,42,7F,03,00,00,00,00,00,
6230855,0000011C,false,Rx,0,8,00,05,20,00,22,00,01,01,
6231090,00000122,false,Rx,0,8,B0,00,00,00,28,28,28,28,
6231463,00000123,false,Rx,0,8,90,02,00,00,00,00,00,35,
6231752,00000124,false,Rx,0,8,00,00,0A,00,00,00,00,00,
6232021,00000401,false,Rx,0,8,99,20,10,00,00,01,00,00,
6232156,0000012B,false,Rx,0,8,44,8F,07,06,00,00,08,00,
6232466,0000012C,false,Rx,0,8,00,00,01,00,00,64,00,00,
6233740,00000061,false,Rx,0,8,A3,3E,F2,00,00,05,00,00,
6234069,00000062,false,Rx,0,8,02,02,00,01,40,FF,00,FF,
6234170,00000063,false,Rx,0,8,C8,00,15,00,00,08,FF,00,
6234752,00000064,false,Rx,0,8,04,00,00,04,FF,FA,00,00,
6234845,00000419,false,Rx,0,8,CF,10,3A,CD,25,65,84,00,
6238786,000003A1,false,Rx,0,8,D2,C8,42,00,FF,FF,FF,FF,
6238947,000003A2,false,Rx,0,8,00,00,00,00,00,00,00,00,
6239183,00000417,false,Rx,0,8,57,50,00,00,00,00,00,00,
6243866,000004E5,false,Rx,0,8,9E,A0,00,00,00,00,00,00,
6248036,00000474,false,Rx,0,8,F0,07,00,00,00,00,00,04,
6248506,000003E0,false,Rx,0,8,9F,D0,01,00,10,04,00,00,
6248700,000003E5,false,Rx,0,8,27,60,01,00,00,00,00,00,
6253462,000000FF,false,Rx,0,8,CB,10,00,00,00,00,02,00,
6254156,00000394,false,Rx,0,8,2A,22,1A,49,00,00,00,00,
6254326,000003C3,false,Rx,0,8,45,10,31,30,36,00,00,00,
6254604,0000036F,false,Rx,0,8,91,21,01,00,00,00,00,00,
6254857,0000037F,false,Rx,0,8,F4,10,52,24,41,02,00,00,
6255556,000003E6,false,Rx,0,8,A1,40,00,00,00,00,00,00,
6255809,0000041B,false,Rx,0,8,BE,70,00,00,00,00,00,00,
6256068,0000041C,false,Rx,0,8,84,D0,E8,00,00,00,00,00,
6256519,00000422,false,Rx,0,8,FA,20,01,00,00,00,04,00,
6256902,00000432,false,Rx,0,8,03,20,02,00,00,00,00,00,
6257275,00000435,false,Rx,0,8,CA,10,00,50,00,00,00,FF,
6257391,00000442,false,Rx,0,8,CE,20,11,81,00,00,00,00,
6257772,00000445,false,Rx,0,8,C6,C0,00,00,00,00,00,18,
6259266,0000041A,false,Rx,0,8,4B,60,12,00,50,00,00,00,
6259384,00000444,false,Rx,0,8,A2,40,30,4F,05,05,00,00,
6259722,00000464,false,Rx,0,8,6C,30,F0,FF,38,7F,05,00,
6263708,000000A1,false,Rx,0,8,07,F7,F5,8A,D4,EC,A2,00,
6263805,000000A2,false,Rx,0,8,00,00,00,00,00,00,00,00,
6264064,000000A3,false,Rx,0,8,00,40,01,00,00,00,00,00,
6266629,00000487,false,Rx,1,8,00,00,00,00,00,00,00,00,
6266866,000004F0,false,Rx,1,8,4A,0D,2B,0B,5C,1A,11,02,
6267255,00000642,false,Rx,1,8,FF,FF,FF,FF,FF,FF,00,00,
6268331,00000474,false,Rx,0,8,90,69,00,00,00,00,00,06,
6268454,00000036,false,Rx,0,8,2B,82,06,01,10,00,30,05,
6268504,00000037,false,Rx,0,8,00,00,00,10,00,40,00,40,
6268735,00000038,false,Rx,0,8,02,01,00,00,20,39,01,00,
6268817,0000019B,false,Rx,0,8,24,52,D7,00,00,E4,00,00,
6269291,00000039,false,Rx,0,8,09,00,00,00,00,00,00,00,
6269358,0000019C,false,Rx,0,8,40,20,00,00,00,00,0B,09,
6269585,0000019D,false,Rx,0,8,00,10,00,06,00,00,00,00,
6269894,0000019E,false,Rx,0,8,15,23,00,00,00,32,00,00,
6274273,0000010B,false,Rx,0,8,F3,BD,07,00,00,00,00,00,
6274364,00000419,false,Rx,0,8,CF,10,3A,CD,25,65,84,00,
6274761,0000010C,false,Rx,0,8,23,01,00,00,28,28,28,28,
6274836,0000010D,false,Rx,0,8,8D,02,00,00,00,00,00,35,
6275069,0000010E,false,Rx,0,8,00,00,00,00,00,00,00,00,
6278771,000002AB,false,Rx,0,8,CB,B2,01,0C,0C,00,00,00,
6278944,000002AC,false,Rx,0,8,00,FF,FF,00,00,40,00,50,
6279192,000002AD,false,Rx,0,8,00,01,00,40,FF,FF,FF,0F,
6279670,000002AE,false,Rx,0,8,00,00,00,00,00,01,00,00,
6279737,00000417,false,Rx,0,8,57,50,00,00,00,00,00,00,
6279969,000002B6,false,Rx,0,8,E7,F4,01,00,01,00,00,40,
6280465,00000161,false,Rx,0,8,95,17,06,03,00,00,00,02,
6280823,000002B7,false,Rx,0,8,00,00,00,00,00,04,00,00,
6281350,0000011B,false,Rx,0,8,CB,8C,0C,05,80,08,A8,02,
6281448,00000121,false,Rx,0,8,45,AD,08,00,00,00,00,00,
6281497,0000011C,false,Rx,0,8,00,05,20,00,22,00,01,01,
6281544,00000122,false,Rx,0,8,39,01,00,00,28,28,28,28,
6281623,000001FB,false,Rx,0,8,AE,7A,01,00,00,00,00,00,
6281893,00000123,false,Rx,0,8,8E,02,00,00,00,00,00,35,
6282128,000001FC,false,Rx,0,8,00,00,00,00,00,00,00,00,
6282390,00000124,false,Rx,0,8,00,00,0A,00,00,00,00,00,
6282604,000001FD,false,Rx,0,8,00,1A,03,00,00,00,00,00,
6282843,0000012B,false,Rx,0,8,8C,76,0C,06,00,00,08,00,
6283112,000001FE,false,Rx,0,8,00,00,00,00,00,00,00,00,
6283333,00000061,false,Rx,0,8,DC,12,F7,00,00,05,00,00,
6283584,0000012C,false,Rx,0,8,00,00,01,00,00,64,00,00,
6283825,00000062,false,Rx,0,8,02,02,00,01,40,FF,00,FF,
6284102,00000162,false,Rx,0,8,FF,FC,01,00,00,00,00,00,
6284316,00000063,false,Rx,0,8,C8,00,15,00,00,08,FF,00,
6284564,000002B8,false,Rx,0,8,00,00,00,00,00,00,00,00,
6284809,00000064,false,Rx,0,8,04,00,00,04,FF,FA,00,00,
6285188,000002B9,false,Rx,0,8,0A,00,00,00,00,00,00,00,
6285476,000004E5,false,Rx,0,8,9E,A0,00,00,00,00,00,00,
6285745,000002C1,false,Rx,0,8,55,C8,01,00,00,41,00,A1,
6285863,000002C2,false,Rx,0,8,40,00,00,00,00,00,00,00,
6286156,000002C3,false,Rx,0,8,00,00,00,00,00,00,00,00,
6286699,000002C4,false,Rx,0,8,00,00,00,00,00,00,00,00,
6286761,000002E1,false,Rx,0,8,6B,B1,01,00,00,00,00,00,
6286868,000002E2,false,Rx,0,8,00,00,00,00,00,7E,00,04,
6287168,000002E3,false,Rx,0,8,00,00,00,00,00,00,72,01,
6287352,000002E4,false,Rx,0,8,02,00,00,00,00,00,00,00,
6288063,000001F1,false,Rx,0,8,98,A1,CB,01,00,00,28,00,
6288306,000001F2,false,Rx,0,8,00,00,00,00,00,00,00,00,
6290685,000001A1,false,Rx,0,8,56,9D,06,FE,F7,7F,64,00,
6290789,000001A2,false,Rx,0,8,00,00,00,00,00,08,00,00,
6290833,000001A3,false,Rx,0,8,FF,F3,3F,00,00,00,00,00,
6291239,000001A4,false,Rx,0,8,FE,07,00,00,00,00,00,00,
6293668,00000445,false,Rx,0,8,C6,C0,00,00,00,00,00,18,
6299345,00000444,false,Rx,0,8,A2,40,30,4F,05,05,00,00,
6299534,00000244,false,Rx,1,8,00,00,00,00,00,00,00,00,
6299607,000004E8,false,Rx,1,8,FF,FF,FF,29,FF,FF,FF,00,
6299794,00000419,false,Rx,0,8,76,20,3A,CD,15,65,84,00,
6299883,00000646,false,Rx,1,8,00,00,00,80,01,00,00,00,
6303565,000002BF,false,Rx,0,8,FF,FF,FF,00,00,00,00,00,
6303668,0000047F,false,Rx,0,8,FF,FF,FF,FF,FF,FF,FF,FF,
6304177,00000653,false,Rx,0,8,0A,19,03,01,02,2A,00,00,
6307813,000001AB,false,Rx,0,8,0A,E8,0F,40,70,90,00,00,
6307979,000001AC,false,Rx,0,8,00,28,00,00,00,00,00,00,
6308478,00000474,false,Rx,0,8,91,72,00,00,00,00,00,08,
6308923,000004A3,false,Rx,1,8,80,00,48,0B,3E,00,00,00,
6309383,000004A4,false,Rx,1,8,FF,FF,FF,00,00,00,00,00,
6309670,000004F0,false,Rx,1,8,4A,0D,2B,0B,5C,1A,11,02,
6313784,000000A1,false,Rx,0,8,37,DA,FA,8A,D4,EC,A2,00,
6313920,000000A2,false,Rx,0,8,00,00,00,00,00,00,00,00,
6314172,000000A3,false,Rx,0,8,00,40,01,00,00,00,00,00,
6317815,00000036,false,Rx,0,8,26,44,0B,01,10,00,30,05,
6318358,00000037,false,Rx,0,8,00,00,00,10,00,40,00,40,
6318511,00000038,false,Rx,0,8,02,01,00,00,20,39,01,00,
6318560,0000019B,false,Rx,0,8,9C,53,DC,00,00,E4,00,00,
6318676,000000C7,false,Rx,1,8,00,00,00,00,00,00,00,00,
6318999,00000039,false,Rx,0,8,09,00,00,00,00,00,00,00,
6319487,0000019C,false,Rx,0,8,40,20,00,00,00,00,0B,09,
6319545,00000516,false,Rx,0,8,61,02,00,00,00,00,FF,FF,
6319820,0000019D,false,Rx,0,8,00,10,00,06,00,00,00,00,
6320053,0000019E,false,Rx,0,8,15,23,00,00,00,32,00,00,
6324369,0000010B,false,Rx,0,8,1F,8E,0C,00,00,00,00,00,
6324476,0000010C,false,Rx,0,8,7D,01,00,00,3C,48,40,44,
6324789,0000010D,false,Rx,0,8,8B,02,00,00,00,00,00,35,
6324940,0000010E,false,Rx,0,8,00,00,0A,00,00,00,00,00,
6328933,000004E8,false,Rx,1,8,FF,FF,FF,29,FF,FF,FF,00,
6330494,0000011B,false,Rx,0,8,B2,96,11,05,80,08,A8,02,
6330600,00000121,false,Rx,0,8,62,F5,0D,00,00,00,00,00,
6330890,0000011C,false,Rx,0,8,00,05,20,00,22,00,01,01,
6331095,00000122,false,Rx,0,8,8A,01,00,00,41,44,43,44,
6331336,00000123,false,Rx,0,8,8C,02,00,00,00,00,00,35,
6331578,00000124,false,Rx,0,8,00,00,0A,00,00,00,00,00,
6331844,0000012B,false,Rx,0,8,F5,6C,11,06,00,00,08,00,
6332081,0000012C,false,Rx,0,8,00,00,01,00,00,64,00,00,
6333244,00000061,false,Rx,0,8,64,13,FC,00,00,05,00,00,
6333427,00000062,false,Rx,0,8,02,02,00,01,40,FF,00,FF,
6333896,00000445,false,Rx,0,8,C6,C0,00,00,00,00,00,18,
6333974,00000063,false,Rx,0,8,C8,00,15,00,00,08,FF,00,
6334309,00000475,false,Rx,0,8,12,00,00,00,00,00,00,00,
6334499,00000064,false,Rx,0,8,04,00,00,04,FF,FA,00,00,
6334632,00000151,false,Rx,0,8,87,9D,01,A0,C8,00,28,15,
6334943,000001F6,false,Rx,0,8,D4,BB,01,00,00,00,00,0C,
6335123,00000152,false,Rx,0,8,12,14,14,00,00,00,00,00,
6335342,000001F7,false,Rx,0,8,00,00,00,00,00,00,00,00,
6335624,00000153,false,Rx,0,8,00,00,00,00,00,00,00,00,
6335857,000001F8,false,Rx,0,8,00,00,00,00,00,00,00,00,
6336103,00000154,false,Rx,0,8,00,00,00,00,00,00,00,00,
6336340,000001F9,false,Rx,0,8,00,00,A0,C8,14,00,00,00,
6336573,000002FB,false,Rx,0,8,9F,B6,01,00,8F,14,C3,C3,
6336804,00000236,false,Rx,0,8,96,9D,01,00,30,63,34,6C,
6337060,000002FC,false,Rx,0,8,00,00,12,15,00,00,7B,96,
6337372,00000237,false,Rx,0,8,00,04,94,00,00,5D,1D,00,
6337703,000002FD,false,Rx,0,8,00,00,00,00,00,1C,10,EA,
6337817,00000238,false,Rx,0,8,00,00,8F,00,00,00,00,00,
6338077,000002FE,false,Rx,0,8,00,00,72,01,00,28,00,00,
6338287,00000239,false,Rx,0,8,00,00,00,00,01,00,00,00,
6338519,00000326,false,Rx,0,8,3D,89,01,00,10,00,00,00,
6338760,0000025B,false,Rx,0,8,33,45,01,40,40,20,00,00,
6339000,00000327,false,Rx,0,8,00,00,00,00,05,00,00,00,
6339274,0000025C,false,Rx,0,8,00,00,00,00,FF,FF,14,00,
6339506,00000328,false,Rx,0,8,00,00,00,00,00,00,00,00,
6339755,0000025D,false,Rx,0,8,00,C8,00,00,00,80,C0,70,
6339994,00000329,false,Rx,0,8,A0,00,00,00,00,00,00,00,
6340285,0000025E,false,Rx,0,8,00,00,00,00,00,00,00,00,
6340482,00000331,false,Rx,0,8,CC,8D,01,F1,C8,A0,2C,97,
6340707,00000419,false,Rx,0,8,46,30,3C,CD,15,65,84,00,
6340960,00000332,false,Rx,0,8,00,00,00,00,00,00,00,00,
6341190,00000444,false,Rx,0,8,A2,40,30,4F,05,05,00,00,
6341442,00000333,false,Rx,0,8,00,00,00,1C,0C,40,20,A0,
6341678,00000496,false,Rx,0,8,12,00,00,00,00,00,00,00,
6341956,00000334,false,Rx,0,8,C8,00,00,00,00,00,00,00,
6347096,0000033B,false,Rx,0,8,CB,86,4A,00,00,00,00,00,
6347190,0000033C,false,Rx,0,8,00,00,00,00,F0,00,00,00,
6347513,00000356,false,Rx,0,8,D6,D6,A5,00,00,00,00,00,
6347645,0000033D,false,Rx,0,8,00,00,00,00,00,00,00,00,
6347900,00000357,false,Rx,0,8,00,00,00,00,00,4B,4D,48,
6348128,0000033E,false,Rx,0,8,00,00,00,00,00,00,00,00,
6348352,00000358,false,Rx,0,8,35,41,45,4D,52,37,33,4F,
6348602,00000474,false,Rx,0,8,91,72,00,00,00,00,00,08,
6348845,00000359,false,Rx,0,8,51,4F,34,52,4A,35,33,00,
6354157,0000036F,false,Rx,0,8,28,31,01,00,00,00,00,00,
6354335,0000037F,false,Rx,0,8,22,20,52,24,41,02,00,00,
6358327,00000111,false,Rx,0,8,EE,4F,F4,01,00,00,00,00,
6358468,00000112,false,Rx,0,8,00,00,00,00,00,00,00,00,
6358881,000000C7,false,Rx,1,8,00,00,00,00,00,00,00,00,
6358978,00000113,false,Rx,0,8,00,00,00,00,00,00,00,00,
6359029,00000114,false,Rx,0,8,00,00,00,00,00,00,00,00,
6360937,000001E1,false,Rx,0,8,85,C9,04,02,00,00,00,00,
6361028,000001E2,false,Rx,0,8,00,00,00,00,00,00,00,00,
6362003,00000401,false,Rx,0,8,99,20,10,00,00,01,00,00,
6363604,000000A1,false,Rx,0,8,38,31,FF,8A,D4,EC,A2,00,
6363810,000000A2,false,Rx,0,8,00,00,00,00,00,00,00,00,
6364068,000000A3,false,Rx,0,8,00,40,01,00,00,00,00,00,
6367751,00000474,false,Rx,0,8,F1,1C,00,00,00,00,00,0A,
6367922,00000036,false,Rx,0,8,30,D6,10,01,10,00,30,05,
6368213,00000037,false,Rx,0,8,00,00,00,10,00,40,00,40,
6368471,00000038,false,Rx,0,8,02,01,00,71,20,39,01,00,
6368730,00000039,false,Rx,0,8,09,00,00,00,00,00,00,00,
6368987,000004E8,false,Rx,1,8,FF,FF,FF,29,FF,FF,FF,00,
6369058,0000019B,false,Rx,0,8,FF,C8,E1,00,00,E4,00,00,
6369284,0000019C,false,Rx,0,8,40,20,00,00,00,00,0B,09,
6369711,0000019D,false,Rx,0,8,00,10,00,06,00,00,00,00,
6369972,0000019E,false,Rx,0,8,15,23,00,00,00,32,00,00,
6373077,000002D6,false,Rx,0,8,0F,A9,00,00,00,00,00,00,
6373230,000002D7,false,Rx,0,8,00,00,00,00,03,00,00,00,
6373551,000002D8,false,Rx,0,8,00,00,00,00,00,00,38,28,
6373785,000002D9,false,Rx,0,8,00,00,00,00,00,00,00,00,
6374156,0000010B,false,Rx,0,8,11,8A,11,00,00,00,00,00,
6374385,000002EB,false,Rx,0,8,6E,D5,00,09,00,DC,FF,00,
6374663,0000010C,false,Rx,0,8,B3,01,00,00,43,48,44,44,
6374874,000002EC,false,Rx,0,8,12,00,00,00,00,00,00,00,
6375115,0000010D,false,Rx,0,8,89,02,00,00,00,00,00,35,
6375365,000002ED,false,Rx,0,8,00,00,00,00,00,00,00,00,
6375644,0000010E,false,Rx,0,8,00,00,0A,00,00,00,00,00,
6375872,000002EE,false,Rx,0,8,00,00,00,00,00,00,00,00,
6376103,00000405,false,Rx,0,8,BD,30,00,00,00,01,00,00,
6376338,00000413,false,Rx,0,8,F5,10,00,41,00,00,00,00,
6376615,00000251,false,Rx,0,8,9F,E7,01,00,00,00,00,00,
6376821,00000410,false,Rx,0,8,A3,90,53,3C,B4,6A,FF,FF,
6377065,00000252,false,Rx,0,8,00,00,00,00,03,00,00,00,
6377305,00000396,false,Rx,0,8,2E,8F,00,09,00,DC,FF,00,
6377544,00000253,false,Rx,0,8,00,00,00,00,00,00,80,28,
6377803,00000397,false,Rx,0,8,04,00,00,00,00,00,00,00,
6378038,00000411,false,Rx,0,8,BD,71,50,50,00,00,44,05,
6378306,00000398,false,Rx,0,8,00,00,00,00,00,00,00,00,
6378538,00000412,false,Rx,0,8,F1,00,00,00,00,00,04,00,
6378621,000000C5,false,Rx,1,8,00,00,00,00,00,00,00,00,
6378793,00000414,false,Rx,0,8,87,A0,00,00,28,00,00,00,
6379170,00000244,false,Rx,1,8,00,00,00,00,00,00,00,00,
6379299,00000416,false,Rx,0,8,55,00,00,00,00,00,00,00,
6379577,000004B4,false,Rx,1,8,01,00,0D,40,10,60,44,02,
6379822,00000417,false,Rx,0,8,57,50,00,00,00,00,00,00,
6380066,000004B5,false,Rx,1,8,08,00,F0,07,00,00,00,00,
6380331,00000161,false,Rx,0,8,E6,2E,0B,03,00,00,00,02,
6380535,0000011B,false,Rx,0,8,2D,FE,16,05,80,08,A8,02,
6380614,000004B7,false,Rx,1,8,08,00,F0,07,00,00,00,00,
6380788,00000121,false,Rx,0,8,DE,AE,12,00,00,00,00,00,
6380971,0000011C,false,Rx,0,8,00,05,20,00,22,00,01,01,
6381028,000004CA,false,Rx,1,8,00,00,00,00,00,00,00,00,
6381220,00000122,false,Rx,0,8,BA,01,00,00,44,44,44,44,
6381557,00000418,false,Rx,0,8,18,00,00,00,14,4C,00,00,
6382033,000004CC,false,Rx,1,8,08,00,00,2A,00,00,03,00,
6383048,00000123,false,Rx,0,8,89,02,00,00,00,00,00,35,
6383180,00000419,false,Rx,0,8,46,30,3C,CD,15,65,84,00,
6383253,000004CE,false,Rx,1,8,14,01,FF,FF,FF,FF,FF,FF,
6383308,00000124,false,Rx,0,8,00,00,0A,00,00,00,00,00,
6383376,000004D7,false,Rx,1,8,23,01,00,00,00,00,00,00,
6383420,0000012B,false,Rx,0,8,6A,04,16,06,00,00,08,00,
6383470,000004D8,false,Rx,1,8,41,10,F6,F0,40,F2,1E,CC,
6383532,0000012C,false,Rx,0,8,00,00,01,00,00,64,00,00,
6383591,00000061,false,Rx,0,8,9E,ED,01,00,00,05,00,00,
6383638,000004DD,false,Rx,1,8,00,00,FE,00,04,00,00,00,
6383682,00000162,false,Rx,0,8,FF,FC,01,00,00,00,00,00,
6383978,00000062,false,Rx,0,8,02,02,00,01,40,FF,00,FF,
6384443,000004DF,false,Rx,1,8,00,00,08,00,00,00,00,00,
6384672,00000063,false,Rx,0,8,C8,00,15,00,00,08,FF,00,
6385430,000004E7,false,Rx,1,8,00,30,00,00,00,00,69,00,
6386081,00000256,false,Rx,0,8,08,0C,01,05,01,00,00,00,
6386141,00000064,false,Rx,0,8,04,00,00,04,FF,FA,00,00,
6386223,000004E9,false,Rx,1,8,00,00,00,00,00,00,00,00,
6386284,00000257,false,Rx,0,8,00,7D,00,00,83,04,81,7A,
6386330,000002E6,false,Rx,0,8,C0,FA,01,01,00,00,00,15,
6386382,000004EA,false,Rx,1,8,00,00,00,00,00,00,00,00,
6386443,00000258,false,Rx,0,8,00,44,19,00,10,15,00,28,
6386491,000002E7,false,Rx,0,8,0A,00,00,00,00,00,00,00,
6386563,000004EB,false,Rx,1,8,04,68,2B,0B,00,00,00,00,
6386606,00000259,false,Rx,0,8,EC,03,11,3C,F4,01,00,00,
6386652,000002E8,false,Rx,0,8,00,00,00,00,00,00,00,00,
6386713,000004EC,false,Rx,1,8,FF,FF,FF,FF,FF,FF,FF,0F,
6386769,000003B6,false,Rx,0,8,BD,AD,00,00,00,00,00,44,
6386816,000002E9,false,Rx,0,8,00,00,00,00,00,00,00,00,
6386884,000004ED,false,Rx,1,8,FF,FF,FF,FF,FF,FF,FF,1F,
6387055,000003B7,false,Rx,0,8,43,00,00,00,00,00,00,00,
6387844,000004EE,false,Rx,1,8,FF,FF,00,00,00,00,00,00,
6389089,000003B8,false,Rx,0,8,6C,02,00,00,00,00,69,0E,
6389605,000004EF,false,Rx,1,8,60,00,60,00,29,14,00,00,
6390099,000003B9,false,Rx,0,8,00,00,00,00,00,00,00,00,
6391045,0000063D,false,Rx,1,8,00,80,00,00,00,00,00,00,
6391809,0000063E,false,Rx,1,8,FF,FF,FF,FF,FF,FF,FF,FF,
6392086,0000063F,false,Rx,1,8,00,10,00,C4,FF,00,00,00,
6392414,00000640,false,Rx,1,8,FF,FF,FF,00,FF,FF,FF,00,
6392524,00000641,false,Rx,1,8,FF,FF,FF,FF,0F,FF,FF,FF,
6393143,000001A1,false,Rx,0,8,5B,5B,0B,FE,F7,7F,64,00,
6393761,00000646,false,Rx,1,8,00,00,00,80,01,00,00,00,
6393826,000001A2,false,Rx,0,8,00,00,00,00,00,08,00,00,
6393893,000001A3,false,Rx,0,8,FF,F3,3F,00,00,00,00,00,
6393948,000001A4,false,Rx,0,8,FE,07,00,00,00,00,00,00,
6395467,000003AA,false,Rx,0,8,FF,00,D0,00,54,00,00,00,
6401061,000000C7,false,Rx,1,8,00,00,00,00,00,00,00,00,
6402303,0000030B,false,Rx,0,8,B8,9F,4A,00,04,00,00,00,
6402581,0000030C,false,Rx,0,8,00,00,0C,23,2C,00,A0,0F,
6402807,0000030D,false,Rx,0,8,00,00,00,00,FF,00,00,00,
6403064,0000030E,false,Rx,0,8,00,00,28,05,21,00,00,02,
6403923,00000495,false,Rx,0,8,49,00,00,00,00,00,00,00,
6404541,00000419,false,Rx,0,8,00,40,3C,CD,11,65,84,00,
6407351,000001AB,false,Rx,0,8,C8,32,14,40,70,90,00,00,
6407509,000001AC,false,Rx,0,8,00,28,00,00,00,00,00,00,
6407741,00000474,false,Rx,0,8,51,AE,00,00,00,00,00,0C,
6411306,000004E8,false,Rx,1,8,FF,FF,FF,29,FF,FF,FF,00,
6412935,00000448,false,Rx,0,8,7F,00,00,00,00,00,00,00,
6413605,000000A1,false,Rx,0,8,46,33,04,8A,D4,EC,A2,00,
6413881,000000A2,false,Rx,0,8,00,00,00,00,00,00,00,00,
6414095,000000A3,false,Rx,0,8,00,40,01,00,00,00,00,00,
6417860,00000036,false,Rx,0,8,9A,4E,15,01,10,00,30,05,
6418357,00000037,false,Rx,0,8,00,00,00,10,00,40,00,40,
6418521,0000019B,false,Rx,0,8,0C,56,E6,00,00,E4,00,00,
6418799,00000038,false,Rx,0,8,02,01,00,5F,91,3B,01,00,
6419010,0000019C,false,Rx,0,8,40,20,00,00,00,00,0B,09,
6419249,00000039,false,Rx,0,8,00,00,00,00,00,00,00,00,
6419498,0000019D,false,Rx,0,8,00,10,00,06,00,00,00,00,
6419748,00000561,false,Rx,0,8,63,02,00,00,00,00,FF,FF,
6419978,0000019E,false,Rx,0,8,15,23,00,00,00,32,00,00,
6421459,000001E6,false,Rx,0,8,7B,FB,00,00,00,00,00,00,
6421690,000001BB,false,Rx,0,8,7A,60,00,00,00,00,00,00,
6421939,000001BC,false,Rx,0,8,00,00,00,00,00,00,00,00,
6422211,000001BD,false,Rx,0,8,00,00,00,00,00,00,00,00,
6422477,000001E7,false,Rx,0,8,00,00,00,00,00,00,00,00,
6424189,0000010B,false,Rx,0,8,C4,FA,16,00,00,00,00,00,
6424358,0000010C,false,Rx,0,8,D2,01,00,00,43,48,44,44,
6424636,0000010D,false,Rx,0,8,86,02,00,00,00,00,00,35,
6424878,0000010E,false,Rx,0,8,00,00,0A,00,00,00,00,00,
6427882,00000226,false,Rx,0,8,99,37,39,FF,00,20,09,42,
6428050,000002FF,false,Rx,0,8,83,B9,00,F0,3F,00,00,00,
6428291,00000227,false,Rx,0,8,02,C4,07,09,00,F1,FF,07,
6428533,00000316,false,Rx,0,8,22,41,1E,04,00,80,0A,00,
6428855,00000317,false,Rx,0,8,00,00,05,00,00,00,00,00,
6429365,00000472,false,Rx,0,8,5C,EC,00,40,08,41,00,45,
6429617,00000473,false,Rx,0,8,5F,24,00,25,00,00,00,78,
6429895,00000474,false,Rx,0,8,51,AE,00,00,00,00,00,0C,
6430389,0000011B,false,Rx,0,8,5E,C7,1B,05,80,08,A8,02,
6430626,00000121,false,Rx,0,8,DD,3E,17,00,00,00,00,00,
6430878,0000011C,false,Rx,0,8,00,05,20,00,22,00,01,01,
6431090,00000122,false,Rx,0,8,D7,01,00,00,44,44,44,44,
6431413,000000C7,false,Rx,1,8,00,00,00,E0,07,00,00,00,
6431482,00000123,false,Rx,0,8,87,02,00,00,00,00,00,35,
6431651,00000124,false,Rx,0,8,00,00,0A,00,00,00,00,00,
6432144,0000012B,false,Rx,0,8,19,3D,1B,06,00,00,08,00,
6432385,0000012C,false,Rx,0,8,00,00,01,00,00,64,00,00,
6433162,00000061,false,Rx,0,8,6D,73,06,00,00,05,00,00,
6433418,00000062,false,Rx,0,8,02,02,00,01,40,FF,00,FF,
6433660,00000063,false,Rx,0,8,C8,00,15,00,00,08,FF,00,
6433950,00000064,false,Rx,0,8,04,00,00,04,FF,FA,00,00,
6434792,00000419,false,Rx,0,8,04,50,53,CD,11,65,84,00,
6438204,000001F1,false,Rx,0,8,6E,89,CE,01,00,00,28,00,
6438424,000001F2,false,Rx,0,8,00,00,00,00,00,00,00,00,
6438897,000003A1,false,Rx,0,8,F6,60,43,00,FF,FF,FF,FF,
6439189,000003A2,false,Rx,0,8,00,00,00,00,00,00,00,00,
6447958,00000474,false,Rx,0,8,51,AE,00,00,00,00,00,0C,
6453440,000000FF,false,Rx,0,8,CB,10,00,00,00,00,02,00,
6454037,00000394,false,Rx,0,8,2A,22,1A,49,00,00,00,00,
6454241,000003C3,false,Rx,0,8,45,10,31,30,36,00,00,00,
6454455,0000036F,false,Rx,0,8,20,41,01,00,00,00,00,00,
6454743,000003E0,false,Rx,0,8,9F,D0,01,00,10,04,00,00,
6454916,0000037F,false,Rx,0,8,9B,30,52,24,41,02,00,00,
6455674,000003E5,false,Rx,0,8,27,60,01,00,00,00,00,00,
6456015,000003E6,false,Rx,0,8,A1,40,00,00,00,00,00,00,
6456402,0000041A,false,Rx,0,8,4B,60,12,00,50,00,00,00,
6456472,0000041B,false,Rx,0,8,BE,70,00,00,00,00,00,00,
6456813,0000041C,false,Rx,0,8,84,D0,E8,00,00,00,00,00,
6457027,00000422,false,Rx,0,8,FA,20,01,00,00,00,04,00,
6457394,00000432,false,Rx,0,8,03,20,02,00,00,00,00,00,
6458649,00000435,false,Rx,0,8,CA,10,00,50,00,00,00,FF,
6459090,00000442,false,Rx,0,8,CE,20,11,81,00,00,00,00,
6459331,00000444,false,Rx,0,8,A2,40,30,4F,05,05,00,00,
6459573,00000445,false,Rx,0,8,C6,C0,00,00,00,00,00,18,
6459980,00000464,false,Rx,0,8,6C,30,F0,FF,38,7F,05,00,
6463735,000000A1,false,Rx,0,8,70,70,09,8A,D4,EC,A2,00,
6463932,000000A2,false,Rx,0,8,00,00,00,00,00,00,00,00,
6464505,000000A3,false,Rx,0,8,00,40,01,00,00,00,00,00,
6467480,00000474,false,Rx,0,8,31,C0,00,00,00,00,00,0E,
6467801,00000036,false,Rx,0,8,94,37,1A,05,10,00,34,05,
6468052,00000037,false,Rx,0,8,00,00,00,10,00,40,00,40,
6468329,00000038,false,Rx,0,8,02,05,00,E0,D1,3B,11,00,
6468577,00000039,false,Rx,0,8,00,00,00,00,00,00,00,00,
6468813,0000019B,false,Rx,0,8,01,90,EB,00,00,E4,00,00,
6469061,0000019C,false,Rx,0,8,40,20,00,00,00,00,0B,09,
6469313,0000019D,false,Rx,0,8,00,10,00,06,00,00,00,00,
6469561,0000019E,false,Rx,0,8,15,23,00,00,00,32,00,00,
6470032,00000091,false,Rx,0,8,B0,87,00,00,00,00,00,00,
6470296,00000092,false,Rx,0,8,00,00,00,00,00,00,00,00,
6470546,00000093,false,Rx,0,8,00,00,00,00,00,00,00,00,
6470811,00000094,false,Rx,0,8,00,00,00,00,00,00,00,00,
6471229,000000C7,false,Rx,1,8,00,00,00,E0,07,00,00,00,
6471689,00000487,false,Rx,1,8,00,00,00,00,00,00,00,00,
6472183,00000642,false,Rx,1,8,FF,FF,FF,FF,FF,FF,00,00,
6474453,0000010B,false,Rx,0,8,20,10,1B,00,00,00,00,00,
6474576,0000010C,false,Rx,0,8,E5,01,00,00,43,48,44,44,
6475585,0000010D,false,Rx,0,8,84,02,00,00,00,00,00,35,
6475884,00000419,false,Rx,0,8,04,50,53,CD,11,65,84,00,
6475988,0000010E,false,Rx,0,8,00,00,0A,00,00,00,00,00,
6476041,0000034B,false,Rx,0,8,58,41,00,31,D8,0D,05,01,
6476107,0000034C,false,Rx,0,8,00,00,00,00,00,00,00,00,
6476174,0000034D,false,Rx,0,8,00,00,00,00,00,00,00,00,
6476218,0000034E,false,Rx,0,8,00,00,00,00,00,00,00,00,
6476502,00000380,false,Rx,0,8,E2,43,00,00,00,00,00,01,
6477155,00000382,false,Rx,0,8,E1,B8,00,00,00,01,00,00,
6478173,00000383,false,Rx,0,8,AA,AA,00,00,00,0C,00,00,
6478801,000002AB,false,Rx,0,8,6C,47,03,0C,0C,00,00,00,
6479051,00000384,false,Rx,0,8,26,8F,00,00,00,00,00,01,
6479296,000002AC,false,Rx,0,8,00,FF,FF,00,00,40,00,50,
6479602,000002AD,false,Rx,0,8,00,01,00,40,FF,FF,FF,0F,
6479858,000002AE,false,Rx,0,8,00,00,FF,3F,00,01,00,00,
6480236,000003B0,false,Rx,0,8,72,37,FF,C7,00,00,03,C0,
6480554,0000011B,false,Rx,0,8,88,5B,20,05,80,08,A8,02,
6480669,0000012B,false,Rx,0,8,CF,A1,20,06,00,00,08,00,
6480948,0000011C,false,Rx,0,8,00,05,20,00,22,00,01,01,
6481278,00000121,false,Rx,0,8,C8,66,1C,00,00,00,00,00,
6481595,000001FB,false,Rx,0,8,22,C8,03,00,00,00,00,00,
6481699,00000122,false,Rx,0,8,E7,01,00,00,44,44,44,44,
6481881,000001FC,false,Rx,0,8,00,00,00,00,00,00,00,00,
6482077,00000123,false,Rx,0,8,85,02,00,00,00,00,00,35,
6482328,000001FD,false,Rx,0,8,00,1A,03,00,00,00,00,00,
6482678,00000124,false,Rx,0,8,00,00,0A,00,00,00,00,00,
6482784,000001FE,false,Rx,0,8,00,00,00,00,00,00,00,00,
6483313,0000012C,false,Rx,0,8,00,00,01,00,00,64,00,00,
6483740,00000061,false,Rx,0,8,60,B5,0B,00,00,05,00,00,
6483802,00000161,false,Rx,0,8,24,F4,10,03,00,00,00,02,
6483854,00000062,false,Rx,0,8,02,02,00,01,40,FF,00,FF,
6484022,00000162,false,Rx,0,8,FF,FC,01,00,00,00,00,00,
6484275,00000063,false,Rx,0,8,C8,00,15,00,00,08,FF,00,
6484690,000002B6,false,Rx,0,8,BD,F8,03,00,01,00,00,40,
6485018,00000064,false,Rx,0,8,04,00,00,04,FF,FA,00,00,
6485282,000002B7,false,Rx,0,8,00,00,D8,01,00,04,00,00,
6485366,000003B1,false,Rx,0,8,9B,3C,FF,40,00,00,20,00,
6485681,000002B8,false,Rx,0,8,00,00,00,00,00,00,00,00,
6485938,000003B2,false,Rx,0,8,36,15,FF,02,29,2F,34,00,
6486013,000002B9,false,Rx,0,8,0A,00,00,00,00,00,00,00,
6486364,00000427,false,Rx,0,8,1D,86,FF,00,80,0A,00,00,
6486749,000002C1,false,Rx,0,8,9F,23,02,00,00,41,00,A1,
6486821,0000042A,false,Rx,0,8,BB,4A,00,01,00,10,00,00,
6486964,000002C2,false,Rx,0,8,40,00,00,00,00,00,00,00,
6487388,000002C3,false,Rx,0,8,00,00,00,00,00,00,00,00,
6487804,000002C4,false,Rx,0,8,00,00,00,00,00,00,00,00,
6488088,000002E1,false,Rx,0,8,E7,03,03,00,00,00,00,00,
6488172,000002E2,false,Rx,0,8,00,00,00,00,00,7E,00,04,
6488350,000002E3,false,Rx,0,8,00,00,00,00,00,00,72,01,
6488497,000002E4,false,Rx,0,8,02,00,00,00,00,00,00,00,
6490512,000001A1,false,Rx,0,8,26,9E,10,FE,F7,7F,64,00,
6491091,000001A2,false,Rx,0,8,00,00,00,00,00,08,00,00,
6491151,000001A3,false,Rx,0,8,FF,F3,3F,00,00,00,00,00,
6491399,000001A4,false,Rx,0,8,FE,07,00,00,00,00,00,00,
6499117,00000419,false,Rx,0,8,4E,60,53,CD,19,65,84,00,
6503752,000002BF,false,Rx,0,8,FF,FF,FF,00,00,00,00,00,
6503845,0000047F,false,Rx,0,8,FF,FF,FF,FF,FF,FF,FF,FF,
6504005,00000653,false,Rx,0,8,0A,19,03,01,02,2A,00,00,
6507305,000001AB,false,Rx,0,8,BB,0B,19,40,70,90,00,00,
6507408,000001AC,false,Rx,0,8,00,28,00,00,00,00,00,00,
6507674,00000474,false,Rx,0,8,53,98,00,00,00,00,00,10,
6511483,000001E1,false,Rx,0,8,C8,21,07,02,00,00,00,00,
6511569,000001E2,false,Rx,0,8,00,00,00,00,00,00,00,00,
6513802,000000C7,false,Rx,1,8,00,00,00,E0,07,00,00,00,
6514182,000000A1,false,Rx,0,8,79,F5,0E,8A,D4,EC,A2,00,
6514328,000004A3,false,Rx,1,8,80,00,48,0B,3E,00,00,00,
6514635,000000A2,false,Rx,0,8,00,00,00,00,00,00,00,00,
6514775,000004A4,false,Rx,1,8,FF,FF,FF,00,00,00,00,00,
6515050,000000A3,false,Rx,0,8,00,40,01,00,00,00,00,00,
6516052,00000380,false,Rx,0,8,E2,43,00,00,00,00,00,01,
6516987,00000382,false,Rx,0,8,E1,B8,00,00,00,01,00,00,
6517785,00000036,false,Rx,0,8,45,17,1F,05,10,00,24,05,
6517954,00000383,false,Rx,0,8,AA,AA,00,00,00,0C,00,00,
6518242,00000037,false,Rx,0,8,00,00,00,10,00,40,00,00,
6518803,0000019B,false,Rx,0,8,7C,55,F0,00,00,E4,00,00,
6518932,00000563,false,Rx,1,8,65,02,00,00,00,00,FF,FF,
6519041,00000038,false,Rx,0,8,02,05,00,00,B0,39,11,00,
6519094,0000019C,false,Rx,0,8,40,20,00,00,00,00,0B,09,
6519214,00000039,false,Rx,0,8,00,00,00,00,00,00,00,00,
6519608,0000019D,false,Rx,0,8,00,10,00,06,00,00,00,00,
6519947,00000384,false,Rx,0,8,26,8F,00,00,00,00,00,01,
6520436,0000019E,false,Rx,0,8,15,23,00,00,00,32,00,00,
6524319,0000010B,false,Rx,0,8,3A,E6,20,00,00,00,00,00,
6524410,0000010C,false,Rx,0,8,F0,01,00,00,43,48,44,44,
6524913,0000010D,false,Rx,0,8,85,02,00,00,00,00,00,35,
6524982,0000010E,false,Rx,0,8,00,00,0A,00,00,00,00,00,
6526136,0000042A,false,Rx,0,8,BB,4A,00,01,00,10,00,00,
6530625,0000011B,false,Rx,0,8,7E,73,25,05,80,08,A8,02,
6530720,00000121,false,Rx,0,8,22,55,21,00,00,00,00,01,
6531100,0000011C,false,Rx,0,8,00,05,20,00,22,00,01,01,
6531167,00000122,false,Rx,0,8,F1,01,00,00,44,44,44,44,
6531508,00000123,false,Rx,0,8,9D,02,00,00,00,00,00,35,
6531675,00000124,false,Rx,0,8,00,00,0A,00,00,00,00,00,
6531910,0000012B,false,Rx,0,8,39,89,25,06,00,00,08,00,
6532139,0000012C,false,Rx,0,8,00,00,01,00,00,64,00,00,
6533240,00000061,false,Rx,0,8,1D,70,10,00,00,05,00,00,
6533524,00000062,false,Rx,0,8,02,02,00,01,40,FF,00,FF,
6533670,00000063,false,Rx,0,8,C8,00,15,00,00,08,FF,00,
6533978,00000151,false,Rx,0,8,0B,2F,03,A0,C8,00,28,15,
6534167,00000064,false,Rx,0,8,04,00,00,04,FF,FA,00,00,
6534383,00000152,false,Rx,0,8,12,14,14,00,00,00,00,00,
6534665,000001F6,false,Rx,0,8,58,09,03,00,00,00,00,0C,
6534896,00000153,false,Rx,0,8,00,00,00,00,00,00,00,00,
6535138,000001F7,false,Rx,0,8,00,00,00,00,00,00,00,00,
6535383,00000154,false,Rx,0,8,00,00,00,00,00,00,00,00,
6535651,000001F8,false,Rx,0,8,00,00,00,00,00,00,00,00,
6536022,000002FB,false,Rx,0,8,13,04,03,00,8F,14,C3,C3,
6536126,000001F9,false,Rx,0,8,00,00,A0,C8,14,00,00,00,
6536376,000002FC,false,Rx,0,8,00,00,12,15,00,00,7B,96,
6536589,00000236,false,Rx,0,8,82,4C,03,10,30,63,34,6C,
6536845,000002FD,false,Rx,0,8,00,00,00,00,00,1C,10,EA,
6537393,00000237,false,Rx,0,8,00,04,94,00,00,5D,1D,00,
6537743,000002FE,false,Rx,0,8,00,00,72,01,00,28,00,00,
6537892,00000238,false,Rx,0,8,00,00,8F,00,00,00,00,00,
6537938,00000326,false,Rx,0,8,B1,3B,03,00,10,00,00,00,
6538056,00000239,false,Rx,0,8,00,00,00,00,01,00,00,00,
6538303,00000327,false,Rx,0,8,00,00,00,00,05,00,00,00,
6538537,0000025B,false,Rx,0,8,80,5C,03,40,40,20,00,00,
6538800,00000328,false,Rx,0,8,00,00,00,00,00,00,00,00,
6539035,0000025C,false,Rx,0,8,00,00,00,00,FF,FF,14,00,
6539389,00000329,false,Rx,0,8,A0,00,00,00,00,00,00,00,
6539543,0000025D,false,Rx,0,8,00,C8,00,00,00,80,C0,70,
6539799,00000331,false,Rx,0,8,40,3F,03,F1,C8,A0,2C,97,
6540019,0000025E,false,Rx,0,8,3D,07,0E,06,00,00,00,00,
6540260,00000332,false,Rx,0,8,00,00,00,00,00,00,00,00,
6540494,00000419,false,Rx,0,8,5A,70,8E,CD,19,65,84,00,
6540730,00000333,false,Rx,0,8,00,00,00,1C,0C,40,20,A0,
6540984,00000475,false,Rx,0,8,12,00,00,00,00,00,00,00,
6541221,00000334,false,Rx,0,8,C8,00,00,00,00,00,00,00,
6541481,00000496,false,Rx,0,8,12,00,00,00,00,00,00,00,
6547009,0000033B,false,Rx,0,8,7E,41,4C,00,00,00,00,00,
6547218,0000033C,false,Rx,0,8,00,00,00,00,F0,00,00,00,
6547458,00000474,false,Rx,0,8,53,98,00,00,00,00,00,10,
6547698,0000033D,false,Rx,0,8,00,00,00,00,00,00,00,00,
6547928,00000356,false,Rx,0,8,1C,3D,A6,00,00,00,00,00,
6548223,0000033E,false,Rx,0,8,00,00,00,00,00,00,00,00,
6548431,00000357,false,Rx,0,8,00,00,00,00,00,4B,4D,48,
6548662,00000358,false,Rx,0,8,35,41,45,4D,52,37,33,4F,
6548959,00000359,false,Rx,0,8,51,4F,34,52,4A,35,33,00,
6551314,00000146,false,Rx,0,8,8B,10,04,10,04,01,00,00,
6551403,00000147,false,Rx,0,8,00,04,7D,00,40,00,00,00,
6551693,00000148,false,Rx,0,8,00,00,42,00,00,77,40,05,
6551908,00000149,false,Rx,0,8,00,38,00,00,00,00,00,00,
6552162,000001B1,false,Rx,0,8,6A,68,04,00,72,00,00,00,
6552604,000001B2,false,Rx,0,8,23,00,04,0E,8A,01,50,0F,
6553420,000001B3,false,Rx,0,8,8B,2B,00,00,50,50,50,50,
6553561,000001B4,false,Rx,0,8,50,50,17,00,00,41,00,00,
6554130,0000036F,false,Rx,0,8,99,51,01,00,00,00,00,00,
6554408,0000037F,false,Rx,0,8,93,40,52,24,41,02,00,00,
6556107,00000380,false,Rx,0,8,E2,43,00,00,00,00,00,01,
6557336,00000382,false,Rx,0,8,E1,B8,00,00,00,01,00,00,
6558669,00000383,false,Rx,0,8,AA,AA,00,00,00,0C,00,00,
6558757,00000111,false,Rx,0,8,A8,16,F5,01,00,00,00,00,
6558799,00000112,false,Rx,0,8,00,00,00,00,00,00,00,00,
6558852,00000113,false,Rx,0,8,00,00,00,00,00,00,00,00,
6558962,00000114,false,Rx,0,8,00,00,00,00,00,00,00,00,
6559395,00000384,false,Rx,0,8,26,8F,00,00,00,00,00,01,
6562494,00000401,false,Rx,0,8,99,20,10,00,00,01,00,00,
6564009,000000A1,false,Rx,0,8,1C,F6,13,8A,D4,EC,A2,00,
6564328,000000A2,false,Rx,0,8,00,00,00,00,00,00,00,00,
6564395,000000A3,false,Rx,0,8,00,40,01,00,00,00,00,00,
6566121,0000042A,false,Rx,0,8,BB,4A,00,01,00,10,00,00,
6567995,00000036,false,Rx,0,8,1A,DA,24,05,10,00,24,05,
6568095,00000037,false,Rx,0,8,00,00,00,10,00,40,00,00,
6568398,00000038,false,Rx,0,8,02,05,00,00,20,39,11,00,
6568549,00000039,false,Rx,0,8,00,00,00,00,00,00,00,00,
6568775,0000019B,false,Rx,0,8,03,79,F5,00,00,E4,00,00,
6569034,0000019C,false,Rx,0,8,40,20,00,00,00,00,0B,09,
6569277,0000019D,false,Rx,0,8,00,10,00,06,00,00,00,00,
6569536,0000019E,false,Rx,0,8,15,23,00,00,00,32,00,00,
6570021,00000091,false,Rx,0,8,F6,DE,01,00,00,00,00,00,
6570335,00000092,false,Rx,0,8,00,00,00,00,00,00,00,00,
6570601,00000093,false,Rx,0,8,00,00,00,00,00,00,00,00,
6570878,00000094,false,Rx,0,8,00,00,00,00,00,00,00,00,
6571477,000001E6,false,Rx,0,8,6B,E7,03,C2,03,64,64,00,
6571832,000001E7,false,Rx,0,8,00,00,22,03,00,01,00,00,
6572031,000001BB,false,Rx,0,8,B9,E6,03,C2,03,64,64,0A,
6572291,000001BC,false,Rx,0,8,32,00,00,00,02,00,00,00,
6572575,000001BD,false,Rx,0,8,00,00,00,00,00,00,00,00,
6574214,000002D6,false,Rx,0,8,2F,ED,01,00,00,00,00,00,
6574305,0000010B,false,Rx,0,8,D0,08,25,00,00,00,00,01,
6574628,000002D7,false,Rx,0,8,00,00,00,00,03,00,00,00,
6574753,0000010C,false,Rx,0,8,F6,01,00,00,43,48,44,44,
6574987,000002D8,false,Rx,0,8,00,00,00,00,00,00,38,44,
6575331,0000010D,false,Rx,0,8,E0,02,00,00,00,00,00,35,
6575472,000002D9,false,Rx,0,8,00,00,00,00,00,00,00,00,
6575952,0000010E,false,Rx,0,8,00,00,0A,00,00,00,00,00,
6576025,000002EB,false,Rx,0,8,49,29,01,09,00,E1,01,00,
6576224,00000405,false,Rx,0,8,BD,30,00,00,00,01,00,00,
6576843,000002EC,false,Rx,0,8,4A,00,00,00,00,00,00,00,
6576945,00000251,false,Rx,0,8,F3,09,03,00,00,00,00,00,
6576996,000002ED,false,Rx,0,8,00,00,00,00,00,00,00,00,
6577271,00000252,false,Rx,0,8,00,00,00,00,03,00,00,00,
6577437,000002EE,false,Rx,0,8,00,00,00,00,00,00,00,00,
6577676,00000253,false,Rx,0,8,00,00,00,00,00,00,80,46,
6577910,00000396,false,Rx,0,8,DF,15,01,0F,00,BF,01,00,
6578175,00000410,false,Rx,0,8,A3,90,53,3C,B4,6A,FF,FF,
6578571,00000397,false,Rx,0,8,0C,00,00,00,00,00,00,00,
6578625,00000411,false,Rx,0,8,BD,71,50,50,00,00,44,05,
6578890,00000398,false,Rx,0,8,00,00,00,00,00,00,00,00,
6579265,00000412,false,Rx,0,8,F1,00,00,00,00,00,04,00,
6579488,00000413,false,Rx,0,8,F5,10,00,41,00,00,00,00,
6579645,00000414,false,Rx,0,8,87,A0,00,00,28,00,00,00,
6579990,00000416,false,Rx,0,8,55,00,00,00,00,00,00,00,
6580328,00000417,false,Rx,0,8,57,50,00,00,00,00,00,00,
6580877,0000011B,false,Rx,0,8,64,0A,2A,05,80,08,A8,02,
6581318,00000161,false,Rx,0,8,D2,DC,15,03,00,00,00,02,
6581587,0000011C,false,Rx,0,8,00,05,20,00,22,00,01,01,
6581679,00000121,false,Rx,0,8,15,EF,26,00,00,00,00,01,
6581975,00000418,false,Rx,0,8,18,00,00,00,14,4C,00,00,
6582330,00000122,false,Rx,0,8,F7,01,00,00,44,44,44,44,
6582971,00000419,false,Rx,0,8,5A,70,8E,CD,19,65,84,00,
6583050,00000123,false,Rx,0,8,E4,02,00,00,00,00,00,35,
6583253,00000124,false,Rx,0,8,00,00,0A,00,00,00,00,00,
6584533,0000012B,false,Rx,0,8,23,F0,2A,06,00,00,08,00,
6584935,0000012C,false,Rx,0,8,00,00,01,00,00,64,00,00,
6584983,00000061,false,Rx,0,8,62,5C,15,00,00,05,00,00,
6585026,00000162,false,Rx,0,8,FF,FC,01,00,00,00,00,00,
6585575,000000C5,false,Rx,1,8,00,00,00,00,00,00,00,00,
6586737,00000062,false,Rx,0,8,02,02,00,01,40,FF,00,FF,
6587590,00000063,false,Rx,0,8,C8,00,15,00,00,08,FF,00,
6587716,00000244,false,Rx,1,8,00,00,00,00,00,00,00,00,
6587777,00000064,false,Rx,0,8,04,00,00,04,FF,FA,00,00,
6587829,0000041F,false,Rx,1,8,00,0C,00,00,00,00,00,00,
6587881,000002E6,false,Rx,0,8,4C,48,03,01,00,00,00,15,
6587960,000002E7,false,Rx,0,8,0A,00,00,00,00,00,00,00,
6588021,000004B4,false,Rx,1,8,01,00,0D,40,10,60,44,02,
6588069,00000256,false,Rx,0,8,66,0F,03,05,01,00,00,00,
6588113,000002E8,false,Rx,0,8,00,00,00,00,00,00,00,00,
6588189,000004B5,false,Rx,1,8,08,00,F0,07,00,00,00,00,
6588250,00000257,false,Rx,0,8,00,7C,00,00,83,04,81,79,
6588300,000004B7,false,Rx,1,8,08,00,F0,07,00,00,00,00,
6588343,000002E9,false,Rx,0,8,00,00,00,00,00,00,00,00,
6588389,00000258,false,Rx,0,8,00,EB,18,00,10,15,00,28,
6588473,000004CA,false,Rx,1,8,00,00,00,00,00,00,00,00,
6588542,000003B6,false,Rx,0,8,5D,EC,01,00,00,00,00,44,
6588586,00000259,false,Rx,0,8,EC,03,11,3C,EC,01,00,00,
6588632,000004CC,false,Rx,1,8,08,00,00,2A,00,00,03,00,
6588717,000003B7,false,Rx,0,8,43,00,00,00,00,00,00,00,
6588774,000003B8,false,Rx,0,8,81,02,00,00,00,00,69,0E,
6588823,000004CE,false,Rx,1,8,14,01,FF,FF,FF,FF,FF,FF,
6588880,000003B9,false,Rx,0,8,00,00,00,00,00,00,00,00,
6589428,000004D7,false,Rx,1,8,23,01,00,00,00,00,00,00,
6589632,000001F1,false,Rx,0,8,7E,D3,D1,01,00,00,28,00,
6589735,000004D8,false,Rx,1,8,41,10,F6,F0,40,F2,1E,CC,
6589782,000001F2,false,Rx,0,8,00,00,00,00,00,00,00,00,
6589833,000004DD,false,Rx,1,8,00,00,FE,00,04,00,00,00,
6589893,00000474,false,Rx,0,8,53,98,00,00,00,00,00,10,
6589986,000004DF,false,Rx,1,8,00,00,08,00,00,00,00,00,
6590034,000004E7,false,Rx,1,8,00,30,00,00,00,00,69,00,
6590301,000001A1,false,Rx,0,8,59,B2,15,FE,F7,7F,64,00,
6590383,000004E8,false,Rx,1,8,FF,FF,FF,29,FF,FF,FF,00,
6590779,000001A2,false,Rx,0,8,00,00,00,00,00,08,00,00,
6590890,000004E9,false,Rx,1,8,00,00,00,00,00,00,00,00,
6591267,000001A3,false,Rx,0,8,FF,F3,3F,00,00,00,00,00,
6591381,000004EA,false,Rx,1,8,00,00,00,00,00,00,00,00,
6591756,000001A4,false,Rx,0,8,FE,07,00,00,00,00,00,00,
6591856,000004EB,false,Rx,1,8,04,68,2B,0B,00,00,00,00,
6592889,000004EC,false,Rx,1,8,FF,FF,FF,FF,FF,FF,FF,0F,
6593567,000004ED,false,Rx,1,8,FF,FF,FF,FF,FF,FF,FF,1F,
6593620,000004EE,false,Rx,1,8,FF,FF,00,00,00,00,00,00,
6593837,000004EF,false,Rx,1,8,60,00,60,00,29,14,00,00,
6595541,0000063D,false,Rx,1,8,00,80,00,00,00,00,00,00,
6595821,0000063E,false,Rx,1,8,FF,FF,FF,FF,FF,FF,FF,FF,
6595955,0000063F,false,Rx,1,8,00,10,00,C4,FF,00,00,00,
6596021,000003AA,false,Rx,0,8,FF,00,D0,00,54,00,00,00,
6596118,00000640,false,Rx,1,8,FF,FF,FF,00,FF,FF,FF,00,
6596289,00000641,false,Rx,1,8,FF,FF,FF,FF,0F,FF,FF,FF,
6596962,00000646,false,Rx,1,8,00,00,00,80,01,00,00,00,
6602507,0000030B,false,Rx,0,8,44,8B,4C,00,04,00,00,00,
6602606,0000030C,false,Rx,0,8,00,00,0C,23,2C,00,A0,0F,
6602897,0000030D,false,Rx,0,8,00,00,00,00,42,00,00,00,
6603314,0000030E,false,Rx,0,8,00,00,28,05,21,00,00,04,
6604013,00000495,false,Rx,0,8,49,00,00,00,00,00,00,00,
6604370,00000419,false,Rx,0,8,4E,80,8E,CD,25,65,84,00,
6607395,000001AB,false,Rx,0,8,24,63,1E,40,70,90,00,00,
6607487,000001AC,false,Rx,0,8,00,28,00,00,00,00,00,00,
6613087,00000448,false,Rx,0,8,7F,00,00,00,00,00,00,00,
6613730,000000A1,false,Rx,0,8,20,07,18,8A,D4,EC,A2,00,
6613906,000000A2,false,Rx,0,8,00,00,00,00,00,00,00,00,
6614132,000000A3,false,Rx,0,8,00,40,01,00,00,00,00,00,
6615227,00000565,false,Rx,0,8,66,02,00,00,00,00,FF,FF,
6618087,00000036,false,Rx,0,8,17,1C,29,05,10,00,24,05,
6618575,00000037,false,Rx,0,8,00,00,00,10,00,40,00,00,
6618736,00000038,false,Rx,0,8,02,05,00,00,20,39,11,00,
6618819,0000019B,false,Rx,0,8,82,0D,FA,00,00,E4,00,00,
6618878,00000039,false,Rx,0,8,00,00,00,00,00,00,00,00,
6618946,0000019C,false,Rx,0,8,40,20,00,00,00,00,0B,09,
6619607,0000019D,false,Rx,0,8,00,10,00,06,00,00,00,00,
6619677,0000019E,false,Rx,0,8,15,23,00,00,00,32,00,00,
6624371,0000010B,false,Rx,0,8,F2,DF,2A,00,00,00,00,01,
6624478,0000010C,false,Rx,0,8,FA,01,00,00,43,48,44,44,
6624613,0000010D,false,Rx,0,8,EC,02,00,00,00,00,00,35,
6624865,0000010E,false,Rx,0,8,00,00,0A,00,00,00,00,00,
6628087,00000226,false,Rx,0,8,F0,77,3B,FF,00,20,09,42,
6628179,00000316,false,Rx,0,8,06,E9,1F,04,00,80,0A,00,
6628284,00000227,false,Rx,0,8,02,C4,07,09,00,F1,FF,07,
6628621,00000317,false,Rx,0,8,00,00,05,00,00,00,00,00,
6629383,000003CB,false,Rx,0,8,36,14,00,F4,00,00,00,00,
6629516,00000472,false,Rx,0,8,5C,EC,00,40,08,41,00,45,
6629757,000003CC,false,Rx,0,8,36,31,34,30,33,34,31,00,
6629998,00000473,false,Rx,0,8,5F,24,00,25,00,00,00,78,
6630250,00000474,false,Rx,0,8,53,98,00,00,00,00,00,10,
6630503,0000012B,false,Rx,0,8,D5,D8,2F,06,00,00,08,00,
6630718,0000011B,false,Rx,0,8,92,22,2F,05,80,08,A8,02,
6630964,00000121,false,Rx,0,8,2D,8A,2B,00,00,00,00,01,
6631206,0000011C,false,Rx,0,8,00,05,20,00,22,00,01,01,
6631451,00000122,false,Rx,0,8,FB,01,00,00,44,44,44,44,
6631713,00000123,false,Rx,0,8,ED,02,00,00,00,00,00,35,
6632398,00000124,false,Rx,0,8,00,00,0A,00,00,00,00,00,
6632742,0000012C,false,Rx,0,8,00,00,01,00,00,64,00,00,
6633274,000002FF,false,Rx,0,8,83,B9,00,F0,3F,00,00,00,
6633331,00000061,false,Rx,0,8,E3,28,1A,00,00,05,00,00,
6633388,00000062,false,Rx,0,8,02,02,00,01,40,FF,00,FF,
6633803,00000063,false,Rx,0,8,C8,00,15,00,00,08,FF,00,
6634135,00000064,false,Rx,0,8,04,00,00,04,FF,FA,00,00,
6635340,00000419,false,Rx,0,8,FA,90,D3,CD,25,65,84,00,
6639910,000003A1,false,Rx,0,8,69,08,44,00,FF,FF,FF,FF,
6640006,000003A2,false,Rx,0,8,00,00,00,00,00,00,00,00,
6651348,00000146,false,Rx,0,8,CD,C9,09,10,04,01,00,00,
6651436,00000147,false,Rx,0,8,00,04,7D,00,40,00,00,00,
6651673,00000148,false,Rx,0,8,00,00,00,00,00,7B,40,05,
6651923,00000149,false,Rx,0,8,00,00,00,00,00,00,00,00,
6652158,000001B1,false,Rx,0,8,A8,CA,09,00,72,00,00,00,
6652412,000001B2,false,Rx,0,8,23,00,04,0E,8A,01,50,0F,
6652652,000001B3,false,Rx,0,8,8A,2B,00,00,64,7F,71,7B,
6652907,000001B4,false,Rx,0,8,68,78,17,00,00,40,00,00,
6653175,000000FF,false,Rx,0,8,CB,10,00,00,00,00,02,00,
6653777,00000394,false,Rx,0,8,2A,22,1A,49,00,00,00,00,
6654010,000003C3,false,Rx,0,8,45,10,31,30,36,00,00,00,
6654254,0000036F,false,Rx,0,8,4F,61,01,00,00,00,00,00,
6654493,000003E0,false,Rx,0,8,9F,D0,01,00,10,04,00,00,
6654733,0000037F,false,Rx,0,8,2A,50,52,24,41,02,00,00,
6655480,000003E5,false,Rx,0,8,27,60,01,00,00,00,00,00,
6655779,000003E6,false,Rx,0,8,A1,40,00,00,00,00,00,00,
6656017,0000041A,false,Rx,0,8,4B,60,12,00,50,00,00,00,
6656295,0000041B,false,Rx,0,8,BE,70,00,00,00,00,00,00,
6656541,0000041C,false,Rx,0,8,84,D0,E8,00,00,00,00,00,
6656794,00000422,false,Rx,0,8,FA,20,01,00,00,00,04,00,
6657195,00000432,false,Rx,0,8,03,20,02,00,00,00,00,00,
6658277,00000435,false,Rx,0,8,CA,10,00,50,00,00,00,FF,
6658744,00000442,false,Rx,0,8,CE,20,11,81,00,00,00,00,
6659283,00000444,false,Rx,0,8,A2,40,30,4F,05,05,00,00,
6659495,00000445,false,Rx,0,8,C6,C0,00,00,00,00,00,18,
6659969,00000464,false,Rx,0,8,6C,30,F0,FF,38,7F,05,00,
6661020,000001E1,false,Rx,0,8,BB,18,0A,02,00,00,00,00,
6661229,000001E2,false,Rx,0,8,00,00,00,00,00,00,00,00,
6663593,000000A1,false,Rx,0,8,2F,EC,1D,8A,D4,EC,A2,00,
6663798,000000A2,false,Rx,0,8,00,00,00,00,00,00,00,00,
6664056,000000A3,false,Rx,0,8,00,40,01,00,00,00,00,00,
6667774,00000036,false,Rx,0,8,E4,82,2E,05,10,00,24,05,
6667971,00000037,false,Rx,0,8,00,00,00,10,00,40,00,00,
6668255,00000038,false,Rx,0,8,02,05,00,00,20,39,11,00,
6668518,00000039,false,Rx,0,8,00,00,00,00,00,00,00,00,
6668753,0000019B,false,Rx,0,8,FD,21,FF,00,00,E4,00,00,
6669009,0000019C,false,Rx,0,8,40,20,00,00,00,00,0B,09,
6669257,0000019D,false,Rx,0,8,00,10,00,06,00,00,00,00,
6669526,0000019E,false,Rx,0,8,15,23,00,00,00,32,00,00,
6670026,00000091,false,Rx,0,8,3C,35,02,00,00,00,00,00,
6670340,00000092,false,Rx,0,8,00,00,00,00,00,00,00,00,
6670629,00000093,false,Rx,0,8,00,00,00,00,00,00,00,00,
6670911,00000094,false,Rx,0,8,00,00,00,00,00,00,00,00,
6674143,0000010B,false,Rx,0,8,99,DA,2F,00,00,00,00,01,
6674331,0000010C,false,Rx,0,8,FC,01,00,00,43,48,44,44,
6674559,00000419,false,Rx,0,8,FA,90,D3,CD,25,65,84,00,
6674875,00000487,false,Rx,1,8,00,00,00,00,00,00,00,00,
6674938,0000010D,false,Rx,0,8,ED,02,00,00,00,00,00,35,
6675064,0000010E,false,Rx,0,8,00,00,0A,00,00,00,00,00,
6675289,00000642,false,Rx,1,8,FF,FF,FF,FF,FF,FF,00,00,
6678895,000002AB,false,Rx,0,8,D9,80,05,0C,0C,00,00,00,
6679126,000002AC,false,Rx,0,8,00,FF,FF,00,00,40,00,50,
6679393,000002AD,false,Rx,0,8,00,01,00,40,FF,FF,FF,0F,
6679651,000002AE,false,Rx,0,8,00,00,FF,3F,00,01,00,00,
6679902,000002B6,false,Rx,0,8,08,3F,05,00,01,00,00,40,
6680144,000003B0,false,Rx,0,8,72,37,FF,C7,00,00,03,C0,
6680382,0000011B,false,Rx,0,8,50,F8,34,05,80,08,A8,02,
6680628,00000161,false,Rx,0,8,C8,A5,1A,03,00,00,00,02,
6680871,0000011C,false,Rx,0,8,00,05,20,00,22,00,01,01,
6681145,00000121,false,Rx,0,8,36,66,30,00,00,00,00,01,
6681358,000001FB,false,Rx,0,8,97,0F,05,00,00,00,00,00,
6681590,00000122,false,Rx,0,8,FD,01,00,00,44,44,44,44,
6681833,000001FC,false,Rx,0,8,00,00,00,00,00,00,00,00,
6682124,00000123,false,Rx,0,8,EF,02,00,00,00,00,00,35,
6682324,000001FD,false,Rx,0,8,00,1A,03,00,00,00,00,00,
6682569,00000124,false,Rx,0,8,00,00,0A,00,00,00,00,00,
6682820,000001FE,false,Rx,0,8,00,00,00,00,00,00,00,00,
6683111,0000012B,false,Rx,0,8,17,02,34,06,00,00,08,00,
6683310,00000061,false,Rx,0,8,26,05,1F,00,00,05,00,00,
6683555,0000012C,false,Rx,0,8,00,00,01,00,00,64,00,00,
6683798,00000062,false,Rx,0,8,02,02,00,01,40,FF,00,FF,
6684279,00000162,false,Rx,0,8,FF,FC,01,00,00,00,00,00,
6684343,00000063,false,Rx,0,8,C7,00,15,00,00,08,FF,00,
6684566,000002B7,false,Rx,0,8,00,00,D8,01,00,04,00,00,
6684896,00000064,false,Rx,0,8,04,00,00,04,FF,FA,00,00,
6685374,000002B8,false,Rx,0,8,00,00,00,00,00,00,00,00,
6685427,000003B1,false,Rx,0,8,9B,3C,FF,40,00,00,20,00,
6685522,000002B9,false,Rx,0,8,0A,00,00,00,00,00,00,00,
6686059,000003B2,false,Rx,0,8,36,15,FF,02,29,2F,34,00,
6686209,000002C1,false,Rx,0,8,D9,7A,03,00,00,41,00,A1,
6686260,00000427,false,Rx,0,8,1D,86,FF,00,80,0A,00,00,
6686633,000002C2,false,Rx,0,8,40,00,00,00,00,00,00,00,
6686969,000002C3,false,Rx,0,8,00,00,00,00,00,00,00,00,
6687436,000002C4,false,Rx,0,8,00,00,00,00,00,00,00,00,
6687508,000002E1,false,Rx,0,8,52,C4,05,00,00,00,00,00,
6687556,000002E2,false,Rx,0,8,00,00,00,00,00,7E,00,04,
6688139,000002E3,false,Rx,0,8,00,00,00,00,00,00,72,01,
6688206,000002E4,false,Rx,0,8,02,00,00,00,00,00,00,00,
6690463,000001A1,false,Rx,0,8,D8,C6,1A,FE,F7,7F,64,00,
6690553,000001A2,false,Rx,0,8,00,00,00,00,00,08,00,00,
6690900,000001A3,false,Rx,0,8,FF,F3,3F,00,00,00,00,00,
6691162,000001A4,false,Rx,0,8,FE,07,00,00,00,00,00,00,
6699155,00000419,false,Rx,0,8,FE,A0,D3,CD,29,65,84,00,
6703653,000002BF,false,Rx,0,8,FF,FF,FF,00,00,00,00,00,
6703758,0000047F,false,Rx,0,8,FF,FF,FF,FF,FF,FF,FF,FF,
6704128,00000653,false,Rx,0,8,0A,19,03,01,02,2A,00,00,
6707441,000001AB,false,Rx,0,8,49,3F,23,40,70,90,00,00,
6707544,000001AC,false,Rx,0,8,00,28,00,00,00,00,00,00,
6708647,00000566,false,Rx,0,8,16,02,00,00,00,00,FF,FF,
6713754,000000A1,false,Rx,0,8,EA,01,22,8A,D4,EC,A2,00,
6713845,000000A2,false,Rx,0,8,00,00,00,00,00,00,00,00,
6714237,000000A3,false,Rx,0,8,00,40,01,00,00,00,00,00,
6716150,000004A3,false,Rx,1,8,80,00,48,0B,3E,00,00,00,
6716409,000004A4,false,Rx,1,8,FF,FF,FF,00,00,00,00,00,
6717812,00000036,false,Rx,0,8,2C,80,33,05,10,00,24,05,
6717975,00000037,false,Rx,0,8,00,00,00,10,00,40,00,00,
6718268,00000038,false,Rx,0,8,02,05,00,00,20,39,11,00,
6718501,0000019B,false,Rx,0,8,B2,18,04,00,00,E4,00,00,
6718749,00000039,false,Rx,0,8,00,00,00,00,00,00,00,00,
6719000,0000019C,false,Rx,0,8,40,20,00,00,00,00,0B,09,
6719463,0000019D,false,Rx,0,8,00,10,00,06,00,00,00,00,
6719833,0000019E,false,Rx,0,8,15,23,00,00,00,32,00,00,
6721588,000001E6,false,Rx,0,8,9D,CF,06,C2,03,64,64,00,
6721678,000001BB,false,Rx,0,8,B6,0D,06,C2,03,64,64,0A,
6721903,000001BC,false,Rx,0,8,32,00,00,00,02,00,00,00,
6722357,000001BD,false,Rx,0,8,00,00,00,00,00,00,00,00,
6722412,000001E7,false,Rx,0,8,00,00,22,03,00,01,00,00,
6724184,0000010B,false,Rx,0,8,07,57,34,00,00,00,00,01,
6724360,0000010C,false,Rx,0,8,FE,01,00,00,43,48,44,44,
6724637,0000010D,false,Rx,0,8,ED,02,00,00,00,00,00,35,
6724877,0000010E,false,Rx,0,8,00,00,0A,00,00,00,00,00,
6730522,0000012B,false,Rx,0,8,64,3B,39,06,00,00,08,00,
6730659,0000011B,false,Rx,0,8,23,C1,39,05,80,08,A8,02,
6730925,00000121,false,Rx,0,8,CB,AE,35,00,00,00,00,01,
6731155,0000011C,false,Rx,0,8,00,05,20,00,22,00,01,01,
6731382,00000122,false,Rx,0,8,FE,01,00,00,44,44,44,44,
6731666,00000123,false,Rx,0,8,EF,02,00,00,00,00,00,35,
6731890,00000124,false,Rx,0,8,00,00,0A,00,00,00,00,00,
6732221,0000012C,false,Rx,0,8,00,00,01,00,00,64,00,00,
6733472,00000061,false,Rx,0,8,F0,59,24,00,00,05,00,00,
6733581,00000062,false,Rx,0,8,02,02,00,01,40,FF,00,FF,
6734186,00000063,false,Rx,0,8,C7,00,15,00,00,08,FF,00,
6734348,00000064,false,Rx,0,8,04,00,00,04,FF,FA,00,00,
6734570,00000475,false,Rx,0,8,12,00,00,00,00,00,00,00,
6734685,00000419,false,Rx,0,8,26,B0,FE,CD,29,65,84,00,
6734767,00000496,false,Rx,0,8,12,00,00,00,00,00,00,00,
6736364,00000236,false,Rx,0,8,37,8B,05,10,30,63,34,6C,
6736450,000002FB,false,Rx,0,8,15,F6,05,00,8F,14,C3,C3,
6736750,00000151,false,Rx,0,8,BE,E8,05,A0,C8,00,28,15,
6736869,00000237,false,Rx,0,8,00,04,94,00,00,5D,1D,00,
6737155,00000152,false,Rx,0,8,12,14,14,00,00,00,00,00,
6737586,000001F6,false,Rx,0,8,ED,CE,05,00,00,00,00,0C,
6737731,00000153,false,Rx,0,8,00,00,00,00,00,00,00,00,
6737921,000001F7,false,Rx,0,8,00,00,00,00,00,00,00,00,
6738331,00000154,false,Rx,0,8,00,00,00,00,00,00,00,00,
6738726,000001F1,false,Rx,0,8,88,FB,D4,01,00,00,28,00,
6738773,000001F8,false,Rx,0,8,00,00,00,00,00,00,00,00,
6738914,000001F2,false,Rx,0,8,00,00,00,00,00,00,00,00,
6739133,000001F9,false,Rx,0,8,00,00,A0,C8,14,00,00,00,
6739367,000002FC,false,Rx,0,8,00,00,12,15,00,00,7A,96,
6739742,00000238,false,Rx,0,8,00,00,8F,00,00,00,00,00,
6739856,000002FD,false,Rx,0,8,00,00,00,00,00,1C,10,EA,
6740322,00000239,false,Rx,0,8,00,00,00,00,01,00,00,00,
6740846,000002FE,false,Rx,0,8,00,00,72,01,00,28,00,00,
6740938,0000025B,false,Rx,0,8,3D,8F,05,40,40,20,00,00,
6740982,00000326,false,Rx,0,8,04,FC,05,00,10,00,00,00,
6742046,0000025C,false,Rx,0,8,00,00,00,00,FF,FF,14,00,
6742563,00000327,false,Rx,0,8,00,00,00,00,05,00,00,00,
6742659,0000025D,false,Rx,0,8,00,C8,00,00,00,80,C0,70,
6742704,00000328,false,Rx,0,8,00,00,00,00,00,00,00,00,
6742786,0000025E,false,Rx,0,8,51,07,0E,07,00,00,00,00,
6742868,00000329,false,Rx,0,8,A0,00,00,00,00,00,00,00,
6742911,00000331,false,Rx,0,8,F5,F8,05,F1,C8,A0,2C,97,
6742953,00000332,false,Rx,0,8,00,00,00,00,00,00,00,00,
6743071,00000333,false,Rx,0,8,00,00,00,1C,0C,40,20,A0,
6743461,00000334,false,Rx,0,8,C8,00,00,00,00,00,00,00,
6747077,0000033B,false,Rx,0,8,F2,F3,4E,00,00,00,00,00,
6747181,0000033C,false,Rx,0,8,00,00,00,00,F0,00,00,00,
6747508,0000033D,false,Rx,0,8,00,00,00,00,00,00,00,00,
6747729,00000356,false,Rx,0,8,5A,64,A7,00,00,00,00,00,
6747975,0000033E,false,Rx,0,8,00,00,00,00,00,00,00,00,
6748207,00000357,false,Rx,0,8,00,00,00,00,00,4B,4D,48,
6748457,00000358,false,Rx,0,8,35,41,45,4D,52,37,33,4F,
6748700,00000359,false,Rx,0,8,51,4F,34,52,4A,35,33,00,
6751455,00000146,false,Rx,0,8,3E,57,0E,10,04,01,00,00,
6751590,00000147,false,Rx,0,8,00,04,7D,00,40,00,00,00,
6751696,00000148,false,Rx,0,8,00,00,00,00,00,7B,40,05,
6751978,00000149,false,Rx,0,8,00,00,00,00,00,00,00,00,
6752619,000001B1,false,Rx,0,8,5B,54,0E,00,72,00,00,00,
6752723,000001B2,false,Rx,0,8,23,00,04,0E,8A,01,50,0F,
6752977,000001B3,false,Rx,0,8,8A,2B,00,00,64,7F,71,7B,
6753434,000001B4,false,Rx,0,8,68,78,17,00,00,40,00,00,
6754057,0000036F,false,Rx,0,8,F6,71,01,00,00,00,00,00,
6754391,0000037F,false,Rx,0,8,FC,60,52,24,41,02,00,00,
6756170,00000380,false,Rx,0,8,E2,43,00,00,00,00,00,01,
6757241,00000382,false,Rx,0,8,E1,B8,00,00,00,01,00,00,
6758199,00000383,false,Rx,0,8,AA,AA,00,00,00,0C,00,00,
6758351,00000111,false,Rx,0,8,62,FD,F6,01,00,00,00,00,
6758639,00000112,false,Rx,0,8,00,00,00,00,00,00,00,00,
6758862,00000113,false,Rx,0,8,00,00,00,00,00,00,00,00,
6759089,00000384,false,Rx,0,8,26,8F,00,00,00,00,00,01,
6759338,00000114,false,Rx,0,8,00,00,00,00,00,00,00,00,
6762605,00000401,false,Rx,0,8,99,20,10,00,00,01,00,00,
6763637,000000A1,false,Rx,0,8,E5,EA,27,8A,D4,EC,A2,00,
6763819,000000A2,false,Rx,0,8,00,00,00,00,00,00,00,00,
6764112,000000A3,false,Rx,0,8,00,40,01,00,00,00,00,00,
6766388,0000042A,false,Rx,0,8,BB,4A,00,01,00,10,00,00,
6767913,00000036,false,Rx,0,8,B8,0A,38,45,10,00,24,05,
6768002,00000037,false,Rx,0,8,00,00,00,10,00,40,00,00,
6768245,00000038,false,Rx,0,8,03,0B,00,00,20,39,11,00,
6768500,00000039,false,Rx,0,8,00,00,00,00,00,00,00,00,
6768845,0000019B,false,Rx,0,8,BF,DE,09,00,00,E4,00,00,
6769196,0000019C,false,Rx,0,8,40,20,00,00,00,00,0B,09,
6769444,0000019D,false,Rx,0,8,00,10,00,06,00,00,00,00,
6769919,0000019E,false,Rx,0,8,15,23,00,00,00,32,00,00,
6770088,00000091,false,Rx,0,8,7A,6C,03,00,00,00,00,00,
6770909,00000092,false,Rx,0,8,00,00,00,00,00,00,00,00,
6771011,00000093,false,Rx,0,8,00,00,00,00,00,00,00,00,
6771055,00000094,false,Rx,0,8,00,00,00,00,00,00,00,00,
6773056,000002D6,false,Rx,0,8,E5,06,02,00,00,00,00,00,
6773166,000002D7,false,Rx,0,8,00,00,00,00,03,00,00,00,
6773573,000002D8,false,Rx,0,8,00,00,00,00,00,00,38,44,
6773645,000002D9,false,Rx,0,8,00,00,00,00,00,00,00,00,
6774036,000002EB,false,Rx,0,8,DD,E2,02,09,04,01,00,00,
6774539,0000010B,false,Rx,0,8,0A,91,39,00,00,00,00,01,
6774640,000002EC,false,Rx,0,8,0A,00,00,00,00,00,00,00,
6774685,0000010C,false,Rx,0,8,FE,01,00,00,43,48,44,44,
6775058,000002ED,false,Rx,0,8,00,00,00,00,00,00,00,00,
6775120,0000010D,false,Rx,0,8,ED,02,00,00,00,00,00,35,
6775372,000002EE,false,Rx,0,8,00,00,00,00,00,00,00,00,
6775616,0000010E,false,Rx,0,8,00,00,0A,00,00,00,00,00,
6775867,00000405,false,Rx,0,8,BD,30,00,00,00,01,00,00,
6776092,00000413,false,Rx,0,8,F5,10,00,41,00,00,00,00,
6776356,00000410,false,Rx,0,8,A3,90,53,3C,B4,6A,FF,FF,
6776593,00000251,false,Rx,0,8,8D,31,05,00,00,00,00,00,
6776826,00000411,false,Rx,0,8,BD,71,50,50,00,00,44,05,
6777068,00000252,false,Rx,0,8,00,00,00,00,03,00,00,00,
6777305,00000396,false,Rx,0,8,E6,E7,02,0F,04,02,00,00,
6777546,00000253,false,Rx,0,8,00,00,00,52,00,00,80,46,
6777785,00000397,false,Rx,0,8,04,00,00,00,00,00,00,00,
6778036,00000412,false,Rx,0,8,F1,00,00,00,00,00,04,00,
6778334,00000398,false,Rx,0,8,00,00,00,00,00,00,00,00,
6778801,00000414,false,Rx,0,8,87,A0,00,00,28,00,00,00,
6778877,00000416,false,Rx,0,8,55,00,00,00,00,00,00,00,
6779405,00000417,false,Rx,0,8,57,50,00,00,00,00,00,00,
6779855,00000418,false,Rx,0,8,18,00,00,00,14,4C,00,00,
6779906,00000419,false,Rx,0,8,26,B0,FE,CD,29,65,84,00,
6780416,00000161,false,Rx,0,8,3E,8D,1F,03,00,00,00,02,
6780766,0000012B,false,Rx,0,8,FB,53,3E,06,00,00,08,00,
6781042,0000011B,false,Rx,0,8,BC,A9,3E,05,80,08,A8,02,
6781110,00000121,false,Rx,0,8,4A,DA,3A,00,00,00,00,01,
6781465,0000011C,false,Rx,0,8,00,05,20,00,22,00,01,01,
6781861,00000122,false,Rx,0,8,FE,01,00,00,44,44,44,44,
6781924,00000123,false,Rx,0,8,EF,02,00,00,00,00,00,35,
6782068,00000124,false,Rx,0,8,00,00,0A,00,00,00,00,00,
6782300,0000012C,false,Rx,0,8,00,00,01,00,00,64,00,00,
6782867,00000162,false,Rx,0,8,FF,FC,01,00,00,00,00,00,
6783459,00000061,false,Rx,0,8,47,9E,29,00,00,05,00,00,
6784208,00000062,false,Rx,0,8,02,02,00,01,40,FF,00,FF,
6784284,00000063,false,Rx,0,8,C8,00,15,00,00,08,FF,00,
6784327,00000064,false,Rx,0,8,04,00,00,04,FF,FA,00,00,
6784618,000002E6,false,Rx,0,8,F9,8F,05,01,00,00,00,15,
6784832,00000256,false,Rx,0,8,AB,F4,05,05,01,00,00,00,
6785086,000002E7,false,Rx,0,8,0A,00,00,00,00,00,00,00,
6785339,00000257,false,Rx,0,8,00,7C,00,00,83,04,01,79,
6785731,000002E8,false,Rx,0,8,00,00,00,00,00,00,00,00,
6785826,00000258,false,Rx,0,8,00,16,1D,00,10,15,00,28,
6786085,000002E9,false,Rx,0,8,00,00,00,00,00,00,00,00,
6786802,00000259,false,Rx,0,8,EC,03,11,3C,EC,01,00,00,
6787459,000000C5,false,Rx,1,8,00,00,00,00,00,00,00,00,
6787532,000003B6,false,Rx,0,8,89,08,02,00,00,00,00,44,
6787592,00000244,false,Rx,1,8,00,00,00,00,00,00,00,00,
6787635,000003B7,false,Rx,0,8,43,00,00,00,00,00,00,00,
6787705,000003B8,false,Rx,0,8,E8,02,00,00,00,00,69,0E,
6787762,000004B4,false,Rx,1,8,01,00,0D,40,10,60,44,02,
6787820,000003B9,false,Rx,0,8,00,00,00,00,00,00,00,00,
6787882,000004B5,false,Rx,1,8,08,00,F0,07,00,00,00,00,
6788318,000004B7,false,Rx,1,8,08,00,F0,07,00,00,00,00,
6788752,000004CA,false,Rx,1,8,00,00,00,00,00,00,00,00,
6789225,000004CC,false,Rx,1,8,08,00,00,2A,00,00,03,00,
6789732,000004CE,false,Rx,1,8,14,01,FF,FF,FF,FF,FF,FF,
6790703,000004D7,false,Rx,1,8,23,01,00,00,00,00,00,00,
6791264,000001A1,false,Rx,0,8,A7,EA,1F,FE,F7,7F,64,00,
6791693,000001A2,false,Rx,0,8,00,00,00,00,00,08,00,00,
6791796,000004D8,false,Rx,1,8,41,10,F6,F0,40,F2,1E,CC,
6791924,000001A3,false,Rx,0,8,FF,F3,3F,00,00,00,00,00,
6792218,000004DD,false,Rx,1,8,00,00,FE,00,04,00,00,00,
6792271,000001A4,false,Rx,0,8,FE,07,00,00,00,00,00,00,
6792323,000004DF,false,Rx,1,8,00,00,08,00,00,00,00,00,
6792371,000004E7,false,Rx,1,8,00,30,00,00,00,00,69,00,
6792865,000004E8,false,Rx,1,8,FF,FF,FF,29,FF,FF,FF,00,
6793407,000004E9,false,Rx,1,8,00,00,00,00,00,00,00,00,
6793620,000004EA,false,Rx,1,8,00,00,00,00,00,00,00,00,
6794123,000004EB,false,Rx,1,8,04,68,2B,0B,00,00,00,00,
6794578,000004EC,false,Rx,1,8,FF,FF,FF,FF,FF,FF,FF,0F,
6795077,000004ED,false,Rx,1,8,FF,FF,FF,FF,FF,FF,FF,1F,
6795590,000004EE,false,Rx,1,8,FF,FF,00,00,00,00,00,00,
6795672,000003AA,false,Rx,0,8,FF,00,D0,00,54,00,00,00,
6796069,000004EF,false,Rx,1,8,60,00,60,00,29,14,00,00,
6796524,000004F0,false,Rx,1,8,4A,0D,2B,0B,5C,1A,11,02,
6796842,000004F1,false,Rx,1,8,00,C0,00,00,00,00,00,00,
6797109,000004F2,false,Rx,1,8,02,FF,DD,FF,03,01,00,00,
6797346,000004F3,false,Rx,1,8,00,00,00,00,30,00,00,00,
6797738,000004F9,false,Rx,1,8,E0,FF,FF,FF,FF,FF,FF,FF,
6797887,0000063D,false,Rx,1,8,00,80,00,00,00,00,00,00,
6798203,0000063E,false,Rx,1,8,FF,FF,FF,FF,FF,FF,FF,FF,
6798867,0000063F,false,Rx,1,8,00,10,00,C4,FF,00,00,00,
6798923,00000640,false,Rx,1,8,FF,FF,FF,00,FF,FF,FF,00,
6798975,00000641,false,Rx,1,8,FF,FF,FF,FF,0F,FF,FF,FF,
6799254,00000646,false,Rx,1,8,00,00,00,80,01,00,00,00,
6802500,0000030B,false,Rx,0,8,C9,22,4E,00,04,00,00,00,
6802770,0000030C,false,Rx,0,8,00,00,0C,23,2C,00,A0,0F,
6802891,0000030D,false,Rx,0,8,00,00,00,00,42,00,00,00,
6803437,0000030E,false,Rx,0,8,00,00,28,05,21,00,00,0A,
6804283,00000495,false,Rx,0,8,49,00,00,00,00,00,00,00,
6804391,00000419,false,Rx,0,8,FC,C0,FE,CD,25,65,84,00,
6804557,00000516,false,Rx,0,8,61,02,00,00,00,00,FF,FF,
6807431,000001AB,false,Rx,0,8,81,C6,28,40,70,90,00,00,
6807542,000001AC,false,Rx,0,8,00,28,00,00,00,00,00,00,
6811522,000001E1,false,Rx,0,8,24,70,0D,02,00,00,00,00,
6811617,000001E2,false,Rx,0,8,00,00,00,00,00,00,00,00,
6813122,00000448,false,Rx,0,8,7F,00,00,00,00,00,00,00,
6813700,000000A1,false,Rx,0,8,D9,1B,2C,8A,D4,EC,A2,00,
6813910,000000A2,false,Rx,0,8,00,00,00,00,00,00,00,00,
6814158,000000A3,false,Rx,0,8,00,40,01,00,00,00,00,00,
6817942,00000036,false,Rx,0,8,C7,26,3D,45,10,00,24,05,
6818037,00000037,false,Rx,0,8,00,00,00,10,00,40,00,00,
6818493,00000038,false,Rx,0,8,03,0B,00,00,20,39,11,00,
6818569,0000019B,false,Rx,0,8,4C,40,0E,00,00,E4,00,00,
6818942,00000039,false,Rx,0,8,00,00,00,00,00,00,00,00,
6819070,0000019C,false,Rx,0,8,40,20,00,00,00,00,0B,09,
6819196,0000019D,false,Rx,0,8,00,10,00,06,00,00,00,00,
6819580,0000019E,false,Rx,0,8,15,23,00,00,00,32,00,00,
6824321,0000010B,false,Rx,0,8,98,A3,3E,00,00,00,00,01,
6824414,0000010C,false,Rx,0,8,FF,01,00,00,43,48,44,44,
6824818,0000010D,false,Rx,0,8,ED,02,00,00,00,00,00,35,
6824886,0000010E,false,Rx,0,8,00,00,0A,00,00,00,00,00,
6827646,00000226,false,Rx,0,8,4B,B7,3D,FF,00,20,09,42,
6827729,000002FF,false,Rx,0,8,83,B9,00,F0,3F,00,00,00,
6827973,00000227,false,Rx,0,8,02,C4,07,09,00,F1,FF,07,
6828386,00000316,false,Rx,0,8,02,F5,20,04,00,80,0A,00,
6828490,00000317,false,Rx,0,8,00,00,05,00,00,00,00,00,
6829634,00000472,false,Rx,0,8,5C,EC,00,40,08,41,00,45,
6829743,00000473,false,Rx,0,8,5F,24,00,25,00,00,00,78,
6829798,00000474,false,Rx,0,8,53,98,00,00,00,00,00,10,
6831040,0000012B,false,Rx,0,8,BE,83,43,06,00,00,08,00,
6831207,0000011B,false,Rx,0,8,F9,79,43,05,80,08,A8,02,
6831268,00000121,false,Rx,0,8,54,5A,3F,00,00,00,00,01,
6831312,0000011C,false,Rx,0,8,00,05,20,00,22,00,01,01,
6831396,00000122,false,Rx,0,8,FF,01,00,00,44,44,44,44,
6831926,00000123,false,Rx,0,8,EF,02,00,00,00,00,00,35,
6832451,00000124,false,Rx,0,8,00,00,0A,00,00,00,00,00,
6832528,0000012C,false,Rx,0,8,00,00,01,00,00,64,00,00,
6833304,00000061,false,Rx,0,8,B4,00,2E,00,00,05,00,00,
6833621,00000062,false,Rx,0,8,02,02,00,01,40,FF,00,FF,
6833871,00000063,false,Rx,0,8,C8,00,15,00,00,08,FF,00,
6834117,00000064,false,Rx,0,8,04,00,00,04,FF,FA,00,00,
6834500,00000419,false,Rx,0,8,37,D0,0E,CE,25,65,84,00,
6840464,000003A1,false,Rx,0,8,4D,A0,45,00,FF,FF,FF,FF,
6840558,000003A2,false,Rx,0,8,00,00,00,00,00,00,00,00,
6851396,00000146,false,Rx,0,8,F6,55,13,10,04,01,00,00,
6851477,00000147,false,Rx,0,8,00,04,7D,00,40,00,00,00,
6851846,00000148,false,Rx,0,8,00,00,00,00,00,7B,40,05,
6852238,00000149,false,Rx,0,8,00,00,00,00,00,00,00,00,
6852332,000001B1,false,Rx,0,8,A2,A6,13,00,72,00,00,00,
6852449,000001B2,false,Rx,0,8,23,00,04,0E,8A,01,50,0F,
6852685,000001B3,false,Rx,0,8,8B,2B,00,00,64,7F,71,7B,
6852953,000001B4,false,Rx,0,8,68,78,17,00,00,40,00,00,
6853163,000000FF,false,Rx,0,8,CB,10,00,00,00,00,02,00,
6853738,00000394,false,Rx,0,8,2A,22,1A,49,00,00,00,00,
6853963,000003C3,false,Rx,0,8,45,10,31,30,36,00,00,00,
6854218,0000036F,false,Rx,0,8,5F,81,01,00,00,00,00,00,
6854459,000003E0,false,Rx,0,8,9F,D0,01,00,10,04,00,00,
6854697,0000037F,false,Rx,0,8,45,70,52,24,41,02,00,00,
6854948,000003E5,false,Rx,0,8,27,60,01,00,00,00,00,00,
6855504,000003E6,false,Rx,0,8,A1,40,00,00,00,00,00,00,
6856050,0000041A,false,Rx,0,8,4B,60,12,00,50,00,00,00,
6856120,0000041B,false,Rx,0,8,BE,70,00,00,00,00,00,00,
6856248,0000041C,false,Rx,0,8,84,D0,E8,00,00,00,00,00,
6856677,00000422,false,Rx,0,8,FA,20,01,00,00,00,04,00,
6857077,00000432,false,Rx,0,8,03,20,02,00,00,00,00,00,
6857166,00000435,false,Rx,0,8,CA,10,00,50,00,00,00,FF,
6857495,00000442,false,Rx,0,8,CE,20,11,81,00,00,00,00,
6858265,00000444,false,Rx,0,8,A2,40,30,4F,05,05,00,00,
6858729,00000445,false,Rx,0,8,C6,C0,00,00,00,00,00,18,
6859724,00000464,false,Rx,0,8,6C,30,F0,FF,38,7F,05,00,
6863734,000000A1,false,Rx,0,8,BC,18,31,8A,D4,EC,A2,00,
6863850,000000A2,false,Rx,0,8,00,00,00,00,00,00,00,00,
6864203,000000A3,false,Rx,0,8,00,40,01,00,00,00,00,00,
6868008,00000036,false,Rx,0,8,C0,29,42,45,10,00,24,05,
6868102,00000037,false,Rx,0,8,00,00,00,10,00,40,00,00,
6868495,00000038,false,Rx,0,8,03,0B,00,00,20,39,12,00,
6868568,00000039,false,Rx,0,8,00,00,00,00,00,00,00,00,
6868948,0000019B,false,Rx,0,8,84,42,13,00,00,E4,00,00,
6869070,0000019C,false,Rx,0,8,40,20,00,00,00,00,0B,09,
6869519,0000019D,false,Rx,0,8,00,10,00,06,00,00,00,00,
6869576,0000019E,false,Rx,0,8,15,23,00,00,00,32,00,00,
6870356,00000091,false,Rx,0,8,89,F2,04,00,00,00,00,00,
6871214,00000092,false,Rx,0,8,00,00,00,00,00,00,00,00,
6871389,00000093,false,Rx,0,8,00,00,00,00,00,00,00,00,
6872047,00000094,false,Rx,0,8,00,00,00,00,00,00,00,00,
6872176,000001E6,false,Rx,0,8,87,B6,09,C2,03,64,64,00,
6872238,000001E7,false,Rx,0,8,00,00,22,03,00,01,00,00,
6872605,000001BB,false,Rx,0,8,86,20,09,C2,03,64,64,0A,
6872886,000001BC,false,Rx,0,8,32,00,00,00,02,00,00,00,
6872965,000001BD,false,Rx,0,8,00,00,00,00,00,00,00,00,
6874404,0000010B,false,Rx,0,8,CF,EB,43,00,00,00,00,01,
6874512,00000419,false,Rx,0,8,37,D0,0E,CE,25,65,84,00,
6874564,0000010C,false,Rx,0,8,FF,01,00,00,43,48,44,44,
6874845,0000010D,false,Rx,0,8,EF,02,00,00,00,00,00,35,
6875114,0000010E,false,Rx,0,8,00,00,0A,00,00,00,00,00,
6877741,00000487,false,Rx,1,8,00,00,00,00,00,00,00,00,
6877911,00000642,false,Rx,1,8,FF,FF,FF,FF,FF,FF,00,00,
6878211,00000645,false,Rx,1,8,7F,86,07,39,EF,3B,56,00,
6878929,000002AB,false,Rx,0,8,55,32,07,0C,0C,00,00,00,
6879126,000002AC,false,Rx,0,8,00,FF,FF,00,00,40,00,50,
6879383,000002AD,false,Rx,0,8,00,01,00,40,FF,FF,FF,0F,
6879630,000002AE,false,Rx,0,8,00,00,FF,3F,00,01,00,00,
6879884,000002B6,false,Rx,0,8,84,8D,07,00,01,00,00,40,
6880151,000003B0,false,Rx,0,8,72,37,FF,C7,00,00,03,C0,
6880358,00000161,false,Rx,0,8,E8,11,24,03,00,00,00,02,
6880589,0000011B,false,Rx,0,8,31,80,48,05,80,08,A8,02,
6880844,00000121,false,Rx,0,8,B0,D6,44,00,00,00,00,01,
6881073,0000011C,false,Rx,0,8,00,05,20,00,22,00,01,01,
6881318,00000122,false,Rx,0,8,FF,01,00,00,44,44,44,44,
6881547,000001FB,false,Rx,0,8,1B,BD,07,00,00,00,00,00,
6881834,00000123,false,Rx,0,8,F0,02,00,00,00,00,00,35,
6882052,000001FC,false,Rx,0,8,00,00,00,00,00,00,00,00,
6882304,00000124,false,Rx,0,8,00,00,0A,00,00,00,00,00,
6882536,000001FD,false,Rx,0,8,00,1A,03,00,00,00,00,00,
6882907,0000012B,false,Rx,0,8,76,7A,48,06,00,00,08,00,
6883040,000001FE,false,Rx,0,8,00,00,00,00,00,00,00,00,
6883521,00000061,false,Rx,0,8,C6,03,33,00,00,05,00,00,
6883820,0000012C,false,Rx,0,8,00,00,01,00,00,64,00,00,
6883911,00000062,false,Rx,0,8,02,02,00,01,40,FF,00,FF,
6884229,00000162,false,Rx,0,8,FF,FC,01,00,00,00,00,00,
6884554,00000063,false,Rx,0,8,C7,00,15,00,00,08,FF,00,
6884667,000002B7,false,Rx,0,8,00,00,D8,01,00,04,00,00,
6884764,00000064,false,Rx,0,8,04,00,00,04,FF,FA,00,00,
6885156,000002B8,false,Rx,0,8,00,00,00,00,00,00,00,00,
6885260,000003B1,false,Rx,0,8,9B,3C,FF,40,00,00,20,00,
6885488,000002B9,false,Rx,0,8,0A,00,00,00,00,00,00,00,
6885713,000003B2,false,Rx,0,8,36,15,FF,02,29,2F,34,00,
6885953,000002C1,false,Rx,0,8,2A,E4,04,00,00,41,00,A1,
6886191,00000427,false,Rx,0,8,1D,86,FF,00,80,0A,00,00,
6886442,000002C2,false,Rx,0,8,40,00,00,00,00,00,00,00,
6886701,000002C3,false,Rx,0,8,00,00,00,00,00,00,00,00,
6886996,000002C4,false,Rx,0,8,00,00,00,00,00,00,00,00,
6887272,000002E1,false,Rx,0,8,DE,76,07,00,00,00,00,00,
6887546,000002E2,false,Rx,0,8,00,00,00,00,00,7E,00,04,
6887796,000002E3,false,Rx,0,8,00,00,00,00,00,00,72,01,
6888205,000002E4,false,Rx,0,8,02,00,00,00,00,00,00,00,
6888353,000001F1,false,Rx,0,8,C5,13,D7,01,00,00,28,00,
6888956,000001F2,false,Rx,0,8,00,00,00,00,00,00,00,00,
6890427,000001A1,false,Rx,0,8,71,B6,24,FE,F7,7F,64,00,
6890552,000001A2,false,Rx,0,8,00,00,00,00,00,08,00,00,
6890934,000001A3,false,Rx,0,8,FF,F3,3F,00,00,00,00,00,
6891318,000001A4,false,Rx,0,8,FE,07,00,00,00,00,00,00,
6898891,000004E8,false,Rx,1,8,FF,FF,FF,29,FF,FF,FF,00,
6899169,00000419,false,Rx,0,8,5C,E0,0E,CE,19,65,84,00,
6900983,00000561,false,Rx,0,8,63,02,00,00,00,00,FF,FF,
6903531,000002BF,false,Rx,0,8,FF,FF,FF,00,00,00,00,00,
6903753,0000047F,false,Rx,0,8,FF,FF,FF,FF,FF,FF,FF,FF,
6904020,00000653,false,Rx,0,8,0A,19,03,01,02,2A,00,00,
6907207,000001AB,false,Rx,0,8,77,EE,2D,40,70,90,00,00,
6907401,000001AC,false,Rx,0,8,00,28,00,00,00,00,00,00,
6913590,000000A1,false,Rx,0,8,B5,9D,36,8A,D4,EC,A2,00,
6913816,000000A2,false,Rx,0,8,00,00,00,00,00,00,00,00,
6914057,000000A3,false,Rx,0,8,00,40,01,00,00,00,00,00,
6917782,00000036,false,Rx,0,8,BF,05,47,45,10,00,24,05,
6917974,00000037,false,Rx,0,8,00,00,00,10,00,40,00,00,
6918229,00000038,false,Rx,0,8,03,0B,00,00,20,39,12,00,
6918826,0000019B,false,Rx,0,8,3C,43,18,00,00,E4,00,00,
6919074,00000039,false,Rx,0,8,00,00,00,00,00,00,00,00,
6919192,000004A3,false,Rx,1,8,80,00,48,0B,3E,00,00,00,
6919253,0000019C,false,Rx,0,8,40,20,00,00,00,00,0B,09,
6919307,0000019D,false,Rx,0,8,00,10,00,06,00,00,00,00,
6919363,000004A4,false,Rx,1,8,FF,FF,FF,00,00,00,00,00,
6919462,0000019E,false,Rx,0,8,15,23,00,00,00,32,00,00,
6924206,0000010B,false,Rx,0,8,77,EA,48,00,00,00,00,01,
6924359,0000010C,false,Rx,0,8,FF,01,00,00,43,48,44,44,
6924598,0000010D,false,Rx,0,8,EF,02,00,00,00,00,00,35,
6924860,0000010E,false,Rx,0,8,00,00,0A,00,00,00,00,00,
6930515,0000012B,false,Rx,0,8,80,52,4D,06,00,00,08,00,
6930678,0000011B,false,Rx,0,8,C7,A8,4D,05,80,08,A8,02,
6930946,00000121,false,Rx,0,8,BD,10,49,00,00,00,00,01,
6931176,0000011C,false,Rx,0,8,00,05,20,00,22,00,01,01,
6931398,00000122,false,Rx,0,8,FF,01,00,00,44,44,44,44,
6931654,00000123,false,Rx,0,8,F0,02,00,00,00,00,00,35,
6931919,00000124,false,Rx,0,8,00,00,0A,00,00,00,00,00,
6932167,0000012C,false,Rx,0,8,00,00,01,00,00,64,00,00,
6933138,00000061,false,Rx,0,8,7E,02,38,00,00,05,00,00,
6933390,00000062,false,Rx,0,8,02,02,00,01,40,FF,00,FF,
6933653,00000063,false,Rx,0,8,C7,00,15,00,00,08,FF,00,
6933900,00000064,false,Rx,0,8,04,00,00,04,FF,FA,00,00,
6934180,00000475,false,Rx,0,8,12,00,00,00,00,00,00,00,
6934681,00000496,false,Rx,0,8,12,00,00,00,00,00,00,00,
6936332,00000236,false,Rx,0,8,AB,FF,07,00,30,63,34,6C,
6936500,00000237,false,Rx,0,8,00,05,94,00,00,5D,1D,00,
6937057,00000151,false,Rx,0,8,32,5A,07,A0,C8,00,28,15,
6937467,00000238,false,Rx,0,8,00,00,0C,00,00,00,00,00,
6937569,00000152,false,Rx,0,8,12,14,14,00,00,00,00,00,
6937624,000001F6,false,Rx,0,8,61,7C,07,00,00,00,00,0C,
6937943,00000153,false,Rx,0,8,00,00,00,00,00,00,00,00,
6938094,000001F7,false,Rx,0,8,00,00,00,00,00,00,00,00,
6938408,00000154,false,Rx,0,8,00,00,00,00,00,00,00,00,
6939102,000001F8,false,Rx,0,8,00,00,00,00,00,00,00,00,
6939222,000002FB,false,Rx,0,8,8F,D6,07,04,0C,14,C3,C3,
6939290,000001F9,false,Rx,0,8,00,00,A0,C8,14,00,00,00,
6939415,000004E8,false,Rx,1,8,FF,FF,FF,29,FF,FF,FF,00,
6939468,000002FC,false,Rx,0,8,00,00,12,15,00,00,79,96,
6939515,00000239,false,Rx,0,8,00,00,00,00,01,00,00,00,
6939605,000002FD,false,Rx,0,8,00,00,00,00,00,1C,10,EA,
6939866,0000025B,false,Rx,0,8,FA,82,07,40,40,20,00,00,
6940096,000002FE,false,Rx,0,8,00,00,72,01,00,28,00,00,
6940429,0000025C,false,Rx,0,8,00,00,00,00,BD,68,14,00,
6940576,00000326,false,Rx,0,8,78,DF,07,00,00,00,00,00,
6940960,0000025D,false,Rx,0,8,00,C8,00,00,00,80,C0,70,
6941276,00000327,false,Rx,0,8,00,00,00,00,05,00,00,00,
6941792,0000025E,false,Rx,0,8,51,07,0E,07,00,00,00,00,
6941888,00000328,false,Rx,0,8,00,00,00,00,00,00,00,00,
6941944,00000419,false,Rx,0,8,5C,E0,0E,CE,19,65,84,00,
6942069,00000329,false,Rx,0,8,A0,00,00,00,00,00,00,00,
6942543,00000331,false,Rx,0,8,1F,9B,07,F1,C8,A0,2C,97,
6942783,00000332,false,Rx,0,8,00,00,00,00,00,00,00,00,
6943047,00000333,false,Rx,0,8,00,00,00,1C,0C,40,20,A0,
6943298,00000334,false,Rx,0,8,C8,00,00,00,5C,70,B7,8F,
6947095,0000033B,false,Rx,0,8,F0,1A,50,00,00,00,00,00,
6947202,0000033C,false,Rx,0,8,00,00,00,00,F0,00,00,00,
6947543,0000033D,false,Rx,0,8,00,00,00,00,00,00,00,00,
6947962,00000356,false,Rx,0,8,DB,10,A8,00,00,00,00,00,
6948044,0000033E,false,Rx,0,8,00,00,00,00,00,00,00,00,
6948702,00000357,false,Rx,0,8,00,00,00,00,00,4B,4D,48,
6949294,00000358,false,Rx,0,8,35,41,45,4D,52,37,33,4F,
6949448,00000359,false,Rx,0,8,51,4F,34,52,4A,35,33,00,
6951209,00000146,false,Rx,0,8,4E,54,18,10,04,01,00,00,
6951331,00000147,false,Rx,0,8,00,04,7D,00,40,00,00,00,
6951612,00000148,false,Rx,0,8,00,00,00,00,00,7B,40,05,
6952203,00000149,false,Rx,0,8,00,00,00,00,00,00,00,00,
6952300,000001B1,false,Rx,0,8,07,08,18,00,72,00,00,00,
6952351,000001B2,false,Rx,0,8,23,00,04,0D,8A,01,50,0F,
6952875,000001B3,false,Rx,0,8,8B,2B,00,00,64,7F,71,7B,
6953222,000001B4,false,Rx,0,8,68,78,17,00,00,40,00,00,
6954350,0000036F,false,Rx,0,8,E6,91,01,00,00,00,00,00,
6954464,0000037F,false,Rx,0,8,EC,80,52,24,41,02,00,00,
6955370,00000485,false,Rx,0,8,00,40,11,02,00,00,00,00,
6955975,00000380,false,Rx,0,8,E2,43,00,00,00,00,00,01,
6956967,00000382,false,Rx,0,8,E1,B8,00,00,00,01,00,00,
6958183,00000383,false,Rx,0,8,AA,AA,00,00,00,0C,00,00,
6958359,00000111,false,Rx,0,8,24,A4,F7,01,00,00,00,00,
6958621,00000112,false,Rx,0,8,00,00,00,00,00,00,00,00,
6958881,00000113,false,Rx,0,8,00,00,00,00,00,00,00,00,
6959110,00000384,false,Rx,0,8,26,8F,00,00,00,00,00,01,
6959366,00000114,false,Rx,0,8,00,00,00,00,00,00,00,00,
6961268,000001E1,false,Rx,0,8,5D,6A,10,02,00,00,00,00,
6961344,000001E2,false,Rx,0,8,00,00,00,00,00,00,00,00,
6963064,00000401,false,Rx,0,8,99,20,10,00,00,01,00,00,
6963659,000000A1,false,Rx,0,8,83,DE,3B,8A,D4,EC,A2,00,
6964074,000000A2,false,Rx,0,8,00,00,00,00,00,00,00,00,
6964196,000000A3,false,Rx,0,8,00,40,01,00,00,00,00,00,
6966216,0000042A,false,Rx,0,8,BB,4A,00,01,00,10,00,00,
6968093,00000036,false,Rx,0,8,A9,76,4C,45,10,00,24,05,
6968204,00000037,false,Rx,0,8,00,00,00,10,00,40,00,00,
6968286,00000038,false,Rx,0,8,03,0C,00,00,20,39,12,00,
6968632,00000039,false,Rx,0,8,00,00,00,00,00,00,00,00,
6969149,0000019B,false,Rx,0,8,43,6F,1D,00,00,E4,00,00,
6969210,0000019C,false,Rx,0,8,40,20,00,00,00,00,0B,09,
6969667,0000019D,false,Rx,0,8,00,10,00,06,00,00,00,00,
6969754,0000019E,false,Rx,0,8,15,23,00,00,00,32,00,00,
6970249,00000091,false,Rx,0,8,CF,AB,05,00,00,00,00,00,
6970571,00000092,false,Rx,0,8,00,00,00,00,00,00,00,00,
6970691,00000093,false,Rx,0,8,00,00,00,00,00,00,00,00,
6971191,00000094,false,Rx,0,8,00,00,00,00,00,00,00,00,
6973098,000002D6,false,Rx,0,8,A3,5F,03,00,00,00,00,00,
6973190,000002D7,false,Rx,0,8,00,00,00,00,03,00,00,00,
6973458,000002D8,false,Rx,0,8,00,00,00,00,00,00,38,44,
6973706,000002D9,false,Rx,0,8,00,00,00,00,00,00,00,00,
6973930,000002EB,false,Rx,0,8,6C,EF,03,09,04,01,00,00,
6974198,000002EC,false,Rx,0,8,12,00,00,00,00,00,00,00,
6974440,0000010B,false,Rx,0,8,08,C6,4D,00,00,00,00,01,
6974683,000002ED,false,Rx,0,8,00,00,00,00,00,00,00,00,
6974925,0000010C,false,Rx,0,8,FF,01,00,00,43,48,44,44,
6975312,000002EE,false,Rx,0,8,00,00,00,00,00,00,00,00,
6975427,0000010D,false,Rx,0,8,EF,02,00,00,00,00,00,35,
6975690,00000405,false,Rx,0,8,BD,30,00,00,00,01,00,00,
6976045,0000010E,false,Rx,0,8,00,00,0A,00,00,00,00,00,
6976876,00000410,false,Rx,0,8,A3,90,53,3C,B4,6A,FF,FF,
6977032,00000413,false,Rx,0,8,F5,10,00,41,00,00,00,00,
6977130,00000251,false,Rx,0,8,C5,90,07,00,00,00,00,00,
6977172,00000411,false,Rx,0,8,BD,71,50,50,00,00,44,05,
6977489,00000252,false,Rx,0,8,00,00,00,00,03,00,00,00,
6977599,00000396,false,Rx,0,8,42,20,03,0F,04,02,00,00,
6977648,00000253,false,Rx,0,8,00,00,00,29,00,00,80,46,
6978142,00000397,false,Rx,0,8,00,00,00,00,00,00,00,00,
6978203,00000412,false,Rx,0,8,F1,00,00,00,00,00,04,00,
6978344,00000398,false,Rx,0,8,00,00,00,00,00,00,00,00,
6979219,00000414,false,Rx,0,8,87,A0,00,00,28,00,00,00,
6979532,00000416,false,Rx,0,8,55,00,00,00,00,00,00,00,
6979654,000004E8,false,Rx,1,8,FF,FF,FF,29,FF,FF,FF,00,
6979710,00000417,false,Rx,0,8,57,50,00,00,00,00,00,00,
6979754,00000418,false,Rx,0,8,18,00,00,00,14,4C,00,00,
6979804,00000419,false,Rx,0,8,5C,E0,0E,CE,19,65,84,00,
6980261,00000161,false,Rx,0,8,9B,28,29,03,00,00,00,02,
6980568,00000121,false,Rx,0,8,4E,8E,4E,00,00,00,00,01,
6980807,0000011B,false,Rx,0,8,D7,F2,52,05,80,08,A8,02,
6981031,00000122,false,Rx,0,8,FF,01,00,00,44,44,44,44,
6981287,0000011C,false,Rx,0,8,00,05,20,00,22,00,01,01,
6981527,00000123,false,Rx,0,8,F0,02,00,00,00,00,00,35,
6981851,00000124,false,Rx,0,8,00,00,0A,00,00,00,00,00,
6982135,0000012B,false,Rx,0,8,90,08,52,06,00,00,08,00,
6982334,0000012C,false,Rx,0,8,00,00,01,00,00,64,00,00,
6982598,00000162,false,Rx,0,8,FF,FC,01,00,00,00,00,00,
6983173,00000061,false,Rx,0,8,01,2E,3D,00,00,05,00,00,
6983465,00000062,false,Rx,0,8,02,02,00,01,40,FF,00,FF,
6983703,00000563,false,Rx,1,8,65,02,00,00,00,00,FF,FF,
6983773,00000063,false,Rx,0,8,C7,00,15,00,00,08,FF,00,
6983985,00000064,false,Rx,0,8,04,00,00,04,FF,FA,00,00,
6984615,000002E6,false,Rx,0,8,75,3D,07,01,00,00,00,15,
6984997,00000256,false,Rx,0,8,78,81,07,05,01,00,00,00,
6985087,000002E7,false,Rx,0,8,0A,00,00,00,00,00,00,00,
6985541,00000257,false,Rx,0,8,00,7C,00,00,83,04,01,79,
6985691,000002E8,false,Rx,0,8,00,00,00,00,00,00,00,00,
6985966,00000258,false,Rx,0,8,00,28,1D,00,10,15,00,28,
6986921,000002E9,false,Rx,0,8,00,00,00,00,00,00,00,00,
6987044,00000259,false,Rx,0,8,EC,03,11,3C,EC,01,00,00,
6987101,000003B6,false,Rx,0,8,BD,51,03,00,00,00,00,44,
6987145,000003B7,false,Rx,0,8,43,00,00,00,00,00,00,00,
6987282,000003B8,false,Rx,0,8,EB,02,00,00,00,00,69,0E,
6987354,000003B9,false,Rx,0,8,00,00,00,00,00,00,00,00,
6989686,000000C5,false,Rx,1,8,00,00,00,00,00,00,00,00,
6990080,00000244,false,Rx,1,8,00,00,00,00,00,00,00,00,
6990402,000001A1,false,Rx,0,8,7C,70,29,FE,F7,7F,64,00,
6990634,000003E4,false,Rx,1,8,FE,00,00,00,00,00,00,00,
6990902,000001A2,false,Rx,0,8,00,00,00,00,00,08,00,00,
6991067,000004B4,false,Rx,1,8,01,00,0D,40,10,60,44,02,
6991349,000001A3,false,Rx,0,8,FF,F3,3F,00,00,00,00,00,
6991510,000004B5,false,Rx,1,8,08,00,F0,07,00,00,00,00,
6991846,000001A4,false,Rx,0,8,FE,07,00,00,00,00,00,00,
6992009,000004B7,false,Rx,1,8,08,00,F0,07,00,00,00,00,
6992548,000004CA,false,Rx,1,8,00,00,00,00,00,00,00,00,
6993709,000004CC,false,Rx,1,8,08,00,00,2A,00,00,03,00,
6993964,000004CE,false,Rx,1,8,14,01,FF,FF,FF,FF,FF,FF,
6994038,000004D7,false,Rx,1,8,23,01,00,00,00,00,00,00,
6994460,000004D8,false,Rx,1,8,41,10,F6,F0,40,F2,1E,CC,
6994946,000004DD,false,Rx,1,8,00,00,FE,00,04,00,00,00,
6995224,000004DF,false,Rx,1,8,00,00,08,00,00,00,00,00,
6995507,000004E7,false,Rx,1,8,00,30,00,00,00,00,69,00,
6995885,000004E9,false,Rx,1,8,00,00,00,00,00,00,00,00,
6996104,000003AA,false,Rx,0,8,FF,00,D0,00,54,00,00,00,
6996165,000004EA,false,Rx,1,8,00,00,00,00,00,00,00,00,
6996269,000004EB,false,Rx,1,8,04,68,2B,0B,00,00,00,00,
6997198,000004EC,false,Rx,1,8,FF,FF,FF,FF,FF,FF,FF,0F,
6997285,000004ED,false,Rx,1,8,FF,FF,FF,FF,FF,FF,FF,1F,
6997334,000004EE,false,Rx,1,8,FF,FF,00,00,00,00,00,00,
6997574,000004EF,false,Rx,1,8,60,00,60,00,29,14,00,00,
6997850,0000063D,false,Rx,1,8,00,80,00,00,00,00,00,00,
6998123,0000063E,false,Rx,1,8,FF,FF,FF,FF,FF,FF,FF,FF,
6998383,0000063F,false,Rx,1,8,00,10,00,C4,FF,00,00,00,
6998651,00000640,false,Rx,1,8,FF,FF,FF,00,FF,FF,FF,00,
6998976,00000641,false,Rx,1,8,FF,FF,FF,FF,0F,FF,FF,FF,
6999362,00000646,false,Rx,1,8,00,00,00,80,01,00,00,00,
7002506,0000030B,false,Rx,0,8,CB,CB,50,00,04,00,00,00,
7003126,0000030C,false,Rx,0,8,00,00,0C,23,2C,00,A0,0F,
7003269,0000030D,false,Rx,0,8,00,00,00,00,42,00,00,00,
7003343,0000030E,false,Rx,0,8,00,00,28,05,21,00,00,0A,
7003992,00000495,false,Rx,0,8,49,00,00,00,00,00,00,00,
7004328,00000419,false,Rx,0,8,27,00,0E,CE,0D,65,84,00,
7007060,000001AB,false,Rx,0,8,67,B4,32,40,70,90,00,00,
7007260,000001AC,false,Rx,0,8,00,28,00,00,00,00,00,00,
7011272,000004E8,false,Rx,1,8,FF,FF,FF,29,FF,FF,FF,00,
7012945,00000448,false,Rx,0,8,7F,00,00,00,00,00,00,00,
7013617,000000A1,false,Rx,0,8,27,FE,40,8A,D4,EC,A2,00,
7013819,000000A2,false,Rx,0,8,00,00,00,00,00,00,00,00,
7014079,000000A3,false,Rx,0,8,00,40,01,00,00,00,00,00,
7017943,00000036,false,Rx,0,8,61,74,51,45,10,00,24,05,
7018037,00000037,false,Rx,0,8,00,00,00,10,00,40,00,00,
7018350,00000038,false,Rx,0,8,03,0C,00,00,20,39,12,00,
7018452,0000019B,false,Rx,0,8,AC,46,22,00,00,E4,00,00,
7018713,00000039,false,Rx,0,8,00,00,00,00,00,00,00,00,
7018940,0000019C,false,Rx,0,8,40,20,00,00,00,00,0B,09,
7019201,0000019D,false,Rx,0,8,00,10,00,06,00,00,00,00,
7019449,0000019E,false,Rx,0,8,15,23,00,00,00,32,00,00,
7021530,000001E6,false,Rx,0,8,71,9E,0C,C2,03,64,64,00,
7021671,000001BB,false,Rx,0,8,89,CB,0C,C2,03,64,64,0A,
7021940,000001BC,false,Rx,0,8,32,00,00,00,02,00,00,00,
7022191,000001BD,false,Rx,0,8,00,00,00,00,00,00,00,00,
7022443,000001E7,false,Rx,0,8,00,00,22,03,00,01,00,00,
7024223,0000010B,false,Rx,0,8,EF,09,52,00,00,00,00,01,
7024359,0000010C,false,Rx,0,8,FF,F9,E7,1F,43,48,44,44,
7024630,0000010D,false,Rx,0,8,EF,02,00,00,10,00,00,35,
7024874,0000010E,false,Rx,0,8,00,00,0A,00,00,C0,AB,57,
7027658,00000226,false,Rx,0,8,22,F7,3F,FF,00,20,09,42,
7027746,000002FF,false,Rx,0,8,83,B9,00,F0,3F,00,00,00,
7028084,00000227,false,Rx,0,8,02,C4,07,09,00,F1,FF,07,
7028184,00000316,false,Rx,0,8,26,5D,21,04,00,80,0A,00,
7028627,00000317,false,Rx,0,8,00,00,05,00,00,00,00,00,
7029245,00000472,false,Rx,0,8,5C,EC,00,40,08,41,00,45,
7029325,00000473,false,Rx,0,8,5F,24,00,25,00,00,00,78,
7029693,00000474,false,Rx,0,8,53,98,00,00,00,00,00,10,
7030526,0000012B,false,Rx,0,8,66,20,57,06,00,00,08,00,
7030701,0000011B,false,Rx,0,8,21,DA,57,05,80,08,A8,02,
7030937,00000121,false,Rx,0,8,1A,9E,53,FE,FF,00,00,01,
7031176,0000011C,false,Rx,0,8,00,05,20,00,22,00,01,01,
7031452,00000122,false,Rx,0,8,FF,D9,67,1F,44,44,44,44,
7031654,00000123,false,Rx,0,8,F0,02,00,00,10,00,00,35,
7032037,00000124,false,Rx,0,8,00,00,0A,00,00,00,20,40,
7032224,0000012C,false,Rx,0,8,00,00,01,00,00,64,00,00,
7033644,00000061,false,Rx,0,8,99,24,42,00,00,05,00,00,
7033763,00000062,false,Rx,0,8,02,02,00,01,40,FF,00,FF,
7033809,00000063,false,Rx,0,8,C7,00,15,00,00,08,FF,00,
7033969,00000064,false,Rx,0,8,04,00,00,04,FF,FA,00,00,
7034821,00000419,false,Rx,0,8,17,10,08,CE,0D,65,84,00,
7038209,000001F1,false,Rx,0,8,B6,2A,DA,01,00,00,28,00,
7038306,000001F2,false,Rx,0,8,00,00,00,00,00,00,00,00,
7039891,000003A1,false,Rx,0,8,00,48,46,00,FF,FF,FF,FF,
7040036,000003A2,false,Rx,0,8,00,00,00,00,00,00,00,00,
7051290,00000146,false,Rx,0,8,31,78,1D,10,04,01,00,00,
7051379,00000147,false,Rx,0,8,00,04,7D,00,40,00,00,00,
7051778,00000148,false,Rx,0,8,00,00,00,00,00,7B,40,05,
7052157,00000149,false,Rx,0,8,00,00,00,00,00,00,00,00,
7052242,000001B1,false,Rx,0,8,65,8B,1D,00,72,00,00,00,
7052711,000001B2,false,Rx,0,8,23,00,04,0E,8A,01,50,0F,
7052791,000001B3,false,Rx,0,8,8B,2B,00,00,64,7F,71,7B,
7053017,000000FF,false,Rx,0,8,CB,10,00,00,00,00,02,00,
7053392,000001B4,false,Rx,0,8,68,78,17,00,00,40,00,00,
7054399,00000394,false,Rx,0,8,2A,22,1A,49,00,00,00,00,
7054707,000003C3,false,Rx,0,8,45,10,31,30,36,00,00,00,
7054757,0000036F,false,Rx,0,8,30,A1,01,00,00,00,00,00,
7054844,000003E0,false,Rx,0,8,9F,D0,01,00,10,04,00,00,
7055092,0000037F,false,Rx,0,8,55,90,52,24,41,02,00,00,
7055559,000003E5,false,Rx,0,8,27,60,01,00,00,00,00,00,
7055884,000003E6,false,Rx,0,8,A1,40,00,00,00,00,00,00,
7056241,0000041A,false,Rx,0,8,4B,60,12,00,50,00,00,00,
7056298,0000041B,false,Rx,0,8,BE,70,00,00,00,00,00,00,
7056509,0000041C,false,Rx,0,8,84,D0,E8,00,00,00,00,00,
7056728,00000422,false,Rx,0,8,FA,20,01,00,00,00,04,00,
7057131,00000432,false,Rx,0,8,03,20,02,00,00,00,00,00,
7057994,00000435,false,Rx,0,8,CA,10,00,50,00,00,00,FF,
7058451,00000442,false,Rx,0,8,CE,20,11,81,00,00,00,00,
7058932,00000444,false,Rx,0,8,A2,40,30,4F,05,05,00,00,
7059412,00000445,false,Rx,0,8,C6,C0,00,00,00,00,00,18,
7060226,00000464,false,Rx,0,8,6C,30,F0,FF,38,7F,05,00,
7063904,000000A1,false,Rx,0,8,28,15,45,8A,D4,EC,A2,00,
7064017,000000A2,false,Rx,0,8,00,00,00,00,00,00,00,00,
7064060,000000A3,false,Rx,0,8,00,40,01,00,00,00,00,00,
7067949,00000036,false,Rx,0,8,B7,2C,56,55,00,00,24,05,
7068040,00000037,false,Rx,0,8,00,00,00,10,00,40,00,00,
7068438,00000038,false,Rx,0,8,04,00,00,00,20,39,12,00,
7068502,00000039,false,Rx,0,8,00,00,00,00,00,00,00,00,
7068877,0000019B,false,Rx,0,8,D3,6A,27,00,00,E4,00,00,
7069306,0000019C,false,Rx,0,8,40,20,00,00,00,00,0B,09,
7069508,0000019D,false,Rx,0,8,00,10,00,06,00,00,00,00,
7069559,0000019E,false,Rx,0,8,15,23,00,00,00,32,00,00,
7070571,00000091,false,Rx,0,8,05,40,06,00,00,00,00,00,
7071028,00000092,false,Rx,0,8,00,00,00,00,00,00,00,00,
7071116,00000093,false,Rx,0,8,00,00,00,00,00,00,00,00,
7071163,00000094,false,Rx,0,8,00,00,00,00,00,00,00,00,
7074416,0000010B,false,Rx,0,8,FF,B6,57,00,00,00,00,05,
7074511,00000419,false,Rx,0,8,17,10,08,CE,0D,65,84,00,
7074583,0000010C,false,Rx,0,8,FF,F9,E7,1F,43,48,44,44,
7074959,0000010D,false,Rx,0,8,EF,02,00,00,00,00,00,35,
7075245,0000010E,false,Rx,0,8,00,00,0A,00,00,C0,AB,57,
7078798,000002AB,false,Rx,0,8,32,5A,09,0C,0C,00,00,00,
7078919,000002AC,false,Rx,0,8,00,FF,FF,00,00,40,00,50,
7079284,000002AD,false,Rx,0,8,00,01,00,40,FF,FF,FF,0F,
7080094,000002AE,false,Rx,0,8,00,00,FF,3F,01,01,00,00,
7080220,000002B6,false,Rx,0,8,6D,C0,09,00,01,00,00,40,
7080283,000003B0,false,Rx,0,8,72,37,FF,C7,00,00,03,C0,
7080460,000002B7,false,Rx,0,8,95,01,C1,00,00,04,00,00,
7080502,00000161,false,Rx,0,8,04,40,2E,03,00,00,00,02,
7080692,0000011B,false,Rx,0,8,E9,23,5C,05,80,08,A8,02,
7081189,00000121,false,Rx,0,8,E4,82,58,FF,FF,00,00,05,
7082011,0000011C,false,Rx,0,8,00,05,20,00,22,00,01,01,
7082455,00000487,false,Rx,1,8,00,00,00,00,00,00,00,00,
7082517,00000122,false,Rx,0,8,FF,D9,67,1F,44,44,44,44,
7082564,000001FB,false,Rx,0,8,DC,90,09,00,00,00,00,00,
7082648,00000642,false,Rx,1,8,FF,FF,FF,FF,FF,FF,00,00,
7082700,00000123,false,Rx,0,8,F0,02,00,00,00,00,00,35,
7082760,000001FC,false,Rx,0,8,00,00,00,00,00,00,00,00,
7082802,00000124,false,Rx,0,8,00,00,0A,00,00,00,20,40,
7082872,000001FD,false,Rx,0,8,00,1A,03,00,00,00,00,00,
7082915,0000012B,false,Rx,0,8,AE,D9,5C,06,00,00,08,00,
7083139,000001FE,false,Rx,0,8,00,00,00,00,00,00,00,00,
7083366,00000061,false,Rx,0,8,E6,08,47,00,00,05,00,00,
7083600,0000012C,false,Rx,0,8,00,00,01,00,00,64,00,00,
7083907,00000062,false,Rx,0,8,02,02,00,01,40,FF,00,FF,
7084117,00000162,false,Rx,0,8,FF,FC,01,00,00,00,00,00,
7084352,00000063,false,Rx,0,8,C7,00,15,00,00,08,FF,00,
7084587,000002B8,false,Rx,0,8,B2,61,11,00,00,00,00,00,
7084830,00000064,false,Rx,0,8,04,00,00,04,FF,FA,00,00,
7085322,000002B9,false,Rx,0,8,0A,00,00,00,00,00,00,00,
7085676,000003B1,false,Rx,0,8,9B,3C,FF,40,00,00,20,00,
7086209,000002C1,false,Rx,0,8,6C,BD,05,00,00,41,00,A1,
7086311,000003B2,false,Rx,0,8,36,15,FF,02,29,2F,34,00,
7086374,000002C2,false,Rx,0,8,40,00,00,00,00,00,00,00,
7086434,00000427,false,Rx,0,8,1D,86,FF,00,80,0A,00,00,
7086655,000002C3,false,Rx,0,8,00,00,00,00,00,00,00,00,
7087050,000002C4,false,Rx,0,8,00,00,00,00,00,00,00,00,
7087264,00000565,false,Rx,0,8,66,02,00,00,00,00,FF,FF,
7087669,000002E1,false,Rx,0,8,DF,1A,09,00,00,00,00,40,
7088363,000002E2,false,Rx,0,8,02,00,00,00,00,7E,00,04,
7088506,00000435,false,Rx,0,8,86,20,00,50,00,00,50,00,
7088551,000002E3,false,Rx,0,8,00,00,00,00,00,00,72,01,
7088738,00000444,false,Rx,0,8,9D,50,20,50,05,05,00,00,
7089062,000002E4,false,Rx,0,8,02,00,00,00,00,00,00,00,
7090607,000001A1,false,Rx,0,8,8F,EE,2E,FE,F7,7F,64,00,
7090691,000001A2,false,Rx,0,8,00,00,00,00,00,08,00,00,
7090900,000001A3,false,Rx,0,8,FF,F3,3F,00,00,00,00,00,
7091135,000001A4,false,Rx,0,8,FE,07,00,00,00,00,00,00,
7091631,00000643,false,Rx,1,8,00,FC,FF,FF,FF,FF,03,00,
7098362,0000048B,false,Rx,0,8,EF,5A,01,1E,04,00,00,00,
7098469,0000048C,false,Rx,0,8,00,00,00,00,00,00,00,00,
7099422,00000419,false,Rx,0,8,80,20,08,CE,FD,64,84,00,
7103607,000002BF,false,Rx,0,8,FF,FF,FF,00,00,00,00,00,
7103753,0000047F,false,Rx,0,8,FF,FF,FF,FF,FF,FF,FF,FF,
7104096,00000653,false,Rx,0,8,0A,19,03,01,02,2A,00,00,
7104306,00000411,false,Rx,0,8,09,81,50,50,00,00,44,04,
7107161,000001AB,false,Rx,0,8,91,9C,37,40,70,90,00,00,
7107246,000001AC,false,Rx,0,8,00,28,00,00,00,00,00,00,
7111434,000001E1,false,Rx,0,8,10,82,13,02,00,00,00,00,
7111607,000001E2,false,Rx,0,8,00,00,00,00,00,00,00,00,
7113597,000000A1,false,Rx,0,8,18,38,4A,8A,D4,EC,A2,00,
7113813,000000A2,false,Rx,0,8,00,00,00,00,00,00,00,00,
7114058,000000A3,false,Rx,0,8,00,40,01,00,00,00,00,00,
7117947,00000444,false,Rx,0,8,B9,60,20,50,45,41,00,00,
7118039,00000036,false,Rx,0,8,B8,B8,5B,51,00,00,25,05,
7118196,00000037,false,Rx,0,8,00,00,00,10,00,40,00,00,
7118443,0000019B,false,Rx,0,8,34,5B,2C,00,00,E4,00,00,
7118694,00000038,false,Rx,0,8,04,00,00,00,20,39,96,D4,
7118918,0000019C,false,Rx,0,8,40,20,00,00,00,00,0B,09,
7119163,00000039,false,Rx,0,8,00,00,00,00,00,00,00,00,
7119443,0000019D,false,Rx,0,8,00,10,00,01,00,00,00,00,
7119664,0000019E,false,Rx,0,8,10,00,00,00,00,32,00,00,
7122762,000004A3,false,Rx,1,8,80,00,48,0B,3E,00,00,00,
7122869,000004A4,false,Rx,1,8,FF,FF,FF,00,00,00,00,00,
7123156,00000445,false,Rx,0,8,C5,D0,00,00,03,00,00,18,
7124283,0000010B,false,Rx,0,8,47,B7,5C,00,00,00,00,05,
7124395,00000418,false,Rx,0,8,C8,10,00,00,12,4C,00,00,
7124601,0000010C,false,Rx,0,8,FF,F9,E7,1F,43,48,44,44,
7124856,0000010D,false,Rx,0,8,EF,02,00,00,00,00,00,35,
7125098,0000010E,false,Rx,0,8,00,00,0A,00,00,C0,AB,57,
7127911,00000435,false,Rx,0,8,86,20,00,50,00,00,50,00,
7130762,0000011B,false,Rx,0,8,84,7F,61,05,80,08,A8,02,
7130861,00000121,false,Rx,0,8,7C,F8,5D,05,00,00,00,05,
7131246,0000011C,false,Rx,0,8,00,05,20,00,22,00,01,01,
7131307,00000122,false,Rx,0,8,FF,D9,67,1F,44,44,44,44,
7131645,00000123,false,Rx,0,8,F0,02,00,00,00,00,00,35,
7131778,00000124,false,Rx,0,8,00,00,0A,00,00,00,20,40,
7132052,0000012B,false,Rx,0,8,C3,85,61,06,00,00,08,00,
7132267,0000012C,false,Rx,0,8,00,00,01,00,00,64,00,00,
7133163,00000061,false,Rx,0,8,6F,F9,4C,00,00,05,00,00,
7133399,00000062,false,Rx,0,8,02,02,00,01,40,FF,00,FF,
7133653,00000063,false,Rx,0,8,C6,00,15,00,00,08,FF,00,
7133922,00000064,false,Rx,0,8,04,00,00,04,FF,FA,00,00,
7134161,00000475,false,Rx,0,8,12,00,00,00,00,00,00,00,
7134665,00000419,false,Rx,0,8,33,30,00,CE,FD,64,84,00,
7134753,00000496,false,Rx,0,8,12,00,00,00,00,00,00,00,
7136366,00000236,false,Rx,0,8,6C,D2,09,00,30,63,34,6C,
7136457,000002FB,false,Rx,0,8,48,FB,09,04,0C,14,C3,C3,
7136764,00000237,false,Rx,0,8,00,05,94,00,00,5D,1D,00,
7136873,00000151,false,Rx,0,8,F5,77,09,A0,C8,00,28,15,
7137118,000001F6,false,Rx,0,8,A6,51,09,00,00,00,00,0C,
7137349,00000152,false,Rx,0,8,12,14,14,00,00,00,00,00,
7137597,000001F7,false,Rx,0,8,00,00,00,00,00,00,00,00,
7137848,00000153,false,Rx,0,8,00,00,00,00,00,00,00,00,
7138204,000001F8,false,Rx,0,8,00,00,00,00,00,00,00,00,
7138416,00000154,false,Rx,0,8,00,00,00,00,00,00,00,00,
7138595,000001F9,false,Rx,0,8,00,00,A0,C8,14,00,00,00,
7138850,000002FC,false,Rx,0,8,00,00,12,15,00,00,79,96,
7139085,00000238,false,Rx,0,8,00,00,0C,00,00,00,00,00,
7139337,000002FD,false,Rx,0,8,00,00,00,00,00,1C,10,EA,
7139576,00000239,false,Rx,0,8,00,00,00,00,01,00,00,00,
7140081,000002FE,false,Rx,0,8,00,00,72,01,00,28,00,00,
7140136,0000025B,false,Rx,0,8,E4,2A,09,40,40,20,00,00,
7140333,00000326,false,Rx,0,8,BF,F2,09,00,00,00,00,00,
7141024,0000025C,false,Rx,0,8,00,00,00,00,BD,68,14,00,
7141189,00000327,false,Rx,0,8,00,00,00,00,05,00,00,00,
7141233,0000025D,false,Rx,0,8,00,C8,00,00,00,80,C0,70,
7141333,00000328,false,Rx,0,8,00,00,00,00,00,00,00,00,
7141566,0000025E,false,Rx,0,8,04,07,0E,01,00,00,00,00,
7141803,00000329,false,Rx,0,8,A0,00,00,00,00,00,00,00,
7142142,00000331,false,Rx,0,8,D8,B6,09,F1,C8,A0,2C,97,
7142589,00000332,false,Rx,0,8,00,00,00,00,00,00,00,00,
7142930,00000333,false,Rx,0,8,00,00,00,1C,0C,40,20,A0,
7143012,00000334,false,Rx,0,8,C8,00,00,00,5C,70,B7,8F,
7144231,00000411,false,Rx,0,8,09,81,50,50,00,00,44,04,
7147050,0000033B,false,Rx,0,8,7C,A8,52,00,00,00,00,00,
7147190,0000033C,false,Rx,0,8,00,00,00,00,F0,00,00,00,
7147516,0000033D,false,Rx,0,8,00,00,00,00,00,00,00,00,
7147758,0000033E,false,Rx,0,8,00,00,00,00,00,00,00,00,
7149052,00000356,false,Rx,0,8,9D,49,A9,00,00,00,00,00,
7149238,00000357,false,Rx,0,8,00,00,00,00,00,4B,4D,48,
7149487,00000358,false,Rx,0,8,35,41,45,4D,52,37,33,4F,
7149726,00000359,false,Rx,0,8,51,4F,34,52,4A,35,33,00,
7151165,00000146,false,Rx,0,8,DE,51,22,10,04,01,00,00,
7151351,00000147,false,Rx,0,8,00,04,7D,00,40,00,00,00,
7151611,00000148,false,Rx,0,8,00,00,00,00,00,7B,40,05,
7151882,00000149,false,Rx,0,8,00,00,00,00,00,00,00,00,
7152108,000001B1,false,Rx,0,8,A6,FD,22,00,72,00,00,00,
7152405,000001B2,false,Rx,0,8,23,00,04,0D,8A,01,50,0F,
7152606,000001B3,false,Rx,0,8,8A,2B,00,00,64,7F,71,7B,
7152855,00000444,false,Rx,0,8,B2,70,20,50,55,50,00,00,
7153085,000001B4,false,Rx,0,8,68,78,17,00,00,40,00,00,
7153363,00000445,false,Rx,0,8,15,E0,00,00,03,04,00,18,
7154038,0000036F,false,Rx,0,8,89,B1,01,00,00,00,00,00,
7154374,0000037F,false,Rx,0,8,83,A0,52,24,41,02,00,00,
7155949,00000380,false,Rx,0,8,E2,43,00,00,00,00,00,01,
7156952,00000382,false,Rx,0,8,22,3D,00,00,00,01,08,00,
7157964,00000383,false,Rx,0,8,AA,AA,00,00,00,0C,00,00,
7158137,00000111,false,Rx,0,8,A5,D0,F8,01,00,00,00,00,
7158424,00000112,false,Rx,0,8,00,00,00,00,00,00,00,00,
7158653,00000113,false,Rx,0,8,00,00,00,00,00,00,00,00,
7158906,00000114,false,Rx,0,8,00,00,00,00,00,00,00,00,
7159171,00000384,false,Rx,0,8,33,4E,01,00,00,00,00,21,
7162887,000004F0,false,Rx,1,8,4A,0D,2B,0C,5C,1A,11,02,
7163222,00000401,false,Rx,0,8,99,20,10,00,00,01,00,00,
7163668,000000A1,false,Rx,0,8,17,D3,4F,8A,D4,EC,A2,00,
7163855,000000A2,false,Rx,0,8,00,00,00,00,00,00,00,00,
7164099,000000A3,false,Rx,0,8,00,40,01,00,00,00,00,00,
7164564,00000418,false,Rx,0,8,C8,10,00,00,12,4C,00,00,
7165948,0000042A,false,Rx,0,8,BB,4A,00,01,00,10,00,00,
7167759,000003E0,false,Rx,0,8,57,E0,01,00,50,03,00,00,
7167929,00000036,false,Rx,0,8,6E,E4,60,51,00,00,25,05,
7168171,0000041A,false,Rx,0,8,7D,70,12,00,50,01,00,00,
7168425,00000037,false,Rx,0,8,00,00,00,10,00,40,00,00,
7168661,00000435,false,Rx,0,8,86,20,00,50,00,00,50,00,
7168931,00000038,false,Rx,0,8,04,00,00,00,20,39,96,D4,
7169137,0000019B,false,Rx,0,8,FC,59,31,00,00,E4,00,00,
7169396,00000039,false,Rx,0,8,00,00,00,00,00,00,00,00,
7169630,0000019C,false,Rx,0,8,40,20,00,00,00,00,0B,09,
7169910,0000019D,false,Rx,0,8,00,10,00,01,00,00,00,00,
7170215,00000091,false,Rx,0,8,43,19,07,00,00,00,00,00,
7170448,0000019E,false,Rx,0,8,10,00,00,00,00,32,00,00,
7170614,00000092,false,Rx,0,8,00,00,00,00,00,00,00,00,
7170913,00000093,false,Rx,0,8,00,00,00,00,00,00,00,00,
7171195,00000094,false,Rx,0,8,00,00,00,00,00,00,00,00,
7171620,000001E6,false,Rx,0,8,3C,76,0F,C2,03,64,64,00,
7172027,000001E7,false,Rx,0,8,00,00,22,03,00,01,00,00,
7172242,000001BB,false,Rx,0,8,8C,92,0F,C2,03,64,64,0A,
7172328,000001BC,false,Rx,0,8,32,00,00,00,02,00,00,00,
7172645,000001BD,false,Rx,0,8,00,00,00,00,00,00,00,00,
7172981,000002D6,false,Rx,0,8,50,C1,04,00,00,00,00,00,
7173206,000002D7,false,Rx,0,8,00,00,00,00,03,00,00,00,
7173449,000002D8,false,Rx,0,8,00,00,00,00,00,00,38,44,
7173701,000002D9,false,Rx,0,8,00,00,00,00,00,00,00,00,
7174021,000002EB,false,Rx,0,8,09,ED,04,08,08,01,00,02,
7174274,0000010B,false,Rx,0,8,24,2C,61,00,00,00,00,05,
7174502,000002EC,false,Rx,0,8,0A,00,00,00,00,00,00,00,
7174729,0000010C,false,Rx,0,8,FF,F9,E7,1F,43,48,44,44,
7175053,000002ED,false,Rx,0,8,00,00,00,00,00,00,00,00,
7175230,0000010D,false,Rx,0,8,EF,02,00,00,00,00,00,35,
7175513,000002EE,false,Rx,0,8,00,00,00,00,00,00,00,00,
7175710,0000010E,false,Rx,0,8,00,00,0A,00,00,C0,AB,57,
7175966,00000405,false,Rx,0,8,BD,30,00,00,00,01,00,00,
7176615,00000413,false,Rx,0,8,F5,10,00,41,00,00,00,00,
7176750,00000410,false,Rx,0,8,A3,90,53,3C,B4,6A,FF,FF,
7176794,00000251,false,Rx,0,8,F6,8A,09,00,00,00,00,00,
7176918,00000412,false,Rx,0,8,F1,00,00,00,00,00,04,00,
7177274,00000252,false,Rx,0,8,00,00,00,00,03,00,00,00,
7177461,00000396,false,Rx,0,8,B6,F0,04,0F,08,02,00,02,
7177644,00000253,false,Rx,0,8,00,00,00,29,00,00,80,46,
7177912,00000397,false,Rx,0,8,00,00,00,00,00,00,00,00,
7178158,00000414,false,Rx,0,8,87,A0,00,00,28,00,00,00,
7178392,00000398,false,Rx,0,8,00,00,00,00,00,00,00,00,
7178666,00000416,false,Rx,0,8,55,00,00,00,00,00,00,00,
7178881,0000048F,false,Rx,0,8,AD,10,41,00,05,00,00,00,
7179131,00000417,false,Rx,0,8,57,50,00,00,00,00,00,00,
7179382,00000566,false,Rx,0,8,16,02,00,00,00,00,FF,FF,
7179602,00000419,false,Rx,0,8,33,30,00,CE,FD,64,84,00,
7180277,00000161,false,Rx,0,8,7D,5A,33,03,00,00,00,02,
7180498,0000011B,false,Rx,0,8,1B,17,66,05,80,08,A8,02,
7180737,00000121,false,Rx,0,8,5C,47,62,00,00,00,00,05,
7180987,0000011C,false,Rx,0,8,00,05,20,00,22,00,01,01,
7181368,00000122,false,Rx,0,8,FF,D9,67,1F,44,44,44,44,
7181491,00000123,false,Rx,0,8,F0,02,00,00,00,00,00,35,
7181749,00000124,false,Rx,0,8,00,00,0A,00,00,00,20,40,
7181985,0000012B,false,Rx,0,8,5C,ED,66,06,00,00,08,00,
7182232,0000012C,false,Rx,0,8,00,00,01,00,00,64,00,00,
7182488,00000162,false,Rx,0,8,FF,FC,01,00,00,00,00,00,
7182947,000004DD,false,Rx,1,8,00,00,00,00,04,00,00,00,
7183191,00000061,false,Rx,0,8,A7,FB,51,00,00,05,00,00,
7183637,00000062,false,Rx,0,8,02,02,00,01,40,FF,00,FF,
7183893,00000063,false,Rx,0,8,C6,00,15,00,00,08,FF,00,
7184165,00000064,false,Rx,0,8,04,00,00,04,FF,FA,00,00,
7184487,00000411,false,Rx,0,8,09,81,50,50,00,00,44,04,
7184724,000002E6,false,Rx,0,8,DA,A6,09,01,00,00,00,15,
7184969,00000256,false,Rx,0,8,41,32,09,15,01,00,10,00,
7185202,000002E7,false,Rx,0,8,0A,00,00,00,03,00,00,00,
7185444,00000257,false,Rx,0,8,00,7C,00,00,83,07,00,79,
7185703,000002E8,false,Rx,0,8,00,00,00,00,00,00,00,00,
7185942,00000258,false,Rx,0,8,00,27,1D,00,10,15,00,04,
7186193,000002E9,false,Rx,0,8,00,00,00,00,00,00,00,00,
7186429,00000259,false,Rx,0,8,E8,03,12,3C,E8,01,00,00,
7186665,000003B6,false,Rx,0,8,4E,CF,04,00,00,00,00,44,
7186937,000003B7,false,Rx,0,8,43,00,00,00,00,00,00,00,
7187178,000003B8,false,Rx,0,8,EB,02,00,00,00,00,69,0E,
7187453,000003B9,false,Rx,0,8,00,00,00,00,00,00,00,00,
7188173,000001F1,false,Rx,0,8,29,42,DD,01,00,00,28,00,
7188440,000001F2,false,Rx,0,8,00,00,00,00,00,00,00,00,
7190463,000001A1,false,Rx,0,8,47,EC,33,FE,F7,7F,64,00,
7190599,000001A2,false,Rx,0,8,00,00,00,00,00,08,00,00,
7190881,000001A3,false,Rx,0,8,FF,F3,3F,00,00,00,00,00,
7191120,000001A4,false,Rx,0,8,FE,07,00,00,00,00,00,00,
7192975,00000444,false,Rx,0,8,B2,70,20,50,55,50,00,00,
7193253,00000445,false,Rx,0,8,15,E0,00,00,03,04,00,18,
7193645,000000C5,false,Rx,1,8,00,00,00,00,00,00,00,00,
7194097,00000244,false,Rx,1,8,00,00,00,00,00,00,00,00,
7194601,0000041F,false,Rx,1,8,00,0C,00,00,00,00,00,00,
7195106,000004B4,false,Rx,1,8,01,00,0D,40,10,60,44,02,
7195627,000004B5,false,Rx,1,8,08,00,F0,07,00,00,00,00,
7195699,000003AA,false,Rx,0,8,FF,00,D0,00,54,00,00,00,
7195943,00000380,false,Rx,0,8,A0,99,01,0C,0C,0C,0C,01,
7196049,000004B7,false,Rx,1,8,08,00,F0,07,00,00,00,00,
7196570,000004CA,false,Rx,1,8,00,00,00,00,00,00,00,00,
7197097,000004CC,false,Rx,1,8,08,00,00,2A,00,00,03,00,
7197169,00000382,false,Rx,0,8,36,4D,02,00,00,05,09,00,
7197563,000004CE,false,Rx,1,8,14,01,FF,FF,FF,FF,FF,FF,
7197647,000003E0,false,Rx,0,8,09,00,01,00,54,03,00,00,
7198017,000004D7,false,Rx,1,8,23,01,00,00,00,00,00,00,
7198129,00000383,false,Rx,0,8,89,14,01,10,01,00,00,00,
7198490,000004D8,false,Rx,1,8,41,10,F6,F0,40,F2,1E,CC,
7199202,000004DF,false,Rx,1,8,00,00,08,00,00,00,00,00,
7199357,00000384,false,Rx,0,8,D8,3D,02,01,00,FF,00,22,
7199908,000004E7,false,Rx,1,8,00,30,00,00,00,00,69,00,
7200400,00000417,false,Rx,0,8,0E,60,00,00,00,01,00,00,
7200676,000004E8,false,Rx,1,8,FF,FF,FF,29,FF,FF,FF,00,
7200904,000004E9,false,Rx,1,8,00,00,00,00,00,00,00,00,
7201133,000004EA,false,Rx,1,8,00,00,00,00,00,00,00,00,
7201230,000004EB,false,Rx,1,8,04,68,2B,0B,00,00,00,00,
7201478,000004EC,false,Rx,1,8,FF,FF,FF,FF,FF,FF,FF,0F,
7202006,000004ED,false,Rx,1,8,FF,FF,FF,FF,FF,FF,FF,1F,
7202127,000004EE,false,Rx,1,8,FF,FF,00,00,00,00,00,00,
7202301,000004EF,false,Rx,1,8,60,00,60,00,29,14,00,00,
7202591,0000063D,false,Rx,1,8,00,80,00,00,00,00,00,00,
7203841,0000030B,false,Rx,0,8,D5,F5,52,00,04,00,00,00,
7204281,0000063E,false,Rx,1,8,FF,FF,FF,FF,FF,FF,FF,FF,
7204479,0000030C,false,Rx,0,8,00,00,0C,00,2C,00,A0,0F,
7204555,0000063F,false,Rx,1,8,00,10,00,C4,FF,00,00,00,
7204640,00000640,false,Rx,1,8,FF,FF,FF,00,FF,FF,FF,00,
7205104,0000030D,false,Rx,0,8,00,00,00,00,42,00,00,00,
7205369,00000641,false,Rx,1,8,FF,FF,FF,FF,0F,FF,FF,FF,
7205552,0000030E,false,Rx,0,8,00,00,28,05,21,00,00,1A,
7205627,00000646,false,Rx,1,8,00,00,00,80,01,00,00,00,
7205675,00000495,false,Rx,0,8,49,00,00,00,00,00,00,00,
7205722,00000418,false,Rx,0,8,C8,10,00,00,12,4C,00,00,
7205798,00000419,false,Rx,0,8,1E,40,00,CE,ED,64,84,00,
7205857,000004F0,false,Rx,1,8,4A,0D,2B,0C,5C,1A,11,02,
7206040,0000042A,false,Rx,0,8,CF,74,01,04,00,10,00,00,
7207117,000001AB,false,Rx,0,8,59,65,3C,40,70,90,00,00,
7207250,000001AC,false,Rx,0,8,00,28,00,00,00,00,00,00,
7208315,0000041A,false,Rx,0,8,7D,70,12,00,50,01,00,00,
7213036,00000448,false,Rx,0,8,7F,00,00,00,00,00,00,00,
7213657,000000A1,false,Rx,0,8,78,62,54,8A,D4,EC,A2,00,
7213852,000000A2,false,Rx,0,8,00,00,00,00,00,00,00,00,
7214329,000000A3,false,Rx,0,8,00,40,01,00,00,00,00,00,
7214824,00000415,false,Rx,0,8,80,F0,FF,0F,00,80,00,00,
7218080,00000036,false,Rx,0,8,11,C8,65,51,00,00,25,05,
7218175,00000037,false,Rx,0,8,00,00,00,10,00,40,00,00,
7218568,00000038,false,Rx,0,8,04,00,00,00,20,39,96,D4,
7218639,0000019B,false,Rx,0,8,7F,05,36,00,00,E4,00,00,
7219015,00000039,false,Rx,0,8,00,00,00,00,00,00,00,00,
7219143,0000019C,false,Rx,0,8,40,20,00,00,00,00,0B,09,
7219466,0000019D,false,Rx,0,8,00,10,00,01,00,00,00,00,
7219690,0000019E,false,Rx,0,8,15,00,00,00,00,32,00,00,
7224342,0000010B,false,Rx,0,8,0E,80,66,00,00,00,00,05,
7224440,0000010C,false,Rx,0,8,FF,F9,E7,1F,43,48,44,44,
7224823,0000010D,false,Rx,0,8,EF,02,00,00,00,00,00,35,
7224893,0000010E,false,Rx,0,8,00,00,1E,00,00,C0,AB,57,
7226875,000000C7,false,Rx,1,8,00,00,00,E1,07,00,00,00,
7226967,000004DD,false,Rx,1,8,00,00,00,00,04,00,00,00,
7227323,00000226,false,Rx,0,8,2A,CF,41,FF,00,20,09,42,
7227612,00000227,false,Rx,0,8,02,C4,07,09,00,F1,FF,07,
7227904,000002FF,false,Rx,0,8,83,B9,00,F0,3F,00,00,00,
7228307,00000316,false,Rx,0,8,6B,B5,22,04,00,80,0A,00,
7228584,00000317,false,Rx,0,8,00,00,05,00,00,00,00,00,
7228927,00000472,false,Rx,0,8,5C,EC,00,40,08,41,00,45,
7229273,00000473,false,Rx,0,8,5F,24,00,25,00,00,00,78,
7229533,00000474,false,Rx,0,8,53,98,00,00,00,00,00,10,
7230604,0000011B,false,Rx,0,8,68,2E,6B,05,80,08,A8,02,
7230769,00000121,false,Rx,0,8,78,A7,67,FD,FF,00,00,05,
7231024,0000011C,false,Rx,0,8,00,05,20,00,22,00,01,01,
7231255,00000122,false,Rx,0,8,FF,D9,67,1F,44,44,44,44,
7231501,00000123,false,Rx,0,8,F0,02,00,00,00,00,00,35,
7231759,00000124,false,Rx,0,8,00,00,0A,00,00,00,20,40,
7232016,0000012B,false,Rx,0,8,2F,D4,6B,06,00,00,08,00,
7232264,0000012C,false,Rx,0,8,00,00,01,00,00,64,00,00,
7232775,00000444,false,Rx,0,8,B2,70,20,50,55,50,00,00,
7233181,00000061,false,Rx,0,8,65,95,56,00,00,05,00,00,
7233391,00000445,false,Rx,0,8,15,E0,00,00,03,04,00,18,
7233635,00000062,false,Rx,0,8,02,02,00,01,40,FF,00,FF,
7233887,00000063,false,Rx,0,8,C7,00,15,00,00,08,FF,00,
7234167,00000064,false,Rx,0,8,04,00,00,04,FF,FA,00,00,
7234663,00000419,false,Rx,0,8,5C,50,F6,CD,ED,64,84,00,
7235933,00000380,false,Rx,0,8,A0,99,01,0C,0C,0C,0C,01,
7237131,00000382,false,Rx,0,8,36,4D,02,00,00,05,09,00,
7237758,000003E0,false,Rx,0,8,09,00,01,00,54,03,00,00,
7239263,00000417,false,Rx,0,8,0E,60,00,00,00,01,00,00,
7239735,00000383,false,Rx,0,8,89,14,01,10,01,00,00,00,
7240001,000003A1,false,Rx,0,8,24,E0,47,00,FF,FF,FF,FF,
7240244,00000384,false,Rx,0,8,D8,3D,02,01,00,FF,00,22,
7240509,000003A2,false,Rx,0,8,00,00,00,00,00,00,00,00,
7246124,0000042A,false,Rx,0,8,CF,74,01,04,00,10,00,00,
7247094,000003AE,false,Rx,1,8,02,FF,00,11,00,13,00,FF,
7247168,000004F0,false,Rx,1,8,4A,0D,2B,0C,5C,1A,11,02,
7247270,00000630,false,Rx,1,8,CF,FF,FF,FF,FF,FF,FF,FF,
7247789,00000631,false,Rx,1,8,C0,20,0D,01,00,00,00,00,
7248128,0000041A,false,Rx,0,8,7D,70,12,00,50,01,00,00,
7248220,00000632,false,Rx,1,8,00,00,C0,00,00,00,00,00,
7248268,00000633,false,Rx,1,8,00,00,05,13,00,00,8A,02,
7248343,00000634,false,Rx,1,8,2D,FF,FF,FF,FF,FF,FF,FF,
7249156,00000635,false,Rx,1,8,00,00,00,00,00,00,00,00,
7249747,00000636,false,Rx,1,8,00,13,00,00,00,05,00,00,
7249867,00000637,false,Rx,1,8,FF,0A,0A,0A,0A,0A,00,00,
7249937,00000639,false,Rx,1,8,00,13,00,00,8A,02,00,00,
7251538,00000146,false,Rx,0,8,A5,5C,27,10,04,05,00,00,
7251628,00000147,false,Rx,0,8,00,04,7D,00,40,00,00,00,
7251674,00000148,false,Rx,0,8,00,00,42,00,1E,7B,40,05,
7251942,00000149,false,Rx,0,8,00,38,00,C8,00,00,00,00,
7252109,000001B1,false,Rx,0,8,2D,B4,27,00,72,00,00,00,
7252397,000001B2,false,Rx,0,8,23,00,04,0E,8A,01,50,0F,
7252612,000000FF,false,Rx,0,8,CB,10,00,00,00,00,02,00,
7252858,000001B3,false,Rx,0,8,8B,2B,28,00,64,7F,71,7B,
7253128,000001B4,false,Rx,0,8,68,78,10,00,00,41,00,00,
7253530,00000394,false,Rx,0,8,2A,22,1A,49,00,00,00,00,
7253762,000003C3,false,Rx,0,8,45,10,31,30,36,00,00,00,
7254313,0000036F,false,Rx,0,8,81,C1,01,00,00,00,00,00,
7254562,000003E5,false,Rx,0,8,27,60,01,00,00,00,00,00,
7254808,0000037F,false,Rx,0,8,3A,B0,52,24,41,02,00,00,
7255038,000003E6,false,Rx,0,8,A1,40,00,00,00,00,00,00,
7255490,0000041B,false,Rx,0,8,BE,70,00,00,00,00,00,00,
7255794,0000041C,false,Rx,0,8,84,D0,E8,00,00,00,00,00,
7256084,00000422,false,Rx,0,8,FA,20,01,00,00,00,04,00,
7256785,00000432,false,Rx,0,8,03,20,02,00,00,00,00,00,
7256870,00000435,false,Rx,0,8,86,20,00,50,00,00,50,00,
7257010,00000442,false,Rx,0,8,CE,20,11,81,00,00,00,00,
7259206,00000464,false,Rx,0,8,6C,30,F0,FF,38,7F,05,00,
7261406,000001E1,false,Rx,0,8,E6,AA,16,02,00,00,00,00,
7261515,000001E2,false,Rx,0,8,00,00,00,00,00,00,00,00,
7263003,00000444,false,Rx,0,8,B2,70,20,50,55,50,00,00,
7263091,00000445,false,Rx,0,8,15,E0,00,00,03,04,00,18,
7263527,000000A1,false,Rx,0,8,4E,21,59,8A,D4,EC,A2,00,
7263827,000000A2,false,Rx,0,8,00,00,00,00,00,00,00,00,
7264058,000000A3,false,Rx,0,8,00,40,01,00,00,00,00,00,
7266594,000000C7,false,Rx,1,8,00,00,00,E1,07,00,00,00,
7266854,00000244,false,Rx,1,8,00,00,00,00,00,00,00,00,
7267143,000004C8,false,Rx,1,8,00,00,18,00,00,00,00,00,
7267393,000004D7,false,Rx,1,8,23,01,00,00,00,00,00,00,
7267643,000004DD,false,Rx,1,8,00,00,00,00,04,00,00,00,
7267944,000004E8,false,Rx,1,8,FF,FF,FF,29,FF,FF,FF,00,
7268223,00000036,false,Rx,0,8,90,BC,6A,51,00,00,25,05,
7268368,00000646,false,Rx,1,8,00,00,00,80,01,00,00,00,
7268669,00000037,false,Rx,0,8,00,00,00,10,00,40,00,00,
7269264,00000038,false,Rx,0,8,04,00,00,00,20,39,96,D4,
7269351,0000019B,false,Rx,0,8,72,C3,3B,00,00,E4,00,00,
7269397,00000039,false,Rx,0,8,00,00,00,00,00,00,00,00,
7269799,0000019C,false,Rx,0,8,40,20,00,00,00,00,0B,09,
7270186,00000091,false,Rx,0,8,C2,6D,08,00,00,00,00,00,
7270597,0000019D,false,Rx,0,8,00,10,00,01,00,00,00,00,
7270658,00000092,false,Rx,0,8,00,00,00,00,00,00,00,00,
7270878,0000019E,false,Rx,0,8,15,00,00,00,00,32,00,00,
7271185,00000093,false,Rx,0,8,00,00,00,00,00,00,00,00,
7271547,00000094,false,Rx,0,8,00,00,00,00,00,00,00,00,
7274649,0000010B,false,Rx,0,8,03,46,6B,00,00,00,00,05,
7274805,00000419,false,Rx,0,8,5C,50,F6,CD,ED,64,84,00,
7274874,0000010C,false,Rx,0,8,FF,F9,E7,1F,43,48,44,44,
7274919,00000516,false,Rx,0,8,61,02,00,00,00,00,FF,FF,
7275069,0000010D,false,Rx,0,8,EF,02,00,00,00,00,00,35,
7275515,0000010E,false,Rx,0,8,00,00,1E,00,00,C0,AB,57,
7275952,00000380,false,Rx,0,8,A0,99,01,0C,0C,0C,0C,01,
7277347,000003AE,false,Rx,1,8,FF,FF,FF,FF,FF,FF,FF,FF,
7278211,00000382,false,Rx,0,8,36,4D,02,00,00,05,09,00,
7278662,00000630,false,Rx,1,8,FF,FF,FF,FF,FF,FF,FF,FF,
7278753,00000631,false,Rx,1,8,C0,FF,FF,03,00,00,00,00,
7279478,000003E0,false,Rx,0,8,09,00,01,00,54,03,00,00,
7280080,00000632,false,Rx,1,8,00,00,40,00,00,00,00,00,
7280463,00000633,false,Rx,1,8,00,FF,FF,FF,FF,FF,FF,FF,
7280598,00000634,false,Rx,1,8,FF,FF,FF,FF,FF,FF,FF,FF,
7280815,00000383,false,Rx,0,8,89,14,01,10,01,00,00,00,
7280906,000002AB,false,Rx,0,8,FB,87,0B,0C,0C,00,00,00,
7280975,00000635,false,Rx,1,8,FF,00,00,00,00,00,00,00,
7281273,00000636,false,Rx,1,8,FF,FF,FF,FF,FF,FF,00,00,
7281401,000002AC,false,Rx,0,8,00,FF,FF,00,00,40,00,50,
7281485,00000637,false,Rx,1,8,FF,FF,FF,FF,FF,FF,00,00,
7282037,000002AD,false,Rx,0,8,00,01,00,40,FF,FF,FF,0F,
7282143,00000639,false,Rx,1,8,00,FF,FF,FF,FF,FF,00,00,
7282560,00000384,false,Rx,0,8,D8,3D,02,01,00,FF,00,22,
7282648,00000161,false,Rx,0,8,B5,A3,38,03,00,00,00,02,
7282693,0000011B,false,Rx,0,8,AA,F4,70,05,80,08,A8,02,
7282747,00000121,false,Rx,0,8,B2,E4,6C,01,00,00,00,05,
7283129,0000011C,false,Rx,0,8,00,05,20,00,22,00,01,01,
7283414,00000122,false,Rx,0,8,FF,D9,67,1F,44,44,44,44,
7283871,000001FB,false,Rx,0,8,50,22,0B,00,00,00,00,00,
7283995,00000123,false,Rx,0,8,F0,02,00,00,00,00,00,35,
7284045,000001FC,false,Rx,0,8,00,00,00,00,00,00,00,00,
7284300,00000124,false,Rx,0,8,00,00,0A,00,00,00,20,40,
7284377,000001FD,false,Rx,0,8,00,1A,03,00,00,00,00,00,
7284844,0000012B,false,Rx,0,8,ED,0E,70,06,00,00,08,00,
7285401,000001FE,false,Rx,0,8,00,00,00,00,00,00,00,00,
7285489,00000061,false,Rx,0,8,68,53,5B,00,00,05,00,00,
7285746,0000012C,false,Rx,0,8,00,00,01,00,00,64,00,00,
7285829,00000062,false,Rx,0,8,02,02,00,01,40,FF,00,FF,
7286086,00000162,false,Rx,0,8,FF,FC,01,00,00,00,00,00,
7286188,00000063,false,Rx,0,8,C7,00,15,00,00,08,FF,00,
7286379,000002AE,false,Rx,0,8,01,00,FF,3F,01,01,00,00,
7286441,00000064,false,Rx,0,8,04,00,00,04,FF,FA,00,00,
7286487,000002B6,false,Rx,0,8,C8,FC,0B,01,01,00,00,40,
7286540,000003B0,false,Rx,0,8,72,37,FF,C7,00,00,03,C0,
7286611,000002B7,false,Rx,0,8,95,01,C1,00,00,04,00,00,
7286655,000003B1,false,Rx,0,8,9B,3C,FF,40,00,00,20,00,
7286697,000002B8,false,Rx,0,8,B2,61,11,00,00,00,00,00,
7286740,000003B2,false,Rx,0,8,36,15,FF,02,29,2F,34,00,
7286787,000002B9,false,Rx,0,8,0A,00,00,00,00,00,00,00,
7286861,00000417,false,Rx,0,8,0E,60,00,00,00,01,00,00,
7286922,000002C1,false,Rx,0,8,A6,56,06,00,00,41,00,A1,
7287107,00000427,false,Rx,0,8,1D,86,FF,00,80,0A,00,00,
7287371,00000487,false,Rx,1,8,00,00,00,00,00,00,00,00,
7287439,000002C2,false,Rx,0,8,40,00,00,00,00,00,00,00,
7287609,0000042A,false,Rx,0,8,CF,74,01,04,00,10,00,00,
7287833,00000642,false,Rx,1,8,FF,FF,FF,FF,FF,FF,00,00,
7287910,000002C3,false,Rx,0,8,00,00,00,00,00,00,00,00,
7288459,000002C4,false,Rx,0,8,00,00,00,00,00,00,00,00,
7288882,000002E1,false,Rx,0,8,2F,C4,0B,00,00,00,00,40,
7289348,000002E2,false,Rx,0,8,0F,00,00,00,00,14,00,04,
7289832,000002E3,false,Rx,0,8,00,00,00,00,00,00,72,01,
7290327,000002E4,false,Rx,0,8,02,00,00,00,00,00,00,00,
7290558,000001A1,false,Rx,0,8,FF,ED,38,FE,F7,7F,64,00,
7291062,000001A2,false,Rx,0,8,00,00,00,00,00,08,00,00,
7291556,000001A3,false,Rx,0,8,FF,F3,3F,00,00,00,00,00,
7292143,000001A4,false,Rx,0,8,FE,07,00,00,00,00,00,00,
7298029,000004C8,false,Rx,1,8,00,00,00,00,00,00,00,00,
7299233,00000419,false,Rx,0,8,E5,60,F6,CD,DD,64,84,00,
7303759,000002BF,false,Rx,0,8,FF,FF,FF,00,00,00,00,00,
7303873,0000047F,false,Rx,0,8,FF,FF,FF,FF,FF,FF,FF,FF,
7304238,00000653,false,Rx,0,8,0A,19,03,01,02,2A,00,00,
7306847,000001AB,false,Rx,0,8,1C,B5,41,40,70,90,00,00,
7306939,000001AC,false,Rx,0,8,00,28,00,00,00,00,00,00,
7307660,000000C7,false,Rx,1,8,00,00,00,E1,07,00,00,00,
7308109,000003AE,false,Rx,1,8,FF,FF,FF,FF,FF,FF,FF,FF,
7308370,000004D7,false,Rx,1,8,23,01,00,00,00,00,00,00,
7308678,000004E8,false,Rx,1,8,FF,FF,FF,29,FF,FF,FF,00,
7308928,00000630,false,Rx,1,8,FF,FF,FF,FF,FF,FF,FF,FF,
7309234,00000631,false,Rx,1,8,C0,FF,FF,03,00,00,00,00,
7309514,00000632,false,Rx,1,8,00,00,40,00,00,00,00,00,
7309998,00000633,false,Rx,1,8,00,FF,FF,FF,FF,FF,FF,FF,
7310604,00000634,false,Rx,1,8,FF,FF,FF,FF,FF,FF,FF,FF,
7310969,00000635,false,Rx,1,8,FF,00,00,00,00,00,00,00,
7311028,00000636,false,Rx,1,8,FF,FF,FF,FF,FF,FF,00,00,
7311081,00000637,false,Rx,1,8,FF,FF,FF,FF,FF,FF,00,00,
7311129,00000639,false,Rx,1,8,00,FF,FF,FF,FF,FF,00,00,
7313655,000000A1,false,Rx,0,8,47,A4,5E,8A,D4,EC,A2,00,
7313938,000000A2,false,Rx,0,8,00,00,00,00,00,00,00,00,
7314078,000000A3,false,Rx,0,8,00,40,01,00,00,00,00,00,
7318024,00000036,false,Rx,0,8,EF,90,6F,51,00,00,25,05,
7318135,00000037,false,Rx,0,8,00,00,00,10,00,40,00,00,
7318427,00000038,false,Rx,0,8,04,00,00,00,20,39,96,D4,
7318582,0000019B,false,Rx,0,8,D3,BC,40,00,00,E4,00,00,
7318844,00000039,false,Rx,0,8,00,00,00,00,00,00,00,00,
7319069,0000019C,false,Rx,0,8,40,20,00,00,00,00,0B,09,
7319329,0000019D,false,Rx,0,8,00,10,00,01,00,00,00,00,
7319564,0000019E,false,Rx,0,8,15,00,00,00,00,32,00,00,
7321669,000001E6,false,Rx,0,8,45,6C,12,C2,03,64,64,00,
7321760,000001BB,false,Rx,0,8,E9,91,12,C2,03,64,64,0A,
7322224,000001BC,false,Rx,0,8,32,00,00,00,02,00,00,00,
7322312,000001BD,false,Rx,0,8,00,00,00,00,00,00,00,00,
7322571,000001E7,false,Rx,0,8,00,00,22,03,00,01,00,00,
7323316,00000435,false,Rx,0,8,61,30,00,50,00,00,00,00,
7323417,00000445,false,Rx,0,8,9E,00,00,00,02,00,00,18,
7324488,0000010B,false,Rx,0,8,7E,83,70,00,00,00,00,05,
7324597,0000010C,false,Rx,0,8,FF,F9,E7,1F,43,48,44,44,
7324646,0000010D,false,Rx,0,8,EF,02,00,00,00,00,00,35,
7325040,0000010E,false,Rx,0,8,00,00,1E,00,00,C0,AB,57,
7327886,000004A3,false,Rx,1,8,80,00,48,0B,3E,00,00,00,
7327975,000004A4,false,Rx,1,8,FF,FF,FF,00,00,00,00,00,
7330670,00000121,false,Rx,0,8,53,68,71,00,00,00,00,05,
7330762,0000011B,false,Rx,0,8,5C,DC,75,05,80,08,A8,02,
7331001,00000122,false,Rx,0,8,FF,D9,67,1F,44,44,44,44,
7331239,0000011C,false,Rx,0,8,00,05,20,00,22,00,01,01,
7331479,00000123,false,Rx,0,8,F0,02,00,00,00,00,00,35,
7331716,00000124,false,Rx,0,8,00,00,0A,00,00,00,20,40,
7332032,0000012B,false,Rx,0,8,1B,26,75,06,00,00,08,00,
7332289,0000012C,false,Rx,0,8,00,00,01,00,00,64,00,00,
7333146,00000061,false,Rx,0,8,BE,0F,60,00,00,05,00,00,
7333399,00000062,false,Rx,0,8,02,02,00,01,40,FF,00,FF,
7333657,00000063,false,Rx,0,8,C7,00,15,00,00,08,FF,00,
7333919,00000064,false,Rx,0,8,04,00,00,04,FF,FA,00,00,
7334209,00000475,false,Rx,0,8,12,00,00,00,00,00,00,00,
7334634,00000496,false,Rx,0,8,12,00,00,00,00,00,00,00,
7334878,00000419,false,Rx,0,8,8D,70,E9,CD,DD,64,84,00,
7336232,00000236,false,Rx,0,8,E0,60,0B,00,30,63,34,6C,
7336406,000002FB,false,Rx,0,8,77,7C,0B,04,0C,14,C3,C3,
7336647,00000237,false,Rx,0,8,00,05,94,00,00,5D,1D,00,
7336891,00000151,false,Rx,0,8,95,08,0B,A0,C8,00,28,15,
7337134,00000238,false,Rx,0,8,00,00,0C,00,00,00,00,00,
7337363,00000152,false,Rx,0,8,12,14,14,00,24,00,00,00,
7337615,000001F6,false,Rx,0,8,5B,63,0B,00,00,00,00,0C,
7337875,00000153,false,Rx,0,8,00,00,00,00,00,00,00,00,
7338067,000004C8,false,Rx,1,8,00,00,00,00,00,00,00,00,
7338179,000001F7,false,Rx,0,8,1F,00,DC,00,00,00,00,00,
7338391,00000154,false,Rx,0,8,00,00,00,00,00,00,00,00,
7338605,000001F1,false,Rx,0,8,44,1E,E0,01,00,00,28,00,
7338887,000001F8,false,Rx,0,8,00,69,00,64,00,00,00,00,
7339110,000001F2,false,Rx,0,8,00,00,00,00,00,00,00,00,
7339337,000001F9,false,Rx,0,8,19,00,A0,C8,14,00,19,00,
7339612,000002FC,false,Rx,0,8,00,00,12,15,00,00,78,96,
7339825,00000239,false,Rx,0,8,00,00,00,00,01,00,00,00,
7340068,000002FD,false,Rx,0,8,00,00,00,00,00,1C,10,EA,
7340311,0000025B,false,Rx,0,8,0F,AE,0B,40,40,20,00,00,
7340620,000002FE,false,Rx,0,8,00,00,72,01,00,28,00,00,
7340894,0000025C,false,Rx,0,8,00,00,1F,00,BD,68,14,00,
7341039,00000326,false,Rx,0,8,64,68,0B,00,00,00,00,00,
7341293,0000025D,false,Rx,0,8,00,C8,00,00,00,80,C0,70,
7341556,00000327,false,Rx,0,8,00,00,00,00,05,00,00,00,
7342018,0000025E,false,Rx,0,8,49,07,0E,07,00,00,00,00,
7342124,00000328,false,Rx,0,8,DC,00,19,00,00,69,00,00,
7343294,00000329,false,Rx,0,8,A0,64,00,00,00,00,00,00,
7343479,00000331,false,Rx,0,8,D5,EE,0B,F1,C8,A0,2C,97,
7343544,00000332,false,Rx,0,8,44,07,B4,00,00,00,00,00,
7343591,00000333,false,Rx,0,8,00,00,00,1C,0C,40,20,A0,
7343639,00000334,false,Rx,0,8,C8,00,00,00,5C,70,B7,8F,
7346991,0000033B,false,Rx,0,8,C9,6F,54,00,00,00,00,00,
7347184,0000033C,false,Rx,0,8,00,00,00,00,F0,00,00,00,
7347484,0000033D,false,Rx,0,8,00,00,00,00,00,00,00,00,
7347855,000003AE,false,Rx,1,8,FF,FF,FF,FF,FF,FF,FF,FF,
7347928,0000033E,false,Rx,0,8,00,00,00,00,00,00,00,00,
7348166,000004D7,false,Rx,1,8,23,01,00,00,00,00,00,00,
7348650,000004E8,false,Rx,1,8,FF,FF,FF,29,FF,FF,FF,00,
7349170,00000630,false,Rx,1,8,FF,FF,FF,FF,FF,FF,FF,FF,
7349395,00000356,false,Rx,0,8,57,A2,AA,00,00,00,00,00,
7349444,00000357,false,Rx,0,8,00,00,00,00,00,4B,4D,48,
7349510,00000631,false,Rx,1,8,C0,FF,FF,03,00,00,00,00,
7349702,00000632,false,Rx,1,8,00,00,40,00,00,00,00,00,
7349970,00000358,false,Rx,0,8,35,41,45,4D,52,37,33,4F,
7350207,00000633,false,Rx,1,8,00,FF,FF,FF,FF,FF,FF,FF,
7350435,00000359,false,Rx,0,8,51,4F,34,52,4A,35,33,00,
7350678,00000634,false,Rx,1,8,FF,FF,FF,FF,FF,FF,FF,FF,
7351147,00000635,false,Rx,1,8,FF,00,00,00,00,00,00,00,
7351402,00000146,false,Rx,0,8,1D,5D,2C,10,04,05,00,00,
7351650,00000636,false,Rx,1,8,FF,FF,FF,FF,FF,FF,00,00,
7351713,00000147,false,Rx,0,8,00,04,7D,00,40,00,00,00,
7352274,00000637,false,Rx,1,8,FF,FF,FF,FF,FF,FF,00,00,
7352499,00000148,false,Rx,0,8,00,00,42,00,1E,7B,40,05,
7352643,000001B1,false,Rx,0,8,95,B5,2C,00,72,00,00,00,
7352940,00000149,false,Rx,0,8,00,38,00,C8,00,00,00,00,
7353054,00000639,false,Rx,1,8,00,FF,FF,FF,FF,FF,00,00,
7353387,000001B2,false,Rx,0,8,23,00,04,0E,8A,01,50,0F,
7353505,000001B3,false,Rx,0,8,8B,2B,28,00,64,7F,71,7B,
7354034,000001B4,false,Rx,0,8,68,78,10,00,00,41,00,00,
7354101,0000036F,false,Rx,0,8,38,D1,01,00,00,00,00,00,
7354656,0000037F,false,Rx,0,8,32,C0,52,24,41,02,00,00,
7358224,00000111,false,Rx,0,8,E3,89,F9,01,00,00,00,00,
7358339,00000112,false,Rx,0,8,00,00,00,00,00,00,00,00,
7358712,00000113,false,Rx,0,8,00,00,00,00,00,00,00,00,
7358808,00000114,false,Rx,0,8,00,00,00,00,00,00,00,00,
7363267,00000435,false,Rx,0,8,61,30,00,50,00,00,00,00,
7363358,00000401,false,Rx,0,8,99,20,10,00,00,01,00,00,
7363760,000000A1,false,Rx,0,8,84,27,63,8A,D4,EC,A2,00,
7363824,00000445,false,Rx,0,8,9E,00,00,00,02,00,00,18,
7364176,000000A2,false,Rx,0,8,00,00,00,00,00,00,00,00,
7365007,000000A3,false,Rx,0,8,00,40,01,00,00,00,00,00,
7367626,000000C7,false,Rx,1,8,00,00,00,E0,07,00,00,00,
7367872,00000036,false,Rx,0,8,35,68,74,51,00,00,25,05,
7368298,00000037,false,Rx,0,8,05,00,00,10,00,40,00,00,
7368484,00000038,false,Rx,0,8,04,00,00,00,20,39,96,D4,
7368729,0000019B,false,Rx,0,8,AC,90,45,00,00,E4,00,00,
7368971,00000039,false,Rx,0,8,00,00,00,00,00,00,00,00,
7369206,0000019C,false,Rx,0,8,40,20,00,00,00,00,0B,09,
7369571,0000019D,false,Rx,0,8,00,10,00,01,00,00,00,00,
7369782,0000019E,false,Rx,0,8,15,00,00,00,00,32,00,00,
7370062,00000091,false,Rx,0,8,ED,07,09,00,00,00,00,00,
7370305,00000092,false,Rx,0,8,03,00,00,00,30,00,00,00,
7370565,00000093,false,Rx,0,8,00,00,00,00,00,00,00,00,
7370845,00000094,false,Rx,0,8,00,00,00,00,00,00,00,00,
7373035,000002D6,false,Rx,0,8,16,98,05,00,00,00,00,00,
7373236,000002D7,false,Rx,0,8,00,00,00,00,03,00,00,00,
7373494,000002D8,false,Rx,0,8,00,00,00,00,00,00,38,44,
7373752,000002D9,false,Rx,0,8,00,00,00,00,00,00,00,00,
7374022,000002EB,false,Rx,0,8,9A,6F,05,09,08,02,00,02,
7374296,0000010B,false,Rx,0,8,01,AF,75,00,00,00,00,05,
7374521,000002EC,false,Rx,0,8,12,00,00,00,00,00,00,00,
7374753,0000010C,false,Rx,0,8,FF,F9,E7,1F,43,48,44,44,
7375002,000002ED,false,Rx,0,8,00,00,00,00,00,00,00,00,
7375270,0000010D,false,Rx,0,8,EF,02,00,00,00,00,00,35,
7375494,000002EE,false,Rx,0,8,00,00,00,00,00,00,00,00,
7375731,0000010E,false,Rx,0,8,00,00,1E,00,00,C0,AB,57,
7375975,00000405,false,Rx,0,8,BD,30,00,00,00,01,00,00,
7376264,00000413,false,Rx,0,8,F5,10,00,41,00,00,00,00,
7376450,00000410,false,Rx,0,8,A3,90,53,3C,B4,6A,FF,FF,
7376686,00000251,false,Rx,0,8,BE,2B,0B,00,00,00,00,00,
7376942,00000411,false,Rx,0,8,09,81,50,50,00,00,44,04,
7377199,00000252,false,Rx,0,8,00,00,00,00,03,00,00,00,
7377453,00000396,false,Rx,0,8,4A,35,05,0F,08,02,00,02,
7377723,00000253,false,Rx,0,8,00,00,00,52,00,00,80,46,
7377880,000004C8,false,Rx,1,8,00,00,00,00,00,00,00,00,
7377946,00000397,false,Rx,0,8,10,00,00,00,00,00,00,00,
7378158,00000412,false,Rx,0,8,F1,00,00,00,00,00,04,00,
7378490,00000398,false,Rx,0,8,00,00,00,00,00,00,00,00,
7379083,00000414,false,Rx,0,8,87,A0,00,00,28,00,00,00,
7379652,00000416,false,Rx,0,8,55,00,00,00,00,00,00,00,
7379752,00000561,false,Rx,0,8,63,02,00,00,00,00,FF,FF,
7379812,00000417,false,Rx,0,8,0E,60,00,00,00,01,00,00,
7380156,00000418,false,Rx,0,8,C8,10,00,00,12,4C,00,00,
7380271,00000419,false,Rx,0,8,8D,70,E9,CD,DD,64,84,00,
7380513,00000161,false,Rx,0,8,43,8B,3D,03,00,00,00,02,
7380847,0000011B,false,Rx,0,8,46,A5,7A,05,80,08,A8,02,
7381153,00000121,false,Rx,0,8,88,36,76,FF,FF,00,00,05,
7381611,0000011C,false,Rx,0,8,00,05,20,00,22,00,01,01,
7381696,00000122,false,Rx,0,8,FF,D9,67,1F,44,44,44,44,
7381793,00000123,false,Rx,0,8,F0,02,00,00,00,00,00,35,
7381855,00000124,false,Rx,0,8,00,00,0A,00,00,00,20,40,
7382161,0000012B,false,Rx,0,8,01,5F,7A,06,00,00,08,00,
7382597,0000012C,false,Rx,0,8,00,00,01,00,00,64,00,00,
7383502,00000162,false,Rx,0,8,FF,FC,01,00,00,00,00,00,
7383649,00000061,false,Rx,0,8,C1,23,65,00,00,05,00,00,
7383819,00000062,false,Rx,0,8,02,02,00,01,40,FF,00,FF,
7383876,00000063,false,Rx,0,8,C7,00,15,00,00,08,FF,00,
7384134,00000064,false,Rx,0,8,04,00,00,04,FF,FA,00,00,
7385496,000002E6,false,Rx,0,8,E6,CF,0B,01,00,00,00,15,
7385728,00000256,false,Rx,0,8,CE,88,0B,15,00,00,10,00,
7385781,000002E7,false,Rx,0,8,0A,00,00,00,01,00,00,00,
7385863,00000257,false,Rx,0,8,00,7B,3E,00,83,07,00,7A,
7385912,000002E8,false,Rx,0,8,00,00,00,00,00,00,00,00,
7385982,00000258,false,Rx,0,8,01,27,1D,00,10,15,00,28,
7386602,000002E9,false,Rx,0,8,00,00,00,00,00,00,00,00,
7386937,00000259,false,Rx,0,8,E8,03,11,3C,E8,01,00,00,
7387390,000003B6,false,Rx,0,8,B3,D7,05,00,00,00,00,44,
7387453,000003B7,false,Rx,0,8,43,00,00,00,00,18,00,00,
7387498,000003B8,false,Rx,0,8,EB,02,00,00,00,00,69,0E,
7387544,000003B9,false,Rx,0,8,00,00,00,00,00,00,00,00,
7390422,000001A1,false,Rx,0,8,80,C1,3D,FE,F7,7F,64,00,
7390655,000001A2,false,Rx,0,8,00,00,00,00,00,08,00,00,
7390894,000001A3,false,Rx,0,8,FF,F3,3F,00,00,00,00,00,
7391167,000001A4,false,Rx,0,8,FE,07,00,00,00,00,00,00,
7395662,000003AA,false,Rx,0,8,FF,00,D0,00,54,00,00,00,
7398615,000000C5,false,Rx,1,8,00,00,00,00,00,00,00,00,
7398887,00000244,false,Rx,1,8,00,00,00,00,00,00,00,00,
7399134,000004B4,false,Rx,1,8,01,00,0D,40,10,60,44,02,
7399381,000004B5,false,Rx,1,8,08,00,F0,07,00,00,00,00,
7399671,000004B7,false,Rx,1,8,08,00,F0,07,00,00,00,00,
7399951,000004CA,false,Rx,1,8,00,00,00,00,00,00,00,00,
7400212,000004CC,false,Rx,1,8,08,00,00,2A,00,00,03,00,
7400458,000004CE,false,Rx,1,8,14,01,FF,FF,FF,FF,FF,FF,
7400755,000004D7,false,Rx,1,8,23,01,00,00,00,00,00,00,
7401003,000004D8,false,Rx,1,8,41,10,F6,F0,40,F2,1E,CC,
7401264,000004DD,false,Rx,1,8,00,00,00,00,04,00,00,00,
7401553,000004DF,false,Rx,1,8,00,00,08,00,00,00,00,00,
7401803,000004E7,false,Rx,1,8,00,30,00,00,00,00,69,00,
7402084,000004E8,false,Rx,1,8,FF,FF,FF,29,FF,FF,FF,00,
7402334,000004E9,false,Rx,1,8,00,00,00,00,00,00,00,00,
7402574,0000030B,false,Rx,0,8,C2,B6,54,00,04,00,00,00,
7402711,000004EA,false,Rx,1,8,00,00,00,00,00,00,00,00,
7402851,0000030C,false,Rx,0,8,00,00,0C,00,2C,00,A0,0F,
7402928,000004EB,false,Rx,1,8,04,68,2B,0C,00,00,00,00,
7403075,00000435,false,Rx,0,8,61,30,00,50,00,00,00,00,
7403335,0000030D,false,Rx,0,8,00,00,00,00,42,00,00,00,
7403413,000004EC,false,Rx,1,8,FF,FF,FF,FF,FF,FF,FF,0F,
7403572,00000445,false,Rx,0,8,9E,00,00,00,02,00,00,18,
7403811,0000030E,false,Rx,0,8,00,00,28,05,21,00,00,00,
7403896,000004ED,false,Rx,1,8,FF,FF,FF,FF,FF,FF,FF,1F,
7404109,00000495,false,Rx,0,8,49,00,00,00,00,00,00,00,
7404353,000004EE,false,Rx,1,8,FF,FF,00,00,00,00,00,00,
7404580,00000419,false,Rx,0,8,9D,80,E9,CD,C5,64,84,00,
7404824,000004EF,false,Rx,1,8,60,00,60,00,29,14,00,00,
7405321,0000063D,false,Rx,1,8,00,80,00,00,00,00,00,00,
7405827,0000063E,false,Rx,1,8,FF,FF,FF,FF,FF,FF,FF,FF,
7406317,0000063F,false,Rx,1,8,00,10,00,C4,FF,00,00,00,
7406773,00000640,false,Rx,1,8,FF,FF,FF,00,FF,FF,FF,00,
7407073,00000641,false,Rx,1,8,FF,FF,FF,FF,0F,FF,FF,FF,
7407348,000001AB,false,Rx,0,8,83,DD,46,40,70,90,00,00,
7407431,00000646,false,Rx,1,8,00,00,00,80,01,00,00,00,
7407640,000001AC,false,Rx,0,8,00,28,00,00,00,00,00,00,
7409686,000000C7,false,Rx,1,8,00,00,00,E0,07,00,00,00,
7411584,000001E1,false,Rx,0,8,FC,D3,19,02,00,00,00,00,
7411784,000001E2,false,Rx,0,8,00,00,00,00,00,00,00,00,
7412860,00000444,false,Rx,0,8,9E,80,05,40,55,50,00,00,
7413372,00000448,false,Rx,0,8,7F,00,00,00,00,00,00,00,
7413557,000000A1,false,Rx,0,8,B8,D6,68,8A,D4,EC,A2,00,
7413844,000000A2,false,Rx,0,8,00,00,00,00,00,00,00,00,
7414119,000000A3,false,Rx,0,8,00,40,01,00,00,00,00,00,
7417952,00000036,false,Rx,0,8,38,AE,79,51,00,00,25,05,
7418123,00000037,false,Rx,0,8,05,00,00,10,00,40,00,00,
7418379,0000019B,false,Rx,0,8,2D,E4,4A,00,00,E4,00,00,
7418629,00000038,false,Rx,0,8,04,00,00,00,20,39,96,D4,
7418869,0000019C,false,Rx,0,8,40,20,00,00,00,00,0B,09,
7419116,00000039,false,Rx,0,8,00,00,00,00,00,00,00,00,
7419367,0000019D,false,Rx,0,8,00,10,00,01,00,00,00,00,
7419607,0000019E,false,Rx,0,8,15,00,00,00,00,32,00,00,
7424191,0000010B,false,Rx,0,8,80,DB,7A,00,00,00,00,05,
7424364,0000010C,false,Rx,0,8,FF,F9,E7,1F,43,48,44,44,
7424602,0000010D,false,Rx,0,8,EF,02,00,00,00,00,00,35,
7424873,0000010E,false,Rx,0,8,00,00,1E,00,00,C0,AB,57,
7426637,00000226,false,Rx,0,8,43,8F,43,FF,00,20,09,42,
7426811,000002FF,false,Rx,0,8,83,B9,00,F0,3F,00,00,00,
7427094,00000227,false,Rx,0,8,02,C4,07,09,00,F1,FF,07,
7427888,00000316,false,Rx,0,8,4F,1D,23,04,00,80,0A,00,
7428064,00000472,false,Rx,0,8,5C,EC,00,40,08,41,00,45,
7428188,00000317,false,Rx,0,8,00,00,05,00,00,00,00,00,
7428265,00000473,false,Rx,0,8,5F,24,00,25,00,00,00,78,
7428351,00000474,false,Rx,0,8,53,98,00,00,00,00,00,10,
7430731,00000121,false,Rx,0,8,AD,30,7B,00,00,00,00,05,
7430830,00000122,false,Rx,0,8,FF,D9,67,1F,44,44,44,44,
7431125,00000123,false,Rx,0,8,F0,02,00,00,00,00,00,35,
7431351,00000124,false,Rx,0,8,00,00,0A,00,00,00,20,40,
7433233,00000061,false,Rx,0,8,FA,56,6A,00,00,05,00,00,
7433374,00000062,false,Rx,0,8,02,02,00,01,40,FF,00,FF,
7433663,00000063,false,Rx,0,8,C8,00,15,00,00,08,FF,00,
7433908,00000064,false,Rx,0,8,04,00,00,04,FF,FA,00,00,
7434318,00000419,false,Rx,0,8,0C,90,C9,CD,C5,64,84,00,
7439783,000003A1,false,Rx,0,8,3E,99,48,00,FF,FF,FF,FF,
7440052,000003A2,false,Rx,0,8,00,00,00,00,00,00,00,00,
7442544,00000444,false,Rx,0,8,02,90,05,00,11,10,00,00,
7442753,00000445,false,Rx,0,8,21,10,00,00,02,04,00,18,
7449617,000000C7,false,Rx,1,8,00,00,00,E0,07,00,00,00,
7451153,00000146,false,Rx,0,8,34,FA,31,10,04,05,00,00,
7451319,00000147,false,Rx,0,8,01,04,7D,00,40,07,00,00,
7451576,00000148,false,Rx,0,8,00,00,42,00,1E,7B,40,05,
7451830,00000149,false,Rx,0,8,00,38,00,C8,00,00,00,00,
7452063,000001B1,false,Rx,0,8,6C,47,31,00,72,00,00,00,
7452315,000001B2,false,Rx,0,8,23,00,04,0E,8A,01,50,0F,
7452563,000000FF,false,Rx,0,8,CB,10,00,00,00,00,02,00,
7452789,000001B3,false,Rx,0,8,8A,2B,28,00,64,7F,71,7B,
7453096,000001B4,false,Rx,0,8,68,78,10,00,00,41,00,00,
7453363,00000394,false,Rx,0,8,2A,22,1A,49,00,00,00,00,
7453605,000003C3,false,Rx,0,8,45,10,31,30,36,00,00,00,
7453906,000003E0,false,Rx,0,8,09,00,01,00,54,03,00,00,
7454609,000003E5,false,Rx,0,8,27,60,01,00,00,00,00,00,
7454863,0000036F,false,Rx,0,8,EE,E1,01,00,00,00,00,00,
7455092,000003E6,false,Rx,0,8,A1,40,00,00,00,00,00,00,
7455336,0000037F,false,Rx,0,8,8B,D0,52,24,41,02,00,00,
7455573,00000405,false,Rx,0,8,3A,40,00,00,00,00,00,00,
7455831,0000041A,false,Rx,0,8,7D,70,12,00,50,01,00,00,
7456102,00000418,false,Rx,0,8,39,20,00,00,10,4C,00,00,
7456370,0000041B,false,Rx,0,8,BE,70,00,00,00,00,00,00,
7456649,0000041C,false,Rx,0,8,84,D0,E8,00,00,00,00,00,
7456931,00000422,false,Rx,0,8,FA,20,01,00,00,00,04,00,
7457275,00000432,false,Rx,0,8,03,20,02,00,00,00,00,00,
7458002,00000435,false,Rx,0,8,61,30,00,50,00,00,00,00,
7458457,00000442,false,Rx,0,8,CE,20,11,81,00,00,00,00,
7459414,00000464,false,Rx,0,8,6C,30,F0,FF,38,7F,05,00,
7463580,000000A1,false,Rx,0,8,B7,3D,6D,8A,D4,EC,A2,00,
7463795,000000A2,false,Rx,0,8,00,00,00,00,00,00,00,00,
7464033,000000A3,false,Rx,0,8,00,40,01,00,00,00,00,00,
7467790,00000036,false,Rx,0,8,CB,30,7E,51,00,00,25,05,
7467987,00000037,false,Rx,0,8,05,00,00,10,00,40,00,00,
7468252,00000038,false,Rx,0,8,04,00,00,00,20,39,96,D4,
7468503,00000039,false,Rx,0,8,00,00,00,00,00,00,00,00,
7468738,0000019B,false,Rx,0,8,52,C8,4F,00,00,E4,00,00,
7468992,0000019C,false,Rx,0,8,40,20,00,00,00,00,0B,09,
7469244,0000019D,false,Rx,0,8,00,10,00,01,00,00,00,00,
7469502,0000019E,false,Rx,0,8,15,00,00,00,00,32,00,00,
7470016,00000091,false,Rx,0,8,2F,93,0A,00,00,00,00,00,
7470277,00000092,false,Rx,0,8,1F,00,00,00,F0,01,00,00,
7470537,00000093,false,Rx,0,8,00,00,00,00,00,00,00,00,
7470827,00000094,false,Rx,0,8,00,00,00,00,00,00,00,00,
7471391,000001E6,false,Rx,0,8,4B,0E,15,02,00,00,00,00,
7471688,000001BB,false,Rx,0,8,B0,3C,15,02,00,00,00,0A,
7472064,000001BC,false,Rx,0,8,32,00,00,00,02,00,00,00,
7472461,000001BD,false,Rx,0,8,00,00,00,00,00,00,00,00,
7472577,000001E7,false,Rx,0,8,00,00,22,03,20,01,00,00,
7472791,00000444,false,Rx,0,8,D1,A0,01,00,11,10,00,00,
7473205,00000445,false,Rx,0,8,D0,20,00,00,00,04,00,18,
7474117,0000010B,false,Rx,0,8,FF,F7,7F,00,00,00,00,05,
7474375,0000010C,false,Rx,0,8,FF,F9,E7,1F,43,48,44,44,
7474691,00000563,false,Rx,1,8,65,02,00,00,00,00,FF,FF,
7474753,0000010D,false,Rx,0,8,EF,02,00,00,00,00,00,35,
7474865,00000419,false,Rx,0,8,0C,90,C9,CD,C5,64,84,00,
7475094,0000010E,false,Rx,0,8,00,00,1E,00,00,C0,AB,57,
7475332,0000034B,false,Rx,0,8,1E,18,01,31,D8,0D,05,01,
7475914,0000034C,false,Rx,0,8,00,00,00,00,00,00,00,00,
7476264,0000034D,false,Rx,0,8,00,00,00,00,00,00,00,00,
7476354,0000034E,false,Rx,0,8,00,00,00,00,00,00,00,00,
7476593,00000380,false,Rx,0,8,A0,99,01,0C,0C,0C,0C,01,
7476882,00000382,false,Rx,0,8,36,4D,02,00,00,05,09,00,
7478058,00000383,false,Rx,0,8,89,14,01,10,01,00,00,00,
7478723,000002AB,false,Rx,0,8,4E,40,0D,0C,0C,00,00,00,
7478948,000002AC,false,Rx,0,8,00,FF,FF,00,00,40,00,50,
7479257,000002AD,false,Rx,0,8,00,01,00,40,FF,FF,FF,0F,
7479542,000002AE,false,Rx,0,8,01,00,FF,3F,01,01,00,00,
7479774,000002B6,false,Rx,0,8,63,FA,0D,01,01,00,00,40,
7480004,00000384,false,Rx,0,8,D8,3D,02,01,00,FF,00,22,
7480249,000002B7,false,Rx,0,8,93,01,C1,08,00,04,00,00,
7480528,00000121,false,Rx,0,8,E2,09,80,00,00,00,00,05,
7480761,000002B8,false,Rx,0,8,B2,61,11,00,00,00,00,00,
7480998,00000122,false,Rx,0,8,FF,D9,67,1F,44,44,44,44,
7481243,000002B9,false,Rx,0,8,0A,00,00,00,00,00,00,00,
7481490,00000123,false,Rx,0,8,F0,02,00,00,00,00,00,35,
7481725,000002C1,false,Rx,0,8,E0,0F,07,00,00,41,00,A1,
7481968,00000124,false,Rx,0,8,00,00,0A,00,00,00,20,40,
7482223,000002C2,false,Rx,0,8,40,00,00,00,00,00,00,00,
7482459,000003B0,false,Rx,0,8,72,37,FF,C7,00,00,03,C0,
7482703,000002C3,false,Rx,0,8,00,00,00,00,00,00,00,00,
7482947,000003B1,false,Rx,0,8,9B,3C,FF,40,00,00,20,00,
7483185,00000061,false,Rx,0,8,85,7A,6F,00,00,05,00,00,
7483439,000002C4,false,Rx,0,8,00,00,00,00,00,00,00,00,
7483685,00000062,false,Rx,0,8,02,02,00,01,40,FF,00,FF,
7483959,000002E1,false,Rx,0,8,06,F5,0D,00,00,00,00,40,
7484160,00000063,false,Rx,0,8,C8,00,15,00,00,08,FF,00,
7484396,000002E2,false,Rx,0,8,1B,00,00,00,00,14,00,04,
7484648,00000064,false,Rx,0,8,04,00,00,04,FF,FA,00,00,
7484926,000002E3,false,Rx,0,8,00,00,00,00,00,00,72,01,
7485127,000003B2,false,Rx,0,8,36,15,FF,02,29,2F,34,00,
7485374,000002E4,false,Rx,0,8,02,00,00,00,00,00,00,00,
7485620,00000427,false,Rx,0,8,1D,86,FF,00,80,0A,00,00,
7486420,000002FF,false,Rx,0,8,94,7C,00,00,00,00,00,00,
7486659,00000474,false,Rx,0,8,30,DB,00,00,00,00,00,00,
7486894,0000042A,false,Rx,0,8,CF,74,01,04,00,10,00,00,
7487426,00000435,false,Rx,0,8,AD,40,00,50,00,00,00,FF,
7488105,000001F1,false,Rx,0,8,09,F6,E3,01,00,00,28,00,
7488204,000001F2,false,Rx,0,8,00,00,00,00,00,00,00,00,
7492012,00000487,false,Rx,1,8,00,00,00,00,00,00,00,00,
7492274,00000642,false,Rx,1,8,FF,FF,FF,FF,FF,FF,00,00,
7494102,00000405,false,Rx,0,8,3A,40,00,00,00,00,00,00,
7494451,00000418,false,Rx,0,8,39,20,00,00,10,4C,00,00,
7497473,000003E0,false,Rx,0,8,95,10,01,00,44,03,00,00,
7497887,000003E5,false,Rx,0,8,D8,70,00,00,00,00,00,00,
7502833,00000444,false,Rx,0,8,8E,B0,00,00,00,00,00,00,
7503984,000002BF,false,Rx,0,8,FF,FF,FF,00,00,00,00,00,
7504179,0000047F,false,Rx,0,8,FF,FF,FF,FF,FF,FF,FF,FF,
7504226,00000653,false,Rx,0,8,0A,19,03,01,02,2A,00,00,
7506421,000001AB,false,Rx,0,8,77,94,4B,40,00,90,00,00,
7506514,000001AC,false,Rx,0,8,00,28,00,00,00,00,00,00,
7512738,00000445,false,Rx,0,8,D0,20,00,00,00,04,00,18,
7513889,000000A1,false,Rx,0,8,D4,50,72,8A,D4,EC,A2,00,
7513986,000000A2,false,Rx,0,8,00,00,00,00,00,00,00,00,
7514042,000000A3,false,Rx,0,8,00,40,01,00,00,00,00,00,
7514804,00000419,false,Rx,0,8,0C,90,C9,CD,C5,64,84,00,
7518100,00000036,false,Rx,0,8,31,6B,83,51,00,00,21,05,
7518213,00000037,false,Rx,0,8,05,00,00,10,00,40,00,00,
7518619,00000038,false,Rx,0,8,04,00,00,00,20,39,86,D4,
7518704,0000019B,false,Rx,0,8,95,0C,54,00,00,D4,00,00,
7519061,00000039,false,Rx,0,8,00,00,00,00,00,00,00,00,
7519165,0000019C,false,Rx,0,8,40,20,00,00,00,00,0B,09,
7519642,0000019D,false,Rx,0,8,00,10,00,05,00,00,00,00,
7519703,0000019E,false,Rx,0,8,15,23,00,00,00,32,00,00,
7524188,0000010B,false,Rx,0,8,A5,10,84,00,00,00,00,01,
7524295,0000010C,false,Rx,0,8,FF,01,00,00,43,48,44,44,
7524669,0000010D,false,Rx,0,8,EF,02,00,00,00,00,00,35,
7524746,0000010E,false,Rx,0,8,00,00,0A,00,00,00,00,00,
7526830,000002FF,false,Rx,0,8,94,7C,00,00,00,00,00,00,
7526905,00000474,false,Rx,0,8,30,DB,00,00,00,00,00,00,
7527691,000003E0,false,Rx,0,8,15,20,01,00,00,00,00,00,
7527837,00000435,false,Rx,0,8,AD,40,00,50,00,00,00,FF,
7530715,00000121,false,Rx,0,8,6F,EA,85,00,00,00,00,01,
7530875,00000122,false,Rx,0,8,FF,01,00,00,44,44,44,44,
7530926,00000123,false,Rx,0,8,F0,02,00,00,00,00,00,35,
7531182,00000124,false,Rx,0,8,00,00,0A,00,00,00,00,00,
7532661,000004A3,false,Rx,1,8,80,00,48,0B,3E,00,00,00,
7532763,000004A4,false,Rx,1,8,FF,FF,FF,00,00,00,00,00,
7533680,00000061,false,Rx,0,8,42,BE,74,00,00,05,00,00,
7533869,00000062,false,Rx,0,8,02,02,00,01,40,FF,00,FF,
7533921,00000063,false,Rx,0,8,C7,00,15,00,00,08,FF,00,
7534443,00000064,false,Rx,0,8,04,00,00,04,FF,FA,00,00,
7534552,00000405,false,Rx,0,8,3A,40,00,00,00,00,00,00,
7534606,00000418,false,Rx,0,8,39,20,00,00,10,4C,00,00,
7537791,000003E5,false,Rx,0,8,D8,70,00,00,00,00,00,00,
7542611,00000444,false,Rx,0,8,8E,B0,00,00,00,00,00,00,
7547120,0000033B,false,Rx,0,8,45,DD,56,00,00,00,00,00,
7547208,0000033C,false,Rx,0,8,00,00,00,00,F0,00,00,00,
7547598,00000356,false,Rx,0,8,11,FB,AB,00,00,00,00,00,
7547703,0000033D,false,Rx,0,8,00,00,00,00,00,00,00,00,
7548047,00000357,false,Rx,0,8,00,00,00,00,00,4B,4D,48,
7548443,0000033E,false,Rx,0,8,00,00,00,00,00,00,00,00,
7548520,00000358,false,Rx,0,8,35,41,45,4D,52,37,33,4F,
7548746,00000359,false,Rx,0,8,51,4F,34,52,4A,35,33,00,
7552611,00000445,false,Rx,0,8,D0,20,00,00,00,04,00,18,
7553486,00000401,false,Rx,0,8,AF,30,10,00,00,00,00,00,
7554127,0000036F,false,Rx,0,8,FE,01,01,00,00,00,00,00,
7554245,0000037F,false,Rx,0,8,5D,E0,52,24,41,02,00,00,
7559265,00000418,false,Rx,0,8,CE,30,00,00,14,4C,00,00,
7563240,000000A1,false,Rx,0,8,DB,BB,77,8A,D4,EC,A2,00,
7563327,000000A2,false,Rx,0,8,00,00,00,00,00,00,00,00,
7563687,000000A3,false,Rx,0,8,00,40,01,00,00,00,00,00,
7565963,000002FF,false,Rx,0,8,94,7C,00,00,00,00,00,00,
7566056,00000474,false,Rx,0,8,30,DB,00,00,00,00,00,00,
7567408,000003E0,false,Rx,0,8,15,20,01,00,00,00,00,00,
7567553,00000435,false,Rx,0,8,AD,40,00,50,00,00,00,FF,
7567905,00000036,false,Rx,0,8,06,41,88,01,10,00,20,05,
7568162,00000037,false,Rx,0,8,05,00,00,10,00,40,00,00,
7568324,00000038,false,Rx,0,8,01,00,00,00,20,39,06,00,
7568789,0000019B,false,Rx,0,8,98,CA,59,00,00,D4,00,00,
7569132,00000039,false,Rx,0,8,00,00,00,00,00,00,00,00,
7569666,0000019C,false,Rx,0,8,40,20,00,00,00,00,0B,09,
7569740,0000019D,false,Rx,0,8,00,10,00,05,00,00,00,00,
7569797,0000019E,false,Rx,0,8,15,23,00,00,00,32,00,00,
7572832,000002D6,false,Rx,0,8,DC,73,06,00,00,00,00,00,
7573438,000002EB,false,Rx,0,8,58,B8,06,0A,10,02,00,02,
7573518,000002D7,false,Rx,0,8,00,00,00,00,03,00,00,00,
7573570,000002EC,false,Rx,0,8,02,00,00,00,00,00,00,00,
7574181,000002D8,false,Rx,0,8,00,00,00,00,00,00,38,44,
7574252,000002ED,false,Rx,0,8,00,00,00,00,00,00,00,00,
7574294,0000010B,false,Rx,0,8,A8,D6,89,00,00,00,00,01,
7574427,000002D9,false,Rx,0,8,00,00,00,00,00,00,00,00,
7574661,0000010C,false,Rx,0,8,FF,01,00,00,43,48,44,44,
7574911,000002EE,false,Rx,0,8,00,00,00,00,00,00,00,00,
7575143,0000010D,false,Rx,0,8,EF,02,00,00,00,00,00,35,
7575383,00000405,false,Rx,0,8,3A,40,00,00,00,00,00,00,
7575667,0000010E,false,Rx,0,8,00,00,0A,00,00,00,00,00,
7575904,00000410,false,Rx,0,8,A3,90,53,3C,B4,6A,FF,FF,
7576343,00000413,false,Rx,0,8,F5,10,00,41,00,00,00,00,
7576466,00000251,false,Rx,0,8,F6,51,0D,00,00,00,00,00,
7576681,00000411,false,Rx,0,8,09,81,50,50,00,00,44,04,
7577078,00000252,false,Rx,0,8,00,00,03,03,03,00,00,00,
7577565,00000396,false,Rx,0,8,D6,4F,06,0F,10,01,00,00,
7577619,00000253,false,Rx,0,8,00,00,00,53,2D,00,80,46,
7577664,00000397,false,Rx,0,8,04,00,00,00,00,00,00,00,
7577830,00000412,false,Rx,0,8,F1,00,00,00,00,00,04,00,
7578109,00000398,false,Rx,0,8,00,00,00,00,00,00,00,00,
7578301,000003E5,false,Rx,0,8,D8,70,00,00,00,00,00,00,
7578551,00000414,false,Rx,0,8,87,A0,00,00,28,00,00,00,
7578792,00000565,false,Rx,0,8,66,02,00,00,00,00,FF,FF,
7579032,00000416,false,Rx,0,8,55,00,00,00,00,00,00,00,
7579317,00000417,false,Rx,0,8,0E,60,00,00,00,01,00,00,
7579539,00000419,false,Rx,0,8,0C,90,C9,CD,C5,64,84,00,
7580360,00000121,false,Rx,0,8,EE,9E,8A,00,00,00,00,01,
7580720,00000122,false,Rx,0,8,FF,01,00,00,44,44,44,44,
7581006,00000123,false,Rx,0,8,F0,02,00,00,00,00,00,35,
7581413,00000124,false,Rx,0,8,00,00,0A,00,00,00,00,00,
7582690,00000444,false,Rx,0,8,8E,B0,00,00,00,00,00,00,
7584866,000002E6,false,Rx,0,8,40,15,0D,01,00,00,00,15,
7584966,00000256,false,Rx,0,8,09,16,0D,01,00,00,00,00,
7585015,000002E7,false,Rx,0,8,3C,00,00,00,00,00,00,00,
7585410,00000257,false,Rx,0,8,00,00,00,00,64,00,02,00,
7585808,000002E8,false,Rx,0,8,00,00,00,00,00,00,00,00,
7585953,00000258,false,Rx,0,8,01,00,00,00,10,15,00,28,
7586406,000002E9,false,Rx,0,8,00,00,00,00,00,00,00,00,
7586748,00000259,false,Rx,0,8,00,00,00,3C,00,00,00,00,
7586859,000003B6,false,Rx,0,8,B4,B2,06,00,00,00,00,44,
7586946,000003B7,false,Rx,0,8,43,00,00,00,00,08,00,00,
7586989,000003B8,false,Rx,0,8,EB,02,00,00,00,00,69,0E,
7587505,000003B9,false,Rx,0,8,00,00,00,00,00,00,00,00,
7592522,00000445,false,Rx,0,8,6F,30,00,00,00,00,00,18,
7593641,00000401,false,Rx,0,8,AF,30,10,00,00,00,00,00,
7595494,000003AA,false,Rx,0,8,FF,00,D0,00,54,00,00,00,
7599106,00000418,false,Rx,0,8,CE,30,00,00,14,4C,00,00,
7602052,000000C5,false,Rx,1,8,00,00,00,00,00,00,00,00,
7602148,00000244,false,Rx,1,8,00,00,00,00,00,00,00,00,
7602729,0000030B,false,Rx,0,8,1C,46,56,00,04,00,00,00,
7603015,000004B4,false,Rx,1,8,01,00,0D,40,10,60,44,02,
7603093,000004B5,false,Rx,1,8,08,00,F0,07,00,00,00,00,
7603199,0000030C,false,Rx,0,8,00,00,0C,23,2C,00,A0,0F,
7603258,000004B7,false,Rx,1,8,08,00,F0,07,00,00,00,00,
7603515,0000030D,false,Rx,0,8,00,00,00,00,41,00,00,00,
7603612,000004CA,false,Rx,1,8,00,00,00,00,00,00,00,00,
7603719,0000030E,false,Rx,0,8,00,00,28,05,21,00,00,00,
7603777,000004CC,false,Rx,1,8,08,00,00,2A,00,00,03,00,
7603946,00000495,false,Rx,0,8,49,00,00,00,00,00,00,00,
7604253,000004CE,false,Rx,1,8,14,01,FF,FF,FF,FF,FF,FF,
7604734,000004D7,false,Rx,1,8,23,01,00,00,00,00,00,00,
7605211,000004D8,false,Rx,1,8,41,10,F6,F0,40,F2,1E,CC,
7606005,000004DD,false,Rx,1,8,00,00,00,00,04,00,00,00,
7606823,000001AB,false,Rx,0,8,B5,4E,50,40,00,90,00,00,
7606933,000004DF,false,Rx,1,8,00,00,08,00,00,00,00,00,
7606989,00000479,false,Rx,0,8,2F,F0,00,E0,01,00,00,00,
7607054,000004E7,false,Rx,1,8,00,30,00,00,00,00,69,00,
7607114,000001AC,false,Rx,0,8,00,28,00,00,00,00,00,00,
7607181,000004E8,false,Rx,1,8,FF,FF,FF,29,FF,FF,FF,00,
7607231,000004E9,false,Rx,1,8,00,00,00,00,00,00,00,00,
7607277,000004EA,false,Rx,1,8,00,00,00,00,00,00,00,00,
7607477,000003E0,false,Rx,0,8,15,20,01,00,00,00,00,00,
7607535,000004EB,false,Rx,1,8,04,68,2B,0C,00,00,00,00,
7608017,000004EC,false,Rx,1,8,FF,FF,FF,FF,FF,FF,FF,0F,
7608540,000004ED,false,Rx,1,8,FF,FF,FF,FF,FF,FF,FF,1F,
7609304,000004EE,false,Rx,1,8,FF,FF,00,00,00,00,00,00,
7609967,000004EF,false,Rx,1,8,60,00,60,00,29,14,00,00,
7610061,0000063D,false,Rx,1,8,00,80,00,00,00,00,00,00,
7610126,0000063E,false,Rx,1,8,FF,FF,FF,FF,FF,FF,FF,FF,
7610233,0000063F,false,Rx,1,8,00,10,00,C4,FF,00,00,00,
7610368,00000640,false,Rx,1,8,FF,FF,FF,00,FF,FF,FF,00,
7610679,00000641,false,Rx,1,8,FF,FF,FF,FF,0F,FF,FF,FF,
7610941,00000646,false,Rx,1,8,00,00,00,80,01,00,00,00,
7612810,00000444,false,Rx,0,8,47,C0,00,20,00,00,00,00,
7613010,000000A1,false,Rx,0,8,E7,4A,7C,8A,D4,EC,A2,00,
7613302,00000448,false,Rx,0,8,7F,00,00,00,00,00,00,00,
7613708,000000A2,false,Rx,0,8,00,00,00,00,00,00,00,00,
7613782,000000A3,false,Rx,0,8,00,40,01,00,00,00,00,00,
7618305,00000036,false,Rx,0,8,79,6D,8D,01,10,00,20,05,
7618424,00000037,false,Rx,0,8,05,00,00,10,00,40,00,00,
7618516,00000038,false,Rx,0,8,01,00,00,00,20,39,06,00,
7618559,0000019B,false,Rx,0,8,6B,54,5E,00,00,D4,00,00,
7618791,00000039,false,Rx,0,8,00,00,00,00,00,00,00,00,
7619329,0000019C,false,Rx,0,8,40,20,00,00,00,00,0B,09,
7619410,0000019D,false,Rx,0,8,00,10,00,05,00,00,00,00,
7619502,0000019E,false,Rx,0,8,15,23,00,00,00,32,00,00,
7621946,000001E6,false,Rx,0,8,38,37,18,02,00,00,00,00,
7622082,000001BB,false,Rx,0,8,86,7F,18,02,00,00,00,0A,
7622180,000001BC,false,Rx,0,8,32,00,00,00,02,00,00,00,
7622224,000001BD,false,Rx,0,8,00,00,00,00,00,00,00,00,
7622473,000001E7,false,Rx,0,8,00,00,22,03,20,01,00,00,
7624138,0000010B,false,Rx,0,8,5B,48,8E,00,00,00,00,01,
7624228,0000010C,false,Rx,0,8,FF,01,00,00,43,48,44,44,
7624480,0000010D,false,Rx,0,8,EF,02,00,00,00,00,00,35,
7624714,0000010E,false,Rx,0,8,00,00,0A,00,00,00,00,00,
7626232,00000226,false,Rx,0,8,A1,B9,45,FF,00,20,00,02,
7626393,00000316,false,Rx,0,8,D0,75,24,04,00,80,0A,00,
7626462,00000227,false,Rx,0,8,02,C4,07,09,00,F0,FF,07,
7627058,00000317,false,Rx,0,8,00,00,05,00,00,00,00,00,
7627212,000003CB,false,Rx,0,8,36,14,00,F4,00,00,00,00,
7627260,00000472,false,Rx,0,8,5C,EC,00,40,08,41,00,45,
7627359,000003CC,false,Rx,0,8,36,31,34,30,33,34,31,00,
7627624,00000473,false,Rx,0,8,5F,24,00,25,00,00,00,78,
7627872,00000474,false,Rx,0,8,30,DB,00,00,00,00,00,00,
7629981,000002FF,false,Rx,0,8,94,7C,00,00,00,00,00,00,
7630521,00000121,false,Rx,0,8,91,B2,8F,00,00,00,00,01,
7630685,00000122,false,Rx,0,8,FF,01,00,00,44,44,44,44,
7631042,00000123,false,Rx,0,8,F0,02,00,00,00,00,00,35,
7631402,00000124,false,Rx,0,8,00,00,0A,00,00,00,00,00,
7632498,00000445,false,Rx,0,8,6F,30,00,00,00,00,00,18,
7633700,00000401,false,Rx,0,8,AF,30,10,00,00,00,00,00,
7638380,000001F1,false,Rx,0,8,FF,DE,E6,01,00,00,28,00,
7638476,000001F2,false,Rx,0,8,00,00,00,00,00,00,00,00,
7639370,00000418,false,Rx,0,8,CE,30,00,00,14,4C,00,00,
7645823,00000479,false,Rx,0,8,2F,F0,00,E0,01,00,00,00,
7652247,000000FF,false,Rx,0,8,CB,10,00,00,00,00,02,00,
7653208,00000394,false,Rx,0,8,2A,22,1A,49,00,00,00,00,
7653378,000003C3,false,Rx,0,8,45,10,31,30,36,00,00,00,
7653690,000003E0,false,Rx,0,8,15,20,01,00,00,00,00,00,
7654254,0000036F,false,Rx,0,8,47,11,01,00,00,00,00,00,
7654496,000003E5,false,Rx,0,8,D8,70,00,00,00,00,00,00,
7654729,0000037F,false,Rx,0,8,4D,00,52,24,41,02,00,00,
7654977,000003E6,false,Rx,0,8,A1,40,00,00,00,00,00,00,
7655252,0000041A,false,Rx,0,8,7D,70,12,00,50,01,00,00,
7655484,0000041B,false,Rx,0,8,BE,70,00,00,00,00,00,00,
7655831,0000041C,false,Rx,0,8,84,D0,E8,00,00,00,00,00,
7656117,00000422,false,Rx,0,8,FA,20,01,00,00,00,04,00,
7656568,00000432,false,Rx,0,8,03,20,02,00,00,00,00,00,
7656823,00000464,false,Rx,0,8,6C,30,F0,FF,38,7F,05,00,
7657410,00000435,false,Rx,0,8,AD,40,00,50,00,00,00,FF,
7657887,00000442,false,Rx,0,8,CE,20,11,81,00,00,00,00,
7658378,00000444,false,Rx,0,8,47,C0,00,20,00,00,00,00,
7663085,000000A1,false,Rx,0,8,93,FA,81,8A,D4,EC,A2,00,
7663308,000000A2,false,Rx,0,8,00,00,00,00,00,00,00,00,
7663555,000000A3,false,Rx,0,8,00,40,01,00,00,00,00,00,
7667907,00000036,false,Rx,0,8,3D,DD,92,01,10,00,20,05,
7668002,00000037,false,Rx,0,8,05,00,00,10,00,40,00,00,
7668329,00000038,false,Rx,0,8,01,00,00,00,20,39,06,00,
7668498,0000019B,false,Rx,0,8,08,CF,63,00,00,D4,00,00,
7668760,00000039,false,Rx,0,8,00,00,00,00,00,00,00,00,
7668993,0000019C,false,Rx,0,8,40,20,00,00,00,00,0B,09,
7669237,0000019D,false,Rx,0,8,00,10,00,05,00,00,00,00,
7669491,0000019E,false,Rx,0,8,15,23,00,00,00,32,00,00,
7673127,00000445,false,Rx,0,8,6F,30,00,00,00,00,00,18,
7674039,0000010B,false,Rx,0,8,93,4A,93,00,00,00,00,01,
7674202,0000010C,false,Rx,0,8,FF,01,00,00,43,48,44,44,
7674493,0000010D,false,Rx,0,8,EF,02,00,00,00,00,00,35,
7674874,0000010E,false,Rx,0,8,00,00,0A,00,00,00,00,00,
7678580,00000566,false,Rx,0,8,16,02,00,00,00,00,FF,FF,
7678715,000002AB,false,Rx,0,8,55,C0,0F,0C,0C,00,00,00,
7679012,000002AC,false,Rx,0,8,00,FF,FF,00,00,40,00,50,
7679347,000002AD,false,Rx,0,8,00,01,00,40,FF,FF,FF,0F,
7679619,000002AE,false,Rx,0,8,1E,0C,FF,3F,00,01,00,00,
7679877,000002B6,false,Rx,0,8,C6,C6,0F,00,01,00,00,40,
7680165,000002B7,false,Rx,0,8,93,01,C1,08,00,04,00,00,
7680358,00000121,false,Rx,0,8,EC,77,94,00,00,00,00,01,
7680645,000002B8,false,Rx,0,8,B2,61,11,00,00,00,00,00,
7680845,00000122,false,Rx,0,8,FF,01,00,00,44,44,44,44,
7681084,000002B9,false,Rx,0,8,0A,00,00,00,00,00,00,00,
7681333,00000123,false,Rx,0,8,F0,02,00,00,00,00,00,35,
7681559,000002C1,false,Rx,0,8,61,7B,08,00,00,41,00,A1,
7681829,00000124,false,Rx,0,8,00,00,0A,00,00,00,00,00,
7682057,000002C2,false,Rx,0,8,40,00,00,00,00,00,00,00,
7682339,000002C3,false,Rx,0,8,00,00,00,00,00,00,00,00,
7682463,000004E8,false,Rx,1,8,FF,FF,FF,29,FF,FF,FF,00,
7682636,000002C4,false,Rx,0,8,00,00,00,00,00,00,00,00,
7683095,000002E1,false,Rx,0,8,D3,22,0F,00,00,00,00,00,
7683334,000002E2,false,Rx,0,8,16,00,00,00,00,7E,00,04,
7683609,000002E3,false,Rx,0,8,00,00,00,00,00,00,72,01,
7684015,000002E4,false,Rx,0,8,02,00,00,00,00,00,00,00,
7686199,00000479,false,Rx,0,8,2F,F0,00,E0,01,00,00,00,
7692103,00000487,false,Rx,1,8,00,00,00,00,00,00,00,00,
7692263,00000642,false,Rx,1,8,FF,FF,FF,FF,FF,FF,00,00,
7692447,00000444,false,Rx,0,8,47,C0,00,20,00,00,00,00,
7702504,00000445,false,Rx,0,8,61,40,00,00,00,04,00,18,
7703564,000002BF,false,Rx,0,8,FF,FF,FF,00,00,00,00,00,
7703782,0000047F,false,Rx,0,8,FF,FF,FF,FF,FF,FF,FF,FF,
7704044,00000653,false,Rx,0,8,0A,19,03,01,02,2A,00,00,
7705636,000001AB,false,Rx,0,8,43,66,55,40,00,90,00,00,
7705811,000001AC,false,Rx,0,8,00,28,00,00,00,00,00,00,
7713200,000000A1,false,Rx,0,8,9A,7F,86,8A,D4,EC,A2,00,
7713294,000000A2,false,Rx,0,8,00,00,00,00,00,00,00,00,
7713652,000000A3,false,Rx,0,8,00,40,01,00,00,00,00,00,
7717948,00000036,false,Rx,0,8,42,F1,97,01,10,00,20,05,
7718038,00000037,false,Rx,0,8,05,00,00,10,00,40,00,00,
7718388,00000038,false,Rx,0,8,01,00,00,00,20,39,06,00,
7718468,0000019B,false,Rx,0,8,B0,CE,68,00,00,D4,00,00,
7718957,00000039,false,Rx,0,8,00,00,00,00,00,00,00,00,
7719299,0000019C,false,Rx,0,8,40,20,00,00,00,00,0B,09,
7719626,0000019D,false,Rx,0,8,00,10,00,05,00,00,00,00,
7719921,0000019E,false,Rx,0,8,15,23,00,00,00,32,00,00,
7722224,000004E8,false,Rx,1,8,FF,FF,FF,29,FF,FF,FF,00,
7724183,0000010B,false,Rx,0,8,2B,4B,98,00,00,00,00,01,
7724269,0000010C,false,Rx,0,8,FF,01,00,00,43,48,44,44,
7724577,0000010D,false,Rx,0,8,EF,02,00,00,00,00,00,35,
7724700,0000010E,false,Rx,0,8,00,00,0A,00,00,00,00,00,
7730418,00000121,false,Rx,0,8,E1,B1,99,00,00,00,00,01,
7730604,00000122,false,Rx,0,8,FF,01,00,00,44,44,44,44,
7730863,00000123,false,Rx,0,8,F0,02,00,00,00,00,00,35,
7731123,00000124,false,Rx,0,8,00,00,0A,00,00,00,00,00,
7732244,000004A3,false,Rx,1,8,80,00,48,0B,3E,00,00,00,
7732527,000004A4,false,Rx,1,8,FF,FF,FF,00,00,00,00,00,
7742595,00000445,false,Rx,0,8,61,40,00,00,00,04,00,18,
7747141,0000033B,false,Rx,0,8,82,F0,58,00,00,00,00,00,
7747638,0000033C,false,Rx,0,8,00,00,00,00,F0,00,00,00,
7747739,00000356,false,Rx,0,8,E2,65,AC,00,00,00,00,00,
7747792,0000033D,false,Rx,0,8,00,00,00,00,00,00,00,00,
7747903,00000357,false,Rx,0,8,00,00,00,00,00,4B,4D,48,
7748148,0000033E,false,Rx,0,8,00,00,00,00,00,00,00,00,
7748390,00000358,false,Rx,0,8,35,41,45,4D,52,37,33,4F,
7748624,00000359,false,Rx,0,8,51,4F,34,52,4A,35,33,00,
7753944,0000036F,false,Rx,0,8,91,21,01,00,00,00,00,00,
7754131,0000037F,false,Rx,0,8,F4,10,52,24,41,02,00,00,
7762199,000004E8,false,Rx,1,8,FF,FF,FF,29,FF,FF,FF,00,
7763148,000000A1,false,Rx,0,8,AC,3C,8B,8A,D4,EC,A2,00,
7763323,000000A2,false,Rx,0,8,00,00,00,00,00,00,00,00,
7763569,000000A3,false,Rx,0,8,00,40,01,00,00,00,00,00,
7763813,00000401,false,Rx,0,8,AF,30,10,00,00,00,00,00,
7767929,00000036,false,Rx,0,8,FA,F0,9C,01,10,00,20,05,
7768015,00000037,false,Rx,0,8,05,00,00,10,00,40,00,00,
7768389,00000038,false,Rx,0,8,01,00,00,00,20,39,06,00,
7768510,0000019B,false,Rx,0,8,CF,E2,6D,00,00,D4,00,00,
7768742,00000039,false,Rx,0,8,00,00,00,00,00,00,00,00,
7769000,0000019C,false,Rx,0,8,40,20,00,00,00,00,0B,09,
7769236,0000019D,false,Rx,0,8,00,10,00,05,00,00,00,00,
7769492,0000019E,false,Rx,0,8,15,23,00,00,00,32,00,00,
7771600,000001E6,false,Rx,0,8,75,DF,1B,02,00,00,00,00,
7771693,000001BB,false,Rx,0,8,83,26,1B,02,00,00,00,0A,
7772005,000001BC,false,Rx,0,8,32,00,00,00,02,00,00,00,
7772314,000001BD,false,Rx,0,8,00,00,00,00,00,00,00,00,
7772427,000001E7,false,Rx,0,8,00,00,22,03,20,01,00,00,
7772966,000002D6,false,Rx,0,8,82,DC,07,00,00,00,00,00,
7773642,000002EB,false,Rx,0,8,83,48,07,09,10,01,00,00,
7773940,000002D7,false,Rx,0,8,00,00,03,03,03,00,00,00,
7774016,000002EC,false,Rx,0,8,02,00,00,00,00,00,00,00,
7774058,000002D8,false,Rx,0,8,00,00,00,00,00,00,38,44,
7774123,000002ED,false,Rx,0,8,00,00,00,00,00,00,00,00,
7774166,0000010B,false,Rx,0,8,54,67,9D,00,00,00,00,01,
7774518,000002D9,false,Rx,0,8,00,00,00,00,00,00,00,00,
7774612,0000010C,false,Rx,0,8,FF,01,00,00,43,48,44,44,
7774863,00000151,false,Rx,0,8,20,CF,0D,A0,C8,00,28,15,
7775097,0000010D,false,Rx,0,8,EF,02,00,00,00,00,00,35,
7775325,00000152,false,Rx,0,8,12,14,14,00,24,00,00,00,
7775571,0000010E,false,Rx,0,8,00,00,0A,00,00,00,00,00,
7775820,00000153,false,Rx,0,8,00,00,00,00,00,00,00,00,
7776056,00000236,false,Rx,0,8,55,A7,0D,00,30,63,34,6C,
7776298,00000154,false,Rx,0,8,00,00,00,00,00,00,00,00,
7776548,000001F6,false,Rx,0,8,46,5A,0D,00,00,00,00,00,
7776794,000002EE,false,Rx,0,8,00,00,00,00,00,00,00,00,
7777039,000001F7,false,Rx,0,8,1F,00,DC,00,00,00,00,00,
7777278,000002FB,false,Rx,0,8,E3,06,0D,04,0C,14,C3,C3,
7777517,000001F8,false,Rx,0,8,00,69,00,64,00,00,00,00,
7777766,000002FC,false,Rx,0,8,00,00,12,15,00,00,00,96,
7778000,000001F9,false,Rx,0,8,19,00,A0,C8,14,00,19,00,
7778273,000002FD,false,Rx,0,8,00,00,00,00,00,1C,10,EA,
7778484,00000237,false,Rx,0,8,00,05,94,00,00,5D,1D,00,
7778740,000002FE,false,Rx,0,8,00,00,72,01,00,28,00,00,
7778980,00000238,false,Rx,0,8,00,00,0C,00,00,00,00,00,
7779264,00000326,false,Rx,0,8,D1,AF,0D,00,00,00,00,00,
7779468,00000239,false,Rx,0,8,00,00,00,00,01,00,00,00,
7779726,00000327,false,Rx,0,8,00,00,00,00,05,00,00,00,
7779960,00000251,false,Rx,0,8,6B,31,0F,00,00,00,00,00,
7780248,00000328,false,Rx,0,8,DC,00,19,00,00,69,00,00,
7780443,00000121,false,Rx,0,8,12,2F,9E,00,00,00,00,01,
7780697,00000252,false,Rx,0,8,00,00,00,00,03,00,00,00,
7780926,00000122,false,Rx,0,8,FF,01,00,00,44,44,44,44,
7781179,00000253,false,Rx,0,8,00,00,00,4D,2D,00,80,46,
7781407,00000123,false,Rx,0,8,F0,02,00,00,00,00,00,35,
7781641,0000025B,false,Rx,0,8,D5,F4,0D,40,40,20,00,00,
7781887,00000124,false,Rx,0,8,00,00,0A,00,00,00,00,00,
7782131,0000025C,false,Rx,0,8,00,00,1F,00,BD,68,14,00,
7782388,00000329,false,Rx,0,8,A0,64,00,00,00,00,00,00,
7782619,0000025D,false,Rx,0,8,00,C8,00,00,00,80,C0,70,
7782917,00000331,false,Rx,0,8,60,29,0D,F1,C8,A0,2C,97,
7783236,0000025E,false,Rx,0,8,40,07,0E,06,00,00,00,00,
7783719,00000332,false,Rx,0,8,44,07,B4,00,00,00,00,00,
7783810,00000396,false,Rx,0,8,AE,90,07,0F,10,0F,00,00,
7783869,00000333,false,Rx,0,8,00,00,00,1C,0C,40,20,A0,
7784079,00000397,false,Rx,0,8,42,00,00,00,00,00,00,00,
7784318,00000334,false,Rx,0,8,C8,00,00,00,5C,70,B7,8F,
7784898,000002E6,false,Rx,0,8,CC,A7,0F,01,00,00,00,15,
7785018,00000256,false,Rx,0,8,85,A4,0F,01,00,00,00,00,
7785067,000002E7,false,Rx,0,8,3C,00,00,00,00,00,00,00,
7785279,00000257,false,Rx,0,8,00,00,00,00,64,00,02,00,
7785605,000002E8,false,Rx,0,8,00,00,00,00,00,00,00,00,
7786242,00000258,false,Rx,0,8,01,00,00,00,10,15,00,28,
7786571,000002E9,false,Rx,0,8,00,00,00,00,00,00,00,00,
7786682,00000259,false,Rx,0,8,00,00,00,3C,00,00,00,00,
7787081,00000398,false,Rx,0,8,00,00,00,00,00,00,00,00,
7787142,00000405,false,Rx,0,8,3A,40,00,00,00,00,00,00,
7787212,00000413,false,Rx,0,8,F5,10,00,41,00,00,00,00,
7787259,000003B6,false,Rx,0,8,F2,EB,07,00,00,00,00,44,
7787644,00000414,false,Rx,0,8,87,A0,00,00,28,00,00,00,
7787775,000003B7,false,Rx,0,8,43,00,00,00,00,08,00,00,
7787959,00000416,false,Rx,0,8,55,00,00,00,00,00,00,00,
7788200,000001F1,false,Rx,0,8,E5,A7,E9,01,00,00,28,00,
7788594,000003B8,false,Rx,0,8,EB,02,00,00,00,00,69,0E,
7788712,000001F2,false,Rx,0,8,00,00,00,00,00,00,00,00,
7788976,000003B9,false,Rx,0,8,00,00,00,00,00,00,00,00,
7789316,00000417,false,Rx,0,8,0E,60,00,00,00,01,00,00,
7789683,00000410,false,Rx,0,8,A3,90,53,3C,B4,6A,FF,FF,
7790243,00000418,false,Rx,0,8,CE,30,00,00,14,4C,00,00,
7790349,00000411,false,Rx,0,8,09,81,50,50,00,00,44,04,
7790403,00000419,false,Rx,0,8,0C,90,C9,CD,C5,64,84,00,
7790446,00000412,false,Rx,0,8,F1,00,00,00,00,00,04,00,
7790626,00000445,false,Rx,0,8,61,40,00,00,00,04,00,18,
7790954,00000516,false,Rx,0,8,61,02,00,00,00,00,FF,FF,
7795538,000003AA,false,Rx,0,8,FF,00,D0,00,54,00,00,00,
7802036,000000C5,false,Rx,1,8,00,00,00,00,00,00,00,00,
7802236,00000244,false,Rx,1,8,00,00,00,00,00,00,00,00,
7802974,0000030B,false,Rx,0,8,2B,1E,58,00,04,00,00,00,
7803360,0000041F,false,Rx,1,8,00,0C,00,00,00,00,00,00,
7803531,0000030C,false,Rx,0,8,00,00,0C,23,2C,00,A0,0F,
7803608,000004B4,false,Rx,1,8,01,00,0D,40,10,60,44,02,
7803928,000004B5,false,Rx,1,8,08,00,F0,07,00,00,00,00,
7804204,0000030D,false,Rx,0,8,00,00,00,00,42,00,00,00,
7804281,00000415,false,Rx,0,8,80,F0,FF,0F,00,80,00,00,
7804354,000004B7,false,Rx,1,8,08,00,F0,07,00,00,00,00,
7804421,0000030E,false,Rx,0,8,00,00,28,05,21,00,00,FE,
7804474,000004CA,false,Rx,1,8,00,00,00,00,00,00,00,00,
7804533,00000495,false,Rx,0,8,49,00,00,00,00,00,00,00,
7804596,000004CC,false,Rx,1,8,08,00,00,2A,00,00,03,00,
7804658,000004CE,false,Rx,1,8,14,01,FF,FF,FF,FF,FF,FF,
7805024,000004D7,false,Rx,1,8,23,01,00,00,00,00,00,00,
7805461,000001AB,false,Rx,0,8,59,1F,5A,40,00,90,00,00,
7805538,000004D8,false,Rx,1,8,41,10,F6,F0,40,F2,1E,CC,
7805958,000001AC,false,Rx,0,8,00,28,00,00,00,00,00,00,
7806033,000004DD,false,Rx,1,8,00,00,00,00,04,00,00,00,
7806678,000004DF,false,Rx,1,8,00,00,08,00,00,00,00,00,
7807233,000004E7,false,Rx,1,8,00,30,00,00,00,00,69,00,
7807957,000004E8,false,Rx,1,8,FF,FF,FF,29,FF,FF,FF,00,
7808011,000004E9,false,Rx,1,8,00,00,00,00,00,00,00,00,
7808078,000004EA,false,Rx,1,8,00,00,00,00,00,00,00,00,
7808269,000004EB,false,Rx,1,8,04,68,2B,0C,00,00,00,00,
7808526,000004EC,false,Rx,1,8,FF,FF,FF,FF,FF,FF,FF,0F,
7808787,000004ED,false,Rx,1,8,FF,FF,FF,FF,FF,FF,FF,1F,
7809063,000004EE,false,Rx,1,8,FF,FF,00,00,00,00,00,00,
7809318,000004EF,false,Rx,1,8,60,00,60,00,29,14,00,00,
7809571,000004F0,false,Rx,1,8,4A,0D,2B,0C,5C,1A,11,02,
7809846,000004F1,false,Rx,1,8,00,C0,00,00,00,00,00,00,
7810128,000004F2,false,Rx,1,8,02,FF,DD,FF,03,01,00,00,
7810384,000004F3,false,Rx,1,8,00,00,00,00,30,00,00,00,
7810641,000004F9,false,Rx,1,8,E0,FF,FF,FF,FF,FF,FF,FF,
7811121,000004FE,false,Rx,1,8,69,23,00,03,CF,00,48,A8,
7811206,0000063D,false,Rx,1,8,00,80,00,00,00,00,00,00,
7811503,0000063E,false,Rx,1,8,FF,FF,FF,FF,FF,FF,FF,FF,
7811741,0000063F,false,Rx,1,8,00,10,00,C4,FF,00,00,00,
7812007,00000640,false,Rx,1,8,FF,FF,FF,00,FF,FF,FF,00,
7812274,00000641,false,Rx,1,8,FF,FF,FF,FF,0F,FF,FF,FF,
7812549,00000646,false,Rx,1,8,00,00,00,80,01,00,00,00,
7813265,000000A1,false,Rx,0,8,C3,8D,90,8A,D4,EC,A2,00,
7813418,00000448,false,Rx,0,8,7F,00,00,00,00,00,00,00,
7813702,000000A2,false,Rx,0,8,00,00,00,00,00,00,00,00,
7814136,000000A3,false,Rx,0,8,00,40,01,00,00,00,00,00,
7818120,00000036,false,Rx,0,8,99,6B,A1,01,10,00,20,05,
7818400,00000037,false,Rx,0,8,05,00,00,10,00,40,00,00,
7818504,00000038,false,Rx,0,8,01,00,00,00,20,39,06,00,
7818562,0000019B,false,Rx,0,8,8B,52,72,00,00,D4,00,00,
7818764,00000039,false,Rx,0,8,00,00,00,00,00,00,00,00,
7819003,0000019C,false,Rx,0,8,40,20,00,00,00,00,0B,09,
7819237,0000019D,false,Rx,0,8,00,10,00,05,00,00,00,00,
7819491,0000019E,false,Rx,0,8,15,23,00,00,00,32,00,00,
7824186,0000010B,false,Rx,0,8,BB,4E,A2,00,00,00,00,01,
7824282,0000010C,false,Rx,0,8,FF,01,00,00,43,48,44,44,
7824590,0000010D,false,Rx,0,8,EF,02,00,00,00,00,00,35,
7824722,0000010E,false,Rx,0,8,00,00,0A,00,00,00,00,00,
7825506,00000226,false,Rx,0,8,C8,F9,47,FF,00,20,00,02,
7825750,000002FF,false,Rx,0,8,94,7C,00,00,00,00,00,00,
7825988,00000227,false,Rx,0,8,02,C4,07,09,00,F0,FF,07,
7826226,00000316,false,Rx,0,8,F4,DD,25,04,00,80,0A,00,
7826472,00000472,false,Rx,0,8,5C,EC,00,40,08,41,00,45,
7826716,00000317,false,Rx,0,8,00,00,05,00,00,00,00,00,
7826942,00000473,false,Rx,0,8,5F,24,00,25,00,00,00,78,
7827210,00000474,false,Rx,0,8,30,DB,00,00,00,00,00,00,
7830437,00000121,false,Rx,0,8,71,B4,A3,00,00,00,00,01,
7830616,00000122,false,Rx,0,8,FF,01,00,00,44,44,44,44,
7830867,00000123,false,Rx,0,8,F0,02,00,00,00,00,00,35,
7831125,00000124,false,Rx,0,8,00,00,0A,00,00,00,00,00,
7842731,00000415,false,Rx,0,8,4F,13,10,00,08,01,00,00,
7852264,000000FF,false,Rx,0,8,CB,10,00,00,00,00,02,00,
7853257,00000394,false,Rx,0,8,2A,22,1A,49,00,00,00,00,
7853382,000003C3,false,Rx,0,8,45,10,31,30,36,00,00,00,
7853870,000003E0,false,Rx,0,8,15,20,01,00,00,00,00,00,
7854318,000003E5,false,Rx,0,8,D8,70,00,00,00,00,00,00,
7854523,000003E6,false,Rx,0,8,A1,40,00,00,00,00,00,00,
7854728,0000041A,false,Rx,0,8,7D,70,12,00,50,01,00,00,
7854997,0000041B,false,Rx,0,8,BE,70,00,00,00,00,00,00,
7855257,0000041C,false,Rx,0,8,84,D0,E8,00,00,00,00,00,
7855519,00000422,false,Rx,0,8,FA,20,01,00,00,00,04,00,
7856003,00000432,false,Rx,0,8,03,20,02,00,00,00,00,00,
7857554,00000435,false,Rx,0,8,AD,40,00,50,00,00,00,FF,
7858077,00000442,false,Rx,0,8,CE,20,11,81,00,00,00,00,
7858345,00000444,false,Rx,0,8,47,C0,00,20,00,00,00,00,
7859043,00000445,false,Rx,0,8,61,40,00,00,00,04,00,18,
7859243,0000036F,false,Rx,0,8,28,31,01,00,00,00,00,00,
7859490,0000037F,false,Rx,0,8,22,20,52,24,41,02,00,00,
7859676,00000464,false,Rx,0,8,6C,30,F0,FF,38,7F,05,00,
7863067,000000A1,false,Rx,0,8,CC,66,95,8A,D4,EC,A2,00,
7863461,000000A2,false,Rx,0,8,00,00,00,00,00,00,00,00,
7863525,000000A3,false,Rx,0,8,00,40,01,00,00,00,00,00,
7868126,00000036,false,Rx,0,8,6A,F5,A6,01,10,00,20,05,
7868220,00000037,false,Rx,0,8,05,00,00,10,00,40,00,00,
7868267,00000038,false,Rx,0,8,01,00,00,00,20,39,06,00,
7868558,0000019B,false,Rx,0,8,F4,7E,77,00,00,D4,00,00,
7868731,00000039,false,Rx,0,8,00,00,00,00,00,00,00,00,
7868959,0000019C,false,Rx,0,8,40,20,00,00,00,00,0B,09,
7869218,0000019D,false,Rx,0,8,00,10,00,05,00,00,00,00,
7869464,0000019E,false,Rx,0,8,15,23,00,00,00,32,00,00,
7874190,0000010B,false,Rx,0,8,C4,62,A7,00,00,00,00,01,
7874285,0000010C,false,Rx,0,8,FF,01,00,00,43,48,44,44,
7874668,0000010D,false,Rx,0,8,EF,02,00,00,00,00,00,35,
7874752,0000010E,false,Rx,0,8,00,00,0A,00,00,00,00,00,
7878746,000002AB,false,Rx,0,8,57,29,11,0C,0C,00,00,00,
7878927,000002AC,false,Rx,0,8,00,FF,FF,00,00,40,00,50,
7879181,000002AD,false,Rx,0,8,00,01,00,40,FF,FF,FF,0F,
7879428,000002AE,false,Rx,0,8,1E,0C,FF,3F,00,01,00,00,
7879672,000002B6,false,Rx,0,8,C4,2F,11,00,01,00,00,40,
7879943,000002B7,false,Rx,0,8,93,01,C1,08,00,04,00,00,
7880194,000002B8,false,Rx,0,8,B2,61,11,00,00,00,00,00,
7880419,00000121,false,Rx,0,8,C9,B5,A8,00,00,00,00,01,
7880679,000002B9,false,Rx,0,8,0A,00,00,00,00,00,00,00,
7880939,00000122,false,Rx,0,8,FF,01,00,00,44,44,44,44,
7881149,000002C1,false,Rx,0,8,3E,6B,09,21,00,41,00,A1,
7881379,00000123,false,Rx,0,8,F0,02,00,00,00,00,00,35,
7881639,000002C2,false,Rx,0,8,40,00,00,00,00,00,00,00,
7881883,00000124,false,Rx,0,8,00,00,0A,00,00,00,00,00,
7882137,000002C3,false,Rx,0,8,00,00,00,00,00,00,00,00,
7882555,000002C4,false,Rx,0,8,00,00,00,00,00,00,00,00,
7882629,00000415,false,Rx,0,8,4F,13,10,00,08,01,00,00,
7882887,000002E1,false,Rx,0,8,62,EA,11,00,00,00,00,00,
7883134,000002E2,false,Rx,0,8,09,00,00,00,00,7E,00,04,
7883384,000002E3,false,Rx,0,8,00,00,00,00,00,00,72,01,
7883641,000002E4,false,Rx,0,8,02,00,00,00,00,00,00,00,
7887280,00000445,false,Rx,0,8,DE,50,00,00,00,00,00,18,
7890755,00000561,false,Rx,0,8,63,02,00,00,00,00,FF,FF,
7892254,00000487,false,Rx,1,8,00,00,00,00,00,00,00,00,
7892515,00000642,false,Rx,1,8,FF,FF,FF,FF,FF,FF,00,00,
7892610,00000645,false,Rx,1,8,7F,86,07,39,EF,3B,56,00,
7903675,000002BF,false,Rx,0,8,FF,FF,FF,00,00,00,00,00,
7903779,0000047F,false,Rx,0,8,FF,FF,FF,FF,FF,FF,FF,FF,
7904049,00000653,false,Rx,0,8,0A,19,03,01,02,2A,00,00,
7905058,000001AB,false,Rx,0,8,AF,37,5F,40,00,90,00,00,
7905281,000001AC,false,Rx,0,8,00,28,00,00,00,00,00,00,
7913033,000000A1,false,Rx,0,8,FC,4B,9A,8A,D4,EC,A2,00,
7913254,000000A2,false,Rx,0,8,00,00,00,00,00,00,00,00,
7913493,000000A3,false,Rx,0,8,00,40,01,00,00,00,00,00,
7917785,00000036,false,Rx,0,8,67,33,AB,01,10,00,20,05,
7917968,00000037,false,Rx,0,8,05,00,00,10,00,40,00,00,
7918224,00000038,false,Rx,0,8,01,00,00,00,20,39,06,00,
7918468,0000019B,false,Rx,0,8,4C,7F,7C,00,00,D4,00,00,
7918713,00000039,false,Rx,0,8,00,00,00,00,00,00,00,00,
7918961,0000019C,false,Rx,0,8,40,20,00,00,00,00,0B,09,
7919211,0000019D,false,Rx,0,8,00,10,00,05,00,00,00,00,
7919457,0000019E,false,Rx,0,8,15,23,00,00,00,32,00,00,
7921453,000001E6,false,Rx,0,8,83,F7,1E,02,00,00,00,00,
7921658,000001BB,false,Rx,0,8,8C,CD,1E,02,00,00,00,0A,
7921915,000001BC,false,Rx,0,8,32,00,00,00,02,00,00,00,
7922183,000001BD,false,Rx,0,8,00,00,00,00,00,00,00,00,
7922427,000001E7,false,Rx,0,8,00,00,22,03,20,01,00,00,
7924033,0000010B,false,Rx,0,8,7C,63,AC,00,00,00,00,01,
7924206,0000010C,false,Rx,0,8,FF,01,00,00,43,48,44,44,
7924459,0000010D,false,Rx,0,8,EF,02,00,00,00,00,00,35,
7924714,0000010E,false,Rx,0,8,00,00,0A,00,00,00,00,00,
7927623,00000445,false,Rx,0,8,DE,50,00,00,00,00,00,18,
7930426,00000121,false,Rx,0,8,B6,99,AD,00,00,00,00,01,
7930609,00000122,false,Rx,0,8,FF,01,00,00,44,44,44,44,
7930873,00000123,false,Rx,0,8,F0,02,00,00,00,00,00,35,
7931128,00000124,false,Rx,0,8,00,00,0A,00,00,00,00,00,
7932253,000004A3,false,Rx,1,8,80,00,48,0B,3E,00,00,00,
7932535,000004A4,false,Rx,1,8,FF,FF,FF,00,00,00,00,00,
7938370,000001F1,false,Rx,0,8,13,8F,EC,01,00,00,28,00,
7938467,000001F2,false,Rx,0,8,00,00,00,00,00,00,00,00,
7947131,0000033B,false,Rx,0,8,0E,42,5A,00,00,00,00,00,
7947224,0000033C,false,Rx,0,8,00,00,00,00,F0,00,00,00,
7947624,00000356,false,Rx,0,8,A4,3C,AD,00,00,00,00,00,
7947704,0000033D,false,Rx,0,8,00,00,00,00,00,00,00,00,
7948076,00000357,false,Rx,0,8,00,00,00,00,00,4B,4D,48,
7948155,0000033E,false,Rx,0,8,00,00,00,00,00,00,00,00,
7948448,00000358,false,Rx,0,8,35,41,45,4D,52,37,33,4F,
7948634,00000359,false,Rx,0,8,51,4F,34,52,4A,35,33,00,
7955161,00000485,false,Rx,0,8,00,40,11,02,00,00,00,00,
7957207,00000445,false,Rx,0,8,0E,60,00,00,00,04,00,18,
7959013,0000036F,false,Rx,0,8,20,41,01,00,00,00,00,00,
7959189,0000037F,false,Rx,0,8,9B,30,52,24,41,02,00,00,
7963228,000000A1,false,Rx,0,8,F3,A0,9F,8A,D4,EC,A2,00,
7963318,000000A2,false,Rx,0,8,00,00,00,00,00,00,00,00,
7963655,000000A3,false,Rx,0,8,00,40,01,00,00,00,00,00,
7964014,00000401,false,Rx,0,8,AF,30,10,00,00,00,00,00,
7967855,00000036,false,Rx,0,8,1A,F6,B0,01,10,00,20,05,
7967977,00000037,false,Rx,0,8,05,00,00,10,00,40,00,00,
7968381,00000038,false,Rx,0,8,01,00,00,00,20,39,06,00,
7968524,0000019B,false,Rx,0,8,B6,81,81,00,00,D4,00,00,
7968813,00000039,false,Rx,0,8,00,00,00,00,00,00,00,00,
7969431,0000019C,false,Rx,0,8,40,20,00,00,00,00,0B,09,
7969538,0000019D,false,Rx,0,8,00,10,00,05,00,00,00,00,
7969599,0000019E,false,Rx,0,8,15,23,00,00,00,32,00,00,
7972790,000002D6,false,Rx,0,8,03,A8,08,00,00,00,00,00,
7972916,000002EB,false,Rx,0,8,02,3C,08,09,10,01,00,00,
7973163,000002D7,false,Rx,0,8,00,00,03,03,03,00,00,00,
7973422,000002EC,false,Rx,0,8,02,00,00,00,00,00,00,00,
7973655,000002D8,false,Rx,0,8,00,00,00,00,00,00,38,44,
7973943,000002ED,false,Rx,0,8,00,00,00,00,00,00,00,00,
7974151,0000010B,false,Rx,0,8,B4,61,B1,00,00,00,00,01,
7974392,000002D9,false,Rx,0,8,00,00,00,00,00,00,00,00,
7974634,0000010C,false,Rx,0,8,FF,01,00,00,43,48,44,44,
7974869,00000236,false,Rx,0,8,6D,50,0F,00,30,63,34,6C,
7975107,0000010D,false,Rx,0,8,EF,02,00,00,00,00,00,35,
7975336,00000151,false,Rx,0,8,AC,7D,0F,A0,C8,00,28,15,
7975620,0000010E,false,Rx,0,8,00,00,0A,00,00,00,00,00,
7975968,00000152,false,Rx,0,8,12,14,14,00,24,00,00,00,
7976173,000001F6,false,Rx,0,8,CA,E8,0F,00,00,00,00,00,
7976344,00000153,false,Rx,0,8,00,00,00,00,00,00,00,00,
7976672,000001F7,false,Rx,0,8,1F,00,DC,00,00,00,00,00,
7977410,00000154,false,Rx,0,8,00,00,00,00,00,00,00,00,
7977571,00000563,false,Rx,1,8,65,02,00,00,00,00,FF,FF,
7977654,000001F8,false,Rx,0,8,00,69,00,64,00,00,00,00,
7977698,000002EE,false,Rx,0,8,00,00,00,00,00,00,00,00,
7978086,000001F9,false,Rx,0,8,19,00,A0,C8,14,00,19,00,
7978144,000002FB,false,Rx,0,8,89,AC,0F,00,0C,14,C3,C3,
7978187,00000237,false,Rx,0,8,00,04,94,00,00,5D,1D,00,
7978281,000002FC,false,Rx,0,8,00,00,12,15,00,00,00,96,
7978681,00000238,false,Rx,0,8,00,00,0C,00,00,00,00,00,
7979020,000002FD,false,Rx,0,8,00,00,00,00,00,1C,10,EA,
7979525,00000239,false,Rx,0,8,00,00,00,00,01,00,00,00,
7979618,000002FE,false,Rx,0,8,00,00,72,01,00,28,00,00,
7979699,00000251,false,Rx,0,8,ED,5C,11,00,00,00,00,00,
7979764,00000326,false,Rx,0,8,AD,8C,0F,00,10,00,00,00,
7980010,00000252,false,Rx,0,8,00,00,00,00,03,00,00,00,
7980239,00000327,false,Rx,0,8,00,00,00,00,05,00,00,00,
7980464,00000121,false,Rx,0,8,F2,29,B2,00,00,00,00,01,
7980706,00000253,false,Rx,0,8,00,00,00,00,2D,00,80,46,
7980946,00000122,false,Rx,0,8,FF,01,00,00,44,44,44,44,
7981179,0000025B,false,Rx,0,8,38,25,0F,4C,40,20,00,00,
7981428,00000123,false,Rx,0,8,F0,02,00,00,00,00,00,35,
7981658,0000025C,false,Rx,0,8,00,00,1F,00,BD,68,14,00,
7981953,00000124,false,Rx,0,8,00,00,0A,00,00,00,00,00,
7982149,0000025D,false,Rx,0,8,00,C8,00,00,00,80,C0,70,
7982403,00000328,false,Rx,0,8,DC,00,19,00,00,69,00,00,
7982629,0000025E,false,Rx,0,8,48,07,0E,06,00,00,00,00,
7982916,00000329,false,Rx,0,8,A0,64,00,00,00,00,00,00,
7983114,00000396,false,Rx,0,8,B1,CA,08,0F,10,02,00,00,
7983338,00000331,false,Rx,0,8,EC,9B,0F,F1,C8,A0,2C,97,
7983582,00000397,false,Rx,0,8,0C,00,00,00,00,00,00,00,
7983828,00000332,false,Rx,0,8,44,07,B4,00,00,00,00,00,
7984081,00000398,false,Rx,0,8,00,00,00,00,00,00,00,00,
7984323,00000333,false,Rx,0,8,00,00,00,1C,0C,40,20,A0,
7984547,000002E6,false,Rx,0,8,CE,4E,11,01,00,00,00,15,
7984797,00000256,false,Rx,0,8,87,4D,11,01,00,00,00,00,
7985045,000002E7,false,Rx,0,8,3C,00,00,00,00,00,00,00,
7985285,00000257,false,Rx,0,8,00,00,00,00,64,00,02,00,
7985568,000002E8,false,Rx,0,8,00,00,00,00,00,00,00,00,
7985780,00000258,false,Rx,0,8,01,00,00,00,10,15,00,28,
7986035,000002E9,false,Rx,0,8,00,00,00,00,00,00,00,00,
7986272,00000259,false,Rx,0,8,00,00,00,3C,00,00,00,00,
7986555,00000334,false,Rx,0,8,C8,00,00,00,5C,70,B7,8F,
7986758,00000405,false,Rx,0,8,3A,40,00,00,00,00,00,00,
7987006,00000413,false,Rx,0,8,F5,10,00,41,00,00,00,00,
7987235,000003B6,false,Rx,0,8,73,9F,08,00,00,00,00,44,
7987506,00000414,false,Rx,0,8,87,A0,00,00,28,00,00,00,
7987729,000003B7,false,Rx,0,8,43,00,00,00,00,08,00,00,
7987978,00000416,false,Rx,0,8,55,00,00,00,00,00,00,00,
7988212,000003B8,false,Rx,0,8,EB,02,00,00,00,00,69,0E,
7988485,00000417,false,Rx,0,8,0E,60,00,00,00,01,00,00,
7988715,000003B9,false,Rx,0,8,00,00,00,00,00,00,00,00,
7988947,00000418,false,Rx,0,8,CE,30,00,00,14,4C,00,00,
7989189,00000410,false,Rx,0,8,A3,90,53,3C,B4,6A,FF,FF,
7989415,00000419,false,Rx,0,8,0C,90,C9,CD,C5,64,84,00,
7989660,00000411,false,Rx,0,8,09,81,50,50,00,00,44,04,
7990147,00000412,false,Rx,0,8,F1,00,00,00,00,00,04,00,
7995840,000003AA,false,Rx,0,8,FF,00,D0,00,54,00,00,00,
7997198,00000445,false,Rx,0,8,0E,60,00,00,00,04,00,18,
8002065,000000C5,false,Rx,1,8,00,00,00,00,00,00,00,00,
8002163,00000244,false,Rx,1,8,00,00,00,00,00,00,00,00,
8002608,0000030B,false,Rx,0,8,94,3A,5A,00,04,00,00,00,
8002702,000003E4,false,Rx,1,8,FE,00,00,00,00,00,00,00,
8002778,0000030C,false,Rx,0,8,00,00,0C,23,2C,00,A0,0F,
8002845,000004B4,false,Rx,1,8,01,00,0D,40,10,60,44,02,
8003017,000004B5,false,Rx,1,8,08,00,F0,07,00,00,00,00,
8003284,0000030D,false,Rx,0,8,00,00,00,00,42,00,00,00,
8003514,000004B7,false,Rx,1,8,08,00,F0,07,00,00,00,00,
8003759,0000030E,false,Rx,0,8,00,00,28,05,21,00,00,02,
8003984,00000495,false,Rx,0,8,49,00,00,00,00,00,00,00,
8004181,000004CA,false,Rx,1,8,00,00,00,00,00,00,00,00,
8004488,000004CC,false,Rx,1,8,08,00,00,2A,00,00,03,00,
8005021,000004CE,false,Rx,1,8,14,01,FF,FF,FF,FF,FF,FF,
8005236,000001AB,false,Rx,0,8,79,AB,64,40,00,90,00,00,
8005971,000001AC,false,Rx,0,8,00,28,00,00,00,00,00,00,
8006484,000004D7,false,Rx,1,8,23,01,00,00,00,00,00,00,
8006545,000004D8,false,Rx,1,8,41,10,F6,F0,40,F2,1E,CC,
8006591,000004DD,false,Rx,1,8,00,00,00,00,04,00,00,00,
8006699,000004DF,false,Rx,1,8,00,00,08,00,00,00,00,00,
8006985,000004E7,false,Rx,1,8,00,30,00,00,00,00,69,00,
8007236,000004E8,false,Rx,1,8,FF,FF,FF,29,FF,FF,FF,00,
8007511,000004E9,false,Rx,1,8,00,00,00,00,00,00,00,00,
8007784,000004EA,false,Rx,1,8,00,00,00,00,00,00,00,00,
8008052,000004EB,false,Rx,1,8,04,68,2B,0C,00,00,00,00,
8008328,000004EC,false,Rx,1,8,FF,FF,FF,FF,FF,FF,FF,0F,
8008594,000004ED,false,Rx,1,8,FF,FF,FF,FF,FF,FF,FF,1F,
8008869,000004EE,false,Rx,1,8,FF,FF,00,00,00,00,00,00,
8009139,000004EF,false,Rx,1,8,60,00,60,00,29,14,00,00,
8009389,0000063D,false,Rx,1,8,00,80,00,00,00,00,00,00,
8009647,0000063E,false,Rx,1,8,FF,FF,FF,FF,FF,FF,FF,FF,
8009931,0000063F,false,Rx,1,8,00,10,00,C4,FF,00,00,00,
8010440,00000640,false,Rx,1,8,FF,FF,FF,00,FF,FF,FF,00,
8010786,00000641,false,Rx,1,8,FF,FF,FF,FF,0F,FF,FF,FF,
8010875,00000646,false,Rx,1,8,00,00,00,80,01,00,00,00,
8012998,00000448,false,Rx,0,8,7F,00,00,00,00,00,00,00,
8013090,000000A1,false,Rx,0,8,3A,91,A4,8A,D4,EC,A2,00,
8013294,000000A2,false,Rx,0,8,00,00,00,00,00,00,00,00,
8013535,000000A3,false,Rx,0,8,00,40,01,00,00,00,00,00,
8017785,00000036,false,Rx,0,8,65,DA,B5,01,10,00,20,05,
8017975,00000037,false,Rx,0,8,05,00,00,10,00,40,00,00,
8018224,00000038,false,Rx,0,8,01,00,00,00,20,39,06,00,
8018528,0000019B,false,Rx,0,8,45,1F,86,00,00,D4,00,00,
8018753,00000039,false,Rx,0,8,00,00,00,00,00,00,00,00,
8019118,0000019C,false,Rx,0,8,40,20,00,00,00,00,0B,09,
8019489,0000019D,false,Rx,0,8,00,10,00,05,00,00,00,00,
8019972,0000019E,false,Rx,0,8,15,23,00,00,00,32,00,00,
8024189,0000010B,false,Rx,0,8,35,FF,B6,00,00,00,00,01,
8024281,0000010C,false,Rx,0,8,FF,01,00,00,43,48,44,44,
8024578,0000010D,false,Rx,0,8,EC,02,00,00,00,00,00,35,
8024702,0000010E,false,Rx,0,8,00,00,0A,00,00,00,00,00,
8025383,00000226,false,Rx,0,8,F6,28,49,FF,00,20,00,02,
8025685,000002FF,false,Rx,0,8,94,7C,00,00,00,00,00,00,
8025879,00000227,false,Rx,0,8,02,C4,07,09,00,F0,FF,07,
8026105,00000316,false,Rx,0,8,B9,35,26,04,00,80,0A,00,
8026340,00000472,false,Rx,0,8,5C,EC,00,40,08,41,00,45,
8026579,00000317,false,Rx,0,8,00,00,05,00,00,00,00,00,
8026818,00000473,false,Rx,0,8,5F,24,00,25,00,00,00,78,
8027104,00000474,false,Rx,0,8,30,DB,00,00,00,00,00,00,
8030829,00000121,false,Rx,0,8,8B,06,B7,00,00,00,00,01,
8031026,00000122,false,Rx,0,8,FF,01,00,00,44,44,44,44,
8031073,00000123,false,Rx,0,8,ED,02,00,00,00,00,00,35,
8031154,00000124,false,Rx,0,8,00,00,0A,00,00,00,00,00,
8037180,00000445,false,Rx,0,8,0E,60,00,00,00,04,00,18,
8052078,000000FF,false,Rx,0,8,CB,10,00,00,00,00,02,00,
8052708,00000394,false,Rx,0,8,2A,22,1A,49,00,00,00,00,
8053218,000003C3,false,Rx,0,8,45,10,31,30,36,00,00,00,
8053390,000003E0,false,Rx,0,8,15,20,01,00,00,00,00,00,
8054104,000003E5,false,Rx,0,8,D8,70,00,00,00,00,00,00,
8054345,000003E6,false,Rx,0,8,A1,40,00,00,00,00,00,00,
8054578,0000041A,false,Rx,0,8,7D,70,12,00,50,01,00,00,
8054850,0000041B,false,Rx,0,8,BE,70,00,00,00,00,00,00,
8055276,0000041C,false,Rx,0,8,84,D0,E8,00,00,00,00,00,
8055371,00000422,false,Rx,0,8,FA,20,01,00,00,00,04,00,
8055775,00000432,false,Rx,0,8,03,20,02,00,00,00,00,00,
8056020,00000464,false,Rx,0,8,6C,30,F0,FF,38,7F,05,00,
8057434,00000435,false,Rx,0,8,AD,40,00,50,00,00,00,FF,
8057904,00000442,false,Rx,0,8,CE,20,11,81,00,00,00,00,
8058447,00000444,false,Rx,0,8,47,C0,00,20,00,00,00,00,
8059214,0000036F,false,Rx,0,8,99,51,01,00,00,00,00,00,
8059295,0000037F,false,Rx,0,8,93,40,52,24,41,02,00,00,
8063166,000000A1,false,Rx,0,8,0C,D2,A9,8A,D4,EC,A2,00,
8063271,000000A2,false,Rx,0,8,00,00,00,00,00,00,00,00,
8063547,000000A3,false,Rx,0,8,00,40,01,00,00,00,00,00,
8067513,00000445,false,Rx,0,8,0E,60,00,00,00,04,00,18,
8067909,00000036,false,Rx,0,8,E4,AE,BA,01,10,00,20,05,
8067979,00000037,false,Rx,0,8,05,00,00,10,00,40,00,00,
8068253,00000038,false,Rx,0,8,01,00,00,00,20,39,06,00,
8068482,0000019B,false,Rx,0,8,48,D9,8B,00,00,D4,00,00,
8068727,00000039,false,Rx,0,8,00,00,00,00,00,00,00,00,
8068980,0000019C,false,Rx,0,8,40,20,00,00,00,00,0B,09,
8069236,0000019D,false,Rx,0,8,00,10,00,05,00,00,00,00,
8069473,0000019E,false,Rx,0,8,15,23,00,00,00,32,00,00,
8071445,000001E6,false,Rx,0,8,87,EB,21,02,00,00,00,00,
8071640,000001BB,false,Rx,0,8,49,20,21,02,00,00,00,0A,
8071899,000001BC,false,Rx,0,8,32,00,00,00,02,00,00,00,
8072163,000001BD,false,Rx,0,8,00,00,00,00,00,00,00,00,
8072415,000001E7,false,Rx,0,8,00,00,22,03,20,01,00,00,
8074035,0000010B,false,Rx,0,8,DC,39,BB,00,00,00,00,01,
8074211,0000010C,false,Rx,0,8,FF,01,00,00,43,48,44,44,
8074487,0000010D,false,Rx,0,8,EA,02,00,00,00,00,00,35,
8074801,0000010E,false,Rx,0,8,00,00,0A,00,00,00,00,00,
8078759,000002AB,false,Rx,0,8,DB,9B,13,0C,0C,00,00,00,
8078977,000002AC,false,Rx,0,8,00,FF,FF,00,00,40,00,50,
8079204,000002AD,false,Rx,0,8,00,01,00,40,FF,FF,FF,0F,
8079597,000002AE,false,Rx,0,8,1E,0C,FF,3F,00,01,00,00,
8079753,000002B6,false,Rx,0,8,48,9D,13,00,01,00,00,40,
8079995,000002B7,false,Rx,0,8,93,01,C1,08,00,04,00,00,
8080208,000002B8,false,Rx,0,8,B2,61,11,00,00,00,00,00,
8080444,00000121,false,Rx,0,8,D7,07,BC,00,00,00,00,01,
8080695,000002B9,false,Rx,0,8,0A,00,00,00,00,00,00,00,
8080929,00000122,false,Rx,0,8,FF,01,00,00,44,44,44,44,
8081171,000002C1,false,Rx,0,8,F4,80,0A,21,00,41,00,A1,
8081402,00000123,false,Rx,0,8,EB,02,00,00,00,00,00,35,
8081642,000002C2,false,Rx,0,8,40,00,00,00,00,00,00,00,
8081904,00000124,false,Rx,0,8,00,00,0A,00,00,00,00,00,
8082157,000002C3,false,Rx,0,8,00,00,00,00,00,00,00,00,
8082407,000002C4,false,Rx,0,8,00,00,00,00,00,00,00,00,
8082666,000002E1,false,Rx,0,8,22,C7,13,00,00,00,00,00,
8082920,000002E2,false,Rx,0,8,00,00,00,00,00,7E,00,04,
8083208,000002E3,false,Rx,0,8,00,00,00,00,00,00,72,01,
8083473,000002E4,false,Rx,0,8,02,00,00,00,00,00,00,00,
8085170,00000565,false,Rx,0,8,66,02,00,00,00,00,FF,FF,
8088229,000001F1,false,Rx,0,8,5E,67,EF,01,00,00,28,00,
8088422,000001F2,false,Rx,0,8,00,00,00,00,00,00,00,00,
8092070,00000487,false,Rx,1,8,00,00,00,00,00,00,00,00,
8092328,00000642,false,Rx,1,8,FF,FF,FF,FF,FF,FF,00,00,
8102377,00000643,false,Rx,1,8,00,FC,FF,FF,FF,FF,03,00,
8103777,000002BF,false,Rx,0,8,FF,FF,FF,00,00,00,00,00,
8103868,0000047F,false,Rx,0,8,FF,FF,FF,FF,FF,FF,FF,FF,
8104177,00000653,false,Rx,0,8,0A,19,03,01,02,2A,00,00,
8104853,000001AB,false,Rx,0,8,0A,92,69,40,00,90,00,00,
8105152,000001AC,false,Rx,0,8,00,28,00,00,00,00,00,00,
8113025,000000A1,false,Rx,0,8,05,57,AE,8A,D4,EC,A2,00,
8113227,000000A2,false,Rx,0,8,00,00,00,00,00,00,00,00,
8113477,000000A3,false,Rx,0,8,00,40,01,00,00,00,00,00,
8117784,00000036,false,Rx,0,8,9B,82,BF,01,10,00,20,05,
8118201,00000037,false,Rx,0,8,05,00,00,10,00,40,00,00,
8118333,00000038,false,Rx,0,8,01,00,00,00,20,39,06,00,
8118623,0000019B,false,Rx,0,8,35,1C,90,00,00,D4,00,00,
8118760,00000039,false,Rx,0,8,00,00,00,00,00,00,00,00,
8119067,0000019C,false,Rx,0,8,40,20,00,00,00,00,0B,09,
8119256,0000019D,false,Rx,0,8,00,10,00,05,00,00,00,00,
8119489,0000019E,false,Rx,0,8,15,23,00,00,00,32,00,00,
8124202,0000010B,false,Rx,0,8,84,B7,C0,00,00,00,00,01,
8124346,0000010C,false,Rx,0,8,FF,01,00,00,43,48,44,44,
8124663,0000010D,false,Rx,0,8,E7,02,00,00,00,00,00,35,
8124739,0000010E,false,Rx,0,8,00,00,0A,00,00,00,00,00,
8130596,00000121,false,Rx,0,8,B1,BF,C1,00,00,00,00,01,
8130686,00000122,false,Rx,0,8,FF,01,00,00,44,44,44,44,
8131014,00000123,false,Rx,0,8,E8,02,00,00,00,00,00,35,
8131140,00000124,false,Rx,0,8,00,00,0A,00,00,00,00,00,
8132544,000004A3,false,Rx,1,8,80,00,48,0B,3E,00,00,00,
8132717,000004A4,false,Rx,1,8,FF,FF,FF,00,00,00,00,00,
8147137,0000033B,false,Rx,0,8,BB,85,5C,00,00,00,00,00,
8147230,0000033C,false,Rx,0,8,00,00,00,00,F0,00,00,00,
8148034,00000356,false,Rx,0,8,6E,D7,AE,00,00,00,00,00,
8148113,0000033D,false,Rx,0,8,00,00,00,00,00,00,00,00,
8148161,00000357,false,Rx,0,8,00,00,00,00,00,4B,4D,48,
8148209,0000033E,false,Rx,0,8,00,00,00,00,00,00,00,00,
8148385,00000358,false,Rx,0,8,35,41,45,4D,52,37,33,4F,
8148629,00000359,false,Rx,0,8,51,4F,34,52,4A,35,33,00,
8158994,0000036F,false,Rx,0,8,4F,61,01,00,00,00,00,00,
8159155,0000037F,false,Rx,0,8,2A,50,52,24,41,02,00,00,
8163039,000000A1,false,Rx,0,8,60,54,B3,8A,D4,EC,A2,00,
8163257,000000A2,false,Rx,0,8,00,00,00,00,00,00,00,00,
8163501,000000A3,false,Rx,0,8,00,40,01,00,00,00,00,00,
8164099,00000401,false,Rx,0,8,AF,30,10,00,00,00,00,00,
8167780,00000036,false,Rx,0,8,3A,FD,C4,01,10,00,20,05,
8167964,00000037,false,Rx,0,8,05,00,00,10,00,40,00,00,
8168251,00000038,false,Rx,0,8,01,00,00,00,20,39,06,00,
8168484,0000019B,false,Rx,0,8,4A,30,95,00,00,D4,00,00,
8168733,00000039,false,Rx,0,8,00,00,00,00,00,00,00,00,
8168978,0000019C,false,Rx,0,8,40,20,00,00,00,00,0B,09,
8169232,0000019D,false,Rx,0,8,00,10,00,05,00,00,00,00,
8169482,0000019E,false,Rx,0,8,15,23,00,00,00,32,00,00,
8172762,000002D6,false,Rx,0,8,45,F1,09,00,00,00,00,00,
8172926,000002EB,false,Rx,0,8,44,65,09,09,10,01,00,00,
8173177,000002D7,false,Rx,0,8,00,00,03,03,03,00,00,00,
8173424,000002EC,false,Rx,0,8,02,00,00,00,00,00,00,00,
8173665,000002D8,false,Rx,0,8,00,00,00,00,00,00,38,44,
8173915,000002ED,false,Rx,0,8,00,00,00,00,00,00,00,00,
8174159,0000010B,false,Rx,0,8,B8,6B,C5,00,00,00,00,01,
8174397,000002D9,false,Rx,0,8,00,00,00,00,00,00,00,00,
8174667,0000010C,false,Rx,0,8,FF,01,00,00,43,48,44,44,
8174886,00000236,false,Rx,0,8,6F,B9,11,00,30,63,34,6C,
8175105,0000010D,false,Rx,0,8,E5,02,00,00,00,00,00,35,
8175348,00000151,false,Rx,0,8,AE,94,11,A0,C8,00,28,15,
8175584,0000010E,false,Rx,0,8,00,00,0A,00,00,00,00,00,
8175832,00000152,false,Rx,0,8,12,14,14,00,24,00,00,00,
8176062,00000237,false,Rx,0,8,00,04,94,00,00,5D,1D,00,
8176307,00000153,false,Rx,0,8,00,00,00,00,00,00,00,00,
8176564,000001F6,false,Rx,0,8,C8,01,11,00,00,00,00,00,
8176811,00000154,false,Rx,0,8,00,00,00,00,00,00,00,00,
8177057,000001F7,false,Rx,0,8,1F,00,DC,00,00,00,00,00,
8177304,000002EE,false,Rx,0,8,00,00,00,00,00,00,00,00,
8177551,000001F8,false,Rx,0,8,00,69,00,64,00,00,00,00,
8177783,000002FB,false,Rx,0,8,8B,45,11,00,0C,14,C3,C3,
8178016,000001F9,false,Rx,0,8,19,00,A0,C8,14,00,19,00,
8178293,000002FC,false,Rx,0,8,00,00,12,15,00,00,00,96,
8178515,00000238,false,Rx,0,8,00,00,0C,00,00,00,00,00,
8178760,000002FD,false,Rx,0,8,00,00,00,00,00,1C,10,EA,
8179114,00000239,false,Rx,0,8,00,00,00,00,01,00,00,00,
8179243,000002FE,false,Rx,0,8,00,00,72,01,00,28,00,00,
8179533,00000251,false,Rx,0,8,EB,32,13,00,00,00,00,00,
8179743,00000326,false,Rx,0,8,AF,65,11,00,10,00,00,00,
8179976,00000252,false,Rx,0,8,00,00,00,00,03,00,00,00,
8180273,00000327,false,Rx,0,8,00,00,00,00,05,00,00,00,
8180478,00000121,false,Rx,0,8,C9,D0,C6,00,00,00,00,01,
8180700,00000253,false,Rx,0,8,00,00,00,00,2D,00,80,46,
8180936,00000122,false,Rx,0,8,FF,01,00,00,44,44,44,44,
8181204,0000025B,false,Rx,0,8,CB,D1,11,4C,40,20,00,00,
8181424,00000123,false,Rx,0,8,E6,02,00,00,00,00,00,35,
8181658,0000025C,false,Rx,0,8,00,00,1F,00,BD,68,14,00,
8181905,00000124,false,Rx,0,8,00,00,0A,00,00,00,00,00,
8182219,0000025D,false,Rx,0,8,00,C8,00,00,00,80,C0,70,
8182394,00000328,false,Rx,0,8,DC,00,19,00,00,69,00,00,
8182656,0000025E,false,Rx,0,8,3D,07,0E,06,00,00,00,00,
8182928,00000329,false,Rx,0,8,A0,64,00,00,00,00,00,00,
8183137,00000396,false,Rx,0,8,76,61,09,0F,10,01,00,00,
8183399,00000331,false,Rx,0,8,EE,72,11,F1,C8,A0,2C,97,
8183597,00000397,false,Rx,0,8,1C,00,00,00,00,00,00,00,
8183832,00000332,false,Rx,0,8,44,07,B4,00,00,00,00,00,
8184161,00000398,false,Rx,0,8,00,00,00,00,00,00,00,00,
8184360,00000333,false,Rx,0,8,00,00,00,1C,0C,40,20,A0,
8184571,000002E6,false,Rx,0,8,42,FC,13,01,00,00,00,15,
8185020,00000256,false,Rx,0,8,0B,FF,13,01,00,00,00,00,
8185088,000002E7,false,Rx,0,8,3C,00,00,00,00,00,00,00,
8185416,00000257,false,Rx,0,8,00,00,00,00,64,00,02,00,
8185610,000002E8,false,Rx,0,8,00,00,00,00,00,00,00,00,
8185815,00000258,false,Rx,0,8,01,00,00,00,10,15,00,28,
8186143,000002E9,false,Rx,0,8,00,00,00,00,00,00,00,00,
8186293,00000259,false,Rx,0,8,00,00,00,3C,00,00,00,00,
8186525,00000334,false,Rx,0,8,C8,00,00,00,5C,70,B7,8F,
8186814,00000405,false,Rx,0,8,3A,40,00,00,00,00,00,00,
8187102,00000413,false,Rx,0,8,F5,10,00,41,00,00,00,00,
8187294,000003B6,false,Rx,0,8,CC,37,09,00,00,00,00,44,
8187488,00000414,false,Rx,0,8,87,A0,00,00,28,00,00,00,
8187944,000003B7,false,Rx,0,8,43,00,00,00,00,08,00,00,
8188014,00000416,false,Rx,0,8,55,00,00,00,00,00,00,00,
8188482,000003B8,false,Rx,0,8,E6,02,00,00,00,00,69,0E,
8189162,00000417,false,Rx,0,8,0E,60,00,00,00,01,00,00,
8189456,000003B9,false,Rx,0,8,00,00,00,00,00,00,00,00,
8189511,00000418,false,Rx,0,8,CE,30,00,00,14,4C,00,00,
8189774,00000410,false,Rx,0,8,A3,90,53,3C,B4,6A,FF,FF,
8189825,00000419,false,Rx,0,8,0C,90,C9,CD,C5,64,84,00,
8189904,00000411,false,Rx,0,8,09,81,50,50,00,00,44,04,
8189956,0000048F,false,Rx,0,8,AD,10,41,00,05,00,00,00,
8190171,00000412,false,Rx,0,8,F1,00,00,00,00,00,04,00,
8190408,00000566,false,Rx,0,8,16,02,00,00,00,00,FF,FF,
8195397,000003AA,false,Rx,0,8,FF,00,D0,00,54,00,00,00,
8201968,000000C5,false,Rx,1,8,00,00,00,00,00,00,00,00,
8202229,00000244,false,Rx,1,8,00,00,00,00,00,00,00,00,
8202531,0000030B,false,Rx,0,8,21,FD,5C,00,04,00,00,00,
8202733,000004B4,false,Rx,1,8,01,00,0D,40,10,60,44,02,
8202802,000004B5,false,Rx,1,8,08,00,F0,07,00,00,00,00,
8202862,0000030C,false,Rx,0,8,00,00,0C,23,2C,00,A0,0F,
8203244,000004B7,false,Rx,1,8,08,00,F0,07,00,00,00,00,
8203470,0000030D,false,Rx,0,8,00,00,00,00,42,00,00,00,
8203590,000004CA,false,Rx,1,8,00,00,00,00,00,00,00,00,
8203707,0000030E,false,Rx,0,8,00,00,28,05,21,00,00,02,
8203762,000004CC,false,Rx,1,8,08,00,00,2A,00,00,03,00,
8204003,00000495,false,Rx,0,8,49,00,00,00,00,00,00,00,
8204260,000004CE,false,Rx,1,8,14,01,FF,FF,FF,FF,FF,FF,
8204720,000001AB,false,Rx,0,8,95,FA,6E,40,00,90,00,00,
8204800,000004D7,false,Rx,1,8,23,01,00,00,00,00,00,00,
8205208,000001AC,false,Rx,0,8,00,28,00,00,00,00,00,00,
8205282,000004D8,false,Rx,1,8,41,10,F6,F0,40,F2,1E,CC,
8205719,000004DD,false,Rx,1,8,00,00,00,00,04,00,00,00,
8206205,000004DF,false,Rx,1,8,00,00,08,00,00,00,00,00,
8206701,000004E7,false,Rx,1,8,00,30,00,00,00,00,69,00,
8206979,000004E8,false,Rx,1,8,FF,FF,FF,29,FF,FF,FF,00,
8207255,000004E9,false,Rx,1,8,00,00,00,00,00,00,00,00,
8207537,000004EA,false,Rx,1,8,00,00,00,00,00,00,00,00,
8207790,000004EB,false,Rx,1,8,04,68,2B,0C,00,00,00,00,
8208062,000004EC,false,Rx,1,8,FF,FF,FF,FF,FF,FF,FF,0F,
8208334,000004ED,false,Rx,1,8,FF,FF,FF,FF,FF,FF,FF,1F,
8208579,000004EE,false,Rx,1,8,FF,FF,00,00,00,00,00,00,
8208902,000004EF,false,Rx,1,8,60,00,60,00,29,14,00,00,
8209137,000004F0,false,Rx,1,8,4A,0D,2B,0D,5C,1A,11,02,
8209401,0000063D,false,Rx,1,8,00,80,00,00,00,00,00,00,
8209665,0000063E,false,Rx,1,8,FF,FF,FF,FF,FF,FF,FF,FF,
8209952,0000063F,false,Rx,1,8,00,10,00,C4,FF,00,00,00,
8210200,00000640,false,Rx,1,8,FF,FF,FF,00,FF,FF,FF,00,
8210472,00000641,false,Rx,1,8,FF,FF,FF,FF,0F,FF,FF,FF,
8210763,00000646,false,Rx,1,8,00,00,00,80,01,00,00,00,
8212876,00000448,false,Rx,0,8,7F,00,00,00,00,00,00,00,
8213001,000000A1,false,Rx,0,8,5C,A5,B8,8A,D4,EC,A2,00,
8213281,000000A2,false,Rx,0,8,00,00,00,00,00,00,00,00,
8213522,000000A3,false,Rx,0,8,00,40,01,00,00,00,00,00,
8217785,00000036,false,Rx,0,8,37,3B,C9,01,10,00,20,05,
8217971,00000037,false,Rx,0,8,05,00,00,10,00,40,00,00,
8218250,00000038,false,Rx,0,8,01,00,00,00,20,39,06,00,
8218490,0000019B,false,Rx,0,8,CB,44,9A,00,00,D4,00,00,
8218736,00000039,false,Rx,0,8,00,00,00,00,00,00,00,00,
8218985,0000019C,false,Rx,0,8,40,20,00,00,00,00,0B,09,
8219233,0000019D,false,Rx,0,8,00,10,00,05,00,00,00,00,
8219488,0000019E,false,Rx,0,8,15,23,00,00,00,32,00,00,
8221449,000001E6,false,Rx,0,8,71,C3,24,02,00,00,00,00,
8221641,000001BB,false,Rx,0,8,46,CB,24,02,00,00,00,0A,
8221898,000001BC,false,Rx,0,8,32,00,00,00,02,00,00,00,
8222167,000001BD,false,Rx,0,8,00,00,00,00,00,00,00,00,
8222413,000001E7,false,Rx,0,8,00,00,22,03,20,01,00,00,
8224028,0000010B,false,Rx,0,8,EC,EF,CA,00,00,00,00,01,
8224199,0000010C,false,Rx,0,8,FF,01,00,00,43,48,44,44,
8224487,0000010D,false,Rx,0,8,E2,02,00,00,00,00,00,35,
8224708,0000010E,false,Rx,0,8,00,00,0A,00,00,00,00,00,
8225212,00000226,false,Rx,0,8,9F,68,4B,FF,00,20,00,02,
8225454,000002FF,false,Rx,0,8,94,7C,00,00,00,00,00,00,
8225689,00000227,false,Rx,0,8,02,C4,07,09,00,F0,FF,07,
8226042,00000316,false,Rx,0,8,9D,9D,27,04,00,80,0A,00,
8226473,00000472,false,Rx,0,8,5C,EC,00,40,08,41,00,45,
8226799,00000317,false,Rx,0,8,00,00,05,00,00,00,00,00,
8226959,00000473,false,Rx,0,8,5F,24,00,25,00,00,00,78,
8227003,00000474,false,Rx,0,8,30,DB,00,00,00,00,00,00,
8230627,00000121,false,Rx,0,8,52,16,CB,00,00,00,00,01,
8230730,00000122,false,Rx,0,8,FF,01,00,00,44,44,44,44,
8230913,00000123,false,Rx,0,8,E3,02,00,00,00,00,00,35,
8231152,00000124,false,Rx,0,8,00,00,0A,00,00,00,00,00,
8232427,000004E8,false,Rx,1,8,FF,FF,FF,29,FF,FF,FF,00,
8238231,000001F1,false,Rx,0,8,27,7D,F2,01,00,00,28,00,
8238417,000001F2,false,Rx,0,8,00,00,00,00,00,00,00,00,
8242170,000004F0,false,Rx,1,8,4A,0D,2B,0D,5C,1A,11,02,
8251876,000000FF,false,Rx,0,8,CB,10,00,00,00,00,02,00,
8252514,00000394,false,Rx,0,8,2A,22,1A,49,00,00,00,00,
8252669,000003C3,false,Rx,0,8,45,10,31,30,36,00,00,00,
8253189,000003E0,false,Rx,0,8,15,20,01,00,00,00,00,00,
8253968,000003E5,false,Rx,0,8,D8,70,00,00,00,00,00,00,
8254175,000003E6,false,Rx,0,8,A1,40,00,00,00,00,00,00,
8254420,0000041A,false,Rx,0,8,7D,70,12,00,50,01,00,00,
8254708,0000041B,false,Rx,0,8,BE,70,00,00,00,00,00,00,
8254971,0000041C,false,Rx,0,8,84,D0,E8,00,00,00,00,00,
8255235,00000422,false,Rx,0,8,FA,20,01,00,00,00,04,00,
8255645,00000432,false,Rx,0,8,03,20,02,00,00,00,00,00,
8256978,00000435,false,Rx,0,8,AD,40,00,50,00,00,00,FF,
8257175,00000442,false,Rx,0,8,CE,20,11,81,00,00,00,00,
8257440,00000444,false,Rx,0,8,47,C0,00,20,00,00,00,00,
8257891,00000445,false,Rx,0,8,0E,60,00,00,00,04,00,18,
8258938,00000464,false,Rx,0,8,6C,30,F0,FF,38,7F,05,00,
8259060,0000036F,false,Rx,0,8,F6,71,01,00,00,00,00,00,
8259349,0000037F,false,Rx,0,8,FC,60,52,24,41,02,00,00,
8262149,000004E8,false,Rx,1,8,FF,FF,FF,29,FF,FF,FF,00,
8263076,000000A1,false,Rx,0,8,53,4E,BD,8A,D4,EC,A2,00,
8263260,000000A2,false,Rx,0,8,00,00,00,00,00,00,00,00,
8263517,000000A3,false,Rx,0,8,00,40,01,00,00,00,00,00,
8267773,00000036,false,Rx,0,8,C4,A5,CE,01,10,00,20,05,
8267969,00000037,false,Rx,0,8,05,00,00,10,00,40,00,00,
8268243,00000038,false,Rx,0,8,01,00,00,00,20,39,06,00,
8268480,0000019B,false,Rx,0,8,B4,68,9F,00,00,D4,00,00,
8268730,00000039,false,Rx,0,8,00,00,00,00,00,00,00,00,
8268974,0000019C,false,Rx,0,8,40,20,00,00,00,00,0B,09,
8269223,0000019D,false,Rx,0,8,00,10,00,05,00,00,00,00,
8269478,0000019E,false,Rx,0,8,15,23,00,00,00,32,00,00,
8274177,0000010B,false,Rx,0,8,D0,33,CF,00,00,00,00,01,
8274269,0000010C,false,Rx,0,8,FF,01,00,00,43,48,44,44,
8274614,0000010D,false,Rx,0,8,E0,02,00,00,00,00,00,35,
8274786,0000010E,false,Rx,0,8,00,00,0A,00,00,00,00,00,
8278784,000002AB,false,Rx,0,8,6E,5C,15,0C,0C,00,00,00,
8278896,000002AC,false,Rx,0,8,00,FF,FF,00,00,40,00,50,
8279718,000002AD,false,Rx,0,8,00,01,00,40,FF,FF,FF,0F,
8279821,000002AE,false,Rx,0,8,1E,0C,FF,3F,00,01,00,00,
8279876,000002B6,false,Rx,0,8,FD,5A,15,00,01,00,00,40,
8280389,000002B7,false,Rx,0,8,93,01,C1,08,00,04,00,00,
8280494,000002B8,false,Rx,0,8,B2,61,11,00,00,00,00,00,
8280577,00000121,false,Rx,0,8,6C,23,D0,00,00,00,00,01,
8280717,000002B9,false,Rx,0,8,0A,00,00,00,00,00,00,00,
8280898,00000122,false,Rx,0,8,FF,01,00,00,44,44,44,44,
8281917,000002C1,false,Rx,0,8,B2,D9,0B,21,00,41,00,A1,
8282013,00000123,false,Rx,0,8,E1,02,00,00,00,00,00,35,
8282321,000002C2,false,Rx,0,8,40,00,00,00,00,00,00,00,
8282398,00000124,false,Rx,0,8,00,00,0A,00,00,00,00,00,
8282449,000002C3,false,Rx,0,8,00,00,00,00,00,00,00,00,
8282503,000002C4,false,Rx,0,8,00,00,00,00,00,00,00,00,
8282592,000004F0,false,Rx,1,8,4A,0D,2B,0D,5C,1A,11,02,
8282670,000002E1,false,Rx,0,8,97,00,15,00,00,00,00,00,
8283200,000002E2,false,Rx,0,8,00,00,00,00,00,7E,00,04,
8283397,000002E3,false,Rx,0,8,00,00,00,00,00,00,72,01,
8283713,000002E4,false,Rx,0,8,02,00,00,00,00,00,00,00,
8289370,00000516,false,Rx,0,8,61,02,00,00,00,00,FF,FF,
8292024,00000487,false,Rx,1,8,00,00,00,00,00,00,00,00,
8292256,000004E8,false,Rx,1,8,FF,FF,FF,29,FF,FF,FF,00,
8292538,00000642,false,Rx,1,8,FF,FF,FF,FF,FF,FF,00,00,
8301957,00000445,false,Rx,0,8,B1,70,00,00,00,00,00,18,
8303687,000002BF,false,Rx,0,8,FF,FF,FF,00,00,00,00,00,
8303791,0000047F,false,Rx,0,8,FF,FF,FF,FF,FF,FF,FF,FF,
8304127,00000653,false,Rx,0,8,0A,19,03,01,02,2A,00,00,
8304831,000001AB,false,Rx,0,8,EC,E0,73,40,00,90,00,00,
8305148,000001AC,false,Rx,0,8,00,28,00,00,00,00,00,00,
8313172,000000A1,false,Rx,0,8,FB,B2,C2,8A,D4,EC,A2,00,
8313277,000000A2,false,Rx,0,8,00,00,00,00,00,00,00,00,
8313627,000000A3,false,Rx,0,8,00,40,01,00,00,00,00,00,
8318291,00000036,false,Rx,0,8,0C,A7,D3,01,10,00,20,05,
8318398,00000037,false,Rx,0,8,05,00,00,10,00,40,00,00,
8318519,00000038,false,Rx,0,8,01,00,00,00,20,39,06,00,
8318568,0000019B,false,Rx,0,8,62,34,A4,00,00,D4,00,00,
8318778,00000039,false,Rx,0,8,00,00,00,00,00,00,00,00,
8319172,0000019C,false,Rx,0,8,40,20,00,00,00,00,0B,09,
8319600,0000019D,false,Rx,0,8,00,10,00,05,00,00,00,00,
8319659,0000019E,false,Rx,0,8,15,23,00,00,00,32,00,00,
8324207,0000010B,false,Rx,0,8,74,00,D4,00,00,00,00,01,
8324302,0000010C,false,Rx,0,8,FF,01,00,00,43,48,44,44,
8324687,0000010D,false,Rx,0,8,DD,02,00,00,00,00,00,35,
8325089,0000010E,false,Rx,0,8,00,00,0A,00,00,00,00,00,
8330590,00000121,false,Rx,0,8,89,09,D5,00,00,00,00,01,
8330684,00000122,false,Rx,0,8,FF,01,00,00,44,44,44,44,
8331056,00000123,false,Rx,0,8,DE,02,00,00,00,00,00,35,
8331162,00000124,false,Rx,0,8,00,00,0A,00,00,00,00,00,
8331955,00000445,false,Rx,0,8,1E,80,00,00,00,04,00,18,
8332137,000004A3,false,Rx,1,8,80,00,48,0B,3E,00,00,00,
8332578,000004A4,false,Rx,1,8,FF,FF,FF,00,00,00,00,00,
8347104,0000033B,false,Rx,0,8,37,37,5E,00,00,00,00,00,
8347199,0000033C,false,Rx,0,8,00,00,00,00,F0,00,00,00,
8347618,00000356,false,Rx,0,8,28,8E,AF,00,00,00,00,00,
8347698,0000033D,false,Rx,0,8,00,00,00,00,00,00,00,00,
8348068,00000357,false,Rx,0,8,00,00,00,00,00,4B,4D,48,
8348399,0000033E,false,Rx,0,8,00,00,00,00,00,00,00,00,
8348484,00000358,false,Rx,0,8,35,41,45,4D,52,37,33,4F,
8349176,00000359,false,Rx,0,8,51,4F,34,52,4A,35,33,00,
8359133,0000036F,false,Rx,0,8,5F,81,01,00,00,00,00,00,
8359224,0000037F,false,Rx,0,8,45,70,52,24,41,02,00,00,
8363328,000000A1,false,Rx,0,8,F4,59,C7,8A,D4,EC,A2,00,
8363424,000000A2,false,Rx,0,8,00,00,00,00,00,00,00,00,
8363471,000000A3,false,Rx,0,8,00,40,01,00,00,00,00,00,
8364639,00000401,false,Rx,0,8,AF,30,10,00,00,00,00,00,
8367952,00000036,false,Rx,0,8,B4,A6,D8,01,10,00,20,05,
8368047,00000037,false,Rx,0,8,05,00,00,10,00,40,00,00,
8368418,00000038,false,Rx,0,8,01,00,00,00,20,39,06,00,
8368523,0000019B,false,Rx,0,8,6F,F2,A9,00,00,D4,00,00,
8368881,00000039,false,Rx,0,8,00,00,00,00,00,00,00,00,
8369253,0000019C,false,Rx,0,8,40,20,00,00,00,00,0B,09,
8369342,0000019D,false,Rx,0,8,00,10,00,05,00,00,00,00,
8369571,0000019E,false,Rx,0,8,15,23,00,00,00,32,00,00,
8371752,000001E6,false,Rx,0,8,3C,2B,27,02,00,00,00,00,
8371872,000001BB,false,Rx,0,8,43,92,27,02,00,00,00,0A,
8371919,00000445,false,Rx,0,8,1E,80,00,00,00,04,00,18,
8372224,000001BC,false,Rx,0,8,32,00,00,00,02,00,00,00,
8372691,000001BD,false,Rx,0,8,00,00,00,00,00,00,00,00,
8373026,000001E7,false,Rx,0,8,00,00,22,03,20,01,00,00,
8373487,000002D6,false,Rx,0,8,8F,1A,0A,00,00,00,00,00,
8373560,000002EB,false,Rx,0,8,8E,8E,0A,09,10,01,00,00,
8373625,000002D7,false,Rx,0,8,00,00,03,03,03,00,00,00,
8373673,000002EC,false,Rx,0,8,02,00,00,00,00,00,00,00,
8374005,000002D8,false,Rx,0,8,00,00,00,00,00,00,38,44,
8374356,0000010B,false,Rx,0,8,9D,C6,D9,00,00,00,00,01,
8374496,000002D9,false,Rx,0,8,00,00,00,00,00,00,00,00,
8374653,0000010C,false,Rx,0,8,FF,01,00,00,43,48,44,44,
8375047,00000236,false,Rx,0,8,E3,0B,13,00,30,63,34,6C,
8375399,0000010D,false,Rx,0,8,DB,02,00,00,00,00,00,35,
8375917,00000151,false,Rx,0,8,22,26,13,A0,C8,00,28,15,
8376013,0000010E,false,Rx,0,8,00,00,0A,00,00,00,00,00,
8376071,00000152,false,Rx,0,8,12,14,14,00,24,00,00,00,
8376133,00000237,false,Rx,0,8,00,04,94,00,00,5D,1D,00,
8376450,00000153,false,Rx,0,8,00,00,00,00,00,00,00,00,
8376743,000001F6,false,Rx,0,8,44,B3,13,00,00,00,00,00,
8377070,00000154,false,Rx,0,8,00,00,00,00,00,00,00,00,
8377390,000001F7,false,Rx,0,8,1F,00,DC,00,00,00,00,00,
8377820,000002ED,false,Rx,0,8,00,00,00,00,00,00,00,00,
8377881,000001F8,false,Rx,0,8,00,69,00,64,00,00,00,00,
8377924,000002EE,false,Rx,0,8,00,00,00,00,00,00,00,00,
8378007,000001F9,false,Rx,0,8,19,00,A0,C8,14,00,19,00,
8378222,000002FB,false,Rx,0,8,07,F7,13,00,0C,14,C3,C3,
8378547,00000238,false,Rx,0,8,00,00,0C,00,00,00,00,00,
8378849,000002FC,false,Rx,0,8,00,00,12,15,00,00,00,96,
8378987,00000239,false,Rx,0,8,00,00,00,00,01,00,00,00,
8379310,000002FD,false,Rx,0,8,00,00,00,00,00,1C,10,EA,
8379748,00000251,false,Rx,0,8,E1,80,15,00,00,00,00,00,
8380076,000002FE,false,Rx,0,8,00,00,72,01,00,28,00,00,
8380510,00000252,false,Rx,0,8,00,00,00,00,03,00,00,00,
8380576,00000326,false,Rx,0,8,23,D7,13,00,10,00,00,00,
8380640,00000121,false,Rx,0,8,4B,8D,DA,00,00,00,00,01,
8380685,00000253,false,Rx,0,8,00,00,00,00,2D,00,80,46,
8381134,00000122,false,Rx,0,8,FF,01,00,00,44,44,44,44,
8381268,0000025B,false,Rx,0,8,FD,34,13,4C,40,20,00,00,
8381391,00000123,false,Rx,0,8,DC,02,00,00,00,00,00,35,
8382117,0000025C,false,Rx,0,8,00,00,1F,00,BD,68,14,00,
8382453,00000124,false,Rx,0,8,00,00,0A,00,00,00,00,00,
8382895,0000025D,false,Rx,0,8,00,C8,00,00,00,80,C0,70,
8382949,00000327,false,Rx,0,8,00,00,00,00,05,00,00,00,
8382994,0000025E,false,Rx,0,8,40,07,0E,06,00,00,00,00,
8383068,00000328,false,Rx,0,8,DC,00,19,00,00,69,00,00,
8383120,00000396,false,Rx,0,8,63,32,0A,0F,10,06,00,00,
8383418,00000329,false,Rx,0,8,A0,64,00,00,00,00,00,00,
8383578,00000397,false,Rx,0,8,04,00,00,00,00,00,00,00,
8383809,00000331,false,Rx,0,8,62,C0,13,F1,C8,A0,2C,97,
8384052,00000398,false,Rx,0,8,00,00,00,00,00,00,00,00,
8384290,00000332,false,Rx,0,8,44,07,B4,00,00,00,00,00,
8384539,000002E6,false,Rx,0,8,F7,3B,15,01,00,00,00,15,
8384763,00000256,false,Rx,0,8,BE,38,15,01,00,00,00,00,
8385020,000002E7,false,Rx,0,8,3C,00,00,00,00,00,00,00,
8385258,00000257,false,Rx,0,8,00,00,00,00,64,00,02,00,
8385522,000002E8,false,Rx,0,8,00,00,00,00,00,00,00,00,
8385754,00000258,false,Rx,0,8,01,00,00,00,10,15,00,28,
8386014,000002E9,false,Rx,0,8,00,00,00,00,00,00,00,00,
8386251,00000259,false,Rx,0,8,00,00,00,3C,00,00,00,00,
8386507,00000333,false,Rx,0,8,00,00,00,1C,0C,40,20,A0,
8386741,00000405,false,Rx,0,8,3A,40,00,00,00,00,00,00,
8386980,00000334,false,Rx,0,8,C8,00,00,00,5C,70,B7,8F,
8387221,000003B6,false,Rx,0,8,0A,DA,0A,00,00,00,00,44,
8387474,00000413,false,Rx,0,8,F5,10,00,41,00,00,00,00,
8387706,000003B7,false,Rx,0,8,43,00,00,00,00,08,00,00,
8387950,00000414,false,Rx,0,8,87,A0,00,00,28,00,00,00,
8388196,000001F1,false,Rx,0,8,B8,15,F5,01,00,00,28,00,
8388421,000003B8,false,Rx,0,8,DC,02,00,00,00,00,69,0E,
8388684,000001F2,false,Rx,0,8,00,00,00,00,00,00,00,00,
8388928,000003B9,false,Rx,0,8,00,00,00,00,00,00,00,00,
8389181,00000416,false,Rx,0,8,55,00,00,00,00,00,00,00,
8389404,00000410,false,Rx,0,8,A3,90,53,3C,B4,6A,FF,FF,
8389661,00000417,false,Rx,0,8,0E,60,00,00,00,01,00,00,
8389910,00000411,false,Rx,0,8,09,81,50,50,00,00,44,04,
8390146,00000418,false,Rx,0,8,CE,30,00,00,14,4C,00,00,
8390384,00000412,false,Rx,0,8,F1,00,00,00,00,00,04,00,
8390618,00000419,false,Rx,0,8,0C,90,C9,CD,C5,64,84,00,
8391406,00000561,false,Rx,0,8,63,02,00,00,00,00,FF,FF,
8395526,000003AA,false,Rx,0,8,FF,00,D0,00,54,00,00,00,
8401953,000000C5,false,Rx,1,8,00,00,00,00,00,00,00,00,
8402214,00000244,false,Rx,1,8,00,00,00,00,00,00,00,00,
8402506,0000041F,false,Rx,1,8,00,0C,00,00,00,00,00,00,
8402800,0000030B,false,Rx,0,8,0D,FD,5E,00,04,00,00,00,
8403000,000004B4,false,Rx,1,8,01,00,0D,40,10,60,44,02,
8403081,0000030C,false,Rx,0,8,00,00,0C,23,2C,00,A0,0F,
8403134,000004B5,false,Rx,1,8,08,00,F0,07,00,00,00,00,
8403495,0000030D,false,Rx,0,8,00,00,00,00,42,00,00,00,
8403569,000004B7,false,Rx,1,8,08,00,F0,07,00,00,00,00,
8403986,0000030E,false,Rx,0,8,00,00,28,05,21,00,00,04,
8404061,000004CA,false,Rx,1,8,00,00,00,00,00,00,00,00,
8404242,00000495,false,Rx,0,8,49,00,00,00,00,00,00,00,
8404493,000004CC,false,Rx,1,8,08,00,00,2A,00,00,03,00,
8404734,000001AB,false,Rx,0,8,24,19,78,40,00,90,00,00,
8404970,000004CE,false,Rx,1,8,14,01,FF,FF,FF,FF,FF,FF,
8405195,000001AC,false,Rx,0,8,00,28,00,00,00,00,00,00,
8405473,000004D7,false,Rx,1,8,23,01,00,00,00,00,00,00,
8405944,000004D8,false,Rx,1,8,41,10,F6,F0,40,F2,1E,CC,
8406442,000004DD,false,Rx,1,8,00,00,00,00,04,00,00,00,
8406686,000004DF,false,Rx,1,8,00,00,08,00,00,00,00,00,
8406977,000004E7,false,Rx,1,8,00,30,00,00,00,00,69,00,
8407243,000004E8,false,Rx,1,8,FF,FF,FF,29,FF,FF,FF,00,
8407525,000004E9,false,Rx,1,8,00,00,00,00,00,00,00,00,
8407775,000004EA,false,Rx,1,8,00,00,00,00,00,00,00,00,
8408084,000004EB,false,Rx,1,8,04,68,2B,0D,00,00,00,00,
8408334,000004EC,false,Rx,1,8,FF,FF,FF,FF,FF,FF,FF,0F,
8408601,000004ED,false,Rx,1,8,FF,FF,FF,FF,FF,FF,FF,1F,
8408844,000004EE,false,Rx,1,8,FF,FF,00,00,00,00,00,00,
8409149,000004EF,false,Rx,1,8,60,00,60,00,29,14,00,00,
8409418,0000063D,false,Rx,1,8,00,80,00,00,00,00,00,00,
8409695,0000063E,false,Rx,1,8,FF,FF,FF,FF,FF,FF,FF,FF,
8409946,0000063F,false,Rx,1,8,00,10,00,C4,FF,00,00,00,
8410561,00000640,false,Rx,1,8,FF,FF,FF,00,FF,FF,FF,00,
8410641,00000641,false,Rx,1,8,FF,FF,FF,FF,0F,FF,FF,FF,
8410756,00000646,false,Rx,1,8,00,00,00,80,01,00,00,00,
8411860,00000445,false,Rx,0,8,1E,80,00,00,00,04,00,18,
8412878,00000448,false,Rx,0,8,7F,00,00,00,00,00,00,00,
8413030,000000A1,false,Rx,0,8,C8,A8,CC,8A,D4,EC,A2,00,
8413304,000000A2,false,Rx,0,8,00,00,00,00,00,00,00,00,
8413544,000000A3,false,Rx,0,8,00,40,01,00,00,00,00,00,
8417772,00000036,false,Rx,0,8,CB,8A,DD,01,10,00,20,05,
8417964,00000037,false,Rx,0,8,05,00,00,10,00,40,00,00,
8418250,00000038,false,Rx,0,8,01,00,00,00,20,39,06,00,
8418492,0000019B,false,Rx,0,8,9C,6C,AE,00,00,D4,00,00,
8418736,00000039,false,Rx,0,8,00,00,00,00,00,00,00,00,
8418979,0000019C,false,Rx,0,8,40,20,00,00,00,00,0B,09,
8419234,0000019D,false,Rx,0,8,00,10,00,05,00,00,00,00,
8419484,0000019E,false,Rx,0,8,15,23,00,00,00,32,00,00,
8424196,0000010B,false,Rx,0,8,1C,58,DE,00,00,00,00,01,
8424293,0000010C,false,Rx,0,8,FF,01,00,00,43,48,44,44,
8424595,0000010D,false,Rx,0,8,D8,02,00,00,00,00,00,35,
8424726,0000010E,false,Rx,0,8,00,00,0A,00,00,00,00,00,
8424976,00000226,false,Rx,0,8,24,A8,4D,FF,00,20,00,02,
8425219,000002FF,false,Rx,0,8,94,7C,00,00,00,00,00,00,
8425463,00000227,false,Rx,0,8,02,C4,07,09,00,F0,FF,07,
8425693,00000316,false,Rx,0,8,87,E4,28,04,00,80,0A,00,
8425924,00000472,false,Rx,0,8,5C,EC,00,40,08,41,00,45,
8426180,00000317,false,Rx,0,8,00,00,05,00,00,00,00,00,
8426409,00000473,false,Rx,0,8,5F,24,00,25,00,00,00,78,
8426671,00000474,false,Rx,0,8,30,DB,00,00,00,00,00,00,
8430437,00000121,false,Rx,0,8,A2,A1,DF,00,00,00,00,01,
8430650,00000122,false,Rx,0,8,FF,01,00,00,44,44,44,44,
8430884,00000123,false,Rx,0,8,D9,02,00,00,00,00,00,35,
8431150,00000124,false,Rx,0,8,00,00,0A,00,00,00,00,00,
8451664,000000FF,false,Rx,0,8,CB,10,00,00,00,00,02,00,
8452342,00000394,false,Rx,0,8,2A,22,1A,49,00,00,00,00,
8452502,000003C3,false,Rx,0,8,45,10,31,30,36,00,00,00,
8453030,000003E0,false,Rx,0,8,15,20,01,00,00,00,00,00,
8453794,000003E5,false,Rx,0,8,D8,70,00,00,00,00,00,00,
8454039,000003E6,false,Rx,0,8,A1,40,00,00,00,00,00,00,
8454269,0000041A,false,Rx,0,8,7D,70,12,00,50,01,00,00,
8454537,0000041B,false,Rx,0,8,BE,70,00,00,00,00,00,00,
8455021,0000041C,false,Rx,0,8,84,D0,E8,00,00,00,00,00,
8455100,00000422,false,Rx,0,8,FA,20,01,00,00,00,04,00,
8455527,00000432,false,Rx,0,8,03,20,02,00,00,00,00,00,
8457000,00000435,false,Rx,0,8,AD,40,00,50,00,00,00,FF,
8457071,00000442,false,Rx,0,8,CE,20,11,81,00,00,00,00,
8457333,00000444,false,Rx,0,8,47,C0,00,20,00,00,00,00,
8457774,00000445,false,Rx,0,8,1E,80,00,00,00,04,00,18,
8458740,00000464,false,Rx,0,8,6C,30,F0,FF,38,7F,05,00,
8458999,0000036F,false,Rx,0,8,E6,91,01,00,00,00,00,00,
8459240,0000037F,false,Rx,0,8,EC,80,52,24,41,02,00,00,
8463033,000000A1,false,Rx,0,8,AD,AB,D1,8A,D4,EC,A2,00,
8463256,000000A2,false,Rx,0,8,00,00,00,00,00,00,00,00,
8463507,000000A3,false,Rx,0,8,00,40,01,00,00,00,00,00,
8467776,00000036,false,Rx,0,8,24,A3,E2,01,10,00,20,05,
8467968,00000037,false,Rx,0,8,05,00,00,10,00,40,00,00,
8468242,00000038,false,Rx,0,8,01,00,00,00,20,39,06,00,
8468475,0000019B,false,Rx,0,8,54,6E,B3,00,00,D4,00,00,
8468728,00000039,false,Rx,0,8,00,00,00,00,00,00,00,00,
8468976,0000019C,false,Rx,0,8,40,20,00,00,00,00,0B,09,
8469232,0000019D,false,Rx,0,8,00,10,00,05,00,00,00,00,
8469486,0000019E,false,Rx,0,8,15,23,00,00,00,32,00,00,
8474023,0000010B,false,Rx,0,8,F4,32,E3,00,00,00,00,01,
8474199,0000010C,false,Rx,0,8,FF,01,00,00,43,48,44,44,
8474448,0000010D,false,Rx,0,8,D6,02,00,00,00,00,00,35,
8474723,0000010E,false,Rx,0,8,00,00,0A,00,00,00,00,00,
8478632,000002AB,false,Rx,0,8,E2,EE,17,0C,0C,00,00,00,
8478889,000002AC,false,Rx,0,8,00,FF,FF,00,00,40,00,50,
8479135,000002AD,false,Rx,0,8,00,01,00,40,FF,FF,FF,0F,
8479387,000002AE,false,Rx,0,8,1E,0C,FF,3F,00,01,00,00,
8479635,000002B6,false,Rx,0,8,71,E8,17,00,01,00,00,40,
8479888,000002B7,false,Rx,0,8,93,01,C1,08,00,04,00,00,
8480136,000002B8,false,Rx,0,8,B2,61,11,00,00,00,00,00,
8480387,00000121,false,Rx,0,8,FF,0C,E4,00,00,00,00,01,
8480628,000002B9,false,Rx,0,8,0A,00,00,00,00,00,00,00,
8480873,00000122,false,Rx,0,8,FF,01,00,00,44,44,44,44,
8481092,000002C1,false,Rx,0,8,41,47,0C,21,00,41,00,A1,
8481342,00000123,false,Rx,0,8,D7,02,00,00,00,00,00,35,
8481587,000002C2,false,Rx,0,8,40,00,00,00,00,00,00,00,
8481870,00000124,false,Rx,0,8,00,00,0A,00,00,00,00,00,
8482078,000002C3,false,Rx,0,8,00,00,00,00,00,00,00,00,
8482367,000002C4,false,Rx,0,8,00,00,00,00,00,00,00,00,
8482616,000002E1,false,Rx,0,8,1B,B2,17,00,00,00,00,00,
8482883,000002E2,false,Rx,0,8,00,00,00,00,00,7E,00,04,
8483163,000002E3,false,Rx,0,8,00,00,00,00,00,00,72,01,
8483395,000002E4,false,Rx,0,8,02,00,00,00,00,00,00,00,
8492020,00000487,false,Rx,1,8,00,00,00,00,00,00,00,00,
8492490,00000642,false,Rx,1,8,FF,FF,FF,FF,FF,FF,00,00,
8497026,00000563,false,Rx,1,8,65,02,00,00,00,00,FF,FF,
8503724,000002BF,false,Rx,0,8,FF,FF,FF,00,00,00,00,00,
8503825,0000047F,false,Rx,0,8,FF,FF,FF,FF,FF,FF,FF,FF,
8504204,00000653,false,Rx,0,8,0A,19,03,01,02,2A,00,00,
8504698,000001AB,false,Rx,0,8,D2,31,7D,40,00,90,00,00,
8504811,000001AC,false,Rx,0,8,00,28,00,00,00,00,00,00,
8513179,000000A1,false,Rx,0,8,A4,2E,D6,8A,D4,EC,A2,00,
8513287,000000A2,false,Rx,0,8,00,00,00,00,00,00,00,00,
8513627,000000A3,false,Rx,0,8,00,40,01,00,00,00,00,00,
8518292,00000036,false,Rx,0,8,5B,8F,E7,01,10,00,20,05,
8518386,00000037,false,Rx,0,8,05,00,00,10,00,40,00,00,
8518473,00000038,false,Rx,0,8,01,00,00,00,20,39,06,00,
8518521,0000019B,false,Rx,0,8,C9,8C,B8,00,00,D4,00,00,
8518798,00000039,false,Rx,0,8,00,00,00,00,00,00,00,00,
8519321,0000019C,false,Rx,0,8,40,20,00,00,00,00,0B,09,
8519391,0000019D,false,Rx,0,8,00,10,00,06,00,00,00,00,
8519491,0000019E,false,Rx,0,8,15,23,00,00,00,32,00,00,
8521585,000001E6,false,Rx,0,8,4F,12,2A,02,00,00,00,00,
8521791,000001BB,false,Rx,0,8,75,D1,2A,02,00,00,00,0A,
8522064,000001BC,false,Rx,0,8,32,00,00,00,02,00,00,00,
8522856,000001BD,false,Rx,0,8,00,00,00,00,00,00,00,00,
8522980,000001E7,false,Rx,0,8,00,00,22,03,20,01,00,00,
8524052,0000010B,false,Rx,0,8,DA,33,E8,00,00,00,00,01,
8524259,0000010C,false,Rx,0,8,FF,01,00,00,43,48,44,44,
8524474,0000010D,false,Rx,0,8,D3,02,00,00,00,00,00,35,
8524720,0000010E,false,Rx,0,8,00,00,0A,00,00,00,00,00,
8530598,00000121,false,Rx,0,8,80,CA,E9,00,00,00,00,01,
8530694,00000122,false,Rx,0,8,FF,01,00,00,44,44,44,44,
8531067,00000123,false,Rx,0,8,D4,02,00,00,00,00,00,35,
8531184,00000124,false,Rx,0,8,00,00,0A,00,00,00,00,00,
8532178,000004A3,false,Rx,1,8,80,00,48,0B,3E,00,00,00,
8532622,000004A4,false,Rx,1,8,FF,FF,FF,00,00,00,00,00,
8538444,000001F1,false,Rx,0,8,CB,2C,F8,01,00,00,28,00,
8538535,000001F2,false,Rx,0,8,00,00,00,00,00,00,00,00,
8547149,0000033B,false,Rx,0,8,9E,47,60,00,00,00,00,00,
8547244,0000033C,false,Rx,0,8,00,00,00,00,F0,00,00,00,
8547624,00000356,false,Rx,0,8,6C,3E,B0,00,00,00,00,00,
8547703,0000033D,false,Rx,0,8,00,00,00,00,00,00,00,00,
8548088,00000357,false,Rx,0,8,00,00,00,00,00,4B,4D,48,
8548292,0000033E,false,Rx,0,8,00,00,00,00,00,00,00,00,
8548419,00000358,false,Rx,0,8,35,41,45,4D,52,37,33,4F,
8548802,00000359,false,Rx,0,8,51,4F,34,52,4A,35,33,00,
8559149,0000036F,false,Rx,0,8,30,A1,01,00,00,00,00,00,
8559228,0000037F,false,Rx,0,8,55,90,52,24,41,02,00,00,
8563157,000000A1,false,Rx,0,8,92,6D,DB,8A,D4,EC,A2,00,
8563248,000000A2,false,Rx,0,8,00,00,00,00,00,00,00,00,
8563512,000000A3,false,Rx,0,8,00,40,01,00,00,00,00,00,
8564792,00000401,false,Rx,0,8,AF,30,10,00,00,00,00,00,
8567927,00000036,false,Rx,0,8,E3,8E,EC,01,10,00,20,05,
8568021,00000037,false,Rx,0,8,05,00,00,10,00,40,00,00,
8568353,00000038,false,Rx,0,8,01,00,00,00,20,39,06,00,
8568448,0000019B,false,Rx,0,8,B6,A0,BD,00,00,D4,00,00,
8568702,00000039,false,Rx,0,8,00,00,00,00,00,00,00,00,
8568942,0000019C,false,Rx,0,8,40,20,00,00,00,00,0B,09,
8569190,0000019D,false,Rx,0,8,00,10,00,06,00,00,00,00,
8569474,0000019E,false,Rx,0,8,15,23,00,00,00,32,00,00,
8572923,000002D6,false,Rx,0,8,C9,43,0B,00,00,00,00,00,
8573493,000002EB,false,Rx,0,8,65,E4,0B,09,10,01,00,00,
8573596,000002D7,false,Rx,0,8,00,00,03,03,03,00,00,00,
8573652,000002EC,false,Rx,0,8,0A,00,00,00,00,00,00,00,
8573983,000002D8,false,Rx,0,8,00,00,00,00,00,00,38,44,
8574062,000002ED,false,Rx,0,8,00,00,00,00,00,00,00,00,
8574390,0000010B,false,Rx,0,8,E6,EF,ED,00,00,00,00,01,
8574661,000002D9,false,Rx,0,8,00,00,00,00,00,00,00,00,
8574769,0000010C,false,Rx,0,8,FF,01,00,00,43,48,44,44,
8574891,00000236,false,Rx,0,8,56,CC,15,00,30,63,34,6C,
8575117,0000010D,false,Rx,0,8,D1,02,00,00,00,00,00,35,
8575387,00000151,false,Rx,0,8,7B,2C,15,A0,C8,00,28,15,
8575584,0000010E,false,Rx,0,8,00,00,0A,00,00,00,00,00,
8575846,00000152,false,Rx,0,8,12,14,14,00,00,00,00,00,
8576067,00000237,false,Rx,0,8,00,04,94,00,00,5D,1D,00,
8576350,00000153,false,Rx,0,8,00,00,00,00,00,00,00,00,
8576600,000001F6,false,Rx,0,8,42,55,15,00,00,00,00,00,
8577178,00000154,false,Rx,0,8,00,00,00,00,00,00,00,00,
8577241,000001F7,false,Rx,0,8,00,00,DC,00,00,00,00,00,
8577312,000002EE,false,Rx,0,8,00,00,00,00,00,00,00,00,
8577758,000001F8,false,Rx,0,8,00,69,00,64,00,00,00,00,
8578300,000002FB,false,Rx,0,8,B2,30,15,00,0C,14,C3,C3,
8578368,000001F9,false,Rx,0,8,19,00,A0,C8,14,00,19,00,
8578417,000002FC,false,Rx,0,8,00,00,12,15,00,00,00,96,
8578593,00000238,false,Rx,0,8,00,00,0C,00,00,00,00,00,
8578764,000002FD,false,Rx,0,8,00,00,00,00,00,1C,10,EA,
8579012,00000239,false,Rx,0,8,00,00,00,00,01,00,00,00,
8579254,000002FE,false,Rx,0,8,00,00,72,01,00,28,00,00,
8579500,00000251,false,Rx,0,8,E7,EE,17,00,00,00,00,00,
8579735,00000326,false,Rx,0,8,96,10,15,00,10,00,00,00,
8579976,00000252,false,Rx,0,8,00,00,00,00,03,00,00,00,
8580229,00000327,false,Rx,0,8,00,00,00,00,05,00,00,00,
8580462,00000121,false,Rx,0,8,97,54,EE,00,00,00,00,01,
8580704,00000253,false,Rx,0,8,00,00,00,00,2D,00,80,46,
8580932,00000122,false,Rx,0,8,FF,01,00,00,44,44,44,44,
8581178,0000025B,false,Rx,0,8,91,C9,15,4C,40,20,00,00,
8581412,00000123,false,Rx,0,8,D2,02,00,00,00,00,00,35,
8581681,0000025C,false,Rx,0,8,00,00,00,00,BD,68,14,00,
8581914,00000124,false,Rx,0,8,00,00,0A,00,00,00,00,00,
8582155,0000025D,false,Rx,0,8,00,C8,00,00,00,80,C0,70,
8582389,00000328,false,Rx,0,8,DC,00,19,00,00,69,00,00,
8582662,0000025E,false,Rx,0,8,3D,07,0E,06,00,00,00,00,
8582888,00000329,false,Rx,0,8,A0,64,00,00,00,00,00,00,
8583107,00000396,false,Rx,0,8,B4,93,0B,0F,10,02,00,00,
8583348,00000331,false,Rx,0,8,56,ED,15,F1,C8,A0,2C,97,
8583588,00000397,false,Rx,0,8,0C,00,00,00,00,00,00,00,
8583850,00000332,false,Rx,0,8,00,00,00,00,00,00,00,00,
8584085,00000398,false,Rx,0,8,00,00,00,00,00,00,00,00,
8584329,00000333,false,Rx,0,8,00,00,00,1C,0C,40,20,A0,
8584557,000002E6,false,Rx,0,8,7B,89,17,01,00,00,00,15,
8584813,00000256,false,Rx,0,8,32,8A,17,01,00,00,00,00,
8585049,000002E7,false,Rx,0,8,3C,00,00,00,00,00,00,00,
8585294,00000257,false,Rx,0,8,00,00,00,00,64,00,02,00,
8585542,000002E8,false,Rx,0,8,00,00,00,00,00,00,00,00,
8585800,00000258,false,Rx,0,8,01,00,00,00,10,15,00,28,
8586081,000002E9,false,Rx,0,8,00,00,00,00,00,00,00,00,
8586300,00000259,false,Rx,0,8,00,00,00,3C,00,00,00,00,
8586723,00000334,false,Rx,0,8,C8,00,00,00,5C,70,B7,8F,
8587025,00000405,false,Rx,0,8,3A,40,00,00,00,00,00,00,
8587596,00000413,false,Rx,0,8,F5,10,00,41,00,00,00,00,
8587745,000003B6,false,Rx,0,8,C7,72,0B,00,00,00,00,44,
8587816,00000414,false,Rx,0,8,87,A0,00,00,28,00,00,00,
8588034,000003B7,false,Rx,0,8,43,00,00,00,00,08,00,00,
8588361,00000416,false,Rx,0,8,55,00,00,00,00,00,00,00,
8588685,000003B8,false,Rx,0,8,D2,02,00,00,00,00,69,0E,
8589032,00000417,false,Rx,0,8,0E,60,00,00,00,01,00,00,
8589542,000003B9,false,Rx,0,8,00,00,00,00,00,00,00,00,
8589685,00000418,false,Rx,0,8,CE,30,00,00,14,4C,00,00,
8589742,00000410,false,Rx,0,8,A3,90,53,3C,B4,6A,FF,FF,
8589821,00000419,false,Rx,0,8,0C,90,C9,CD,C5,64,84,00,
8589906,00000411,false,Rx,0,8,09,81,50,50,00,00,44,04,
8589953,00000412,false,Rx,0,8,F1,00,00,00,00,00,04,00,
8595090,00000565,false,Rx,0,8,66,12,00,00,00,00,FF,FF,
8595396,000003AA,false,Rx,0,8,FF,00,D0,00,54,00,00,00,
8602075,000000C5,false,Rx,1,8,00,00,00,00,00,00,00,00,
8602252,00000244,false,Rx,1,8,00,00,00,00,00,00,00,00,
8602604,0000030B,false,Rx,0,8,A5,96,60,00,04,00,00,00,
8602693,000004B4,false,Rx,1,8,01,00,0D,40,10,60,44,02,
8602772,0000030C,false,Rx,0,8,00,00,0C,23,2C,00,A0,0F,
8602833,000004B5,false,Rx,1,8,08,00,F0,07,00,00,00,00,
8603252,0000030D,false,Rx,0,8,00,00,00,00,42,00,00,00,
8603330,000004B7,false,Rx,1,8,08,00,F0,07,00,00,00,00,
8603727,0000030E,false,Rx,0,8,00,00,28,05,21,00,00,0A,
8603806,000004CA,false,Rx,1,8,00,00,00,00,00,00,00,00,
8604236,00000495,false,Rx,0,8,49,00,00,00,00,00,00,00,
8604321,000004CC,false,Rx,1,8,08,00,00,2A,00,00,03,00,
8604749,000004CE,false,Rx,1,8,14,01,FF,FF,FF,FF,FF,FF,
8605260,000001AB,false,Rx,0,8,8F,A9,82,40,00,90,00,00,
8606051,000001AC,false,Rx,0,8,00,28,00,00,00,00,00,00,
8606172,000004D7,false,Rx,1,8,23,01,00,00,00,00,00,00,
8606235,000004D8,false,Rx,1,8,41,10,F6,F0,40,F2,1E,CC,
8606298,000004DD,false,Rx,1,8,00,00,00,00,04,00,00,00,
8606345,000004DF,false,Rx,1,8,00,00,08,00,00,00,00,00,
8606857,000004E7,false,Rx,1,8,00,30,00,00,00,00,69,00,
8606979,000004E8,false,Rx,1,8,FF,FF,FF,29,FF,FF,FF,00,
8607283,000004E9,false,Rx,1,8,00,00,00,00,00,00,00,00,
8607568,000004EA,false,Rx,1,8,00,00,00,00,00,00,00,00,
8607803,000004EB,false,Rx,1,8,04,68,2B,0D,00,00,00,00,
8608054,000004EC,false,Rx,1,8,FF,FF,FF,FF,FF,FF,FF,0F,
8608439,000004ED,false,Rx,1,8,FF,FF,FF,FF,FF,FF,FF,1F,
8608638,000004EE,false,Rx,1,8,FF,FF,00,00,00,00,00,00,
8608927,000004EF,false,Rx,1,8,60,00,60,00,29,14,00,00,
8609197,0000063D,false,Rx,1,8,00,80,00,00,00,00,00,00,
8609469,0000063E,false,Rx,1,8,FF,FF,FF,FF,FF,FF,FF,FF,
8609701,0000063F,false,Rx,1,8,00,10,00,C4,FF,00,00,00,
8609998,00000640,false,Rx,1,8,FF,FF,FF,00,FF,FF,FF,00,
8610254,00000641,false,Rx,1,8,FF,FF,FF,FF,0F,FF,FF,FF,
8610513,00000646,false,Rx,1,8,00,00,00,80,01,00,00,00,
8613089,00000448,false,Rx,0,8,7F,00,00,00,00,00,00,00,
8613186,000000A1,false,Rx,0,8,5B,5C,E0,8A,D4,EC,A2,00,
8613278,000000A2,false,Rx,0,8,00,00,00,00,00,00,00,00,
8613663,000000A3,false,Rx,0,8,00,40,01,00,00,00,00,00,
8617925,00000036,false,Rx,0,8,2B,8C,F1,01,10,00,20,05,
8618016,00000037,false,Rx,0,8,05,00,00,10,00,40,00,00,
8618266,00000038,false,Rx,0,8,01,00,00,00,20,39,06,00,
8618484,0000019B,false,Rx,0,8,2E,AA,C2,00,00,D4,00,00,
8618737,00000039,false,Rx,0,8,00,00,00,00,00,00,00,00,
8618980,0000019C,false,Rx,0,8,40,20,00,00,00,00,0B,09,
8619237,0000019D,false,Rx,0,8,00,10,00,06,00,00,00,00,
8619476,0000019E,false,Rx,0,8,15,23,00,00,00,32,00,00,
8624191,0000010B,false,Rx,0,8,E7,AC,F2,00,00,00,00,01,
8624284,0000010C,false,Rx,0,8,FF,01,00,00,43,48,44,44,
8624687,0000010D,false,Rx,0,8,CE,02,00,00,00,00,00,35,
8624748,0000010E,false,Rx,0,8,00,00,0A,00,00,00,00,00,
8624971,00000226,false,Rx,0,8,4D,E8,4F,FF,00,20,00,02,
8625184,00000316,false,Rx,0,8,A3,4C,29,04,00,80,0A,00,
8625539,00000227,false,Rx,0,8,02,C4,07,09,00,F0,FF,07,
8625822,00000317,false,Rx,0,8,00,00,05,00,00,00,00,00,
8626183,000003CB,false,Rx,0,8,36,14,00,F4,00,00,00,00,
8626487,00000472,false,Rx,0,8,5C,EC,00,40,08,41,00,45,
8626759,000003CC,false,Rx,0,8,36,31,34,30,33,34,31,00,
8626851,00000473,false,Rx,0,8,5F,24,00,25,00,00,00,78,
8626950,00000474,false,Rx,0,8,30,DB,00,00,00,00,00,00,
8629008,000002FF,false,Rx,0,8,94,7C,00,00,00,00,00,00,
8630645,00000121,false,Rx,0,8,59,55,F3,00,00,00,00,01,
8630737,00000122,false,Rx,0,8,FF,01,00,00,44,44,44,44,
8631255,00000123,false,Rx,0,8,CF,02,00,00,00,00,00,35,
8631328,00000124,false,Rx,0,8,00,00,0A,00,00,00,00,00,
8651587,000000FF,false,Rx,0,8,CB,10,00,00,00,00,02,00,
8652185,00000394,false,Rx,0,8,2A,22,1A,49,00,00,00,00,
8652344,000003C3,false,Rx,0,8,45,10,31,30,36,00,00,00,
8652648,000003E0,false,Rx,0,8,15,20,01,00,00,00,00,00,
8653629,000003E5,false,Rx,0,8,D8,70,00,00,00,00,00,00,
8653846,000003E6,false,Rx,0,8,A1,40,00,00,00,00,00,00,
8654090,0000041A,false,Rx,0,8,7D,70,12,00,50,01,00,00,
8654361,0000041B,false,Rx,0,8,BE,70,00,00,00,00,00,00,
8654618,0000041C,false,Rx,0,8,84,D0,E8,00,00,00,00,00,
8654879,00000422,false,Rx,0,8,FA,20,01,00,00,00,04,00,
8655284,00000432,false,Rx,0,8,03,20,02,00,00,00,00,00,
8656685,00000435,false,Rx,0,8,AD,40,00,50,00,00,00,FF,
8656882,00000442,false,Rx,0,8,CE,20,11,81,00,00,00,00,
8657136,00000444,false,Rx,0,8,47,C0,00,20,00,00,00,00,
8657422,00000445,false,Rx,0,8,1E,80,00,00,00,04,00,18,
8658333,00000464,false,Rx,0,8,6C,30,F0,FF,38,7F,05,00,
8659156,0000036F,false,Rx,0,8,89,B1,01,00,00,00,00,00,
8659264,0000037F,false,Rx,0,8,83,A0,52,24,41,02,00,00,
8663094,000000A1,false,Rx,0,8,54,B7,E5,8A,D4,EC,A2,00,
8663246,000000A2,false,Rx,0,8,00,00,00,00,00,00,00,00,
8663497,000000A3,false,Rx,0,8,00,40,01,00,00,00,00,00,
8667775,00000036,false,Rx,0,8,D8,12,F6,01,10,00,20,05,
8667952,00000037,false,Rx,0,8,05,00,00,10,00,40,00,00,
8668244,00000038,false,Rx,0,8,01,00,00,00,20,39,06,00,
8668480,0000019B,false,Rx,0,8,51,86,C7,00,00,D4,00,00,
8668726,00000039,false,Rx,0,8,00,00,00,00,00,00,00,00,
8668974,0000019C,false,Rx,0,8,40,20,00,00,00,00,0B,09,
8669223,0000019D,false,Rx,0,8,00,10,00,06,00,00,00,00,
8669480,0000019E,false,Rx,0,8,15,23,00,00,00,32,00,00,
8671455,000001E6,false,Rx,0,8,D0,7A,2D,02,00,00,00,00,
8671650,000001BB,false,Rx,0,8,7C,54,2D,02,00,00,00,0A,
8671910,000001BC,false,Rx,0,8,32,00,00,00,02,00,00,00,
8672177,000001BD,false,Rx,0,8,00,00,00,00,00,00,00,00,
8672430,000001E7,false,Rx,0,8,00,00,22,03,20,01,00,00,
8674040,0000010B,false,Rx,0,8,DB,70,F7,00,00,00,00,01,
8674211,0000010C,false,Rx,0,8,FF,01,00,00,43,48,44,44,
8674511,0000010D,false,Rx,0,8,CC,02,00,00,00,00,00,35,
8674764,0000010E,false,Rx,0,8,00,00,0A,00,00,00,00,00,
8678746,000002AB,false,Rx,0,8,25,C3,19,0C,0C,00,00,00,
8678883,000002AC,false,Rx,0,8,00,FF,FF,00,00,40,00,50,
8679190,000002AD,false,Rx,0,8,00,01,00,40,FF,FF,FF,0F,
8679424,000002AE,false,Rx,0,8,1E,0C,FF,3F,00,01,00,00,
8679655,000002B6,false,Rx,0,8,B6,C5,19,00,01,00,00,40,
8679917,000002B7,false,Rx,0,8,93,01,C1,08,00,04,00,00,
8680176,000002B8,false,Rx,0,8,B2,61,11,00,00,00,00,00,
8680544,00000121,false,Rx,0,8,A2,A4,F8,00,00,00,00,01,
8680687,000002B9,false,Rx,0,8,0A,00,00,00,00,00,00,00,
8680958,00000122,false,Rx,0,8,FF,01,00,00,44,44,44,44,
8681136,000002C1,false,Rx,0,8,07,1E,0D,21,00,41,00,A1,
8681367,00000123,false,Rx,0,8,CD,02,00,00,00,00,00,35,
8681640,000002C2,false,Rx,0,8,40,00,00,00,00,00,00,00,
8681876,00000124,false,Rx,0,8,00,00,0A,00,00,00,00,00,
8682121,000002C3,false,Rx,0,8,00,00,00,00,00,00,00,00,
8682472,000002C4,false,Rx,0,8,00,00,00,00,00,00,00,00,
8682678,000002E1,false,Rx,0,8,DC,9F,19,00,00,00,00,00,
8682900,000002E2,false,Rx,0,8,00,00,00,00,00,7E,00,04,
8683181,000002E3,false,Rx,0,8,00,00,00,00,00,00,72,01,
8683398,000002E4,false,Rx,0,8,02,00,00,00,00,00,00,00,
8688228,000001F1,false,Rx,0,8,86,C4,FB,01,00,00,28,00,
8688427,000001F2,false,Rx,0,8,00,00,00,00,00,00,00,00,
8688668,00000566,false,Rx,0,8,16,02,00,00,00,00,FF,FF,
8691512,00000445,false,Rx,0,8,A1,90,00,00,00,00,00,18,
8692534,00000487,false,Rx,1,8,00,00,00,00,00,00,00,00,
8692633,00000642,false,Rx,1,8,FF,FF,FF,FF,FF,FF,00,00,
8703804,000002BF,false,Rx,0,8,FF,FF,FF,00,00,00,00,00,
8703889,0000047F,false,Rx,0,8,FF,FF,FF,FF,FF,FF,FF,FF,
8704324,00000653,false,Rx,0,8,0A,19,03,01,02,2A,00,00,
8704801,000001AB,false,Rx,0,8,79,81,87,40,00,90,00,00,
8705211,000001AC,false,Rx,0,8,00,28,00,00,00,00,00,00,
8713186,000000A1,false,Rx,0,8,64,9A,EA,8A,D4,EC,A2,00,
8713287,000000A2,false,Rx,0,8,00,00,00,00,00,00,00,00,
8713619,000000A3,false,Rx,0,8,00,40,01,00,00,00,00,00,
8718064,00000036,false,Rx,0,8,D5,D4,FB,01,10,00,20,05,
8718171,00000037,false,Rx,0,8,05,00,00,10,00,40,00,00,
8718286,00000038,false,Rx,0,8,01,00,00,00,20,39,06,00,
8718599,0000019B,false,Rx,0,8,E9,87,CC,00,00,D4,00,00,
8719263,00000039,false,Rx,0,8,00,00,00,00,00,00,00,00,
8719475,0000019C,false,Rx,0,8,40,20,00,00,00,00,0B,09,
8719529,0000019D,false,Rx,0,8,00,10,00,06,00,00,00,00,
8719574,0000019E,false,Rx,0,8,15,23,00,00,00,32,00,00,
8721532,00000445,false,Rx,0,8,71,A0,00,00,00,04,00,18,
8724018,0000010B,false,Rx,0,8,87,71,FC,00,00,00,00,01,
8724193,0000010C,false,Rx,0,8,FF,01,00,00,43,48,44,44,
8724442,0000010D,false,Rx,0,8,CA,02,00,00,00,00,00,35,
8724706,0000010E,false,Rx,0,8,00,00,0A,00,00,00,00,00,
8730444,00000121,false,Rx,0,8,39,88,FD,00,00,00,00,01,
8730650,00000122,false,Rx,0,8,FF,01,00,00,44,44,44,44,
8730895,00000123,false,Rx,0,8,CB,02,00,00,00,00,00,35,
8731155,00000124,false,Rx,0,8,00,00,0A,00,00,00,00,00,
8732268,000004A3,false,Rx,1,8,80,00,48,0B,3E,00,00,00,
8732562,000004A4,false,Rx,1,8,FF,FF,FF,00,00,00,00,00,
8747111,0000033B,false,Rx,0,8,12,F5,62,00,00,00,00,00,
8747205,0000033C,false,Rx,0,8,00,00,00,00,F0,00,00,00,
8747600,00000356,false,Rx,0,8,2A,67,B1,00,00,00,00,00,
8747720,0000033D,false,Rx,0,8,00,00,00,00,00,00,00,00,
8748070,00000357,false,Rx,0,8,00,00,00,00,00,4B,4D,48,
8748392,0000033E,false,Rx,0,8,00,00,00,00,00,00,00,00,
8748472,00000358,false,Rx,0,8,35,41,45,4D,52,37,33,4F,
8749118,00000359,false,Rx,0,8,51,4F,34,52,4A,35,33,00,
8759148,0000036F,false,Rx,0,8,81,C1,01,00,00,00,00,00,
8759226,0000037F,false,Rx,0,8,3A,B0,52,24,41,02,00,00,
8761965,00000445,false,Rx,0,8,71,A0,00,00,00,04,00,18,
8763095,000000A1,false,Rx,0,8,6B,71,EF,8A,D4,EC,A2,00,
8763262,000000A2,false,Rx,0,8,00,00,00,00,00,00,00,00,
8763548,000000A3,false,Rx,0,8,00,40,01,00,00,00,00,00,
8765301,00000401,false,Rx,0,8,AF,30,10,00,00,00,00,00,
8767973,00000036,false,Rx,0,8,9A,ED,00,01,10,00,20,05,
8768089,00000037,false,Rx,0,8,05,00,00,10,00,40,00,00,
8768485,00000038,false,Rx,0,8,01,00,00,00,20,39,06,00,
8768558,0000019B,false,Rx,0,8,21,85,D1,00,00,D4,00,00,
8768948,00000039,false,Rx,0,8,00,00,00,00,00,00,00,00,
8769492,0000019C,false,Rx,0,8,40,20,00,00,00,00,0B,09,
8769934,0000019D,false,Rx,0,8,00,10,00,06,00,00,00,00,
8770397,0000019E,false,Rx,0,8,15,23,00,00,00,32,00,00,
8772925,000002D6,false,Rx,0,8,3A,DD,0C,00,00,00,00,00,
8773023,000002EB,false,Rx,0,8,AD,08,0C,08,10,02,00,00,
8773488,000002D7,false,Rx,0,8,00,00,03,03,03,00,00,00,
8773562,000002EC,false,Rx,0,8,22,00,00,00,00,00,00,00,
8773843,000002D8,false,Rx,0,8,00,00,00,00,00,00,38,44,
8774420,000002ED,false,Rx,0,8,00,00,00,00,00,00,00,00,
8774836,0000010B,false,Rx,0,8,84,7E,01,00,00,00,00,01,
8774937,000002D9,false,Rx,0,8,00,00,00,00,00,00,00,00,
8774989,0000010C,false,Rx,0,8,FF,01,00,00,43,48,44,44,
8775384,00000236,false,Rx,0,8,E1,10,17,00,30,63,34,6C,
8775673,0000010D,false,Rx,0,8,C7,02,00,00,00,00,00,35,
8776242,00000151,false,Rx,0,8,F7,9E,17,A0,C8,00,28,15,
8776597,0000010E,false,Rx,0,8,00,00,0A,00,00,00,00,00,
8776649,00000152,false,Rx,0,8,12,14,14,00,00,00,00,00,
8776699,00000237,false,Rx,0,8,00,04,94,00,00,5E,1D,00,
8776764,00000153,false,Rx,0,8,00,00,00,00,00,00,00,00,
8776846,000001F6,false,Rx,0,8,CE,E7,17,00,00,00,00,00,
8776890,00000154,false,Rx,0,8,00,00,00,00,00,00,00,00,
8777291,000001F7,false,Rx,0,8,00,00,DC,00,00,00,00,00,
8777629,000002EE,false,Rx,0,8,00,00,00,00,00,00,00,00,
8778168,000001F8,false,Rx,0,8,00,69,00,64,00,00,00,00,
8778295,000002FB,false,Rx,0,8,3E,82,17,00,0C,14,C3,C3,
8778582,000001F9,false,Rx,0,8,19,00,A0,C8,14,00,19,00,
8779355,000002FC,false,Rx,0,8,00,00,12,15,00,00,00,96,
8779660,00000238,false,Rx,0,8,00,00,0C,00,00,00,00,00,
8779733,000002FD,false,Rx,0,8,00,00,00,00,00,1C,10,EA,
8779996,00000239,false,Rx,0,8,00,00,00,00,01,00,00,00,
8780092,000002FE,false,Rx,0,8,00,00,72,01,00,28,00,00,
8780322,00000251,false,Rx,0,8,D4,F4,19,00,00,00,00,00,
8780382,00000326,false,Rx,0,8,1A,A2,17,00,10,00,00,00,
8780451,00000252,false,Rx,0,8,00,00,00,00,03,00,00,00,
8780503,00000327,false,Rx,0,8,00,00,00,00,05,00,00,00,
8780546,00000121,false,Rx,0,8,3D,C4,02,00,00,00,00,01,
8781094,00000253,false,Rx,0,8,00,00,00,00,2D,00,80,46,
8781775,00000122,false,Rx,0,8,FF,01,00,00,44,44,44,44,
8782051,0000025B,false,Rx,0,8,03,5B,17,4C,40,20,00,00,
8782116,00000123,false,Rx,0,8,C8,02,00,00,00,00,00,35,
8782186,0000025C,false,Rx,0,8,00,00,00,00,BD,68,14,00,
8782228,00000124,false,Rx,0,8,00,00,0A,00,00,00,00,00,
8782273,0000025D,false,Rx,0,8,00,C8,00,00,00,80,C0,70,
8782440,00000328,false,Rx,0,8,DC,00,19,00,00,69,00,00,
8782684,0000025E,false,Rx,0,8,07,07,0E,01,00,00,00,00,
8782914,00000329,false,Rx,0,8,A0,64,00,00,00,00,00,00,
8783150,00000396,false,Rx,0,8,79,8A,0C,0F,10,01,00,00,
8783370,00000331,false,Rx,0,8,DA,5F,17,F1,C8,A0,2C,97,
8783662,00000397,false,Rx,0,8,1C,00,00,00,00,00,00,00,
8783885,00000332,false,Rx,0,8,00,00,00,00,00,00,00,00,
8784129,00000398,false,Rx,0,8,00,00,00,00,00,00,00,00,
8784361,00000333,false,Rx,0,8,00,00,00,1C,0C,40,20,A0,
8784627,000002E6,false,Rx,0,8,BC,A4,19,01,00,00,00,15,
8784833,00000256,false,Rx,0,8,F5,A7,19,01,00,00,00,00,
8785090,000002E7,false,Rx,0,8,3C,00,00,00,00,00,00,00,
8785325,00000257,false,Rx,0,8,00,00,00,00,64,00,02,00,
8785616,000002E8,false,Rx,0,8,00,00,00,00,00,00,00,00,
8785822,00000258,false,Rx,0,8,01,00,00,00,10,15,00,28,
8786081,000002E9,false,Rx,0,8,00,00,00,00,00,00,00,00,
8786321,00000259,false,Rx,0,8,00,00,00,3C,00,00,00,00,
8786699,00000334,false,Rx,0,8,C8,00,00,00,5C,70,B7,8F,
8786807,00000405,false,Rx,0,8,3A,40,00,00,00,00,00,00,
8787609,00000413,false,Rx,0,8,F5,10,00,41,00,00,00,00,
8787729,000003B6,false,Rx,0,8,E7,1F,0C,00,00,00,00,44,
8788264,00000414,false,Rx,0,8,87,A0,00,00,28,00,00,00,
8788333,000003B7,false,Rx,0,8,43,00,00,00,00,08,00,00,
8788392,00000416,false,Rx,0,8,55,00,00,00,00,00,00,00,
8788466,000003B8,false,Rx,0,8,C8,02,00,00,00,00,69,0E,
8788511,00000417,false,Rx,0,8,0E,60,00,00,00,01,00,00,
8789026,000003B9,false,Rx,0,8,00,00,00,00,00,00,00,00,
8789355,00000418,false,Rx,0,8,CE,30,00,00,14,4C,00,00,
8789482,00000410,false,Rx,0,8,A3,90,53,3C,B4,6A,FF,FF,
8789532,00000419,false,Rx,0,8,0C,90,C9,CD,C5,64,84,00,
8789739,00000411,false,Rx,0,8,09,81,50,50,00,00,44,04,
8790064,00000516,false,Rx,0,8,61,02,00,00,00,00,FF,FF,
8790445,00000412,false,Rx,0,8,F1,00,00,00,00,00,04,00,
8795544,000003AA,false,Rx,0,8,FF,00,D0,00,54,00,00,00,
8801537,00000445,false,Rx,0,8,71,A0,00,00,00,04,00,18,
8802432,000000C5,false,Rx,1,8,00,00,00,00,00,00,00,00,
8802725,0000030B,false,Rx,0,8,29,24,62,00,04,00,00,00,
8802800,00000244,false,Rx,1,8,00,00,00,00,00,00,00,00,
8802859,0000030C,false,Rx,0,8,00,00,0C,23,2C,00,A0,0F,
8802917,000004B4,false,Rx,1,8,01,00,0D,40,10,60,44,02,
8803015,000004B5,false,Rx,1,8,08,00,F0,07,00,00,00,00,
8803064,0000030D,false,Rx,0,8,00,00,00,00,42,00,00,00,
8803501,000004B7,false,Rx,1,8,08,00,F0,07,00,00,00,00,
8803570,0000030E,false,Rx,0,8,00,00,28,05,21,00,00,0A,
8803954,000004CA,false,Rx,1,8,00,00,00,00,00,00,00,00,
8804020,00000495,false,Rx,0,8,49,00,00,00,00,00,00,00,
8804458,000004CC,false,Rx,1,8,08,00,00,2A,00,00,03,00,
8804737,000001AB,false,Rx,0,8,B1,78,8C,40,00,90,00,00,
8804898,000004CE,false,Rx,1,8,14,01,FF,FF,FF,FF,FF,FF,
8805233,000001AC,false,Rx,0,8,00,28,00,00,00,00,00,00,
8805408,000004D7,false,Rx,1,8,23,01,00,00,00,00,00,00,
8806061,000004D8,false,Rx,1,8,41,10,F6,F0,40,F2,1E,CC,
8806665,000004DD,false,Rx,1,8,00,00,00,00,04,00,00,00,
8807018,000004DF,false,Rx,1,8,00,00,08,00,00,00,00,00,
8807082,000004E7,false,Rx,1,8,00,30,00,00,00,00,69,00,
8807308,000004E8,false,Rx,1,8,FF,FF,FF,29,FF,FF,FF,00,
8807441,000004E9,false,Rx,1,8,00,00,00,00,00,00,00,00,
8807973,000004EA,false,Rx,1,8,00,00,00,00,00,00,00,00,
8808144,000004EB,false,Rx,1,8,04,68,2B,0D,00,00,00,00,
8808239,000004EC,false,Rx,1,8,FF,FF,FF,FF,FF,FF,FF,0F,
8808602,000004ED,false,Rx,1,8,FF,FF,FF,FF,FF,FF,FF,1F,
8809207,000004EE,false,Rx,1,8,FF,FF,00,00,00,00,00,00,
8809608,000004EF,false,Rx,1,8,60,00,60,00,29,14,00,00,
8809870,000004F0,false,Rx,1,8,4A,0D,2B,0D,5C,1A,11,02,
8810381,000004F1,false,Rx,1,8,00,C0,00,00,00,00,00,00,
8810962,000004F2,false,Rx,1,8,02,FF,DD,FF,03,01,00,00,
8812076,000004F3,false,Rx,1,8,00,00,00,00,30,00,00,00,
8812195,000004F9,false,Rx,1,8,E0,FF,FF,FF,FF,FF,FF,FF,
8812245,0000063D,false,Rx,1,8,00,80,00,00,00,00,00,00,
8812298,0000063E,false,Rx,1,8,FF,FF,FF,FF,FF,FF,FF,FF,
8812367,0000063F,false,Rx,1,8,00,10,00,C4,FF,00,00,00,
8812427,00000640,false,Rx,1,8,FF,FF,FF,00,FF,FF,FF,00,
8812499,00000641,false,Rx,1,8,FF,FF,FF,FF,0F,FF,FF,FF,
8812560,00000646,false,Rx,1,8,00,00,00,80,01,00,00,00,
8813272,00000448,false,Rx,0,8,7F,00,00,00,00,00,00,00,
8813406,000000A1,false,Rx,0,8,04,C0,F4,8A,D4,EC,A2,00,
8813777,000000A2,false,Rx,0,8,00,00,00,00,00,00,00,00,
8814203,000000A3,false,Rx,0,8,00,40,01,00,00,00,00,00,
8817945,00000036,false,Rx,0,8,E5,C1,05,01,10,00,20,05,
8818034,00000037,false,Rx,0,8,05,00,00,10,00,40,00,00,
8818421,00000038,false,Rx,0,8,01,00,00,00,20,39,06,00,
8818501,0000019B,false,Rx,0,8,D2,1B,D6,00,00,D4,00,00,
8818862,00000039,false,Rx,0,8,00,00,00,00,00,00,00,00,
8819239,0000019C,false,Rx,0,8,40,20,00,00,00,00,0B,09,
8819322,0000019D,false,Rx,0,8,00,10,00,06,00,00,00,00,
8820184,0000019E,false,Rx,0,8,15,23,00,00,00,32,00,00,
8821624,000001E6,false,Rx,0,8,A9,60,30,02,00,00,00,00,
8821706,000001BB,false,Rx,0,8,19,57,30,02,00,00,00,0A,
8821957,000001BC,false,Rx,0,8,32,00,00,00,02,00,00,00,
8822202,000001BD,false,Rx,0,8,00,00,00,00,00,00,00,00,
8822449,000001E7,false,Rx,0,8,00,00,22,03,20,01,00,00,
8824047,0000010B,false,Rx,0,8,34,10,06,00,00,00,00,01,
8824222,0000010C,false,Rx,0,8,FF,01,00,00,43,48,44,44,
8824503,0000010D,false,Rx,0,8,C5,02,00,00,00,00,00,35,
8824933,0000010E,false,Rx,0,8,00,00,0A,00,00,00,00,00,
8825022,00000226,false,Rx,0,8,79,1A,51,FF,00,20,00,02,
8825448,000002FF,false,Rx,0,8,94,7C,00,00,00,00,00,00,
8825724,00000227,false,Rx,0,8,02,C4,07,09,00,F0,FF,07,
8825801,00000316,false,Rx,0,8,EE,A4,2A,04,00,80,0A,00,
8826095,00000472,false,Rx,0,8,5C,EC,00,40,08,41,00,45,
8826402,00000317,false,Rx,0,8,00,00,05,00,00,00,00,00,
8826468,00000473,false,Rx,0,8,5F,24,00,25,00,00,00,78,
8826683,00000474,false,Rx,0,8,30,DB,00,00,00,00,00,00,
8830606,00000121,false,Rx,0,8,C9,19,07,00,00,00,00,01,
8830696,00000122,false,Rx,0,8,FF,01,00,00,44,44,44,44,
8831080,00000123,false,Rx,0,8,C6,02,00,00,00,00,00,35,
8831428,00000124,false,Rx,0,8,00,00,0A,00,00,00,00,00,
8832397,000004E8,false,Rx,1,8,FF,FF,FF,29,FF,FF,FF,00,
8838446,000001F1,false,Rx,0,8,70,EC,FE,01,00,00,28,00,
8838542,000001F2,false,Rx,0,8,00,00,00,00,00,00,00,00,
8851436,000000FF,false,Rx,0,8,CB,10,00,00,00,00,02,00,
8852097,00000394,false,Rx,0,8,2A,22,1A,49,00,00,00,00,
8852339,000003C3,false,Rx,0,8,45,10,31,30,36,00,00,00,
8852512,000003E0,false,Rx,0,8,15,20,01,00,00,00,00,00,
8853889,000003E5,false,Rx,0,8,D8,70,00,00,00,00,00,00,
8854040,000003E6,false,Rx,0,8,A1,40,00,00,00,00,00,00,
8854099,0000041A,false,Rx,0,8,7D,70,12,00,50,01,00,00,
8854195,0000041B,false,Rx,0,8,BE,70,00,00,00,00,00,00,
8855056,0000041C,false,Rx,0,8,84,D0,E8,00,00,00,00,00,
8855348,00000422,false,Rx,0,8,FA,20,01,00,00,00,04,00,
8855405,00000432,false,Rx,0,8,03,20,02,00,00,00,00,00,
8856524,00000435,false,Rx,0,8,AD,40,00,50,00,00,00,FF,
8856704,00000442,false,Rx,0,8,CE,20,11,81,00,00,00,00,
8856998,00000444,false,Rx,0,8,47,C0,00,20,00,00,00,00,
8857483,00000445,false,Rx,0,8,71,A0,00,00,00,04,00,18,
8857977,00000464,false,Rx,0,8,6C,30,F0,FF,38,7F,05,00,
8859129,0000036F,false,Rx,0,8,38,D1,01,00,00,00,00,00,
8859222,0000037F,false,Rx,0,8,32,C0,52,24,41,02,00,00,
8862278,000004E8,false,Rx,1,8,FF,FF,FF,29,FF,FF,FF,00,
8863151,000000A1,false,Rx,0,8,32,83,F9,8A,D4,EC,A2,00,
8863262,000000A2,false,Rx,0,8,00,00,00,00,00,00,00,00,
8863984,000000A3,false,Rx,0,8,00,40,01,00,00,00,00,00,
8868053,00000036,false,Rx,0,8,64,B5,0A,01,10,00,20,05,
8868186,00000037,false,Rx,0,8,05,00,00,10,00,40,00,00,
8868253,00000038,false,Rx,0,8,01,00,00,00,20,39,06,00,
8868775,0000019B,false,Rx,0,8,DF,DD,DB,00,00,D4,00,00,
8868849,00000039,false,Rx,0,8,00,00,00,00,00,00,00,00,
8868955,0000019C,false,Rx,0,8,40,20,00,00,00,00,0B,09,
8869278,0000019D,false,Rx,0,8,00,10,00,06,00,00,00,00,
8869544,0000019E,false,Rx,0,8,15,23,00,00,00,32,00,00,
8874180,0000010B,false,Rx,0,8,EC,26,0B,00,00,00,00,01,
8874273,0000010C,false,Rx,0,8,FF,01,00,00,43,48,44,44,
8874862,0000010D,false,Rx,0,8,C2,02,00,00,00,00,00,35,
8874928,0000010E,false,Rx,0,8,00,00,0A,00,00,00,00,00,
8878915,000002AB,false,Rx,0,8,A9,71,1B,0C,0C,00,00,00,
8879032,000002AC,false,Rx,0,8,00,FF,FF,00,00,40,00,50,
8879192,000002AD,false,Rx,0,8,00,01,00,40,FF,FF,FF,0F,
8879432,000002AE,false,Rx,0,8,1E,0C,FF,3F,00,01,00,00,
8879820,000002B6,false,Rx,0,8,3A,77,1B,00,01,00,00,40,
8880444,000002B7,false,Rx,0,8,93,01,C1,08,00,04,00,00,
8880622,000002B8,false,Rx,0,8,B2,61,11,00,00,00,00,00,
8880669,00000121,false,Rx,0,8,E7,18,0C,00,00,00,00,01,
8880763,000002B9,false,Rx,0,8,0A,00,00,00,00,00,00,00,
8881143,00000122,false,Rx,0,8,FF,01,00,00,44,44,44,44,
8881472,000002C1,false,Rx,0,8,CD,F5,0E,21,00,41,00,A1,
8881989,00000123,false,Rx,0,8,C3,02,00,00,00,00,00,35,
8882500,000002C2,false,Rx,0,8,40,00,00,00,00,00,00,00,
8882800,00000124,false,Rx,0,8,00,00,0A,00,00,00,00,00,
8882865,000002C3,false,Rx,0,8,00,00,00,00,00,00,00,00,
8883143,000002C4,false,Rx,0,8,00,00,00,00,00,00,00,00,
8883433,000002E1,false,Rx,0,8,50,2D,1B,00,00,00,00,00,
8883913,000002E2,false,Rx,0,8,00,00,00,00,00,7E,00,04,
8883993,000002E3,false,Rx,0,8,00,00,00,00,00,00,72,01,
8884105,000002E4,false,Rx,0,8,02,00,00,00,00,00,00,00,
8889796,00000561,false,Rx,0,8,63,02,00,00,00,00,FF,FF,
8892092,00000487,false,Rx,1,8,00,00,00,00,00,00,00,00,
8892315,00000642,false,Rx,1,8,FF,FF,FF,FF,FF,FF,00,00,
8892586,00000645,false,Rx,1,8,7F,86,07,39,EF,3B,56,00,
8902276,000004E8,false,Rx,1,8,FF,FF,FF,29,FF,FF,FF,00,
8903657,000002BF,false,Rx,0,8,FF,FF,FF,00,00,00,00,00,
8903845,0000047F,false,Rx,0,8,FF,FF,FF,FF,FF,FF,FF,FF,
8904105,00000653,false,Rx,0,8,0A,19,03,01,02,2A,00,00,
8904635,000001AB,false,Rx,0,8,C8,62,91,40,00,90,00,00,
8904920,000001AC,false,Rx,0,8,00,28,00,00,00,00,00,00,
8913032,000000A1,false,Rx,0,8,3B,06,FE,8A,D4,EC,A2,00,
8913262,000000A2,false,Rx,0,8,00,00,00,00,00,00,00,00,
8913506,000000A3,false,Rx,0,8,00,40,01,00,00,00,00,00,
8917788,00000036,false,Rx,0,8,1B,99,0F,01,10,00,20,05,
8917975,00000037,false,Rx,0,8,05,00,00,10,00,40,00,00,
8918262,00000038,false,Rx,0,8,01,00,00,00,20,39,06,00,
8918505,0000019B,false,Rx,0,8,09,81,E0,00,00,D4,00,00,
8918754,00000039,false,Rx,0,8,00,00,00,00,00,00,00,00,
8918998,0000019C,false,Rx,0,8,40,20,00,00,00,00,0B,09,
8919254,0000019D,false,Rx,0,8,00,10,00,06,00,00,00,00,
8919501,0000019E,false,Rx,0,8,15,23,00,00,00,32,00,00,
8921355,00000444,false,Rx,0,8,FE,D0,05,49,00,00,00,00,
8921601,000004E5,false,Rx,0,8,21,B0,00,00,00,04,00,00,
8924023,0000010B,false,Rx,0,8,D2,13,10,00,00,00,00,01,
8924198,0000010C,false,Rx,0,8,FF,01,00,00,43,48,44,44,
8924449,0000010D,false,Rx,0,8,C0,02,00,00,00,00,00,35,
8924706,0000010E,false,Rx,0,8,00,00,0A,00,00,00,00,00,
8930440,00000121,false,Rx,0,8,6C,EA,11,00,00,00,00,01,
8930623,00000122,false,Rx,0,8,FF,01,00,00,44,44,44,44,
8930884,00000123,false,Rx,0,8,C1,02,00,00,00,00,00,35,
8931128,00000124,false,Rx,0,8,00,00,0A,00,00,00,00,00,
8932241,000004A3,false,Rx,1,8,80,00,48,0B,3E,00,00,00,
8932506,000004A4,false,Rx,1,8,FF,FF,FF,00,00,00,00,00,
8947124,0000033B,false,Rx,0,8,A7,32,64,00,00,00,00,00,
8947221,0000033C,false,Rx,0,8,00,00,00,00,F0,00,00,00,
8947615,00000356,false,Rx,0,8,E0,8C,B2,00,00,00,00,00,
8947725,0000033D,false,Rx,0,8,00,00,00,00,00,00,00,00,
8948076,00000357,false,Rx,0,8,00,00,00,00,00,4B,4D,48,
8948189,0000033E,false,Rx,0,8,00,00,00,00,00,00,00,00,
8948452,00000358,false,Rx,0,8,35,41,45,4D,52,37,33,4F,
8948697,00000359,false,Rx,0,8,51,4F,34,52,4A,35,33,00,
8951259,00000444,false,Rx,0,8,55,00,25,4E,04,00,00,00,
8955158,00000485,false,Rx,0,8,00,40,11,02,00,00,00,00,
8958437,00000111,false,Rx,0,8,66,5B,01,01,00,00,00,00,
8958524,00000112,false,Rx,0,8,00,00,00,00,00,00,00,00,
8958921,00000113,false,Rx,0,8,00,00,00,00,00,00,00,00,
8959000,00000114,false,Rx,0,8,00,00,00,00,00,00,00,00,
8959390,0000036F,false,Rx,0,8,EE,E1,01,00,00,00,00,00,
8959637,0000037F,false,Rx,0,8,8B,D0,52,24,41,02,00,00,
8961560,000004E5,false,Rx,0,8,21,B0,00,00,00,04,00,00,
8963747,000000A1,false,Rx,0,8,4F,B6,03,8A,D4,EC,A2,00,
8963836,000000A2,false,Rx,0,8,00,00,00,00,00,00,00,00,
8964235,000000A3,false,Rx,0,8,00,40,01,00,00,00,00,00,
8965311,00000401,false,Rx,0,8,AF,30,10,00,00,00,00,00,
8967893,00000036,false,Rx,0,8,66,5C,14,01,10,00,20,05,
8967990,00000037,false,Rx,0,8,05,00,00,10,00,40,00,00,
8968342,00000038,false,Rx,0,8,01,00,00,00,20,39,06,00,
8968609,0000019B,false,Rx,0,8,76,AD,E5,00,00,D4,00,00,
8968810,00000039,false,Rx,0,8,00,00,00,00,00,00,00,00,
8969046,0000019C,false,Rx,0,8,40,20,00,00,00,00,0B,09,
8969598,0000019D,false,Rx,0,8,00,10,00,06,00,00,00,00,
8969921,0000019E,false,Rx,0,8,15,23,00,00,00,32,00,00,
8971027,0000048B,false,Rx,0,8,CB,F2,00,1E,04,00,00,00,
8971127,0000048C,false,Rx,0,8,00,00,00,00,00,00,00,00,
8971383,000001E6,false,Rx,0,8,E4,88,33,02,00,00,00,00,
8971644,000001E7,false,Rx,0,8,00,00,22,03,20,01,00,00,
8971892,000001BB,false,Rx,0,8,1C,0E,33,02,00,00,00,0A,
8972313,000001BC,false,Rx,0,8,32,00,00,00,02,00,00,00,
8972419,000001BD,false,Rx,0,8,00,00,00,00,00,00,00,00,
8973011,000002D6,false,Rx,0,8,7C,84,0D,00,00,00,00,00,
8973338,000002EB,false,Rx,0,8,76,11,0D,09,10,02,00,00,
8973707,000002D7,false,Rx,0,8,00,00,03,03,03,00,00,00,
8973772,000002EC,false,Rx,0,8,02,00,00,00,00,00,00,00,
8974250,000002D8,false,Rx,0,8,00,00,00,00,00,00,38,44,
8974388,000002ED,false,Rx,0,8,00,00,00,00,00,00,00,00,
8974715,0000010B,false,Rx,0,8,EB,32,15,00,00,00,00,01,
8975171,000002D9,false,Rx,0,8,00,00,00,00,00,00,00,00,
8975236,0000010C,false,Rx,0,8,FF,01,00,00,43,48,44,44,
8975278,00000236,false,Rx,0,8,1D,53,19,00,30,63,34,6C,
8975763,0000010D,false,Rx,0,8,BD,02,00,00,00,00,00,35,
8976085,00000151,false,Rx,0,8,30,B3,19,A0,C8,00,28,15,
8976367,0000010E,false,Rx,0,8,00,00,0A,00,00,00,00,00,
8976682,00000152,false,Rx,0,8,12,14,14,00,00,00,00,00,
8977237,00000237,false,Rx,0,8,00,04,94,00,00,5D,1D,00,
8977611,00000153,false,Rx,0,8,00,00,00,00,00,00,00,00,
8977756,000001F6,false,Rx,0,8,09,CA,19,00,00,00,00,00,
8977858,00000154,false,Rx,0,8,00,00,00,00,00,00,00,00,
8978206,00000563,false,Rx,1,8,65,02,00,00,00,00,FF,FF,
8978539,000001F7,false,Rx,0,8,00,00,DC,00,00,00,00,00,
8979084,000002EE,false,Rx,0,8,00,00,00,00,00,00,00,00,
8979184,000001F8,false,Rx,0,8,00,69,00,64,00,00,00,00,
8979283,000002FB,false,Rx,0,8,F9,AF,19,00,0C,14,C3,C3,
8979348,000001F9,false,Rx,0,8,19,00,A0,C8,14,00,19,00,
8979397,000002FC,false,Rx,0,8,00,00,12,15,00,00,00,96,
8979439,00000238,false,Rx,0,8,00,00,0C,00,00,00,00,00,
8979496,000002FD,false,Rx,0,8,00,00,00,00,00,1C,10,EA,
8979540,00000239,false,Rx,0,8,00,00,00,00,01,00,00,00,
8979592,000002FE,false,Rx,0,8,00,00,72,01,00,28,00,00,
8979650,00000251,false,Rx,0,8,D2,9A,1B,00,00,00,00,00,
8979754,00000326,false,Rx,0,8,DD,8F,19,00,10,00,00,00,
8980006,00000252,false,Rx,0,8,00,00,00,00,03,00,00,00,
8980246,00000327,false,Rx,0,8,00,00,00,00,05,00,00,00,
8980471,00000121,false,Rx,0,8,9A,89,16,00,00,00,00,01,
8980723,00000253,false,Rx,0,8,00,00,00,00,2D,00,80,46,
8980941,00000122,false,Rx,0,8,FF,01,00,00,44,44,44,44,
8981181,0000025B,false,Rx,0,8,DF,72,19,4C,40,20,00,00,
8981420,00000123,false,Rx,0,8,BE,02,00,00,00,00,00,35,
8981677,0000025C,false,Rx,0,8,00,00,00,00,BD,68,14,00,
8981944,00000124,false,Rx,0,8,00,00,0A,00,00,00,00,00,
8982278,0000025D,false,Rx,0,8,00,C8,00,00,00,80,C0,70,
8982711,00000328,false,Rx,0,8,DC,00,19,00,00,69,00,00,
8983009,0000025E,false,Rx,0,8,46,07,0E,06,00,00,00,00,
8983065,00000329,false,Rx,0,8,A0,64,00,00,00,00,00,00,
8983357,00000396,false,Rx,0,8,76,20,0D,0F,10,02,00,00,
8983646,00000331,false,Rx,0,8,1D,72,19,F1,C8,A0,2C,97,
8983724,00000397,false,Rx,0,8,00,00,00,00,00,00,00,00,
8983867,00000332,false,Rx,0,8,00,00,00,00,00,00,00,00,
8984363,00000398,false,Rx,0,8,00,00,00,00,00,00,00,00,
8984694,00000333,false,Rx,0,8,00,00,00,1C,0C,40,20,A0,
8984965,000002E6,false,Rx,0,8,30,16,1B,01,00,00,00,15,
8985063,00000256,false,Rx,0,8,79,15,1B,01,00,00,00,00,
8985479,000002E7,false,Rx,0,8,3C,00,00,00,00,00,00,00,
8985557,00000257,false,Rx,0,8,00,00,00,00,64,00,02,00,
8985603,000002E8,false,Rx,0,8,00,00,00,00,00,00,00,00,
8985991,00000258,false,Rx,0,8,01,00,00,00,10,15,00,28,
8986130,000002E9,false,Rx,0,8,00,00,00,00,00,00,00,00,
8986322,00000259,false,Rx,0,8,00,00,00,3C,00,00,00,00,
8986567,00000334,false,Rx,0,8,C8,00,00,00,5C,70,B7,8F,
8986880,00000405,false,Rx,0,8,0C,50,00,00,00,01,00,00,
8987376,00000413,false,Rx,0,8,F5,10,00,41,00,00,00,00,
8987717,000003B6,false,Rx,0,8,CB,4A,0D,00,00,00,00,44,
8987989,00000414,false,Rx,0,8,87,A0,00,00,28,00,00,00,
8988076,000003B7,false,Rx,0,8,43,00,00,00,00,08,00,00,
8988380,000001F1,false,Rx,0,8,2D,74,01,01,00,00,28,00,
8988673,000003B8,false,Rx,0,8,BF,02,00,00,00,00,69,0E,
8988758,000001F2,false,Rx,0,8,00,00,00,00,00,00,00,00,
8988881,000003B9,false,Rx,0,8,00,00,00,00,00,00,00,00,
8988981,00000416,false,Rx,0,8,55,00,00,00,00,00,00,00,
8989266,00000410,false,Rx,0,8,A3,90,53,3C,B4,6A,FF,FF,
8989474,00000417,false,Rx,0,8,0E,60,00,00,00,01,00,00,
8989709,00000411,false,Rx,0,8,09,81,50,50,00,00,44,04,
8989946,00000418,false,Rx,0,8,CE,30,00,00,14,4C,00,00,
8990195,00000412,false,Rx,0,8,F1,00,00,00,00,00,04,00,
8990418,00000419,false,Rx,0,8,0C,90,C9,CD,C5,64,84,00,
8991310,00000444,false,Rx,0,8,55,00,25,4E,04,00,00,00,
8995552,000003AA,false,Rx,0,8,FF,00,D0,00,54,00,00,00,
9001442,000004E5,false,Rx,0,8,21,B0,00,00,00,04,00,00,
9002279,00000475,false,Rx,0,8,12,00,00,00,00,00,00,00,
9002645,00000496,false,Rx,0,8,12,00,00,00,00,00,00,00,
9002761,000000C5,false,Rx,1,8,00,00,00,00,00,00,00,00,
9002855,0000030B,false,Rx,0,8,FF,A0,64,00,04,00,00,00,
9002942,00000244,false,Rx,1,8,00,00,00,00,00,00,00,00,
9002991,0000030C,false,Rx,0,8,00,00,0C,23,2C,00,A0,0F,
9003042,000003E4,false,Rx,1,8,FE,00,00,00,00,00,00,00,
9003115,0000030D,false,Rx,0,8,00,00,00,00,42,00,00,00,
9003387,0000030E,false,Rx,0,8,00,00,28,05,21,00,00,1A,
9003572,0000041F,false,Rx,1,8,00,0C,00,00,00,00,00,00,
9003872,000004B4,false,Rx,1,8,01,00,0D,40,10,60,44,02,
9003953,00000061,false,Rx,0,8,2B,2A,07,00,00,05,00,00,
9004070,000001AB,false,Rx,0,8,D0,7A,96,40,70,90,00,00,
9004347,00000062,false,Rx,0,8,02,02,00,01,40,FF,00,FF,
9004506,000004B5,false,Rx,1,8,08,00,F0,07,00,00,00,00,
9004570,000001AC,false,Rx,0,8,00,28,00,00,00,00,00,00,
9004822,00000063,false,Rx,0,8,C8,00,15,00,00,08,FF,00,
9004978,000004B7,false,Rx,1,8,08,00,F0,07,00,00,00,00,
9005043,000002FF,false,Rx,0,8,83,B9,00,F0,3F,00,00,00,
9005320,000004CA,false,Rx,1,8,00,00,00,00,00,00,00,00,
9005472,00000064,false,Rx,0,8,04,00,00,04,FF,FA,00,00,
9005813,000004CC,false,Rx,1,8,08,00,00,2A,00,00,03,00,
9005888,00000495,false,Rx,0,8,49,00,00,00,00,00,00,00,
9006322,000004CE,false,Rx,1,8,14,01,FF,FF,FF,FF,FF,FF,
9006390,00000474,false,Rx,0,8,50,B5,00,00,00,00,00,02,
9006795,000004D7,false,Rx,1,8,23,01,00,00,00,00,00,00,
9007275,000004D8,false,Rx,1,8,41,10,F6,F0,40,F2,1E,CC,
9007753,000004DD,false,Rx,1,8,00,00,00,00,04,00,00,00,
9008242,000004DF,false,Rx,1,8,00,00,08,00,00,00,00,00,
9008728,000004E7,false,Rx,1,8,00,30,00,00,00,00,69,00,
9009224,000004E8,false,Rx,1,8,FF,FF,FF,29,FF,FF,FF,00,
9009713,000004E9,false,Rx,1,8,00,00,00,00,00,00,00,00,
9010064,000004EA,false,Rx,1,8,00,00,00,00,00,00,00,00,
9010275,000004EB,false,Rx,1,8,04,68,2B,0D,00,00,00,00,
9010549,000004EC,false,Rx,1,8,FF,FF,FF,FF,FF,FF,FF,0F,
9011029,000004ED,false,Rx,1,8,FF,FF,FF,FF,FF,FF,FF,1F,
9011359,000004EE,false,Rx,1,8,FF,FF,00,00,00,00,00,00,
9011746,000004EF,false,Rx,1,8,60,00,60,00,29,14,00,00,
9011848,0000063D,false,Rx,1,8,00,80,00,00,00,00,00,00,
9011901,0000063E,false,Rx,1,8,FF,FF,FF,FF,FF,FF,FF,FF,
9012170,0000063F,false,Rx,1,8,00,10,00,C4,FF,00,00,00,
9012700,00000640,false,Rx,1,8,FF,FF,FF,00,FF,FF,FF,00,
9012929,00000641,false,Rx,1,8,FF,FF,FF,FF,0F,FF,FF,FF,
9013182,00000448,false,Rx,0,8,7F,00,00,00,00,00,00,00,
9013844,000000A1,false,Rx,0,8,73,47,08,8A,D4,EC,A2,00,
9014430,000000A2,false,Rx,0,8,00,00,00,00,00,00,00,00,
9014527,00000405,false,Rx,0,8,0C,50,00,00,00,01,00,00,
9014583,000000A3,false,Rx,0,8,00,40,01,00,00,00,00,00,
9015077,00000646,false,Rx,1,8,00,00,00,80,01,00,00,00,
9015150,00000418,false,Rx,0,8,AF,40,00,00,12,4C,00,00,
9018114,00000036,false,Rx,0,8,6B,9A,19,01,10,00,20,05,
9018229,00000037,false,Rx,0,8,05,00,00,10,00,40,00,00,
9018276,00000038,false,Rx,0,8,01,00,00,00,20,39,06,00,
9018641,0000019B,false,Rx,0,8,47,C9,EA,00,00,E4,00,00,
9019018,00000039,false,Rx,0,8,00,00,00,00,00,00,00,00,
9019305,0000019C,false,Rx,0,8,40,20,00,00,00,00,0B,09,
9019400,0000019D,false,Rx,0,8,00,10,00,06,00,00,00,00,
9019696,0000019E,false,Rx,0,8,15,23,00,00,00,32,00,00,
9021445,00000444,false,Rx,0,8,E1,20,24,4E,05,00,00,00,
9024614,00000226,false,Rx,0,8,49,AC,53,FF,00,20,09,42,
9024709,000002FF,false,Rx,0,8,83,B9,00,F0,3F,00,00,00,
9024771,00000227,false,Rx,0,8,02,C4,07,09,00,F1,FF,07,
9025160,00000316,false,Rx,0,8,CA,0C,2B,04,00,80,0A,00,
9025546,00000401,false,Rx,0,8,28,40,10,00,00,01,00,00,
9025876,00000317,false,Rx,0,8,00,00,05,00,00,00,00,00,
9026032,00000472,false,Rx,0,8,5C,EC,00,40,08,41,00,45,
9026078,00000473,false,Rx,0,8,5F,24,00,25,00,00,00,78,
9026280,00000474,false,Rx,0,8,50,B5,00,00,00,00,00,02,
9036257,000003A1,false,Rx,0,8,1A,31,49,00,FF,FF,FF,FF,
9036338,000003E0,false,Rx,0,8,8F,30,01,00,10,04,00,00,
9036724,000003A2,false,Rx,0,8,00,00,00,00,00,00,00,00,
9036825,000003E5,false,Rx,0,8,37,80,01,00,00,00,00,00,
9038932,0000011B,false,Rx,0,8,B8,B5,01,05,80,08,A8,02,
9039007,0000012B,false,Rx,0,8,FF,4F,01,06,00,00,08,00,
9039433,0000011C,false,Rx,0,8,00,05,20,00,22,00,01,01,
9039543,0000012C,false,Rx,0,8,00,00,01,00,00,64,00,00,
9044614,000002FF,false,Rx,0,8,83,B9,00,F0,3F,00,00,00,
9044708,00000419,false,Rx,0,8,50,A0,C9,CD,C5,63,84,00,
9045088,00000474,false,Rx,0,8,50,B5,00,00,00,00,00,02,
9046423,0000041A,false,Rx,0,8,5B,80,12,00,50,00,00,00,
9049448,000001FB,false,Rx,0,8,6A,0A,00,00,00,00,00,00,
9049547,000001FC,false,Rx,0,8,00,00,00,00,00,00,00,00,
9049882,000001FD,false,Rx,0,8,00,00,0F,00,00,00,00,00,
9050172,000001FE,false,Rx,0,8,00,00,00,00,00,00,00,00,
9051352,000000FF,false,Rx,0,8,CB,10,00,00,00,00,02,00,
9052002,00000394,false,Rx,0,8,2A,22,1A,49,00,00,00,00,
9052112,000003C3,false,Rx,0,8,45,10,31,30,36,00,00,00,
9053273,000003E6,false,Rx,0,8,A1,40,00,00,00,00,00,00,
9053395,00000061,false,Rx,0,8,93,2B,0C,00,00,05,00,00,
9053731,0000041B,false,Rx,0,8,BE,70,00,00,00,00,00,00,
9053813,00000062,false,Rx,0,8,02,02,00,01,40,FF,00,FF,
9054262,0000041C,false,Rx,0,8,84,D0,E8,00,00,00,00,00,
9054621,00000063,false,Rx,0,8,C8,00,15,00,00,08,FF,00,
9054952,00000405,false,Rx,0,8,0C,50,00,00,00,01,00,00,
9055452,00000064,false,Rx,0,8,04,00,00,04,FF,FA,00,00,
9055850,00000422,false,Rx,0,8,FA,20,01,00,00,00,04,00,
9055967,00000417,false,Rx,0,8,38,70,00,00,00,00,00,00,
9056261,00000418,false,Rx,0,8,AF,40,00,00,12,4C,00,00,
9056328,00000432,false,Rx,0,8,03,20,02,00,00,00,00,00,
9056393,00000435,false,Rx,0,8,AD,40,00,50,00,00,00,FF,
9056687,00000442,false,Rx,0,8,CE,20,11,81,00,00,00,00,
9056978,00000444,false,Rx,0,8,2D,40,30,4F,05,04,00,00,
9057395,00000445,false,Rx,0,8,71,A0,00,00,00,04,00,18,
9057519,00000464,false,Rx,0,8,6C,30,F0,FF,38,7F,05,00,
9059639,0000036F,false,Rx,0,8,FE,01,01,00,00,00,00,00,
9059732,0000037F,false,Rx,0,8,5D,E0,52,24,41,02,00,00,
9064057,000000A1,false,Rx,0,8,7C,AC,0D,8A,D4,EC,A2,00,
9064190,000000A2,false,Rx,0,8,00,00,00,00,00,00,00,00,
9064274,000000A3,false,Rx,0,8,00,40,01,00,00,00,00,00,
9064317,00000474,false,Rx,0,8,F0,07,00,00,00,00,00,04,
9065271,00000401,false,Rx,0,8,28,40,10,00,00,01,00,00,
9068759,0000019B,false,Rx,0,8,38,E5,EF,00,00,E4,00,00,
9068850,0000019C,false,Rx,0,8,40,20,00,00,00,00,0B,09,
9068900,0000019D,false,Rx,0,8,00,10,00,06,00,00,00,00,
9069300,0000019E,false,Rx,0,8,15,23,00,00,00,32,00,00,
9071558,000004E5,false,Rx,0,8,2F,C0,00,00,00,00,00,00,
9076307,000003E0,false,Rx,0,8,8F,30,01,00,10,04,00,00,
9076396,000003E5,false,Rx,0,8,37,80,01,00,00,00,00,00,
9084994,00000419,false,Rx,0,8,EA,B0,3E,CD,C5,63,84,00,
9085199,00000565,false,Rx,0,8,66,02,00,00,00,00,FF,FF,
9086251,0000041A,false,Rx,0,8,5B,80,12,00,50,00,00,00,
9089064,0000011B,false,Rx,0,8,27,DD,06,05,80,08,A8,02,
9089164,0000012B,false,Rx,0,8,60,27,06,06,00,00,08,00,
9089289,0000011C,false,Rx,0,8,00,05,20,00,22,00,01,01,
9089592,0000012C,false,Rx,0,8,00,00,01,00,00,64,00,00,
9089978,00000161,false,Rx,0,8,63,3F,03,03,00,00,00,02,
9090247,00000162,false,Rx,0,8,FF,FC,01,00,00,00,00,00,
9091251,00000444,false,Rx,0,8,2D,40,30,4F,05,04,00,00,
9094569,00000417,false,Rx,0,8,38,70,00,00,00,00,00,00,
9094654,00000418,false,Rx,0,8,AF,40,00,00,12,4C,00,00,
9094763,00000487,false,Rx,1,8,00,00,00,00,00,00,00,00,
9095440,00000642,false,Rx,1,8,FF,FF,FF,FF,FF,FF,00,00,
9099332,000001A1,false,Rx,0,8,4A,B1,03,FE,F7,7F,64,00,
9099430,000001A2,false,Rx,0,8,30,00,00,00,14,08,00,00,
9099942,000001A3,false,Rx,0,8,FF,F3,3F,05,05,00,00,00,
9100010,000001A4,false,Rx,0,8,FE,07,00,00,00,00,00,00,
9101315,00000445,false,Rx,0,8,CE,B0,00,00,00,00,00,18,
9103432,00000061,false,Rx,0,8,5B,29,11,00,00,05,00,00,
9103528,00000062,false,Rx,0,8,02,02,00,01,40,FF,00,FF,
9103927,000002BF,false,Rx,0,8,FF,FF,FF,00,00,00,00,00,
9103996,00000063,false,Rx,0,8,C8,00,15,00,00,08,FF,00,
9104422,0000047F,false,Rx,0,8,FF,FF,FF,FF,FF,FF,FF,FF,
9104725,00000064,false,Rx,0,8,04,00,00,04,FF,FA,00,00,
9104834,000001AB,false,Rx,0,8,A3,43,9B,40,70,90,00,00,
9105408,00000474,false,Rx,0,8,90,69,00,00,00,00,00,06,
9105474,000001AC,false,Rx,0,8,00,28,00,00,00,00,00,00,
9105596,00000643,false,Rx,1,8,00,FC,FF,FF,FF,FF,03,00,
9105674,00000401,false,Rx,0,8,28,40,10,00,00,01,00,00,
9105731,00000653,false,Rx,0,8,0A,19,03,01,02,2A,00,00,
9107712,0000010B,false,Rx,0,8,3F,06,03,00,00,00,00,00,
9107864,0000010C,false,Rx,0,8,B0,00,00,00,28,28,28,28,
9108166,0000010D,false,Rx,0,8,9A,02,00,00,00,00,00,35,
9108373,0000010E,false,Rx,0,8,00,00,00,00,00,00,00,00,
9109978,00000036,false,Rx,0,8,B8,3A,03,01,10,00,30,01,
9110163,00000037,false,Rx,0,8,00,00,00,10,00,40,00,00,
9110446,00000038,false,Rx,0,8,02,01,00,00,20,39,01,00,
9110699,00000039,false,Rx,0,8,09,00,00,00,00,00,00,00,
9111292,000004E5,false,Rx,0,8,2F,C0,00,00,00,00,00,00,
9113778,000000A1,false,Rx,0,8,1F,C1,12,8A,D4,EC,A2,00,
9113872,00000121,false,Rx,0,8,01,0F,04,00,00,00,00,00,
9114383,000000A2,false,Rx,0,8,00,00,00,00,00,00,00,00,
9114473,00000122,false,Rx,0,8,D1,00,00,00,28,28,28,28,
9114517,000000A3,false,Rx,0,8,00,40,01,00,00,00,00,00,
9114814,00000123,false,Rx,0,8,9A,02,00,00,00,00,00,35,
9115137,00000124,false,Rx,0,8,00,00,0A,00,00,00,00,00,
9116461,000003E0,false,Rx,0,8,8F,30,01,00,10,04,00,00,
9116543,000003E5,false,Rx,0,8,37,80,01,00,00,00,00,00,
9118560,0000019B,false,Rx,0,8,45,20,F4,00,00,E4,00,00,
9118653,0000019C,false,Rx,0,8,40,20,00,00,00,00,0B,09,
9118933,0000019D,false,Rx,0,8,00,10,00,06,00,00,00,00,
9119120,0000019E,false,Rx,0,8,15,23,00,00,00,32,00,00,
9121646,00000444,false,Rx,0,8,1B,50,30,4F,05,05,00,00,
9124491,00000419,false,Rx,0,8,EA,B0,3E,CD,C5,63,84,00,
9126302,0000041A,false,Rx,0,8,5B,80,12,00,50,00,00,00,
9129403,000001E1,false,Rx,0,8,3E,09,02,02,00,00,00,00,
9129492,000001E2,false,Rx,0,8,00,00,00,00,00,00,00,00,
9131255,00000445,false,Rx,0,8,C0,C0,00,00,00,04,00,18,
9134427,00000417,false,Rx,0,8,38,70,00,00,00,00,00,00,
9134828,000004A3,false,Rx,1,8,80,00,48,0B,3E,00,00,00,
9135236,000004A4,false,Rx,1,8,FF,FF,FF,00,00,00,00,00,
9138163,000001F1,false,Rx,0,8,DB,5C,04,01,00,00,28,00,
9138272,000001F2,false,Rx,0,8,00,00,00,00,00,00,00,00,
9138853,0000011B,false,Rx,0,8,54,E4,0B,05,80,08,A8,02,
9139033,0000012B,false,Rx,0,8,13,1E,0B,06,00,00,08,00,
9139276,0000011C,false,Rx,0,8,00,05,20,00,22,00,01,01,
9139520,0000012C,false,Rx,0,8,00,00,01,00,00,64,00,00,
9144677,00000474,false,Rx,0,8,90,69,00,00,00,00,00,06,
9146990,0000033B,false,Rx,0,8,2B,80,66,00,00,00,00,00,
9147244,0000033C,false,Rx,0,8,00,00,00,00,F0,00,00,00,
9147486,0000033D,false,Rx,0,8,00,00,00,00,00,00,00,00,
9147756,0000033E,false,Rx,0,8,00,00,00,00,00,00,00,00,
9147993,00000356,false,Rx,0,8,A6,D5,B3,00,00,00,00,00,
9148247,00000357,false,Rx,0,8,00,00,00,00,00,4B,4D,48,
9148501,00000358,false,Rx,0,8,35,41,45,4D,52,37,33,4F,
9148783,00000359,false,Rx,0,8,51,4F,34,52,4A,35,33,00,
9149435,00000419,false,Rx,0,8,85,C0,3E,CD,BD,63,84,00,
9150890,000002AB,false,Rx,0,8,CB,B2,01,0C,0C,00,00,00,
9151170,000002AC,false,Rx,0,8,00,FF,FF,00,00,40,00,50,
9151411,000004E5,false,Rx,0,8,2F,C0,00,00,00,00,00,00,
9151660,000002AD,false,Rx,0,8,00,01,00,40,FF,FF,FF,0F,
9151914,000002AE,false,Rx,0,8,00,00,00,00,00,01,00,00,
9152167,000002B6,false,Rx,0,8,E7,F4,01,00,01,00,00,40,
9152467,000002B7,false,Rx,0,8,00,00,00,00,00,04,00,00,
9152711,000002B8,false,Rx,0,8,00,00,00,00,00,00,00,00,
9152980,000002B9,false,Rx,0,8,0A,00,00,00,00,00,00,00,
9153224,00000061,false,Rx,0,8,99,47,16,00,00,05,00,00,
9153464,000002C1,false,Rx,0,8,55,C8,01,00,00,41,00,A1,
9153709,00000062,false,Rx,0,8,02,02,00,01,40,FF,00,FF,
9153957,000002C2,false,Rx,0,8,40,00,00,00,00,00,00,00,
9154196,00000063,false,Rx,0,8,C9,00,15,00,00,08,FF,00,
9154492,000002C3,false,Rx,0,8,00,00,00,00,00,00,00,00,
9154697,00000064,false,Rx,0,8,04,00,00,04,FF,FA,00,00,
9154948,000002C4,false,Rx,0,8,00,00,00,00,00,00,00,00,
9155204,000002E1,false,Rx,0,8,6B,B1,01,00,00,00,00,00,
9155484,000002E2,false,Rx,0,8,00,00,00,00,00,7E,00,04,
9155748,000002E3,false,Rx,0,8,00,00,00,00,00,00,72,01,
9155999,000002E4,false,Rx,0,8,02,00,00,00,00,00,00,00,
9157534,0000010B,false,Rx,0,8,0F,27,08,00,00,00,00,00,
9157801,0000010C,false,Rx,0,8,39,01,00,00,28,28,28,28,
9158026,0000010D,false,Rx,0,8,98,02,00,00,00,00,00,35,
9158276,0000010E,false,Rx,0,8,00,00,00,00,00,00,00,00,
9158527,00000111,false,Rx,0,8,AC,B0,02,01,00,00,00,00,
9158800,00000112,false,Rx,0,8,00,00,00,00,00,00,00,00,
9159052,00000113,false,Rx,0,8,00,00,00,00,00,00,00,00,
9159293,0000036F,false,Rx,0,8,47,11,01,00,00,00,00,00,
9159542,00000114,false,Rx,0,8,00,00,00,00,00,00,00,00,
9159767,0000037F,false,Rx,0,8,4D,00,52,24,41,02,00,00,
9160019,00000036,false,Rx,0,8,EC,AF,08,01,10,00,30,05,
9160295,00000037,false,Rx,0,8,00,00,00,10,00,40,00,40,
9160544,00000038,false,Rx,0,8,02,01,00,00,20,39,01,00,
9160815,00000039,false,Rx,0,8,09,00,00,00,00,00,00,00,
9161365,00000444,false,Rx,0,8,1B,50,30,4F,05,05,00,00,
9163592,000000A1,false,Rx,0,8,10,2A,17,8A,D4,EC,A2,00,
9163768,00000121,false,Rx,0,8,C3,B2,09,00,00,00,00,00,
9164014,000000A2,false,Rx,0,8,00,00,00,00,00,00,00,00,
9164266,00000122,false,Rx,0,8,4D,01,00,00,28,28,28,28,
9164495,000000A3,false,Rx,0,8,00,40,01,00,00,00,00,00,
9164744,00000123,false,Rx,0,8,97,02,00,00,00,00,00,35,
9164991,00000474,false,Rx,0,8,91,72,00,00,00,00,00,08,
9165236,00000124,false,Rx,0,8,00,00,0A,00,00,00,00,00,
9165474,00000401,false,Rx,0,8,28,40,10,00,00,01,00,00,
9168421,0000019B,false,Rx,0,8,48,E6,F9,00,00,E4,00,00,
9168594,0000019C,false,Rx,0,8,40,20,00,00,00,00,0B,09,
9168853,0000019D,false,Rx,0,8,00,10,00,06,00,00,00,00,
9169108,0000019E,false,Rx,0,8,15,23,00,00,00,32,00,00,
9171233,00000445,false,Rx,0,8,C0,C0,00,00,00,04,00,18,
9178666,00000566,false,Rx,0,8,16,02,00,00,00,00,FF,FF,
9179186,00000405,false,Rx,0,8,0C,50,00,00,00,01,00,00,
9179362,00000410,false,Rx,0,8,A3,90,53,3C,B4,6A,FF,FF,
9179744,00000411,false,Rx,0,8,09,81,50,50,00,00,44,04,
9179981,00000413,false,Rx,0,8,F5,10,00,41,00,00,00,00,
9180234,00000412,false,Rx,0,8,F1,00,00,00,00,00,04,00,
9180748,00000414,false,Rx,0,8,87,A0,00,00,28,00,00,00,
9181015,00000416,false,Rx,0,8,55,00,00,00,00,00,00,00,
9181300,00000417,false,Rx,0,8,38,70,00,00,00,00,00,00,
9181564,00000418,false,Rx,0,8,AF,40,00,00,12,4C,00,00,
9181844,0000048F,false,Rx,0,8,AD,10,41,00,05,00,00,00,
9184593,00000419,false,Rx,0,8,D6,D0,44,CD,BD,63,84,00,
9185017,000004F0,false,Rx,1,8,4A,0D,2B,0E,5C,1A,11,02,
9189256,0000011B,false,Rx,0,8,96,3E,10,05,80,08,A8,02,
9189359,0000012B,false,Rx,0,8,D1,C4,10,06,00,00,08,00,
9189405,0000011C,false,Rx,0,8,00,05,20,00,22,00,01,01,
9189652,0000012C,false,Rx,0,8,00,00,01,00,00,64,00,00,
9189783,00000161,false,Rx,0,8,AB,C6,08,03,00,00,00,02,
9190496,00000162,false,Rx,0,8,FF,FC,01,00,00,00,00,00,
9195315,00000244,false,Rx,1,8,00,00,00,00,00,00,00,00,
9195455,000004E8,false,Rx,1,8,FF,FF,FF,29,FF,FF,FF,00,
9195759,000003AA,false,Rx,0,8,FF,00,D0,00,54,00,00,00,
9195861,00000646,false,Rx,1,8,00,00,00,80,01,00,00,00,
9199335,000001A1,false,Rx,0,8,91,B0,08,FE,F7,7F,64,00,
9199433,000001A2,false,Rx,0,8,00,00,00,00,00,08,00,00,
9199818,000001A3,false,Rx,0,8,FF,F3,3F,00,00,00,00,00,
9199905,000001A4,false,Rx,0,8,FE,07,00,00,00,00,00,00,
9201233,00000444,false,Rx,0,8,1B,50,30,4F,05,05,00,00,
9202028,00000475,false,Rx,0,8,12,00,00,00,00,00,00,00,
9202144,00000496,false,Rx,0,8,12,00,00,00,00,00,00,00,
9203020,0000030B,false,Rx,0,8,D1,96,66,00,04,00,00,00,
9203120,0000030C,false,Rx,0,8,00,00,0C,23,2C,00,A0,0F,
9203172,0000030D,false,Rx,0,8,00,00,00,00,42,00,00,00,
9203536,00000061,false,Rx,0,8,A5,71,1B,00,00,05,00,00,
9203698,0000030E,false,Rx,0,8,00,00,28,05,21,00,00,00,
9203747,00000062,false,Rx,0,8,02,02,00,01,40,FF,00,FF,
9203935,00000063,false,Rx,0,8,C8,00,15,00,00,08,FF,00,
9204280,00000495,false,Rx,0,8,49,00,00,00,00,00,00,00,
9204674,00000064,false,Rx,0,8,04,00,00,04,FF,FA,00,00,
9204738,000001AB,false,Rx,0,8,75,DF,A0,40,70,90,00,00,
9204870,000000C5,false,Rx,1,8,00,00,00,00,00,00,00,00,
9205121,00000474,false,Rx,0,8,F1,1C,00,00,00,00,00,0A,
9205187,000001AC,false,Rx,0,8,00,28,00,00,00,00,00,00,
9205257,000004B4,false,Rx,1,8,01,00,0D,40,10,60,44,02,
9205781,000004B5,false,Rx,1,8,08,00,F0,07,00,00,00,00,
9206234,000004B7,false,Rx,1,8,08,00,F0,07,00,00,00,00,
9206724,000004CA,false,Rx,1,8,00,00,00,00,00,00,00,00,
9207206,000004CC,false,Rx,1,8,08,00,00,2A,00,00,03,00,
9207721,000004CE,false,Rx,1,8,14,01,FF,FF,FF,FF,FF,FF,
9207801,0000010B,false,Rx,0,8,23,47,0D,00,00,00,00,00,
9208812,000004D7,false,Rx,1,8,23,01,00,00,00,00,00,00,
9209705,0000010C,false,Rx,0,8,8A,01,00,00,41,48,43,44,
9209945,0000010D,false,Rx,0,8,95,02,00,00,00,00,00,35,
9210054,000004D8,false,Rx,1,8,41,10,F6,F0,40,F2,1E,CC,
9210171,0000010E,false,Rx,0,8,00,00,0A,00,00,00,00,00,
9210238,000004DD,false,Rx,1,8,00,00,00,00,04,00,00,00,
9210288,000004DF,false,Rx,1,8,00,00,08,00,00,00,00,00,
9210353,000004E7,false,Rx,1,8,00,30,00,00,00,00,69,00,
9210774,000004E9,false,Rx,1,8,00,00,00,00,00,00,00,00,
9211633,00000036,false,Rx,0,8,93,83,0D,01,10,00,30,05,
9212276,00000037,false,Rx,0,8,00,00,00,10,00,40,00,40,
9212407,000004EA,false,Rx,1,8,00,00,00,00,00,00,00,00,
9212496,00000038,false,Rx,0,8,02,01,00,00,20,39,01,00,
9212557,000004EB,false,Rx,1,8,04,68,2B,0D,00,00,00,00,
9212603,000004EC,false,Rx,1,8,FF,FF,FF,FF,FF,FF,FF,0F,
9212664,00000039,false,Rx,0,8,09,00,00,00,00,00,00,00,
9212710,000004ED,false,Rx,1,8,FF,FF,FF,FF,FF,FF,FF,1F,
9212766,00000445,false,Rx,0,8,C0,C0,00,00,00,04,00,18,
9212812,000004EE,false,Rx,1,8,FF,FF,00,00,00,00,00,00,
9212868,000004EF,false,Rx,1,8,60,00,60,00,29,14,00,00,
9212949,0000063D,false,Rx,1,8,00,80,00,00,00,00,00,00,
9213014,00000448,false,Rx,0,8,7F,00,00,00,00,00,00,00,
9213482,0000063E,false,Rx,1,8,FF,FF,FF,FF,FF,FF,FF,FF,
9213946,000000A1,false,Rx,0,8,2C,DB,1C,8A,D4,EC,A2,00,
9214439,0000063F,false,Rx,1,8,00,10,00,C4,FF,00,00,00,
9214881,00000121,false,Rx,0,8,91,7B,0E,00,00,00,00,00,
9215449,000000A2,false,Rx,0,8,00,00,00,00,00,00,00,00,
9215514,00000122,false,Rx,0,8,96,01,00,00,43,44,44,44,
9215608,00000640,false,Rx,1,8,FF,FF,FF,00,FF,FF,FF,00,
9215656,000000A3,false,Rx,0,8,00,40,01,00,00,00,00,00,
9216047,00000123,false,Rx,0,8,95,02,00,00,00,00,00,35,
9216150,00000641,false,Rx,1,8,FF,FF,FF,FF,0F,FF,FF,FF,
9216441,00000124,false,Rx,0,8,00,00,0A,00,00,00,00,00,
9218537,0000019B,false,Rx,0,8,BB,78,FE,00,00,E4,00,00,
9218629,0000019C,false,Rx,0,8,40,20,00,00,00,00,0B,09,
9218973,0000019D,false,Rx,0,8,00,10,00,06,00,00,00,00,
9219411,0000019E,false,Rx,0,8,15,23,00,00,00,32,00,00,
9224383,00000419,false,Rx,0,8,D6,D0,44,CD,BD,63,84,00,
9224519,00000226,false,Rx,0,8,F2,6C,55,FF,00,20,09,42,
9224851,000002FF,false,Rx,0,8,83,B9,00,F0,3F,00,00,00,
9225275,00000227,false,Rx,0,8,02,C4,07,09,00,F1,FF,07,
9225349,00000316,false,Rx,0,8,55,64,2C,04,00,80,0A,00,
9225531,00000472,false,Rx,0,8,5C,EC,00,40,08,41,00,45,
9225999,00000317,false,Rx,0,8,00,00,05,00,00,00,00,00,
9226305,00000244,false,Rx,1,8,00,00,00,00,00,00,00,00,
9227226,00000473,false,Rx,0,8,5F,24,00,25,00,00,00,78,
9227365,00000474,false,Rx,0,8,F1,1C,00,00,00,00,00,0A,
9227477,000004F0,false,Rx,1,8,4A,0D,2B,0E,5C,1A,11,02,
9227547,00000646,false,Rx,1,8,00,00,00,80,01,00,00,00,
9236004,000004E8,false,Rx,1,8,FF,FF,FF,29,FF,FF,FF,00,
9236197,000003A1,false,Rx,0,8,57,D9,4A,00,FF,FF,FF,FF,
9236254,000003A2,false,Rx,0,8,00,00,00,00,00,00,00,00,
9238884,0000011B,false,Rx,0,8,60,16,15,05,80,08,A8,02,
9238985,0000012B,false,Rx,0,8,27,EC,15,06,00,00,08,00,
9239238,0000011C,false,Rx,0,8,00,05,20,00,22,00,01,01,
9239481,0000012C,false,Rx,0,8,00,00,01,00,00,64,00,00,
9244695,00000474,false,Rx,0,8,F1,1C,00,00,00,00,00,0A,
9246234,000002D6,false,Rx,0,8,0F,A9,00,00,00,00,00,00,
9246316,000002EB,false,Rx,0,8,47,5B,00,08,00,DC,FF,00,
9246905,000002D7,false,Rx,0,8,00,00,00,00,03,00,00,00,
9246980,000002EC,false,Rx,0,8,12,00,00,00,00,00,00,00,
9247022,000002D8,false,Rx,0,8,00,00,00,00,00,00,38,28,
9247540,000002ED,false,Rx,0,8,00,00,00,00,00,00,00,00,
9247886,000002D9,false,Rx,0,8,00,00,00,00,00,00,00,00,
9248155,000002EE,false,Rx,0,8,00,00,00,00,00,00,00,00,
9249526,000001FB,false,Rx,0,8,64,91,02,00,00,00,00,00,
9249646,00000419,false,Rx,0,8,4E,E0,44,CD,B9,63,84,00,
9250130,000001FC,false,Rx,0,8,00,00,00,00,00,00,00,00,
9250227,000001FD,false,Rx,0,8,00,1A,03,00,00,00,00,00,
9250378,000001FE,false,Rx,0,8,00,00,00,00,00,00,00,00,
9250603,00000251,false,Rx,0,8,9F,E7,01,00,00,00,00,00,
9250855,00000252,false,Rx,0,8,00,00,00,00,03,00,00,00,
9251195,000000FF,false,Rx,0,8,CB,10,00,00,00,00,02,00,
9251529,00000253,false,Rx,0,8,00,00,00,00,00,00,80,28,
9252214,00000394,false,Rx,0,8,2A,22,1A,49,00,00,00,00,
9252286,000003C3,false,Rx,0,8,45,10,31,30,36,00,00,00,
9252353,00000396,false,Rx,0,8,6D,C3,00,0F,00,DC,FF,00,
9252399,000003E0,false,Rx,0,8,8F,30,01,00,10,04,00,00,
9252710,00000397,false,Rx,0,8,10,00,00,00,00,00,00,00,
9252957,00000398,false,Rx,0,8,00,00,00,00,00,00,00,00,
9253195,000003E5,false,Rx,0,8,37,80,01,00,00,00,00,00,
9253482,00000061,false,Rx,0,8,73,2D,20,00,00,05,00,00,
9253678,000003E6,false,Rx,0,8,A1,40,00,00,00,00,00,00,
9253915,00000062,false,Rx,0,8,02,02,00,01,40,FF,00,FF,
9254162,0000041A,false,Rx,0,8,5B,80,12,00,50,00,00,00,
9254421,00000063,false,Rx,0,8,C8,00,15,00,00,08,FF,00,
9254773,0000041B,false,Rx,0,8,BE,70,00,00,00,00,00,00,
9254928,00000064,false,Rx,0,8,04,00,00,04,FF,FA,00,00,
9255213,0000041C,false,Rx,0,8,84,D0,E8,00,00,00,00,00,
9255638,00000422,false,Rx,0,8,FA,20,01,00,00,00,04,00,
9255975,00000432,false,Rx,0,8,03,20,02,00,00,00,00,00,
9256420,00000435,false,Rx,0,8,AD,40,00,50,00,00,00,FF,
9256766,00000442,false,Rx,0,8,CE,20,11,81,00,00,00,00,
9256825,00000256,false,Rx,0,8,33,A9,01,05,01,00,00,00,
9257055,000002E6,false,Rx,0,8,C0,FA,01,01,00,00,00,15,
9257913,00000257,false,Rx,0,8,00,7C,00,00,83,04,81,79,
9258299,000002E7,false,Rx,0,8,0A,00,00,00,00,00,00,00,
9258448,0000010B,false,Rx,0,8,C4,0D,12,00,00,00,00,00,
9258491,00000258,false,Rx,0,8,00,AC,19,00,10,15,00,28,
9258534,0000010C,false,Rx,0,8,BA,01,00,00,43,48,44,44,
9258579,00000259,false,Rx,0,8,ED,03,12,3C,F0,01,00,00,
9258817,0000010D,false,Rx,0,8,93,02,00,00,00,00,00,35,
9258995,000002E8,false,Rx,0,8,00,00,00,00,00,00,00,00,
9259650,0000010E,false,Rx,0,8,00,00,0A,00,00,00,00,00,
9260000,000002E9,false,Rx,0,8,00,00,00,00,00,00,00,00,
9260513,0000036F,false,Rx,0,8,91,21,01,00,00,00,00,00,
9260570,000003B6,false,Rx,0,8,6E,5E,00,00,00,00,00,44,
9260647,00000036,false,Rx,0,8,9F,BD,12,01,10,00,30,05,
9260933,0000037F,false,Rx,0,8,F4,10,52,24,41,02,00,00,
9261021,00000037,false,Rx,0,8,00,00,00,10,00,40,00,40,
9261637,000003B7,false,Rx,0,8,43,00,00,00,00,00,00,00,
9261980,00000038,false,Rx,0,8,02,01,00,5B,C0,3A,01,00,
9262298,000003B8,false,Rx,0,8,76,02,00,00,00,00,69,0E,
9262427,00000039,false,Rx,0,8,09,00,00,00,00,00,00,00,
9262641,000003B9,false,Rx,0,8,00,00,00,00,00,00,00,00,
9262704,00000444,false,Rx,0,8,1B,50,30,4F,05,05,00,00,
9262997,00000445,false,Rx,0,8,C0,C0,00,00,00,04,00,18,
9263299,00000464,false,Rx,0,8,6C,30,F0,FF,38,7F,05,00,
9263745,000000A1,false,Rx,0,8,EF,58,21,8A,D4,EC,A2,00,
9264039,00000121,false,Rx,0,8,C3,F7,13,00,00,00,00,00,
9264282,000000A2,false,Rx,0,8,00,00,00,00,00,00,00,00,
9264394,00000122,false,Rx,0,8,C1,01,00,00,44,44,44,44,
9264671,000000A3,false,Rx,0,8,00,40,01,00,00,00,00,00,
9264780,00000123,false,Rx,0,8,93,02,00,00,00,00,00,35,
9264988,00000474,false,Rx,0,8,51,AE,00,00,00,00,00,0C,
9265246,00000124,false,Rx,0,8,00,00,0A,00,00,00,00,00,
9266313,000004F0,false,Rx,1,8,4A,0D,2B,0E,5C,1A,11,02,
9268483,0000019B,false,Rx,0,8,41,86,03,00,00,E4,00,00,
9268613,0000019C,false,Rx,0,8,40,20,00,00,00,00,0B,09,
9268975,0000019D,false,Rx,0,8,00,10,00,06,00,00,00,00,
9269444,0000019E,false,Rx,0,8,15,23,00,00,00,32,00,00,
9274534,00000516,false,Rx,0,8,61,02,00,00,00,00,FF,FF,
9275941,000004E8,false,Rx,1,8,FF,FF,FF,29,FF,FF,FF,00,
9279559,000001E1,false,Rx,0,8,A1,61,05,02,00,00,00,00,
9279657,000001E2,false,Rx,0,8,00,00,00,00,00,00,00,00,
9284520,00000419,false,Rx,0,8,79,00,68,CD,B9,63,84,00,
9288432,000001F1,false,Rx,0,8,96,B4,07,01,00,00,28,00,
9288535,000001F2,false,Rx,0,8,00,00,00,00,00,00,00,00,
9288884,0000011B,false,Rx,0,8,7A,6F,1A,05,80,08,A8,02,
9289845,0000012B,false,Rx,0,8,3D,95,1A,06,00,00,08,00,
9290177,0000011C,false,Rx,0,8,00,05,20,00,22,00,01,01,
9290246,0000012C,false,Rx,0,8,00,00,01,00,00,64,00,00,
9290315,00000161,false,Rx,0,8,5D,EE,0D,03,00,00,00,02,
9290373,00000162,false,Rx,0,8,FF,FC,01,00,00,00,00,00,
9297274,00000487,false,Rx,1,8,00,00,00,00,00,00,00,00,
9297442,00000642,false,Rx,1,8,FF,FF,FF,FF,FF,FF,00,00,
9299442,000001A1,false,Rx,0,8,EE,9C,0D,FE,F7,7F,64,00,
9299562,000001A2,false,Rx,0,8,00,00,00,00,00,08,00,00,
9299647,000001A3,false,Rx,0,8,FF,F3,3F,00,00,00,00,00,
9299974,000001A4,false,Rx,0,8,FE,07,00,00,00,00,00,00,
9303363,00000061,false,Rx,0,8,0C,01,25,00,00,05,00,00,
9303458,00000062,false,Rx,0,8,02,02,00,01,40,FF,00,FF,
9303826,000002BF,false,Rx,0,8,FF,FF,FF,00,00,00,00,00,
9303917,00000063,false,Rx,0,8,C8,00,15,00,00,08,FF,00,
9304298,0000047F,false,Rx,0,8,FF,FF,FF,FF,FF,FF,FF,FF,
9304519,00000064,false,Rx,0,8,04,00,00,04,FF,FA,00,00,
9304656,000001AB,false,Rx,0,8,83,F7,A5,40,70,90,00,00,
9304963,00000474,false,Rx,0,8,31,C0,00,00,00,00,00,0E,
9305375,000001AC,false,Rx,0,8,00,28,00,00,00,00,00,00,
9306049,00000653,false,Rx,0,8,0A,19,03,01,02,2A,00,00,
9306862,00000236,false,Rx,0,8,67,18,02,00,30,63,34,6C,
9307046,000002FB,false,Rx,0,8,E6,68,02,00,8F,14,C3,C3,
9307444,00000237,false,Rx,0,8,00,04,94,00,00,5E,1D,00,
9307542,00000151,false,Rx,0,8,4D,76,02,A0,C8,00,28,15,
9308159,00000238,false,Rx,0,8,00,00,8F,00,00,00,00,00,
9308232,0000010B,false,Rx,0,8,0F,9C,17,00,00,00,00,00,
9308280,00000152,false,Rx,0,8,12,14,14,00,00,00,00,00,
9308596,0000010C,false,Rx,0,8,D7,01,00,00,43,48,44,44,
9308673,00000153,false,Rx,0,8,00,00,00,00,00,00,00,00,
9308933,0000010D,false,Rx,0,8,91,02,00,00,00,00,00,35,
9309296,00000154,false,Rx,0,8,00,00,00,00,00,00,00,00,
9309674,0000010E,false,Rx,0,8,00,00,0A,00,00,00,00,00,
9309982,000001F6,false,Rx,0,8,1E,50,02,00,00,00,00,0C,
9310255,000002FC,false,Rx,0,8,00,00,12,15,00,00,7A,96,
9310384,000001F7,false,Rx,0,8,00,00,00,00,00,00,00,00,
9310435,00000036,false,Rx,0,8,BA,15,17,05,10,00,30,05,
9310599,000001F8,false,Rx,0,8,00,00,00,00,00,00,00,00,
9310972,00000037,false,Rx,0,8,00,00,00,10,00,40,00,40,
9311168,000001F9,false,Rx,0,8,00,00,A0,C8,14,00,00,00,
9311348,00000038,false,Rx,0,8,02,05,00,EA,91,3B,01,00,
9311581,00000239,false,Rx,0,8,00,00,00,00,01,00,00,00,
9311833,00000039,false,Rx,0,8,00,00,00,00,00,00,00,00,
9312088,0000025B,false,Rx,0,8,C6,05,02,40,40,20,00,00,
9312317,000002FD,false,Rx,0,8,00,00,00,00,00,1C,10,EA,
9312564,0000025C,false,Rx,0,8,00,00,00,00,FF,FF,14,00,
9312898,000002FE,false,Rx,0,8,00,00,72,01,00,28,00,00,
9313085,0000025D,false,Rx,0,8,00,C8,00,00,00,80,C0,70,
9313363,00000326,false,Rx,0,8,B6,C5,02,00,10,00,00,00,
9313687,0000025E,false,Rx,0,8,3D,07,0E,06,00,00,00,00,
9314003,000000A1,false,Rx,0,8,E6,DD,26,8A,D4,EC,A2,00,
9314534,00000121,false,Rx,0,8,1D,EA,18,00,00,00,00,00,
9314617,000000A2,false,Rx,0,8,00,00,00,00,00,00,00,00,
9314672,00000122,false,Rx,0,8,DB,01,00,00,44,44,44,44,
9314743,000000A3,false,Rx,0,8,00,40,01,00,00,00,00,00,
9315009,00000123,false,Rx,0,8,90,02,00,00,00,00,00,35,
9315232,00000327,false,Rx,0,8,00,00,00,00,01,00,00,00,
9315477,00000124,false,Rx,0,8,00,00,0A,00,00,00,00,00,
9315725,00000328,false,Rx,0,8,00,00,00,00,00,00,00,00,
9316152,00000445,false,Rx,0,8,7F,D0,00,00,00,00,00,18,
9316255,00000329,false,Rx,0,8,A0,00,00,00,00,00,00,00,
9316461,00000331,false,Rx,0,8,06,66,02,F1,C8,A0,2C,97,
9316721,00000332,false,Rx,0,8,00,00,00,00,00,00,00,00,
9316965,00000333,false,Rx,0,8,00,00,00,1C,0C,40,20,A0,
9317426,00000334,false,Rx,0,8,C8,00,00,00,00,00,00,00,
9318783,0000019B,false,Rx,0,8,F9,87,08,00,00,E4,00,00,
9318957,0000019C,false,Rx,0,8,40,20,00,00,00,00,0B,09,
9319010,0000019D,false,Rx,0,8,00,10,00,06,00,00,00,00,
9319374,0000019E,false,Rx,0,8,15,23,00,00,00,32,00,00,
9324964,00000419,false,Rx,0,8,79,00,68,CD,B9,63,84,00,
9337753,000000C7,false,Rx,1,8,00,00,00,00,00,00,00,00,
9337888,000004A3,false,Rx,1,8,80,00,48,0B,3E,00,00,00,
9338241,000004A4,false,Rx,1,8,FF,FF,FF,00,00,00,00,00,
9339076,0000011B,false,Rx,0,8,8C,47,1F,05,80,08,A8,02,
9339159,0000012B,false,Rx,0,8,CB,BD,1F,06,00,00,08,00,
9339355,0000011C,false,Rx,0,8,00,05,20,00,22,00,01,01,
9339600,0000012C,false,Rx,0,8,00,00,01,00,00,64,00,00,
9341023,00000091,false,Rx,0,8,B0,87,00,00,00,00,00,00,
9341162,00000092,false,Rx,0,8,00,00,00,00,00,00,00,00,
9341610,00000093,false,Rx,0,8,00,00,00,00,00,00,00,00,
9341683,00000094,false,Rx,0,8,00,00,00,00,00,00,00,00,
9345181,00000474,false,Rx,0,8,31,C0,00,00,00,00,00,0E,
9345622,0000034B,false,Rx,0,8,58,41,00,31,D8,0D,05,01,
9345825,0000034C,false,Rx,0,8,00,00,00,00,00,00,00,00,
9346095,0000034D,false,Rx,0,8,00,00,00,00,00,00,00,00,
9346341,0000034E,false,Rx,0,8,00,00,00,00,00,00,00,00,
9346597,00000380,false,Rx,0,8,E2,43,00,00,00,00,00,01,
9347224,0000033B,false,Rx,0,8,EC,AD,68,00,00,00,00,00,
9347920,0000033C,false,Rx,0,8,00,00,00,00,F0,00,00,00,
9348169,00000356,false,Rx,0,8,55,4B,B4,00,00,00,00,00,
9348314,0000033D,false,Rx,0,8,00,00,00,00,00,00,00,00,
9348458,000004E7,false,Rx,1,8,00,30,00,00,00,00,60,00,
9348523,00000357,false,Rx,0,8,00,00,00,00,00,4B,4D,48,
9348567,0000033E,false,Rx,0,8,00,00,00,00,00,00,00,00,
9348620,000004E8,false,Rx,1,8,FF,FF,FF,29,FF,FF,FF,00,
9348688,00000358,false,Rx,0,8,35,41,45,4D,52,37,33,4F,
9349004,00000359,false,Rx,0,8,51,4F,34,52,4A,35,33,00,
9349278,00000382,false,Rx,0,8,E1,B8,00,00,00,01,00,00,
9349836,00000383,false,Rx,0,8,AA,AA,00,00,00,0C,00,00,
9350172,00000419,false,Rx,0,8,A7,10,68,CD,C1,63,84,00,
9350460,00000384,false,Rx,0,8,26,8F,00,00,00,00,00,01,
9351426,00000445,false,Rx,0,8,7F,D0,00,00,00,00,00,18,
9351754,000002AB,false,Rx,0,8,6C,47,03,0C,0C,00,00,00,
9351826,000003B0,false,Rx,0,8,72,37,FF,C7,00,00,03,C0,
9352103,000002AC,false,Rx,0,8,00,FF,FF,00,00,40,00,50,
9352239,000003B1,false,Rx,0,8,9B,3C,FF,40,00,00,20,00,
9352288,000002AD,false,Rx,0,8,00,01,00,40,FF,FF,FF,0F,
9352377,000002AE,false,Rx,0,8,00,00,FF,3F,00,01,00,00,
9352804,000002B6,false,Rx,0,8,BD,F8,03,00,01,00,00,40,
9352933,000003B2,false,Rx,0,8,36,15,FF,02,29,2F,34,00,
9353120,000002B7,false,Rx,0,8,00,00,D8,01,00,04,00,00,
9353514,00000061,false,Rx,0,8,8D,75,2A,00,00,05,00,00,
9353857,000002B8,false,Rx,0,8,00,00,00,00,00,00,00,00,
9354345,00000062,false,Rx,0,8,02,02,00,01,40,FF,00,FF,
9354401,000002B9,false,Rx,0,8,0A,00,00,00,00,00,00,00,
9354457,00000063,false,Rx,0,8,C8,00,15,00,00,08,FF,00,
9354604,000002C1,false,Rx,0,8,9F,23,02,00,00,41,00,A1,
9354851,00000064,false,Rx,0,8,04,00,00,04,FF,FA,00,00,
9355101,000002C2,false,Rx,0,8,40,00,00,00,00,00,00,00,
9355309,00000427,false,Rx,0,8,1D,86,FF,00,80,0A,00,00,
9355564,000002C3,false,Rx,0,8,00,00,00,00,00,00,00,00,
9355819,000002C4,false,Rx,0,8,00,00,00,00,00,00,00,00,
9356075,000002E1,false,Rx,0,8,E7,03,03,00,00,00,00,00,
9356329,000002E2,false,Rx,0,8,00,00,00,00,00,7E,00,04,
9356582,0000042A,false,Rx,0,8,BB,4A,00,01,00,10,00,00,
9357010,000002E3,false,Rx,0,8,00,00,00,00,00,00,72,01,
9357106,000002E4,false,Rx,0,8,02,00,00,00,00,00,00,00,
9357524,0000010B,false,Rx,0,8,1C,C7,1C,00,00,00,00,00,
9357843,0000010C,false,Rx,0,8,E7,01,00,00,43,48,44,44,
9358196,0000010D,false,Rx,0,8,8E,02,00,00,00,00,00,35,
9358773,0000010E,false,Rx,0,8,00,00,0A,00,00,00,00,00,
9359111,00000111,false,Rx,0,8,EA,E9,03,01,00,00,00,00,
9359210,00000112,false,Rx,0,8,00,00,00,00,00,00,00,00,
9359301,00000113,false,Rx,0,8,00,00,00,00,00,00,00,00,
9359347,0000036F,false,Rx,0,8,28,31,01,00,00,00,00,00,
9359525,00000114,false,Rx,0,8,00,00,00,00,00,00,00,00,
9359890,0000037F,false,Rx,0,8,22,20,52,24,41,02,00,00,
9360204,00000036,false,Rx,0,8,A4,C9,1C,05,10,00,24,05,
9360773,00000037,false,Rx,0,8,00,00,00,10,00,40,00,00,
9361172,00000038,false,Rx,0,8,02,05,00,F1,4F,3B,11,00,
9361584,00000039,false,Rx,0,8,00,00,00,00,00,00,00,00,
9361934,00000146,false,Rx,0,8,F4,3C,01,10,04,01,00,00,
9362246,00000147,false,Rx,0,8,00,04,7D,00,40,00,00,00,
9362601,00000148,false,Rx,0,8,00,00,42,00,00,77,40,05,
9362693,00000149,false,Rx,0,8,00,38,00,00,00,00,00,00,
9362740,000001B1,false,Rx,0,8,15,44,01,00,72,00,00,00,
9362853,000001B2,false,Rx,0,8,23,00,04,0E,8A,01,50,0F,
9363468,000001B3,false,Rx,0,8,8B,2B,00,00,50,50,50,50,
9363569,000001B4,false,Rx,0,8,50,50,17,00,00,41,00,00,
9363618,000000A1,false,Rx,0,8,D0,9E,2B,8A,D4,EC,A2,00,
9364195,000000A2,false,Rx,0,8,00,00,00,00,00,00,00,00,
9364319,00000121,false,Rx,0,8,99,C0,1D,00,00,00,00,00,
9364625,000000A3,false,Rx,0,8,00,40,01,00,00,00,00,00,
9364984,00000122,false,Rx,0,8,EA,01,00,00,44,44,44,44,
9365113,00000474,false,Rx,0,8,53,98,00,00,00,00,00,10,
9365162,00000123,false,Rx,0,8,8E,02,00,00,00,00,00,35,
9365658,00000124,false,Rx,0,8,00,00,0A,00,00,00,00,00,
9365999,00000401,false,Rx,0,8,28,40,10,00,00,01,00,00,
9368936,0000019B,false,Rx,0,8,86,AB,0D,00,00,E4,00,00,
9369400,0000019C,false,Rx,0,8,40,20,00,00,00,00,0B,09,
9369477,0000019D,false,Rx,0,8,00,10,00,06,00,00,00,00,
9369521,0000019E,false,Rx,0,8,15,23,00,00,00,32,00,00,
9373825,00000561,false,Rx,0,8,63,02,00,00,00,00,FF,FF,
9377759,000000C7,false,Rx,1,8,00,00,00,00,00,00,00,00,
9377867,000004E7,false,Rx,1,8,00,30,00,00,00,00,69,00,
9379775,00000405,false,Rx,0,8,0C,50,00,00,00,01,00,00,
9379985,00000410,false,Rx,0,8,A3,90,53,3C,B4,6A,FF,FF,
9380056,00000411,false,Rx,0,8,09,81,50,50,00,00,44,04,
9380107,00000412,false,Rx,0,8,F1,00,00,00,00,00,04,00,
9381122,00000413,false,Rx,0,8,F5,10,00,41,00,00,00,00,
9381201,00000414,false,Rx,0,8,87,A0,00,00,28,00,00,00,
9381249,00000416,false,Rx,0,8,55,00,00,00,00,00,00,00,
9381684,00000417,false,Rx,0,8,38,70,00,00,00,00,00,00,
9382658,00000418,false,Rx,0,8,AF,40,00,00,12,4C,00,00,
9384749,00000419,false,Rx,0,8,C2,20,AD,CD,C1,63,84,00,
9386525,00000380,false,Rx,0,8,E2,43,00,00,00,00,00,01,
9388322,00000382,false,Rx,0,8,E1,B8,00,00,00,01,00,00,
9388528,000004E8,false,Rx,1,8,FF,FF,FF,29,FF,FF,FF,00,
9389334,0000011B,false,Rx,0,8,5A,DB,24,05,80,08,A8,02,
9389435,0000012B,false,Rx,0,8,1D,21,24,06,00,00,08,00,
9389893,0000011C,false,Rx,0,8,00,05,20,00,22,00,01,01,
9390050,0000012C,false,Rx,0,8,00,00,01,00,00,64,00,00,
9390095,000001E6,false,Rx,0,8,4F,4F,02,C2,03,64,64,00,
9390306,00000161,false,Rx,0,8,4D,B4,12,03,00,00,00,02,
9390989,000001BB,false,Rx,0,8,BA,D1,02,C2,03,64,64,0A,
9391343,00000162,false,Rx,0,8,FF,FC,01,00,00,00,00,00,
9391415,000001BC,false,Rx,0,8,32,00,00,00,02,00,00,00,
9391525,00000383,false,Rx,0,8,AA,AA,00,00,00,0C,00,00,
9391571,000001BD,false,Rx,0,8,00,00,00,00,00,00,00,00,
9392222,00000384,false,Rx,0,8,26,8F,00,00,00,00,00,01,
9392295,000001E7,false,Rx,0,8,00,00,22,03,00,01,00,00,
9392342,00000445,false,Rx,0,8,7F,D0,00,00,00,00,00,18,
9395595,000003AA,false,Rx,0,8,FF,00,D0,00,54,00,00,00,
9396495,0000042A,false,Rx,0,8,BB,4A,00,01,00,10,00,00,
9399333,000001A1,false,Rx,0,8,AA,2C,12,FE,F7,7F,64,00,
9399472,00000646,false,Rx,1,8,00,00,00,80,01,00,00,00,
9399554,000001A2,false,Rx,0,8,00,00,00,00,00,08,00,00,
9399718,000001A3,false,Rx,0,8,FF,F3,3F,00,00,00,00,00,
9400175,000001A4,false,Rx,0,8,FE,07,00,00,00,00,00,00,
9401889,00000475,false,Rx,0,8,12,00,00,00,00,00,00,00,
9402121,00000496,false,Rx,0,8,12,00,00,00,00,00,00,00,
9402354,0000030B,false,Rx,0,8,16,BB,68,00,04,00,00,00,
9402644,0000030C,false,Rx,0,8,00,00,0C,23,2C,00,A0,0F,
9402908,0000030D,false,Rx,0,8,00,00,00,00,42,00,00,00,
9403156,00000061,false,Rx,0,8,C3,A9,2F,00,00,05,00,00,
9403420,0000030E,false,Rx,0,8,00,00,28,05,21,00,00,00,
9403646,00000062,false,Rx,0,8,02,02,00,01,40,FF,00,FF,
9403911,00000063,false,Rx,0,8,C9,00,15,00,00,08,FF,00,
9404149,00000495,false,Rx,0,8,49,00,00,00,00,00,00,00,
9404439,00000064,false,Rx,0,8,04,00,00,04,FF,FA,00,00,
9404631,000001AB,false,Rx,0,8,99,8E,AA,40,70,90,00,00,
9404889,00000474,false,Rx,0,8,53,98,00,00,00,00,00,10,
9405122,000001AC,false,Rx,0,8,00,28,00,00,00,00,00,00,
9407805,0000010B,false,Rx,0,8,B9,02,21,00,00,00,00,01,
9408001,0000010C,false,Rx,0,8,F1,01,00,00,43,48,44,44,
9408280,0000010D,false,Rx,0,8,AE,02,00,00,00,00,00,35,
9408531,0000010E,false,Rx,0,8,00,00,0A,00,00,00,00,00,
9409684,000000C5,false,Rx,1,8,00,00,00,00,00,00,00,00,
9409947,00000244,false,Rx,1,8,00,00,00,00,00,00,00,00,
9410220,000004B4,false,Rx,1,8,01,00,0D,40,10,60,44,02,
9410548,00000036,false,Rx,0,8,65,F6,21,05,10,00,24,05,
9410768,000004B5,false,Rx,1,8,08,00,F0,07,00,00,00,00,
9410867,00000037,false,Rx,0,8,00,00,00,10,00,40,00,00,
9410946,000004B7,false,Rx,1,8,08,00,F0,07,00,00,00,00,
9411262,00000038,false,Rx,0,8,02,05,00,00,20,39,11,00,
9411340,000004CA,false,Rx,1,8,00,00,00,00,00,00,00,00,
9411529,000004CC,false,Rx,1,8,08,00,00,2A,00,00,03,00,
9411707,00000039,false,Rx,0,8,00,00,00,00,00,00,00,00,
9412005,000004CE,false,Rx,1,8,14,01,FF,FF,FF,FF,FF,FF,
9412492,000004D7,false,Rx,1,8,23,01,00,00,00,00,00,00,
9412966,000004D8,false,Rx,1,8,41,10,F6,F0,40,F2,1E,CC,
9413190,00000448,false,Rx,0,8,7F,00,00,00,00,00,00,00,
9413320,000004DD,false,Rx,1,8,00,00,00,00,04,00,00,00,
9413515,000004DF,false,Rx,1,8,00,00,08,00,00,00,00,00,
9413683,000000A1,false,Rx,0,8,BF,2F,30,8A,D4,EC,A2,00,
9414028,00000121,false,Rx,0,8,D4,03,22,00,00,00,00,01,
9414115,000004E9,false,Rx,1,8,00,00,00,00,00,00,00,00,
9414162,000000A2,false,Rx,0,8,00,00,00,00,00,00,00,00,
9414278,000004EA,false,Rx,1,8,00,00,00,00,00,00,00,00,
9414387,00000122,false,Rx,0,8,F3,01,00,00,44,44,44,44,
9414671,000000A3,false,Rx,0,8,00,40,01,00,00,00,00,00,
9414750,000004EB,false,Rx,1,8,04,68,2B,0E,00,00,00,00,
9414923,00000123,false,Rx,0,8,BD,02,00,00,00,00,00,35,
9415240,000004EC,false,Rx,1,8,FF,FF,FF,FF,FF,FF,FF,0F,
9415378,00000124,false,Rx,0,8,00,00,0A,00,00,00,00,00,
9415739,000004ED,false,Rx,1,8,FF,FF,FF,FF,FF,FF,FF,1F,
9416224,000004EE,false,Rx,1,8,FF,FF,00,00,00,00,00,00,
9416704,000004EF,false,Rx,1,8,60,00,60,00,29,14,00,00,
9417188,0000063D,false,Rx,1,8,00,80,00,00,00,00,00,00,
9417704,0000063E,false,Rx,1,8,FF,FF,FF,FF,FF,FF,FF,FF,
9417986,0000063F,false,Rx,1,8,00,10,00,C4,FF,00,00,00,
9418261,00000640,false,Rx,1,8,FF,FF,FF,00,FF,FF,FF,00,
9418523,00000641,false,Rx,1,8,FF,FF,FF,FF,0F,FF,FF,FF,
9418672,0000019B,false,Rx,0,8,C2,1B,12,00,00,E4,00,00,
9419002,0000019C,false,Rx,0,8,40,20,00,00,00,00,0B,09,
9419550,0000019D,false,Rx,0,8,00,10,00,06,00,00,00,00,
9419753,0000019E,false,Rx,0,8,15,23,00,00,00,32,00,00,
9421055,000000C7,false,Rx,1,8,00,00,00,00,00,00,00,00,
9421230,000004E7,false,Rx,1,8,00,30,00,00,00,00,69,00,
9424425,00000419,false,Rx,0,8,C2,20,AD,CD,C1,63,84,00,
9424584,00000226,false,Rx,0,8,9B,2C,57,FF,00,20,09,42,
9424882,000002FF,false,Rx,0,8,83,B9,00,F0,3F,00,00,00,
9425055,00000227,false,Rx,0,8,02,C4,07,09,00,F1,FF,07,
9425292,00000316,false,Rx,0,8,71,CC,2D,04,00,80,0A,00,
9425522,00000472,false,Rx,0,8,5C,EC,00,40,08,41,00,45,
9425782,00000317,false,Rx,0,8,00,00,05,00,00,00,00,00,
9426011,00000473,false,Rx,0,8,5F,24,00,25,00,00,00,78,
9426307,00000474,false,Rx,0,8,53,98,00,00,00,00,00,10,
9427016,00000380,false,Rx,0,8,E2,43,00,00,00,00,00,01,
9427755,00000382,false,Rx,0,8,E1,B8,00,00,00,01,00,00,
9428621,00000383,false,Rx,0,8,AA,AA,00,00,00,0C,00,00,
9429509,000001E1,false,Rx,0,8,D2,58,08,02,00,00,00,00,
9429678,000001E2,false,Rx,0,8,00,00,00,00,00,00,00,00,
9430907,000004E8,false,Rx,1,8,FF,FF,FF,29,FF,FF,FF,00,
9431066,00000384,false,Rx,0,8,26,8F,00,00,00,00,00,01,
9435807,000003A1,false,Rx,0,8,73,71,4B,00,FF,FF,FF,FF,
9436013,000003A2,false,Rx,0,8,00,00,00,00,00,00,00,00,
9436445,0000042A,false,Rx,0,8,BB,4A,00,01,00,10,00,00,
9438186,000001F1,false,Rx,0,8,E5,8D,0A,01,00,00,28,00,
9438411,000001F2,false,Rx,0,8,00,00,00,00,00,00,00,00,
9438761,0000011B,false,Rx,0,8,29,E2,29,05,80,08,A8,02,
9439010,0000012B,false,Rx,0,8,6E,18,29,06,00,00,08,00,
9439256,0000011C,false,Rx,0,8,00,05,20,00,22,00,01,01,
9439500,0000012C,false,Rx,0,8,00,00,01,00,00,64,00,00,
9440723,00000091,false,Rx,0,8,F6,DE,01,00,00,00,00,00,
9440960,00000092,false,Rx,0,8,00,00,00,00,00,00,00,00,
9441058,00000646,false,Rx,1,8,00,00,00,80,01,00,00,00,
9441224,00000093,false,Rx,0,8,00,00,00,00,00,00,00,00,
9441696,00000094,false,Rx,0,8,00,00,00,00,00,00,00,00,
9446149,000002D6,false,Rx,0,8,2F,ED,01,00,00,00,00,00,
9446309,000002EB,false,Rx,0,8,FA,11,01,09,00,E1,01,00,
9446563,000002D7,false,Rx,0,8,00,00,00,00,03,00,00,00,
9446821,000002EC,false,Rx,0,8,20,00,00,00,00,00,00,00,
9447058,000002D8,false,Rx,0,8,00,00,00,00,00,00,38,44,
9447306,000002ED,false,Rx,0,8,00,00,00,00,00,00,00,00,
9447569,000002D9,false,Rx,0,8,00,00,00,00,00,00,00,00,
9447801,000002EE,false,Rx,0,8,00,00,00,00,00,00,00,00,
9449318,00000419,false,Rx,0,8,10,30,AD,CD,D5,63,84,00,
9449497,000001FB,false,Rx,0,8,D1,56,04,00,00,00,00,00,
9449764,000001FC,false,Rx,0,8,00,00,00,00,00,00,00,00,
9450015,000001FD,false,Rx,0,8,00,1A,03,00,00,00,00,00,
9450271,000001FE,false,Rx,0,8,00,00,00,00,00,00,00,00,
9450594,00000251,false,Rx,0,8,F3,09,03,00,00,00,00,00,
9450826,000000C7,false,Rx,1,8,00,00,00,E0,07,00,00,00,
9450903,000000FF,false,Rx,0,8,CB,10,00,00,00,00,02,00,
9451105,00000252,false,Rx,0,8,00,00,00,00,03,00,00,00,
9451590,00000253,false,Rx,0,8,00,00,00,00,00,00,80,46,
9451815,00000394,false,Rx,0,8,2A,22,1A,49,00,00,00,00,
9452047,000003C3,false,Rx,0,8,45,10,31,30,36,00,00,00,
9452286,00000396,false,Rx,0,8,DF,15,01,0F,00,BF,01,00,
9452532,000003E0,false,Rx,0,8,8F,30,01,00,10,04,00,00,
9452775,00000397,false,Rx,0,8,0C,00,00,00,00,00,00,00,
9453022,000003E5,false,Rx,0,8,37,80,01,00,00,00,00,00,
9453255,00000061,false,Rx,0,8,BE,6C,34,00,00,05,00,00,
9453519,00000398,false,Rx,0,8,00,00,00,00,00,00,00,00,
9453755,00000062,false,Rx,0,8,02,02,00,01,40,FF,00,FF,
9454001,000003E6,false,Rx,0,8,A1,40,00,00,00,00,00,00,
9454242,00000063,false,Rx,0,8,C9,00,15,00,00,08,FF,00,
9454490,0000041A,false,Rx,0,8,5B,80,12,00,50,00,00,00,
9454730,00000064,false,Rx,0,8,04,00,00,04,FF,FA,00,00,
9454989,0000041B,false,Rx,0,8,BE,70,00,00,00,00,00,00,
9455246,0000041C,false,Rx,0,8,84,D0,E8,00,00,00,00,00,
9455513,00000422,false,Rx,0,8,FA,20,01,00,00,00,04,00,
9455767,00000432,false,Rx,0,8,03,20,02,00,00,00,00,00,
9456148,00000435,false,Rx,0,8,AD,40,00,50,00,00,00,FF,
9456433,00000442,false,Rx,0,8,CE,20,11,81,00,00,00,00,
9456674,000002E6,false,Rx,0,8,4C,48,03,01,00,00,00,15,
9456905,00000256,false,Rx,0,8,EE,62,03,05,01,00,00,00,
9457162,000002E7,false,Rx,0,8,0A,00,00,00,00,00,00,00,
9457396,00000257,false,Rx,0,8,00,7C,00,00,83,04,81,79,
9457678,0000010B,false,Rx,0,8,9F,4F,26,00,00,00,00,01,
9457884,00000258,false,Rx,0,8,00,50,19,00,10,15,00,28,
9458112,0000010C,false,Rx,0,8,F7,01,00,00,43,48,44,44,
9458350,00000259,false,Rx,0,8,ED,03,12,3C,E8,01,00,00,
9458596,0000010D,false,Rx,0,8,E6,02,00,00,00,00,00,35,
9458845,000002E8,false,Rx,0,8,00,00,00,00,00,00,00,00,
9459083,0000010E,false,Rx,0,8,00,00,0A,00,00,00,00,00,
9459332,000002E9,false,Rx,0,8,00,00,00,00,00,00,00,00,
9459613,0000036F,false,Rx,0,8,20,41,01,00,00,00,00,00,
9459821,000003B6,false,Rx,0,8,71,ED,01,00,00,00,00,44,
9460065,00000036,false,Rx,0,8,96,68,26,05,10,00,24,05,
9460557,0000037F,false,Rx,0,8,9B,30,52,24,41,02,00,00,
9460636,00000037,false,Rx,0,8,00,00,00,10,00,40,00,00,
9460809,000003B7,false,Rx,0,8,43,00,00,00,00,00,00,00,
9461509,00000038,false,Rx,0,8,02,05,00,00,20,39,11,00,
9461896,000004E7,false,Rx,1,8,00,30,00,00,00,00,69,00,
9462577,000003B8,false,Rx,0,8,8B,02,00,00,00,00,69,0E,
9462710,00000039,false,Rx,0,8,00,00,00,00,00,00,00,00,
9462754,00000146,false,Rx,0,8,4C,BD,06,10,04,01,00,00,
9462801,000003B9,false,Rx,0,8,00,00,00,00,00,00,00,00,
9462857,00000147,false,Rx,0,8,00,04,7D,00,40,00,00,00,
9462942,00000444,false,Rx,0,8,1B,50,30,4F,05,05,00,00,
9463226,00000148,false,Rx,0,8,00,00,00,00,00,7B,40,05,
9463344,000001B1,false,Rx,0,8,79,35,06,00,72,00,00,00,
9463432,00000149,false,Rx,0,8,00,00,00,00,00,00,00,00,
9463475,000001B2,false,Rx,0,8,23,00,04,0E,8A,01,50,0F,
9463697,000000A1,false,Rx,0,8,B0,C4,35,8A,D4,EC,A2,00,
9463940,00000121,false,Rx,0,8,72,F1,27,00,00,00,00,01,
9464165,000000A2,false,Rx,0,8,00,00,00,00,00,00,00,00,
9464437,00000122,false,Rx,0,8,F8,01,00,00,44,44,44,44,
9464650,000000A3,false,Rx,0,8,00,40,01,00,00,00,00,00,
9464884,00000123,false,Rx,0,8,E8,02,00,00,00,00,00,35,
9465123,000001B3,false,Rx,0,8,8B,2B,00,00,65,7F,71,7B,
9465366,00000124,false,Rx,0,8,00,00,0A,00,00,00,00,00,
9465614,000001B4,false,Rx,0,8,68,78,17,00,00,40,00,00,
9465702,00000563,false,Rx,1,8,65,02,00,00,00,00,FF,FF,
9465863,00000445,false,Rx,0,8,7F,D0,00,00,00,00,00,18,
9466341,00000464,false,Rx,0,8,6C,30,F0,FF,38,7F,05,00,
9468355,0000019B,false,Rx,0,8,BD,37,17,00,00,E4,00,00,
9468601,0000019C,false,Rx,0,8,40,20,00,00,00,00,0B,09,
9468870,0000019D,false,Rx,0,8,00,10,00,06,00,00,00,00,
9469110,0000019E,false,Rx,0,8,15,23,00,00,00,32,00,00,
9481016,00000646,false,Rx,1,8,00,00,00,80,01,00,00,00,
9484418,00000419,false,Rx,0,8,15,40,F0,CD,D5,63,84,00,
9488850,0000011B,false,Rx,0,8,B6,8A,2E,05,80,08,A8,02,
9489057,0000011C,false,Rx,0,8,00,05,20,00,22,00,01,01,
9489293,0000012B,false,Rx,0,8,F1,70,2E,06,00,00,08,00,
9489562,0000012C,false,Rx,0,8,00,00,01,00,00,64,00,00,
9489853,00000161,false,Rx,0,8,BB,9C,17,03,00,00,00,02,
9490105,00000162,false,Rx,0,8,FF,FC,01,00,00,00,00,00,
9490691,000000C7,false,Rx,1,8,00,00,00,E0,07,00,00,00,
9498938,000001A1,false,Rx,0,8,D5,00,17,FE,F7,7F,64,00,
9499099,000001A2,false,Rx,0,8,00,00,00,00,00,08,00,00,
9499398,000001A3,false,Rx,0,8,FF,F3,3F,00,00,00,00,00,
9499610,000001A4,false,Rx,0,8,FE,07,00,00,00,00,00,00,
9500754,00000487,false,Rx,1,8,00,00,00,00,00,00,00,00,
9501044,00000642,false,Rx,1,8,FF,FF,FF,FF,FF,FF,00,00,
9503237,00000061,false,Rx,0,8,B3,AA,39,00,00,05,00,00,
9503437,00000062,false,Rx,0,8,02,02,00,01,40,FF,00,FF,
9503683,000002BF,false,Rx,0,8,FF,FF,FF,00,00,00,00,00,
9503924,00000063,false,Rx,0,8,C9,00,15,00,00,08,FF,00,
9504167,0000047F,false,Rx,0,8,FF,FF,FF,FF,FF,FF,FF,FF,
9504407,00000064,false,Rx,0,8,04,00,00,04,FF,FA,00,00,
9504890,000001AB,false,Rx,0,8,6F,A6,AF,40,70,90,00,00,
9504993,00000653,false,Rx,0,8,0A,19,03,01,02,2A,00,00,
9505215,000001AC,false,Rx,0,8,00,28,00,00,00,00,00,00,
9507829,0000010B,false,Rx,0,8,E4,DA,2B,00,00,00,00,01,
9508091,0000010C,false,Rx,0,8,FB,01,00,00,43,48,44,44,
9508136,0000010D,false,Rx,0,8,ED,02,00,00,00,00,00,35,
9508405,0000010E,false,Rx,0,8,00,00,0A,00,00,00,00,00,
9510039,00000236,false,Rx,0,8,71,D2,04,10,30,63,34,6C,
9510134,00000036,false,Rx,0,8,9B,AE,2B,05,10,00,24,05,
9510294,00000237,false,Rx,0,8,00,04,94,00,00,5D,1D,00,
9510526,00000037,false,Rx,0,8,00,00,00,10,00,40,00,00,
9510918,00000151,false,Rx,0,8,F8,B1,04,A0,C8,00,28,15,
9511241,00000038,false,Rx,0,8,02,05,00,00,20,39,11,00,
9511530,00000152,false,Rx,0,8,12,14,14,00,00,00,00,00,
9511623,00000039,false,Rx,0,8,00,00,00,00,00,00,00,00,
9511956,00000153,false,Rx,0,8,00,00,00,00,00,00,00,00,
9512197,00000238,false,Rx,0,8,00,00,8F,00,00,00,00,00,
9512258,00000154,false,Rx,0,8,00,00,00,00,00,00,00,00,
9512745,000001F6,false,Rx,0,8,AB,97,04,00,00,00,00,0C,
9512804,000002FB,false,Rx,0,8,65,B9,04,00,8F,14,C3,C3,
9512943,000001F7,false,Rx,0,8,00,00,00,00,00,00,00,00,
9513366,000002FC,false,Rx,0,8,02,00,12,15,00,00,79,96,
9513911,000001F8,false,Rx,0,8,00,00,00,00,00,00,00,00,
9513971,000000A1,false,Rx,0,8,80,E9,3A,8A,D4,EC,A2,00,
9514017,00000121,false,Rx,0,8,DE,14,2C,00,00,00,00,01,
9514306,000000A2,false,Rx,0,8,00,00,00,00,00,00,00,00,
9514383,00000122,false,Rx,0,8,FB,01,00,00,44,44,44,44,
9514622,000000A3,false,Rx,0,8,00,40,01,00,00,00,00,00,
9514866,00000123,false,Rx,0,8,ED,02,00,00,00,00,00,35,
9515108,000001F9,false,Rx,0,8,00,00,A0,C8,14,00,00,00,
9515347,00000124,false,Rx,0,8,00,00,0A,00,00,00,00,00,
9515620,00000239,false,Rx,0,8,00,00,00,00,01,00,00,00,
9515853,000002FD,false,Rx,0,8,00,00,00,00,00,1C,10,EA,
9516083,0000025B,false,Rx,0,8,7B,D6,04,40,40,20,00,00,
9516324,000002FE,false,Rx,0,8,00,00,72,01,00,28,00,00,
9516594,0000025C,false,Rx,0,8,00,00,00,00,FF,FF,14,00,
9516818,00000326,false,Rx,0,8,03,02,04,00,10,00,00,00,
9517066,0000025D,false,Rx,0,8,00,C8,00,00,00,80,C0,70,
9517303,00000327,false,Rx,0,8,00,00,00,00,01,00,00,00,
9517581,0000025E,false,Rx,0,8,51,07,0E,07,00,00,00,00,
9518015,00000328,false,Rx,0,8,00,00,00,00,00,00,00,00,
9518344,00000329,false,Rx,0,8,A0,00,00,00,00,00,00,00,
9518629,00000331,false,Rx,0,8,B3,A1,04,F1,C8,A0,2C,97,
9519040,0000019B,false,Rx,0,8,05,36,1C,00,00,E4,00,00,
9519122,00000332,false,Rx,0,8,00,00,00,00,00,00,00,00,
9519173,0000019C,false,Rx,0,8,40,20,00,00,00,00,0B,09,
9519275,00000333,false,Rx,0,8,00,00,00,1C,0C,40,20,A0,
9519621,0000019D,false,Rx,0,8,00,10,00,06,00,00,00,00,
9519785,00000334,false,Rx,0,8,C8,00,00,00,00,00,00,00,
9519994,0000019E,false,Rx,0,8,15,23,00,00,00,32,00,00,
9524785,00000419,false,Rx,0,8,15,40,F0,CD,D5,63,84,00,
9530787,000000C7,false,Rx,1,8,00,00,00,E0,07,00,00,00,
9538961,0000012B,false,Rx,0,8,88,6A,33,06,00,00,08,00,
9539053,0000011B,false,Rx,0,8,CF,90,33,05,80,08,A8,02,
9539215,0000012C,false,Rx,0,8,00,00,01,00,00,64,00,00,
9539522,0000011C,false,Rx,0,8,00,05,20,00,22,00,01,01,
9539961,000001E6,false,Rx,0,8,D0,27,05,C2,03,64,64,00,
9540031,000001BB,false,Rx,0,8,B3,54,05,C2,03,64,64,0A,
9540225,000001BC,false,Rx,0,8,32,00,00,00,02,00,00,00,
9540514,000001BD,false,Rx,0,8,00,00,00,00,00,00,00,00,
9540752,000001E7,false,Rx,0,8,00,00,22,03,00,01,00,00,
9540860,000004A3,false,Rx,1,8,80,00,48,0B,3E,00,00,00,
9540999,00000091,false,Rx,0,8,3C,35,02,00,00,00,00,00,
9541234,000004A4,false,Rx,1,8,FF,FF,FF,00,00,00,00,00,
9541486,00000092,false,Rx,0,8,00,00,00,00,00,00,00,00,
9541990,00000093,false,Rx,0,8,00,00,00,00,00,00,00,00,
9542226,00000094,false,Rx,0,8,00,00,00,00,00,00,00,00,
9547160,0000033B,false,Rx,0,8,60,1F,6A,00,00,00,00,00,
9547263,0000033C,false,Rx,0,8,00,00,00,00,F0,00,00,00,
9547640,00000356,false,Rx,0,8,13,12,B5,00,00,00,00,00,
9547784,0000033D,false,Rx,0,8,00,00,00,00,00,00,00,00,
9548133,00000357,false,Rx,0,8,00,00,00,00,00,4B,4D,48,
9548284,0000033E,false,Rx,0,8,00,00,00,00,00,00,00,00,
9548476,00000358,false,Rx,0,8,35,41,45,4D,52,37,33,4F,
9548731,00000359,false,Rx,0,8,51,4F,34,52,4A,35,33,00,
9549497,00000419,false,Rx,0,8,11,50,F0,CD,E9,63,84,00,
9551404,000002AB,false,Rx,0,8,D9,80,05,0C,0C,00,00,00,
9551627,000003B0,false,Rx,0,8,72,37,FF,C7,00,00,03,C0,
9551676,000002AC,false,Rx,0,8,00,FF,FF,00,00,40,00,50,
9551738,000003B1,false,Rx,0,8,9B,3C,FF,40,00,00,20,00,
9552223,000002AD,false,Rx,0,8,00,01,00,40,FF,FF,FF,0F,
9552324,000002AE,false,Rx,0,8,00,00,FF,3F,00,01,00,00,
9552636,000002B6,false,Rx,0,8,08,3F,05,00,01,00,00,40,
9553024,000003B2,false,Rx,0,8,36,15,FF,02,29,2F,34,00,
9553258,000002B7,false,Rx,0,8,00,00,D8,01,00,04,00,00,
9553318,00000061,false,Rx,0,8,40,34,3E,00,00,05,00,00,
9553491,000002B8,false,Rx,0,8,00,00,00,00,00,00,00,00,
9553728,00000062,false,Rx,0,8,02,02,00,01,40,FF,00,FF,
9553975,000002B9,false,Rx,0,8,0A,00,00,00,00,00,00,00,
9554219,00000063,false,Rx,0,8,C9,00,15,00,00,08,FF,00,
9554459,000002C1,false,Rx,0,8,D9,7A,03,00,00,41,00,A1,
9554697,00000064,false,Rx,0,8,04,00,00,04,FF,FA,00,00,
9554963,000002C2,false,Rx,0,8,40,00,00,00,00,00,00,00,
9555188,00000427,false,Rx,0,8,1D,86,FF,00,80,0A,00,00,
9555706,000002C3,false,Rx,0,8,00,00,00,00,00,00,00,00,
9556032,000002C4,false,Rx,0,8,00,00,00,00,00,00,00,00,
9556583,000002E1,false,Rx,0,8,52,C4,05,00,00,00,00,00,
9556736,000002E2,false,Rx,0,8,00,00,00,00,00,7E,00,04,
9556798,000002E3,false,Rx,0,8,00,00,00,00,00,00,72,01,
9556851,000002E4,false,Rx,0,8,02,00,00,00,00,00,00,00,
9557552,0000010B,false,Rx,0,8,CE,C6,30,00,00,00,00,01,
9557739,0000010C,false,Rx,0,8,FD,01,00,00,43,48,44,44,
9558061,0000010D,false,Rx,0,8,EE,02,00,00,00,00,00,35,
9558480,0000010E,false,Rx,0,8,00,00,0A,00,00,00,00,00,
9558824,00000111,false,Rx,0,8,19,77,04,01,00,00,00,00,
9559322,00000112,false,Rx,0,8,00,00,00,00,00,00,00,00,
9559370,00000113,false,Rx,0,8,00,00,00,00,00,00,00,00,
9559420,00000114,false,Rx,0,8,00,00,00,00,00,00,00,00,
9559565,0000036F,false,Rx,0,8,99,51,01,00,00,00,00,00,
9559799,0000037F,false,Rx,0,8,93,40,52,24,41,02,00,00,
9560093,00000036,false,Rx,0,8,E6,6B,30,05,10,00,24,05,
9560390,00000037,false,Rx,0,8,00,00,00,10,00,40,00,00,
9560590,00000038,false,Rx,0,8,02,05,00,00,20,39,11,00,
9560879,00000039,false,Rx,0,8,00,00,00,00,00,00,00,00,
9561583,00000146,false,Rx,0,8,41,7B,0B,10,04,01,00,00,
9561871,00000147,false,Rx,0,8,00,04,7D,00,40,00,00,00,
9562108,00000148,false,Rx,0,8,00,00,00,00,00,7B,40,05,
9562382,00000149,false,Rx,0,8,00,00,00,00,00,00,00,00,
9562602,000001B1,false,Rx,0,8,74,F3,0B,00,72,00,00,00,
9562864,000001B2,false,Rx,0,8,23,00,04,0E,8A,01,50,0F,
9563085,000001B3,false,Rx,0,8,8B,2B,00,00,65,7F,71,7B,
9563365,000001B4,false,Rx,0,8,68,78,17,00,00,40,00,00,
9563711,000000A1,false,Rx,0,8,8F,02,3F,8A,D4,EC,A2,00,
9563950,000000A2,false,Rx,0,8,00,00,00,00,00,00,00,00,
9564686,00000121,false,Rx,0,8,41,CF,31,00,00,00,00,01,
9565029,000000A3,false,Rx,0,8,00,40,01,00,00,00,00,00,
9565106,00000122,false,Rx,0,8,FD,01,00,00,44,44,44,44,
9565162,00000123,false,Rx,0,8,EE,02,00,00,00,00,00,35,
9565482,00000565,false,Rx,0,8,66,02,00,00,00,00,FF,FF,
9565686,00000124,false,Rx,0,8,00,00,0A,00,00,00,00,00,
9566199,00000401,false,Rx,0,8,28,40,10,00,00,01,00,00,
9568768,0000019B,false,Rx,0,8,66,AD,21,00,00,E4,00,00,
9568883,0000019C,false,Rx,0,8,40,20,00,00,00,00,0B,09,
9568925,0000019D,false,Rx,0,8,00,10,00,06,00,00,00,00,
9569112,0000019E,false,Rx,0,8,15,23,00,00,00,32,00,00,
9579473,000001E1,false,Rx,0,8,9F,B0,0B,02,00,00,00,00,
9579553,00000405,false,Rx,0,8,0C,50,00,00,00,01,00,00,
9579956,000001E2,false,Rx,0,8,00,00,00,00,00,00,00,00,
9580037,00000410,false,Rx,0,8,A3,90,53,3C,B4,6A,FF,FF,
9580425,00000411,false,Rx,0,8,09,81,50,50,00,00,44,04,
9580742,00000412,false,Rx,0,8,F1,00,00,00,00,00,04,00,
9581073,00000413,false,Rx,0,8,F5,10,00,41,00,00,00,00,
9581306,00000414,false,Rx,0,8,87,A0,00,00,28,00,00,00,
9581524,00000416,false,Rx,0,8,55,00,00,00,00,00,00,00,
9581899,00000417,false,Rx,0,8,38,70,00,00,00,00,00,00,
9582798,00000418,false,Rx,0,8,AF,40,00,00,12,4C,00,00,
9584900,00000419,false,Rx,0,8,E2,60,15,CE,E9,63,84,00,
9588185,000001F1,false,Rx,0,8,7A,E5,0D,01,00,00,28,00,
9588374,000001F2,false,Rx,0,8,00,00,00,00,00,00,00,00,
9589223,0000011B,false,Rx,0,8,07,69,38,05,80,08,A8,02,
9589346,0000012B,false,Rx,0,8,40,93,38,06,00,00,08,00,
9589407,0000011C,false,Rx,0,8,00,05,20,00,22,00,01,01,
9589566,0000012C,false,Rx,0,8,00,00,01,00,00,64,00,00,
9589791,00000161,false,Rx,0,8,73,65,1C,03,00,00,00,02,
9590038,00000162,false,Rx,0,8,FF,FC,01,00,00,00,00,00,
9595674,000003AA,false,Rx,0,8,FF,00,D0,00,54,00,00,00,
9599085,000001A1,false,Rx,0,8,6D,01,1C,FE,F7,7F,64,00,
9599180,000001A2,false,Rx,0,8,00,00,00,00,00,08,00,00,
9599566,000001A3,false,Rx,0,8,FF,F3,3F,00,00,00,00,00,
9599636,000001A4,false,Rx,0,8,FE,07,00,00,00,00,00,00,
9602140,00000475,false,Rx,0,8,12,00,00,00,00,00,00,00,
9602235,00000496,false,Rx,0,8,12,00,00,00,00,00,00,00,
9602664,0000030B,false,Rx,0,8,20,90,6A,00,04,00,00,00,
9602750,0000030C,false,Rx,0,8,00,00,0C,23,2C,00,A0,0F,
9602997,0000030D,false,Rx,0,8,00,00,00,00,FF,00,00,00,
9603425,00000061,false,Rx,0,8,54,8C,43,00,00,05,00,00,
9603759,0000030E,false,Rx,0,8,00,00,28,05,21,00,00,FE,
9603901,00000062,false,Rx,0,8,02,02,00,01,40,FF,00,FF,
9603951,00000063,false,Rx,0,8,C9,00,15,00,00,08,FF,00,
9604264,00000495,false,Rx,0,8,49,00,00,00,00,00,00,00,
9604445,00000064,false,Rx,0,8,04,00,00,04,FF,FA,00,00,
9604663,000001AB,false,Rx,0,8,AD,7C,B4,40,70,90,00,00,
9604916,000001AC,false,Rx,0,8,00,28,00,00,00,00,00,00,
9607785,0000010B,false,Rx,0,8,33,0E,35,00,00,00,00,01,
9608279,0000010C,false,Rx,0,8,FE,01,00,00,43,48,44,44,
9608485,0000010D,false,Rx,0,8,EE,02,00,00,00,00,00,35,
9608539,0000010E,false,Rx,0,8,00,00,0A,00,00,00,00,00,
9610595,00000036,false,Rx,0,8,99,47,35,05,10,00,24,05,
9610773,00000037,false,Rx,0,8,00,00,00,10,00,40,00,00,
9610828,00000038,false,Rx,0,8,02,05,00,00,20,39,11,00,
9610879,00000039,false,Rx,0,8,00,00,00,00,00,00,00,00,
9611832,000000C5,false,Rx,1,8,00,00,00,00,00,00,00,00,
9612522,00000244,false,Rx,1,8,00,00,00,00,00,00,00,00,
9612711,0000041F,false,Rx,1,8,00,0C,00,00,00,00,00,00,
9613014,000004B4,false,Rx,1,8,01,00,0D,40,10,60,44,02,
9614025,00000448,false,Rx,0,8,7F,00,00,00,00,00,00,00,
9614276,000004B5,false,Rx,1,8,08,00,F0,07,00,00,00,00,
9614525,000004B7,false,Rx,1,8,08,00,F0,07,00,00,00,00,
9615400,000000A1,false,Rx,0,8,2B,22,44,8A,D4,EC,A2,00,
9615824,000004CA,false,Rx,1,8,00,00,00,00,00,00,00,00,
9616817,000004CC,false,Rx,1,8,08,00,00,2A,00,00,03,00,
9617298,000000A2,false,Rx,0,8,00,00,00,00,00,00,00,00,
9617366,00000121,false,Rx,0,8,30,B5,36,00,00,00,00,01,
9617466,000004CE,false,Rx,1,8,14,01,FF,FF,FF,FF,FF,FF,
9617509,000000A3,false,Rx,0,8,00,40,01,00,00,00,00,00,
9617551,00000122,false,Rx,0,8,FE,01,00,00,44,44,44,44,
9617603,000004D7,false,Rx,1,8,23,01,00,00,00,00,00,00,
9617657,000004D8,false,Rx,1,8,41,10,F6,F0,40,F2,1E,CC,
9617756,00000123,false,Rx,0,8,EE,02,00,00,00,00,00,35,
9617808,000004DD,false,Rx,1,8,00,00,00,00,04,00,00,00,
9617860,00000124,false,Rx,0,8,00,00,0A,00,00,00,00,00,
9617906,000004DF,false,Rx,1,8,00,00,08,00,00,00,00,00,
9617973,000004E7,false,Rx,1,8,00,30,00,00,00,00,69,00,
9618019,000004E8,false,Rx,1,8,FF,FF,FF,29,FF,FF,FF,00,
9618065,000004E9,false,Rx,1,8,00,00,00,00,00,00,00,00,
9618629,000004EA,false,Rx,1,8,00,00,00,00,00,00,00,00,
9618938,000004EB,false,Rx,1,8,04,68,2B,0E,00,00,00,00,
9619982,000004EC,false,Rx,1,8,FF,FF,FF,FF,FF,FF,FF,0F,
9620113,000004ED,false,Rx,1,8,FF,FF,FF,FF,FF,FF,FF,1F,
9620210,000004EE,false,Rx,1,8,FF,FF,00,00,00,00,00,00,
9620278,0000019B,false,Rx,0,8,95,33,26,00,00,E4,00,00,
9620335,000004EF,false,Rx,1,8,60,00,60,00,29,14,00,00,
9620540,0000019C,false,Rx,0,8,40,20,00,00,00,00,0B,09,
9620604,0000063D,false,Rx,1,8,00,80,00,00,00,00,00,00,
9620654,0000019D,false,Rx,0,8,00,10,00,06,00,00,00,00,
9620736,0000063E,false,Rx,1,8,FF,FF,FF,FF,FF,FF,FF,FF,
9620780,0000019E,false,Rx,0,8,15,23,00,00,00,32,00,00,
9620828,0000063F,false,Rx,1,8,00,10,00,C4,FF,00,00,00,
9620894,00000640,false,Rx,1,8,FF,FF,FF,00,FF,FF,FF,00,
9620951,00000641,false,Rx,1,8,FF,FF,FF,FF,0F,FF,FF,FF,
9621362,00000646,false,Rx,1,8,00,00,00,80,01,00,00,00,
9624436,00000419,false,Rx,0,8,E2,60,15,CE,E9,63,84,00,
9624555,00000226,false,Rx,0,8,A5,FD,59,FF,00,20,09,42,
9624849,00000316,false,Rx,0,8,3C,24,2E,04,00,80,0A,00,
9625028,00000227,false,Rx,0,8,02,C4,07,09,00,F1,FF,07,
9625308,00000317,false,Rx,0,8,00,00,05,00,00,00,00,00,
9625675,000003CB,false,Rx,0,8,36,14,00,F4,00,00,00,00,
9626022,00000472,false,Rx,0,8,5C,EC,00,40,08,41,00,45,
9626286,000003CC,false,Rx,0,8,36,31,34,30,33,34,31,00,
9626379,00000473,false,Rx,0,8,5F,24,00,25,00,00,00,78,
9626508,00000380,false,Rx,0,8,E2,43,00,00,00,00,00,01,
9626747,00000474,false,Rx,0,8,53,98,00,00,00,00,00,10,
9627555,00000382,false,Rx,0,8,E1,B8,00,00,00,01,00,00,
9628590,00000383,false,Rx,0,8,AA,AA,00,00,00,0C,00,00,
9629661,000002FF,false,Rx,0,8,83,B9,00,F0,3F,00,00,00,
9631366,00000384,false,Rx,0,8,26,8F,00,00,00,00,00,01,
9635785,000003A1,false,Rx,0,8,EC,19,4C,00,FF,FF,FF,FF,
9635890,000003A2,false,Rx,0,8,00,00,00,00,00,00,00,00,
9636793,0000042A,false,Rx,0,8,BB,4A,00,01,00,10,00,00,
9639285,0000012B,false,Rx,0,8,B6,BB,3D,06,00,00,08,00,
9639427,0000011B,false,Rx,0,8,F1,41,3D,05,80,08,A8,02,
9639494,0000012C,false,Rx,0,8,00,00,01,00,00,64,00,00,
9639709,0000011C,false,Rx,0,8,00,05,20,00,22,00,01,01,
9640911,00000091,false,Rx,0,8,7A,6C,03,00,00,00,00,00,
9641001,00000092,false,Rx,0,8,00,00,00,00,00,00,00,00,
9641324,00000093,false,Rx,0,8,00,00,00,00,00,00,00,00,
9641536,00000094,false,Rx,0,8,00,00,00,00,00,00,00,00,
9646303,000002D6,false,Rx,0,8,E5,06,02,00,00,00,00,00,
9646393,000002EB,false,Rx,0,8,59,5F,02,08,04,01,00,00,
9646585,000002D7,false,Rx,0,8,00,00,00,00,03,00,00,00,
9646829,000002EC,false,Rx,0,8,02,00,00,00,00,00,00,00,
9647073,000002D8,false,Rx,0,8,00,00,00,00,00,00,38,44,
9647323,000002ED,false,Rx,0,8,00,00,00,00,00,00,00,00,
9647572,000002D9,false,Rx,0,8,00,00,00,00,00,00,00,00,
9647819,000002EE,false,Rx,0,8,00,00,00,00,00,00,00,00,
9649257,00000419,false,Rx,0,8,AC,70,15,CE,F5,63,84,00,
9649437,000001FB,false,Rx,0,8,5D,E4,06,00,00,00,00,00,
9649721,000001FC,false,Rx,0,8,00,00,00,00,00,00,00,00,
9650006,000001FD,false,Rx,0,8,00,1A,03,00,00,00,00,00,
9650270,000001FE,false,Rx,0,8,00,00,00,00,00,00,00,00,
9650614,000000FF,false,Rx,0,8,CB,10,00,00,00,00,02,00,
9650865,00000251,false,Rx,0,8,8D,31,05,00,00,00,00,00,
9651128,00000252,false,Rx,0,8,00,00,00,00,03,00,00,00,
9651376,00000394,false,Rx,0,8,2A,22,1A,49,00,00,00,00,
9651618,00000253,false,Rx,0,8,00,00,00,52,00,00,80,46,
9651868,000003C3,false,Rx,0,8,45,10,31,30,36,00,00,00,
9652111,00000396,false,Rx,0,8,CC,7E,02,0F,04,01,00,00,
9652341,000003E0,false,Rx,0,8,8F,30,01,00,10,04,00,00,
9652578,00000397,false,Rx,0,8,35,00,00,00,00,00,00,00,
9652847,000003E5,false,Rx,0,8,37,80,01,00,00,00,00,00,
9653078,00000398,false,Rx,0,8,00,00,00,00,00,00,00,00,
9653319,00000061,false,Rx,0,8,EC,8D,48,00,00,05,00,00,
9653557,000003E6,false,Rx,0,8,A1,40,00,00,00,00,00,00,
9653826,00000062,false,Rx,0,8,02,02,00,01,40,FF,00,FF,
9654047,0000041A,false,Rx,0,8,5B,80,12,00,50,00,00,00,
9654291,00000063,false,Rx,0,8,C9,00,15,00,00,08,FF,00,
9654536,0000041B,false,Rx,0,8,BE,70,00,00,00,00,00,00,
9654805,00000064,false,Rx,0,8,04,00,00,04,FF,FA,00,00,
9655030,0000041C,false,Rx,0,8,84,D0,E8,00,00,00,00,00,
9655293,00000422,false,Rx,0,8,FA,20,01,00,00,00,04,00,
9655543,00000432,false,Rx,0,8,03,20,02,00,00,00,00,00,
9655829,00000435,false,Rx,0,8,AD,40,00,50,00,00,00,FF,
9656102,00000442,false,Rx,0,8,CE,20,11,81,00,00,00,00,
9656366,00000444,false,Rx,0,8,1B,50,30,4F,05,05,00,00,
9656605,00000256,false,Rx,0,8,FE,74,05,05,01,00,00,00,
9656858,000002E6,false,Rx,0,8,F9,8F,05,01,00,00,00,15,
9657101,00000257,false,Rx,0,8,00,7C,00,00,83,04,01,79,
9657339,000002E7,false,Rx,0,8,0A,00,00,00,00,00,00,00,
9657571,0000010B,false,Rx,0,8,B2,7A,3A,00,00,00,00,01,
9657847,00000258,false,Rx,0,8,00,14,1D,00,10,15,00,28,
9658058,0000010C,false,Rx,0,8,FE,01,00,00,43,48,44,44,
9658297,00000259,false,Rx,0,8,ED,03,12,3C,E8,01,00,00,
9658531,0000010D,false,Rx,0,8,EE,02,00,00,00,00,00,35,
9658798,000002E8,false,Rx,0,8,00,00,00,00,00,00,00,00,
9659031,0000010E,false,Rx,0,8,00,00,0A,00,00,00,00,00,
9659284,000002E9,false,Rx,0,8,00,00,00,00,00,00,00,00,
9659518,0000036F,false,Rx,0,8,4F,61,01,00,00,00,00,00,
9659778,000003B6,false,Rx,0,8,89,08,02,00,00,00,00,44,
9659997,0000037F,false,Rx,0,8,2A,50,52,24,41,02,00,00,
9660226,00000036,false,Rx,0,8,34,B8,3A,45,10,00,24,05,
9660475,000003B7,false,Rx,0,8,43,00,00,00,00,00,00,00,
9660718,00000037,false,Rx,0,8,00,00,00,10,00,40,00,00,
9660967,000003B8,false,Rx,0,8,E8,02,00,00,00,00,69,0E,
9661199,00000038,false,Rx,0,8,03,0B,00,00,20,39,11,00,
9661479,000003B9,false,Rx,0,8,00,00,00,00,00,00,00,00,
9661699,00000039,false,Rx,0,8,00,00,00,00,00,00,00,00,
9661944,00000146,false,Rx,0,8,3C,BE,10,10,04,01,00,00,
9662181,00000445,false,Rx,0,8,7F,D0,00,00,00,00,00,18,
9662477,00000147,false,Rx,0,8,00,04,7D,00,40,00,00,00,
9662666,000001B1,false,Rx,0,8,09,36,10,00,72,00,00,00,
9662909,00000148,false,Rx,0,8,00,00,00,00,00,7B,40,05,
9663152,000001B2,false,Rx,0,8,23,00,04,0E,8A,01,50,0F,
9663410,00000149,false,Rx,0,8,00,00,00,00,00,00,00,00,
9663637,000000A1,false,Rx,0,8,1D,61,49,8A,D4,EC,A2,00,
9663870,000001B3,false,Rx,0,8,8B,2B,00,00,65,7F,71,7B,
9664144,000000A2,false,Rx,0,8,00,00,00,00,00,00,00,00,
9664806,00000121,false,Rx,0,8,5C,DF,3B,00,00,00,00,01,
9664900,000000A3,false,Rx,0,8,00,40,01,00,00,00,00,00,
9664960,00000122,false,Rx,0,8,FF,01,00,00,44,44,44,44,
9665160,000001B4,false,Rx,0,8,68,78,17,00,00,40,00,00,
9665367,00000123,false,Rx,0,8,EE,02,00,00,00,00,00,35,
9665544,00000464,false,Rx,0,8,6C,30,F0,FF,38,7F,05,00,
9665933,00000124,false,Rx,0,8,00,00,0A,00,00,00,00,00,
9666035,00000566,false,Rx,0,8,16,02,00,00,00,00,FF,FF,
9668492,0000019B,false,Rx,0,8,98,F5,2B,00,00,E4,00,00,
9668582,0000019C,false,Rx,0,8,40,20,00,00,00,00,0B,09,
9668927,0000019D,false,Rx,0,8,00,10,00,06,00,00,00,00,
9669137,0000019E,false,Rx,0,8,15,23,00,00,00,32,00,00,
9684492,00000419,false,Rx,0,8,3C,80,21,CE,F5,63,84,00,
9688856,00000161,false,Rx,0,8,1E,39,21,03,00,00,00,02,
9688974,0000012B,false,Rx,0,8,9A,2B,42,06,00,00,08,00,
9689210,0000011B,false,Rx,0,8,DD,D1,42,05,80,08,A8,02,
9689455,0000012C,false,Rx,0,8,00,00,01,00,00,64,00,00,
9689706,0000011C,false,Rx,0,8,00,05,20,00,22,00,01,01,
9689942,00000162,false,Rx,0,8,FF,FC,01,00,00,00,00,00,
9690181,000001E6,false,Rx,0,8,A3,1E,08,C2,03,64,64,00,
9690414,000001BB,false,Rx,0,8,85,17,08,C2,03,64,64,0A,
9690667,000001BC,false,Rx,0,8,32,00,00,00,02,00,00,00,
9690944,000001BD,false,Rx,0,8,00,00,00,00,00,00,00,00,
9691194,000001E7,false,Rx,0,8,00,00,22,03,00,01,00,00,
9698949,000001A1,false,Rx,0,8,0E,9A,21,FE,F7,7F,64,00,
9699129,000001A2,false,Rx,0,8,00,00,00,00,00,08,00,00,
9699380,000001A3,false,Rx,0,8,FF,F3,3F,00,00,00,00,00,
9699633,000001A4,false,Rx,0,8,FE,07,00,00,00,00,00,00,
9702744,00000487,false,Rx,1,8,00,00,00,00,00,00,00,00,
9703068,00000642,false,Rx,1,8,FF,FF,FF,FF,FF,FF,00,00,
9703358,00000061,false,Rx,0,8,93,A1,4D,00,00,05,00,00,
9703507,000001AB,false,Rx,0,8,DE,45,B9,40,70,90,00,00,
9703791,00000062,false,Rx,0,8,02,02,00,01,40,FF,00,FF,
9704007,000001AC,false,Rx,0,8,00,28,00,00,00,00,00,00,
9704236,00000063,false,Rx,0,8,C9,00,15,00,00,08,FF,00,
9704494,000002BF,false,Rx,0,8,FF,FF,FF,00,00,00,00,00,
9704743,00000064,false,Rx,0,8,04,00,00,04,FF,FA,00,00,
9704990,0000047F,false,Rx,0,8,FF,FF,FF,FF,FF,FF,FF,FF,
9705477,00000653,false,Rx,0,8,0A,19,03,01,02,2A,00,00,
9707698,0000010B,false,Rx,0,8,AC,FA,3F,00,00,00,00,01,
9708125,0000010C,false,Rx,0,8,FF,01,00,00,43,48,44,44,
9708236,0000010D,false,Rx,0,8,EE,02,00,00,00,00,00,35,
9708411,0000010E,false,Rx,0,8,00,00,0A,00,00,00,00,00,
9709877,00000236,false,Rx,0,8,C1,80,06,10,30,63,34,6C,
9710030,00000036,false,Rx,0,8,4B,94,3F,45,10,00,24,05,
9710267,00000237,false,Rx,0,8,00,04,94,00,00,5D,1D,00,
9710516,00000037,false,Rx,0,8,00,00,00,10,00,40,00,00,
9710761,00000238,false,Rx,0,8,00,00,0C,00,00,00,00,00,
9710999,00000038,false,Rx,0,8,03,0B,00,00,20,39,11,00,
9711238,00000151,false,Rx,0,8,74,03,06,A0,C8,00,28,15,
9711478,00000039,false,Rx,0,8,00,00,00,00,00,00,00,00,
9711728,00000152,false,Rx,0,8,12,14,14,00,00,00,00,00,
9712039,00000239,false,Rx,0,8,00,00,00,00,01,00,00,00,
9712444,00000153,false,Rx,0,8,00,00,00,00,00,00,00,00,
9712775,000001F6,false,Rx,0,8,27,25,06,00,00,00,00,0C,
9713303,00000154,false,Rx,0,8,00,00,00,00,00,00,00,00,
9713374,000001F7,false,Rx,0,8,00,00,00,00,00,00,00,00,
9713472,000002FB,false,Rx,0,8,2F,97,06,00,0C,14,C3,C3,
9713531,000001F8,false,Rx,0,8,00,00,00,00,00,00,00,00,
9713722,000000A1,false,Rx,0,8,14,E4,4E,8A,D4,EC,A2,00,
9713947,000001F9,false,Rx,0,8,00,00,A0,C8,14,00,00,00,
9714185,000000A2,false,Rx,0,8,00,00,00,00,00,00,00,00,
9714421,00000121,false,Rx,0,8,FD,A0,40,00,00,00,00,01,
9714706,000000A3,false,Rx,0,8,00,40,01,00,00,00,00,00,
9714900,00000122,false,Rx,0,8,FF,01,00,00,44,44,44,44,
9715137,0000025B,false,Rx,0,8,F4,84,06,40,40,20,00,00,
9715378,00000123,false,Rx,0,8,EE,02,00,00,00,00,00,35,
9715639,0000025C,false,Rx,0,8,00,00,00,00,BD,68,14,00,
9715885,00000124,false,Rx,0,8,00,00,0A,00,00,00,00,00,
9716110,0000025D,false,Rx,0,8,00,C8,00,00,00,80,C0,70,
9716361,000002FC,false,Rx,0,8,00,00,12,15,00,00,79,96,
9716678,0000025E,false,Rx,0,8,47,07,0E,06,00,00,00,00,
9716892,000002FD,false,Rx,0,8,00,00,00,00,00,1C,10,EA,
9717129,000002FE,false,Rx,0,8,00,00,72,01,00,28,00,00,
9717384,00000326,false,Rx,0,8,8F,B0,06,00,10,00,00,00,
9717624,00000327,false,Rx,0,8,00,00,00,00,01,00,00,00,
9717926,00000328,false,Rx,0,8,00,00,00,00,00,00,00,00,
9718188,00000329,false,Rx,0,8,A0,00,00,00,00,00,00,00,
9718418,0000019B,false,Rx,0,8,E5,30,30,00,00,E4,00,00,
9718703,00000331,false,Rx,0,8,59,C2,06,F1,C8,A0,2C,97,
9718897,0000019C,false,Rx,0,8,40,20,00,00,00,00,0B,09,
9719197,00000332,false,Rx,0,8,00,00,00,00,00,00,00,00,
9719410,0000019D,false,Rx,0,8,00,10,00,06,00,00,00,00,
9719739,00000333,false,Rx,0,8,00,00,00,1C,0C,40,20,A0,
9720128,0000019E,false,Rx,0,8,15,23,00,00,00,32,00,00,
9720469,00000334,false,Rx,0,8,C8,00,00,00,5C,70,B7,8F,
9724560,00000419,false,Rx,0,8,3C,80,21,CE,F5,63,84,00,
9729368,000001E1,false,Rx,0,8,69,98,0E,02,00,00,00,00,
9729494,000001E2,false,Rx,0,8,00,00,00,00,00,00,00,00,
9738350,000001F1,false,Rx,0,8,03,FF,10,01,00,00,28,00,
9738455,000001F2,false,Rx,0,8,00,00,00,00,00,00,00,00,
9739050,0000011B,false,Rx,0,8,2B,F9,47,05,80,08,A8,02,
9739279,0000012B,false,Rx,0,8,6C,03,47,06,00,00,08,00,
9739510,0000011C,false,Rx,0,8,00,05,20,00,22,00,01,01,
9739754,0000012C,false,Rx,0,8,00,00,01,00,00,64,00,00,
9740765,00000091,false,Rx,0,8,89,F2,04,00,00,00,00,00,
9740969,00000092,false,Rx,0,8,00,00,00,00,00,00,00,00,
9741378,00000093,false,Rx,0,8,00,00,00,00,00,00,00,00,
9741622,00000094,false,Rx,0,8,00,00,00,00,00,00,00,00,
9743083,000004A3,false,Rx,1,8,80,00,48,0B,3E,00,00,00,
9743179,000004A4,false,Rx,1,8,FF,FF,FF,00,00,00,00,00,
9747070,0000033B,false,Rx,0,8,D5,D8,6C,00,00,00,00,00,
9747254,0000033C,false,Rx,0,8,00,00,00,00,F0,00,00,00,
9747483,00000356,false,Rx,0,8,D9,F9,B6,00,00,00,00,00,
9747740,0000033D,false,Rx,0,8,00,00,00,00,00,00,00,00,
9747973,00000357,false,Rx,0,8,00,00,00,00,00,4B,4D,48,
9748228,0000033E,false,Rx,0,8,00,00,00,00,00,00,00,00,
9748457,00000358,false,Rx,0,8,35,41,45,4D,52,37,33,4F,
9748693,00000359,false,Rx,0,8,51,4F,34,52,4A,35,33,00,
9751331,000003B0,false,Rx,0,8,72,37,FF,C7,00,00,03,C0,
9751392,000002AB,false,Rx,0,8,55,32,07,0C,0C,00,00,00,
9751590,000003B1,false,Rx,0,8,9B,3C,FF,40,00,00,20,00,
9751832,000002AC,false,Rx,0,8,00,FF,FF,00,00,40,00,50,
9752085,000002AD,false,Rx,0,8,00,01,00,40,FF,FF,FF,0F,
9752343,000002AE,false,Rx,0,8,00,00,FF,3F,00,01,00,00,
9752620,000002B6,false,Rx,0,8,84,8D,07,00,01,00,00,40,
9752870,000003B2,false,Rx,0,8,36,15,FF,02,29,2F,34,00,
9753121,000002B7,false,Rx,0,8,00,00,D8,01,00,04,00,00,
9753347,00000061,false,Rx,0,8,D7,11,52,00,00,05,00,00,
9753585,000002B8,false,Rx,0,8,00,00,00,00,00,00,00,00,
9753822,00000062,false,Rx,0,8,02,02,00,01,40,FF,00,FF,
9754089,000002B9,false,Rx,0,8,0A,00,00,00,00,00,00,00,
9754328,00000063,false,Rx,0,8,C9,00,15,00,00,08,FF,00,
9754563,000002C1,false,Rx,0,8,2A,E4,04,00,00,41,00,A1,
9754836,00000064,false,Rx,0,8,04,00,00,04,FF,FA,00,00,
9755061,000002C2,false,Rx,0,8,40,00,00,00,00,00,00,00,
9755298,00000427,false,Rx,0,8,1D,86,FF,00,80,0A,00,00,
9755818,000002C3,false,Rx,0,8,00,00,00,00,00,00,00,00,
9755888,000002C4,false,Rx,0,8,00,00,00,00,00,00,00,00,
9756075,000002E1,false,Rx,0,8,DE,76,07,00,00,00,00,00,
9756333,000002E2,false,Rx,0,8,00,00,00,00,00,7E,00,04,
9756564,000002E3,false,Rx,0,8,00,00,00,00,00,00,72,01,
9756844,000002E4,false,Rx,0,8,02,00,00,00,00,00,00,00,
9757683,0000010B,false,Rx,0,8,3C,75,44,00,00,00,00,01,
9757869,0000010C,false,Rx,0,8,FF,01,00,00,43,48,44,44,
9758251,0000010D,false,Rx,0,8,EF,02,00,00,00,00,00,35,
9758554,0000010E,false,Rx,0,8,00,00,0A,00,00,00,00,00,
9758644,00000111,false,Rx,0,8,5F,2E,05,01,00,00,00,00,
9758900,00000112,false,Rx,0,8,00,00,00,00,00,00,00,00,
9759119,00000113,false,Rx,0,8,00,00,00,00,00,00,00,00,
9759331,0000036F,false,Rx,0,8,F6,71,01,00,00,00,00,00,
9759567,00000114,false,Rx,0,8,00,00,00,00,00,00,00,00,
9759856,0000037F,false,Rx,0,8,FC,60,52,24,41,02,00,00,
9760213,00000036,false,Rx,0,8,75,EE,44,45,10,00,24,05,
9760303,00000037,false,Rx,0,8,00,00,00,10,00,40,00,00,
9760608,00000038,false,Rx,0,8,03,0B,00,00,20,39,12,00,
9760925,00000039,false,Rx,0,8,00,00,00,00,00,00,00,00,
9761687,00000146,false,Rx,0,8,43,92,15,10,04,01,00,00,
9761935,00000147,false,Rx,0,8,00,04,7D,00,40,00,00,00,
9762690,00000148,false,Rx,0,8,00,00,00,00,00,7B,40,05,
9762795,00000149,false,Rx,0,8,00,00,00,00,00,00,00,00,
9763117,000001B1,false,Rx,0,8,76,1A,15,00,72,00,00,00,
9763183,000001B2,false,Rx,0,8,23,00,04,0E,8A,01,50,0F,
9763228,000001B3,false,Rx,0,8,8B,2B,00,00,65,7F,71,7B,
9763333,000001B4,false,Rx,0,8,68,78,17,00,00,40,00,00,
9763882,000000A1,false,Rx,0,8,71,E7,53,8A,D4,EC,A2,00,
9763949,000000A2,false,Rx,0,8,00,00,00,00,00,00,00,00,
9764078,00000121,false,Rx,0,8,F6,8F,45,00,00,00,00,01,
9764351,000000A3,false,Rx,0,8,00,40,01,00,00,00,00,00,
9764905,00000122,false,Rx,0,8,FF,01,00,00,44,44,44,44,
9765020,00000419,false,Rx,0,8,3C,80,21,CE,F5,63,84,00,
9765072,00000123,false,Rx,0,8,F0,02,00,00,00,00,00,35,
9765355,00000516,false,Rx,0,8,61,02,00,00,00,00,FF,FF,
9765518,00000124,false,Rx,0,8,00,00,0A,00,00,00,00,00,
9765976,00000401,false,Rx,0,8,28,40,10,00,00,01,00,00,
9768657,0000019B,false,Rx,0,8,9A,1C,35,00,00,E4,00,00,
9768980,0000019C,false,Rx,0,8,40,20,00,00,00,00,0B,09,
9769204,0000019D,false,Rx,0,8,00,10,00,06,00,00,00,00,
9769292,0000019E,false,Rx,0,8,15,23,00,00,00,32,00,00,
9779335,00000405,false,Rx,0,8,0C,50,00,00,00,01,00,00,
9779417,00000410,false,Rx,0,8,A3,90,53,3C,B4,6A,FF,FF,
9779833,00000411,false,Rx,0,8,09,81,50,50,00,00,44,04,
9780252,00000412,false,Rx,0,8,F1,00,00,00,00,00,04,00,
9780743,00000413,false,Rx,0,8,F5,10,00,41,00,00,00,00,
9781103,00000414,false,Rx,0,8,87,A0,00,00,28,00,00,00,
9781527,00000416,false,Rx,0,8,55,00,00,00,00,00,00,00,
9782032,00000417,false,Rx,0,8,38,70,00,00,00,00,00,00,
9782398,00000418,false,Rx,0,8,AF,40,00,00,12,4C,00,00,
9789008,00000161,false,Rx,0,8,81,51,26,03,00,00,00,02,
9789103,0000012B,false,Rx,0,8,A4,FA,4C,06,00,00,08,00,
9789253,0000011B,false,Rx,0,8,E3,00,4C,05,80,08,A8,02,
9789566,0000012C,false,Rx,0,8,00,00,01,00,00,64,00,00,
9789986,0000011C,false,Rx,0,8,00,05,20,00,22,00,01,01,
9790056,00000162,false,Rx,0,8,FF,FC,01,00,00,00,00,00,
9790528,00000419,false,Rx,0,8,3A,90,1F,CE,F5,63,84,00,
9795630,000003AA,false,Rx,0,8,FF,00,D0,00,54,00,00,00,
9799109,000001A1,false,Rx,0,8,FD,04,26,FE,F7,7F,64,00,
9799202,000001A2,false,Rx,0,8,00,00,00,00,00,08,00,00,
9799579,000001A3,false,Rx,0,8,FF,F3,3F,00,00,00,00,00,
9799675,000001A4,false,Rx,0,8,FE,07,00,00,00,00,00,00,
9802031,00000475,false,Rx,0,8,12,00,00,00,00,00,00,00,
9802541,00000496,false,Rx,0,8,12,00,00,00,00,00,00,00,
9802667,0000030B,false,Rx,0,8,A6,C1,6C,00,04,00,00,00,
9802733,0000030C,false,Rx,0,8,00,00,0C,23,2C,00,A0,0F,
9803119,0000030D,false,Rx,0,8,00,00,00,00,FF,00,00,00,
9803599,0000030E,false,Rx,0,8,00,00,28,05,21,00,00,02,
9803754,00000061,false,Rx,0,8,A8,3D,57,00,00,05,00,00,
9803811,000001AB,false,Rx,0,8,41,2D,BE,40,70,90,00,00,
9804068,00000062,false,Rx,0,8,02,02,00,01,40,FF,00,FF,
9804161,000001AC,false,Rx,0,8,00,28,00,00,00,00,00,00,
9804463,00000063,false,Rx,0,8,C9,00,15,00,00,08,FF,00,
9804817,00000064,false,Rx,0,8,04,00,00,04,FF,FA,00,00,
9805127,00000495,false,Rx,0,8,49,00,00,00,00,00,00,00,
9807950,0000010B,false,Rx,0,8,31,B3,49,00,00,00,00,01,
9808067,0000010C,false,Rx,0,8,FF,01,00,00,43,48,44,44,
9808111,0000010D,false,Rx,0,8,EF,02,00,00,00,00,00,35,
9808386,0000010E,false,Rx,0,8,00,00,0A,00,00,00,00,00,
9810445,00000036,false,Rx,0,8,78,28,49,45,10,00,24,05,
9810582,00000037,false,Rx,0,8,00,00,00,10,00,40,00,00,
9810642,00000038,false,Rx,0,8,03,0B,00,00,20,39,12,00,
9810935,00000039,false,Rx,0,8,00,00,00,00,00,00,00,00,
9813156,00000448,false,Rx,0,8,7F,00,00,00,00,00,00,00,
9813792,000000A1,false,Rx,0,8,4D,16,58,8A,D4,EC,A2,00,
9813868,00000121,false,Rx,0,8,77,FB,4A,00,00,00,00,01,
9814379,000000A2,false,Rx,0,8,00,00,00,00,00,00,00,00,
9814490,00000122,false,Rx,0,8,FF,01,00,00,44,44,44,44,
9814536,000000A3,false,Rx,0,8,00,40,01,00,00,00,00,00,
9815343,00000123,false,Rx,0,8,F0,02,00,00,00,00,00,35,
9815801,000000C5,false,Rx,1,8,00,00,00,00,00,00,00,00,
9815907,00000124,false,Rx,0,8,00,00,0A,00,00,00,00,00,
9815964,00000244,false,Rx,1,8,00,00,00,00,00,00,00,00,
9816051,000004B4,false,Rx,1,8,01,00,0D,40,10,60,44,02,
9816785,000004B5,false,Rx,1,8,08,00,F0,07,00,00,00,00,
9817319,000004B7,false,Rx,1,8,08,00,F0,07,00,00,00,00,
9817876,000004CA,false,Rx,1,8,00,00,00,00,00,00,00,00,
9818236,000004CC,false,Rx,1,8,08,00,00,2A,00,00,03,00,
9818298,000004CE,false,Rx,1,8,14,01,FF,FF,FF,FF,FF,FF,
9818400,000004D7,false,Rx,1,8,23,01,00,00,00,00,00,00,
9818476,000004D8,false,Rx,1,8,41,10,F6,F0,40,F2,1E,CC,
9818948,0000019B,false,Rx,0,8,1B,68,3A,00,00,E4,00,00,
9819416,000004DD,false,Rx,1,8,00,00,00,00,04,00,00,00,
9820315,0000019C,false,Rx,0,8,40,20,00,00,00,00,0B,09,
9820443,000004DF,false,Rx,1,8,00,00,08,00,00,00,00,00,
9820505,000004E7,false,Rx,1,8,00,30,00,00,00,00,69,00,
9820561,0000019D,false,Rx,0,8,00,10,00,06,00,00,00,00,
9820615,000004E8,false,Rx,1,8,FF,FF,FF,29,FF,FF,FF,00,
9820657,0000019E,false,Rx,0,8,15,23,00,00,00,32,00,00,
9820716,000004E9,false,Rx,1,8,00,00,00,00,00,00,00,00,
9820774,000004EA,false,Rx,1,8,00,00,00,00,00,00,00,00,
9820827,000004EB,false,Rx,1,8,04,68,2B,0E,00,00,00,00,
9821097,000004EC,false,Rx,1,8,FF,FF,FF,FF,FF,FF,FF,0F,
9821475,000004ED,false,Rx,1,8,FF,FF,FF,FF,FF,FF,FF,1F,
9822708,000004EE,false,Rx,1,8,FF,FF,00,00,00,00,00,00,
9822932,000004EF,false,Rx,1,8,60,00,60,00,29,14,00,00,
9822980,000004F0,false,Rx,1,8,4A,0D,2B,0E,5C,1A,11,02,
9823036,000004F1,false,Rx,1,8,00,C0,00,00,00,00,00,00,
9823099,000004F2,false,Rx,1,8,02,FF,DD,FF,03,01,00,00,
9823264,000004F3,false,Rx,1,8,00,00,00,00,30,00,00,00,
9823550,000004F9,false,Rx,1,8,E0,FF,FF,FF,FF,FF,FF,FF,
9823788,000004FE,false,Rx,1,8,69,23,00,03,CF,00,48,A8,
9824065,0000063D,false,Rx,1,8,00,80,00,00,00,00,00,00,
9824325,0000063E,false,Rx,1,8,FF,FF,FF,FF,FF,FF,FF,FF,
9824615,0000063F,false,Rx,1,8,00,10,00,C4,FF,00,00,00,
9825082,00000226,false,Rx,0,8,CC,BD,5B,FF,00,20,09,42,
9825200,00000640,false,Rx,1,8,FF,FF,FF,00,FF,FF,FF,00,
9825261,000002FF,false,Rx,0,8,83,B9,00,F0,3F,00,00,00,
9825303,00000227,false,Rx,0,8,02,C4,07,09,00,F1,FF,07,
9825350,00000641,false,Rx,1,8,FF,FF,FF,FF,0F,FF,FF,FF,
9825424,00000646,false,Rx,1,8,00,00,00,80,01,00,00,00,
9825484,00000316,false,Rx,0,8,18,8C,2F,04,00,80,0A,00,
9825673,00000472,false,Rx,0,8,5C,EC,00,40,08,41,00,45,
9826163,00000317,false,Rx,0,8,00,00,05,00,00,00,00,00,
9826491,00000473,false,Rx,0,8,5F,24,00,25,00,00,00,78,
9827184,00000380,false,Rx,0,8,E2,43,00,00,00,00,00,01,
9827279,00000474,false,Rx,0,8,53,98,00,00,00,00,00,10,
9827704,00000382,false,Rx,0,8,E1,B8,00,00,00,01,00,00,
9828452,00000383,false,Rx,0,8,AA,AA,00,00,00,0C,00,00,
9829588,00000419,false,Rx,0,8,3A,90,1F,CE,F5,63,84,00,
9831651,00000384,false,Rx,0,8,26,8F,00,00,00,00,00,01,
9835684,000003A1,false,Rx,0,8,C8,B1,4D,00,FF,FF,FF,FF,
9835779,000003A2,false,Rx,0,8,00,00,00,00,00,00,00,00,
9836683,0000042A,false,Rx,0,8,BB,4A,00,01,00,10,00,00,
9839365,0000011B,false,Rx,0,8,9A,1A,51,05,80,08,A8,02,
9839501,0000012B,false,Rx,0,8,DD,E0,51,06,00,00,08,00,
9839572,0000011C,false,Rx,0,8,00,05,20,00,22,00,01,01,
9839848,0000012C,false,Rx,0,8,00,00,01,00,00,64,00,00,
9840420,000001E6,false,Rx,0,8,EE,F6,0B,C2,03,64,64,00,
9840512,000001BB,false,Rx,0,8,80,4E,0B,C2,03,64,64,0A,
9840563,000001BC,false,Rx,0,8,32,00,00,00,02,00,00,00,
9840972,00000091,false,Rx,0,8,CF,AB,05,00,00,00,00,00,
9841105,000001BD,false,Rx,0,8,00,00,00,00,00,00,00,00,
9841289,00000092,false,Rx,0,8,00,00,00,00,00,00,00,00,
9841639,000001E7,false,Rx,0,8,00,00,22,03,00,01,00,00,
9841972,00000093,false,Rx,0,8,00,00,00,00,00,00,00,00,
9842500,00000094,false,Rx,0,8,00,00,00,00,00,00,00,00,
9845162,000004E8,false,Rx,1,8,FF,FF,FF,29,FF,FF,FF,00,
9846435,000002D6,false,Rx,0,8,A3,5F,03,00,00,00,00,00,
9846541,000002EB,false,Rx,0,8,1A,BE,03,08,04,00,00,00,
9846601,000002D7,false,Rx,0,8,00,00,00,00,03,00,00,00,
9846887,000002EC,false,Rx,0,8,00,00,00,00,00,00,00,00,
9847127,000002D8,false,Rx,0,8,00,00,00,00,00,00,38,44,
9847358,000002ED,false,Rx,0,8,00,00,00,00,00,00,00,00,
9847640,000002D9,false,Rx,0,8,00,00,00,00,00,00,00,00,
9847865,000002EE,false,Rx,0,8,00,00,00,00,00,00,00,00,
9849407,000001FB,false,Rx,0,8,9A,C9,08,00,00,00,00,00,
9849976,000001FC,false,Rx,0,8,00,00,00,00,00,00,00,00,
9850149,000001FD,false,Rx,0,8,00,1A,03,00,00,00,00,00,
9850217,000001FE,false,Rx,0,8,00,00,00,00,00,00,00,00,
9850478,00000251,false,Rx,0,8,C5,90,07,00,00,00,00,00,
9850914,000000FF,false,Rx,0,8,CB,10,00,00,00,00,02,00,
9850991,00000252,false,Rx,0,8,00,00,00,00,03,00,00,00,
9851176,00000253,false,Rx,0,8,00,00,00,29,00,00,80,46,
9851362,00000394,false,Rx,0,8,2A,22,1A,49,00,00,00,00,
9851575,000003C3,false,Rx,0,8,45,10,31,30,36,00,00,00,
9851865,000003E0,false,Rx,0,8,8F,30,01,00,10,04,00,00,
9852088,00000396,false,Rx,0,8,BD,D2,03,0F,04,02,00,00,
9852348,00000397,false,Rx,0,8,10,00,00,00,00,00,00,00,
9852593,000003E5,false,Rx,0,8,37,80,01,00,00,00,00,00,
9852857,00000398,false,Rx,0,8,00,00,00,00,00,00,00,00,
9853090,000003E6,false,Rx,0,8,A1,40,00,00,00,00,00,00,
9853340,00000061,false,Rx,0,8,10,3C,5C,00,00,05,00,00,
9853573,0000041A,false,Rx,0,8,5B,80,12,00,50,00,00,00,
9853813,00000062,false,Rx,0,8,02,02,00,01,40,FF,00,FF,
9854067,0000041B,false,Rx,0,8,BE,70,00,00,00,00,00,00,
9854316,00000063,false,Rx,0,8,C9,00,15,00,00,08,FF,00,
9854558,0000041C,false,Rx,0,8,84,D0,E8,00,00,00,00,00,
9854846,00000064,false,Rx,0,8,04,00,00,04,FF,FA,00,00,
9855046,00000422,false,Rx,0,8,FA,20,01,00,00,00,04,00,
9855305,00000419,false,Rx,0,8,A2,A0,1F,CE,F1,63,84,00,
9855573,00000432,false,Rx,0,8,03,20,02,00,00,00,00,00,
9856027,00000435,false,Rx,0,8,AD,40,00,50,00,00,00,FF,
9856302,00000442,false,Rx,0,8,CE,20,11,81,00,00,00,00,
9856533,000002E6,false,Rx,0,8,75,3D,07,01,00,00,00,15,
9856787,00000256,false,Rx,0,8,B5,C5,07,05,01,00,00,00,
9857021,000002E7,false,Rx,0,8,0A,00,00,00,00,00,00,00,
9857253,00000257,false,Rx,0,8,00,7C,00,00,83,04,01,79,
9857515,000002E8,false,Rx,0,8,00,00,00,00,00,00,00,00,
9857744,0000010B,false,Rx,0,8,C2,2D,4E,00,00,00,00,01,
9857997,00000258,false,Rx,0,8,00,26,1D,00,10,15,00,28,
9858255,0000010C,false,Rx,0,8,FF,01,00,00,43,48,44,44,
9858538,00000259,false,Rx,0,8,ED,03,12,3C,E8,01,00,00,
9858901,0000010D,false,Rx,0,8,EF,02,00,00,00,00,00,35,
9859181,000002E9,false,Rx,0,8,00,00,00,00,00,00,00,00,
9859290,0000010E,false,Rx,0,8,00,00,0A,00,00,00,00,00,
9859969,0000036F,false,Rx,0,8,5F,81,01,00,00,00,00,00,
9860130,000003B6,false,Rx,0,8,8C,A1,03,00,00,00,00,44,
9860183,0000037F,false,Rx,0,8,45,70,52,24,41,02,00,00,
9860236,00000036,false,Rx,0,8,25,C4,4E,45,10,00,24,05,
9860588,000003B7,false,Rx,0,8,43,00,00,00,00,00,00,00,
9860661,00000037,false,Rx,0,8,00,00,00,10,00,40,00,00,
9860897,000003B8,false,Rx,0,8,EA,02,00,00,00,00,69,0E,
9861252,00000038,false,Rx,0,8,03,0C,00,00,20,39,12,00,
9861401,000003B9,false,Rx,0,8,00,00,00,00,00,00,00,00,
9861666,00000039,false,Rx,0,8,00,00,00,00,00,00,00,00,
9861960,00000146,false,Rx,0,8,C2,E6,1A,10,04,01,00,00,
9862307,00000444,false,Rx,0,8,1B,50,30,4F,05,05,00,00,
9862876,00000147,false,Rx,0,8,00,04,7D,00,40,00,00,00,
9862950,000001B1,false,Rx,0,8,F7,6E,1A,00,72,00,00,00,
9863002,00000148,false,Rx,0,8,00,00,00,00,00,7B,40,05,
9863075,000001B2,false,Rx,0,8,23,00,04,0E,8A,01,50,0F,
9863335,00000149,false,Rx,0,8,00,00,00,00,00,00,00,00,
9863641,000001B3,false,Rx,0,8,8B,2B,00,00,65,7F,71,7B,
9863793,000000A1,false,Rx,0,8,42,FD,5D,8A,D4,EC,A2,00,
9864028,00000121,false,Rx,0,8,08,D7,4F,00,00,00,00,01,
9864657,000000A2,false,Rx,0,8,00,00,00,00,00,00,00,00,
9864950,00000122,false,Rx,0,8,FF,01,00,00,44,44,44,44,
9865017,000000A3,false,Rx,0,8,00,40,01,00,00,00,00,00,
9865066,00000123,false,Rx,0,8,F0,02,00,00,00,00,00,35,
9865387,000001B4,false,Rx,0,8,68,78,17,00,00,40,00,00,
9865694,00000124,false,Rx,0,8,00,00,0A,00,00,00,00,00,
9865966,00000445,false,Rx,0,8,7F,D0,00,00,00,00,00,18,
9866364,00000464,false,Rx,0,8,6C,30,F0,FF,38,7F,05,00,
9866685,00000561,false,Rx,0,8,63,02,00,00,00,00,FF,FF,
9868642,0000019B,false,Rx,0,8,64,44,3F,00,00,E4,00,00,
9868716,0000019C,false,Rx,0,8,40,20,00,00,00,00,0B,09,
9868857,0000019D,false,Rx,0,8,00,10,00,06,00,00,00,00,
9869124,0000019E,false,Rx,0,8,15,23,00,00,00,32,00,00,
9879483,000001E1,false,Rx,0,8,79,C2,11,02,00,00,00,00,
9879573,000001E2,false,Rx,0,8,00,00,00,00,00,00,00,00,
9884837,00000419,false,Rx,0,8,11,B0,17,CE,F1,63,84,00,
9885144,000004E8,false,Rx,1,8,FF,FF,FF,29,FF,FF,FF,00,
9888614,000001F1,false,Rx,0,8,4E,17,13,01,00,00,28,00,
9888712,000001F2,false,Rx,0,8,00,00,00,00,00,00,00,00,
9889160,0000011B,false,Rx,0,8,05,72,56,05,80,08,A8,02,
9889224,0000012B,false,Rx,0,8,42,88,56,06,00,00,08,00,
9889567,0000011C,false,Rx,0,8,00,05,20,00,22,00,01,01,
9889715,0000012C,false,Rx,0,8,00,00,01,00,00,64,00,00,
9890102,00000161,false,Rx,0,8,F2,68,2B,03,00,00,00,02,
9890237,00000162,false,Rx,0,8,FF,FC,01,00,00,00,00,00,
9899107,000001A1,false,Rx,0,8,F0,C2,2B,FE,F7,7F,64,00,
9899193,000001A2,false,Rx,0,8,00,00,00,00,00,08,00,00,
9899405,000001A3,false,Rx,0,8,FF,F3,3F,00,00,00,00,00,
9899651,000001A4,false,Rx,0,8,FE,07,00,00,00,00,00,00,
9903225,00000061,false,Rx,0,8,42,57,61,00,00,05,00,00,
9903412,00000062,false,Rx,0,8,02,02,00,01,40,FF,00,FF,
9903668,000002BF,false,Rx,0,8,FF,FF,FF,00,00,00,00,00,
9903910,00000063,false,Rx,0,8,C8,00,15,00,00,08,FF,00,
9904153,0000047F,false,Rx,0,8,FF,FF,FF,FF,FF,FF,FF,FF,
9904398,00000064,false,Rx,0,8,04,00,00,04,FF,FA,00,00,
9904648,000001AB,false,Rx,0,8,04,FD,C3,40,70,90,00,00,
9904880,00000653,false,Rx,0,8,0A,19,03,01,02,2A,00,00,
9905164,000001AC,false,Rx,0,8,00,28,00,00,00,00,00,00,
9905758,00000487,false,Rx,1,8,00,00,00,00,00,00,00,00,
9906228,00000642,false,Rx,1,8,FF,FF,FF,FF,FF,FF,00,00,
9906686,00000645,false,Rx,1,8,7F,86,07,39,EF,3B,56,00,
9907691,0000010B,false,Rx,0,8,A9,50,53,00,00,00,00,01,
9907821,0000010C,false,Rx,0,8,FF,F9,E7,1F,43,48,44,44,
9908129,0000010D,false,Rx,0,8,EF,02,00,00,10,00,00,35,
9908355,0000010E,false,Rx,0,8,00,00,0A,00,00,C0,AB,57,
9909858,00000236,false,Rx,0,8,11,E5,08,00,30,63,34,6C,
9910016,00000036,false,Rx,0,8,ED,C6,53,45,10,00,24,05,
9910249,00000237,false,Rx,0,8,00,05,94,00,00,5E,1D,00,
9910500,00000037,false,Rx,0,8,00,00,00,10,00,40,00,00,
9910732,00000151,false,Rx,0,8,B3,2E,08,A0,C8,00,28,15,
9910976,00000038,false,Rx,0,8,03,0C,00,00,20,39,12,00,
9911224,00000152,false,Rx,0,8,12,14,14,00,00,00,00,00,
9911465,00000039,false,Rx,0,8,00,00,00,00,00,00,00,00,
9911721,00000153,false,Rx,0,8,00,00,00,00,00,00,00,00,
9911960,00000238,false,Rx,0,8,00,00,0C,00,00,00,00,00,
9912222,00000154,false,Rx,0,8,00,00,00,00,00,00,00,00,
9912457,000001F6,false,Rx,0,8,E0,08,08,00,00,00,00,0C,
9912730,000002FB,false,Rx,0,8,BD,97,08,04,0C,14,C3,C3,
9912948,000001F7,false,Rx,0,8,00,00,00,00,00,00,00,00,
9913181,000002FC,false,Rx,0,8,00,00,12,15,00,00,78,96,
9913436,000001F8,false,Rx,0,8,00,00,00,00,00,00,00,00,
9913677,000000A1,false,Rx,0,8,87,10,62,8A,D4,EC,A2,00,
9913916,000001F9,false,Rx,0,8,00,00,A0,C8,14,00,00,00,
9914153,000000A2,false,Rx,0,8,00,00,00,00,00,00,00,00,
9914397,00000121,false,Rx,0,8,4A,F8,54,FA,FF,00,00,01,
9914638,000000A3,false,Rx,0,8,00,40,01,00,00,00,00,00,
9914888,00000122,false,Rx,0,8,FF,D9,67,1F,44,45,45,44,
9915113,00000239,false,Rx,0,8,00,00,00,00,01,00,00,00,
9915406,00000123,false,Rx,0,8,F0,02,00,00,10,00,00,35,
9915597,0000025B,false,Rx,0,8,5C,34,08,40,40,20,00,00,
9915858,00000124,false,Rx,0,8,00,00,0A,00,00,00,20,40,
9916089,0000025C,false,Rx,0,8,00,00,00,00,BD,68,14,00,
9916373,000002FD,false,Rx,0,8,00,00,00,00,00,1C,10,EA,
9916579,0000025D,false,Rx,0,8,00,C8,00,00,00,80,C0,70,
9916828,000002FE,false,Rx,0,8,00,00,72,01,00,28,00,00,
9917066,0000025E,false,Rx,0,8,4E,07,0E,07,00,00,00,00,
9917354,00000326,false,Rx,0,8,B8,0C,08,00,00,00,00,00,
9917587,00000327,false,Rx,0,8,00,00,00,00,01,00,00,00,
9917862,00000328,false,Rx,0,8,00,00,00,00,00,00,00,00,
9918107,00000329,false,Rx,0,8,A0,00,00,00,00,00,00,00,
9918361,0000019B,false,Rx,0,8,C5,3B,44,00,00,E4,00,00,
9918576,00000331,false,Rx,0,8,9E,EF,08,F1,C8,A0,2C,97,
9918823,0000019C,false,Rx,0,8,40,20,00,00,00,00,0B,09,
9919068,00000332,false,Rx,0,8,00,00,00,00,00,00,00,00,
9919361,0000019D,false,Rx,0,8,00,10,00,06,00,00,00,00,
9919553,00000333,false,Rx,0,8,00,00,00,1C,0C,40,20,A0,
9919801,0000019E,false,Rx,0,8,15,23,00,00,00,32,00,00,
9920027,00000334,false,Rx,0,8,C8,00,00,00,5C,70,B7,8F,
9924528,00000419,false,Rx,0,8,11,B0,17,CE,F1,63,84,00,
9925897,000004E8,false,Rx,1,8,FF,FF,FF,29,FF,FF,FF,00,
9939594,0000011B,false,Rx,0,8,76,4B,5B,05,80,08,A8,02,
9939698,0000012B,false,Rx,0,8,31,B1,5B,06,00,00,08,00,
9939798,0000011C,false,Rx,0,8,00,05,20,00,22,00,01,01,
9939850,0000012C,false,Rx,0,8,00,00,01,00,00,64,00,00,
9940631,00000435,false,Rx,0,8,D0,50,00,50,00,00,00,00,
9940726,00000091,false,Rx,0,8,05,40,06,00,00,00,00,00,
9941113,00000092,false,Rx,0,8,00,00,00,00,00,00,00,00,
9941363,00000093,false,Rx,0,8,00,00,00,00,00,00,00,00,
9941600,00000094,false,Rx,0,8,00,00,00,00,00,00,00,00,
9945851,000004A3,false,Rx,1,8,80,00,48,0B,3E,00,00,00,
9946011,000004A4,false,Rx,1,8,FF,FF,FF,00,00,00,00,00,
9947273,0000033B,false,Rx,0,8,59,6A,6E,00,00,00,00,00,
9947376,0000033C,false,Rx,0,8,00,00,00,00,F0,00,00,00,
9947672,00000356,false,Rx,0,8,9F,A0,B7,00,00,00,00,00,
9947760,0000033D,false,Rx,0,8,00,00,00,00,00,00,00,00,
9947990,00000357,false,Rx,0,8,00,00,00,00,00,4B,4D,48,
9948222,0000033E,false,Rx,0,8,00,00,00,00,00,00,00,00,
9948460,00000358,false,Rx,0,8,35,41,45,4D,52,37,33,4F,
9948698,00000359,false,Rx,0,8,51,4F,34,52,4A,35,33,00,
9949448,00000419,false,Rx,0,8,A0,C0,17,CE,E9,63,84,00,
9950719,00000444,false,Rx,0,8,4B,60,20,50,05,05,00,00,
9951176,000002AB,false,Rx,0,8,32,5A,09,0C,0C,00,00,00,
9951298,000003B0,false,Rx,0,8,72,37,FF,C7,00,00,03,C0,
9951561,000002AC,false,Rx,0,8,00,FF,FF,00,00,40,00,50,
9951997,000003B1,false,Rx,0,8,9B,3C,FF,40,00,00,20,00,
9952101,000002AD,false,Rx,0,8,00,01,00,40,FF,FF,FF,0F,
9952505,000002AE,false,Rx,0,8,00,00,FF,3F,01,01,00,00,
9953040,000002B6,false,Rx,0,8,6D,C0,09,00,01,00,00,40,
9953164,000003B2,false,Rx,0,8,36,15,FF,02,29,2F,34,00,
9953249,000002B7,false,Rx,0,8,95,01,C1,00,00,04,00,00,
9953295,00000061,false,Rx,0,8,80,39,66,00,00,05,00,00,
9953547,000002B8,false,Rx,0,8,B2,61,11,00,00,00,00,00,
9953764,00000062,false,Rx,0,8,02,02,00,01,40,FF,00,FF,
9954007,000002B9,false,Rx,0,8,0A,00,00,00,00,00,00,00,
9954250,00000063,false,Rx,0,8,C9,00,15,00,00,08,FF,00,
9954481,000002C1,false,Rx,0,8,75,F4,05,21,00,41,00,A1,
9954741,00000064,false,Rx,0,8,04,00,00,04,FF,FA,00,00,
9954980,000002C2,false,Rx,0,8,40,00,00,00,00,00,00,00,
9955367,00000427,false,Rx,0,8,1D,86,FF,00,80,0A,00,00,
9956096,000002C3,false,Rx,0,8,00,00,00,00,00,00,00,00,
9956715,00000485,false,Rx,0,8,00,40,11,02,00,00,00,00,
9956866,000002C4,false,Rx,0,8,00,00,00,00,00,00,00,00,
9956946,000002E1,false,Rx,0,8,DF,1A,09,00,00,00,00,40,
9956988,000002E2,false,Rx,0,8,02,00,00,00,00,7E,00,04,
9957031,000002E3,false,Rx,0,8,00,00,00,00,00,00,72,01,
9957076,000002E4,false,Rx,0,8,02,00,00,00,00,00,00,00,
9957624,0000010B,false,Rx,0,8,7E,C2,58,00,00,00,00,05,
9957833,0000010C,false,Rx,0,8,FF,F9,E7,1F,43,48,44,44,
9958062,0000010D,false,Rx,0,8,EF,02,00,00,00,00,00,35,
9958351,0000010E,false,Rx,0,8,00,00,0A,00,00,C0,AB,57,
9958602,00000111,false,Rx,0,8,95,C5,06,01,00,00,00,00,
9958867,00000112,false,Rx,0,8,00,00,00,00,00,00,00,00,
9959114,00000113,false,Rx,0,8,00,00,00,00,00,00,00,00,
9959360,0000036F,false,Rx,0,8,E6,91,01,00,00,00,00,00,
9959614,00000114,false,Rx,0,8,00,00,00,00,00,00,00,00,
9959849,0000037F,false,Rx,0,8,EC,80,52,24,41,02,00,00,
9960118,00000036,false,Rx,0,8,72,53,58,51,00,00,25,05,
9960429,00000037,false,Rx,0,8,00,00,00,10,00,40,00,00,
9960663,00000038,false,Rx,0,8,04,00,00,00,20,39,96,D4,
9961209,00000039,false,Rx,0,8,00,00,00,00,00,00,00,00,
9962061,00000146,false,Rx,0,8,BD,CA,1F,10,04,01,00,00,
9962123,00000147,false,Rx,0,8,00,04,7D,00,40,00,00,00,
9962166,00000148,false,Rx,0,8,00,00,00,00,00,7B,40,05,
9962515,00000149,false,Rx,0,8,00,00,00,00,00,00,00,00,
9962610,000001B1,false,Rx,0,8,2B,CF,1F,00,72,00,00,00,
9962863,000001B2,false,Rx,0,8,23,00,04,0E,8A,01,50,0F,
9963218,000001B3,false,Rx,0,8,8B,2B,00,00,66,7F,71,7B,
9963640,000001B4,false,Rx,0,8,68,78,17,00,00,40,00,00,
9963696,000000A1,false,Rx,0,8,88,FB,67,8A,D4,EC,A2,00,
9963880,000000A2,false,Rx,0,8,00,00,00,00,00,00,00,00,
9964587,00000121,false,Rx,0,8,F9,17,59,02,00,00,00,05,
9964713,000000A3,false,Rx,0,8,00,40,01,00,00,00,00,00,
9964787,00000122,false,Rx,0,8,FF,D9,67,1F,44,44,44,44,
9964830,00000123,false,Rx,0,8,F0,02,00,00,00,00,00,35,
9965112,00000124,false,Rx,0,8,00,00,0A,00,00,00,20,40,
9965812,0000048B,false,Rx,0,8,EF,5A,01,1E,04,00,00,00,
9966146,0000048C,false,Rx,0,8,00,00,00,00,00,00,00,00,
9966631,00000401,false,Rx,0,8,28,40,10,00,00,01,00,00,
9968485,0000019B,false,Rx,0,8,6C,3E,49,00,00,E0,00,00,
9968598,0000019C,false,Rx,0,8,40,20,00,00,00,00,0B,09,
9968859,0000019D,false,Rx,0,8,00,10,00,01,00,00,00,00,
9969121,0000019E,false,Rx,0,8,10,00,00,00,00,32,00,00,
9970732,00000563,false,Rx,1,8,65,02,00,00,00,00,FF,FF,
9979326,00000405,false,Rx,0,8,0C,50,00,00,00,01,00,00,
9979441,00000410,false,Rx,0,8,A3,90,53,3C,B4,6A,FF,FF,
9979794,00000411,false,Rx,0,8,09,81,50,50,00,00,44,04,
9980331,00000412,false,Rx,0,8,F1,00,00,00,00,00,04,00,
9980617,00000413,false,Rx,0,8,F5,10,00,41,00,00,00,00,
9980715,00000435,false,Rx,0,8,D0,50,00,50,00,00,00,00,
9980982,00000414,false,Rx,0,8,87,A0,00,00,28,00,00,00,
9981436,00000416,false,Rx,0,8,55,00,00,00,00,00,00,00,
9981543,00000444,false,Rx,0,8,00,70,20,50,45,41,00,00,
9982415,00000417,false,Rx,0,8,38,70,00,00,00,00,00,00,
9983062,00000418,false,Rx,0,8,AF,40,00,00,12,4C,00,00,
9984941,00000419,false,Rx,0,8,CD,D0,0C,CE,E9,63,84,00,
9989348,0000012B,false,Rx,0,8,E7,2D,60,06,00,00,08,00,
9989446,0000012C,false,Rx,0,8,00,00,01,00,00,64,00,00,
9989556,0000011B,false,Rx,0,8,A0,D7,60,05,80,08,A8,02,
9989603,00000161,false,Rx,0,8,30,B2,30,03,00,00,00,02,
9989856,0000011C,false,Rx,0,8,00,05,20,00,22,00,01,01,
9990971,00000162,false,Rx,0,8,FF,FC,01,00,00,00,00,00,
9991119,000001E6,false,Rx,0,8,18,DE,0E,C2,03,64,64,00,
9991161,000001BB,false,Rx,0,8,8F,A5,0E,C2,03,64,64,0A,
9991203,000001BC,false,Rx,0,8,32,00,00,00,02,00,00,00,
9991247,000001BD,false,Rx,0,8,00,00,00,00,00,00,00,00,
9991315,000001E7,false,Rx,0,8,00,00,22,03,00,01,00,00,
9995625,000003AA,false,Rx,0,8,FF,00,D0,00,54,00,00,00,
9999190,000001A1,false,Rx,0,8,8D,07,30,FE,F7,7F,64,00,
9999268,000001A2,false,Rx,0,8,00,00,00,00,00,08,00,00,
9999433,000001A3,false,Rx,0,8,FF,F3,3F,00,00,00,00,00,
9999999,000001A4,false,Rx,0,8,FE,07,00,00,00,00,00,00,
10002085,00000475,false,Rx,0,8,12,00,00,00,00,00,00,00,
10002800,00000496,false,Rx,0,8,12,00,00,00,00,00,00,00,
10002980,0000030B,false,Rx,0,8,DB,BC,6E,00,04,00,00,00,
10003367,0000030C,false,Rx,0,8,00,00,0C,00,2C,00,A0,0F,
10003466,0000030D,false,Rx,0,8,00,00,00,00,FF,00,00,00,
10003509,00000061,false,Rx,0,8,BC,0F,6B,00,00,05,00,00,
10003552,000001AB,false,Rx,0,8,CC,04,C8,40,70,90,00,00,
10003698,00000062,false,Rx,0,8,02,02,00,01,40,FF,00,FF,
10004017,000001AC,false,Rx,0,8,00,28,00,00,00,00,00,00,
10004213,00000063,false,Rx,0,8,C8,00,15,00,00,08,FF,00,
10004437,0000030E,false,Rx,0,8,00,00,28,05,21,00,00,02,
10004802,00000064,false,Rx,0,8,04,00,00,04,FF,FA,00,00,
10005401,00000495,false,Rx,0,8,49,00,00,00,00,00,00,00,
10007895,0000010B,false,Rx,0,8,01,EE,5D,00,00,00,00,05,
10007987,0000010C,false,Rx,0,8,FF,F9,E7,1F,43,48,44,44,
10008459,0000010D,false,Rx,0,8,EF,02,00,00,00,00,00,35,
10008527,0000010E,false,Rx,0,8,00,00,0A,00,00,C0,AB,57,
10010198,00000036,false,Rx,0,8,0D,7F,5D,51,00,00,25,05,
10010298,00000037,false,Rx,0,8,00,00,00,10,00,40,00,00,
10010557,00000038,false,Rx,0,8,04,00,00,00,20,39,96,D4,
10010801,00000039,false,Rx,0,8,00,00,00,00,00,00,00,00,
10013090,00000448,false,Rx,0,8,7F,00,00,00,00,00,00,00,
10014038,000000A1,false,Rx,0,8,B4,0A,6C,8A,D4,EC,A2,00,
10014120,000000A2,false,Rx,0,8,00,00,00,00,00,00,00,00,
10014167,00000121,false,Rx,0,8,B6,13,5E,05,00,00,00,05,
10014315,000000A3,false,Rx,0,8,00,40,01,00,00,00,00,00,
10014703,00000122,false,Rx,0,8,FF,D9,67,1F,44,44,44,44,
10014788,00000123,false,Rx,0,8,F0,02,00,00,00,00,00,35,
10015057,00000124,false,Rx,0,8,00,00,0A,00,00,00,20,40,
10016908,000000C5,false,Rx,1,8,00,00,00,00,00,00,00,00,
10017040,00000244,false,Rx,1,8,00,00,00,00,00,00,00,00,
10017386,000003E4,false,Rx,1,8,FE,00,00,00,00,00,00,00,
10017607,000004B4,false,Rx,1,8,01,00,0D,40,10,60,44,02,
10018008,000004B5,false,Rx,1,8,08,00,F0,07,00,00,00,00,
10018194,000004B7,false,Rx,1,8,08,00,F0,07,00,00,00,00,
10018491,000004CA,false,Rx,1,8,00,00,00,00,00,00,00,00,
10019460,0000019B,false,Rx,0,8,64,53,4E,00,00,E4,00,00,
10019766,000004CC,false,Rx,1,8,08,00,00,2A,00,00,03,00,
10019828,000004CE,false,Rx,1,8,14,01,FF,FF,FF,FF,FF,FF,
10020521,0000019C,false,Rx,0,8,40,20,00,00,00,00,0B,09,
10021175,000004D7,false,Rx,1,8,23,01,00,00,00,00,00,00,
10021499,000004D8,false,Rx,1,8,41,10,F6,F0,40,F2,1E,CC,
10022295,0000019D,false,Rx,0,8,00,10,00,01,00,00,00,00,
10023011,0000019E,false,Rx,0,8,10,00,00,00,00,32,00,00,
10023143,000004DD,false,Rx,1,8,00,00,00,00,04,00,00,00,
10023203,000004DF,false,Rx,1,8,00,00,08,00,00,00,00,00,
10023249,000004E7,false,Rx,1,8,00,30,00,00,00,00,69,00,
10023299,00000435,false,Rx,0,8,D0,50,00,50,00,00,00,00,
10023839,00000444,false,Rx,0,8,1B,80,20,50,55,50,00,00,
10024583,000004E8,false,Rx,1,8,FF,FF,FF,29,FF,FF,FF,00,
10025143,000004E9,false,Rx,1,8,00,00,00,00,00,00,00,00,
10025222,000004EA,false,Rx,1,8,00,00,00,00,00,00,00,00,
10025269,000004EB,false,Rx,1,8,04,68,2B,0E,00,00,00,00,
10025330,000004EC,false,Rx,1,8,FF,FF,FF,FF,FF,FF,FF,0F,
10025390,000004ED,false,Rx,1,8,FF,FF,FF,FF,FF,FF,FF,1F,
10025445,000004EE,false,Rx,1,8,FF,FF,00,00,00,00,00,00,
10025708,000004EF,false,Rx,1,8,60,00,60,00,29,14,00,00,
10025783,0000063D,false,Rx,1,8,00,80,00,00,00,00,00,00,
10025847,0000063E,false,Rx,1,8,FF,FF,FF,FF,FF,FF,FF,FF,
10025899,0000063F,false,Rx,1,8,00,10,00,C4,FF,00,00,00,
10026053,00000226,false,Rx,0,8,77,7D,5D,FF,00,20,09,42,
10026158,00000419,false,Rx,0,8,CD,D0,0C,CE,E9,63,84,00,
10026236,00000640,false,Rx,1,8,FF,FF,FF,00,FF,FF,FF,00,
10026648,00000227,false,Rx,0,8,02,C4,07,09,00,F1,FF,07,
10026962,00000641,false,Rx,1,8,FF,FF,FF,FF,0F,FF,FF,FF,
10027037,000002FF,false,Rx,0,8,83,B9,00,F0,3F,00,00,00,
10027108,00000646,false,Rx,1,8,00,00,00,80,01,00,00,00,
10027411,00000472,false,Rx,0,8,5C,EC,00,40,08,41,00,45,
10027500,00000316,false,Rx,0,8,08,D6,30,04,00,80,0A,00,
10027562,00000473,false,Rx,0,8,5F,24,00,25,00,00,00,78,
10027684,00000317,false,Rx,0,8,00,00,05,00,00,00,00,00,
10027734,00000474,false,Rx,0,8,53,98,00,00,00,00,00,10,
10027777,00000380,false,Rx,0,8,E2,43,00,00,00,00,00,01,
10027879,00000382,false,Rx,0,8,F1,7A,01,00,00,01,08,00,
10028635,00000383,false,Rx,0,8,AA,AA,00,00,00,0C,00,00,
10029388,000001E1,false,Rx,0,8,8F,EA,14,02,00,00,00,00,
10029846,00000384,false,Rx,0,8,33,4E,01,00,00,00,00,21,
10029919,000001E2,false,Rx,0,8,00,00,00,00,00,00,00,00,
10035440,000003A1,false,Rx,0,8,85,59,4E,00,FF,FF,FF,FF,
10035534,000003E0,false,Rx,0,8,99,40,01,00,50,03,00,00,
10035899,000003A2,false,Rx,0,8,00,00,00,00,00,00,00,00,
10035986,0000041A,false,Rx,0,8,6D,90,12,00,50,01,00,00,
10036451,0000042A,false,Rx,0,8,1C,33,00,04,00,10,00,00,
10038583,000001F1,false,Rx,0,8,B8,3F,16,01,00,00,28,00,
10038680,000001F2,false,Rx,0,8,00,00,00,00,00,00,00,00,
10039116,0000011B,false,Rx,0,8,56,FF,65,05,80,08,A8,02,
10039283,0000012B,false,Rx,0,8,11,05,65,06,00,00,08,00,
10039531,0000011C,false,Rx,0,8,00,05,20,00,22,00,01,01,
10039774,0000012C,false,Rx,0,8,00,00,01,00,00,64,00,00,
10040819,00000091,false,Rx,0,8,43,19,07,00,00,00,00,00,
10041347,00000092,false,Rx,0,8,00,00,00,00,00,00,00,00,
10041534,00000093,false,Rx,0,8,00,00,00,00,00,00,00,00,
10041596,00000094,false,Rx,0,8,00,00,00,00,00,00,00,00,
10044907,00000417,false,Rx,0,8,1E,80,00,00,00,01,00,00,
10046772,000002D6,false,Rx,0,8,50,C1,04,00,00,00,00,00,
10046979,000002EB,false,Rx,0,8,47,96,04,08,08,01,00,02,
10047041,000002D7,false,Rx,0,8,00,00,00,00,03,00,00,00,
10047091,000002EC,false,Rx,0,8,00,00,00,00,00,00,00,00,
10047141,000002D8,false,Rx,0,8,00,00,00,00,00,00,38,44,
10047587,000002ED,false,Rx,0,8,00,00,00,00,00,00,00,00,
10047970,000002D9,false,Rx,0,8,00,00,00,00,00,00,00,00,
10048522,000002EE,false,Rx,0,8,00,00,00,00,00,00,00,00,
10049542,000001FB,false,Rx,0,8,16,7B,0A,00,00,00,00,00,
10049866,00000419,false,Rx,0,8,87,E0,0C,CE,E1,63,84,00,
10049942,000001FC,false,Rx,0,8,00,00,00,00,00,00,00,00,
10050188,000001FD,false,Rx,0,8,00,1A,03,00,00,00,00,00,
10050432,000000FF,false,Rx,0,8,CB,10,00,00,00,00,02,00,
10050654,000001FE,false,Rx,0,8,00,00,00,00,00,00,00,00,
10050955,00000251,false,Rx,0,8,F6,8A,09,00,00,00,00,00,
10051172,00000394,false,Rx,0,8,2A,22,1A,49,00,00,00,00,
10051455,00000252,false,Rx,0,8,00,00,00,00,03,00,00,00,
10051639,000003C3,false,Rx,0,8,45,10,31,30,36,00,00,00,
10051888,00000253,false,Rx,0,8,00,00,00,29,00,00,80,46,
10052124,00000396,false,Rx,0,8,11,00,04,0F,08,02,00,02,
10052370,000003E5,false,Rx,0,8,37,80,01,00,00,00,00,00,
10052621,00000397,false,Rx,0,8,04,00,00,00,00,00,00,00,
10052869,000003E6,false,Rx,0,8,A1,40,00,00,00,00,00,00,
10053101,00000398,false,Rx,0,8,00,00,00,00,00,00,00,00,
10053494,00000061,false,Rx,0,8,C1,CA,70,00,00,05,00,00,
10053618,0000041B,false,Rx,0,8,BE,70,00,00,00,00,00,00,
10053863,00000062,false,Rx,0,8,02,02,00,01,40,FF,00,FF,
10054106,0000041C,false,Rx,0,8,84,D0,E8,00,00,00,00,00,
10054332,00000063,false,Rx,0,8,C8,00,15,00,00,08,FF,00,
10054583,00000422,false,Rx,0,8,FA,20,01,00,00,00,04,00,
10054822,00000064,false,Rx,0,8,04,00,00,04,FF,FA,00,00,
10055066,00000432,false,Rx,0,8,03,20,02,00,00,00,00,00,
10055353,00000435,false,Rx,0,8,D0,50,00,50,00,00,00,00,
10055613,00000442,false,Rx,0,8,CE,20,11,81,00,00,00,00,
10055883,00000445,false,Rx,0,8,7F,D0,00,00,00,00,00,18,
10056129,00000464,false,Rx,0,8,6C,30,F0,FF,38,7F,05,00,
10056596,000002E6,false,Rx,0,8,DA,A6,09,01,00,00,00,15,
10056843,00000256,false,Rx,0,8,F2,6A,09,15,01,00,10,00,
10057178,000002E7,false,Rx,0,8,0A,00,00,00,03,00,00,00,
10057519,00000257,false,Rx,0,8,00,7B,00,00,83,07,00,78,
10057843,0000010B,false,Rx,0,8,EE,C7,62,00,00,00,00,05,
10058363,00000258,false,Rx,0,8,00,25,1D,00,10,15,00,04,
10058460,0000010C,false,Rx,0,8,FF,F9,E7,1F,43,48,44,44,
10058505,00000259,false,Rx,0,8,E9,03,12,3C,E8,01,00,00,
10058563,0000010D,false,Rx,0,8,EF,02,00,00,00,00,00,35,
10058922,000002E8,false,Rx,0,8,00,00,00,00,00,00,00,00,
10059017,0000010E,false,Rx,0,8,00,00,0A,00,00,C0,AB,57,
10059257,000002E9,false,Rx,0,8,00,00,00,00,00,00,00,00,
10059505,0000036F,false,Rx,0,8,30,A1,01,00,00,00,00,00,
10059868,000003B6,false,Rx,0,8,4E,CF,04,00,00,00,00,44,
10060205,0000037F,false,Rx,0,8,55,90,52,24,41,02,00,00,
10060695,00000036,false,Rx,0,8,E2,56,62,51,00,00,25,05,
10060745,000003B7,false,Rx,0,8,43,00,00,00,00,00,00,00,
10060796,00000037,false,Rx,0,8,00,00,00,10,00,40,00,00,
10061163,000003B8,false,Rx,0,8,EB,02,00,00,00,00,69,0E,
10061240,00000038,false,Rx,0,8,04,00,00,00,20,39,96,D4,
10061437,000003B9,false,Rx,0,8,00,00,00,00,00,00,00,00,
10061663,00000039,false,Rx,0,8,00,00,00,00,00,00,00,00,
10061917,00000444,false,Rx,0,8,1B,80,20,50,55,50,00,00,
10063788,000000A1,false,Rx,0,8,D1,09,71,8A,D4,EC,A2,00,
10063909,000000A2,false,Rx,0,8,00,00,00,00,00,00,00,00,
10064088,00000121,false,Rx,0,8,1A,1E,63,00,00,00,00,05,
10064484,000000A3,false,Rx,0,8,00,40,01,00,00,00,00,00,
10064930,00000122,false,Rx,0,8,FF,D9,67,1F,44,44,44,44,
10065015,00000123,false,Rx,0,8,F0,02,00,00,00,00,00,35,
10065059,00000565,false,Rx,0,8,66,02,00,00,00,00,FF,FF,
10065371,00000124,false,Rx,0,8,00,00,0A,00,00,00,20,40,
10065524,000001B1,false,Rx,0,8,25,A9,24,00,72,00,00,00,
10065753,00000146,false,Rx,0,8,7A,C1,24,10,04,05,00,00,
10065992,000001B2,false,Rx,0,8,23,00,04,0E,8A,01,50,0F,
10066228,00000147,false,Rx,0,8,00,04,7D,00,40,00,00,00,
10066667,000001B3,false,Rx,0,8,8B,2B,28,00,66,7F,71,7B,
10066739,00000148,false,Rx,0,8,00,00,42,00,1E,7B,40,05,
10067086,000001B4,false,Rx,0,8,68,78,10,00,00,41,00,00,
10067448,00000149,false,Rx,0,8,00,38,00,08,00,00,00,00,
10067748,00000380,false,Rx,0,8,A0,99,01,0C,0C,0C,0C,01,
10068205,000003E0,false,Rx,0,8,6E,50,01,00,54,03,00,00,
10068275,00000382,false,Rx,0,8,36,4D,02,00,00,05,09,00,
10068376,0000019B,false,Rx,0,8,AC,51,53,00,00,E4,00,00,
10068783,00000383,false,Rx,0,8,89,14,01,10,01,00,00,00,
10069083,0000019C,false,Rx,0,8,40,20,00,00,00,00,0B,09,
10069385,0000019D,false,Rx,0,8,00,10,00,01,00,00,00,00,
10069471,0000019E,false,Rx,0,8,10,00,00,00,00,32,00,00,
10070298,00000384,false,Rx,0,8,D8,3D,02,01,00,FF,00,22,
10075671,0000041A,false,Rx,0,8,6D,90,12,00,50,01,00,00,
10076673,0000042A,false,Rx,0,8,CF,74,01,04,00,10,00,00,
10082566,00000415,false,Rx,0,8,80,F0,FF,0F,00,80,00,00,
10084690,00000417,false,Rx,0,8,1E,80,00,00,00,01,00,00,
10084774,00000419,false,Rx,0,8,DE,00,01,CE,E1,63,84,00,
10089463,0000011B,false,Rx,0,8,4C,86,6A,05,80,08,A8,02,
10089647,0000012B,false,Rx,0,8,0B,7C,6A,06,00,00,08,00,
10089691,0000011C,false,Rx,0,8,00,05,20,00,22,00,01,01,
10089734,0000012C,false,Rx,0,8,00,00,01,00,00,64,00,00,
10089894,00000161,false,Rx,0,8,C6,9A,35,03,00,00,00,02,
10090343,00000162,false,Rx,0,8,FF,FC,01,00,00,00,00,00,
10097977,000004DD,false,Rx,1,8,00,00,FE,00,04,00,00,00,
10099501,000001A1,false,Rx,0,8,F2,2B,35,FE,F7,7F,64,00,
10099641,000001A2,false,Rx,0,8,00,00,00,00,00,08,00,00,
10099983,000001A3,false,Rx,0,8,FF,F3,3F,00,00,00,00,00,
10100058,000001A4,false,Rx,0,8,FE,07,00,00,00,00,00,00,
10100858,00000444,false,Rx,0,8,1B,80,20,50,55,50,00,00,
10102932,000001AB,false,Rx,0,8,3A,2C,CD,40,70,90,00,00,
10103073,000001AC,false,Rx,0,8,00,28,00,00,00,00,00,00,
10103309,00000061,false,Rx,0,8,BE,E6,75,00,00,05,00,00,
10103607,00000062,false,Rx,0,8,02,02,00,01,40,FF,00,FF,
10103881,000002BF,false,Rx,0,8,FF,FF,FF,00,00,00,00,00,
10104108,00000063,false,Rx,0,8,C8,00,15,00,00,08,FF,00,
10104790,0000047F,false,Rx,0,8,FF,FF,FF,FF,FF,FF,FF,FF,
10105078,00000064,false,Rx,0,8,04,00,00,04,FF,FA,00,00,
10105188,00000653,false,Rx,0,8,0A,19,03,01,02,2A,00,00,
10105571,000003E0,false,Rx,0,8,6E,50,01,00,54,03,00,00,
10106745,00000380,false,Rx,0,8,A0,99,01,0C,0C,0C,0C,01,
10107947,00000382,false,Rx,0,8,36,4D,02,00,00,05,09,00,
10108021,0000010B,false,Rx,0,8,48,D9,67,00,00,00,00,05,
10108157,00000487,false,Rx,1,8,00,00,00,00,00,00,00,00,
10108204,0000010C,false,Rx,0,8,FF,F9,E7,1F,43,48,44,44,
10108256,00000642,false,Rx,1,8,FF,FF,FF,FF,FF,FF,00,00,
10108298,0000010D,false,Rx,0,8,EF,02,00,00,00,00,00,35,
10108450,00000383,false,Rx,0,8,89,14,01,10,01,00,00,00,
10108661,0000010E,false,Rx,0,8,00,00,1E,00,00,C0,AB,57,
10109421,00000384,false,Rx,0,8,D8,3D,02,01,00,FF,00,22,
10109801,00000236,false,Rx,0,8,9D,57,0A,00,30,63,34,6C,
10110034,00000036,false,Rx,0,8,9D,7A,67,51,00,00,25,05,
10110401,00000237,false,Rx,0,8,00,05,94,00,00,5E,1D,00,
10110532,00000037,false,Rx,0,8,00,00,00,10,00,40,00,00,
10111153,00000151,false,Rx,0,8,D3,51,0A,A0,C8,00,28,15,
10111246,00000038,false,Rx,0,8,04,00,00,00,20,39,96,D4,
10111289,00000152,false,Rx,0,8,12,14,14,00,24,00,00,00,
10111714,00000039,false,Rx,0,8,00,00,00,00,00,00,00,00,
10112407,00000153,false,Rx,0,8,00,00,00,00,00,00,00,00,
10112715,00000238,false,Rx,0,8,00,00,0C,00,00,00,00,00,
10112784,00000154,false,Rx,0,8,00,00,00,00,00,00,00,00,
10112849,000001F6,false,Rx,0,8,1D,3A,0A,00,00,00,00,0C,
10112919,000002FB,false,Rx,0,8,31,25,0A,04,0C,14,C3,C3,
10112963,000001F7,false,Rx,0,8,1F,00,DC,00,00,00,00,00,
10113473,000002FC,false,Rx,0,8,00,00,12,15,00,00,78,96,
10113837,000001F8,false,Rx,0,8,00,69,00,64,00,00,00,00,
10114359,000000A1,false,Rx,0,8,D8,8C,76,8A,D4,EC,A2,00,
10114418,000001F9,false,Rx,0,8,19,00,A0,C8,14,00,19,00,
10114720,000000A2,false,Rx,0,8,00,00,00,00,00,00,00,00,
10114818,00000121,false,Rx,0,8,A3,51,68,FE,FF,00,00,05,
10114952,000000A3,false,Rx,0,8,00,40,01,00,00,00,00,00,
10115006,00000122,false,Rx,0,8,FF,D9,67,1F,44,44,44,44,
10115106,00000239,false,Rx,0,8,00,00,00,00,01,00,00,00,
10115354,00000123,false,Rx,0,8,F0,02,00,00,00,00,00,35,
10115595,0000025B,false,Rx,0,8,4D,AC,0A,40,40,20,00,00,
10116031,00000124,false,Rx,0,8,00,00,0A,00,00,00,20,40,
10116118,0000025C,false,Rx,0,8,00,00,1F,00,BD,68,14,00,
10116435,000002FD,false,Rx,0,8,00,00,00,00,00,1C,10,EA,
10116783,0000025D,false,Rx,0,8,00,C8,00,00,00,80,C0,70,
10117098,000002FE,false,Rx,0,8,00,00,72,01,00,28,00,00,
10117185,0000025E,false,Rx,0,8,04,07,0E,01,00,00,00,00,
10117415,00000326,false,Rx,0,8,63,96,0A,00,00,00,00,00,
10117562,0000041A,false,Rx,0,8,6D,90,12,00,50,01,00,00,
10118719,00000327,false,Rx,0,8,00,00,00,00,01,00,00,00,
10119270,000003AE,false,Rx,1,8,02,FF,00,11,00,13,00,FF,
10119330,0000042A,false,Rx,0,8,CF,74,01,04,00,10,00,00,
10119375,00000328,false,Rx,0,8,DC,00,19,00,00,69,00,00,
10120358,00000630,false,Rx,1,8,CF,FF,FF,FF,FF,FF,FF,FF,
10121188,0000019B,false,Rx,0,8,64,92,58,00,00,E4,00,00,
10121598,00000329,false,Rx,0,8,A0,64,00,00,00,00,00,00,
10121705,00000631,false,Rx,1,8,C0,20,0D,01,00,00,00,00,
10121764,0000019C,false,Rx,0,8,40,20,00,00,00,00,0B,09,
10121815,00000331,false,Rx,0,8,93,B7,0A,F1,C8,A0,2C,97,
10121888,00000632,false,Rx,1,8,00,00,C0,00,00,00,00,00,
10121963,0000019D,false,Rx,0,8,00,10,00,01,00,00,00,00,
10122007,00000332,false,Rx,0,8,44,07,B4,00,00,00,00,00,
10122054,00000633,false,Rx,1,8,00,00,05,13,00,00,8A,02,
10122104,0000019E,false,Rx,0,8,15,00,00,00,00,32,00,00,
10122588,00000333,false,Rx,0,8,00,00,00,1C,0C,40,20,A0,
10123332,00000634,false,Rx,1,8,2D,FF,FF,FF,FF,FF,FF,FF,
10123449,00000334,false,Rx,0,8,C8,00,00,00,5C,70,B7,8F,
10123523,00000635,false,Rx,1,8,00,00,00,00,00,00,00,00,
10123619,00000636,false,Rx,1,8,00,13,00,00,00,05,00,00,
10123665,00000637,false,Rx,1,8,FF,0A,0A,0A,0A,0A,00,00,
10124121,00000639,false,Rx,1,8,00,13,00,00,8A,02,00,00,
10124455,00000643,false,Rx,1,8,00,FC,FF,FF,FF,FF,03,00,
10124789,00000417,false,Rx,0,8,1E,80,00,00,00,01,00,00,
10125423,00000419,false,Rx,0,8,DE,00,01,CE,E1,63,84,00,
10137764,00000244,false,Rx,1,8,00,00,00,00,00,00,00,00,
10137900,000004C8,false,Rx,1,8,00,00,18,00,00,00,00,00,
10138232,000004D7,false,Rx,1,8,23,01,00,00,00,00,00,00,
10138490,000004DD,false,Rx,1,8,00,00,00,00,04,00,00,00,
10138849,000004E8,false,Rx,1,8,FF,FF,FF,29,FF,FF,FF,00,
10139016,00000646,false,Rx,1,8,00,00,00,80,01,00,00,00,
10139312,0000011B,false,Rx,0,8,BA,AE,6F,05,80,08,A8,02,
10139383,0000012B,false,Rx,0,8,FD,54,6F,06,00,00,08,00,
10139712,0000011C,false,Rx,0,8,00,05,20,00,22,00,01,01,
10139866,0000012C,false,Rx,0,8,00,00,01,00,00,64,00,00,
10140082,000001E6,false,Rx,0,8,08,84,11,C2,03,64,64,00,
10140836,000001BB,false,Rx,0,8,EC,C8,11,C2,03,64,64,0A,
10141325,00000091,false,Rx,0,8,C2,6D,08,00,00,00,00,00,
10141521,000001BC,false,Rx,0,8,32,00,00,00,02,00,00,00,
10141581,00000092,false,Rx,0,8,00,00,00,00,00,00,00,00,
10141945,000001BD,false,Rx,0,8,00,00,00,00,00,00,00,00,
10142056,00000093,false,Rx,0,8,00,00,00,00,00,00,00,00,
10142101,000001E7,false,Rx,0,8,00,00,22,03,00,01,00,00,
10142284,00000094,false,Rx,0,8,00,00,00,00,00,00,00,00,
10145410,000003E0,false,Rx,0,8,6E,50,01,00,54,03,00,00,
10147068,0000033B,false,Rx,0,8,5B,83,70,00,00,00,00,00,
10147304,0000033C,false,Rx,0,8,00,00,00,00,F0,00,00,00,
10147536,00000380,false,Rx,0,8,A0,99,01,0C,0C,0C,0C,01,
10147795,000003AE,false,Rx,1,8,FF,FF,FF,FF,FF,FF,FF,FF,
10147866,0000033D,false,Rx,0,8,00,00,00,00,00,00,00,00,
10148086,00000356,false,Rx,0,8,1E,D4,B8,00,00,00,00,00,
10148238,000004A3,false,Rx,1,8,80,00,48,0B,3E,00,00,00,
10148311,0000033E,false,Rx,0,8,00,00,00,00,00,00,00,00,
10148548,00000357,false,Rx,0,8,00,00,00,00,00,4B,4D,48,
10148709,000004A4,false,Rx,1,8,FF,FF,FF,00,00,00,00,00,
10149012,00000358,false,Rx,0,8,35,41,45,4D,52,37,33,4F,
10149200,00000630,false,Rx,1,8,FF,FF,FF,FF,FF,FF,FF,FF,
10149487,00000359,false,Rx,0,8,51,4F,34,52,4A,35,33,00,
10149710,00000631,false,Rx,1,8,C0,FF,FF,03,00,00,00,00,
10149888,00000419,false,Rx,0,8,94,10,01,CE,D9,63,84,00,
10149938,00000382,false,Rx,0,8,36,4D,02,00,00,05,09,00,
10150206,00000632,false,Rx,1,8,00,00,40,00,00,00,00,00,
10150443,00000383,false,Rx,0,8,89,14,01,10,01,00,00,00,
10150682,00000633,false,Rx,1,8,00,FF,FF,FF,FF,FF,FF,FF,
10151177,00000634,false,Rx,1,8,FF,FF,FF,FF,FF,FF,FF,FF,
10151246,000002AB,false,Rx,0,8,FB,87,0B,0C,0C,00,00,00,
10151433,00000384,false,Rx,0,8,D8,3D,02,01,00,FF,00,22,
10151647,00000635,false,Rx,1,8,FF,00,00,00,00,00,00,00,
10151808,000002AC,false,Rx,0,8,00,FF,FF,00,00,40,00,50,
10151893,000003B0,false,Rx,0,8,72,37,FF,C7,00,00,03,C0,
10152128,00000636,false,Rx,1,8,FF,FF,FF,FF,FF,FF,00,00,
10152286,000002AD,false,Rx,0,8,00,01,00,40,FF,FF,FF,0F,
10152635,00000637,false,Rx,1,8,FF,FF,FF,FF,FF,FF,00,00,
10152705,000002AE,false,Rx,0,8,01,00,FF,3F,01,01,00,00,
10152886,000003B1,false,Rx,0,8,9B,3C,FF,40,00,00,20,00,
10153117,00000639,false,Rx,1,8,00,FF,FF,FF,FF,FF,00,00,
10153309,000002B6,false,Rx,0,8,C8,FC,0B,01,01,00,00,40,
10153362,00000061,false,Rx,0,8,3F,92,7A,00,00,05,00,00,
10153608,000002B7,false,Rx,0,8,95,01,C1,00,00,04,00,00,
10153860,00000062,false,Rx,0,8,02,02,00,01,40,FF,00,FF,
10154079,000002B8,false,Rx,0,8,B2,61,11,00,00,00,00,00,
10154353,00000063,false,Rx,0,8,C8,00,15,00,00,08,FF,00,
10154572,000002B9,false,Rx,0,8,0A,00,00,00,00,00,00,00,
10154820,00000064,false,Rx,0,8,04,00,00,04,FF,FA,00,00,
10155058,000002C1,false,Rx,0,8,BF,1F,06,21,00,41,00,A1,
10155327,000003B2,false,Rx,0,8,36,15,FF,02,29,2F,34,00,
10155539,000002C2,false,Rx,0,8,40,00,00,00,00,00,00,00,
10155778,00000427,false,Rx,0,8,1D,86,FF,00,80,0A,00,00,
10156012,000002C3,false,Rx,0,8,00,00,00,00,00,00,00,00,
10156536,000002C4,false,Rx,0,8,00,00,00,00,00,00,00,00,
10157025,000002E1,false,Rx,0,8,2F,C4,0B,00,00,00,00,40,
10157514,000002E2,false,Rx,0,8,0F,00,00,00,00,14,00,04,
10157751,0000010B,false,Rx,0,8,B5,2B,6C,00,00,00,00,05,
10157988,000002E3,false,Rx,0,8,00,00,00,00,00,00,72,01,
10158266,0000010C,false,Rx,0,8,FF,F9,E7,1F,43,48,44,44,
10158472,000002E4,false,Rx,0,8,02,00,00,00,00,00,00,00,
10158722,0000010D,false,Rx,0,8,F0,02,00,00,00,00,00,35,
10158957,00000566,false,Rx,0,8,16,02,00,00,00,00,FF,FF,
10159229,0000010E,false,Rx,0,8,00,00,1E,00,00,C0,AB,57,
10159441,0000036F,false,Rx,0,8,89,B1,01,00,00,00,00,00,
10159680,00000111,false,Rx,0,8,D3,9C,07,01,00,00,00,00,
10159923,0000037F,false,Rx,0,8,83,A0,52,24,41,02,00,00,
10160163,00000112,false,Rx,0,8,00,00,00,00,00,00,00,00,
10160658,00000036,false,Rx,0,8,25,7B,6C,51,00,00,25,05,
10161159,00000037,false,Rx,0,8,00,00,00,10,00,40,00,00,
10161631,00000038,false,Rx,0,8,04,00,00,00,20,39,96,D4,
10161905,00000039,false,Rx,0,8,00,00,00,00,00,00,00,00,
10162157,00000113,false,Rx,0,8,00,00,00,00,00,00,00,00,
10162409,00000114,false,Rx,0,8,00,00,00,00,00,00,00,00,
10163549,000000A1,false,Rx,0,8,EE,CF,7B,8A,D4,EC,A2,00,
10163822,000000A2,false,Rx,0,8,00,00,00,00,00,00,00,00,
10164069,00000121,false,Rx,0,8,AE,3F,6D,02,00,00,00,05,
10164309,000000A3,false,Rx,0,8,00,40,01,00,00,00,00,00,
10164540,00000122,false,Rx,0,8,FF,D9,67,1F,44,44,44,44,
10164789,00000123,false,Rx,0,8,F0,02,00,00,00,00,00,35,
10165262,00000124,false,Rx,0,8,00,00,0A,00,00,00,20,40,
10165656,00000146,false,Rx,0,8,62,71,29,10,04,05,00,00,
10165797,00000147,false,Rx,0,8,00,04,7D,00,40,00,00,00,
10166285,00000148,false,Rx,0,8,00,00,42,00,1E,7B,40,05,
10166389,00000149,false,Rx,0,8,00,38,00,C8,00,00,00,00,
10166599,00000401,false,Rx,0,8,28,40,10,00,00,01,00,00,
10167200,000001B1,false,Rx,0,8,28,6F,29,00,72,00,00,00,
10167316,000001B2,false,Rx,0,8,23,00,04,0E,8A,01,50,0F,
10167797,000001B3,false,Rx,0,8,8B,2B,28,00,66,7F,71,7B,
10167871,000001B4,false,Rx,0,8,68,78,10,00,00,41,00,00,
10168170,000004C8,false,Rx,1,8,00,00,00,00,00,00,00,00,
10168509,0000019B,false,Rx,0,8,1B,BE,5D,00,00,E4,00,00,
10168877,0000019C,false,Rx,0,8,40,20,00,00,00,00,0B,09,
10169162,0000019D,false,Rx,0,8,00,10,00,01,00,00,00,00,
10169415,0000019E,false,Rx,0,8,15,00,00,00,00,32,00,00,
10177664,000003AE,false,Rx,1,8,FF,FF,FF,FF,FF,FF,FF,FF,
10177919,000004D7,false,Rx,1,8,23,01,00,00,00,00,00,00,
10178221,000004DD,false,Rx,1,8,00,00,00,00,04,00,00,00,
10178505,000004E8,false,Rx,1,8,FF,FF,FF,29,FF,FF,FF,00,
10178766,00000630,false,Rx,1,8,FF,FF,FF,FF,FF,FF,FF,FF,
10179042,00000631,false,Rx,1,8,C0,FF,FF,03,00,00,00,00,
10179288,00000632,false,Rx,1,8,00,00,40,00,00,00,00,00,
10179572,00000405,false,Rx,0,8,0C,50,00,00,00,01,00,00,
10179662,00000633,false,Rx,1,8,00,FF,FF,FF,FF,FF,FF,FF,
10179707,000001E1,false,Rx,0,8,C2,02,17,02,00,00,00,00,
10179771,00000410,false,Rx,0,8,A3,90,53,3C,B4,6A,FF,FF,
10179832,00000634,false,Rx,1,8,FF,FF,FF,FF,FF,FF,FF,FF,
10180041,000001E2,false,Rx,0,8,00,00,00,00,00,00,00,00,
10180288,00000411,false,Rx,0,8,09,81,50,50,00,00,44,04,
10180354,00000635,false,Rx,1,8,FF,00,00,00,00,00,00,00,
10180808,00000412,false,Rx,0,8,F1,00,00,00,00,00,04,00,
10180891,00000636,false,Rx,1,8,FF,FF,FF,FF,FF,FF,00,00,
10181080,00000413,false,Rx,0,8,F5,10,00,41,00,00,00,00,
10181328,00000637,false,Rx,1,8,FF,FF,FF,FF,FF,FF,00,00,
10181513,00000414,false,Rx,0,8,87,A0,00,00,28,00,00,00,
10181808,00000639,false,Rx,1,8,00,FF,FF,FF,FF,FF,00,00,
10182009,00000416,false,Rx,0,8,55,00,00,00,00,00,00,00,
10182521,00000417,false,Rx,0,8,1E,80,00,00,00,01,00,00,
10182755,0000048F,false,Rx,0,8,AD,10,41,00,05,00,00,00,
10182982,00000418,false,Rx,0,8,AF,40,00,00,12,4C,00,00,
10188046,000001F1,false,Rx,0,8,A2,46,19,01,00,00,28,00,
10188241,000001F2,false,Rx,0,8,00,00,00,00,00,00,00,00,
10188917,00000161,false,Rx,0,8,DC,E3,3A,03,00,00,00,02,
10189061,0000011B,false,Rx,0,8,78,74,74,05,80,08,A8,02,
10189340,00000162,false,Rx,0,8,FF,FC,01,00,00,00,00,00,
10189555,0000011C,false,Rx,0,8,00,05,20,00,22,00,01,01,
10189790,0000012B,false,Rx,0,8,3F,8E,74,06,00,00,08,00,
10190042,0000012C,false,Rx,0,8,00,00,01,00,00,64,00,00,
10190291,00000435,false,Rx,0,8,58,60,00,50,00,00,50,00,
10190553,00000419,false,Rx,0,8,76,20,F0,CD,D9,63,84,00,
10195540,000003AA,false,Rx,0,8,FF,00,D0,00,54,00,00,00,
10197717,000000C7,false,Rx,1,8,00,00,00,E1,07,00,00,00,
10197913,000004C8,false,Rx,1,8,00,00,00,00,00,00,00,00,
10198186,000004F0,false,Rx,1,8,4A,0D,2B,0F,5C,1A,11,02,
10199092,000001A1,false,Rx,0,8,73,5F,3A,FE,F7,7F,64,00,
10199210,000001A2,false,Rx,0,8,00,00,00,00,00,08,00,00,
10199464,000001A3,false,Rx,0,8,FF,F3,3F,00,00,00,00,00,
10199716,000001A4,false,Rx,0,8,FE,07,00,00,00,00,00,00,
10201978,00000475,false,Rx,0,8,12,00,00,00,00,00,00,00,
10202204,00000496,false,Rx,0,8,12,00,00,00,00,00,00,00,
10202468,0000030B,false,Rx,0,8,79,E7,70,00,04,00,00,00,
10202727,0000030C,false,Rx,0,8,00,00,0C,00,2C,00,A0,0F,
10203046,0000030D,false,Rx,0,8,00,00,00,00,FF,00,00,00,
10203268,000001AB,false,Rx,0,8,2A,76,D2,40,70,90,00,00,
10203479,00000061,false,Rx,0,8,40,BE,7F,00,00,05,00,00,
10203732,000001AC,false,Rx,0,8,00,28,00,00,00,00,00,00,
10203953,00000062,false,Rx,0,8,02,02,00,01,40,FF,00,FF,
10204249,0000030E,false,Rx,0,8,00,00,28,05,21,00,00,04,
10204436,00000063,false,Rx,0,8,C8,00,15,00,00,08,FF,00,
10204698,00000064,false,Rx,0,8,04,00,00,04,FF,FA,00,00,
10205310,00000495,false,Rx,0,8,49,00,00,00,00,00,00,00,
10207640,0000010B,false,Rx,0,8,38,DA,71,00,00,00,00,05,
10207823,0000010C,false,Rx,0,8,FF,F9,E7,1F,43,48,44,44,
10208072,0000010D,false,Rx,0,8,EF,02,00,00,00,00,00,35,
10208302,0000010E,false,Rx,0,8,00,00,1E,00,00,C0,AB,57,
10210383,00000036,false,Rx,0,8,4A,44,71,51,00,00,25,05,
10210470,00000037,false,Rx,0,8,05,00,00,10,00,40,00,00,
10210546,00000038,false,Rx,0,8,04,00,00,00,20,39,96,D4,
10210929,00000039,false,Rx,0,8,00,00,00,00,00,00,00,00,
10212943,00000448,false,Rx,0,8,7F,00,00,00,00,00,00,00,
10213628,000000A1,false,Rx,0,8,90,CD,80,8A,D4,EC,A2,00,
10213823,000000A2,false,Rx,0,8,00,00,00,00,00,00,00,00,
10214058,00000121,false,Rx,0,8,99,83,72,00,00,00,00,05,
10214305,000000A3,false,Rx,0,8,00,40,01,00,00,00,00,00,
10214534,00000122,false,Rx,0,8,FF,D9,67,1F,44,44,44,44,
10214787,00000123,false,Rx,0,8,F0,02,00,00,00,00,00,35,
10215040,00000124,false,Rx,0,8,00,00,0A,00,00,00,20,40,
10217678,000000C5,false,Rx,1,8,00,00,00,00,00,00,00,00,
10217935,00000244,false,Rx,1,8,00,00,00,00,00,00,00,00,
10218207,000003AE,false,Rx,1,8,FF,FF,FF,FF,FF,FF,FF,FF,
10218481,0000041F,false,Rx,1,8,00,0C,00,00,00,00,00,00,
10218671,0000019B,false,Rx,0,8,F4,97,62,00,00,E4,00,00,
10218952,000004B4,false,Rx,1,8,01,00,0D,40,10,60,44,02,
10219020,0000019C,false,Rx,0,8,40,20,00,00,00,00,0B,09,
10219084,000004B5,false,Rx,1,8,08,00,F0,07,00,00,00,00,
10219469,0000019D,false,Rx,0,8,00,10,00,01,00,00,00,00,
10219547,000004B7,false,Rx,1,8,08,00,F0,07,00,00,00,00,
10219962,0000019E,false,Rx,0,8,15,00,00,00,00,32,00,00,
10220041,000004CA,false,Rx,1,8,00,00,00,00,00,00,00,00,
10220491,000004CC,false,Rx,1,8,08,00,00,2A,00,00,03,00,
10220971,000004CE,false,Rx,1,8,14,01,FF,FF,FF,FF,FF,FF,
10221263,000004D7,false,Rx,1,8,23,01,00,00,00,00,00,00,
10221544,000004D8,false,Rx,1,8,41,10,F6,F0,40,F2,1E,CC,
10221802,000004DD,false,Rx,1,8,00,00,00,00,04,00,00,00,
10222078,000004DF,false,Rx,1,8,00,00,08,00,00,00,00,00,
10222299,000004E7,false,Rx,1,8,00,30,00,00,00,00,69,00,
10222585,000004E8,false,Rx,1,8,FF,FF,FF,29,FF,FF,FF,00,
10222879,000004E9,false,Rx,1,8,00,00,00,00,00,00,00,00,
10223158,000004EA,false,Rx,1,8,00,00,00,00,00,00,00,00,
10223508,00000226,false,Rx,0,8,1E,3D,5F,FF,00,20,09,42,
10223598,000002FF,false,Rx,0,8,83,B9,00,F0,3F,00,00,00,
10223679,000004EB,false,Rx,1,8,04,68,2B,0E,00,00,00,00,
10223750,00000227,false,Rx,0,8,02,C4,07,09,00,F1,FF,07,
10223852,000004EC,false,Rx,1,8,FF,FF,FF,FF,FF,FF,FF,0F,
10224151,00000316,false,Rx,0,8,2C,7E,31,04,00,80,0A,00,
10224232,000004ED,false,Rx,1,8,FF,FF,FF,FF,FF,FF,FF,1F,
10224595,00000317,false,Rx,0,8,00,00,05,00,00,00,00,00,
10224671,000004EE,false,Rx,1,8,FF,FF,00,00,00,00,00,00,
10224807,00000472,false,Rx,0,8,5C,EC,00,40,08,41,00,45,
10225142,000004EF,false,Rx,1,8,60,00,60,00,29,14,00,00,
10225358,00000473,false,Rx,0,8,5F,24,00,25,00,00,00,78,
10225624,00000630,false,Rx,1,8,FF,FF,FF,FF,FF,FF,FF,FF,
10225863,00000474,false,Rx,0,8,53,98,00,00,00,00,00,10,
10226142,00000631,false,Rx,1,8,C0,FF,FF,03,00,00,00,00,
10226593,00000632,false,Rx,1,8,00,00,40,00,00,00,00,00,
10227091,00000633,false,Rx,1,8,00,FF,FF,FF,FF,FF,FF,FF,
10227587,00000634,false,Rx,1,8,FF,FF,FF,FF,FF,FF,FF,FF,
10227841,00000635,false,Rx,1,8,FF,00,00,00,00,00,00,00,
10228144,00000636,false,Rx,1,8,FF,FF,FF,FF,FF,FF,00,00,
10228404,00000637,false,Rx,1,8,FF,FF,FF,FF,FF,FF,00,00,
10228674,00000639,false,Rx,1,8,00,FF,FF,FF,FF,FF,00,00,
10228968,0000063D,false,Rx,1,8,00,80,00,00,00,00,00,00,
10229243,0000063E,false,Rx,1,8,FF,FF,FF,FF,FF,FF,FF,FF,
10229496,0000063F,false,Rx,1,8,00,10,00,C4,FF,00,00,00,
10229796,00000419,false,Rx,0,8,76,20,F0,CD,D9,63,84,00,
10230029,00000640,false,Rx,1,8,FF,FF,FF,00,FF,FF,FF,00,
10230100,00000641,false,Rx,1,8,FF,FF,FF,FF,0F,FF,FF,FF,
10230395,00000435,false,Rx,0,8,58,60,00,50,00,00,50,00,
10230566,00000646,false,Rx,1,8,00,00,00,80,01,00,00,00,
10235186,000003A1,false,Rx,0,8,A1,F1,4F,00,FF,FF,FF,FF,
10235393,000003A2,false,Rx,0,8,00,00,00,00,00,00,00,00,
10237711,000000C7,false,Rx,1,8,00,00,00,E1,07,00,00,00,
10237976,000004C8,false,Rx,1,8,00,00,00,00,00,00,00,00,
10238203,000004F0,false,Rx,1,8,4A,0D,2B,0F,5C,1A,11,02,
10238987,0000011B,false,Rx,0,8,0B,4D,79,05,80,08,A8,02,
10239168,0000012B,false,Rx,0,8,4C,B7,79,06,00,00,08,00,
10239393,0000011C,false,Rx,0,8,00,05,20,00,22,00,01,01,
10239660,0000012C,false,Rx,0,8,00,00,01,00,00,64,00,00,
10240858,00000091,false,Rx,0,8,18,70,09,00,00,00,00,00,
10241025,00000092,false,Rx,0,8,04,00,00,00,40,00,00,00,
10241263,00000093,false,Rx,0,8,00,00,00,00,00,00,00,00,
10241521,00000094,false,Rx,0,8,00,00,00,00,00,00,00,00,
10246364,000002D6,false,Rx,0,8,16,98,05,00,00,00,00,00,
10246460,000002EB,false,Rx,0,8,E2,87,05,08,08,01,00,02,
10246712,000002D7,false,Rx,0,8,00,00,00,00,03,00,00,00,
10246937,000002EC,false,Rx,0,8,02,00,00,00,00,00,00,00,
10247146,000002D8,false,Rx,0,8,00,00,00,00,00,00,38,44,
10247377,000002ED,false,Rx,0,8,00,00,00,00,00,00,00,00,
10247813,000002D9,false,Rx,0,8,00,00,00,00,00,00,00,00,
10247930,000002EE,false,Rx,0,8,00,00,00,00,00,00,00,00,
10249455,000001FB,false,Rx,0,8,A3,BC,0C,00,00,00,00,00,
10249636,000001FC,false,Rx,0,8,00,00,00,00,00,00,00,00,
10249904,000001FD,false,Rx,0,8,00,1A,03,00,00,00,00,00,
10250152,000000FF,false,Rx,0,8,CB,10,00,00,00,00,02,00,
10250392,000001FE,false,Rx,0,8,00,00,00,00,00,00,00,00,
10250638,00000251,false,Rx,0,8,BE,2B,0B,00,00,00,00,00,
10250894,00000394,false,Rx,0,8,2A,22,1A,49,00,00,00,00,
10251127,00000252,false,Rx,0,8,00,00,00,00,03,00,00,00,
10251404,000003C3,false,Rx,0,8,45,10,31,30,36,00,00,00,
10251608,00000253,false,Rx,0,8,00,00,00,52,00,00,80,46,
10251858,000003E0,false,Rx,0,8,6E,50,01,00,54,03,00,00,
10252084,00000396,false,Rx,0,8,03,C0,05,0F,08,02,00,02,
10252328,000003E5,false,Rx,0,8,37,80,01,00,00,00,00,00,
10252577,00000397,false,Rx,0,8,35,00,00,00,00,00,00,00,
10252928,000003E6,false,Rx,0,8,A1,40,00,00,00,00,00,00,
10253089,00000398,false,Rx,0,8,00,00,00,00,00,00,00,00,
10253335,00000061,false,Rx,0,8,0F,87,84,00,00,05,00,00,
10253568,0000041A,false,Rx,0,8,6D,90,12,00,50,01,00,00,
10253810,00000062,false,Rx,0,8,02,02,00,01,40,FF,00,FF,
10254058,0000041B,false,Rx,0,8,BE,70,00,00,00,00,00,00,
10254318,00000063,false,Rx,0,8,C8,00,15,00,00,08,FF,00,
10254542,0000041C,false,Rx,0,8,84,D0,E8,00,00,00,00,00,
10254925,00000064,false,Rx,0,8,04,00,00,04,FF,FA,00,00,
10255034,00000422,false,Rx,0,8,FA,20,01,00,00,00,04,00,
10255300,00000419,false,Rx,0,8,53,30,F0,CD,D1,63,84,00,
10255531,00000516,false,Rx,0,8,61,02,00,00,00,00,FF,FF,
10255775,00000432,false,Rx,0,8,03,20,02,00,00,00,00,00,
10256037,00000442,false,Rx,0,8,CE,20,11,81,00,00,00,00,
10256298,00000444,false,Rx,0,8,1B,80,20,50,55,50,00,00,
10256561,00000445,false,Rx,0,8,7F,D0,00,00,00,00,00,18,
10257120,000002E6,false,Rx,0,8,E6,CF,0B,01,00,00,00,15,
10257252,00000256,false,Rx,0,8,D9,77,0B,15,00,00,10,00,
10257310,000002E7,false,Rx,0,8,0A,00,00,00,01,00,00,00,
10257774,00000257,false,Rx,0,8,00,7B,3E,00,83,07,00,79,
10258304,0000010B,false,Rx,0,8,CB,44,76,00,00,00,00,05,
10258403,00000258,false,Rx,0,8,01,25,1D,00,10,15,00,28,
10258458,0000010C,false,Rx,0,8,FF,F9,E7,1F,43,48,44,44,
10258523,00000259,false,Rx,0,8,E9,03,12,3C,E4,01,00,00,
10258725,0000010D,false,Rx,0,8,EF,02,00,00,00,00,00,35,
10258948,000002E8,false,Rx,0,8,00,00,00,00,00,00,00,00,
10259186,0000010E,false,Rx,0,8,00,00,1E,00,00,C0,AB,57,
10259425,000002E9,false,Rx,0,8,00,00,00,00,00,00,00,00,
10259697,0000036F,false,Rx,0,8,81,C1,01,00,00,00,00,00,
10259914,000003B6,false,Rx,0,8,B3,D7,05,00,00,00,00,44,
10260154,00000036,false,Rx,0,8,B9,DA,76,51,00,00,25,05,
10260381,0000037F,false,Rx,0,8,3A,B0,52,24,41,02,00,00,
10260671,00000037,false,Rx,0,8,05,00,00,10,00,40,00,00,
10260884,000003B7,false,Rx,0,8,43,00,00,00,00,18,00,00,
10261122,00000038,false,Rx,0,8,04,00,00,00,20,39,96,D4,
10261381,000003B8,false,Rx,0,8,EB,02,00,00,00,00,69,0E,
10261682,00000039,false,Rx,0,8,00,00,00,00,00,00,00,00,
10261879,000003B9,false,Rx,0,8,00,00,00,00,00,00,00,00,
10262089,00000464,false,Rx,0,8,6C,30,F0,FF,38,7F,05,00,
10263550,000000A1,false,Rx,0,8,9F,26,85,8A,D4,EC,A2,00,
10263898,000000A2,false,Rx,0,8,00,00,00,00,00,00,00,00,
10264073,00000121,false,Rx,0,8,E6,AF,77,00,00,00,00,05,
10264313,000000A3,false,Rx,0,8,00,40,01,00,00,00,00,00,
10264528,00000122,false,Rx,0,8,FF,D9,67,1F,44,44,44,44,
10264776,00000123,false,Rx,0,8,F0,02,00,00,00,00,00,35,
10265023,00000124,false,Rx,0,8,00,00,0A,00,00,00,20,40,
10265531,00000146,false,Rx,0,8,91,EF,2E,10,04,05,00,00,
10265778,00000147,false,Rx,0,8,00,04,7D,00,40,00,00,00,
10266081,00000148,false,Rx,0,8,00,00,42,00,1E,7B,40,05,
10266340,00000149,false,Rx,0,8,00,38,00,C8,00,00,00,00,
10266583,000001B1,false,Rx,0,8,DB,F1,2E,00,72,00,00,00,
10266858,000001B2,false,Rx,0,8,23,00,04,0E,8A,01,50,0F,
10267102,000001B3,false,Rx,0,8,8B,2B,28,00,66,7F,71,7B,
10267360,000001B4,false,Rx,0,8,68,78,10,00,00,41,00,00,
10268365,0000019B,false,Rx,0,8,8B,BB,67,00,00,E4,00,00,
10268641,0000019C,false,Rx,0,8,40,20,00,00,00,00,0B,09,
10268890,0000019D,false,Rx,0,8,00,10,00,01,00,00,00,00,
10269149,0000019E,false,Rx,0,8,15,00,00,00,00,32,00,00,
10270235,00000435,false,Rx,0,8,58,60,00,50,00,00,50,00,
10277684,000000C7,false,Rx,1,8,00,00,00,E1,07,00,00,00,
10277928,000004F0,false,Rx,1,8,4A,0D,2B,0F,5C,1A,11,02,
10284419,00000419,false,Rx,0,8,62,40,C4,CD,D1,63,84,00,
10288922,00000161,false,Rx,0,8,2A,CB,3F,03,00,00,00,02,
10289083,0000011B,false,Rx,0,8,94,25,7E,05,80,08,A8,02,
10289372,00000162,false,Rx,0,8,FF,FC,01,00,00,00,00,00,
10289570,0000011C,false,Rx,0,8,00,05,20,00,22,00,01,01,
10289806,0000012B,false,Rx,0,8,D3,DF,7E,06,00,00,08,00,
10290031,000001E6,false,Rx,0,8,F6,99,14,C2,03,64,64,00,
10290293,0000012C,false,Rx,0,8,00,00,01,00,00,64,00,00,
10290517,000001BB,false,Rx,0,8,E3,23,14,C2,03,64,64,0A,
10290807,000001BC,false,Rx,0,8,32,00,00,00,02,00,00,00,
10291033,000001BD,false,Rx,0,8,00,00,00,00,00,00,00,00,
10291299,000001E7,false,Rx,0,8,00,00,22,03,20,01,00,00,
10299076,000001A1,false,Rx,0,8,0C,73,3F,FE,F7,7F,64,00,
10299223,000001A2,false,Rx,0,8,00,00,00,00,00,08,00,00,
10299481,000001A3,false,Rx,0,8,FF,F3,3F,00,00,00,00,00,
10299886,000001A4,false,Rx,0,8,FE,07,00,00,00,00,00,00,
10302577,000001AB,false,Rx,0,8,DC,5E,D7,40,70,90,00,00,
10302698,000001AC,false,Rx,0,8,00,28,00,00,00,00,00,00,
10303134,00000061,false,Rx,0,8,33,B1,89,00,00,05,00,00,
10303419,00000062,false,Rx,0,8,02,02,00,01,40,FF,00,FF,
10303664,000002BF,false,Rx,0,8,FF,FF,FF,00,00,00,00,00,
10304263,00000063,false,Rx,0,8,C9,00,15,00,00,08,FF,00,
10304641,0000047F,false,Rx,0,8,FF,FF,FF,FF,FF,FF,FF,FF,
10304763,00000064,false,Rx,0,8,04,00,00,04,FF,FA,00,00,
10305254,00000653,false,Rx,0,8,0A,19,03,01,02,2A,00,00,
10307979,0000010B,false,Rx,0,8,C6,82,7B,00,00,00,00,05,
10308114,000000C7,false,Rx,1,8,00,00,00,E0,07,00,00,00,
10308162,0000010C,false,Rx,0,8,FF,F9,E7,1F,43,48,44,44,
10308219,00000487,false,Rx,1,8,00,00,00,00,00,00,00,00,
10308271,0000010D,false,Rx,0,8,EF,02,00,00,00,00,00,35,
10308505,00000642,false,Rx,1,8,FF,FF,FF,FF,FF,FF,00,00,
10308578,0000010E,false,Rx,0,8,00,00,1E,00,00,C0,AB,57,
10310022,00000236,false,Rx,0,8,13,FE,0C,00,30,63,34,6C,
10310093,00000036,false,Rx,0,8,B4,1C,7B,51,00,00,25,05,
10310287,00000237,false,Rx,0,8,00,05,94,00,00,5D,1D,00,
10310540,00000037,false,Rx,0,8,05,00,00,10,00,40,00,00,
10310761,00000151,false,Rx,0,8,66,96,0C,A0,C8,00,28,15,
10311004,00000038,false,Rx,0,8,04,00,00,00,20,39,96,D4,
10311236,00000152,false,Rx,0,8,12,14,14,00,24,00,00,00,
10311509,00000039,false,Rx,0,8,00,00,00,00,00,00,00,00,
10311739,00000153,false,Rx,0,8,00,00,00,00,00,00,00,00,
10312181,00000238,false,Rx,0,8,00,00,0C,00,00,00,00,00,
10312523,00000154,false,Rx,0,8,00,00,00,00,00,00,00,00,
10312609,000001F6,false,Rx,0,8,9A,97,0C,00,00,00,00,0B,
10312906,000002FB,false,Rx,0,8,24,D7,0C,04,0C,14,C3,C3,
10313174,000001F7,false,Rx,0,8,1F,00,DC,00,00,00,00,00,
10313266,000002FC,false,Rx,0,8,00,00,12,15,00,00,77,96,
10313558,000001F8,false,Rx,0,8,00,69,00,64,00,00,00,00,
10313716,000000A1,false,Rx,0,8,AF,0B,8A,8A,D4,EC,A2,00,
10313938,000001F9,false,Rx,0,8,19,00,A0,C8,14,00,19,00,
10314331,000000A2,false,Rx,0,8,00,00,00,00,00,00,00,00,
10314421,00000121,false,Rx,0,8,5E,AE,7C,00,00,00,00,05,
10314916,000000A3,false,Rx,0,8,00,40,01,00,00,00,00,00,
10315647,00000122,false,Rx,0,8,FF,D9,67,1F,44,44,44,44,
10316111,00000239,false,Rx,0,8,00,00,00,00,01,00,00,00,
10316174,00000123,false,Rx,0,8,F0,02,00,00,00,00,00,35,
10316227,0000025B,false,Rx,0,8,2C,DE,0C,40,40,20,00,00,
10316518,00000124,false,Rx,0,8,00,00,0A,00,00,00,20,40,
10316642,0000025C,false,Rx,0,8,00,00,1F,00,BD,68,14,00,
10316707,000002FD,false,Rx,0,8,00,00,00,00,00,1C,10,EA,
10316750,0000025D,false,Rx,0,8,00,C8,00,00,00,80,C0,70,
10316818,000002FE,false,Rx,0,8,00,00,72,01,00,28,00,00,
10317311,0000025E,false,Rx,0,8,46,07,0E,06,00,00,00,00,
10317795,00000326,false,Rx,0,8,C9,8F,0C,00,00,00,00,00,
10317879,0000042A,false,Rx,0,8,CF,74,01,04,00,10,00,00,
10317936,00000327,false,Rx,0,8,00,00,00,00,01,00,00,01,
10318320,00000328,false,Rx,0,8,DC,00,19,00,00,69,00,00,
10318619,00000329,false,Rx,0,8,A0,64,00,00,00,00,00,00,
10318752,0000019B,false,Rx,0,8,33,BA,6C,00,00,E4,00,00,
10318801,00000331,false,Rx,0,8,26,70,0C,F1,C8,A0,2C,97,
10319283,0000019C,false,Rx,0,8,40,20,00,00,00,00,0B,09,
10320041,00000332,false,Rx,0,8,44,07,B4,00,00,00,00,00,
10320282,0000019D,false,Rx,0,8,00,10,00,01,00,00,00,00,
10320337,00000333,false,Rx,0,8,00,00,00,1C,0C,40,20,A0,
10320387,0000019E,false,Rx,0,8,15,00,00,00,00,32,00,00,
10320625,00000334,false,Rx,0,8,C8,00,00,00,5C,70,B7,8F,
10324547,00000419,false,Rx,0,8,62,40,C4,CD,D1,63,84,00,
10329544,000001E1,false,Rx,0,8,B1,3B,1A,02,00,00,00,00,
10329631,000001E2,false,Rx,0,8,00,00,00,00,00,00,00,00,
10337776,000000C7,false,Rx,1,8,00,00,00,E0,07,00,00,00,
10338498,000001F1,false,Rx,0,8,54,6E,1C,01,00,00,28,00,
10338611,000001F2,false,Rx,0,8,00,00,00,00,00,00,00,00,
10339144,0000011B,false,Rx,0,8,A0,FD,83,05,80,08,A8,02,
10339334,0000012B,false,Rx,0,8,E7,07,83,06,00,00,08,00,
10339583,0000011C,false,Rx,0,8,00,05,20,00,22,00,01,01,
10339824,0000012C,false,Rx,0,8,00,00,01,00,00,64,00,00,
10340623,00000091,false,Rx,0,8,EA,12,0A,00,00,00,00,00,
10340859,00000092,false,Rx,0,8,0C,00,00,00,C0,00,00,00,
10341338,00000093,false,Rx,0,8,00,00,00,00,00,00,00,00,
10341458,00000094,false,Rx,0,8,00,00,00,00,00,00,00,00,
10347200,0000033B,false,Rx,0,8,D7,31,72,00,00,00,00,00,
10347311,0000033C,false,Rx,0,8,00,00,00,00,F0,00,00,00,
10347846,00000356,false,Rx,0,8,58,8D,B9,00,00,00,00,00,
10348306,0000033D,false,Rx,0,8,00,00,00,00,00,00,00,00,
10348542,000004A3,false,Rx,1,8,80,00,48,0B,3E,00,00,00,
10348606,0000034B,false,Rx,0,8,1E,18,01,31,D8,0D,05,01,
10348661,0000033E,false,Rx,0,8,00,00,00,00,00,00,00,00,
10348718,000004A4,false,Rx,1,8,FF,FF,FF,00,00,00,00,00,
10348815,0000034C,false,Rx,0,8,00,00,00,00,00,00,00,00,
10348878,0000034D,false,Rx,0,8,00,00,00,00,00,00,00,00,
10349455,0000034E,false,Rx,0,8,00,00,00,00,00,00,00,00,
10349793,00000357,false,Rx,0,8,00,00,00,00,00,4B,4D,48,
10350152,00000419,false,Rx,0,8,99,50,C4,CD,B9,63,84,00,
10350798,00000358,false,Rx,0,8,35,41,45,4D,52,37,33,4F,
10351275,00000359,false,Rx,0,8,51,4F,34,52,4A,35,33,00,
10351384,00000380,false,Rx,0,8,A0,99,01,0C,0C,0C,0C,01,
10351452,00000382,false,Rx,0,8,36,4D,02,00,00,05,09,00,
10351500,000002AB,false,Rx,0,8,4E,40,0D,0C,0C,00,00,00,
10351773,00000383,false,Rx,0,8,89,14,01,10,01,00,00,00,
10351858,000002AC,false,Rx,0,8,00,FF,FF,00,00,40,00,50,
10352153,00000384,false,Rx,0,8,D8,3D,02,01,00,FF,00,22,
10352717,000002AD,false,Rx,0,8,00,01,00,40,FF,FF,FF,0F,
10352837,000002AE,false,Rx,0,8,01,00,FF,3F,01,01,00,00,
10353285,000003B0,false,Rx,0,8,72,37,FF,C7,00,00,03,C0,
10353339,000002B6,false,Rx,0,8,63,FA,0D,01,01,00,00,40,
10353463,00000061,false,Rx,0,8,F1,DF,8E,00,00,05,00,00,
10353768,000002B7,false,Rx,0,8,93,01,C1,08,00,04,00,00,
10354127,00000062,false,Rx,0,8,02,02,00,01,40,FF,00,FF,
10354528,000002B8,false,Rx,0,8,B2,61,11,00,00,00,00,00,
10354615,00000063,false,Rx,0,8,C8,00,15,00,00,08,FF,00,
10354657,000002B9,false,Rx,0,8,0A,00,00,00,00,00,00,00,
10355162,00000064,false,Rx,0,8,04,00,00,04,FF,FA,00,00,
10355715,000002C1,false,Rx,0,8,F9,46,07,21,00,41,00,A1,
10355771,000003B1,false,Rx,0,8,9B,3C,FF,40,00,00,20,00,
10355825,000002C2,false,Rx,0,8,40,00,00,00,00,00,00,00,
10355929,000003B2,false,Rx,0,8,36,15,FF,02,29,2F,34,00,
10356110,000002C3,false,Rx,0,8,00,00,00,00,00,00,00,00,
10356530,00000561,false,Rx,0,8,63,02,00,00,00,00,FF,FF,
10356855,000002C4,false,Rx,0,8,00,00,00,00,00,00,00,00,
10357132,000002E1,false,Rx,0,8,06,F5,0D,00,00,00,00,40,
10357199,000002E2,false,Rx,0,8,1B,00,00,00,00,14,00,04,
10357531,000002E3,false,Rx,0,8,00,00,00,00,00,00,72,01,
10357841,0000010B,false,Rx,0,8,89,BB,80,00,00,00,00,05,
10357926,000002E4,false,Rx,0,8,02,00,00,00,00,00,00,00,
10358079,0000010C,false,Rx,0,8,FF,F9,E7,1F,43,48,44,44,
10358327,00000427,false,Rx,0,8,1D,86,FF,00,80,0A,00,00,
10358562,0000010D,false,Rx,0,8,EF,02,00,00,00,00,00,35,
10358855,0000010E,false,Rx,0,8,00,00,1E,00,00,C0,AB,57,
10359064,00000111,false,Rx,0,8,52,E8,08,01,00,00,00,00,
10359299,0000036F,false,Rx,0,8,38,D1,01,00,00,00,00,00,
10359541,00000112,false,Rx,0,8,00,00,00,00,00,00,00,00,
10359818,0000037F,false,Rx,0,8,32,C0,52,24,41,02,00,00,
10360029,00000113,false,Rx,0,8,00,00,00,00,00,00,00,00,
10360267,00000036,false,Rx,0,8,FB,25,80,51,00,00,25,05,
10360567,00000037,false,Rx,0,8,05,00,00,10,00,40,00,00,
10360807,00000038,false,Rx,0,8,04,00,00,00,20,39,96,D4,
10361050,00000039,false,Rx,0,8,00,00,00,00,00,00,00,00,
10361313,00000114,false,Rx,0,8,00,00,00,00,00,00,00,00,
10363718,000000A1,false,Rx,0,8,A0,E0,8F,8A,D4,EC,A2,00,
10364023,000000A2,false,Rx,0,8,00,00,00,00,00,00,00,00,
10364100,00000121,false,Rx,0,8,A4,50,81,00,00,00,00,05,
10364683,000000A3,false,Rx,0,8,00,40,01,00,00,00,00,00,
10364752,00000122,false,Rx,0,8,FF,D9,67,1F,44,44,44,44,
10364813,00000123,false,Rx,0,8,F0,02,00,00,00,00,00,35,
10365258,00000124,false,Rx,0,8,00,00,0A,00,00,00,20,40,
10365994,00000146,false,Rx,0,8,CE,A1,33,10,04,05,00,00,
10366264,00000147,false,Rx,0,8,01,04,7D,00,40,13,00,00,
10366317,00000148,false,Rx,0,8,00,00,42,00,1E,7B,40,05,
10366369,00000149,false,Rx,0,8,00,38,00,C8,00,00,00,00,
10366547,000001B1,false,Rx,0,8,13,F3,33,00,72,00,00,00,
10366755,00000401,false,Rx,0,8,28,40,10,00,00,01,00,00,
10366990,000001B2,false,Rx,0,8,23,00,04,0E,8A,01,50,0F,
10367240,000001B3,false,Rx,0,8,8B,2B,28,00,66,7F,71,7B,
10367488,000001B4,false,Rx,0,8,68,78,10,00,00,41,00,00,
10368360,0000019B,false,Rx,0,8,FB,B8,71,00,00,E4,00,00,
10368629,0000019C,false,Rx,0,8,40,20,00,00,00,00,0B,09,
10368904,0000019D,false,Rx,0,8,00,10,00,01,00,00,00,00,
10369178,0000019E,false,Rx,0,8,15,00,00,00,00,32,00,00,
10377775,000000C7,false,Rx,1,8,00,00,00,E0,07,00,00,00,
10379303,00000405,false,Rx,0,8,0C,50,00,00,00,01,00,00,
10379420,00000410,false,Rx,0,8,A3,90,53,3C,B4,6A,FF,FF,
10379779,00000411,false,Rx,0,8,09,81,50,50,00,00,44,04,
10380025,00000412,false,Rx,0,8,F1,00,00,00,00,00,04,00,
10380864,00000413,false,Rx,0,8,F5,10,00,41,00,00,00,00,
10381166,00000414,false,Rx,0,8,87,A0,00,00,28,00,00,00,
10381758,00000416,false,Rx,0,8,55,00,00,00,00,00,00,00,
10381869,00000417,false,Rx,0,8,1E,80,00,00,00,01,00,00,
10382231,00000418,false,Rx,0,8,AF,40,00,00,12,4C,00,00,
10384990,00000419,false,Rx,0,8,3B,60,5F,CD,B9,63,84,00,
10389073,00000161,false,Rx,0,8,D4,DB,44,03,00,00,00,02,
10389168,0000011B,false,Rx,0,8,68,04,88,05,80,08,A8,02,
10389320,00000162,false,Rx,0,8,FF,FC,01,00,00,00,00,00,
10389614,0000011C,false,Rx,0,8,00,05,20,00,22,00,01,01,
10389976,0000012B,false,Rx,0,8,2F,FE,88,06,00,00,08,00,
10390088,0000012C,false,Rx,0,8,00,00,01,00,00,64,00,00,
10395630,000003AA,false,Rx,0,8,FF,00,D0,00,54,00,00,00,
10399244,000001A1,false,Rx,0,8,AD,0C,44,FE,F7,7F,64,00,
10399349,000001A2,false,Rx,0,8,00,00,00,00,00,08,00,00,
10399474,000001A3,false,Rx,0,8,FF,F3,3F,00,00,00,00,00,
10399750,000001A4,false,Rx,0,8,FE,07,00,00,00,00,00,00,
10402056,00000475,false,Rx,0,8,12,00,00,00,00,00,00,00,
10402199,00000496,false,Rx,0,8,12,00,00,00,00,00,00,00,
10402509,000001AB,false,Rx,0,8,14,A7,DC,40,70,90,00,00,
10402666,0000030B,false,Rx,0,8,F4,4E,72,00,04,00,00,00,
10402908,000001AC,false,Rx,0,8,00,28,00,00,00,00,00,00,
10403152,00000061,false,Rx,0,8,39,DD,93,00,00,05,00,00,
10403395,0000030C,false,Rx,0,8,00,00,0C,00,2C,00,A0,0F,
10403643,00000062,false,Rx,0,8,02,02,00,01,40,FF,00,FF,
10403883,0000030D,false,Rx,0,8,00,00,00,00,FF,00,00,00,
10404134,00000063,false,Rx,0,8,C8,00,15,00,00,08,FF,00,
10404364,0000030E,false,Rx,0,8,00,00,28,05,21,00,00,0A,
10404605,00000064,false,Rx,0,8,04,00,00,04,FF,FA,00,00,
10405542,00000495,false,Rx,0,8,49,00,00,00,00,00,00,00,
10407731,0000010B,false,Rx,0,8,F6,97,85,00,00,00,00,05,
10407898,0000010C,false,Rx,0,8,FF,F9,E7,1F,43,48,44,44,
10408108,000004E8,false,Rx,1,8,FF,FF,FF,29,FF,FF,FF,00,
10408185,0000010D,false,Rx,0,8,EF,02,00,00,00,00,00,35,
10408646,0000010E,false,Rx,0,8,00,00,1E,00,00,C0,AB,57,
10410084,00000036,false,Rx,0,8,84,09,85,51,00,00,25,05,
10410274,00000037,false,Rx,0,8,05,00,00,10,00,40,00,00,
10410528,00000038,false,Rx,0,8,04,00,00,00,20,39,96,D4,
10410818,00000039,false,Rx,0,8,00,00,00,00,00,00,00,00,
10412891,00000448,false,Rx,0,8,7F,00,00,00,00,00,00,00,
10413607,000000A1,false,Rx,0,8,CF,51,94,8A,D4,EC,A2,00,
10413823,000000A2,false,Rx,0,8,00,00,00,00,00,00,00,00,
10414063,00000121,false,Rx,0,8,57,CE,86,00,00,00,00,05,
10414299,000000A3,false,Rx,0,8,00,40,01,00,00,00,00,00,
10414533,00000122,false,Rx,0,8,FF,D9,67,1F,44,44,44,44,
10414794,00000123,false,Rx,0,8,F0,02,00,00,00,00,00,35,
10415035,00000124,false,Rx,0,8,00,00,0A,00,00,00,20,40,
10417656,000000C5,false,Rx,1,8,00,00,00,00,00,00,00,00,
10417935,00000244,false,Rx,1,8,00,00,00,00,00,00,00,00,
10418207,000004B4,false,Rx,1,8,01,00,0D,40,10,60,44,02,
10418473,000004B5,false,Rx,1,8,08,00,F0,07,00,00,00,00,
10418761,0000019B,false,Rx,0,8,08,26,76,00,00,E4,00,00,
10418955,000004B7,false,Rx,1,8,08,00,F0,07,00,00,00,00,
10419031,0000019C,false,Rx,0,8,40,20,00,00,00,00,0B,09,
10419080,000004CA,false,Rx,1,8,00,00,00,00,00,00,00,00,
10419449,0000019D,false,Rx,0,8,00,10,00,01,00,00,00,00,
10419532,000004CC,false,Rx,1,8,08,00,00,2A,00,00,03,00,
10419948,0000019E,false,Rx,0,8,15,00,00,00,00,32,00,00,
10420020,000004CE,false,Rx,1,8,14,01,FF,FF,FF,FF,FF,FF,
10420474,000004D7,false,Rx,1,8,23,01,00,00,00,00,00,00,
10420939,000004D8,false,Rx,1,8,41,10,F6,F0,40,F2,1E,CC,
10421196,000004DD,false,Rx,1,8,00,00,00,00,04,00,00,00,
10421489,000004DF,false,Rx,1,8,00,00,08,00,00,00,00,00,
10421757,000004E7,false,Rx,1,8,00,30,00,00,00,00,69,00,
10422038,000004E9,false,Rx,1,8,00,00,00,00,00,00,00,00,
10422300,000004EA,false,Rx,1,8,00,00,00,00,00,00,00,00,
10422558,000004EB,false,Rx,1,8,04,68,2B,0F,00,00,00,00,
10422837,000004EC,false,Rx,1,8,FF,FF,FF,FF,FF,FF,FF,0F,
10423092,000004ED,false,Rx,1,8,FF,FF,FF,FF,FF,FF,FF,1F,
10423303,00000226,false,Rx,0,8,3E,89,61,FF,00,20,09,42,
10423354,000002FF,false,Rx,0,8,83,B9,00,F0,3F,00,00,00,
10423422,000004EE,false,Rx,1,8,FF,FF,00,00,00,00,00,00,
10423602,00000227,false,Rx,0,8,02,C4,07,09,00,F1,FF,07,
10423707,000004EF,false,Rx,1,8,60,00,60,00,29,14,00,00,
10423774,00000316,false,Rx,0,8,61,96,32,04,00,80,0A,00,
10424112,0000063D,false,Rx,1,8,00,80,00,00,00,00,00,00,
10424340,00000317,false,Rx,0,8,00,00,05,00,00,00,00,00,
10424512,00000472,false,Rx,0,8,5C,EC,00,40,08,41,00,45,
10424570,0000063E,false,Rx,1,8,FF,FF,FF,FF,FF,FF,FF,FF,
10425028,00000473,false,Rx,0,8,5F,24,00,25,00,00,00,78,
10425097,0000063F,false,Rx,1,8,00,10,00,C4,FF,00,00,00,
10425250,00000419,false,Rx,0,8,3B,60,5F,CD,B9,63,84,00,
10425504,00000474,false,Rx,0,8,53,98,00,00,00,00,00,10,
10425570,00000640,false,Rx,1,8,FF,FF,FF,00,FF,FF,FF,00,
10426056,00000641,false,Rx,1,8,FF,FF,FF,FF,0F,FF,FF,FF,
10426945,00000646,false,Rx,1,8,00,00,00,80,01,00,00,00,
10435209,000003A1,false,Rx,0,8,B1,AB,50,00,FF,FF,FF,FF,
10435721,000003A2,false,Rx,0,8,00,00,00,00,00,00,00,00,
10439309,0000011B,false,Rx,0,8,9E,2C,8D,05,80,08,A8,02,
10439398,0000012B,false,Rx,0,8,D9,D6,8D,06,00,00,08,00,
10439587,0000011C,false,Rx,0,8,00,05,20,00,22,00,01,01,
10439845,0000012C,false,Rx,0,8,00,00,01,00,00,64,00,00,
10440053,000001E6,false,Rx,0,8,BB,71,17,C2,03,64,64,00,
10440312,00000435,false,Rx,0,8,BF,70,00,50,00,00,00,00,
10440547,00000091,false,Rx,0,8,8B,5A,0B,00,00,00,00,00,
10440782,000001BB,false,Rx,0,8,E6,7A,17,C2,03,64,64,0A,
10441024,00000092,false,Rx,0,8,0D,00,00,00,D0,00,00,00,
10441276,000001BC,false,Rx,0,8,32,00,00,00,02,00,00,00,
10441522,00000093,false,Rx,0,8,00,00,00,00,00,00,00,00,
10441777,000001BD,false,Rx,0,8,00,00,00,00,00,00,00,00,
10442026,00000094,false,Rx,0,8,00,00,00,00,00,00,00,00,
10442284,000001E7,false,Rx,0,8,00,00,22,03,20,01,00,00,
10446236,000002D6,false,Rx,0,8,DC,73,06,00,00,00,00,00,
10446415,000002EB,false,Rx,0,8,01,E2,06,09,08,01,00,02,
10446655,000002D7,false,Rx,0,8,00,00,00,00,03,00,00,00,
10446919,000002EC,false,Rx,0,8,02,00,00,00,00,00,00,00,
10447157,000002D8,false,Rx,0,8,00,00,00,00,00,00,38,44,
10447407,000002ED,false,Rx,0,8,00,00,00,00,00,00,00,00,
10447657,000002D9,false,Rx,0,8,00,00,00,00,00,00,00,00,
10447912,000002EE,false,Rx,0,8,00,00,00,00,00,00,00,00,
10448300,000004E8,false,Rx,1,8,FF,FF,FF,29,FF,FF,FF,00,
10449401,00000419,false,Rx,0,8,54,70,5F,CD,91,63,84,00,
10449558,000001FB,false,Rx,0,8,2F,0E,0E,00,00,00,00,00,
10449833,000001FC,false,Rx,0,8,00,00,00,00,00,00,00,00,
10450068,000001FD,false,Rx,0,8,00,1A,03,00,00,00,00,00,
10450308,000000FF,false,Rx,0,8,CB,10,00,00,00,00,02,00,
10450556,000001FE,false,Rx,0,8,00,00,00,00,00,00,00,00,
10450813,00000251,false,Rx,0,8,F6,51,0D,00,00,00,00,00,
10451048,00000394,false,Rx,0,8,2A,22,1A,49,00,00,00,00,
10451317,00000252,false,Rx,0,8,00,00,03,03,03,00,00,00,
10451532,000003C3,false,Rx,0,8,45,10,31,30,36,00,00,00,
10451764,00000253,false,Rx,0,8,00,00,00,53,2D,00,80,46,
10452007,00000396,false,Rx,0,8,BC,03,06,0F,08,01,00,02,
10452276,000003E0,false,Rx,0,8,6E,50,01,00,54,03,00,00,
10452498,00000397,false,Rx,0,8,1C,00,00,00,00,00,00,00,
10452745,000003E5,false,Rx,0,8,37,80,01,00,00,00,00,00,
10452898,00000563,false,Rx,1,8,65,02,00,00,00,00,FF,FF,
10453003,00000398,false,Rx,0,8,00,00,00,00,00,00,00,00,
10453284,00000061,false,Rx,0,8,81,DC,98,00,00,05,00,00,
10453487,000003E6,false,Rx,0,8,A1,40,00,00,00,00,00,00,
10453728,00000062,false,Rx,0,8,02,02,00,01,40,FF,00,FF,
10453970,0000041A,false,Rx,0,8,6D,90,12,00,50,01,00,00,
10454212,00000063,false,Rx,0,8,C8,00,15,00,00,08,FF,00,
10454450,0000041B,false,Rx,0,8,BE,70,00,00,00,00,00,00,
10454708,00000064,false,Rx,0,8,04,00,00,04,FF,FA,00,00,
10454950,0000041C,false,Rx,0,8,84,D0,E8,00,00,00,00,00,
10455441,00000422,false,Rx,0,8,FA,20,01,00,00,00,04,00,
10455693,00000432,false,Rx,0,8,03,20,02,00,00,00,00,00,
10455956,00000442,false,Rx,0,8,CE,20,11,81,00,00,00,00,
10456227,00000444,false,Rx,0,8,1B,80,20,50,55,50,00,00,
10456482,00000445,false,Rx,0,8,7F,D0,00,00,00,00,00,18,
10456753,000002E6,false,Rx,0,8,53,08,0D,01,00,00,00,15,
10456958,00000256,false,Rx,0,8,31,75,0D,15,00,00,10,00,
10457197,000002E7,false,Rx,0,8,0A,00,00,00,01,00,00,00,
10457442,00000257,false,Rx,0,8,00,7A,3E,00,83,07,00,79,
10457670,0000010B,false,Rx,0,8,77,E3,8A,00,00,00,00,05,
10457922,00000258,false,Rx,0,8,01,26,1D,00,10,15,00,28,
10458140,0000010C,false,Rx,0,8,FF,F9,E7,1F,43,48,44,44,
10458432,00000259,false,Rx,0,8,EA,03,12,3C,E4,01,00,00,
10458618,0000010D,false,Rx,0,8,EF,02,00,00,00,00,00,35,
10458886,000002E8,false,Rx,0,8,00,00,00,00,00,00,00,00,
10459107,0000010E,false,Rx,0,8,00,00,1E,00,00,C0,AB,57,
10459406,000002E9,false,Rx,0,8,00,00,00,00,00,00,00,00,
10459599,0000036F,false,Rx,0,8,EE,E1,01,00,00,00,00,00,
10459858,000003B6,false,Rx,0,8,B4,B2,06,00,00,00,00,44,
10460079,00000036,false,Rx,0,8,05,7D,8A,51,00,00,25,05,
10460364,0000037F,false,Rx,0,8,8B,D0,52,24,41,02,00,00,
10460562,00000037,false,Rx,0,8,05,00,00,10,00,40,00,00,
10461094,000003B7,false,Rx,0,8,43,00,00,00,00,08,00,00,
10461347,00000038,false,Rx,0,8,04,00,00,00,20,39,96,D4,
10461409,000003B8,false,Rx,0,8,EB,02,00,00,00,00,69,0E,
10461745,00000039,false,Rx,0,8,00,00,00,00,00,00,00,00,
10461814,000003B9,false,Rx,0,8,00,00,00,00,00,00,00,00,
10462030,00000464,false,Rx,0,8,6C,30,F0,FF,38,7F,05,00,
10463603,000000A1,false,Rx,0,8,F9,12,99,8A,D4,EC,A2,00,
10463865,000000A2,false,Rx,0,8,00,00,00,00,00,00,00,00,
10464099,00000121,false,Rx,0,8,5A,08,8B,00,00,00,00,05,
10464333,000000A3,false,Rx,0,8,00,40,01,00,00,00,00,00,
10464609,00000122,false,Rx,0,8,FF,D9,67,1F,44,44,44,44,
10464818,00000123,false,Rx,0,8,F0,02,00,00,00,00,00,35,
10465070,00000124,false,Rx,0,8,00,00,0A,00,00,00,20,40,
10465524,00000146,false,Rx,0,8,CD,00,38,10,04,05,00,00,
10465779,00000147,false,Rx,0,8,01,04,7D,00,40,51,00,00,
10466017,00000148,false,Rx,0,8,00,00,42,00,1E,7B,40,05,
10466292,00000149,false,Rx,0,8,00,38,00,C8,00,00,00,00,
10466513,000001B1,false,Rx,0,8,AB,F2,38,00,72,00,00,00,
10466761,000001B2,false,Rx,0,8,23,00,04,0E,8A,01,50,0F,
10466989,000001B3,false,Rx,0,8,8B,2B,28,00,66,7F,71,7B,
10467243,000001B4,false,Rx,0,8,68,78,10,00,00,41,00,00,
10468369,0000019B,false,Rx,0,8,05,E0,7B,00,00,E4,00,00,
10468609,0000019C,false,Rx,0,8,40,20,00,00,00,00,0B,09,
10468889,0000019D,false,Rx,0,8,00,10,00,01,00,00,00,00,
10469121,0000019E,false,Rx,0,8,15,00,00,00,00,32,00,00,
10479584,000001E1,false,Rx,0,8,2E,53,1D,02,00,00,00,00,
10479677,000001E2,false,Rx,0,8,00,00,00,00,00,00,00,00,
10480193,00000435,false,Rx,0,8,BF,70,00,50,00,00,00,00,
10484476,00000419,false,Rx,0,8,80,80,B8,CC,91,63,84,00,
10487953,000004E8,false,Rx,1,8,FF,FF,FF,29,FF,FF,FF,00,
10488122,000001F1,false,Rx,0,8,19,86,1F,01,00,00,28,00,
10488567,000001F2,false,Rx,0,8,00,00,00,00,00,00,00,00,
10488870,00000161,false,Rx,0,8,A7,E2,49,03,00,00,00,02,
10489084,0000011B,false,Rx,0,8,8E,76,92,05,80,08,A8,02,
10489337,00000162,false,Rx,0,8,FF,FC,01,00,00,00,00,00,
10489578,0000011C,false,Rx,0,8,00,05,20,00,22,00,01,01,
10489820,0000012B,false,Rx,0,8,C9,8C,92,06,00,00,08,00,
10490081,0000012C,false,Rx,0,8,00,00,01,00,00,64,00,00,
10499067,000001A1,false,Rx,0,8,A0,CA,49,FE,F7,7F,64,00,
10499238,000001A2,false,Rx,0,8,00,00,00,00,00,08,00,00,
10499498,000001A3,false,Rx,0,8,FF,F3,3F,00,00,00,00,00,
10499743,000001A4,false,Rx,0,8,FE,07,00,00,00,00,00,00,
10502735,000001AB,false,Rx,0,8,79,FB,E1,40,70,90,00,00,
10502845,000001AC,false,Rx,0,8,00,28,00,00,00,00,00,00,
10503111,00000061,false,Rx,0,8,FE,F0,9D,00,00,05,00,00,
10503354,00000062,false,Rx,0,8,02,02,00,01,40,FF,00,FF,
10503598,000002BF,false,Rx,0,8,FF,FF,FF,00,00,00,00,00,
10503850,00000063,false,Rx,0,8,C8,00,15,00,00,08,FF,00,
10504089,0000047F,false,Rx,0,8,FF,FF,FF,FF,FF,FF,FF,FF,
10504326,00000064,false,Rx,0,8,04,00,00,04,FF,FA,00,00,
10504597,00000653,false,Rx,0,8,0A,19,03,01,02,2A,00,00,
10507743,0000010B,false,Rx,0,8,08,CF,8F,00,00,00,00,05,
10507904,00000487,false,Rx,1,8,00,00,00,00,00,00,00,00,
10507956,0000010C,false,Rx,0,8,FF,F9,E7,1F,43,48,44,44,
10508107,00000642,false,Rx,1,8,FF,FF,FF,FF,FF,FF,00,00,
10508241,0000010D,false,Rx,0,8,EF,02,00,00,00,00,00,35,
10508622,0000010E,false,Rx,0,8,00,00,1E,00,00,C0,AB,57,
10509880,00000236,false,Rx,0,8,9F,4C,0E,00,30,63,34,6C,
10510039,00000036,false,Rx,0,8,7A,51,8F,51,00,00,25,05,
10510326,00000237,false,Rx,0,8,00,05,94,00,00,5D,1D,00,
10510528,00000037,false,Rx,0,8,05,00,00,10,00,40,00,00,
10510757,00000151,false,Rx,0,8,EA,24,0E,A0,C8,00,28,15,
10511001,00000038,false,Rx,0,8,04,00,00,00,20,39,96,D4,
10511239,00000152,false,Rx,0,8,12,14,14,00,24,00,00,00,
10511486,00000039,false,Rx,0,8,00,00,00,00,00,00,00,00,
10511757,00000153,false,Rx,0,8,00,00,00,00,00,00,00,00,
10511989,00000238,false,Rx,0,8,00,00,0C,00,00,00,00,00,
10512239,00000154,false,Rx,0,8,00,00,00,00,00,00,00,00,
10512476,000001F6,false,Rx,0,8,16,25,0E,00,00,00,00,0B,
10512751,000002FB,false,Rx,0,8,4B,2D,0E,04,0C,14,C3,C3,
10512964,000001F7,false,Rx,0,8,1F,00,DC,00,00,00,00,00,
10513701,000002FC,false,Rx,0,8,02,00,12,15,00,00,77,96,
10513782,000001F8,false,Rx,0,8,00,69,00,64,00,00,00,00,
10513833,000000A1,false,Rx,0,8,F0,97,9E,8A,D4,EC,A2,00,
10513915,00000121,false,Rx,0,8,27,CD,90,00,00,00,00,05,
10514165,000000A2,false,Rx,0,8,00,00,00,00,00,00,00,00,
10514379,00000122,false,Rx,0,8,FF,D9,67,1F,44,44,44,44,
10514648,000000A3,false,Rx,0,8,00,40,01,00,00,00,00,00,
10514884,00000123,false,Rx,0,8,F0,02,00,00,00,00,00,35,
10515111,000001F9,false,Rx,0,8,19,00,A0,C8,14,00,19,00,
10515351,00000124,false,Rx,0,8,00,00,0A,00,00,00,20,40,
10515605,00000239,false,Rx,0,8,00,00,00,00,01,00,00,00,
10515856,000002FD,false,Rx,0,8,00,00,00,00,00,1C,10,EA,
10516088,0000025B,false,Rx,0,8,BE,C3,0E,40,40,20,00,00,
10516344,000002FE,false,Rx,0,8,00,00,72,01,00,28,00,00,
10516580,0000025C,false,Rx,0,8,00,00,1F,00,BD,68,14,00,
10516814,00000326,false,Rx,0,8,5A,E3,0E,00,00,00,00,00,
10517054,0000025D,false,Rx,0,8,00,C8,00,00,00,80,C0,70,
10517305,00000327,false,Rx,0,8,00,00,00,00,01,00,00,00,
10517545,0000025E,false,Rx,0,8,61,07,0E,09,00,00,00,00,
10517778,00000328,false,Rx,0,8,DC,00,19,00,00,69,00,00,
10518024,0000042A,false,Rx,0,8,CF,74,01,04,00,10,00,00,
10518266,00000329,false,Rx,0,8,A0,64,00,00,00,00,00,00,
10518513,0000019B,false,Rx,0,8,4A,D9,80,00,00,E4,00,00,
10518731,00000331,false,Rx,0,8,AA,C2,0E,F1,C8,A0,2C,97,
10519089,0000019C,false,Rx,0,8,40,20,00,00,00,00,0B,09,
10519225,00000332,false,Rx,0,8,44,07,B4,00,00,00,00,00,
10519463,0000019D,false,Rx,0,8,00,10,00,01,00,00,00,00,
10519771,00000333,false,Rx,0,8,00,00,00,1C,0C,40,20,A0,
10520244,0000019E,false,Rx,0,8,15,00,00,00,00,32,00,00,
10520315,00000334,false,Rx,0,8,C8,00,00,00,5C,70,B7,8F,
10520417,00000435,false,Rx,0,8,BF,70,00,50,00,00,00,00,
10524562,00000419,false,Rx,0,8,80,80,B8,CC,91,63,84,00,
10539183,0000011B,false,Rx,0,8,78,5E,97,05,80,08,A8,02,
10539358,0000012B,false,Rx,0,8,3F,A4,97,06,00,00,08,00,
10539600,0000011C,false,Rx,0,8,00,05,20,00,22,00,01,01,
10539856,0000012C,false,Rx,0,8,00,00,01,00,00,64,00,00,
10540546,00000091,false,Rx,0,8,70,BB,0C,00,00,00,00,00,
10540871,00000092,false,Rx,0,8,11,00,00,00,10,01,00,00,
10541146,00000093,false,Rx,0,8,00,00,00,00,00,00,00,00,
10541351,00000094,false,Rx,0,8,00,00,00,00,00,00,00,00,
10547139,0000033B,false,Rx,0,8,62,F6,74,00,00,00,00,00,
10547378,0000033C,false,Rx,0,8,00,00,00,00,F0,00,00,00,
10547800,00000356,false,Rx,0,8,92,66,BA,00,00,00,00,00,
10548559,0000033D,false,Rx,0,8,00,00,00,00,00,00,00,00,
10548716,000004A3,false,Rx,1,8,80,00,48,0B,3E,00,00,00,
10548995,00000357,false,Rx,0,8,00,00,00,00,00,4B,4D,48,
10549068,000004A4,false,Rx,1,8,FF,FF,FF,00,00,00,00,00,
10549124,0000033E,false,Rx,0,8,00,00,00,00,00,00,00,00,
10549219,00000358,false,Rx,0,8,35,41,45,4D,52,37,33,4F,
10549273,00000359,false,Rx,0,8,51,4F,34,52,4A,35,33,00,
10549320,00000380,false,Rx,0,8,A0,99,01,0C,0C,0C,0C,01,
10549737,00000382,false,Rx,0,8,36,4D,02,00,00,05,09,00,
10549975,00000419,false,Rx,0,8,6F,90,B8,CC,4D,63,84,00,
10551467,000002AB,false,Rx,0,8,C2,F2,0F,0C,0C,00,00,00,
10551605,00000383,false,Rx,0,8,89,14,01,10,01,00,00,00,
10551665,000002AC,false,Rx,0,8,00,FF,FF,00,00,40,00,50,
10551995,00000384,false,Rx,0,8,D8,3D,02,01,00,FF,00,22,
10552130,000002AD,false,Rx,0,8,00,01,00,40,FF,FF,FF,0F,
10552372,000002AE,false,Rx,0,8,01,00,FF,3F,01,01,00,00,
10552683,000002B6,false,Rx,0,8,EF,48,0F,01,01,00,00,40,
10552934,000003B0,false,Rx,0,8,72,37,FF,C7,00,00,03,C0,
10553165,000002B7,false,Rx,0,8,93,01,C1,08,00,04,00,00,
10553400,00000061,false,Rx,0,8,11,D9,A2,00,00,05,00,00,
10553645,000002B8,false,Rx,0,8,B2,61,11,00,00,00,00,00,
10553906,00000062,false,Rx,0,8,02,02,00,01,40,FF,00,FF,
10554141,000002B9,false,Rx,0,8,0A,00,00,00,00,00,00,00,
10554372,00000063,false,Rx,0,8,C8,00,15,00,00,08,FF,00,
10554615,000002C1,false,Rx,0,8,78,32,08,21,00,41,00,A1,
10554866,00000064,false,Rx,0,8,04,00,00,04,FF,FA,00,00,
10555116,000002C2,false,Rx,0,8,40,00,00,00,00,00,00,00,
10555348,000003B1,false,Rx,0,8,9B,3C,FF,40,00,00,20,00,
10555604,000002C3,false,Rx,0,8,00,00,00,00,00,00,00,00,
10555967,000003B2,false,Rx,0,8,36,15,FF,02,29,2F,34,00,
10556087,000002C4,false,Rx,0,8,00,00,00,00,00,00,00,00,
10556365,00000565,false,Rx,0,8,66,02,00,00,00,00,FF,FF,
10556607,000002E1,false,Rx,0,8,E6,0A,0F,00,00,00,00,40,
10556890,000002E2,false,Rx,0,8,28,00,00,00,00,14,00,04,
10557106,000002E3,false,Rx,0,8,00,00,00,00,00,00,72,01,
10557373,000002E4,false,Rx,0,8,02,00,00,00,00,00,00,00,
10557617,0000010B,false,Rx,0,8,75,0A,94,00,00,00,00,05,
10557874,00000427,false,Rx,0,8,1D,86,FF,00,80,0A,00,00,
10558080,0000010C,false,Rx,0,8,FF,F9,E7,1F,43,48,44,44,
10558312,0000010D,false,Rx,0,8,EF,02,00,00,00,00,00,35,
10558556,0000010E,false,Rx,0,8,00,00,1E,00,00,C0,AB,57,
10558818,00000111,false,Rx,0,8,14,B1,09,01,00,00,00,00,
10559068,00000112,false,Rx,0,8,00,00,00,00,00,00,00,00,
10559311,0000036F,false,Rx,0,8,FE,01,01,00,00,00,00,00,
10559554,00000113,false,Rx,0,8,00,00,00,00,00,00,00,00,
10559935,0000037F,false,Rx,0,8,5D,E0,52,24,41,02,00,00,
10560066,00000114,false,Rx,0,8,00,00,00,00,00,00,00,00,
10560308,00000036,false,Rx,0,8,07,94,94,51,00,00,25,05,
10560566,00000037,false,Rx,0,8,05,00,00,10,00,40,00,00,
10560811,00000038,false,Rx,0,8,04,00,00,00,20,39,96,D4,
10561077,00000039,false,Rx,0,8,00,00,00,00,00,00,00,00,
10563670,000000A1,false,Rx,0,8,33,14,A3,8A,D4,EC,A2,00,
10563805,000000A2,false,Rx,0,8,00,00,00,00,00,00,00,00,
10564274,00000121,false,Rx,0,8,58,E1,95,00,00,00,00,05,
10564480,000000A3,false,Rx,0,8,00,40,01,00,00,00,00,00,
10564546,00000122,false,Rx,0,8,FF,D9,67,1F,44,44,44,44,
10564770,00000123,false,Rx,0,8,F0,02,00,00,00,00,00,35,
10565027,00000124,false,Rx,0,8,00,00,0A,00,00,00,20,40,
10565522,00000146,false,Rx,0,8,A8,08,3D,10,04,05,00,00,
10565777,00000147,false,Rx,0,8,01,04,7D,00,40,96,00,00,
10566025,00000148,false,Rx,0,8,00,00,42,00,1E,7B,40,05,
10566270,00000149,false,Rx,0,8,00,38,00,C8,00,00,00,00,
10566499,000001B1,false,Rx,0,8,D4,DE,3D,00,72,00,00,00,
10566775,000001B2,false,Rx,0,8,23,00,04,0E,8A,01,50,0F,
10567060,00000401,false,Rx,0,8,28,40,10,00,00,01,00,00,
10567249,000001B3,false,Rx,0,8,8B,2B,28,00,66,7F,71,7B,
10567501,000001B4,false,Rx,0,8,68,78,10,00,00,41,00,00,
10568365,0000019B,false,Rx,0,8,35,F5,85,00,00,E4,00,00,
10568608,0000019C,false,Rx,0,8,40,20,00,00,00,00,0B,09,
10568863,0000019D,false,Rx,0,8,00,10,00,01,00,00,00,00,
10569149,0000019E,false,Rx,0,8,15,00,00,00,00,32,00,00,
10579327,00000405,false,Rx,0,8,0C,50,00,00,00,01,00,00,
10579453,00000410,false,Rx,0,8,A3,90,53,3C,B4,6A,FF,FF,
10579852,00000411,false,Rx,0,8,09,81,50,50,00,00,44,04,
10580154,00000412,false,Rx,0,8,F1,00,00,00,00,00,04,00,
10580502,00000413,false,Rx,0,8,F5,10,00,41,00,00,00,00,
10580796,00000414,false,Rx,0,8,87,A0,00,00,28,00,00,00,
10581146,00000416,false,Rx,0,8,55,00,00,00,00,00,00,00,
10581458,00000417,false,Rx,0,8,1E,80,00,00,00,01,00,00,
10581766,00000418,false,Rx,0,8,AF,40,00,00,12,4C,00,00,
10584882,00000419,false,Rx,0,8,33,A0,E7,CB,4D,63,84,00,
10588936,00000161,false,Rx,0,8,38,8A,4E,03,00,00,00,02,
10589096,0000011B,false,Rx,0,8,B0,A7,9C,05,80,08,A8,02,
10589407,00000162,false,Rx,0,8,FF,FC,01,00,00,00,00,00,
10590027,0000011C,false,Rx,0,8,00,05,20,00,22,00,01,01,
10590206,0000012B,false,Rx,0,8,F7,5D,9C,06,00,00,08,00,
10590275,000001E6,false,Rx,0,8,C8,48,1A,C2,03,64,64,00,
10590320,0000012C,false,Rx,0,8,00,00,01,00,00,64,00,00,
10591315,000001BB,false,Rx,0,8,D0,39,1A,C2,03,64,64,0A,
10591740,000001BC,false,Rx,0,8,32,00,00,00,02,00,00,00,
10591845,000001BD,false,Rx,0,8,00,00,00,00,00,00,00,00,
10591888,000001E7,false,Rx,0,8,00,00,22,03,20,01,00,00,
10595600,000003AA,false,Rx,0,8,FF,00,D0,00,54,00,00,00,
10599587,000001A1,false,Rx,0,8,53,54,4E,FE,F7,7F,64,00,
10599812,000001A2,false,Rx,0,8,00,00,00,00,00,08,00,00,
10599925,000004DD,false,Rx,1,8,00,00,FE,00,04,00,00,00,
10600000,000001A3,false,Rx,0,8,FF,F3,3F,00,00,00,00,00,
10600135,000001A4,false,Rx,0,8,FE,07,00,00,00,00,00,00,
10602014,00000475,false,Rx,0,8,12,00,00,00,00,00,00,00,
10602113,000001AB,false,Rx,0,8,E6,93,E6,40,70,90,00,00,
10602354,0000030B,false,Rx,0,8,A8,E8,74,00,04,00,00,00,
10602621,000001AC,false,Rx,0,8,00,28,00,00,00,00,00,00,
10602864,0000030C,false,Rx,0,8,00,00,0C,00,2C,00,A0,0F,
10603192,00000496,false,Rx,0,8,12,00,00,00,00,00,00,00,
10603354,00000061,false,Rx,0,8,6E,F5,A7,00,00,05,00,00,
10603580,0000030D,false,Rx,0,8,00,00,00,00,42,00,00,00,
10603823,00000062,false,Rx,0,8,02,02,00,01,40,FF,00,FF,
10604065,0000030E,false,Rx,0,8,00,00,28,05,21,00,00,0A,
10604308,00000063,false,Rx,0,8,C8,00,15,00,00,08,FF,00,
10604577,00000064,false,Rx,0,8,04,00,00,04,FF,FA,00,00,
10605411,00000495,false,Rx,0,8,49,00,00,00,00,00,00,00,
10607806,0000010B,false,Rx,0,8,78,CC,99,00,00,00,00,05,
10607887,0000010C,false,Rx,0,8,FF,F9,E7,1F,43,48,44,44,
10608145,0000010D,false,Rx,0,8,EF,02,00,00,00,00,00,35,
10608381,0000010E,false,Rx,0,8,00,00,1E,00,00,C0,AB,57,
10609202,000004B9,false,Rx,1,8,00,00,80,00,00,50,00,00,
10610124,00000036,false,Rx,0,8,0A,52,99,51,00,00,25,05,
10610290,00000037,false,Rx,0,8,05,00,00,10,00,40,00,00,
10610575,00000038,false,Rx,0,8,04,00,00,00,20,39,96,D4,
10610844,00000039,false,Rx,0,8,00,00,00,00,00,00,00,00,
10612957,00000448,false,Rx,0,8,7F,00,00,00,00,00,00,00,
10613643,000000A1,false,Rx,0,8,0F,E5,A8,8A,D4,EC,A2,00,
10613876,000000A2,false,Rx,0,8,00,00,00,00,00,00,00,00,
10614105,00000121,false,Rx,0,8,D9,95,9A,00,00,00,00,05,
10614343,000000A3,false,Rx,0,8,00,40,01,00,00,00,00,00,
10614585,00000122,false,Rx,0,8,FF,D9,67,1F,44,44,44,44,
10614850,00000123,false,Rx,0,8,F0,02,00,00,00,00,00,35,
10615352,00000124,false,Rx,0,8,00,00,0A,00,00,00,20,40,
10618652,0000019B,false,Rx,0,8,B4,81,8A,00,00,E4,00,00,
10618747,0000019C,false,Rx,0,8,40,20,00,00,00,00,0B,09,
10619030,0000019D,false,Rx,0,8,00,10,00,01,00,00,00,00,
10619182,0000019E,false,Rx,0,8,15,00,00,00,00,32,00,00,
10620179,000000C5,false,Rx,1,8,00,00,00,00,00,00,00,00,
10620725,00000244,false,Rx,1,8,00,00,00,00,00,00,00,00,
10621442,000004B4,false,Rx,1,8,01,00,0D,40,10,60,44,02,
10621573,000004B5,false,Rx,1,8,08,00,F0,07,00,00,00,00,
10621682,000004B7,false,Rx,1,8,08,00,F0,07,00,00,00,00,
10621733,000004CA,false,Rx,1,8,00,00,00,00,00,00,00,00,
10621781,000004CC,false,Rx,1,8,08,00,00,2A,00,00,03,00,
10622156,000004CE,false,Rx,1,8,14,01,FF,FF,FF,FF,FF,FF,
10622327,000004D7,false,Rx,1,8,23,01,00,00,00,00,00,00,
10622593,000004D8,false,Rx,1,8,41,10,F6,F0,40,F2,1E,CC,
10622871,00000226,false,Rx,0,8,57,C9,63,FF,00,20,09,42,
10622973,000004DF,false,Rx,1,8,00,00,08,00,00,00,00,00,
10623026,00000316,false,Rx,0,8,45,3E,33,04,00,80,0A,00,
10623088,000004E7,false,Rx,1,8,00,30,00,00,00,00,69,00,
10623307,00000227,false,Rx,0,8,02,C4,07,09,00,F1,FF,07,
10623465,00000317,false,Rx,0,8,00,00,05,00,00,00,00,00,
10623600,000004E8,false,Rx,1,8,FF,FF,FF,29,FF,FF,FF,00,
10623707,000003CB,false,Rx,0,8,36,14,00,F4,00,00,00,00,
10623945,00000472,false,Rx,0,8,5C,EC,00,40,08,41,00,45,
10624093,000004E9,false,Rx,1,8,00,00,00,00,00,00,00,00,
10624272,000003CC,false,Rx,0,8,36,31,34,30,33,34,31,00,
10624416,00000473,false,Rx,0,8,5F,24,00,25,00,00,00,78,
10624581,000004EA,false,Rx,1,8,00,00,00,00,00,00,00,00,
10624735,00000419,false,Rx,0,8,33,A0,E7,CB,4D,63,84,00,
10625078,00000474,false,Rx,0,8,53,98,00,00,00,00,00,10,
10625336,000004EB,false,Rx,1,8,04,68,2B,0F,00,00,00,00,
10625569,000004EC,false,Rx,1,8,FF,FF,FF,FF,FF,FF,FF,0F,
10626026,000004ED,false,Rx,1,8,FF,FF,FF,FF,FF,FF,FF,1F,
10626527,000004EE,false,Rx,1,8,FF,FF,00,00,00,00,00,00,
10627012,000004EF,false,Rx,1,8,60,00,60,00,29,14,00,00,
10627471,000002FF,false,Rx,0,8,83,B9,00,F0,3F,00,00,00,
10628409,0000063D,false,Rx,1,8,00,80,00,00,00,00,00,00,
10628575,0000063E,false,Rx,1,8,FF,FF,FF,FF,FF,FF,FF,FF,
10628621,0000063F,false,Rx,1,8,00,10,00,C4,FF,00,00,00,
10628716,00000640,false,Rx,1,8,FF,FF,FF,00,FF,FF,FF,00,
10629059,00000641,false,Rx,1,8,FF,FF,FF,FF,0F,FF,FF,FF,
10629315,00000646,false,Rx,1,8,00,00,00,80,01,00,00,00,
10629485,000001E1,false,Rx,0,8,43,0F,20,02,00,00,00,00,
10629953,000001E2,false,Rx,0,8,00,00,00,00,00,00,00,00,
10634817,000003A1,false,Rx,0,8,95,03,51,00,FF,FF,FF,FF,
10635045,000003A2,false,Rx,0,8,00,00,00,00,00,00,00,00,
10638202,000001F1,false,Rx,0,8,74,DA,22,01,00,00,28,00,
10638443,000001F2,false,Rx,0,8,00,00,00,00,00,00,00,00,
10639208,0000011B,false,Rx,0,8,DD,FB,A1,05,80,08,A8,02,
10639379,0000012B,false,Rx,0,8,9A,01,A1,06,00,00,08,00,
10639624,0000011C,false,Rx,0,8,00,05,20,00,22,00,01,01,
10640069,0000012C,false,Rx,0,8,00,00,01,00,00,64,00,00,
10640177,000004DD,false,Rx,1,8,00,00,FE,00,04,00,00,00,
10640767,00000091,false,Rx,0,8,36,E2,0D,00,00,00,00,00,
10640984,00000092,false,Rx,0,8,11,00,00,00,10,01,00,00,
10641242,00000093,false,Rx,0,8,00,00,00,00,00,00,00,00,
10641516,00000094,false,Rx,0,8,00,00,00,00,00,00,00,00,
10646371,000002D6,false,Rx,0,8,9A,2A,07,00,00,00,00,00,
10646464,000002EB,false,Rx,0,8,47,BB,07,09,08,01,00,02,
10646636,000002D7,false,Rx,0,8,00,00,00,00,03,00,00,00,
10646890,000002EC,false,Rx,0,8,02,00,00,00,00,00,00,00,
10647133,000002D8,false,Rx,0,8,00,00,00,00,00,00,38,44,
10647380,000002ED,false,Rx,0,8,00,00,00,00,00,00,00,00,
10647620,000002D9,false,Rx,0,8,00,00,00,00,00,00,00,00,
10647881,000002EE,false,Rx,0,8,00,00,00,00,00,00,00,00,
10648651,00000566,false,Rx,0,8,16,02,00,00,00,00,FF,FF,
10649445,000001FB,false,Rx,0,8,2D,E7,10,00,00,00,00,00,
10649841,00000419,false,Rx,0,8,C3,B0,E7,CB,F5,62,84,00,
10649981,000004B9,false,Rx,1,8,00,00,80,00,00,50,00,00,
10650194,000000FF,false,Rx,0,8,CB,10,00,00,00,00,02,00,
10650260,000001FC,false,Rx,0,8,00,00,00,00,00,00,00,00,
10650679,000001FD,false,Rx,0,8,00,1A,03,00,00,00,00,00,
10650899,00000394,false,Rx,0,8,2A,22,1A,49,00,00,00,00,
10651159,000001FE,false,Rx,0,8,00,00,00,00,00,00,00,00,
10651386,000003C3,false,Rx,0,8,45,10,31,30,36,00,00,00,
10651633,00000251,false,Rx,0,8,8E,32,0F,00,00,00,00,00,
10651880,000003E0,false,Rx,0,8,6E,50,01,00,54,03,00,00,
10652119,00000252,false,Rx,0,8,00,00,03,03,03,00,00,00,
10652354,00000396,false,Rx,0,8,7B,A8,07,0F,08,02,00,02,
10653009,00000253,false,Rx,0,8,00,00,00,53,54,00,80,46,
10653153,00000397,false,Rx,0,8,0C,00,00,00,00,00,00,00,
10653223,000003E5,false,Rx,0,8,37,80,01,00,00,00,00,00,
10653424,00000061,false,Rx,0,8,E3,59,AC,00,00,05,00,00,
10653611,00000398,false,Rx,0,8,00,00,00,00,00,00,00,00,
10653826,00000062,false,Rx,0,8,02,02,00,01,40,FF,00,FF,
10654062,000003E6,false,Rx,0,8,A1,40,00,00,00,00,00,00,
10654338,00000063,false,Rx,0,8,C8,00,15,00,00,08,FF,00,
10654550,0000041A,false,Rx,0,8,6D,90,12,00,50,01,00,00,
10654790,00000064,false,Rx,0,8,00,00,00,04,FF,FA,00,00,
10655088,0000041B,false,Rx,0,8,BE,70,00,00,00,00,00,00,
10655381,0000041C,false,Rx,0,8,84,D0,E8,00,00,00,00,00,
10655588,00000422,false,Rx,0,8,FA,20,01,00,00,00,04,00,
10655846,00000432,false,Rx,0,8,03,20,02,00,00,00,00,00,
10656080,00000435,false,Rx,0,8,BF,70,00,50,00,00,00,00,
10656354,00000442,false,Rx,0,8,CE,20,11,81,00,00,00,00,
10656592,000002E6,false,Rx,0,8,07,D7,0F,01,00,00,00,15,
10656831,00000256,false,Rx,0,8,54,9B,0F,15,00,00,10,00,
10657066,000002E7,false,Rx,0,8,0A,00,00,00,00,00,00,00,
10657353,00000257,false,Rx,0,8,00,7A,3E,00,83,07,00,7A,
10657548,0000010B,false,Rx,0,8,8B,52,9E,00,00,00,00,05,
10657782,00000258,false,Rx,0,8,01,25,1D,00,10,15,00,1C,
10658014,0000010C,false,Rx,0,8,FF,F9,E7,1F,43,48,44,44,
10658249,00000259,false,Rx,0,8,E9,03,12,3C,E4,01,00,00,
10658491,0000010D,false,Rx,0,8,EF,02,00,00,00,00,00,35,
10658739,000002E8,false,Rx,0,8,00,00,00,00,00,00,00,00,
10658987,0000010E,false,Rx,0,8,00,00,1E,00,00,C0,AB,57,
10659233,000002E9,false,Rx,0,8,00,00,00,00,00,00,00,00,
10659477,0000036F,false,Rx,0,8,47,11,01,00,00,00,00,00,
10659708,000003B6,false,Rx,0,8,F2,EB,07,00,00,00,00,44,
10659948,0000037F,false,Rx,0,8,4D,00,52,24,41,02,00,00,
10660186,00000036,false,Rx,0,8,F9,CC,9E,51,00,00,25,05,
10660427,000003B7,false,Rx,0,8,43,00,00,00,00,08,00,00,
10660668,00000037,false,Rx,0,8,05,00,00,10,00,40,00,00,
10660955,000003B8,false,Rx,0,8,EB,02,00,00,00,00,69,0E,
10661148,00000038,false,Rx,0,8,04,00,00,00,20,39,96,D4,
10661406,000003B9,false,Rx,0,8,00,00,00,00,00,00,00,00,
10661646,00000039,false,Rx,0,8,00,00,00,00,00,00,00,00,
10661908,00000444,false,Rx,0,8,1B,80,20,50,55,50,00,00,
10662149,00000445,false,Rx,0,8,7F,D0,00,00,00,00,00,18,
10662421,00000464,false,Rx,0,8,6C,30,F0,FF,38,7F,05,00,
10663565,000000A1,false,Rx,0,8,00,0E,AD,8A,D4,EC,A2,00,
10663896,000000A2,false,Rx,0,8,00,00,00,00,00,00,00,00,
10664079,00000121,false,Rx,0,8,A6,B9,9F,00,00,00,00,05,
10664328,000000A3,false,Rx,0,8,00,40,01,00,00,00,00,00,
10664551,00000122,false,Rx,0,8,FF,D9,67,1F,44,44,44,44,
10664791,00000123,false,Rx,0,8,F0,02,00,00,00,00,00,35,
10665058,00000124,false,Rx,0,8,00,00,0A,00,00,00,20,40,
10665515,00000146,false,Rx,0,8,46,46,42,10,04,05,00,00,
10665901,00000147,false,Rx,0,8,01,04,7D,00,40,E0,00,00,
10666273,00000148,false,Rx,0,8,00,00,42,00,1E,7B,40,05,
10666643,00000149,false,Rx,0,8,00,38,00,C8,00,00,00,00,
10666816,000001B1,false,Rx,0,8,7D,24,42,00,72,00,00,00,
10666876,000001B2,false,Rx,0,8,23,00,04,0E,8A,01,50,0F,
10666994,000001B3,false,Rx,0,8,8A,2B,28,00,66,7F,71,7B,
10667253,000001B4,false,Rx,0,8,68,78,10,00,00,41,00,00,
10668381,0000019B,false,Rx,0,8,CB,AD,8F,00,00,E4,00,00,
10668602,0000019C,false,Rx,0,8,40,20,00,00,00,00,0B,09,
10668881,0000019D,false,Rx,0,8,00,10,00,01,00,00,00,00,
10669159,0000019E,false,Rx,0,8,15,00,00,00,00,32,00,00,
10670260,00000415,false,Rx,0,8,80,F0,FF,0F,00,80,00,00,
10679976,000004DD,false,Rx,1,8,00,00,FE,00,04,00,00,00,
10684466,00000419,false,Rx,0,8,81,C0,1D,CB,F5,62,84,00,
10688988,0000012B,false,Rx,0,8,05,69,A6,06,00,00,08,00,
10689143,0000011B,false,Rx,0,8,42,93,A6,05,80,08,A8,02,
10689422,0000012C,false,Rx,0,8,00,00,01,00,00,64,00,00,
10689639,0000011C,false,Rx,0,8,00,05,20,00,22,00,01,01,
10689887,00000161,false,Rx,0,8,41,90,53,03,00,00,00,02,
10690093,000004B9,false,Rx,1,8,00,00,80,00,00,50,00,00,
10690366,00000162,false,Rx,0,8,FF,FC,01,00,00,00,00,00,
10699187,000001A1,false,Rx,0,8,9B,56,53,FE,F7,7F,64,00,
10699291,000001A2,false,Rx,0,8,00,00,00,00,00,08,00,00,
10699597,000001A3,false,Rx,0,8,FF,F3,3F,00,00,00,00,00,
10699760,000001A4,false,Rx,0,8,FE,07,00,00,00,00,00,00,
10702563,000001AB,false,Rx,0,8,95,AA,EB,40,70,90,00,00,
10702757,000001AC,false,Rx,0,8,00,28,00,00,00,00,00,00,
10703141,00000061,false,Rx,0,8,C1,5D,B1,00,00,05,00,00,
10703447,00000062,false,Rx,0,8,02,02,00,01,40,FF,00,FF,
10703972,00000063,false,Rx,0,8,C8,00,15,00,00,08,FD,00,
10704193,000002BF,false,Rx,0,8,FF,FF,FF,00,00,00,00,00,
10704242,00000064,false,Rx,0,8,00,00,00,04,FF,FA,00,00,
10704419,0000047F,false,Rx,0,8,FF,FF,FF,FF,FF,FF,FF,FF,
10704686,00000653,false,Rx,0,8,0A,19,03,01,02,2A,00,00,
10707699,0000010B,false,Rx,0,8,E8,C9,A3,00,00,00,00,05,
10707832,0000010C,false,Rx,0,8,FF,F9,E7,1F,43,48,44,44,
10708137,0000010D,false,Rx,0,8,EF,02,00,00,00,00,00,35,
10708429,0000010E,false,Rx,0,8,00,00,1E,00,00,C0,AB,57,
10709854,00000487,false,Rx,1,8,00,00,00,00,00,00,00,00,
10710134,00000236,false,Rx,0,8,9D,A5,10,00,30,63,34,6C,
10710193,00000036,false,Rx,0,8,9A,57,A3,51,00,00,25,05,
10710298,00000642,false,Rx,1,8,FF,FF,FF,FF,FF,FF,00,00,
10710345,00000237,false,Rx,0,8,00,05,94,00,00,5D,1D,00,
10710532,00000037,false,Rx,0,8,05,00,00,10,00,40,00,00,
10710783,00000238,false,Rx,0,8,00,00,0C,00,00,00,00,00,
10711015,00000038,false,Rx,0,8,04,00,00,00,20,39,96,D4,
10711243,00000151,false,Rx,0,8,E8,CD,10,A0,C8,00,28,15,
10711516,00000039,false,Rx,0,8,00,00,00,00,00,00,00,00,
10711730,00000152,false,Rx,0,8,12,14,14,00,24,00,00,00,
10711977,00000239,false,Rx,0,8,00,00,00,00,01,00,00,00,
10712230,00000153,false,Rx,0,8,00,00,00,00,00,00,00,00,
10712498,000001F6,false,Rx,0,8,14,CC,10,00,00,00,00,0B,
10712729,00000154,false,Rx,0,8,00,00,00,00,00,00,00,00,
10712969,000001F7,false,Rx,0,8,1F,00,DC,00,00,00,00,00,
10713211,000002FB,false,Rx,0,8,6C,1D,10,04,0C,14,C3,C3,
10713544,000001F8,false,Rx,0,8,00,69,00,64,00,00,00,00,
10713692,000000A1,false,Rx,0,8,63,63,B2,8A,D4,EC,A2,00,
10713943,00000121,false,Rx,0,8,70,E5,A4,00,00,00,00,05,
10714168,000000A2,false,Rx,0,8,00,00,00,00,00,00,00,00,
10714564,00000122,false,Rx,0,8,FF,D9,67,1F,44,44,44,44,
10714625,000000A3,false,Rx,0,8,00,40,01,00,00,00,00,00,
10714891,00000123,false,Rx,0,8,F0,02,00,00,00,00,00,35,
10715129,000001F9,false,Rx,0,8,19,00,A0,C8,14,00,19,00,
10715379,00000124,false,Rx,0,8,00,00,0A,00,00,00,20,40,
10715607,0000025B,false,Rx,0,8,AF,B5,10,40,40,20,00,00,
10715883,000002FC,false,Rx,0,8,04,00,12,15,00,00,77,96,
10716092,0000025C,false,Rx,0,8,00,00,1F,00,BD,68,14,00,
10716343,000002FD,false,Rx,0,8,00,00,00,00,00,1C,10,EA,
10716578,0000025D,false,Rx,0,8,00,C8,00,00,00,80,C0,70,
10716864,000002FE,false,Rx,0,8,00,00,72,01,00,28,00,00,
10717070,0000025E,false,Rx,0,8,51,07,0E,07,00,00,00,00,
10717303,00000326,false,Rx,0,8,58,0A,10,00,00,00,00,00,
10717552,00000415,false,Rx,0,8,4F,13,10,00,08,01,00,00,
10717821,00000327,false,Rx,0,8,00,00,00,00,01,00,00,00,
10718035,0000042A,false,Rx,0,8,CF,74,01,04,00,10,00,00,
10718272,00000328,false,Rx,0,8,DC,00,19,00,00,69,00,00,
10718514,0000019B,false,Rx,0,8,B6,68,94,00,00,E4,00,00,
10718755,00000329,false,Rx,0,8,A0,64,00,00,00,00,00,00,
10719015,0000019C,false,Rx,0,8,40,20,00,00,00,00,0B,09,
10719224,00000331,false,Rx,0,8,A8,2B,10,F1,C8,A0,2C,97,
10719517,0000019D,false,Rx,0,8,00,10,00,01,00,00,00,00,
10719712,00000332,false,Rx,0,8,44,07,B4,00,00,00,00,00,
10719833,000004B9,false,Rx,1,8,FF,FF,FF,FF,FF,FF,FF,FF,
10719976,0000019E,false,Rx,0,8,15,00,00,00,00,32,00,00,
10720480,00000333,false,Rx,0,8,00,00,00,1C,0C,40,20,A0,
10720852,00000334,false,Rx,0,8,C8,00,00,00,5C,70,B7,8F,
10724402,00000419,false,Rx,0,8,81,C0,1D,CB,F5,62,84,00,
10739343,0000011B,false,Rx,0,8,31,AA,AB,05,80,08,A8,02,
10739432,0000012B,false,Rx,0,8,76,50,AB,06,00,00,08,00,
10739735,0000011C,false,Rx,0,8,00,05,20,00,22,00,01,01,
10739878,0000012C,false,Rx,0,8,00,00,01,00,00,64,00,00,
10740106,000001E6,false,Rx,0,8,57,20,1D,C2,03,64,64,00,
10740345,000001BB,false,Rx,0,8,D9,BC,1D,C2,03,64,64,0A,
10740583,00000091,false,Rx,0,8,BA,54,0E,00,00,00,00,00,
10740826,000001BC,false,Rx,0,8,32,00,00,00,02,00,00,00,
10741079,00000092,false,Rx,0,8,0F,00,00,00,F0,00,00,00,
10741326,000001BD,false,Rx,0,8,00,00,00,00,00,00,00,00,
10741575,00000093,false,Rx,0,8,00,00,00,00,00,00,00,00,
10741816,000001E7,false,Rx,0,8,00,00,22,03,20,01,00,00,
10742078,00000094,false,Rx,0,8,00,00,00,00,00,00,00,00,
10744565,00000516,false,Rx,0,8,61,02,00,00,00,00,FF,FF,
10747037,0000033B,false,Rx,0,8,EE,44,76,00,00,00,00,00,
10747266,0000033C,false,Rx,0,8,00,00,00,00,F0,00,00,00,
10747500,00000356,false,Rx,0,8,D4,3F,BB,00,00,00,00,00,
10747747,0000033D,false,Rx,0,8,00,00,00,00,00,00,00,00,
10747990,00000357,false,Rx,0,8,00,00,00,00,00,4B,4D,48,
10748271,0000033E,false,Rx,0,8,00,00,00,00,00,00,00,00,
10748472,00000358,false,Rx,0,8,35,41,45,4D,52,37,33,4F,
10748706,00000359,false,Rx,0,8,51,4F,34,52,4A,35,33,00,
10748963,00000380,false,Rx,0,8,A0,99,01,0C,0C,0C,0C,01,
10749565,00000382,false,Rx,0,8,36,4D,02,00,00,05,09,00,
10749800,00000419,false,Rx,0,8,C7,D0,1D,CB,A1,62,84,00,
10750119,00000415,false,Rx,0,8,4F,13,10,00,08,01,00,00,
10750861,000004A3,false,Rx,1,8,80,00,48,0B,3E,00,00,00,
10751290,000004A4,false,Rx,1,8,FF,FF,FF,00,00,00,00,00,
10751383,000002AB,false,Rx,0,8,C0,1B,11,0C,0C,00,00,00,
10751617,00000383,false,Rx,0,8,89,14,01,10,01,00,00,00,
10751782,000004B9,false,Rx,1,8,FF,FF,FF,FF,FF,FF,FF,FF,
10751961,000002AC,false,Rx,0,8,00,FF,FF,00,00,40,00,50,
10752082,00000384,false,Rx,0,8,D8,3D,02,01,00,FF,00,22,
10752340,000002AD,false,Rx,0,8,00,01,00,40,FF,FF,FF,0F,
10752581,000003B0,false,Rx,0,8,72,37,FF,C7,00,00,03,C0,
10752813,000002AE,false,Rx,0,8,01,00,FF,3F,01,01,00,00,
10753316,00000061,false,Rx,0,8,32,C3,B6,00,00,05,00,00,
10753542,000002B6,false,Rx,0,8,ED,A1,11,01,01,00,00,40,
10753775,00000062,false,Rx,0,8,02,02,00,01,40,FF,00,FF,
10754029,000002B7,false,Rx,0,8,93,01,C1,08,00,04,00,00,
10754265,00000063,false,Rx,0,8,C8,00,15,00,00,08,FD,00,
10754497,000002B8,false,Rx,0,8,B2,61,11,00,00,00,00,00,
10754749,00000064,false,Rx,0,8,00,00,00,04,FF,FA,00,00,
10754998,000002B9,false,Rx,0,8,0A,00,00,00,00,00,00,00,
10755234,000003B1,false,Rx,0,8,9B,3C,FF,40,00,00,20,00,
10755466,000002C1,false,Rx,0,8,3E,6B,09,21,00,41,00,A1,
10755707,000003B2,false,Rx,0,8,36,15,FF,02,29,2F,34,00,
10755949,000002C2,false,Rx,0,8,40,00,00,00,00,00,00,00,
10756443,000002C3,false,Rx,0,8,00,00,00,00,00,00,00,00,
10756693,000002C4,false,Rx,0,8,00,00,00,00,00,00,00,00,
10756955,000002E1,false,Rx,0,8,B4,8A,11,00,00,00,00,40,
10757206,000002E2,false,Rx,0,8,35,00,00,00,00,14,00,04,
10757443,00000427,false,Rx,0,8,1D,86,FF,00,80,0A,00,00,
10757682,0000010B,false,Rx,0,8,50,C8,A8,00,00,00,00,05,
10757929,000002E3,false,Rx,0,8,00,00,00,00,00,00,72,01,
10758164,0000010C,false,Rx,0,8,FF,F9,E7,1F,43,48,44,44,
10758406,000002E4,false,Rx,0,8,02,00,00,00,00,00,00,00,
10758671,0000010D,false,Rx,0,8,EF,02,00,00,00,00,00,35,
10758907,0000010E,false,Rx,0,8,00,00,1E,00,00,C0,AB,57,
10759168,00000111,false,Rx,0,8,DE,5A,0A,01,00,00,00,00,
10759406,0000036F,false,Rx,0,8,91,21,01,00,00,00,00,00,
10759645,00000112,false,Rx,0,8,00,00,00,00,00,00,00,00,
10759904,0000037F,false,Rx,0,8,F4,10,52,24,41,02,00,00,
10760146,00000113,false,Rx,0,8,00,00,00,00,00,00,00,00,
10760409,00000036,false,Rx,0,8,22,56,A8,51,00,00,25,05,
10760660,00000037,false,Rx,0,8,05,00,00,10,00,40,00,00,
10760953,00000038,false,Rx,0,8,04,00,00,00,20,39,96,D4,
10761214,00000039,false,Rx,0,8,00,00,00,00,00,00,00,00,
10761483,00000114,false,Rx,0,8,00,00,00,00,00,00,00,00,
10763525,000000A1,false,Rx,0,8,6C,88,B7,8A,D4,EC,A2,00,
10763797,000000A2,false,Rx,0,8,00,00,00,00,00,00,00,00,
10764031,00000121,false,Rx,0,8,7D,23,A9,00,00,00,00,05,
10764316,000000A3,false,Rx,0,8,00,40,01,00,00,00,00,00,
10764753,00000122,false,Rx,0,8,FF,D9,67,1F,44,44,44,44,
10764881,00000123,false,Rx,0,8,F0,02,00,00,00,00,00,35,
10765039,00000124,false,Rx,0,8,00,00,0A,00,00,00,20,40,
10765575,00000146,false,Rx,0,8,90,D6,47,10,04,05,00,00,
10766153,00000147,false,Rx,0,8,01,04,7D,00,40,45,01,00,
10766228,00000148,false,Rx,0,8,00,00,42,00,1E,7B,40,05,
10766272,00000149,false,Rx,0,8,00,38,00,C8,00,00,00,00,
10766714,000001B1,false,Rx,0,8,33,F8,47,00,72,00,00,00,
10767241,000001B2,false,Rx,0,8,23,00,04,0E,8A,01,50,0F,
10767301,000001B3,false,Rx,0,8,8B,2B,28,00,66,7F,71,7B,
10767350,00000401,false,Rx,0,8,28,40,10,00,00,01,00,00,
10767479,000001B4,false,Rx,0,8,68,78,10,00,00,41,00,00,
10768389,0000019B,false,Rx,0,8,BB,AE,99,00,00,E4,00,00,
10768603,0000019C,false,Rx,0,8,40,20,00,00,00,00,0B,09,
10768887,0000019D,false,Rx,0,8,00,10,00,01,00,00,00,00,
10769127,0000019E,false,Rx,0,8,15,00,00,00,00,32,00,00,
10779202,00000405,false,Rx,0,8,0C,50,00,00,00,01,00,00,
10779348,00000410,false,Rx,0,8,A3,90,53,3C,B4,6A,FF,FF,
10779647,000001E1,false,Rx,0,8,0E,E7,23,02,00,00,00,00,
10779845,00000411,false,Rx,0,8,09,81,50,50,00,00,44,04,
10780085,000001E2,false,Rx,0,8,00,00,00,00,00,00,00,00,
10780329,00000412,false,Rx,0,8,F1,00,00,00,00,00,04,00,
10780730,00000413,false,Rx,0,8,F5,10,00,41,00,00,00,00,
10781071,000004B9,false,Rx,1,8,FF,FF,FF,FF,FF,FF,FF,FF,
10781158,00000414,false,Rx,0,8,87,A0,00,00,28,00,00,00,
10781666,00000416,false,Rx,0,8,55,00,00,00,00,00,00,00,
10782096,00000417,false,Rx,0,8,1E,80,00,00,00,01,00,00,
10782372,00000418,false,Rx,0,8,AF,40,00,00,12,4C,00,00,
10784428,00000419,false,Rx,0,8,83,E0,84,CA,A1,62,84,00,
10788039,000001F1,false,Rx,0,8,EB,B2,25,01,00,00,28,00,
10788266,000001F2,false,Rx,0,8,00,00,00,00,00,00,00,00,
10788992,00000161,false,Rx,0,8,89,69,58,03,00,00,00,02,
10789159,0000011B,false,Rx,0,8,F3,70,B0,05,80,08,A8,02,
10789439,00000162,false,Rx,0,8,FF,FC,01,00,00,00,00,00,
10789656,0000011C,false,Rx,0,8,00,05,20,00,22,00,01,01,
10789894,0000012B,false,Rx,0,8,B4,8A,B0,06,00,00,08,00,
10790132,00000415,false,Rx,0,8,4F,13,10,00,08,01,00,00,
10790387,0000012C,false,Rx,0,8,00,00,01,00,00,64,00,00,
10795495,000003AA,false,Rx,0,8,FF,00,D0,00,54,00,00,00,
10799114,000001A1,false,Rx,0,8,23,57,58,FE,F7,7F,64,00,
10799299,000001A2,false,Rx,0,8,00,00,00,00,00,08,00,00,
10799552,000001A3,false,Rx,0,8,FF,F3,3F,00,00,00,00,00,
10799808,000001A4,false,Rx,0,8,FE,07,00,00,00,00,00,00,
10801862,000001AB,false,Rx,0,8,57,70,F0,40,70,90,00,00,
10802034,00000475,false,Rx,0,8,12,00,00,00,00,00,00,00,
10802285,000001AC,false,Rx,0,8,00,28,00,00,00,00,00,00,
10802545,0000030B,false,Rx,0,8,47,19,76,00,04,00,00,00,
10802777,00000496,false,Rx,0,8,12,00,00,00,00,00,00,00,
10803016,0000030C,false,Rx,0,8,00,00,0C,00,2C,00,A0,0F,
10803264,00000061,false,Rx,0,8,85,04,BB,00,00,05,00,00,
10803502,0000030D,false,Rx,0,8,00,00,00,00,42,00,00,00,
10803770,00000062,false,Rx,0,8,02,02,00,01,40,FF,00,FF,
10803990,0000030E,false,Rx,0,8,00,00,28,05,21,00,00,1A,
10804231,00000063,false,Rx,0,8,C7,00,15,00,00,08,FD,00,
10804471,00000495,false,Rx,0,8,49,00,00,00,00,00,00,00,
10804757,00000064,false,Rx,0,8,00,00,00,04,FF,FA,00,00,
10807679,0000010B,false,Rx,0,8,2F,E4,AD,00,00,00,00,05,
10807860,0000010C,false,Rx,0,8,FF,F9,E7,1F,43,48,44,44,
10808145,0000010D,false,Rx,0,8,EF,02,00,00,00,00,00,35,
10808392,0000010E,false,Rx,0,8,00,00,1E,00,00,C0,AB,57,
10810162,00000036,false,Rx,0,8,5D,7A,AD,51,00,00,25,05,
10810285,00000037,false,Rx,0,8,05,00,00,10,00,40,00,00,
10810591,00000038,false,Rx,0,8,04,00,00,00,20,39,96,D4,
10810845,00000039,false,Rx,0,8,00,00,00,00,00,00,00,00,
10812943,00000448,false,Rx,0,8,7F,00,00,00,00,00,00,00,
10813612,000000A1,false,Rx,0,8,50,79,BC,8A,D4,EC,A2,00,
10813798,000000A2,false,Rx,0,8,00,00,00,00,00,00,00,00,
10814039,00000121,false,Rx,0,8,78,68,AE,00,00,00,00,05,
10814285,000000A3,false,Rx,0,8,00,40,01,00,00,00,00,00,
10814513,00000122,false,Rx,0,8,FF,D9,67,1F,44,45,44,44,
10814765,00000123,false,Rx,0,8,F0,02,00,00,00,00,00,35,
10815023,00000124,false,Rx,0,8,00,00,0A,00,00,00,20,40,
10818426,0000019B,false,Rx,0,8,48,30,9E,00,00,E4,00,00,
10818607,0000019C,false,Rx,0,8,40,20,00,00,00,00,0B,09,
10818888,0000019D,false,Rx,0,8,00,10,00,01,00,00,00,00,
10819134,0000019E,false,Rx,0,8,15,00,00,00,00,32,00,00,
10821177,000000C5,false,Rx,1,8,00,00,00,00,00,00,00,00,
10821539,00000244,false,Rx,1,8,00,00,00,00,00,00,00,00,
10821599,0000041F,false,Rx,1,8,00,0C,00,00,00,00,00,00,
10821645,000004B4,false,Rx,1,8,01,00,0D,40,10,60,44,02,
10821708,000004B5,false,Rx,1,8,08,00,F0,07,00,00,00,00,
10822065,000004B7,false,Rx,1,8,08,00,F0,07,00,00,00,00,
10822770,000004CA,false,Rx,1,8,00,00,00,00,00,00,00,00,
10823071,000004CC,false,Rx,1,8,08,00,00,2A,00,00,03,00,
10823401,00000226,false,Rx,0,8,EC,09,65,FF,00,20,09,42,
10823494,000004CE,false,Rx,1,8,14,01,FF,FF,FF,FF,FF,FF,
10823544,000002FF,false,Rx,0,8,83,B9,00,F0,3F,00,00,00,
10823591,00000227,false,Rx,0,8,02,C4,07,09,00,F1,FF,07,
10823654,000004D7,false,Rx,1,8,23,01,00,00,00,00,00,00,
10823701,00000316,false,Rx,0,8,DA,56,34,04,00,80,0A,00,
10823771,000004D8,false,Rx,1,8,41,10,F6,F0,40,F2,1E,CC,
10823815,00000472,false,Rx,0,8,5C,EC,00,40,08,41,00,45,
10823871,000004DD,false,Rx,1,8,00,00,FE,00,04,00,00,00,
10823925,00000317,false,Rx,0,8,00,00,05,00,00,00,00,00,
10824054,00000473,false,Rx,0,8,5F,24,00,25,00,00,00,78,
10824108,000004DF,false,Rx,1,8,00,00,08,00,00,00,00,00,
10824527,00000419,false,Rx,0,8,83,E0,84,CA,A1,62,84,00,
10824605,000004E7,false,Rx,1,8,00,30,00,00,00,00,69,00,
10824753,00000474,false,Rx,0,8,53,98,00,00,00,00,00,10,
10825054,000004E8,false,Rx,1,8,FF,FF,FF,29,FF,FF,FF,00,
10825538,000004E9,false,Rx,1,8,00,00,00,00,00,00,00,00,
10826022,000004EA,false,Rx,1,8,00,00,00,00,00,00,00,00,
10826513,000004EB,false,Rx,1,8,04,68,2B,0F,00,00,00,00,
10827005,000004EC,false,Rx,1,8,FF,FF,FF,FF,FF,FF,FF,0F,
10827471,000004ED,false,Rx,1,8,FF,FF,FF,FF,FF,FF,FF,1F,
10827988,000004EE,false,Rx,1,8,FF,FF,00,00,00,00,00,00,
10828517,000004EF,false,Rx,1,8,60,00,60,00,29,14,00,00,
10828695,000004F0,false,Rx,1,8,4A,0D,2B,0F,5C,1A,11,02,
10829024,000004F1,false,Rx,1,8,00,C0,00,00,00,00,00,00,
10829290,000004F2,false,Rx,1,8,02,FF,DD,FF,03,01,00,00,
10829376,000004F3,false,Rx,1,8,00,00,00,00,30,00,00,00,
10829801,000004F9,false,Rx,1,8,E0,FF,FF,FF,FF,FF,FF,FF,
10830074,0000063D,false,Rx,1,8,00,80,00,00,00,00,00,00,
10830168,0000063E,false,Rx,1,8,FF,FF,FF,FF,FF,FF,FF,FF,
10830642,0000063F,false,Rx,1,8,00,10,00,C4,FF,00,00,00,
10830963,00000640,false,Rx,1,8,FF,FF,FF,00,FF,FF,FF,00,
10831273,00000641,false,Rx,1,8,FF,FF,FF,FF,0F,FF,FF,FF,
10831352,00000646,false,Rx,1,8,00,00,00,80,01,00,00,00,
10834795,000003A1,false,Rx,0,8,D8,EB,52,00,FF,FF,FF,FF,
10834908,000003A2,false,Rx,0,8,00,00,00,00,00,00,00,00,
10839420,0000011B,false,Rx,0,8,05,58,B5,05,80,08,A8,02,
10839508,0000012B,false,Rx,0,8,42,A2,B5,06,00,00,08,00,
10839812,0000011C,false,Rx,0,8,00,05,20,00,22,00,01,01,
10839934,0000012C,false,Rx,0,8,00,00,01,00,00,64,00,00,
10840642,00000091,false,Rx,0,8,FC,0D,0F,00,00,00,00,00,
10840916,00000092,false,Rx,0,8,0F,00,00,00,F0,00,00,00,
10841169,00000093,false,Rx,0,8,00,00,00,00,00,00,00,00,
10841412,00000094,false,Rx,0,8,00,00,00,00,00,00,00,00,
10842017,00000561,false,Rx,0,8,63,02,00,00,00,00,FF,FF,
10846384,000002D6,false,Rx,0,8,1B,5E,08,00,00,00,00,00,
10846479,000002EB,false,Rx,0,8,C6,CF,08,09,08,01,00,02,
10846767,000002D7,false,Rx,0,8,00,00,00,00,03,00,00,00,
10846900,000002EC,false,Rx,0,8,02,00,00,00,00,00,00,00,
10847147,000002D8,false,Rx,0,8,00,00,00,00,00,00,38,44,
10847397,000002ED,false,Rx,0,8,00,00,00,00,00,00,00,00,
10847636,000002D9,false,Rx,0,8,00,00,00,00,00,00,00,00,
10847898,000002EE,false,Rx,0,8,00,00,00,00,00,00,00,00,
10849571,00000419,false,Rx,0,8,C1,00,84,CA,59,62,84,00,
10849726,000001FB,false,Rx,0,8,A1,55,12,00,00,00,00,00,
10849810,000000FF,false,Rx,0,8,CB,10,00,00,00,00,02,00,
10850111,000001FC,false,Rx,0,8,00,00,00,00,00,00,00,00,
10850400,000001FD,false,Rx,0,8,00,1A,03,00,00,00,00,00,
10850773,00000394,false,Rx,0,8,2A,22,1A,49,00,00,00,00,
10851034,000001FE,false,Rx,0,8,00,00,00,00,00,00,00,00,
10851107,000003C3,false,Rx,0,8,45,10,31,30,36,00,00,00,
10851328,00000251,false,Rx,0,8,AF,A0,11,00,00,00,00,00,
10851544,000003E0,false,Rx,0,8,6E,50,01,00,54,03,00,00,
10851779,00000252,false,Rx,0,8,00,00,03,03,03,00,00,00,
10852010,00000396,false,Rx,0,8,8F,19,08,0F,08,01,00,02,
10852248,00000253,false,Rx,0,8,00,00,00,53,53,00,80,46,
10852498,00000397,false,Rx,0,8,1C,00,00,00,00,00,00,00,
10852738,000003E5,false,Rx,0,8,37,80,01,00,00,00,00,00,
10852995,00000398,false,Rx,0,8,00,00,00,00,00,00,00,00,
10853235,00000061,false,Rx,0,8,9E,7A,C0,00,00,05,00,00,
10853478,000003E6,false,Rx,0,8,A1,40,00,00,00,00,00,00,
10853717,00000062,false,Rx,0,8,02,02,00,01,40,FF,00,FF,
10853969,0000041A,false,Rx,0,8,6D,90,12,00,50,01,00,00,
10854206,00000063,false,Rx,0,8,C8,00,15,00,00,08,FD,00,
10854449,0000041B,false,Rx,0,8,BE,70,00,00,00,00,00,00,
10854700,00000064,false,Rx,0,8,00,00,00,04,FF,FA,00,00,
10854942,0000041C,false,Rx,0,8,84,D0,E8,00,00,00,00,00,
10855205,00000422,false,Rx,0,8,FA,20,01,00,00,00,04,00,
10855479,00000432,false,Rx,0,8,03,20,02,00,00,00,00,00,
10855733,00000435,false,Rx,0,8,BF,70,00,50,00,00,00,00,
10855989,00000442,false,Rx,0,8,CE,20,11,81,00,00,00,00,
10856245,00000444,false,Rx,0,8,1B,80,20,50,55,50,00,00,
10856501,00000445,false,Rx,0,8,7F,D0,00,00,00,00,00,18,
10856738,000002E6,false,Rx,0,8,05,3E,11,01,00,00,00,15,
10856976,00000256,false,Rx,0,8,56,72,11,15,00,00,10,00,
10857219,000002E7,false,Rx,0,8,0A,00,00,00,00,00,00,00,
10857463,00000257,false,Rx,0,8,00,7A,3E,00,83,07,00,7A,
10857692,0000010B,false,Rx,0,8,6B,54,B2,00,00,00,00,05,
10857933,00000258,false,Rx,0,8,01,25,1D,00,10,15,00,1C,
10858163,0000010C,false,Rx,0,8,FF,F9,E7,1F,43,48,44,44,
10858393,00000259,false,Rx,0,8,E9,03,12,3C,E4,01,00,00,
10858639,0000010D,false,Rx,0,8,EF,02,00,00,00,00,00,35,
10858894,000002E8,false,Rx,0,8,00,00,00,00,00,00,00,00,
10859136,0000010E,false,Rx,0,8,00,00,1E,00,00,C0,AB,57,
10859375,000002E9,false,Rx,0,8,00,00,00,00,00,00,00,00,
10859629,0000036F,false,Rx,0,8,28,31,01,00,00,00,00,00,
10859874,000003B6,false,Rx,0,8,73,9F,08,00,00,00,00,44,
10860107,00000036,false,Rx,0,8,19,CA,B2,51,00,00,25,05,
10860339,0000037F,false,Rx,0,8,22,20,52,24,41,02,00,00,
10860617,00000037,false,Rx,0,8,05,00,00,10,00,40,00,00,
10860846,000003B7,false,Rx,0,8,43,00,00,00,00,08,00,00,
10861079,00000038,false,Rx,0,8,04,00,00,00,20,39,96,D4,
10861307,000003B8,false,Rx,0,8,EB,02,00,00,00,00,69,0E,
10861682,00000039,false,Rx,0,8,00,00,00,00,00,00,00,00,
10861812,000003B9,false,Rx,0,8,00,00,00,00,00,00,00,00,
10862379,00000464,false,Rx,0,8,6C,30,F0,FF,38,7F,05,00,
10863825,000000A1,false,Rx,0,8,FE,EB,C1,8A,D4,EC,A2,00,
10863971,000000A2,false,Rx,0,8,00,00,00,00,00,00,00,00,
10864274,00000121,false,Rx,0,8,46,BF,B3,00,00,00,00,05,
10864567,000000A3,false,Rx,0,8,00,40,01,00,00,00,00,00,
10865090,00000122,false,Rx,0,8,FF,D9,67,1F,44,44,44,44,
10865189,00000123,false,Rx,0,8,F0,02,00,00,00,00,00,35,
10865235,00000124,false,Rx,0,8,00,00,0A,00,00,00,20,40,
10865664,00000146,false,Rx,0,8,32,C6,4C,10,04,05,00,00,
10866120,00000147,false,Rx,0,8,01,04,7D,00,40,90,01,00,
10866178,00000148,false,Rx,0,8,00,00,42,00,1E,7B,40,05,
10866302,00000149,false,Rx,0,8,00,38,00,C8,00,00,00,00,
10867093,000001B1,false,Rx,0,8,8B,F9,4C,00,72,00,00,00,
10867191,000001B2,false,Rx,0,8,23,00,04,0E,8A,01,50,0F,
10867272,000001B3,false,Rx,0,8,8B,2B,28,00,66,7F,71,7B,
10867320,000001B4,false,Rx,0,8,68,78,10,00,00,41,00,00,
10869149,0000019B,false,Rx,0,8,2B,AB,A3,00,00,E4,00,00,
10869259,0000019C,false,Rx,0,8,40,20,00,00,00,00,0B,09,
10869310,0000019D,false,Rx,0,8,00,10,00,01,00,00,00,00,
10869360,0000019E,false,Rx,0,8,15,00,00,00,00,32,00,00,
10884469,00000419,false,Rx,0,8,7C,10,26,CA,59,62,84,00,
10889156,00000161,false,Rx,0,8,7F,41,5D,03,00,00,00,02,
10889245,0000011B,false,Rx,0,8,1F,21,BA,05,80,08,A8,02,
10889643,00000162,false,Rx,0,8,FF,FC,01,00,00,00,00,00,
10889713,0000011C,false,Rx,0,8,00,05,20,00,22,00,01,01,
10890081,0000012B,false,Rx,0,8,58,DB,BA,06,00,00,08,00,
10890147,000001E6,false,Rx,0,8,3A,7C,20,C2,03,64,64,00,
10890427,0000012C,false,Rx,0,8,00,00,01,00,00,64,00,00,
10890758,000001BB,false,Rx,0,8,1A,3F,20,C2,03,64,64,0A,
10890905,000001BC,false,Rx,0,8,32,00,00,00,02,00,00,00,
10891137,000001BD,false,Rx,0,8,00,00,00,00,00,00,00,00,
10891381,000001E7,false,Rx,0,8,00,00,22,03,20,01,00,00,
10899269,000001A1,false,Rx,0,8,5C,7B,5D,FE,F7,7F,64,00,
10899354,000001A2,false,Rx,0,8,00,00,00,00,00,08,00,00,
10899617,000001A3,false,Rx,0,8,FF,F3,3F,00,00,00,00,00,
10899818,000001A4,false,Rx,0,8,FE,07,00,00,00,00,00,00,
10901642,000001AB,false,Rx,0,8,A1,58,F5,40,70,90,00,00,
10901872,000001AC,false,Rx,0,8,00,28,00,00,00,00,00,00,
10903220,00000061,false,Rx,0,8,5B,57,C5,00,00,05,00,00,
10903414,00000062,false,Rx,0,8,02,02,00,01,40,FF,00,FF,
10903680,000002BF,false,Rx,0,8,FF,FF,FF,00,00,00,00,00,
10903923,00000063,false,Rx,0,8,C7,00,15,00,00,08,FD,00,
10904168,0000047F,false,Rx,0,8,FF,FF,FF,FF,FF,FF,FF,FF,
10904452,00000064,false,Rx,0,8,00,00,00,04,FF,FA,00,00,
10904667,00000653,false,Rx,0,8,0A,19,03,01,02,2A,00,00,
10907687,0000010B,false,Rx,0,8,14,78,B7,00,00,00,00,05,
10907866,0000010C,false,Rx,0,8,FF,F9,E7,1F,43,48,44,44,
10908155,0000010D,false,Rx,0,8,EF,02,00,00,00,00,00,35,
10908400,0000010E,false,Rx,0,8,00,00,1E,00,00,C0,AB,57,
10909890,00000236,false,Rx,0,8,11,17,12,00,30,63,34,6C,
10910054,00000036,false,Rx,0,8,66,E6,B7,51,00,00,25,05,
10910286,00000237,false,Rx,0,8,00,05,94,00,00,5D,1D,00,
10910540,00000037,false,Rx,0,8,05,00,00,10,00,40,00,00,
10910779,00000151,false,Rx,0,8,64,7F,12,A0,C8,00,28,15,
10911022,00000487,false,Rx,1,8,00,00,00,00,00,00,00,00,
10911097,00000038,false,Rx,0,8,04,00,00,00,20,39,96,D4,
10911252,00000152,false,Rx,0,8,12,14,14,00,24,00,00,00,
10911440,00000642,false,Rx,1,8,FF,FF,FF,FF,FF,FF,00,00,
10911670,00000039,false,Rx,0,8,00,00,00,00,00,00,00,00,
10912135,00000153,false,Rx,0,8,00,00,00,00,00,00,00,00,
10912248,00000645,false,Rx,1,8,7F,86,07,39,EF,3B,56,00,
10912351,00000238,false,Rx,0,8,00,00,0C,00,00,00,00,00,
10912399,00000154,false,Rx,0,8,00,00,00,00,00,00,00,00,
10912481,000001F6,false,Rx,0,8,98,7E,12,00,00,00,00,0B,
10912721,000002FB,false,Rx,0,8,E0,AF,12,04,0C,14,C3,C3,
10912970,000001F7,false,Rx,0,8,1F,00,DC,00,00,00,00,00,
10913204,000002FC,false,Rx,0,8,04,00,12,15,00,00,77,96,
10913463,000001F8,false,Rx,0,8,00,69,00,64,00,00,00,00,
10913681,000000A1,false,Rx,0,8,F7,6E,C6,8A,D4,EC,A2,00,
10913912,00000121,false,Rx,0,8,FE,BE,B8,00,00,00,00,05,
10914195,000000A2,false,Rx,0,8,00,00,00,00,00,00,00,00,
10914394,00000122,false,Rx,0,8,FF,D9,67,1F,44,44,44,44,
10914640,000000A3,false,Rx,0,8,00,40,01,00,00,00,00,00,
10914890,00000123,false,Rx,0,8,F0,02,00,00,00,00,00,35,
10915156,000001F9,false,Rx,0,8,19,00,A0,C8,14,00,19,00,
10915370,00000124,false,Rx,0,8,00,00,0A,00,00,00,20,40,
10915612,00000239,false,Rx,0,8,00,00,00,00,01,00,00,00,
10915870,000002FD,false,Rx,0,8,00,00,00,00,00,1C,10,EA,
10916146,0000025B,false,Rx,0,8,30,98,12,40,40,20,00,00,
10916352,000002FE,false,Rx,0,8,00,00,72,01,00,28,00,00,
10916590,0000025C,false,Rx,0,8,00,00,1F,00,BD,68,14,00,
10917099,0000025D,false,Rx,0,8,00,C8,00,00,00,80,C0,70,
10917340,00000326,false,Rx,0,8,D4,B8,12,00,00,00,00,00,
10917585,0000025E,false,Rx,0,8,61,07,0E,09,00,00,00,00,
10917824,00000327,false,Rx,0,8,00,00,00,00,01,00,00,00,
10918188,0000042A,false,Rx,0,8,CF,74,01,04,00,10,00,00,
10918316,00000328,false,Rx,0,8,DC,00,19,00,00,69,00,00,
10918550,0000019B,false,Rx,0,8,93,AA,A8,00,00,E4,00,00,
10918788,00000329,false,Rx,0,8,A0,64,00,00,00,00,00,00,
10919026,0000019C,false,Rx,0,8,40,20,00,00,00,00,0B,09,
10919256,00000331,false,Rx,0,8,24,99,12,F1,C8,A0,2C,97,
10919498,0000019D,false,Rx,0,8,00,10,00,01,00,00,00,00,
10919733,00000332,false,Rx,0,8,44,07,B4,00,00,00,00,00,
10919983,0000019E,false,Rx,0,8,15,00,00,00,00,32,00,00,
10920218,00000333,false,Rx,0,8,00,00,00,1C,0C,40,20,A0,
10920723,00000334,false,Rx,0,8,C8,00,00,00,5C,70,B7,8F,
10924316,00000419,false,Rx,0,8,7C,10,26,CA,59,62,84,00,
10929476,000001E1,false,Rx,0,8,F8,CF,26,02,00,00,00,00,
10929657,000001E2,false,Rx,0,8,00,00,00,00,00,00,00,00,
10935623,00000563,false,Rx,1,8,65,02,00,00,00,00,FF,FF,
10938212,000001F1,false,Rx,0,8,98,8B,28,01,00,00,28,00,
10938612,000001F2,false,Rx,0,8,00,00,00,00,00,00,00,00,
10939279,0000011B,false,Rx,0,8,E9,09,BF,05,80,08,A8,02,
10939447,0000012B,false,Rx,0,8,AE,F3,BF,06,00,00,08,00,
10939741,0000011C,false,Rx,0,8,00,05,20,00,22,00,01,01,
10940545,0000012C,false,Rx,0,8,00,00,01,00,00,64,00,00,
10940710,00000091,false,Rx,0,8,B8,BD,10,00,00,00,00,00,
10941531,00000092,false,Rx,0,8,0F,00,00,00,F0,00,00,00,
10941686,00000093,false,Rx,0,8,00,00,00,00,00,00,00,00,
10941740,00000094,false,Rx,0,8,00,00,00,00,00,00,00,00,
10947178,0000033B,false,Rx,0,8,29,69,78,00,00,00,00,00,
10947281,0000033C,false,Rx,0,8,00,00,00,00,F0,00,00,00,
10947649,00000356,false,Rx,0,8,27,A1,BC,00,00,00,00,00,
10948071,0000033D,false,Rx,0,8,00,00,00,00,00,00,00,00,
10948171,00000357,false,Rx,0,8,00,00,00,00,00,4B,4D,48,
10948276,0000033E,false,Rx,0,8,00,00,00,00,00,00,00,00,
10948527,00000358,false,Rx,0,8,35,41,45,4D,52,37,33,4F,
10948728,00000359,false,Rx,0,8,51,4F,34,52,4A,35,33,00,
10949014,00000380,false,Rx,0,8,A0,99,01,0C,0C,0C,0C,01,
10949418,00000419,false,Rx,0,8,51,20,26,CA,29,62,84,00,
10949656,00000382,false,Rx,0,8,36,4D,02,00,00,05,09,00,
10951183,000002AB,false,Rx,0,8,4C,A9,13,0C,0C,00,00,00,
10951357,00000383,false,Rx,0,8,89,14,01,10,01,00,00,00,
10951603,000002AC,false,Rx,0,8,00,FF,FF,00,00,40,00,50,
10951914,000004A3,false,Rx,1,8,80,00,48,0B,3E,00,00,00,
10951979,00000384,false,Rx,0,8,D8,3D,02,01,00,FF,00,22,
10952084,000002AD,false,Rx,0,8,00,01,00,40,FF,FF,FF,0F,
10952328,000004A4,false,Rx,1,8,FF,FF,FF,00,00,00,00,00,
10952603,000002AE,false,Rx,0,8,01,00,FF,3F,01,01,00,00,
10952853,000003B0,false,Rx,0,8,72,37,FF,C7,00,00,03,C0,
10953053,000002B6,false,Rx,0,8,61,13,13,01,01,00,00,40,
10953288,00000061,false,Rx,0,8,DA,23,CA,00,00,05,00,00,
10953532,000002B7,false,Rx,0,8,93,01,C1,08,00,04,00,00,
10953780,00000062,false,Rx,0,8,02,02,00,01,40,FF,00,FF,
10954008,000002B8,false,Rx,0,8,B2,61,11,00,00,00,00,00,
10954255,00000063,false,Rx,0,8,C7,00,15,00,00,08,FD,00,
10954535,000002B9,false,Rx,0,8,0A,00,00,00,00,00,00,00,
10954875,00000064,false,Rx,0,8,00,00,00,04,FF,FA,00,00,
10954986,000002C1,false,Rx,0,8,F4,80,0A,21,00,41,00,A1,
10955233,000003B1,false,Rx,0,8,9B,3C,FF,40,00,00,20,00,
10955596,000002C2,false,Rx,0,8,40,00,00,00,00,00,00,00,
10956000,000003B2,false,Rx,0,8,36,15,FF,02,29,2F,34,00,
10956300,000002C3,false,Rx,0,8,00,00,00,00,00,00,00,00,
10956569,00000485,false,Rx,0,8,00,40,11,02,00,00,00,00,
10956672,000002C4,false,Rx,0,8,00,00,00,00,00,00,00,00,
