Time Stamp,ID,Extended,Dir,Bus,LEN,D1,D2,D3,D4,D5,D6,D7,D8
8916623,0000010B,false,Rx,0,8,41,67,6E,00,00,00,00,05,
8916736,0000010C,false,Rx,0,8,FF,F9,E7,1F,46,4F,48,48,
8916911,0000010D,false,Rx,0,8,B5,02,00,00,00,00,01,00,
8917151,0000010E,false,Rx,0,8,00,00,1E,00,00,C0,AB,57,
8920802,00000161,false,Rx,0,8,87,7C,94,03,00,00,00,02,
8920911,0000012B,false,Rx,0,8,4A,B0,28,06,00,00,08,00,
8921165,0000011B,false,Rx,0,8,AC,E0,28,05,80,08,28,02,
8921360,0000012C,false,Rx,0,8,00,00,01,00,00,64,00,00,
8921652,0000011C,false,Rx,0,8,00,05,20,00,22,00,01,01,
8921851,00000162,false,Rx,0,8,FF,FC,01,00,00,00,00,00,
8924288,0000030B,false,Rx,0,8,91,02,8C,00,04,00,00,00,
8924443,0000030C,false,Rx,0,8,00,00,0E,00,2C,00,A0,0F,
8924705,0000030D,false,Rx,0,8,00,00,00,00,44,00,00,00,
8924984,0000030E,false,Rx,0,8,00,00,18,05,21,00,00,04,
8928795,00000036,false,Rx,0,8,F1,CB,83,51,00,00,25,05,
8928973,00000037,false,Rx,0,8,30,00,00,10,00,40,00,00,
8929248,00000038,false,Rx,0,8,04,00,00,00,B0,39,96,D4,
8929488,00000039,false,Rx,0,8,00,00,00,00,00,00,00,00,
8930249,0000019B,false,Rx,0,8,89,52,79,00,00,E4,00,00,
8930571,0000019C,false,Rx,0,8,40,20,00,00,00,00,0B,09,
8930749,0000019D,false,Rx,0,8,00,10,00,01,00,00,00,00,
8931002,00000475,false,Rx,0,8,12,00,00,00,00,00,00,00,
8931252,0000019E,false,Rx,0,8,15,00,00,00,00,32,00,00,
8931482,000001A1,false,Rx,0,8,FA,CA,94,FE,F7,7F,64,00,
8931736,00000496,false,Rx,0,8,12,00,00,00,00,00,00,00,
8931981,000001A2,false,Rx,0,8,44,00,00,00,27,08,00,00,
8932419,000001A3,false,Rx,0,8,FF,F3,3F,00,00,00,00,00,
8932503,000001A4,false,Rx,0,8,FE,07,00,00,00,00,00,00,
8933028,000001F1,false,Rx,0,8,23,61,CD,01,00,00,28,00,
8933124,000001F2,false,Rx,0,8,00,00,00,00,00,00,00,00,
8933292,00000383,false,Rx,0,8,5A,53,00,10,01,00,00,00,
8933507,00000419,false,Rx,0,8,95,60,27,D5,2D,87,90,00,
8940952,00000448,false,Rx,0,8,DE,80,00,00,00,00,00,00,
8941397,000001FB,false,Rx,0,8,3F,10,84,00,00,00,00,00,
8941463,000001FC,false,Rx,0,8,00,00,00,00,00,00,00,00,
8941698,000001FD,false,Rx,0,8,00,1A,03,00,00,00,00,00,
8941967,000001FE,false,Rx,0,8,00,00,00,00,00,00,00,00,
8947607,00000516,false,Rx,0,8,61,02,00,00,00,00,FF,FF,
8947807,00000061,false,Rx,0,8,28,96,03,00,00,00,00,00,
8948089,00000062,false,Rx,0,8,02,02,00,02,40,FF,00,FF,
8948338,00000063,false,Rx,0,8,00,00,05,00,00,08,FD,00,
8948604,00000064,false,Rx,0,8,00,00,00,04,FF,FA,00,00,
8948823,000000A1,false,Rx,0,8,94,D2,03,57,61,02,8A,00,
8949108,000000A2,false,Rx,0,8,00,00,00,00,00,00,00,00,
8949360,000000A3,false,Rx,0,8,00,40,01,00,00,00,00,00,
8949835,00000382,false,Rx,0,8,2B,FE,21,00,00,05,09,00,
8950499,000000C5,false,Rx,1,8,00,00,00,00,00,00,00,00,
8950966,00000244,false,Rx,1,8,FF,FF,FF,FF,FF,FF,FF,FF,
8951432,000003E4,false,Rx,1,8,FE,00,00,00,00,00,00,00,
8951725,000004B4,false,Rx,1,8,00,00,05,40,10,70,04,00,
8951978,000004B5,false,Rx,1,8,08,00,F0,07,00,00,00,00,
8952242,000004B7,false,Rx,1,8,08,00,F0,07,00,00,00,00,
8952510,000004CA,false,Rx,1,8,00,00,00,00,00,00,00,00,
8952793,000004CC,false,Rx,1,8,08,00,00,06,00,00,03,00,
8953063,000004CE,false,Rx,1,8,DE,01,00,00,00,00,F8,FF,
8953330,000004D7,false,Rx,1,8,23,01,00,00,00,00,00,00,
8953577,000004D8,false,Rx,1,8,41,10,F0,F0,40,F2,1E,CC,
8953853,000004DD,false,Rx,1,8,00,00,FE,00,04,00,00,00,
8954119,000004DF,false,Rx,1,8,00,00,08,00,00,00,00,00,
8954393,000004E7,false,Rx,1,8,00,30,00,00,00,00,69,00,
8954669,000004E8,false,Rx,1,8,FF,FF,FF,05,FF,FF,FF,00,
8954885,000004E9,false,Rx,1,8,12,00,00,34,00,00,50,00,
8955175,000004EA,false,Rx,1,8,67,00,00,89,00,00,00,00,
8955439,000004EB,false,Rx,1,8,02,80,16,12,80,00,00,00,
8955709,000004EC,false,Rx,1,8,00,00,00,00,00,00,00,00,
8955984,000004ED,false,Rx,1,8,00,00,00,00,00,FF,FF,1F,
8956264,000004EE,false,Rx,1,8,FF,FF,00,00,00,00,00,00,
8956540,000002BF,false,Rx,0,8,FF,FF,FF,00,00,00,00,00,
8956720,000004EF,false,Rx,1,8,60,00,60,00,2B,14,00,00,
8956801,0000047F,false,Rx,0,8,F0,FC,FF,FF,FF,FF,FF,FF,
8956878,0000063D,false,Rx,1,8,00,80,00,00,00,00,00,00,
8957251,00000151,false,Rx,0,8,65,89,8B,64,C8,00,28,18,
8957549,0000063E,false,Rx,1,8,FF,FF,FF,FF,FF,FF,FF,FF,
8958024,00000152,false,Rx,0,8,14,17,17,00,51,00,00,00,
8958508,0000063F,false,Rx,1,8,00,10,00,C4,FF,00,00,00,
8959059,00000236,false,Rx,0,8,23,7E,8B,00,34,6C,AE,62,
8959422,00000153,false,Rx,0,8,00,00,00,00,00,00,00,00,
8959535,00000640,false,Rx,1,8,FF,FF,FF,00,FF,FF,FF,00,
8959620,00000237,false,Rx,0,8,00,15,47,00,00,1E,1B,00,
8959911,00000154,false,Rx,0,8,00,00,00,00,00,00,00,00,
8959987,00000641,false,Rx,1,8,FF,FF,FF,FF,0F,FF,FF,FF,
8960240,00000238,false,Rx,0,8,00,00,72,00,00,00,00,00,
8960667,00000646,false,Rx,1,8,00,00,00,80,01,00,00,00,
8960796,00000121,false,Rx,0,8,51,C8,69,00,00,00,00,05,
8961141,00000239,false,Rx,0,8,00,00,00,00,01,00,00,00,
8961503,00000122,false,Rx,0,8,FF,D9,67,1F,46,47,46,45,
8961671,000001F6,false,Rx,0,8,2E,55,8B,00,00,00,00,0E,
8961982,00000123,false,Rx,0,8,B6,02,00,00,00,00,01,00,
8962552,000001F7,false,Rx,0,8,26,00,DA,02,00,00,00,00,
8962960,00000124,false,Rx,0,8,00,00,0A,00,00,00,20,40,
8963109,000001F8,false,Rx,0,8,00,5E,01,45,01,00,00,00,
8963672,000002FB,false,Rx,0,8,29,5F,8B,04,72,1A,B4,B4,
8963787,000001F9,false,Rx,0,8,4B,00,64,C8,14,00,4B,00,
8964074,000002FC,false,Rx,0,8,0F,00,14,18,00,00,8E,43,
8964342,0000025B,false,Rx,0,8,9B,16,8B,40,40,20,00,00,
8964426,000002FD,false,Rx,0,8,00,00,00,00,00,1C,13,EA,
8964722,0000025C,false,Rx,0,8,00,00,26,00,B4,2C,19,00,
8965070,000002FE,false,Rx,0,8,00,00,72,01,00,28,C8,02,
8965288,0000025D,false,Rx,0,8,00,C8,00,00,00,80,C0,70,
8965368,00000326,false,Rx,0,8,57,22,8B,00,00,00,00,00,
8965437,0000025E,false,Rx,0,8,1B,07,0E,03,00,00,46,00,
8965764,00000327,false,Rx,0,8,00,00,00,00,05,00,00,00,
8966093,00000328,false,Rx,0,8,DA,02,4B,00,00,5E,01,00,
8966199,00000329,false,Rx,0,8,64,45,01,00,00,00,00,00,
8966251,00000331,false,Rx,0,8,74,87,8B,F1,C8,A0,2C,97,
8966336,00000332,false,Rx,0,8,E8,08,FC,03,00,00,00,00,
8966388,00000333,false,Rx,0,8,00,00,00,1C,0C,40,20,64,
8966457,00000653,false,Rx,0,8,0A,19,03,01,02,2A,00,00,
8966703,0000010B,false,Rx,0,8,89,65,73,00,00,00,00,05,
8967327,00000334,false,Rx,0,8,C8,00,00,00,08,44,F4,8F,
8967449,0000010C,false,Rx,0,8,FF,F9,E7,1F,46,4F,48,48,
8967735,0000010D,false,Rx,0,8,B5,02,00,00,00,00,01,00,
8968023,0000010E,false,Rx,0,8,00,00,1E,00,00,C0,AB,57,
8971033,0000011B,false,Rx,0,8,5A,C8,2D,05,80,08,28,02,
8971130,0000012B,false,Rx,0,8,BC,98,2D,06,00,00,08,00,
8971380,0000011C,false,Rx,0,8,00,05,20,00,22,00,01,01,
8971764,0000012C,false,Rx,0,8,00,00,01,00,00,64,00,00,
8973011,00000419,false,Rx,0,8,95,60,27,D5,2D,87,90,00,
8973499,00000091,false,Rx,0,8,C1,BA,8E,25,06,00,00,00,
8973615,00000092,false,Rx,0,8,24,00,00,00,40,02,00,00,
8974019,00000093,false,Rx,0,8,00,00,00,00,00,00,00,00,
8974271,00000094,false,Rx,0,8,00,00,00,00,00,00,00,00,
8977207,000001E6,false,Rx,0,8,06,E6,16,02,00,00,00,00,
8977301,000001BB,false,Rx,0,8,B5,65,16,02,00,00,00,0A,
8977771,000001BC,false,Rx,0,8,32,00,00,00,02,00,00,00,
8978090,000001BD,false,Rx,0,8,00,00,00,00,00,00,00,00,
8978194,000001E7,false,Rx,0,8,00,00,22,03,20,01,00,00,
8978645,00000256,false,Rx,0,8,47,74,8A,15,40,00,F0,00,
8978970,00000036,false,Rx,0,8,49,CA,88,51,00,00,25,05,
8979130,00000257,false,Rx,0,8,00,93,41,19,85,07,00,94,
8979179,00000037,false,Rx,0,8,30,00,00,10,00,40,00,00,
8979975,00000258,false,Rx,0,8,36,EC,1A,00,10,15,00,28,
8980348,00000038,false,Rx,0,8,04,00,00,00,B0,39,96,D4,
8980658,00000259,false,Rx,0,8,62,05,8E,3C,4C,02,00,00,
8980921,00000039,false,Rx,0,8,00,00,00,00,00,00,00,00,
8981024,000002E6,false,Rx,0,8,96,BD,8A,01,00,00,00,15,
8981091,0000019B,false,Rx,0,8,7A,CC,7E,00,00,E4,00,00,
8981134,000002E7,false,Rx,0,8,0A,00,00,00,00,00,00,00,
8981259,0000019C,false,Rx,0,8,40,20,00,00,00,00,0B,09,
8981318,000002E8,false,Rx,0,8,00,00,00,00,00,00,00,00,
8981975,0000019D,false,Rx,0,8,00,10,00,01,00,00,00,00,
8982291,000002E9,false,Rx,0,8,00,00,00,00,00,00,00,00,
8982591,0000019E,false,Rx,0,8,15,00,00,00,00,32,00,00,
8982713,00000384,false,Rx,0,8,BA,56,0D,01,00,FF,00,24,
8990195,0000042A,false,Rx,0,8,8E,83,0C,02,00,10,00,00,
8991173,00000396,false,Rx,0,8,0F,B3,C5,0F,08,01,00,02,
8991333,00000397,false,Rx,0,8,56,00,43,10,3F,07,00,00,
8991687,00000398,false,Rx,0,8,00,00,00,00,00,00,00,00,
8991931,00000226,false,Rx,0,8,C8,94,DD,FF,63,60,09,42,
8992086,00000227,false,Rx,0,8,02,94,00,09,03,F1,9F,03,
8997590,00000146,false,Rx,0,8,3E,EB,C6,10,04,05,00,00,
8997682,00000061,false,Rx,0,8,90,97,08,00,00,00,00,00,
8998107,00000147,false,Rx,0,8,01,04,7D,00,40,45,07,00,
8998198,00000062,false,Rx,0,8,02,02,00,02,40,FF,00,FF,
8998519,00000148,false,Rx,0,8,00,00,42,00,1E,89,40,05,
8998731,00000063,false,Rx,0,8,00,00,05,00,00,08,FD,00,
8998831,00000149,false,Rx,0,8,00,38,00,CC,00,00,00,00,
8999263,00000064,false,Rx,0,8,00,00,00,04,FF,FA,00,00,
8999609,000000A1,false,Rx,0,8,A8,23,08,57,61,02,8A,00,
8999820,000000A2,false,Rx,0,8,00,00,00,00,00,00,00,00,
8999914,000000A3,false,Rx,0,8,00,40,01,00,00,00,00,00,
9002692,0000036F,false,Rx,0,8,38,D1,01,00,00,00,00,00,
9002783,0000037F,false,Rx,0,8,93,40,52,24,41,02,00,00,
9006617,000001B1,false,Rx,0,8,89,98,C6,00,72,00,00,00,
9006709,000001B2,false,Rx,0,8,23,00,04,B7,0F,08,50,10,
9007134,000001B3,false,Rx,0,8,10,33,38,00,5A,7B,6A,7D,
9007225,000001B4,false,Rx,0,8,65,7D,10,00,00,41,00,00,
9009385,00000121,false,Rx,0,8,54,90,6E,00,00,00,00,05,
9009478,00000122,false,Rx,0,8,FF,D9,67,1F,46,48,46,45,
9009988,00000123,false,Rx,0,8,B6,02,00,00,00,00,01,00,
9010292,00000124,false,Rx,0,8,00,00,0A,00,00,00,20,40,
9011633,000001AB,false,Rx,0,8,3E,B7,55,50,70,50,00,00,
9011739,000001AC,false,Rx,0,8,00,28,00,00,00,00,00,00,
9012631,000003B0,false,Rx,0,8,72,37,FF,C7,00,00,03,C0,
9012730,00000419,false,Rx,0,8,95,60,27,D5,2D,87,90,00,
9016632,0000010B,false,Rx,0,8,31,64,78,00,00,00,00,05,
9016724,0000010C,false,Rx,0,8,FF,F9,E7,1F,46,4F,48,48,
9017141,0000010D,false,Rx,0,8,B5,02,00,00,00,00,01,00,
9017226,0000010E,false,Rx,0,8,00,00,1E,00,00,C0,AB,57,
9020913,000003B2,false,Rx,0,8,36,15,FF,02,29,2F,34,00,
9021142,0000012B,false,Rx,0,8,AC,C2,32,06,00,00,08,00,
9021238,00000485,false,Rx,0,8,00,40,11,02,00,00,00,00,
9021285,0000011B,false,Rx,0,8,4A,92,32,05,80,08,28,02,
9021966,0000012C,false,Rx,0,8,00,00,01,00,00,64,00,00,
9022088,0000011C,false,Rx,0,8,00,05,20,00,22,00,01,01,
9022299,00000161,false,Rx,0,8,F4,45,99,03,00,00,00,02,
9022364,000001E1,false,Rx,0,8,BB,18,0A,02,00,00,00,00,
9022649,00000162,false,Rx,0,8,FF,FC,01,00,00,00,00,00,
9022744,000001E2,false,Rx,0,8,00,00,00,00,00,00,00,00,
9023079,00000405,false,Rx,0,8,D2,10,00,00,00,01,00,00,
9023629,00000410,false,Rx,0,8,6A,60,57,3C,DE,6A,FF,FF,
9023726,00000411,false,Rx,0,8,04,D1,50,51,00,00,44,04,
9024004,00000413,false,Rx,0,8,08,60,00,00,00,00,00,00,
9024128,00000412,false,Rx,0,8,CC,E0,00,00,00,00,00,00,
9024277,00000414,false,Rx,0,8,41,70,00,00,28,00,00,00,
9024650,00000416,false,Rx,0,8,55,00,00,00,00,00,00,00,
9024825,00000417,false,Rx,0,8,20,E0,00,00,00,00,00,00,
9024911,00000418,false,Rx,0,8,07,C0,00,00,14,0C,00,00,
9028850,00000036,false,Rx,0,8,36,E6,8D,51,00,00,25,05,
9028951,00000037,false,Rx,0,8,30,00,00,10,00,40,00,00,
9029372,00000038,false,Rx,0,8,04,00,00,00,B0,39,96,D4,
9029451,00000039,false,Rx,0,8,00,00,00,00,00,00,00,00,
9030185,00000380,false,Rx,0,8,96,92,03,08,08,08,08,01,
9030518,0000019B,false,Rx,0,8,80,32,83,00,00,E4,00,00,
9030591,0000019C,false,Rx,0,8,40,20,00,00,00,00,0B,09,
9031056,000001A1,false,Rx,0,8,F7,0C,99,FE,F7,7F,64,00,
9031389,0000019D,false,Rx,0,8,00,10,00,01,00,00,00,00,
9031658,000001A2,false,Rx,0,8,44,00,00,00,27,08,00,00,
9031960,0000019E,false,Rx,0,8,15,00,00,00,00,32,00,00,
9032300,000001A3,false,Rx,0,8,FF,F3,3F,00,00,00,00,00,
9032387,00000445,false,Rx,0,8,06,10,00,00,00,04,00,18,
9032527,000001A4,false,Rx,0,8,FE,07,00,00,00,00,00,00,
9032572,00000427,false,Rx,0,8,1D,86,FF,00,80,0A,00,00,
9036207,000003A1,false,Rx,0,8,85,73,AD,00,FF,FF,FF,FF,
9036315,000003A2,false,Rx,0,8,00,00,00,00,00,00,00,00,
9037972,00000419,false,Rx,0,8,95,60,27,D5,2D,87,90,00,
9041633,00000487,false,Rx,1,8,00,00,00,00,00,00,00,00,
9041743,00000642,false,Rx,1,8,FF,FF,FF,FF,FF,FF,00,00,
9045780,00000561,false,Rx,0,8,63,02,00,00,00,00,FF,FF,
9047876,00000061,false,Rx,0,8,EF,BB,0D,00,00,00,00,00,
9047966,00000062,false,Rx,0,8,02,02,00,02,40,FF,00,FF,
9048449,00000063,false,Rx,0,8,00,00,05,00,00,08,FD,00,
9048796,00000064,false,Rx,0,8,00,00,00,04,FF,FA,00,00,
9048918,000000A1,false,Rx,0,8,A7,C8,0D,57,61,02,8A,00,
9049120,000000A2,false,Rx,0,8,00,00,00,00,00,00,00,00,
9049178,000000A3,false,Rx,0,8,00,40,01,00,00,00,00,00,
9051725,000000FF,false,Rx,0,8,CB,10,00,00,00,00,02,00,
9052086,00000643,false,Rx,1,8,00,FC,FF,FF,FF,FF,03,00,
9052257,00000394,false,Rx,0,8,2A,22,1A,49,00,00,00,00,
9052330,000003C3,false,Rx,0,8,45,10,31,30,36,00,00,00,
9052380,000003E0,false,Rx,0,8,01,70,01,00,54,03,00,00,
9053574,000003E5,false,Rx,0,8,8E,90,01,00,00,00,00,00,
9053683,000003E6,false,Rx,0,8,7F,00,00,00,00,00,00,00,
9054121,0000041A,false,Rx,0,8,95,40,12,00,00,00,00,00,
9054428,0000041B,false,Rx,0,8,60,30,00,00,00,00,00,00,
9054532,0000041C,false,Rx,0,8,E9,80,E0,00,00,00,00,00,
9055041,00000422,false,Rx,0,8,EA,C0,01,00,00,00,04,00,
9055464,00000432,false,Rx,0,8,03,20,02,00,00,00,00,00,
9056496,00000435,false,Rx,0,8,9F,D0,00,40,00,00,00,00,
9056596,00000442,false,Rx,0,8,CE,20,11,81,00,00,00,00,
9057237,00000444,false,Rx,0,8,6C,30,20,50,55,50,00,00,
9058162,00000464,false,Rx,0,8,B2,70,F0,FF,38,7F,05,00,
9059444,00000121,false,Rx,0,8,6A,54,73,00,00,00,00,05,
9059535,00000122,false,Rx,0,8,FF,D9,67,1F,46,47,46,45,
9060053,00000123,false,Rx,0,8,B6,02,00,00,00,00,01,00,
9060361,00000124,false,Rx,0,8,00,00,0A,00,00,00,20,40,
9066681,0000010B,false,Rx,0,8,4E,48,7D,00,00,00,00,05,
9066774,0000010C,false,Rx,0,8,FF,F9,E7,1F,46,4F,48,48,
9067265,0000010D,false,Rx,0,8,B5,02,00,00,00,00,01,00,
9067560,0000010E,false,Rx,0,8,00,00,1E,00,00,C0,AB,57,
9069960,00000401,false,Rx,0,8,C6,10,10,00,00,04,00,00,
9071116,0000011B,false,Rx,0,8,BC,BA,37,05,80,08,28,02,
9071230,0000012B,false,Rx,0,8,5A,EA,37,06,00,00,08,00,
9071664,0000011C,false,Rx,0,8,00,05,20,00,22,00,01,01,
9071957,0000012C,false,Rx,0,8,00,00,01,00,00,64,00,00,
9072042,00000445,false,Rx,0,8,06,10,00,00,00,04,00,18,
9073484,00000091,false,Rx,0,8,87,E3,8F,25,06,00,00,00,
9073601,00000092,false,Rx,0,8,24,00,00,00,40,02,00,00,
9073922,00000093,false,Rx,0,8,00,00,00,00,00,00,00,00,
9074176,00000094,false,Rx,0,8,00,00,00,00,00,00,00,00,
9078893,00000036,false,Rx,0,8,72,56,92,51,00,00,25,05,
9079004,00000037,false,Rx,0,8,30,00,00,10,00,40,00,00,
9079375,00000038,false,Rx,0,8,04,00,00,00,B0,39,96,D4,
9079459,000003AA,false,Rx,0,8,FF,00,D0,00,54,00,00,00,
9079808,00000039,false,Rx,0,8,00,00,00,00,00,00,00,00,
9080237,000003B6,false,Rx,0,8,C4,EC,C5,00,00,00,00,46,
9080513,000003B7,false,Rx,0,8,46,00,00,00,00,00,00,00,
9080594,0000019B,false,Rx,0,8,38,33,88,00,00,E4,00,00,
9080883,000003B8,false,Rx,0,8,B2,02,00,00,00,00,69,0E,
9081850,0000019C,false,Rx,0,8,40,20,00,00,00,00,0B,09,
9082120,000003B9,false,Rx,0,8,00,00,00,00,00,00,00,00,
9082249,000004A3,false,Rx,1,8,80,00,48,0B,3E,00,00,00,
9082301,0000019D,false,Rx,0,8,00,10,00,01,00,00,00,00,
9082353,000002D6,false,Rx,0,8,75,85,C5,00,00,00,00,00,
9082683,000004A4,false,Rx,1,8,FF,FF,FF,00,00,00,00,00,
9082915,0000019E,false,Rx,0,8,15,00,00,00,00,32,00,00,
9082967,000002D7,false,Rx,0,8,00,00,00,00,03,00,00,00,
9083037,000004F0,false,Rx,1,8,4A,10,16,13,5C,1A,0B,02,
9083085,000002EB,false,Rx,0,8,4C,31,C5,07,08,01,00,02,
9083218,000001F1,false,Rx,0,8,5A,7B,D0,01,00,00,28,00,
9083264,000002D8,false,Rx,0,8,00,00,00,00,00,00,38,47,
9083310,000001F2,false,Rx,0,8,00,00,00,00,00,00,00,00,
9083523,000002D9,false,Rx,0,8,00,00,00,00,00,00,00,00,
9083659,000002EC,false,Rx,0,8,07,00,CF,00,59,00,00,00,
9083893,00000415,false,Rx,0,8,40,13,10,00,08,01,00,00,
9084150,000002ED,false,Rx,0,8,00,00,00,00,00,00,00,00,
9084392,00000495,false,Rx,0,8,49,00,00,00,00,00,00,00,
9084636,000002EE,false,Rx,0,8,00,00,00,00,00,00,00,00,
9089609,00000251,false,Rx,0,8,2C,A2,8C,00,00,00,00,00,
9089701,00000252,false,Rx,0,8,00,00,1B,1B,03,00,00,00,
9090058,00000253,false,Rx,0,8,00,00,00,58,58,00,80,4D,
9090170,000002AB,false,Rx,0,8,33,FC,8F,0C,0C,00,00,00,
9090780,000003B1,false,Rx,0,8,C1,DE,00,80,00,00,20,00,
9090892,000002AC,false,Rx,0,8,00,FF,FF,00,00,40,00,54,
9091195,000002AD,false,Rx,0,8,00,01,00,40,FF,FF,FF,0F,
9091325,000002AE,false,Rx,0,8,01,00,FF,3F,01,01,00,00,
9091459,000002B6,false,Rx,0,8,89,DA,8F,01,00,00,00,40,
9091785,000002B7,false,Rx,0,8,9F,00,50,1C,00,04,00,00,
9091880,000002B8,false,Rx,0,8,FF,F8,10,00,00,00,00,00,
9092241,000002B9,false,Rx,0,8,0A,00,00,00,00,00,00,00,
9092831,000002C1,false,Rx,0,8,A3,AA,C8,21,00,41,00,D4,
9092913,000002C2,false,Rx,0,8,25,00,00,00,00,00,00,00,
9093203,000002C3,false,Rx,0,8,00,00,00,00,00,00,00,00,
9093488,000002FF,false,Rx,0,8,D4,CB,00,71,02,00,00,00,
9093661,000002C4,false,Rx,0,8,00,00,00,00,00,00,00,00,
9093725,00000316,false,Rx,0,8,C9,D8,6F,34,06,80,0A,00,
9093795,000002E1,false,Rx,0,8,0F,91,8F,00,00,00,00,40,
9094077,00000317,false,Rx,0,8,00,00,05,00,00,00,00,00,
9094478,000002E2,false,Rx,0,8,FD,00,00,00,00,14,00,04,
9094532,0000033B,false,Rx,0,8,6B,96,8E,00,00,00,00,00,
9094779,000002E3,false,Rx,0,8,00,00,00,00,00,00,72,01,
9095033,0000033C,false,Rx,0,8,00,00,00,00,F0,00,00,00,
9095296,000002E4,false,Rx,0,8,02,00,00,00,00,00,00,00,
9095546,0000033D,false,Rx,0,8,00,00,00,00,00,00,00,00,
9095850,00000356,false,Rx,0,8,86,DE,C7,00,00,00,00,00,
9096226,0000033E,false,Rx,0,8,00,00,00,00,00,00,00,00,
9096571,00000357,false,Rx,0,8,00,00,00,00,00,4B,4D,48,
9096876,00000472,false,Rx,0,8,5C,EC,00,40,08,41,00,45,
9096939,00000358,false,Rx,0,8,35,41,45,4D,52,37,33,4F,
9097246,00000473,false,Rx,0,8,5F,24,00,25,00,00,00,78,
9097520,00000359,false,Rx,0,8,51,4F,34,52,4A,35,33,00,
9097764,00000146,false,Rx,0,8,33,2D,CB,10,04,05,00,00,
9097833,00000061,false,Rx,0,8,AB,0B,12,00,00,00,00,00,
9097925,00000147,false,Rx,0,8,01,04,7D,00,40,45,07,00,
9098161,00000062,false,Rx,0,8,02,02,00,02,40,FF,00,FF,
9098401,00000148,false,Rx,0,8,00,00,42,00,1E,89,40,05,
9098631,00000063,false,Rx,0,8,00,00,05,00,00,08,FD,00,
9098922,00000149,false,Rx,0,8,00,38,00,CC,00,00,00,00,
9099245,00000064,false,Rx,0,8,00,00,00,04,FF,FA,00,00,
9099916,00000474,false,Rx,0,8,91,72,00,00,00,00,00,08,
9100248,000000A1,false,Rx,0,8,C4,A5,12,57,61,02,8A,00,
9100327,000000A2,false,Rx,0,8,00,00,00,00,00,00,00,00,
9100559,000000A3,false,Rx,0,8,00,40,01,00,00,00,00,00,
9102910,0000036F,false,Rx,0,8,EE,E1,01,00,00,00,00,00,
9103280,00000111,false,Rx,0,8,A8,16,F5,01,00,00,00,00,
9103581,0000037F,false,Rx,0,8,2A,50,52,24,41,02,00,00,
9103920,00000112,false,Rx,0,8,00,00,00,00,00,00,00,00,
9104121,00000113,false,Rx,0,8,00,00,00,00,00,00,00,00,
9104174,00000114,false,Rx,0,8,00,00,00,00,00,00,00,00,
9106970,000001B1,false,Rx,0,8,84,5E,CB,00,72,00,00,00,
9107076,000001B2,false,Rx,0,8,23,00,04,B7,0F,08,50,10,
9107137,000001B3,false,Rx,0,8,10,33,38,00,5A,7B,6A,7D,
9107510,000001B4,false,Rx,0,8,65,7D,10,00,00,41,00,00,
9109410,00000121,false,Rx,0,8,24,93,78,00,00,00,00,05,
9109509,00000122,false,Rx,0,8,FF,D9,67,1F,46,48,46,45,
9109747,00000123,false,Rx,0,8,B6,02,00,00,00,00,01,00,
9109860,00000124,false,Rx,0,8,00,00,0A,00,00,00,20,40,
9111204,00000445,false,Rx,0,8,06,10,00,00,00,04,00,18,
9111650,000001AB,false,Rx,0,8,24,CE,5A,50,70,50,00,00,
9111749,000001AC,false,Rx,0,8,00,28,00,00,00,00,00,00,
9116634,0000010B,false,Rx,0,8,38,04,82,00,00,00,00,05,
9116725,0000010C,false,Rx,0,8,FF,F9,E7,1F,46,4F,48,48,
9117129,0000010D,false,Rx,0,8,B5,02,00,00,00,00,01,00,
9117222,0000010E,false,Rx,0,8,00,00,1E,00,00,C0,AB,57,
9120986,0000011B,false,Rx,0,8,74,43,3C,05,80,08,28,02,
9121079,0000012B,false,Rx,0,8,92,13,3C,06,00,00,08,00,
9121937,0000011C,false,Rx,0,8,00,05,20,00,22,00,01,01,
9122068,0000012C,false,Rx,0,8,00,00,01,00,00,64,00,00,
9122458,000004F0,false,Rx,1,8,4A,10,16,13,5C,1A,0B,02,
9122562,00000161,false,Rx,0,8,6B,2D,9E,03,00,00,00,02,
9122862,00000162,false,Rx,0,8,FF,FC,01,00,00,00,00,00,
9124423,0000030B,false,Rx,0,8,1A,DB,8E,00,04,00,00,00,
9124530,0000030C,false,Rx,0,8,00,00,0E,00,2C,00,A0,0F,
9124966,0000030D,false,Rx,0,8,00,00,00,00,43,00,00,00,
9125278,0000030E,false,Rx,0,8,00,00,18,05,21,00,00,0A,
9127344,000001E6,false,Rx,0,8,1C,9F,19,02,00,00,00,00,
9127464,000001BB,false,Rx,0,8,85,48,19,02,00,00,00,0A,
9127864,000001BC,false,Rx,0,8,32,00,00,00,02,00,00,00,
9128051,000001BD,false,Rx,0,8,00,00,00,00,00,00,00,00,
9128136,000001E7,false,Rx,0,8,00,00,22,03,20,01,00,00,
9128915,00000036,false,Rx,0,8,0D,7A,97,51,00,00,25,05,
9129035,00000037,false,Rx,0,8,30,00,00,10,00,40,00,00,
9129389,00000038,false,Rx,0,8,04,00,00,00,B0,39,96,D4,
9129669,00000039,false,Rx,0,8,00,00,00,00,00,00,00,00,
9130390,0000019B,false,Rx,0,8,47,1F,8D,00,00,E4,00,00,
9130589,0000019C,false,Rx,0,8,40,20,00,00,00,00,0B,09,
9130812,0000019D,false,Rx,0,8,00,10,00,01,00,00,00,00,
9131063,00000475,false,Rx,0,8,12,00,00,00,00,00,00,00,
9131313,0000019E,false,Rx,0,8,15,00,00,00,00,32,00,00,
9131534,000001A1,false,Rx,0,8,04,92,9E,FE,F7,7F,64,00,
9131794,00000496,false,Rx,0,8,12,00,00,00,00,00,00,00,
9132039,000001A2,false,Rx,0,8,44,00,00,00,27,08,00,00,
9132545,000001A3,false,Rx,0,8,FF,F3,3F,00,00,00,00,00,
9133119,000001A4,false,Rx,0,8,FE,07,00,00,00,00,00,00,
9133539,00000383,false,Rx,0,8,5A,53,00,10,01,00,00,00,
9136399,00000563,false,Rx,1,8,65,02,00,00,00,00,FF,FF,
9141039,00000448,false,Rx,0,8,DE,80,00,00,00,00,00,00,
9141493,000001FB,false,Rx,0,8,B3,A2,86,00,00,00,00,00,
9141620,000001FC,false,Rx,0,8,00,00,00,00,00,00,00,00,
9141986,000001FD,false,Rx,0,8,00,1A,03,00,00,00,00,00,
9142064,000001FE,false,Rx,0,8,00,00,00,00,00,00,00,00,
9147831,00000061,false,Rx,0,8,D4,27,17,00,00,00,00,00,
9147955,00000062,false,Rx,0,8,02,02,00,02,40,FF,00,FF,
9148360,00000063,false,Rx,0,8,00,00,05,00,00,08,FD,00,
9148443,00000064,false,Rx,0,8,00,00,00,04,FF,FA,00,00,
9148774,000000A1,false,Rx,0,8,CB,4E,17,57,61,02,8A,00,
9149046,000000A2,false,Rx,0,8,00,00,00,00,00,00,00,00,
9149203,000000A3,false,Rx,0,8,00,40,01,00,00,00,00,00,
9150145,00000382,false,Rx,0,8,2B,FE,21,00,00,05,09,00,
9151739,000000C5,false,Rx,1,8,00,00,00,00,00,00,00,00,
9152062,00000244,false,Rx,1,8,FF,FF,FF,FF,FF,FF,FF,FF,
9152428,0000041F,false,Rx,1,8,00,0C,00,00,00,00,00,00,
9152576,000004B4,false,Rx,1,8,00,00,05,40,10,70,04,00,
9152705,000004B5,false,Rx,1,8,08,00,F0,07,00,00,00,00,
9152758,000004B7,false,Rx,1,8,08,00,F0,07,00,00,00,00,
9153348,000004CA,false,Rx,1,8,00,00,00,00,00,00,00,00,
9153839,000004CC,false,Rx,1,8,08,00,00,06,00,00,03,00,
9154108,000004CE,false,Rx,1,8,DE,01,00,00,00,00,F8,FF,
9154197,000004D7,false,Rx,1,8,23,01,00,00,00,00,00,00,
9154380,000004D8,false,Rx,1,8,41,10,F0,F0,40,F2,1E,CC,
9154691,000004DD,false,Rx,1,8,00,00,FE,00,04,00,00,00,
9154952,000004DF,false,Rx,1,8,00,00,08,00,00,00,00,00,
9155141,000004E7,false,Rx,1,8,00,30,00,00,00,00,69,00,
9155202,000004E8,false,Rx,1,8,FF,FF,FF,05,FF,FF,FF,00,
9155312,000004E9,false,Rx,1,8,12,00,00,34,00,00,50,00,
9155515,000004EA,false,Rx,1,8,67,00,00,89,00,00,00,00,
9155803,000004EB,false,Rx,1,8,02,80,16,13,80,00,00,00,
9156322,000004EC,false,Rx,1,8,00,00,00,00,00,00,00,00,
9156596,000004ED,false,Rx,1,8,00,00,00,00,00,FF,FF,1F,
9157600,000002BF,false,Rx,0,8,FF,FF,FF,00,00,00,00,00,
9158162,000004EE,false,Rx,1,8,FF,FF,00,00,00,00,00,00,
9158443,000004EF,false,Rx,1,8,60,00,60,00,2B,14,00,00,
9158809,0000047F,false,Rx,0,8,F0,FC,FF,FF,FF,FF,FF,FF,
9158918,0000063D,false,Rx,1,8,00,80,00,00,00,00,00,00,
9158986,00000236,false,Rx,0,8,96,B9,8D,00,34,6C,AE,62,
9159167,0000063E,false,Rx,1,8,FF,FF,FF,FF,FF,FF,FF,FF,
9159281,00000151,false,Rx,0,8,D0,4E,8D,64,C8,00,28,18,
9159348,0000063F,false,Rx,1,8,00,10,00,C4,FF,00,00,00,
9159422,00000237,false,Rx,0,8,00,15,47,00,00,1E,1B,00,
9159793,00000152,false,Rx,0,8,14,17,17,00,51,00,00,00,
9160173,00000640,false,Rx,1,8,FF,FF,FF,00,FF,FF,FF,00,
9160483,00000238,false,Rx,0,8,00,00,72,00,00,00,00,00,
9160793,00000641,false,Rx,1,8,FF,FF,FF,FF,0F,FF,FF,FF,
9160879,00000153,false,Rx,0,8,00,00,00,00,00,00,00,00,
9161163,00000646,false,Rx,1,8,00,00,00,80,01,00,00,00,
9161271,00000239,false,Rx,0,8,00,00,00,00,01,00,00,00,
9161337,00000154,false,Rx,0,8,00,00,00,00,00,00,00,00,
9161652,00000121,false,Rx,0,8,5B,BF,7D,00,00,00,00,05,
9161746,000001F6,false,Rx,0,8,9B,92,8D,00,00,00,00,0E,
9162044,00000122,false,Rx,0,8,FF,D9,67,1F,46,48,46,45,
9162385,000001F7,false,Rx,0,8,26,00,DA,02,00,00,00,00,
9162908,00000123,false,Rx,0,8,B6,02,00,00,00,00,01,00,
9163553,000001F8,false,Rx,0,8,00,5E,01,45,01,00,00,00,
9163918,00000124,false,Rx,0,8,00,00,0A,00,00,00,20,40,
9164235,000001F9,false,Rx,0,8,4B,00,64,C8,14,00,4B,00,
9164523,000002FB,false,Rx,0,8,9C,98,8D,04,72,1A,B4,B4,
9164616,0000025B,false,Rx,0,8,E1,F4,8D,40,40,20,00,00,
9164935,000002FC,false,Rx,0,8,0F,00,14,18,00,00,8E,43,
9165079,0000025C,false,Rx,0,8,00,00,26,00,B4,2C,19,00,
9165157,000002FD,false,Rx,0,8,00,00,00,00,00,1C,13,EA,
9165202,0000025D,false,Rx,0,8,00,C8,00,00,00,80,C0,70,
9165260,000002FE,false,Rx,0,8,00,00,72,01,00,28,C8,02,
9165386,000004F0,false,Rx,1,8,4A,10,16,13,5C,1A,0B,02,
9165432,0000025E,false,Rx,0,8,5C,07,0E,08,00,00,46,00,
9166165,00000326,false,Rx,0,8,E2,E5,8D,00,00,00,00,00,
9166328,00000327,false,Rx,0,8,00,00,00,00,05,00,00,00,
9166383,00000328,false,Rx,0,8,DA,02,4B,00,00,5E,01,00,
9166427,00000329,false,Rx,0,8,64,45,01,00,00,00,00,00,
9166512,00000331,false,Rx,0,8,C1,40,8D,F1,C8,A0,2C,97,
9166575,00000332,false,Rx,0,8,E8,08,FC,03,00,00,00,00,
9166915,00000333,false,Rx,0,8,00,00,00,1C,0C,40,20,64,
9167246,0000010B,false,Rx,0,8,47,28,87,00,00,00,00,05,
9167346,00000334,false,Rx,0,8,C8,00,00,00,08,44,F4,8F,
9167494,0000010C,false,Rx,0,8,FF,F9,E7,1F,46,4F,48,48,
9167559,0000010D,false,Rx,0,8,B5,02,00,00,00,00,01,00,
9168513,0000010E,false,Rx,0,8,00,00,1E,00,00,C0,AB,57,
9168877,00000653,false,Rx,0,8,0A,19,03,01,02,2A,00,00,
9171227,0000011B,false,Rx,0,8,31,93,41,05,80,08,28,02,
9171577,0000012B,false,Rx,0,8,D7,C3,41,06,00,00,08,00,
9172136,0000011C,false,Rx,0,8,00,05,20,00,22,00,01,01,
9172235,0000012C,false,Rx,0,8,00,00,01,00,00,64,00,00,
9172452,000001E1,false,Rx,0,8,24,70,0D,02,00,00,00,00,
9172885,000001E2,false,Rx,0,8,00,00,00,00,00,00,00,00,
9173961,00000091,false,Rx,0,8,C3,53,90,25,06,00,00,00,
9174241,00000092,false,Rx,0,8,24,00,00,00,40,02,00,00,
9174365,00000093,false,Rx,0,8,00,00,00,00,00,00,00,00,
9174665,00000094,false,Rx,0,8,00,00,00,00,00,00,00,00,
9178662,00000256,false,Rx,0,8,44,9C,8C,15,40,00,F0,00,
9178756,00000036,false,Rx,0,8,B5,7B,9C,51,00,00,25,05,
9179202,00000257,false,Rx,0,8,00,94,41,18,85,07,00,94,
9179273,00000037,false,Rx,0,8,30,00,00,10,00,40,00,00,
9179595,00000258,false,Rx,0,8,36,EC,1A,00,10,15,00,28,
9179933,00000038,false,Rx,0,8,04,00,00,00,B0,39,96,D4,
9180014,00000259,false,Rx,0,8,5E,05,8D,3C,4C,02,00,00,
9180265,00000039,false,Rx,0,8,00,00,00,00,00,00,00,00,
9180436,0000019B,false,Rx,0,8,03,AF,92,00,00,E4,00,00,
9180592,000002E6,false,Rx,0,8,23,7A,8C,01,00,00,00,15,
9181023,0000019C,false,Rx,0,8,40,20,00,00,00,00,0B,09,
9181585,000002E7,false,Rx,0,8,0A,00,00,00,00,00,00,00,
9181687,0000019D,false,Rx,0,8,00,10,00,01,00,00,00,00,
9181958,000002E8,false,Rx,0,8,00,00,00,00,00,00,00,00,
9182574,0000019E,false,Rx,0,8,15,00,00,00,00,32,00,00,
9182699,000002E9,false,Rx,0,8,00,00,00,00,00,00,00,00,
9183006,00000384,false,Rx,0,8,BA,56,0D,01,00,FF,00,24,
9190061,0000042A,false,Rx,0,8,8E,83,0C,02,00,10,00,00,
9191150,00000396,false,Rx,0,8,38,E4,C6,0F,08,01,00,02,
9191278,00000397,false,Rx,0,8,35,00,43,10,3F,07,00,00,
9191656,00000398,false,Rx,0,8,00,00,00,00,00,00,00,00,
9192545,00000226,false,Rx,0,8,A1,D4,DF,FF,63,60,09,42,
9192682,00000227,false,Rx,0,8,02,94,00,09,03,F1,9F,03,
9197573,00000146,false,Rx,0,8,4E,E8,D0,10,04,05,00,00,
9197666,00000147,false,Rx,0,8,01,04,7D,00,40,45,07,00,
9198072,00000061,false,Rx,0,8,6C,26,1C,00,00,00,00,00,
9198421,00000148,false,Rx,0,8,00,00,42,00,1E,89,40,05,
9198513,00000062,false,Rx,0,8,02,02,00,02,40,FF,00,FF,
9198676,00000149,false,Rx,0,8,00,38,00,CC,00,00,00,00,
9198853,00000063,false,Rx,0,8,00,00,05,00,00,08,FD,00,
9199204,00000064,false,Rx,0,8,00,00,00,04,FF,FA,00,00,
9199387,000000A1,false,Rx,0,8,F7,BF,1C,57,61,02,8A,00,
9199556,000000A2,false,Rx,0,8,00,00,00,00,00,00,00,00,
9199838,000000A3,false,Rx,0,8,00,40,01,00,00,00,00,00,
9202485,0000036F,false,Rx,0,8,FE,01,01,00,00,00,00,00,
9202679,0000037F,false,Rx,0,8,FC,60,52,24,41,02,00,00,
9206547,000001B1,false,Rx,0,8,F9,9B,D0,00,72,00,00,00,
9206639,000001B2,false,Rx,0,8,23,00,04,B7,0F,08,50,10,
9207062,000001B3,false,Rx,0,8,10,33,38,00,5A,7B,6A,7D,
9207143,000001B4,false,Rx,0,8,65,7D,10,00,00,41,00,00,
9209360,00000121,false,Rx,0,8,DB,35,82,00,00,00,00,05,
9209460,00000122,false,Rx,0,8,FF,D9,67,1F,46,47,46,45,
9209898,00000123,false,Rx,0,8,B6,02,00,00,00,00,01,00,
9209981,00000124,false,Rx,0,8,00,00,0A,00,00,00,20,40,
9210632,000001AB,false,Rx,0,8,D2,E6,5F,50,70,50,00,00,
9210712,000001AC,false,Rx,0,8,00,28,00,00,00,00,00,00,
9212499,000003B0,false,Rx,0,8,72,37,FF,C7,00,00,03,C0,
9216634,0000010B,false,Rx,0,8,FF,29,8C,00,00,00,00,05,
9216727,0000010C,false,Rx,0,8,FF,F9,E7,1F,46,4F,48,48,
9217131,0000010D,false,Rx,0,8,B5,02,00,00,00,00,01,00,
9217230,0000010E,false,Rx,0,8,00,00,1E,00,00,C0,AB,57,
9220403,000003B2,false,Rx,0,8,36,15,FF,02,29,2F,34,00,
9220901,0000011B,false,Rx,0,8,AE,FB,46,05,80,08,28,02,
9221082,0000012B,false,Rx,0,8,48,AB,46,06,00,00,08,00,
9221368,0000011C,false,Rx,0,8,00,05,20,00,22,00,01,01,
9221574,0000012C,false,Rx,0,8,00,00,01,00,00,64,00,00,
9221813,00000445,false,Rx,0,8,D6,20,00,00,00,00,00,18,
9222255,00000161,false,Rx,0,8,06,71,A3,03,00,00,00,02,
9222360,00000162,false,Rx,0,8,FF,FC,01,00,00,00,00,00,
9222505,00000405,false,Rx,0,8,D2,10,00,00,00,01,00,00,
9222892,00000410,false,Rx,0,8,6A,60,57,3C,DE,6A,FF,FF,
9223253,00000411,false,Rx,0,8,04,D1,50,51,00,00,44,04,
9223569,00000412,false,Rx,0,8,CC,E0,00,00,00,00,00,00,
9223846,00000413,false,Rx,0,8,08,60,00,00,00,00,00,00,
9224144,00000414,false,Rx,0,8,41,70,00,00,28,00,00,00,
9224215,00000416,false,Rx,0,8,55,00,00,00,00,00,00,00,
9224836,00000417,false,Rx,0,8,20,E0,00,00,00,00,00,00,
9224950,00000418,false,Rx,0,8,07,C0,00,00,14,0C,00,00,
9225262,00000419,false,Rx,0,8,95,60,27,D5,2D,87,90,00,
9228852,00000036,false,Rx,0,8,D6,E0,A1,51,00,00,25,05,
9228979,00000037,false,Rx,0,8,30,00,00,10,00,40,00,00,
9229366,00000038,false,Rx,0,8,04,00,00,00,B0,39,96,D4,
9229740,00000039,false,Rx,0,8,00,00,00,00,00,00,00,00,
9229992,00000380,false,Rx,0,8,96,92,03,08,08,08,08,01,
9230492,0000019B,false,Rx,0,8,7C,83,97,00,00,E4,00,00,
9230833,0000019C,false,Rx,0,8,40,20,00,00,00,00,0B,09,
9230932,00000565,false,Rx,0,8,66,02,00,00,00,00,FF,FF,
9231556,0000019D,false,Rx,0,8,00,10,00,01,00,00,00,00,
9231669,000001A1,false,Rx,0,8,67,09,A3,FE,F7,7F,64,00,
9231961,0000019E,false,Rx,0,8,15,00,00,00,00,32,00,00,
9232256,000001A2,false,Rx,0,8,44,00,00,00,27,08,00,00,
9232465,00000427,false,Rx,0,8,1D,86,FF,00,80,0A,00,00,
9232620,000001A3,false,Rx,0,8,FF,F3,3F,00,00,00,00,00,
9232935,000001A4,false,Rx,0,8,FE,07,00,00,00,00,00,00,
9233295,000001F1,false,Rx,0,8,17,93,D3,01,00,00,28,00,
9233621,000001F2,false,Rx,0,8,00,00,00,00,00,00,00,00,
9236563,000003A1,false,Rx,0,8,C8,9B,AE,00,FF,FF,FF,FF,
9236656,000003A2,false,Rx,0,8,00,00,00,00,00,00,00,00,
9242379,00000487,false,Rx,1,8,00,00,00,00,00,00,00,00,
9242531,00000642,false,Rx,1,8,FF,FF,FF,FF,FF,FF,00,00,
9247763,00000419,false,Rx,0,8,DB,70,27,D5,31,87,90,00,
9247856,00000061,false,Rx,0,8,0F,BD,21,00,00,00,00,00,
9248260,00000062,false,Rx,0,8,02,02,00,02,40,FF,00,FF,
9248613,00000063,false,Rx,0,8,00,00,05,00,00,08,FD,00,
9248721,00000064,false,Rx,0,8,00,00,00,04,FF,FA,00,00,
9249103,000000A1,false,Rx,0,8,34,3C,21,57,61,02,8A,00,
9249455,000000A2,false,Rx,0,8,00,00,00,00,00,00,00,00,
9249759,000000A3,false,Rx,0,8,00,40,01,00,00,00,00,00,
9251022,000000FF,false,Rx,0,8,CB,10,00,00,00,00,02,00,
9251718,00000394,false,Rx,0,8,2A,22,1A,49,00,00,00,00,
9251831,000003C3,false,Rx,0,8,45,10,31,30,36,00,00,00,
9252199,000003E0,false,Rx,0,8,01,70,01,00,54,03,00,00,
9253458,000003E5,false,Rx,0,8,8E,90,01,00,00,00,00,00,
9253565,000003E6,false,Rx,0,8,7F,00,00,00,00,00,00,00,
9253941,0000041A,false,Rx,0,8,95,40,12,00,00,00,00,00,
9254036,0000041B,false,Rx,0,8,60,30,00,00,00,00,00,00,
9254366,0000041C,false,Rx,0,8,E9,80,E0,00,00,00,00,00,
9254872,00000422,false,Rx,0,8,EA,C0,01,00,00,00,04,00,
9254945,00000432,false,Rx,0,8,03,20,02,00,00,00,00,00,
9255475,00000464,false,Rx,0,8,B2,70,F0,FF,38,7F,05,00,
9256441,00000435,false,Rx,0,8,9F,D0,00,40,00,00,00,00,
9256569,00000442,false,Rx,0,8,CE,20,11,81,00,00,00,00,
9256624,00000444,false,Rx,0,8,6C,30,20,50,55,50,00,00,
9259473,00000121,false,Rx,0,8,A4,19,87,00,00,00,00,05,
9259585,00000122,false,Rx,0,8,FF,D9,67,1F,46,47,46,45,
9259939,00000123,false,Rx,0,8,B6,02,00,00,00,00,01,00,
9260032,00000124,false,Rx,0,8,00,00,0A,00,00,00,20,40,
9261277,00000445,false,Rx,0,8,D6,20,00,00,00,00,00,18,
9266651,0000010B,false,Rx,0,8,37,2B,91,00,00,00,00,05,
9266742,0000010C,false,Rx,0,8,FF,F9,E7,1F,46,4F,48,48,
9267147,0000010D,false,Rx,0,8,B5,02,00,00,00,00,01,00,
9267234,0000010E,false,Rx,0,8,00,00,1E,00,00,C0,AB,57,
9270132,00000401,false,Rx,0,8,C6,10,10,00,00,04,00,00,
9271028,0000011B,false,Rx,0,8,DD,C2,4B,05,80,08,28,02,
9271240,0000011C,false,Rx,0,8,00,05,20,00,22,00,01,01,
9271490,0000012B,false,Rx,0,8,3B,92,4B,06,00,00,08,00,
9271791,0000012C,false,Rx,0,8,00,00,01,00,00,64,00,00,
9272863,00000419,false,Rx,0,8,34,80,26,D5,31,87,90,00,
9273499,00000091,false,Rx,0,8,A2,1B,91,25,06,00,00,00,
9273626,00000092,false,Rx,0,8,25,00,00,00,50,02,00,00,
9273851,00000093,false,Rx,0,8,00,00,00,00,00,00,00,00,
9274119,00000094,false,Rx,0,8,00,00,00,00,00,00,00,00,
9277591,000001E6,false,Rx,0,8,EA,B7,1C,02,00,00,00,00,
9277736,000001BB,false,Rx,0,8,8A,A3,1C,02,00,00,00,0A,
9278064,000001BC,false,Rx,0,8,32,00,00,00,02,00,00,00,
9278157,000001BD,false,Rx,0,8,00,00,00,00,00,00,00,00,
9278474,000001E7,false,Rx,0,8,00,00,22,03,20,01,00,00,
9278751,00000036,false,Rx,0,8,25,7E,A6,51,00,00,25,05,
9278940,00000037,false,Rx,0,8,30,00,00,10,00,40,00,00,
9279229,00000038,false,Rx,0,8,04,00,00,00,B0,39,96,D4,
9279460,000003AA,false,Rx,0,8,FF,00,D0,00,54,00,00,00,
9279696,00000039,false,Rx,0,8,00,00,00,00,00,00,00,00,
9280205,000003B6,false,Rx,0,8,0E,07,C6,00,00,00,00,46,
9280402,0000019B,false,Rx,0,8,C4,82,9C,00,00,E4,00,00,
9280534,000003B7,false,Rx,0,8,46,00,00,00,00,00,00,00,
9280936,0000019C,false,Rx,0,8,40,20,00,00,00,00,0B,09,
9281296,000003B8,false,Rx,0,8,B2,02,00,00,00,00,69,0E,
9281619,0000019D,false,Rx,0,8,00,10,00,01,00,00,00,00,
9281892,000003B9,false,Rx,0,8,00,00,00,00,00,00,00,00,
9281979,0000019E,false,Rx,0,8,15,00,00,00,00,32,00,00,
9282042,000002D6,false,Rx,0,8,BF,6E,C6,00,00,00,00,00,
9282251,000002EB,false,Rx,0,8,21,E7,C6,07,08,01,00,02,
9282647,000004A3,false,Rx,1,8,80,00,48,0B,3E,00,00,00,
9282782,000002D7,false,Rx,0,8,00,00,00,00,03,00,00,00,
9282826,000002EC,false,Rx,0,8,02,00,CF,00,59,00,00,00,
9282961,000004A4,false,Rx,1,8,FF,FF,FF,00,00,00,00,00,
9283074,000002D8,false,Rx,0,8,00,00,00,00,00,00,38,47,
9283230,000002ED,false,Rx,0,8,00,00,00,00,00,00,00,00,
9283467,000002D9,false,Rx,0,8,00,00,00,00,00,00,00,00,
9283721,000002EE,false,Rx,0,8,00,00,00,00,00,00,00,00,
9283962,00000495,false,Rx,0,8,49,00,00,00,00,00,00,00,
9289503,00000251,false,Rx,0,8,2A,CC,8E,00,00,00,00,00,
9289596,00000252,false,Rx,0,8,00,00,1B,1B,03,00,00,00,
9290031,00000253,false,Rx,0,8,00,00,00,58,58,00,80,4D,
9290096,000002AB,false,Rx,0,8,31,15,91,0C,0C,00,00,00,
9290477,000003B1,false,Rx,0,8,C1,DE,00,80,00,00,20,00,
9290802,000002AC,false,Rx,0,8,00,FF,FF,00,00,40,00,54,
9291025,000002AD,false,Rx,0,8,00,01,00,40,FF,FF,FF,0F,
9291074,000002AE,false,Rx,0,8,01,00,FF,3F,01,01,00,00,
9291334,000002B6,false,Rx,0,8,8B,33,91,01,00,00,00,40,
9291746,000002B7,false,Rx,0,8,9F,00,50,1C,00,04,00,00,
9291937,000002B8,false,Rx,0,8,FF,F8,10,00,00,00,00,00,
9292111,000002B9,false,Rx,0,8,0A,00,00,00,00,00,00,00,
9292764,000002C1,false,Rx,0,8,67,17,C9,21,00,41,00,D4,
9293120,000002FF,false,Rx,0,8,D4,CB,00,71,02,00,00,00,
9293217,000002C2,false,Rx,0,8,26,00,00,00,00,00,00,00,
9293509,00000316,false,Rx,0,8,D9,82,70,34,06,80,0A,00,
9293825,000002C3,false,Rx,0,8,00,00,00,00,00,00,00,00,
9294121,00000317,false,Rx,0,8,00,00,05,00,00,00,00,00,
9294208,000002C4,false,Rx,0,8,00,00,00,00,00,00,00,00,
9294266,0000033B,false,Rx,0,8,69,7F,90,00,00,00,00,00,
9294481,000002E1,false,Rx,0,8,0D,78,91,00,00,00,00,40,
9294577,0000033C,false,Rx,0,8,00,00,00,00,F0,00,00,00,
9295164,000002E2,false,Rx,0,8,FD,00,00,00,00,14,00,04,
9295524,0000033D,false,Rx,0,8,00,00,00,00,00,00,00,00,
9295619,000002E3,false,Rx,0,8,00,00,00,00,00,00,72,01,
9295914,0000033E,false,Rx,0,8,00,00,00,00,00,00,00,00,
9296183,000002E4,false,Rx,0,8,02,00,00,00,00,00,00,00,
9296283,00000356,false,Rx,0,8,07,AA,C8,00,00,00,00,00,
9296562,00000472,false,Rx,0,8,5C,EC,00,40,08,41,00,45,
9296627,00000357,false,Rx,0,8,00,00,00,00,00,4B,4D,48,
9297193,00000473,false,Rx,0,8,5F,24,00,25,00,00,00,78,
9297536,00000358,false,Rx,0,8,35,41,45,4D,52,37,33,4F,
9297660,00000474,false,Rx,0,8,91,72,00,00,00,00,00,08,
9297936,00000146,false,Rx,0,8,31,C4,D5,10,04,05,00,00,
9298003,00000061,false,Rx,0,8,FC,23,26,00,00,00,00,00,
9298249,00000147,false,Rx,0,8,01,04,7D,00,40,45,07,00,
9298306,00000062,false,Rx,0,8,02,02,00,02,40,FF,00,FF,
9298931,00000148,false,Rx,0,8,00,00,42,00,1E,89,40,05,
9299288,00000063,false,Rx,0,8,00,00,05,00,00,08,FD,00,
9299601,00000149,false,Rx,0,8,00,38,00,CC,00,00,00,00,
9299904,00000064,false,Rx,0,8,00,00,00,04,FF,FA,00,00,
9300020,00000359,false,Rx,0,8,51,4F,34,52,4A,35,33,00,
9300271,000000A1,false,Rx,0,8,3D,B9,26,57,61,02,8A,00,
9300349,000000A2,false,Rx,0,8,00,00,00,00,00,00,00,00,
9300704,000000A3,false,Rx,0,8,00,40,01,00,00,00,00,00,
9301247,00000445,false,Rx,0,8,D6,20,00,00,00,00,00,18,
9302607,00000111,false,Rx,0,8,62,FD,F6,01,00,00,00,00,
9302824,0000036F,false,Rx,0,8,47,11,01,00,00,00,00,00,
9302993,00000112,false,Rx,0,8,00,00,00,00,00,00,00,00,
9303223,0000037F,false,Rx,0,8,45,70,52,24,41,02,00,00,
9303488,00000113,false,Rx,0,8,00,00,00,00,00,00,00,00,
9303748,00000114,false,Rx,0,8,00,00,00,00,00,00,00,00,
9306721,000001B1,false,Rx,0,8,86,B7,D5,00,72,00,00,00,
9306807,000001B2,false,Rx,0,8,23,00,04,B7,0F,08,50,10,
9306873,000001B3,false,Rx,0,8,10,33,38,00,5A,7B,6A,7D,
9307658,000001B4,false,Rx,0,8,65,7D,10,00,00,41,00,00,
9309420,00000121,false,Rx,0,8,1C,18,8C,00,00,00,00,05,
9309525,00000122,false,Rx,0,8,FF,D9,67,1F,46,47,46,45,
9309911,00000123,false,Rx,0,8,B6,02,00,00,00,00,01,00,
9309983,00000124,false,Rx,0,8,00,00,0A,00,00,00,20,40,
9310639,000001AB,false,Rx,0,8,04,7A,64,50,70,50,00,00,
9310736,000001AC,false,Rx,0,8,00,28,00,00,00,00,00,00,
9313587,00000419,false,Rx,0,8,34,80,26,D5,31,87,90,00,
9316626,0000010B,false,Rx,0,8,C4,B5,96,00,00,00,00,05,
9316719,0000010C,false,Rx,0,8,FF,F9,E7,1F,46,4F,48,48,
9317178,0000010D,false,Rx,0,8,B5,02,00,00,00,00,01,00,
9317248,0000010E,false,Rx,0,8,00,00,1E,00,00,C0,AB,57,
9320922,00000161,false,Rx,0,8,CE,88,A8,03,00,00,00,02,
9321016,0000011B,false,Rx,0,8,1F,18,50,05,80,08,28,02,
9321430,00000162,false,Rx,0,8,FF,FC,01,00,00,00,00,00,
9321505,0000011C,false,Rx,0,8,00,05,20,00,22,00,01,01,
9321831,0000012B,false,Rx,0,8,F9,48,50,06,00,00,08,00,
9322198,000001E1,false,Rx,0,8,5D,6A,10,02,00,00,00,00,
9322419,0000012C,false,Rx,0,8,00,00,01,00,00,64,00,00,
9322483,000001E2,false,Rx,0,8,00,00,00,00,00,00,00,00,
9322790,00000566,false,Rx,0,8,16,02,00,00,00,00,FF,FF,
9324336,0000030B,false,Rx,0,8,90,28,90,00,04,00,00,00,
9324444,0000030C,false,Rx,0,8,00,00,0E,00,2C,00,A0,0F,
9324746,0000030D,false,Rx,0,8,00,00,00,00,FF,00,00,00,
9324996,0000030E,false,Rx,0,8,00,00,18,05,21,00,00,0A,
9328861,00000036,false,Rx,0,8,28,B8,AB,51,00,00,25,05,
9328962,00000037,false,Rx,0,8,30,00,00,10,00,40,00,00,
9329386,00000038,false,Rx,0,8,04,00,00,00,B0,39,96,D4,
9329466,00000039,false,Rx,0,8,00,00,00,00,00,00,00,00,
9330375,0000019B,false,Rx,0,8,A7,19,A1,00,00,E4,00,00,
9330625,0000019C,false,Rx,0,8,40,20,00,00,00,00,0B,09,
9330810,0000019D,false,Rx,0,8,00,10,00,01,00,00,00,00,
9331492,000001A1,false,Rx,0,8,DF,08,A8,FE,F7,7F,64,00,
9331583,0000019E,false,Rx,0,8,15,00,00,00,00,32,00,00,
9331855,000001A2,false,Rx,0,8,44,00,00,00,27,08,00,00,
9331965,00000475,false,Rx,0,8,12,00,00,00,00,00,00,00,
9332018,000001A3,false,Rx,0,8,FF,F3,3F,00,00,00,00,00,
9332286,000001A4,false,Rx,0,8,FE,07,00,00,00,00,00,00,
9332474,00000496,false,Rx,0,8,12,00,00,00,00,00,00,00,
9333601,00000383,false,Rx,0,8,5A,53,00,10,01,00,00,00,
9341083,00000448,false,Rx,0,8,DE,80,00,00,00,00,00,00,
9341268,000001FB,false,Rx,0,8,74,8F,88,00,00,00,00,00,
9341603,000001FC,false,Rx,0,8,00,00,00,00,00,00,00,00,
9342048,000001FD,false,Rx,0,8,00,1A,03,00,00,00,00,00,
9342124,000001FE,false,Rx,0,8,00,00,00,00,00,00,00,00,
9342800,000004E8,false,Rx,1,8,FF,FF,FF,05,FF,FF,FF,00,
9347832,00000061,false,Rx,0,8,F1,E5,2B,00,00,00,00,00,
9347956,00000062,false,Rx,0,8,02,02,00,02,40,FF,00,FF,
9348356,00000063,false,Rx,0,8,00,00,05,00,00,08,FD,00,
9348434,00000064,false,Rx,0,8,00,00,00,04,FF,FA,00,00,
9348806,000000A1,false,Rx,0,8,0B,FA,2B,57,61,02,8A,00,
9349148,000000A2,false,Rx,0,8,00,00,00,00,00,00,00,00,
9349224,000000A3,false,Rx,0,8,00,40,01,00,00,00,00,00,
9350155,00000382,false,Rx,0,8,2B,FE,21,00,00,05,09,00,
9352756,000000C5,false,Rx,1,8,00,00,00,00,00,00,00,00,
9353303,00000244,false,Rx,1,8,FF,FF,FF,FF,FF,FF,FF,FF,
9353782,00000419,false,Rx,0,8,34,80,26,D5,31,87,90,00,
9353922,000004B4,false,Rx,1,8,00,00,05,40,10,70,04,00,
9353975,000004B5,false,Rx,1,8,08,00,F0,07,00,00,00,00,
9354023,000004B7,false,Rx,1,8,08,00,F0,07,00,00,00,00,
9354273,000004CA,false,Rx,1,8,00,00,00,00,00,00,00,00,
9354593,000004CC,false,Rx,1,8,08,00,00,06,00,00,03,00,
9355086,000004CE,false,Rx,1,8,DE,01,00,00,00,00,F8,FF,
9355372,000004D7,false,Rx,1,8,23,01,00,00,00,00,00,00,
9355649,000004D8,false,Rx,1,8,41,10,F0,F0,40,F2,1E,CC,
9355928,000004DD,false,Rx,1,8,00,00,FE,00,04,00,00,00,
9356348,000004DF,false,Rx,1,8,00,00,08,00,00,00,00,00,
9356459,000004E7,false,Rx,1,8,00,30,00,00,00,00,69,00,
9356710,000004E9,false,Rx,1,8,12,00,00,34,00,00,50,00,
9356893,000004EA,false,Rx,1,8,67,00,00,89,00,00,00,00,
9357164,000002BF,false,Rx,0,8,FF,FF,FF,00,00,00,00,00,
9357229,000004EB,false,Rx,1,8,02,80,16,13,80,00,00,00,
9357310,000004EC,false,Rx,1,8,00,00,00,00,00,00,00,00,
9357367,0000047F,false,Rx,0,8,F0,FC,FF,FF,FF,FF,FF,FF,
9357416,000004ED,false,Rx,1,8,00,00,00,00,00,FF,FF,1F,
9357475,000004EE,false,Rx,1,8,FF,FF,00,00,00,00,00,00,
9357616,00000236,false,Rx,0,8,1A,0B,8F,00,34,6C,AE,62,
9357675,000004EF,false,Rx,1,8,60,00,60,00,2B,14,00,00,
9357739,00000151,false,Rx,0,8,5C,FC,8F,64,C8,00,28,18,
9357795,00000237,false,Rx,0,8,00,15,47,00,00,1E,1B,00,
9358041,0000063D,false,Rx,1,8,00,80,00,00,00,00,00,00,
9358100,00000152,false,Rx,0,8,14,17,17,00,51,00,00,00,
9358282,00000238,false,Rx,0,8,00,00,72,00,00,00,00,00,
9358482,0000063E,false,Rx,1,8,FF,FF,FF,FF,FF,FF,FF,FF,
9358585,00000153,false,Rx,0,8,00,00,00,00,00,00,00,00,
9358778,00000239,false,Rx,0,8,00,00,00,00,01,00,00,00,
9359031,0000063F,false,Rx,1,8,00,10,00,C4,FF,00,00,00,
9359096,00000154,false,Rx,0,8,00,00,00,00,00,00,00,00,
9359524,00000640,false,Rx,1,8,FF,FF,FF,00,FF,FF,FF,00,
9359591,00000121,false,Rx,0,8,D4,1A,91,00,00,00,00,05,
9359742,000001F6,false,Rx,0,8,17,20,8F,00,00,00,00,0E,
9359909,00000641,false,Rx,1,8,FF,FF,FF,FF,0F,FF,FF,FF,
9360219,00000122,false,Rx,0,8,FF,D9,67,1F,46,47,46,45,
9360398,000001F7,false,Rx,0,8,26,00,DA,02,00,00,00,00,
9360977,00000646,false,Rx,1,8,00,00,00,80,01,00,00,00,
9361353,00000123,false,Rx,0,8,B6,02,00,00,00,00,01,00,
9361452,000001F8,false,Rx,0,8,00,5E,01,45,01,00,00,00,
9361705,00000124,false,Rx,0,8,00,00,0A,00,00,00,20,40,
9361832,000001F9,false,Rx,0,8,4B,00,64,C8,14,00,4B,00,
9361884,000002FB,false,Rx,0,8,10,2A,8F,04,72,1A,B4,B4,
9362144,0000025B,false,Rx,0,8,9C,DD,8F,40,40,20,00,00,
9362216,000002FC,false,Rx,0,8,0F,00,14,18,00,00,8E,43,
9362499,0000025C,false,Rx,0,8,00,00,26,00,B4,2C,19,00,
9362792,000002FD,false,Rx,0,8,00,00,00,00,00,1C,13,EA,
9362910,0000025D,false,Rx,0,8,00,C8,00,00,00,80,C0,70,
9363249,000002FE,false,Rx,0,8,00,00,72,01,00,28,C8,02,
9363572,0000025E,false,Rx,0,8,03,07,0E,01,00,00,46,00,
9363855,00000326,false,Rx,0,8,6E,57,8F,00,00,00,00,00,
9364076,00000327,false,Rx,0,8,00,00,00,00,05,00,00,00,
9364618,00000328,false,Rx,0,8,DA,02,4B,00,00,5E,01,00,
9364785,00000329,false,Rx,0,8,64,45,01,00,00,00,00,00,
9365285,00000331,false,Rx,0,8,4D,F2,8F,F1,C8,A0,2C,97,
9365751,00000332,false,Rx,0,8,E8,08,FC,03,00,00,00,00,
9366263,00000333,false,Rx,0,8,00,00,00,1C,0C,40,20,64,
9366493,0000010B,false,Rx,0,8,C9,73,9B,00,00,00,00,05,
9366731,00000334,false,Rx,0,8,C8,00,00,00,08,44,F4,8F,
9366965,0000010C,false,Rx,0,8,FF,F9,E7,1F,46,4F,48,48,
9367438,0000010D,false,Rx,0,8,B5,02,00,00,00,00,01,00,
9368116,0000010E,false,Rx,0,8,00,00,1E,00,00,C0,AB,57,
9368490,00000653,false,Rx,0,8,0A,19,03,01,02,2A,00,00,
9371076,0000011B,false,Rx,0,8,E9,30,55,05,80,08,28,02,
9371316,0000012B,false,Rx,0,8,0F,60,55,06,00,00,08,00,
9371473,0000011C,false,Rx,0,8,00,05,20,00,22,00,01,01,
9371710,0000012C,false,Rx,0,8,00,00,01,00,00,64,00,00,
9373604,00000091,false,Rx,0,8,01,C3,92,25,06,00,00,00,
9373697,00000092,false,Rx,0,8,26,00,00,00,60,02,00,00,
9374143,00000093,false,Rx,0,8,00,00,00,00,00,00,00,00,
9374454,00000094,false,Rx,0,8,00,00,00,00,00,00,00,00,
9378663,00000256,false,Rx,0,8,AC,DF,8E,15,40,00,F0,00,
9378755,00000036,false,Rx,0,8,55,7D,B0,51,00,00,25,05,
9379168,00000257,false,Rx,0,8,00,94,41,19,85,07,00,94,
9379242,00000037,false,Rx,0,8,30,00,00,10,00,40,00,00,
9379603,00000258,false,Rx,0,8,36,EC,1A,00,10,15,00,28,
9379909,00000038,false,Rx,0,8,04,00,00,00,B0,39,96,D4,
9379990,00000259,false,Rx,0,8,60,05,8D,3C,4C,02,00,00,
9380602,00000039,false,Rx,0,8,00,00,00,00,00,00,00,00,
9380991,0000019B,false,Rx,0,8,54,87,A6,00,00,E4,00,00,
9381302,000002E6,false,Rx,0,8,AF,C8,8E,01,00,00,00,15,
9381591,0000019C,false,Rx,0,8,40,20,00,00,00,00,0B,09,
9381704,000002E7,false,Rx,0,8,0A,00,00,00,00,00,00,00,
9381752,0000019D,false,Rx,0,8,00,10,00,01,00,00,00,00,
9381822,000002E8,false,Rx,0,8,00,00,00,00,00,00,00,00,
9381919,0000019E,false,Rx,0,8,15,00,00,00,00,32,00,00,
9382354,000002E9,false,Rx,0,8,00,00,00,00,00,00,00,00,
9382718,00000384,false,Rx,0,8,BA,56,0D,01,00,FF,00,24,
9383285,000001F1,false,Rx,0,8,E1,BB,D6,01,00,00,28,00,
9383817,000001F2,false,Rx,0,8,00,00,00,00,00,00,00,00,
9384201,000004E8,false,Rx,1,8,FF,FF,FF,05,FF,FF,FF,00,
9390065,0000042A,false,Rx,0,8,8E,83,0C,02,00,10,00,00,
9391010,00000396,false,Rx,0,8,4C,B5,C7,0F,08,02,00,02,
9391123,00000397,false,Rx,0,8,6F,00,43,10,3F,07,00,00,
9391383,00000398,false,Rx,0,8,00,00,00,00,00,00,00,00,
9392067,00000226,false,Rx,0,8,81,60,E1,FF,63,60,09,42,
9392293,00000227,false,Rx,0,8,02,94,00,09,03,F1,9F,03,
9397564,00000146,false,Rx,0,8,8B,DE,DA,10,04,05,00,00,
9397658,00000147,false,Rx,0,8,01,04,7D,00,40,46,07,00,
9397833,00000061,false,Rx,0,8,8C,20,30,00,00,00,00,00,
9398112,00000148,false,Rx,0,8,00,00,42,00,1E,89,40,05,
9398484,00000062,false,Rx,0,8,02,02,00,02,40,FF,00,FF,
9399032,00000149,false,Rx,0,8,00,38,00,CC,00,00,00,00,
9399121,00000063,false,Rx,0,8,00,00,05,00,00,08,FD,00,
9399414,00000064,false,Rx,0,8,00,00,00,04,FF,FA,00,00,
9399701,000000A1,false,Rx,0,8,64,4B,30,57,61,02,8A,00,
9400044,000000A2,false,Rx,0,8,00,00,00,00,00,00,00,00,
9400428,000000A3,false,Rx,0,8,00,40,01,00,00,00,00,00,
9402674,0000036F,false,Rx,0,8,91,21,01,00,00,00,00,00,
9402756,0000037F,false,Rx,0,8,EC,80,52,24,41,02,00,00,
9406549,000001B1,false,Rx,0,8,07,C3,DA,00,72,00,00,00,
9406641,000001B2,false,Rx,0,8,23,00,04,B7,0F,08,50,10,
9407089,000001B3,false,Rx,0,8,10,33,38,00,5A,7B,6A,7D,
9407154,000001B4,false,Rx,0,8,65,7D,10,00,00,41,00,00,
9409344,00000121,false,Rx,0,8,27,84,96,00,00,00,00,05,
9409445,00000122,false,Rx,0,8,FF,D9,67,1F,46,47,46,45,
9409889,00000123,false,Rx,0,8,B6,02,00,00,00,00,01,00,
9410061,00000124,false,Rx,0,8,00,00,0A,00,00,00,20,40,
9410326,000001AB,false,Rx,0,8,77,43,69,50,70,50,00,00,
9410681,000001AC,false,Rx,0,8,00,28,00,00,00,00,00,00,
9412516,000003B0,false,Rx,0,8,72,37,FF,C7,00,00,03,C0,
9416639,0000010B,false,Rx,0,8,1F,2F,A0,00,00,00,00,05,
9416731,0000010C,false,Rx,0,8,FF,F9,E7,1F,46,4F,48,48,
9417150,0000010D,false,Rx,0,8,B5,02,00,00,00,00,01,00,
9417233,0000010E,false,Rx,0,8,00,00,1E,00,00,C0,AB,57,
9420427,000003B2,false,Rx,0,8,36,15,FF,02,29,2F,34,00,
9420918,00000161,false,Rx,0,8,38,A0,AD,03,00,00,00,02,
9421036,0000011B,false,Rx,0,8,F3,49,5A,05,80,08,28,02,
9421487,00000162,false,Rx,0,8,FF,FC,01,00,00,00,00,00,
9421822,0000011C,false,Rx,0,8,00,05,20,00,22,00,01,01,
9421924,0000012B,false,Rx,0,8,15,19,5A,06,00,00,08,00,
9421985,0000012C,false,Rx,0,8,00,00,01,00,00,64,00,00,
9422909,00000405,false,Rx,0,8,D2,10,00,00,00,01,00,00,
9423245,00000410,false,Rx,0,8,6A,60,57,3C,DE,6A,FF,FF,
9423335,00000411,false,Rx,0,8,04,D1,50,51,00,00,44,04,
9423664,00000412,false,Rx,0,8,CC,E0,00,00,00,00,00,00,
9423864,00000413,false,Rx,0,8,08,60,00,00,00,00,00,00,
9424210,000004E8,false,Rx,1,8,FF,FF,FF,05,FF,FF,FF,00,
9424591,00000414,false,Rx,0,8,41,70,00,00,28,00,00,00,
9424934,00000416,false,Rx,0,8,55,00,00,00,00,00,00,00,
9425267,00000417,false,Rx,0,8,20,E0,00,00,00,00,00,00,
9425542,00000418,false,Rx,0,8,07,C0,00,00,14,0C,00,00,
9425619,00000419,false,Rx,0,8,34,80,26,D5,31,87,90,00,
9425722,00000516,false,Rx,0,8,61,02,00,00,00,00,FF,FF,
9427364,000001E6,false,Rx,0,8,A7,5F,1F,02,00,00,00,00,
9427485,000001BB,false,Rx,0,8,8F,FA,1F,02,00,00,00,0A,
9427710,000001BC,false,Rx,0,8,32,00,00,00,02,00,00,00,
9428159,000001BD,false,Rx,0,8,00,00,00,00,00,00,00,00,
9428556,000001E7,false,Rx,0,8,00,00,22,03,20,01,00,00,
9428958,00000036,false,Rx,0,8,2A,51,B5,51,00,00,25,05,
9429250,00000037,false,Rx,0,8,30,00,00,10,00,40,00,00,
9429339,00000038,false,Rx,0,8,04,00,00,00,B0,39,96,D4,
9429686,00000039,false,Rx,0,8,00,00,00,00,00,00,00,00,
9429955,00000380,false,Rx,0,8,96,92,03,08,08,08,08,01,
9430460,0000019B,false,Rx,0,8,59,41,AB,00,00,E4,00,00,
9430812,0000019C,false,Rx,0,8,40,20,00,00,00,00,0B,09,
9431138,0000019D,false,Rx,0,8,00,10,00,01,00,00,00,00,
9431441,000001A1,false,Rx,0,8,A0,24,AD,FE,F7,7F,64,00,
9431625,0000019E,false,Rx,0,8,15,00,00,00,00,32,00,00,
9431708,000001A2,false,Rx,0,8,44,00,00,00,27,08,00,00,
9431767,00000427,false,Rx,0,8,1D,86,FF,00,80,0A,00,00,
9432292,000001A3,false,Rx,0,8,FF,F3,3F,00,00,00,00,00,
9432370,000001A4,false,Rx,0,8,FE,07,00,00,00,00,00,00,
9435917,000003A1,false,Rx,0,8,EC,33,AF,00,FF,FF,FF,FF,
9436022,000003A2,false,Rx,0,8,00,00,00,00,00,00,00,00,
9443378,00000487,false,Rx,1,8,00,00,00,00,00,00,00,00,
9443609,00000642,false,Rx,1,8,FF,FF,FF,FF,FF,FF,00,00,
9447855,00000061,false,Rx,0,8,F3,0C,35,00,00,00,00,00,
9447944,00000062,false,Rx,0,8,02,02,00,02,40,FF,00,FF,
9448364,00000063,false,Rx,0,8,00,00,05,00,00,08,FD,00,
9448464,00000064,false,Rx,0,8,00,00,00,04,FF,FA,00,00,
9448839,000000A1,false,Rx,0,8,6B,A0,35,57,61,02,8A,00,
9449136,000000A2,false,Rx,0,8,00,00,00,00,00,00,00,00,
9449231,000000A3,false,Rx,0,8,00,40,01,00,00,00,00,00,
9450852,000000FF,false,Rx,0,8,CB,10,00,00,00,00,02,00,
9451467,00000394,false,Rx,0,8,2A,22,1A,49,00,00,00,00,
9451615,000003C3,false,Rx,0,8,45,10,31,30,36,00,00,00,
9451987,000003E0,false,Rx,0,8,01,70,01,00,54,03,00,00,
9453269,000003E5,false,Rx,0,8,8E,90,01,00,00,00,00,00,
9453381,000003E6,false,Rx,0,8,7F,00,00,00,00,00,00,00,
9453774,0000041A,false,Rx,0,8,95,40,12,00,00,00,00,00,
9453866,0000041B,false,Rx,0,8,60,30,00,00,00,00,00,00,
9454220,0000041C,false,Rx,0,8,E9,80,E0,00,00,00,00,00,
9454830,00000422,false,Rx,0,8,EA,C0,01,00,00,00,04,00,
9455036,00000432,false,Rx,0,8,03,20,02,00,00,00,00,00,
9456197,00000435,false,Rx,0,8,9F,D0,00,40,00,00,00,00,
9456303,00000442,false,Rx,0,8,CE,20,11,81,00,00,00,00,
9456700,00000444,false,Rx,0,8,6C,30,20,50,55,50,00,00,
9457093,00000445,false,Rx,0,8,D6,20,00,00,00,00,00,18,
9458067,00000464,false,Rx,0,8,B2,70,F0,FF,38,7F,05,00,
9459705,00000121,false,Rx,0,8,2A,42,9B,00,00,00,00,05,
9459819,00000122,false,Rx,0,8,FF,D9,67,1F,46,47,46,45,
9459873,00000123,false,Rx,0,8,B6,02,00,00,00,00,01,00,
9460476,00000124,false,Rx,0,8,00,00,0A,00,00,00,20,40,
9466630,0000010B,false,Rx,0,8,60,03,A5,00,00,00,00,05,
9466724,0000010C,false,Rx,0,8,FF,F9,E7,1F,46,4F,48,48,
9467163,0000010D,false,Rx,0,8,B5,02,00,00,00,00,01,00,
9467492,0000010E,false,Rx,0,8,00,00,1E,00,00,C0,AB,57,
9470480,00000401,false,Rx,0,8,C6,10,10,00,00,04,00,00,
9471031,0000012B,false,Rx,0,8,E3,31,5F,06,00,00,08,00,
9471115,0000011B,false,Rx,0,8,05,61,5F,05,80,08,28,02,
9471402,0000012C,false,Rx,0,8,00,00,01,00,00,64,00,00,
9471509,0000011C,false,Rx,0,8,00,05,20,00,22,00,01,01,
9472005,000001E1,false,Rx,0,8,10,82,13,02,00,00,00,00,
9472170,000001E2,false,Rx,0,8,00,00,00,00,00,00,00,00,
9473581,00000091,false,Rx,0,8,AD,75,93,25,06,00,00,00,
9473682,00000092,false,Rx,0,8,28,00,00,00,80,02,00,00,
9473914,00000093,false,Rx,0,8,00,00,00,00,00,00,00,00,
9474110,00000094,false,Rx,0,8,00,00,00,00,00,00,00,00,
9478677,00000036,false,Rx,0,8,AB,25,BA,51,00,00,25,05,
9478771,00000037,false,Rx,0,8,30,00,00,10,00,40,00,00,
9479177,00000038,false,Rx,0,8,04,00,00,00,B0,39,96,D4,
9479280,00000039,false,Rx,0,8,00,00,00,00,00,00,00,00,
9479622,000003AA,false,Rx,0,8,FF,00,D0,00,54,00,00,00,
9480283,000003B6,false,Rx,0,8,48,5E,C7,00,00,00,00,46,
9480357,0000019B,false,Rx,0,8,24,84,B0,00,00,E4,00,00,
9480952,000003B7,false,Rx,0,8,46,00,00,00,00,00,00,00,
9481255,0000019C,false,Rx,0,8,40,20,00,00,00,00,0B,09,
9481333,000003B8,false,Rx,0,8,B2,02,00,00,00,00,69,0E,
9481385,0000019D,false,Rx,0,8,00,10,00,01,00,00,00,00,
9481736,000002D6,false,Rx,0,8,F9,37,C7,00,00,00,00,00,
9482098,0000019E,false,Rx,0,8,15,00,00,00,00,32,00,00,
9482170,000002D7,false,Rx,0,8,00,00,00,00,03,00,00,00,
9482326,000002EB,false,Rx,0,8,84,F6,C7,07,08,01,00,02,
9482506,000002D8,false,Rx,0,8,00,00,00,00,00,00,38,47,
9482758,000002EC,false,Rx,0,8,00,00,CF,00,59,00,00,00,
9483047,000002D9,false,Rx,0,8,00,00,00,00,00,00,00,00,
9483501,000002ED,false,Rx,0,8,00,00,00,00,00,00,00,00,
9484060,000003B9,false,Rx,0,8,00,00,00,00,00,00,00,00,
9484164,000002EE,false,Rx,0,8,00,00,00,00,00,00,00,00,
9484743,00000495,false,Rx,0,8,49,00,00,00,00,00,00,00,
9485739,000004A3,false,Rx,1,8,80,00,48,0B,3E,00,00,00,
9486121,000004A4,false,Rx,1,8,FF,FF,FF,00,00,00,00,00,
9489515,00000251,false,Rx,0,8,4A,96,90,00,00,00,00,00,
9489607,00000252,false,Rx,0,8,00,00,1B,1B,03,00,00,00,
9490020,00000253,false,Rx,0,8,00,00,00,58,58,00,80,4D,
9490103,000002AB,false,Rx,0,8,BD,A7,93,0C,0C,00,00,00,
9490475,000003B1,false,Rx,0,8,C1,DE,00,80,00,00,20,00,
9490742,000002AC,false,Rx,0,8,00,FF,FF,00,00,40,00,54,
9490820,000002AD,false,Rx,0,8,00,01,00,40,FF,FF,FF,0F,
9491502,000002AE,false,Rx,0,8,01,00,FF,3F,01,01,00,00,
9492093,000002B6,false,Rx,0,8,07,81,93,01,00,00,00,40,
9492199,000002B7,false,Rx,0,8,9F,00,50,1C,00,04,00,00,
9492490,000002B8,false,Rx,0,8,FF,F8,10,00,00,00,00,00,
9492779,000002B9,false,Rx,0,8,0A,00,00,00,00,00,00,00,
9493095,000002C1,false,Rx,0,8,AD,FC,CA,21,00,41,00,D4,
9493203,000002FF,false,Rx,0,8,D4,CB,00,71,02,00,00,00,
9493510,000002C2,false,Rx,0,8,26,00,00,00,00,00,00,00,
9493852,00000316,false,Rx,0,8,FD,2A,71,34,06,80,0A,00,
9494175,000002C3,false,Rx,0,8,00,00,00,00,00,00,00,00,
9494464,00000317,false,Rx,0,8,00,00,05,00,00,00,00,00,
9494574,000002C4,false,Rx,0,8,00,00,00,00,00,00,00,00,
9494839,0000033B,false,Rx,0,8,E5,CD,92,00,00,00,00,00,
9495185,000002E1,false,Rx,0,8,81,CA,93,00,00,00,00,40,
9495550,0000033C,false,Rx,0,8,00,00,00,00,F0,00,00,00,
9495921,000002E2,false,Rx,0,8,FD,00,00,00,00,14,00,04,
9496220,0000033D,false,Rx,0,8,00,00,00,00,00,00,00,00,
9496511,000002E3,false,Rx,0,8,00,00,00,00,00,00,72,01,
9496641,0000033E,false,Rx,0,8,00,00,00,00,00,00,00,00,
9496718,000002E4,false,Rx,0,8,02,00,00,00,00,00,00,00,
9496765,00000356,false,Rx,0,8,41,F3,C9,00,00,00,00,00,
9496816,00000472,false,Rx,0,8,5C,EC,00,40,08,41,00,45,
9496867,00000357,false,Rx,0,8,00,00,00,00,00,4B,4D,48,
9497197,00000473,false,Rx,0,8,5F,24,00,25,00,00,00,78,
9497369,00000358,false,Rx,0,8,35,41,45,4D,52,37,33,4F,
9497452,00000474,false,Rx,0,8,91,72,00,00,00,00,00,08,
9497501,00000146,false,Rx,0,8,F4,F2,DF,10,04,05,00,00,
9497689,00000061,false,Rx,0,8,72,78,3A,00,00,00,00,00,
9497941,00000147,false,Rx,0,8,01,04,7D,00,40,46,07,00,
9498174,00000062,false,Rx,0,8,02,02,00,02,40,FF,00,FF,
9498418,00000148,false,Rx,0,8,00,00,42,00,1E,89,40,05,
9498878,00000063,false,Rx,0,8,00,00,05,00,00,08,FD,00,
9498978,00000149,false,Rx,0,8,00,38,00,CC,00,00,00,00,
9499187,00000064,false,Rx,0,8,00,00,00,04,FF,FA,00,00,
9499483,00000359,false,Rx,0,8,51,4F,34,52,4A,35,33,00,
9499833,000000A1,false,Rx,0,8,5B,8D,3A,57,61,02,8A,00,
9500177,000000A2,false,Rx,0,8,00,00,00,00,00,00,00,00,
9500552,000000A3,false,Rx,0,8,00,40,01,00,00,00,00,00,
9502791,0000036F,false,Rx,0,8,28,31,01,00,00,00,00,00,
9502876,00000111,false,Rx,0,8,24,A4,F7,01,00,00,00,00,
9503104,0000037F,false,Rx,0,8,55,90,52,24,41,02,00,00,
9503233,00000112,false,Rx,0,8,00,00,00,00,00,00,00,00,
9503619,00000113,false,Rx,0,8,00,00,00,00,00,00,00,00,
9503712,00000114,false,Rx,0,8,00,00,00,00,00,00,00,00,
9506450,000001B1,false,Rx,0,8,78,EF,DF,00,72,00,00,00,
9506552,000001B2,false,Rx,0,8,23,00,04,B7,0F,08,50,10,
9506927,000001B3,false,Rx,0,8,10,33,38,00,5A,7B,6A,7D,
9507315,000001B4,false,Rx,0,8,65,7D,10,00,00,41,00,00,
9509253,00000121,false,Rx,0,8,FC,1E,A0,00,00,00,00,05,
9509398,00000122,false,Rx,0,8,FF,D9,67,1F,46,47,46,45,
9509631,00000123,false,Rx,0,8,B6,02,00,00,00,00,01,00,
9509878,00000124,false,Rx,0,8,00,00,0A,00,00,00,20,40,
9510404,000001AB,false,Rx,0,8,E8,2B,6E,50,70,50,00,00,
9510803,000001AC,false,Rx,0,8,00,28,00,00,00,00,00,00,
9516634,0000010B,false,Rx,0,8,E1,77,AA,00,00,00,00,05,
9516727,0000010C,false,Rx,0,8,FF,F9,E7,1F,46,4F,48,48,
9517133,0000010D,false,Rx,0,8,B5,02,00,00,00,00,01,00,
9517233,0000010E,false,Rx,0,8,00,00,1E,00,00,C0,AB,57,
9520960,00000161,false,Rx,0,8,28,FA,B2,03,00,00,00,02,
9521053,0000011B,false,Rx,0,8,D3,FD,64,05,80,08,28,02,
9521497,00000162,false,Rx,0,8,FF,FC,01,00,00,00,00,00,
9521567,0000011C,false,Rx,0,8,00,05,20,00,22,00,01,01,
9521940,0000012B,false,Rx,0,8,35,AD,64,06,00,00,08,00,
9522255,0000012C,false,Rx,0,8,00,00,01,00,00,64,00,00,
9524697,0000030B,false,Rx,0,8,7F,D9,92,00,04,00,00,00,
9524811,0000030C,false,Rx,0,8,00,00,0E,00,2C,00,A0,0F,
9524862,00000561,false,Rx,0,8,63,02,00,00,00,00,FF,FF,
9525500,0000030D,false,Rx,0,8,00,00,00,00,FF,00,00,00,
9525601,0000030E,false,Rx,0,8,00,00,18,05,21,00,00,1A,
9528863,00000036,false,Rx,0,8,D4,09,BF,51,00,00,25,05,
9528998,00000037,false,Rx,0,8,30,00,00,10,00,40,00,00,
9529453,00000038,false,Rx,0,8,04,00,00,00,B0,39,96,D4,
9529754,00000039,false,Rx,0,8,00,00,00,00,00,00,00,00,
9530454,0000019B,false,Rx,0,8,5B,A8,B5,00,00,E4,00,00,
9530837,0000019C,false,Rx,0,8,40,20,00,00,00,00,0B,09,
9531183,0000019D,false,Rx,0,8,00,10,00,01,00,00,00,00,
9531307,00000475,false,Rx,0,8,12,00,00,00,00,00,00,00,
9531591,0000019E,false,Rx,0,8,15,00,00,00,00,32,00,00,
9531668,000001A1,false,Rx,0,8,E4,94,B2,FE,F7,7F,64,00,
9531945,00000496,false,Rx,0,8,12,00,00,00,00,00,00,00,
9532210,000001A2,false,Rx,0,8,44,00,00,00,27,08,00,00,
9532557,000001A3,false,Rx,0,8,FF,F3,3F,00,00,00,00,00,
9532670,000001A4,false,Rx,0,8,FE,07,00,00,00,00,00,00,
9533028,000001F1,false,Rx,0,8,FB,C2,D9,01,00,00,28,00,
9533327,000001F2,false,Rx,0,8,00,00,00,00,00,00,00,00,
9533603,00000383,false,Rx,0,8,5A,53,00,10,01,00,00,00,
9541041,00000448,false,Rx,0,8,DE,80,00,00,00,00,00,00,
9541531,000001FB,false,Rx,0,8,F8,3D,8A,00,00,00,00,00,
9541639,000001FC,false,Rx,0,8,00,00,00,00,00,00,00,00,
9542132,000001FD,false,Rx,0,8,00,1A,03,00,00,00,00,00,
9542486,000001FE,false,Rx,0,8,00,00,00,00,00,00,00,00,
9547841,00000061,false,Rx,0,8,0D,54,3F,00,00,00,00,00,
9547943,00000062,false,Rx,0,8,02,02,00,02,40,FF,00,FF,
9548393,00000063,false,Rx,0,8,00,00,05,00,00,08,FD,00,
9548696,00000064,false,Rx,0,8,00,00,00,04,FF,FA,00,00,
9548761,000000A1,false,Rx,0,8,54,66,3F,57,61,02,8A,00,
9548996,000000A2,false,Rx,0,8,00,00,00,00,00,00,00,00,
9549478,000000A3,false,Rx,0,8,00,40,01,00,00,00,00,00,
9549937,00000382,false,Rx,0,8,2B,FE,21,00,00,05,09,00,
9554853,000000C5,false,Rx,1,8,00,00,00,00,00,00,00,00,
9555017,00000244,false,Rx,1,8,FF,FF,FF,FF,FF,FF,FF,FF,
9555254,000004B4,false,Rx,1,8,00,00,05,40,10,70,04,00,
9555773,000004B5,false,Rx,1,8,08,00,F0,07,00,00,00,00,
9556060,000004B7,false,Rx,1,8,08,00,F0,07,00,00,00,00,
9556328,000004CA,false,Rx,1,8,00,00,00,00,00,00,00,00,
9556573,000004CC,false,Rx,1,8,08,00,00,06,00,00,03,00,
9557346,000002BF,false,Rx,0,8,FF,FF,FF,00,00,00,00,00,
9557886,000004CE,false,Rx,1,8,DE,01,00,00,00,00,F8,FF,
9558136,000004D7,false,Rx,1,8,23,01,00,00,00,00,00,00,
9558654,0000047F,false,Rx,0,8,F0,FC,FF,FF,FF,FF,FF,FF,
9559149,000004D8,false,Rx,1,8,41,10,F0,F0,40,F2,1E,CC,
9559461,000004DD,false,Rx,1,8,00,00,FE,00,04,00,00,00,
9560038,00000236,false,Rx,0,8,18,E2,91,00,34,6C,AE,62,
9560703,00000151,false,Rx,0,8,5E,15,91,64,C8,00,28,18,
9561181,000004DF,false,Rx,1,8,00,00,08,00,00,00,00,00,
9561812,00000237,false,Rx,0,8,00,15,47,00,00,1E,1B,00,
9562532,00000152,false,Rx,0,8,14,17,17,00,51,00,00,00,
9563020,000004E7,false,Rx,1,8,00,30,00,00,00,00,69,00,
9563287,00000238,false,Rx,0,8,00,00,72,00,00,00,00,00,
9563379,000004E8,false,Rx,1,8,FF,FF,FF,05,FF,FF,FF,00,
9563462,00000153,false,Rx,0,8,00,00,00,00,00,00,00,00,
9563760,000004E9,false,Rx,1,8,12,00,00,34,00,00,50,00,
9563888,00000239,false,Rx,0,8,00,00,00,00,01,00,00,00,
9564184,00000154,false,Rx,0,8,00,00,00,00,00,00,00,00,
9564286,000004EA,false,Rx,1,8,67,00,00,89,00,00,00,00,
9564457,000004EB,false,Rx,1,8,02,80,16,13,80,00,00,00,
9564532,00000121,false,Rx,0,8,75,F4,A5,00,00,00,00,05,
9564586,000004EC,false,Rx,1,8,00,00,00,00,00,00,00,00,
9564654,000001F6,false,Rx,0,8,15,C9,91,00,00,00,00,0E,
9564709,000004ED,false,Rx,1,8,00,00,00,00,00,FF,FF,1F,
9564986,00000122,false,Rx,0,8,FF,D9,67,1F,46,48,46,45,
9565098,000004EE,false,Rx,1,8,FF,FF,00,00,00,00,00,00,
9565646,00000123,false,Rx,0,8,B6,02,00,00,00,00,01,00,
9565742,000001F7,false,Rx,0,8,26,00,DA,02,00,00,00,00,
9566104,000004EF,false,Rx,1,8,60,00,60,00,2B,14,00,00,
9566395,00000124,false,Rx,0,8,00,00,0A,00,00,00,20,40,
9566506,0000063D,false,Rx,1,8,00,80,00,00,00,00,00,00,
9566707,000001F8,false,Rx,0,8,00,5E,01,45,01,00,00,00,
9566766,000002FB,false,Rx,0,8,12,C3,91,04,72,1A,B4,B4,
9566821,0000063E,false,Rx,1,8,FF,FF,FF,FF,FF,FF,FF,FF,
9566891,000001F9,false,Rx,0,8,4B,00,64,C8,14,00,4B,00,
9567179,0000063F,false,Rx,1,8,00,10,00,C4,FF,00,00,00,
9567504,000002FC,false,Rx,0,8,0F,00,14,18,00,00,8E,43,
9567863,00000640,false,Rx,1,8,FF,FF,FF,00,FF,FF,FF,00,
9568151,0000025B,false,Rx,0,8,DB,5B,91,40,40,20,00,00,
9568230,000002FD,false,Rx,0,8,00,00,00,00,00,1C,13,EA,
9568561,00000641,false,Rx,1,8,FF,FF,FF,FF,0F,FF,FF,FF,
9568810,0000025C,false,Rx,0,8,00,00,26,00,B4,2C,19,00,
9568876,000002FE,false,Rx,0,8,00,00,72,01,00,28,C8,02,
9569224,00000646,false,Rx,1,8,00,00,00,80,01,00,00,00,
9569551,0000025D,false,Rx,0,8,00,C8,00,00,00,80,C0,70,
9569719,00000326,false,Rx,0,8,6C,BE,91,00,00,00,00,00,
9570278,0000025E,false,Rx,0,8,02,07,0E,01,00,00,46,00,
9570374,00000327,false,Rx,0,8,00,00,00,00,05,00,00,00,
9570687,00000328,false,Rx,0,8,DA,02,4B,00,00,5E,01,00,
9570776,00000329,false,Rx,0,8,64,45,01,00,00,00,00,00,
9570848,00000331,false,Rx,0,8,4F,1B,91,F1,C8,A0,2C,97,
9570893,00000332,false,Rx,0,8,E8,08,FC,03,00,00,00,00,
9571295,00000333,false,Rx,0,8,00,00,00,1C,0C,40,20,64,
9571717,0000010B,false,Rx,0,8,9E,5B,AF,00,00,00,00,05,
9572268,00000334,false,Rx,0,8,C8,00,00,00,08,44,F4,8F,
9572379,0000010C,false,Rx,0,8,FF,F9,E7,1F,46,4F,48,48,
9572982,0000010D,false,Rx,0,8,B5,02,00,00,00,00,01,00,
9573358,0000010E,false,Rx,0,8,00,00,1E,00,00,C0,AB,57,
9573706,00000653,false,Rx,0,8,0A,19,03,01,02,2A,00,00,
9574026,0000011B,false,Rx,0,8,A0,C4,69,05,80,08,28,02,
9574329,0000012B,false,Rx,0,8,46,94,69,06,00,00,08,00,
9574443,0000011C,false,Rx,0,8,00,05,20,00,22,00,01,01,
9574494,0000012C,false,Rx,0,8,00,00,01,00,00,64,00,00,
9574538,00000091,false,Rx,0,8,5E,EB,94,25,06,00,00,00,
9574584,00000092,false,Rx,0,8,28,00,00,00,80,02,00,00,
9574627,00000093,false,Rx,0,8,00,00,00,00,00,00,00,00,
9574695,00000094,false,Rx,0,8,00,00,00,00,00,00,00,00,
9577621,000001E6,false,Rx,0,8,CA,03,22,02,00,00,00,00,
9577711,000001BB,false,Rx,0,8,4C,79,22,02,00,00,00,0A,
9578073,000001BC,false,Rx,0,8,32,00,00,00,02,00,00,00,
9578412,000001BD,false,Rx,0,8,00,00,00,00,00,00,00,00,
9578592,000001E7,false,Rx,0,8,00,00,22,03,20,01,00,00,
9578641,00000036,false,Rx,0,8,75,76,C4,51,00,00,25,05,
9579379,00000037,false,Rx,0,8,30,00,00,10,00,40,00,00,
9579724,00000038,false,Rx,0,8,04,00,00,00,B0,39,96,D4,
9580064,00000039,false,Rx,0,8,00,00,00,00,00,00,00,00,
9580157,00000256,false,Rx,0,8,B9,F5,90,15,40,00,00,01,
9580446,000002E6,false,Rx,0,8,AD,21,90,01,00,00,00,15,
9580752,00000257,false,Rx,0,8,00,94,41,19,85,07,00,94,
9580811,000002E7,false,Rx,0,8,0A,00,00,00,00,00,00,00,
9581094,0000019B,false,Rx,0,8,DA,DC,BA,00,00,E4,00,00,
9581435,00000258,false,Rx,0,8,36,ED,1A,00,10,15,00,28,
9581781,0000019C,false,Rx,0,8,40,20,00,00,00,00,0B,09,
9582084,00000259,false,Rx,0,8,63,05,8D,3C,4C,02,00,00,
9582163,0000019D,false,Rx,0,8,00,10,00,01,00,00,00,00,
9582520,000002E8,false,Rx,0,8,00,00,00,00,00,00,00,00,
9582777,0000019E,false,Rx,0,8,15,00,00,00,00,32,00,00,
9583057,000002E9,false,Rx,0,8,00,00,00,00,00,00,00,00,
9583409,00000384,false,Rx,0,8,BA,56,0D,01,00,FF,00,24,
9583744,0000048B,false,Rx,0,8,3F,B0,C2,1E,01,00,00,00,
9584084,0000048C,false,Rx,0,8,00,00,00,00,00,00,00,00,
9590064,0000042A,false,Rx,0,8,8E,83,0C,02,00,10,00,00,
9591112,00000396,false,Rx,0,8,0B,FE,C8,0F,08,01,00,02,
9591220,00000397,false,Rx,0,8,35,00,43,10,3F,07,00,00,
9591519,00000398,false,Rx,0,8,00,00,00,00,00,00,00,00,
9591918,00000226,false,Rx,0,8,E8,20,E3,FF,63,60,09,42,
9592446,00000227,false,Rx,0,8,02,94,00,09,03,F1,9F,03,
9597556,00000146,false,Rx,0,8,22,AE,E4,10,04,05,00,00,
9597649,00000147,false,Rx,0,8,01,04,7D,00,40,46,07,00,
9598052,00000061,false,Rx,0,8,AC,2B,44,00,00,00,00,00,
9598153,00000148,false,Rx,0,8,00,00,42,00,1E,89,40,05,
9598487,00000062,false,Rx,0,8,02,02,00,02,40,FF,00,FF,
9598566,00000149,false,Rx,0,8,00,38,00,CC,00,00,00,00,
9598884,00000063,false,Rx,0,8,00,00,05,00,00,08,FD,00,
9599188,00000064,false,Rx,0,8,00,00,00,04,FF,FA,00,00,
9599830,000000A1,false,Rx,0,8,F0,46,44,57,61,02,8A,00,
9600173,000000A2,false,Rx,0,8,00,00,00,00,00,00,00,00,
9600248,000000A3,false,Rx,0,8,00,40,01,00,00,00,00,00,
9602788,0000036F,false,Rx,0,8,20,41,01,00,00,00,00,00,
9602881,0000037F,false,Rx,0,8,83,A0,52,24,41,02,00,00,
9606493,000001B1,false,Rx,0,8,AE,B3,E4,00,72,00,00,00,
9606588,000001B2,false,Rx,0,8,23,00,04,B7,0F,08,50,10,
9606785,000001B3,false,Rx,0,8,10,33,38,00,5A,7B,6A,7D,
9607037,000001B4,false,Rx,0,8,65,7D,10,00,00,41,00,00,
9609332,00000121,false,Rx,0,8,02,46,AA,00,00,00,00,05,
9609422,00000122,false,Rx,0,8,FF,D9,67,1F,46,47,46,45,
9609718,00000123,false,Rx,0,8,B6,02,00,00,00,00,01,00,
9609886,00000124,false,Rx,0,8,00,00,0A,00,00,00,20,40,
9610159,000001AB,false,Rx,0,8,91,31,73,50,70,50,00,00,
9610413,000001AC,false,Rx,0,8,00,28,00,00,00,00,00,00,
9611439,0000034B,false,Rx,0,8,4D,96,C2,31,D8,0D,05,01,
9611669,0000034C,false,Rx,0,8,00,00,00,00,00,00,00,00,
9611915,0000034D,false,Rx,0,8,00,00,00,00,00,00,00,00,
9612305,0000034E,false,Rx,0,8,00,00,00,00,00,00,00,00,
9612541,000003B0,false,Rx,0,8,72,37,FF,C7,00,00,03,C0,
9616630,0000010B,false,Rx,0,8,E3,9E,B4,00,00,00,00,05,
9616722,0000010C,false,Rx,0,8,FF,F9,E7,1F,46,4F,48,48,
9617130,0000010D,false,Rx,0,8,B5,02,00,00,00,00,01,00,
9617214,0000010E,false,Rx,0,8,00,00,1E,00,00,C0,AB,57,
9620339,00000563,false,Rx,1,8,65,02,00,00,00,00,FF,FF,
9620543,000003B2,false,Rx,0,8,36,15,FF,02,29,2F,34,00,
9621091,00000161,false,Rx,0,8,DE,D2,B7,03,00,00,00,02,
9621190,0000011B,false,Rx,0,8,3F,AC,6E,05,80,08,28,02,
9621677,0000012B,false,Rx,0,8,D9,FC,6E,06,00,00,08,00,
9621983,0000011C,false,Rx,0,8,00,05,20,00,22,00,01,01,
9622063,0000012C,false,Rx,0,8,00,00,01,00,00,64,00,00,
9622127,000001E1,false,Rx,0,8,E6,AA,16,02,00,00,00,00,
9622465,00000162,false,Rx,0,8,FF,FC,01,00,00,00,00,00,
9622778,000001E2,false,Rx,0,8,00,00,00,00,00,00,00,00,
9622871,00000405,false,Rx,0,8,D2,10,00,00,00,01,00,00,
9623082,00000410,false,Rx,0,8,6A,60,57,3C,DE,6A,FF,FF,
9623371,00000411,false,Rx,0,8,04,D1,50,51,00,00,44,04,
9623622,00000412,false,Rx,0,8,CC,E0,00,00,00,00,00,00,
9624271,00000413,false,Rx,0,8,08,60,00,00,00,00,00,00,
9624831,00000414,false,Rx,0,8,41,70,00,00,28,00,00,00,
9624952,00000416,false,Rx,0,8,55,00,00,00,00,00,00,00,
9625239,00000417,false,Rx,0,8,20,E0,00,00,00,00,00,00,
9625498,00000418,false,Rx,0,8,07,C0,00,00,14,0C,00,00,
9625590,00000419,false,Rx,0,8,34,80,26,D5,31,87,90,00,
9629477,00000036,false,Rx,0,8,78,B0,C9,51,00,00,25,05,
9629866,00000037,false,Rx,0,8,30,00,00,10,00,40,00,00,
9629972,00000038,false,Rx,0,8,04,00,00,00,B0,39,96,D4,
9630035,00000039,false,Rx,0,8,00,00,00,00,00,00,00,00,
9630353,00000380,false,Rx,0,8,96,92,03,08,08,08,08,01,
9630629,0000019B,false,Rx,0,8,A5,F0,BF,00,00,E4,00,00,
9630707,0000019C,false,Rx,0,8,40,20,00,00,00,00,0B,09,
9631377,0000019D,false,Rx,0,8,00,10,00,01,00,00,00,00,
9631768,000001A1,false,Rx,0,8,9B,B8,B7,FE,F7,7F,64,00,
9632085,0000019E,false,Rx,0,8,15,00,00,00,00,32,00,00,
9632176,000001A2,false,Rx,0,8,44,00,00,00,27,08,00,00,
9632641,000001A3,false,Rx,0,8,FF,F3,3F,00,00,00,00,00,
9632729,00000427,false,Rx,0,8,1D,86,FF,00,80,0A,00,00,
9632802,000001A4,false,Rx,0,8,FE,07,00,00,00,00,00,00,
9635671,000003A1,false,Rx,0,8,FC,69,B0,00,FF,FF,FF,FF,
9635778,000003A2,false,Rx,0,8,00,00,00,00,00,00,00,00,
9645383,00000487,false,Rx,1,8,00,00,00,00,00,00,00,00,
9645587,00000642,false,Rx,1,8,FF,FF,FF,FF,FF,FF,00,00,
9647864,00000061,false,Rx,0,8,A1,ED,49,00,00,00,00,00,
9647972,00000062,false,Rx,0,8,02,02,00,02,40,FF,00,FF,
9648297,00000063,false,Rx,0,8,00,00,05,00,00,08,FD,00,
9648398,00000064,false,Rx,0,8,00,00,00,04,FF,FA,00,00,
9648732,000000A1,false,Rx,0,8,C6,05,49,57,61,02,8A,00,
9649361,000000A2,false,Rx,0,8,00,00,00,00,00,00,00,00,
9649698,000000A3,false,Rx,0,8,00,40,01,00,00,00,00,00,
9650680,000000FF,false,Rx,0,8,CB,10,00,00,00,00,02,00,
9651228,00000394,false,Rx,0,8,2A,22,1A,49,00,00,00,00,
9651412,000003C3,false,Rx,0,8,45,10,31,30,36,00,00,00,
9651725,000003E0,false,Rx,0,8,01,70,01,00,54,03,00,00,
9652812,000003E5,false,Rx,0,8,8E,90,01,00,00,00,00,00,
9653305,000003E6,false,Rx,0,8,7F,00,00,00,00,00,00,00,
9653421,0000041A,false,Rx,0,8,95,40,12,00,00,00,00,00,
9653836,0000041B,false,Rx,0,8,60,30,00,00,00,00,00,00,
9653929,0000041C,false,Rx,0,8,E9,80,E0,00,00,00,00,00,
9654329,00000422,false,Rx,0,8,EA,C0,01,00,00,00,04,00,
9654918,00000432,false,Rx,0,8,03,20,02,00,00,00,00,00,
9656016,00000435,false,Rx,0,8,9F,D0,00,40,00,00,00,00,
9656129,00000442,false,Rx,0,8,CE,20,11,81,00,00,00,00,
9656537,00000444,false,Rx,0,8,6C,30,20,50,55,50,00,00,
9656624,00000445,false,Rx,0,8,D6,20,00,00,00,00,00,18,
9657685,00000464,false,Rx,0,8,B2,70,F0,FF,38,7F,05,00,
9659520,00000121,false,Rx,0,8,7D,6A,AF,00,00,00,00,05,
9659644,00000122,false,Rx,0,8,FF,D9,67,1F,46,47,46,45,
9660017,00000123,false,Rx,0,8,B6,02,00,00,00,00,01,00,
9660089,00000124,false,Rx,0,8,00,00,0A,00,00,00,20,40,
9666627,0000010B,false,Rx,0,8,EE,58,B9,00,00,00,00,05,
9666719,0000010C,false,Rx,0,8,FF,F9,E7,1F,46,4F,48,48,
9667135,0000010D,false,Rx,0,8,B5,02,00,00,00,00,01,00,
9667223,0000010E,false,Rx,0,8,00,00,1E,00,00,C0,AB,57,
9670653,00000401,false,Rx,0,8,C6,10,10,00,00,04,00,00,
9671155,0000011B,false,Rx,0,8,46,B6,73,05,80,08,28,02,
9671335,0000012B,false,Rx,0,8,A0,E6,73,06,00,00,08,00,
9671637,0000011C,false,Rx,0,8,00,05,20,00,22,00,01,01,
9672105,0000012C,false,Rx,0,8,00,00,01,00,00,64,00,00,
9673622,00000091,false,Rx,0,8,D5,4C,95,25,06,00,00,00,
9673721,00000092,false,Rx,0,8,27,00,00,00,70,02,00,00,
9674125,00000093,false,Rx,0,8,00,00,00,00,00,00,00,00,
9674225,00000094,false,Rx,0,8,00,00,00,00,00,00,00,00,
9678384,00000415,false,Rx,0,8,40,13,10,00,08,01,00,00,
9678486,00000036,false,Rx,0,8,8B,2E,CE,51,00,00,25,05,
9678913,00000037,false,Rx,0,8,30,00,00,10,00,40,00,00,
9679277,00000038,false,Rx,0,8,04,00,00,00,B0,39,96,D4,
9679358,00000039,false,Rx,0,8,00,00,00,00,00,00,00,00,
9679617,000003AA,false,Rx,0,8,FF,00,D0,00,54,00,00,00,
9680397,000003B6,false,Rx,0,8,C9,2A,C8,00,00,00,00,46,
9680726,0000019B,false,Rx,0,8,04,8F,C4,00,00,E4,00,00,
9680836,000003B7,false,Rx,0,8,46,00,00,00,00,00,00,00,
9681199,0000019C,false,Rx,0,8,40,20,00,00,00,00,0B,09,
9681515,000003B8,false,Rx,0,8,B2,02,00,00,00,00,69,0E,
9681646,0000019D,false,Rx,0,8,00,10,00,01,00,00,00,00,
9681728,000002D6,false,Rx,0,8,78,43,C8,00,00,00,00,00,
9681775,0000019E,false,Rx,0,8,15,00,00,00,00,32,00,00,
9682271,000002D7,false,Rx,0,8,00,00,00,00,03,00,00,00,
9682634,000002EB,false,Rx,0,8,E6,CA,C8,07,08,01,00,02,
9682963,000001F1,false,Rx,0,8,0D,EA,DC,01,00,00,28,00,
9683266,000002D8,false,Rx,0,8,00,00,00,00,00,00,38,47,
9683539,000001F2,false,Rx,0,8,00,00,00,00,00,00,00,00,
9683675,000002D9,false,Rx,0,8,00,00,00,00,00,00,00,00,
9683861,000002EC,false,Rx,0,8,02,00,CF,00,59,00,00,00,
9683947,000003B9,false,Rx,0,8,00,00,00,00,00,00,00,00,
9684225,000002ED,false,Rx,0,8,00,00,00,00,00,00,00,00,
9684374,00000495,false,Rx,0,8,49,00,00,00,00,00,00,00,
9684451,000002EE,false,Rx,0,8,00,00,00,00,00,00,00,00,
9687253,000004A3,false,Rx,1,8,80,00,48,0B,3E,00,00,00,
9687513,000004A4,false,Rx,1,8,FF,FF,FF,00,00,00,00,00,
9689501,00000251,false,Rx,0,8,4C,F8,92,00,00,00,00,00,
9689596,00000252,false,Rx,0,8,00,00,1B,1B,03,00,00,00,
9689985,00000253,false,Rx,0,8,00,00,00,58,58,00,80,4D,
9690052,000002AB,false,Rx,0,8,08,60,95,0C,0C,00,00,00,
9690507,000003B1,false,Rx,0,8,C1,DE,00,80,00,00,20,00,
9690843,000002AC,false,Rx,0,8,00,FF,FF,00,00,40,00,54,
9691153,000002AD,false,Rx,0,8,00,01,00,40,FF,FF,FF,0F,
9691364,000002AE,false,Rx,0,8,01,00,FF,3F,01,01,00,00,
9691428,000002B6,false,Rx,0,8,B2,46,95,01,00,00,00,40,
9691847,000002B7,false,Rx,0,8,9F,00,50,1C,00,04,00,00,
9692180,000002B8,false,Rx,0,8,FF,F8,10,00,00,00,00,00,
9692522,000002B9,false,Rx,0,8,0A,00,00,00,00,00,00,00,
9692846,000002FF,false,Rx,0,8,D4,CB,00,71,02,00,00,00,
9693150,000002C1,false,Rx,0,8,EB,A5,CB,21,00,41,00,D4,
9693227,00000316,false,Rx,0,8,B0,C2,72,34,06,80,0A,00,
9693537,000002C2,false,Rx,0,8,26,00,00,00,00,00,00,00,
9693648,00000317,false,Rx,0,8,00,00,05,00,00,00,00,00,
9693718,000002C3,false,Rx,0,8,00,00,00,00,00,00,00,00,
9693781,0000033B,false,Rx,0,8,50,0A,94,00,00,00,00,00,
9694009,000002C4,false,Rx,0,8,00,00,00,00,00,00,00,00,
9694262,0000033C,false,Rx,0,8,00,00,00,00,F0,00,00,00,
9694490,000002E1,false,Rx,0,8,34,0D,95,00,00,00,00,40,
9694759,0000033D,false,Rx,0,8,00,00,00,00,00,00,00,00,
9694987,000002E2,false,Rx,0,8,FD,00,00,00,00,14,00,04,
9695254,0000033E,false,Rx,0,8,00,00,00,00,00,00,00,00,
9695487,000002E3,false,Rx,0,8,00,00,00,00,00,00,72,01,
9695732,00000356,false,Rx,0,8,8B,18,CA,00,00,00,00,00,
9696073,000002E4,false,Rx,0,8,02,00,00,00,00,00,00,00,
9696298,00000357,false,Rx,0,8,00,00,00,00,00,4B,4D,48,
9696480,00000472,false,Rx,0,8,5C,EC,00,40,08,41,00,45,
9696889,00000358,false,Rx,0,8,35,41,45,4D,52,37,33,4F,
9697223,00000473,false,Rx,0,8,5F,24,00,25,00,00,00,78,
9697536,00000359,false,Rx,0,8,51,4F,34,52,4A,35,33,00,
9697798,00000146,false,Rx,0,8,2F,68,E9,10,04,05,00,00,
9697915,00000474,false,Rx,0,8,91,72,00,00,00,00,00,08,
9697997,00000061,false,Rx,0,8,52,73,4E,00,00,00,00,00,
9698114,00000147,false,Rx,0,8,01,04,7D,00,40,46,07,00,
9698662,00000062,false,Rx,0,8,02,02,00,02,40,FF,00,FF,
9698844,00000148,false,Rx,0,8,00,00,42,00,1E,89,40,05,
9698911,00000063,false,Rx,0,8,00,00,05,00,00,08,FD,00,
9699528,00000149,false,Rx,0,8,00,38,00,CC,00,00,00,00,
9699888,00000064,false,Rx,0,8,00,00,00,04,FF,FA,00,00,
9700174,000000A1,false,Rx,0,8,CF,80,4E,57,61,02,8A,00,
9700266,000000A2,false,Rx,0,8,00,00,00,00,00,00,00,00,
9700563,000000A3,false,Rx,0,8,00,40,01,00,00,00,00,00,
9702591,0000036F,false,Rx,0,8,99,51,01,00,00,00,00,00,
9702676,00000111,false,Rx,0,8,A5,D0,F8,01,00,00,00,00,
9703071,0000037F,false,Rx,0,8,3A,B0,52,24,41,02,00,00,
9703235,00000112,false,Rx,0,8,00,00,00,00,00,00,00,00,
9703509,00000113,false,Rx,0,8,00,00,00,00,00,00,00,00,
9703743,00000114,false,Rx,0,8,00,00,00,00,00,00,00,00,
9706630,000001B1,false,Rx,0,8,A3,75,E9,00,72,00,00,00,
9706923,000001B2,false,Rx,0,8,23,00,04,B7,0F,08,50,10,
9706990,000001B3,false,Rx,0,8,10,33,38,00,5A,7B,6A,7D,
9707323,000001B4,false,Rx,0,8,65,7D,10,00,00,41,00,00,
9709435,00000121,false,Rx,0,8,00,AF,B4,00,00,00,00,05,
9709552,00000122,false,Rx,0,8,FF,D9,67,1F,46,47,46,45,
9709903,00000123,false,Rx,0,8,B6,02,00,00,00,00,01,00,
9709983,00000124,false,Rx,0,8,00,00,0A,00,00,00,20,40,
9710325,000001AB,false,Rx,0,8,59,C8,78,50,70,50,00,00,
9710670,000001AC,false,Rx,0,8,00,28,00,00,00,00,00,00,
9716624,0000010B,false,Rx,0,8,1D,C6,BE,00,00,00,00,05,
9716717,0000010C,false,Rx,0,8,FF,F9,E7,1F,46,4F,48,48,
9717145,0000010D,false,Rx,0,8,B5,02,00,00,00,00,01,00,
9717475,0000010E,false,Rx,0,8,00,00,1E,00,00,C0,AB,57,
9720993,00000565,false,Rx,0,8,66,02,00,00,00,00,FF,FF,
9721086,0000011B,false,Rx,0,8,8E,4F,78,05,80,08,28,02,
9721527,00000161,false,Rx,0,8,16,2B,BC,03,00,00,00,02,
9721598,0000011C,false,Rx,0,8,00,05,20,00,22,00,01,01,
9721961,0000012B,false,Rx,0,8,68,1F,78,06,00,00,08,00,
9722260,0000012C,false,Rx,0,8,00,00,01,00,00,64,00,00,
9722350,00000162,false,Rx,0,8,FF,FC,01,00,00,00,00,00,
9724723,0000030B,false,Rx,0,8,68,9A,94,00,04,00,00,00,
9724822,0000030C,false,Rx,0,8,00,00,0E,00,2C,00,A0,0F,
9724870,0000030D,false,Rx,0,8,00,00,00,00,FF,00,00,00,
9725330,0000030E,false,Rx,0,8,00,00,18,05,21,00,00,00,
9727323,000001E6,false,Rx,0,8,55,6B,25,02,00,00,00,00,
9727432,000001BB,false,Rx,0,8,45,FC,25,02,00,00,00,0A,
9727720,000001BC,false,Rx,0,8,32,00,00,00,02,00,00,00,
9727899,000001BD,false,Rx,0,8,00,00,00,00,00,00,00,00,
9728323,000001E7,false,Rx,0,8,00,00,22,03,20,01,00,00,
9728895,00000036,false,Rx,0,8,43,2C,D3,51,00,00,25,05,
9729000,00000037,false,Rx,0,8,30,00,00,10,00,40,00,00,
9729363,00000038,false,Rx,0,8,04,00,00,00,B0,39,96,D4,
9729595,00000039,false,Rx,0,8,00,00,00,00,00,00,00,00,
9730465,0000019B,false,Rx,0,8,09,49,C9,00,00,E4,00,00,
9730853,0000019C,false,Rx,0,8,40,20,00,00,00,00,0B,09,
9730905,0000019D,false,Rx,0,8,00,10,00,01,00,00,00,00,
9731297,00000475,false,Rx,0,8,12,00,00,00,00,00,00,00,
9731619,0000019E,false,Rx,0,8,15,00,00,00,00,32,00,00,
9731886,000001A1,false,Rx,0,8,23,B9,BC,FE,F7,7F,64,00,
9731978,00000496,false,Rx,0,8,12,00,00,00,00,00,00,00,
9732293,000001A2,false,Rx,0,8,44,00,00,00,27,08,00,00,
9732522,000001A3,false,Rx,0,8,FF,F3,3F,00,00,00,00,00,
9732580,000001A4,false,Rx,0,8,FE,07,00,00,00,00,00,00,
9733662,00000383,false,Rx,0,8,5A,53,00,10,01,00,00,00,
9741054,00000448,false,Rx,0,8,DE,80,00,00,00,00,00,00,
9741614,000001FB,false,Rx,0,8,4D,FA,8C,00,00,00,00,00,
9741696,000001FC,false,Rx,0,8,00,00,00,00,00,00,00,00,
9742051,000001FD,false,Rx,0,8,00,1A,03,00,00,00,00,00,
9742529,000001FE,false,Rx,0,8,00,00,00,00,00,00,00,00,
9747836,00000061,false,Rx,0,8,9A,71,53,00,00,00,00,00,
9747937,00000062,false,Rx,0,8,02,02,00,02,40,FF,00,FF,
9748343,00000063,false,Rx,0,8,00,00,05,00,00,08,FD,00,
9748437,00000064,false,Rx,0,8,00,00,00,04,FF,FA,00,00,
9748801,000000A1,false,Rx,0,8,AA,83,53,57,61,02,8A,00,
9749152,000000A2,false,Rx,0,8,00,00,00,00,00,00,00,00,
9749355,000000A3,false,Rx,0,8,00,40,01,00,00,00,00,00,
9749865,00000382,false,Rx,0,8,2B,FE,21,00,00,05,09,00,
9756516,000000C5,false,Rx,1,8,00,00,00,00,00,00,00,00,
9757056,000002BF,false,Rx,0,8,FF,FF,FF,00,00,00,00,00,
9757458,00000244,false,Rx,1,8,FF,FF,FF,FF,FF,FF,FF,FF,
9758034,0000047F,false,Rx,0,8,F0,FC,FF,FF,FF,FF,FF,FF,
9758262,0000041F,false,Rx,1,8,00,0C,00,00,00,00,00,00,
9758608,00000653,false,Rx,0,8,0A,19,03,01,02,2A,00,00,
9759061,000004B4,false,Rx,1,8,00,00,05,40,10,70,04,00,
9759794,00000236,false,Rx,0,8,94,50,93,00,34,6C,AE,62,
9760328,000004B5,false,Rx,1,8,08,00,F0,07,00,00,00,00,
9761078,000002FB,false,Rx,0,8,9E,71,93,04,72,1A,B4,B4,
9761986,00000237,false,Rx,0,8,00,15,47,00,00,1E,1B,00,
9762459,000004B7,false,Rx,1,8,08,00,F0,07,00,00,00,00,
9762547,000004CA,false,Rx,1,8,00,00,00,00,00,00,00,00,
9762783,00000238,false,Rx,0,8,00,00,72,00,00,00,00,00,
9762843,000002FC,false,Rx,0,8,0F,00,14,18,00,00,8E,43,
9762893,000004CC,false,Rx,1,8,08,00,00,06,00,00,03,00,
9763028,00000239,false,Rx,0,8,00,00,00,00,01,00,00,00,
9763078,000004CE,false,Rx,1,8,DE,01,00,00,00,00,F8,FF,
9763126,000002FD,false,Rx,0,8,00,00,00,00,00,1C,13,EA,
9763240,000004D7,false,Rx,1,8,23,01,00,00,00,00,00,00,
9763288,00000121,false,Rx,0,8,0D,69,B9,00,00,00,00,05,
9763334,000004D8,false,Rx,1,8,41,10,F0,F0,40,F2,1E,CC,
9763378,000001F6,false,Rx,0,8,99,7B,93,00,00,00,00,0E,
9763431,000004DD,false,Rx,1,8,00,00,FE,00,04,00,00,00,
9763508,00000122,false,Rx,0,8,FF,D9,67,1F,46,47,46,45,
9763554,000001F7,false,Rx,0,8,26,00,DA,02,00,00,00,00,
9763606,000004DF,false,Rx,1,8,00,00,08,00,00,00,00,00,
9763745,00000123,false,Rx,0,8,B6,02,00,00,00,00,01,00,
9763802,000004E7,false,Rx,1,8,00,30,00,00,00,00,69,00,
9763847,000001F8,false,Rx,0,8,00,5E,01,45,01,00,00,00,
9763983,000004E8,false,Rx,1,8,FF,FF,FF,05,FF,FF,FF,00,
9764034,00000124,false,Rx,0,8,00,00,0A,00,00,00,20,40,
9764093,000004E9,false,Rx,1,8,12,00,00,34,00,00,50,00,
9764216,000001F9,false,Rx,0,8,4B,00,64,C8,14,00,4B,00,
9764269,00000151,false,Rx,0,8,D2,A7,93,64,C8,00,28,18,
9764320,000004EA,false,Rx,1,8,67,00,00,89,00,00,00,00,
9764365,0000025B,false,Rx,0,8,57,E9,93,40,40,20,00,00,
9764421,000004EB,false,Rx,1,8,02,80,16,13,80,00,00,00,
9764484,00000152,false,Rx,0,8,14,17,17,00,51,00,00,00,
9764527,0000025C,false,Rx,0,8,00,00,26,00,B4,2C,19,00,
9764612,00000153,false,Rx,0,8,00,00,00,00,00,00,00,00,
9764761,000004EC,false,Rx,1,8,00,00,00,00,00,00,00,00,
9764808,0000025D,false,Rx,0,8,00,C8,00,00,00,80,C0,70,
9764857,000004ED,false,Rx,1,8,00,00,00,00,00,FF,FF,1F,
9764995,00000154,false,Rx,0,8,00,00,00,00,00,00,00,00,
9765052,000004EE,false,Rx,1,8,FF,FF,00,00,00,00,00,00,
9765125,0000025E,false,Rx,0,8,02,07,0E,01,00,00,46,00,
9765255,000004EF,false,Rx,1,8,60,00,60,00,2B,14,00,00,
9765300,000002FE,false,Rx,0,8,00,00,72,01,00,28,C8,02,
9765354,000004F0,false,Rx,1,8,4A,10,16,13,5C,1A,0B,02,
9765488,00000326,false,Rx,0,8,E0,0C,93,00,00,00,00,00,
9765545,000004F1,false,Rx,1,8,00,C0,00,00,00,00,00,00,
9765617,00000327,false,Rx,0,8,00,00,00,00,05,00,00,00,
9765740,000004F2,false,Rx,1,8,02,FF,DD,FF,03,01,00,00,
9765785,00000328,false,Rx,0,8,DA,02,4B,00,00,5E,01,00,
9765833,000004F3,false,Rx,1,8,00,00,00,00,30,00,00,00,
9765913,00000329,false,Rx,0,8,64,45,01,00,00,00,00,00,
9765959,000004F9,false,Rx,1,8,E0,FF,FF,FF,FF,FF,FF,FF,
9766005,00000331,false,Rx,0,8,C3,A9,93,F1,C8,A0,2C,97,
9766102,000004FE,false,Rx,1,8,69,23,00,03,CF,00,48,A8,
9766163,00000332,false,Rx,0,8,E8,08,FC,03,00,00,00,00,
9766995,0000010B,false,Rx,0,8,09,7E,C3,00,00,00,00,05,
9767950,0000063D,false,Rx,1,8,00,80,00,00,00,00,00,00,
9768202,00000333,false,Rx,0,8,00,00,00,1C,0C,40,20,64,
9768253,0000010C,false,Rx,0,8,FF,F9,E7,1F,46,4F,48,48,
9768343,0000063E,false,Rx,1,8,FF,FF,FF,FF,FF,FF,FF,FF,
9768393,00000334,false,Rx,0,8,C8,00,00,00,08,44,F4,8F,
9768438,0000010D,false,Rx,0,8,B5,02,00,00,00,00,01,00,
9768490,0000063F,false,Rx,1,8,00,10,00,C4,FF,00,00,00,
9768626,0000010E,false,Rx,0,8,00,00,1E,00,00,C0,AB,57,
9768681,00000640,false,Rx,1,8,FF,FF,FF,00,FF,FF,FF,00,
9768729,00000641,false,Rx,1,8,FF,FF,FF,FF,0F,FF,FF,FF,
9769189,00000646,false,Rx,1,8,00,00,00,80,01,00,00,00,
9771947,0000011B,false,Rx,0,8,78,67,7D,05,80,08,28,02,
9772045,0000012B,false,Rx,0,8,9E,37,7D,06,00,00,08,00,
9772088,0000011C,false,Rx,0,8,00,05,20,00,22,00,01,01,
9772148,0000012C,false,Rx,0,8,00,00,01,00,00,64,00,00,
9772194,000001E1,false,Rx,0,8,FC,D3,19,02,00,00,00,00,
9773093,000001E2,false,Rx,0,8,00,00,00,00,00,00,00,00,
9773461,00000091,false,Rx,0,8,38,B6,96,25,06,00,00,00,
9774172,00000092,false,Rx,0,8,26,00,00,00,60,02,00,00,
9774878,00000093,false,Rx,0,8,00,00,00,00,00,00,00,00,
9774964,00000094,false,Rx,0,8,00,00,00,00,00,00,00,00,
9778620,00000036,false,Rx,0,8,FB,2D,D8,51,00,00,25,05,
9778704,00000037,false,Rx,0,8,30,00,00,10,00,40,00,00,
9779234,00000038,false,Rx,0,8,04,00,00,00,B0,39,96,D4,
9779591,00000039,false,Rx,0,8,00,00,00,00,00,00,00,00,
9779822,00000256,false,Rx,0,8,1D,0F,92,15,40,00,00,01,
9779884,000002E6,false,Rx,0,8,21,93,92,01,00,00,00,15,
9780239,00000257,false,Rx,0,8,00,94,41,1B,85,07,00,94,
9780545,000002E7,false,Rx,0,8,0A,00,00,00,00,00,00,00,
9780905,0000019B,false,Rx,0,8,FA,D7,CE,00,00,E4,00,00,
9781250,00000258,false,Rx,0,8,36,ED,1A,00,10,15,00,28,
9781317,0000019C,false,Rx,0,8,40,20,00,00,00,00,0B,09,
9781622,00000259,false,Rx,0,8,6B,05,8E,3C,4C,02,00,00,
9781922,0000019D,false,Rx,0,8,00,10,00,01,00,00,00,00,
9781989,000002E8,false,Rx,0,8,00,00,00,00,00,00,00,00,
9782294,0000019E,false,Rx,0,8,15,00,00,00,00,32,00,00,
9782592,000002E9,false,Rx,0,8,00,00,00,00,00,00,00,00,
9782671,00000384,false,Rx,0,8,BA,56,0D,01,00,FF,00,24,
9790079,0000042A,false,Rx,0,8,8E,83,0C,02,00,10,00,00,
9791006,00000396,false,Rx,0,8,44,86,C9,0F,08,03,00,02,
9791146,00000397,false,Rx,0,8,1C,00,43,10,3F,07,00,00,
9791406,00000398,false,Rx,0,8,00,00,00,00,00,00,00,00,
9791937,00000226,false,Rx,0,8,53,E0,E5,FF,63,60,09,42,
9792328,00000227,false,Rx,0,8,02,94,00,09,03,F1,9F,03,
9797547,00000146,false,Rx,0,8,DC,F6,EE,10,04,05,00,00,
9797640,00000147,false,Rx,0,8,01,04,7D,00,40,46,07,00,
9798052,00000061,false,Rx,0,8,22,70,58,00,00,00,00,00,
9798140,00000148,false,Rx,0,8,00,00,42,00,1E,89,40,05,
9798463,00000062,false,Rx,0,8,02,02,00,02,40,FF,00,FF,
9798821,00000149,false,Rx,0,8,00,38,00,CC,00,00,00,00,
9799142,00000063,false,Rx,0,8,00,00,05,00,00,08,FD,00,
9799464,00000064,false,Rx,0,8,00,00,00,04,FF,FA,00,00,
9799823,000000A1,false,Rx,0,8,96,72,58,57,61,02,8A,00,
9800160,000000A2,false,Rx,0,8,00,00,00,00,00,00,00,00,
9800242,000000A3,false,Rx,0,8,00,40,01,00,00,00,00,00,
9802618,0000036F,false,Rx,0,8,4F,61,01,00,00,00,00,00,
9802711,0000037F,false,Rx,0,8,32,C0,52,24,41,02,00,00,
9806506,000001B1,false,Rx,0,8,50,EB,EE,00,72,00,00,00,
9806922,000001B2,false,Rx,0,8,23,00,04,B7,0F,08,50,10,
9806999,000001B3,false,Rx,0,8,10,33,38,00,5A,7B,6A,7D,
9807075,000001B4,false,Rx,0,8,65,7D,10,00,00,41,00,00,
9809432,00000121,false,Rx,0,8,FE,F7,BE,00,00,00,00,05,
9809547,00000122,false,Rx,0,8,FF,D9,67,1F,46,47,46,45,
9809880,00000123,false,Rx,0,8,B6,02,00,00,00,00,01,00,
9810009,00000124,false,Rx,0,8,00,00,0A,00,00,00,20,40,
9810238,000001AB,false,Rx,0,8,AF,E0,7D,50,70,50,00,00,
9810652,000001AC,false,Rx,0,8,00,28,00,00,00,00,00,00,
9811232,00000566,false,Rx,0,8,16,02,00,00,00,00,FF,FF,
9812370,000003B0,false,Rx,0,8,72,37,FF,C7,00,00,03,C0,
9816640,0000010B,false,Rx,0,8,B1,7F,C8,00,00,00,00,05,
9816732,0000010C,false,Rx,0,8,FF,F9,E7,1F,46,4F,48,48,
9817139,0000010D,false,Rx,0,8,B5,02,00,00,00,00,01,00,
9817222,0000010E,false,Rx,0,8,00,00,1E,00,00,C0,AB,57,
9820434,000003B2,false,Rx,0,8,36,15,FF,02,29,2F,34,00,
9820932,00000161,false,Rx,0,8,53,FB,C1,03,00,00,00,02,
9821059,0000011B,false,Rx,0,8,25,FF,82,05,80,08,28,02,
9821445,00000162,false,Rx,0,8,FF,FC,01,00,00,00,00,00,
9821539,0000011C,false,Rx,0,8,00,05,20,00,22,00,01,01,
9821901,0000012B,false,Rx,0,8,C3,AF,82,06,00,00,08,00,
9822350,0000012C,false,Rx,0,8,00,00,01,00,00,64,00,00,
9822910,00000405,false,Rx,0,8,D2,10,00,00,00,01,00,00,
9822995,00000410,false,Rx,0,8,6A,60,57,3C,DE,6A,FF,FF,
9823278,00000411,false,Rx,0,8,04,D1,50,51,00,00,44,04,
9823604,00000412,false,Rx,0,8,CC,E0,00,00,00,00,00,00,
9824032,00000413,false,Rx,0,8,08,60,00,00,00,00,00,00,
9824635,00000414,false,Rx,0,8,41,70,00,00,28,00,00,00,
9824920,00000416,false,Rx,0,8,55,00,00,00,00,00,00,00,
9825002,00000417,false,Rx,0,8,20,E0,00,00,00,00,00,00,
9825065,00000418,false,Rx,0,8,07,C0,00,00,14,0C,00,00,
9825408,00000419,false,Rx,0,8,34,80,26,D5,31,87,90,00,
9825470,0000048F,false,Rx,0,8,AD,10,41,00,05,00,00,00,
9828870,00000036,false,Rx,0,8,84,01,DD,51,00,00,25,05,
9829002,00000037,false,Rx,0,8,30,00,00,10,00,40,00,00,
9829393,00000038,false,Rx,0,8,04,00,00,00,B0,39,96,D4,
9829475,00000039,false,Rx,0,8,00,00,00,00,00,00,00,00,
9830210,00000380,false,Rx,0,8,96,92,03,08,08,08,08,01,
9830576,0000019B,false,Rx,0,8,32,D5,D3,00,00,E4,00,00,
9830667,0000019C,false,Rx,0,8,40,20,00,00,00,00,0B,09,
9831325,0000019D,false,Rx,0,8,00,10,00,01,00,00,00,00,
9831647,000001A1,false,Rx,0,8,37,01,C1,FE,F7,7F,64,00,
9831755,0000019E,false,Rx,0,8,15,00,00,00,00,32,00,00,
9832044,000001A2,false,Rx,0,8,44,00,00,00,27,08,00,00,
9832339,000001A3,false,Rx,0,8,FF,F3,3F,00,00,00,00,00,
9832683,00000427,false,Rx,0,8,1D,86,FF,00,80,0A,00,00,
9833047,000001A4,false,Rx,0,8,FE,07,00,00,00,00,00,00,
9833377,000001F1,false,Rx,0,8,40,02,DF,01,00,00,28,00,
9833648,000001F2,false,Rx,0,8,00,00,00,00,00,00,00,00,
9835530,000003A1,false,Rx,0,8,D8,C1,B1,00,FF,FF,FF,FF,
9835626,000003A2,false,Rx,0,8,00,00,00,00,00,00,00,00,
9847795,00000061,false,Rx,0,8,5D,5C,5D,00,00,00,00,00,
9847887,00000062,false,Rx,0,8,02,02,00,02,40,FF,00,FF,
9848482,00000063,false,Rx,0,8,00,00,05,00,00,08,FD,00,
9848894,00000064,false,Rx,0,8,00,00,00,04,FF,FA,00,00,
9849339,00000487,false,Rx,1,8,00,00,00,00,00,00,00,00,
9849530,000000A1,false,Rx,0,8,99,99,5D,57,61,02,8A,00,
9849603,000000A2,false,Rx,0,8,00,00,00,00,00,00,00,00,
9849656,00000642,false,Rx,1,8,FF,FF,FF,FF,FF,FF,00,00,
9849702,000000A3,false,Rx,0,8,00,40,01,00,00,00,00,00,
9849761,00000645,false,Rx,1,8,C7,35,06,79,E0,32,56,00,
9850829,000000FF,false,Rx,0,8,CB,10,00,00,00,00,02,00,
9851319,00000394,false,Rx,0,8,2A,22,1A,49,00,00,00,00,
9851420,000003C3,false,Rx,0,8,45,10,31,30,36,00,00,00,
9851851,000003E0,false,Rx,0,8,01,70,01,00,54,03,00,00,
9852832,000003E5,false,Rx,0,8,8E,90,01,00,00,00,00,00,
9853379,000003E6,false,Rx,0,8,7F,00,00,00,00,00,00,00,
9853486,0000041A,false,Rx,0,8,95,40,12,00,00,00,00,00,
9853894,0000041B,false,Rx,0,8,60,30,00,00,00,00,00,00,
9853991,0000041C,false,Rx,0,8,E9,80,E0,00,00,00,00,00,
9854206,00000422,false,Rx,0,8,EA,C0,01,00,00,00,04,00,
9854590,00000432,false,Rx,0,8,03,20,02,00,00,00,00,00,
9854852,00000435,false,Rx,0,8,9F,D0,00,40,00,00,00,00,
9855614,00000442,false,Rx,0,8,CE,20,11,81,00,00,00,00,
9855878,00000444,false,Rx,0,8,6C,30,20,50,55,50,00,00,
9856125,00000445,false,Rx,0,8,D6,20,00,00,00,00,00,18,
9857228,00000464,false,Rx,0,8,B2,70,F0,FF,38,7F,05,00,
9859708,00000121,false,Rx,0,8,EA,4F,C3,00,00,00,00,05,
9859819,00000122,false,Rx,0,8,FF,D9,67,1F,46,47,46,45,
9859863,00000123,false,Rx,0,8,B6,02,00,00,00,00,01,00,
9860494,00000124,false,Rx,0,8,00,00,0A,00,00,00,20,40,
9866630,0000010B,false,Rx,0,8,CE,53,CD,00,00,00,00,05,
9866723,0000010C,false,Rx,0,8,FF,F9,E7,1F,46,4F,48,48,
9867129,0000010D,false,Rx,0,8,B5,02,00,00,00,00,01,00,
9867210,0000010E,false,Rx,0,8,00,00,1E,00,00,C0,AB,57,
9871063,00000401,false,Rx,0,8,C6,10,10,00,00,04,00,00,
9871154,0000011B,false,Rx,0,8,D3,D7,87,05,80,08,28,02,
9871530,0000012B,false,Rx,0,8,35,87,87,06,00,00,08,00,
9871637,0000011C,false,Rx,0,8,00,05,20,00,22,00,01,01,
9872054,0000012C,false,Rx,0,8,00,00,01,00,00,64,00,00,
9873690,00000091,false,Rx,0,8,17,DC,97,25,06,00,00,00,
9873811,00000092,false,Rx,0,8,25,00,00,00,50,02,00,00,
9874138,00000093,false,Rx,0,8,00,00,00,00,00,00,00,00,
9874276,00000094,false,Rx,0,8,00,00,00,00,00,00,00,00,
9877244,000001E6,false,Rx,0,8,26,52,28,02,00,00,00,00,
9877350,000001BB,false,Rx,0,8,73,BF,28,02,00,00,00,0A,
9877533,000001BC,false,Rx,0,8,32,00,00,00,02,00,00,00,
9878040,000001BD,false,Rx,0,8,00,00,00,00,00,00,00,00,
9878167,000001E7,false,Rx,0,8,00,00,22,03,20,01,00,00,
9878844,00000036,false,Rx,0,8,6B,28,E2,51,00,00,25,05,
9879029,00000037,false,Rx,0,8,30,00,00,10,00,40,00,00,
9879190,00000038,false,Rx,0,8,04,00,00,00,B0,39,96,D4,
9879659,000003AA,false,Rx,0,8,FF,00,D0,00,54,00,00,00,
9880199,00000039,false,Rx,0,8,00,00,00,00,00,00,00,00,
9880306,000003B6,false,Rx,0,8,8F,73,C9,00,00,00,00,46,
9880901,0000019B,false,Rx,0,8,8A,D4,D8,00,00,E4,00,00,
9881252,000003B7,false,Rx,0,8,46,00,00,00,00,00,00,00,
9881330,0000019C,false,Rx,0,8,40,20,00,00,00,00,0B,09,
9881386,000003B8,false,Rx,0,8,B2,02,00,00,00,00,69,0E,
9881772,0000019D,false,Rx,0,8,00,10,00,01,00,00,00,00,
9882125,000002D6,false,Rx,0,8,3E,1A,C9,00,00,00,00,00,
9882212,0000019E,false,Rx,0,8,15,00,00,00,00,32,00,00,
9882495,000002D7,false,Rx,0,8,00,00,00,00,03,00,00,00,
9882761,000002EB,false,Rx,0,8,0C,AF,C9,07,08,02,00,02,
9882872,000002D8,false,Rx,0,8,00,00,00,00,00,00,38,47,
9883193,000002EC,false,Rx,0,8,07,00,CF,00,59,00,00,00,
9883386,000002D9,false,Rx,0,8,00,00,00,00,00,00,00,00,
9883432,000002ED,false,Rx,0,8,00,00,00,00,00,00,00,00,
9883906,000003B9,false,Rx,0,8,00,00,00,00,00,00,00,00,
9884469,000002EE,false,Rx,0,8,00,00,00,00,00,00,00,00,
9884578,00000495,false,Rx,0,8,49,00,00,00,00,00,00,00,
9889664,00000251,false,Rx,0,8,46,4A,94,00,00,00,00,00,
9889839,000004A3,false,Rx,1,8,80,00,48,0B,3E,00,00,00,
9890135,00000252,false,Rx,0,8,00,00,1B,1B,03,00,00,00,
9890229,000004A4,false,Rx,1,8,FF,FF,FF,00,00,00,00,00,
9890298,00000253,false,Rx,0,8,00,00,00,58,58,00,80,4D,
9890649,000002AB,false,Rx,0,8,84,D2,97,0C,0C,00,00,00,
9891013,000003B1,false,Rx,0,8,C1,DE,00,80,00,00,20,00,
9891305,000002AC,false,Rx,0,8,00,FF,FF,00,00,40,00,54,
9891378,000002AD,false,Rx,0,8,00,01,00,40,FF,FF,FF,0F,
9891436,000002AE,false,Rx,0,8,01,00,FF,3F,01,01,00,00,
9892127,000002B6,false,Rx,0,8,3E,F4,97,01,00,00,00,40,
9892476,000002B7,false,Rx,0,8,9F,00,50,1C,00,04,00,00,
9892834,000002B8,false,Rx,0,8,FF,F8,10,00,00,00,00,00,
9893147,00000316,false,Rx,0,8,94,6A,73,34,06,80,0A,00,
9893438,000002B9,false,Rx,0,8,0A,00,00,00,00,00,00,00,
9893575,00000317,false,Rx,0,8,00,00,05,00,00,00,00,00,
9893623,000002C1,false,Rx,0,8,18,3B,CC,21,00,41,00,D4,
9893668,0000033B,false,Rx,0,8,DC,B8,96,00,00,00,00,00,
9893780,000002C2,false,Rx,0,8,26,00,00,00,00,00,00,00,
9893840,0000033C,false,Rx,0,8,00,00,00,00,F0,00,00,00,
9894207,000002C3,false,Rx,0,8,00,00,00,00,00,00,00,00,
9894778,0000033D,false,Rx,0,8,00,00,00,00,00,00,00,00,
9895113,000002C4,false,Rx,0,8,00,00,00,00,00,00,00,00,
9895437,0000033E,false,Rx,0,8,00,00,00,00,00,00,00,00,
9895642,000002E1,false,Rx,0,8,B8,BF,97,00,00,00,00,40,
9895845,00000356,false,Rx,0,8,CD,41,CB,00,00,00,00,00,
9896123,000002E2,false,Rx,0,8,FD,00,00,00,00,14,00,04,
9896212,00000357,false,Rx,0,8,00,00,00,00,00,4B,4D,48,
9896527,000002E3,false,Rx,0,8,00,00,00,00,00,00,72,01,
9896868,00000358,false,Rx,0,8,35,41,45,4D,52,37,33,4F,
9897210,000002E4,false,Rx,0,8,02,00,00,00,00,00,00,00,
9897520,00000359,false,Rx,0,8,51,4F,34,52,4A,35,33,00,
9897702,000003CB,false,Rx,0,8,36,14,00,F4,00,00,00,00,
9897768,00000472,false,Rx,0,8,5C,EC,00,40,08,41,00,45,
9897865,00000146,false,Rx,0,8,14,F4,F3,10,04,05,00,00,
9898145,000002FF,false,Rx,0,8,D4,CB,00,71,02,00,00,00,
9898258,00000061,false,Rx,0,8,B2,75,62,00,00,00,00,00,
9898371,00000147,false,Rx,0,8,01,04,7D,00,40,46,07,00,
9898415,00000062,false,Rx,0,8,02,02,00,02,40,FF,00,FF,
9898655,00000148,false,Rx,0,8,00,00,42,00,1E,89,40,05,
9898850,00000063,false,Rx,0,8,00,00,05,00,00,08,FD,00,
9899080,00000149,false,Rx,0,8,00,38,00,CC,00,00,00,00,
9899330,00000064,false,Rx,0,8,00,00,00,04,FF,FA,00,00,
9899551,000003CC,false,Rx,0,8,36,31,34,30,33,34,31,00,
9899794,000000A1,false,Rx,0,8,5C,74,62,57,61,02,8A,00,
9900031,00000473,false,Rx,0,8,5F,24,00,25,00,00,00,78,
9900438,000000A2,false,Rx,0,8,00,00,00,00,00,00,00,00,
9900543,00000474,false,Rx,0,8,91,72,00,00,00,00,00,08,
9900886,000000A3,false,Rx,0,8,00,40,01,00,00,00,00,00,
9902759,0000036F,false,Rx,0,8,F6,71,01,00,00,00,00,00,
9902856,00000111,false,Rx,0,8,E3,89,F9,01,00,00,00,00,
9903166,0000037F,false,Rx,0,8,8B,D0,52,24,41,02,00,00,
9903517,00000112,false,Rx,0,8,00,00,00,00,00,00,00,00,
9903825,00000113,false,Rx,0,8,00,00,00,00,00,00,00,00,
9904050,00000114,false,Rx,0,8,00,00,00,00,00,00,00,00,
9906852,000001B1,false,Rx,0,8,98,E9,F3,00,72,00,00,00,
9906940,000001B2,false,Rx,0,8,23,00,04,B7,0F,08,50,10,
9907194,000001B3,false,Rx,0,8,10,33,38,00,5A,7B,6A,7D,
9907287,000001B4,false,Rx,0,8,65,7D,10,00,00,41,00,00,
9907872,00000516,false,Rx,0,8,61,02,00,00,00,00,FF,FF,
9909149,00000121,false,Rx,0,8,52,4E,C8,00,00,00,00,05,
9909376,00000122,false,Rx,0,8,FF,D9,67,1F,46,47,46,45,
9909621,00000123,false,Rx,0,8,B6,02,00,00,00,00,01,00,
9909934,00000124,false,Rx,0,8,00,00,0A,00,00,00,20,40,
9910243,000001AB,false,Rx,0,8,F2,78,82,50,70,50,00,00,
9910389,000001AC,false,Rx,0,8,00,28,00,00,00,00,00,00,
9916641,0000010B,false,Rx,0,8,8A,E3,D2,00,00,00,00,05,
9916735,0000010C,false,Rx,0,8,FF,F9,E7,1F,46,4F,48,48,
9917134,0000010D,false,Rx,0,8,B5,02,00,00,00,00,01,00,
9917471,0000010E,false,Rx,0,8,00,00,1E,00,00,C0,AB,57,
9921034,00000161,false,Rx,0,8,CC,93,C6,03,00,00,00,02,
9921127,0000011B,false,Rx,0,8,1B,2E,8C,05,80,08,28,02,
9921574,00000162,false,Rx,0,8,FF,FC,01,00,00,00,00,00,
9921646,0000011C,false,Rx,0,8,00,05,20,00,22,00,01,01,
9922022,0000012B,false,Rx,0,8,FD,7E,8C,06,00,00,08,00,
9922329,000001E1,false,Rx,0,8,0A,FB,1C,02,00,00,00,00,
9922428,0000012C,false,Rx,0,8,00,00,01,00,00,64,00,00,
9922607,000001E2,false,Rx,0,8,00,00,00,00,00,00,00,00,
9924937,0000030B,false,Rx,0,8,E4,28,96,00,04,00,00,00,
9925169,0000030C,false,Rx,0,8,00,00,0E,00,2C,00,A0,0F,
9925252,0000030D,false,Rx,0,8,00,00,00,00,FF,00,00,00,
9925298,0000030E,false,Rx,0,8,00,00,18,05,21,00,00,00,
9928927,00000036,false,Rx,0,8,14,04,E7,51,00,00,25,05,
9929019,00000037,false,Rx,0,8,30,00,00,10,00,40,00,00,
9929486,00000038,false,Rx,0,8,04,00,00,00,B0,39,96,D4,
9929557,00000039,false,Rx,0,8,00,00,00,00,00,00,00,00,
9930632,0000019B,false,Rx,0,8,F5,F8,DD,00,00,E4,00,00,
9930753,0000019C,false,Rx,0,8,40,20,00,00,00,00,0B,09,
9931099,0000019D,false,Rx,0,8,00,10,00,01,00,00,00,00,
9931432,00000475,false,Rx,0,8,12,00,00,00,00,00,00,00,
9931554,0000019E,false,Rx,0,8,15,00,00,00,00,32,00,00,
9931797,000001A1,false,Rx,0,8,C4,9F,C6,FE,F7,7F,64,00,
9932104,00000496,false,Rx,0,8,12,00,00,00,00,00,00,00,
9932453,000001A2,false,Rx,0,8,44,00,00,00,27,08,00,00,
9932555,000001A3,false,Rx,0,8,FF,F3,3F,00,00,00,00,00,
9933117,000001A4,false,Rx,0,8,FE,07,00,00,00,00,00,00,
9933645,00000383,false,Rx,0,8,5A,53,00,10,01,00,00,00,
9941078,00000448,false,Rx,0,8,DE,80,00,00,00,00,00,00,
9941644,000001FB,false,Rx,0,8,C1,48,8E,00,00,00,00,00,
9941730,000001FC,false,Rx,0,8,00,00,00,00,00,00,00,00,
9942026,000001FD,false,Rx,0,8,00,1A,03,00,00,00,00,00,
9942177,000001FE,false,Rx,0,8,00,00,00,00,00,00,00,00,
9947845,00000061,false,Rx,0,8,CD,59,67,00,00,00,00,00,
9947946,00000062,false,Rx,0,8,02,02,00,02,40,FF,00,FF,
9948345,00000063,false,Rx,0,8,00,00,05,00,00,08,FD,00,
9948441,00000064,false,Rx,0,8,00,00,00,04,FF,FA,00,00,
9948809,000000A1,false,Rx,0,8,53,9F,67,57,61,02,8A,00,
9949173,000000A2,false,Rx,0,8,00,00,00,00,00,00,00,00,
9949270,000000A3,false,Rx,0,8,00,40,01,00,00,00,00,00,
9949806,00000382,false,Rx,0,8,2B,FE,21,00,00,05,09,00,
9956457,000002BF,false,Rx,0,8,FF,FF,FF,00,00,00,00,00,
9956609,0000047F,false,Rx,0,8,F0,FC,FF,FF,FF,FF,FF,FF,
9956986,00000653,false,Rx,0,8,0A,19,03,01,02,2A,00,00,
9957464,00000236,false,Rx,0,8,1A,F9,95,00,34,6C,AE,62,
9957537,000002FB,false,Rx,0,8,2B,B6,95,04,72,1A,B4,B4,
9957741,00000237,false,Rx,0,8,00,15,47,00,00,1D,1B,00,
9957908,000002FC,false,Rx,0,8,0F,00,14,18,00,00,8E,43,
9958256,00000238,false,Rx,0,8,00,00,72,00,00,00,00,00,
9958441,000002FD,false,Rx,0,8,00,00,00,00,00,1C,13,EA,
9958591,00000239,false,Rx,0,8,00,00,00,00,01,00,00,00,
9958839,000002FE,false,Rx,0,8,00,00,72,01,00,28,C8,02,
9959864,00000121,false,Rx,0,8,2D,62,CD,00,00,00,00,05,
9960666,000000C5,false,Rx,1,8,00,00,00,00,00,00,00,00,
9961040,00000122,false,Rx,0,8,FF,D9,67,1F,46,47,46,45,
9961092,00000123,false,Rx,0,8,B6,02,00,00,00,00,01,00,
9961372,00000244,false,Rx,1,8,FF,FF,FF,FF,FF,FF,FF,FF,
9961889,000001F6,false,Rx,0,8,2C,BC,95,00,00,00,00,0E,
9962032,00000124,false,Rx,0,8,00,00,0A,00,00,00,20,40,
9962103,000003E4,false,Rx,1,8,FE,00,00,00,00,00,00,00,
9962804,000001F7,false,Rx,0,8,26,00,DA,02,00,00,00,00,
9963119,000004B4,false,Rx,1,8,00,00,05,40,10,70,04,00,
9963179,00000151,false,Rx,0,8,67,60,95,64,C8,00,28,18,
9963223,000001F8,false,Rx,0,8,00,5E,01,45,01,00,00,00,
9963271,000004B5,false,Rx,1,8,08,00,F0,07,00,00,00,00,
9963323,00000152,false,Rx,0,8,14,17,17,00,51,00,00,00,
9963405,000001F9,false,Rx,0,8,4B,00,64,C8,14,00,4B,00,
9963454,000004B7,false,Rx,1,8,08,00,F0,07,00,00,00,00,
9963498,00000153,false,Rx,0,8,00,00,00,00,00,00,00,00,
9963544,000004CA,false,Rx,1,8,00,00,00,00,00,00,00,00,
9963779,00000154,false,Rx,0,8,00,00,00,00,00,00,00,00,
9963948,0000025B,false,Rx,0,8,E9,3D,95,40,40,20,00,00,
9964008,000004CC,false,Rx,1,8,08,00,00,06,00,00,03,00,
9964085,00000326,false,Rx,0,8,55,CB,95,00,00,00,00,00,
9964131,0000025C,false,Rx,0,8,00,00,26,00,B4,2C,19,00,
9964178,000004CE,false,Rx,1,8,DE,01,00,00,00,00,F8,FF,
9964224,00000327,false,Rx,0,8,00,00,00,00,05,00,00,00,
9964271,0000025D,false,Rx,0,8,00,C8,00,00,00,80,C0,70,
9964403,000004D7,false,Rx,1,8,23,01,00,00,00,00,00,00,
9964451,00000328,false,Rx,0,8,DA,02,4B,00,00,5E,01,00,
9964498,0000025E,false,Rx,0,8,1E,07,0E,03,00,00,46,00,
9964579,000004D8,false,Rx,1,8,41,10,F0,F0,40,F2,1E,CC,
9964624,00000329,false,Rx,0,8,64,45,01,00,00,00,00,00,
9964752,000004DD,false,Rx,1,8,00,00,FE,00,04,00,00,00,
9964855,00000331,false,Rx,0,8,76,6E,95,F1,C8,A0,2C,97,
9965236,000004DF,false,Rx,1,8,00,00,08,00,00,00,00,00,
9965499,00000332,false,Rx,0,8,E8,08,FC,03,00,00,00,00,
9966669,000004E7,false,Rx,1,8,00,30,00,00,00,00,69,00,
9967253,00000333,false,Rx,0,8,00,00,00,1C,0C,40,20,64,
9967466,000004E8,false,Rx,1,8,FF,FF,FF,05,FF,FF,FF,00,
9967576,00000334,false,Rx,0,8,C8,00,00,00,08,44,F4,8F,
9967625,0000010B,false,Rx,0,8,F5,CF,D7,00,00,00,00,05,
9967903,000004E9,false,Rx,1,8,12,00,00,34,00,00,50,00,
9968616,0000010C,false,Rx,0,8,FF,F9,E7,1F,46,4F,48,48,
9969308,000004EA,false,Rx,1,8,67,00,00,89,00,00,00,00,
9969636,0000010D,false,Rx,0,8,B5,02,00,00,00,00,01,00,
9970060,000004EB,false,Rx,1,8,02,80,16,13,80,00,00,00,
9970344,0000010E,false,Rx,0,8,00,00,1E,00,00,C0,AB,57,
9971298,000004EC,false,Rx,1,8,00,00,00,00,00,00,00,00,
9972051,000004ED,false,Rx,1,8,00,00,00,00,00,FF,FF,1F,
9972868,000004EE,false,Rx,1,8,FF,FF,00,00,00,00,00,00,
9973305,000004EF,false,Rx,1,8,60,00,60,00,2B,14,00,00,
9973522,0000063D,false,Rx,1,8,00,80,00,00,00,00,00,00,
9973647,0000063E,false,Rx,1,8,FF,FF,FF,FF,FF,FF,FF,FF,
9973718,0000012B,false,Rx,0,8,84,64,91,06,00,00,08,00,
9973856,0000063F,false,Rx,1,8,00,10,00,C4,FF,00,00,00,
9974181,0000011B,false,Rx,0,8,62,34,91,05,80,08,28,02,
9974256,0000012C,false,Rx,0,8,00,00,01,00,00,64,00,00,
9974667,00000640,false,Rx,1,8,FF,FF,FF,00,FF,FF,FF,00,
9974964,0000011C,false,Rx,0,8,00,05,20,00,22,00,01,01,
9975032,00000641,false,Rx,1,8,FF,FF,FF,FF,0F,FF,FF,FF,
9975333,00000646,false,Rx,1,8,00,00,00,80,01,00,00,00,
9975450,00000091,false,Rx,0,8,B1,B9,98,25,06,00,00,00,
9975498,00000092,false,Rx,0,8,24,00,00,00,40,02,00,00,
9975832,00000093,false,Rx,0,8,00,00,00,00,00,00,00,00,
9975906,00000094,false,Rx,0,8,00,00,00,00,00,00,00,00,
9978758,00000036,false,Rx,0,8,AC,05,EC,51,00,00,25,05,
9978859,00000037,false,Rx,0,8,30,00,00,10,00,40,00,00,
9979166,00000038,false,Rx,0,8,04,00,00,00,B0,39,96,D4,
9979347,00000039,false,Rx,0,8,00,00,00,00,00,00,00,00,
9980012,00000256,false,Rx,0,8,00,07,94,15,40,00,F0,00,
9980378,000002E6,false,Rx,0,8,94,54,94,01,00,00,00,15,
9980471,00000257,false,Rx,0,8,00,93,41,18,85,07,00,94,
9980776,000002E7,false,Rx,0,8,0A,00,00,00,00,00,00,00,
9980950,0000019B,false,Rx,0,8,1A,D1,E2,00,00,E4,00,00,
9981010,00000258,false,Rx,0,8,36,EE,1A,00,10,15,00,28,
9981065,0000019C,false,Rx,0,8,40,20,00,00,00,00,0B,09,
9981698,00000259,false,Rx,0,8,60,05,8E,3C,4C,02,00,00,
9982057,0000019D,false,Rx,0,8,00,10,00,01,00,00,00,00,
9982361,000002E8,false,Rx,0,8,00,00,00,00,00,00,00,00,
9982671,0000019E,false,Rx,0,8,15,00,00,00,00,32,00,00,
9982782,000002E9,false,Rx,0,8,00,00,00,00,00,00,00,00,
9983000,00000384,false,Rx,0,8,BA,56,0D,01,00,FF,00,24,
9983064,000001F1,false,Rx,0,8,2D,5E,E2,01,00,00,28,00,
9983134,000001F2,false,Rx,0,8,00,00,00,00,00,00,00,00,
9990057,0000042A,false,Rx,0,8,8E,83,0C,02,00,10,00,00,
9991424,00000396,false,Rx,0,8,0D,90,CA,0F,08,01,00,02,
9991765,00000397,false,Rx,0,8,35,00,43,10,3F,07,00,00,
9991879,00000398,false,Rx,0,8,00,00,00,00,00,00,00,00,
9991956,00000226,false,Rx,0,8,3A,A0,E7,FF,63,60,09,42,
9992196,00000227,false,Rx,0,8,02,94,00,09,03,F1,9F,03,
9997533,00000146,false,Rx,0,8,97,9B,F8,10,04,05,00,00,
9997626,00000147,false,Rx,0,8,01,04,7D,00,40,45,07,00,
9998041,00000061,false,Rx,0,8,75,58,6C,00,00,00,00,00,
9998131,00000148,false,Rx,0,8,00,00,42,00,1E,89,40,05,
9998471,00000062,false,Rx,0,8,02,02,00,02,40,FF,00,FF,
9998758,00000149,false,Rx,0,8,00,38,00,CC,00,00,00,00,
9998863,00000063,false,Rx,0,8,00,00,05,00,00,08,FD,00,
9999030,00000064,false,Rx,0,8,00,00,00,04,FF,FA,00,00,
9999447,000000A1,false,Rx,0,8,6F,6E,6C,57,61,02,8A,00,
9999844,000000A2,false,Rx,0,8,00,00,00,00,00,00,00,00,
10000173,000000A3,false,Rx,0,8,00,40,01,00,00,00,00,00,
10003544,0000036F,false,Rx,0,8,5F,81,01,00,00,00,00,00,
10003914,0000037F,false,Rx,0,8,5D,E0,52,24,41,02,00,00,
10004080,00000561,false,Rx,0,8,63,02,00,00,00,00,FF,FF,
10006408,000001B1,false,Rx,0,8,20,E8,F8,00,72,00,00,00,
10006526,000001B2,false,Rx,0,8,23,00,04,B7,0F,08,50,10,
10006779,000001B3,false,Rx,0,8,10,33,38,00,5A,7B,6A,7D,
10007046,000001B4,false,Rx,0,8,65,7D,10,00,00,41,00,00,
10009303,00000121,false,Rx,0,8,9F,14,D2,00,00,00,00,05,
10009405,00000122,false,Rx,0,8,FF,D9,67,1F,46,48,46,45,
10009716,00000123,false,Rx,0,8,B6,02,00,00,00,00,01,00,
10009968,00000124,false,Rx,0,8,00,00,0A,00,00,00,20,40,
10010159,000001AB,false,Rx,0,8,04,50,87,50,70,50,00,00,
10010419,000001AC,false,Rx,0,8,00,28,00,00,00,00,00,00,
10012502,000003B0,false,Rx,0,8,72,37,FF,C7,00,00,03,C0,
10016626,0000010B,false,Rx,0,8,4D,CE,DC,00,00,00,00,05,
10016719,0000010C,false,Rx,0,8,FF,F9,E7,1F,46,4F,48,48,
10017115,0000010D,false,Rx,0,8,B5,02,00,00,00,00,01,00,
10017214,0000010E,false,Rx,0,8,00,00,1E,00,00,C0,AB,57,
10020445,000003B2,false,Rx,0,8,36,15,FF,02,29,2F,34,00,
10020887,00000485,false,Rx,0,8,00,40,11,02,00,00,00,00,
10021059,00000161,false,Rx,0,8,BF,AA,CB,03,00,00,00,02,
10021390,0000011B,false,Rx,0,8,FD,5C,96,05,80,08,28,02,
10021480,0000012B,false,Rx,0,8,1B,0C,96,06,00,00,08,00,
10021812,0000011C,false,Rx,0,8,00,05,20,00,22,00,01,01,
10022038,0000012C,false,Rx,0,8,00,00,01,00,00,64,00,00,
10022238,00000162,false,Rx,0,8,FF,FC,01,00,00,00,00,00,
10022947,000004E8,false,Rx,1,8,FF,FF,FF,05,FF,FF,FF,00,
10023114,00000405,false,Rx,0,8,D2,10,00,00,00,01,00,00,
10023395,00000410,false,Rx,0,8,6A,60,57,3C,DE,6A,FF,FF,
10023526,00000411,false,Rx,0,8,04,D1,50,51,00,00,44,04,
10023836,00000412,false,Rx,0,8,CC,E0,00,00,00,00,00,00,
10023957,00000413,false,Rx,0,8,08,60,00,00,00,00,00,00,
10024027,00000414,false,Rx,0,8,41,70,00,00,28,00,00,00,
10024455,00000416,false,Rx,0,8,55,00,00,00,00,00,00,00,
10024812,00000417,false,Rx,0,8,20,E0,00,00,00,00,00,00,
10025176,00000418,false,Rx,0,8,07,C0,00,00,14,0C,00,00,
10025531,00000419,false,Rx,0,8,34,80,26,D5,31,87,90,00,
10027344,000001E6,false,Rx,0,8,6B,BA,2B,02,00,00,00,00,
10027460,000001BB,false,Rx,0,8,76,E6,2B,02,00,00,00,0A,
10027800,000001BC,false,Rx,0,8,32,00,00,00,02,00,00,00,
10027915,000001BD,false,Rx,0,8,00,00,00,00,00,00,00,00,
10028270,000001E7,false,Rx,0,8,00,00,22,03,20,01,00,00,
10028899,00000036,false,Rx,0,8,64,07,F1,51,00,00,25,05,
10029221,00000037,false,Rx,0,8,30,00,00,10,00,40,00,00,
10029314,00000038,false,Rx,0,8,04,00,00,00,B0,39,96,D4,
10029528,00000039,false,Rx,0,8,00,00,00,00,00,00,00,00,
10029953,00000380,false,Rx,0,8,96,92,03,08,08,08,08,01,
10030326,0000019B,false,Rx,0,8,65,FD,E7,00,00,E4,00,00,
10030696,0000019C,false,Rx,0,8,40,20,00,00,00,00,0B,09,
10031299,0000019D,false,Rx,0,8,00,10,00,01,00,00,00,00,
10031523,000001A1,false,Rx,0,8,C9,59,CB,FE,F7,7F,64,00,
10031692,0000019E,false,Rx,0,8,15,00,00,00,00,32,00,00,
10031965,000001A2,false,Rx,0,8,44,00,00,00,27,08,00,00,
10032283,000001A3,false,Rx,0,8,FF,F3,3F,00,00,00,00,00,
10032603,00000427,false,Rx,0,8,1D,86,FF,00,80,0A,00,00,
10032950,000001A4,false,Rx,0,8,FE,07,00,00,00,00,00,00,
10035367,000003A1,false,Rx,0,8,95,29,B2,00,FF,FF,FF,FF,
10035457,000003A2,false,Rx,0,8,00,00,00,00,00,00,00,00,
10047819,00000061,false,Rx,0,8,BD,5A,71,00,00,00,00,00,
10047912,00000062,false,Rx,0,8,02,02,00,02,40,FF,00,FF,
10048318,00000063,false,Rx,0,8,00,00,05,00,00,08,FD,00,
10048396,00000064,false,Rx,0,8,00,00,00,04,FF,FA,00,00,
10048800,000000A1,false,Rx,0,8,0A,6D,71,57,61,02,8A,00,
10049104,000000A2,false,Rx,0,8,00,00,00,00,00,00,00,00,
10049398,000000A3,false,Rx,0,8,00,40,01,00,00,00,00,00,
10050477,000000FF,false,Rx,0,8,CB,10,00,00,00,00,02,00,
10051045,00000394,false,Rx,0,8,2A,22,1A,49,00,00,00,00,
10051127,000003C3,false,Rx,0,8,45,10,31,30,36,00,00,00,
10051567,000003E0,false,Rx,0,8,01,70,01,00,54,03,00,00,
10052550,000003E5,false,Rx,0,8,8E,90,01,00,00,00,00,00,
10053117,00000487,false,Rx,1,8,00,00,00,00,00,00,00,00,
10053306,000003E6,false,Rx,0,8,7F,00,00,00,00,00,00,00,
10053393,00000642,false,Rx,1,8,FF,FF,FF,FF,FF,FF,00,00,
10053472,0000041A,false,Rx,0,8,95,40,12,00,00,00,00,00,
10053527,0000041B,false,Rx,0,8,60,30,00,00,00,00,00,00,
10053904,0000041C,false,Rx,0,8,E9,80,E0,00,00,00,00,00,
10054347,00000422,false,Rx,0,8,EA,C0,01,00,00,00,04,00,
10054578,00000432,false,Rx,0,8,03,20,02,00,00,00,00,00,
10055670,00000435,false,Rx,0,8,9F,D0,00,40,00,00,00,00,
10055783,00000442,false,Rx,0,8,CE,20,11,81,00,00,00,00,
10056197,00000444,false,Rx,0,8,6C,30,20,50,55,50,00,00,
10056487,00000445,false,Rx,0,8,D6,20,00,00,00,00,00,18,
10057162,00000464,false,Rx,0,8,B2,70,F0,FF,38,7F,05,00,
10059403,00000121,false,Rx,0,8,E0,38,D7,00,00,00,00,05,
10059503,00000122,false,Rx,0,8,FF,D9,67,1F,46,48,46,45,
10059732,00000123,false,Rx,0,8,B6,02,00,00,00,00,01,00,
10059995,00000124,false,Rx,0,8,00,00,0A,00,00,00,20,40,
10062803,000004E8,false,Rx,1,8,FF,FF,FF,05,FF,FF,FF,00,
10062930,00000643,false,Rx,1,8,00,FC,FF,FF,FF,FF,03,00,
10066656,0000010B,false,Rx,0,8,2E,55,E1,00,00,00,00,05,
10066750,0000010C,false,Rx,0,8,FF,F9,E7,1F,46,4F,48,48,
10067195,0000010D,false,Rx,0,8,B5,02,00,00,00,00,01,00,
10067475,0000010E,false,Rx,0,8,00,00,1E,00,00,C0,AB,57,
10071149,00000401,false,Rx,0,8,C6,10,10,00,00,04,00,00,
10071241,0000011B,false,Rx,0,8,8E,65,9B,05,80,08,28,02,
10071688,0000012B,false,Rx,0,8,68,35,9B,06,00,00,08,00,
10071756,0000011C,false,Rx,0,8,00,05,20,00,22,00,01,01,
10072115,0000012C,false,Rx,0,8,00,00,01,00,00,64,00,00,
10072400,000001E1,false,Rx,0,8,47,13,1F,02,00,00,00,00,
10072630,000001E2,false,Rx,0,8,00,00,00,00,00,00,00,00,
10073766,00000091,false,Rx,0,8,F7,E0,99,25,06,00,00,00,
10073872,00000092,false,Rx,0,8,24,00,00,00,40,02,00,00,
10073922,00000093,false,Rx,0,8,00,00,00,00,00,00,00,00,
10074344,00000094,false,Rx,0,8,00,00,00,00,00,00,00,00,
10078730,00000036,false,Rx,0,8,97,99,F6,51,00,00,25,05,
10078822,00000037,false,Rx,0,8,30,00,00,10,00,40,00,00,
10079316,00000038,false,Rx,0,8,04,00,00,00,B0,39,96,D4,
10079604,00000039,false,Rx,0,8,00,00,00,00,00,00,00,00,
10079697,000003AA,false,Rx,0,8,FF,00,D0,00,54,00,00,00,
10080342,000003B6,false,Rx,0,8,45,98,CA,00,00,00,00,46,
10080427,0000019B,false,Rx,0,8,DD,FC,EC,00,00,E4,00,00,
10080527,000003B7,false,Rx,0,8,46,00,00,00,00,00,00,00,
10081043,0000019C,false,Rx,0,8,40,20,00,00,00,00,0B,09,
10081373,000003B8,false,Rx,0,8,B2,02,00,00,00,00,69,0E,
10081694,0000019D,false,Rx,0,8,00,10,00,01,00,00,00,00,
10081962,000003B9,false,Rx,0,8,00,00,00,00,00,00,00,00,
10082045,0000019E,false,Rx,0,8,15,00,00,00,00,32,00,00,
10082315,000002D6,false,Rx,0,8,F4,F1,CA,00,00,00,00,00,
10082397,000002EB,false,Rx,0,8,CD,45,CA,07,08,01,00,02,
10082694,000002D7,false,Rx,0,8,00,00,00,00,03,00,00,00,
10083016,000002EC,false,Rx,0,8,07,00,CF,00,59,00,00,00,
10083229,000002D8,false,Rx,0,8,00,00,00,00,00,00,38,47,
10083284,000002ED,false,Rx,0,8,00,00,00,00,00,00,00,00,
10083949,000002D9,false,Rx,0,8,00,00,00,00,00,00,00,00,
10084295,000004F0,false,Rx,1,8,4A,10,16,14,5C,1A,0B,02,
10084620,000002EE,false,Rx,0,8,00,00,00,00,00,00,00,00,
10084904,00000495,false,Rx,0,8,49,00,00,00,00,00,00,00,
10088474,00000563,false,Rx,1,8,65,02,00,00,00,00,FF,FF,
10089309,00000251,false,Rx,0,8,40,24,96,00,00,00,00,00,
10089418,00000252,false,Rx,0,8,00,00,1B,1B,03,00,00,00,
10089784,00000253,false,Rx,0,8,00,00,00,58,58,00,80,4D,
10089881,000002AB,false,Rx,0,8,43,FF,99,0C,0C,00,00,00,
10090097,000003B1,false,Rx,0,8,C1,DE,00,80,00,00,20,00,
10090835,000002AC,false,Rx,0,8,00,FF,FF,00,00,40,00,54,
10091175,000002AD,false,Rx,0,8,00,01,00,40,FF,FF,FF,0F,
10091272,000002AE,false,Rx,0,8,01,00,FF,3F,01,01,00,00,
10091609,000002B6,false,Rx,0,8,F9,D9,99,01,00,00,00,40,
10091713,000002B7,false,Rx,0,8,9F,00,50,1C,00,04,00,00,
10091999,000002B8,false,Rx,0,8,FF,F8,10,00,00,00,00,00,
10092243,000002B9,false,Rx,0,8,0A,00,00,00,00,00,00,00,
10092365,000002C1,false,Rx,0,8,5E,62,CD,21,00,41,00,D4,
10092946,000002FF,false,Rx,0,8,D4,CB,00,71,02,00,00,00,
10093284,000002C2,false,Rx,0,8,26,00,00,00,00,00,00,00,
10093769,00000316,false,Rx,0,8,0B,02,74,34,06,80,0A,00,
10094260,000002C3,false,Rx,0,8,00,00,00,00,00,00,00,00,
10094361,00000317,false,Rx,0,8,00,00,05,00,00,00,00,00,
10094959,000004A3,false,Rx,1,8,80,00,48,0B,3E,00,00,00,
10095313,000002C4,false,Rx,0,8,00,00,00,00,00,00,00,00,
10095650,0000033B,false,Rx,0,8,1B,95,98,00,00,00,00,00,
10096276,000004A4,false,Rx,1,8,FF,FF,FF,00,00,00,00,00,
10096672,000002E1,false,Rx,0,8,7F,92,99,00,00,00,00,40,
10096785,0000033C,false,Rx,0,8,00,00,00,00,F0,00,00,00,
10097113,000002E2,false,Rx,0,8,FD,00,00,00,00,14,00,04,
10097469,0000033D,false,Rx,0,8,00,00,00,00,00,00,00,00,
10097571,000002E3,false,Rx,0,8,00,00,00,00,00,00,72,01,
10097842,0000033E,false,Rx,0,8,00,00,00,00,00,00,00,00,
10097927,000002E4,false,Rx,0,8,02,00,00,00,00,00,00,00,
10098089,00000356,false,Rx,0,8,3E,DF,CC,00,00,00,00,00,
10098149,00000472,false,Rx,0,8,5C,EC,00,40,08,41,00,45,
10098517,00000357,false,Rx,0,8,00,00,00,00,00,4B,4D,48,
10098898,00000473,false,Rx,0,8,5F,24,00,25,00,00,00,78,
10099243,00000358,false,Rx,0,8,35,41,45,4D,52,37,33,4F,
10099551,00000474,false,Rx,0,8,91,72,00,00,00,00,00,08,
10099631,00000359,false,Rx,0,8,51,4F,34,52,4A,35,33,00,
10099921,00000146,false,Rx,0,8,E8,B7,FD,10,04,05,00,00,
10100204,00000061,false,Rx,0,8,4E,C4,76,00,00,00,00,00,
10100285,00000147,false,Rx,0,8,01,04,7D,00,40,45,07,00,
10100557,00000062,false,Rx,0,8,02,02,00,02,40,FF,00,FF,
10100953,00000148,false,Rx,0,8,00,00,42,00,1E,89,40,05,
10101262,00000063,false,Rx,0,8,00,00,05,00,00,08,FD,00,
10101593,00000149,false,Rx,0,8,00,38,00,CC,00,00,00,00,
10101903,00000064,false,Rx,0,8,00,00,00,04,FF,FA,00,00,
10102204,000000A1,false,Rx,0,8,03,E8,76,57,61,02,8A,00,
10102531,000000A2,false,Rx,0,8,00,00,00,00,00,00,00,00,
10102903,000000A3,false,Rx,0,8,00,40,01,00,00,00,00,00,
10103220,0000036F,false,Rx,0,8,E6,91,01,00,00,00,00,00,
10103324,00000111,false,Rx,0,8,29,62,FA,01,00,00,00,00,
10104037,0000037F,false,Rx,0,8,4D,00,52,24,41,02,00,00,
10104161,00000112,false,Rx,0,8,00,00,00,00,00,00,00,00,
10104246,00000113,false,Rx,0,8,00,00,00,00,00,00,00,00,
10104290,00000114,false,Rx,0,8,00,00,00,00,00,00,00,00,
10104386,000004E8,false,Rx,1,8,FF,FF,FF,05,FF,FF,FF,00,
10106723,000001B1,false,Rx,0,8,5F,C4,FD,00,72,00,00,00,
10107054,000001B2,false,Rx,0,8,23,00,04,B7,0F,08,50,10,
10107166,000001B3,false,Rx,0,8,10,33,38,00,5A,7B,6A,7D,
10107243,000001B4,false,Rx,0,8,65,7D,10,00,00,41,00,00,
10109397,00000121,false,Rx,0,8,AE,FF,DC,00,00,00,00,05,
10109503,00000122,false,Rx,0,8,FF,D9,67,1F,46,47,46,45,
10109893,00000123,false,Rx,0,8,B6,02,00,00,00,00,01,00,
10110234,00000124,false,Rx,0,8,00,00,0A,00,00,00,20,40,
10110319,000001AB,false,Rx,0,8,CC,A9,8C,50,70,50,00,00,
10110601,000001AC,false,Rx,0,8,00,28,00,00,00,00,00,00,
10116625,0000010B,false,Rx,0,8,DD,CB,E6,00,00,00,00,05,
10116717,0000010C,false,Rx,0,8,FF,F9,E7,1F,46,4F,48,48,
10117160,0000010D,false,Rx,0,8,B5,02,00,00,00,00,01,00,
10117236,0000010E,false,Rx,0,8,00,00,1E,00,00,C0,AB,57,
10121224,00000161,false,Rx,0,8,7D,70,D0,03,00,00,00,02,
10121334,0000011B,false,Rx,0,8,58,F9,A0,05,80,08,28,02,
10121409,00000162,false,Rx,0,8,FF,FC,01,00,00,00,00,00,
10121699,0000011C,false,Rx,0,8,00,05,20,00,22,00,01,01,
10122080,0000012B,false,Rx,0,8,BE,A9,A0,06,00,00,08,00,
10122455,0000012C,false,Rx,0,8,00,00,01,00,00,64,00,00,
10123860,000004F0,false,Rx,1,8,4A,10,16,14,5C,1A,0B,02,
10124566,0000030B,false,Rx,0,8,70,FD,98,00,04,00,00,00,
10124647,0000030C,false,Rx,0,8,00,00,0E,00,2C,00,A0,0F,
10125117,0000030D,false,Rx,0,8,00,00,00,00,FF,00,00,00,
10125378,0000030E,false,Rx,0,8,00,00,18,05,21,00,00,FE,
10128677,00000036,false,Rx,0,8,9A,5F,FB,51,00,00,25,05,
10128770,00000037,false,Rx,0,8,30,00,00,10,00,40,00,00,
10129184,00000038,false,Rx,0,8,04,00,00,00,B0,39,96,D4,
10129543,00000039,false,Rx,0,8,00,00,00,00,00,00,00,00,
10130542,0000019B,false,Rx,0,8,15,FE,F1,00,00,E4,00,00,
10130674,0000019C,false,Rx,0,8,40,20,00,00,00,00,0B,09,
10131109,0000019D,false,Rx,0,8,00,10,00,01,00,00,00,00,
10131167,00000475,false,Rx,0,8,12,00,00,00,00,00,00,00,
10131544,0000019E,false,Rx,0,8,15,00,00,00,00,32,00,00,
10131760,000001A1,false,Rx,0,8,B4,9C,D0,FE,F7,7F,64,00,
10131824,00000496,false,Rx,0,8,12,00,00,00,00,00,00,00,
10132285,000001A2,false,Rx,0,8,44,00,00,00,27,08,00,00,
10132895,000001A3,false,Rx,0,8,FF,F3,3F,00,00,00,00,00,
10133193,000001A4,false,Rx,0,8,FE,07,00,00,00,00,00,00,
10133514,000001F1,false,Rx,0,8,B2,36,E5,01,00,00,28,00,
10133623,000001F2,false,Rx,0,8,00,00,00,00,00,00,00,00,
10133728,00000383,false,Rx,0,8,5A,53,00,10,01,00,00,00,
10141035,00000448,false,Rx,0,8,DE,80,00,00,00,00,00,00,
10141676,000001FB,false,Rx,0,8,C3,A1,90,00,00,00,00,00,
10141810,000001FC,false,Rx,0,8,00,00,00,00,00,00,00,00,
10142081,000001FD,false,Rx,0,8,00,1A,03,00,00,00,00,00,
10142545,000001FE,false,Rx,0,8,00,00,00,00,00,00,00,00,
10147833,00000061,false,Rx,0,8,43,02,7B,00,00,00,00,00,
10147936,00000062,false,Rx,0,8,02,02,00,02,40,FF,00,FF,
10148364,00000063,false,Rx,0,8,00,00,05,00,00,08,FD,00,
10148440,00000064,false,Rx,0,8,00,00,00,04,FF,FA,00,00,
10148782,000000A1,false,Rx,0,8,35,AB,7B,57,61,02,8A,00,
10149120,000000A2,false,Rx,0,8,00,00,00,00,00,00,00,00,
10149238,000000A3,false,Rx,0,8,00,40,01,00,00,00,00,00,
10149834,00000382,false,Rx,0,8,2B,FE,21,00,00,05,09,00,
10156465,000002BF,false,Rx,0,8,FF,FF,FF,00,00,00,00,00,
10156559,0000047F,false,Rx,0,8,F0,FC,FF,FF,FF,FF,FF,FF,
10156973,00000653,false,Rx,0,8,0A,19,03,01,02,2A,00,00,
10157439,00000236,false,Rx,0,8,AD,25,97,00,34,6C,AE,62,
10157749,000002FB,false,Rx,0,8,A7,04,97,04,72,1A,B4,B4,
10157855,00000237,false,Rx,0,8,00,15,47,00,00,1E,1B,00,
10157924,000002FC,false,Rx,0,8,0F,00,14,18,00,00,8E,43,
10158139,00000238,false,Rx,0,8,00,00,72,00,00,00,00,00,
10158352,000002FD,false,Rx,0,8,00,00,00,00,00,1C,13,EA,
10158597,00000239,false,Rx,0,8,00,00,00,00,01,00,00,00,
10158831,000002FE,false,Rx,0,8,00,00,72,01,00,28,C8,02,
10159187,00000121,false,Rx,0,8,CD,64,E1,00,00,00,00,05,
10159461,00000122,false,Rx,0,8,FF,D9,67,1F,46,47,46,45,
10159823,000001F6,false,Rx,0,8,A0,0E,97,00,00,00,00,0E,
10159989,00000123,false,Rx,0,8,B6,02,00,00,00,00,01,00,
10160197,000001F7,false,Rx,0,8,26,00,DA,02,00,00,00,00,
10160563,00000124,false,Rx,0,8,00,00,0A,00,00,00,20,40,
10161110,000001F8,false,Rx,0,8,00,5E,01,45,01,00,00,00,
10161447,00000151,false,Rx,0,8,EB,D2,97,64,C8,00,28,18,
10161562,000001F9,false,Rx,0,8,4B,00,64,C8,14,00,4B,00,
10161863,00000152,false,Rx,0,8,14,17,17,00,51,00,00,00,
10162081,0000025B,false,Rx,0,8,76,9F,97,40,40,20,00,00,
10162191,00000153,false,Rx,0,8,00,00,00,00,00,00,00,00,
10162359,0000025C,false,Rx,0,8,00,00,26,00,B4,2C,19,00,
10162424,00000154,false,Rx,0,8,00,00,00,00,00,00,00,00,
10162608,0000025D,false,Rx,0,8,00,C8,00,00,00,80,C0,70,
10162854,00000326,false,Rx,0,8,D9,79,97,00,00,00,00,00,
10163077,0000025E,false,Rx,0,8,33,07,0E,05,00,00,46,00,
10163540,00000327,false,Rx,0,8,00,00,00,00,05,00,00,00,
10163667,000000C5,false,Rx,1,8,00,00,00,00,00,00,00,00,
10163716,00000328,false,Rx,0,8,DA,02,4B,00,00,5E,01,00,
10163829,00000244,false,Rx,1,8,FF,FF,FF,FF,FF,FF,FF,FF,
10164817,00000329,false,Rx,0,8,64,45,01,00,00,00,00,00,
10165615,000004B4,false,Rx,1,8,00,00,05,40,10,70,04,00,
10165703,00000331,false,Rx,0,8,FA,DC,97,F1,C8,A0,2C,97,
10166037,000004B5,false,Rx,1,8,08,00,F0,07,00,00,00,00,
10167013,00000332,false,Rx,0,8,E8,08,FC,03,00,00,00,00,
10167525,00000333,false,Rx,0,8,00,00,00,1C,0C,40,20,64,
10167627,000004B7,false,Rx,1,8,08,00,F0,07,00,00,00,00,
10167684,00000334,false,Rx,0,8,C8,00,00,00,08,44,F4,8F,
10167740,000004CA,false,Rx,1,8,00,00,00,00,00,00,00,00,
10168163,000004CC,false,Rx,1,8,08,00,00,06,00,00,03,00,
10168306,0000010B,false,Rx,0,8,D0,0D,EB,00,00,00,00,05,
10168361,000004CE,false,Rx,1,8,DE,01,00,00,00,00,F8,FF,
10168425,0000010C,false,Rx,0,8,FF,F9,E7,1F,46,4F,48,48,
10169593,0000010D,false,Rx,0,8,B5,02,00,00,00,00,01,00,
10170002,000004D7,false,Rx,1,8,23,01,00,00,00,00,00,00,
10170080,0000010E,false,Rx,0,8,00,00,1E,00,00,C0,AB,57,
10170365,000004D8,false,Rx,1,8,41,10,F0,F0,40,F2,1E,CC,
10171089,000004DD,false,Rx,1,8,00,00,FE,00,04,00,00,00,
10172008,000004DF,false,Rx,1,8,00,00,08,00,00,00,00,00,
10172734,000004E7,false,Rx,1,8,00,30,00,00,00,00,69,00,
10173258,000004E8,false,Rx,1,8,FF,FF,FF,05,FF,FF,FF,00,
10173591,000004E9,false,Rx,1,8,12,00,00,34,00,00,50,00,
10173873,000004EA,false,Rx,1,8,67,00,00,89,00,00,00,00,
10174584,0000011B,false,Rx,0,8,AE,D1,A5,05,80,08,28,02,
10175080,000004EB,false,Rx,1,8,02,80,16,14,80,00,00,00,
10175313,0000012B,false,Rx,0,8,48,81,A5,06,00,00,08,00,
10175428,0000011C,false,Rx,0,8,00,05,20,00,22,00,01,01,
10175522,000004EC,false,Rx,1,8,00,00,00,00,00,00,00,00,
10175851,0000012C,false,Rx,0,8,00,00,01,00,00,64,00,00,
10175948,000004ED,false,Rx,1,8,00,00,00,00,00,FF,FF,1F,
10176289,000004EE,false,Rx,1,8,FF,FF,00,00,00,00,00,00,
10176364,000004EF,false,Rx,1,8,60,00,60,00,2B,14,00,00,
10176628,000004F0,false,Rx,1,8,4A,10,16,14,5C,1A,0B,02,
10176765,00000091,false,Rx,0,8,1A,1A,9A,25,06,00,00,00,
10176824,0000063D,false,Rx,1,8,00,80,00,00,00,00,00,00,
10176898,0000063E,false,Rx,1,8,FF,FF,FF,FF,FF,FF,FF,FF,
10176974,00000092,false,Rx,0,8,25,00,00,00,50,02,00,00,
10177341,0000063F,false,Rx,1,8,00,10,00,C4,FF,00,00,00,
10177667,00000093,false,Rx,0,8,00,00,00,00,00,00,00,00,
10177804,00000640,false,Rx,1,8,FF,FF,FF,00,FF,FF,FF,00,
10177869,00000641,false,Rx,1,8,FF,FF,FF,FF,0F,FF,FF,FF,
10178148,00000094,false,Rx,0,8,00,00,00,00,00,00,00,00,
10178261,00000646,false,Rx,1,8,00,00,00,80,01,00,00,00,
10178333,000001E6,false,Rx,0,8,9D,92,2E,02,00,00,00,00,
10178586,000001BB,false,Rx,0,8,79,0D,2E,02,00,00,00,0A,
10178650,000001BC,false,Rx,0,8,32,00,00,00,02,00,00,00,
10178726,000001BD,false,Rx,0,8,00,00,00,00,00,00,00,00,
10179007,00000036,false,Rx,0,8,E3,DC,00,51,00,00,25,05,
10179113,000001E7,false,Rx,0,8,00,00,22,03,20,01,00,00,
10179708,00000037,false,Rx,0,8,30,00,00,10,00,40,00,00,
10180026,00000256,false,Rx,0,8,74,F9,96,15,40,00,F0,00,
10180135,00000038,false,Rx,0,8,04,00,00,00,60,39,96,D4,
10180436,00000257,false,Rx,0,8,00,93,41,18,85,07,00,94,
10180714,00000039,false,Rx,0,8,00,00,00,00,00,00,00,00,
10180805,0000019B,false,Rx,0,8,E6,60,F6,00,00,E4,00,00,
10181082,00000258,false,Rx,0,8,36,EF,1A,00,10,15,00,28,
10181433,0000019C,false,Rx,0,8,40,20,00,00,00,00,0B,09,
10181995,00000259,false,Rx,0,8,5E,05,8D,3C,4C,02,00,00,
10182094,0000019D,false,Rx,0,8,00,10,00,01,00,00,00,00,
10182380,000002E6,false,Rx,0,8,18,E6,96,01,00,00,00,15,
10182616,0000019E,false,Rx,0,8,15,00,00,00,00,32,00,00,
10182697,000002E7,false,Rx,0,8,0A,00,00,00,00,00,00,00,
10183070,00000384,false,Rx,0,8,BA,56,0D,01,00,FF,00,24,
10183428,000002E8,false,Rx,0,8,00,00,00,00,00,00,00,00,
10183780,00000565,false,Rx,0,8,66,02,00,00,00,00,FF,FF,
10184105,000002E9,false,Rx,0,8,00,00,00,00,00,00,00,00,
10190067,0000042A,false,Rx,0,8,8E,83,0C,02,00,10,00,00,
10191065,00000396,false,Rx,0,8,A9,57,CB,0F,08,01,00,02,
10191176,00000397,false,Rx,0,8,31,00,43,10,3F,07,00,00,
10191583,00000398,false,Rx,0,8,00,00,00,00,00,00,00,00,
10192003,00000226,false,Rx,0,8,04,71,E9,FF,63,60,09,42,
10192431,00000227,false,Rx,0,8,02,94,00,09,03,F1,9F,03,
10197527,00000146,false,Rx,0,8,9E,FB,02,10,04,05,00,00,
10197620,00000147,false,Rx,0,8,01,04,7D,00,40,45,07,00,
10198031,00000061,false,Rx,0,8,0C,3B,80,00,00,00,00,00,
10198118,00000148,false,Rx,0,8,00,00,42,00,1E,89,40,05,
10198492,00000062,false,Rx,0,8,02,02,00,02,40,FF,00,FF,
10198812,00000149,false,Rx,0,8,00,38,00,CC,00,00,00,00,
10199122,00000063,false,Rx,0,8,00,00,05,00,00,08,FD,00,
10199216,00000064,false,Rx,0,8,00,00,00,04,FF,FA,00,00,
10199554,000000A1,false,Rx,0,8,4B,A9,80,57,61,02,8A,00,
10199865,000000A2,false,Rx,0,8,00,00,00,00,00,00,00,00,
10200185,000000A3,false,Rx,0,8,00,40,01,00,00,00,00,00,
10203205,0000036F,false,Rx,0,8,30,A1,01,00,00,00,00,00,
10203334,0000037F,false,Rx,0,8,F4,10,52,24,41,02,00,00,
10206570,000001B1,false,Rx,0,8,29,88,02,00,72,00,00,00,
10206672,000001B2,false,Rx,0,8,23,00,04,B7,0F,08,50,10,
10207097,000001B3,false,Rx,0,8,10,33,38,00,5A,7B,6A,7D,
10207423,000001B4,false,Rx,0,8,65,7D,10,00,00,41,00,00,
10209391,00000121,false,Rx,0,8,3E,FA,E6,00,00,00,00,05,
10209511,00000122,false,Rx,0,8,FF,D9,67,1F,46,47,46,45,
10209873,00000123,false,Rx,0,8,B6,02,00,00,00,00,01,00,
10209937,00000124,false,Rx,0,8,00,00,0A,00,00,00,20,40,
10210329,000001AB,false,Rx,0,8,B5,B3,91,50,70,50,00,00,
10210708,000001AC,false,Rx,0,8,00,28,00,00,00,00,00,00,
10212533,000003B0,false,Rx,0,8,72,37,FF,C7,00,00,03,C0,
10216629,0000010B,false,Rx,0,8,AD,C8,F0,00,00,00,00,05,
10216733,0000010C,false,Rx,0,8,FF,F9,E7,1F,46,4F,48,48,
10217144,0000010D,false,Rx,0,8,B5,02,00,00,00,00,01,00,
10217219,0000010E,false,Rx,0,8,00,00,1E,00,00,C0,AB,57,
10220720,000003B2,false,Rx,0,8,36,15,FF,02,29,2F,34,00,
10221259,00000161,false,Rx,0,8,8B,58,D5,03,00,00,00,02,
10221356,0000011B,false,Rx,0,8,B4,A8,AA,05,80,08,28,02,
10221415,00000162,false,Rx,0,8,FF,FC,01,00,00,00,00,00,
10222093,0000011C,false,Rx,0,8,00,05,20,00,22,00,01,01,
10222407,0000012B,false,Rx,0,8,52,F8,AA,06,00,00,08,00,
10222514,000001E1,false,Rx,0,8,2A,4F,22,02,00,00,00,00,
10222852,0000012C,false,Rx,0,8,00,00,01,00,00,64,00,00,
10223193,000001E2,false,Rx,0,8,00,00,00,00,00,00,00,00,
10223297,00000405,false,Rx,0,8,D2,10,00,00,00,01,00,00,
10223595,00000410,false,Rx,0,8,6A,60,57,3C,DE,6A,FF,FF,
10223911,00000411,false,Rx,0,8,04,D1,50,51,00,00,44,04,
10224017,00000413,false,Rx,0,8,08,60,00,00,00,00,00,00,
10224212,00000412,false,Rx,0,8,CC,E0,00,00,00,00,00,00,
10224266,00000414,false,Rx,0,8,41,70,00,00,28,00,00,00,
10224406,00000416,false,Rx,0,8,55,00,00,00,00,00,00,00,
10224682,00000417,false,Rx,0,8,20,E0,00,00,00,00,00,00,
10224952,00000418,false,Rx,0,8,07,C0,00,00,14,0C,00,00,
10225203,00000419,false,Rx,0,8,34,80,26,D5,31,87,90,00,
10229240,00000036,false,Rx,0,8,9C,F0,05,51,00,00,25,05,
10229479,00000037,false,Rx,0,8,30,00,00,10,00,40,00,00,
10229563,00000038,false,Rx,0,8,04,00,00,00,60,39,96,D4,
10229615,00000039,false,Rx,0,8,00,00,00,00,00,00,00,00,
10230095,00000380,false,Rx,0,8,96,92,03,08,08,08,08,01,
10230479,0000019B,false,Rx,0,8,EB,A6,FB,00,00,E4,00,00,
10230717,0000019C,false,Rx,0,8,40,20,00,00,00,00,0B,09,
10231047,0000019D,false,Rx,0,8,00,10,00,01,00,00,00,00,
10231358,0000019E,false,Rx,0,8,15,00,00,00,00,32,00,00,
10232027,000001A1,false,Rx,0,8,CB,B0,D5,FE,F7,7F,64,00,
10232159,000001A2,false,Rx,0,8,44,00,00,00,27,08,00,00,
10232468,00000427,false,Rx,0,8,1D,86,FF,00,80,0A,00,00,
10232630,000001A3,false,Rx,0,8,FF,F3,3F,00,00,00,00,00,
10232678,000001A4,false,Rx,0,8,FE,07,00,00,00,00,00,00,
10235294,000003A1,false,Rx,0,8,B1,81,B3,00,FF,FF,FF,FF,
10235408,000003A2,false,Rx,0,8,00,00,00,00,00,00,00,00,
10247802,00000061,false,Rx,0,8,73,17,85,00,00,00,00,00,
10247895,00000062,false,Rx,0,8,02,02,00,02,40,FF,00,FF,
10248311,00000063,false,Rx,0,8,00,00,05,00,00,08,FD,00,
10248684,00000064,false,Rx,0,8,00,00,00,04,FF,FA,00,00,
10248812,000000A1,false,Rx,0,8,44,42,85,57,61,02,8A,00,
10249156,000000A2,false,Rx,0,8,00,00,00,00,00,00,00,00,
10249379,000000A3,false,Rx,0,8,00,40,01,00,00,00,00,00,
10250089,000000FF,false,Rx,0,8,CB,10,00,00,00,00,02,00,
10250981,00000394,false,Rx,0,8,2A,22,1A,49,00,00,00,00,
10251081,000003C3,false,Rx,0,8,45,10,31,30,36,00,00,00,
10251452,000003E0,false,Rx,0,8,01,70,01,00,54,03,00,00,
10252235,000003E5,false,Rx,0,8,8E,90,01,00,00,00,00,00,
10252377,000003E6,false,Rx,0,8,7F,00,00,00,00,00,00,00,
10252772,0000041A,false,Rx,0,8,95,40,12,00,00,00,00,00,
10253241,0000041B,false,Rx,0,8,60,30,00,00,00,00,00,00,
10253749,00000487,false,Rx,1,8,00,00,00,00,00,00,00,00,
10253884,0000041C,false,Rx,0,8,E9,80,E0,00,00,00,00,00,
10253939,00000422,false,Rx,0,8,EA,C0,01,00,00,00,04,00,
10254018,00000642,false,Rx,1,8,FF,FF,FF,FF,FF,FF,00,00,
10254333,00000432,false,Rx,0,8,03,20,02,00,00,00,00,00,
10255473,00000435,false,Rx,0,8,9F,D0,00,40,00,00,00,00,
10255602,00000442,false,Rx,0,8,CE,20,11,81,00,00,00,00,
10255985,00000444,false,Rx,0,8,6C,30,20,50,55,50,00,00,
10256091,00000445,false,Rx,0,8,D6,20,00,00,00,00,00,18,
10256711,00000464,false,Rx,0,8,B2,70,F0,FF,38,7F,05,00,
10259431,00000121,false,Rx,0,8,33,3C,EB,00,00,00,00,05,
10259525,00000122,false,Rx,0,8,FF,D9,67,1F,46,47,46,45,
10259946,00000123,false,Rx,0,8,B6,02,00,00,00,00,01,00,
10260268,00000124,false,Rx,0,8,00,00,0A,00,00,00,20,40,
10266635,0000010B,false,Rx,0,8,D2,E4,F5,00,00,00,00,05,
10266728,0000010C,false,Rx,0,8,FF,F9,E7,1F,46,4F,48,48,
10267143,0000010D,false,Rx,0,8,B5,02,00,00,00,00,01,00,
10267485,0000010E,false,Rx,0,8,00,00,1E,00,00,C0,AB,57,
10271248,0000011B,false,Rx,0,8,42,80,AF,05,80,08,28,02,
10271341,0000012B,false,Rx,0,8,A4,D0,AF,06,00,00,08,00,
10271778,0000011C,false,Rx,0,8,00,05,20,00,22,00,01,01,
10271847,0000012C,false,Rx,0,8,00,00,01,00,00,64,00,00,
10272173,00000401,false,Rx,0,8,C6,10,10,00,00,04,00,00,
10273628,00000091,false,Rx,0,8,35,70,9B,25,06,00,00,00,
10273739,00000092,false,Rx,0,8,26,00,00,00,60,02,00,00,
10274141,00000093,false,Rx,0,8,00,00,00,00,00,00,00,00,
10274223,00000094,false,Rx,0,8,00,00,00,00,00,00,00,00,
10276142,00000415,false,Rx,0,8,40,13,10,00,08,01,00,00,
10278734,00000036,false,Rx,0,8,1D,84,0A,51,00,00,25,05,
10278827,00000037,false,Rx,0,8,30,00,00,10,00,40,00,00,
10279237,00000038,false,Rx,0,8,04,00,00,00,60,39,96,D4,
10279305,00000039,false,Rx,0,8,00,00,00,00,00,00,00,00,
10280016,000003AA,false,Rx,0,8,FF,00,D0,00,54,00,00,00,
10280362,000003B6,false,Rx,0,8,03,C1,CB,00,00,00,00,46,
10280458,0000019B,false,Rx,0,8,A4,9F,00,00,00,E4,00,00,
10281040,000003B7,false,Rx,0,8,46,00,00,00,00,00,00,00,
10281394,0000019C,false,Rx,0,8,40,20,00,00,00,00,0B,09,
10281504,000003B8,false,Rx,0,8,B2,02,00,00,00,00,69,0E,
10281835,0000019D,false,Rx,0,8,00,10,00,01,00,00,00,00,
10282190,000002D6,false,Rx,0,8,B2,A8,CB,00,00,00,00,00,
10282309,0000019E,false,Rx,0,8,15,00,00,00,00,32,00,00,
10282600,000002D7,false,Rx,0,8,00,00,00,00,03,00,00,00,
10282679,000002EB,false,Rx,0,8,2C,21,CB,07,08,01,00,02,
10282961,000002D8,false,Rx,0,8,00,00,00,00,00,00,38,47,
10283256,000001F1,false,Rx,0,8,C1,0F,E8,01,00,00,28,00,
10283608,000002D9,false,Rx,0,8,00,00,00,00,00,00,00,00,
10283922,000001F2,false,Rx,0,8,00,00,00,00,00,00,00,00,
10284266,000002EC,false,Rx,0,8,02,00,CF,00,59,00,00,00,
10284502,000003B9,false,Rx,0,8,00,00,00,00,00,00,00,00,
10284578,000002ED,false,Rx,0,8,00,00,00,00,00,00,00,00,
10285043,00000495,false,Rx,0,8,49,00,00,00,00,00,00,00,
10285386,000002EE,false,Rx,0,8,00,00,00,00,00,00,00,00,
10285731,00000566,false,Rx,0,8,16,02,00,00,00,00,FF,FF,
10289284,00000251,false,Rx,0,8,73,3E,98,00,00,00,00,00,
10289377,00000252,false,Rx,0,8,00,00,1B,1B,03,00,00,00,
10289818,00000253,false,Rx,0,8,00,00,00,58,58,00,80,4D,
10289886,000002AB,false,Rx,0,8,CF,4D,9B,0C,0C,00,00,00,
10290212,000003B1,false,Rx,0,8,C1,DE,00,80,00,00,20,00,
10290588,000002AC,false,Rx,0,8,00,FF,FF,00,00,40,00,54,
10291182,000002AD,false,Rx,0,8,00,01,00,40,FF,FF,FF,0F,
10291534,000002AE,false,Rx,0,8,01,00,FF,3F,01,01,00,00,
10291881,000002B6,false,Rx,0,8,75,6B,9B,01,00,00,00,40,
10291976,000002B7,false,Rx,0,8,9F,00,50,1C,00,04,00,00,
10292268,000002B8,false,Rx,0,8,FF,F8,10,00,00,00,00,00,
10292596,000002B9,false,Rx,0,8,0A,00,00,00,00,00,00,00,
10292904,000002C1,false,Rx,0,8,F5,25,CE,21,00,41,00,D4,
10293064,000002C2,false,Rx,0,8,27,00,00,00,00,00,00,00,
10293112,000002FF,false,Rx,0,8,D4,CB,00,71,02,00,00,00,
10293192,000002C3,false,Rx,0,8,00,00,00,00,00,00,00,00,
10293242,00000316,false,Rx,0,8,2F,AA,75,34,06,80,0A,00,
10293854,000002C4,false,Rx,0,8,00,00,00,00,00,00,00,00,
10294226,00000317,false,Rx,0,8,00,00,05,00,00,00,00,00,
10294776,000002E1,false,Rx,0,8,F3,20,9B,00,00,00,00,40,
10294847,0000033B,false,Rx,0,8,97,27,9A,00,00,00,00,00,
10295207,000002E2,false,Rx,0,8,FD,00,00,00,00,14,00,04,
10295603,000004A3,false,Rx,1,8,80,00,48,0B,3E,00,00,00,
10295789,0000033C,false,Rx,0,8,00,00,00,00,F0,00,00,00,
10295838,000002E3,false,Rx,0,8,00,00,00,00,00,00,72,01,
10295922,000004A4,false,Rx,1,8,FF,FF,FF,00,00,00,00,00,
10296220,0000033D,false,Rx,0,8,00,00,00,00,00,00,00,00,
10296533,000002E4,false,Rx,0,8,02,00,00,00,00,00,00,00,
10296619,0000033E,false,Rx,0,8,00,00,00,00,00,00,00,00,
10296813,00000356,false,Rx,0,8,78,86,CD,00,00,00,00,00,
10296873,00000472,false,Rx,0,8,5C,EC,00,40,08,41,00,45,
10297202,00000357,false,Rx,0,8,00,00,00,00,00,4B,4D,48,
10297319,00000473,false,Rx,0,8,5F,24,00,25,00,00,00,78,
10297617,00000358,false,Rx,0,8,35,41,45,4D,52,37,33,4F,
10297925,00000474,false,Rx,0,8,91,72,00,00,00,00,00,08,
10298256,00000359,false,Rx,0,8,51,4F,34,52,4A,35,33,00,
10298614,00000146,false,Rx,0,8,DA,B9,07,10,04,05,00,00,
10298711,00000061,false,Rx,0,8,F2,63,8A,00,00,00,00,00,
10298979,00000147,false,Rx,0,8,01,04,7D,00,40,46,07,00,
10299291,00000062,false,Rx,0,8,02,02,00,02,40,FF,00,FF,
10299354,00000148,false,Rx,0,8,00,00,42,00,1E,89,40,05,
10299685,00000063,false,Rx,0,8,00,00,05,00,00,08,FD,00,
10300055,00000149,false,Rx,0,8,00,38,00,CC,00,00,00,00,
10300376,00000064,false,Rx,0,8,00,00,00,04,FF,FA,00,00,
10300707,000000A1,false,Rx,0,8,74,6F,8A,57,61,02,8A,00,
10300996,000000A2,false,Rx,0,8,00,00,00,00,00,00,00,00,
10301207,000000A3,false,Rx,0,8,00,40,01,00,00,00,00,00,
10302968,0000036F,false,Rx,0,8,89,B1,01,00,00,00,00,00,
10303072,00000111,false,Rx,0,8,6F,3B,FB,01,00,00,00,00,
10303486,0000037F,false,Rx,0,8,22,20,52,24,41,02,00,00,
10303539,00000112,false,Rx,0,8,00,00,00,00,00,00,00,00,
10303660,00000113,false,Rx,0,8,00,00,00,00,00,00,00,00,
10303742,00000114,false,Rx,0,8,00,00,00,00,00,00,00,00,
10306693,000001B1,false,Rx,0,8,56,A4,07,00,72,00,00,00,
10306984,000001B2,false,Rx,0,8,23,00,04,B7,0F,08,50,10,
10307083,000001B3,false,Rx,0,8,10,33,38,00,5A,7B,6A,7D,
10307429,000001B4,false,Rx,0,8,65,7D,10,00,00,41,00,00,
10309427,00000121,false,Rx,0,8,4E,F9,F0,00,00,00,00,05,
10309554,00000122,false,Rx,0,8,FF,D9,67,1F,46,47,46,45,
10309610,00000123,false,Rx,0,8,B6,02,00,00,00,00,01,00,
10309958,00000124,false,Rx,0,8,00,00,0A,00,00,00,20,40,
10310280,000001AB,false,Rx,0,8,2A,DB,96,50,70,50,00,00,
10310955,000001AC,false,Rx,0,8,00,28,00,00,00,00,00,00,
10316626,0000010B,false,Rx,0,8,53,90,FA,00,00,00,00,05,
10316719,0000010C,false,Rx,0,8,FF,F9,E7,1F,46,4F,48,48,
10317150,0000010D,false,Rx,0,8,B5,02,00,00,00,00,01,00,
10317224,0000010E,false,Rx,0,8,00,00,1E,00,00,C0,AB,57,
10321218,00000161,false,Rx,0,8,91,21,DA,03,00,00,00,02,
10321333,0000011B,false,Rx,0,8,80,5A,B4,05,80,08,28,02,
10321756,00000162,false,Rx,0,8,FF,FC,01,00,00,00,00,00,
10322077,0000011C,false,Rx,0,8,00,05,20,00,22,00,01,01,
10322164,0000012B,false,Rx,0,8,66,0A,B4,06,00,00,08,00,
10322212,0000012C,false,Rx,0,8,00,00,01,00,00,64,00,00,
10324340,0000030B,false,Rx,0,8,41,B3,9A,00,04,00,00,00,
10324458,0000030C,false,Rx,0,8,00,00,0E,00,2C,00,A0,0F,
10324731,0000030D,false,Rx,0,8,00,00,00,00,44,00,00,00,
10325004,0000030E,false,Rx,0,8,00,00,18,05,21,00,00,02,
10327400,000001E6,false,Rx,0,8,8D,C8,31,02,00,00,00,00,
10327497,000001BB,false,Rx,0,8,1A,60,31,02,00,00,00,0A,
10327806,000001BC,false,Rx,0,8,32,00,00,00,02,00,00,00,
10328082,000001BD,false,Rx,0,8,00,00,00,00,00,00,00,00,
10328293,000001E7,false,Rx,0,8,00,00,22,03,20,01,00,00,
10328530,00000036,false,Rx,0,8,62,A8,0F,51,00,00,25,05,
10328789,00000037,false,Rx,0,8,30,00,00,10,00,40,00,00,
10329199,00000038,false,Rx,0,8,04,00,00,00,60,39,96,D4,
10329343,00000039,false,Rx,0,8,00,00,00,00,00,00,00,00,
10330736,0000019B,false,Rx,0,8,DB,B3,05,00,00,E4,00,00,
10330865,0000019C,false,Rx,0,8,40,20,00,00,00,00,0B,09,
10331167,0000019D,false,Rx,0,8,00,10,00,01,00,00,00,00,
10331291,000001A1,false,Rx,0,8,4A,C4,DA,FE,F7,7F,64,00,
10331630,0000019E,false,Rx,0,8,15,00,00,00,00,32,00,00,
10331940,000001A2,false,Rx,0,8,44,00,00,00,27,08,00,00,
10332217,00000475,false,Rx,0,8,12,00,00,00,00,00,00,00,
10332321,000001A3,false,Rx,0,8,FF,F3,3F,00,00,00,00,00,
10332608,00000496,false,Rx,0,8,12,00,00,00,00,00,00,00,
10332673,000001A4,false,Rx,0,8,FE,07,00,00,00,00,00,00,
10333604,00000383,false,Rx,0,8,5A,53,00,10,01,00,00,00,
10341010,00000448,false,Rx,0,8,DE,80,00,00,00,00,00,00,
10341863,000001FB,false,Rx,0,8,4F,13,92,00,00,00,00,00,
10341979,000001FC,false,Rx,0,8,00,00,00,00,00,00,00,00,
10342394,000001FD,false,Rx,0,8,00,1A,03,00,00,00,00,00,
10342492,000001FE,false,Rx,0,8,00,00,00,00,00,00,00,00,
10347846,00000061,false,Rx,0,8,8D,4F,8F,00,00,00,00,00,
10347968,00000062,false,Rx,0,8,02,02,00,02,40,FF,00,FF,
10348362,00000063,false,Rx,0,8,00,00,05,00,00,08,FD,00,
10348450,00000064,false,Rx,0,8,00,00,00,04,FF,FA,00,00,
10348787,000000A1,false,Rx,0,8,7B,84,8F,57,61,02,8A,00,
10349050,000000A2,false,Rx,0,8,00,00,00,00,00,00,00,00,
10349206,000000A3,false,Rx,0,8,00,40,01,00,00,00,00,00,
10350451,00000382,false,Rx,0,8,2B,FE,21,00,00,05,09,00,
10356480,000002BF,false,Rx,0,8,FF,FF,FF,00,00,00,00,00,
10356573,0000047F,false,Rx,0,8,F0,FC,FF,FF,FF,FF,FF,FF,
10357010,00000653,false,Rx,0,8,0A,19,03,01,02,2A,00,00,
10357383,00000236,false,Rx,0,8,6A,08,99,00,34,6C,AE,62,
10357478,000002FB,false,Rx,0,8,60,29,99,04,72,1A,B4,B4,
10357906,00000237,false,Rx,0,8,00,15,47,00,00,1E,1B,00,
10358435,000002FC,false,Rx,0,8,0F,00,14,18,00,00,8E,43,
10358810,00000238,false,Rx,0,8,00,00,72,00,00,00,00,00,
10359146,000002FD,false,Rx,0,8,00,00,00,00,00,1C,13,EA,
10359261,00000239,false,Rx,0,8,00,00,00,00,01,00,00,00,
10359452,000002FE,false,Rx,0,8,00,00,72,01,00,28,C8,02,
10359525,00000121,false,Rx,0,8,31,D5,F5,00,00,00,00,05,
10359908,00000122,false,Rx,0,8,FF,D9,67,1F,46,47,46,45,
10360243,000001F6,false,Rx,0,8,67,23,99,00,00,00,00,0E,
10360572,00000123,false,Rx,0,8,B6,02,00,00,00,00,01,00,
10360929,000001F7,false,Rx,0,8,26,00,DA,02,00,00,00,00,
10361234,00000124,false,Rx,0,8,00,00,0A,00,00,00,20,40,
10361308,000001F8,false,Rx,0,8,00,5E,01,45,01,00,00,00,
10361592,00000151,false,Rx,0,8,2C,FF,99,64,C8,00,28,18,
10361659,000001F9,false,Rx,0,8,4B,00,64,C8,14,00,4B,00,
10361958,00000152,false,Rx,0,8,14,17,17,00,51,00,00,00,
10362174,0000025B,false,Rx,0,8,D2,60,99,40,40,20,00,00,
10362225,00000153,false,Rx,0,8,00,00,00,00,00,00,00,00,
10362287,0000025C,false,Rx,0,8,00,00,26,00,B4,2C,19,00,
10362463,00000154,false,Rx,0,8,00,00,00,00,00,00,00,00,
10362611,0000025D,false,Rx,0,8,00,C8,00,00,00,80,C0,70,
10362939,00000326,false,Rx,0,8,1E,54,99,00,00,00,00,00,
10363590,0000025E,false,Rx,0,8,1B,07,0E,03,00,00,46,00,
10363963,00000327,false,Rx,0,8,00,00,00,00,05,00,00,00,
10364254,00000328,false,Rx,0,8,DA,02,4B,00,00,5E,01,00,
10364632,00000329,false,Rx,0,8,64,45,01,00,00,00,00,00,
10364966,00000331,false,Rx,0,8,3D,F1,99,F1,C8,A0,2C,97,
10366152,00000332,false,Rx,0,8,E8,08,FC,03,00,00,00,00,
10366463,00000333,false,Rx,0,8,00,00,00,1C,0C,40,20,64,
10366515,00000334,false,Rx,0,8,C8,00,00,00,08,44,F4,8F,
10366615,000000C5,false,Rx,1,8,00,00,00,00,00,00,00,00,
10366700,00000244,false,Rx,1,8,FF,FF,FF,FF,FF,FF,FF,FF,
10366748,0000041F,false,Rx,1,8,00,0C,00,00,00,00,00,00,
10366792,0000010B,false,Rx,0,8,2C,BC,FF,00,00,00,00,05,
10366839,000004B4,false,Rx,1,8,00,00,05,40,10,70,04,00,
10366911,0000010C,false,Rx,0,8,FF,F9,E7,1F,46,4F,48,48,
10367280,000004B5,false,Rx,1,8,08,00,F0,07,00,00,00,00,
10367369,0000010D,false,Rx,0,8,B5,02,00,00,00,00,01,00,
10367846,000004B7,false,Rx,1,8,08,00,F0,07,00,00,00,00,
10367985,0000010E,false,Rx,0,8,00,00,1E,00,00,C0,AB,57,
10368144,000004CA,false,Rx,1,8,00,00,00,00,00,00,00,00,
10368774,000004CC,false,Rx,1,8,08,00,00,06,00,00,03,00,
10369196,000004CE,false,Rx,1,8,DE,01,00,00,00,00,F8,FF,
10369627,000004D7,false,Rx,1,8,23,01,00,00,00,00,00,00,
10370299,000004D8,false,Rx,1,8,41,10,F0,F0,40,F2,1E,CC,
10371331,000004DD,false,Rx,1,8,00,00,FE,00,04,00,00,00,
10371655,000004DF,false,Rx,1,8,00,00,08,00,00,00,00,00,
10371990,0000011B,false,Rx,0,8,F3,63,B9,05,80,08,28,02,
10373156,0000012B,false,Rx,0,8,15,33,B9,06,00,00,08,00,
10373409,000004E7,false,Rx,1,8,00,30,00,00,00,00,69,00,
10373821,0000011C,false,Rx,0,8,00,05,20,00,22,00,01,01,
10374227,0000012C,false,Rx,0,8,00,00,01,00,00,64,00,00,
10374718,000004E8,false,Rx,1,8,FF,FF,FF,05,FF,FF,FF,00,
10375626,000001E1,false,Rx,0,8,B5,27,25,02,00,00,00,00,
10375804,000004E9,false,Rx,1,8,12,00,00,34,00,00,50,00,
10376069,000001E2,false,Rx,0,8,00,00,00,00,00,00,00,00,
10376146,000004EA,false,Rx,1,8,67,00,00,89,00,00,00,00,
10376228,000004EB,false,Rx,1,8,02,80,16,14,80,00,00,00,
10376613,00000091,false,Rx,0,8,BB,7D,9C,26,06,00,00,00,
10376762,00000092,false,Rx,0,8,27,00,00,00,70,02,00,00,
10377479,000004EC,false,Rx,1,8,00,00,00,00,00,00,00,00,
10377581,000004ED,false,Rx,1,8,00,00,00,00,00,FF,FF,1F,
10377739,00000093,false,Rx,0,8,00,00,00,00,00,00,00,00,
10377818,00000094,false,Rx,0,8,00,00,00,00,00,00,00,00,
10377890,000004EE,false,Rx,1,8,FF,FF,00,00,00,00,00,00,
10377946,000004EF,false,Rx,1,8,60,00,60,00,2B,14,00,00,
10378077,0000063D,false,Rx,1,8,00,80,00,00,00,00,00,00,
10378136,0000063E,false,Rx,1,8,FF,FF,FF,FF,FF,FF,FF,FF,
10378225,0000063F,false,Rx,1,8,00,10,00,C4,FF,00,00,00,
10378275,00000640,false,Rx,1,8,FF,FF,FF,00,FF,FF,FF,00,
10378336,00000641,false,Rx,1,8,FF,FF,FF,FF,0F,FF,FF,FF,
10378393,00000646,false,Rx,1,8,00,00,00,80,01,00,00,00,
10379004,00000036,false,Rx,0,8,1F,6D,14,51,00,00,25,05,
10379572,00000037,false,Rx,0,8,30,00,00,10,00,40,00,00,
10379683,00000256,false,Rx,0,8,A7,16,98,15,40,00,F0,00,
10380027,00000038,false,Rx,0,8,04,00,00,00,60,39,96,D4,
10380119,00000257,false,Rx,0,8,00,94,41,19,85,07,00,94,
10380408,00000039,false,Rx,0,8,00,00,00,00,00,00,00,00,
10380487,0000019B,false,Rx,0,8,5A,C7,0A,00,00,E4,00,00,
10380780,00000258,false,Rx,0,8,36,F1,1A,00,10,15,00,28,
10381248,0000019C,false,Rx,0,8,40,20,00,00,00,00,0B,09,
10381323,00000259,false,Rx,0,8,60,05,8D,3C,4C,02,00,00,
10381431,0000019D,false,Rx,0,8,00,10,00,01,00,00,00,00,
10381672,000002E6,false,Rx,0,8,DF,CB,98,01,00,00,00,15,
10382137,0000019E,false,Rx,0,8,15,00,00,00,00,32,00,00,
10382497,000002E7,false,Rx,0,8,0A,00,00,00,00,00,00,00,
10382803,00000384,false,Rx,0,8,BA,56,0D,01,00,FF,00,24,
10383094,000002E8,false,Rx,0,8,00,00,00,00,00,00,00,00,
10383214,00000516,false,Rx,0,8,61,02,00,00,00,00,FF,FF,
10383287,000002E9,false,Rx,0,8,00,00,00,00,00,00,00,00,
10390065,0000042A,false,Rx,0,8,8E,83,0C,02,00,10,00,00,
10391339,00000396,false,Rx,0,8,9B,BC,CC,0F,08,02,00,02,
10391437,00000397,false,Rx,0,8,31,00,43,10,3F,07,00,00,
10391812,00000398,false,Rx,0,8,00,00,00,00,00,00,00,00,
10391903,00000226,false,Rx,0,8,6D,31,EB,FF,63,60,09,42,
10392372,00000227,false,Rx,0,8,02,94,00,09,03,F1,9F,03,
10397513,00000146,false,Rx,0,8,62,B8,0C,10,04,05,00,00,
10397607,00000147,false,Rx,0,8,01,04,7D,00,40,46,07,00,
10398046,00000061,false,Rx,0,8,F0,8A,94,00,00,00,00,00,
10398361,00000148,false,Rx,0,8,00,00,42,00,1E,89,40,05,
10398465,00000062,false,Rx,0,8,02,02,00,02,40,FF,00,FF,
10398726,00000149,false,Rx,0,8,00,38,00,CC,00,00,00,00,
10398812,00000063,false,Rx,0,8,00,00,05,00,00,08,FD,00,
10399189,00000064,false,Rx,0,8,00,00,00,04,FF,FA,00,00,
10399542,000000A1,false,Rx,0,8,14,35,94,57,61,02,8A,00,
10400092,000000A2,false,Rx,0,8,00,00,00,00,00,00,00,00,
10400193,000000A3,false,Rx,0,8,00,40,01,00,00,00,00,00,
10402627,0000036F,false,Rx,0,8,81,C1,01,00,00,00,00,00,
10402826,0000037F,false,Rx,0,8,9B,30,52,24,41,02,00,00,
10406463,000001B1,false,Rx,0,8,EE,A5,0C,00,72,00,00,00,
10406836,000001B2,false,Rx,0,8,23,00,04,B7,0F,08,50,10,
10406921,000001B3,false,Rx,0,8,10,33,38,00,5A,7B,6A,7D,
10407310,000001B4,false,Rx,0,8,65,7D,10,00,00,41,00,00,
10409629,00000121,false,Rx,0,8,B0,A1,FA,00,00,00,00,05,
10409759,00000122,false,Rx,0,8,FF,D9,67,1F,46,47,46,45,
10409950,00000123,false,Rx,0,8,B6,02,00,00,00,00,01,00,
10410000,00000124,false,Rx,0,8,00,00,0A,00,00,00,20,40,
10410116,000001AB,false,Rx,0,8,59,E2,9B,50,70,50,00,00,
10410502,000001AC,false,Rx,0,8,00,28,00,00,00,00,00,00,
10412543,000003B0,false,Rx,0,8,72,37,FF,C7,00,00,03,C0,
10416624,0000010B,false,Rx,0,8,63,85,04,00,00,00,00,05,
10416717,0000010C,false,Rx,0,8,FF,F9,E7,1F,46,4F,48,48,
10417143,0000010D,false,Rx,0,8,B5,02,00,00,00,00,01,00,
10417231,0000010E,false,Rx,0,8,00,00,1E,00,00,C0,AB,57,
10420414,000003B2,false,Rx,0,8,36,15,FF,02,29,2F,34,00,
10421126,00000161,false,Rx,0,8,67,09,DF,03,00,00,00,02,
10421245,0000011B,false,Rx,0,8,6C,0B,BE,05,80,08,28,02,
10421652,00000162,false,Rx,0,8,FF,FC,01,00,00,00,00,00,
10422007,0000011C,false,Rx,0,8,00,05,20,00,22,00,01,01,
10422142,0000012B,false,Rx,0,8,8A,5B,BE,06,00,00,08,00,
10422463,0000012C,false,Rx,0,8,00,00,01,00,00,64,00,00,
10423003,00000405,false,Rx,0,8,D2,10,00,00,00,01,00,00,
10423119,00000410,false,Rx,0,8,6A,60,57,3C,DE,6A,FF,FF,
10423188,00000411,false,Rx,0,8,04,D1,50,51,00,00,44,04,
10423432,00000412,false,Rx,0,8,CC,E0,00,00,00,00,00,00,
10423690,00000413,false,Rx,0,8,08,60,00,00,00,00,00,00,
10423946,00000414,false,Rx,0,8,41,70,00,00,28,00,00,00,
10424228,00000416,false,Rx,0,8,55,00,00,00,00,00,00,00,
10424466,00000417,false,Rx,0,8,20,E0,00,00,00,00,00,00,
10424791,00000418,false,Rx,0,8,07,C0,00,00,14,0C,00,00,
10425217,00000419,false,Rx,0,8,34,80,26,D5,31,87,90,00,
10428797,00000036,false,Rx,0,8,12,AB,19,51,00,00,25,05,
10428900,00000037,false,Rx,0,8,30,00,00,10,00,40,00,00,
10429046,00000038,false,Rx,0,8,04,00,00,00,60,39,96,D4,
10429363,00000039,false,Rx,0,8,00,00,00,00,00,00,00,00,
10430021,00000380,false,Rx,0,8,96,92,03,08,08,08,08,01,
10430394,0000019B,false,Rx,0,8,25,EB,0F,00,00,E4,00,00,
10430546,0000019C,false,Rx,0,8,40,20,00,00,00,00,0B,09,
10430834,0000019D,false,Rx,0,8,00,10,00,01,00,00,00,00,
10431051,0000019E,false,Rx,0,8,15,00,00,00,00,32,00,00,
10431516,000001A1,false,Rx,0,8,35,E8,DF,FE,F7,7F,64,00,
10431747,000001A2,false,Rx,0,8,44,00,00,00,27,08,00,00,
10432189,00000427,false,Rx,0,8,1D,86,FF,00,80,0A,00,00,
10432589,000001A3,false,Rx,0,8,FF,F3,3F,00,00,00,00,00,
10432908,000001A4,false,Rx,0,8,FE,07,00,00,00,00,00,00,
10433188,000001F1,false,Rx,0,8,8C,E7,EB,01,00,00,28,00,
10433253,000001F2,false,Rx,0,8,00,00,00,00,00,00,00,00,
10435096,000003A1,false,Rx,0,8,2E,E9,B4,00,FF,FF,FF,FF,
10435208,000003A2,false,Rx,0,8,00,00,00,00,00,00,00,00,
10447832,00000061,false,Rx,0,8,FD,4C,99,00,00,00,00,00,
10447939,00000062,false,Rx,0,8,02,02,00,02,40,FF,00,FF,
10448362,00000063,false,Rx,0,8,00,00,05,00,00,08,FD,00,
10448435,00000064,false,Rx,0,8,00,00,00,04,FF,FA,00,00,
10448847,000000A1,false,Rx,0,8,22,76,99,57,61,02,8A,00,
10449201,000000A2,false,Rx,0,8,00,00,00,00,00,00,00,00,
10449515,000000A3,false,Rx,0,8,00,40,01,00,00,00,00,00,
10449871,000000FF,false,Rx,0,8,CB,10,00,00,00,00,02,00,
10450746,00000394,false,Rx,0,8,2A,22,1A,49,00,00,00,00,
10450917,000003C3,false,Rx,0,8,45,10,31,30,36,00,00,00,
10451061,000003E0,false,Rx,0,8,01,70,01,00,54,03,00,00,
10452117,000003E5,false,Rx,0,8,8E,90,01,00,00,00,00,00,
10452225,000003E6,false,Rx,0,8,7F,00,00,00,00,00,00,00,
10452277,0000041A,false,Rx,0,8,95,40,12,00,00,00,00,00,
10452966,0000041B,false,Rx,0,8,60,30,00,00,00,00,00,00,
10453236,0000041C,false,Rx,0,8,E9,80,E0,00,00,00,00,00,
10453702,00000422,false,Rx,0,8,EA,C0,01,00,00,00,04,00,
10454217,00000432,false,Rx,0,8,03,20,02,00,00,00,00,00,
10455348,00000435,false,Rx,0,8,9F,D0,00,40,00,00,00,00,
10455456,00000442,false,Rx,0,8,CE,20,11,81,00,00,00,00,
10455633,00000444,false,Rx,0,8,6C,30,20,50,55,50,00,00,
10455879,00000445,false,Rx,0,8,D6,20,00,00,00,00,00,18,
10456266,00000464,false,Rx,0,8,B2,70,F0,FF,38,7F,05,00,
10456516,00000487,false,Rx,1,8,00,00,00,00,00,00,00,00,
10456935,00000642,false,Rx,1,8,FF,FF,FF,FF,FF,FF,00,00,
10459949,00000121,false,Rx,0,8,CF,8D,FF,00,00,00,00,05,
10460194,00000122,false,Rx,0,8,FF,D9,67,1F,46,47,46,45,
10460278,00000123,false,Rx,0,8,B6,02,00,00,00,00,01,00,
10460326,00000124,false,Rx,0,8,00,00,0A,00,00,00,20,40,
10466639,0000010B,false,Rx,0,8,6E,43,09,00,00,00,00,05,
10466731,0000010C,false,Rx,0,8,FF,F9,E7,1F,46,4F,48,48,
10467139,0000010D,false,Rx,0,8,B5,02,00,00,00,00,01,00,
10467228,0000010E,false,Rx,0,8,00,00,1E,00,00,C0,AB,57,
10471458,0000011B,false,Rx,0,8,29,DB,C3,05,80,08,28,02,
10471548,0000012B,false,Rx,0,8,CF,8B,C3,06,00,00,08,00,
10471961,0000011C,false,Rx,0,8,00,05,20,00,22,00,01,01,
10472067,0000012C,false,Rx,0,8,00,00,01,00,00,64,00,00,
10472322,00000401,false,Rx,0,8,C6,10,10,00,00,04,00,00,
10473587,00000091,false,Rx,0,8,30,DA,9D,26,06,00,00,00,
10473694,00000092,false,Rx,0,8,28,00,00,00,80,02,00,00,
10474161,00000093,false,Rx,0,8,00,00,00,00,00,00,00,00,
10474523,00000094,false,Rx,0,8,00,00,00,00,00,00,00,00,
10477800,000001E6,false,Rx,0,8,7B,E0,34,02,00,00,00,00,
10478039,000001E7,false,Rx,0,8,00,00,22,03,20,01,00,00,
10478125,000001BB,false,Rx,0,8,15,8B,34,02,00,00,00,0A,
10478181,000001BC,false,Rx,0,8,32,00,00,00,02,00,00,00,
10478236,000001BD,false,Rx,0,8,00,00,00,00,00,00,00,00,
10478646,00000036,false,Rx,0,8,E1,35,1E,51,00,00,25,05,
10478953,00000037,false,Rx,0,8,30,00,00,10,00,40,00,00,
10479079,00000038,false,Rx,0,8,04,00,00,00,60,39,96,D4,
10479546,00000039,false,Rx,0,8,00,00,00,00,00,00,00,00,
10479647,000003AA,false,Rx,0,8,FF,00,D0,00,54,00,00,00,
10480636,000003B6,false,Rx,0,8,F0,5F,CC,00,00,00,00,46,
10480915,0000019B,false,Rx,0,8,58,2E,14,00,00,E4,00,00,
10481011,000003B7,false,Rx,0,8,46,00,00,00,00,00,00,00,
10481129,0000019C,false,Rx,0,8,40,20,00,00,00,00,0B,09,
10481185,000003B8,false,Rx,0,8,B2,02,00,00,00,00,69,0E,
10481332,0000019D,false,Rx,0,8,00,10,00,01,00,00,00,00,
10481708,000002D6,false,Rx,0,8,41,36,CC,00,00,00,00,00,
10482032,0000019E,false,Rx,0,8,15,00,00,00,00,32,00,00,
10482137,000002D7,false,Rx,0,8,00,00,00,00,03,00,00,00,
10482341,000002EB,false,Rx,0,8,78,82,CC,07,08,01,00,02,
10482966,000002D8,false,Rx,0,8,00,00,00,00,00,00,38,47,
10483310,000002EC,false,Rx,0,8,07,00,CF,00,59,00,00,00,
10483386,000002D9,false,Rx,0,8,00,00,00,00,00,00,00,00,
10483641,000002ED,false,Rx,0,8,00,00,00,00,00,00,00,00,
10483987,000003B9,false,Rx,0,8,00,00,00,00,00,00,00,00,
10484088,000002EE,false,Rx,0,8,00,00,00,00,00,00,00,00,
10484185,00000495,false,Rx,0,8,49,00,00,00,00,00,00,00,
10485345,00000561,false,Rx,0,8,63,02,00,00,00,00,FF,FF,
10489353,00000251,false,Rx,0,8,75,50,9A,00,00,00,00,00,
10489467,00000252,false,Rx,0,8,00,00,1B,1B,03,00,00,00,
10489620,00000253,false,Rx,0,8,00,00,00,58,58,00,80,4D,
10489885,000002AB,false,Rx,0,8,7A,8A,9D,0C,0C,00,00,00,
10490268,000003B1,false,Rx,0,8,C1,DE,00,80,00,00,20,00,
10490603,000002AC,false,Rx,0,8,00,FF,FF,00,00,40,00,54,
10490907,000002AD,false,Rx,0,8,00,01,00,40,FF,FF,FF,0F,
10491111,000002AE,false,Rx,0,8,01,00,FF,3F,01,01,00,00,
10491174,000002B6,false,Rx,0,8,C0,AC,9D,01,00,00,00,40,
10491428,000002B7,false,Rx,0,8,9F,00,50,1C,00,04,00,00,
10491654,000002B8,false,Rx,0,8,FF,F8,10,00,00,00,00,00,
10491938,000002B9,false,Rx,0,8,0A,00,00,00,00,00,00,00,
10492174,000002C1,false,Rx,0,8,B3,7C,CF,21,00,41,00,D4,
10492648,000002FF,false,Rx,0,8,D4,CB,00,71,02,00,00,00,
10492983,000002C2,false,Rx,0,8,27,00,00,00,00,00,00,00,
10493293,00000316,false,Rx,0,8,62,42,76,34,06,80,0A,00,
10493556,000002C3,false,Rx,0,8,00,00,00,00,00,00,00,00,
10493673,00000317,false,Rx,0,8,00,00,05,00,00,00,00,00,
10493943,000002C4,false,Rx,0,8,00,00,00,00,00,00,00,00,
10494000,0000033B,false,Rx,0,8,22,E0,9C,00,00,00,00,00,
10494291,000002E1,false,Rx,0,8,46,E7,9D,00,00,00,00,40,
10494444,0000033C,false,Rx,0,8,00,00,00,00,F0,00,00,00,
10494663,000002E2,false,Rx,0,8,FD,00,00,00,00,14,00,04,
10495210,0000033D,false,Rx,0,8,00,00,00,00,00,00,00,00,
10495572,000002E3,false,Rx,0,8,00,00,00,00,00,00,72,01,
10495671,0000033E,false,Rx,0,8,00,00,00,00,00,00,00,00,
10495948,000002E4,false,Rx,0,8,02,00,00,00,00,00,00,00,
10496039,00000356,false,Rx,0,8,B2,6D,CE,00,00,00,00,00,
10496132,00000472,false,Rx,0,8,5C,EC,00,40,08,41,00,45,
10496328,00000357,false,Rx,0,8,00,00,00,00,00,4B,4D,48,
10496716,00000473,false,Rx,0,8,5F,24,00,25,00,00,00,78,
10497031,00000358,false,Rx,0,8,35,41,45,4D,52,37,33,4F,
10497332,00000474,false,Rx,0,8,91,72,00,00,00,00,00,08,
10497620,00000359,false,Rx,0,8,51,4F,34,52,4A,35,33,00,
10497715,00000146,false,Rx,0,8,AA,BA,11,10,04,05,00,00,
10498022,00000061,false,Rx,0,8,0E,D2,9E,00,00,00,00,00,
10498248,00000147,false,Rx,0,8,01,04,7D,00,40,46,07,00,
10498313,00000062,false,Rx,0,8,02,02,00,02,40,FF,00,FF,
10498566,00000148,false,Rx,0,8,00,00,42,00,1E,89,40,05,
10499264,000004A3,false,Rx,1,8,80,00,48,0B,3E,00,00,00,
10499654,00000063,false,Rx,0,8,00,00,05,00,00,08,FD,00,
10499988,00000149,false,Rx,0,8,00,38,00,CC,00,00,00,00,
10500266,000004A4,false,Rx,1,8,FF,FF,FF,00,00,00,00,00,
10500599,00000064,false,Rx,0,8,00,00,00,04,FF,FA,00,00,
10500677,000000A1,false,Rx,0,8,2B,F3,9E,57,61,02,8A,00,
10500964,000000A2,false,Rx,0,8,00,00,00,00,00,00,00,00,
10501322,000000A3,false,Rx,0,8,00,40,01,00,00,00,00,00,
10503012,0000036F,false,Rx,0,8,38,D1,01,00,00,00,00,00,
10503593,00000111,false,Rx,0,8,9C,A5,FC,01,00,00,00,00,
10503695,0000037F,false,Rx,0,8,93,40,52,24,41,02,00,00,
10503927,00000112,false,Rx,0,8,00,00,00,00,00,00,00,00,
10504016,00000113,false,Rx,0,8,00,00,00,00,00,00,00,00,
10504294,00000114,false,Rx,0,8,00,00,00,00,00,00,00,00,
10506680,000001B1,false,Rx,0,8,26,A7,11,00,72,00,00,00,
10507048,000001B2,false,Rx,0,8,23,00,04,B7,0F,08,50,10,
10507147,000001B3,false,Rx,0,8,10,33,38,00,5A,7B,6A,7D,
10507247,000001B4,false,Rx,0,8,65,7D,10,00,00,41,00,00,
10509592,00000121,false,Rx,0,8,76,72,04,00,00,00,00,05,
10509723,00000122,false,Rx,0,8,FF,D9,67,1F,46,48,46,45,
10509931,00000123,false,Rx,0,8,B6,02,00,00,00,00,01,00,
10509994,00000124,false,Rx,0,8,00,00,0A,00,00,00,20,40,
10510136,000001AB,false,Rx,0,8,8F,7E,A0,50,70,50,00,00,
10510484,000001AC,false,Rx,0,8,00,28,00,00,00,00,00,00,
10516628,0000010B,false,Rx,0,8,9D,DD,0E,00,00,00,00,05,
10516719,0000010C,false,Rx,0,8,FF,F9,E7,1F,46,4F,48,48,
10517166,0000010D,false,Rx,0,8,B5,02,00,00,00,00,01,00,
10517492,0000010E,false,Rx,0,8,00,00,1E,00,00,C0,AB,57,
10521273,0000011B,false,Rx,0,8,E1,22,C8,05,80,08,28,02,
10521365,0000012B,false,Rx,0,8,07,72,C8,06,00,00,08,00,
10521794,0000011C,false,Rx,0,8,00,05,20,00,22,00,01,01,
10521864,0000012C,false,Rx,0,8,00,00,01,00,00,64,00,00,
10522185,000001E1,false,Rx,0,8,C6,1E,28,02,00,00,00,00,
10522551,00000161,false,Rx,0,8,B1,95,E4,03,00,00,00,02,
10522822,000001E2,false,Rx,0,8,00,00,00,00,00,00,00,00,
10522915,00000162,false,Rx,0,8,FF,FC,01,00,00,00,00,00,
10524435,0000030B,false,Rx,0,8,F4,74,9C,00,04,00,00,00,
10524532,0000030C,false,Rx,0,8,00,00,0E,00,2C,00,A0,0F,
10524946,0000030D,false,Rx,0,8,00,00,00,00,44,00,00,00,
10525301,0000030E,false,Rx,0,8,00,00,18,05,21,00,00,02,
10528775,00000036,false,Rx,0,8,82,AE,23,51,00,00,25,05,
10528892,00000037,false,Rx,0,8,30,00,00,10,00,40,00,00,
10529349,00000038,false,Rx,0,8,04,00,00,00,60,39,96,D4,
10529649,00000039,false,Rx,0,8,00,00,00,00,00,00,00,00,
10530465,0000019B,false,Rx,0,8,55,E8,19,00,00,E4,00,00,
10530642,0000019C,false,Rx,0,8,40,20,00,00,00,00,0B,09,
10530820,0000019D,false,Rx,0,8,00,10,00,01,00,00,00,00,
10531491,00000475,false,Rx,0,8,12,00,00,00,00,00,00,00,
10531612,0000019E,false,Rx,0,8,15,00,00,00,00,32,00,00,
10531910,000001A1,false,Rx,0,8,E3,B4,E4,FE,F7,7F,64,00,
10532278,00000496,false,Rx,0,8,12,00,00,00,00,00,00,00,
10532441,000001A2,false,Rx,0,8,44,00,00,00,27,08,00,00,
10532513,000001A3,false,Rx,0,8,FF,F3,3F,00,00,00,00,00,
10532589,000001A4,false,Rx,0,8,FE,07,00,00,00,00,00,00,
10533217,00000383,false,Rx,0,8,5A,53,00,10,01,00,00,00,
10541067,00000448,false,Rx,0,8,DE,80,00,00,00,00,00,00,
10542028,000001FB,false,Rx,0,8,FA,D4,94,00,00,00,00,00,
10542142,000001FC,false,Rx,0,8,00,00,00,00,00,00,00,00,
10542377,000001FD,false,Rx,0,8,00,1A,03,00,00,00,00,00,
10542509,000001FE,false,Rx,0,8,00,00,00,00,00,00,00,00,
10547851,00000061,false,Rx,0,8,6D,49,A3,00,00,00,00,00,
10547950,00000062,false,Rx,0,8,02,02,00,02,40,FF,00,FF,
10548365,00000063,false,Rx,0,8,00,00,05,00,00,08,FD,00,
10548451,00000064,false,Rx,0,8,00,00,00,04,FF,FA,00,00,
10548835,000000A1,false,Rx,0,8,E8,70,A3,57,61,02,8A,00,
10549072,000000A2,false,Rx,0,8,00,00,00,00,00,00,00,00,
10549202,000000A3,false,Rx,0,8,00,40,01,00,00,00,00,00,
10550486,00000382,false,Rx,0,8,2B,FE,21,00,00,05,09,00,
10556481,000002BF,false,Rx,0,8,FF,FF,FF,00,00,00,00,00,
10556574,0000047F,false,Rx,0,8,F0,FC,FF,FF,FF,FF,FF,FF,
10556995,00000653,false,Rx,0,8,0A,19,03,01,02,2A,00,00,
10557462,00000236,false,Rx,0,8,E6,BA,9B,00,34,6C,AE,62,
10557737,00000237,false,Rx,0,8,00,15,47,00,00,1E,1B,00,
10557795,00000238,false,Rx,0,8,00,00,72,00,00,00,00,00,
10558262,00000239,false,Rx,0,8,00,00,00,00,01,00,00,00,
10559433,00000121,false,Rx,0,8,8D,72,09,00,00,00,00,05,
10559543,00000122,false,Rx,0,8,FF,D9,67,1F,46,47,46,45,
10559953,000001F6,false,Rx,0,8,EB,91,9B,00,00,00,00,0E,
10560317,00000123,false,Rx,0,8,B6,02,00,00,00,00,01,00,
10560436,000001F7,false,Rx,0,8,26,00,DA,02,00,00,00,00,
10561004,00000124,false,Rx,0,8,00,00,0A,00,00,00,20,40,
10561120,000001F8,false,Rx,0,8,00,5E,01,45,01,00,00,00,
10561424,00000151,false,Rx,0,8,A0,4D,9B,64,C8,00,28,18,
10561709,000001F9,false,Rx,0,8,4B,00,64,C8,14,00,4B,00,
10561778,00000152,false,Rx,0,8,14,17,17,00,51,00,00,00,
10562364,0000025B,false,Rx,0,8,25,03,9B,40,40,20,00,00,
10562753,00000153,false,Rx,0,8,00,00,00,00,00,00,00,00,
10563061,0000025C,false,Rx,0,8,00,00,26,00,B4,2C,19,00,
10563344,00000154,false,Rx,0,8,00,00,00,00,00,00,00,00,
10563444,0000025D,false,Rx,0,8,00,C8,00,00,00,80,C0,70,
10563762,000002FB,false,Rx,0,8,EC,9B,9B,04,72,1A,B4,B4,
10564068,0000025E,false,Rx,0,8,02,07,0E,01,00,00,46,00,
10564181,000002FC,false,Rx,0,8,0F,00,14,18,00,00,8E,43,
10564329,000002FD,false,Rx,0,8,00,00,00,00,00,1C,13,EA,
10564410,000002FE,false,Rx,0,8,00,00,72,01,00,28,C8,02,
10564735,00000326,false,Rx,0,8,92,E6,9B,00,00,00,00,00,
10565303,00000327,false,Rx,0,8,00,00,00,00,05,00,00,00,
10565392,00000328,false,Rx,0,8,DA,02,4B,00,00,5E,01,00,
10565672,00000329,false,Rx,0,8,64,45,01,00,00,00,00,00,
10565800,00000331,false,Rx,0,8,B1,43,9B,F1,C8,A0,2C,97,
10565854,00000332,false,Rx,0,8,E8,08,FC,03,00,00,00,00,
10565911,00000333,false,Rx,0,8,00,00,00,1C,0C,40,20,64,
10566005,00000334,false,Rx,0,8,C8,00,00,00,08,44,F4,8F,
10566760,0000010B,false,Rx,0,8,55,DF,13,00,00,00,00,05,
10567323,0000010C,false,Rx,0,8,FF,F9,E7,1F,46,4F,48,48,
10567425,0000010D,false,Rx,0,8,B5,02,00,00,00,00,01,00,
10567726,0000010E,false,Rx,0,8,00,00,1E,00,00,C0,AB,57,
10570069,000000C5,false,Rx,1,8,00,00,00,00,00,00,00,00,
10571242,00000244,false,Rx,1,8,FF,FF,FF,FF,FF,FF,FF,FF,
10571765,000004B4,false,Rx,1,8,00,00,05,40,10,70,04,00,
10572011,000004B5,false,Rx,1,8,08,00,F0,07,00,00,00,00,
10572132,000004B7,false,Rx,1,8,08,00,F0,07,00,00,00,00,
10572209,000004CA,false,Rx,1,8,00,00,00,00,00,00,00,00,
10572400,0000011B,false,Rx,0,8,17,0A,CD,05,80,08,28,02,
10572471,0000012B,false,Rx,0,8,F1,5A,CD,06,00,00,08,00,
10572514,0000011C,false,Rx,0,8,00,05,20,00,22,00,01,01,
10572771,000004CC,false,Rx,1,8,08,00,00,06,00,00,03,00,
10572864,0000012C,false,Rx,0,8,00,00,01,00,00,64,00,00,
10572927,000004CE,false,Rx,1,8,DE,01,00,00,00,00,F8,FF,
10572999,000004D7,false,Rx,1,8,23,01,00,00,00,00,00,00,
10573064,000004D8,false,Rx,1,8,41,10,F0,F0,40,F2,1E,CC,
10573126,000004DD,false,Rx,1,8,00,00,FE,00,04,00,00,00,
10573678,000004DF,false,Rx,1,8,00,00,08,00,00,00,00,00,
10573985,00000091,false,Rx,0,8,FA,31,9E,26,06,00,00,00,
10574295,000004E7,false,Rx,1,8,00,30,00,00,00,00,69,00,
10575241,00000092,false,Rx,0,8,28,00,00,00,80,02,00,00,
10575603,00000093,false,Rx,0,8,00,00,00,00,00,00,00,00,
10575693,000004E8,false,Rx,1,8,FF,FF,FF,05,FF,FF,FF,00,
10575795,00000094,false,Rx,0,8,00,00,00,00,00,00,00,00,
10575859,000004E9,false,Rx,1,8,12,00,00,34,00,00,50,00,
10576032,000004EA,false,Rx,1,8,67,00,00,89,00,00,00,00,
10576454,000004EB,false,Rx,1,8,02,80,16,14,80,00,00,00,
10576714,000004EC,false,Rx,1,8,00,00,00,00,00,00,00,00,
10577019,000004ED,false,Rx,1,8,00,00,00,00,00,FF,FF,1F,
10577310,000004EE,false,Rx,1,8,FF,FF,00,00,00,00,00,00,
10577574,000004EF,false,Rx,1,8,60,00,60,00,2B,14,00,00,
10577883,00000563,false,Rx,1,8,65,02,00,00,00,00,FF,FF,
10578009,0000063D,false,Rx,1,8,00,80,00,00,00,00,00,00,
10578121,0000063E,false,Rx,1,8,FF,FF,FF,FF,FF,FF,FF,FF,
10578377,0000063F,false,Rx,1,8,00,10,00,C4,FF,00,00,00,
10578689,00000640,false,Rx,1,8,FF,FF,FF,00,FF,FF,FF,00,
10579106,00000036,false,Rx,0,8,3A,AF,28,51,00,00,25,05,
10579224,00000641,false,Rx,1,8,FF,FF,FF,FF,0F,FF,FF,FF,
10579381,0000048B,false,Rx,0,8,1B,18,C3,1E,01,00,00,00,
10579532,00000037,false,Rx,0,8,30,00,00,10,00,40,00,00,
10579587,00000646,false,Rx,1,8,00,00,00,80,01,00,00,00,
10579638,0000048C,false,Rx,0,8,00,00,00,00,00,00,00,00,
10579690,00000038,false,Rx,0,8,04,00,00,00,60,39,96,D4,
10580000,00000256,false,Rx,0,8,C6,D2,9A,15,40,00,00,01,
10580168,00000039,false,Rx,0,8,00,00,00,00,00,00,00,00,
10580409,0000019B,false,Rx,0,8,A6,76,1E,00,00,E4,00,00,
10581069,00000257,false,Rx,0,8,00,94,41,1A,85,07,00,94,
10581427,0000019C,false,Rx,0,8,40,20,00,00,00,00,0B,09,
10581510,00000258,false,Rx,0,8,36,F1,1A,00,10,15,00,28,
10582100,0000019D,false,Rx,0,8,00,10,00,01,00,00,00,00,
10582412,00000259,false,Rx,0,8,66,05,8E,3C,4C,02,00,00,
10582477,0000019E,false,Rx,0,8,15,00,00,00,00,32,00,00,
10582752,000002E6,false,Rx,0,8,53,79,9A,01,00,00,00,15,
10583149,00000384,false,Rx,0,8,BA,56,0D,01,00,FF,00,24,
10583463,000001F1,false,Rx,0,8,7A,CF,EE,01,00,00,28,00,
10583994,000002E7,false,Rx,0,8,0A,00,00,00,00,00,00,00,
10584168,000001F2,false,Rx,0,8,00,00,00,00,00,00,00,00,
10584481,000002E8,false,Rx,0,8,00,00,00,00,00,00,00,00,
10584790,000002E9,false,Rx,0,8,00,00,00,00,00,00,00,00,
10590074,0000042A,false,Rx,0,8,8E,83,0C,02,00,10,00,00,
10591337,00000396,false,Rx,0,8,1C,82,CD,0F,08,02,00,02,
10591429,00000397,false,Rx,0,8,67,00,43,10,3F,07,00,00,
10591688,00000398,false,Rx,0,8,00,00,00,00,00,00,00,00,
10591785,00000226,false,Rx,0,8,D6,F1,ED,FF,63,60,09,42,
10592512,00000227,false,Rx,0,8,02,94,00,09,03,F1,9F,03,
10597515,00000146,false,Rx,0,8,59,24,16,10,04,05,00,00,
10597608,00000147,false,Rx,0,8,01,04,7D,00,40,46,07,00,
10598015,00000061,false,Rx,0,8,D5,48,A8,00,00,00,00,00,
10598094,00000148,false,Rx,0,8,00,00,42,00,1E,89,40,05,
10598460,00000062,false,Rx,0,8,02,02,00,02,40,FF,00,FF,
10598756,00000149,false,Rx,0,8,00,38,00,CC,00,00,00,00,
10598862,00000063,false,Rx,0,8,00,00,05,00,00,08,FD,00,
10599171,00000064,false,Rx,0,8,00,00,00,04,FF,FA,00,00,
10599824,000000A1,false,Rx,0,8,D4,81,A8,57,61,02,8A,00,
10600170,000000A2,false,Rx,0,8,00,00,00,00,00,00,00,00,
10600377,000000A3,false,Rx,0,8,00,40,01,00,00,00,00,00,
10602706,0000036F,false,Rx,0,8,EE,E1,01,00,00,00,00,00,
10602807,0000037F,false,Rx,0,8,2A,50,52,24,41,02,00,00,
10606461,000001B1,false,Rx,0,8,D5,39,16,00,72,00,00,00,
10606564,000001B2,false,Rx,0,8,23,00,04,B7,0F,08,50,10,
10606984,000001B3,false,Rx,0,8,10,33,38,00,5A,7B,6A,7D,
10607317,000001B4,false,Rx,0,8,65,7D,10,00,00,41,00,00,
10609376,00000121,false,Rx,0,8,88,2A,0E,00,00,00,00,05,
10609478,00000122,false,Rx,0,8,FF,D9,67,1F,46,48,46,45,
10609949,00000123,false,Rx,0,8,B6,02,00,00,00,00,01,00,
10610262,00000124,false,Rx,0,8,00,00,0A,00,00,00,20,40,
10610336,000001AB,false,Rx,0,8,79,56,A5,50,70,50,00,00,
10610764,000001AC,false,Rx,0,8,00,28,00,00,00,00,00,00,
10611995,0000034B,false,Rx,0,8,0B,CF,C3,31,D8,0D,05,01,
10612116,0000034C,false,Rx,0,8,00,00,00,00,00,00,00,00,
10612462,0000034D,false,Rx,0,8,00,00,00,00,00,00,00,00,
10612569,0000034E,false,Rx,0,8,00,00,00,00,00,00,00,00,
10612931,000003B0,false,Rx,0,8,72,37,FF,C7,00,00,03,C0,
10616636,0000010B,false,Rx,0,8,ED,DE,18,00,00,00,00,05,
10616729,0000010C,false,Rx,0,8,FF,F9,E7,1F,46,4F,48,48,
10617170,0000010D,false,Rx,0,8,B5,02,00,00,00,00,01,00,
10617502,0000010E,false,Rx,0,8,00,00,1E,00,00,C0,AB,57,
10620325,000003B2,false,Rx,0,8,36,15,FF,02,29,2F,34,00,
10621275,0000011B,false,Rx,0,8,07,50,D2,05,80,08,28,02,
10621396,0000012B,false,Rx,0,8,E1,00,D2,06,00,00,08,00,
10621667,0000011C,false,Rx,0,8,00,05,20,00,22,00,01,01,
10621799,0000012C,false,Rx,0,8,00,00,01,00,00,64,00,00,
10622114,00000161,false,Rx,0,8,C2,AC,E9,03,00,00,00,02,
10622425,00000162,false,Rx,0,8,FF,FC,01,00,00,00,00,00,
10622549,00000405,false,Rx,0,8,D2,10,00,00,00,01,00,00,
10622817,00000410,false,Rx,0,8,6A,60,57,3C,DE,6A,FF,FF,
10623076,00000411,false,Rx,0,8,04,D1,50,51,00,00,44,04,
10623375,00000412,false,Rx,0,8,CC,E0,00,00,00,00,00,00,
10623768,00000413,false,Rx,0,8,08,60,00,00,00,00,00,00,
10624037,00000414,false,Rx,0,8,41,70,00,00,28,00,00,00,
10624311,00000416,false,Rx,0,8,55,00,00,00,00,00,00,00,
10624586,00000417,false,Rx,0,8,20,E0,00,00,00,00,00,00,
10624844,00000418,false,Rx,0,8,07,C0,00,00,14,0C,00,00,
10625174,00000419,false,Rx,0,8,34,80,26,D5,31,87,90,00,
10627351,000001E6,false,Rx,0,8,36,08,37,02,00,00,00,00,
10627467,000001BB,false,Rx,0,8,10,D2,37,02,00,00,00,0A,
10627863,000001BC,false,Rx,0,8,32,00,00,00,02,00,00,00,
10627933,000001BD,false,Rx,0,8,00,00,00,00,00,00,00,00,
10628274,000001E7,false,Rx,0,8,00,00,22,03,20,01,00,00,
10628720,00000036,false,Rx,0,8,45,83,2D,51,00,00,25,05,
10629294,00000037,false,Rx,0,8,30,00,00,10,00,40,00,00,
10629629,00000038,false,Rx,0,8,04,00,00,00,60,39,96,D4,
10629713,00000039,false,Rx,0,8,00,00,00,00,00,00,00,00,
10630297,00000380,false,Rx,0,8,96,92,03,08,08,08,08,01,
10630653,0000019B,false,Rx,0,8,C5,ED,23,00,00,E4,00,00,
10630934,0000019C,false,Rx,0,8,40,20,00,00,00,00,0B,09,
10631045,0000019D,false,Rx,0,8,00,10,00,01,00,00,00,00,
10631432,0000019E,false,Rx,0,8,15,00,00,00,00,32,00,00,
10631763,000001A1,false,Rx,0,8,EE,72,E9,FE,F7,7F,64,00,
10632025,000001A2,false,Rx,0,8,44,00,00,00,27,08,00,00,
10632356,00000427,false,Rx,0,8,1D,86,FF,00,80,0A,00,00,
10632444,000001A3,false,Rx,0,8,FF,F3,3F,00,00,00,00,00,
10632737,000001A4,false,Rx,0,8,FE,07,00,00,00,00,00,00,
10634939,000003A1,false,Rx,0,8,0A,41,B5,00,FF,FF,FF,FF,
10635047,000003A2,false,Rx,0,8,00,00,00,00,00,00,00,00,
10647806,00000061,false,Rx,0,8,AA,64,AD,00,00,00,00,00,
10647910,00000062,false,Rx,0,8,02,02,00,02,40,FF,00,FF,
10648319,00000063,false,Rx,0,8,00,00,05,00,00,08,FD,00,
10648713,00000064,false,Rx,0,8,00,00,00,04,FF,FA,00,00,
10648834,000000A1,false,Rx,0,8,DB,6A,AD,57,61,02,8A,00,
10649184,000000A2,false,Rx,0,8,00,00,00,00,00,00,00,00,
10649323,000000A3,false,Rx,0,8,00,40,01,00,00,00,00,00,
10649846,000000FF,false,Rx,0,8,CB,10,00,00,00,00,02,00,
10650549,00000394,false,Rx,0,8,2A,22,1A,49,00,00,00,00,
10650874,000003C3,false,Rx,0,8,45,10,31,30,36,00,00,00,
10651138,000003E0,false,Rx,0,8,01,70,01,00,54,03,00,00,
10652058,000003E5,false,Rx,0,8,8E,90,01,00,00,00,00,00,
10652199,000003E6,false,Rx,0,8,7F,00,00,00,00,00,00,00,
10652512,0000041A,false,Rx,0,8,95,40,12,00,00,00,00,00,
10652928,0000041B,false,Rx,0,8,60,30,00,00,00,00,00,00,
10653421,0000041C,false,Rx,0,8,E9,80,E0,00,00,00,00,00,
10653553,00000422,false,Rx,0,8,EA,C0,01,00,00,00,04,00,
10654141,00000432,false,Rx,0,8,03,20,02,00,00,00,00,00,
10654505,00000435,false,Rx,0,8,9F,D0,00,40,00,00,00,00,
10655029,00000442,false,Rx,0,8,CE,20,11,81,00,00,00,00,
10655374,00000444,false,Rx,0,8,6C,30,20,50,55,50,00,00,
10655709,00000445,false,Rx,0,8,D6,20,00,00,00,00,00,18,
10656270,00000464,false,Rx,0,8,B2,70,F0,FF,38,7F,05,00,
10658669,00000487,false,Rx,1,8,00,00,00,00,00,00,00,00,
10658780,00000642,false,Rx,1,8,FF,FF,FF,FF,FF,FF,00,00,
10659726,00000121,false,Rx,0,8,B6,EE,13,00,00,00,00,05,
10659834,00000122,false,Rx,0,8,FF,D9,67,1F,46,47,46,45,
10660205,00000123,false,Rx,0,8,B6,02,00,00,00,00,01,00,
10660275,00000124,false,Rx,0,8,00,00,0A,00,00,00,20,40,
10666630,0000010B,false,Rx,0,8,92,F2,1D,00,00,00,00,05,
10666722,0000010C,false,Rx,0,8,FF,F9,E7,1F,46,4F,48,48,
10667138,0000010D,false,Rx,0,8,B5,02,00,00,00,00,01,00,
10667223,0000010E,false,Rx,0,8,00,00,1E,00,00,C0,AB,57,
10670990,00000565,false,Rx,0,8,66,02,00,00,00,00,FF,FF,
10671526,0000011B,false,Rx,0,8,F1,78,D7,05,80,08,28,02,
10671613,0000012B,false,Rx,0,8,17,28,D7,06,00,00,08,00,
10671965,0000011C,false,Rx,0,8,00,05,20,00,22,00,01,01,
10672338,0000012C,false,Rx,0,8,00,00,01,00,00,64,00,00,
10672749,000001E1,false,Rx,0,8,8B,F6,2B,02,00,00,00,00,
10672871,00000401,false,Rx,0,8,C6,10,10,00,00,04,00,00,
10673204,000001E2,false,Rx,0,8,00,00,00,00,00,00,00,00,
10673560,00000091,false,Rx,0,8,71,96,9F,26,06,00,00,00,
10673875,00000092,false,Rx,0,8,27,00,00,00,70,02,00,00,
10674127,00000093,false,Rx,0,8,00,00,00,00,00,00,00,00,
10674228,00000094,false,Rx,0,8,00,00,00,00,00,00,00,00,
10678730,00000036,false,Rx,0,8,01,33,32,51,00,00,25,05,
10678822,00000037,false,Rx,0,8,30,00,00,10,00,40,00,00,
10679254,00000038,false,Rx,0,8,04,00,00,00,60,39,96,D4,
10679333,00000039,false,Rx,0,8,00,00,00,00,00,00,00,00,
10679717,000003AA,false,Rx,0,8,FF,00,D0,00,54,00,00,00,
10680357,000003B6,false,Rx,0,8,B6,06,CD,00,00,00,00,46,
10680553,0000019B,false,Rx,0,8,7D,EC,28,00,00,E4,00,00,
10680794,000003B7,false,Rx,0,8,46,00,00,00,00,00,00,00,
10681182,0000019C,false,Rx,0,8,40,20,00,00,00,00,0B,09,
10681720,000003B8,false,Rx,0,8,B2,02,00,00,00,00,69,0E,
10681802,0000019D,false,Rx,0,8,00,10,00,01,00,00,00,00,
10681859,000002D6,false,Rx,0,8,07,6F,CD,00,00,00,00,00,
10682204,0000019E,false,Rx,0,8,15,00,00,00,00,32,00,00,
10682268,000002D7,false,Rx,0,8,00,00,00,00,03,00,00,00,
10682540,000002EB,false,Rx,0,8,E9,4D,CD,08,08,01,00,02,
10682929,000002D8,false,Rx,0,8,00,00,00,00,00,00,38,47,
10683525,000002EC,false,Rx,0,8,02,00,CF,00,59,00,00,00,
10683619,000002D9,false,Rx,0,8,00,00,00,00,00,00,00,00,
10683914,000002ED,false,Rx,0,8,00,00,00,00,00,00,00,00,
10684182,000003B9,false,Rx,0,8,00,00,00,00,00,00,00,00,
10684271,000002EE,false,Rx,0,8,00,00,00,00,00,00,00,00,
10684555,00000495,false,Rx,0,8,49,00,00,00,00,00,00,00,
10689625,00000251,false,Rx,0,8,7F,E2,9C,00,00,00,00,00,
10689800,000004E8,false,Rx,1,8,FF,FF,FF,05,FF,FF,FF,00,
10690083,00000252,false,Rx,0,8,00,00,1B,1B,03,00,00,00,
10690190,000002AB,false,Rx,0,8,F6,38,9F,0C,0C,00,00,00,
10690236,00000253,false,Rx,0,8,00,00,00,58,58,00,80,4D,
10690669,000002AC,false,Rx,0,8,00,FF,FF,00,00,40,00,54,
10691060,000003B1,false,Rx,0,8,C1,DE,00,80,00,00,20,00,
10691201,000002AD,false,Rx,0,8,00,01,00,40,FF,FF,FF,0F,
10691955,000002AE,false,Rx,0,8,01,00,FF,3F,01,01,00,00,
10692329,000002B6,false,Rx,0,8,4C,1E,9F,01,00,00,00,40,
10692400,000002FF,false,Rx,0,8,D4,CB,00,71,02,00,00,00,
10692709,000002B7,false,Rx,0,8,9F,00,50,1C,00,04,00,00,
10692970,000002B8,false,Rx,0,8,FF,F8,10,00,00,00,00,00,
10693067,00000316,false,Rx,0,8,46,EA,77,34,06,80,0A,00,
10693129,000002B9,false,Rx,0,8,0A,00,00,00,00,00,00,00,
10693309,00000317,false,Rx,0,8,00,00,05,00,00,00,00,00,
10693397,000002C1,false,Rx,0,8,F7,CC,D0,21,00,41,00,D4,
10693759,0000033B,false,Rx,0,8,AE,52,9E,00,00,00,00,00,
10694088,000002C2,false,Rx,0,8,27,00,00,00,00,00,00,00,
10694421,0000033C,false,Rx,0,8,00,00,00,00,F0,00,00,00,
10694746,000002C3,false,Rx,0,8,00,00,00,00,00,00,00,00,
10694989,0000033D,false,Rx,0,8,00,00,00,00,00,00,00,00,
10695074,000002C4,false,Rx,0,8,00,00,00,00,00,00,00,00,
10695354,0000033E,false,Rx,0,8,00,00,00,00,00,00,00,00,
10695427,000002E1,false,Rx,0,8,CA,55,9F,00,00,00,00,40,
10695772,00000356,false,Rx,0,8,F4,34,CF,00,00,00,00,00,
10696111,000002E2,false,Rx,0,8,FD,00,00,00,00,14,00,04,
10696453,00000357,false,Rx,0,8,00,00,00,00,00,4B,4D,48,
10696738,000002E3,false,Rx,0,8,00,00,00,00,00,00,72,01,
10696797,00000358,false,Rx,0,8,35,41,45,4D,52,37,33,4F,
10696983,000002E4,false,Rx,0,8,02,00,00,00,00,00,00,00,
10697038,00000359,false,Rx,0,8,51,4F,34,52,4A,35,33,00,
10697742,00000472,false,Rx,0,8,5C,EC,00,40,08,41,00,45,
10698128,00000146,false,Rx,0,8,54,E2,1B,10,04,05,00,00,
10698476,00000061,false,Rx,0,8,EE,D4,B2,00,00,00,00,00,
10698776,00000147,false,Rx,0,8,01,04,7D,00,40,46,07,00,
10698863,00000062,false,Rx,0,8,02,02,00,02,40,FF,00,FF,
10699062,00000148,false,Rx,0,8,00,00,42,00,1E,89,40,05,
10699800,00000063,false,Rx,0,8,00,00,05,00,00,08,FD,00,
10700450,00000149,false,Rx,0,8,00,38,00,CC,00,00,00,00,
10700738,00000064,false,Rx,0,8,00,00,00,04,FF,FA,00,00,
10700914,000004A3,false,Rx,1,8,80,00,48,0B,3E,00,00,00,
10701086,00000473,false,Rx,0,8,5F,24,00,25,00,00,00,78,
10701151,000000A1,false,Rx,0,8,B8,07,B2,57,61,02,8A,00,
10701462,000004A4,false,Rx,1,8,FF,FF,FF,00,00,00,00,00,
10701790,00000474,false,Rx,0,8,91,72,00,00,00,00,00,08,
10702121,000000A2,false,Rx,0,8,00,00,00,00,00,00,00,00,
10702475,000000A3,false,Rx,0,8,00,40,01,00,00,00,00,00,
10702767,0000036F,false,Rx,0,8,FE,01,01,00,00,00,00,00,
10702920,00000111,false,Rx,0,8,DA,FC,FD,01,00,00,00,00,
10703031,0000037F,false,Rx,0,8,FC,60,52,24,41,02,00,00,
10703210,00000112,false,Rx,0,8,00,00,00,00,00,00,00,00,
10703705,00000113,false,Rx,0,8,00,00,00,00,00,00,00,00,
10704114,00000114,false,Rx,0,8,00,00,00,00,00,00,00,00,
10706744,000001B1,false,Rx,0,8,D8,FF,1B,00,72,00,00,00,
10707042,000001B2,false,Rx,0,8,23,00,04,B7,0F,08,50,10,
10707117,000001B3,false,Rx,0,8,10,33,38,00,5A,7B,6A,7D,
10707447,000001B4,false,Rx,0,8,65,7D,10,00,00,41,00,00,
10709481,00000121,false,Rx,0,8,0E,EF,18,00,00,00,00,05,
10709569,00000122,false,Rx,0,8,FF,D9,67,1F,46,47,46,45,
10709941,00000123,false,Rx,0,8,B6,02,00,00,00,00,01,00,
10710017,00000124,false,Rx,0,8,00,00,0A,00,00,00,20,40,
10710398,000001AB,false,Rx,0,8,63,2F,AA,50,70,50,00,00,
10710695,000001AC,false,Rx,0,8,00,28,00,00,00,00,00,00,
10716634,0000010B,false,Rx,0,8,7D,DB,22,00,00,00,00,05,
10716726,0000010C,false,Rx,0,8,FF,F9,E7,1F,46,4F,48,48,
10717143,0000010D,false,Rx,0,8,B5,02,00,00,00,00,01,00,
10717469,0000010E,false,Rx,0,8,00,00,1E,00,00,C0,AB,57,
10721323,0000012B,false,Rx,0,8,DF,D1,DC,06,00,00,08,00,
10721415,0000011B,false,Rx,0,8,39,81,DC,05,80,08,28,02,
10721853,0000012C,false,Rx,0,8,00,00,01,00,00,64,00,00,
10721921,0000011C,false,Rx,0,8,00,05,20,00,22,00,01,01,
10722288,00000161,false,Rx,0,8,5D,C4,EE,03,00,00,00,02,
10722606,00000162,false,Rx,0,8,FF,FC,01,00,00,00,00,00,
10724379,0000030B,false,Rx,0,8,D8,74,9E,00,04,00,00,00,
10724489,0000030C,false,Rx,0,8,00,00,0E,00,2C,00,A0,0F,
10724867,0000030D,false,Rx,0,8,00,00,00,00,44,00,00,00,
10725130,0000030E,false,Rx,0,8,00,00,18,05,21,00,00,04,
10727932,00000419,false,Rx,0,8,7A,90,26,D5,2D,87,90,00,
10728899,00000036,false,Rx,0,8,7E,1F,37,51,00,00,25,05,
10729020,00000037,false,Rx,0,8,30,00,00,10,00,40,00,00,
10729848,00000038,false,Rx,0,8,04,00,00,00,60,39,96,D4,
10729953,00000039,false,Rx,0,8,00,00,00,00,00,00,00,00,
10730152,000004E8,false,Rx,1,8,FF,FF,FF,05,FF,FF,FF,00,
10730717,0000019B,false,Rx,0,8,02,C0,2D,00,00,E4,00,00,
10730811,0000019C,false,Rx,0,8,40,20,00,00,00,00,0B,09,
10731223,00000475,false,Rx,0,8,12,00,00,00,00,00,00,00,
10731302,0000019D,false,Rx,0,8,00,10,00,01,00,00,00,00,
10731976,000001A1,false,Rx,0,8,1D,EC,EE,FE,F7,7F,64,00,
10732065,0000019E,false,Rx,0,8,15,00,00,00,00,32,00,00,
10732336,000001A2,false,Rx,0,8,44,00,00,00,27,08,00,00,
10732442,00000496,false,Rx,0,8,12,00,00,00,00,00,00,00,
10732763,000001A3,false,Rx,0,8,FF,F3,3F,00,00,00,00,00,
10732955,000001A4,false,Rx,0,8,FE,07,00,00,00,00,00,00,
10733005,000001F1,false,Rx,0,8,6A,95,F1,01,00,00,28,00,
10733260,00000383,false,Rx,0,8,5A,53,00,10,01,00,00,00,
10733501,000001F2,false,Rx,0,8,00,00,00,00,00,00,00,00,
10741016,00000448,false,Rx,0,8,DE,80,00,00,00,00,00,00,
10741957,000001FB,false,Rx,0,8,76,66,96,00,00,00,00,00,
10742103,000001FC,false,Rx,0,8,00,00,00,00,00,00,00,00,
10742355,000001FD,false,Rx,0,8,00,1A,03,00,00,00,00,00,
10742616,000001FE,false,Rx,0,8,00,00,00,00,00,00,00,00,
10747706,00000061,false,Rx,0,8,91,F8,B7,00,00,00,00,00,
10747891,00000062,false,Rx,0,8,02,02,00,02,40,FF,00,FF,
10748148,00000063,false,Rx,0,8,00,00,05,00,00,08,FD,00,
10748410,00000064,false,Rx,0,8,00,00,00,04,FF,FA,00,00,
10748634,000000A1,false,Rx,0,8,B7,EC,B7,57,61,02,8A,00,
10748890,000000A2,false,Rx,0,8,00,00,00,00,00,00,00,00,
10749138,000000A3,false,Rx,0,8,00,40,01,00,00,00,00,00,
10750115,00000382,false,Rx,0,8,2B,FE,21,00,00,05,09,00,
10756338,000002BF,false,Rx,0,8,FF,FF,FF,00,00,00,00,00,
10756556,0000047F,false,Rx,0,8,F0,FC,FF,FF,FF,FF,FF,FF,
10756798,00000653,false,Rx,0,8,0A,19,03,01,02,2A,00,00,
10757177,00000236,false,Rx,0,8,68,13,9D,00,34,6C,AE,62,
10757391,000002FB,false,Rx,0,8,EA,69,9D,04,72,1A,B4,B4,
10757616,00000237,false,Rx,0,8,00,15,47,00,00,1D,1B,00,
10757883,000002FC,false,Rx,0,8,0F,00,14,18,00,00,8F,43,
10758115,00000238,false,Rx,0,8,00,00,72,00,00,00,00,00,
10758365,000002FD,false,Rx,0,8,00,00,00,00,00,1C,13,EA,
10758602,00000239,false,Rx,0,8,00,00,00,00,01,00,00,00,
10758861,000002FE,false,Rx,0,8,00,00,72,01,00,28,C8,02,
10759233,00000121,false,Rx,0,8,71,C3,1D,00,00,00,00,05,
10759463,00000122,false,Rx,0,8,FF,D9,67,1F,46,47,46,45,
10759712,00000123,false,Rx,0,8,B6,02,00,00,00,00,01,00,
10759953,000001F6,false,Rx,0,8,5E,56,9D,00,00,00,00,0E,
10760203,00000124,false,Rx,0,8,00,00,0A,00,00,00,20,40,
10760613,000001F7,false,Rx,0,8,26,00,DA,02,00,00,00,00,
10760674,00000151,false,Rx,0,8,15,8A,9D,64,C8,00,28,18,
10760924,000001F8,false,Rx,0,8,00,5E,01,45,01,00,00,00,
10761160,00000152,false,Rx,0,8,14,17,17,00,51,00,00,00,
10761387,000001F9,false,Rx,0,8,4B,00,64,C8,14,00,4B,00,
10761640,00000153,false,Rx,0,8,00,00,00,00,00,00,00,00,
10761869,0000025B,false,Rx,0,8,5F,75,9D,40,40,20,00,00,
10762138,00000154,false,Rx,0,8,00,00,00,00,00,00,00,00,
10762363,0000025C,false,Rx,0,8,00,00,26,00,B4,2C,19,00,
10762606,00000326,false,Rx,0,8,27,21,9D,00,00,00,00,00,
10762847,0000025D,false,Rx,0,8,00,C8,00,00,00,80,C0,70,
10763095,00000327,false,Rx,0,8,00,00,00,00,05,00,00,00,
10763327,0000025E,false,Rx,0,8,01,07,0E,01,00,00,46,00,
10763574,00000328,false,Rx,0,8,DA,02,4B,00,00,5E,01,00,
10763807,00000566,false,Rx,0,8,16,02,00,00,00,00,FF,FF,
10764054,00000329,false,Rx,0,8,64,45,01,00,00,00,00,00,
10764285,00000331,false,Rx,0,8,04,84,9D,F1,C8,A0,2C,97,
10764552,00000332,false,Rx,0,8,E8,08,FC,03,00,00,00,00,
10764821,00000333,false,Rx,0,8,00,00,00,1C,0C,40,20,64,
10765075,00000334,false,Rx,0,8,C8,00,00,00,08,44,F4,8F,
10766430,0000010B,false,Rx,0,8,02,F7,27,00,00,00,00,05,
10766652,0000010C,false,Rx,0,8,FF,F9,E7,1F,46,4F,48,48,
10766923,0000010D,false,Rx,0,8,B5,02,00,00,00,00,01,00,
10767157,0000010E,false,Rx,0,8,00,00,1E,00,00,C0,AB,57,
10767632,00000419,false,Rx,0,8,7A,90,26,D5,2D,87,90,00,
10769433,000000C5,false,Rx,1,8,00,00,00,00,00,00,00,00,
10769891,00000244,false,Rx,1,8,FF,FF,FF,FF,FF,FF,FF,FF,
10770354,000004B4,false,Rx,1,8,00,00,05,40,10,70,04,00,
10770822,000004B5,false,Rx,1,8,08,00,F0,07,00,00,00,00,
10771110,000004B7,false,Rx,1,8,08,00,F0,07,00,00,00,00,
10771385,000004CA,false,Rx,1,8,00,00,00,00,00,00,00,00,
10771676,0000011B,false,Rx,0,8,54,DD,E1,05,80,08,28,02,
10771744,0000012B,false,Rx,0,8,B2,8D,E1,06,00,00,08,00,
10771814,000004CC,false,Rx,1,8,08,00,00,06,00,00,03,00,
10771868,0000011C,false,Rx,0,8,00,05,20,00,22,00,01,01,
10771977,000004CE,false,Rx,1,8,DE,01,00,00,00,00,F8,FF,
10772081,0000012C,false,Rx,0,8,00,00,01,00,00,64,00,00,
10772380,000004D7,false,Rx,1,8,23,01,00,00,00,00,00,00,
10772844,000004D8,false,Rx,1,8,41,10,F0,F0,40,F2,1E,CC,
10773335,000004DD,false,Rx,1,8,00,00,FE,00,04,00,00,00,
10773618,00000091,false,Rx,0,8,D0,9D,A0,26,06,00,00,00,
10774273,000004DF,false,Rx,1,8,00,00,08,00,00,00,00,00,
10774806,00000092,false,Rx,0,8,25,00,00,00,50,02,00,00,
10775120,000004E7,false,Rx,1,8,00,30,00,00,00,00,69,00,
10775880,00000093,false,Rx,0,8,00,00,00,00,00,00,00,00,
10776014,000004E8,false,Rx,1,8,FF,FF,FF,05,FF,FF,FF,00,
10776365,00000094,false,Rx,0,8,00,00,00,00,00,00,00,00,
10776444,000004E9,false,Rx,1,8,12,00,00,34,00,00,50,00,
10776499,000004EA,false,Rx,1,8,67,00,00,89,00,00,00,00,
10776568,000004EB,false,Rx,1,8,02,80,16,14,80,00,00,00,
10776620,000004EC,false,Rx,1,8,00,00,00,00,00,00,00,00,
10776740,000004ED,false,Rx,1,8,00,00,00,00,00,FF,FF,1F,
10776868,000004EE,false,Rx,1,8,FF,FF,00,00,00,00,00,00,
10777218,000001E6,false,Rx,0,8,45,31,3A,02,00,00,00,00,
10777280,000004EF,false,Rx,1,8,60,00,60,00,2B,14,00,00,
10777353,000004F0,false,Rx,1,8,4A,10,16,14,5C,1A,0B,02,
10777519,000001BB,false,Rx,0,8,26,91,3A,02,00,00,00,0A,
10777887,000004F1,false,Rx,1,8,00,C0,00,00,00,00,00,00,
10778184,000001BC,false,Rx,0,8,32,00,00,00,02,00,00,00,
10778257,000004F2,false,Rx,1,8,02,FF,DD,FF,03,01,00,00,
10778428,000004F3,false,Rx,1,8,00,00,00,00,30,00,00,00,
10778592,000001BD,false,Rx,0,8,00,00,00,00,00,00,00,00,
10778666,00000036,false,Rx,0,8,C6,1E,3C,51,00,00,25,05,
10778909,000004F9,false,Rx,1,8,E0,FF,FF,FF,FF,FF,FF,FF,
10779058,000001E7,false,Rx,0,8,00,00,22,03,20,01,00,00,
10779151,00000037,false,Rx,0,8,30,00,00,10,00,40,00,00,
10779415,0000063D,false,Rx,1,8,00,80,00,00,00,00,00,00,
10779674,00000038,false,Rx,0,8,04,00,00,00,60,39,96,D4,
10779887,0000063E,false,Rx,1,8,FF,FF,FF,FF,FF,FF,FF,FF,
10780034,00000256,false,Rx,0,8,10,4B,9C,15,40,00,00,01,
10780139,00000039,false,Rx,0,8,00,00,00,00,00,00,00,00,
10780388,00000257,false,Rx,0,8,00,94,41,1A,85,07,00,94,
10780557,0000063F,false,Rx,1,8,00,10,00,C4,FF,00,00,00,
10780613,0000019B,false,Rx,0,8,46,70,32,00,00,E4,00,00,
10780866,00000640,false,Rx,1,8,FF,FF,FF,00,FF,FF,FF,00,
10781009,00000258,false,Rx,0,8,36,F2,1A,00,10,15,00,28,
10781078,0000019C,false,Rx,0,8,40,20,00,00,00,00,0B,09,
10781333,00000259,false,Rx,0,8,67,05,8E,3C,4C,02,00,00,
10781606,00000641,false,Rx,1,8,FF,FF,FF,FF,0F,FF,FF,FF,
10781858,0000019D,false,Rx,0,8,00,10,00,01,00,00,00,00,
10782177,000002E6,false,Rx,0,8,E6,BE,9C,01,00,00,00,15,
10782775,00000646,false,Rx,1,8,00,00,00,80,01,00,00,00,
10783074,0000019E,false,Rx,0,8,15,00,00,00,00,32,00,00,
10783185,000002E7,false,Rx,0,8,0A,00,00,00,00,00,00,00,
10783306,00000384,false,Rx,0,8,BA,56,0D,01,00,FF,00,24,
10783409,000002E8,false,Rx,0,8,00,00,00,00,00,00,00,00,
10783463,000002E9,false,Rx,0,8,00,00,00,00,00,00,00,00,
10790161,0000042A,false,Rx,0,8,8E,83,0C,02,00,10,00,00,
10790675,00000226,false,Rx,0,8,BF,B1,EF,FF,63,60,09,42,
10790777,00000227,false,Rx,0,8,02,94,00,09,03,F1,9F,03,
10791449,00000396,false,Rx,0,8,A6,BC,CE,0F,08,01,00,02,
10791626,00000397,false,Rx,0,8,31,00,43,10,3F,07,00,00,
10791769,00000398,false,Rx,0,8,00,00,00,00,00,00,00,00,
10797505,00000146,false,Rx,0,8,82,BE,20,10,04,05,00,00,
10797598,00000147,false,Rx,0,8,01,04,7D,00,40,46,07,00,
10798017,00000061,false,Rx,0,8,29,F9,BC,00,00,00,00,00,
10798094,00000148,false,Rx,0,8,00,00,42,00,1E,89,40,05,
10798479,00000062,false,Rx,0,8,02,02,00,02,40,FF,00,FF,
10798796,00000149,false,Rx,0,8,00,38,00,CC,00,00,00,00,
10798927,00000063,false,Rx,0,8,00,00,05,00,00,08,FD,00,
10798998,00000064,false,Rx,0,8,00,00,00,04,FF,FA,00,00,
10799290,000000A1,false,Rx,0,8,8B,1D,BC,57,61,02,8A,00,
10799704,000000A2,false,Rx,0,8,00,00,00,00,00,00,00,00,
10799849,000000A3,false,Rx,0,8,00,40,01,00,00,00,00,00,
10802666,0000036F,false,Rx,0,8,47,11,01,00,00,00,00,00,
10802778,0000037F,false,Rx,0,8,45,70,52,24,41,02,00,00,
10806458,000001B1,false,Rx,0,8,0E,A3,20,00,72,00,00,00,
10806818,000001B2,false,Rx,0,8,23,00,04,B7,0F,08,50,10,
10807000,000001B3,false,Rx,0,8,10,33,38,00,5A,7B,6A,7D,
10807101,000001B4,false,Rx,0,8,65,7D,10,00,00,41,00,00,
10807923,00000419,false,Rx,0,8,7A,90,26,D5,2D,87,90,00,
10809544,00000121,false,Rx,0,8,9E,EA,22,00,00,00,00,05,
10809647,00000122,false,Rx,0,8,FF,D9,67,1F,46,47,46,45,
10809998,00000123,false,Rx,0,8,B6,02,00,00,00,00,01,00,
10810068,000001AB,false,Rx,0,8,95,07,AF,50,70,50,00,00,
10810477,00000124,false,Rx,0,8,00,00,0A,00,00,00,20,40,
10810850,000001AC,false,Rx,0,8,00,28,00,00,00,00,00,00,
10812412,000003B0,false,Rx,0,8,72,37,FF,C7,00,00,03,C0,
10816671,0000010B,false,Rx,0,8,BA,F6,2C,00,00,00,00,05,
10816772,0000010C,false,Rx,0,8,FF,F9,E7,1F,46,4F,48,48,
10817167,0000010D,false,Rx,0,8,B5,02,00,00,00,00,01,00,
10817393,0000010E,false,Rx,0,8,00,00,1E,00,00,C0,AB,57,
10820359,000003B2,false,Rx,0,8,36,15,FF,02,29,2F,34,00,
10821291,0000012B,false,Rx,0,8,2D,E5,E6,06,00,00,08,00,
10821413,0000011B,false,Rx,0,8,CB,B5,E6,05,80,08,28,02,
10821775,0000012C,false,Rx,0,8,00,00,01,00,00,64,00,00,
10821848,0000011C,false,Rx,0,8,00,05,20,00,22,00,01,01,
10822306,00000161,false,Rx,0,8,24,DE,F3,03,00,00,00,02,
10822658,000001E1,false,Rx,0,8,7D,DE,2E,02,00,00,00,00,
10822934,00000162,false,Rx,0,8,FF,FC,01,00,00,00,00,00,
10823025,000001E2,false,Rx,0,8,00,00,00,00,00,00,00,00,
10823278,00000405,false,Rx,0,8,D2,10,00,00,00,01,00,00,
10823329,00000410,false,Rx,0,8,6A,60,57,3C,DE,6A,FF,FF,
10823949,00000411,false,Rx,0,8,04,D1,50,51,00,00,44,04,
10824325,00000413,false,Rx,0,8,08,60,00,00,00,00,00,00,
10824641,00000412,false,Rx,0,8,CC,E0,00,00,00,00,00,00,
10824944,00000414,false,Rx,0,8,41,70,00,00,28,00,00,00,
10825040,00000416,false,Rx,0,8,55,00,00,00,00,00,00,00,
10825239,00000417,false,Rx,0,8,20,E0,00,00,00,00,00,00,
10825362,0000048F,false,Rx,0,8,AD,10,41,00,05,00,00,00,
10825699,00000418,false,Rx,0,8,07,C0,00,00,14,0C,00,00,
10828895,00000036,false,Rx,0,8,D2,A6,41,51,00,00,25,05,
10828998,00000037,false,Rx,0,8,30,00,00,10,00,40,00,00,
10829308,00000038,false,Rx,0,8,04,00,00,00,60,39,96,D4,
10829751,00000039,false,Rx,0,8,00,00,00,00,00,00,00,00,
10830088,00000380,false,Rx,0,8,96,92,03,08,08,08,08,01,
10830380,0000019B,false,Rx,0,8,39,5C,37,00,00,E4,00,00,
10830631,0000019C,false,Rx,0,8,40,20,00,00,00,00,0B,09,
10830920,0000019D,false,Rx,0,8,00,10,00,01,00,00,00,00,
10831549,0000019E,false,Rx,0,8,15,00,00,00,00,32,00,00,
10831906,000001A1,false,Rx,0,8,D5,EE,F3,FE,F7,7F,64,00,
10832210,000001A2,false,Rx,0,8,44,00,00,00,27,08,00,00,
10832321,00000427,false,Rx,0,8,1D,86,FF,00,80,0A,00,00,
10832637,000001A3,false,Rx,0,8,FF,F3,3F,00,00,00,00,00,
10832778,000001A4,false,Rx,0,8,FE,07,00,00,00,00,00,00,
10832982,00000419,false,Rx,0,8,7A,90,26,D5,2D,87,90,00,
10834607,000003A1,false,Rx,0,8,47,A9,B6,00,FF,FF,FF,FF,
10834895,000003A2,false,Rx,0,8,00,00,00,00,00,00,00,00,
10847825,00000061,false,Rx,0,8,3D,41,C1,00,00,00,00,00,
10847917,00000062,false,Rx,0,8,02,02,00,02,40,FF,00,FF,
10848354,00000063,false,Rx,0,8,00,00,05,00,00,08,FD,00,
10848429,00000064,false,Rx,0,8,00,00,00,04,FF,FA,00,00,
10848879,000000A1,false,Rx,0,8,25,8F,C1,57,61,02,8A,00,
10849162,000000A2,false,Rx,0,8,00,00,00,00,00,00,00,00,
10849342,000000A3,false,Rx,0,8,00,40,01,00,00,00,00,00,
10849633,000000FF,false,Rx,0,8,CB,10,00,00,00,00,02,00,
10850948,00000394,false,Rx,0,8,2A,22,1A,49,00,00,00,00,
10851083,000003C3,false,Rx,0,8,45,10,31,30,36,00,00,00,
10851413,000003E0,false,Rx,0,8,01,70,01,00,54,03,00,00,
10852177,000003E5,false,Rx,0,8,8E,90,01,00,00,00,00,00,
10852281,000003E6,false,Rx,0,8,7F,00,00,00,00,00,00,00,
10852731,0000041A,false,Rx,0,8,95,40,12,00,00,00,00,00,
10853107,0000041B,false,Rx,0,8,60,30,00,00,00,00,00,00,
10853870,0000041C,false,Rx,0,8,E9,80,E0,00,00,00,00,00,
10854009,00000422,false,Rx,0,8,EA,C0,01,00,00,00,04,00,
10854368,00000444,false,Rx,0,8,6C,30,20,50,55,50,00,00,
10855128,00000432,false,Rx,0,8,03,20,02,00,00,00,00,00,
10855234,00000435,false,Rx,0,8,9F,D0,00,40,00,00,00,00,
10855463,00000442,false,Rx,0,8,CE,20,11,81,00,00,00,00,
10855579,00000445,false,Rx,0,8,D6,20,00,00,00,00,00,18,
10856212,00000464,false,Rx,0,8,B2,70,F0,FF,38,7F,05,00,
10859341,00000121,false,Rx,0,8,E1,C6,27,00,00,00,00,05,
10859523,00000122,false,Rx,0,8,FF,D9,67,1F,46,47,46,45,
10859794,00000123,false,Rx,0,8,B6,02,00,00,00,00,01,00,
10860065,00000124,false,Rx,0,8,00,00,0A,00,00,00,20,40,
10860463,00000487,false,Rx,1,8,00,00,00,00,00,00,00,00,
10860927,00000642,false,Rx,1,8,FF,FF,FF,FF,FF,FF,00,00,
10861364,00000645,false,Rx,1,8,C7,35,06,79,E0,32,56,00,
10862716,00000516,false,Rx,0,8,61,02,00,00,00,00,FF,FF,
10866620,0000010B,false,Rx,0,8,72,F4,31,00,00,00,00,05,
10866715,0000010C,false,Rx,0,8,FF,F9,E7,1F,46,4F,48,48,
10867027,0000010D,false,Rx,0,8,B5,02,00,00,00,00,01,00,
10867172,0000010E,false,Rx,0,8,00,00,1E,00,00,C0,AB,57,
10871344,0000011B,false,Rx,0,8,B8,8C,EB,05,80,08,28,02,
10871523,0000012B,false,Rx,0,8,5E,DC,EB,06,00,00,08,00,
10871770,0000011C,false,Rx,0,8,00,05,20,00,22,00,01,01,
10872012,0000012C,false,Rx,0,8,00,00,01,00,00,64,00,00,
10872256,00000401,false,Rx,0,8,C6,10,10,00,00,04,00,00,
10873560,00000091,false,Rx,0,8,B1,D5,A1,26,06,00,00,00,
10873668,00000415,false,Rx,0,8,40,13,10,00,08,01,00,00,
10874057,00000092,false,Rx,0,8,24,00,00,00,40,02,00,00,
10874120,00000093,false,Rx,0,8,00,00,00,00,00,00,00,00,
10874517,00000094,false,Rx,0,8,00,00,00,00,00,00,00,00,
10878891,00000036,false,Rx,0,8,21,38,46,51,00,00,25,05,
10878989,00000037,false,Rx,0,8,30,00,00,10,00,40,00,00,
10879427,00000038,false,Rx,0,8,04,00,00,00,60,39,96,D4,
10879740,000003AA,false,Rx,0,8,FF,00,D0,00,54,00,00,00,
10879837,00000039,false,Rx,0,8,00,00,00,00,00,00,00,00,
10880815,0000019B,false,Rx,0,8,81,5D,3C,00,00,E4,00,00,
10880953,000003B6,false,Rx,0,8,7C,ED,CE,00,00,00,00,46,
10881004,0000019C,false,Rx,0,8,40,20,00,00,00,00,0B,09,
10881622,000003B7,false,Rx,0,8,46,00,00,00,00,00,00,00,
10881739,0000019D,false,Rx,0,8,00,10,00,01,00,00,00,00,
10881886,000002D6,false,Rx,0,8,CD,84,CE,00,00,00,00,00,
10881961,0000019E,false,Rx,0,8,15,00,00,00,00,32,00,00,
10882308,000002D7,false,Rx,0,8,00,00,00,00,03,00,00,00,
10882421,000002EB,false,Rx,0,8,18,CE,CE,07,08,00,00,02,
10882591,000001F1,false,Rx,0,8,9C,BD,F4,01,00,00,28,00,
10882821,000002D8,false,Rx,0,8,00,00,00,00,00,00,38,47,
10883039,000001F2,false,Rx,0,8,00,00,00,00,00,00,00,00,
10883286,000002D9,false,Rx,0,8,00,00,00,00,00,00,00,00,
10883515,000002EC,false,Rx,0,8,0A,00,CF,00,59,00,00,00,
10883751,000003B8,false,Rx,0,8,B2,02,00,00,00,00,69,0E,
10884003,000002ED,false,Rx,0,8,00,00,00,00,00,00,00,00,
10884267,000003B9,false,Rx,0,8,00,00,00,00,00,00,00,00,
10884505,000002EE,false,Rx,0,8,00,00,00,00,00,00,00,00,
10884764,00000495,false,Rx,0,8,49,00,00,00,00,00,00,00,
10889655,00000251,false,Rx,0,8,79,8C,9E,00,00,00,00,00,
10889747,00000252,false,Rx,0,8,00,00,1B,1B,03,00,00,00,
10890047,000002AB,false,Rx,0,8,5F,48,A1,0C,0C,00,00,00,
10890184,00000253,false,Rx,0,8,00,00,00,58,58,00,80,4D,
10890430,000002AC,false,Rx,0,8,00,FF,FF,00,00,40,00,54,
10890696,000002AD,false,Rx,0,8,00,01,00,40,FF,FF,FF,0F,
10890956,000002AE,false,Rx,0,8,01,00,FF,3F,01,01,00,00,
10891181,00000316,false,Rx,0,8,5C,93,78,34,06,80,0A,00,
10891564,000002B6,false,Rx,0,8,E5,6E,A1,01,00,00,00,40,
10892210,00000317,false,Rx,0,8,00,00,05,00,00,00,00,00,
10892560,000002B7,false,Rx,0,8,9F,00,50,1C,00,04,00,00,
10892761,000002B8,false,Rx,0,8,FF,F8,10,00,00,00,00,00,
10892823,000002B9,false,Rx,0,8,0A,00,00,00,00,00,00,00,
10892939,000003B1,false,Rx,0,8,C1,DE,00,80,00,00,20,00,
10893259,000002C1,false,Rx,0,8,B1,95,D1,21,00,41,00,D4,
10893440,0000033B,false,Rx,0,8,07,22,A0,00,00,00,00,00,
10893490,000002C2,false,Rx,0,8,27,00,00,00,00,00,00,00,
10893674,0000033C,false,Rx,0,8,00,00,00,00,F0,00,00,00,
10893884,000002C3,false,Rx,0,8,00,00,00,00,00,00,00,00,
10894134,0000033D,false,Rx,0,8,00,00,00,00,00,00,00,00,
10894518,000002C4,false,Rx,0,8,00,00,00,00,00,00,00,00,
10895170,0000033E,false,Rx,0,8,00,00,00,00,00,00,00,00,
10895540,000002E1,false,Rx,0,8,63,25,A1,00,00,00,00,40,
10895873,00000356,false,Rx,0,8,B0,84,D0,00,00,00,00,00,
10895949,000002E2,false,Rx,0,8,FD,00,00,00,00,14,00,04,
10896184,00000357,false,Rx,0,8,00,00,00,00,00,4B,4D,48,
10896245,000002E3,false,Rx,0,8,00,00,00,00,00,00,72,01,
10896300,00000358,false,Rx,0,8,35,41,45,4D,52,37,33,4F,
10896445,000002E4,false,Rx,0,8,02,00,00,00,00,00,00,00,
10896606,00000359,false,Rx,0,8,51,4F,34,52,4A,35,33,00,
10896942,000003CB,false,Rx,0,8,36,14,00,F4,00,00,00,00,
10897300,000002FF,false,Rx,0,8,D4,CB,00,71,02,00,00,00,
10897620,000003CC,false,Rx,0,8,36,31,34,30,33,34,31,00,
10897941,00000146,false,Rx,0,8,C6,FC,25,10,04,05,00,00,
10898271,00000061,false,Rx,0,8,CE,DF,C6,00,00,00,00,00,
10898574,00000147,false,Rx,0,8,01,04,7D,00,40,45,07,00,
10898980,00000062,false,Rx,0,8,02,02,00,02,40,FF,00,FF,
10899326,00000148,false,Rx,0,8,00,00,42,00,1E,89,40,05,
10899670,00000063,false,Rx,0,8,00,00,05,00,00,08,FD,00,
10899986,00000149,false,Rx,0,8,00,38,00,CC,00,00,00,00,
10900442,00000064,false,Rx,0,8,00,00,00,04,FF,FA,00,00,
10900620,00000472,false,Rx,0,8,5C,EC,00,40,08,41,00,45,
10900706,000000A1,false,Rx,0,8,2C,0A,C6,57,61,02,8A,00,
10900923,00000473,false,Rx,0,8,5F,24,00,25,00,00,00,78,
10901273,000000A2,false,Rx,0,8,00,00,00,00,00,00,00,00,
10901406,00000474,false,Rx,0,8,91,72,00,00,00,00,00,08,
10901508,000004A3,false,Rx,1,8,80,00,48,0B,3E,00,00,00,
10901567,000000A3,false,Rx,0,8,00,40,01,00,00,00,00,00,
10901619,000004A4,false,Rx,1,8,FF,FF,FF,00,00,00,00,00,
10902915,0000036F,false,Rx,0,8,91,21,01,00,00,00,00,00,
10903225,00000111,false,Rx,0,8,10,17,FE,01,00,00,00,00,
10903323,0000037F,false,Rx,0,8,EC,80,52,24,41,02,00,00,
10903883,00000112,false,Rx,0,8,00,00,00,00,00,00,00,00,
10904230,00000113,false,Rx,0,8,00,00,00,00,00,00,00,00,
10904333,00000114,false,Rx,0,8,00,00,00,00,00,00,00,00,
10906318,000001B1,false,Rx,0,8,71,8F,25,00,72,00,00,00,
10906459,000001B2,false,Rx,0,8,23,00,04,B7,0F,08,50,10,
10906732,000001B3,false,Rx,0,8,10,33,38,00,5A,7B,6A,7D,
10906967,000001B4,false,Rx,0,8,65,7D,10,00,00,41,00,00,
10908518,000001AB,false,Rx,0,8,57,DD,B4,50,70,50,00,00,
10908875,000001AC,false,Rx,0,8,00,28,00,00,00,00,00,00,
10909565,00000121,false,Rx,0,8,59,C7,2C,00,00,00,00,05,
10909908,00000122,false,Rx,0,8,FF,D9,67,1F,46,47,46,45,
10909995,00000123,false,Rx,0,8,B6,02,00,00,00,00,01,00,
10910321,00000124,false,Rx,0,8,00,00,0A,00,00,00,20,40,
10916639,0000010B,false,Rx,0,8,81,6A,36,00,00,00,00,05,
10916731,0000010C,false,Rx,0,8,FF,F9,E7,1F,46,4F,48,48,
10917177,0000010D,false,Rx,0,8,B5,02,00,00,00,00,01,00,
10917501,0000010E,false,Rx,0,8,00,00,1E,00,00,C0,AB,57,
10921201,0000012B,false,Rx,0,8,9C,06,F0,06,00,00,08,00,
10921305,0000011B,false,Rx,0,8,7A,56,F0,05,80,08,28,02,
10921567,0000012C,false,Rx,0,8,00,00,01,00,00,64,00,00,
10921777,0000011C,false,Rx,0,8,00,05,20,00,22,00,01,01,
10922033,00000161,false,Rx,0,8,EC,27,F8,03,00,00,00,02,
10922280,00000162,false,Rx,0,8,FF,FC,01,00,00,00,00,00,
10924656,0000030B,false,Rx,0,8,70,1F,A0,00,04,00,00,00,
10924771,0000030C,false,Rx,0,8,00,00,0E,00,2C,00,A0,0F,
10925111,0000030D,false,Rx,0,8,00,00,00,00,44,00,00,00,
10925213,0000030E,false,Rx,0,8,00,00,18,05,21,00,00,0A,
10927278,000001E6,false,Rx,0,8,DA,59,3D,02,00,00,00,00,
10927368,000001BB,false,Rx,0,8,2F,14,3D,02,00,00,00,0A,
10927673,000001BC,false,Rx,0,8,32,00,00,00,02,00,00,00,
10927867,000001BD,false,Rx,0,8,00,00,00,00,00,00,00,00,
10928109,00000419,false,Rx,0,8,5B,A0,26,D5,31,87,90,00,
10928345,000001E7,false,Rx,0,8,00,00,22,03,20,01,00,00,
10928674,00000036,false,Rx,0,8,2C,FE,4B,51,00,00,25,05,
10928949,00000037,false,Rx,0,8,30,00,00,10,00,40,00,00,
10929226,00000038,false,Rx,0,8,04,00,00,00,60,39,96,D4,
10929478,00000039,false,Rx,0,8,00,00,00,00,00,00,00,00,
10930523,0000019B,false,Rx,0,8,95,E5,41,00,00,E4,00,00,
10930875,0000019C,false,Rx,0,8,40,20,00,00,00,00,0B,09,
10930938,0000019D,false,Rx,0,8,00,10,00,01,00,00,00,00,
10931568,00000475,false,Rx,0,8,12,00,00,00,00,00,00,00,
10931981,0000019E,false,Rx,0,8,15,00,00,00,00,32,00,00,
10932046,000001A1,false,Rx,0,8,6D,EF,F8,FE,F7,7F,64,00,
10932399,00000496,false,Rx,0,8,12,00,00,00,00,00,00,00,
10932797,000001A2,false,Rx,0,8,44,00,00,00,27,08,00,00,
10933111,000001A3,false,Rx,0,8,FF,F3,3F,00,00,00,00,00,
10933192,000001A4,false,Rx,0,8,FE,07,00,00,00,00,00,00,
10933465,00000383,false,Rx,0,8,5A,53,00,10,01,00,00,00,
10940969,00000448,false,Rx,0,8,DE,80,00,00,00,00,00,00,
10941935,000001FB,false,Rx,0,8,B1,4B,98,00,00,00,00,00,
10942117,000001FC,false,Rx,0,8,00,00,00,00,00,00,00,00,
10942380,000001FD,false,Rx,0,8,00,1A,03,00,00,00,00,00,
10942639,000001FE,false,Rx,0,8,00,00,00,00,00,00,00,00,
10947831,00000061,false,Rx,0,8,C3,19,CB,00,00,00,00,00,
10947953,00000062,false,Rx,0,8,02,02,00,02,40,FF,00,FF,
10948352,00000063,false,Rx,0,8,00,00,05,00,00,08,FD,00,
10948432,00000064,false,Rx,0,8,00,00,00,04,FF,FA,00,00,
10948803,000000A1,false,Rx,0,8,1A,49,CB,57,61,02,8A,00,
10949192,000000A2,false,Rx,0,8,00,00,00,00,00,00,00,00,
10949450,000000A3,false,Rx,0,8,00,40,01,00,00,00,00,00,
10950584,00000382,false,Rx,0,8,2B,FE,21,00,00,05,09,00,
10956499,000002BF,false,Rx,0,8,FF,FF,FF,00,00,00,00,00,
10956592,0000047F,false,Rx,0,8,F0,FC,FF,FF,FF,FF,FF,FF,
10957003,00000653,false,Rx,0,8,0A,19,03,01,02,2A,00,00,
10957479,00000236,false,Rx,0,8,DF,CF,9F,00,34,6C,AE,62,
10957723,000002FB,false,Rx,0,8,D5,EE,9F,04,72,1A,B4,B4,
10957784,00000237,false,Rx,0,8,00,15,47,00,00,1E,1B,00,
10957889,000002FC,false,Rx,0,8,0F,00,14,18,00,00,8E,43,
10958266,00000238,false,Rx,0,8,00,00,72,00,00,00,00,00,
10958867,000002FD,false,Rx,0,8,00,00,00,00,00,1C,13,EA,
10959197,00000239,false,Rx,0,8,00,00,00,00,01,00,00,00,
10959493,000002FE,false,Rx,0,8,00,00,72,01,00,28,C8,02,
10959620,00000121,false,Rx,0,8,91,C5,31,00,00,00,00,05,
10959917,00000122,false,Rx,0,8,FF,D9,67,1F,46,47,46,45,
10960188,00000123,false,Rx,0,8,B6,02,00,00,00,00,01,00,
10960292,000001F6,false,Rx,0,8,D2,E4,9F,00,00,00,00,0E,
10960877,00000124,false,Rx,0,8,00,00,0A,00,00,00,20,40,
10961225,000001F7,false,Rx,0,8,26,00,DA,02,00,00,00,00,
10961310,00000151,false,Rx,0,8,99,38,9F,64,C8,00,28,18,
10961892,000001F8,false,Rx,0,8,00,5E,01,45,01,00,00,00,
10961978,00000152,false,Rx,0,8,14,17,17,00,51,00,00,00,
10962283,000001F9,false,Rx,0,8,4B,00,64,C8,14,00,4B,00,
10962604,00000153,false,Rx,0,8,00,00,00,00,00,00,00,00,
10962969,0000025B,false,Rx,0,8,3D,9E,9F,40,40,20,00,00,
10963283,00000154,false,Rx,0,8,00,00,00,00,00,00,00,00,
10963555,0000025C,false,Rx,0,8,00,00,26,00,B4,2C,19,00,
10963632,00000326,false,Rx,0,8,AB,93,9F,00,00,00,00,00,
10963727,0000025D,false,Rx,0,8,00,C8,00,00,00,80,C0,70,
10963810,00000327,false,Rx,0,8,00,00,00,00,05,00,00,00,
10964256,0000025E,false,Rx,0,8,21,07,0E,03,00,00,46,00,
10964639,00000328,false,Rx,0,8,DA,02,4B,00,00,5E,01,00,
10964941,00000561,false,Rx,0,8,63,02,00,00,00,00,FF,FF,
10965253,00000329,false,Rx,0,8,64,45,01,00,00,00,00,00,
10965457,00000331,false,Rx,0,8,88,36,9F,F1,C8,A0,2C,97,
10965518,00000332,false,Rx,0,8,E8,08,FC,03,00,00,00,00,
10966240,00000333,false,Rx,0,8,00,00,00,1C,0C,40,20,64,
10966351,00000334,false,Rx,0,8,C8,00,00,00,08,44,F4,8F,
10966989,0000010B,false,Rx,0,8,8C,AC,3B,00,00,00,00,05,
10967084,0000010C,false,Rx,0,8,FF,F9,E7,1F,46,4F,48,48,
10967382,0000010D,false,Rx,0,8,B5,02,00,00,00,00,01,00,
10967651,0000010E,false,Rx,0,8,00,00,1E,00,00,C0,AB,57,
10967732,00000419,false,Rx,0,8,5B,A0,26,D5,31,87,90,00,
10971464,000000C5,false,Rx,1,8,00,00,00,00,00,00,00,00,
10971830,0000011B,false,Rx,0,8,8C,7E,F5,05,80,08,28,02,
10972190,00000244,false,Rx,1,8,FF,FF,FF,FF,FF,FF,FF,FF,
10972821,0000012B,false,Rx,0,8,6A,2E,F5,06,00,00,08,00,
10973178,000003E4,false,Rx,1,8,FE,00,00,00,00,00,00,00,
10973246,0000041F,false,Rx,1,8,00,0C,00,00,00,00,00,00,
10973755,0000011C,false,Rx,0,8,00,05,20,00,22,00,01,01,
10973913,0000012C,false,Rx,0,8,00,00,01,00,00,64,00,00,
10973956,000001E1,false,Rx,0,8,6D,84,31,02,00,00,00,00,
10974103,000004B4,false,Rx,1,8,00,00,05,40,10,70,04,00,
10974835,000004B5,false,Rx,1,8,08,00,F0,07,00,00,00,00,
10975581,000001E2,false,Rx,0,8,00,00,00,00,00,00,00,00,
10975822,000004B7,false,Rx,1,8,08,00,F0,07,00,00,00,00,
10976526,00000091,false,Rx,0,8,8E,49,A2,26,06,00,00,00,
10977098,000004CA,false,Rx,1,8,00,00,00,00,00,00,00,00,
10977786,00000092,false,Rx,0,8,23,00,00,00,30,02,00,00,
10977976,000004CC,false,Rx,1,8,08,00,00,06,00,00,03,00,
10978088,000004CE,false,Rx,1,8,DE,01,00,00,00,00,F8,FF,
10978870,00000093,false,Rx,0,8,00,00,00,00,00,00,00,00,
10979399,000004D7,false,Rx,1,8,23,01,00,00,00,00,00,00,
10979936,00000094,false,Rx,0,8,00,00,00,00,00,00,00,00,
10980420,000004D8,false,Rx,1,8,41,10,F0,F0,40,F2,1E,CC,
10980738,000004DD,false,Rx,1,8,00,00,FE,00,04,00,00,00,
10981072,000004DF,false,Rx,1,8,00,00,08,00,00,00,00,00,
10981157,000004E7,false,Rx,1,8,00,30,00,00,00,00,69,00,
10981221,000004E8,false,Rx,1,8,FF,FF,FF,05,FF,FF,FF,00,
10981280,000004E9,false,Rx,1,8,12,00,00,34,00,00,50,00,
10981341,000004EA,false,Rx,1,8,67,00,00,89,00,00,00,00,
10981410,000004EB,false,Rx,1,8,02,80,16,14,80,00,00,00,
10981475,000004EC,false,Rx,1,8,00,00,00,00,00,00,00,00,
10981534,000004ED,false,Rx,1,8,00,00,00,00,00,FF,FF,1F,
10981711,00000036,false,Rx,0,8,51,3B,50,51,00,00,25,05,
10981831,000004EE,false,Rx,1,8,FF,FF,00,00,00,00,00,00,
10981901,000004EF,false,Rx,1,8,60,00,60,00,2B,14,00,00,
10982210,00000037,false,Rx,0,8,30,00,00,10,00,40,00,00,
10982321,00000038,false,Rx,0,8,04,00,00,00,60,39,96,D4,
10982419,0000063D,false,Rx,1,8,00,80,00,00,00,00,00,00,
10982680,00000256,false,Rx,0,8,F7,6E,9E,15,40,00,F0,00,
10982776,0000063E,false,Rx,1,8,FF,FF,FF,FF,FF,FF,FF,FF,
10982836,00000039,false,Rx,0,8,00,00,00,00,00,00,00,00,
10983209,0000063F,false,Rx,1,8,00,10,00,C4,FF,00,00,00,
10983534,00000257,false,Rx,0,8,00,94,41,18,85,07,00,94,
10983861,000002E6,false,Rx,0,8,6A,0C,9E,01,00,00,00,15,
10983999,00000640,false,Rx,1,8,FF,FF,FF,00,FF,FF,FF,00,
10984262,0000019B,false,Rx,0,8,66,7B,46,00,00,E4,00,00,
10984324,00000641,false,Rx,1,8,FF,FF,FF,FF,0F,FF,FF,FF,
10984603,00000258,false,Rx,0,8,36,F3,1A,00,10,15,00,28,
10984692,00000646,false,Rx,1,8,00,00,00,80,01,00,00,00,
10984744,0000019C,false,Rx,0,8,40,20,00,00,00,00,0B,09,
10985093,00000259,false,Rx,0,8,5F,05,8D,3C,4C,02,00,00,
10985442,0000019D,false,Rx,0,8,00,10,00,01,00,00,00,00,
10985801,000002E7,false,Rx,0,8,0A,00,00,00,00,00,00,00,
10986068,0000019E,false,Rx,0,8,15,00,00,00,00,32,00,00,
10986169,000002E8,false,Rx,0,8,00,00,00,00,00,00,00,00,
10986282,00000384,false,Rx,0,8,BA,56,0D,01,00,FF,00,24,
10986355,000002E9,false,Rx,0,8,00,00,00,00,00,00,00,00,
10990717,00000226,false,Rx,0,8,8B,43,F1,FF,63,60,09,42,
10990833,00000227,false,Rx,0,8,02,94,00,09,03,F1,9F,03,
10991238,0000042A,false,Rx,0,8,8E,83,0C,02,00,10,00,00,
10991602,00000396,false,Rx,0,8,46,EE,CF,0F,08,05,00,02,
10991677,00000397,false,Rx,0,8,25,00,43,10,3F,07,00,00,
10992079,00000398,false,Rx,0,8,00,00,00,00,00,00,00,00,
10997520,00000146,false,Rx,0,8,47,88,2A,10,04,05,00,00,
10997613,00000147,false,Rx,0,8,01,04,7D,00,40,45,07,00,
10998060,00000061,false,Rx,0,8,BE,DC,D0,00,00,00,00,00,
10998367,00000148,false,Rx,0,8,00,00,42,00,1E,89,40,05,
10998470,00000062,false,Rx,0,8,02,02,00,02,40,FF,00,FF,
10998766,00000149,false,Rx,0,8,00,38,00,CC,00,00,00,00,
10999031,00000063,false,Rx,0,8,00,00,05,00,00,08,FD,00,
10999120,00000064,false,Rx,0,8,00,00,00,04,FF,FA,00,00,
10999315,000000A1,false,Rx,0,8,75,F8,D0,57,61,02,8A,00,
10999522,000000A2,false,Rx,0,8,00,00,00,00,00,00,00,00,
10999913,000000A3,false,Rx,0,8,00,40,01,00,00,00,00,00,
11002824,0000036F,false,Rx,0,8,28,31,01,00,00,00,00,00,
11002925,0000037F,false,Rx,0,8,55,90,52,24,41,02,00,00,
11006462,000001B1,false,Rx,0,8,F0,FB,2A,00,72,00,00,00,
11006555,000001B2,false,Rx,0,8,23,00,04,B7,0F,08,50,10,
11006982,000001B3,false,Rx,0,8,10,33,38,00,5A,7B,6A,7D,
11007058,000001B4,false,Rx,0,8,65,7D,10,00,00,41,00,00,
11007932,00000419,false,Rx,0,8,5B,A0,26,D5,31,87,90,00,
11009590,00000121,false,Rx,0,8,62,5B,36,00,00,00,00,05,
11009683,00000122,false,Rx,0,8,FF,D9,67,1F,46,47,46,45,
11009776,00000123,false,Rx,0,8,B6,02,00,00,00,00,01,00,
11010198,000001AB,false,Rx,0,8,24,E4,B9,50,70,50,00,00,
11010745,00000124,false,Rx,0,8,00,00,0A,00,00,00,20,40,
11011074,000001AC,false,Rx,0,8,00,28,00,00,00,00,00,00,
11012493,000003B0,false,Rx,0,8,72,37,FF,C7,00,00,03,C0,
11016639,0000010B,false,Rx,0,8,2D,D3,40,00,00,00,00,05,
11016731,0000010C,false,Rx,0,8,FF,F9,E7,1F,46,4F,48,48,
11017142,0000010D,false,Rx,0,8,B5,02,00,00,00,00,01,00,
11017219,0000010E,false,Rx,0,8,00,00,1E,00,00,C0,AB,57,
11020411,000003B2,false,Rx,0,8,36,15,FF,02,29,2F,34,00,
11020944,00000485,false,Rx,0,8,00,40,11,02,00,00,00,00,
11021361,0000012B,false,Rx,0,8,70,57,FA,06,00,00,08,00,
11021475,0000011B,false,Rx,0,8,96,07,FA,05,80,08,28,02,
11021877,0000012C,false,Rx,0,8,00,00,01,00,00,64,00,00,
11022107,0000011C,false,Rx,0,8,00,05,20,00,22,00,01,01,
11022247,00000161,false,Rx,0,8,1A,0F,FD,03,00,00,00,02,
11022374,00000162,false,Rx,0,8,FF,FC,01,00,00,00,00,00,
11022725,00000405,false,Rx,0,8,D2,10,00,00,00,01,00,00,
11023084,00000410,false,Rx,0,8,6A,60,57,3C,DE,6A,FF,FF,
11023371,00000411,false,Rx,0,8,04,D1,50,51,00,00,44,04,
11023616,00000412,false,Rx,0,8,CC,E0,00,00,00,00,00,00,
11023715,00000413,false,Rx,0,8,08,60,00,00,00,00,00,00,
11024309,00000414,false,Rx,0,8,41,70,00,00,28,00,00,00,
11024626,00000416,false,Rx,0,8,55,00,00,00,00,00,00,00,
11025025,00000417,false,Rx,0,8,20,E0,00,00,00,00,00,00,
11025340,00000418,false,Rx,0,8,07,C0,00,00,14,0C,00,00,
11028888,00000036,false,Rx,0,8,2E,17,55,51,00,00,25,05,
11028988,00000037,false,Rx,0,8,30,00,00,10,00,40,00,00,
11029393,00000038,false,Rx,0,8,04,00,00,00,60,39,96,D4,
11029502,00000039,false,Rx,0,8,00,00,00,00,00,00,00,00,
11030564,0000019B,false,Rx,0,8,6B,BD,4B,00,00,E4,00,00,
11030673,0000019C,false,Rx,0,8,40,20,00,00,00,00,0B,09,
11031088,00000380,false,Rx,0,8,96,92,03,08,08,08,08,01,
11031455,0000019D,false,Rx,0,8,00,10,00,01,00,00,00,00,
11031577,000001A1,false,Rx,0,8,12,C3,FD,FE,F7,7F,64,00,
11031870,0000019E,false,Rx,0,8,15,00,00,00,00,32,00,00,
11032187,000001A2,false,Rx,0,8,44,00,00,00,27,08,00,00,
11032387,00000427,false,Rx,0,8,1D,86,FF,00,80,0A,00,00,
11032437,000001A3,false,Rx,0,8,FF,F3,3F,00,00,00,00,00,
11033153,000001A4,false,Rx,0,8,FE,07,00,00,00,00,00,00,
11033494,000001F1,false,Rx,0,8,D1,55,F7,01,00,00,28,00,
11033801,000001F2,false,Rx,0,8,00,00,00,00,00,00,00,00,
11033897,00000419,false,Rx,0,8,5B,A0,26,D5,31,87,90,00,
11034435,000003A1,false,Rx,0,8,63,01,B7,00,FF,FF,FF,FF,
11034848,000003A2,false,Rx,0,8,00,00,00,00,00,00,00,00,
11047804,00000061,false,Rx,0,8,C1,F0,D5,00,00,00,00,00,
11047898,00000062,false,Rx,0,8,02,02,00,02,40,FF,00,FF,
11048324,00000063,false,Rx,0,8,00,00,05,00,00,08,FD,00,
11048398,00000064,false,Rx,0,8,00,00,00,04,FF,FA,00,00,
11049083,000000A1,false,Rx,0,8,7A,13,D5,57,61,02,8A,00,
11049458,000000A2,false,Rx,0,8,00,00,00,00,00,00,00,00,
11049763,000000A3,false,Rx,0,8,00,40,01,00,00,00,00,00,
11050114,000000FF,false,Rx,0,8,CB,10,00,00,00,00,02,00,
11050520,00000394,false,Rx,0,8,2A,22,1A,49,00,00,00,00,
11050637,000003C3,false,Rx,0,8,45,10,31,30,36,00,00,00,
11050858,000003E0,false,Rx,0,8,01,70,01,00,54,03,00,00,
11051588,000003E5,false,Rx,0,8,8E,90,01,00,00,00,00,00,
11051848,000003E6,false,Rx,0,8,7F,00,00,00,00,00,00,00,
11052092,0000041A,false,Rx,0,8,95,40,12,00,00,00,00,00,
11052732,0000041B,false,Rx,0,8,60,30,00,00,00,00,00,00,
11053190,0000041C,false,Rx,0,8,E9,80,E0,00,00,00,00,00,
11053621,00000422,false,Rx,0,8,EA,C0,01,00,00,00,04,00,
11053989,00000432,false,Rx,0,8,03,20,02,00,00,00,00,00,
11054917,00000435,false,Rx,0,8,9F,D0,00,40,00,00,00,00,
11055027,00000442,false,Rx,0,8,CE,20,11,81,00,00,00,00,
11055364,00000444,false,Rx,0,8,6C,30,20,50,55,50,00,00,
11055474,00000445,false,Rx,0,8,D6,20,00,00,00,00,00,18,
11056277,00000464,false,Rx,0,8,B2,70,F0,FF,38,7F,05,00,
11058128,00000563,false,Rx,1,8,65,02,00,00,00,00,FF,FF,
11059505,00000121,false,Rx,0,8,6F,9D,3B,00,00,00,00,05,
11059604,00000122,false,Rx,0,8,FF,D9,67,1F,46,47,46,45,
11060059,00000123,false,Rx,0,8,B6,02,00,00,00,00,01,00,
11060340,00000124,false,Rx,0,8,00,00,0A,00,00,00,20,40,
11063141,00000487,false,Rx,1,8,00,00,00,00,00,00,00,00,
11063239,00000642,false,Rx,1,8,FF,FF,FF,FF,FF,FF,00,00,
11066741,0000010B,false,Rx,0,8,52,FF,45,00,00,00,00,05,
11066837,0000010C,false,Rx,0,8,FF,F9,E7,1F,46,4F,48,48,
11067207,0000010D,false,Rx,0,8,B5,02,00,00,00,00,01,00,
11067596,0000010E,false,Rx,0,8,00,00,1E,00,00,C0,AB,57,
11071563,0000011B,false,Rx,0,8,60,2F,FF,05,80,08,28,02,
11071672,0000012B,false,Rx,0,8,86,7F,FF,06,00,00,08,00,
11072135,0000011C,false,Rx,0,8,00,05,20,00,22,00,01,01,
11072467,0000012C,false,Rx,0,8,00,00,01,00,00,64,00,00,
11072568,00000401,false,Rx,0,8,C6,10,10,00,00,04,00,00,
11073313,00000091,false,Rx,0,8,3D,67,A3,26,06,00,00,00,
11073528,00000643,false,Rx,1,8,00,FC,FF,FF,FF,FF,03,00,
11073699,00000092,false,Rx,0,8,24,00,00,00,40,02,00,00,
11073960,00000093,false,Rx,0,8,00,00,00,00,00,00,00,00,
11074357,00000094,false,Rx,0,8,00,00,00,00,00,00,00,00,
11077214,000001E6,false,Rx,0,8,9F,89,40,02,00,00,00,00,
11077307,000001BB,false,Rx,0,8,81,86,40,02,00,00,00,0A,
11077639,000001BC,false,Rx,0,8,32,00,00,00,02,00,00,00,
11077810,000001BD,false,Rx,0,8,00,00,00,00,00,00,00,00,
11078483,000001E7,false,Rx,0,8,00,00,22,03,20,01,00,00,
11078851,00000036,false,Rx,0,8,AF,63,5A,51,00,00,25,05,
11078928,00000037,false,Rx,0,8,30,00,00,10,00,40,00,00,
11079190,00000038,false,Rx,0,8,04,00,00,00,60,39,96,D4,
11079689,000003AA,false,Rx,0,8,FF,00,D0,00,54,00,00,00,
11079860,00000039,false,Rx,0,8,00,00,00,00,00,00,00,00,
11080348,000003B6,false,Rx,0,8,3A,B4,CF,00,00,00,00,46,
11080933,0000019B,false,Rx,0,8,16,78,50,00,00,E4,00,00,
11081275,000003B7,false,Rx,0,8,46,00,00,00,00,00,00,00,
11081362,0000019C,false,Rx,0,8,40,20,00,00,00,00,0B,09,
11081633,000003B8,false,Rx,0,8,B2,02,00,00,00,00,69,0E,
11081727,0000019D,false,Rx,0,8,00,10,00,01,00,00,00,00,
11082003,000002D6,false,Rx,0,8,8B,DD,CF,00,00,00,00,00,
11082292,0000019E,false,Rx,0,8,15,00,00,00,00,32,00,00,
11082610,000002D7,false,Rx,0,8,00,00,00,00,03,00,00,00,
11082979,000002EB,false,Rx,0,8,B2,69,CF,07,08,01,00,02,
11083329,000002D8,false,Rx,0,8,00,00,00,00,00,00,38,47,
11083622,000002EC,false,Rx,0,8,07,00,CF,00,59,00,00,00,
11083725,000002D9,false,Rx,0,8,00,00,00,00,00,00,00,00,
11083857,000002ED,false,Rx,0,8,00,00,00,00,00,00,00,00,
11083923,000003B9,false,Rx,0,8,00,00,00,00,00,00,00,00,
11083972,000002EE,false,Rx,0,8,00,00,00,00,00,00,00,00,
11084139,00000495,false,Rx,0,8,49,00,00,00,00,00,00,00,
11084848,000004F0,false,Rx,1,8,4A,10,16,15,5C,1A,0B,02,
11089298,00000251,false,Rx,0,8,BF,56,A0,00,00,00,00,00,
11089390,00000252,false,Rx,0,8,00,00,1B,1B,03,00,00,00,
11089829,00000253,false,Rx,0,8,00,00,00,58,58,00,80,4D,
11090154,000002AB,false,Rx,0,8,D3,FA,A3,0C,0C,00,00,00,
11090258,000002AC,false,Rx,0,8,00,FF,FF,00,00,40,00,54,
11090552,000002AD,false,Rx,0,8,00,01,00,40,FF,FF,FF,0F,
11090937,000002AE,false,Rx,0,8,01,00,FF,3F,01,01,00,00,
11091244,000002B6,false,Rx,0,8,69,DC,A3,01,00,00,00,40,
11091634,000002FF,false,Rx,0,8,D4,CB,00,71,02,00,00,00,
11091949,000002B7,false,Rx,0,8,9F,00,50,1C,00,04,00,00,
11092253,000002B8,false,Rx,0,8,FF,F8,10,00,00,00,00,00,
11092496,00000316,false,Rx,0,8,78,3B,79,34,06,80,0A,00,
11092564,000002B9,false,Rx,0,8,0A,00,00,00,00,00,00,00,
11092665,00000317,false,Rx,0,8,00,00,05,00,00,00,00,00,
11092969,000002C1,false,Rx,0,8,7B,7E,D2,21,00,41,00,D4,
11093321,000003B1,false,Rx,0,8,C1,DE,00,80,00,00,20,00,
11093665,000002C2,false,Rx,0,8,27,00,00,00,00,00,00,00,
11093979,0000033B,false,Rx,0,8,8B,90,A2,00,00,00,00,00,
11094239,000002C3,false,Rx,0,8,00,00,00,00,00,00,00,00,
11094543,0000033C,false,Rx,0,8,00,00,00,00,F0,00,00,00,
11094683,000002C4,false,Rx,0,8,00,00,00,00,00,00,00,00,
11094955,0000033D,false,Rx,0,8,00,00,00,00,00,00,00,00,
11095048,000002E1,false,Rx,0,8,EF,97,A3,00,00,00,00,40,
11095371,0000033E,false,Rx,0,8,00,00,00,00,00,00,00,00,
11095947,000002E2,false,Rx,0,8,FD,00,00,00,00,14,00,04,
11096063,00000356,false,Rx,0,8,F6,DD,D1,00,00,00,00,00,
11096343,000002E3,false,Rx,0,8,00,00,00,00,00,00,72,01,
11096417,00000357,false,Rx,0,8,00,00,00,00,00,4B,4D,48,
11096589,000002E4,false,Rx,0,8,02,00,00,00,00,00,00,00,
11096636,00000358,false,Rx,0,8,35,41,45,4D,52,37,33,4F,
11096696,00000472,false,Rx,0,8,5C,EC,00,40,08,41,00,45,
11097658,00000359,false,Rx,0,8,51,4F,34,52,4A,35,33,00,
11098008,00000473,false,Rx,0,8,5F,24,00,25,00,00,00,78,
11098100,00000146,false,Rx,0,8,38,A4,2F,10,04,05,00,00,
11098395,00000474,false,Rx,0,8,91,72,00,00,00,00,00,08,
11098627,00000061,false,Rx,0,8,40,84,DA,00,00,00,00,00,
11098796,00000147,false,Rx,0,8,01,04,7D,00,40,45,07,00,
11099127,00000062,false,Rx,0,8,02,02,00,02,40,FF,00,FF,
11099703,00000148,false,Rx,0,8,00,00,42,00,1E,89,40,05,
11100035,00000063,false,Rx,0,8,00,00,05,00,00,08,FD,00,
11100270,00000149,false,Rx,0,8,00,38,00,CC,00,00,00,00,
11100532,00000064,false,Rx,0,8,00,00,00,04,FF,FA,00,00,
11100595,000000A1,false,Rx,0,8,4A,3E,DA,57,61,02,8A,00,
11100671,000000A2,false,Rx,0,8,00,00,00,00,00,00,00,00,
11100745,000000A3,false,Rx,0,8,00,40,01,00,00,00,00,00,
11102935,00000111,false,Rx,0,8,56,4E,FF,01,00,00,00,00,
11103020,0000036F,false,Rx,0,8,20,41,01,00,00,00,00,00,
11103068,00000112,false,Rx,0,8,00,00,00,00,00,00,00,00,
11103617,0000037F,false,Rx,0,8,83,A0,52,24,41,02,00,00,
11103755,00000113,false,Rx,0,8,00,00,00,00,00,00,00,00,
11104075,00000114,false,Rx,0,8,00,00,00,00,00,00,00,00,
11104665,000004A3,false,Rx,1,8,80,00,48,0B,3E,00,00,00,
11105277,000004A4,false,Rx,1,8,FF,FF,FF,00,00,00,00,00,
11106668,000001B1,false,Rx,0,8,8F,D7,2F,00,72,00,00,00,
11106756,000001B2,false,Rx,0,8,23,00,04,B7,0F,08,50,10,
11107312,000001B3,false,Rx,0,8,10,33,38,00,5A,7B,6A,7D,
11107658,000001B4,false,Rx,0,8,65,7D,10,00,00,41,00,00,
11108933,000001AB,false,Rx,0,8,BB,8C,BE,50,70,50,00,00,
11109054,000001AC,false,Rx,0,8,00,28,00,00,00,00,00,00,
11109494,00000121,false,Rx,0,8,CE,E2,40,00,00,00,00,05,
11109790,00000122,false,Rx,0,8,FF,D9,67,1F,46,47,46,45,
11109870,00000123,false,Rx,0,8,B6,02,00,00,00,00,01,00,
11110203,00000124,false,Rx,0,8,00,00,0A,00,00,00,20,40,
11116636,0000010B,false,Rx,0,8,D3,8B,4A,00,00,00,00,05,
11116729,0000010C,false,Rx,0,8,FF,F9,E7,1F,46,4F,48,48,
11117138,0000010D,false,Rx,0,8,B5,02,00,00,00,00,01,00,
11117226,0000010E,false,Rx,0,8,00,00,1E,00,00,C0,AB,57,
11121310,00000161,false,Rx,0,8,47,97,02,03,00,00,00,02,
11121403,0000011B,false,Rx,0,8,EF,37,04,05,80,08,28,02,
11121811,00000162,false,Rx,0,8,FF,FC,01,00,00,00,00,00,
11121896,0000011C,false,Rx,0,8,00,05,20,00,22,00,01,01,
11122270,0000012B,false,Rx,0,8,09,67,04,06,00,00,08,00,
11122572,000001E1,false,Rx,0,8,9B,AC,34,02,00,00,00,00,
11122669,0000012C,false,Rx,0,8,00,00,01,00,00,64,00,00,
11122969,000001E2,false,Rx,0,8,00,00,00,00,00,00,00,00,
11124565,0000030B,false,Rx,0,8,FC,AD,A2,00,04,00,00,00,
11124707,0000030C,false,Rx,0,8,00,00,0E,00,2C,00,A0,0F,
11124850,000004F0,false,Rx,1,8,4A,10,16,15,5C,1A,0B,02,
11124939,0000030D,false,Rx,0,8,00,00,00,00,44,00,00,00,
11124998,0000030E,false,Rx,0,8,00,00,18,05,21,00,00,0A,
11128878,00000036,false,Rx,0,8,D0,4F,5F,51,00,00,25,05,
11129009,00000037,false,Rx,0,8,30,00,00,10,00,40,00,00,
11129420,00000038,false,Rx,0,8,04,00,00,00,60,39,96,D4,
11129754,00000039,false,Rx,0,8,00,00,00,00,00,00,00,00,
11130798,0000019B,false,Rx,0,8,69,54,55,00,00,E4,00,00,
11130920,0000019C,false,Rx,0,8,40,20,00,00,00,00,0B,09,
11131260,00000475,false,Rx,0,8,12,00,00,00,00,00,00,00,
11131360,0000019D,false,Rx,0,8,00,10,00,01,00,00,00,00,
11131637,000001A1,false,Rx,0,8,64,8F,02,FE,F7,7F,64,00,
11131740,0000019E,false,Rx,0,8,15,00,00,00,00,32,00,00,
11132026,000001A2,false,Rx,0,8,44,00,00,00,27,08,00,00,
11132633,00000496,false,Rx,0,8,12,00,00,00,00,00,00,00,
11133018,000001A3,false,Rx,0,8,FF,F3,3F,00,00,00,00,00,
11133339,000001A4,false,Rx,0,8,FE,07,00,00,00,00,00,00,
11133455,00000383,false,Rx,0,8,5A,53,00,10,01,00,00,00,
11141046,00000448,false,Rx,0,8,DE,80,00,00,00,00,00,00,
11142071,000001FB,false,Rx,0,8,3D,F9,9A,00,00,00,00,00,
11142152,000001FC,false,Rx,0,8,00,00,00,00,00,00,00,00,
11142622,000001FD,false,Rx,0,8,00,1A,03,00,00,00,00,00,
11142692,000001FE,false,Rx,0,8,00,00,00,00,00,00,00,00,
11147837,00000061,false,Rx,0,8,3F,A8,DF,00,00,00,00,00,
11147943,00000062,false,Rx,0,8,02,02,00,02,40,FF,00,FF,
11148237,00000063,false,Rx,0,8,00,00,05,00,00,08,FD,00,
11148434,00000064,false,Rx,0,8,00,00,00,04,FF,FA,00,00,
11148635,000000A1,false,Rx,0,8,45,D5,DF,57,61,02,8A,00,
11149102,000000A2,false,Rx,0,8,00,00,00,00,00,00,00,00,
11149662,000000A3,false,Rx,0,8,00,40,01,00,00,00,00,00,
11150168,00000382,false,Rx,0,8,2B,FE,21,00,00,05,09,00,
11151002,00000565,false,Rx,0,8,66,02,00,00,00,00,FF,FF,
11156482,000002BF,false,Rx,0,8,FF,FF,FF,00,00,00,00,00,
11156574,0000047F,false,Rx,0,8,F0,FC,FF,FF,FF,FF,FF,FF,
11157002,00000653,false,Rx,0,8,0A,19,03,01,02,2A,00,00,
11157481,00000236,false,Rx,0,8,76,BF,A1,00,34,6C,AE,62,
11157677,000002FB,false,Rx,0,8,7C,9E,A1,04,72,1A,B4,B4,
11157732,00000237,false,Rx,0,8,00,15,47,00,00,1E,1B,00,
11157896,000002FC,false,Rx,0,8,0F,00,14,18,00,00,8E,43,
11158268,00000238,false,Rx,0,8,00,00,72,00,00,00,00,00,
11158724,000002FD,false,Rx,0,8,00,00,00,00,00,1C,13,EA,
11158819,00000239,false,Rx,0,8,00,00,00,00,01,00,00,00,
11158864,000002FE,false,Rx,0,8,00,00,72,01,00,28,C8,02,
11159598,00000121,false,Rx,0,8,B1,CE,45,00,00,00,00,05,
11159823,00000122,false,Rx,0,8,FF,D9,67,1F,46,47,46,45,
11160243,000001F6,false,Rx,0,8,7B,94,A1,00,00,00,00,0E,
11160562,00000123,false,Rx,0,8,B6,02,00,00,00,00,01,00,
11160868,000001F7,false,Rx,0,8,26,00,DA,02,00,00,00,00,
11161225,00000124,false,Rx,0,8,00,00,0A,00,00,00,20,40,
11161302,000001F8,false,Rx,0,8,00,5E,01,45,01,00,00,00,
11161629,00000151,false,Rx,0,8,30,48,A1,64,C8,00,28,18,
11161844,000001F9,false,Rx,0,8,4B,00,64,C8,14,00,4B,00,
11161963,00000152,false,Rx,0,8,14,17,17,00,51,00,00,00,
11162289,0000025B,false,Rx,0,8,44,9D,A1,40,40,20,00,00,
11162864,00000153,false,Rx,0,8,00,00,00,00,00,00,00,00,
11163218,0000025C,false,Rx,0,8,00,00,26,00,B4,2C,19,00,
11163301,00000154,false,Rx,0,8,00,00,00,00,00,00,00,00,
11163619,0000025D,false,Rx,0,8,00,C8,00,00,00,80,C0,70,
11163940,00000326,false,Rx,0,8,02,E3,A1,00,00,00,00,00,
11164209,0000025E,false,Rx,0,8,5D,07,0E,08,00,00,46,00,
11164316,00000327,false,Rx,0,8,00,00,00,00,05,00,00,00,
11165059,00000328,false,Rx,0,8,DA,02,4B,00,00,5E,01,00,
11165396,00000329,false,Rx,0,8,64,45,01,00,00,00,00,00,
11165510,00000331,false,Rx,0,8,21,46,A1,F1,C8,A0,2C,97,
11165694,00000332,false,Rx,0,8,E8,08,FC,03,00,00,00,00,
11165762,00000333,false,Rx,0,8,00,00,00,1C,0C,40,20,64,
11166078,000004F0,false,Rx,1,8,4A,10,16,15,5C,1A,0B,02,
11166446,00000334,false,Rx,0,8,C8,00,00,00,08,44,F4,8F,
11167010,0000010B,false,Rx,0,8,AC,A7,4F,00,00,00,00,05,
11167126,0000010C,false,Rx,0,8,FF,F9,E7,1F,46,4F,48,48,
11167431,0000010D,false,Rx,0,8,B5,02,00,00,00,00,01,00,
11167621,0000010E,false,Rx,0,8,00,00,1E,00,00,C0,AB,57,
11171555,0000011B,false,Rx,0,8,9C,0E,09,05,80,08,28,02,
11171648,0000012B,false,Rx,0,8,7A,5E,09,06,00,00,08,00,
11172073,0000011C,false,Rx,0,8,00,05,20,00,22,00,01,01,
11172153,0000012C,false,Rx,0,8,00,00,01,00,00,64,00,00,
11173479,00000091,false,Rx,0,8,E9,E8,A4,26,06,00,00,00,
11173615,00000092,false,Rx,0,8,25,00,00,00,50,02,00,00,
11174039,00000093,false,Rx,0,8,00,00,00,00,00,00,00,00,
11174502,00000094,false,Rx,0,8,00,00,00,00,00,00,00,00,
11174798,000000C5,false,Rx,1,8,00,00,00,00,00,00,00,00,
11174873,00000244,false,Rx,1,8,FF,FF,FF,FF,FF,FF,FF,FF,
11175322,000004B4,false,Rx,1,8,00,00,05,40,10,70,04,00,
11176082,000004B5,false,Rx,1,8,08,00,F0,07,00,00,00,00,
11176535,000004B7,false,Rx,1,8,08,00,F0,07,00,00,00,00,
11176840,000004CA,false,Rx,1,8,00,00,00,00,00,00,00,00,
11177114,000004CC,false,Rx,1,8,08,00,00,06,00,00,03,00,
11177430,000004CE,false,Rx,1,8,DE,01,00,00,00,00,F8,FF,
11177961,000004D7,false,Rx,1,8,23,01,00,00,00,00,00,00,
11178430,000004D8,false,Rx,1,8,41,10,F0,F0,40,F2,1E,CC,
11178719,000004DD,false,Rx,1,8,00,00,FE,00,04,00,00,00,
11178967,000004DF,false,Rx,1,8,00,00,08,00,00,00,00,00,
11179215,000004E7,false,Rx,1,8,00,30,00,00,00,00,69,00,
11179535,000004E8,false,Rx,1,8,FF,FF,FF,05,FF,FF,FF,00,
11180103,00000036,false,Rx,0,8,06,13,64,51,00,00,25,05,
11180760,000004E9,false,Rx,1,8,12,00,00,34,00,00,50,00,
11180888,000004EA,false,Rx,1,8,67,00,00,89,00,00,00,00,
11181399,00000037,false,Rx,0,8,30,00,00,10,00,40,00,00,
11181857,000004EB,false,Rx,1,8,02,80,16,15,80,00,00,00,
11182445,00000038,false,Rx,0,8,04,00,00,00,60,39,96,D4,
11182627,000004EC,false,Rx,1,8,00,00,00,00,00,00,00,00,
11182940,00000256,false,Rx,0,8,98,CB,A0,15,40,00,F0,00,
11183018,000004ED,false,Rx,1,8,00,00,00,00,00,FF,FF,1F,
11183086,00000039,false,Rx,0,8,00,00,00,00,00,00,00,00,
11183140,000004EE,false,Rx,1,8,FF,FF,00,00,00,00,00,00,
11183467,00000257,false,Rx,0,8,00,93,41,18,85,07,00,94,
11183551,000004EF,false,Rx,1,8,60,00,60,00,2B,14,00,00,
11183905,000002E6,false,Rx,0,8,C3,7C,A0,01,00,00,00,15,
11184020,0000019B,false,Rx,0,8,E8,20,5A,00,00,E4,00,00,
11184387,0000063D,false,Rx,1,8,00,80,00,00,00,00,00,00,
11184631,00000258,false,Rx,0,8,36,F4,1A,00,10,15,00,28,
11184739,0000063E,false,Rx,1,8,FF,FF,FF,FF,FF,FF,FF,FF,
11185031,0000019C,false,Rx,0,8,40,20,00,00,00,00,0B,09,
11185130,00000259,false,Rx,0,8,5E,05,8D,3C,4C,02,00,00,
11185199,0000063F,false,Rx,1,8,00,10,00,C4,FF,00,00,00,
11185529,00000640,false,Rx,1,8,FF,FF,FF,00,FF,FF,FF,00,
11185611,0000019D,false,Rx,0,8,00,10,00,01,00,00,00,00,
11185783,000002E7,false,Rx,0,8,0A,00,00,00,00,00,00,00,
11185836,00000641,false,Rx,1,8,FF,FF,FF,FF,0F,FF,FF,FF,
11185907,0000019E,false,Rx,0,8,15,00,00,00,00,32,00,00,
11185960,00000646,false,Rx,1,8,00,00,00,80,01,00,00,00,
11186104,000002E8,false,Rx,0,8,00,00,00,00,00,00,00,00,
11186147,000001F1,false,Rx,0,8,A2,6C,FA,01,00,00,28,00,
11186209,000002E9,false,Rx,0,8,00,00,00,00,00,00,00,00,
11186255,000001F2,false,Rx,0,8,00,00,00,00,00,00,00,00,
11186362,00000384,false,Rx,0,8,BA,56,0D,01,00,FF,00,24,
11190301,00000226,false,Rx,0,8,E2,03,F3,FF,63,60,09,42,
11190393,00000227,false,Rx,0,8,02,94,00,09,03,F1,9F,03,
11190810,0000042A,false,Rx,0,8,8E,83,0C,02,00,10,00,00,
11191704,00000396,false,Rx,0,8,61,16,D0,0F,08,01,00,02,
11191796,00000397,false,Rx,0,8,35,00,43,10,3F,07,00,00,
11192252,00000398,false,Rx,0,8,00,00,00,00,00,00,00,00,
11197495,00000146,false,Rx,0,8,7E,0F,34,10,04,05,00,00,
11197588,00000147,false,Rx,0,8,01,04,7D,00,40,46,07,00,
11198012,00000061,false,Rx,0,8,E9,F4,E4,00,00,00,00,00,
11198097,00000148,false,Rx,0,8,00,00,42,00,1E,89,40,05,
11198418,00000062,false,Rx,0,8,02,02,00,02,40,FF,00,FF,
11198625,00000149,false,Rx,0,8,00,38,00,CC,00,00,00,00,
11198808,00000063,false,Rx,0,8,00,00,05,00,00,08,FD,00,
11199155,00000064,false,Rx,0,8,00,00,00,04,FF,FA,00,00,
11199499,000000A1,false,Rx,0,8,8C,E4,E4,57,61,02,8A,00,
11199866,000000A2,false,Rx,0,8,00,00,00,00,00,00,00,00,
11200189,000000A3,false,Rx,0,8,00,40,01,00,00,00,00,00,
11203224,0000036F,false,Rx,0,8,99,51,01,00,00,00,00,00,
11203319,0000037F,false,Rx,0,8,3A,B0,52,24,41,02,00,00,
11206614,000001B1,false,Rx,0,8,F2,12,34,00,72,00,00,00,
11206735,000001B2,false,Rx,0,8,23,00,04,B7,0F,08,50,10,
11207058,000001B3,false,Rx,0,8,10,33,38,00,5A,7B,6A,7D,
11207173,000001B4,false,Rx,0,8,65,7D,10,00,00,41,00,00,
11208803,000001AB,false,Rx,0,8,FE,5C,C3,50,70,50,00,00,
11208927,000001AC,false,Rx,0,8,00,28,00,00,00,00,00,00,
11209250,00000121,false,Rx,0,8,30,BA,4A,00,00,00,00,05,
11209495,00000122,false,Rx,0,8,FF,D9,67,1F,46,47,46,45,
11209831,00000123,false,Rx,0,8,B6,02,00,00,00,00,01,00,
11210022,00000124,false,Rx,0,8,00,00,0A,00,00,00,20,40,
11212510,000003B0,false,Rx,0,8,72,37,FF,C7,00,00,03,C0,
11216627,0000010B,false,Rx,0,8,D1,62,54,00,00,00,00,05,
11216720,0000010C,false,Rx,0,8,FF,F9,E7,1F,46,4F,48,48,
11217144,0000010D,false,Rx,0,8,B5,02,00,00,00,00,01,00,
11217231,0000010E,false,Rx,0,8,00,00,1E,00,00,C0,AB,57,
11220293,000003B2,false,Rx,0,8,36,15,FF,02,29,2F,34,00,
11221243,00000161,false,Rx,0,8,B1,BF,07,03,00,00,00,02,
11221377,0000011B,false,Rx,0,8,03,66,0E,05,80,08,28,02,
11221754,00000162,false,Rx,0,8,FF,FC,01,00,00,00,00,00,
11222115,0000011C,false,Rx,0,8,00,05,20,00,22,00,01,01,
11222212,0000012B,false,Rx,0,8,E5,36,0E,06,00,00,08,00,
11222742,0000012C,false,Rx,0,8,00,00,01,00,00,64,00,00,
11223047,00000405,false,Rx,0,8,D2,10,00,00,00,01,00,00,
11223239,00000410,false,Rx,0,8,6A,60,57,3C,DE,6A,FF,FF,
11223334,00000411,false,Rx,0,8,04,D1,50,51,00,00,44,04,
11223707,00000412,false,Rx,0,8,CC,E0,00,00,00,00,00,00,
11224034,00000413,false,Rx,0,8,08,60,00,00,00,00,00,00,
11224377,00000414,false,Rx,0,8,41,70,00,00,28,00,00,00,
11224715,00000416,false,Rx,0,8,55,00,00,00,00,00,00,00,
11224995,00000417,false,Rx,0,8,20,E0,00,00,00,00,00,00,
11225089,00000418,false,Rx,0,8,07,C0,00,00,14,0C,00,00,
11225296,00000419,false,Rx,0,8,5B,A0,26,D5,31,87,90,00,
11227392,000001E6,false,Rx,0,8,D2,61,43,02,00,00,00,00,
11227527,000001BB,false,Rx,0,8,84,DF,43,02,00,00,00,0A,
11227578,000001BC,false,Rx,0,8,32,00,00,00,02,00,00,00,
11227945,000001BD,false,Rx,0,8,00,00,00,00,00,00,00,00,
11228588,000001E7,false,Rx,0,8,00,00,22,03,20,01,00,00,
11228884,00000036,false,Rx,0,8,0B,D5,69,51,00,00,25,05,
11228980,00000037,false,Rx,0,8,30,00,00,10,00,40,00,00,
11229346,00000038,false,Rx,0,8,04,00,00,00,60,39,96,D4,
11229750,00000039,false,Rx,0,8,00,00,00,00,00,00,00,00,
11230463,0000019B,false,Rx,0,8,97,0C,5F,00,00,E4,00,00,
11230795,00000380,false,Rx,0,8,96,92,03,08,08,08,08,01,
11230850,0000019C,false,Rx,0,8,40,20,00,00,00,00,0B,09,
11231238,0000019D,false,Rx,0,8,00,10,00,01,00,00,00,00,
11231318,000001A1,false,Rx,0,8,1B,A3,07,FE,F7,7F,64,00,
11231648,0000019E,false,Rx,0,8,15,00,00,00,00,32,00,00,
11231961,000001A2,false,Rx,0,8,44,00,00,00,27,08,00,00,
11232319,00000427,false,Rx,0,8,1D,86,FF,00,80,0A,00,00,
11232646,000001A3,false,Rx,0,8,FF,F3,3F,00,00,00,00,00,
11232937,000001A4,false,Rx,0,8,FE,07,00,00,00,00,00,00,
11234477,000003A1,false,Rx,0,8,79,78,B8,00,FF,FF,FF,FF,
11234575,000003A2,false,Rx,0,8,00,00,00,00,00,00,00,00,
11241484,00000566,false,Rx,0,8,16,02,00,00,00,00,FF,FF,
11247813,00000061,false,Rx,0,8,E4,32,E9,00,00,00,00,00,
11247925,00000062,false,Rx,0,8,02,02,00,02,40,FF,00,FF,
11248341,00000063,false,Rx,0,8,00,00,05,00,00,08,FD,00,
11248710,00000064,false,Rx,0,8,00,00,00,04,FF,FA,00,00,
11248798,000000A1,false,Rx,0,8,BA,A7,E9,57,61,02,8A,00,
11249173,000000A2,false,Rx,0,8,00,00,00,00,00,00,00,00,
11249370,000000A3,false,Rx,0,8,00,40,01,00,00,00,00,00,
11249584,000000FF,false,Rx,0,8,CB,10,00,00,00,00,02,00,
11250325,00000394,false,Rx,0,8,2A,22,1A,49,00,00,00,00,
11250739,000003C3,false,Rx,0,8,45,10,31,30,36,00,00,00,
11251229,000003E0,false,Rx,0,8,01,70,01,00,54,03,00,00,
11251673,000003E5,false,Rx,0,8,8E,90,01,00,00,00,00,00,
11252030,000003E6,false,Rx,0,8,7F,00,00,00,00,00,00,00,
11252103,0000041A,false,Rx,0,8,95,40,12,00,00,00,00,00,
11252831,0000041B,false,Rx,0,8,60,30,00,00,00,00,00,00,
11253299,0000041C,false,Rx,0,8,E9,80,E0,00,00,00,00,00,
11253650,00000422,false,Rx,0,8,EA,C0,01,00,00,00,04,00,
11254691,00000432,false,Rx,0,8,03,20,02,00,00,00,00,00,
11254789,00000435,false,Rx,0,8,9F,D0,00,40,00,00,00,00,
11255056,00000442,false,Rx,0,8,CE,20,11,81,00,00,00,00,
11255245,00000444,false,Rx,0,8,6C,30,20,50,55,50,00,00,
11255608,00000445,false,Rx,0,8,D6,20,00,00,00,00,00,18,
11256181,00000464,false,Rx,0,8,B2,70,F0,FF,38,7F,05,00,
11259537,00000121,false,Rx,0,8,4F,96,4F,00,00,00,00,05,
11259639,00000122,false,Rx,0,8,FF,D9,67,1F,46,47,46,45,
11260100,00000123,false,Rx,0,8,B6,02,00,00,00,00,01,00,
11260425,00000124,false,Rx,0,8,00,00,0A,00,00,00,20,40,
11265419,00000487,false,Rx,1,8,00,00,00,00,00,00,00,00,
11265597,00000642,false,Rx,1,8,FF,FF,FF,FF,FF,FF,00,00,
11266693,0000010B,false,Rx,0,8,DC,A4,59,00,00,00,00,05,
11266806,0000010C,false,Rx,0,8,FF,F9,E7,1F,46,4F,48,48,
11267170,0000010D,false,Rx,0,8,B5,02,00,00,00,00,01,00,
11267540,0000010E,false,Rx,0,8,00,00,1E,00,00,C0,AB,57,
11271576,0000011B,false,Rx,0,8,7A,7C,13,05,80,08,28,02,
11271670,0000012B,false,Rx,0,8,9C,2C,13,06,00,00,08,00,
11272121,0000011C,false,Rx,0,8,00,05,20,00,22,00,01,01,
11272426,0000012C,false,Rx,0,8,00,00,01,00,00,64,00,00,
11272524,000001E1,false,Rx,0,8,D6,44,37,02,00,00,00,00,
11272810,00000401,false,Rx,0,8,C6,10,10,00,00,04,00,00,
11272919,000001E2,false,Rx,0,8,00,00,00,00,00,00,00,00,
11273289,00000091,false,Rx,0,8,C6,82,A5,26,06,00,00,00,
11273499,00000092,false,Rx,0,8,26,00,00,00,60,02,00,00,
11273924,00000093,false,Rx,0,8,00,00,00,00,00,00,00,00,
11274489,00000094,false,Rx,0,8,00,00,00,00,00,00,00,00,
11278747,00000036,false,Rx,0,8,F8,4B,6E,51,00,00,25,05,
11278841,00000037,false,Rx,0,8,30,00,00,10,00,40,00,00,
11279246,00000038,false,Rx,0,8,04,00,00,00,60,39,96,D4,
11279354,000003AA,false,Rx,0,8,FF,00,D0,00,54,00,00,00,
11279700,00000039,false,Rx,0,8,00,00,00,00,00,00,00,00,
11280305,000003B6,false,Rx,0,8,4F,F4,D0,00,00,00,00,46,
11280637,0000019B,false,Rx,0,8,41,50,64,00,00,E4,00,00,
11280728,000003B7,false,Rx,0,8,46,00,00,00,00,00,00,00,
11281428,0000019C,false,Rx,0,8,40,20,00,00,00,00,0B,09,
11281537,000003B8,false,Rx,0,8,B3,02,00,00,00,00,69,0E,
11281827,0000019D,false,Rx,0,8,00,10,00,01,00,00,00,00,
11282061,000002D6,false,Rx,0,8,CF,6D,D0,00,00,00,00,00,
11282126,0000019E,false,Rx,0,8,15,00,00,00,00,32,00,00,
11282173,000002D7,false,Rx,0,8,00,00,00,00,03,00,00,00,
11282564,000002EB,false,Rx,0,8,51,E4,D0,07,08,01,00,02,
11282899,000002D8,false,Rx,0,8,00,00,00,00,00,00,38,47,
11283228,000002EC,false,Rx,0,8,02,00,CF,00,59,00,00,00,
11283565,000002D9,false,Rx,0,8,00,00,00,00,00,00,00,00,
11283836,000002ED,false,Rx,0,8,00,00,00,00,00,00,00,00,
11283971,000003B9,false,Rx,0,8,00,00,00,00,00,00,00,00,
11284121,000002EE,false,Rx,0,8,00,00,00,00,00,00,00,00,
11284186,00000495,false,Rx,0,8,49,00,00,00,00,00,00,00,
11289288,00000251,false,Rx,0,8,B9,38,A2,00,00,00,00,00,
11289380,00000252,false,Rx,0,8,00,00,1B,1B,03,00,00,00,
11289805,00000253,false,Rx,0,8,00,00,00,58,58,00,80,4D,
11289893,000002AB,false,Rx,0,8,66,3D,A5,0C,0C,00,00,00,
11290222,000002AC,false,Rx,0,8,00,FF,FF,00,00,40,00,54,
11290528,000002AD,false,Rx,0,8,00,01,00,40,FF,FF,FF,0F,
11290636,000002AE,false,Rx,0,8,01,00,FF,3F,01,01,00,00,
11290924,000002B6,false,Rx,0,8,DC,1B,A5,01,00,00,00,40,
11291290,000002B7,false,Rx,0,8,9F,00,50,1C,00,04,00,00,
11291665,000002B8,false,Rx,0,8,FF,F8,10,00,00,00,00,00,
11292217,000002B9,false,Rx,0,8,0A,00,00,00,00,00,00,00,
11292305,000002C1,false,Rx,0,8,D4,61,D3,21,00,41,00,D4,
11292374,000002FF,false,Rx,0,8,D4,CB,00,71,02,00,00,00,
11292539,000002C2,false,Rx,0,8,28,00,00,00,00,00,00,00,
11292683,00000316,false,Rx,0,8,35,D3,7A,34,06,80,0A,00,
11293033,000002C3,false,Rx,0,8,00,00,00,00,00,00,00,00,
11293278,00000317,false,Rx,0,8,00,00,05,00,00,00,00,00,
11293759,000002C4,false,Rx,0,8,00,00,00,00,00,00,00,00,
11294094,0000033B,false,Rx,0,8,3E,57,A4,00,00,00,00,00,
11294415,000002E1,false,Rx,0,8,5A,50,A5,00,00,00,00,40,
11294706,0000033C,false,Rx,0,8,00,00,00,00,F0,00,00,00,
11294989,000002E2,false,Rx,0,8,FD,00,00,00,00,14,00,04,
11295102,0000033D,false,Rx,0,8,00,00,00,00,00,00,00,00,
11295199,000002E3,false,Rx,0,8,00,00,00,00,00,00,72,01,
11295241,0000033E,false,Rx,0,8,00,00,00,00,00,00,00,00,
11295382,000002E4,false,Rx,0,8,02,00,00,00,00,00,00,00,
11295605,000003B1,false,Rx,0,8,C1,DE,00,80,00,00,20,00,
11295853,00000472,false,Rx,0,8,5C,EC,00,40,08,41,00,45,
11296302,00000356,false,Rx,0,8,3C,36,D2,00,00,00,00,00,
11296388,00000473,false,Rx,0,8,5F,24,00,25,00,00,00,78,
11296996,00000357,false,Rx,0,8,00,00,00,00,00,4B,4D,48,
11297363,00000474,false,Rx,0,8,91,72,00,00,00,00,00,08,
11297470,00000358,false,Rx,0,8,35,41,45,4D,52,37,33,4F,
11297786,00000146,false,Rx,0,8,73,C9,39,10,04,05,00,00,
11298109,00000359,false,Rx,0,8,51,4F,34,52,4A,35,33,00,
11298362,00000061,false,Rx,0,8,17,AC,EE,00,00,00,00,00,
11298484,00000147,false,Rx,0,8,01,04,7D,00,40,46,07,00,
11298743,00000062,false,Rx,0,8,02,02,00,02,40,FF,00,FF,
11298815,00000148,false,Rx,0,8,00,00,42,00,1E,89,40,05,
11299149,00000063,false,Rx,0,8,00,00,05,00,00,08,FD,00,
11299499,00000149,false,Rx,0,8,00,38,00,CC,00,00,00,00,
11299810,00000064,false,Rx,0,8,00,00,00,04,FF,FA,00,00,
11300103,000000A1,false,Rx,0,8,B3,22,EE,57,61,02,8A,00,
11300173,000000A2,false,Rx,0,8,00,00,00,00,00,00,00,00,
11300489,000000A3,false,Rx,0,8,00,40,01,00,00,00,00,00,
11303098,0000036F,false,Rx,0,8,4F,61,01,00,00,00,00,00,
11303464,00000111,false,Rx,0,8,20,02,00,01,00,00,00,00,
11303748,0000037F,false,Rx,0,8,32,C0,52,24,41,02,00,00,
11303926,00000112,false,Rx,0,8,00,00,00,00,00,00,00,00,
11303990,00000113,false,Rx,0,8,00,00,00,00,00,00,00,00,
11304033,00000114,false,Rx,0,8,00,00,00,00,00,00,00,00,
11305918,000004A3,false,Rx,1,8,80,00,48,0B,3E,00,00,00,
11306019,000004A4,false,Rx,1,8,FF,FF,FF,00,00,00,00,00,
11306497,000001B1,false,Rx,0,8,FF,D4,39,00,72,00,00,00,
11307069,000001B2,false,Rx,0,8,23,00,04,B7,0F,08,50,10,
11307423,000001B3,false,Rx,0,8,10,33,38,00,5A,7B,6A,7D,
11307512,000001B4,false,Rx,0,8,65,7D,10,00,00,41,00,00,
11308949,000001AB,false,Rx,0,8,36,A5,C8,50,70,50,00,00,
11309068,000001AC,false,Rx,0,8,00,28,00,00,00,00,00,00,
11309450,00000121,false,Rx,0,8,32,53,54,00,00,00,00,05,
11309538,00000122,false,Rx,0,8,FF,D9,67,1F,46,47,46,45,
11309888,00000123,false,Rx,0,8,B6,02,00,00,00,00,01,00,
11310534,00000124,false,Rx,0,8,00,00,0A,00,00,00,20,40,
11316622,0000010B,false,Rx,0,8,2F,3A,5E,00,00,00,00,05,
11316714,0000010C,false,Rx,0,8,FF,F9,E7,1F,46,4F,48,48,
11317133,0000010D,false,Rx,0,8,B5,02,00,00,00,00,01,00,
11317210,0000010E,false,Rx,0,8,00,00,1E,00,00,C0,AB,57,
11321403,0000011B,false,Rx,0,8,B2,85,18,05,80,08,28,02,
11321497,0000012B,false,Rx,0,8,54,D5,18,06,00,00,08,00,
11321914,0000011C,false,Rx,0,8,00,05,20,00,22,00,01,01,
11321998,0000012C,false,Rx,0,8,00,00,01,00,00,64,00,00,
11322325,00000161,false,Rx,0,8,79,46,0C,03,00,00,00,02,
11322645,00000162,false,Rx,0,8,FF,FC,01,00,00,00,00,00,
11324435,0000030B,false,Rx,0,8,2C,59,A4,00,04,00,00,00,
11324549,0000030C,false,Rx,0,8,00,00,0E,00,2C,00,A0,0F,
11324897,0000030D,false,Rx,0,8,00,00,00,00,43,00,00,00,
11325009,0000030E,false,Rx,0,8,00,00,18,05,21,00,00,1A,
11328006,00000419,false,Rx,0,8,AC,B0,26,D5,35,87,90,00,
11328937,00000036,false,Rx,0,8,30,49,73,51,00,00,25,05,
11329051,00000037,false,Rx,0,8,30,00,00,10,00,40,00,00,
11329463,00000038,false,Rx,0,8,04,00,00,00,60,39,96,D4,
11329553,00000039,false,Rx,0,8,00,00,00,00,00,00,00,00,
11330738,0000019B,false,Rx,0,8,4C,96,69,00,00,E4,00,00,
11330866,0000019C,false,Rx,0,8,40,20,00,00,00,00,0B,09,
11331186,0000019D,false,Rx,0,8,00,10,00,01,00,00,00,00,
11331284,0000019E,false,Rx,0,8,15,00,00,00,00,32,00,00,
11331573,000001A1,false,Rx,0,8,A3,A2,0C,FE,F7,7F,64,00,
11331683,00000475,false,Rx,0,8,12,00,00,00,00,00,00,00,
11331762,000001A2,false,Rx,0,8,44,00,00,00,27,08,00,00,
11332361,00000496,false,Rx,0,8,12,00,00,00,00,00,00,00,
11332889,000001A3,false,Rx,0,8,FF,F3,3F,00,00,00,00,00,
11333220,000001A4,false,Rx,0,8,FE,07,00,00,00,00,00,00,
11333326,000001F1,false,Rx,0,8,3D,04,FD,01,00,00,28,00,
11333642,000001F2,false,Rx,0,8,00,00,00,00,00,00,00,00,
11333870,00000383,false,Rx,0,8,5A,53,00,10,01,00,00,00,
11337857,00000516,false,Rx,0,8,61,02,00,00,00,00,FF,FF,
11340995,00000448,false,Rx,0,8,DE,80,00,00,00,00,00,00,
11342291,000001FB,false,Rx,0,8,88,3E,9C,00,00,00,00,00,
11342425,000001FC,false,Rx,0,8,00,00,00,00,00,00,00,00,
11342492,000001FD,false,Rx,0,8,00,1A,03,00,00,00,00,00,
11342820,000001FE,false,Rx,0,8,00,00,00,00,00,00,00,00,
11345609,000004E8,false,Rx,1,8,FF,FF,FF,05,FF,FF,FF,00,
11347923,00000061,false,Rx,0,8,DF,AE,F3,00,00,00,00,00,
11348024,00000062,false,Rx,0,8,02,02,00,02,40,FF,00,FF,
11348219,00000063,false,Rx,0,8,00,00,05,00,00,08,FD,00,
11348439,00000064,false,Rx,0,8,00,00,00,04,FF,FA,00,00,
11349154,000000A1,false,Rx,0,8,D6,21,F3,57,61,02,8A,00,
11349268,000000A2,false,Rx,0,8,00,00,00,00,00,00,00,00,
11349385,000000A3,false,Rx,0,8,00,40,01,00,00,00,00,00,
11349877,00000382,false,Rx,0,8,2B,FE,21,00,00,05,09,00,
11356517,000002BF,false,Rx,0,8,FF,FF,FF,00,00,00,00,00,
11356610,0000047F,false,Rx,0,8,F0,FC,FF,FF,FF,FF,FF,FF,
11357050,00000653,false,Rx,0,8,0A,19,03,01,02,2A,00,00,
11357439,00000236,false,Rx,0,8,FA,0D,A3,00,34,6C,AE,62,
11357521,000002FB,false,Rx,0,8,F0,2C,A3,04,72,1A,B4,B4,
11357855,00000237,false,Rx,0,8,00,15,47,00,00,1E,1B,00,
11357954,000002FC,false,Rx,0,8,0F,00,14,18,00,00,8E,43,
11358585,00000238,false,Rx,0,8,00,00,72,00,00,00,00,00,
11359168,000002FD,false,Rx,0,8,00,00,00,00,00,1C,13,EA,
11359259,00000239,false,Rx,0,8,00,00,00,00,01,00,00,00,
11359831,000002FE,false,Rx,0,8,00,00,72,01,00,28,C8,02,
11360225,00000121,false,Rx,0,8,3F,95,59,00,00,00,00,05,
11360298,00000122,false,Rx,0,8,FF,D9,67,1F,46,47,46,45,
11360872,000001F6,false,Rx,0,8,F7,26,A3,00,00,00,00,0E,
11361192,00000123,false,Rx,0,8,B6,02,00,00,00,00,01,00,
11361283,000001F7,false,Rx,0,8,26,00,DA,02,00,00,00,00,
11361585,00000124,false,Rx,0,8,00,00,0A,00,00,00,20,40,
11361854,000001F8,false,Rx,0,8,00,5E,01,45,01,00,00,00,
11361949,00000151,false,Rx,0,8,BC,FA,A3,64,C8,00,28,18,
11362284,000001F9,false,Rx,0,8,4B,00,64,C8,14,00,4B,00,
11362640,00000152,false,Rx,0,8,14,17,17,00,51,00,00,00,
11363210,0000025B,false,Rx,0,8,39,B4,A3,40,40,20,00,00,
11363301,00000153,false,Rx,0,8,00,00,00,00,00,00,00,00,
11363515,0000025C,false,Rx,0,8,00,00,26,00,B4,2C,19,00,
11363577,00000154,false,Rx,0,8,00,00,00,00,00,00,00,00,
11363672,0000025D,false,Rx,0,8,00,C8,00,00,00,80,C0,70,
11363718,00000326,false,Rx,0,8,8E,51,A3,00,00,00,00,00,
11363760,0000025E,false,Rx,0,8,02,07,0E,01,00,00,46,00,
11363803,00000327,false,Rx,0,8,00,00,00,00,05,00,00,00,
11363882,00000328,false,Rx,0,8,DA,02,4B,00,00,5E,01,00,
11364154,00000329,false,Rx,0,8,64,45,01,00,00,00,00,00,
11364512,00000331,false,Rx,0,8,AD,F4,A3,F1,C8,A0,2C,97,
11364866,00000332,false,Rx,0,8,E8,08,FC,03,00,00,00,00,
11365204,00000333,false,Rx,0,8,00,00,00,1C,0C,40,20,64,
11365286,00000334,false,Rx,0,8,C8,00,00,00,08,44,F4,8F,
11366904,0000010B,false,Rx,0,8,4C,A1,63,00,00,00,00,05,
11367248,0000010C,false,Rx,0,8,FF,F9,E7,1F,46,4F,48,48,
11367415,0000010D,false,Rx,0,8,B5,02,00,00,00,00,01,00,
11367458,0000010E,false,Rx,0,8,00,00,1E,00,00,C0,AB,57,
11367966,00000419,false,Rx,0,8,AC,B0,26,D5,35,87,90,00,
11371683,0000011B,false,Rx,0,8,44,AD,1D,05,80,08,28,02,
11371799,0000011C,false,Rx,0,8,00,05,20,00,22,00,01,01,
11372203,0000012B,false,Rx,0,8,A2,FD,1D,06,00,00,08,00,
11372277,0000012C,false,Rx,0,8,00,00,01,00,00,64,00,00,
11373462,00000091,false,Rx,0,8,E6,86,A6,26,06,00,00,00,
11373557,00000092,false,Rx,0,8,28,00,00,00,80,02,00,00,
11373998,00000093,false,Rx,0,8,00,00,00,00,00,00,00,00,
11374077,00000094,false,Rx,0,8,00,00,00,00,00,00,00,00,
11375810,000000C5,false,Rx,1,8,00,00,00,00,00,00,00,00,
11376179,00000244,false,Rx,1,8,FF,FF,FF,FF,FF,FF,FF,FF,
11376600,000004B4,false,Rx,1,8,00,00,05,40,10,70,04,00,
11376952,000004B5,false,Rx,1,8,08,00,F0,07,00,00,00,00,
11377222,000004B7,false,Rx,1,8,08,00,F0,07,00,00,00,00,
11377715,000004CA,false,Rx,1,8,00,00,00,00,00,00,00,00,
11378024,000004CC,false,Rx,1,8,08,00,00,06,00,00,03,00,
11378762,000001E6,false,Rx,0,8,24,49,46,02,00,00,00,00,
11379244,000004CE,false,Rx,1,8,DE,01,00,00,00,00,F8,FF,
11379494,000004D7,false,Rx,1,8,23,01,00,00,00,00,00,00,
11380265,000001E7,false,Rx,0,8,00,00,22,03,20,01,00,00,
11380776,000004D8,false,Rx,1,8,41,10,F0,F0,40,F2,1E,CC,
11381385,000001BB,false,Rx,0,8,8B,34,46,02,00,00,00,0A,
11382092,000004DD,false,Rx,1,8,00,00,FE,00,04,00,00,00,
11382173,000004DF,false,Rx,1,8,00,00,08,00,00,00,00,00,
11382655,000001BC,false,Rx,0,8,32,00,00,00,02,00,00,00,
11382994,000004E7,false,Rx,1,8,00,30,00,00,00,00,69,00,
11383150,00000036,false,Rx,0,8,88,48,78,51,00,00,25,05,
11383249,000004E9,false,Rx,1,8,12,00,00,34,00,00,50,00,
11383331,000001BD,false,Rx,0,8,00,00,00,00,00,00,00,00,
11383717,00000037,false,Rx,0,8,30,00,00,10,00,40,00,00,
11384036,000004EA,false,Rx,1,8,67,00,00,89,00,00,00,00,
11384128,000004EB,false,Rx,1,8,02,80,16,15,80,00,00,00,
11384195,00000038,false,Rx,0,8,04,00,00,00,60,39,96,D4,
11384499,00000256,false,Rx,0,8,FA,3F,A2,15,40,00,F0,00,
11384611,000004EC,false,Rx,1,8,00,00,00,00,00,00,00,00,
11384909,000004ED,false,Rx,1,8,00,00,00,00,00,FF,FF,1F,
11384998,00000039,false,Rx,0,8,00,00,00,00,00,00,00,00,
11385043,0000019B,false,Rx,0,8,BF,08,6E,00,00,E4,00,00,
11385171,000004EE,false,Rx,1,8,FF,FF,00,00,00,00,00,00,
11385217,00000257,false,Rx,0,8,00,94,41,19,85,07,00,94,
11385265,000004EF,false,Rx,1,8,60,00,60,00,2B,14,00,00,
11385374,0000019C,false,Rx,0,8,40,20,00,00,00,00,0B,09,
11385909,0000063D,false,Rx,1,8,00,80,00,00,00,00,00,00,
11386265,00000258,false,Rx,0,8,36,F5,1A,00,10,15,00,28,
11386809,0000019D,false,Rx,0,8,00,10,00,01,00,00,00,00,
11387081,0000063E,false,Rx,1,8,FF,FF,FF,FF,FF,FF,FF,FF,
11387243,00000259,false,Rx,0,8,61,05,8D,3C,4C,02,00,00,
11387542,0000019E,false,Rx,0,8,15,00,00,00,00,32,00,00,
11387666,0000063F,false,Rx,1,8,00,10,00,C4,FF,00,00,00,
11388030,000002E6,false,Rx,0,8,4F,CE,A2,01,00,00,00,15,
11388447,00000640,false,Rx,1,8,FF,FF,FF,00,FF,FF,FF,00,
11388539,00000384,false,Rx,0,8,BA,56,0D,01,00,FF,00,24,
11388878,00000641,false,Rx,1,8,FF,FF,FF,FF,0F,FF,FF,FF,
11388959,000002E7,false,Rx,0,8,0A,00,00,00,00,00,00,00,
11389286,00000646,false,Rx,1,8,00,00,00,80,01,00,00,00,
11389352,000002E8,false,Rx,0,8,00,00,00,00,00,00,00,00,
11389439,000002E9,false,Rx,0,8,00,00,00,00,00,00,00,00,
11389648,000004E8,false,Rx,1,8,FF,FF,FF,05,FF,FF,FF,00,
11390503,00000226,false,Rx,0,8,59,C3,F5,FF,63,60,09,42,
11390624,00000227,false,Rx,0,8,02,94,00,09,03,F1,9F,03,
11391387,0000042A,false,Rx,0,8,8E,83,0C,02,00,10,00,00,
11391506,00000396,false,Rx,0,8,E3,D5,D1,0F,08,01,00,02,
11391567,00000397,false,Rx,0,8,1C,00,43,10,3F,07,00,00,
11391844,00000398,false,Rx,0,8,00,00,00,00,00,00,00,00,
11397467,00000146,false,Rx,0,8,80,57,3E,10,04,05,00,00,
11397559,00000147,false,Rx,0,8,01,04,7D,00,40,46,07,00,
11397984,00000061,false,Rx,0,8,67,AF,F8,00,00,00,00,00,
11398077,00000148,false,Rx,0,8,00,00,42,00,1E,89,40,05,
11398414,00000062,false,Rx,0,8,02,02,00,02,40,FF,00,FF,
11398499,00000149,false,Rx,0,8,00,38,00,CC,00,00,00,00,
11398847,00000063,false,Rx,0,8,00,00,05,00,00,08,FD,00,
11399271,00000064,false,Rx,0,8,00,00,00,04,FF,FA,00,00,
11399860,000000A1,false,Rx,0,8,EA,D0,F8,57,61,02,8A,00,
11400165,000000A2,false,Rx,0,8,00,00,00,00,00,00,00,00,
11400260,000000A3,false,Rx,0,8,00,40,01,00,00,00,00,00,
11402731,0000036F,false,Rx,0,8,F6,71,01,00,00,00,00,00,
11402823,0000037F,false,Rx,0,8,8B,D0,52,24,41,02,00,00,
11406540,000001B1,false,Rx,0,8,0C,4A,3E,00,72,00,00,00,
11406640,000001B2,false,Rx,0,8,23,00,04,B7,0F,08,50,10,
11407015,000001B3,false,Rx,0,8,10,33,38,00,5A,7B,6A,7D,
11407374,000001B4,false,Rx,0,8,65,7D,10,00,00,41,00,00,
11408081,00000419,false,Rx,0,8,AC,B0,26,D5,35,87,90,00,
11408892,000001AB,false,Rx,0,8,C0,8D,CD,50,70,50,00,00,
11408994,000001AC,false,Rx,0,8,00,28,00,00,00,00,00,00,
11409410,00000121,false,Rx,0,8,3A,CD,5E,00,00,00,00,05,
11409485,00000122,false,Rx,0,8,FF,D9,67,1F,46,48,46,45,
11409833,00000123,false,Rx,0,8,B6,02,00,00,00,00,01,00,
11410027,00000124,false,Rx,0,8,00,00,0A,00,00,00,20,40,
11412502,000003B0,false,Rx,0,8,72,37,FF,C7,00,00,03,C0,
11416649,0000010B,false,Rx,0,8,F4,A0,68,00,00,00,00,05,
11416743,0000010C,false,Rx,0,8,FF,F9,E7,1F,46,4F,48,48,
11417171,0000010D,false,Rx,0,8,B5,02,00,00,00,00,01,00,
11417493,0000010E,false,Rx,0,8,00,00,1E,00,00,C0,AB,57,
11420415,000003B2,false,Rx,0,8,36,15,FF,02,29,2F,34,00,
11421374,00000161,false,Rx,0,8,00,5C,11,03,00,00,00,02,
11421478,0000011B,false,Rx,0,8,40,B1,22,05,80,08,28,02,
11421663,00000162,false,Rx,0,8,FF,FC,01,00,00,00,00,00,
11421890,0000011C,false,Rx,0,8,00,05,20,00,22,00,01,01,
11422243,0000012B,false,Rx,0,8,A6,E1,22,06,00,00,08,00,
11422634,000001E1,false,Rx,0,8,A5,7D,3A,02,00,00,00,00,
11423215,0000012C,false,Rx,0,8,00,00,01,00,00,64,00,00,
11423310,000001E2,false,Rx,0,8,00,00,00,00,00,00,00,00,
11423595,00000405,false,Rx,0,8,D2,10,00,00,00,01,00,00,
11423767,00000410,false,Rx,0,8,6A,60,57,3C,DE,6A,FF,FF,
11423852,00000413,false,Rx,0,8,08,60,00,00,00,00,00,00,
11423910,00000411,false,Rx,0,8,04,D1,50,51,00,00,44,04,
11424607,00000414,false,Rx,0,8,41,70,00,00,28,00,00,00,
11425008,00000412,false,Rx,0,8,CC,E0,00,00,00,00,00,00,
11425307,00000416,false,Rx,0,8,55,00,00,00,00,00,00,00,
11425759,00000417,false,Rx,0,8,20,E0,00,00,00,00,00,00,
11425842,00000418,false,Rx,0,8,07,C0,00,00,14,0C,00,00,
11426203,000004E8,false,Rx,1,8,FF,FF,FF,05,FF,FF,FF,00,
11428976,00000036,false,Rx,0,8,F7,64,7D,51,00,00,25,05,
11429075,00000037,false,Rx,0,8,30,00,00,10,00,40,00,00,
11429358,00000038,false,Rx,0,8,04,00,00,00,60,39,96,D4,
11429489,00000039,false,Rx,0,8,00,00,00,00,00,00,00,00,
11430576,00000380,false,Rx,0,8,96,92,03,08,08,08,08,01,
11430681,0000019B,false,Rx,0,8,77,0A,73,00,00,E4,00,00,
11430730,0000019C,false,Rx,0,8,40,20,00,00,00,00,0B,09,
11431144,0000019D,false,Rx,0,8,00,10,00,01,00,00,00,00,
11431412,00000427,false,Rx,0,8,1D,86,FF,00,80,0A,00,00,
11431496,0000019E,false,Rx,0,8,15,00,00,00,00,32,00,00,
11432045,000001A1,false,Rx,0,8,6B,A0,11,FE,F7,7F,64,00,
11432393,000001A2,false,Rx,0,8,44,00,00,00,27,08,00,00,
11432743,000001A3,false,Rx,0,8,FF,F3,3F,00,00,00,00,00,
11433024,000001A4,false,Rx,0,8,FE,07,00,00,00,00,00,00,
11433460,00000419,false,Rx,0,8,EA,C0,26,D5,31,87,90,00,
11434445,000003A1,false,Rx,0,8,5D,D0,B9,00,FF,FF,FF,FF,
11434539,000003A2,false,Rx,0,8,00,00,00,00,00,00,00,00,
11436770,00000561,false,Rx,0,8,63,02,00,00,00,00,FF,FF,
11447829,00000061,false,Rx,0,8,18,83,FD,00,00,00,00,00,
11447922,00000062,false,Rx,0,8,02,02,00,02,40,FF,00,FF,
11448358,00000063,false,Rx,0,8,00,00,05,00,00,08,FD,00,
11448435,00000064,false,Rx,0,8,00,00,00,04,FF,FA,00,00,
11449090,000000A1,false,Rx,0,8,E5,3B,FD,57,61,02,8A,00,
11449284,000000A2,false,Rx,0,8,00,00,00,00,00,00,00,00,
11449361,000000A3,false,Rx,0,8,00,40,01,00,00,00,00,00,
11449409,000000FF,false,Rx,0,8,CB,10,00,00,00,00,02,00,
11450552,00000394,false,Rx,0,8,2A,22,1A,49,00,00,00,00,
11450881,000003C3,false,Rx,0,8,45,10,31,30,36,00,00,00,
11450941,000003E0,false,Rx,0,8,01,70,01,00,54,03,00,00,
11451954,000003E5,false,Rx,0,8,8E,90,01,00,00,00,00,00,
11452081,000003E6,false,Rx,0,8,7F,00,00,00,00,00,00,00,
11452418,0000041A,false,Rx,0,8,95,40,12,00,00,00,00,00,
11452832,0000041B,false,Rx,0,8,60,30,00,00,00,00,00,00,
11453092,0000041C,false,Rx,0,8,E9,80,E0,00,00,00,00,00,
11453507,00000422,false,Rx,0,8,EA,C0,01,00,00,00,04,00,
11453777,00000442,false,Rx,0,8,CE,20,11,81,00,00,00,00,
11454305,00000432,false,Rx,0,8,03,20,02,00,00,00,00,00,
11454586,00000435,false,Rx,0,8,9F,D0,00,40,00,00,00,00,
11454835,00000444,false,Rx,0,8,6C,30,20,50,55,50,00,00,
11455086,00000445,false,Rx,0,8,D6,20,00,00,00,00,00,18,
11455699,00000464,false,Rx,0,8,B2,70,F0,FF,38,7F,05,00,
11459487,00000121,false,Rx,0,8,AF,90,63,00,00,00,00,05,
11459581,00000122,false,Rx,0,8,FF,D9,67,1F,46,47,46,45,
11460022,00000123,false,Rx,0,8,B6,02,00,00,00,00,01,00,
11460329,00000124,false,Rx,0,8,00,00,0A,00,00,00,20,40,
11465428,00000487,false,Rx,1,8,00,00,00,00,00,00,00,00,
11465604,00000642,false,Rx,1,8,FF,FF,FF,FF,FF,FF,00,00,
11466680,0000010B,false,Rx,0,8,8B,8C,6D,00,00,00,00,05,
11466801,0000010C,false,Rx,0,8,FF,F9,E7,1F,46,4F,48,48,
11467191,0000010D,false,Rx,0,8,B5,02,00,00,00,00,01,00,
11467293,0000010E,false,Rx,0,8,00,00,1E,00,00,C0,AB,57,
11471529,00000415,false,Rx,0,8,40,13,10,00,08,01,00,00,
11471622,0000011B,false,Rx,0,8,B6,99,27,05,80,08,28,02,
11472072,0000012B,false,Rx,0,8,50,C9,27,06,00,00,08,00,
11472141,0000011C,false,Rx,0,8,00,05,20,00,22,00,01,01,
11472526,0000012C,false,Rx,0,8,00,00,01,00,00,64,00,00,
11472856,00000401,false,Rx,0,8,C6,10,10,00,00,04,00,00,
11473134,00000419,false,Rx,0,8,EA,C0,26,D5,31,87,90,00,
11473573,00000091,false,Rx,0,8,A0,DF,A7,26,06,00,00,00,
11474106,00000092,false,Rx,0,8,28,00,00,00,80,02,00,00,
11474179,00000093,false,Rx,0,8,00,00,00,00,00,00,00,00,
11474234,00000094,false,Rx,0,8,00,00,00,00,00,00,00,00,
11478765,00000036,false,Rx,0,8,81,28,82,51,00,00,25,05,
11478856,00000037,false,Rx,0,8,30,00,00,10,00,40,00,00,
11479270,00000038,false,Rx,0,8,04,00,00,00,60,39,96,D4,
11479355,000003AA,false,Rx,0,8,FF,00,D0,00,54,00,00,00,
11479738,00000039,false,Rx,0,8,00,00,00,00,00,00,00,00,
11480379,000003B6,false,Rx,0,8,09,AD,D1,00,00,00,00,46,
11480755,0000019B,false,Rx,0,8,CF,0B,78,00,00,E4,00,00,
11480879,000003B7,false,Rx,0,8,46,00,00,00,00,00,00,00,
11481208,0000019C,false,Rx,0,8,40,20,00,00,00,00,0B,09,
11481525,000003B8,false,Rx,0,8,B3,02,00,00,00,00,69,0E,
11481718,0000019D,false,Rx,0,8,00,10,00,01,00,00,00,00,
11482500,000002D6,false,Rx,0,8,89,34,D1,00,00,00,00,00,
11482798,0000019E,false,Rx,0,8,15,00,00,00,00,32,00,00,
11482898,000002D7,false,Rx,0,8,00,00,00,00,03,00,00,00,
11483279,000002EB,false,Rx,0,8,17,BD,D1,07,08,01,00,02,
11483542,000001F1,false,Rx,0,8,09,DC,00,01,00,00,28,00,
11483640,000002D8,false,Rx,0,8,00,00,00,00,00,00,38,47,
11483913,000001F2,false,Rx,0,8,00,00,00,00,00,00,00,00,
11484170,000002D9,false,Rx,0,8,00,00,00,00,00,00,00,00,
11484245,000002EC,false,Rx,0,8,02,00,CF,00,59,00,00,00,
11484316,000003B9,false,Rx,0,8,00,00,00,00,00,00,00,00,
11484425,000002ED,false,Rx,0,8,00,00,00,00,00,00,00,00,
11484495,00000495,false,Rx,0,8,49,00,00,00,00,00,00,00,
11484539,000002EE,false,Rx,0,8,00,00,00,00,00,00,00,00,
11489293,00000251,false,Rx,0,8,B3,8A,A4,00,00,00,00,00,
11489386,00000252,false,Rx,0,8,00,00,1B,1B,03,00,00,00,
11489830,00000253,false,Rx,0,8,00,00,00,58,58,00,80,4D,
11489898,000002AB,false,Rx,0,8,EA,8F,A7,0C,0C,00,00,00,
11490218,000002AC,false,Rx,0,8,00,FF,FF,00,00,40,00,54,
11490432,000002AD,false,Rx,0,8,00,01,00,40,FF,FF,FF,0F,
11490652,000002AE,false,Rx,0,8,01,00,FF,3F,01,01,00,00,
11490894,000002B6,false,Rx,0,8,50,A9,A7,01,00,00,00,40,
11491110,000002FF,false,Rx,0,8,D4,CB,00,71,02,00,00,00,
11491354,000002B7,false,Rx,0,8,9F,00,50,1C,00,04,00,00,
11491629,000002B8,false,Rx,0,8,FF,F8,10,00,00,00,00,00,
11491949,000002B9,false,Rx,0,8,0A,00,00,00,00,00,00,00,
11492229,000002C1,false,Rx,0,8,27,FF,D4,21,00,41,00,D4,
11492686,000002C2,false,Rx,0,8,28,00,00,00,00,00,00,00,
11493029,00000316,false,Rx,0,8,11,7B,7B,34,06,80,0A,00,
11493358,000002C3,false,Rx,0,8,00,00,00,00,00,00,00,00,
11493705,00000317,false,Rx,0,8,00,00,05,00,00,00,00,00,
11493996,000002C4,false,Rx,0,8,00,00,00,00,00,00,00,00,
11494064,0000033B,false,Rx,0,8,B2,E5,A6,00,00,00,00,00,
11494198,000002E1,false,Rx,0,8,D6,E2,A7,00,00,00,00,40,
11494245,0000033C,false,Rx,0,8,00,00,00,00,F0,00,00,00,
11494411,000002E2,false,Rx,0,8,FD,00,00,00,00,14,00,04,
11494672,0000033D,false,Rx,0,8,00,00,00,00,00,00,00,00,
11495020,000002E3,false,Rx,0,8,00,00,00,00,00,00,72,01,
11495249,0000033E,false,Rx,0,8,00,00,00,00,00,00,00,00,
11495388,000002E4,false,Rx,0,8,02,00,00,00,00,00,00,00,
11495683,000003B1,false,Rx,0,8,C1,DE,00,80,00,00,20,00,
11496273,00000472,false,Rx,0,8,5C,EC,00,40,08,41,00,45,
11496634,00000356,false,Rx,0,8,7A,6F,D3,00,00,00,00,00,
11496730,00000473,false,Rx,0,8,5F,24,00,25,00,00,00,78,
11497021,00000357,false,Rx,0,8,00,00,00,00,00,4B,4D,48,
11497309,00000474,false,Rx,0,8,91,72,00,00,00,00,00,08,
11497410,00000358,false,Rx,0,8,35,41,45,4D,52,37,33,4F,
11497694,00000146,false,Rx,0,8,94,EF,43,10,04,05,00,00,
11497794,00000359,false,Rx,0,8,51,4F,34,52,4A,35,33,00,
11498367,00000061,false,Rx,0,8,6E,CF,02,00,00,00,00,00,
11498703,00000147,false,Rx,0,8,01,04,7D,00,40,46,07,00,
11498799,00000062,false,Rx,0,8,02,02,00,02,40,FF,00,FF,
11499098,00000148,false,Rx,0,8,00,00,42,00,1E,89,40,05,
11499367,00000063,false,Rx,0,8,00,00,05,00,00,08,FD,00,
11499472,00000149,false,Rx,0,8,00,38,00,CC,00,00,00,00,
11499781,00000064,false,Rx,0,8,00,00,00,04,FF,FA,00,00,
11500124,000000A1,false,Rx,0,8,97,E5,02,57,61,02,8A,00,
11500448,000000A2,false,Rx,0,8,00,00,00,00,00,00,00,00,
11500763,000000A3,false,Rx,0,8,00,40,01,00,00,00,00,00,
11502786,0000036F,false,Rx,0,8,5F,81,01,00,00,00,00,00,
11502872,00000111,false,Rx,0,8,66,5B,01,01,00,00,00,00,
11503088,0000037F,false,Rx,0,8,5D,E0,52,24,41,02,00,00,
11503685,00000112,false,Rx,0,8,00,00,00,00,00,00,00,00,
11503810,00000113,false,Rx,0,8,00,00,00,00,00,00,00,00,
11504103,00000114,false,Rx,0,8,00,00,00,00,00,00,00,00,
11506588,000001B1,false,Rx,0,8,18,F2,43,00,72,00,00,00,
11506775,000004A3,false,Rx,1,8,80,00,48,0B,3E,00,00,00,
11506821,000001B2,false,Rx,0,8,23,00,04,B7,0F,08,50,10,
11507144,000001B3,false,Rx,0,8,10,33,38,00,5A,7B,6A,7D,
11507449,000004A4,false,Rx,1,8,FF,FF,FF,00,00,00,00,00,
11507810,000001B4,false,Rx,0,8,65,7D,10,00,00,41,00,00,
11507917,000001AB,false,Rx,0,8,D0,D7,D2,50,70,50,00,00,
11508301,000001AC,false,Rx,0,8,00,28,00,00,00,00,00,00,
11509545,00000121,false,Rx,0,8,E1,57,68,00,00,00,00,05,
11509672,00000122,false,Rx,0,8,FF,D9,67,1F,46,48,46,45,
11510085,00000123,false,Rx,0,8,B6,02,00,00,00,00,01,00,
11510448,00000124,false,Rx,0,8,00,00,0A,00,00,00,20,40,
11513444,00000419,false,Rx,0,8,EA,C0,26,D5,31,87,90,00,
11516644,0000010B,false,Rx,0,8,CF,3C,72,00,00,00,00,05,
11516736,0000010C,false,Rx,0,8,FF,F9,E7,1F,46,4F,48,48,
11517140,0000010D,false,Rx,0,8,B5,02,00,00,00,00,01,00,
11517226,0000010E,false,Rx,0,8,00,00,1E,00,00,C0,AB,57,
11521438,00000161,false,Rx,0,8,9F,34,16,03,00,00,00,02,
11521590,00000563,false,Rx,1,8,65,02,00,00,00,00,FF,FF,
11521876,0000011B,false,Rx,0,8,7E,60,2C,05,80,08,28,02,
11521983,00000162,false,Rx,0,8,FF,FC,01,00,00,00,00,00,
11522036,0000011C,false,Rx,0,8,00,05,20,00,22,00,01,01,
11522457,0000012B,false,Rx,0,8,98,30,2C,06,00,00,08,00,
11522809,0000012C,false,Rx,0,8,00,00,01,00,00,64,00,00,
11524387,0000030B,false,Rx,0,8,02,6F,A6,00,04,00,00,00,
11524523,0000030C,false,Rx,0,8,00,00,0E,00,2C,00,A0,0F,
11524952,0000030D,false,Rx,0,8,00,00,00,00,43,00,00,00,
11525248,0000030E,false,Rx,0,8,00,00,18,05,21,00,00,00,
11527323,000001E6,false,Rx,0,8,3E,30,49,02,00,00,00,00,
11527437,000001BB,false,Rx,0,8,BB,19,49,02,00,00,00,0A,
11527598,000001BC,false,Rx,0,8,32,00,00,00,02,00,00,00,
11527965,000001BD,false,Rx,0,8,00,00,00,00,00,00,00,00,
11528123,000001E7,false,Rx,0,8,00,00,22,03,20,01,00,00,
11528771,00000036,false,Rx,0,8,FE,04,87,51,00,00,25,05,
11529005,00000037,false,Rx,0,8,30,00,00,10,00,40,00,00,
11529258,00000038,false,Rx,0,8,04,00,00,00,60,39,96,D4,
11529605,00000039,false,Rx,0,8,00,00,00,00,00,00,00,00,
11530656,0000019B,false,Rx,0,8,B0,27,7D,00,00,E4,00,00,
11530774,0000019C,false,Rx,0,8,40,20,00,00,00,00,0B,09,
11530830,0000019D,false,Rx,0,8,00,10,00,01,00,00,00,00,
11531188,00000475,false,Rx,0,8,12,00,00,00,00,00,00,00,
11531499,0000019E,false,Rx,0,8,15,00,00,00,00,32,00,00,
11531581,000001A1,false,Rx,0,8,98,3E,16,FE,F7,7F,64,00,
11531899,00000496,false,Rx,0,8,12,00,00,00,00,00,00,00,
11532477,000001A2,false,Rx,0,8,44,00,00,00,27,08,00,00,
11532584,000001A3,false,Rx,0,8,FF,F3,3F,00,00,00,00,00,
11532873,000001A4,false,Rx,0,8,FE,07,00,00,00,00,00,00,
11533463,00000383,false,Rx,0,8,5A,53,00,10,01,00,00,00,
11540982,00000448,false,Rx,0,8,DE,80,00,00,00,00,00,00,
11542179,000001FB,false,Rx,0,8,04,8C,9E,00,00,00,00,00,
11542288,000001FC,false,Rx,0,8,00,00,00,00,00,00,00,00,
11542685,000001FD,false,Rx,0,8,00,1A,03,00,00,00,00,00,
11542780,000001FE,false,Rx,0,8,00,00,00,00,00,00,00,00,
11547793,00000061,false,Rx,0,8,11,E3,07,00,00,00,00,00,
11547931,00000062,false,Rx,0,8,02,02,00,02,40,FF,00,FF,
11548146,00000063,false,Rx,0,8,00,00,05,00,00,08,FD,00,
11548425,00000064,false,Rx,0,8,00,00,00,04,FF,FA,00,00,
11548660,000000A1,false,Rx,0,8,98,0E,07,57,61,02,8A,00,
11548910,000000A2,false,Rx,0,8,00,00,00,00,00,00,00,00,
11549411,000000A3,false,Rx,0,8,00,40,01,00,00,00,00,00,
11550074,00000382,false,Rx,0,8,2B,FE,21,00,00,05,09,00,
11556380,000002BF,false,Rx,0,8,FF,FF,FF,00,00,00,00,00,
11556472,0000047F,false,Rx,0,8,F0,FC,FF,FF,FF,FF,FF,FF,
11556891,00000653,false,Rx,0,8,0A,19,03,01,02,2A,00,00,
11557305,00000236,false,Rx,0,8,4F,CA,A5,00,34,6C,AE,62,
11557936,00000237,false,Rx,0,8,00,15,47,00,00,1E,1B,00,
11558036,000002FB,false,Rx,0,8,45,EB,A5,04,72,1A,B4,B4,
11558125,00000238,false,Rx,0,8,00,00,72,00,00,00,00,00,
11558332,000002FC,false,Rx,0,8,0F,00,14,18,00,00,8E,43,
11558419,00000239,false,Rx,0,8,00,00,00,00,01,00,00,00,
11559052,000002FD,false,Rx,0,8,00,00,00,00,00,1C,13,EA,
11559427,000002FE,false,Rx,0,8,00,00,72,01,00,28,C8,02,
11559697,00000121,false,Rx,0,8,68,BD,6D,00,00,00,00,05,
11560026,00000122,false,Rx,0,8,FF,D9,67,1F,46,47,46,45,
11560120,000001F6,false,Rx,0,8,42,E1,A5,00,00,00,00,0E,
11560397,00000123,false,Rx,0,8,B6,02,00,00,00,00,01,00,
11560529,000001F7,false,Rx,0,8,26,00,DA,02,00,00,00,00,
11560660,00000124,false,Rx,0,8,00,00,0A,00,00,00,20,40,
11560786,000001F8,false,Rx,0,8,00,5E,01,45,01,00,00,00,
11561377,00000151,false,Rx,0,8,09,3D,A5,64,C8,00,28,18,
11561732,000001F9,false,Rx,0,8,4B,00,64,C8,14,00,4B,00,
11562016,00000152,false,Rx,0,8,14,17,17,00,51,00,00,00,
11562116,0000025B,false,Rx,0,8,87,F4,A5,40,40,20,00,00,
11562431,00000153,false,Rx,0,8,00,00,00,00,00,00,00,00,
11562685,0000025C,false,Rx,0,8,00,00,26,00,B4,2C,19,00,
11562758,00000154,false,Rx,0,8,00,00,00,00,00,00,00,00,
11563062,0000025D,false,Rx,0,8,00,C8,00,00,00,80,C0,70,
11563386,00000326,false,Rx,0,8,3B,96,A5,00,00,00,00,00,
11563749,0000025E,false,Rx,0,8,5A,07,0E,08,00,00,46,00,
11564048,00000327,false,Rx,0,8,00,00,00,00,05,00,00,00,
11564241,00000328,false,Rx,0,8,DA,02,4B,00,00,5E,01,00,
11564306,00000329,false,Rx,0,8,64,45,01,00,00,00,00,00,
11564386,00000331,false,Rx,0,8,18,33,A5,F1,C8,A0,2C,97,
11564457,00000332,false,Rx,0,8,E8,08,FC,03,00,00,00,00,
11564675,00000333,false,Rx,0,8,00,00,00,1C,0C,40,20,64,
11565101,00000334,false,Rx,0,8,C8,00,00,00,08,44,F4,8F,
11567030,0000010B,false,Rx,0,8,B0,10,77,00,00,00,00,05,
11567444,0000010C,false,Rx,0,8,FF,F9,E7,1F,46,4F,48,48,
11567742,0000010D,false,Rx,0,8,B5,02,00,00,00,00,01,00,
11568125,0000010E,false,Rx,0,8,00,00,1E,00,00,C0,AB,57,
11571613,0000011B,false,Rx,0,8,07,7A,31,05,80,08,28,02,
11571708,0000012B,false,Rx,0,8,E1,2A,31,06,00,00,08,00,
11572145,0000011C,false,Rx,0,8,00,05,20,00,22,00,01,01,
11572470,0000012C,false,Rx,0,8,00,00,01,00,00,64,00,00,
11572560,000001E1,false,Rx,0,8,3A,15,3D,02,00,00,00,00,
11572749,000001E2,false,Rx,0,8,00,00,00,00,00,00,00,00,
11573543,00000091,false,Rx,0,8,EC,55,A8,26,06,00,00,00,
11573923,00000092,false,Rx,0,8,27,00,00,00,70,02,00,00,
11574053,00000093,false,Rx,0,8,00,00,00,00,00,00,00,00,
11574366,00000094,false,Rx,0,8,00,00,00,00,00,00,00,00,
11576776,000000C5,false,Rx,1,8,00,00,00,00,00,00,00,00,
11577109,00000244,false,Rx,1,8,FF,FF,FF,FF,FF,FF,FF,FF,
11577228,0000041F,false,Rx,1,8,00,0C,00,00,00,00,00,00,
11577276,000004B4,false,Rx,1,8,00,00,05,40,10,70,04,00,
11577366,000004B5,false,Rx,1,8,08,00,F0,07,00,00,00,00,
11578623,000004B7,false,Rx,1,8,08,00,F0,07,00,00,00,00,
11578969,000004CA,false,Rx,1,8,00,00,00,00,00,00,00,00,
11579033,000004CC,false,Rx,1,8,08,00,00,06,00,00,03,00,
11579600,00000256,false,Rx,0,8,5D,D2,A4,15,40,00,00,01,
11579903,000004CE,false,Rx,1,8,DE,01,00,00,00,00,F8,FF,
11580473,00000036,false,Rx,0,8,46,05,8C,51,00,00,25,05,
11580933,000004D7,false,Rx,1,8,23,01,00,00,00,00,00,00,
11581657,00000257,false,Rx,0,8,00,94,41,1B,85,07,00,94,
11582150,000004D8,false,Rx,1,8,41,10,F0,F0,40,F2,1E,CC,
11582770,00000037,false,Rx,0,8,30,00,00,10,00,40,00,00,
11583117,000004DD,false,Rx,1,8,00,00,FE,00,04,00,00,00,
11583271,00000258,false,Rx,0,8,36,F5,1A,00,10,15,00,28,
11583341,00000038,false,Rx,0,8,04,00,00,00,60,39,96,D4,
11583389,000004DF,false,Rx,1,8,00,00,08,00,00,00,00,00,
11583434,00000259,false,Rx,0,8,69,05,8E,3C,4C,02,00,00,
11583511,00000039,false,Rx,0,8,00,00,00,00,00,00,00,00,
11584047,000004E7,false,Rx,1,8,00,30,00,00,00,00,69,00,
11584118,000002E6,false,Rx,0,8,FA,09,A4,01,00,00,00,15,
11584237,000004E8,false,Rx,1,8,FF,FF,FF,05,FF,FF,FF,00,
11584977,0000019B,false,Rx,0,8,C6,6B,82,00,00,E4,00,00,
11585731,000004E9,false,Rx,1,8,12,00,00,34,00,00,50,00,
11585871,000002E7,false,Rx,0,8,0A,00,00,00,00,00,00,00,
11585963,0000019C,false,Rx,0,8,40,20,00,00,00,00,0B,09,
11586043,000004EA,false,Rx,1,8,67,00,00,89,00,00,00,00,
11586100,000002E8,false,Rx,0,8,00,00,00,00,00,00,00,00,
11586171,000004EB,false,Rx,1,8,02,80,16,15,80,00,00,00,
11586414,0000019D,false,Rx,0,8,00,10,00,01,00,00,00,00,
11586513,000004EC,false,Rx,1,8,00,00,00,00,00,00,00,00,
11586786,000002E9,false,Rx,0,8,00,00,00,00,00,00,00,00,
11586884,0000019E,false,Rx,0,8,15,00,00,00,00,32,00,00,
11587481,000004ED,false,Rx,1,8,00,00,00,00,00,FF,FF,1F,
11587788,00000384,false,Rx,0,8,BA,56,0D,01,00,FF,00,24,
11588130,000004EE,false,Rx,1,8,FF,FF,00,00,00,00,00,00,
11588206,0000048B,false,Rx,0,8,84,70,C4,1E,01,00,00,00,
11588288,000004EF,false,Rx,1,8,60,00,60,00,2B,14,00,00,
11588616,0000048C,false,Rx,0,8,00,00,00,00,00,00,00,00,
11588730,0000063D,false,Rx,1,8,00,80,00,00,00,00,00,00,
11589119,0000063E,false,Rx,1,8,FF,FF,FF,FF,FF,FF,FF,FF,
11589345,0000063F,false,Rx,1,8,00,10,00,C4,FF,00,00,00,
11589436,00000640,false,Rx,1,8,FF,FF,FF,00,FF,FF,FF,00,
11589489,00000641,false,Rx,1,8,FF,FF,FF,FF,0F,FF,FF,FF,
11589541,00000646,false,Rx,1,8,00,00,00,80,01,00,00,00,
11590350,00000226,false,Rx,0,8,30,83,F7,FF,63,60,09,42,
11590694,00000227,false,Rx,0,8,02,94,00,09,03,F1,9F,03,
11591015,0000042A,false,Rx,0,8,8E,83,0C,02,00,10,00,00,
11591541,00000396,false,Rx,0,8,55,76,D2,0F,08,01,00,02,
11591865,00000397,false,Rx,0,8,56,00,43,10,3F,07,00,00,
11591924,00000398,false,Rx,0,8,00,00,00,00,00,00,00,00,
11597573,00000146,false,Rx,0,8,2C,EE,48,10,04,05,00,00,
11597705,00000147,false,Rx,0,8,01,04,7D,00,40,46,07,00,
11597758,00000061,false,Rx,0,8,A9,E2,0C,00,00,00,00,00,
11598130,00000148,false,Rx,0,8,00,00,42,00,1E,89,40,05,
11598536,00000062,false,Rx,0,8,02,02,00,02,40,FF,00,FF,
11598856,00000149,false,Rx,0,8,00,38,00,CC,00,00,00,00,
11598976,00000063,false,Rx,0,8,00,00,05,00,00,08,FD,00,
11599026,00000064,false,Rx,0,8,00,00,00,04,FF,FA,00,00,
11599258,000000A1,false,Rx,0,8,A4,FF,0C,57,61,02,8A,00,
11599632,000000A2,false,Rx,0,8,00,00,00,00,00,00,00,00,
11599772,000000A3,false,Rx,0,8,00,40,01,00,00,00,00,00,
11602867,0000036F,false,Rx,0,8,E6,91,01,00,00,00,00,00,
11602968,0000037F,false,Rx,0,8,4D,00,52,24,41,02,00,00,
11606406,000001B1,false,Rx,0,8,BA,8A,48,00,72,00,00,00,
11606517,000001B2,false,Rx,0,8,23,00,04,B7,0F,08,50,10,
11606935,000001B3,false,Rx,0,8,10,33,37,00,5A,7B,6A,7D,
11607013,000001B4,false,Rx,0,8,65,7D,10,00,00,41,00,00,
11607495,000001AB,false,Rx,0,8,26,FF,D7,50,70,50,00,00,
11607703,000001AC,false,Rx,0,8,00,28,00,00,00,00,00,00,
11609581,00000121,false,Rx,0,8,DA,CB,72,00,00,00,00,05,
11609697,00000122,false,Rx,0,8,FF,D9,67,1F,46,48,46,45,
11609764,00000123,false,Rx,0,8,B6,02,00,00,00,00,01,00,
11610000,00000124,false,Rx,0,8,00,00,0A,00,00,00,20,40,
11611293,0000034B,false,Rx,0,8,F8,51,C4,31,D8,0D,05,01,
11611461,0000034C,false,Rx,0,8,00,00,00,00,00,00,00,00,
11611731,0000034D,false,Rx,0,8,00,00,00,00,00,00,00,00,
11612285,0000034E,false,Rx,0,8,00,00,00,00,00,00,00,00,
11612650,000003B0,false,Rx,0,8,72,37,FF,C7,00,00,03,C0,
11616641,0000010B,false,Rx,0,8,08,11,7C,00,00,00,00,05,
11616735,0000010C,false,Rx,0,8,FF,F9,E7,1F,46,4F,48,48,
11617159,0000010D,false,Rx,0,8,B5,02,00,00,00,00,01,00,
11617235,0000010E,false,Rx,0,8,00,00,1E,00,00,C0,AB,57,
11620375,000003B2,false,Rx,0,8,36,15,FF,02,29,2F,34,00,
11620947,00000565,false,Rx,0,8,66,02,00,00,00,00,FF,FF,
11621432,00000161,false,Rx,0,8,EC,0D,1B,03,00,00,00,02,
11621542,0000011B,false,Rx,0,8,98,12,36,05,80,08,28,02,
11621952,00000162,false,Rx,0,8,FF,FC,01,00,00,00,00,00,
11622023,0000011C,false,Rx,0,8,00,05,20,00,22,00,01,01,
11622376,0000012B,false,Rx,0,8,7E,42,36,06,00,00,08,00,
11622749,0000012C,false,Rx,0,8,00,00,01,00,00,64,00,00,
11623068,00000405,false,Rx,0,8,D2,10,00,00,00,01,00,00,
11623346,00000410,false,Rx,0,8,6A,60,57,3C,DE,6A,FF,FF,
11623459,00000411,false,Rx,0,8,04,D1,50,51,00,00,44,04,
11623775,00000412,false,Rx,0,8,CC,E0,00,00,00,00,00,00,
11624098,00000413,false,Rx,0,8,08,60,00,00,00,00,00,00,
11624433,00000414,false,Rx,0,8,41,70,00,00,28,00,00,00,
11624775,00000416,false,Rx,0,8,55,00,00,00,00,00,00,00,
11625120,00000417,false,Rx,0,8,20,E0,00,00,00,00,00,00,
11625390,00000418,false,Rx,0,8,07,C0,00,00,14,0C,00,00,
11625481,00000419,false,Rx,0,8,EA,C0,26,D5,31,87,90,00,
11629327,00000036,false,Rx,0,8,8E,07,91,51,00,00,25,05,
11629576,00000037,false,Rx,0,8,30,00,00,10,00,40,00,00,
11629660,00000038,false,Rx,0,8,04,00,00,00,60,39,96,D4,
11629708,00000039,false,Rx,0,8,00,00,00,00,00,00,00,00,
11630174,00000380,false,Rx,0,8,FF,FF,03,08,08,08,08,01,
11630491,0000019B,false,Rx,0,8,B9,47,87,00,00,E4,00,00,
11630639,0000019C,false,Rx,0,8,40,20,00,00,00,00,0B,09,
11630943,0000019D,false,Rx,0,8,00,10,00,01,00,00,00,00,
11631151,00000427,false,Rx,0,8,1D,86,FF,00,80,0A,00,00,
11631559,0000019E,false,Rx,0,8,15,00,00,00,00,32,00,00,
11631920,000001A1,false,Rx,0,8,95,F8,1B,FE,F7,7F,64,00,
11632243,000001A2,false,Rx,0,8,44,00,00,00,27,08,00,00,
11632523,000001A3,false,Rx,0,8,FF,F3,3F,00,00,00,00,00,
11632658,000001A4,false,Rx,0,8,FE,07,00,00,00,00,00,00,
11632725,000001F1,false,Rx,0,8,44,34,03,01,00,00,28,00,
11632950,000001F2,false,Rx,0,8,00,00,00,00,00,00,00,00,
11634119,000003A1,false,Rx,0,8,10,38,BA,00,FF,FF,FF,FF,
11634230,000003A2,false,Rx,0,8,00,00,00,00,00,00,00,00,
11647802,00000061,false,Rx,0,8,61,E0,11,00,00,00,00,00,
11647896,00000062,false,Rx,0,8,02,02,00,02,40,FF,00,FF,
11648307,00000063,false,Rx,0,8,00,00,05,00,00,08,FD,00,
11648685,00000064,false,Rx,0,8,00,00,00,04,FF,FA,00,00,
11648818,000000A1,false,Rx,0,8,C1,FC,11,57,61,02,8A,00,
11649118,000000A2,false,Rx,0,8,00,00,00,00,00,00,00,00,
11649283,000000A3,false,Rx,0,8,00,40,01,00,00,00,00,00,
11649477,000000FF,false,Rx,0,8,CB,10,00,00,00,00,02,00,
11650399,00000394,false,Rx,0,8,2A,22,1A,49,00,00,00,00,
11650632,000003C3,false,Rx,0,8,45,10,31,30,36,00,00,00,
11651195,000003E0,false,Rx,0,8,01,70,01,00,54,03,00,00,
11651960,000003E5,false,Rx,0,8,8E,90,01,00,00,00,00,00,
11652058,000003E6,false,Rx,0,8,7F,00,00,00,00,00,00,00,
11652390,0000041A,false,Rx,0,8,95,40,12,00,00,00,00,00,
11652648,0000041B,false,Rx,0,8,60,30,00,00,00,00,00,00,
11653302,0000041C,false,Rx,0,8,E9,80,E0,00,00,00,00,00,
11653635,00000422,false,Rx,0,8,EA,C0,01,00,00,00,04,00,
11654083,00000435,false,Rx,0,8,9F,D0,00,40,00,00,00,00,
11654184,00000432,false,Rx,0,8,03,20,02,00,00,00,00,00,
11654383,00000442,false,Rx,0,8,CE,20,11,81,00,00,00,00,
11654682,00000444,false,Rx,0,8,6C,30,20,50,55,50,00,00,
11654921,00000445,false,Rx,0,8,D6,20,00,00,00,00,00,18,
11655531,00000464,false,Rx,0,8,B2,70,F0,FF,38,7F,05,00,
11659473,00000121,false,Rx,0,8,53,21,77,00,00,00,00,05,
11659564,00000122,false,Rx,0,8,FF,D9,67,1F,46,47,46,45,
11659978,00000123,false,Rx,0,8,B6,02,00,00,00,00,01,00,
11660066,00000124,false,Rx,0,8,00,00,0A,00,00,00,20,40,
11666473,00000487,false,Rx,1,8,00,00,00,00,00,00,00,00,
11666677,0000010B,false,Rx,0,8,F2,EF,81,00,00,00,00,05,
11666738,00000642,false,Rx,1,8,FF,FF,FF,FF,FF,FF,00,00,
11666805,0000010C,false,Rx,0,8,FF,F9,E7,1F,46,4F,48,48,
11667244,0000010D,false,Rx,0,8,B5,02,00,00,00,00,01,00,
11667882,0000010E,false,Rx,0,8,00,00,1E,00,00,C0,AB,57,
11671638,0000011B,false,Rx,0,8,EB,2B,3B,05,80,08,28,02,
11671729,0000012B,false,Rx,0,8,0D,7B,3B,06,00,00,08,00,
11672220,0000011C,false,Rx,0,8,00,05,20,00,22,00,01,01,
11672499,0000012C,false,Rx,0,8,00,00,01,00,00,64,00,00,
11673182,00000401,false,Rx,0,8,C6,10,10,00,00,04,00,00,
11673492,00000091,false,Rx,0,8,8D,1D,A9,26,06,00,00,00,
11673584,00000092,false,Rx,0,8,26,00,00,00,60,02,00,00,
11674252,00000093,false,Rx,0,8,00,00,00,00,00,00,00,00,
11674361,00000094,false,Rx,0,8,00,00,00,00,00,00,00,00,
11677248,000001E6,false,Rx,0,8,C8,18,4C,02,00,00,00,00,
11677342,000001BB,false,Rx,0,8,B4,F2,4C,02,00,00,00,0A,
11677832,000001BC,false,Rx,0,8,32,00,00,00,02,00,00,00,
11678152,000001BD,false,Rx,0,8,00,00,00,00,00,00,00,00,
11678232,000001E7,false,Rx,0,8,00,00,22,03,20,01,00,00,
11679195,00000036,false,Rx,0,8,7D,99,96,51,00,00,25,05,
11679353,00000037,false,Rx,0,8,30,00,00,10,00,40,00,00,
11679678,00000038,false,Rx,0,8,04,00,00,00,60,39,96,D4,
11679746,00000039,false,Rx,0,8,00,00,00,00,00,00,00,00,
11679792,000003AA,false,Rx,0,8,FF,00,D0,00,54,00,00,00,
11680221,000003B6,false,Rx,0,8,C3,46,D2,00,00,00,00,46,
11680392,0000019B,false,Rx,0,8,01,46,8C,00,00,E4,00,00,
11680827,000003B7,false,Rx,0,8,46,00,00,00,00,00,00,00,
11681162,0000019C,false,Rx,0,8,40,20,00,00,00,00,0B,09,
11681254,000003B8,false,Rx,0,8,B3,02,00,00,00,00,69,0E,
11681571,0000019D,false,Rx,0,8,00,10,00,01,00,00,00,00,
11681892,000002D6,false,Rx,0,8,43,DF,D2,00,00,00,00,00,
11682168,0000019E,false,Rx,0,8,15,00,00,00,00,32,00,00,
11682797,000002D7,false,Rx,0,8,00,00,00,00,03,00,00,00,
11682898,000002EB,false,Rx,0,8,70,65,D2,07,08,01,00,02,
11683175,000002D8,false,Rx,0,8,00,00,00,00,00,00,38,47,
11683521,000002EC,false,Rx,0,8,0A,00,CF,00,59,00,00,00,
11683873,000002D9,false,Rx,0,8,00,00,00,00,00,00,00,00,
11683957,000002ED,false,Rx,0,8,00,00,00,00,00,00,00,00,
11684233,000003B9,false,Rx,0,8,00,00,00,00,00,00,00,00,
11684537,000002EE,false,Rx,0,8,00,00,00,00,00,00,00,00,
11684852,00000495,false,Rx,0,8,49,00,00,00,00,00,00,00,
11689658,00000251,false,Rx,0,8,B5,E4,A6,00,00,00,00,00,
11689752,00000252,false,Rx,0,8,00,00,1B,1B,03,00,00,00,
11690152,000002AB,false,Rx,0,8,2D,A2,A9,0C,0C,00,00,00,
11690236,00000253,false,Rx,0,8,00,00,00,58,58,00,80,4D,
11690612,000002AC,false,Rx,0,8,00,FF,FF,00,00,40,00,54,
11690876,000002FF,false,Rx,0,8,D4,CB,00,71,02,00,00,00,
11690981,000002AD,false,Rx,0,8,00,01,00,40,FF,FF,FF,0F,
11691342,00000316,false,Rx,0,8,8E,13,7C,34,06,80,0A,00,
11691944,000002AE,false,Rx,0,8,01,00,FF,3F,01,01,00,00,
11692251,00000317,false,Rx,0,8,00,00,05,00,00,00,00,00,
11692338,000002B6,false,Rx,0,8,97,84,A9,01,00,00,00,40,
11692631,000002B7,false,Rx,0,8,9F,00,50,1C,00,04,00,00,
11692926,000002B8,false,Rx,0,8,FF,F8,10,00,00,00,00,00,
11693032,000003B1,false,Rx,0,8,C1,DE,00,80,00,00,20,00,
11693345,000002B9,false,Rx,0,8,0A,00,00,00,00,00,00,00,
11693943,00000472,false,Rx,0,8,5C,EC,00,40,08,41,00,45,
11694284,000002C1,false,Rx,0,8,61,A6,D5,21,00,41,00,D4,
11694382,0000033B,false,Rx,0,8,75,C8,A8,00,00,00,00,00,
11694687,000002C2,false,Rx,0,8,28,00,00,00,00,00,00,00,
11694853,0000033C,false,Rx,0,8,00,00,00,00,F0,00,00,00,
11694914,000002C3,false,Rx,0,8,00,00,00,00,00,00,00,00,
11694973,0000033D,false,Rx,0,8,00,00,00,00,00,00,00,00,
11695048,000002C4,false,Rx,0,8,00,00,00,00,00,00,00,00,
11695602,0000033E,false,Rx,0,8,00,00,00,00,00,00,00,00,
11695971,000002E1,false,Rx,0,8,11,CF,A9,00,00,00,00,40,
11696294,00000356,false,Rx,0,8,89,F1,D4,00,00,00,00,00,
11696364,000002E2,false,Rx,0,8,FD,00,00,00,00,14,00,04,
11696635,00000357,false,Rx,0,8,00,00,00,00,00,4B,4D,48,
11696961,000002E3,false,Rx,0,8,00,00,00,00,00,00,72,01,
11697061,00000358,false,Rx,0,8,35,41,45,4D,52,37,33,4F,
11697329,000002E4,false,Rx,0,8,02,00,00,00,00,00,00,00,
11697413,00000359,false,Rx,0,8,51,4F,34,52,4A,35,33,00,
11697748,00000146,false,Rx,0,8,53,C2,4D,10,04,05,00,00,
11698080,00000473,false,Rx,0,8,5F,24,00,25,00,00,00,78,
11698649,00000061,false,Rx,0,8,92,7E,16,00,00,00,00,00,
11698768,00000147,false,Rx,0,8,01,04,7D,00,40,46,07,00,
11699063,00000062,false,Rx,0,8,02,02,00,02,40,FF,00,FF,
11699378,00000148,false,Rx,0,8,00,00,42,00,1E,89,40,05,
11699473,00000063,false,Rx,0,8,00,00,05,00,00,08,FD,00,
11699634,00000149,false,Rx,0,8,00,38,00,CC,00,00,00,00,
11699762,00000064,false,Rx,0,8,00,00,00,04,FF,FA,00,00,
11699957,00000474,false,Rx,0,8,91,72,00,00,00,00,00,08,
11700048,000000A1,false,Rx,0,8,C8,79,16,57,61,02,8A,00,
11700101,000000A2,false,Rx,0,8,00,00,00,00,00,00,00,00,
11700259,000000A3,false,Rx,0,8,00,40,01,00,00,00,00,00,
11703118,0000036F,false,Rx,0,8,30,A1,01,00,00,00,00,00,
11703341,00000111,false,Rx,0,8,AC,B0,02,01,00,00,00,00,
11703396,0000037F,false,Rx,0,8,F4,10,52,24,41,02,00,00,
11703500,00000112,false,Rx,0,8,00,00,00,00,00,00,00,00,
11703719,00000113,false,Rx,0,8,00,00,00,00,00,00,00,00,
11703793,00000114,false,Rx,0,8,00,00,00,00,00,00,00,00,
11706744,000001B1,false,Rx,0,8,C5,A6,4D,00,72,00,00,00,
11706853,000001B2,false,Rx,0,8,23,00,04,B7,0F,08,50,10,
11707096,000001B3,false,Rx,0,8,10,33,37,00,5A,7B,6A,7D,
11707788,000001B4,false,Rx,0,8,65,7D,10,00,00,41,00,00,
11708431,000001AB,false,Rx,0,8,EE,06,DC,50,70,50,00,00,
11708767,000004A3,false,Rx,1,8,80,00,48,0B,3E,00,00,00,
11708938,000001AC,false,Rx,0,8,00,28,00,00,00,00,00,00,
11709050,000004A4,false,Rx,1,8,FF,FF,FF,00,00,00,00,00,
11709468,00000121,false,Rx,0,8,EB,20,7C,00,00,00,00,05,
11710064,00000122,false,Rx,0,8,FF,D9,67,1F,46,47,46,45,
11710378,00000123,false,Rx,0,8,B6,02,00,00,00,00,01,00,
11710463,00000124,false,Rx,0,8,00,00,0A,00,00,00,20,40,
11711696,00000566,false,Rx,0,8,16,02,00,00,00,00,FF,FF,
11716717,0000010B,false,Rx,0,8,01,71,86,00,00,00,00,05,
11716822,0000010C,false,Rx,0,8,FF,F9,E7,1F,46,4F,48,48,
11717216,0000010D,false,Rx,0,8,B5,02,00,00,00,00,01,00,
11717283,0000010E,false,Rx,0,8,00,00,1E,00,00,C0,AB,57,
11721455,00000161,false,Rx,0,8,3A,91,20,03,00,00,00,02,
11721553,0000011B,false,Rx,0,8,15,3B,40,05,80,08,28,02,
11721949,00000162,false,Rx,0,8,FF,FC,01,00,00,00,00,00,
11722036,0000011C,false,Rx,0,8,00,05,20,00,22,00,01,01,
11722410,0000012B,false,Rx,0,8,F3,6B,40,06,00,00,08,00,
11722700,000001E1,false,Rx,0,8,7F,C5,40,02,00,00,00,00,
11722779,0000012C,false,Rx,0,8,00,00,01,00,00,64,00,00,
11723362,000001E2,false,Rx,0,8,00,00,00,00,00,00,00,00,
11724586,0000030B,false,Rx,0,8,C5,42,A8,00,04,00,00,00,
11724686,0000030C,false,Rx,0,8,00,00,0E,00,2C,00,A0,0F,
11724738,0000030D,false,Rx,0,8,00,00,00,00,43,00,00,00,
11725175,0000030E,false,Rx,0,8,00,00,18,05,21,00,00,00,
11728800,00000036,false,Rx,0,8,70,5F,9B,51,00,00,25,05,
11728892,00000037,false,Rx,0,8,30,00,00,10,00,40,00,00,
11729322,00000038,false,Rx,0,8,04,00,00,00,60,39,96,D4,
11729411,00000039,false,Rx,0,8,00,00,00,00,00,00,00,00,
11730583,0000019B,false,Rx,0,8,C9,44,91,00,00,E4,00,00,
11730700,0000019C,false,Rx,0,8,40,20,00,00,00,00,0B,09,
11731154,0000019D,false,Rx,0,8,00,10,00,01,00,00,00,00,
11731456,00000475,false,Rx,0,8,12,00,00,00,00,00,00,00,
11731536,0000019E,false,Rx,0,8,15,00,00,00,00,32,00,00,
11731596,000001A1,false,Rx,0,8,43,A4,20,FE,F7,7F,64,00,
11731947,00000496,false,Rx,0,8,12,00,00,00,00,00,00,00,
11732006,000001A2,false,Rx,0,8,44,00,00,00,27,08,00,00,
11732333,000001A3,false,Rx,0,8,FF,F3,3F,00,00,00,00,00,
11732759,000001A4,false,Rx,0,8,FE,07,00,00,00,00,00,00,
11733585,00000383,false,Rx,0,8,5A,53,00,10,01,00,00,00,
11741033,00000448,false,Rx,0,8,DE,80,00,00,00,00,00,00,
11742310,000001FB,false,Rx,0,8,AD,FC,A0,00,00,00,00,00,
11742414,000001FC,false,Rx,0,8,00,00,00,00,00,00,00,00,
11742774,000001FD,false,Rx,0,8,00,1A,03,00,00,00,00,00,
11742861,000001FE,false,Rx,0,8,00,00,00,00,00,00,00,00,
11747841,00000061,false,Rx,0,8,9F,B8,1B,00,00,00,00,00,
11747963,00000062,false,Rx,0,8,02,02,00,02,40,FF,00,FF,
11748361,00000063,false,Rx,0,8,00,00,05,00,00,08,FD,00,
11748444,00000064,false,Rx,0,8,00,00,00,04,FF,FA,00,00,
11748780,000000A1,false,Rx,0,8,FE,3A,1B,57,61,02,8A,00,
11749369,000000A2,false,Rx,0,8,00,00,00,00,00,00,00,00,
11749460,000000A3,false,Rx,0,8,00,40,01,00,00,00,00,00,
11749798,00000382,false,Rx,0,8,2B,FE,21,00,00,05,09,00,
11756535,000002BF,false,Rx,0,8,FF,FF,FF,00,00,00,00,00,
11756628,0000047F,false,Rx,0,8,F0,FC,FF,FF,FF,FF,FF,FF,
11757066,00000653,false,Rx,0,8,0A,19,03,01,02,2A,00,00,
11757481,00000236,false,Rx,0,8,C3,78,A7,00,34,6C,AE,62,
11757583,000002FB,false,Rx,0,8,C9,59,A7,04,72,1A,B4,B4,
11757871,00000237,false,Rx,0,8,00,15,47,00,00,1E,1B,00,
11757960,000002FC,false,Rx,0,8,0F,00,14,18,00,00,8E,43,
11758580,00000238,false,Rx,0,8,00,00,72,00,00,00,00,00,
11758938,000002FD,false,Rx,0,8,00,00,00,00,00,1C,13,EA,
11759263,00000239,false,Rx,0,8,00,00,00,00,01,00,00,00,
11759541,000002FE,false,Rx,0,8,00,00,72,01,00,28,C8,02,
11759660,00000121,false,Rx,0,8,11,DE,81,00,00,00,00,05,
11759900,00000122,false,Rx,0,8,FF,D9,67,1F,46,47,46,45,
11759981,000001F6,false,Rx,0,8,CE,53,A7,00,00,00,00,0E,
11760289,00000123,false,Rx,0,8,B6,02,00,00,00,00,01,00,
11760622,000001F7,false,Rx,0,8,26,00,DA,02,00,00,00,00,
11760720,00000124,false,Rx,0,8,00,00,0A,00,00,00,20,40,
11760771,000001F8,false,Rx,0,8,00,5E,01,45,01,00,00,00,
11761254,00000151,false,Rx,0,8,85,8F,A7,64,C8,00,28,18,
11761618,000001F9,false,Rx,0,8,4B,00,64,C8,14,00,4B,00,
11761767,00000152,false,Rx,0,8,14,17,17,00,51,00,00,00,
11761821,0000025B,false,Rx,0,8,7B,10,A7,40,40,20,00,00,
11762189,00000153,false,Rx,0,8,00,00,00,00,00,00,00,00,
11762279,0000025C,false,Rx,0,8,00,00,26,00,B4,2C,19,00,
11762522,00000154,false,Rx,0,8,00,00,00,00,00,00,00,00,
11762766,0000025D,false,Rx,0,8,00,C8,00,00,00,80,C0,70,
11762975,00000326,false,Rx,0,8,B7,24,A7,00,00,00,00,00,
11763270,0000025E,false,Rx,0,8,1B,07,0E,03,00,00,46,00,
11763913,00000327,false,Rx,0,8,00,00,00,00,05,00,00,00,
11764245,00000328,false,Rx,0,8,DA,02,4B,00,00,5E,01,00,
11764332,00000329,false,Rx,0,8,64,45,01,00,00,00,00,00,
11764613,00000331,false,Rx,0,8,94,81,A7,F1,C8,A0,2C,97,
11764889,00000332,false,Rx,0,8,E8,08,FC,03,00,00,00,00,
11765302,00000333,false,Rx,0,8,00,00,00,1C,0C,40,20,64,
11765649,00000334,false,Rx,0,8,C8,00,00,00,08,44,F4,8F,
11766993,0000010B,false,Rx,0,8,0C,B7,8B,00,00,00,00,05,
11767660,0000010C,false,Rx,0,8,FF,F9,E7,1F,46,4F,48,48,
11768025,0000010D,false,Rx,0,8,B5,02,00,00,00,00,01,00,
11768196,0000010E,false,Rx,0,8,00,00,1E,00,00,C0,AB,57,
11771638,0000011B,false,Rx,0,8,E3,13,45,05,80,08,28,02,
11771731,0000012B,false,Rx,0,8,05,43,45,06,00,00,08,00,
11772136,0000011C,false,Rx,0,8,00,05,20,00,22,00,01,01,
11772224,0000012C,false,Rx,0,8,00,00,01,00,00,64,00,00,
11773454,00000091,false,Rx,0,8,2E,C5,AA,26,06,00,00,00,
11773580,00000092,false,Rx,0,8,25,00,00,00,50,02,00,00,
11774027,00000093,false,Rx,0,8,00,00,00,00,00,00,00,00,
11774355,00000094,false,Rx,0,8,00,00,00,00,00,00,00,00,
11778398,000000C5,false,Rx,1,8,00,00,00,00,00,00,00,00,
11778782,00000244,false,Rx,1,8,FF,FF,FF,FF,FF,FF,FF,FF,
11779317,00000036,false,Rx,0,8,A6,03,A0,51,00,00,25,05,
11779840,000004B4,false,Rx,1,8,00,00,05,40,10,70,04,00,
11780391,00000037,false,Rx,0,8,30,00,00,10,00,40,00,00,
11781095,000004B5,false,Rx,1,8,08,00,F0,07,00,00,00,00,
11781350,000004B7,false,Rx,1,8,08,00,F0,07,00,00,00,00,
11781648,00000038,false,Rx,0,8,04,00,00,00,60,39,96,D4,
11782062,00000256,false,Rx,0,8,50,A4,A6,15,40,00,00,01,
11782221,000004CA,false,Rx,1,8,00,00,00,00,00,00,00,00,
11782434,00000039,false,Rx,0,8,00,00,00,00,00,00,00,00,
11782535,000004CC,false,Rx,1,8,08,00,00,06,00,00,03,00,
11782597,00000257,false,Rx,0,8,00,93,41,19,85,07,00,94,
11782670,000004CE,false,Rx,1,8,DE,01,00,00,00,00,F8,FF,
11782825,0000019B,false,Rx,0,8,3A,DA,96,00,00,E4,00,00,
11782890,000004D7,false,Rx,1,8,23,01,00,00,00,00,00,00,
11782954,00000258,false,Rx,0,8,36,F7,1A,00,10,15,00,28,
11783001,0000019C,false,Rx,0,8,40,20,00,00,00,00,0B,09,
11783048,000004D8,false,Rx,1,8,41,10,F0,F0,40,F2,1E,CC,
11783108,00000259,false,Rx,0,8,65,05,8E,3C,4C,02,00,00,
11783223,000004DD,false,Rx,1,8,00,00,FE,00,04,00,00,00,
11783272,0000019D,false,Rx,0,8,00,10,00,01,00,00,00,00,
11783320,000004DF,false,Rx,1,8,00,00,08,00,00,00,00,00,
11783385,000002E6,false,Rx,0,8,76,BB,A6,01,00,00,00,15,
11783445,000004E7,false,Rx,1,8,00,30,00,00,00,00,69,00,
11783490,0000019E,false,Rx,0,8,15,00,00,00,00,32,00,00,
11783534,000002E7,false,Rx,0,8,0A,00,00,00,00,00,00,00,
11783606,000004E8,false,Rx,1,8,FF,FF,FF,05,FF,FF,FF,00,
11783683,00000384,false,Rx,0,8,BA,56,0D,01,00,FF,00,24,
11783734,000004E9,false,Rx,1,8,12,00,00,34,00,00,50,00,
11783778,000001F1,false,Rx,0,8,B2,1C,06,01,00,00,28,00,
11783826,000002E8,false,Rx,0,8,00,00,00,00,00,00,00,00,
11783910,000004EA,false,Rx,1,8,67,00,00,89,00,00,00,00,
11783959,000001F2,false,Rx,0,8,00,00,00,00,00,00,00,00,
11784002,000002E9,false,Rx,0,8,00,00,00,00,00,00,00,00,
11784077,000004EB,false,Rx,1,8,02,80,16,15,80,00,00,00,
11784234,000004EC,false,Rx,1,8,00,00,00,00,00,00,00,00,
11784582,000004ED,false,Rx,1,8,00,00,00,00,00,FF,FF,1F,
11785046,000004EE,false,Rx,1,8,FF,FF,00,00,00,00,00,00,
11785743,000004EF,false,Rx,1,8,60,00,60,00,2B,14,00,00,
11786027,000004F0,false,Rx,1,8,4A,10,16,15,5C,1A,0B,02,
11786986,000004F1,false,Rx,1,8,00,C0,00,00,00,00,00,00,
11787740,000004F2,false,Rx,1,8,02,FF,DD,FF,03,01,00,00,
11787885,000004F3,false,Rx,1,8,00,00,00,00,30,00,00,00,
11787951,000004F9,false,Rx,1,8,E0,FF,FF,FF,FF,FF,FF,FF,
11788965,000004FE,false,Rx,1,8,69,23,00,03,CF,00,48,A8,
11789656,0000063D,false,Rx,1,8,00,80,00,00,00,00,00,00,
11789922,0000063E,false,Rx,1,8,FF,FF,FF,FF,FF,FF,FF,FF,
11790116,0000063F,false,Rx,1,8,00,10,00,C4,FF,00,00,00,
11790494,00000226,false,Rx,0,8,0E,52,F9,FF,63,60,09,42,
11790606,00000227,false,Rx,0,8,02,94,00,09,03,F1,9F,03,
11790875,00000640,false,Rx,1,8,FF,FF,FF,00,FF,FF,FF,00,
11790954,0000042A,false,Rx,0,8,8E,83,0C,02,00,10,00,00,
11791021,00000641,false,Rx,1,8,FF,FF,FF,FF,0F,FF,FF,FF,
11791181,00000646,false,Rx,1,8,00,00,00,80,01,00,00,00,
11791995,00000396,false,Rx,0,8,A0,D3,D3,0F,08,02,00,02,
11792165,00000397,false,Rx,0,8,25,00,43,10,3F,07,00,00,
11792927,00000398,false,Rx,0,8,00,00,00,00,00,00,00,00,
11797450,00000146,false,Rx,0,8,2C,1C,52,10,04,05,00,00,
11797542,00000147,false,Rx,0,8,01,04,7D,00,40,45,07,00,
11797981,00000061,false,Rx,0,8,49,E4,20,00,00,00,00,00,
11798267,00000148,false,Rx,0,8,00,00,42,00,1E,89,40,05,
11798337,00000062,false,Rx,0,8,02,02,00,02,40,FF,00,FF,
11798487,00000149,false,Rx,0,8,00,38,00,CC,00,00,00,00,
11798695,00000063,false,Rx,0,8,00,00,05,00,00,08,FD,00,
11799165,00000064,false,Rx,0,8,00,00,00,04,FF,FA,00,00,
11799348,000000A1,false,Rx,0,8,37,0B,20,57,61,02,8A,00,
11799465,000000A2,false,Rx,0,8,00,00,00,00,00,00,00,00,
11799740,000000A3,false,Rx,0,8,00,40,01,00,00,00,00,00,
11802760,0000036F,false,Rx,0,8,89,B1,01,00,00,00,00,00,
11802883,0000037F,false,Rx,0,8,22,20,52,24,41,02,00,00,
11806404,000001B1,false,Rx,0,8,81,16,52,00,72,00,00,00,
11806516,000001B2,false,Rx,0,8,23,00,04,B7,0F,08,50,10,
11806930,000001B3,false,Rx,0,8,10,33,37,00,5A,7B,6A,7D,
11807004,000001B4,false,Rx,0,8,65,7D,10,00,00,41,00,00,
11807348,000001AB,false,Rx,0,8,83,5A,E1,50,70,50,00,00,
11807701,000001AC,false,Rx,0,8,00,28,00,00,00,00,00,00,
11808722,00000516,false,Rx,0,8,61,02,00,00,00,00,FF,FF,
11809430,00000121,false,Rx,0,8,E2,40,86,00,00,00,00,05,
11809541,00000122,false,Rx,0,8,FF,D9,67,1F,46,47,46,45,
11809876,00000123,false,Rx,0,8,B6,02,00,00,00,00,01,00,
11810087,00000124,false,Rx,0,8,00,00,0A,00,00,00,20,40,
11812445,000003B0,false,Rx,0,8,72,37,FF,C7,00,00,03,C0,
11816642,0000010B,false,Rx,0,8,71,72,90,00,00,00,00,05,
11816735,0000010C,false,Rx,0,8,FF,F9,E7,1F,46,4F,48,48,
11817142,0000010D,false,Rx,0,8,B5,02,00,00,00,00,01,00,
11817229,0000010E,false,Rx,0,8,00,00,1E,00,00,C0,AB,57,
11820332,000003B2,false,Rx,0,8,36,15,FF,02,29,2F,34,00,
11821489,00000161,false,Rx,0,8,CC,B9,25,03,00,00,00,02,
11821580,0000011B,false,Rx,0,8,F9,6A,4A,05,80,08,28,02,
11821684,00000162,false,Rx,0,8,FF,FC,01,00,00,00,00,00,
11822037,0000011C,false,Rx,0,8,00,05,20,00,22,00,01,01,
11822689,0000012B,false,Rx,0,8,1F,3A,4A,06,00,00,08,00,
11823008,0000012C,false,Rx,0,8,00,00,01,00,00,64,00,00,
11823109,00000405,false,Rx,0,8,D2,10,00,00,00,01,00,00,
11823334,00000410,false,Rx,0,8,6A,60,57,3C,DE,6A,FF,FF,
11823436,00000411,false,Rx,0,8,04,D1,50,51,00,00,44,04,
11823739,00000412,false,Rx,0,8,CC,E0,00,00,00,00,00,00,
11824051,00000413,false,Rx,0,8,08,60,00,00,00,00,00,00,
11824719,00000414,false,Rx,0,8,41,70,00,00,28,00,00,00,
11824803,00000416,false,Rx,0,8,55,00,00,00,00,00,00,00,
11825748,00000417,false,Rx,0,8,20,E0,00,00,00,00,00,00,
11825825,00000418,false,Rx,0,8,07,C0,00,00,14,0C,00,00,
11826253,00000419,false,Rx,0,8,EA,C0,26,D5,31,87,90,00,
11826554,0000048F,false,Rx,0,8,AD,10,41,00,05,00,00,00,
11827217,000001E6,false,Rx,0,8,85,F0,4F,02,00,00,00,00,
11827422,000001BB,false,Rx,0,8,B1,AB,4F,02,00,00,00,0A,
11827566,000001BC,false,Rx,0,8,32,00,00,00,02,00,00,00,
11828203,000001BD,false,Rx,0,8,00,00,00,00,00,00,00,00,
11828573,000001E7,false,Rx,0,8,00,00,22,03,20,01,00,00,
11828995,00000036,false,Rx,0,8,D9,2F,A5,51,00,00,25,05,
11829361,00000037,false,Rx,0,8,30,00,00,10,00,40,00,00,
11829431,00000038,false,Rx,0,8,04,00,00,00,60,39,96,D4,
11829877,00000039,false,Rx,0,8,00,00,00,00,00,00,00,00,
11830293,00000380,false,Rx,0,8,96,92,03,08,08,08,08,01,
11830626,0000019B,false,Rx,0,8,37,1C,9B,00,00,E4,00,00,
11830838,0000019C,false,Rx,0,8,40,20,00,00,00,00,0B,09,
11831251,0000019D,false,Rx,0,8,00,10,00,01,00,00,00,00,
11831406,00000427,false,Rx,0,8,1D,86,FF,00,80,0A,00,00,
11831456,0000019E,false,Rx,0,8,15,00,00,00,00,32,00,00,
11831574,000001A1,false,Rx,0,8,3C,88,25,FE,F7,7F,64,00,
11831964,000001A2,false,Rx,0,8,44,00,00,00,27,08,00,00,
11832585,000001A3,false,Rx,0,8,FF,F3,3F,00,00,00,00,00,
11832911,000001A4,false,Rx,0,8,FE,07,00,00,00,00,00,00,
11834026,000003A1,false,Rx,0,8,34,90,BB,00,FF,FF,FF,FF,
11834379,000003A2,false,Rx,0,8,00,00,00,00,00,00,00,00,
11847812,00000061,false,Rx,0,8,36,C8,25,00,00,00,00,00,
11847915,00000062,false,Rx,0,8,02,02,00,02,40,FF,00,FF,
11848336,00000063,false,Rx,0,8,00,00,05,00,00,08,FD,00,
11848418,00000064,false,Rx,0,8,00,00,00,04,FF,FA,00,00,
11848816,000000A1,false,Rx,0,8,38,E0,25,57,61,02,8A,00,
11849043,000000A2,false,Rx,0,8,00,00,00,00,00,00,00,00,
11849466,000000A3,false,Rx,0,8,00,40,01,00,00,00,00,00,
11849801,000000FF,false,Rx,0,8,CB,10,00,00,00,00,02,00,
11850533,00000394,false,Rx,0,8,2A,22,1A,49,00,00,00,00,
11850823,000003C3,false,Rx,0,8,45,10,31,30,36,00,00,00,
11851321,000003E0,false,Rx,0,8,01,70,01,00,54,03,00,00,
11851751,000003E5,false,Rx,0,8,8E,90,01,00,00,00,00,00,
11852146,000003E6,false,Rx,0,8,7F,00,00,00,00,00,00,00,
11852232,0000041A,false,Rx,0,8,95,40,12,00,00,00,00,00,
11852788,0000041B,false,Rx,0,8,60,30,00,00,00,00,00,00,
11853233,0000041C,false,Rx,0,8,E9,80,E0,00,00,00,00,00,
11853412,00000422,false,Rx,0,8,EA,C0,01,00,00,00,04,00,
11853823,00000432,false,Rx,0,8,03,20,02,00,00,00,00,00,
11854226,00000435,false,Rx,0,8,9F,D0,00,40,00,00,00,00,
11854423,00000442,false,Rx,0,8,CE,20,11,81,00,00,00,00,
11854664,00000444,false,Rx,0,8,6C,30,20,50,55,50,00,00,
11854944,00000445,false,Rx,0,8,D6,20,00,00,00,00,00,18,
11855787,00000464,false,Rx,0,8,B2,70,F0,FF,38,7F,05,00,
11859543,00000121,false,Rx,0,8,EF,86,8B,00,00,00,00,05,
11859654,00000122,false,Rx,0,8,FF,D9,67,1F,46,47,46,45,
11859998,00000123,false,Rx,0,8,B6,02,00,00,00,00,01,00,
11860109,00000124,false,Rx,0,8,00,00,0A,00,00,00,20,40,
11866643,0000010B,false,Rx,0,8,0E,5E,95,00,00,00,00,05,
11866734,0000010C,false,Rx,0,8,FF,F9,E7,1F,46,4F,48,48,
11867140,0000010D,false,Rx,0,8,B5,02,00,00,00,00,01,00,
11867227,0000010E,false,Rx,0,8,00,00,1E,00,00,C0,AB,57,
11869518,00000487,false,Rx,1,8,00,00,00,00,00,00,00,00,
11869605,00000642,false,Rx,1,8,FF,FF,FF,FF,FF,FF,00,00,
11869899,00000645,false,Rx,1,8,C7,35,06,79,E0,32,56,00,
11872640,0000011B,false,Rx,0,8,0F,42,4F,05,80,08,28,02,
11872781,0000012B,false,Rx,0,8,E9,12,4F,06,00,00,08,00,
11873080,0000011C,false,Rx,0,8,00,05,20,00,22,00,01,01,
11873144,0000012C,false,Rx,0,8,00,00,01,00,00,64,00,00,
11873201,000001E1,false,Rx,0,8,32,2D,43,02,00,00,00,00,
11873413,000001E2,false,Rx,0,8,00,00,00,00,00,00,00,00,
11873468,00000401,false,Rx,0,8,C6,10,10,00,00,04,00,00,
11873870,00000091,false,Rx,0,8,4F,8D,AB,26,06,00,00,00,
11874242,00000092,false,Rx,0,8,24,00,00,00,40,02,00,00,
11874585,00000093,false,Rx,0,8,00,00,00,00,00,00,00,00,
11874881,00000094,false,Rx,0,8,00,00,00,00,00,00,00,00,
11878858,00000036,false,Rx,0,8,58,5B,AA,51,00,00,25,05,
11878959,00000037,false,Rx,0,8,30,00,00,10,00,40,00,00,
11879357,00000038,false,Rx,0,8,04,00,00,00,60,39,96,D4,
11879446,000003AA,false,Rx,0,8,FF,00,D0,00,54,00,00,00,
11879815,00000039,false,Rx,0,8,00,00,00,00,00,00,00,00,
11880409,000003B6,false,Rx,0,8,85,1F,D3,00,00,00,00,46,
11880805,0000019B,false,Rx,0,8,E1,40,A0,00,00,E4,00,00,
11881111,000003B7,false,Rx,0,8,46,00,00,00,00,00,00,00,
11881221,0000019C,false,Rx,0,8,40,20,00,00,00,00,0B,09,
11881584,000003B8,false,Rx,0,8,B3,02,00,00,00,00,69,0E,
11881649,0000019D,false,Rx,0,8,00,10,00,01,00,00,00,00,
11881942,000002D6,false,Rx,0,8,05,86,D3,00,00,00,00,00,
11882251,0000019E,false,Rx,0,8,15,00,00,00,00,32,00,00,
11882352,000002D7,false,Rx,0,8,00,00,00,00,03,00,00,00,
11882544,000002EB,false,Rx,0,8,36,3C,D3,07,08,01,00,02,
11882751,000002D8,false,Rx,0,8,00,00,00,00,00,00,38,47,
11882931,000002EC,false,Rx,0,8,0A,00,CF,00,59,00,00,00,
11883327,000002D9,false,Rx,0,8,00,00,00,00,00,00,00,00,
11883683,000002ED,false,Rx,0,8,00,00,00,00,00,00,00,00,
11884009,000003B9,false,Rx,0,8,00,00,00,00,00,00,00,00,
11884293,000002EE,false,Rx,0,8,00,00,00,00,00,00,00,00,
11884358,00000495,false,Rx,0,8,49,00,00,00,00,00,00,00,
11889624,00000251,false,Rx,0,8,86,FE,A8,00,00,00,00,00,
11889730,00000252,false,Rx,0,8,00,00,1B,1B,03,00,00,00,
11890154,000002AB,false,Rx,0,8,A1,10,AB,0C,0C,00,00,00,
11890227,00000253,false,Rx,0,8,00,00,00,58,58,00,80,4D,
11890612,000002AC,false,Rx,0,8,00,FF,FF,00,00,40,00,54,
11890839,00000316,false,Rx,0,8,AA,BB,7D,34,06,80,0A,00,
11890914,000002AD,false,Rx,0,8,00,01,00,40,FF,FF,FF,0F,
11891281,00000317,false,Rx,0,8,00,00,05,00,00,00,00,00,
11891598,000002AE,false,Rx,0,8,01,00,FF,3F,01,01,00,00,
11891867,000002B6,false,Rx,0,8,1B,36,AB,01,00,00,00,40,
11892237,000002B7,false,Rx,0,8,9F,00,50,1C,00,04,00,00,
11892577,000002B8,false,Rx,0,8,FF,F8,10,00,00,00,00,00,
11892876,000003B1,false,Rx,0,8,C1,DE,00,80,00,00,20,00,
11892982,000002B9,false,Rx,0,8,0A,00,00,00,00,00,00,00,
11893353,000003CB,false,Rx,0,8,36,14,00,F4,00,00,00,00,
11893445,000002C1,false,Rx,0,8,AB,4D,D6,21,00,41,00,D4,
11893505,0000033B,false,Rx,0,8,F9,7A,AA,00,00,00,00,00,
11893599,000002C2,false,Rx,0,8,28,00,00,00,00,00,00,00,
11893831,0000033C,false,Rx,0,8,00,00,00,00,F0,00,00,00,
11894294,000002C3,false,Rx,0,8,00,00,00,00,00,00,00,00,
11894642,0000033D,false,Rx,0,8,00,00,00,00,00,00,00,00,
11894977,000002C4,false,Rx,0,8,00,00,00,00,00,00,00,00,
11895294,0000033E,false,Rx,0,8,00,00,00,00,00,00,00,00,
11895378,000002E1,false,Rx,0,8,9D,7D,AB,00,00,00,00,40,
11895673,00000356,false,Rx,0,8,CF,A8,D5,00,00,00,00,00,
11895735,000002E2,false,Rx,0,8,FD,00,00,00,00,14,00,04,
11896049,000002FF,false,Rx,0,8,D4,CB,00,71,02,00,00,00,
11896369,000002E3,false,Rx,0,8,00,00,00,00,00,00,72,01,
11896645,00000357,false,Rx,0,8,00,00,00,00,00,4B,4D,48,
11897103,000002E4,false,Rx,0,8,02,00,00,00,00,00,00,00,
11897445,00000358,false,Rx,0,8,35,41,45,4D,52,37,33,4F,
11897557,000003CC,false,Rx,0,8,36,31,34,30,33,34,31,00,
11897600,00000359,false,Rx,0,8,51,4F,34,52,4A,35,33,00,
11898106,00000146,false,Rx,0,8,53,30,57,10,04,05,00,00,
11898451,00000061,false,Rx,0,8,B7,BC,2A,00,00,00,00,00,
11899015,00000147,false,Rx,0,8,01,04,7D,00,40,45,07,00,
11899118,00000062,false,Rx,0,8,02,02,00,02,40,FF,00,FF,
11899425,00000148,false,Rx,0,8,00,00,42,00,1E,89,40,05,
11899652,00000063,false,Rx,0,8,00,00,05,00,00,08,FD,00,
11900082,00000149,false,Rx,0,8,00,38,00,CC,00,00,00,00,
11900666,00000064,false,Rx,0,8,00,00,00,04,FF,FA,00,00,
11901001,00000472,false,Rx,0,8,5C,EC,00,40,08,41,00,45,
11901081,000000A1,false,Rx,0,8,08,CD,2A,57,61,02,8A,00,
11901654,00000473,false,Rx,0,8,5F,24,00,25,00,00,00,78,
11902011,000000A2,false,Rx,0,8,00,00,00,00,00,00,00,00,
11902351,00000474,false,Rx,0,8,91,72,00,00,00,00,00,08,
11902716,000000A3,false,Rx,0,8,00,40,01,00,00,00,00,00,
11903007,0000036F,false,Rx,0,8,81,C1,01,00,00,00,00,00,
11903079,00000111,false,Rx,0,8,EA,E9,03,01,00,00,00,00,
11903254,0000037F,false,Rx,0,8,9B,30,52,24,41,02,00,00,
11903313,00000112,false,Rx,0,8,00,00,00,00,00,00,00,00,
11903756,00000113,false,Rx,0,8,00,00,00,00,00,00,00,00,
11904047,00000114,false,Rx,0,8,00,00,00,00,00,00,00,00,
11906639,000001B1,false,Rx,0,8,FE,3A,57,00,72,00,00,00,
11906724,000001B2,false,Rx,0,8,23,00,04,B7,0F,08,50,10,
11906985,000001B3,false,Rx,0,8,10,33,37,00,5A,7B,6A,7D,
11907085,000001B4,false,Rx,0,8,65,7D,10,00,00,41,00,00,
11907478,00000561,false,Rx,0,8,63,02,00,00,00,00,FF,FF,
11907718,000001AB,false,Rx,0,8,1C,32,E6,50,70,50,00,00,
11907782,000001AC,false,Rx,0,8,00,28,00,00,00,00,00,00,
11909712,00000121,false,Rx,0,8,92,43,90,00,00,00,00,05,
11909793,00000122,false,Rx,0,8,FF,D9,67,1F,46,47,46,45,
11909837,00000123,false,Rx,0,8,B6,02,00,00,00,00,01,00,
11910147,00000124,false,Rx,0,8,00,00,0A,00,00,00,20,40,
11911566,000004A3,false,Rx,1,8,80,00,48,0B,3E,00,00,00,
11911832,000004A4,false,Rx,1,8,FF,FF,FF,00,00,00,00,00,
11916712,0000010B,false,Rx,0,8,8F,2A,9A,00,00,00,00,05,
11916810,0000010C,false,Rx,0,8,FF,F9,E7,1F,46,4F,48,48,
11917183,0000010D,false,Rx,0,8,B5,02,00,00,00,00,01,00,
11917304,0000010E,false,Rx,0,8,00,00,1E,00,00,C0,AB,57,
11921461,00000161,false,Rx,0,8,D6,C0,2A,03,00,00,00,02,
11921553,0000011B,false,Rx,0,8,CD,98,54,05,80,08,28,02,
11921975,00000162,false,Rx,0,8,FF,FC,01,00,00,00,00,00,
11922048,0000011C,false,Rx,0,8,00,05,20,00,22,00,01,01,
11922374,0000012B,false,Rx,0,8,2B,C8,54,06,00,00,08,00,
11922462,0000012C,false,Rx,0,8,00,00,01,00,00,64,00,00,
11924299,0000030B,false,Rx,0,8,1A,08,AA,00,04,00,00,00,
11924468,0000030C,false,Rx,0,8,00,00,0E,00,2C,00,A0,0F,
11924738,0000030D,false,Rx,0,8,00,00,00,00,43,00,00,00,
11924999,0000030E,false,Rx,0,8,00,00,18,05,21,00,00,FE,
11928776,00000036,false,Rx,0,8,27,77,AF,51,00,00,25,05,
11928869,00000037,false,Rx,0,8,30,00,00,10,00,40,00,00,
11929283,00000038,false,Rx,0,8,04,00,00,00,60,39,96,D4,
11929659,00000039,false,Rx,0,8,00,00,00,00,00,00,00,00,
11930583,0000019B,false,Rx,0,8,9E,6C,A5,00,00,E4,00,00,
11930699,0000019C,false,Rx,0,8,40,20,00,00,00,00,0B,09,
11931117,0000019D,false,Rx,0,8,00,10,00,01,00,00,00,00,
11931429,00000475,false,Rx,0,8,12,00,00,00,00,00,00,00,
11931512,0000019E,false,Rx,0,8,15,00,00,00,00,32,00,00,
11931578,000001A1,false,Rx,0,8,BD,FC,2A,FE,F7,7F,64,00,
11931943,00000496,false,Rx,0,8,12,00,00,00,00,00,00,00,
11932606,000001A2,false,Rx,0,8,44,00,00,00,27,08,00,00,
11932919,000001A3,false,Rx,0,8,FF,F3,3F,00,00,00,00,00,
11933201,000001A4,false,Rx,0,8,FE,07,00,00,00,00,00,00,
11933305,000001F1,false,Rx,0,8,A8,65,09,01,00,00,28,00,
11933607,00000383,false,Rx,0,8,5A,53,00,10,01,00,00,00,
11933872,000001F2,false,Rx,0,8,00,00,00,00,00,00,00,00,
11940996,00000448,false,Rx,0,8,DE,80,00,00,00,00,00,00,
11942147,000001FB,false,Rx,0,8,21,4E,A2,00,00,00,00,00,
11942256,000001FC,false,Rx,0,8,00,00,00,00,00,00,00,00,
11942688,000001FD,false,Rx,0,8,00,1A,03,00,00,00,00,00,
11942772,000001FE,false,Rx,0,8,00,00,00,00,00,00,00,00,
11947848,00000061,false,Rx,0,8,C8,90,2F,00,00,00,00,00,
11947970,00000062,false,Rx,0,8,02,02,00,02,40,FF,00,FF,
11948363,00000063,false,Rx,0,8,00,00,05,00,00,08,FD,00,
11948441,00000064,false,Rx,0,8,00,00,00,04,FF,FA,00,00,
11948812,000000A1,false,Rx,0,8,07,26,2F,57,61,02,8A,00,
11949119,000000A2,false,Rx,0,8,00,00,00,00,00,00,00,00,
11949199,00000382,false,Rx,0,8,2B,FE,21,00,00,05,09,00,
11949427,000000A3,false,Rx,0,8,00,40,01,00,00,00,00,00,
11956541,000002BF,false,Rx,0,8,FF,FF,FF,00,00,00,00,00,
11956636,0000047F,false,Rx,0,8,F0,FC,FF,FF,FF,FF,FF,FF,
11957065,00000653,false,Rx,0,8,0A,19,03,01,02,2A,00,00,
11957470,00000236,false,Rx,0,8,04,55,A9,00,34,6C,AE,62,
11957555,000002FB,false,Rx,0,8,0E,74,A9,04,72,1A,B4,B4,
11957929,00000237,false,Rx,0,8,00,15,47,00,00,1E,1B,00,
11958247,000002FC,false,Rx,0,8,0F,00,14,18,00,00,8E,43,
11958581,00000238,false,Rx,0,8,00,00,72,00,00,00,00,00,
11958956,000002FD,false,Rx,0,8,00,00,00,00,00,1C,13,EA,
11959271,00000239,false,Rx,0,8,00,00,00,00,01,00,00,00,
11959530,000002FE,false,Rx,0,8,00,00,72,01,00,28,C8,02,
11959620,00000121,false,Rx,0,8,ED,6F,95,00,00,00,00,05,
11959908,00000122,false,Rx,0,8,FF,D9,67,1F,46,47,46,45,
11959996,00000123,false,Rx,0,8,B6,02,00,00,00,00,01,00,
11960070,000001F6,false,Rx,0,8,09,7E,A9,00,00,00,00,0E,
11960277,00000124,false,Rx,0,8,00,00,0A,00,00,00,20,40,
11960560,000001F7,false,Rx,0,8,26,00,DA,02,00,00,00,00,
11960830,00000151,false,Rx,0,8,42,A2,A9,64,C8,00,28,18,
11961053,000001F8,false,Rx,0,8,00,5E,01,45,01,00,00,00,
11961230,00000152,false,Rx,0,8,14,17,17,00,51,00,00,00,
11961883,000001F9,false,Rx,0,8,4B,00,64,C8,14,00,4B,00,
11962232,00000153,false,Rx,0,8,00,00,00,00,00,00,00,00,
11962334,0000025B,false,Rx,0,8,78,9F,A9,40,40,20,00,00,
11962535,00000154,false,Rx,0,8,00,00,00,00,00,00,00,00,
11963235,0000025C,false,Rx,0,8,00,00,26,00,B4,2C,19,00,
11963594,00000326,false,Rx,0,8,70,09,A9,00,00,00,00,00,
11963909,0000025D,false,Rx,0,8,00,C8,00,00,00,80,C0,70,
11963999,00000327,false,Rx,0,8,00,00,00,00,05,00,00,00,
11964306,0000025E,false,Rx,0,8,04,07,0E,01,00,00,46,00,
11964568,00000328,false,Rx,0,8,DA,02,4B,00,00,5E,01,00,
11964686,00000329,false,Rx,0,8,64,45,01,00,00,00,00,00,
11964989,00000331,false,Rx,0,8,53,AC,A9,F1,C8,A0,2C,97,
11965325,00000332,false,Rx,0,8,E8,08,FC,03,00,00,00,00,
11965652,00000333,false,Rx,0,8,00,00,00,1C,0C,40,20,64,
11965969,00000334,false,Rx,0,8,C8,00,00,00,08,44,F4,8F,
11966990,0000010B,false,Rx,0,8,F0,06,9F,00,00,00,00,05,
11967122,0000010C,false,Rx,0,8,FF,F9,E7,1F,46,4F,48,48,
11967675,0000010D,false,Rx,0,8,B5,02,00,00,00,00,01,00,
11967980,0000010E,false,Rx,0,8,00,00,1E,00,00,C0,AB,57,
11971698,0000011B,false,Rx,0,8,BE,A1,59,05,80,08,28,02,
11971793,0000012B,false,Rx,0,8,58,F1,59,06,00,00,08,00,
11972205,0000011C,false,Rx,0,8,00,05,20,00,22,00,01,01,
11972288,0000012C,false,Rx,0,8,00,00,01,00,00,64,00,00,
11973469,00000091,false,Rx,0,8,BC,13,AC,26,06,00,00,00,
11973722,00000092,false,Rx,0,8,24,00,00,00,40,02,00,00,
11973902,00000093,false,Rx,0,8,00,00,00,00,00,00,00,00,
11974057,00000094,false,Rx,0,8,00,00,00,00,00,00,00,00,
11977252,000001E6,false,Rx,0,8,FC,EA,52,02,00,00,00,00,
11977351,000001E7,false,Rx,0,8,00,00,22,03,20,01,00,00,
11977779,000001BB,false,Rx,0,8,D4,A8,52,02,00,00,00,0A,
11978102,000001BC,false,Rx,0,8,32,00,00,00,02,00,00,00,
11978217,000001BD,false,Rx,0,8,00,00,00,00,00,00,00,00,
11978927,00000036,false,Rx,0,8,5A,B2,B4,51,00,00,25,05,
11979290,00000037,false,Rx,0,8,30,00,00,10,00,40,00,00,
11979348,00000038,false,Rx,0,8,04,00,00,00,60,39,96,D4,
11979729,00000039,false,Rx,0,8,00,00,00,00,00,00,00,00,
11979827,00000256,false,Rx,0,8,CC,10,A8,15,40,00,F0,00,
11980117,000002E6,false,Rx,0,8,B1,96,A8,01,00,00,00,15,
11980235,00000257,false,Rx,0,8,00,93,41,18,85,07,00,94,
11980617,0000019B,false,Rx,0,8,1F,18,AA,00,00,E4,00,00,
11980687,00000258,false,Rx,0,8,36,F7,1A,00,10,15,00,28,
11981036,0000019C,false,Rx,0,8,40,20,00,00,00,00,0B,09,
11981156,00000259,false,Rx,0,8,5E,05,8D,3C,4C,02,00,00,
11981723,0000019D,false,Rx,0,8,00,10,00,01,00,00,00,00,
11982245,000002E7,false,Rx,0,8,0A,00,00,00,00,00,00,00,
11982650,000000C5,false,Rx,1,8,00,00,00,00,00,00,00,00,
11982744,0000019E,false,Rx,0,8,15,00,00,00,00,32,00,00,
11982787,000002E8,false,Rx,0,8,00,00,00,00,00,00,00,00,
11982842,00000244,false,Rx,1,8,FF,FF,FF,FF,FF,FF,FF,FF,
11982917,00000384,false,Rx,0,8,BA,56,0D,01,00,FF,00,24,
11983414,000002E9,false,Rx,0,8,00,00,00,00,00,00,00,00,
11984575,000003E4,false,Rx,1,8,FE,00,00,00,00,00,00,00,
11984755,000004B4,false,Rx,1,8,00,00,05,40,10,70,04,00,
11984875,000004B5,false,Rx,1,8,08,00,F0,07,00,00,00,00,
11985133,000004B7,false,Rx,1,8,08,00,F0,07,00,00,00,00,
11986098,000004CA,false,Rx,1,8,00,00,00,00,00,00,00,00,
11986766,000004CC,false,Rx,1,8,08,00,00,06,00,00,03,00,
11987083,000004CE,false,Rx,1,8,DE,01,00,00,00,00,F8,FF,
11987360,000004D7,false,Rx,1,8,23,01,00,00,00,00,00,00,
11987899,000004D8,false,Rx,1,8,41,10,F0,F0,40,F2,1E,CC,
11988354,000004DD,false,Rx,1,8,00,00,FE,00,04,00,00,00,
11988650,000004DF,false,Rx,1,8,00,00,08,00,00,00,00,00,
11988819,000004E7,false,Rx,1,8,00,30,00,00,00,00,69,00,
11988917,000004E8,false,Rx,1,8,FF,FF,FF,05,FF,FF,FF,00,
11989092,000004E9,false,Rx,1,8,12,00,00,34,00,00,50,00,
11989172,000004EA,false,Rx,1,8,67,00,00,89,00,00,00,00,
11989249,000004EB,false,Rx,1,8,02,80,16,15,80,00,00,00,
11989489,00000226,false,Rx,0,8,67,12,FB,FF,63,60,09,42,
11989561,000004EC,false,Rx,1,8,00,00,00,00,00,00,00,00,
11989626,00000227,false,Rx,0,8,02,94,00,09,03,F1,9F,03,
11989675,000004ED,false,Rx,1,8,00,00,00,00,00,FF,FF,1F,
11989756,000004EE,false,Rx,1,8,FF,FF,00,00,00,00,00,00,
11989949,000004EF,false,Rx,1,8,60,00,60,00,2B,14,00,00,
11990170,0000042A,false,Rx,0,8,8E,83,0C,02,00,10,00,00,
11990250,0000063D,false,Rx,1,8,00,80,00,00,00,00,00,00,
11990712,0000063E,false,Rx,1,8,FF,FF,FF,FF,FF,FF,FF,FF,
11991290,00000396,false,Rx,0,8,CF,C7,D4,0F,08,01,00,02,
11991459,0000063F,false,Rx,1,8,00,10,00,C4,FF,00,00,00,
11991690,00000640,false,Rx,1,8,FF,FF,FF,00,FF,FF,FF,00,
11992279,00000397,false,Rx,0,8,4E,00,43,10,3F,07,00,00,
11992588,00000641,false,Rx,1,8,FF,FF,FF,FF,0F,FF,FF,FF,
11992764,00000398,false,Rx,0,8,00,00,00,00,00,00,00,00,
11992839,00000646,false,Rx,1,8,00,00,00,80,01,00,00,00,
11997439,00000146,false,Rx,0,8,EB,31,5C,10,04,05,00,00,
11997532,00000147,false,Rx,0,8,01,04,7D,00,40,45,07,00,
11997976,00000061,false,Rx,0,8,B5,55,34,00,00,00,00,00,
11998279,00000148,false,Rx,0,8,00,00,42,00,1E,89,40,05,
11998373,00000062,false,Rx,0,8,02,02,00,02,40,FF,00,FF,
11998632,00000149,false,Rx,0,8,00,38,00,CC,00,00,00,00,
11998712,00000063,false,Rx,0,8,00,00,05,00,00,08,FD,00,
11999387,00000064,false,Rx,0,8,00,00,00,04,FF,FA,00,00,
11999994,000000A1,false,Rx,0,8,68,97,34,57,61,02,8A,00,
12000102,000000A2,false,Rx,0,8,00,00,00,00,00,00,00,00,
12000365,000000A3,false,Rx,0,8,00,40,01,00,00,00,00,00,
12002754,0000036F,false,Rx,0,8,38,D1,01,00,00,00,00,00,
12002940,0000037F,false,Rx,0,8,93,40,52,24,41,02,00,00,
12006437,000001B1,false,Rx,0,8,46,3B,5C,00,72,00,00,00,
12006752,00000563,false,Rx,1,8,65,02,00,00,00,00,FF,FF,
12006912,000001B2,false,Rx,0,8,23,00,04,B7,0F,08,50,10,
12007022,000001B3,false,Rx,0,8,10,33,37,00,5A,7B,6A,7D,
12007087,000001B4,false,Rx,0,8,65,7D,10,00,00,41,00,00,
12007721,000001AB,false,Rx,0,8,6F,0B,EB,50,70,50,00,00,
12007827,000001AC,false,Rx,0,8,00,28,00,00,00,00,00,00,
12009504,00000121,false,Rx,0,8,9A,DD,9A,00,00,00,00,05,
12009599,00000122,false,Rx,0,8,FF,D9,67,1F,46,48,46,45,
12009976,00000123,false,Rx,0,8,B6,02,00,00,00,00,01,00,
12010074,00000124,false,Rx,0,8,00,00,0A,00,00,00,20,40,
12011575,000004E8,false,Rx,1,8,FF,FF,FF,05,FF,FF,FF,00,
12012341,000003B0,false,Rx,0,8,72,37,FF,C7,00,00,03,C0,
12016656,0000010B,false,Rx,0,8,26,5A,A4,00,00,00,00,05,
12016748,0000010C,false,Rx,0,8,FF,F9,E7,1F,46,4F,48,48,
12017157,0000010D,false,Rx,0,8,B5,02,00,00,00,00,01,00,
12017241,0000010E,false,Rx,0,8,00,00,1E,00,00,C0,AB,57,
12020198,000003B2,false,Rx,0,8,36,15,FF,02,29,2F,34,00,
12020998,00000485,false,Rx,0,8,00,40,11,02,00,00,00,00,
12021582,00000161,false,Rx,0,8,20,E8,2F,03,00,00,00,02,
12021689,0000011B,false,Rx,0,8,21,C9,5E,05,80,08,28,02,
12021751,00000162,false,Rx,0,8,FF,FC,01,00,00,00,00,00,
12022430,0000011C,false,Rx,0,8,00,05,20,00,22,00,01,01,
12022738,0000012B,false,Rx,0,8,C7,99,5E,06,00,00,08,00,
12023063,000001E1,false,Rx,0,8,C4,05,46,02,00,00,00,00,
12023197,0000012C,false,Rx,0,8,00,00,01,00,00,64,00,00,
12023534,000001E2,false,Rx,0,8,00,00,00,00,00,00,00,00,
12024124,00000405,false,Rx,0,8,D2,10,00,00,00,01,00,00,
12024433,00000410,false,Rx,0,8,6A,60,57,3C,DE,6A,FF,FF,
12024524,00000411,false,Rx,0,8,04,D1,50,51,00,00,44,04,
12024743,00000413,false,Rx,0,8,08,60,00,00,00,00,00,00,
12024837,00000412,false,Rx,0,8,CC,E0,00,00,00,00,00,00,
12025106,00000414,false,Rx,0,8,41,70,00,00,28,00,00,00,
12025279,00000416,false,Rx,0,8,55,00,00,00,00,00,00,00,
12025545,00000417,false,Rx,0,8,20,E0,00,00,00,00,00,00,
12025863,00000418,false,Rx,0,8,07,C0,00,00,14,0C,00,00,
12026182,00000419,false,Rx,0,8,EA,C0,26,D5,31,87,90,00,
12028996,00000036,false,Rx,0,8,57,74,B9,51,00,00,25,05,
12029103,00000037,false,Rx,0,8,30,00,00,10,00,40,00,00,
12029332,00000038,false,Rx,0,8,04,00,00,00,60,39,96,D4,
12029488,00000039,false,Rx,0,8,00,00,00,00,00,00,00,00,
12030286,00000380,false,Rx,0,8,96,92,03,08,08,08,08,01,
12030566,0000019B,false,Rx,0,8,60,34,AF,00,00,E4,00,00,
12030628,0000019C,false,Rx,0,8,40,20,00,00,00,00,0B,09,
12031112,0000019D,false,Rx,0,8,00,10,00,01,00,00,00,00,
12031469,00000427,false,Rx,0,8,1D,86,FF,00,80,0A,00,00,
12032043,0000019E,false,Rx,0,8,15,00,00,00,00,32,00,00,
12032138,000001A1,false,Rx,0,8,C2,D0,2F,FE,F7,7F,64,00,
12032446,000001A2,false,Rx,0,8,44,00,00,00,27,08,00,00,
12032637,000001A3,false,Rx,0,8,FF,F3,3F,00,00,00,00,00,
12032695,000001A4,false,Rx,0,8,FE,07,00,00,00,00,00,00,
12034037,000003A1,false,Rx,0,8,AB,F8,BC,00,FF,FF,FF,FF,
12034137,000003A2,false,Rx,0,8,00,00,00,00,00,00,00,00,
12047803,00000061,false,Rx,0,8,B8,93,39,00,00,00,00,00,
12047896,00000062,false,Rx,0,8,02,02,00,02,40,FF,00,FF,
12048317,00000063,false,Rx,0,8,00,00,05,00,00,08,FD,00,
12048416,00000064,false,Rx,0,8,00,00,00,04,FF,FA,00,00,
12048810,000000A1,false,Rx,0,8,5E,D4,39,57,61,02,8A,00,
12049185,000000A2,false,Rx,0,8,00,00,00,00,00,00,00,00,
12049359,000000A3,false,Rx,0,8,00,40,01,00,00,00,00,00,
12049407,000000FF,false,Rx,0,8,CB,10,00,00,00,00,02,00,
12050453,00000394,false,Rx,0,8,2A,22,1A,49,00,00,00,00,
12050819,000003C3,false,Rx,0,8,45,10,31,30,36,00,00,00,
12051039,000003E0,false,Rx,0,8,01,70,01,00,54,03,00,00,
12052106,000003E5,false,Rx,0,8,8E,90,01,00,00,00,00,00,
12052435,000004E8,false,Rx,1,8,FF,FF,FF,05,FF,FF,FF,00,
12052612,000003E6,false,Rx,0,8,7F,00,00,00,00,00,00,00,
12052698,0000041A,false,Rx,0,8,95,40,12,00,00,00,00,00,
12052765,0000041B,false,Rx,0,8,60,30,00,00,00,00,00,00,
12053088,0000041C,false,Rx,0,8,E9,80,E0,00,00,00,00,00,
12053779,00000422,false,Rx,0,8,EA,C0,01,00,00,00,04,00,
12054128,00000444,false,Rx,0,8,6C,30,20,50,55,50,00,00,
12054252,00000432,false,Rx,0,8,03,20,02,00,00,00,00,00,
12054578,00000435,false,Rx,0,8,9F,D0,00,40,00,00,00,00,
12054863,00000442,false,Rx,0,8,CE,20,11,81,00,00,00,00,
12055178,00000445,false,Rx,0,8,D6,20,00,00,00,00,00,18,
12055455,00000464,false,Rx,0,8,B2,70,F0,FF,38,7F,05,00,
12059608,00000121,false,Rx,0,8,13,37,9F,00,00,00,00,05,
12059706,00000122,false,Rx,0,8,FF,D9,67,1F,46,47,46,45,
12060388,00000123,false,Rx,0,8,B6,02,00,00,00,00,01,00,
12060748,00000124,false,Rx,0,8,00,00,0A,00,00,00,20,40,
12066663,0000010B,false,Rx,0,8,2B,9C,A9,00,00,00,00,05,
12066755,0000010C,false,Rx,0,8,FF,F9,E7,1F,46,4F,48,48,
12067156,0000010D,false,Rx,0,8,B5,02,00,00,00,00,01,00,
12067491,0000010E,false,Rx,0,8,00,00,1E,00,00,C0,AB,57,
12069332,00000415,false,Rx,0,8,40,13,10,00,08,01,00,00,
12071678,00000487,false,Rx,1,8,00,00,00,00,00,00,00,00,
12071890,0000011B,false,Rx,0,8,4C,95,63,05,80,08,28,02,
12071962,00000642,false,Rx,1,8,FF,FF,FF,FF,FF,FF,00,00,
12072022,0000012B,false,Rx,0,8,AA,C5,63,06,00,00,08,00,
12072077,0000011C,false,Rx,0,8,00,05,20,00,22,00,01,01,
12072382,0000012C,false,Rx,0,8,00,00,01,00,00,64,00,00,
12073529,00000091,false,Rx,0,8,DD,5B,AD,26,06,00,00,00,
12073647,00000401,false,Rx,0,8,C6,10,10,00,00,04,00,00,
12073843,00000092,false,Rx,0,8,25,00,00,00,50,02,00,00,
12073951,00000093,false,Rx,0,8,00,00,00,00,00,00,00,00,
12074413,00000094,false,Rx,0,8,00,00,00,00,00,00,00,00,
12078776,00000036,false,Rx,0,8,A4,EA,BE,51,00,00,25,05,
12078871,00000037,false,Rx,0,8,30,00,00,10,00,40,00,00,
12079281,00000038,false,Rx,0,8,04,00,00,00,60,39,96,D4,
12079637,000003AA,false,Rx,0,8,FF,00,D0,00,54,00,00,00,
12079738,00000039,false,Rx,0,8,00,00,00,00,00,00,00,00,
12080427,000003B6,false,Rx,0,8,76,81,D4,00,00,00,00,46,
12080784,0000019B,false,Rx,0,8,1D,F1,B4,00,00,E4,00,00,
12080865,000003B7,false,Rx,0,8,46,00,00,00,00,00,00,00,
12081233,0000019C,false,Rx,0,8,40,20,00,00,00,00,0B,09,
12081301,000003B8,false,Rx,0,8,B3,02,00,00,00,00,69,0E,
12081591,0000019D,false,Rx,0,8,00,10,00,01,00,00,00,00,
12081818,000002D6,false,Rx,0,8,F6,18,D4,00,00,00,00,00,
12081920,0000019E,false,Rx,0,8,15,00,00,00,00,32,00,00,
12083242,000002D7,false,Rx,0,8,00,00,00,00,03,00,00,00,
12083611,000002EB,false,Rx,0,8,C5,A2,D4,07,08,01,00,02,
12083904,000001F1,false,Rx,0,8,5E,4D,0C,01,00,00,28,00,
12084238,000004F0,false,Rx,1,8,4A,10,16,16,5C,1A,0B,02,
12084820,000002D8,false,Rx,0,8,00,00,00,00,00,00,38,47,
12085144,000001F2,false,Rx,0,8,00,00,00,00,00,00,00,00,
12085438,00000643,false,Rx,1,8,00,FC,FF,FF,FF,FF,03,00,
12085563,000002D9,false,Rx,0,8,00,00,00,00,00,00,00,00,
12085815,000002EC,false,Rx,0,8,0A,00,CF,00,59,00,00,00,
12085878,000003B9,false,Rx,0,8,00,00,00,00,00,00,00,00,
12085953,000002ED,false,Rx,0,8,00,00,00,00,00,00,00,00,
12086029,00000495,false,Rx,0,8,49,00,00,00,00,00,00,00,
12086365,000002EE,false,Rx,0,8,00,00,00,00,00,00,00,00,
12089291,00000251,false,Rx,0,8,80,90,AA,00,00,00,00,00,
12089383,00000252,false,Rx,0,8,00,00,1B,1B,03,00,00,00,
12089810,00000253,false,Rx,0,8,00,00,00,58,58,00,80,4D,
12090163,000002AB,false,Rx,0,8,14,D7,AD,0C,0C,00,00,00,
12090286,000002AC,false,Rx,0,8,00,FF,FF,00,00,40,00,54,
12090719,000002FF,false,Rx,0,8,D4,CB,00,71,02,00,00,00,
12091035,000002AD,false,Rx,0,8,00,01,00,40,FF,FF,FF,0F,
12091203,00000316,false,Rx,0,8,E7,53,7E,34,06,80,0A,00,
12091256,000002AE,false,Rx,0,8,01,00,FF,3F,01,01,00,00,
12091394,00000317,false,Rx,0,8,00,00,05,00,00,00,00,00,
12091995,000002B6,false,Rx,0,8,AE,F1,AD,01,00,00,00,40,
12092362,000002B7,false,Rx,0,8,9F,00,50,1C,00,04,00,00,
12092895,000002B8,false,Rx,0,8,FF,F8,10,00,00,00,00,00,
12093209,000003B1,false,Rx,0,8,C1,DE,00,80,00,00,20,00,
12093549,000004E8,false,Rx,1,8,FF,FF,FF,05,FF,FF,FF,00,
12093892,000002B9,false,Rx,0,8,0A,00,00,00,00,00,00,00,
12094241,00000472,false,Rx,0,8,5C,EC,00,40,08,41,00,45,
12094583,000002C1,false,Rx,0,8,ED,14,D7,21,00,41,00,D4,
12094870,0000033B,false,Rx,0,8,4C,BD,AC,00,00,00,00,00,
12094957,000002C2,false,Rx,0,8,28,00,00,00,00,00,00,00,
12095241,0000033C,false,Rx,0,8,00,00,00,00,F0,00,00,00,
12095526,000002C3,false,Rx,0,8,00,00,00,00,00,00,00,00,
12095624,0000033D,false,Rx,0,8,00,00,00,00,00,00,00,00,
12095947,000002C4,false,Rx,0,8,00,00,00,00,00,00,00,00,
12096279,0000033E,false,Rx,0,8,00,00,00,00,00,00,00,00,
12096589,000002E1,false,Rx,0,8,28,BA,AD,00,00,00,00,40,
12096687,00000356,false,Rx,0,8,05,43,D6,00,00,00,00,00,
12096980,000002E2,false,Rx,0,8,FD,00,00,00,00,14,00,04,
12097283,00000357,false,Rx,0,8,00,00,00,00,00,4B,4D,48,
12097394,000002E3,false,Rx,0,8,00,00,00,00,00,00,72,01,
12097600,00000358,false,Rx,0,8,35,41,45,4D,52,37,33,4F,
12097742,000002E4,false,Rx,0,8,02,00,00,00,00,00,00,00,
12097841,00000359,false,Rx,0,8,51,4F,34,52,4A,35,33,00,
12097910,00000473,false,Rx,0,8,5F,24,00,25,00,00,00,78,
12097956,00000146,false,Rx,0,8,88,AA,61,10,04,05,00,00,
12098033,00000474,false,Rx,0,8,91,72,00,00,00,00,00,08,
12098268,00000061,false,Rx,0,8,4B,0D,3E,00,00,00,00,00,
12098340,00000147,false,Rx,0,8,01,04,7D,00,40,45,07,00,
12098599,00000062,false,Rx,0,8,02,02,00,02,40,FF,00,FF,
12098717,00000148,false,Rx,0,8,00,00,42,00,1E,89,40,05,
12099052,00000063,false,Rx,0,8,00,00,05,00,00,08,FD,00,
12099410,00000149,false,Rx,0,8,00,38,00,CC,00,00,00,00,
12099720,00000064,false,Rx,0,8,00,00,00,04,FF,FA,00,00,
12099948,000000A1,false,Rx,0,8,57,51,3E,57,61,02,8A,00,
12100030,000000A2,false,Rx,0,8,00,00,00,00,00,00,00,00,
12100196,000000A3,false,Rx,0,8,00,40,01,00,00,00,00,00,
12101353,00000565,false,Rx,0,8,66,02,00,00,00,00,FF,FF,
12102645,00000111,false,Rx,0,8,19,77,04,01,00,00,00,00,
12102852,0000036F,false,Rx,0,8,EE,E1,01,00,00,00,00,00,
12103016,00000112,false,Rx,0,8,00,00,00,00,00,00,00,00,
12103255,0000037F,false,Rx,0,8,2A,50,52,24,41,02,00,00,
12103506,00000113,false,Rx,0,8,00,00,00,00,00,00,00,00,
12103958,00000114,false,Rx,0,8,00,00,00,00,00,00,00,00,
12106589,000001B1,false,Rx,0,8,25,A0,61,00,72,00,00,00,
12106701,000001B2,false,Rx,0,8,23,00,04,B7,0F,08,50,10,
12106972,000001B3,false,Rx,0,8,10,33,37,00,5A,7B,6A,7D,
12107057,000001B4,false,Rx,0,8,65,7D,10,00,00,41,00,00,
12107410,000001AB,false,Rx,0,8,AD,D1,F0,50,70,50,00,00,
12107974,000001AC,false,Rx,0,8,00,28,00,00,00,00,00,00,
12109673,00000121,false,Rx,0,8,C5,6B,A4,00,00,00,00,05,
12109765,00000122,false,Rx,0,8,FF,D9,67,1F,46,47,46,45,
12109813,00000123,false,Rx,0,8,B6,02,00,00,00,00,01,00,
12110196,00000124,false,Rx,0,8,00,00,0A,00,00,00,20,40,
12112692,000004A3,false,Rx,1,8,80,00,48,0B,3E,00,00,00,
12112793,000004A4,false,Rx,1,8,FF,FF,FF,00,00,00,00,00,
12116644,0000010B,false,Rx,0,8,E3,4A,AE,00,00,00,00,05,
12116738,0000010C,false,Rx,0,8,FF,F9,E7,1F,46,50,48,48,
12117146,0000010D,false,Rx,0,8,B5,02,00,00,00,00,01,00,
12117224,0000010E,false,Rx,0,8,00,00,1E,00,00,C0,AB,57,
12121471,00000161,false,Rx,0,8,E2,32,34,03,00,00,00,02,
12121564,0000011B,false,Rx,0,8,84,6C,68,05,80,08,28,02,
12121990,00000162,false,Rx,0,8,FF,FC,01,00,00,00,00,00,
12122067,0000011C,false,Rx,0,8,00,05,20,00,22,00,01,01,
12122384,0000012B,false,Rx,0,8,62,3C,68,06,00,00,08,00,
12122734,0000012C,false,Rx,0,8,00,00,01,00,00,64,00,00,
12122840,000004F0,false,Rx,1,8,4A,10,16,16,5C,1A,0B,02,
12124323,0000030B,false,Rx,0,8,9C,59,AC,00,04,00,00,00,
12124483,0000030C,false,Rx,0,8,00,00,0E,00,2C,00,A0,0F,
12124738,0000030D,false,Rx,0,8,00,00,00,00,43,00,00,00,
12125008,0000030E,false,Rx,0,8,00,00,18,05,21,00,00,02,
12127304,000001E6,false,Rx,0,8,63,82,55,02,00,00,00,00,
12127399,000001E7,false,Rx,0,8,00,00,22,03,20,01,00,00,
12127855,000001BB,false,Rx,0,8,DD,2D,55,02,00,00,00,0A,
12128187,000001BC,false,Rx,0,8,32,00,00,00,02,00,00,00,
12128267,000001BD,false,Rx,0,8,00,00,00,00,00,00,00,00,
12128653,00000036,false,Rx,0,8,B0,52,C3,51,00,00,25,05,
12129096,00000037,false,Rx,0,8,30,00,00,10,00,40,00,00,
12129425,00000038,false,Rx,0,8,04,00,00,00,60,39,96,D4,
12129992,00000039,false,Rx,0,8,00,00,00,00,00,00,00,00,
12130417,0000019B,false,Rx,0,8,10,37,B9,00,00,E4,00,00,
12130777,0000019C,false,Rx,0,8,40,20,00,00,00,00,0B,09,
12130859,0000019D,false,Rx,0,8,00,10,00,01,00,00,00,00,
12131241,00000475,false,Rx,0,8,12,00,00,00,00,00,00,00,
12131416,0000019E,false,Rx,0,8,15,00,00,00,00,32,00,00,
12131551,000001A1,false,Rx,0,8,BF,15,34,FE,F7,7F,64,00,
12131946,00000496,false,Rx,0,8,12,00,00,00,00,00,00,00,
12132322,000001A2,false,Rx,0,8,44,00,00,00,27,08,00,00,
12132461,000001A3,false,Rx,0,8,FF,F3,3F,00,00,00,00,00,
12132765,000001A4,false,Rx,0,8,FE,07,00,00,00,00,00,00,
12133568,00000383,false,Rx,0,8,5A,53,00,10,01,00,00,00,
12140973,00000448,false,Rx,0,8,DE,80,00,00,00,00,00,00,
12142204,000001FB,false,Rx,0,8,94,89,A4,00,00,00,00,00,
12142304,000001FC,false,Rx,0,8,00,00,00,00,00,00,00,00,
12142727,000001FD,false,Rx,0,8,00,1A,03,00,00,00,00,00,
12142811,000001FE,false,Rx,0,8,00,00,00,00,00,00,00,00,
12147847,00000061,false,Rx,0,8,5F,B5,43,00,00,00,00,00,
12147971,00000062,false,Rx,0,8,02,02,00,02,40,FF,00,FF,
12148369,00000063,false,Rx,0,8,00,00,05,00,00,08,FD,00,
12148445,00000064,false,Rx,0,8,00,00,00,04,FF,FA,00,00,
12148814,000000A1,false,Rx,0,8,F9,C3,43,57,61,02,8A,00,
12149130,000000A2,false,Rx,0,8,00,00,00,00,00,00,00,00,
12149209,000000A3,false,Rx,0,8,00,40,01,00,00,00,00,00,
12150161,00000382,false,Rx,0,8,2B,FE,21,00,00,05,09,00,
12156560,000002BF,false,Rx,0,8,FF,FF,FF,00,00,00,00,00,
12156655,0000047F,false,Rx,0,8,F0,FC,FF,FF,FF,FF,FF,FF,
12157080,00000653,false,Rx,0,8,0A,19,03,01,02,2A,00,00,
12157482,00000236,false,Rx,0,8,88,E7,AB,00,34,6C,AE,62,
12157572,000002FB,false,Rx,0,8,31,F3,AB,04,72,1A,B4,B4,
12157945,00000237,false,Rx,0,8,00,15,47,00,00,1E,1B,00,
12158215,000002FC,false,Rx,0,8,0F,00,14,18,00,00,8F,43,
12158294,00000238,false,Rx,0,8,00,00,72,00,00,00,00,00,
12158918,000002FD,false,Rx,0,8,00,00,00,00,00,1C,13,EA,
12159266,00000239,false,Rx,0,8,00,00,00,00,01,00,00,00,
12159578,000002FE,false,Rx,0,8,00,00,72,01,00,28,C8,02,
12159687,00000121,false,Rx,0,8,C8,AD,A9,00,00,00,00,05,
12159997,00000122,false,Rx,0,8,FF,D9,67,1F,46,47,46,45,
12160080,000001F6,false,Rx,0,8,85,CC,AB,00,00,00,00,0E,
12160128,00000123,false,Rx,0,8,B6,02,00,00,00,00,01,00,
12160268,000001F7,false,Rx,0,8,26,00,DA,02,00,00,00,00,
12160535,00000124,false,Rx,0,8,00,00,0A,00,00,00,20,40,
12160769,000001F8,false,Rx,0,8,00,5E,01,45,01,00,00,00,
12161216,00000151,false,Rx,0,8,CE,10,AB,64,C8,00,28,18,
12161279,000001F9,false,Rx,0,8,4B,00,64,C8,14,00,4B,00,
12161481,00000152,false,Rx,0,8,14,17,17,00,51,00,00,00,
12162210,0000025B,false,Rx,0,8,4B,5E,AB,40,40,20,00,00,
12162559,00000153,false,Rx,0,8,00,00,00,00,00,00,00,00,
12162992,0000025C,false,Rx,0,8,00,00,26,00,B4,2C,19,00,
12163074,00000154,false,Rx,0,8,00,00,00,00,00,00,00,00,
12163430,0000025D,false,Rx,0,8,00,C8,00,00,00,80,C0,70,
12163764,000004F0,false,Rx,1,8,4A,10,16,16,5C,1A,0B,02,
12164360,00000326,false,Rx,0,8,FC,BB,AB,00,00,00,00,00,
12164699,0000025E,false,Rx,0,8,02,07,0E,01,00,00,46,00,
12165011,00000327,false,Rx,0,8,00,00,00,00,05,00,00,00,
12165130,00000328,false,Rx,0,8,DA,02,4B,00,00,5E,01,00,
12165431,00000329,false,Rx,0,8,64,45,01,00,00,00,00,00,
12165729,00000331,false,Rx,0,8,DF,1E,AB,F1,C8,A0,2C,97,
12166043,00000332,false,Rx,0,8,E8,08,FC,03,00,00,00,00,
12166450,00000333,false,Rx,0,8,00,00,00,1C,0C,40,20,64,
12166763,00000334,false,Rx,0,8,C8,00,00,00,08,44,F4,8F,
12167019,0000010B,false,Rx,0,8,10,00,B3,00,00,00,00,05,
12167120,0000010C,false,Rx,0,8,FF,F9,E7,1F,46,4F,48,48,
12167196,0000010D,false,Rx,0,8,B5,02,00,00,00,00,01,00,
12167240,0000010E,false,Rx,0,8,00,00,1E,00,00,C0,AB,57,
12171727,0000011B,false,Rx,0,8,72,44,6D,05,80,08,28,02,
12171818,0000012B,false,Rx,0,8,94,14,6D,06,00,00,08,00,
12172283,0000011C,false,Rx,0,8,00,05,20,00,22,00,01,01,
12172621,0000012C,false,Rx,0,8,00,00,01,00,00,64,00,00,
12172715,000001E1,false,Rx,0,8,DE,7C,49,02,00,00,00,00,
12172956,000001E2,false,Rx,0,8,00,00,00,00,00,00,00,00,
12173455,00000091,false,Rx,0,8,7E,83,AE,26,06,00,00,00,
12174050,00000092,false,Rx,0,8,26,00,00,00,60,02,00,00,
12174348,00000093,false,Rx,0,8,00,00,00,00,00,00,00,00,
12174437,00000094,false,Rx,0,8,00,00,00,00,00,00,00,00,
12178777,00000036,false,Rx,0,8,08,53,C8,51,00,00,25,05,
12178872,00000037,false,Rx,0,8,30,00,00,10,00,40,00,00,
12179279,00000038,false,Rx,0,8,04,00,00,00,60,39,96,D4,
12179644,00000039,false,Rx,0,8,00,00,00,00,00,00,00,00,
12179761,00000256,false,Rx,0,8,28,05,AA,15,40,00,F0,00,
12180106,000002E6,false,Rx,0,8,3D,24,AA,01,00,00,00,15,
12180412,00000257,false,Rx,0,8,00,94,41,18,85,07,00,94,
12180741,000002E7,false,Rx,0,8,0A,00,00,00,00,00,00,00,
12181126,0000019B,false,Rx,0,8,E3,A9,BE,00,00,E4,00,00,
12181436,00000258,false,Rx,0,8,36,F7,1A,00,10,15,00,28,
12181709,0000019C,false,Rx,0,8,40,20,00,00,00,00,0B,09,
12181938,00000259,false,Rx,0,8,5F,05,8D,3C,4C,02,00,00,
12182045,0000019D,false,Rx,0,8,00,10,00,01,00,00,00,00,
12182106,000002E8,false,Rx,0,8,00,00,00,00,00,00,00,00,
12182151,0000019E,false,Rx,0,8,15,00,00,00,00,32,00,00,
12182265,000002E9,false,Rx,0,8,00,00,00,00,00,00,00,00,
12183316,000000C5,false,Rx,1,8,00,00,00,00,00,00,00,00,
12184010,00000384,false,Rx,0,8,BA,56,0D,01,00,FF,00,24,
12184296,00000244,false,Rx,1,8,FF,FF,FF,FF,FF,FF,FF,FF,
12184894,0000041F,false,Rx,1,8,00,0C,00,00,00,00,00,00,
12184967,000004B4,false,Rx,1,8,00,00,05,40,10,70,04,00,
12185213,000004B5,false,Rx,1,8,08,00,F0,07,00,00,00,00,
12185496,000004B7,false,Rx,1,8,08,00,F0,07,00,00,00,00,
12185810,000004CA,false,Rx,1,8,00,00,00,00,00,00,00,00,
12185936,000004CC,false,Rx,1,8,08,00,00,06,00,00,03,00,
12186281,000004CE,false,Rx,1,8,DE,01,00,00,00,00,F8,FF,
12186517,000004D7,false,Rx,1,8,23,01,00,00,00,00,00,00,
12186829,000004D8,false,Rx,1,8,41,10,F0,F0,40,F2,1E,CC,
12187058,000004DD,false,Rx,1,8,00,00,FE,00,04,00,00,00,
12187314,000004DF,false,Rx,1,8,00,00,08,00,00,00,00,00,
12187839,000004E7,false,Rx,1,8,00,30,00,00,00,00,69,00,
12188334,000004E8,false,Rx,1,8,FF,FF,FF,05,FF,FF,FF,00,
12188628,000004E9,false,Rx,1,8,12,00,00,34,00,00,50,00,
12188910,000004EA,false,Rx,1,8,67,00,00,89,00,00,00,00,
12189161,000004EB,false,Rx,1,8,02,80,16,16,80,00,00,00,
12189415,000004EC,false,Rx,1,8,00,00,00,00,00,00,00,00,
12190192,00000226,false,Rx,0,8,DC,D2,FD,FF,63,60,09,42,
12190720,000004ED,false,Rx,1,8,00,00,00,00,00,FF,FF,1F,
12191311,00000227,false,Rx,0,8,02,94,00,09,03,F1,9F,03,
12191819,000004EE,false,Rx,1,8,FF,FF,00,00,00,00,00,00,
12191918,000004EF,false,Rx,1,8,60,00,60,00,2B,14,00,00,
12191986,0000063D,false,Rx,1,8,00,80,00,00,00,00,00,00,
12192185,0000042A,false,Rx,0,8,8E,83,0C,02,00,10,00,00,
12192262,0000063E,false,Rx,1,8,FF,FF,FF,FF,FF,FF,FF,FF,
12192316,0000063F,false,Rx,1,8,00,10,00,C4,FF,00,00,00,
12192371,00000640,false,Rx,1,8,FF,FF,FF,00,FF,FF,FF,00,
12192669,00000396,false,Rx,0,8,19,9B,D5,0F,08,02,00,02,
12192777,00000641,false,Rx,1,8,FF,FF,FF,FF,0F,FF,FF,FF,
12192852,00000566,false,Rx,0,8,16,02,00,00,00,00,FF,FF,
12192971,00000646,false,Rx,1,8,00,00,00,80,01,00,00,00,
12193050,00000397,false,Rx,0,8,6F,00,43,10,3F,07,00,00,
12193092,00000398,false,Rx,0,8,00,00,00,00,00,00,00,00,
12197431,00000146,false,Rx,0,8,40,5A,66,10,04,05,00,00,
12197526,00000147,false,Rx,0,8,01,04,7D,00,40,46,07,00,
12197950,00000061,false,Rx,0,8,E7,B4,48,00,00,00,00,00,
12198019,00000148,false,Rx,0,8,00,00,42,00,1E,89,40,05,
12198349,00000062,false,Rx,0,8,02,02,00,02,40,FF,00,FF,
12198696,00000149,false,Rx,0,8,00,38,00,CC,00,00,00,00,
12199013,00000063,false,Rx,0,8,00,00,05,00,00,08,FD,00,
12199108,00000064,false,Rx,0,8,00,00,00,04,FF,FA,00,00,
12199262,000000A1,false,Rx,0,8,C5,32,48,57,61,02,8A,00,
12199500,000000A2,false,Rx,0,8,00,00,00,00,00,00,00,00,
12199711,000000A3,false,Rx,0,8,00,40,01,00,00,00,00,00,
12202682,0000036F,false,Rx,0,8,FE,01,01,00,00,00,00,00,
12202784,0000037F,false,Rx,0,8,FC,60,52,24,41,02,00,00,
12206380,000001B1,false,Rx,0,8,D6,3E,66,00,72,00,00,00,
12206472,000001B2,false,Rx,0,8,23,00,04,B7,0F,08,50,10,
12206770,000001B3,false,Rx,0,8,10,33,37,00,5A,7B,6A,7D,
12207154,000001B4,false,Rx,0,8,65,7D,10,00,00,41,00,00,
12207304,000001AB,false,Rx,0,8,5B,F9,F5,50,70,50,00,00,
12207619,000001AC,false,Rx,0,8,00,28,00,00,00,00,00,00,
12209480,00000121,false,Rx,0,8,3B,33,AE,00,00,00,00,05,
12209586,00000122,false,Rx,0,8,FF,D9,67,1F,46,47,46,45,
12209997,00000123,false,Rx,0,8,B6,02,00,00,00,00,01,00,
12210068,00000124,false,Rx,0,8,00,00,0A,00,00,00,20,40,
12212299,000003B0,false,Rx,0,8,72,37,FF,C7,00,00,03,C0,
12216651,0000010B,false,Rx,0,8,A8,01,B8,00,00,00,00,05,
12216743,0000010C,false,Rx,0,8,FF,F9,E7,1F,46,4F,48,48,
12217176,0000010D,false,Rx,0,8,B5,02,00,00,00,00,01,00,
12217252,0000010E,false,Rx,0,8,00,00,1E,00,00,C0,AB,57,
12220321,000003B2,false,Rx,0,8,36,15,FF,02,29,2F,34,00,
12221613,00000161,false,Rx,0,8,91,0B,39,03,00,00,00,02,
12221740,0000011B,false,Rx,0,8,62,1E,72,05,80,08,28,02,
12221786,00000162,false,Rx,0,8,FF,FC,01,00,00,00,00,00,
12222123,0000011C,false,Rx,0,8,00,05,20,00,22,00,01,01,
12222781,0000012B,false,Rx,0,8,84,4E,72,06,00,00,08,00,
12223073,0000012C,false,Rx,0,8,00,00,01,00,00,64,00,00,
12223148,00000405,false,Rx,0,8,D2,10,00,00,00,01,00,00,
12223205,00000410,false,Rx,0,8,6A,60,57,3C,DE,6A,FF,FF,
12223562,00000411,false,Rx,0,8,04,D1,50,51,00,00,44,04,
12223643,00000412,false,Rx,0,8,CC,E0,00,00,00,00,00,00,
12223963,00000413,false,Rx,0,8,08,60,00,00,00,00,00,00,
12224309,00000414,false,Rx,0,8,41,70,00,00,28,00,00,00,
12224892,00000416,false,Rx,0,8,55,00,00,00,00,00,00,00,
12224991,00000417,false,Rx,0,8,20,E0,00,00,00,00,00,00,
12225252,00000418,false,Rx,0,8,07,C0,00,00,14,0C,00,00,
12225347,00000419,false,Rx,0,8,EA,C0,26,D5,31,87,90,00,
12228667,00000445,false,Rx,0,8,69,30,00,00,00,04,00,18,
12228760,00000036,false,Rx,0,8,77,7F,CD,51,00,00,25,05,
12229173,00000037,false,Rx,0,8,30,00,00,10,00,40,00,00,
12229518,00000038,false,Rx,0,8,04,00,00,00,60,39,96,D4,
12229602,00000039,false,Rx,0,8,00,00,00,00,00,00,00,00,
12230675,00000380,false,Rx,0,8,96,92,03,08,08,08,08,01,
12230807,0000019B,false,Rx,0,8,F7,11,C3,00,00,E4,00,00,
12230860,0000019C,false,Rx,0,8,40,20,00,00,00,00,0B,09,
12231256,0000019D,false,Rx,0,8,00,10,00,01,00,00,00,00,
12231538,00000427,false,Rx,0,8,1D,86,FF,00,80,0A,00,00,
12231739,0000019E,false,Rx,0,8,15,00,00,00,00,32,00,00,
12231844,000001A1,false,Rx,0,8,B2,D3,39,FE,F7,7F,64,00,
12231891,000001A2,false,Rx,0,8,44,00,00,00,27,08,00,00,
12232287,000001A3,false,Rx,0,8,FF,F3,3F,00,00,00,00,00,
12232631,000001A4,false,Rx,0,8,FE,07,00,00,00,00,00,00,
12233202,000001F1,false,Rx,0,8,13,A5,0F,01,00,00,28,00,
12233501,000001F2,false,Rx,0,8,00,00,00,00,00,00,00,00,
12233611,000003A1,false,Rx,0,8,8F,50,BD,00,FF,FF,FF,FF,
12233962,000003A2,false,Rx,0,8,00,00,00,00,00,00,00,00,
12247803,00000061,false,Rx,0,8,98,98,4D,00,00,00,00,00,
12247909,00000062,false,Rx,0,8,02,02,00,02,40,FF,00,FF,
12248315,00000063,false,Rx,0,8,00,00,05,00,00,08,FD,00,
12248716,00000064,false,Rx,0,8,00,00,00,04,FF,FA,00,00,
12248830,000000A1,false,Rx,0,8,CA,D9,4D,57,61,02,8A,00,
12249191,000000A2,false,Rx,0,8,00,00,00,00,00,00,00,00,
12249353,000000A3,false,Rx,0,8,00,40,01,00,00,00,00,00,
12249517,000000FF,false,Rx,0,8,CB,10,00,00,00,00,02,00,
12250129,00000394,false,Rx,0,8,2A,22,1A,49,00,00,00,00,
12250516,000003C3,false,Rx,0,8,45,10,31,30,36,00,00,00,
12250862,000003E0,false,Rx,0,8,01,70,01,00,54,03,00,00,
12251948,000003E5,false,Rx,0,8,8E,90,01,00,00,00,00,00,
12252071,000003E6,false,Rx,0,8,7F,00,00,00,00,00,00,00,
12252129,0000041A,false,Rx,0,8,95,40,12,00,00,00,00,00,
12252798,0000041B,false,Rx,0,8,60,30,00,00,00,00,00,00,
12253112,0000041C,false,Rx,0,8,E9,80,E0,00,00,00,00,00,
12253524,00000422,false,Rx,0,8,EA,C0,01,00,00,00,04,00,
12254061,00000432,false,Rx,0,8,03,20,02,00,00,00,00,00,
12254386,00000435,false,Rx,0,8,9F,D0,00,40,00,00,00,00,
12254469,00000442,false,Rx,0,8,CE,20,11,81,00,00,00,00,
12254885,00000444,false,Rx,0,8,6C,30,20,50,55,50,00,00,
12255488,00000464,false,Rx,0,8,B2,70,F0,FF,38,7F,05,00,
12259508,00000121,false,Rx,0,8,F3,31,B3,00,00,00,00,05,
12259601,00000122,false,Rx,0,8,FF,D9,67,1F,46,47,46,45,
12260024,00000123,false,Rx,0,8,B6,02,00,00,00,00,01,00,
12260111,00000124,false,Rx,0,8,00,00,0A,00,00,00,20,40,
12266644,0000010B,false,Rx,0,8,D7,2D,BD,00,00,00,00,05,
12266738,0000010C,false,Rx,0,8,FF,F9,E7,1F,46,4F,48,48,
12267137,0000010D,false,Rx,0,8,B5,02,00,00,00,00,01,00,
12267228,0000010E,false,Rx,0,8,00,00,1E,00,00,C0,AB,57,
12268671,00000445,false,Rx,0,8,69,30,00,00,00,04,00,18,
12271776,0000011B,false,Rx,0,8,94,36,77,05,80,08,28,02,
12271871,0000012B,false,Rx,0,8,72,66,77,06,00,00,08,00,
12272153,0000011C,false,Rx,0,8,00,05,20,00,22,00,01,01,
12272308,0000012C,false,Rx,0,8,00,00,01,00,00,64,00,00,
12273324,00000091,false,Rx,0,8,1F,CB,AF,26,06,00,00,00,
12273478,00000092,false,Rx,0,8,27,00,00,00,70,02,00,00,
12274000,00000487,false,Rx,1,8,00,00,00,00,00,00,00,00,
12274421,00000401,false,Rx,0,8,C6,10,10,00,00,04,00,00,
12274483,00000093,false,Rx,0,8,00,00,00,00,00,00,00,00,
12274555,00000642,false,Rx,1,8,FF,FF,FF,FF,FF,FF,00,00,
12274613,00000094,false,Rx,0,8,00,00,00,00,00,00,00,00,
12277242,000001E6,false,Rx,0,8,10,BB,58,02,00,00,00,00,
12277353,000001E7,false,Rx,0,8,00,00,22,03,20,01,00,00,
12277588,000001BB,false,Rx,0,8,EB,6E,58,02,00,00,00,0A,
12277746,000001BC,false,Rx,0,8,32,00,00,00,02,00,00,00,
12278126,000001BD,false,Rx,0,8,00,00,00,00,00,00,00,00,
12278781,00000036,false,Rx,0,8,33,CF,D2,51,00,00,25,05,
12278970,00000037,false,Rx,0,8,30,00,00,10,00,40,00,00,
12279131,00000038,false,Rx,0,8,04,00,00,00,60,39,96,D4,
12279562,00000039,false,Rx,0,8,00,00,00,00,00,00,00,00,
12279930,000003AA,false,Rx,0,8,FF,00,D0,00,54,00,00,00,
12280273,000003B6,false,Rx,0,8,30,D8,D5,00,00,00,00,46,
12280599,0000019B,false,Rx,0,8,4F,10,C8,00,00,E4,00,00,
12280900,000003B7,false,Rx,0,8,46,00,00,00,00,00,00,00,
12281167,0000019C,false,Rx,0,8,40,20,00,00,00,00,0B,09,
12281261,000003B8,false,Rx,0,8,B3,02,00,00,00,00,69,0E,
12281632,0000019D,false,Rx,0,8,00,10,00,01,00,00,00,00,
12281979,000002D6,false,Rx,0,8,B0,41,D5,00,00,00,00,00,
12282309,0000019E,false,Rx,0,8,15,00,00,00,00,32,00,00,
12282640,000002D7,false,Rx,0,8,00,00,00,00,03,00,00,00,
12282919,000002EB,false,Rx,0,8,74,AF,D5,07,08,01,00,02,
12283209,000002D8,false,Rx,0,8,00,00,00,00,00,00,38,47,
12283543,000002EC,false,Rx,0,8,12,00,CF,00,59,00,00,00,
12283662,000002D9,false,Rx,0,8,00,00,00,00,00,00,00,00,
12283951,000002ED,false,Rx,0,8,00,00,00,00,00,00,00,00,
12284265,000003B9,false,Rx,0,8,00,00,00,00,00,00,00,00,
12284620,000002EE,false,Rx,0,8,00,00,00,00,00,00,00,00,
12284903,00000495,false,Rx,0,8,49,00,00,00,00,00,00,00,
12288299,00000516,false,Rx,0,8,61,02,00,00,00,00,FF,FF,
12290395,00000251,false,Rx,0,8,8A,22,AC,00,00,00,00,00,
12290847,00000252,false,Rx,0,8,00,00,1B,1B,03,00,00,00,
12290963,000002AB,false,Rx,0,8,98,65,AF,0C,0C,00,00,00,
12291021,00000253,false,Rx,0,8,00,00,00,58,58,00,80,4D,
12291353,000002AC,false,Rx,0,8,00,FF,FF,00,00,40,00,54,
12291607,000002FF,false,Rx,0,8,D4,CB,00,71,02,00,00,00,
12291694,000002AD,false,Rx,0,8,00,01,00,40,FF,FF,FF,0F,
12292066,00000316,false,Rx,0,8,C3,FB,7F,34,06,80,0A,00,
12292312,000002AE,false,Rx,0,8,01,00,FF,3F,01,01,00,00,
12292434,00000317,false,Rx,0,8,00,00,05,00,00,00,00,00,
12292997,000002B6,false,Rx,0,8,22,43,AF,01,00,00,00,40,
12293105,000003B1,false,Rx,0,8,C1,DE,00,80,00,00,20,00,
12293386,000002B7,false,Rx,0,8,9F,00,50,1C,00,04,00,00,
12293674,00000472,false,Rx,0,8,5C,EC,00,40,08,41,00,45,
12293768,000002B8,false,Rx,0,8,FF,F8,10,00,00,00,00,00,
12294059,0000033B,false,Rx,0,8,C0,0F,AE,00,00,00,00,00,
12294370,000002B9,false,Rx,0,8,0A,00,00,00,00,00,00,00,
12294706,0000033C,false,Rx,0,8,00,00,00,00,F0,00,00,00,
12295039,000002C1,false,Rx,0,8,0D,CC,D8,21,00,41,00,D4,
12295111,0000033D,false,Rx,0,8,00,00,00,00,00,00,00,00,
12295418,000002C2,false,Rx,0,8,29,00,00,00,00,00,00,00,
12295722,0000033E,false,Rx,0,8,00,00,00,00,00,00,00,00,
12295990,000002C3,false,Rx,0,8,00,00,00,00,00,00,00,00,
12296372,00000356,false,Rx,0,8,43,1A,D7,00,00,00,00,00,
12296754,000002C4,false,Rx,0,8,00,00,00,00,00,00,00,00,
12297075,00000357,false,Rx,0,8,00,00,00,00,00,4B,4D,48,
12297380,000002E1,false,Rx,0,8,A4,08,AF,00,00,00,00,40,
12297495,00000358,false,Rx,0,8,35,41,45,4D,52,37,33,4F,
12297755,000002E2,false,Rx,0,8,FD,00,00,00,00,14,00,04,
12297841,00000359,false,Rx,0,8,51,4F,34,52,4A,35,33,00,
12298137,000002E3,false,Rx,0,8,00,00,00,00,00,00,72,01,
12298441,00000473,false,Rx,0,8,5F,24,00,25,00,00,00,78,
12298814,00000146,false,Rx,0,8,4D,9C,6B,10,04,05,00,00,
12299120,000002E4,false,Rx,0,8,02,00,00,00,00,00,00,00,
12299190,00000061,false,Rx,0,8,DC,28,52,00,00,00,00,00,
12299502,00000147,false,Rx,0,8,01,04,7D,00,40,46,07,00,
12299787,00000062,false,Rx,0,8,02,02,00,02,40,FF,00,FF,
12299850,00000148,false,Rx,0,8,00,00,42,00,1E,89,40,05,
12300157,00000063,false,Rx,0,8,00,00,05,00,00,08,FD,00,
12300424,00000149,false,Rx,0,8,00,38,00,CC,00,00,00,00,
12300793,00000064,false,Rx,0,8,00,00,00,04,FF,FA,00,00,
12301110,00000474,false,Rx,0,8,91,72,00,00,00,00,00,08,
12301183,000000A1,false,Rx,0,8,A9,B4,52,57,61,02,8A,00,
12301455,000000A2,false,Rx,0,8,00,00,00,00,00,00,00,00,
12301736,000000A3,false,Rx,0,8,00,40,01,00,00,00,00,00,
12302628,00000111,false,Rx,0,8,5F,2E,05,01,00,00,00,00,
12303157,0000036F,false,Rx,0,8,47,11,01,00,00,00,00,00,
12303735,00000112,false,Rx,0,8,00,00,00,00,00,00,00,00,
12303851,0000037F,false,Rx,0,8,45,70,52,24,41,02,00,00,
12304100,00000113,false,Rx,0,8,00,00,00,00,00,00,00,00,
12304203,00000114,false,Rx,0,8,00,00,00,00,00,00,00,00,
12306451,000001B1,false,Rx,0,8,DB,F8,6B,00,72,00,00,00,
12306542,000001B2,false,Rx,0,8,23,00,04,B7,0F,08,50,10,
12306749,000001B3,false,Rx,0,8,10,33,37,00,5A,7B,6A,7D,
12307154,000001B4,false,Rx,0,8,65,7D,10,00,00,41,00,00,
12307524,000001AB,false,Rx,0,8,41,80,FA,50,70,50,00,00,
12307834,000001AC,false,Rx,0,8,00,28,00,00,00,00,00,00,
12308726,00000445,false,Rx,0,8,69,30,00,00,00,04,00,18,
12309786,00000121,false,Rx,0,8,4B,30,B8,00,00,00,00,05,
12309887,00000122,false,Rx,0,8,FF,D9,67,1F,46,47,46,45,
12310074,00000123,false,Rx,0,8,B6,02,00,00,00,00,01,00,
12310158,00000124,false,Rx,0,8,00,00,0A,00,00,00,20,40,
12314697,000004A3,false,Rx,1,8,80,00,48,0B,3E,00,00,00,
12314823,000004A4,false,Rx,1,8,FF,FF,FF,00,00,00,00,00,
12317245,0000010B,false,Rx,0,8,4F,27,C2,00,00,00,00,05,
12317343,0000010C,false,Rx,0,8,FF,F9,E7,1F,46,4F,48,48,
12317415,0000010D,false,Rx,0,8,B5,02,00,00,00,00,01,00,
12317751,0000010E,false,Rx,0,8,00,00,1E,00,00,C0,AB,57,
12321958,00000161,false,Rx,0,8,0E,63,3E,03,00,00,00,02,
12322199,0000011B,false,Rx,0,8,5C,CF,7C,05,80,08,28,02,
12322271,00000162,false,Rx,0,8,FF,FC,01,00,00,00,00,00,
12322325,0000011C,false,Rx,0,8,00,05,20,00,22,00,01,01,
12322381,0000012B,false,Rx,0,8,BA,9F,7C,06,00,00,08,00,
12322800,000001E1,false,Rx,0,8,28,54,4C,02,00,00,00,00,
12323128,0000012C,false,Rx,0,8,00,00,01,00,00,64,00,00,
12323290,000001E2,false,Rx,0,8,00,00,00,00,00,00,00,00,
12324531,0000030B,false,Rx,0,8,10,EB,AE,00,04,00,00,00,
12324849,0000030C,false,Rx,0,8,00,00,0E,00,2C,00,A0,0F,
12324907,0000030D,false,Rx,0,8,00,00,00,00,43,00,00,00,
12325143,0000030E,false,Rx,0,8,00,00,18,05,21,00,00,02,
12328924,00000036,false,Rx,0,8,4C,E3,D7,51,00,00,25,05,
12329024,00000037,false,Rx,0,8,30,00,00,10,00,40,00,00,
12329180,00000038,false,Rx,0,8,04,00,00,00,60,39,96,D4,
12329465,00000039,false,Rx,0,8,00,00,00,00,00,00,00,00,
12330585,0000019B,false,Rx,0,8,30,3C,CD,00,00,E4,00,00,
12330692,0000019C,false,Rx,0,8,40,20,00,00,00,00,0B,09,
12331115,0000019D,false,Rx,0,8,00,10,00,01,00,00,00,00,
12331503,00000475,false,Rx,0,8,12,00,00,00,00,00,00,00,
12331602,0000019E,false,Rx,0,8,15,00,00,00,00,32,00,00,
12331878,000001A1,false,Rx,0,8,41,4D,3E,FE,F7,7F,64,00,
12331961,00000496,false,Rx,0,8,12,00,00,00,00,00,00,00,
12332263,000001A2,false,Rx,0,8,44,00,00,00,27,08,00,00,
12332549,000001A3,false,Rx,0,8,FF,F3,3F,00,00,00,00,00,
12332863,000001A4,false,Rx,0,8,FE,07,00,00,00,00,00,00,
12333596,00000383,false,Rx,0,8,5A,53,00,10,01,00,00,00,
12341021,00000448,false,Rx,0,8,DE,80,00,00,00,00,00,00,
12342317,000001FB,false,Rx,0,8,18,3B,A6,00,00,00,00,00,
12342420,000001FC,false,Rx,0,8,00,00,00,00,00,00,00,00,
12342490,000001FD,false,Rx,0,8,00,1A,03,00,00,00,00,00,
12343207,000001FE,false,Rx,0,8,00,00,00,00,00,00,00,00,
12347836,00000061,false,Rx,0,8,A3,04,57,00,00,00,00,00,
12347935,00000062,false,Rx,0,8,02,02,00,02,40,FF,00,FF,
12348353,00000063,false,Rx,0,8,00,00,05,00,00,08,FD,00,
12348432,00000064,false,Rx,0,8,00,00,00,04,FF,FA,00,00,
12348807,000000A1,false,Rx,0,8,A6,5F,57,57,61,02,8A,00,
12348982,000000A2,false,Rx,0,8,00,00,00,00,00,00,00,00,
12349776,00000382,false,Rx,0,8,2B,FE,21,00,00,05,09,00,
12350098,000000A3,false,Rx,0,8,00,40,01,00,00,00,00,00,
12356415,000002BF,false,Rx,0,8,FF,FF,FF,00,00,00,00,00,
12356509,0000047F,false,Rx,0,8,F0,FC,FF,FF,FF,FF,FF,FF,
12356932,00000653,false,Rx,0,8,0A,19,03,01,02,2A,00,00,
12357364,00000236,false,Rx,0,8,3D,20,AD,00,34,6C,AE,62,
12357580,000002FB,false,Rx,0,8,37,01,AD,04,72,1A,B4,B4,
12357837,00000237,false,Rx,0,8,00,15,47,00,00,1E,1B,00,
12358419,000002FC,false,Rx,0,8,0F,00,14,18,00,00,8E,43,
12358799,00000238,false,Rx,0,8,00,00,72,00,00,00,00,00,
12358874,000002FD,false,Rx,0,8,00,00,00,00,00,1C,13,EA,
12359174,00000239,false,Rx,0,8,00,00,00,00,01,00,00,00,
12359299,000002FE,false,Rx,0,8,00,00,72,01,00,28,C8,02,
12359560,00000121,false,Rx,0,8,34,1C,BD,00,00,00,00,05,
12359652,00000122,false,Rx,0,8,FF,D9,67,1F,46,47,46,45,
12360028,000001F6,false,Rx,0,8,30,0B,AD,00,00,00,00,0E,
12360498,00000123,false,Rx,0,8,B6,02,00,00,00,00,01,00,
12360560,000001F7,false,Rx,0,8,26,00,DA,02,00,00,00,00,
12360626,00000124,false,Rx,0,8,00,00,0A,00,00,00,20,40,
12361015,000001F8,false,Rx,0,8,00,5E,01,45,01,00,00,00,
12361345,00000151,false,Rx,0,8,7B,D7,AD,64,C8,00,28,18,
12361495,000001F9,false,Rx,0,8,4B,00,64,C8,14,00,4B,00,
12361597,00000152,false,Rx,0,8,14,17,17,00,51,00,00,00,
12361807,0000025B,false,Rx,0,8,FE,99,AD,40,40,20,00,00,
12362238,00000153,false,Rx,0,8,00,00,00,00,00,00,00,00,
12362621,0000025C,false,Rx,0,8,00,00,26,00,B4,2C,19,00,
12362794,00000154,false,Rx,0,8,00,00,00,00,00,00,00,00,
12362848,0000025D,false,Rx,0,8,00,C8,00,00,00,80,C0,70,
12362967,00000326,false,Rx,0,8,49,7C,AD,00,00,00,00,00,
12363324,0000025E,false,Rx,0,8,02,07,0E,01,00,00,46,00,
12363668,00000327,false,Rx,0,8,00,00,00,00,05,00,00,00,
12363943,00000328,false,Rx,0,8,DA,02,4B,00,00,5E,01,00,
12364229,00000329,false,Rx,0,8,64,45,01,00,00,00,00,00,
12364350,00000331,false,Rx,0,8,6A,D9,AD,F1,C8,A0,2C,97,
12364561,00000332,false,Rx,0,8,E8,08,FC,03,00,00,00,00,
12364764,00000333,false,Rx,0,8,00,00,00,1C,0C,40,20,64,
12364964,00000334,false,Rx,0,8,C8,00,00,00,08,44,F4,8F,
12367257,0000010B,false,Rx,0,8,30,0B,C7,00,00,00,00,05,
12367586,0000010C,false,Rx,0,8,FF,F9,E7,1F,46,4F,48,48,
12367655,0000010D,false,Rx,0,8,B5,02,00,00,00,00,01,00,
12367932,0000010E,false,Rx,0,8,00,00,1E,00,00,C0,AB,57,
12371795,0000011B,false,Rx,0,8,68,17,81,05,80,08,28,02,
12371887,0000012B,false,Rx,0,8,8E,47,81,06,00,00,08,00,
12372351,0000011C,false,Rx,0,8,00,05,20,00,22,00,01,01,
12372427,0000012C,false,Rx,0,8,00,00,01,00,00,64,00,00,
12373530,00000091,false,Rx,0,8,96,85,B0,26,06,00,00,00,
12373634,00000092,false,Rx,0,8,28,00,00,00,80,02,00,00,
12373687,00000093,false,Rx,0,8,00,00,00,00,00,00,00,00,
12374329,00000094,false,Rx,0,8,00,00,00,00,00,00,00,00,
12378811,00000036,false,Rx,0,8,F4,E2,DC,51,00,00,25,05,
12378923,00000037,false,Rx,0,8,30,00,00,10,00,40,00,00,
12379288,00000038,false,Rx,0,8,04,00,00,00,60,39,96,D4,
12379390,00000039,false,Rx,0,8,00,00,00,00,00,00,00,00,
12379751,00000256,false,Rx,0,8,10,B3,AC,15,40,00,F0,00,
12380389,000002E6,false,Rx,0,8,88,E3,AC,01,00,00,00,15,
12380516,00000257,false,Rx,0,8,00,94,41,19,85,07,00,94,
12380801,000002E7,false,Rx,0,8,0A,00,00,00,00,00,00,00,
12380956,0000019B,false,Rx,0,8,74,8C,D2,00,00,E4,00,00,
12381124,00000258,false,Rx,0,8,36,F4,1A,00,10,15,00,28,
12381385,0000019C,false,Rx,0,8,40,20,00,00,00,00,0B,09,
12381505,00000259,false,Rx,0,8,62,05,8D,3C,4C,02,00,00,
12381805,0000019D,false,Rx,0,8,00,10,00,01,00,00,00,00,
12382129,000002E8,false,Rx,0,8,00,00,00,00,00,00,00,00,
12382486,0000019E,false,Rx,0,8,15,00,00,00,00,32,00,00,
12382787,000002E9,false,Rx,0,8,00,00,00,00,00,00,00,00,
12383042,000001F1,false,Rx,0,8,6A,BF,12,01,00,00,28,00,
12383566,00000384,false,Rx,0,8,BA,56,0D,01,00,FF,00,24,
12383613,000001F2,false,Rx,0,8,00,00,00,00,00,00,00,00,
12384384,000000C5,false,Rx,1,8,00,00,00,00,00,00,00,00,
12384820,00000244,false,Rx,1,8,FF,FF,FF,FF,FF,FF,FF,FF,
12385752,000004B4,false,Rx,1,8,00,00,05,40,10,70,04,00,
12386038,000004B5,false,Rx,1,8,08,00,F0,07,00,00,00,00,
12386761,000004B7,false,Rx,1,8,08,00,F0,07,00,00,00,00,
12387061,000004CA,false,Rx,1,8,00,00,00,00,00,00,00,00,
12387359,000004CC,false,Rx,1,8,08,00,00,06,00,00,03,00,
12387532,000004CE,false,Rx,1,8,DE,01,00,00,00,00,F8,FF,
12388093,00000561,false,Rx,0,8,63,02,00,00,00,00,FF,FF,
12388627,000004D7,false,Rx,1,8,23,01,00,00,00,00,00,00,
12388826,000004D8,false,Rx,1,8,41,10,F0,F0,40,F2,1E,CC,
12389189,00000226,false,Rx,0,8,B5,92,FF,FF,63,60,09,42,
12389687,000004DD,false,Rx,1,8,00,00,FE,00,04,00,00,00,
12390397,00000227,false,Rx,0,8,02,94,00,09,03,F1,9F,03,
12390714,000004DF,false,Rx,1,8,00,00,08,00,00,00,00,00,
12390976,000004E7,false,Rx,1,8,00,30,00,00,00,00,69,00,
12391249,000004E8,false,Rx,1,8,FF,FF,FF,05,FF,FF,FF,00,
12391737,000004E9,false,Rx,1,8,12,00,00,34,00,00,50,00,
12392267,0000042A,false,Rx,0,8,8E,83,0C,02,00,10,00,00,
12392699,000004EA,false,Rx,1,8,67,00,00,89,00,00,00,00,
12392819,000004EB,false,Rx,1,8,02,80,16,16,80,00,00,00,
12393058,000004EC,false,Rx,1,8,00,00,00,00,00,00,00,00,
12393135,000004ED,false,Rx,1,8,00,00,00,00,00,FF,FF,1F,
12393200,000004EE,false,Rx,1,8,FF,FF,00,00,00,00,00,00,
12393267,000004EF,false,Rx,1,8,60,00,60,00,2B,14,00,00,
12393469,00000396,false,Rx,0,8,CC,54,D6,0F,08,01,00,02,
12393581,0000063D,false,Rx,1,8,00,80,00,00,00,00,00,00,
12393660,00000397,false,Rx,0,8,31,00,43,10,3F,07,00,00,
12393979,0000063E,false,Rx,1,8,FF,FF,FF,FF,FF,FF,FF,FF,
12394049,0000063F,false,Rx,1,8,00,10,00,C4,FF,00,00,00,
12394333,00000398,false,Rx,0,8,00,00,00,00,00,00,00,00,
12394453,00000640,false,Rx,1,8,FF,FF,FF,00,FF,FF,FF,00,
12394515,00000641,false,Rx,1,8,FF,FF,FF,FF,0F,FF,FF,FF,
12394722,00000646,false,Rx,1,8,00,00,00,80,01,00,00,00,
12397482,00000146,false,Rx,0,8,30,59,70,10,04,05,00,00,
12397588,00000147,false,Rx,0,8,01,04,7D,00,40,46,07,00,
12397796,00000148,false,Rx,0,8,00,00,42,00,1E,89,40,05,
12397978,00000061,false,Rx,0,8,1B,05,5C,00,00,00,00,00,
12398415,00000149,false,Rx,0,8,00,38,00,CC,00,00,00,00,
12398978,00000062,false,Rx,0,8,02,02,00,02,40,FF,00,FF,
12399070,00000063,false,Rx,0,8,00,00,05,00,00,08,FD,00,
12399340,00000064,false,Rx,0,8,00,00,00,04,FF,FA,00,00,
12399435,000000A1,false,Rx,0,8,9A,AE,5C,57,61,02,8A,00,
12399734,000000A2,false,Rx,0,8,00,00,00,00,00,00,00,00,
12400022,000000A3,false,Rx,0,8,00,40,01,00,00,00,00,00,
12402830,0000036F,false,Rx,0,8,91,21,01,00,00,00,00,00,
12402922,0000037F,false,Rx,0,8,EC,80,52,24,41,02,00,00,
12406481,000001B1,false,Rx,0,8,A6,3D,70,00,72,00,00,00,
12406597,000001B2,false,Rx,0,8,23,00,04,B7,0F,08,50,10,
12406924,000001B3,false,Rx,0,8,10,33,37,00,5A,7B,6A,7D,
12407035,000001B4,false,Rx,0,8,65,7D,10,00,00,41,00,00,
12407266,000001AB,false,Rx,0,8,B7,A8,FF,50,70,50,00,00,
12407805,000001AC,false,Rx,0,8,00,28,00,00,00,00,00,00,
12409542,00000121,false,Rx,0,8,5A,D0,C2,00,00,00,00,05,
12409627,00000122,false,Rx,0,8,FF,D9,67,1F,46,48,46,45,
12409992,00000123,false,Rx,0,8,B6,02,00,00,00,00,01,00,
12410078,00000124,false,Rx,0,8,00,00,0A,00,00,00,20,40,
12412626,000003B0,false,Rx,0,8,72,37,FF,C7,00,00,03,C0,
12416760,0000010B,false,Rx,0,8,88,0A,CC,00,00,00,00,05,
12416868,0000010C,false,Rx,0,8,FF,F9,E7,1F,46,4F,48,48,
12417265,0000010D,false,Rx,0,8,B5,02,00,00,00,00,01,00,
12417622,0000010E,false,Rx,0,8,00,00,1E,00,00,C0,AB,57,
12418593,00000445,false,Rx,0,8,67,40,00,00,00,00,00,18,
12420354,000003B2,false,Rx,0,8,36,15,FF,02,29,2F,34,00,
12421560,00000161,false,Rx,0,8,4B,B3,43,03,00,00,00,02,
12421672,0000011B,false,Rx,0,8,F7,7F,86,05,80,08,28,02,
12422064,00000162,false,Rx,0,8,FF,FC,01,00,00,00,00,00,
12422137,0000011C,false,Rx,0,8,00,05,20,00,22,00,01,01,
12422570,0000012B,false,Rx,0,8,11,2F,86,06,00,00,08,00,
12423137,0000012C,false,Rx,0,8,00,00,01,00,00,64,00,00,
12423253,00000405,false,Rx,0,8,D2,10,00,00,00,01,00,00,
12423569,00000410,false,Rx,0,8,6A,60,57,3C,DE,6A,FF,FF,
12423801,00000411,false,Rx,0,8,04,D1,50,51,00,00,44,04,
12423894,00000412,false,Rx,0,8,CC,E0,00,00,00,00,00,00,
12424191,00000413,false,Rx,0,8,08,60,00,00,00,00,00,00,
12424501,00000414,false,Rx,0,8,41,70,00,00,28,00,00,00,
12424597,00000416,false,Rx,0,8,55,00,00,00,00,00,00,00,
12425250,00000417,false,Rx,0,8,20,E0,00,00,00,00,00,00,
12425557,00000418,false,Rx,0,8,07,C0,00,00,14,0C,00,00,
12425659,00000419,false,Rx,0,8,EA,C0,26,D5,31,87,90,00,
12427315,000001E6,false,Rx,0,8,5D,53,5B,02,00,00,00,00,
12427436,000001E7,false,Rx,0,8,00,00,22,03,20,01,00,00,
12427612,000001BB,false,Rx,0,8,EE,37,5B,02,00,00,00,0A,
12427676,000001BC,false,Rx,0,8,32,00,00,00,02,00,00,00,
12428196,000001BD,false,Rx,0,8,00,00,00,00,00,00,00,00,
12428868,00000036,false,Rx,0,8,97,79,E1,51,00,00,25,05,
12429229,00000037,false,Rx,0,8,30,00,00,10,00,40,00,00,
12429315,00000038,false,Rx,0,8,04,00,00,00,60,39,96,D4,
12429756,00000039,false,Rx,0,8,00,00,00,00,00,00,00,00,
12430044,00000380,false,Rx,0,8,96,92,03,08,08,08,08,01,
12430413,0000019B,false,Rx,0,8,0B,A0,D7,00,00,E4,00,00,
12431043,0000019C,false,Rx,0,8,40,20,00,00,00,00,0B,09,
12431375,0000019D,false,Rx,0,8,00,10,00,01,00,00,00,00,
12431728,00000427,false,Rx,0,8,1D,86,FF,00,80,0A,00,00,
12431844,0000019E,false,Rx,0,8,15,00,00,00,00,32,00,00,
12432036,000001A1,false,Rx,0,8,55,F5,43,FE,F7,7F,64,00,
12432475,000001A2,false,Rx,0,8,44,00,00,00,27,08,00,00,
12432824,000001A3,false,Rx,0,8,FF,F3,3F,00,00,00,00,00,
12433111,000001A4,false,Rx,0,8,FE,07,00,00,00,00,00,00,
12433800,000003A1,false,Rx,0,8,C2,B8,BE,00,FF,FF,FF,FF,
12434013,000003A2,false,Rx,0,8,00,00,00,00,00,00,00,00,
12447845,00000061,false,Rx,0,8,78,9E,61,00,00,00,00,00,
12447938,00000062,false,Rx,0,8,02,02,00,02,40,FF,00,FF,
12448350,00000063,false,Rx,0,8,00,00,05,00,00,08,FD,00,
12448429,00000064,false,Rx,0,8,00,00,00,04,FF,FA,00,00,
12448829,000000A1,false,Rx,0,8,59,2D,61,57,61,02,8A,00,
12449113,000000A2,false,Rx,0,8,00,00,00,00,00,00,00,00,
12449460,000000A3,false,Rx,0,8,00,40,01,00,00,00,00,00,
12449864,000000FF,false,Rx,0,8,CB,10,00,00,00,00,02,00,
12450203,00000394,false,Rx,0,8,2A,22,1A,49,00,00,00,00,
12450621,000003C3,false,Rx,0,8,45,10,31,30,36,00,00,00,
12450986,000003E0,false,Rx,0,8,01,70,01,00,54,03,00,00,
12451899,000003E5,false,Rx,0,8,8E,90,01,00,00,00,00,00,
12452043,000003E6,false,Rx,0,8,7F,00,00,00,00,00,00,00,
12452368,0000041A,false,Rx,0,8,95,40,12,00,00,00,00,00,
12452858,0000041B,false,Rx,0,8,60,30,00,00,00,00,00,00,
12453209,0000041C,false,Rx,0,8,E9,80,E0,00,00,00,00,00,
12453366,00000422,false,Rx,0,8,EA,C0,01,00,00,00,04,00,
12454061,00000432,false,Rx,0,8,03,20,02,00,00,00,00,00,
12454411,00000435,false,Rx,0,8,9F,D0,00,40,00,00,00,00,
12454516,00000442,false,Rx,0,8,CE,20,11,81,00,00,00,00,
12454811,00000444,false,Rx,0,8,6C,30,20,50,55,50,00,00,
12455273,00000464,false,Rx,0,8,B2,70,F0,FF,38,7F,05,00,
12458527,00000445,false,Rx,0,8,67,40,00,00,00,00,00,18,
12459569,00000121,false,Rx,0,8,D3,3A,C7,00,00,00,00,05,
12459667,00000122,false,Rx,0,8,FF,D9,67,1F,46,47,46,45,
12459924,00000123,false,Rx,0,8,B6,02,00,00,00,00,01,00,
12460085,00000124,false,Rx,0,8,00,00,0A,00,00,00,20,40,
12467082,0000010B,false,Rx,0,8,40,08,D1,00,00,00,00,05,
12467176,0000010C,false,Rx,0,8,FF,F9,E7,1F,46,4F,48,48,
12467622,0000010D,false,Rx,0,8,B5,02,00,00,00,00,01,00,
12467689,0000010E,false,Rx,0,8,00,00,1E,00,00,C0,AB,57,
12470679,00000563,false,Rx,1,8,65,02,00,00,00,00,FF,FF,
12471793,0000011B,false,Rx,0,8,84,46,8B,05,80,08,28,02,
12471880,0000012B,false,Rx,0,8,62,16,8B,06,00,00,08,00,
12472161,0000011C,false,Rx,0,8,00,05,20,00,22,00,01,01,
12472332,0000012C,false,Rx,0,8,00,00,01,00,00,64,00,00,
12472562,000001E1,false,Rx,0,8,65,BC,4F,02,00,00,00,00,
12473105,000001E2,false,Rx,0,8,00,00,00,00,00,00,00,00,
12473459,00000091,false,Rx,0,8,D0,DC,B1,26,06,00,00,00,
12473775,00000092,false,Rx,0,8,28,00,00,00,80,02,00,00,
12474048,00000093,false,Rx,0,8,00,00,00,00,00,00,00,00,
12474342,00000401,false,Rx,0,8,C6,10,10,00,00,04,00,00,
12474446,00000094,false,Rx,0,8,00,00,00,00,00,00,00,00,
12475986,00000487,false,Rx,1,8,00,00,00,00,00,00,00,00,
12476140,00000642,false,Rx,1,8,FF,FF,FF,FF,FF,FF,00,00,
12478727,00000036,false,Rx,0,8,64,E7,E6,51,00,00,25,05,
12478916,00000037,false,Rx,0,8,30,00,00,10,00,40,00,00,
12479158,00000038,false,Rx,0,8,04,00,00,00,60,39,96,D4,
12479567,000003AA,false,Rx,0,8,FF,00,D0,00,54,00,00,00,
12479656,00000039,false,Rx,0,8,00,00,00,00,00,00,00,00,
12480408,000003B6,false,Rx,0,8,CB,C3,D6,00,00,00,00,46,
12480836,0000019B,false,Rx,0,8,B3,A1,DC,00,00,E4,00,00,
12481176,000003B7,false,Rx,0,8,46,00,00,00,00,00,00,00,
12481259,0000019C,false,Rx,0,8,40,20,00,00,00,00,0B,09,
12481462,000003B8,false,Rx,0,8,B2,02,00,00,00,00,69,0E,
12481851,0000019D,false,Rx,0,8,00,10,00,01,00,00,00,00,
12481914,000002D6,false,Rx,0,8,7A,AA,D6,00,00,00,00,00,
12482186,0000019E,false,Rx,0,8,15,00,00,00,00,32,00,00,
12482536,000002D7,false,Rx,0,8,00,00,00,00,03,00,00,00,
12482902,000002EB,false,Rx,0,8,43,1E,D6,07,08,01,00,02,
12483233,000002D8,false,Rx,0,8,00,00,00,00,00,00,38,47,
12483521,000002EC,false,Rx,0,8,07,00,CF,00,59,00,00,00,
12483856,000002D9,false,Rx,0,8,00,00,00,00,00,00,00,00,
12483914,000002ED,false,Rx,0,8,00,00,00,00,00,00,00,00,
12484096,000003B9,false,Rx,0,8,00,00,00,00,00,00,00,00,
12484218,000002EE,false,Rx,0,8,00,00,00,00,00,00,00,00,
12484275,00000495,false,Rx,0,8,49,00,00,00,00,00,00,00,
12488826,000002FF,false,Rx,0,8,D4,CB,00,71,02,00,00,00,
12489757,00000251,false,Rx,0,8,8C,4C,AE,00,00,00,00,00,
12489878,00000252,false,Rx,0,8,00,00,1B,1B,03,00,00,00,
12490055,000002AB,false,Rx,0,8,9A,8C,B1,0C,0C,00,00,00,
12490309,00000253,false,Rx,0,8,00,00,00,58,58,00,80,4D,
12490708,000002AC,false,Rx,0,8,00,FF,FF,00,00,40,00,54,
12491061,00000316,false,Rx,0,8,9E,63,80,34,06,80,0A,00,
12491382,000002AD,false,Rx,0,8,00,01,00,40,FF,FF,FF,0F,
12491650,00000317,false,Rx,0,8,00,00,05,00,00,00,00,00,
12491948,000002AE,false,Rx,0,8,01,00,FF,3F,01,01,00,00,
12492027,000003B1,false,Rx,0,8,C1,DE,00,80,00,00,20,00,
12492315,000002B6,false,Rx,0,8,20,AA,B1,01,00,00,00,40,
12492415,00000472,false,Rx,0,8,5C,EC,00,40,08,41,00,45,
12492716,000002B7,false,Rx,0,8,9F,00,50,1C,00,04,00,00,
12493026,00000473,false,Rx,0,8,5F,24,00,25,00,00,00,78,
12493348,000002B8,false,Rx,0,8,FF,F8,10,00,00,00,00,00,
12493642,0000033B,false,Rx,0,8,C2,E6,B0,00,00,00,00,00,
12493756,000002B9,false,Rx,0,8,0A,00,00,00,00,00,00,00,
12494038,0000033C,false,Rx,0,8,00,00,00,00,F0,00,00,00,
12494303,000002C1,false,Rx,0,8,4B,95,D9,21,00,41,00,D4,
12494409,0000033D,false,Rx,0,8,00,00,00,00,00,00,00,00,
12494706,000002C2,false,Rx,0,8,29,00,00,00,00,00,00,00,
12495050,0000033E,false,Rx,0,8,00,00,00,00,00,00,00,00,
12495366,000002C3,false,Rx,0,8,00,00,00,00,00,00,00,00,
12495459,00000356,false,Rx,0,8,C2,6E,D8,00,00,00,00,00,
12495761,000002C4,false,Rx,0,8,00,00,00,00,00,00,00,00,
12496008,00000357,false,Rx,0,8,00,00,00,00,00,4B,4D,48,
12496100,000002E1,false,Rx,0,8,A6,E1,B1,00,00,00,00,40,
12496417,00000358,false,Rx,0,8,35,41,45,4D,52,37,33,4F,
12496706,000002E2,false,Rx,0,8,FD,00,00,00,00,14,00,04,
12497028,00000359,false,Rx,0,8,51,4F,34,52,4A,35,33,00,
12497389,000002E3,false,Rx,0,8,00,00,00,00,00,00,72,01,
12497483,00000474,false,Rx,0,8,91,72,00,00,00,00,00,08,
12497748,00000146,false,Rx,0,8,4F,75,75,10,04,05,00,00,
12498048,000002E4,false,Rx,0,8,02,00,00,00,00,00,00,00,
12498133,00000061,false,Rx,0,8,8B,00,66,00,00,00,00,00,
12498191,00000147,false,Rx,0,8,01,04,7D,00,40,46,07,00,
12498745,00000062,false,Rx,0,8,02,02,00,02,40,FF,00,FF,
12499108,00000148,false,Rx,0,8,00,00,42,00,1E,89,40,05,
12499419,00000063,false,Rx,0,8,00,00,05,00,00,08,FD,00,
12499704,00000149,false,Rx,0,8,00,38,00,CC,00,00,00,00,
12499821,00000064,false,Rx,0,8,00,00,00,04,FF,FA,00,00,
12500085,00000445,false,Rx,0,8,67,40,00,00,00,00,00,18,
12500164,000000A1,false,Rx,0,8,50,A8,66,57,61,02,8A,00,
12500358,000000A2,false,Rx,0,8,00,00,00,00,00,00,00,00,
12500430,000000A3,false,Rx,0,8,00,40,01,00,00,00,00,00,
12503130,00000111,false,Rx,0,8,95,C5,06,01,00,00,00,00,
12503445,0000036F,false,Rx,0,8,28,31,01,00,00,00,00,00,
12503560,00000112,false,Rx,0,8,00,00,00,00,00,00,00,00,
12503794,0000037F,false,Rx,0,8,55,90,52,24,41,02,00,00,
12503882,00000113,false,Rx,0,8,00,00,00,00,00,00,00,00,
12504097,00000114,false,Rx,0,8,00,00,00,00,00,00,00,00,
12506543,000001B1,false,Rx,0,8,D9,11,75,00,72,00,00,00,
12506659,000001B2,false,Rx,0,8,23,00,04,B7,0F,08,50,10,
12506703,000001AB,false,Rx,0,8,38,B0,04,50,70,50,00,00,
12507243,000001AC,false,Rx,0,8,00,28,00,00,00,00,00,00,
12507641,000001B3,false,Rx,0,8,10,33,37,00,5A,7B,6A,7D,
12507695,000001B4,false,Rx,0,8,65,7D,10,00,00,41,00,00,
12509510,00000121,false,Rx,0,8,9D,FD,CC,00,00,00,00,05,
12509607,00000122,false,Rx,0,8,FF,D9,67,1F,46,48,46,45,
12509826,00000123,false,Rx,0,8,B6,02,00,00,00,00,01,00,
12509983,00000124,false,Rx,0,8,00,00,0A,00,00,00,20,40,
12516678,0000010B,false,Rx,0,8,B3,96,D6,00,00,00,00,05,
12516762,0000010C,false,Rx,0,8,FF,F9,E7,1F,46,4F,48,48,
12516898,000004A3,false,Rx,1,8,80,00,48,0B,3E,00,00,00,
12516956,0000010D,false,Rx,0,8,B5,02,00,00,00,00,01,00,
12517526,0000010E,false,Rx,0,8,00,00,1E,00,00,C0,AB,57,
12517637,000004A4,false,Rx,1,8,FF,FF,FF,00,00,00,00,00,
12521557,00000161,false,Rx,0,8,83,4A,48,03,00,00,00,02,
12521651,0000011B,false,Rx,0,8,46,9C,90,05,80,08,28,02,
12522092,00000162,false,Rx,0,8,FF,FC,01,00,00,00,00,00,
12522169,0000011C,false,Rx,0,8,00,05,20,00,22,00,01,01,
12522511,0000012B,false,Rx,0,8,A0,CC,90,06,00,00,08,00,
12522812,0000012C,false,Rx,0,8,00,00,01,00,00,64,00,00,
12524544,0000030B,false,Rx,0,8,B4,C0,B0,00,04,00,00,00,
12524685,0000030C,false,Rx,0,8,00,00,0E,00,2C,00,A0,0F,
12525015,0000030D,false,Rx,0,8,00,00,00,00,44,00,00,00,
12525130,0000030E,false,Rx,0,8,00,00,18,05,21,00,00,04,
12528817,00000036,false,Rx,0,8,69,21,EB,51,00,00,25,05,
12528917,00000037,false,Rx,0,8,30,00,00,10,00,40,00,00,
12529327,00000038,false,Rx,0,8,04,00,00,00,60,39,96,D4,
12529408,00000039,false,Rx,0,8,00,00,00,00,00,00,00,00,
12530612,0000019B,false,Rx,0,8,D0,3A,E1,00,00,E4,00,00,
12530722,0000019C,false,Rx,0,8,40,20,00,00,00,00,0B,09,
12531141,0000019D,false,Rx,0,8,00,10,00,01,00,00,00,00,
12531461,00000475,false,Rx,0,8,12,00,00,00,00,00,00,00,
12531539,0000019E,false,Rx,0,8,15,00,00,00,00,32,00,00,
12531607,000001A1,false,Rx,0,8,ED,F4,48,FE,F7,7F,64,00,
12531971,00000496,false,Rx,0,8,12,00,00,00,00,00,00,00,
12532232,000001A2,false,Rx,0,8,44,00,00,00,27,08,00,00,
12532328,000001A3,false,Rx,0,8,FF,F3,3F,00,00,00,00,00,
12532985,000001A4,false,Rx,0,8,FE,07,00,00,00,00,00,00,
12533309,000001F1,false,Rx,0,8,F5,D7,15,01,00,00,28,00,
12533572,00000383,false,Rx,0,8,5A,53,00,10,01,00,00,00,
12533696,000001F2,false,Rx,0,8,00,00,00,00,00,00,00,00,
12540976,00000448,false,Rx,0,8,DE,80,00,00,00,00,00,00,
12542205,000001FB,false,Rx,0,8,DF,16,A8,00,00,00,00,00,
12542306,000001FC,false,Rx,0,8,00,00,00,00,00,00,00,00,
12542745,000001FD,false,Rx,0,8,00,1A,03,00,00,00,00,00,
12543072,000001FE,false,Rx,0,8,00,00,00,00,00,00,00,00,
12547805,00000061,false,Rx,0,8,86,C6,6B,00,00,00,00,00,
12547898,00000062,false,Rx,0,8,02,02,00,02,40,FF,00,FF,
12548335,00000063,false,Rx,0,8,00,00,05,00,00,08,FD,00,
12548694,00000064,false,Rx,0,8,00,00,00,04,FF,FA,00,00,
12548766,000000A1,false,Rx,0,8,66,EB,6B,57,61,02,8A,00,
12549002,000000A2,false,Rx,0,8,00,00,00,00,00,00,00,00,
12549812,000000A3,false,Rx,0,8,00,40,01,00,00,00,00,00,
12550135,00000382,false,Rx,0,8,2B,FE,21,00,00,05,09,00,
12556568,000002BF,false,Rx,0,8,FF,FF,FF,00,00,00,00,00,
12556661,0000047F,false,Rx,0,8,F0,FC,FF,FF,FF,FF,FF,FF,
12557106,00000653,false,Rx,0,8,0A,19,03,01,02,2A,00,00,
12557477,00000151,false,Rx,0,8,F7,65,AF,64,C8,00,28,18,
12557905,00000152,false,Rx,0,8,14,17,17,00,51,00,00,00,
12557997,00000153,false,Rx,0,8,00,00,00,00,00,00,00,00,
12558647,00000154,false,Rx,0,8,00,00,00,00,00,00,00,00,
12559549,00000121,false,Rx,0,8,A3,39,D1,00,00,00,00,05,
12559662,000001F6,false,Rx,0,8,BC,B9,AF,00,00,00,00,0E,
12559712,00000122,false,Rx,0,8,FF,D9,67,1F,46,47,46,45,
12560071,000001F7,false,Rx,0,8,26,00,DA,02,00,00,00,00,
12560384,00000123,false,Rx,0,8,B6,02,00,00,00,00,01,00,
12560738,000001F8,false,Rx,0,8,00,5E,01,45,01,00,00,00,
12561026,00000124,false,Rx,0,8,00,00,0A,00,00,00,20,40,
12561122,000001F9,false,Rx,0,8,4B,00,64,C8,14,00,4B,00,
12561422,000002FB,false,Rx,0,8,BB,B3,AF,04,72,1A,B4,B4,
12561675,00000236,false,Rx,0,8,8A,FC,AF,00,34,6C,AE,62,
12561789,000002FC,false,Rx,0,8,0F,00,14,18,00,00,8E,43,
12562113,00000237,false,Rx,0,8,00,15,47,00,00,1D,1B,00,
12562675,000002FD,false,Rx,0,8,00,00,00,00,00,1C,13,EA,
12562757,00000238,false,Rx,0,8,00,00,72,00,00,00,00,00,
12563062,000002FE,false,Rx,0,8,00,00,72,01,00,28,C8,02,
12563170,00000239,false,Rx,0,8,00,00,00,00,01,00,00,00,
12563339,00000326,false,Rx,0,8,C5,CE,AF,00,00,00,00,00,
12563631,0000025B,false,Rx,0,8,79,38,AF,40,40,20,00,00,
12563732,00000327,false,Rx,0,8,00,00,00,00,05,00,00,00,
12564062,0000025C,false,Rx,0,8,00,00,26,00,B4,2C,19,00,
12564327,00000328,false,Rx,0,8,DA,02,4B,00,00,5E,01,00,
12564407,0000025D,false,Rx,0,8,00,C8,00,00,00,80,C0,70,
12564748,00000329,false,Rx,0,8,64,45,01,00,00,00,00,00,
12565073,0000025E,false,Rx,0,8,1E,07,0E,03,00,00,46,00,
12565265,00000331,false,Rx,0,8,E6,6B,AF,F1,C8,A0,2C,97,
12565695,00000332,false,Rx,0,8,E8,08,FC,03,00,00,00,00,
12566056,00000333,false,Rx,0,8,00,00,00,1C,0C,40,20,64,
12566384,00000334,false,Rx,0,8,C8,00,00,00,08,44,F4,8F,
12567087,0000010B,false,Rx,0,8,BE,50,DB,00,00,00,00,05,
12567545,0000010C,false,Rx,0,8,FF,F9,E7,1F,46,4F,48,48,
12567620,0000010D,false,Rx,0,8,B5,02,00,00,00,00,01,00,
12567672,0000010E,false,Rx,0,8,00,00,1E,00,00,C0,AB,57,
12571509,00000565,false,Rx,0,8,66,02,00,00,00,00,FF,FF,
12571944,0000011B,false,Rx,0,8,B0,B4,95,05,80,08,28,02,
12572049,0000012B,false,Rx,0,8,56,E4,95,06,00,00,08,00,
12572348,0000011C,false,Rx,0,8,00,05,20,00,22,00,01,01,
12572481,0000012C,false,Rx,0,8,00,00,01,00,00,64,00,00,
12573213,00000091,false,Rx,0,8,D7,C9,B2,26,06,00,00,00,
12573440,00000092,false,Rx,0,8,27,00,00,00,70,02,00,00,
12573671,00000093,false,Rx,0,8,00,00,00,00,00,00,00,00,
12573939,00000094,false,Rx,0,8,00,00,00,00,00,00,00,00,
12577234,000001E6,false,Rx,0,8,AB,7B,5E,02,00,00,00,00,
12577341,000001E7,false,Rx,0,8,00,00,22,03,20,01,00,00,
12577780,000001BB,false,Rx,0,8,E1,DC,5E,02,00,00,00,0A,
12578103,000001BC,false,Rx,0,8,32,00,00,00,02,00,00,00,
12578206,000001BD,false,Rx,0,8,00,00,00,00,00,00,00,00,
12578661,00000036,false,Rx,0,8,14,E4,F0,51,00,00,25,05,
12578891,00000037,false,Rx,0,8,30,00,00,10,00,40,00,00,
12579134,00000038,false,Rx,0,8,04,00,00,00,60,39,96,D4,
12579411,00000039,false,Rx,0,8,00,00,00,00,00,00,00,00,
12579634,00000256,false,Rx,0,8,59,62,AE,15,40,00,10,01,
12579899,000002E6,false,Rx,0,8,04,51,AE,01,00,00,00,15,
12580111,00000257,false,Rx,0,8,00,94,41,1B,85,07,00,94,
12580573,000002E7,false,Rx,0,8,0A,00,00,00,00,00,00,00,
12581171,0000019B,false,Rx,0,8,23,A4,E6,00,00,E4,00,00,
12581250,00000258,false,Rx,0,8,36,F1,1A,00,10,15,00,28,
12581547,0000019C,false,Rx,0,8,40,20,00,00,00,00,0B,09,
12581827,00000259,false,Rx,0,8,6C,05,8E,3C,4C,02,00,00,
12581904,0000019D,false,Rx,0,8,00,10,00,01,00,00,00,00,
12582183,000002E8,false,Rx,0,8,00,00,00,00,00,00,00,00,
12582507,0000019E,false,Rx,0,8,15,00,00,00,00,32,00,00,
12582856,000002E9,false,Rx,0,8,00,00,00,00,00,00,00,00,
12583162,00000384,false,Rx,0,8,BA,56,0D,01,00,FF,00,24,
12583451,0000048B,false,Rx,0,8,A0,D8,C5,1E,01,00,00,00,
12583552,0000048C,false,Rx,0,8,00,00,00,00,00,00,00,00,
12587552,000000C5,false,Rx,1,8,00,00,00,00,00,00,00,00,
12588381,00000244,false,Rx,1,8,FF,FF,FF,FF,FF,FF,FF,FF,
12588689,000004B4,false,Rx,1,8,00,00,05,40,10,70,04,00,
12588838,000004B5,false,Rx,1,8,08,00,F0,07,00,00,00,00,
12589213,00000226,false,Rx,0,8,CC,A2,01,FF,63,60,09,42,
12589701,000004B7,false,Rx,1,8,08,00,F0,07,00,00,00,00,
12590167,000004CA,false,Rx,1,8,00,00,00,00,00,00,00,00,
12590607,00000227,false,Rx,0,8,02,94,00,09,03,F1,9F,03,
12590895,000004CC,false,Rx,1,8,08,00,00,06,00,00,03,00,
12590976,000004CE,false,Rx,1,8,DE,01,00,00,00,00,F8,FF,
12591029,000004D7,false,Rx,1,8,23,01,00,00,00,00,00,00,
12591564,0000042A,false,Rx,0,8,8E,83,0C,02,00,10,00,00,
12591959,000004D8,false,Rx,1,8,41,10,F0,F0,40,F2,1E,CC,
12592046,000004DD,false,Rx,1,8,00,00,FE,00,04,00,00,00,
12592298,000004DF,false,Rx,1,8,00,00,08,00,00,00,00,00,
12592888,00000396,false,Rx,0,8,AC,0F,D7,0F,08,02,00,02,
12593042,000004E7,false,Rx,1,8,00,30,00,00,00,00,69,00,
12593100,000004E8,false,Rx,1,8,FF,FF,FF,05,FF,FF,FF,00,
12593240,00000397,false,Rx,0,8,25,00,43,10,3F,07,00,00,
12593301,000004E9,false,Rx,1,8,12,00,00,34,00,00,50,00,
12594092,00000398,false,Rx,0,8,00,00,00,00,00,00,00,00,
12594881,000004EA,false,Rx,1,8,67,00,00,89,00,00,00,00,
12595623,000004EB,false,Rx,1,8,02,80,16,16,80,00,00,00,
12595954,000004EC,false,Rx,1,8,00,00,00,00,00,00,00,00,
12596091,000004ED,false,Rx,1,8,00,00,00,00,00,FF,FF,1F,
12596159,000004EE,false,Rx,1,8,FF,FF,00,00,00,00,00,00,
12596225,000004EF,false,Rx,1,8,60,00,60,00,2B,14,00,00,
12596274,0000063D,false,Rx,1,8,00,80,00,00,00,00,00,00,
12596332,0000063E,false,Rx,1,8,FF,FF,FF,FF,FF,FF,FF,FF,
12596381,0000063F,false,Rx,1,8,00,10,00,C4,FF,00,00,00,
12596443,00000640,false,Rx,1,8,FF,FF,FF,00,FF,FF,FF,00,
12596514,00000641,false,Rx,1,8,FF,FF,FF,FF,0F,FF,FF,FF,
12596582,00000646,false,Rx,1,8,00,00,00,80,01,00,00,00,
12597525,00000146,false,Rx,0,8,CE,01,7A,10,04,05,00,00,
12598143,00000061,false,Rx,0,8,FB,03,70,00,00,00,00,00,
12598252,00000147,false,Rx,0,8,01,04,7D,00,40,46,07,00,
12598305,00000062,false,Rx,0,8,02,02,00,02,40,FF,00,FF,
12598702,00000148,false,Rx,0,8,00,00,42,00,1E,89,40,05,
12598987,00000063,false,Rx,0,8,00,00,05,00,00,08,FD,00,
12599053,00000149,false,Rx,0,8,00,38,00,CC,00,00,00,00,
12599394,00000064,false,Rx,0,8,00,00,00,04,FF,FA,00,00,
12600034,000000A1,false,Rx,0,8,09,5A,70,57,61,02,8A,00,
12600639,000000A2,false,Rx,0,8,00,00,00,00,00,00,00,00,
12600979,000000A3,false,Rx,0,8,00,40,01,00,00,00,00,00,
12602800,0000036F,false,Rx,0,8,20,41,01,00,00,00,00,00,
12602902,0000037F,false,Rx,0,8,83,A0,52,24,41,02,00,00,
12606363,000001B1,false,Rx,0,8,FF,FF,7A,00,72,00,00,00,
12606454,000001B2,false,Rx,0,8,23,00,04,B7,0F,08,50,10,
12606885,000001AB,false,Rx,0,8,4B,89,09,50,70,50,00,00,
12606972,000001AC,false,Rx,0,8,00,28,00,00,00,00,00,00,
12607292,000001B3,false,Rx,0,8,10,33,37,00,5A,7B,6A,7D,
12607693,000001B4,false,Rx,0,8,65,7D,10,00,00,41,00,00,
12609447,00000121,false,Rx,0,8,50,A7,D6,00,00,00,00,05,
12609540,00000122,false,Rx,0,8,FF,D9,67,1F,46,47,46,45,
12609753,00000123,false,Rx,0,8,B6,02,00,00,00,00,01,00,
12609972,00000124,false,Rx,0,8,00,00,0A,00,00,00,20,40,
12611387,0000034B,false,Rx,0,8,BE,08,C5,31,D8,0D,05,01,
12611491,0000034C,false,Rx,0,8,00,00,00,00,00,00,00,00,
12611704,0000034D,false,Rx,0,8,00,00,00,00,00,00,00,00,
12611960,0000034E,false,Rx,0,8,00,00,00,00,00,00,00,00,
12612290,000003B0,false,Rx,0,8,72,37,FF,C7,00,00,03,C0,
12616655,0000010B,false,Rx,0,8,68,0C,E0,00,00,00,00,05,
12616748,0000010C,false,Rx,0,8,FF,F9,E7,1F,46,4F,48,48,
12617161,0000010D,false,Rx,0,8,B5,02,00,00,00,00,01,00,
12617248,0000010E,false,Rx,0,8,00,00,1E,00,00,C0,AB,57,
12620517,000003B2,false,Rx,0,8,36,15,FF,02,29,2F,34,00,
12621629,00000161,false,Rx,0,8,75,62,4D,03,00,00,00,02,
12621727,0000011B,false,Rx,0,8,AA,CD,9A,05,80,08,28,02,
12622141,00000162,false,Rx,0,8,FF,FC,01,00,00,00,00,00,
12622223,0000011C,false,Rx,0,8,00,05,20,00,22,00,01,01,
12622612,0000012B,false,Rx,0,8,4C,9D,9A,06,00,00,08,00,
12622933,000001E1,false,Rx,0,8,1C,A6,52,02,00,00,00,00,
12623008,0000012C,false,Rx,0,8,00,00,01,00,00,64,00,00,
12623324,000001E2,false,Rx,0,8,00,00,00,00,00,00,00,00,
12623618,00000405,false,Rx,0,8,D2,10,00,00,00,01,00,00,
12623718,00000410,false,Rx,0,8,6A,60,57,3C,DE,6A,FF,FF,
12623852,00000413,false,Rx,0,8,08,60,00,00,00,00,00,00,
12624262,00000411,false,Rx,0,8,04,D1,50,51,00,00,44,04,
12624558,00000414,false,Rx,0,8,41,70,00,00,28,00,00,00,
12624662,00000412,false,Rx,0,8,CC,E0,00,00,00,00,00,00,
12625272,00000416,false,Rx,0,8,55,00,00,00,00,00,00,00,
12625628,00000417,false,Rx,0,8,20,E0,00,00,00,00,00,00,
12625717,00000418,false,Rx,0,8,07,C0,00,00,14,0C,00,00,
12625860,00000419,false,Rx,0,8,EA,C0,26,D5,31,87,90,00,
12628741,00000036,false,Rx,0,8,6B,C8,F5,51,00,00,25,05,
12628833,00000037,false,Rx,0,8,30,00,00,10,00,40,00,00,
12629245,00000038,false,Rx,0,8,04,00,00,00,60,39,96,D4,
12629603,00000039,false,Rx,0,8,00,00,00,00,00,00,00,00,
12629981,00000380,false,Rx,0,8,96,92,03,08,08,08,08,01,
12630465,0000019B,false,Rx,0,8,2E,62,EB,00,00,E4,00,00,
12630909,0000019C,false,Rx,0,8,40,20,00,00,00,00,0B,09,
12631260,0000019D,false,Rx,0,8,00,10,00,01,00,00,00,00,
12631346,00000427,false,Rx,0,8,1D,86,FF,00,80,0A,00,00,
12631668,0000019E,false,Rx,0,8,15,00,00,00,00,32,00,00,
12631776,000001A1,false,Rx,0,8,92,D8,4D,FE,F7,7F,64,00,
12632062,000001A2,false,Rx,0,8,44,00,00,00,27,08,00,00,
12632124,000001A3,false,Rx,0,8,FF,F3,3F,00,00,00,00,00,
12632428,000001A4,false,Rx,0,8,FE,07,00,00,00,00,00,00,
12633409,000003A1,false,Rx,0,8,E6,10,BF,00,FF,FF,FF,FF,
12633713,000003A2,false,Rx,0,8,00,00,00,00,00,00,00,00,
12647799,00000061,false,Rx,0,8,84,2F,75,00,00,00,00,00,
12647895,00000062,false,Rx,0,8,02,02,00,02,40,FF,00,FF,
12648322,00000063,false,Rx,0,8,00,00,05,00,00,08,FD,00,
12648724,00000064,false,Rx,0,8,00,00,00,04,FF,FA,00,00,
12648820,000000A1,false,Rx,0,8,06,B1,75,57,61,02,8A,00,
12649109,000000A2,false,Rx,0,8,00,00,00,00,00,00,00,00,
12649844,000000A3,false,Rx,0,8,00,40,01,00,00,00,00,00,
12650148,000000FF,false,Rx,0,8,CB,10,00,00,00,00,02,00,
12650237,00000394,false,Rx,0,8,2A,22,1A,49,00,00,00,00,
12650668,000003C3,false,Rx,0,8,45,10,31,30,36,00,00,00,
12651091,000003E0,false,Rx,0,8,01,70,01,00,54,03,00,00,
12652147,000003E5,false,Rx,0,8,8E,90,01,00,00,00,00,00,
12652244,000003E6,false,Rx,0,8,7F,00,00,00,00,00,00,00,
12652740,0000041A,false,Rx,0,8,95,40,12,00,00,00,00,00,
12653091,0000041B,false,Rx,0,8,60,30,00,00,00,00,00,00,
12653482,0000041C,false,Rx,0,8,E9,80,E0,00,00,00,00,00,
12653586,00000422,false,Rx,0,8,EA,C0,01,00,00,00,04,00,
12654214,00000432,false,Rx,0,8,03,20,02,00,00,00,00,00,
12654307,00000435,false,Rx,0,8,9F,D0,00,40,00,00,00,00,
12654635,00000442,false,Rx,0,8,CE,20,11,81,00,00,00,00,
12654775,00000444,false,Rx,0,8,6C,30,20,50,55,50,00,00,
12655043,00000445,false,Rx,0,8,67,40,00,00,00,00,00,18,
12656006,00000464,false,Rx,0,8,B2,70,F0,FF,38,7F,05,00,
12659527,00000121,false,Rx,0,8,5D,61,DB,00,00,00,00,05,
12659618,00000122,false,Rx,0,8,FF,D9,67,1F,46,47,46,45,
12660022,00000123,false,Rx,0,8,B6,02,00,00,00,00,01,00,
12660115,00000124,false,Rx,0,8,00,00,0A,00,00,00,20,40,
12661496,00000566,false,Rx,0,8,16,02,00,00,00,00,FF,FF,
12666991,00000415,false,Rx,0,8,40,13,10,00,08,01,00,00,
12667084,0000010B,false,Rx,0,8,17,20,E5,00,00,00,00,05,
12667509,0000010C,false,Rx,0,8,FF,F9,E7,1F,46,4F,48,48,
12667578,0000010D,false,Rx,0,8,B5,02,00,00,00,00,01,00,
12667952,0000010E,false,Rx,0,8,00,00,1E,00,00,C0,AB,57,
12669755,000004E8,false,Rx,1,8,FF,FF,FF,05,FF,FF,FF,00,
12671824,0000011B,false,Rx,0,8,5C,E5,9F,05,80,08,28,02,
12671924,0000012B,false,Rx,0,8,BA,B5,9F,06,00,00,08,00,
12672212,0000011C,false,Rx,0,8,00,05,20,00,22,00,01,01,
12672355,0000012C,false,Rx,0,8,00,00,01,00,00,64,00,00,
12673172,00000091,false,Rx,0,8,DF,B2,B3,26,06,00,00,00,
12673416,00000092,false,Rx,0,8,25,00,00,00,50,02,00,00,
12673700,00000093,false,Rx,0,8,00,00,00,00,00,00,00,00,
12674130,00000094,false,Rx,0,8,00,00,00,00,00,00,00,00,
12674250,00000401,false,Rx,0,8,C6,10,10,00,00,04,00,00,
12678801,00000036,false,Rx,0,8,EA,BC,FA,51,00,00,25,05,
12678894,00000037,false,Rx,0,8,30,00,00,10,00,40,00,00,
12679649,00000038,false,Rx,0,8,04,00,00,00,60,39,96,D4,
12680013,00000039,false,Rx,0,8,00,00,00,00,00,00,00,00,
12680180,00000487,false,Rx,1,8,00,00,00,00,00,00,00,00,
12680266,000003AA,false,Rx,0,8,FF,00,D0,00,54,00,00,00,
12680364,00000642,false,Rx,1,8,FF,FF,FF,FF,FF,FF,00,00,
12680412,000003B6,false,Rx,0,8,8D,9A,D7,00,00,00,00,46,
12680602,0000019B,false,Rx,0,8,53,A7,F0,00,00,E4,00,00,
12681005,000003B7,false,Rx,0,8,46,00,00,00,00,00,00,00,
12681586,0000019C,false,Rx,0,8,40,20,00,00,00,00,0B,09,
12681699,000003B8,false,Rx,0,8,B2,02,00,00,00,00,69,0E,
12682005,0000019D,false,Rx,0,8,00,10,00,01,00,00,00,00,
12682349,000002D6,false,Rx,0,8,3C,F3,D7,00,00,00,00,00,
12682460,0000019E,false,Rx,0,8,15,00,00,00,00,32,00,00,
12682506,000002D7,false,Rx,0,8,00,00,00,00,03,00,00,00,
12682548,000001F1,false,Rx,0,8,86,EE,18,01,00,00,28,00,
12682774,000002D8,false,Rx,0,8,00,00,00,00,00,00,38,47,
12682970,000001F2,false,Rx,0,8,00,00,00,00,00,00,00,00,
12683323,000002D9,false,Rx,0,8,00,00,00,00,00,00,00,00,
12683476,000002EB,false,Rx,0,8,8B,F4,D7,06,08,01,00,02,
12683731,000003B9,false,Rx,0,8,00,00,00,00,00,00,00,00,
12684006,000002EC,false,Rx,0,8,02,00,CF,00,59,00,00,00,
12684993,000002ED,false,Rx,0,8,00,00,00,00,00,00,00,00,
12685317,00000495,false,Rx,0,8,49,00,00,00,00,00,00,00,
12685413,000002EE,false,Rx,0,8,00,00,00,00,00,00,00,00,
12688837,000002FF,false,Rx,0,8,D4,CB,00,71,02,00,00,00,
12688941,00000316,false,Rx,0,8,BA,CB,81,34,06,80,0A,00,
12689361,00000317,false,Rx,0,8,00,00,05,00,00,00,00,00,
12689719,00000251,false,Rx,0,8,EC,16,B0,00,00,00,00,00,
12689825,00000252,false,Rx,0,8,00,00,1B,1B,03,00,00,00,
12690116,00000253,false,Rx,0,8,00,00,00,58,58,00,80,4D,
12690507,000002AB,false,Rx,0,8,16,3E,B3,0C,0C,00,00,00,
12690878,000003B1,false,Rx,0,8,C1,DE,00,80,00,00,20,00,
12691226,000002AC,false,Rx,0,8,00,FF,FF,00,00,40,00,54,
12691569,000002AD,false,Rx,0,8,00,01,00,40,FF,FF,FF,0F,
12691878,00000472,false,Rx,0,8,5C,EC,00,40,08,41,00,45,
12691949,000002AE,false,Rx,0,8,01,00,FF,3F,01,01,00,00,
12692028,000002B6,false,Rx,0,8,AC,18,B3,01,00,00,00,40,
12692073,000002B7,false,Rx,0,8,9F,00,50,1C,00,04,00,00,
12692564,000002B8,false,Rx,0,8,FF,F8,10,00,00,00,00,00,
12692904,00000473,false,Rx,0,8,5F,24,00,25,00,00,00,78,
12693129,000002B9,false,Rx,0,8,0A,00,00,00,00,00,00,00,
12693203,00000474,false,Rx,0,8,91,72,00,00,00,00,00,08,
12693251,000002C1,false,Rx,0,8,81,7E,DA,21,00,41,00,D4,
12693872,0000033B,false,Rx,0,8,4E,54,B2,00,00,00,00,00,
12694126,000002C2,false,Rx,0,8,29,00,00,00,00,00,00,00,
12694233,0000033C,false,Rx,0,8,00,00,00,00,F0,00,00,00,
12694302,000002C3,false,Rx,0,8,00,00,00,00,00,00,00,00,
12694556,0000033D,false,Rx,0,8,00,00,00,00,00,00,00,00,
12694778,000002C4,false,Rx,0,8,00,00,00,00,00,00,00,00,
12695249,0000033E,false,Rx,0,8,00,00,00,00,00,00,00,00,
12695633,000002E1,false,Rx,0,8,2A,53,B3,00,00,00,00,40,
12695954,00000356,false,Rx,0,8,84,37,D9,00,00,00,00,00,
12696288,000002E2,false,Rx,0,8,FD,00,00,00,00,14,00,04,
12696362,00000357,false,Rx,0,8,00,00,00,00,00,4B,4D,48,
12696671,000002E3,false,Rx,0,8,00,00,00,00,00,00,72,01,
12696926,00000358,false,Rx,0,8,35,41,45,4D,52,37,33,4F,
12696992,000002E4,false,Rx,0,8,02,00,00,00,00,00,00,00,
12697270,00000359,false,Rx,0,8,51,4F,34,52,4A,35,33,00,
12697363,00000146,false,Rx,0,8,B1,2D,7F,10,04,05,00,00,
12697708,00000147,false,Rx,0,8,01,04,7D,00,40,46,07,00,
12698077,00000061,false,Rx,0,8,05,5B,7A,00,00,00,00,00,
12698374,00000148,false,Rx,0,8,00,00,42,00,1E,89,40,05,
12698987,00000062,false,Rx,0,8,02,02,00,02,40,FF,00,FF,
12699410,00000149,false,Rx,0,8,00,38,00,CC,00,00,00,00,
12699726,00000063,false,Rx,0,8,00,00,05,00,00,08,FD,00,
12700037,00000064,false,Rx,0,8,00,00,00,04,FF,FA,00,00,
12700311,000000A1,false,Rx,0,8,36,9C,7A,57,61,02,8A,00,
12700582,000000A2,false,Rx,0,8,00,00,00,00,00,00,00,00,
12700656,000000A3,false,Rx,0,8,00,40,01,00,00,00,00,00,
12702665,00000111,false,Rx,0,8,D3,9C,07,01,00,00,00,00,
12702766,0000036F,false,Rx,0,8,99,51,01,00,00,00,00,00,
12703007,00000112,false,Rx,0,8,00,00,00,00,00,00,00,00,
12703586,0000037F,false,Rx,0,8,3A,B0,52,24,41,02,00,00,
12703969,00000113,false,Rx,0,8,00,00,00,00,00,00,00,00,
12704308,00000114,false,Rx,0,8,00,00,00,00,00,00,00,00,
12706474,000001B1,false,Rx,0,8,27,49,7F,00,72,00,00,00,
12706567,000001B2,false,Rx,0,8,23,00,04,B7,0F,08,50,10,
12706929,000001AB,false,Rx,0,8,D4,E1,0E,50,70,50,00,00,
12707029,000001AC,false,Rx,0,8,00,28,00,00,00,00,00,00,
12707651,000001B3,false,Rx,0,8,10,33,37,00,5A,7B,6A,7D,
12707951,000001B4,false,Rx,0,8,65,7D,10,00,00,41,00,00,
12709658,00000121,false,Rx,0,8,8B,3D,E0,00,00,00,00,05,
12709782,00000122,false,Rx,0,8,FF,D9,67,1F,46,47,46,45,
12709978,000004E8,false,Rx,1,8,FF,FF,FF,05,FF,FF,FF,00,
12710038,00000123,false,Rx,0,8,B6,02,00,00,00,00,01,00,
12710111,00000124,false,Rx,0,8,00,00,0A,00,00,00,20,40,
12716656,0000010B,false,Rx,0,8,96,54,EA,00,00,00,00,05,
12716747,0000010C,false,Rx,0,8,FF,F9,E7,1F,46,4F,48,48,
12717156,0000010D,false,Rx,0,8,B5,02,00,00,00,00,01,00,
12717245,0000010E,false,Rx,0,8,00,00,1E,00,00,C0,AB,57,
12719620,000004A3,false,Rx,1,8,80,00,48,0B,3E,00,00,00,
12719718,000004A4,false,Rx,1,8,FF,FF,FF,00,00,00,00,00,
12721644,00000161,false,Rx,0,8,65,38,52,03,00,00,00,02,
12721750,0000011B,false,Rx,0,8,8A,79,A4,05,80,08,28,02,
12722140,00000162,false,Rx,0,8,FF,FC,01,00,00,00,00,00,
12722539,0000011C,false,Rx,0,8,00,05,20,00,22,00,01,01,
12722880,0000012B,false,Rx,0,8,6C,29,A4,06,00,00,08,00,
12722967,0000012C,false,Rx,0,8,00,00,01,00,00,64,00,00,
12724509,0000030B,false,Rx,0,8,3F,19,B2,00,04,00,00,00,
12724631,0000030C,false,Rx,0,8,00,00,0E,00,2C,00,A0,0F,
12725065,0000030D,false,Rx,0,8,00,00,00,00,43,00,00,00,
12725149,0000030E,false,Rx,0,8,00,00,18,05,21,00,00,0A,
12727409,000001E6,false,Rx,0,8,AF,67,61,02,00,00,00,00,
12727515,000001E7,false,Rx,0,8,00,00,22,03,20,01,00,00,
12727733,000001BB,false,Rx,0,8,24,31,61,02,00,00,00,0A,
12727892,000001BC,false,Rx,0,8,32,00,00,00,02,00,00,00,
12728325,00000419,false,Rx,0,8,A4,D0,26,D5,2D,87,90,00,
12728417,000001BD,false,Rx,0,8,00,00,00,00,00,00,00,00,
12728732,00000036,false,Rx,0,8,95,90,FF,51,00,00,25,05,
12728968,00000037,false,Rx,0,8,30,00,00,10,00,40,00,00,
12729269,00000038,false,Rx,0,8,04,00,00,00,60,39,96,D4,
12729529,00000039,false,Rx,0,8,00,00,00,00,00,00,00,00,
12730313,0000019B,false,Rx,0,8,2C,8B,F5,00,00,E4,00,00,
12730633,0000019C,false,Rx,0,8,40,20,00,00,00,00,0B,09,
12731210,0000019D,false,Rx,0,8,00,10,00,01,00,00,00,00,
12731329,00000475,false,Rx,0,8,12,00,00,00,00,00,00,00,
12731620,0000019E,false,Rx,0,8,15,00,00,00,00,32,00,00,
12731935,000001A1,false,Rx,0,8,D6,68,52,FE,F7,7F,64,00,
12732575,00000496,false,Rx,0,8,12,00,00,00,00,00,00,00,
12732922,000001A2,false,Rx,0,8,44,00,00,00,27,08,00,00,
12733031,000001A3,false,Rx,0,8,FF,F3,3F,00,00,00,00,00,
12733413,000001A4,false,Rx,0,8,FE,07,00,00,00,00,00,00,
12733570,00000383,false,Rx,0,8,5A,53,00,10,01,00,00,00,
12740963,00000448,false,Rx,0,8,DE,80,00,00,00,00,00,00,
12742211,000001FB,false,Rx,0,8,53,A4,AA,00,00,00,00,00,
12742319,000001FC,false,Rx,0,8,00,00,00,00,00,00,00,00,
12742707,000001FD,false,Rx,0,8,00,1A,03,00,00,00,00,00,
12743140,000001FE,false,Rx,0,8,00,00,00,00,00,00,00,00,
12747847,00000061,false,Rx,0,8,7A,77,7F,00,00,00,00,00,
12747969,00000062,false,Rx,0,8,02,02,00,02,40,FF,00,FF,
12748365,00000063,false,Rx,0,8,00,00,05,00,00,08,FD,00,
12748442,00000064,false,Rx,0,8,00,00,00,04,FF,FA,00,00,
12748826,000000A1,false,Rx,0,8,39,77,7F,57,61,02,8A,00,
12749088,000000A2,false,Rx,0,8,00,00,00,00,00,00,00,00,
12749215,000000A3,false,Rx,0,8,00,40,01,00,00,00,00,00,
12750278,000004E8,false,Rx,1,8,FF,FF,FF,05,FF,FF,FF,00,
12750646,00000382,false,Rx,0,8,2B,FE,21,00,00,05,09,00,
12756590,000002BF,false,Rx,0,8,FF,FF,FF,00,00,00,00,00,
12756683,0000047F,false,Rx,0,8,F0,FC,FF,FF,FF,FF,FF,FF,
12757104,00000653,false,Rx,0,8,0A,19,03,01,02,2A,00,00,
12757518,00000236,false,Rx,0,8,B3,7B,B1,00,34,6C,AE,62,
12757596,00000237,false,Rx,0,8,00,15,47,00,00,1E,1B,00,
12758138,00000238,false,Rx,0,8,00,00,72,00,00,00,00,00,
12758346,00000239,false,Rx,0,8,00,00,00,00,01,00,00,00,
12758685,00000516,false,Rx,0,8,61,02,00,00,00,00,FF,FF,
12759042,00000151,false,Rx,0,8,F5,8C,B1,64,C8,00,28,18,
12759356,00000152,false,Rx,0,8,14,17,17,00,51,00,00,00,
12759865,00000153,false,Rx,0,8,00,00,00,00,00,00,00,00,
12760024,00000121,false,Rx,0,8,F4,11,E5,00,00,00,00,05,
12760306,000001F6,false,Rx,0,8,BE,50,B1,00,00,00,00,0E,
12760380,00000122,false,Rx,0,8,FF,D9,67,1F,46,47,46,45,
12760966,000001F7,false,Rx,0,8,26,00,DA,02,00,00,00,00,
12761310,00000123,false,Rx,0,8,B6,02,00,00,00,00,01,00,
12761592,000001F8,false,Rx,0,8,00,5E,01,45,01,00,00,00,
12761700,00000124,false,Rx,0,8,00,00,0A,00,00,00,20,40,
12761995,000001F9,false,Rx,0,8,4B,00,64,C8,14,00,4B,00,
12762073,00000154,false,Rx,0,8,00,00,00,00,00,00,00,00,
12762399,0000025B,false,Rx,0,8,CF,B1,B1,40,40,20,00,00,
12762977,000002FB,false,Rx,0,8,B9,5A,B1,04,72,1A,B4,B4,
12763286,0000025C,false,Rx,0,8,00,00,26,00,B4,2C,19,00,
12763385,000002FC,false,Rx,0,8,0F,00,14,18,00,00,8E,43,
12763538,0000025D,false,Rx,0,8,00,C8,00,00,00,80,C0,70,
12763818,000002FD,false,Rx,0,8,00,00,00,00,00,1C,13,EA,
12763919,0000025E,false,Rx,0,8,04,07,0E,01,00,00,46,00,
12763999,000002FE,false,Rx,0,8,00,00,72,01,00,28,C8,02,
12764259,00000326,false,Rx,0,8,C7,27,B1,00,00,00,00,00,
12764372,00000327,false,Rx,0,8,00,00,00,00,05,00,00,00,
12764747,00000328,false,Rx,0,8,DA,02,4B,00,00,5E,01,00,
12765078,00000329,false,Rx,0,8,64,45,01,00,00,00,00,00,
12765386,00000331,false,Rx,0,8,E4,82,B1,F1,C8,A0,2C,97,
12765653,00000332,false,Rx,0,8,E8,08,FC,03,00,00,00,00,
12765728,00000333,false,Rx,0,8,00,00,00,1C,0C,40,20,64,
12765988,00000334,false,Rx,0,8,C8,00,00,00,08,44,F4,8F,
12767319,0000010B,false,Rx,0,8,E9,78,EF,00,00,00,00,05,
12767637,0000010C,false,Rx,0,8,FF,F9,E7,1F,46,4F,48,48,
12768407,0000010D,false,Rx,0,8,B5,02,00,00,00,00,01,00,
12769036,0000010E,false,Rx,0,8,00,00,1E,00,00,C0,AB,57,
12769241,00000419,false,Rx,0,8,A4,D0,26,D5,2D,87,90,00,
12771907,0000011B,false,Rx,0,8,F9,40,A9,05,80,08,28,02,
12772018,0000012B,false,Rx,0,8,1F,10,A9,06,00,00,08,00,
12772181,0000011C,false,Rx,0,8,00,05,20,00,22,00,01,01,
12772363,0000012C,false,Rx,0,8,00,00,01,00,00,64,00,00,
12772809,000001E1,false,Rx,0,8,83,CE,55,02,00,00,00,00,
12773137,000001E2,false,Rx,0,8,00,00,00,00,00,00,00,00,
12773438,00000091,false,Rx,0,8,0B,3D,B4,26,06,00,00,00,
12773509,00000092,false,Rx,0,8,24,00,00,00,40,02,00,00,
12773688,00000093,false,Rx,0,8,00,00,00,00,00,00,00,00,
12773974,00000094,false,Rx,0,8,00,00,00,00,00,00,00,00,
12778833,00000036,false,Rx,0,8,DA,A9,04,51,00,00,25,05,
12778935,00000037,false,Rx,0,8,30,00,00,10,00,40,00,00,
12779243,00000038,false,Rx,0,8,04,00,00,00,60,39,96,D4,
12779659,00000039,false,Rx,0,8,00,00,00,00,00,00,00,00,
12779756,00000256,false,Rx,0,8,4E,AB,B0,15,40,00,F0,00,
12780177,000002E6,false,Rx,0,8,06,B8,B0,01,00,00,00,15,
12780515,00000257,false,Rx,0,8,00,93,41,19,85,07,00,94,
12781080,0000019B,false,Rx,0,8,AD,FF,FA,00,00,E4,00,00,
12781169,00000258,false,Rx,0,8,36,F0,1A,00,10,15,00,28,
12781426,0000019C,false,Rx,0,8,40,20,00,00,00,00,0B,09,
12781516,00000259,false,Rx,0,8,62,05,8E,3C,4C,02,00,00,
12781803,0000019D,false,Rx,0,8,00,10,00,01,00,00,00,00,
12782100,000002E7,false,Rx,0,8,0A,00,00,00,00,00,00,00,
12782448,0000019E,false,Rx,0,8,15,00,00,00,00,32,00,00,
12782789,000002E8,false,Rx,0,8,00,00,00,00,00,00,00,00,
12782860,00000384,false,Rx,0,8,BA,56,0D,01,00,FF,00,24,
12783177,000002E9,false,Rx,0,8,00,00,00,00,00,00,00,00,
12787635,00000226,false,Rx,0,8,A5,E2,03,FF,63,60,09,42,
12787748,00000227,false,Rx,0,8,02,94,00,09,03,F1,9F,03,
12790288,0000042A,false,Rx,0,8,8E,83,0C,02,00,10,00,00,
12791229,00000396,false,Rx,0,8,D9,4A,D8,0F,08,01,00,02,
12791339,00000397,false,Rx,0,8,1C,00,43,10,3F,07,00,00,
12792258,00000398,false,Rx,0,8,00,00,00,00,00,00,00,00,
12792551,000000C5,false,Rx,1,8,00,00,00,00,00,00,00,00,
12792628,00000244,false,Rx,1,8,FF,FF,FF,FF,FF,FF,FF,FF,
12792943,0000041F,false,Rx,1,8,00,0C,00,00,00,00,00,00,
12793463,000004B4,false,Rx,1,8,00,00,05,40,10,70,04,00,
12793761,000004B5,false,Rx,1,8,08,00,F0,07,00,00,00,00,
12794209,000004B7,false,Rx,1,8,08,00,F0,07,00,00,00,00,
12794485,000004CA,false,Rx,1,8,00,00,00,00,00,00,00,00,
12794774,000004CC,false,Rx,1,8,08,00,00,06,00,00,03,00,
12795059,000004CE,false,Rx,1,8,DE,01,00,00,00,00,F8,FF,
12795569,000004D7,false,Rx,1,8,23,01,00,00,00,00,00,00,
12795876,000004D8,false,Rx,1,8,41,10,F0,F0,40,F2,1E,CC,
12796309,000004DD,false,Rx,1,8,00,00,FE,00,04,00,00,00,
12796646,000004DF,false,Rx,1,8,00,00,08,00,00,00,00,00,
12796952,000004E7,false,Rx,1,8,00,30,00,00,00,00,69,00,
12797455,000004E8,false,Rx,1,8,FF,FF,FF,05,FF,FF,FF,00,
12797742,000004E9,false,Rx,1,8,12,00,00,34,00,00,50,00,
12798006,000004EA,false,Rx,1,8,67,00,00,89,00,00,00,00,
12798458,000004EB,false,Rx,1,8,02,80,16,16,80,00,00,00,
12798730,000004EC,false,Rx,1,8,00,00,00,00,00,00,00,00,
12799376,00000146,false,Rx,0,8,FE,14,84,10,04,05,00,00,
12800059,000004ED,false,Rx,1,8,00,00,00,00,00,FF,FF,1F,
12800561,00000147,false,Rx,0,8,01,04,7D,00,40,46,07,00,
12800693,000004EE,false,Rx,1,8,FF,FF,00,00,00,00,00,00,
12800789,00000061,false,Rx,0,8,35,4E,84,00,00,00,00,00,
12800877,000004EF,false,Rx,1,8,60,00,60,00,2B,14,00,00,
12801387,00000148,false,Rx,0,8,00,00,42,00,1E,89,40,05,
12801827,000004F0,false,Rx,1,8,4A,10,16,16,5C,1A,0B,02,
12802116,00000062,false,Rx,0,8,02,02,00,02,40,FF,00,FF,
12802188,000004F1,false,Rx,1,8,00,C0,00,00,00,00,00,00,
12802270,00000149,false,Rx,0,8,00,38,00,CC,00,00,00,00,
12802399,000004F2,false,Rx,1,8,02,FF,DD,FF,03,01,00,00,
12802586,00000063,false,Rx,0,8,00,00,05,00,00,08,FD,00,
12802675,000004F3,false,Rx,1,8,00,00,00,00,30,00,00,00,
12802738,000004F9,false,Rx,1,8,E0,FF,FF,FF,FF,FF,FF,FF,
12803042,00000064,false,Rx,0,8,00,00,00,04,FF,FA,00,00,
12803108,0000063D,false,Rx,1,8,00,80,00,00,00,00,00,00,
12803450,000000A1,false,Rx,0,8,47,75,84,57,61,02,8A,00,
12803795,0000063E,false,Rx,1,8,FF,FF,FF,FF,FF,FF,FF,FF,
12803904,0000063F,false,Rx,1,8,00,10,00,C4,FF,00,00,00,
12804187,000000A2,false,Rx,0,8,00,00,00,00,00,00,00,00,
12804293,00000640,false,Rx,1,8,FF,FF,FF,00,FF,FF,FF,00,
12804358,000000A3,false,Rx,0,8,00,40,01,00,00,00,00,00,
12804526,00000641,false,Rx,1,8,FF,FF,FF,FF,0F,FF,FF,FF,
12804659,00000646,false,Rx,1,8,00,00,00,80,01,00,00,00,
12804718,0000036F,false,Rx,0,8,4F,61,01,00,00,00,00,00,
12804768,0000037F,false,Rx,0,8,32,C0,52,24,41,02,00,00,
12806415,000001B1,false,Rx,0,8,9E,A5,84,00,72,00,00,00,
12806526,000001B2,false,Rx,0,8,23,00,04,B7,0F,09,50,10,
12806922,000001AB,false,Rx,0,8,AD,FB,13,50,70,50,00,00,
12807251,000001AC,false,Rx,0,8,00,28,00,00,00,00,00,00,
12807391,000001B3,false,Rx,0,8,10,33,37,00,5A,7B,6A,7D,
12807565,000001B4,false,Rx,0,8,65,7D,10,00,00,41,00,00,
12808337,00000419,false,Rx,0,8,A4,D0,26,D5,2D,87,90,00,
12809680,00000121,false,Rx,0,8,83,A3,EA,00,00,00,00,05,
12809791,00000122,false,Rx,0,8,FF,D9,67,1F,46,48,46,45,
12809841,00000123,false,Rx,0,8,B6,02,00,00,00,00,01,00,
12810208,00000124,false,Rx,0,8,00,00,0A,00,00,00,20,40,
12812337,000003B0,false,Rx,0,8,72,37,FF,C7,00,00,03,C0,
12816649,0000010B,false,Rx,0,8,94,BD,F4,00,00,00,00,05,
12816741,0000010C,false,Rx,0,8,FF,F9,E7,1F,46,4F,48,48,
12817153,0000010D,false,Rx,0,8,B5,02,00,00,00,00,01,00,
12817239,0000010E,false,Rx,0,8,00,00,1E,00,00,C0,AB,57,
12820280,000003B2,false,Rx,0,8,36,15,FF,02,29,2F,34,00,
12821654,00000161,false,Rx,0,8,93,10,57,03,00,00,00,02,
12821750,0000011B,false,Rx,0,8,66,28,AE,05,80,08,28,02,
12822142,00000162,false,Rx,0,8,FF,FC,01,00,00,00,00,00,
12822229,0000011C,false,Rx,0,8,00,05,20,00,22,00,01,01,
12822676,0000012B,false,Rx,0,8,80,78,AE,06,00,00,08,00,
12822978,0000012C,false,Rx,0,8,00,00,01,00,00,64,00,00,
12823028,00000405,false,Rx,0,8,D2,10,00,00,00,01,00,00,
12823340,00000410,false,Rx,0,8,6A,60,57,3C,DE,6A,FF,FF,
12823998,00000411,false,Rx,0,8,04,D1,50,51,00,00,44,04,
12824274,00000412,false,Rx,0,8,CC,E0,00,00,00,00,00,00,
12824331,00000413,false,Rx,0,8,08,60,00,00,00,00,00,00,
12824435,00000414,false,Rx,0,8,41,70,00,00,28,00,00,00,
12824487,00000416,false,Rx,0,8,55,00,00,00,00,00,00,00,
12824769,00000417,false,Rx,0,8,20,E0,00,00,00,00,00,00,
12825027,00000418,false,Rx,0,8,07,C0,00,00,14,0C,00,00,
12825278,0000048F,false,Rx,0,8,AD,10,41,00,05,00,00,00,
12828798,00000036,false,Rx,0,8,D7,6F,09,51,00,00,25,05,
12828891,00000037,false,Rx,0,8,30,00,00,10,00,40,00,00,
12829306,00000038,false,Rx,0,8,04,00,00,00,60,39,96,D4,
12829387,00000039,false,Rx,0,8,00,00,00,00,00,00,00,00,
12830163,00000380,false,Rx,0,8,96,92,03,08,08,08,08,01,
12830430,0000019B,false,Rx,0,8,D2,D3,FF,00,00,E4,00,00,
12830927,0000019C,false,Rx,0,8,40,20,00,00,00,00,0B,09,
12831043,0000019D,false,Rx,0,8,00,10,00,01,00,00,00,00,
12831418,00000427,false,Rx,0,8,1D,86,FF,00,80,0A,00,00,
12831678,0000019E,false,Rx,0,8,15,00,00,00,00,32,00,00,
12831786,000001A1,false,Rx,0,8,A9,44,57,FE,F7,7F,64,00,
12831982,000001A2,false,Rx,0,8,44,00,00,00,27,08,00,00,
12832439,000001A3,false,Rx,0,8,FF,F3,3F,00,00,00,00,00,
12833055,000001A4,false,Rx,0,8,FE,07,00,00,00,00,00,00,
12833385,000001F1,false,Rx,0,8,CB,06,1B,01,00,00,28,00,
12833675,000001F2,false,Rx,0,8,00,00,00,00,00,00,00,00,
12833795,000003A1,false,Rx,0,8,CA,80,C0,00,FF,FF,FF,FF,
12833944,000003A2,false,Rx,0,8,00,00,00,00,00,00,00,00,
12833995,00000419,false,Rx,0,8,A4,D0,26,D5,2D,87,90,00,
12847817,00000061,false,Rx,0,8,38,88,89,00,00,00,00,00,
12847922,00000062,false,Rx,0,8,02,02,00,02,40,FF,00,FF,
12848329,00000063,false,Rx,0,8,00,00,05,00,00,08,FD,00,
12848691,00000064,false,Rx,0,8,00,00,00,04,FF,FA,00,00,
12848824,000000A1,false,Rx,0,8,71,36,89,57,61,02,8A,00,
12849171,000000A2,false,Rx,0,8,00,00,00,00,00,00,00,00,
12849476,000000A3,false,Rx,0,8,00,40,01,00,00,00,00,00,
12849773,000000FF,false,Rx,0,8,CB,10,00,00,00,00,02,00,
12850574,00000394,false,Rx,0,8,2A,22,1A,49,00,00,00,00,
12850947,000003C3,false,Rx,0,8,45,10,31,30,36,00,00,00,
12851323,000003E0,false,Rx,0,8,01,70,01,00,54,03,00,00,
12852195,000003E5,false,Rx,0,8,8E,90,01,00,00,00,00,00,
12852797,000003E6,false,Rx,0,8,7F,00,00,00,00,00,00,00,
12853246,0000041A,false,Rx,0,8,95,40,12,00,00,00,00,00,
12853384,0000041B,false,Rx,0,8,60,30,00,00,00,00,00,00,
12853745,0000041C,false,Rx,0,8,E9,80,E0,00,00,00,00,00,
12853808,00000422,false,Rx,0,8,EA,C0,01,00,00,00,04,00,
12854513,00000432,false,Rx,0,8,03,20,02,00,00,00,00,00,
12854834,00000435,false,Rx,0,8,9F,D0,00,40,00,00,00,00,
12854908,00000442,false,Rx,0,8,CE,20,11,81,00,00,00,00,
12855329,00000444,false,Rx,0,8,6C,30,20,50,55,50,00,00,
12855614,00000445,false,Rx,0,8,67,40,00,00,00,00,00,18,
12855709,00000561,false,Rx,0,8,63,02,00,00,00,00,FF,FF,
12856354,00000464,false,Rx,0,8,B2,70,F0,FF,38,7F,05,00,
12859604,00000121,false,Rx,0,8,0A,49,EF,00,00,00,00,05,
12859700,00000122,false,Rx,0,8,FF,D9,67,1F,46,47,46,45,
12860091,00000123,false,Rx,0,8,B6,02,00,00,00,00,01,00,
12860195,00000124,false,Rx,0,8,00,00,0A,00,00,00,20,40,
12867062,0000010B,false,Rx,0,8,99,7B,F9,00,00,00,00,05,
12867155,0000010C,false,Rx,0,8,FF,F9,E7,1F,46,4F,48,48,
12867581,0000010D,false,Rx,0,8,B5,02,00,00,00,00,01,00,
12867655,0000010E,false,Rx,0,8,00,00,1E,00,00,C0,AB,57,
12871857,0000011B,false,Rx,0,8,1F,32,B3,05,80,08,28,02,
12871978,0000012B,false,Rx,0,8,F9,62,B3,06,00,00,08,00,
12872382,0000011C,false,Rx,0,8,00,05,20,00,22,00,01,01,
12872452,0000012C,false,Rx,0,8,00,00,01,00,00,64,00,00,
12873316,00000091,false,Rx,0,8,B8,13,B5,26,06,00,00,00,
12873509,00000092,false,Rx,0,8,23,00,00,00,30,02,00,00,
12873925,00000093,false,Rx,0,8,00,00,00,00,00,00,00,00,
12874289,00000094,false,Rx,0,8,00,00,00,00,00,00,00,00,
12874389,00000401,false,Rx,0,8,C6,10,10,00,00,04,00,00,
12877155,000001E6,false,Rx,0,8,59,4F,64,02,00,00,00,00,
12877258,000001E7,false,Rx,0,8,00,00,22,03,20,01,00,00,
12877558,000001BB,false,Rx,0,8,2B,DA,64,02,00,00,00,0A,
12877763,000001BC,false,Rx,0,8,32,00,00,00,02,00,00,00,
12878050,000001BD,false,Rx,0,8,00,00,00,00,00,00,00,00,
12879000,00000036,false,Rx,0,8,24,F1,0E,51,00,00,25,05,
12879149,00000037,false,Rx,0,8,30,00,00,10,00,40,00,00,
12879433,00000038,false,Rx,0,8,04,00,00,00,60,39,96,D4,
12879527,00000039,false,Rx,0,8,00,00,00,00,00,00,00,00,
12879869,000003AA,false,Rx,0,8,FF,00,D0,00,54,00,00,00,
12880576,000003B6,false,Rx,0,8,0C,EE,D8,00,00,00,00,46,
12880694,0000019B,false,Rx,0,8,9D,EA,04,00,00,E4,00,00,
12881098,000003B7,false,Rx,0,8,46,00,00,00,00,00,00,00,
12881410,0000019C,false,Rx,0,8,40,20,00,00,00,00,0B,09,
12881697,000003B8,false,Rx,0,8,B2,02,00,00,00,00,69,0E,
12882000,0000019D,false,Rx,0,8,00,10,00,01,00,00,00,00,
12882091,000002D6,false,Rx,0,8,BD,87,D8,00,00,00,00,00,
12882338,0000019E,false,Rx,0,8,15,00,00,00,00,32,00,00,
12882456,000002D7,false,Rx,0,8,00,00,00,00,03,00,00,00,
12882796,000002EB,false,Rx,0,8,84,33,D8,07,08,01,00,02,
12883335,000002D8,false,Rx,0,8,00,00,00,00,00,00,38,47,
12883851,000002EC,false,Rx,0,8,07,00,CF,00,59,00,00,00,
12883991,000002D9,false,Rx,0,8,00,00,00,00,00,00,00,00,
12884044,000002ED,false,Rx,0,8,00,00,00,00,00,00,00,00,
12884159,00000487,false,Rx,1,8,00,00,00,00,00,00,00,00,
12884879,000003B9,false,Rx,0,8,00,00,00,00,00,00,00,00,
12885464,000002EE,false,Rx,0,8,00,00,00,00,00,00,00,00,
12885700,00000642,false,Rx,1,8,FF,FF,FF,FF,FF,FF,00,00,
12885781,00000495,false,Rx,0,8,49,00,00,00,00,00,00,00,
12885888,00000645,false,Rx,1,8,C7,35,06,79,E0,32,56,00,
12888554,00000316,false,Rx,0,8,F7,23,82,34,06,80,0A,00,
12888788,00000317,false,Rx,0,8,00,00,05,00,00,00,00,00,
12889697,00000251,false,Rx,0,8,EA,78,B2,00,00,00,00,00,
12889864,00000252,false,Rx,0,8,00,00,1B,1B,03,00,00,00,
12890202,000002AB,false,Rx,0,8,A3,F9,B5,0C,0C,00,00,00,
12890592,00000253,false,Rx,0,8,00,00,00,58,58,00,80,4D,
12890741,000002AC,false,Rx,0,8,00,FF,FF,00,00,40,00,54,
12891075,000003B1,false,Rx,0,8,C1,DE,00,80,00,00,20,00,
12891388,000002AD,false,Rx,0,8,00,01,00,40,FF,FF,FF,0F,
12891500,000003CB,false,Rx,0,8,36,14,00,F4,00,00,00,00,
12891591,000002AE,false,Rx,0,8,01,00,FF,3F,01,01,00,00,
12891773,000003CC,false,Rx,0,8,36,31,34,30,33,34,31,00,
12892198,000002B6,false,Rx,0,8,19,DF,B5,01,00,00,00,40,
12892538,00000472,false,Rx,0,8,5C,EC,00,40,08,41,00,45,
12892828,000002B7,false,Rx,0,8,9F,00,50,1C,00,04,00,00,
12893126,00000473,false,Rx,0,8,5F,24,00,25,00,00,00,78,
12893442,000002B8,false,Rx,0,8,FF,F8,10,00,00,00,00,00,
12893744,0000033B,false,Rx,0,8,FB,93,B4,00,00,00,00,00,
12893828,000002B9,false,Rx,0,8,0A,00,00,00,00,00,00,00,
12894053,0000033C,false,Rx,0,8,00,00,00,00,F0,00,00,00,
12894128,000002C1,false,Rx,0,8,C7,27,DB,21,00,41,00,D4,
12894280,0000033D,false,Rx,0,8,00,00,00,00,00,00,00,00,
12894453,000002C2,false,Rx,0,8,29,00,00,00,00,00,00,00,
12894799,000002FF,false,Rx,0,8,D4,CB,00,71,02,00,00,00,
12895187,000002C3,false,Rx,0,8,00,00,00,00,00,00,00,00,
12895739,0000033E,false,Rx,0,8,00,00,00,00,00,00,00,00,
12895831,000002C4,false,Rx,0,8,00,00,00,00,00,00,00,00,
12896119,00000356,false,Rx,0,8,4E,DC,DA,00,00,00,00,00,
12896420,000002E1,false,Rx,0,8,9F,94,B5,00,00,00,00,40,
12896517,00000357,false,Rx,0,8,00,00,00,00,00,4B,4D,48,
12896810,000002E2,false,Rx,0,8,FD,00,00,00,00,14,00,04,
12897101,00000358,false,Rx,0,8,35,41,45,4D,52,37,33,4F,
12897470,000002E3,false,Rx,0,8,00,00,00,00,00,00,72,01,
12897794,00000359,false,Rx,0,8,51,4F,34,52,4A,35,33,00,
12898094,00000146,false,Rx,0,8,C8,BC,89,10,04,05,00,00,
12898203,000002E4,false,Rx,0,8,02,00,00,00,00,00,00,00,
12898396,00000061,false,Rx,0,8,CB,16,8E,00,00,00,00,00,
12898458,00000147,false,Rx,0,8,01,04,7D,00,40,45,07,00,
12898829,00000062,false,Rx,0,8,02,02,00,02,40,FF,00,FF,
12899219,00000148,false,Rx,0,8,00,00,42,00,1E,89,40,05,
12899556,00000063,false,Rx,0,8,00,00,05,00,00,08,FD,00,
12899846,00000149,false,Rx,0,8,00,38,00,CC,00,00,00,00,
12900100,00000064,false,Rx,0,8,00,00,00,04,FF,FA,00,00,
12900796,00000474,false,Rx,0,8,91,72,00,00,00,00,00,08,
12901157,000000A1,false,Rx,0,8,78,B3,8E,57,61,02,8A,00,
12901507,000000A2,false,Rx,0,8,00,00,00,00,00,00,00,00,
12901776,000000A3,false,Rx,0,8,00,40,01,00,00,00,00,00,
12903130,00000111,false,Rx,0,8,52,E8,08,01,00,00,00,00,
12903233,0000036F,false,Rx,0,8,F6,71,01,00,00,00,00,00,
12903540,00000112,false,Rx,0,8,00,00,00,00,00,00,00,00,
12903783,0000037F,false,Rx,0,8,8B,D0,52,24,41,02,00,00,
12903852,00000113,false,Rx,0,8,00,00,00,00,00,00,00,00,
12903901,00000114,false,Rx,0,8,00,00,00,00,00,00,00,00,
12906551,000001AB,false,Rx,0,8,3F,09,18,50,70,58,00,00,
12906896,000001AC,false,Rx,0,8,00,28,00,00,00,00,00,00,
12906972,000001B1,false,Rx,0,8,93,63,89,00,72,00,00,00,
12907248,000001B2,false,Rx,0,8,23,00,04,B7,0F,09,50,10,
12907519,000001B3,false,Rx,0,8,10,33,37,00,5A,7B,6A,7D,
12907639,000001B4,false,Rx,0,8,65,7D,10,00,00,41,00,00,
12909549,00000121,false,Rx,0,8,77,8C,F4,00,00,00,00,05,
12909647,00000122,false,Rx,0,8,FF,D9,67,1F,46,47,46,45,
12910033,00000123,false,Rx,0,8,B6,02,00,00,00,00,01,00,
12910115,00000124,false,Rx,0,8,00,00,0A,00,00,00,20,40,
12916652,0000010B,false,Rx,0,8,6A,E5,FE,00,00,00,00,05,
12916743,0000010C,false,Rx,0,8,FF,F9,E7,1F,46,4F,48,48,
12917155,0000010D,false,Rx,0,8,B5,02,00,00,00,00,01,00,
12917239,0000010E,false,Rx,0,8,00,00,1E,00,00,C0,AB,57,
12921618,00000161,false,Rx,0,8,5B,E9,5C,03,00,00,00,02,
12921709,0000011B,false,Rx,0,8,D7,CB,B8,05,80,08,28,02,
12922172,00000162,false,Rx,0,8,FF,FC,01,00,00,00,00,00,
12922243,0000011C,false,Rx,0,8,00,05,20,00,22,00,01,01,
12922630,0000012B,false,Rx,0,8,31,9B,B8,06,00,00,08,00,
12922861,000001E1,false,Rx,0,8,F0,F7,58,02,00,00,00,00,
12922951,0000012C,false,Rx,0,8,00,00,01,00,00,64,00,00,
12923225,000001E2,false,Rx,0,8,00,00,00,00,00,00,00,00,
12923924,000004A3,false,Rx,1,8,80,00,48,0B,3E,00,00,00,
12924356,000004A4,false,Rx,1,8,FF,FF,FF,00,00,00,00,00,
12924627,0000030B,false,Rx,0,8,8A,DE,B4,00,04,00,00,00,
12924710,0000030C,false,Rx,0,8,00,00,0E,00,2C,00,A0,0F,
12925099,0000030D,false,Rx,0,8,00,00,00,00,43,00,00,00,
12925435,0000030E,false,Rx,0,8,00,00,18,05,21,00,00,0A,
12929521,00000036,false,Rx,0,8,EC,F3,13,51,00,00,25,05,
12930020,00000037,false,Rx,0,8,30,00,00,10,00,40,00,00,
12930120,00000038,false,Rx,0,8,04,00,00,00,60,39,96,D4,
12930193,00000039,false,Rx,0,8,00,00,00,00,00,00,00,00,
12930577,0000019B,false,Rx,0,8,90,2C,09,00,00,E4,00,00,
12930934,0000019C,false,Rx,0,8,40,20,00,00,00,00,0B,09,
12931290,0000019D,false,Rx,0,8,00,10,00,01,00,00,00,00,
12931593,00000475,false,Rx,0,8,12,00,00,00,00,00,00,00,
12931879,0000019E,false,Rx,0,8,15,00,00,00,00,32,00,00,
12931970,000001A1,false,Rx,0,8,11,45,5C,FE,F7,7F,64,00,
12932053,00000496,false,Rx,0,8,12,00,00,00,00,00,00,00,
12932096,000001A2,false,Rx,0,8,44,00,00,00,27,08,00,00,
12932581,000001A3,false,Rx,0,8,FF,F3,3F,00,00,00,00,00,
12932944,000001A4,false,Rx,0,8,FE,07,00,00,00,00,00,00,
12933110,00000383,false,Rx,0,8,5A,53,00,10,01,00,00,00,
12938381,00000563,false,Rx,1,8,65,02,00,00,00,00,FF,FF,
12941028,00000448,false,Rx,0,8,DE,80,00,00,00,00,00,00,
12942200,000001FB,false,Rx,0,8,E6,63,AC,00,00,00,00,00,
12942460,000001FC,false,Rx,0,8,00,00,00,00,00,00,00,00,
12942569,000001FD,false,Rx,0,8,00,1A,03,00,00,00,00,00,
12943035,000001FE,false,Rx,0,8,00,00,00,00,00,00,00,00,
12947862,00000061,false,Rx,0,8,03,14,93,00,00,00,00,00,
12947962,00000062,false,Rx,0,8,02,02,00,02,40,FF,00,FF,
12948364,00000063,false,Rx,0,8,00,00,05,00,00,08,FD,00,
12948462,00000064,false,Rx,0,8,00,00,00,04,FF,FA,00,00,
12948831,000000A1,false,Rx,0,8,1D,B0,93,57,61,02,8A,00,
12949156,000000A2,false,Rx,0,8,00,00,00,00,00,00,00,00,
12949249,00000382,false,Rx,0,8,2B,FE,21,00,00,05,09,00,
12949838,000000A3,false,Rx,0,8,00,40,01,00,00,00,00,00,
12956586,000002BF,false,Rx,0,8,FF,FF,FF,00,00,00,00,00,
12956679,0000047F,false,Rx,0,8,F0,FC,FF,FF,FF,FF,FF,FF,
12957124,00000653,false,Rx,0,8,0A,19,03,01,02,2A,00,00,
12957505,00000236,false,Rx,0,8,3F,C9,B3,00,34,6C,AE,62,
12957582,00000237,false,Rx,0,8,00,15,47,00,00,1E,1B,00,
12957933,00000238,false,Rx,0,8,00,00,72,00,00,00,00,00,
12958263,00000239,false,Rx,0,8,00,00,00,00,01,00,00,00,
12959616,00000121,false,Rx,0,8,7A,4A,F9,00,00,00,00,05,
12959728,00000122,false,Rx,0,8,FF,D9,67,1F,46,47,46,45,
12960138,00000123,false,Rx,0,8,B6,02,00,00,00,00,01,00,
12960464,000001F6,false,Rx,0,8,32,E2,B3,00,00,00,00,0E,
12960566,00000124,false,Rx,0,8,00,00,0A,00,00,00,20,40,
12960911,000001F7,false,Rx,0,8,26,00,DA,02,00,00,00,00,
12961024,00000151,false,Rx,0,8,79,3E,B3,64,C8,00,28,18,
12961477,000001F8,false,Rx,0,8,00,5E,01,45,01,00,00,00,
12961581,00000152,false,Rx,0,8,14,17,17,00,51,00,00,00,
12961639,000001F9,false,Rx,0,8,4B,00,64,C8,14,00,4B,00,
12962042,00000153,false,Rx,0,8,00,00,00,00,00,00,00,00,
12962637,0000025B,false,Rx,0,8,8C,B2,B3,40,40,20,00,00,
12962955,00000154,false,Rx,0,8,00,00,00,00,00,00,00,00,
12963045,0000025C,false,Rx,0,8,00,00,26,00,B4,2C,19,00,
12963292,000002FB,false,Rx,0,8,35,E8,B3,04,72,1A,B4,B4,
12963347,0000025D,false,Rx,0,8,00,C8,00,00,00,80,C0,70,
12963706,000002FC,false,Rx,0,8,0F,00,14,18,00,00,8E,43,
12964060,0000025E,false,Rx,0,8,07,07,0E,01,00,00,46,00,
12964386,000002FD,false,Rx,0,8,00,00,00,00,00,1C,13,EA,
12964728,000002FE,false,Rx,0,8,00,00,72,01,00,28,C8,02,
12965037,00000326,false,Rx,0,8,4B,95,B3,00,00,00,00,00,
12965279,00000327,false,Rx,0,8,00,00,00,00,05,00,00,00,
12966024,00000328,false,Rx,0,8,DA,02,4B,00,00,5E,01,00,
12966332,00000329,false,Rx,0,8,64,45,01,00,00,00,00,00,
12966666,00000331,false,Rx,0,8,68,30,B3,F1,C8,A0,2C,97,
12966958,00000332,false,Rx,0,8,E8,08,FC,03,00,00,00,00,
12967071,00000333,false,Rx,0,8,00,00,00,1C,0C,40,20,64,
12967262,00000334,false,Rx,0,8,C8,00,00,00,08,44,F4,8F,
12967359,0000010B,false,Rx,0,8,90,1B,03,00,00,00,00,05,
12967426,0000010C,false,Rx,0,8,FF,F9,E7,1F,46,4F,48,48,
12967474,0000010D,false,Rx,0,8,B5,02,00,00,00,00,01,00,
12967682,0000010E,false,Rx,0,8,00,00,1E,00,00,C0,AB,57,
12971943,0000011B,false,Rx,0,8,21,E3,BD,05,80,08,28,02,
12972048,0000012B,false,Rx,0,8,C7,B3,BD,06,00,00,08,00,
12972293,0000011C,false,Rx,0,8,00,05,20,00,22,00,01,01,
12972370,0000012C,false,Rx,0,8,00,00,01,00,00,64,00,00,
12973318,00000091,false,Rx,0,8,87,8F,B6,26,06,00,00,00,
12973588,00000092,false,Rx,0,8,24,00,00,00,40,02,00,00,
12973721,00000093,false,Rx,0,8,00,00,00,00,00,00,00,00,
12974207,00000094,false,Rx,0,8,00,00,00,00,00,00,00,00,
12978820,00000036,false,Rx,0,8,54,F2,18,51,00,00,25,05,
12978921,00000037,false,Rx,0,8,30,00,00,10,00,40,00,00,
12979352,00000038,false,Rx,0,8,04,00,00,00,60,39,96,D4,
12979664,00000039,false,Rx,0,8,00,00,00,00,00,00,00,00,
12979780,00000256,false,Rx,0,8,CB,B4,B2,15,40,00,F0,00,
12980146,000002E6,false,Rx,0,8,8A,0A,B2,01,00,00,00,15,
12980428,00000257,false,Rx,0,8,00,93,41,18,85,07,00,94,
12980503,0000019B,false,Rx,0,8,63,B2,0E,00,00,E4,00,00,
12980613,00000258,false,Rx,0,8,36,EE,1A,00,10,15,00,28,
12981081,0000019C,false,Rx,0,8,40,20,00,00,00,00,0B,09,
12981458,00000259,false,Rx,0,8,5D,05,8D,3C,4C,02,00,00,
12981776,0000019D,false,Rx,0,8,00,10,00,01,00,00,00,00,
12982050,000002E7,false,Rx,0,8,0A,00,00,00,00,00,00,00,
12982160,0000019E,false,Rx,0,8,15,00,00,00,00,32,00,00,
12982351,000002E8,false,Rx,0,8,00,00,00,00,00,00,00,00,
12982404,00000384,false,Rx,0,8,BA,56,0D,01,00,FF,00,24,
12982807,000001F1,false,Rx,0,8,3D,2E,1E,01,00,00,28,00,
12983167,000002E9,false,Rx,0,8,00,00,00,00,00,00,00,00,
12983752,000001F2,false,Rx,0,8,00,00,00,00,00,00,00,00,
12987555,00000226,false,Rx,0,8,1E,22,05,FF,63,60,09,42,
12987648,00000227,false,Rx,0,8,02,94,00,09,03,F1,9F,03,
12990174,0000042A,false,Rx,0,8,8E,83,0C,02,00,10,00,00,
12991084,00000396,false,Rx,0,8,20,72,D9,0F,08,01,00,02,
12991287,00000397,false,Rx,0,8,73,00,43,10,3F,07,00,00,
12991552,00000398,false,Rx,0,8,00,00,00,00,00,00,00,00,
12993877,000000C5,false,Rx,1,8,00,00,00,00,00,00,00,00,
12994152,00000244,false,Rx,1,8,FF,FF,FF,FF,FF,FF,FF,FF,
12994417,000003E4,false,Rx,1,8,FE,00,00,00,00,00,00,00,
12994643,000004B4,false,Rx,1,8,00,00,05,40,10,70,04,00,
12994712,000004B5,false,Rx,1,8,08,00,F0,07,00,00,00,00,
12994971,000004B7,false,Rx,1,8,08,00,F0,07,00,00,00,00,
12995451,000004CA,false,Rx,1,8,00,00,00,00,00,00,00,00,
12995730,000004CC,false,Rx,1,8,08,00,00,06,00,00,03,00,
12996281,000004CE,false,Rx,1,8,DE,01,00,00,00,00,F8,FF,
12996615,000004D7,false,Rx,1,8,23,01,00,00,00,00,00,00,
12996673,000004D8,false,Rx,1,8,41,10,F0,F0,40,F2,1E,CC,
12996721,000004DD,false,Rx,1,8,00,00,FE,00,04,00,00,00,
12996791,000004DF,false,Rx,1,8,00,00,08,00,00,00,00,00,
12996841,000004E7,false,Rx,1,8,00,30,00,00,00,00,69,00,
12997067,000004E8,false,Rx,1,8,FF,FF,FF,05,FF,FF,FF,00,
12997331,000004E9,false,Rx,1,8,12,00,00,34,00,00,50,00,
12997881,00000146,false,Rx,0,8,00,4C,8E,10,04,05,00,00,
12998383,000004EA,false,Rx,1,8,67,00,00,89,00,00,00,00,
12998926,00000061,false,Rx,0,8,BB,15,98,00,00,00,00,00,
12999296,000004EB,false,Rx,1,8,02,80,16,16,80,00,00,00,
12999377,000004EC,false,Rx,1,8,00,00,00,00,00,00,00,00,
12999680,00000147,false,Rx,0,8,01,04,7D,00,40,46,07,00,
13000158,00000062,false,Rx,0,8,02,02,00,02,40,FF,00,FF,
13000889,00000148,false,Rx,0,8,00,00,42,00,1E,89,40,05,
13001358,000004ED,false,Rx,1,8,00,00,00,00,00,FF,FF,1F,
13001706,00000063,false,Rx,0,8,00,00,05,00,00,08,FD,00,
13001813,000004EE,false,Rx,1,8,FF,FF,00,00,00,00,00,00,
13001898,00000149,false,Rx,0,8,00,38,00,CC,00,00,00,00,
13002290,000004EF,false,Rx,1,8,60,00,60,00,2B,14,00,00,
13002616,00000064,false,Rx,0,8,00,00,00,04,FF,FA,00,00,
13002723,0000063D,false,Rx,1,8,00,80,00,00,00,00,00,00,
13002783,000000A1,false,Rx,0,8,21,41,98,57,61,02,8A,00,
13003084,0000063E,false,Rx,1,8,FF,FF,FF,FF,FF,FF,FF,FF,
13003194,000000A2,false,Rx,0,8,00,00,00,00,00,00,00,00,
13003290,0000063F,false,Rx,1,8,00,10,00,C4,FF,00,00,00,
13003476,000000A3,false,Rx,0,8,00,40,01,00,00,00,00,00,
13003574,00000640,false,Rx,1,8,FF,FF,FF,00,FF,FF,FF,00,
13003630,00000641,false,Rx,1,8,FF,FF,FF,FF,0F,FF,FF,FF,
13003901,00000646,false,Rx,1,8,00,00,00,80,01,00,00,00,
13004007,0000036F,false,Rx,0,8,5F,81,01,00,00,00,00,00,
13004081,0000037F,false,Rx,0,8,5D,E0,52,24,41,02,00,00,
13006427,000001B1,false,Rx,0,8,60,FD,8E,00,72,00,00,00,
13006540,000001AB,false,Rx,0,8,C9,21,1D,50,70,58,00,00,
13006923,000001AC,false,Rx,0,8,00,28,00,00,00,00,00,00,
13007262,000001B2,false,Rx,0,8,23,00,04,B7,0F,09,50,10,
13007378,000001B3,false,Rx,0,8,10,33,37,00,5A,7B,6A,7D,
13007974,000001B4,false,Rx,0,8,65,7D,10,00,00,41,00,00,
13009435,00000121,false,Rx,0,8,89,D4,FE,00,00,00,00,05,
13009870,00000122,false,Rx,0,8,FF,D9,67,1F,46,47,46,45,
13010007,00000123,false,Rx,0,8,B6,02,00,00,00,00,01,00,
13010328,00000124,false,Rx,0,8,00,00,0A,00,00,00,20,40,
13012282,000003B0,false,Rx,0,8,72,37,FF,C7,00,00,03,C0,
13017045,0000010B,false,Rx,0,8,28,1A,08,00,00,00,00,05,
13017297,0000010C,false,Rx,0,8,FF,F9,E7,1F,46,4F,48,48,
13017371,0000010D,false,Rx,0,8,B5,02,00,00,00,00,01,00,
13017427,0000010E,false,Rx,0,8,00,00,1E,00,00,C0,AB,57,
13020263,000003B2,false,Rx,0,8,36,15,FF,02,29,2F,34,00,
13020949,00000485,false,Rx,0,8,00,40,11,02,00,00,00,00,
13021667,00000161,false,Rx,0,8,36,B5,61,03,00,00,00,02,
13021789,0000011B,false,Rx,0,8,0D,73,C2,05,80,08,28,02,
13022141,00000162,false,Rx,0,8,FF,FC,01,00,00,00,00,00,
13022223,0000011C,false,Rx,0,8,00,05,20,00,22,00,01,01,
13022562,0000012B,false,Rx,0,8,EB,23,C2,06,00,00,08,00,
13022677,0000012C,false,Rx,0,8,00,00,01,00,00,64,00,00,
13023032,00000405,false,Rx,0,8,D2,10,00,00,00,01,00,00,
13023631,00000410,false,Rx,0,8,6A,60,57,3C,DE,6A,FF,FF,
13023950,00000411,false,Rx,0,8,04,D1,50,51,00,00,44,04,
13024051,00000412,false,Rx,0,8,CC,E0,00,00,00,00,00,00,
13024362,00000413,false,Rx,0,8,08,60,00,00,00,00,00,00,
13024506,00000414,false,Rx,0,8,41,70,00,00,28,00,00,00,
13024554,00000416,false,Rx,0,8,55,00,00,00,00,00,00,00,
13024953,00000417,false,Rx,0,8,20,E0,00,00,00,00,00,00,
13025325,00000418,false,Rx,0,8,07,C0,00,00,14,0C,00,00,
13025652,00000419,false,Rx,0,8,A4,D0,26,D5,2D,87,90,00,
13027459,000001E6,false,Rx,0,8,14,A7,67,02,00,00,00,00,
13027546,000001E7,false,Rx,0,8,00,00,22,03,20,01,00,00,
13027919,000001BB,false,Rx,0,8,2E,83,67,02,00,00,00,0A,
13028004,000001BC,false,Rx,0,8,32,00,00,00,02,00,00,00,
13028441,000001BD,false,Rx,0,8,00,00,00,00,00,00,00,00,
13028814,00000036,false,Rx,0,8,2B,DE,1D,51,00,00,25,05,
13029119,00000037,false,Rx,0,8,30,00,00,10,00,40,00,00,
13029381,00000038,false,Rx,0,8,04,00,00,00,60,39,96,D4,
13029718,00000039,false,Rx,0,8,00,00,00,00,00,00,00,00,
13029988,00000380,false,Rx,0,8,96,92,03,08,08,08,08,01,
13030462,0000019B,false,Rx,0,8,AB,B0,13,00,00,E4,00,00,
13030720,0000019C,false,Rx,0,8,40,20,00,00,00,00,0B,09,
13031040,00000565,false,Rx,0,8,66,02,00,00,00,00,FF,FF,
13031159,0000019D,false,Rx,0,8,00,10,00,01,00,00,00,00,
13031507,00000427,false,Rx,0,8,1D,86,FF,00,80,0A,00,00,
13031846,0000019E,false,Rx,0,8,15,00,00,00,00,32,00,00,
13032157,000001A1,false,Rx,0,8,72,DE,61,FE,F7,7F,64,00,
13032310,000001A2,false,Rx,0,8,44,00,00,00,27,08,00,00,
13032372,000001A3,false,Rx,0,8,FF,F3,3F,00,00,00,00,00,
13032664,000001A4,false,Rx,0,8,FE,07,00,00,00,00,00,00,
13033119,000003A1,false,Rx,0,8,EE,28,C1,00,FF,FF,FF,FF,
13033729,000003A2,false,Rx,0,8,00,00,00,00,00,00,00,00,
13047827,00000061,false,Rx,0,8,C4,39,9D,00,00,00,00,00,
13047922,00000062,false,Rx,0,8,02,02,00,02,40,FF,00,FF,
13048342,00000063,false,Rx,0,8,00,00,05,00,00,08,FD,00,
13048427,00000064,false,Rx,0,8,00,00,00,04,FF,FA,00,00,
13048862,000000A1,false,Rx,0,8,2E,AA,9D,57,61,02,8A,00,
13049293,000000A2,false,Rx,0,8,00,00,00,00,00,00,00,00,
13049345,00000394,false,Rx,0,8,2A,22,1A,49,00,00,00,00,
13049465,000000A3,false,Rx,0,8,00,40,01,00,00,00,00,00,
13049822,000000FF,false,Rx,0,8,CB,10,00,00,00,00,02,00,
13050716,000003C3,false,Rx,0,8,45,10,31,30,36,00,00,00,
13051180,000003E0,false,Rx,0,8,01,70,01,00,54,03,00,00,
13052016,000003E5,false,Rx,0,8,8E,90,01,00,00,00,00,00,
13052107,000003E6,false,Rx,0,8,7F,00,00,00,00,00,00,00,
13052789,0000041A,false,Rx,0,8,95,40,12,00,00,00,00,00,
13053378,0000041B,false,Rx,0,8,60,30,00,00,00,00,00,00,
13053516,0000041C,false,Rx,0,8,E9,80,E0,00,00,00,00,00,
13053976,00000422,false,Rx,0,8,EA,C0,01,00,00,00,04,00,
13054047,00000432,false,Rx,0,8,03,20,02,00,00,00,00,00,
13054412,00000435,false,Rx,0,8,9F,D0,00,40,00,00,00,00,
13054789,00000442,false,Rx,0,8,CE,20,11,81,00,00,00,00,
13055058,00000444,false,Rx,0,8,6C,30,20,50,55,50,00,00,
13055115,00000445,false,Rx,0,8,67,40,00,00,00,00,00,18,
13056038,00000464,false,Rx,0,8,B2,70,F0,FF,38,7F,05,00,
13060137,00000121,false,Rx,0,8,85,EC,03,00,00,00,00,05,
13060306,00000122,false,Rx,0,8,FF,D9,67,1F,46,48,46,45,
13060636,00000123,false,Rx,0,8,B6,02,00,00,00,00,01,00,
13060714,00000124,false,Rx,0,8,00,00,0A,00,00,00,20,40,
13066858,0000010B,false,Rx,0,8,57,36,0D,00,00,00,00,05,
13066959,0000010C,false,Rx,0,8,FF,F9,E7,1F,46,4F,48,48,
13067376,0000010D,false,Rx,0,8,B5,02,00,00,00,00,01,00,
13067703,0000010E,false,Rx,0,8,00,00,1E,00,00,C0,AB,57,
13071918,0000011B,false,Rx,0,8,FB,5B,C7,05,80,08,28,02,
13072010,0000012B,false,Rx,0,8,1D,0B,C7,06,00,00,08,00,
13072462,0000011C,false,Rx,0,8,00,05,20,00,22,00,01,01,
13072779,0000012C,false,Rx,0,8,00,00,01,00,00,64,00,00,
13073056,000001E1,false,Rx,0,8,BD,1F,5B,02,00,00,00,00,
13073168,000001E2,false,Rx,0,8,00,00,00,00,00,00,00,00,
13073448,00000091,false,Rx,0,8,E6,C7,B7,26,06,00,00,00,
13073555,00000092,false,Rx,0,8,25,00,00,00,50,02,00,00,
13074226,00000093,false,Rx,0,8,00,00,00,00,00,00,00,00,
13074799,00000094,false,Rx,0,8,00,00,00,00,00,00,00,00,
13074996,00000401,false,Rx,0,8,C6,10,10,00,00,04,00,00,
13075354,000004F0,false,Rx,1,8,4A,10,16,17,5C,1A,0B,02,
13078835,00000036,false,Rx,0,8,C4,F7,22,51,00,00,25,05,
13078923,00000037,false,Rx,0,8,30,00,00,10,00,40,00,00,
13079362,00000038,false,Rx,0,8,04,00,00,00,60,39,96,D4,
13079452,000003AA,false,Rx,0,8,FF,00,D0,00,54,00,00,00,
13079788,00000039,false,Rx,0,8,00,00,00,00,00,00,00,00,
13080789,000003B6,false,Rx,0,8,4A,B7,D9,00,00,00,00,46,
13080949,0000019B,false,Rx,0,8,13,B1,18,00,00,E4,00,00,
13081278,000003B7,false,Rx,0,8,46,00,00,00,00,00,00,00,
13081363,0000019C,false,Rx,0,8,40,20,00,00,00,00,0B,09,
13081418,000003B8,false,Rx,0,8,B2,02,00,00,00,00,69,0E,
13081801,0000019D,false,Rx,0,8,00,10,00,01,00,00,00,00,
13082068,000002D6,false,Rx,0,8,FB,DE,D9,00,00,00,00,00,
13082166,0000019E,false,Rx,0,8,15,00,00,00,00,32,00,00,
13082378,000002D7,false,Rx,0,8,00,00,00,00,03,00,00,00,
13082536,000002EB,false,Rx,0,8,65,57,D9,07,08,01,00,02,
13082734,000002D8,false,Rx,0,8,00,00,00,00,00,00,38,47,
13083068,000002EC,false,Rx,0,8,02,00,CF,00,59,00,00,00,
13083394,000002D9,false,Rx,0,8,00,00,00,00,00,00,00,00,
13083500,000002ED,false,Rx,0,8,00,00,00,00,00,00,00,00,
13084070,000003B9,false,Rx,0,8,00,00,00,00,00,00,00,00,
13084417,000002EE,false,Rx,0,8,00,00,00,00,00,00,00,00,
13084658,00000495,false,Rx,0,8,49,00,00,00,00,00,00,00,
13086133,00000487,false,Rx,1,8,00,00,00,00,00,00,00,00,
13086825,00000642,false,Rx,1,8,FF,FF,FF,FF,FF,FF,00,00,
13087708,000002FF,false,Rx,0,8,D4,CB,00,71,02,00,00,00,
13087840,00000316,false,Rx,0,8,D3,8B,83,34,06,80,0A,00,
13088208,00000317,false,Rx,0,8,00,00,05,00,00,00,00,00,
13088968,00000472,false,Rx,0,8,5C,EC,00,40,08,41,00,45,
13089085,00000473,false,Rx,0,8,5F,24,00,25,00,00,00,78,
13089476,00000251,false,Rx,0,8,E0,CA,B4,00,00,00,00,00,
13089874,00000252,false,Rx,0,8,00,00,1B,1B,03,00,00,00,
13090234,000002AB,false,Rx,0,8,2F,4B,B7,0C,0C,00,00,00,
13090312,00000253,false,Rx,0,8,00,00,00,58,58,00,80,4D,
13090677,000002AC,false,Rx,0,8,00,FF,FF,00,00,40,00,54,
13090769,000003B1,false,Rx,0,8,C1,DE,00,80,00,00,20,00,
13090892,000002AD,false,Rx,0,8,00,01,00,40,FF,FF,FF,0F,
13091304,000002AE,false,Rx,0,8,01,00,FF,3F,01,01,00,00,
13091478,00000474,false,Rx,0,8,91,72,00,00,00,00,00,08,
13091643,000002B6,false,Rx,0,8,95,6D,B7,01,00,00,00,40,
13091932,000002B7,false,Rx,0,8,9F,00,50,1C,00,04,00,00,
13092174,000002B8,false,Rx,0,8,FF,F8,10,00,00,00,00,00,
13092437,000002B9,false,Rx,0,8,0A,00,00,00,00,00,00,00,
13092677,000002C1,false,Rx,0,8,34,B9,DC,21,00,41,00,D4,
13092940,000002C2,false,Rx,0,8,29,00,00,00,00,00,00,00,
13093193,0000033B,false,Rx,0,8,77,21,B6,00,00,00,00,00,
13093454,000002C3,false,Rx,0,8,00,00,00,00,00,00,00,00,
13093708,0000033C,false,Rx,0,8,00,00,00,00,F0,00,00,00,
13093990,000002C4,false,Rx,0,8,00,00,00,00,00,00,00,00,
13094254,0000033D,false,Rx,0,8,00,00,00,00,00,00,00,00,
13094718,000002E1,false,Rx,0,8,13,26,B7,00,00,00,00,40,
13095286,0000033E,false,Rx,0,8,00,00,00,00,00,00,00,00,
13095627,000002E2,false,Rx,0,8,FD,00,00,00,00,14,00,04,
13096160,00000356,false,Rx,0,8,08,85,DB,00,00,00,00,00,
13096446,000002E3,false,Rx,0,8,00,00,00,00,00,00,72,01,
13096532,00000357,false,Rx,0,8,00,00,00,00,00,4B,4D,48,
13096920,00000643,false,Rx,1,8,00,FC,FF,FF,FF,FF,03,00,
13097540,000002E4,false,Rx,0,8,02,00,00,00,00,00,00,00,
13097825,00000358,false,Rx,0,8,35,41,45,4D,52,37,33,4F,
13097938,00000359,false,Rx,0,8,51,4F,34,52,4A,35,33,00,
13098190,00000146,false,Rx,0,8,C8,4E,93,10,04,05,00,00,
13098261,00000147,false,Rx,0,8,01,04,7D,00,40,46,07,00,
13098578,00000061,false,Rx,0,8,2B,10,A2,00,00,00,00,00,
13098937,00000148,false,Rx,0,8,00,00,42,00,1E,89,40,05,
13099499,00000062,false,Rx,0,8,02,02,00,02,40,FF,00,FF,
13099593,00000149,false,Rx,0,8,00,38,00,CC,00,00,00,00,
13100227,00000063,false,Rx,0,8,00,00,05,00,00,08,FD,00,
13100842,00000064,false,Rx,0,8,00,00,00,04,FF,FA,00,00,
13101165,000000A1,false,Rx,0,8,EB,47,A2,57,61,02,8A,00,
13101445,000000A2,false,Rx,0,8,00,00,00,00,00,00,00,00,
13101539,000000A3,false,Rx,0,8,00,40,01,00,00,00,00,00,
13102847,00000111,false,Rx,0,8,14,B1,09,01,00,00,00,00,
13103185,0000036F,false,Rx,0,8,E6,91,01,00,00,00,00,00,
13103514,00000112,false,Rx,0,8,00,00,00,00,00,00,00,00,
13103851,0000037F,false,Rx,0,8,4D,00,52,24,41,02,00,00,
13104152,00000113,false,Rx,0,8,00,00,00,00,00,00,00,00,
13104248,00000114,false,Rx,0,8,00,00,00,00,00,00,00,00,
13106056,000001AB,false,Rx,0,8,CD,3D,22,50,70,58,00,00,
13106146,000001AC,false,Rx,0,8,00,28,00,00,00,00,00,00,
13106565,000001B1,false,Rx,0,8,A8,FF,93,00,72,00,00,00,
13106642,000001B2,false,Rx,0,8,23,00,04,B7,0F,09,50,10,
13107011,000001B3,false,Rx,0,8,10,33,37,00,5A,7B,6A,7D,
13107301,000001B4,false,Rx,0,8,65,7D,10,00,00,41,00,00,
13109507,00000121,false,Rx,0,8,CB,2B,08,00,00,00,00,05,
13109605,00000122,false,Rx,0,8,FF,D9,67,1F,46,47,46,45,
13110096,00000123,false,Rx,0,8,B6,02,00,00,00,00,01,00,
13110384,00000124,false,Rx,0,8,00,00,0A,00,00,00,20,40,
13115674,000004F0,false,Rx,1,8,4A,10,16,17,5C,1A,0B,02,
13116657,0000010B,false,Rx,0,8,13,86,12,00,00,00,00,05,
13116778,0000010C,false,Rx,0,8,FF,F9,E7,1F,46,4F,48,48,
13117118,0000010D,false,Rx,0,8,B5,02,00,00,00,00,01,00,
13117193,0000010E,false,Rx,0,8,00,00,1E,00,00,C0,AB,57,
13121575,00000566,false,Rx,0,8,16,02,00,00,00,00,FF,FF,
13121667,00000161,false,Rx,0,8,A9,DD,66,03,00,00,00,02,
13122118,0000011B,false,Rx,0,8,33,A2,CC,05,80,08,28,02,
13122192,0000012B,false,Rx,0,8,D5,F2,CC,06,00,00,08,00,
13122512,0000011C,false,Rx,0,8,00,05,20,00,22,00,01,01,
13122725,0000012C,false,Rx,0,8,00,00,01,00,00,64,00,00,
13122835,00000162,false,Rx,0,8,FF,FC,01,00,00,00,00,00,
13124489,0000030B,false,Rx,0,8,63,5F,B6,00,04,00,00,00,
13124588,0000030C,false,Rx,0,8,00,00,0E,00,2C,00,A0,0F,
13124986,0000030D,false,Rx,0,8,00,00,00,00,44,00,00,00,
13125061,0000030E,false,Rx,0,8,00,00,18,05,21,00,00,1A,
13126230,000004A3,false,Rx,1,8,80,00,48,0B,3E,00,00,00,
13126358,000004A4,false,Rx,1,8,FF,FF,FF,00,00,00,00,00,
13128144,00000419,false,Rx,0,8,85,E0,26,D5,31,87,90,00,
13128909,00000036,false,Rx,0,8,BB,DB,27,51,00,00,25,05,
13129021,00000037,false,Rx,0,8,30,00,00,10,00,40,00,00,
13129384,00000038,false,Rx,0,8,04,00,00,00,60,39,96,D4,
13129498,00000039,false,Rx,0,8,00,00,00,00,00,00,00,00,
13130711,0000019B,false,Rx,0,8,6C,9D,1D,00,00,E4,00,00,
13130831,0000019C,false,Rx,0,8,40,20,00,00,00,00,0B,09,
13130883,0000019D,false,Rx,0,8,00,10,00,01,00,00,00,00,
13131276,00000475,false,Rx,0,8,12,00,00,00,00,00,00,00,
13131601,0000019E,false,Rx,0,8,15,00,00,00,00,32,00,00,
13131924,00000496,false,Rx,0,8,12,00,00,00,00,00,00,00,
13132035,000001A1,false,Rx,0,8,81,40,66,FE,F7,7F,64,00,
13132092,000001A2,false,Rx,0,8,44,00,00,00,27,08,00,00,
13132294,000001A3,false,Rx,0,8,FF,F3,3F,00,00,00,00,00,
13132606,000001A4,false,Rx,0,8,FE,07,00,00,00,00,00,00,
13132974,000001F1,false,Rx,0,8,39,32,21,01,00,00,28,00,
13133214,00000383,false,Rx,0,8,5A,53,00,10,01,00,00,00,
13133322,000001F2,false,Rx,0,8,00,00,00,00,00,00,00,00,
13141013,00000448,false,Rx,0,8,DE,80,00,00,00,00,00,00,
13142400,000001FB,false,Rx,0,8,6A,D1,AE,00,00,00,00,00,
13142532,000001FC,false,Rx,0,8,00,00,00,00,00,00,00,00,
13142869,000001FD,false,Rx,0,8,00,1A,03,00,00,00,00,00,
13142985,000001FE,false,Rx,0,8,00,00,00,00,00,00,00,00,
13147844,00000061,false,Rx,0,8,54,3C,A7,00,00,00,00,00,
13147945,00000062,false,Rx,0,8,02,02,00,02,40,FF,00,FF,
13148356,00000063,false,Rx,0,8,00,00,05,00,00,08,FD,00,
13148439,00000064,false,Rx,0,8,00,00,00,04,FF,FA,00,00,
13148816,000000A1,false,Rx,0,8,E4,AC,A7,57,61,02,8A,00,
13149025,000000A2,false,Rx,0,8,00,00,00,00,00,00,00,00,
13149182,00000382,false,Rx,0,8,2B,FE,21,00,00,05,09,00,
13149522,000000A3,false,Rx,0,8,00,40,01,00,00,00,00,00,
13155667,000004F0,false,Rx,1,8,4A,10,16,17,5C,1A,0B,02,
13156595,000002BF,false,Rx,0,8,FF,FF,FF,00,00,00,00,00,
13156714,0000047F,false,Rx,0,8,F0,FC,FF,FF,FF,FF,FF,FF,
13156961,00000653,false,Rx,0,8,0A,19,03,01,02,2A,00,00,
13157511,00000236,false,Rx,0,8,8A,0E,B5,00,34,6C,AE,62,
13157873,00000237,false,Rx,0,8,00,15,47,00,00,1E,1B,00,
13157952,00000238,false,Rx,0,8,00,00,72,00,00,00,00,00,
13158410,00000239,false,Rx,0,8,00,00,00,00,01,00,00,00,
13158962,00000151,false,Rx,0,8,CC,F9,B5,64,C8,00,28,18,
13159085,00000152,false,Rx,0,8,14,17,17,00,51,00,00,00,
13159309,00000153,false,Rx,0,8,00,00,00,00,00,00,00,00,
13159371,00000154,false,Rx,0,8,00,00,00,00,00,00,00,00,
13159746,00000121,false,Rx,0,8,B4,07,0D,00,00,00,00,05,
13160061,000001F6,false,Rx,0,8,87,25,B5,00,00,00,00,0E,
13160344,00000122,false,Rx,0,8,FF,D9,67,1F,46,47,46,45,
13160453,000001F7,false,Rx,0,8,26,00,DA,02,00,00,00,00,
13160752,00000123,false,Rx,0,8,B6,02,00,00,00,00,01,00,
13161021,000001F8,false,Rx,0,8,00,5E,01,45,01,00,00,00,
13161309,00000124,false,Rx,0,8,00,00,0A,00,00,00,20,40,
13161418,000001F9,false,Rx,0,8,4B,00,64,C8,14,00,4B,00,
13161753,000002FB,false,Rx,0,8,80,2F,B5,04,72,1A,B4,B4,
13162094,0000025B,false,Rx,0,8,F3,6F,B5,40,40,20,00,00,
13162385,000002FC,false,Rx,0,8,0F,00,14,18,00,00,8E,43,
13162666,0000025C,false,Rx,0,8,00,00,26,00,B4,2C,19,00,
13162784,000002FD,false,Rx,0,8,00,00,00,00,00,1C,13,EA,
13163333,0000025D,false,Rx,0,8,00,C8,00,00,00,80,C0,70,
13163702,000002FE,false,Rx,0,8,00,00,72,01,00,28,C8,02,
13164063,0000025E,false,Rx,0,8,62,07,0E,09,00,00,46,00,
13164381,00000326,false,Rx,0,8,FE,52,B5,00,00,00,00,00,
13164680,00000327,false,Rx,0,8,00,00,00,00,05,00,00,00,
13164788,00000328,false,Rx,0,8,DA,02,4B,00,00,5E,01,00,
13165025,00000329,false,Rx,0,8,64,45,01,00,00,00,00,00,
13165112,00000331,false,Rx,0,8,DD,F7,B5,F1,C8,A0,2C,97,
13165394,00000332,false,Rx,0,8,E8,08,FC,03,00,00,00,00,
13165693,00000333,false,Rx,0,8,00,00,00,1C,0C,40,20,64,
13166070,00000334,false,Rx,0,8,C8,00,00,00,08,44,F4,8F,
13167014,0000010B,false,Rx,0,8,6C,AA,17,00,00,00,00,05,
13167113,0000010C,false,Rx,0,8,FF,F9,E7,1F,46,4F,48,48,
13167377,0000010D,false,Rx,0,8,B5,02,00,00,00,00,01,00,
13167557,0000010E,false,Rx,0,8,00,00,1E,00,00,C0,AB,57,
13168085,00000419,false,Rx,0,8,85,E0,26,D5,31,87,90,00,
13171930,0000011B,false,Rx,0,8,4A,B8,D1,05,80,08,28,02,
13172373,0000012B,false,Rx,0,8,AC,E8,D1,06,00,00,08,00,
13172498,0000011C,false,Rx,0,8,00,05,20,00,22,00,01,01,
13172570,0000012C,false,Rx,0,8,00,00,01,00,00,64,00,00,
13173322,00000091,false,Rx,0,8,0E,80,B8,26,06,00,00,00,
13173768,00000092,false,Rx,0,8,26,00,00,00,60,02,00,00,
13174086,00000093,false,Rx,0,8,00,00,00,00,00,00,00,00,
13174146,00000094,false,Rx,0,8,00,00,00,00,00,00,00,00,
13177163,000001E6,false,Rx,0,8,67,9E,6A,02,00,00,00,00,
13177257,000001E7,false,Rx,0,8,00,00,22,03,20,01,00,00,
13177687,000001BB,false,Rx,0,8,18,C0,6A,02,00,00,00,0A,
13177784,000001BC,false,Rx,0,8,32,00,00,00,02,00,00,00,
13178180,000001BD,false,Rx,0,8,00,00,00,00,00,00,00,00,
13178877,00000036,false,Rx,0,8,03,DA,2C,51,00,00,25,05,
13179086,00000037,false,Rx,0,8,30,00,00,10,00,40,00,00,
13179230,00000038,false,Rx,0,8,04,00,00,00,60,39,96,D4,
13179656,00000039,false,Rx,0,8,00,00,00,00,00,00,00,00,
13180014,00000256,false,Rx,0,8,F8,FB,B4,15,40,00,F0,00,
13180581,000002E6,false,Rx,0,8,3F,CD,B4,01,00,00,00,15,
13180700,00000257,false,Rx,0,8,00,94,41,19,85,07,00,94,
13181008,000002E7,false,Rx,0,8,0A,00,00,00,00,00,00,00,
13181140,0000019B,false,Rx,0,8,83,B4,22,00,00,E4,00,00,
13181183,00000258,false,Rx,0,8,36,EE,1A,00,10,15,00,28,
13181231,0000019C,false,Rx,0,8,40,20,00,00,00,00,0B,09,
13181683,00000259,false,Rx,0,8,60,05,8D,3C,4C,02,00,00,
13182025,0000019D,false,Rx,0,8,00,10,00,01,00,00,00,00,
13182194,000002E8,false,Rx,0,8,00,00,00,00,00,00,00,00,
13182248,0000019E,false,Rx,0,8,15,00,00,00,00,32,00,00,
13182386,000002E9,false,Rx,0,8,00,00,00,00,00,00,00,00,
13182721,00000384,false,Rx,0,8,BA,56,0D,01,00,FF,00,24,
13187381,00000226,false,Rx,0,8,77,62,07,FF,63,60,09,42,
13187493,00000227,false,Rx,0,8,02,94,00,09,03,F1,9F,03,
13190172,0000042A,false,Rx,0,8,8E,83,0C,02,00,10,00,00,
13191279,00000396,false,Rx,0,8,ED,A4,DA,0F,08,05,00,02,
13191394,00000397,false,Rx,0,8,99,00,43,10,3F,07,00,00,
13191777,00000398,false,Rx,0,8,00,00,00,00,00,00,00,00,
13197273,000000C5,false,Rx,1,8,00,00,00,00,00,00,00,00,
13197492,00000244,false,Rx,1,8,FF,FF,FF,FF,FF,FF,FF,FF,
13197822,00000146,false,Rx,0,8,70,4F,98,10,04,05,00,00,
13198105,000004B4,false,Rx,1,8,00,00,05,40,10,70,04,00,
13198358,000004B5,false,Rx,1,8,08,00,F0,07,00,00,00,00,
13198837,00000147,false,Rx,0,8,01,04,7D,00,40,46,07,00,
13198948,000004B7,false,Rx,1,8,08,00,F0,07,00,00,00,00,
13198999,00000061,false,Rx,0,8,EC,3D,AC,00,00,00,00,00,
13199112,000004CA,false,Rx,1,8,00,00,00,00,00,00,00,00,
13199173,00000148,false,Rx,0,8,00,00,42,00,1E,89,40,05,
13199221,00000062,false,Rx,0,8,02,02,00,02,40,FF,00,FF,
13199838,000004CC,false,Rx,1,8,08,00,00,06,00,00,03,00,
13200583,00000149,false,Rx,0,8,00,38,00,CC,00,00,00,00,
13201201,00000063,false,Rx,0,8,00,00,05,00,00,08,FD,00,
13201572,000004CE,false,Rx,1,8,DE,01,00,00,00,00,F8,FF,
13201662,000004D7,false,Rx,1,8,23,01,00,00,00,00,00,00,
13202071,00000064,false,Rx,0,8,00,00,00,04,FF,FA,00,00,
13202610,000004D8,false,Rx,1,8,41,10,F0,F0,40,F2,1E,CC,
13203169,000000A1,false,Rx,0,8,D8,5D,AC,57,61,02,8A,00,
13203283,000004DD,false,Rx,1,8,00,00,FE,00,04,00,00,00,
13203559,000000A2,false,Rx,0,8,00,00,00,00,00,00,00,00,
13204006,000004DF,false,Rx,1,8,00,00,08,00,00,00,00,00,
13204790,000000A3,false,Rx,0,8,00,40,01,00,00,00,00,00,
13205230,000004E7,false,Rx,1,8,00,30,00,00,00,00,69,00,
13205504,000004E8,false,Rx,1,8,FF,FF,FF,05,FF,FF,FF,00,
13205584,000004E9,false,Rx,1,8,12,00,00,34,00,00,50,00,
13205653,000004EA,false,Rx,1,8,67,00,00,89,00,00,00,00,
13206234,0000036F,false,Rx,0,8,30,A1,01,00,00,00,00,00,
13206582,000004EB,false,Rx,1,8,02,80,16,17,80,00,00,00,
13206676,000004EC,false,Rx,1,8,00,00,00,00,00,00,00,00,
13206847,0000037F,false,Rx,0,8,F4,10,52,24,41,02,00,00,
13206923,000004ED,false,Rx,1,8,00,00,00,00,00,FF,FF,1F,
13206980,000004EE,false,Rx,1,8,FF,FF,00,00,00,00,00,00,
13207047,000004EF,false,Rx,1,8,60,00,60,00,2B,14,00,00,
13207307,0000063D,false,Rx,1,8,00,80,00,00,00,00,00,00,
13207372,0000063E,false,Rx,1,8,FF,FF,FF,FF,FF,FF,FF,FF,
13207445,0000063F,false,Rx,1,8,00,10,00,C4,FF,00,00,00,
13207511,00000640,false,Rx,1,8,FF,FF,FF,00,FF,FF,FF,00,
13207641,000001AB,false,Rx,0,8,3B,15,27,50,70,58,00,00,
13207727,00000641,false,Rx,1,8,FF,FF,FF,FF,0F,FF,FF,FF,
13207790,00000646,false,Rx,1,8,00,00,00,80,01,00,00,00,
13207848,000001AC,false,Rx,0,8,00,28,00,00,00,00,00,00,
13208169,000001B1,false,Rx,0,8,10,FE,98,00,72,00,00,00,
13208301,000001B2,false,Rx,0,8,23,00,04,B7,0F,09,50,10,
13208693,000001B3,false,Rx,0,8,10,33,37,00,5A,7B,6A,7D,
13209021,000001B4,false,Rx,0,8,65,7D,10,00,00,41,00,00,
13209310,00000419,false,Rx,0,8,85,E0,26,D5,31,87,90,00,
13209989,00000121,false,Rx,0,8,F0,B7,12,00,00,00,00,05,
13210382,00000122,false,Rx,0,8,FF,D9,67,1F,46,47,46,45,
13210488,00000123,false,Rx,0,8,B6,02,00,00,00,00,01,00,
13211144,00000124,false,Rx,0,8,00,00,0A,00,00,00,20,40,
13212248,000003B0,false,Rx,0,8,72,37,FF,C7,00,00,03,C0,
13216657,0000010B,false,Rx,0,8,EF,E3,1C,00,00,00,00,05,
13216750,0000010C,false,Rx,0,8,FF,F9,E7,1F,46,50,48,48,
13217167,0000010D,false,Rx,0,8,B5,02,00,00,00,00,01,00,
13217251,0000010E,false,Rx,0,8,00,00,1E,00,00,C0,AB,57,
13217968,00000516,false,Rx,0,8,61,02,00,00,00,00,FF,FF,
13220281,000003B2,false,Rx,0,8,36,15,FF,02,29,2F,34,00,
13221852,00000161,false,Rx,0,8,DA,E4,6B,03,00,00,00,02,
13221935,0000011B,false,Rx,0,8,D5,D0,D6,05,80,08,28,02,
13222332,0000012B,false,Rx,0,8,33,80,D6,06,00,00,08,00,
13222422,0000011C,false,Rx,0,8,00,05,20,00,22,00,01,01,
13222606,0000012C,false,Rx,0,8,00,00,01,00,00,64,00,00,
13222800,000001E1,false,Rx,0,8,4B,37,5E,02,00,00,00,00,
13223197,00000162,false,Rx,0,8,FF,FC,01,00,00,00,00,00,
13223520,000001E2,false,Rx,0,8,00,00,00,00,00,00,00,00,
13223840,00000405,false,Rx,0,8,D2,10,00,00,00,01,00,00,
13224152,00000413,false,Rx,0,8,08,60,00,00,00,00,00,00,
13224324,00000410,false,Rx,0,8,6A,60,57,3C,DE,6A,FF,FF,
13224392,00000414,false,Rx,0,8,41,70,00,00,28,00,00,00,
13224561,00000411,false,Rx,0,8,04,D1,50,51,00,00,44,04,
13224887,00000416,false,Rx,0,8,55,00,00,00,00,00,00,00,
13225149,00000412,false,Rx,0,8,CC,E0,00,00,00,00,00,00,
13225559,00000417,false,Rx,0,8,20,E0,00,00,00,00,00,00,
13226115,00000418,false,Rx,0,8,07,C0,00,00,14,0C,00,00,
13228897,00000036,false,Rx,0,8,CB,D8,31,51,00,00,25,05,
13229010,00000037,false,Rx,0,8,30,00,00,10,00,40,00,00,
13229381,00000038,false,Rx,0,8,04,00,00,00,60,39,96,D4,
13229769,00000039,false,Rx,0,8,00,00,00,00,00,00,00,00,
13230315,00000380,false,Rx,0,8,96,92,03,08,08,08,08,01,
13230661,0000019B,false,Rx,0,8,FC,98,27,00,00,E4,00,00,
13230712,0000019C,false,Rx,0,8,40,20,00,00,00,00,0B,09,
13231097,0000019D,false,Rx,0,8,00,10,00,01,00,00,00,00,
13231412,00000427,false,Rx,0,8,1D,86,FF,00,80,0A,00,00,
13231689,0000019E,false,Rx,0,8,15,00,00,00,00,32,00,00,
13231764,000001A1,false,Rx,0,8,8C,86,6B,FE,F7,7F,64,00,
13232046,000001A2,false,Rx,0,8,44,00,00,00,27,08,00,00,
13232445,000001A3,false,Rx,0,8,FF,F3,3F,00,00,00,00,00,
13232762,000001A4,false,Rx,0,8,FE,07,00,00,00,00,00,00,
13233062,000003A1,false,Rx,0,8,A3,C0,C2,00,FF,FF,FF,FF,
13233360,000003A2,false,Rx,0,8,00,00,00,00,00,00,00,00,
13233482,00000419,false,Rx,0,8,85,E0,26,D5,31,87,90,00,
13247729,000000FF,false,Rx,0,8,CB,10,00,00,00,00,02,00,
13247814,00000061,false,Rx,0,8,24,3F,B1,00,00,00,00,00,
13248247,00000062,false,Rx,0,8,02,02,00,02,40,FF,00,FF,
13248636,00000063,false,Rx,0,8,00,00,05,00,00,08,FD,00,
13248759,00000064,false,Rx,0,8,00,00,00,04,FF,FA,00,00,
13249364,00000394,false,Rx,0,8,2A,22,1A,49,00,00,00,00,
13249769,000000A1,false,Rx,0,8,BD,5E,B1,57,61,02,8A,00,
13249867,000003C3,false,Rx,0,8,45,10,31,30,36,00,00,00,
13250222,000000A2,false,Rx,0,8,00,00,00,00,00,00,00,00,
13250278,000003E0,false,Rx,0,8,01,70,01,00,54,03,00,00,
13250587,000000A3,false,Rx,0,8,00,40,01,00,00,00,00,00,
13252012,000003E5,false,Rx,0,8,8E,90,01,00,00,00,00,00,
13252121,000003E6,false,Rx,0,8,7F,00,00,00,00,00,00,00,
13252178,0000041A,false,Rx,0,8,95,40,12,00,00,00,00,00,
13252963,0000041B,false,Rx,0,8,60,30,00,00,00,00,00,00,
13253338,0000041C,false,Rx,0,8,E9,80,E0,00,00,00,00,00,
13253730,00000422,false,Rx,0,8,EA,C0,01,00,00,00,04,00,
13254174,00000432,false,Rx,0,8,03,20,02,00,00,00,00,00,
13254264,00000435,false,Rx,0,8,9F,D0,00,40,00,00,00,00,
13254688,00000442,false,Rx,0,8,CE,20,11,81,00,00,00,00,
13255031,00000444,false,Rx,0,8,6C,30,20,50,55,50,00,00,
13255606,00000445,false,Rx,0,8,67,40,00,00,00,00,00,18,
13255707,00000464,false,Rx,0,8,B2,70,F0,FF,38,7F,05,00,
13259560,00000121,false,Rx,0,8,8F,9B,17,00,00,00,00,05,
13259653,00000122,false,Rx,0,8,FF,D9,67,1F,46,47,46,45,
13260107,00000123,false,Rx,0,8,B6,02,00,00,00,00,01,00,
13260175,00000124,false,Rx,0,8,00,00,0A,00,00,00,20,40,
13264696,00000415,false,Rx,0,8,40,13,10,00,08,01,00,00,
13266756,0000010B,false,Rx,0,8,B7,30,21,00,00,00,00,05,
13266857,0000010C,false,Rx,0,8,FF,F9,E7,1F,46,4F,48,48,
13267256,0000010D,false,Rx,0,8,B5,02,00,00,00,00,01,00,
13267526,0000010E,false,Rx,0,8,00,00,1E,00,00,C0,AB,57,
13271935,0000011B,false,Rx,0,8,A6,E9,DB,05,80,08,28,02,
13272027,0000012B,false,Rx,0,8,40,B9,DB,06,00,00,08,00,
13272480,0000011C,false,Rx,0,8,00,05,20,00,22,00,01,01,
13272783,0000012C,false,Rx,0,8,00,00,01,00,00,64,00,00,
13273255,00000091,false,Rx,0,8,6F,C8,B9,26,06,00,00,00,
13273573,00000092,false,Rx,0,8,27,00,00,00,70,02,00,00,
13273650,00000093,false,Rx,0,8,00,00,00,00,00,00,00,00,
13274117,00000094,false,Rx,0,8,00,00,00,00,00,00,00,00,
13275085,00000401,false,Rx,0,8,C6,10,10,00,00,04,00,00,
13278820,00000036,false,Rx,0,8,38,46,36,51,00,00,25,05,
13278921,00000037,false,Rx,0,8,30,00,00,10,00,40,00,00,
13279338,00000038,false,Rx,0,8,04,00,00,00,60,39,96,D4,
13279691,00000039,false,Rx,0,8,00,00,00,00,00,00,00,00,
13279801,000003AA,false,Rx,0,8,FF,00,D0,00,54,00,00,00,
13280384,000003B6,false,Rx,0,8,80,5C,DA,00,00,00,00,46,
13280464,0000019B,false,Rx,0,8,44,99,2C,00,00,E4,00,00,
13280647,000003B7,false,Rx,0,8,46,00,00,00,00,00,00,00,
13280880,0000019C,false,Rx,0,8,40,20,00,00,00,00,0B,09,
13281129,000003B8,false,Rx,0,8,B2,02,00,00,00,00,69,0E,
13281371,0000019D,false,Rx,0,8,00,10,00,01,00,00,00,00,
13281627,000002D6,false,Rx,0,8,31,35,DA,00,00,00,00,00,
13282081,0000019E,false,Rx,0,8,15,00,00,00,00,32,00,00,
13282149,000002D7,false,Rx,0,8,00,00,00,00,03,00,00,00,
13282579,000002EB,false,Rx,0,8,52,E6,DA,07,08,01,00,02,
13282910,000001F1,false,Rx,0,8,CF,1A,24,01,00,00,28,00,
13283217,000002D8,false,Rx,0,8,00,00,00,00,00,00,38,47,
13283274,000001F2,false,Rx,0,8,00,00,00,00,00,00,00,00,
13283589,000002D9,false,Rx,0,8,00,00,00,00,00,00,00,00,
13283875,000002EC,false,Rx,0,8,17,00,CF,00,59,00,00,00,
13284049,000003B9,false,Rx,0,8,00,00,00,00,00,00,00,00,
13284104,000002ED,false,Rx,0,8,00,00,00,00,00,00,00,00,
13284573,00000495,false,Rx,0,8,49,00,00,00,00,00,00,00,
13284861,000002EE,false,Rx,0,8,00,00,00,00,00,00,00,00,
13287761,000002FF,false,Rx,0,8,D4,CB,00,71,02,00,00,00,
13287873,00000316,false,Rx,0,8,4C,E3,84,34,06,80,0A,00,
13287921,00000317,false,Rx,0,8,00,00,05,00,00,00,00,00,
13289109,00000487,false,Rx,1,8,00,00,00,00,00,00,00,00,
13289497,00000472,false,Rx,0,8,5C,EC,00,40,08,41,00,45,
13289619,000004E8,false,Rx,1,8,FF,FF,FF,05,FF,FF,FF,00,
13289758,00000642,false,Rx,1,8,FF,FF,FF,FF,FF,FF,00,00,
13289824,00000251,false,Rx,0,8,E6,A4,B6,00,00,00,00,00,
13289984,00000252,false,Rx,0,8,00,00,1B,1B,03,00,00,00,
13290048,000002AB,false,Rx,0,8,E8,66,B9,0C,0C,00,00,00,
13290232,00000253,false,Rx,0,8,00,00,00,58,58,00,80,4D,
13290478,000002AC,false,Rx,0,8,00,FF,FF,00,00,40,00,54,
13290698,000003B1,false,Rx,0,8,C1,DE,00,80,00,00,20,00,
13290961,000002AD,false,Rx,0,8,00,01,00,40,FF,FF,FF,0F,
13291181,00000473,false,Rx,0,8,5F,24,00,25,00,00,00,78,
13291433,000002AE,false,Rx,0,8,01,00,FF,3F,01,01,00,00,
13291670,00000474,false,Rx,0,8,91,72,00,00,00,00,00,08,
13292075,000002B6,false,Rx,0,8,52,40,B9,01,00,00,00,40,
13292540,000002B7,false,Rx,0,8,9F,00,50,1C,00,04,00,00,
13293220,000002B8,false,Rx,0,8,FF,F8,10,00,00,00,00,00,
13293561,000002B9,false,Rx,0,8,0A,00,00,00,00,00,00,00,
13294172,0000033B,false,Rx,0,8,B0,0C,B8,00,00,00,00,00,
13294526,000002C1,false,Rx,0,8,F0,04,DD,21,00,41,00,D4,
13294830,0000033C,false,Rx,0,8,00,00,00,00,F0,00,00,00,
13295176,000002C2,false,Rx,0,8,2A,00,00,00,00,00,00,00,
13295269,0000033D,false,Rx,0,8,00,00,00,00,00,00,00,00,
13295584,000002C3,false,Rx,0,8,00,00,00,00,00,00,00,00,
13295665,0000033E,false,Rx,0,8,00,00,00,00,00,00,00,00,
13295712,000002C4,false,Rx,0,8,00,00,00,00,00,00,00,00,
13295755,00000356,false,Rx,0,8,FB,1B,DC,00,00,00,00,00,
13295803,000002E1,false,Rx,0,8,D4,0B,B9,00,00,00,00,40,
13295874,00000357,false,Rx,0,8,00,00,00,00,00,4B,4D,48,
13296264,000002E2,false,Rx,0,8,FD,00,00,00,00,14,00,04,
13296450,00000358,false,Rx,0,8,35,41,45,4D,52,37,33,4F,
13296603,000002E3,false,Rx,0,8,00,00,00,00,00,00,72,01,
13296819,00000359,false,Rx,0,8,51,4F,34,52,4A,35,33,00,
13297072,000002E4,false,Rx,0,8,02,00,00,00,00,00,00,00,
13297305,00000146,false,Rx,0,8,0F,63,9D,10,04,05,00,00,
13297559,00000147,false,Rx,0,8,01,04,7D,00,40,46,07,00,
13297795,00000061,false,Rx,0,8,D7,A1,B6,00,00,00,00,00,
13298045,00000148,false,Rx,0,8,00,00,42,00,1E,89,40,05,
13298278,00000062,false,Rx,0,8,02,02,00,02,40,FF,00,FF,
13298700,00000149,false,Rx,0,8,00,38,00,CC,00,00,00,00,
13298803,00000063,false,Rx,0,8,00,00,05,00,00,08,FD,00,
13299051,00000064,false,Rx,0,8,00,00,00,04,FF,FA,00,00,
13299305,000000A1,false,Rx,0,8,B4,DB,B6,57,61,02,8A,00,
13299890,000000A2,false,Rx,0,8,00,00,00,00,00,00,00,00,
13300228,000000A3,false,Rx,0,8,00,40,01,00,00,00,00,00,
13302995,00000111,false,Rx,0,8,DE,5A,0A,01,00,00,00,00,
13303642,0000036F,false,Rx,0,8,89,B1,01,00,00,00,00,00,
13303966,00000112,false,Rx,0,8,00,00,00,00,00,00,00,00,
13304111,0000037F,false,Rx,0,8,22,20,52,24,41,02,00,00,
13304156,00000113,false,Rx,0,8,00,00,00,00,00,00,00,00,
13304200,00000114,false,Rx,0,8,00,00,00,00,00,00,00,00,
13305957,000001AB,false,Rx,0,8,F3,EC,2C,50,70,58,00,00,
13306063,000001AC,false,Rx,0,8,00,28,00,00,00,00,00,00,
13306131,000001B1,false,Rx,0,8,6F,D2,9D,00,72,00,00,00,
13306491,000001B2,false,Rx,0,8,23,00,04,B7,0F,09,50,10,
13306844,000001B3,false,Rx,0,8,10,33,37,00,5A,7B,6A,7D,
13307453,000001B4,false,Rx,0,8,65,7D,10,00,00,41,00,00,
13309496,00000121,false,Rx,0,8,37,9A,1C,00,00,00,00,05,
13309605,00000122,false,Rx,0,8,FF,D9,67,1F,46,47,46,45,
13309833,00000123,false,Rx,0,8,B6,02,00,00,00,00,01,00,
13309971,00000124,false,Rx,0,8,00,00,0A,00,00,00,20,40,
13315284,00000561,false,Rx,0,8,63,02,00,00,00,00,FF,FF,
13316624,0000010B,false,Rx,0,8,44,AE,26,00,00,00,00,05,
13316776,0000010C,false,Rx,0,8,FF,F9,E7,1F,46,4F,48,48,
13317179,0000010D,false,Rx,0,8,B5,02,00,00,00,00,01,00,
13317516,0000010E,false,Rx,0,8,00,00,1E,00,00,C0,AB,57,
13321698,00000161,false,Rx,0,8,18,3E,70,03,00,00,00,02,
13321791,0000011B,false,Rx,0,8,70,75,E0,05,80,08,28,02,
13322221,00000162,false,Rx,0,8,FF,FC,01,00,00,00,00,00,
13322292,0000011C,false,Rx,0,8,00,05,20,00,22,00,01,01,
13322668,0000012B,false,Rx,0,8,96,25,E0,06,00,00,08,00,
13322846,0000012C,false,Rx,0,8,00,00,01,00,00,64,00,00,
13324496,0000030B,false,Rx,0,8,88,9C,B8,00,04,00,00,00,
13324592,0000030C,false,Rx,0,8,00,00,0E,00,2C,00,A0,0F,
13325014,0000030D,false,Rx,0,8,00,00,00,00,FF,00,00,00,
13325094,0000030E,false,Rx,0,8,00,00,18,05,21,00,00,00,
13327667,000001E6,false,Rx,0,8,F8,F6,6D,02,00,00,00,00,
13327808,000001E7,false,Rx,0,8,00,00,22,03,20,01,00,00,
13328056,000001BB,false,Rx,0,8,11,45,6D,02,00,00,00,0A,
13328111,000001BC,false,Rx,0,8,32,00,00,00,02,00,00,00,
13328160,000001BD,false,Rx,0,8,00,00,00,00,00,00,00,00,
13329360,000004A3,false,Rx,1,8,80,00,48,0B,3E,00,00,00,
13329723,00000036,false,Rx,0,8,35,80,3B,51,00,00,25,05,
13329899,000004A4,false,Rx,1,8,FF,FF,FF,00,00,00,00,00,
13330040,00000037,false,Rx,0,8,30,00,00,10,00,40,00,00,
13330138,000004E8,false,Rx,1,8,FF,FF,FF,05,FF,FF,FF,00,
13330194,00000038,false,Rx,0,8,04,00,00,00,60,39,96,D4,
13330517,00000039,false,Rx,0,8,00,00,00,00,00,00,00,00,
13330884,0000019B,false,Rx,0,8,8C,9B,31,00,00,E4,00,00,
13331250,0000019C,false,Rx,0,8,40,20,00,00,00,00,0B,09,
13331569,00000475,false,Rx,0,8,12,00,00,00,00,00,00,00,
13331874,0000019D,false,Rx,0,8,00,10,00,01,00,00,00,00,
13331979,00000496,false,Rx,0,8,12,00,00,00,00,00,00,00,
13332264,0000019E,false,Rx,0,8,15,00,00,00,00,32,00,00,
13332464,000001A1,false,Rx,0,8,F1,43,70,FE,F7,7F,64,00,
13332575,000001A2,false,Rx,0,8,44,00,00,00,27,08,00,00,
13332651,000001A3,false,Rx,0,8,FF,F3,3F,00,00,00,00,00,
13333012,000001A4,false,Rx,0,8,FE,07,00,00,00,00,00,00,
13333581,00000383,false,Rx,0,8,5A,53,00,10,01,00,00,00,
13340961,00000448,false,Rx,0,8,DE,80,00,00,00,00,00,00,
13342474,000001FB,false,Rx,0,8,68,38,B0,00,00,00,00,00,
13342573,000001FC,false,Rx,0,8,00,00,00,00,00,00,00,00,
13342646,000001FD,false,Rx,0,8,00,1A,03,00,00,00,00,00,
13343054,000001FE,false,Rx,0,8,00,00,00,00,00,00,00,00,
13347834,00000061,false,Rx,0,8,DA,67,BB,00,00,00,00,00,
13347935,00000062,false,Rx,0,8,02,02,00,02,40,FF,00,FF,
13348337,00000063,false,Rx,0,8,00,00,05,00,00,08,FD,00,
13348434,00000064,false,Rx,0,8,00,00,00,04,FF,FA,00,00,
13348803,000000A1,false,Rx,0,8,82,98,BB,57,61,02,8A,00,
13349074,000000A2,false,Rx,0,8,00,00,00,00,00,00,00,00,
13349179,00000382,false,Rx,0,8,2B,FE,21,00,00,05,09,00,
13349795,000000A3,false,Rx,0,8,00,40,01,00,00,00,00,00,
13356600,000002BF,false,Rx,0,8,FF,FF,FF,00,00,00,00,00,
13356695,0000047F,false,Rx,0,8,F0,FC,FF,FF,FF,FF,FF,FF,
13357115,00000653,false,Rx,0,8,0A,19,03,01,02,2A,00,00,
13357544,00000236,false,Rx,0,8,06,BC,B7,00,34,6C,AE,62,
13357617,00000237,false,Rx,0,8,00,15,47,00,00,1E,1B,00,
13357828,00000238,false,Rx,0,8,00,00,72,00,00,00,00,00,
13358020,00000239,false,Rx,0,8,00,00,00,00,01,00,00,00,
13358809,00000151,false,Rx,0,8,40,4B,B7,64,C8,00,28,18,
13358880,00000152,false,Rx,0,8,14,17,17,00,51,00,00,00,
13359049,00000153,false,Rx,0,8,00,00,00,00,00,00,00,00,
13359375,00000154,false,Rx,0,8,00,00,00,00,00,00,00,00,
13359709,00000121,false,Rx,0,8,54,01,21,00,00,00,00,05,
13359843,000001F6,false,Rx,0,8,0B,97,B7,00,00,00,00,0E,
13360030,00000122,false,Rx,0,8,FF,D9,67,1F,46,47,46,45,
13360242,000001F7,false,Rx,0,8,26,00,DA,02,00,00,00,00,
13360982,00000123,false,Rx,0,8,B6,02,00,00,00,00,01,00,
13361358,000001F8,false,Rx,0,8,00,5E,01,45,01,00,00,00,
13361678,00000124,false,Rx,0,8,00,00,0A,00,00,00,20,40,
13361912,000001F9,false,Rx,0,8,4B,00,64,C8,14,00,4B,00,
13362001,000002FB,false,Rx,0,8,0C,9D,B7,04,72,1A,B4,B4,
13362052,0000025B,false,Rx,0,8,7A,76,B7,40,40,20,00,00,
13362369,000002FC,false,Rx,0,8,0F,00,14,18,00,00,8E,43,
13362688,0000025C,false,Rx,0,8,00,00,26,00,B4,2C,19,00,
13363013,000002FD,false,Rx,0,8,00,00,00,00,00,1C,13,EA,
13363328,0000025D,false,Rx,0,8,00,C8,00,00,00,80,C0,70,
13363667,000002FE,false,Rx,0,8,00,00,72,01,00,28,C8,02,
13364011,0000025E,false,Rx,0,8,04,07,0E,01,00,00,46,00,
13364125,00000326,false,Rx,0,8,72,E0,B7,00,00,00,00,00,
13364177,00000327,false,Rx,0,8,00,00,00,00,05,00,00,00,
13364222,00000328,false,Rx,0,8,DA,02,4B,00,00,5E,01,00,
13364308,00000329,false,Rx,0,8,64,45,01,00,00,00,00,00,
13364475,00000331,false,Rx,0,8,51,45,B7,F1,C8,A0,2C,97,
13364660,00000332,false,Rx,0,8,E8,08,FC,03,00,00,00,00,
13365072,00000333,false,Rx,0,8,00,00,00,1C,0C,40,20,64,
13365435,00000334,false,Rx,0,8,C8,00,00,00,08,44,F4,8F,
13366728,0000010B,false,Rx,0,8,49,68,2B,00,00,00,00,05,
13367027,0000010C,false,Rx,0,8,FF,F9,E7,1F,46,4F,48,48,
13367088,0000010D,false,Rx,0,8,B5,02,00,00,00,00,01,00,
13367718,0000010E,false,Rx,0,8,00,00,1E,00,00,C0,AB,57,
13369219,000004E8,false,Rx,1,8,FF,FF,FF,05,FF,FF,FF,00,
13371947,0000011B,false,Rx,0,8,86,5D,E5,05,80,08,28,02,
13372426,0000012B,false,Rx,0,8,60,0D,E5,06,00,00,08,00,
13372540,0000011C,false,Rx,0,8,00,05,20,00,22,00,01,01,
13372600,0000012C,false,Rx,0,8,00,00,01,00,00,64,00,00,
13373073,000001E1,false,Rx,0,8,4F,2B,61,02,00,00,00,00,
13373386,000001E2,false,Rx,0,8,00,00,00,00,00,00,00,00,
13373558,00000091,false,Rx,0,8,68,DD,BA,26,06,00,00,00,
13373847,00000092,false,Rx,0,8,28,00,00,00,80,02,00,00,
13373956,00000093,false,Rx,0,8,00,00,00,00,00,00,00,00,
13374037,00000094,false,Rx,0,8,00,00,00,00,00,00,00,00,
13378863,00000036,false,Rx,0,8,94,FF,40,51,00,00,25,05,
13378961,00000037,false,Rx,0,8,30,00,00,10,00,40,00,00,
13379370,00000038,false,Rx,0,8,04,00,00,00,60,39,96,D4,
13379464,00000039,false,Rx,0,8,00,00,00,00,00,00,00,00,
13379831,00000256,false,Rx,0,8,A7,AB,B6,15,40,00,00,01,
13380074,000002E6,false,Rx,0,8,B3,7F,B6,01,00,00,00,15,
13380140,00000257,false,Rx,0,8,00,94,41,19,85,07,00,94,
13380558,0000019B,false,Rx,0,8,7F,05,36,00,00,E4,00,00,
13381109,00000258,false,Rx,0,8,36,ED,1A,00,10,15,00,28,
13381431,0000019C,false,Rx,0,8,40,20,00,00,00,00,0B,09,
13381534,00000259,false,Rx,0,8,63,05,8D,3C,4C,02,00,00,
13381837,0000019D,false,Rx,0,8,00,10,00,01,00,00,00,00,
13382152,000002E7,false,Rx,0,8,0A,00,00,00,00,00,00,00,
13382412,0000019E,false,Rx,0,8,15,00,00,00,00,32,00,00,
13382794,000002E8,false,Rx,0,8,00,00,00,00,00,00,00,00,
13383145,00000384,false,Rx,0,8,BA,56,0D,01,00,FF,00,24,
13383470,000002E9,false,Rx,0,8,00,00,00,00,00,00,00,00,
13387286,00000226,false,Rx,0,8,49,B3,09,FF,63,60,09,42,
13387378,00000227,false,Rx,0,8,02,94,00,09,03,F1,9F,03,
13389213,0000042A,false,Rx,0,8,8E,83,0C,02,00,10,00,00,
13390956,00000396,false,Rx,0,8,DC,13,DB,0F,08,01,00,02,
13391167,00000397,false,Rx,0,8,1C,00,43,10,3F,07,00,00,
13391409,00000398,false,Rx,0,8,00,00,00,00,00,00,00,00,
13397366,00000146,false,Rx,0,8,E0,4A,A2,10,04,05,00,00,
13397456,00000147,false,Rx,0,8,01,04,7D,00,40,46,07,00,
13397877,00000148,false,Rx,0,8,00,00,42,00,1E,89,40,05,
13397959,00000061,false,Rx,0,8,7B,18,C0,00,00,00,00,00,
13398378,00000149,false,Rx,0,8,00,38,00,CC,00,00,00,00,
13398461,00000062,false,Rx,0,8,02,02,00,02,40,FF,00,FF,
13398596,000000C5,false,Rx,1,8,00,00,00,00,00,00,00,00,
13398657,00000063,false,Rx,0,8,00,00,05,00,00,08,FD,00,
13398932,00000244,false,Rx,1,8,FF,FF,FF,FF,FF,FF,FF,FF,
13399177,00000064,false,Rx,0,8,00,00,00,04,FF,FA,00,00,
13399455,0000041F,false,Rx,1,8,00,0C,00,00,00,00,00,00,
13399623,000000A1,false,Rx,0,8,26,B8,C0,57,61,02,8A,00,
13399931,000004B4,false,Rx,1,8,00,00,05,40,10,70,04,00,
13400135,000000A2,false,Rx,0,8,00,00,00,00,00,00,00,00,
13400413,000004B5,false,Rx,1,8,08,00,F0,07,00,00,00,00,
13400648,000000A3,false,Rx,0,8,00,40,01,00,00,00,00,00,
13401092,000004B7,false,Rx,1,8,08,00,F0,07,00,00,00,00,
13401465,000004CA,false,Rx,1,8,00,00,00,00,00,00,00,00,
13401874,000004CC,false,Rx,1,8,08,00,00,06,00,00,03,00,
13402565,000004CE,false,Rx,1,8,DE,01,00,00,00,00,F8,FF,
13403417,0000036F,false,Rx,0,8,81,C1,01,00,00,00,00,00,
13404128,000004D7,false,Rx,1,8,23,01,00,00,00,00,00,00,
13404627,000004D8,false,Rx,1,8,41,10,F0,F0,40,F2,1E,CC,
13405164,0000037F,false,Rx,0,8,9B,30,52,24,41,02,00,00,
13405582,000004DD,false,Rx,1,8,00,00,FE,00,04,00,00,00,
13405652,000004DF,false,Rx,1,8,00,00,08,00,00,00,00,00,
13405718,000004E7,false,Rx,1,8,00,30,00,00,00,00,69,00,
13405889,000004E8,false,Rx,1,8,FF,FF,FF,05,FF,FF,FF,00,
13405947,000004E9,false,Rx,1,8,12,00,00,34,00,00,50,00,
13406231,000004EA,false,Rx,1,8,67,00,00,89,00,00,00,00,
13406526,000004EB,false,Rx,1,8,02,80,16,17,80,00,00,00,
13406971,000001AB,false,Rx,0,8,0C,C6,31,50,70,60,00,00,
13407259,000004EC,false,Rx,1,8,00,00,00,00,00,00,00,00,
13408224,000001AC,false,Rx,0,8,00,28,00,00,00,00,00,00,
13408857,000004ED,false,Rx,1,8,00,00,00,00,00,FF,FF,1F,
13408986,000004EE,false,Rx,1,8,FF,FF,00,00,00,00,00,00,
13409128,000001B1,false,Rx,0,8,80,FB,A2,00,72,00,00,00,
13409197,000004EF,false,Rx,1,8,60,00,60,00,2B,14,00,00,
13409269,00000563,false,Rx,1,8,65,02,00,00,00,00,FF,FF,
13409343,000001B2,false,Rx,0,8,23,00,04,B7,0F,09,50,10,
13409569,0000063D,false,Rx,1,8,00,80,00,00,00,00,00,00,
13409646,000001B3,false,Rx,0,8,10,33,37,00,5A,7B,6A,7D,
13410081,0000063E,false,Rx,1,8,FF,FF,FF,FF,FF,FF,FF,FF,
13410466,000001B4,false,Rx,0,8,65,7D,10,00,00,41,00,00,
13410581,0000063F,false,Rx,1,8,00,10,00,C4,FF,00,00,00,
13410823,00000640,false,Rx,1,8,FF,FF,FF,00,FF,FF,FF,00,
13410922,00000641,false,Rx,1,8,FF,FF,FF,FF,0F,FF,FF,FF,
13410978,00000646,false,Rx,1,8,00,00,00,80,01,00,00,00,
13411139,00000121,false,Rx,0,8,A7,9F,26,00,00,00,00,05,
13411226,00000122,false,Rx,0,8,FF,D9,67,1F,46,47,46,45,
13411275,00000123,false,Rx,0,8,B6,02,00,00,00,00,01,00,
13411325,00000124,false,Rx,0,8,00,00,0A,00,00,00,20,40,
13412084,000003B0,false,Rx,0,8,72,37,FF,C7,00,00,03,C0,
13416728,0000010B,false,Rx,0,8,34,AD,30,00,00,00,00,05,
13416822,0000010C,false,Rx,0,8,FF,F9,E7,1F,46,4F,48,48,
13417210,0000010D,false,Rx,0,8,B5,02,00,00,00,00,01,00,
13417316,0000010E,false,Rx,0,8,00,00,1E,00,00,C0,AB,57,
13420268,000003B2,false,Rx,0,8,36,15,FF,02,29,2F,34,00,
13421739,00000161,false,Rx,0,8,EE,16,75,03,00,00,00,02,
13421822,0000012B,false,Rx,0,8,7A,74,EA,06,00,00,08,00,
13422270,0000011B,false,Rx,0,8,9C,24,EA,05,80,08,28,02,
13422351,0000012C,false,Rx,0,8,00,00,01,00,00,64,00,00,
13422773,0000011C,false,Rx,0,8,00,05,20,00,22,00,01,01,
13423091,00000162,false,Rx,0,8,FF,FC,01,00,00,00,00,00,
13423381,00000405,false,Rx,0,8,D2,10,00,00,00,01,00,00,
13423679,00000410,false,Rx,0,8,6A,60,57,3C,DE,6A,FF,FF,
13423789,00000411,false,Rx,0,8,04,D1,50,51,00,00,44,04,
13423858,00000413,false,Rx,0,8,08,60,00,00,00,00,00,00,
13424244,00000412,false,Rx,0,8,CC,E0,00,00,00,00,00,00,
13424322,00000414,false,Rx,0,8,41,70,00,00,28,00,00,00,
13424876,00000416,false,Rx,0,8,55,00,00,00,00,00,00,00,
13425029,00000417,false,Rx,0,8,20,E0,00,00,00,00,00,00,
13425073,00000418,false,Rx,0,8,07,C0,00,00,14,0C,00,00,
13425534,00000419,false,Rx,0,8,85,E0,26,D5,31,87,90,00,
13429068,00000036,false,Rx,0,8,EB,D3,45,51,00,00,25,05,
13429198,00000037,false,Rx,0,8,30,00,00,10,00,40,00,00,
13429612,00000038,false,Rx,0,8,04,00,00,00,60,39,96,D4,
13429690,00000039,false,Rx,0,8,00,00,00,00,00,00,00,00,
13430078,00000380,false,Rx,0,8,96,92,03,08,08,08,08,01,
13430389,0000019B,false,Rx,0,8,72,C3,3B,00,00,E4,00,00,
13430751,0000019C,false,Rx,0,8,40,20,00,00,00,00,0B,09,
13431045,0000019D,false,Rx,0,8,00,10,00,01,00,00,00,00,
13431129,00000427,false,Rx,0,8,1D,86,FF,00,80,0A,00,00,
13431436,0000019E,false,Rx,0,8,15,00,00,00,00,32,00,00,
13432371,000001A1,false,Rx,0,8,8E,6F,75,FE,F7,7F,64,00,
13432644,000001A2,false,Rx,0,8,44,00,00,00,27,08,00,00,
13432717,000001A3,false,Rx,0,8,FF,F3,3F,00,00,00,00,00,
13432825,000003A1,false,Rx,0,8,87,68,C3,00,FF,FF,FF,FF,
13432960,000001A4,false,Rx,0,8,FE,07,00,00,00,00,00,00,
13433500,000003A2,false,Rx,0,8,00,00,00,00,00,00,00,00,
13433691,000001F1,false,Rx,0,8,82,F2,27,01,00,00,28,00,
13433738,000001F2,false,Rx,0,8,00,00,00,00,00,00,00,00,
13447598,000000FF,false,Rx,0,8,CB,10,00,00,00,00,02,00,
13447682,00000061,false,Rx,0,8,04,34,C5,00,00,00,00,00,
13448149,00000062,false,Rx,0,8,02,02,00,02,40,FF,00,FF,
13448207,00000063,false,Rx,0,8,00,00,05,00,00,08,FD,00,
13448607,00000394,false,Rx,0,8,2A,22,1A,49,00,00,00,00,
13448906,00000064,false,Rx,0,8,00,00,00,04,FF,FA,00,00,
13448981,000003C3,false,Rx,0,8,45,10,31,30,36,00,00,00,
13449297,000000A1,false,Rx,0,8,29,53,C5,57,61,02,8A,00,
13449678,000003E0,false,Rx,0,8,01,70,01,00,54,03,00,00,
13450254,000000A2,false,Rx,0,8,00,00,00,00,00,00,00,00,
13450336,000000A3,false,Rx,0,8,00,40,01,00,00,00,00,00,
13450931,000003E5,false,Rx,0,8,8E,90,01,00,00,00,00,00,
13451315,000003E6,false,Rx,0,8,7F,00,00,00,00,00,00,00,
13451945,0000041A,false,Rx,0,8,95,40,12,00,00,00,00,00,
13452260,0000041B,false,Rx,0,8,60,30,00,00,00,00,00,00,
13452707,0000041C,false,Rx,0,8,E9,80,E0,00,00,00,00,00,
13453112,00000422,false,Rx,0,8,EA,C0,01,00,00,00,04,00,
13454082,00000432,false,Rx,0,8,03,20,02,00,00,00,00,00,
13454182,00000435,false,Rx,0,8,9F,D0,00,40,00,00,00,00,
13454565,00000442,false,Rx,0,8,CE,20,11,81,00,00,00,00,
13454908,00000444,false,Rx,0,8,6C,30,20,50,55,50,00,00,
13455029,00000445,false,Rx,0,8,67,40,00,00,00,00,00,18,
13455703,00000464,false,Rx,0,8,B2,70,F0,FF,38,7F,05,00,
13459595,00000121,false,Rx,0,8,AA,59,2B,00,00,00,00,05,
13459687,00000122,false,Rx,0,8,FF,D9,67,1F,46,47,46,45,
13460132,00000123,false,Rx,0,8,B6,02,00,00,00,00,01,00,
13460203,00000124,false,Rx,0,8,00,00,0A,00,00,00,20,40,
13466808,0000010B,false,Rx,0,8,4B,81,35,00,00,00,00,05,
13466911,0000010C,false,Rx,0,8,FF,F9,E7,1F,46,4F,48,48,
13467340,0000010D,false,Rx,0,8,B5,02,00,00,00,00,01,00,
13467655,0000010E,false,Rx,0,8,00,00,1E,00,00,C0,AB,57,
13471963,0000011B,false,Rx,0,8,6A,0C,EF,05,80,08,28,02,
13472055,0000011C,false,Rx,0,8,00,05,20,00,22,00,01,01,
13472475,0000012B,false,Rx,0,8,8C,5C,EF,06,00,00,08,00,
13472564,0000012C,false,Rx,0,8,00,00,01,00,00,64,00,00,
13473279,00000091,false,Rx,0,8,E3,7A,BB,26,06,00,00,00,
13473625,00000092,false,Rx,0,8,27,00,00,00,70,02,00,00,
13473717,00000093,false,Rx,0,8,00,00,00,00,00,00,00,00,
13474106,00000094,false,Rx,0,8,00,00,00,00,00,00,00,00,
13475250,00000401,false,Rx,0,8,C6,10,10,00,00,04,00,00,
13477708,000001E6,false,Rx,0,8,81,EC,70,02,00,00,00,00,
13477800,000001E7,false,Rx,0,8,00,00,22,03,20,01,00,00,
13477848,000001BB,false,Rx,0,8,74,46,70,02,00,00,00,0A,
13478200,000001BC,false,Rx,0,8,32,00,00,00,02,00,00,00,
13478289,000001BD,false,Rx,0,8,00,00,00,00,00,00,00,00,
13479183,00000036,false,Rx,0,8,6A,A7,4A,51,00,00,25,05,
13479532,00000037,false,Rx,0,8,30,00,00,10,00,40,00,00,
13479628,00000038,false,Rx,0,8,04,00,00,00,60,39,96,D4,
13479950,00000039,false,Rx,0,8,00,00,00,00,00,00,00,00,
13480070,000003AA,false,Rx,0,8,FF,00,D0,00,54,00,00,00,
13480396,000003B6,false,Rx,0,8,C6,05,DB,00,00,00,00,46,
13480505,0000019B,false,Rx,0,8,D3,BC,40,00,00,E4,00,00,
13481036,000003B7,false,Rx,0,8,46,00,00,00,00,00,00,00,
13481645,0000019C,false,Rx,0,8,40,20,00,00,00,00,0B,09,
13481742,000003B8,false,Rx,0,8,B2,02,00,00,00,00,69,0E,
13482016,0000019D,false,Rx,0,8,00,10,00,01,00,00,00,00,
13482289,000002D6,false,Rx,0,8,77,6C,DB,00,00,00,00,00,
13482385,0000019E,false,Rx,0,8,15,00,00,00,00,32,00,00,
13482644,000002D7,false,Rx,0,8,00,00,00,00,03,00,00,00,
13482979,000002EB,false,Rx,0,8,67,56,DB,06,08,01,00,02,
13483337,000002D8,false,Rx,0,8,00,00,00,00,00,00,38,47,
13483668,000002EC,false,Rx,0,8,07,00,CF,00,59,00,00,00,
13483968,000002D9,false,Rx,0,8,00,00,00,00,00,00,00,00,
13484106,000002ED,false,Rx,0,8,00,00,00,00,00,00,00,00,
13484155,000003B9,false,Rx,0,8,00,00,00,00,00,00,00,00,
13484199,000002EE,false,Rx,0,8,00,00,00,00,00,00,00,00,
13484243,00000495,false,Rx,0,8,49,00,00,00,00,00,00,00,
13487449,000002FF,false,Rx,0,8,D4,CB,00,71,02,00,00,00,
13487543,00000316,false,Rx,0,8,68,4B,85,34,06,80,0A,00,
13487993,00000317,false,Rx,0,8,00,00,05,00,00,00,00,00,
13488302,00000472,false,Rx,0,8,5C,EC,00,40,08,41,00,45,
13488516,00000473,false,Rx,0,8,5F,24,00,25,00,00,00,78,
13488720,00000474,false,Rx,0,8,91,72,00,00,00,00,00,08,
13489116,00000251,false,Rx,0,8,D5,BE,B8,00,00,00,00,00,
13489372,00000252,false,Rx,0,8,00,00,1B,1B,03,00,00,00,
13489670,00000487,false,Rx,1,8,00,00,00,00,00,00,00,00,
13489738,00000253,false,Rx,0,8,00,00,00,58,58,00,80,4D,
13490046,000002AB,false,Rx,0,8,64,D4,BB,0C,0C,00,00,00,
13490428,00000642,false,Rx,1,8,FF,FF,FF,FF,FF,FF,00,00,
13491011,000003B1,false,Rx,0,8,C1,DE,00,80,00,00,20,00,
13491305,000002AC,false,Rx,0,8,00,FF,FF,00,00,40,00,54,
13491430,000002AD,false,Rx,0,8,00,01,00,40,FF,FF,FF,0F,
13491746,000002AE,false,Rx,0,8,01,00,FF,3F,01,01,00,00,
13491844,000002B6,false,Rx,0,8,DE,F2,BB,01,00,00,00,40,
13491887,000002B7,false,Rx,0,8,9F,00,50,1C,00,04,00,00,
13492090,000002B8,false,Rx,0,8,FF,F8,10,00,00,00,00,00,
13492413,000002B9,false,Rx,0,8,0A,00,00,00,00,00,00,00,
13492612,000002C1,false,Rx,0,8,3A,EF,DE,21,00,41,00,D4,
13493081,000002C2,false,Rx,0,8,2A,00,00,00,00,00,00,00,
13493633,000002C3,false,Rx,0,8,00,00,00,00,00,00,00,00,
13493751,0000033B,false,Rx,0,8,3C,BE,BA,00,00,00,00,00,
13494027,000002C4,false,Rx,0,8,00,00,00,00,00,00,00,00,
13494179,0000033C,false,Rx,0,8,00,00,00,00,F0,00,00,00,
13494233,000002E1,false,Rx,0,8,58,B9,BB,00,00,00,00,40,
13494349,0000033D,false,Rx,0,8,00,00,00,00,00,00,00,00,
13494602,000002E2,false,Rx,0,8,FD,00,00,00,00,14,00,04,
13495330,0000033E,false,Rx,0,8,00,00,00,00,00,00,00,00,
13495728,000002E3,false,Rx,0,8,00,00,00,00,00,00,72,01,
13496047,00000356,false,Rx,0,8,BD,42,DD,00,00,00,00,00,
13496126,000002E4,false,Rx,0,8,02,00,00,00,00,00,00,00,
13496420,00000357,false,Rx,0,8,00,00,00,00,00,4B,4D,48,
13496555,00000358,false,Rx,0,8,35,41,45,4D,52,37,33,4F,
13496606,00000359,false,Rx,0,8,51,4F,34,52,4A,35,33,00,
13497737,00000146,false,Rx,0,8,9F,66,A7,10,04,05,00,00,
13498088,00000147,false,Rx,0,8,01,04,7D,00,40,46,07,00,
13498166,00000148,false,Rx,0,8,00,00,42,00,1E,89,40,05,
13498378,00000061,false,Rx,0,8,85,40,CA,00,00,00,00,00,
13498721,00000149,false,Rx,0,8,00,38,00,CC,00,00,00,00,
13498788,00000062,false,Rx,0,8,02,02,00,02,40,FF,00,FF,
13498857,00000063,false,Rx,0,8,00,00,05,00,00,08,FD,00,
13499128,00000064,false,Rx,0,8,00,00,00,04,FF,FA,00,00,
13499761,000000A1,false,Rx,0,8,19,7E,CA,57,61,02,8A,00,
13500112,000000A2,false,Rx,0,8,00,00,00,00,00,00,00,00,
13500393,000000A3,false,Rx,0,8,00,40,01,00,00,00,00,00,
13502702,00000111,false,Rx,0,8,98,03,0B,01,00,00,00,00,
13502797,0000036F,false,Rx,0,8,38,D1,01,00,00,00,00,00,
13503154,00000112,false,Rx,0,8,00,00,00,00,00,00,00,00,
13503811,0000037F,false,Rx,0,8,93,40,52,24,41,02,00,00,
13504123,00000113,false,Rx,0,8,00,00,00,00,00,00,00,00,
13504187,00000114,false,Rx,0,8,00,00,00,00,00,00,00,00,
13505416,000001AB,false,Rx,0,8,93,AE,36,50,70,60,00,00,
13505552,000001AC,false,Rx,0,8,00,28,00,00,00,00,00,00,
13506475,000001B1,false,Rx,0,8,FF,D7,A7,00,72,00,00,00,
13506560,000001B2,false,Rx,0,8,23,00,04,B7,0F,09,50,10,
13506970,000001B3,false,Rx,0,8,10,33,37,00,5A,7B,6A,7D,
13507061,000001B4,false,Rx,0,8,65,7D,10,00,00,41,00,00,
13509504,00000121,false,Rx,0,8,21,5A,30,00,00,00,00,05,
13509605,00000122,false,Rx,0,8,FF,D9,67,1F,46,48,46,45,
13510031,00000123,false,Rx,0,8,B6,02,00,00,00,00,01,00,
13510364,00000124,false,Rx,0,8,00,00,0A,00,00,00,20,40,
13511060,00000565,false,Rx,0,8,66,02,00,00,00,00,FF,FF,
13516660,0000010B,false,Rx,0,8,CA,F5,3A,00,00,00,00,05,
13516754,0000010C,false,Rx,0,8,FF,F9,E7,1F,46,4F,48,48,
13517155,0000010D,false,Rx,0,8,B5,02,00,00,00,00,01,00,
13517242,0000010E,false,Rx,0,8,00,00,1E,00,00,C0,AB,57,
13521727,00000161,false,Rx,0,8,F4,6F,7A,03,00,00,00,02,
13521821,0000011B,false,Rx,0,8,A8,D6,F4,05,80,08,28,02,
13522218,00000162,false,Rx,0,8,FF,FC,01,00,00,00,00,00,
13522314,0000011C,false,Rx,0,8,00,05,20,00,22,00,01,01,
13522652,0000012B,false,Rx,0,8,4E,86,F4,06,00,00,08,00,
13522729,000001E1,false,Rx,0,8,B9,03,64,02,00,00,00,00,
13523038,0000012C,false,Rx,0,8,00,00,01,00,00,64,00,00,
13523396,000001E2,false,Rx,0,8,00,00,00,00,00,00,00,00,
13524435,0000030B,false,Rx,0,8,04,2E,BA,00,04,00,00,00,
13524779,0000030C,false,Rx,0,8,00,00,0E,00,2C,00,A0,0F,
13524838,0000030D,false,Rx,0,8,00,00,00,00,FF,00,00,00,
13525153,0000030E,false,Rx,0,8,00,00,18,05,21,00,00,00,
13528697,00000036,false,Rx,0,8,15,8B,4F,51,00,00,25,05,
13528789,00000037,false,Rx,0,8,30,00,00,10,00,40,00,00,
13529197,00000038,false,Rx,0,8,04,00,00,00,60,39,96,D4,
13529574,00000039,false,Rx,0,8,00,00,00,00,00,00,00,00,
13530910,0000019B,false,Rx,0,8,AC,90,45,00,00,E4,00,00,
13531263,000004A3,false,Rx,1,8,80,00,48,0B,3E,00,00,00,
13531448,0000019C,false,Rx,0,8,40,20,00,00,00,00,0B,09,
13531541,000004A4,false,Rx,1,8,FF,FF,FF,00,00,00,00,00,
13531620,0000019D,false,Rx,0,8,00,10,00,01,00,00,00,00,
13531766,00000475,false,Rx,0,8,12,00,00,00,00,00,00,00,
13531980,0000019E,false,Rx,0,8,15,00,00,00,00,32,00,00,
13532032,00000496,false,Rx,0,8,12,00,00,00,00,00,00,00,
13532312,000001A1,false,Rx,0,8,0F,1B,7A,FE,F7,7F,64,00,
13532667,000001A2,false,Rx,0,8,44,00,00,00,27,08,00,00,
13533329,000001A3,false,Rx,0,8,FF,F3,3F,00,00,00,00,00,
13533674,000001A4,false,Rx,0,8,FE,07,00,00,00,00,00,00,
13533962,00000383,false,Rx,0,8,5A,53,00,10,01,00,00,00,
13541000,00000448,false,Rx,0,8,DE,80,00,00,00,00,00,00,
13542375,000001FB,false,Rx,0,8,E4,8A,B2,00,00,00,00,00,
13542566,000001FC,false,Rx,0,8,00,00,00,00,00,00,00,00,
13542928,000001FD,false,Rx,0,8,00,1A,03,00,00,00,00,00,
13543006,000001FE,false,Rx,0,8,00,00,00,00,00,00,00,00,
13547849,00000061,false,Rx,0,8,FA,6C,CF,00,00,00,00,00,
13547970,00000062,false,Rx,0,8,02,02,00,02,40,FF,00,FF,
13548390,00000063,false,Rx,0,8,00,00,05,00,00,08,FD,00,
13548464,00000064,false,Rx,0,8,00,00,00,04,FF,FA,00,00,
13548791,000000A1,false,Rx,0,8,16,95,CF,57,61,02,8A,00,
13549250,000000A2,false,Rx,0,8,00,00,00,00,00,00,00,00,
13549398,00000382,false,Rx,0,8,2B,FE,21,00,00,05,09,00,
13549444,000000A3,false,Rx,0,8,00,40,01,00,00,00,00,00,
13556618,000002BF,false,Rx,0,8,FF,FF,FF,00,00,00,00,00,
13556710,0000047F,false,Rx,0,8,F0,FC,FF,FF,FF,FF,FF,FF,
13557139,00000653,false,Rx,0,8,0A,19,03,01,02,2A,00,00,
13557542,00000236,false,Rx,0,8,C1,91,B9,00,34,6C,AE,62,
13557625,00000237,false,Rx,0,8,00,15,47,00,00,1E,1B,00,
13557927,00000238,false,Rx,0,8,00,00,72,00,00,00,00,00,
13558273,00000239,false,Rx,0,8,00,00,00,00,01,00,00,00,
13559022,00000151,false,Rx,0,8,87,66,B9,64,C8,00,28,18,
13559362,00000152,false,Rx,0,8,14,17,17,00,51,00,00,00,
13559449,00000153,false,Rx,0,8,00,00,00,00,00,00,00,00,
13559992,00000154,false,Rx,0,8,00,00,00,00,00,00,00,00,
13560352,00000121,false,Rx,0,8,A8,B0,35,00,00,00,00,05,
13560468,000001F6,false,Rx,0,8,CC,BA,B9,00,00,00,00,0E,
13561059,00000122,false,Rx,0,8,FF,D9,67,1F,46,47,46,45,
13561329,000001F7,false,Rx,0,8,26,00,DA,02,00,00,00,00,
13561412,00000123,false,Rx,0,8,B6,02,00,00,00,00,01,00,
13561558,000001F8,false,Rx,0,8,00,5E,01,45,01,00,00,00,
13561642,00000124,false,Rx,0,8,00,00,0A,00,00,00,20,40,
13561687,000001F9,false,Rx,0,8,4B,00,64,C8,14,00,4B,00,
13561746,000002FB,false,Rx,0,8,CB,B0,B9,04,72,1A,B4,B4,
13562197,0000025B,false,Rx,0,8,79,F9,B9,40,40,20,00,00,
13562747,000002FC,false,Rx,0,8,0F,00,14,18,00,00,8E,43,
13562868,0000025C,false,Rx,0,8,00,00,26,00,B4,2C,19,00,
13563171,000002FD,false,Rx,0,8,00,00,00,00,00,1C,13,EA,
13563436,0000025D,false,Rx,0,8,00,C8,00,00,00,80,C0,70,
13563756,000002FE,false,Rx,0,8,00,00,72,01,00,28,C8,02,
13564102,0000025E,false,Rx,0,8,1B,07,0E,03,00,00,46,00,
13564442,00000326,false,Rx,0,8,B5,CD,B9,00,00,00,00,00,
13564793,00000327,false,Rx,0,8,00,00,00,00,05,00,00,00,
13565131,00000328,false,Rx,0,8,DA,02,4B,00,00,5E,01,00,
13565444,00000329,false,Rx,0,8,64,45,01,00,00,00,00,00,
13565601,00000331,false,Rx,0,8,96,68,B9,F1,C8,A0,2C,97,
13565666,00000332,false,Rx,0,8,E8,08,FC,03,00,00,00,00,
13565709,00000333,false,Rx,0,8,00,00,00,1C,0C,40,20,64,
13565756,00000334,false,Rx,0,8,C8,00,00,00,08,44,F4,8F,
13567108,0000010B,false,Rx,0,8,B5,D9,3F,00,00,00,00,05,
13567407,0000010C,false,Rx,0,8,FF,F9,E7,1F,46,4F,48,48,
13567510,0000010D,false,Rx,0,8,B5,02,00,00,00,00,01,00,
13567589,0000010E,false,Rx,0,8,00,00,1E,00,00,C0,AB,57,
13571990,0000011B,false,Rx,0,8,DB,EF,F9,05,80,08,28,02,
13572085,0000012B,false,Rx,0,8,3D,BF,F9,06,00,00,08,00,
13572490,0000011C,false,Rx,0,8,00,05,20,00,22,00,01,01,
13572586,0000012C,false,Rx,0,8,00,00,01,00,00,64,00,00,
13573339,00000091,false,Rx,0,8,37,F5,BC,26,06,00,00,00,
13573704,00000092,false,Rx,0,8,26,00,00,00,60,02,00,00,
13573769,00000093,false,Rx,0,8,00,00,00,00,00,00,00,00,
13574141,00000094,false,Rx,0,8,00,00,00,00,00,00,00,00,
13578828,00000036,false,Rx,0,8,68,4E,54,51,00,00,25,05,
13578926,00000037,false,Rx,0,8,30,00,00,10,00,40,00,00,
13579390,00000038,false,Rx,0,8,04,00,00,00,60,39,96,D4,
13579680,00000039,false,Rx,0,8,00,00,00,00,00,00,00,00,
13579995,00000256,false,Rx,0,8,6C,96,B8,15,40,00,10,01,
13580069,000002E6,false,Rx,0,8,74,52,B8,01,00,00,00,15,
13580295,00000257,false,Rx,0,8,00,94,41,1B,85,07,00,94,
13580650,000002E7,false,Rx,0,8,0A,00,00,00,00,00,00,00,
13581020,0000019B,false,Rx,0,8,2D,E4,4A,00,00,E4,00,00,
13581346,00000258,false,Rx,0,8,36,EE,1A,00,10,15,00,28,
13581623,0000019C,false,Rx,0,8,40,20,00,00,00,00,0B,09,
13581734,00000259,false,Rx,0,8,6B,05,8E,3C,4C,02,00,00,
13581825,0000019D,false,Rx,0,8,00,10,00,01,00,00,00,00,
13582075,000002E8,false,Rx,0,8,00,00,00,00,00,00,00,00,
13582362,0000019E,false,Rx,0,8,15,00,00,00,00,32,00,00,
13582684,000002E9,false,Rx,0,8,00,00,00,00,00,00,00,00,
13582785,000001F1,false,Rx,0,8,F1,CB,2A,01,00,00,28,00,
13583385,00000384,false,Rx,0,8,BA,56,0D,01,00,FF,00,24,
13583488,000001F2,false,Rx,0,8,00,00,00,00,00,00,00,00,
13583783,0000048B,false,Rx,0,8,ED,30,C6,1E,01,00,00,00,
13584005,0000048C,false,Rx,0,8,00,00,00,00,00,00,00,00,
13586620,00000226,false,Rx,0,8,20,F3,0B,FF,63,60,09,42,
13586723,00000227,false,Rx,0,8,02,94,00,09,03,F1,9F,03,
13589387,0000042A,false,Rx,0,8,8E,83,0C,02,00,10,00,00,
13591120,00000396,false,Rx,0,8,EE,F8,DC,0F,08,02,00,02,
13591214,00000397,false,Rx,0,8,1C,00,43,10,3F,07,00,00,
13591529,00000398,false,Rx,0,8,00,00,00,00,00,00,00,00,
13597350,00000146,false,Rx,0,8,27,67,AC,10,04,05,00,00,
13597440,00000147,false,Rx,0,8,01,04,7D,00,40,46,07,00,
13597852,00000148,false,Rx,0,8,00,00,42,00,1E,89,40,05,
13597948,00000061,false,Rx,0,8,87,A9,D4,00,00,00,00,00,
13598311,00000149,false,Rx,0,8,00,38,00,CC,00,00,00,00,
13598511,00000062,false,Rx,0,8,02,02,00,02,40,FF,00,FF,
13598665,00000063,false,Rx,0,8,00,00,05,00,00,08,FD,00,
13599030,00000064,false,Rx,0,8,00,00,00,04,FF,FA,00,00,
13599200,000000A1,false,Rx,0,8,79,24,D4,57,61,02,8A,00,
13599443,000000A2,false,Rx,0,8,00,00,00,00,00,00,00,00,
13599669,000000A3,false,Rx,0,8,00,40,01,00,00,00,00,00,
13601379,00000566,false,Rx,0,8,16,02,00,00,00,00,FF,FF,
13602722,0000036F,false,Rx,0,8,EE,E1,01,00,00,00,00,00,
13602909,0000037F,false,Rx,0,8,2A,50,52,24,41,02,00,00,
13603120,000000C5,false,Rx,1,8,00,00,00,00,00,00,00,00,
13603249,00000244,false,Rx,1,8,FF,FF,FF,FF,FF,FF,FF,FF,
13603637,000004B4,false,Rx,1,8,00,00,05,40,10,70,04,00,
13604093,000004B5,false,Rx,1,8,08,00,F0,07,00,00,00,00,
13604374,000004B7,false,Rx,1,8,08,00,F0,07,00,00,00,00,
13604651,000004CA,false,Rx,1,8,00,00,00,00,00,00,00,00,
13604918,000004CC,false,Rx,1,8,08,00,00,06,00,00,03,00,
13605191,000004CE,false,Rx,1,8,DE,01,00,00,00,00,F8,FF,
13605451,000004D7,false,Rx,1,8,23,01,00,00,00,00,00,00,
13605721,000001AB,false,Rx,0,8,E0,97,3B,50,70,60,00,00,
13605789,000004D8,false,Rx,1,8,41,10,F0,F0,40,F2,1E,CC,
13605980,000001AC,false,Rx,0,8,00,28,00,00,00,00,00,00,
13606060,000004DD,false,Rx,1,8,00,00,FE,00,04,00,00,00,
13606431,000001B1,false,Rx,0,8,47,D6,AC,00,72,00,00,00,
13606565,000004DF,false,Rx,1,8,00,00,08,00,00,00,00,00,
13606909,000001B2,false,Rx,0,8,23,00,04,B7,0F,09,50,10,
13607041,000004E7,false,Rx,1,8,00,30,00,00,00,00,69,00,
13607369,000001B3,false,Rx,0,8,10,33,37,00,5A,7B,6A,7D,
13607513,000004E8,false,Rx,1,8,FF,FF,FF,05,FF,FF,FF,00,
13607869,000001B4,false,Rx,0,8,65,7D,10,00,00,41,00,00,
13607952,000004E9,false,Rx,1,8,12,00,00,34,00,00,50,00,
13608377,000004EA,false,Rx,1,8,67,00,00,89,00,00,00,00,
13608858,000004EB,false,Rx,1,8,02,80,16,17,80,00,00,00,
13609151,000004EC,false,Rx,1,8,00,00,00,00,00,00,00,00,
13609398,000004ED,false,Rx,1,8,00,00,00,00,00,FF,FF,1F,
13609675,00000121,false,Rx,0,8,29,C4,3A,00,00,00,00,05,
13609762,000004EE,false,Rx,1,8,FF,FF,00,00,00,00,00,00,
13609854,00000122,false,Rx,0,8,FF,D9,67,1F,46,47,46,45,
13609930,000004EF,false,Rx,1,8,60,00,60,00,2B,14,00,00,
13610365,00000123,false,Rx,0,8,B6,02,00,00,00,00,01,00,
13610443,0000063D,false,Rx,1,8,00,80,00,00,00,00,00,00,
13610876,00000124,false,Rx,0,8,00,00,0A,00,00,00,20,40,
13610961,0000063E,false,Rx,1,8,FF,FF,FF,FF,FF,FF,FF,FF,
13611336,0000034B,false,Rx,0,8,74,E3,C6,31,D8,0D,05,01,
13611407,0000063F,false,Rx,1,8,00,10,00,C4,FF,00,00,00,
13611847,0000034C,false,Rx,0,8,00,00,00,00,00,00,00,00,
13611935,00000640,false,Rx,1,8,FF,FF,FF,00,FF,FF,FF,00,
13612331,0000034D,false,Rx,0,8,00,00,00,00,00,00,00,00,
13612464,00000641,false,Rx,1,8,FF,FF,FF,FF,0F,FF,FF,FF,
13612829,0000034E,false,Rx,0,8,00,00,00,00,00,00,00,00,
13612983,00000646,false,Rx,1,8,00,00,00,80,01,00,00,00,
13613309,000003B0,false,Rx,0,8,72,37,FF,C7,00,00,03,C0,
13616508,0000010B,false,Rx,0,8,14,A6,44,00,00,00,00,05,
13616686,0000010C,false,Rx,0,8,FF,F9,E7,1F,46,4F,48,48,
13616949,0000010D,false,Rx,0,8,B5,02,00,00,00,00,01,00,
13617200,0000010E,false,Rx,0,8,00,00,1E,00,00,C0,AB,57,
13620040,000003B2,false,Rx,0,8,36,15,FF,02,29,2F,34,00,
13621602,00000161,false,Rx,0,8,02,47,7F,03,00,00,00,02,
13621760,0000011B,false,Rx,0,8,44,87,FE,05,80,08,28,02,
13622021,00000162,false,Rx,0,8,FF,FC,01,00,00,00,00,00,
13622263,0000011C,false,Rx,0,8,00,05,20,00,22,00,01,01,
13622510,0000012B,false,Rx,0,8,A2,D7,FE,06,00,00,08,00,
13622760,0000012C,false,Rx,0,8,00,00,01,00,00,64,00,00,
13623017,00000405,false,Rx,0,8,D2,10,00,00,00,01,00,00,
13623259,00000410,false,Rx,0,8,6A,60,57,3C,DE,6A,FF,FF,
13623516,00000411,false,Rx,0,8,04,D1,50,51,00,00,44,04,
13623780,00000412,false,Rx,0,8,CC,E0,00,00,00,00,00,00,
13624032,00000413,false,Rx,0,8,08,60,00,00,00,00,00,00,
13624321,00000414,false,Rx,0,8,41,70,00,00,28,00,00,00,
13624802,00000416,false,Rx,0,8,55,00,00,00,00,00,00,00,
13624915,00000417,false,Rx,0,8,20,E0,00,00,00,00,00,00,
13625263,00000418,false,Rx,0,8,07,C0,00,00,14,0C,00,00,
13625554,00000419,false,Rx,0,8,85,E0,26,D5,31,87,90,00,
13626685,000001E6,false,Rx,0,8,CC,04,73,02,00,00,00,00,
13626963,000001E7,false,Rx,0,8,00,00,22,03,20,01,00,00,
13627284,000001BB,false,Rx,0,8,71,1F,73,02,00,00,00,0A,
13627539,000001BC,false,Rx,0,8,32,00,00,00,02,00,00,00,
13627796,000001BD,false,Rx,0,8,00,00,00,00,00,00,00,00,
13628707,00000036,false,Rx,0,8,65,88,59,51,00,00,25,05,
13629028,00000037,false,Rx,0,8,30,00,00,10,00,40,00,00,
13629206,00000038,false,Rx,0,8,04,00,00,00,60,39,96,D4,
13629462,00000039,false,Rx,0,8,00,00,00,00,00,00,00,00,
13629993,00000380,false,Rx,0,8,96,92,03,08,08,08,08,01,
13630356,0000019B,false,Rx,0,8,52,C8,4F,00,00,E4,00,00,
13630595,0000019C,false,Rx,0,8,40,20,00,00,00,00,0B,09,
13630861,0000019D,false,Rx,0,8,00,10,00,01,00,00,00,00,
13631099,00000427,false,Rx,0,8,1D,86,FF,00,80,0A,00,00,
13631342,0000019E,false,Rx,0,8,15,00,00,00,00,32,00,00,
13631648,000001A1,false,Rx,0,8,70,37,7F,FE,F7,7F,64,00,
13631896,000001A2,false,Rx,0,8,44,00,00,00,27,08,00,00,
13632172,000001A3,false,Rx,0,8,FF,F3,3F,00,00,00,00,00,
13632561,000003A1,false,Rx,0,8,18,00,C4,00,FF,FF,FF,FF,
13632695,000001A4,false,Rx,0,8,FE,07,00,00,00,00,00,00,
13632926,000003A2,false,Rx,0,8,00,00,00,00,00,00,00,00,
13647392,000000FF,false,Rx,0,8,CB,10,00,00,00,00,02,00,
13647886,00000061,false,Rx,0,8,8A,6F,D9,00,00,00,00,00,
13647991,00000062,false,Rx,0,8,02,02,00,02,40,FF,00,FF,
13648429,00000063,false,Rx,0,8,00,00,05,00,00,08,FD,00,
13648537,00000394,false,Rx,0,8,2A,22,1A,49,00,00,00,00,
13648743,00000064,false,Rx,0,8,00,00,00,04,FF,FA,00,00,
13648929,000003C3,false,Rx,0,8,45,10,31,30,36,00,00,00,
13649126,000000A1,false,Rx,0,8,4F,67,D9,57,61,02,8A,00,
13649562,000003E0,false,Rx,0,8,01,70,01,00,54,03,00,00,
13649880,000000A2,false,Rx,0,8,00,00,00,00,00,00,00,00,
13649969,000000A3,false,Rx,0,8,00,40,01,00,00,00,00,00,
13651206,000003E5,false,Rx,0,8,8E,90,01,00,00,00,00,00,
13651341,000003E6,false,Rx,0,8,7F,00,00,00,00,00,00,00,
13651389,0000041A,false,Rx,0,8,95,40,12,00,00,00,00,00,
13651751,0000041B,false,Rx,0,8,60,30,00,00,00,00,00,00,
13651916,0000041C,false,Rx,0,8,E9,80,E0,00,00,00,00,00,
13652179,00000422,false,Rx,0,8,EA,C0,01,00,00,00,04,00,
13653350,00000432,false,Rx,0,8,03,20,02,00,00,00,00,00,
13653702,00000435,false,Rx,0,8,9F,D0,00,40,00,00,00,00,
13654069,00000442,false,Rx,0,8,CE,20,11,81,00,00,00,00,
13654547,00000444,false,Rx,0,8,6C,30,20,50,55,50,00,00,
13654920,00000445,false,Rx,0,8,67,40,00,00,00,00,00,18,
13655381,00000464,false,Rx,0,8,B2,70,F0,FF,38,7F,05,00,
13659575,00000121,false,Rx,0,8,56,E8,3F,00,00,00,00,05,
13659669,00000122,false,Rx,0,8,FF,D9,67,1F,46,47,46,45,
13660098,00000123,false,Rx,0,8,B6,02,00,00,00,00,01,00,
13660425,00000124,false,Rx,0,8,00,00,0A,00,00,00,20,40,
13666904,0000010B,false,Rx,0,8,19,60,49,00,00,00,00,05,
13667008,0000010C,false,Rx,0,8,FF,F9,E7,1F,46,4F,48,48,
13667353,0000010D,false,Rx,0,8,B5,02,00,00,00,00,01,00,
13667490,0000010E,false,Rx,0,8,00,00,1E,00,00,C0,AB,57,
13672058,0000011B,false,Rx,0,8,70,5F,03,05,80,08,28,02,
13672155,0000012B,false,Rx,0,8,96,0F,03,06,00,00,08,00,
13672598,0000011C,false,Rx,0,8,00,05,20,00,22,00,01,01,
13672675,0000012C,false,Rx,0,8,00,00,01,00,00,64,00,00,
13672998,000001E1,false,Rx,0,8,F4,EB,67,02,00,00,00,00,
13673090,000001E2,false,Rx,0,8,00,00,00,00,00,00,00,00,
13673315,00000091,false,Rx,0,8,18,9F,BD,26,06,00,00,00,
13673756,00000092,false,Rx,0,8,25,00,00,00,50,02,00,00,
13673842,00000093,false,Rx,0,8,00,00,00,00,00,00,00,00,
13674081,00000094,false,Rx,0,8,00,00,00,00,00,00,00,00,
13675415,00000401,false,Rx,0,8,C6,10,10,00,00,04,00,00,
13678863,00000036,false,Rx,0,8,96,16,5E,51,00,00,25,05,
13678949,00000037,false,Rx,0,8,30,00,00,10,00,40,00,00,
13679421,00000038,false,Rx,0,8,04,00,00,00,60,39,96,D4,
13679686,00000039,false,Rx,0,8,00,00,00,00,00,00,00,00,
13679789,000003AA,false,Rx,0,8,FF,00,D0,00,54,00,00,00,
13680260,000003B6,false,Rx,0,8,35,9B,DC,00,00,00,00,46,
13680619,0000019B,false,Rx,0,8,2F,0D,54,00,00,E4,00,00,
13680818,000003B7,false,Rx,0,8,46,00,00,00,00,00,00,00,
13680914,0000019C,false,Rx,0,8,40,20,00,00,00,00,0B,09,
13681529,000003B8,false,Rx,0,8,B2,02,00,00,00,00,69,0E,
13681909,0000019D,false,Rx,0,8,00,10,00,01,00,00,00,00,
13682230,000002D6,false,Rx,0,8,84,F2,DC,00,00,00,00,00,
13682316,0000019E,false,Rx,0,8,15,00,00,00,00,32,00,00,
13682938,000002D7,false,Rx,0,8,00,00,00,00,03,00,00,00,
13683313,000002EB,false,Rx,0,8,1A,7B,DC,07,08,01,00,02,
13683669,000002D8,false,Rx,0,8,00,00,00,00,00,00,38,47,
13683967,000002EC,false,Rx,0,8,02,00,CF,00,59,00,00,00,
13684270,000002D9,false,Rx,0,8,00,00,00,00,00,00,00,00,
13684569,000002ED,false,Rx,0,8,00,00,00,00,00,00,00,00,
13684686,000003B9,false,Rx,0,8,00,00,00,00,00,00,00,00,
13684910,000002EE,false,Rx,0,8,00,00,00,00,00,00,00,00,
13684999,00000495,false,Rx,0,8,49,00,00,00,00,00,00,00,
13687332,000002FF,false,Rx,0,8,D4,CB,00,71,02,00,00,00,
13687435,00000316,false,Rx,0,8,25,A3,86,34,06,80,0A,00,
13687708,00000317,false,Rx,0,8,00,00,05,00,00,00,00,00,
13687930,00000472,false,Rx,0,8,5C,EC,00,40,08,41,00,45,
13688445,00000473,false,Rx,0,8,5F,24,00,25,00,00,00,78,
13688701,00000474,false,Rx,0,8,91,72,00,00,00,00,00,08,
13689182,000003B1,false,Rx,0,8,C1,DE,00,80,00,00,20,00,
13689428,00000251,false,Rx,0,8,D3,D0,BA,00,00,00,00,00,
13689672,00000252,false,Rx,0,8,00,00,1B,1B,03,00,00,00,
13689934,000002AB,false,Rx,0,8,D1,13,BD,0C,0C,00,00,00,
13690155,00000253,false,Rx,0,8,00,00,00,58,58,00,80,4D,
13690397,000002AC,false,Rx,0,8,00,FF,FF,00,00,40,00,54,
13690657,000002AD,false,Rx,0,8,00,01,00,40,FF,FF,FF,0F,
13690921,000002AE,false,Rx,0,8,01,00,FF,3F,01,01,00,00,
13691156,000002B6,false,Rx,0,8,6B,35,BD,01,00,00,00,40,
13691412,000002B7,false,Rx,0,8,9F,00,50,1C,00,04,00,00,
13691698,000002B8,false,Rx,0,8,FF,F8,10,00,00,00,00,00,
13691993,000002B9,false,Rx,0,8,0A,00,00,00,00,00,00,00,
13692227,000002C1,false,Rx,0,8,7C,B6,DF,21,00,41,00,D4,
13692497,000002C2,false,Rx,0,8,2A,00,00,00,00,00,00,00,
13692758,000002C3,false,Rx,0,8,00,00,00,00,00,00,00,00,
13693009,000002C4,false,Rx,0,8,00,00,00,00,00,00,00,00,
13693250,0000033B,false,Rx,0,8,89,79,BC,00,00,00,00,00,
13693493,000002E1,false,Rx,0,8,ED,7E,BD,00,00,00,00,40,
13693744,0000033C,false,Rx,0,8,00,00,00,00,F0,00,00,00,
13693992,00000487,false,Rx,1,8,00,00,00,00,00,00,00,00,
13694048,000002E2,false,Rx,0,8,FD,00,00,00,00,14,00,04,
13694256,0000033D,false,Rx,0,8,00,00,00,00,00,00,00,00,
13694347,00000642,false,Rx,1,8,FF,FF,FF,FF,FF,FF,00,00,
13694545,000002E3,false,Rx,0,8,00,00,00,00,00,00,72,01,
13694773,0000033E,false,Rx,0,8,00,00,00,00,00,00,00,00,
13694987,000002E4,false,Rx,0,8,02,00,00,00,00,00,00,00,
13695241,00000356,false,Rx,0,8,77,A9,DE,00,00,00,00,00,
13695710,00000357,false,Rx,0,8,00,00,00,00,00,4B,4D,48,
13696261,00000358,false,Rx,0,8,35,41,45,4D,52,37,33,4F,
13696493,00000359,false,Rx,0,8,51,4F,34,52,4A,35,33,00,
13697151,00000146,false,Rx,0,8,EF,65,B1,10,04,05,00,00,
13697388,00000147,false,Rx,0,8,01,04,7D,00,40,46,07,00,
13697651,00000148,false,Rx,0,8,00,00,42,00,1E,89,40,05,
13697910,00000061,false,Rx,0,8,79,F1,DE,00,00,00,00,00,
13698134,00000149,false,Rx,0,8,00,38,00,CC,00,00,00,00,
13698381,00000062,false,Rx,0,8,02,02,00,02,40,FF,00,FF,
13698625,00000063,false,Rx,0,8,00,00,05,00,00,08,FD,00,
13698867,00000516,false,Rx,0,8,61,02,00,00,00,00,FF,FF,
13699121,00000064,false,Rx,0,8,00,00,00,04,FF,FA,00,00,
13699376,000000A1,false,Rx,0,8,46,E2,DE,57,61,02,8A,00,
13699654,000000A2,false,Rx,0,8,00,00,00,00,00,00,00,00,
13699928,000000A3,false,Rx,0,8,00,40,01,00,00,00,00,00,
13702575,00000111,false,Rx,0,8,6B,9D,0C,01,00,00,00,00,
13702801,0000036F,false,Rx,0,8,FE,01,01,00,00,00,00,00,
13703224,00000112,false,Rx,0,8,00,00,00,00,00,00,00,00,
13703285,0000037F,false,Rx,0,8,FC,60,52,24,41,02,00,00,
13703521,00000113,false,Rx,0,8,00,00,00,00,00,00,00,00,
13703778,00000114,false,Rx,0,8,00,00,00,00,00,00,00,00,
13705355,000001AB,false,Rx,0,8,1E,87,40,50,70,60,00,00,
13705558,000001AC,false,Rx,0,8,00,28,00,00,00,00,00,00,
13706099,000001B1,false,Rx,0,8,8F,D4,B1,00,72,00,00,00,
13706403,000001B2,false,Rx,0,8,23,00,04,B7,0F,09,50,10,
13706675,000001B3,false,Rx,0,8,10,33,37,00,5A,7B,6A,7D,
13706942,000001B4,false,Rx,0,8,65,7D,10,00,00,41,00,00,
13709296,00000121,false,Rx,0,8,F7,97,44,00,00,00,00,05,
13709471,00000122,false,Rx,0,8,FF,D9,67,1F,46,47,46,45,
13709730,00000123,false,Rx,0,8,B6,02,00,00,00,00,01,00,
13709990,00000124,false,Rx,0,8,00,00,0A,00,00,00,20,40,
13716513,0000010B,false,Rx,0,8,EA,FE,4E,00,00,00,00,05,
13716687,0000010C,false,Rx,0,8,FF,F9,E7,1F,46,4F,48,48,
13716960,0000010D,false,Rx,0,8,B5,02,00,00,00,00,01,00,
13717187,0000010E,false,Rx,0,8,00,00,1E,00,00,C0,AB,57,
13721617,00000161,false,Rx,0,8,8D,5F,84,03,00,00,00,02,
13721780,0000011B,false,Rx,0,8,B8,A6,08,05,80,08,28,02,
13722038,00000162,false,Rx,0,8,FF,FC,01,00,00,00,00,00,
13722449,0000011C,false,Rx,0,8,00,05,20,00,22,00,01,01,
13722522,0000012B,false,Rx,0,8,5E,F6,08,06,00,00,08,00,
13722967,0000012C,false,Rx,0,8,00,00,01,00,00,64,00,00,
13724382,0000030B,false,Rx,0,8,E2,11,BC,00,04,00,00,00,
13724535,0000030C,false,Rx,0,8,00,00,0E,00,2C,00,A0,0F,
13724821,0000030D,false,Rx,0,8,00,00,00,00,FF,00,00,00,
13725091,0000030E,false,Rx,0,8,00,00,18,05,21,00,00,FE,
13728828,00000036,false,Rx,0,8,F5,8D,63,51,00,00,25,05,
13729003,00000037,false,Rx,0,8,30,00,00,10,00,40,00,00,
13729240,00000038,false,Rx,0,8,04,00,00,00,60,39,96,D4,
13729683,00000039,false,Rx,0,8,00,00,00,00,00,00,00,00,
13730442,0000019B,false,Rx,0,8,22,CB,59,00,00,E4,00,00,
13730590,0000019C,false,Rx,0,8,40,20,00,00,00,00,0B,09,
13730868,0000019D,false,Rx,0,8,00,10,00,01,00,00,00,00,
13731273,00000475,false,Rx,0,8,12,00,00,00,00,00,00,00,
13731340,0000019E,false,Rx,0,8,15,00,00,00,00,32,00,00,
13731582,00000496,false,Rx,0,8,12,00,00,00,00,00,00,00,
13731803,000001A1,false,Rx,0,8,3F,0E,84,FE,F7,7F,64,00,
13732057,000001A2,false,Rx,0,8,44,00,00,00,27,08,00,00,
13732322,000001A3,false,Rx,0,8,FF,F3,3F,00,00,00,00,00,
13732573,000001A4,false,Rx,0,8,FE,07,00,00,00,00,00,00,
13732855,000001F1,false,Rx,0,8,6E,A3,2D,01,00,00,28,00,
13733135,000001F2,false,Rx,0,8,00,00,00,00,00,00,00,00,
13733413,00000383,false,Rx,0,8,5A,53,00,10,01,00,00,00,
13733513,000004A3,false,Rx,1,8,80,00,48,0B,3E,00,00,00,
13734068,000004A4,false,Rx,1,8,FF,FF,FF,00,00,00,00,00,
13740939,00000448,false,Rx,0,8,DE,80,00,00,00,00,00,00,
13742184,000001FB,false,Rx,0,8,51,4D,B4,00,00,00,00,00,
13742386,000001FC,false,Rx,0,8,00,00,00,00,00,00,00,00,
13742626,000001FD,false,Rx,0,8,00,1A,03,00,00,00,00,00,
13742911,000001FE,false,Rx,0,8,00,00,00,00,00,00,00,00,
13747848,00000061,false,Rx,0,8,1A,6A,E3,00,00,00,00,00,
13747950,00000062,false,Rx,0,8,02,02,00,02,40,FF,00,FF,
13748368,00000063,false,Rx,0,8,00,00,05,00,00,08,FD,00,
13748459,00000064,false,Rx,0,8,00,00,00,04,FF,FA,00,00,
13748782,000000A1,false,Rx,0,8,85,61,E3,57,61,02,8A,00,
13749055,000000A2,false,Rx,0,8,00,00,00,00,00,00,00,00,
13749166,00000382,false,Rx,0,8,2B,FE,21,00,00,05,09,00,
13749525,000000A3,false,Rx,0,8,00,40,01,00,00,00,00,00,
13756596,000002BF,false,Rx,0,8,FF,FF,FF,00,00,00,00,00,
13756699,0000047F,false,Rx,0,8,F0,FC,FF,FF,FF,FF,FF,FF,
13756976,00000653,false,Rx,0,8,0A,19,03,01,02,2A,00,00,
13757286,00000236,false,Rx,0,8,4D,23,BB,00,34,6C,AE,62,
13757519,00000237,false,Rx,0,8,00,15,47,00,00,1E,1B,00,
13757768,00000238,false,Rx,0,8,00,00,72,00,00,00,00,00,
13758039,00000239,false,Rx,0,8,00,00,00,00,01,00,00,00,
13758508,00000151,false,Rx,0,8,0B,D4,BB,64,C8,00,28,18,
13758844,00000152,false,Rx,0,8,14,17,17,00,51,00,00,00,
13759390,00000153,false,Rx,0,8,00,00,00,00,00,00,00,00,
13759503,00000154,false,Rx,0,8,00,00,00,00,00,00,00,00,
13760071,00000121,false,Rx,0,8,FA,51,49,00,00,00,00,05,
13760157,000001F6,false,Rx,0,8,40,08,BB,00,00,00,00,0E,
13760287,00000122,false,Rx,0,8,FF,D9,67,1F,46,47,46,45,
13760359,000001F7,false,Rx,0,8,26,00,DA,02,00,00,00,00,
13760526,00000123,false,Rx,0,8,B6,02,00,00,00,00,01,00,
13760763,000001F8,false,Rx,0,8,00,5E,01,45,01,00,00,00,
13761179,00000124,false,Rx,0,8,00,00,0A,00,00,00,20,40,
13761329,000001F9,false,Rx,0,8,4B,00,64,C8,14,00,4B,00,
13761442,000002FB,false,Rx,0,8,47,02,BB,04,72,1A,B4,B4,
13761856,0000025B,false,Rx,0,8,F5,4B,BB,40,40,20,00,00,
13761917,000002FC,false,Rx,0,8,0F,00,14,18,00,00,8E,43,
13762214,0000025C,false,Rx,0,8,00,00,26,00,B4,2C,19,00,
13762857,000002FD,false,Rx,0,8,00,00,00,00,00,1C,13,EA,
13763192,0000025D,false,Rx,0,8,00,C8,00,00,00,80,C0,70,
13763263,000002FE,false,Rx,0,8,00,00,72,01,00,28,C8,02,
13763523,0000025E,false,Rx,0,8,1B,07,0E,03,00,00,46,00,
13763862,00000326,false,Rx,0,8,39,7F,BB,00,00,00,00,00,
13763955,00000327,false,Rx,0,8,00,00,00,00,05,00,00,00,
13764283,00000328,false,Rx,0,8,DA,02,4B,00,00,5E,01,00,
13764848,00000329,false,Rx,0,8,64,45,01,00,00,00,00,00,
13764941,00000331,false,Rx,0,8,1A,DA,BB,F1,C8,A0,2C,97,
13765214,00000332,false,Rx,0,8,E8,08,FC,03,00,00,00,00,
13765362,00000333,false,Rx,0,8,00,00,00,1C,0C,40,20,64,
13765413,00000334,false,Rx,0,8,C8,00,00,00,08,44,F4,8F,
13766914,0000010B,false,Rx,0,8,22,FC,53,00,00,00,00,05,
13767245,0000010C,false,Rx,0,8,FF,F9,E7,1F,46,4F,48,48,
13767536,0000010D,false,Rx,0,8,B5,02,00,00,00,00,01,00,
13767609,0000010E,false,Rx,0,8,00,00,1E,00,00,C0,AB,57,
13772029,0000011B,false,Rx,0,8,4E,8E,0D,05,80,08,28,02,
13772122,0000012B,false,Rx,0,8,A8,DE,0D,06,00,00,08,00,
13772429,0000011C,false,Rx,0,8,00,05,20,00,22,00,01,01,
13772528,0000012C,false,Rx,0,8,00,00,01,00,00,64,00,00,
13773338,00000091,false,Rx,0,8,F5,65,BE,26,06,00,00,00,
13773673,00000092,false,Rx,0,8,24,00,00,00,40,02,00,00,
13773729,00000093,false,Rx,0,8,00,00,00,00,00,00,00,00,
13774414,00000094,false,Rx,0,8,00,00,00,00,00,00,00,00,
13777185,000001E6,false,Rx,0,8,3A,2C,76,02,00,00,00,00,
13777279,000001E7,false,Rx,0,8,00,00,22,03,20,01,00,00,
13777587,000001BB,false,Rx,0,8,7E,F4,76,02,00,00,00,0A,
13777751,000001BC,false,Rx,0,8,32,00,00,00,02,00,00,00,
13778014,000001BD,false,Rx,0,8,00,00,00,00,00,00,00,00,
13778802,00000036,false,Rx,0,8,4D,8C,68,51,00,00,25,05,
13779132,00000037,false,Rx,0,8,30,00,00,10,00,40,00,00,
13779185,00000038,false,Rx,0,8,04,00,00,00,60,39,96,D4,
13779586,00000039,false,Rx,0,8,00,00,00,00,00,00,00,00,
13779840,00000256,false,Rx,0,8,E6,98,BA,15,40,00,F0,00,
13780213,000002E6,false,Rx,0,8,F8,E0,BA,01,00,00,00,15,
13780300,00000257,false,Rx,0,8,00,93,41,19,85,07,00,94,
13780421,0000019B,false,Rx,0,8,D1,55,5E,00,00,E4,00,00,
13780634,00000258,false,Rx,0,8,36,EC,1A,00,10,15,00,28,
13780895,0000019C,false,Rx,0,8,40,20,00,00,00,00,0B,09,
13781102,00000259,false,Rx,0,8,61,05,8E,3C,4C,02,00,00,
13781361,0000019D,false,Rx,0,8,00,10,00,01,00,00,00,00,
13781596,000002E7,false,Rx,0,8,0A,00,00,00,00,00,00,00,
13781847,0000019E,false,Rx,0,8,15,00,00,00,00,32,00,00,
13782097,000002E8,false,Rx,0,8,00,00,00,00,00,00,00,00,
13782523,00000384,false,Rx,0,8,BA,56,0D,01,00,FF,00,24,
13782873,000002E9,false,Rx,0,8,00,00,00,00,00,00,00,00,
13786487,00000226,false,Rx,0,8,9B,33,0D,FF,63,60,09,42,
13786579,00000227,false,Rx,0,8,02,94,00,09,03,F1,9F,03,
13790100,0000042A,false,Rx,0,8,8E,83,0C,02,00,10,00,00,
13790952,00000396,false,Rx,0,8,FE,B5,DD,0F,08,01,00,02,
13791138,00000397,false,Rx,0,8,80,00,43,10,3F,07,00,00,
13791407,00000398,false,Rx,0,8,00,00,00,00,00,00,00,00,
13797204,00000146,false,Rx,0,8,27,95,B6,10,04,05,00,00,
13797398,00000147,false,Rx,0,8,01,04,7D,00,40,45,07,00,
13797653,00000148,false,Rx,0,8,00,00,42,00,1E,89,40,05,
13797885,00000061,false,Rx,0,8,A2,6B,E8,00,00,00,00,00,
13798116,00000149,false,Rx,0,8,00,38,00,CC,00,00,00,00,
13798368,00000062,false,Rx,0,8,02,02,00,02,40,FF,00,FF,
13798637,00000063,false,Rx,0,8,00,00,05,00,00,08,FD,00,
13798871,00000064,false,Rx,0,8,00,00,00,04,FF,FA,00,00,
13799130,00000561,false,Rx,0,8,63,02,00,00,00,00,FF,FF,
13799349,000000A1,false,Rx,0,8,B9,90,E8,57,61,02,8A,00,
13799643,000000A2,false,Rx,0,8,00,00,00,00,00,00,00,00,
13799897,000000A3,false,Rx,0,8,00,40,01,00,00,00,00,00,
13802643,0000036F,false,Rx,0,8,47,11,01,00,00,00,00,00,
13802856,0000037F,false,Rx,0,8,45,70,52,24,41,02,00,00,
13804344,000000C5,false,Rx,1,8,00,00,00,00,00,00,00,00,
13804575,00000244,false,Rx,1,8,FF,FF,FF,FF,FF,FF,FF,FF,
13804858,000004B4,false,Rx,1,8,00,00,05,40,10,70,04,00,
13805111,000004B5,false,Rx,1,8,08,00,F0,07,00,00,00,00,
13805413,000001AB,false,Rx,0,8,E8,AF,45,50,70,60,00,00,
13805490,000004B7,false,Rx,1,8,08,00,F0,07,00,00,00,00,
13805630,000004CA,false,Rx,1,8,00,00,00,00,00,00,00,00,
13805799,000001AC,false,Rx,0,8,00,28,00,00,00,00,00,00,
13806142,000004CC,false,Rx,1,8,08,00,00,06,00,00,03,00,
13806215,000001B1,false,Rx,0,8,7C,4A,B6,00,72,00,00,00,
13806610,000004CE,false,Rx,1,8,DE,01,00,00,00,00,F8,FF,
13806760,000001B2,false,Rx,0,8,23,00,04,B7,0F,09,50,10,
13807100,000004D7,false,Rx,1,8,23,01,00,00,00,00,00,00,
13807360,000001B3,false,Rx,0,8,10,33,37,00,5A,7B,6A,7D,
13807431,000004D8,false,Rx,1,8,41,10,F0,F0,40,F2,1E,CC,
13807613,000001B4,false,Rx,0,8,65,7D,10,00,00,41,00,00,
13807738,000004DD,false,Rx,1,8,00,00,FE,00,04,00,00,00,
13808097,000004DF,false,Rx,1,8,00,00,08,00,00,00,00,00,
13808568,000004E7,false,Rx,1,8,00,30,00,00,00,00,69,00,
13809075,000004E8,false,Rx,1,8,FF,FF,FF,05,FF,FF,FF,00,
13809317,000004E9,false,Rx,1,8,12,00,00,34,00,00,50,00,
13809646,00000121,false,Rx,0,8,FF,09,4E,00,00,00,00,05,
13809737,000004EA,false,Rx,1,8,67,00,00,89,00,00,00,00,
13809787,00000122,false,Rx,0,8,FF,D9,67,1F,46,48,46,45,
13809837,000004EB,false,Rx,1,8,02,80,16,17,80,00,00,00,
13810304,00000123,false,Rx,0,8,B6,02,00,00,00,00,01,00,
13810368,000004EC,false,Rx,1,8,00,00,00,00,00,00,00,00,
13810796,00000124,false,Rx,0,8,00,00,0A,00,00,00,20,40,
13810865,000004ED,false,Rx,1,8,00,00,00,00,00,FF,FF,1F,
13811332,000004EE,false,Rx,1,8,FF,FF,00,00,00,00,00,00,
13811815,000004EF,false,Rx,1,8,60,00,60,00,2B,14,00,00,
13812096,000004F0,false,Rx,1,8,4A,10,16,17,5C,1A,0B,02,
13812374,000003B0,false,Rx,0,8,72,37,FF,C7,00,00,03,C0,
13812547,000004F1,false,Rx,1,8,00,C0,00,00,00,00,00,00,
13812606,000004F2,false,Rx,1,8,02,FF,DD,FF,03,01,00,00,
13813101,000004F3,false,Rx,1,8,00,00,00,00,30,00,00,00,
13813385,000004F9,false,Rx,1,8,E0,FF,FF,FF,FF,FF,FF,FF,
13813650,000004FE,false,Rx,1,8,69,23,00,03,CF,00,48,A8,
13813925,0000063D,false,Rx,1,8,00,80,00,00,00,00,00,00,
13814193,0000063E,false,Rx,1,8,FF,FF,FF,FF,FF,FF,FF,FF,
13814481,0000063F,false,Rx,1,8,00,10,00,C4,FF,00,00,00,
13814725,00000640,false,Rx,1,8,FF,FF,FF,00,FF,FF,FF,00,
13814995,00000641,false,Rx,1,8,FF,FF,FF,FF,0F,FF,FF,FF,
13815283,00000646,false,Rx,1,8,00,00,00,80,01,00,00,00,
13816736,0000010B,false,Rx,0,8,9A,FD,58,00,00,00,00,05,
13816903,0000010C,false,Rx,0,8,FF,F9,E7,1F,46,4F,48,48,
13817144,0000010D,false,Rx,0,8,B5,02,00,00,00,00,01,00,
13817409,0000010E,false,Rx,0,8,00,00,1E,00,00,C0,AB,57,
13820036,000003B2,false,Rx,0,8,36,15,FF,02,29,2F,34,00,
13821625,00000161,false,Rx,0,8,FE,66,89,03,00,00,00,02,
13821798,0000011B,false,Rx,0,8,5E,D4,12,05,80,08,28,02,
13822047,00000162,false,Rx,0,8,FF,FC,01,00,00,00,00,00,
13822297,0000011C,false,Rx,0,8,00,05,20,00,22,00,01,01,
13822528,0000012B,false,Rx,0,8,B8,84,12,06,00,00,08,00,
13822912,000001E1,false,Rx,0,8,87,D2,6A,02,00,00,00,00,
13823291,0000012C,false,Rx,0,8,00,00,01,00,00,64,00,00,
13823648,000001E2,false,Rx,0,8,00,00,00,00,00,00,00,00,
13824092,00000405,false,Rx,0,8,D2,10,00,00,00,01,00,00,
13824194,00000413,false,Rx,0,8,08,60,00,00,00,00,00,00,
13824245,00000410,false,Rx,0,8,6A,60,57,3C,DE,6A,FF,FF,
13824318,00000414,false,Rx,0,8,41,70,00,00,28,00,00,00,
13824492,00000411,false,Rx,0,8,04,D1,50,51,00,00,44,04,
13824846,00000416,false,Rx,0,8,55,00,00,00,00,00,00,00,
13825118,00000412,false,Rx,0,8,CC,E0,00,00,00,00,00,00,
13825227,00000417,false,Rx,0,8,20,E0,00,00,00,00,00,00,
13825467,0000048F,false,Rx,0,8,AD,10,41,00,05,00,00,00,
13825719,00000418,false,Rx,0,8,07,C0,00,00,14,0C,00,00,
13825967,00000419,false,Rx,0,8,85,E0,26,D5,31,87,90,00,
13828774,00000036,false,Rx,0,8,32,A0,6D,51,00,00,25,05,
13828974,00000037,false,Rx,0,8,30,00,00,10,00,40,00,00,
13829259,00000038,false,Rx,0,8,04,00,00,00,60,39,96,D4,
13829534,00000039,false,Rx,0,8,00,00,00,00,00,00,00,00,
13830049,00000380,false,Rx,0,8,96,92,03,08,08,08,08,01,
13830360,0000019B,false,Rx,0,8,B2,CE,63,00,00,E4,00,00,
13830708,0000019C,false,Rx,0,8,40,20,00,00,00,00,0B,09,
13830848,0000019D,false,Rx,0,8,00,10,00,01,00,00,00,00,
13831115,00000427,false,Rx,0,8,1D,86,FF,00,80,0A,00,00,
13831354,0000019E,false,Rx,0,8,15,00,00,00,00,32,00,00,
13831677,000001A1,false,Rx,0,8,32,C8,89,FE,F7,7F,64,00,
13831946,000001A2,false,Rx,0,8,44,00,00,00,27,08,00,00,
13832197,000001A3,false,Rx,0,8,FF,F3,3F,00,00,00,00,00,
13832439,000003A1,false,Rx,0,8,3C,A8,C5,00,FF,FF,FF,FF,
13832693,000001A4,false,Rx,0,8,FE,07,00,00,00,00,00,00,
13832956,000003A2,false,Rx,0,8,00,00,00,00,00,00,00,00,
13847196,000000FF,false,Rx,0,8,CB,10,00,00,00,00,02,00,
13847756,00000061,false,Rx,0,8,DD,47,ED,00,00,00,00,00,
13847915,00000394,false,Rx,0,8,2A,22,1A,49,00,00,00,00,
13848236,00000062,false,Rx,0,8,02,02,00,02,40,FF,00,FF,
13848448,000003C3,false,Rx,0,8,45,10,31,30,36,00,00,00,
13848583,00000063,false,Rx,0,8,00,00,05,00,00,08,FD,00,
13848832,000003E0,false,Rx,0,8,01,70,01,00,54,03,00,00,
13849072,00000064,false,Rx,0,8,00,00,00,04,FF,FA,00,00,
13849313,00000419,false,Rx,0,8,62,00,26,D5,2D,87,90,00,
13849544,000000A1,false,Rx,0,8,B6,7B,ED,57,61,02,8A,00,
13849801,000000A2,false,Rx,0,8,00,00,00,00,00,00,00,00,
13850061,000000A3,false,Rx,0,8,00,40,01,00,00,00,00,00,
13850659,000003E5,false,Rx,0,8,8E,90,01,00,00,00,00,00,
13851011,000003E6,false,Rx,0,8,7F,00,00,00,00,00,00,00,
13851693,0000041A,false,Rx,0,8,95,40,12,00,00,00,00,00,
13852004,0000041B,false,Rx,0,8,60,30,00,00,00,00,00,00,
13852104,0000041C,false,Rx,0,8,E9,80,E0,00,00,00,00,00,
13852449,00000422,false,Rx,0,8,EA,C0,01,00,00,00,04,00,
13853459,00000432,false,Rx,0,8,03,20,02,00,00,00,00,00,
13853773,00000435,false,Rx,0,8,9F,D0,00,40,00,00,00,00,
13853958,00000442,false,Rx,0,8,CE,20,11,81,00,00,00,00,
13854339,00000444,false,Rx,0,8,6C,30,20,50,55,50,00,00,
13854583,00000445,false,Rx,0,8,67,40,00,00,00,00,00,18,
13855281,00000464,false,Rx,0,8,B2,70,F0,FF,38,7F,05,00,
13859641,00000121,false,Rx,0,8,C1,CD,53,00,00,00,00,05,
13859736,00000122,false,Rx,0,8,FF,D9,67,1F,46,47,46,45,
13860127,00000123,false,Rx,0,8,B6,02,00,00,00,00,01,00,
13860211,00000124,false,Rx,0,8,00,00,0A,00,00,00,20,40,
13862505,00000415,false,Rx,0,8,40,13,10,00,08,01,00,00,
13866790,0000010B,false,Rx,0,8,E5,D1,5D,00,00,00,00,05,
13866883,0000010C,false,Rx,0,8,FF,F9,E7,1F,46,4F,48,48,
13867287,0000010D,false,Rx,0,8,B5,02,00,00,00,00,01,00,
13867370,0000010E,false,Rx,0,8,00,00,1E,00,00,C0,AB,57,
13871975,0000011B,false,Rx,0,8,A8,FC,17,05,80,08,28,02,
13872095,0000012B,false,Rx,0,8,4E,AC,17,06,00,00,08,00,
13872291,0000011C,false,Rx,0,8,00,05,20,00,22,00,01,01,
13872558,0000012C,false,Rx,0,8,00,00,01,00,00,64,00,00,
13873080,00000091,false,Rx,0,8,46,4B,BF,26,06,00,00,00,
13873338,00000092,false,Rx,0,8,23,00,00,00,30,02,00,00,
13873599,00000093,false,Rx,0,8,00,00,00,00,00,00,00,00,
13873863,00000094,false,Rx,0,8,00,00,00,00,00,00,00,00,
13875491,00000401,false,Rx,0,8,C6,10,10,00,00,04,00,00,
13878873,00000036,false,Rx,0,8,76,10,72,51,00,00,25,05,
13878979,00000037,false,Rx,0,8,30,00,00,10,00,40,00,00,
13879395,00000038,false,Rx,0,8,04,00,00,00,60,39,96,D4,
13879474,000003AA,false,Rx,0,8,FF,00,D0,00,54,00,00,00,
13879856,00000039,false,Rx,0,8,00,00,00,00,00,00,00,00,
13880464,000003B6,false,Rx,0,8,73,C2,DD,00,00,00,00,46,
13880679,0000019B,false,Rx,0,8,0A,CF,68,00,00,E4,00,00,
13880730,000003B7,false,Rx,0,8,46,00,00,00,00,00,00,00,
13880914,0000019C,false,Rx,0,8,40,20,00,00,00,00,0B,09,
13881203,000003B8,false,Rx,0,8,B2,02,00,00,00,00,69,0E,
13881403,0000019D,false,Rx,0,8,00,10,00,01,00,00,00,00,
13881654,000002D6,false,Rx,0,8,C2,AB,DD,00,00,00,00,00,
13881879,0000019E,false,Rx,0,8,15,00,00,00,00,32,00,00,
13882140,000002D7,false,Rx,0,8,00,00,00,00,03,00,00,00,
13882373,000002EB,false,Rx,0,8,BF,6A,DD,07,08,01,00,02,
13882608,000001F1,false,Rx,0,8,17,B9,30,01,00,00,28,00,
13882850,000002D8,false,Rx,0,8,00,00,00,00,00,00,38,47,
13883172,000001F2,false,Rx,0,8,00,00,00,00,00,00,00,00,
13883801,000002D9,false,Rx,0,8,00,00,00,00,00,00,00,00,
13884179,000002EC,false,Rx,0,8,00,00,CF,00,59,00,00,00,
13884259,000003B9,false,Rx,0,8,00,00,00,00,00,00,00,00,
13884805,000002ED,false,Rx,0,8,00,00,00,00,00,00,00,00,
13884971,00000495,false,Rx,0,8,49,00,00,00,00,00,00,00,
13885025,000002EE,false,Rx,0,8,00,00,00,00,00,00,00,00,
13887360,00000316,false,Rx,0,8,01,0B,87,34,06,80,0A,00,
13887466,00000317,false,Rx,0,8,00,00,05,00,00,00,00,00,
13887903,000003CB,false,Rx,0,8,36,14,00,F4,00,00,00,00,
13887977,00000472,false,Rx,0,8,5C,EC,00,40,08,41,00,45,
13888351,000003CC,false,Rx,0,8,36,31,34,30,33,34,31,00,
13888642,00000419,false,Rx,0,8,62,00,26,D5,2D,87,90,00,
13888736,000002FF,false,Rx,0,8,D4,CB,00,71,02,00,00,00,
13888824,00000473,false,Rx,0,8,5F,24,00,25,00,00,00,78,
13889177,00000474,false,Rx,0,8,91,72,00,00,00,00,00,08,
13889826,00000251,false,Rx,0,8,D9,62,BC,00,00,00,00,00,
13890475,00000563,false,Rx,1,8,65,02,00,00,00,00,FF,FF,
13890761,00000252,false,Rx,0,8,00,00,1B,1B,03,00,00,00,
13890837,000002AB,false,Rx,0,8,5D,A1,BF,0C,0C,00,00,00,
13891152,00000253,false,Rx,0,8,00,00,00,58,58,00,80,4D,
13891250,000002AC,false,Rx,0,8,00,FF,FF,00,00,40,00,54,
13891487,000003B1,false,Rx,0,8,C1,DE,00,80,00,00,20,00,
13891642,000002AD,false,Rx,0,8,00,01,00,40,FF,FF,FF,0F,
13891694,000002AE,false,Rx,0,8,01,00,FF,3F,01,01,00,00,
13891738,000002B6,false,Rx,0,8,E7,87,BF,01,00,00,00,40,
13891882,000002B7,false,Rx,0,8,9F,00,50,1C,00,04,00,00,
13892147,000002B8,false,Rx,0,8,FF,F8,10,00,00,00,00,00,
13892398,000002B9,false,Rx,0,8,0A,00,00,00,00,00,00,00,
13892656,000002C1,false,Rx,0,8,93,9F,E0,21,00,41,00,D4,
13892897,000002C2,false,Rx,0,8,2A,00,00,00,00,00,00,00,
13893169,000002C3,false,Rx,0,8,00,00,00,00,00,00,00,00,
13893399,0000033B,false,Rx,0,8,05,CB,BE,00,00,00,00,00,
13893664,000002C4,false,Rx,0,8,00,00,00,00,00,00,00,00,
13893916,0000033C,false,Rx,0,8,00,00,00,00,F0,00,00,00,
13894161,000002E1,false,Rx,0,8,61,CC,BF,00,00,00,00,40,
13894427,00000487,false,Rx,1,8,00,00,00,00,00,00,00,00,
13894500,0000033D,false,Rx,0,8,00,00,00,00,00,00,00,00,
13894642,000002E2,false,Rx,0,8,FD,00,00,00,00,14,00,04,
13894885,00000642,false,Rx,1,8,FF,FF,FF,FF,FF,FF,00,00,
13895015,0000033E,false,Rx,0,8,00,00,00,00,00,00,00,00,
13895146,000002E3,false,Rx,0,8,00,00,00,00,00,00,72,01,
13895442,00000645,false,Rx,1,8,C7,35,06,79,E0,32,56,00,
13895501,00000356,false,Rx,0,8,31,F0,DF,00,00,00,00,00,
13895624,000002E4,false,Rx,0,8,02,00,00,00,00,00,00,00,
13895888,00000357,false,Rx,0,8,00,00,00,00,00,4B,4D,48,
13896370,00000358,false,Rx,0,8,35,41,45,4D,52,37,33,4F,
13896835,00000359,false,Rx,0,8,51,4F,34,52,4A,35,33,00,
13897309,00000146,false,Rx,0,8,11,3D,BB,10,04,05,00,00,
13897555,00000147,false,Rx,0,8,01,04,7D,00,40,46,07,00,
13897799,00000061,false,Rx,0,8,99,F7,F2,00,00,00,00,00,
13898033,00000148,false,Rx,0,8,00,00,42,00,1E,89,40,05,
13898283,00000062,false,Rx,0,8,02,02,00,02,40,FF,00,FF,
13898520,00000149,false,Rx,0,8,00,38,00,CC,00,00,00,00,
13898776,00000063,false,Rx,0,8,00,00,05,00,00,08,FD,00,
13899042,00000064,false,Rx,0,8,00,00,00,04,FF,FA,00,00,
13899288,000000A1,false,Rx,0,8,D5,16,F2,57,61,02,8A,00,
13899532,000000A2,false,Rx,0,8,00,00,00,00,00,00,00,00,
13899791,000000A3,false,Rx,0,8,00,40,01,00,00,00,00,00,
13902533,00000111,false,Rx,0,8,2D,C4,0D,01,00,00,00,00,
13902785,0000036F,false,Rx,0,8,91,21,01,00,00,00,00,00,
13903029,00000112,false,Rx,0,8,00,00,00,00,00,00,00,00,
13903261,0000037F,false,Rx,0,8,EC,80,52,24,41,02,00,00,
13903512,00000113,false,Rx,0,8,00,00,00,00,00,00,00,00,
13903779,00000114,false,Rx,0,8,00,00,00,00,00,00,00,00,
13904968,000001AB,false,Rx,0,8,F2,D6,4A,50,70,60,00,00,
13905250,000001AC,false,Rx,0,8,00,28,00,00,00,00,00,00,
13906103,000001B1,false,Rx,0,8,71,8C,BB,00,72,00,00,00,
13906466,000001B2,false,Rx,0,8,23,00,04,B7,0F,09,50,10,
13906721,000001B3,false,Rx,0,8,10,33,37,00,5A,7B,6A,7D,
13906986,000001B4,false,Rx,0,8,65,7D,10,00,00,41,00,00,
13909310,00000121,false,Rx,0,8,79,CC,58,00,00,00,00,05,
13909496,00000122,false,Rx,0,8,FF,D9,67,1F,46,47,46,45,
13909731,00000123,false,Rx,0,8,B6,02,00,00,00,00,01,00,
13909995,00000124,false,Rx,0,8,00,00,0A,00,00,00,20,40,
13916502,0000010B,false,Rx,0,8,0A,F8,62,00,00,00,00,05,
13916697,0000010C,false,Rx,0,8,FF,F9,E7,1F,46,4F,48,48,
13916937,0000010D,false,Rx,0,8,B5,02,00,00,00,00,01,00,
13917194,0000010E,false,Rx,0,8,00,00,1E,00,00,C0,AB,57,
13921623,00000161,false,Rx,0,8,61,0E,8E,03,00,00,00,02,
13921828,0000011B,false,Rx,0,8,60,05,1C,05,80,08,28,02,
13922038,00000162,false,Rx,0,8,FF,FC,01,00,00,00,00,00,
13922308,0000011C,false,Rx,0,8,00,05,20,00,22,00,01,01,
13922536,0000012B,false,Rx,0,8,86,55,1C,06,00,00,08,00,
13922790,0000012C,false,Rx,0,8,00,00,01,00,00,64,00,00,
13924393,0000030B,false,Rx,0,8,5D,35,BE,00,04,00,00,00,
13924635,0000030C,false,Rx,0,8,00,00,0E,00,2C,00,A0,0F,
13924794,0000030D,false,Rx,0,8,00,00,00,00,FF,00,00,00,
13925307,0000030E,false,Rx,0,8,00,00,18,05,21,00,00,02,
13926811,000001E6,false,Rx,0,8,20,55,79,02,00,00,00,00,
13926938,000001E7,false,Rx,0,8,00,00,22,03,20,01,00,00,
13927293,000001BB,false,Rx,0,8,4E,D9,79,02,00,00,00,0A,
13927532,000001BC,false,Rx,0,8,32,00,00,00,02,00,00,00,
13927795,000001BD,false,Rx,0,8,00,00,00,00,00,00,00,00,
13928078,00000419,false,Rx,0,8,62,00,26,D5,2D,87,90,00,
13928618,00000036,false,Rx,0,8,09,3C,77,51,00,00,25,05,
13928730,00000037,false,Rx,0,8,30,00,00,10,00,40,00,00,
13929054,00000038,false,Rx,0,8,04,00,00,00,60,39,96,D4,
13929298,00000039,false,Rx,0,8,00,00,00,00,00,00,00,00,
13930450,0000019B,false,Rx,0,8,75,E3,6D,00,00,E4,00,00,
13930560,0000019C,false,Rx,0,8,40,20,00,00,00,00,0B,09,
13930855,0000019D,false,Rx,0,8,00,10,00,01,00,00,00,00,
13931120,00000475,false,Rx,0,8,12,00,00,00,00,00,00,00,
13931326,0000019E,false,Rx,0,8,15,00,00,00,00,32,00,00,
13931587,00000496,false,Rx,0,8,12,00,00,00,00,00,00,00,
13931806,000001A1,false,Rx,0,8,C1,56,8E,FE,F7,7F,64,00,
13932072,000001A2,false,Rx,0,8,44,00,00,00,27,08,00,00,
13932327,000001A3,false,Rx,0,8,FF,F3,3F,00,00,00,00,00,
13932680,000001A4,false,Rx,0,8,FE,07,00,00,00,00,00,00,
13933102,00000383,false,Rx,0,8,5A,53,00,10,01,00,00,00,
13934546,000004A3,false,Rx,1,8,80,00,48,0B,3E,00,00,00,
13934790,000004A4,false,Rx,1,8,FF,FF,FF,00,00,00,00,00,
13940854,00000448,false,Rx,0,8,DE,80,00,00,00,00,00,00,
13942214,000001FB,false,Rx,0,8,DD,FF,B6,00,00,00,00,00,
13942394,000001FC,false,Rx,0,8,00,00,00,00,00,00,00,00,
13942665,000001FD,false,Rx,0,8,00,1A,03,00,00,00,00,00,
13943049,000001FE,false,Rx,0,8,00,00,00,00,00,00,00,00,
13944603,000004E8,false,Rx,1,8,FF,FF,FF,05,FF,FF,FF,00,
13948707,00000061,false,Rx,0,8,E6,DB,F7,00,00,00,00,00,
13948813,00000062,false,Rx,0,8,02,02,00,02,40,FF,00,FF,
13948871,00000063,false,Rx,0,8,00,00,05,00,00,08,FD,00,
13948958,00000064,false,Rx,0,8,00,00,00,04,FF,FA,00,00,
13949001,000000A1,false,Rx,0,8,DA,FD,F7,57,61,02,8A,00,
13949043,000000A2,false,Rx,0,8,00,00,00,00,00,00,00,00,
13949153,00000382,false,Rx,0,8,2B,FE,21,00,00,05,09,00,
13949529,000000A3,false,Rx,0,8,00,40,01,00,00,00,00,00,
13956568,000002BF,false,Rx,0,8,FF,FF,FF,00,00,00,00,00,
13956765,0000047F,false,Rx,0,8,F0,FC,FF,FF,FF,FF,FF,FF,
13956972,00000653,false,Rx,0,8,0A,19,03,01,02,2A,00,00,
13957295,00000236,false,Rx,0,8,F8,E4,BD,00,34,6C,AE,62,
13957717,00000237,false,Rx,0,8,00,15,47,00,00,1E,1B,00,
13957782,00000238,false,Rx,0,8,00,00,72,00,00,00,00,00,
13958053,00000239,false,Rx,0,8,00,00,00,00,01,00,00,00,
13959432,00000121,false,Rx,0,8,06,E0,5D,00,00,00,00,05,
13959642,00000122,false,Rx,0,8,FF,D9,67,1F,46,47,46,45,
13959881,000001F6,false,Rx,0,8,F5,CF,BD,00,00,00,00,0E,
13960134,00000123,false,Rx,0,8,B6,02,00,00,00,00,01,00,
13960374,000001F7,false,Rx,0,8,26,00,DA,02,00,00,00,00,
13960631,00000124,false,Rx,0,8,00,00,0A,00,00,00,20,40,
13960870,000001F8,false,Rx,0,8,00,5E,01,45,01,00,00,00,
13961097,00000151,false,Rx,0,8,BE,13,BD,64,C8,00,28,18,
13961318,000001F9,false,Rx,0,8,4B,00,64,C8,14,00,4B,00,
13961575,00000152,false,Rx,0,8,14,17,17,00,51,00,00,00,
13961796,0000025B,false,Rx,0,8,3B,5D,BD,40,40,20,00,00,
13962052,00000153,false,Rx,0,8,00,00,00,00,00,00,00,00,
13962285,0000025C,false,Rx,0,8,00,00,26,00,B4,2C,19,00,
13962550,00000154,false,Rx,0,8,00,00,00,00,00,00,00,00,
13962958,0000025D,false,Rx,0,8,00,C8,00,00,00,80,C0,70,
13963043,000002FB,false,Rx,0,8,F2,C5,BD,04,72,1A,B4,B4,
13963251,0000025E,false,Rx,0,8,02,07,0E,01,00,00,46,00,
13963500,000002FC,false,Rx,0,8,0F,00,14,18,00,00,8E,43,
13963749,000002FD,false,Rx,0,8,00,00,00,00,00,1C,13,EA,
13964021,000002FE,false,Rx,0,8,00,00,72,01,00,28,C8,02,
13964284,00000326,false,Rx,0,8,8C,B8,BD,00,00,00,00,00,
13964530,00000327,false,Rx,0,8,00,00,00,00,05,00,00,00,
13964795,00000328,false,Rx,0,8,DA,02,4B,00,00,5E,01,00,
13965040,00000329,false,Rx,0,8,64,45,01,00,00,00,00,00,
13965300,00000331,false,Rx,0,8,AF,1D,BD,F1,C8,A0,2C,97,
13965551,00000332,false,Rx,0,8,E8,08,FC,03,00,00,00,00,
13965821,00000333,false,Rx,0,8,00,00,00,1C,0C,40,20,64,
13966068,00000334,false,Rx,0,8,C8,00,00,00,08,44,F4,8F,
13966613,0000010B,false,Rx,0,8,75,D4,67,00,00,00,00,05,
13966831,0000010C,false,Rx,0,8,FF,F9,E7,1F,46,4F,48,48,
13967096,0000010D,false,Rx,0,8,B5,02,00,00,00,00,01,00,
13967330,0000010E,false,Rx,0,8,00,00,1E,00,00,C0,AB,57,
13971910,0000011B,false,Rx,0,8,0D,59,21,05,80,08,28,02,
13972072,0000012B,false,Rx,0,8,EB,09,21,06,00,00,08,00,
13972325,0000011C,false,Rx,0,8,00,05,20,00,22,00,01,01,
13972573,0000012C,false,Rx,0,8,00,00,01,00,00,64,00,00,
13972796,000001E1,false,Rx,0,8,18,BA,6D,02,00,00,00,00,
13973063,000001E2,false,Rx,0,8,00,00,00,00,00,00,00,00,
13973312,00000091,false,Rx,0,8,2B,36,C0,26,06,00,00,00,
13973551,00000092,false,Rx,0,8,24,00,00,00,40,02,00,00,
13973817,00000093,false,Rx,0,8,00,00,00,00,00,00,00,00,
13974071,00000094,false,Rx,0,8,00,00,00,00,00,00,00,00,
13978742,00000036,false,Rx,0,8,B1,3D,7C,51,00,00,25,05,
13978925,00000037,false,Rx,0,8,30,00,00,10,00,40,00,00,
13979208,00000038,false,Rx,0,8,04,00,00,00,60,39,96,D4,
13979455,00000039,false,Rx,0,8,00,00,00,00,00,00,00,00,
13979685,00000256,false,Rx,0,8,E5,70,BC,15,40,00,F0,00,
13979934,000002E6,false,Rx,0,8,4D,27,BC,01,00,00,00,15,
13980164,00000257,false,Rx,0,8,00,94,41,18,85,07,00,94,
13980408,0000019B,false,Rx,0,8,31,53,72,00,00,E4,00,00,
13980637,00000258,false,Rx,0,8,36,EC,1A,00,10,15,00,28,
13980877,0000019C,false,Rx,0,8,40,20,00,00,00,00,0B,09,
13981123,00000259,false,Rx,0,8,5D,05,8D,3C,4C,02,00,00,
13981353,0000019D,false,Rx,0,8,00,10,00,01,00,00,00,00,
13981595,000002E7,false,Rx,0,8,0A,00,00,00,00,00,00,00,
13981840,0000019E,false,Rx,0,8,15,00,00,00,00,32,00,00,
13982090,000002E8,false,Rx,0,8,00,00,00,00,00,00,00,00,
13982345,00000384,false,Rx,0,8,BA,56,0D,01,00,FF,00,24,
13982702,000002E9,false,Rx,0,8,00,00,00,00,00,00,00,00,
13986041,00000226,false,Rx,0,8,F2,73,0F,FF,63,60,09,42,
13986132,00000227,false,Rx,0,8,02,94,00,09,03,F1,9F,03,
13986736,000004E8,false,Rx,1,8,FF,FF,FF,05,FF,FF,FF,00,
13989144,0000042A,false,Rx,0,8,8E,83,0C,02,00,10,00,00,
13990832,00000565,false,Rx,0,8,66,02,00,00,00,00,FF,FF,
13991008,00000396,false,Rx,0,8,60,02,DE,0F,08,01,00,02,
13991258,00000397,false,Rx,0,8,56,00,43,10,3F,07,00,00,
13991571,00000398,false,Rx,0,8,00,00,00,00,00,00,00,00,
13997201,00000146,false,Rx,0,8,8B,2C,C0,10,04,05,00,00,
13997381,00000147,false,Rx,0,8,01,04,7D,00,40,45,07,00,
13997673,00000061,false,Rx,0,8,5E,DA,FC,00,00,00,00,00,
13997922,00000148,false,Rx,0,8,00,00,42,00,1E,89,40,05,
13998147,00000062,false,Rx,0,8,02,02,00,02,40,FF,00,FF,
13998401,00000149,false,Rx,0,8,00,38,00,CC,00,00,00,00,
13998633,00000063,false,Rx,0,8,00,00,05,00,00,08,FD,00,
13998924,00000064,false,Rx,0,8,00,00,00,04,FF,FA,00,00,
13999144,000000A1,false,Rx,0,8,E6,0C,FC,57,61,02,8A,00,
13999436,000000A2,false,Rx,0,8,00,00,00,00,00,00,00,00,
13999686,000000A3,false,Rx,0,8,00,40,01,00,00,00,00,00,
14002784,0000036F,false,Rx,0,8,28,31,01,00,00,00,00,00,
14002870,0000037F,false,Rx,0,8,55,90,52,24,41,02,00,00,
14004895,000001AB,false,Rx,0,8,5E,F5,4F,50,70,68,00,00,
14005087,000001AC,false,Rx,0,8,00,28,00,00,00,00,00,00,
14006193,000001B1,false,Rx,0,8,D0,F3,C0,00,72,00,00,00,
14006309,000001B2,false,Rx,0,8,23,00,04,B7,0F,09,50,10,
14006399,000000C5,false,Rx,1,8,00,00,00,00,00,00,00,00,
14006587,00000244,false,Rx,1,8,FF,FF,FF,FF,FF,FF,FF,FF,
14006692,000001B3,false,Rx,0,8,10,33,37,00,5A,7B,6A,7D,
14007075,000003E4,false,Rx,1,8,FE,00,00,00,00,00,00,00,
14007148,000001B4,false,Rx,0,8,65,7D,10,00,00,41,00,00,
14007571,0000041F,false,Rx,1,8,00,0C,00,00,00,00,00,00,
14008034,000004B4,false,Rx,1,8,00,00,05,40,10,70,04,00,
14008502,000004B5,false,Rx,1,8,08,00,F0,07,00,00,00,00,
14008806,000004B7,false,Rx,1,8,08,00,F0,07,00,00,00,00,
14009054,000004CA,false,Rx,1,8,00,00,00,00,00,00,00,00,
14009336,000004CC,false,Rx,1,8,08,00,00,06,00,00,03,00,
14009624,00000121,false,Rx,0,8,E9,C9,62,00,00,00,00,05,
14009809,000004CE,false,Rx,1,8,DE,01,00,00,00,00,F8,FF,
14009963,00000122,false,Rx,0,8,FF,D9,67,1F,46,47,46,45,
14010034,000004D7,false,Rx,1,8,23,01,00,00,00,00,00,00,
14010373,000004D8,false,Rx,1,8,41,10,F0,F0,40,F2,1E,CC,
14010441,00000123,false,Rx,0,8,B6,02,00,00,00,00,01,00,
14010802,000004DD,false,Rx,1,8,00,00,FE,00,04,00,00,00,
14011082,00000124,false,Rx,0,8,00,00,0A,00,00,00,20,40,
14011204,000004DF,false,Rx,1,8,00,00,08,00,00,00,00,00,
14011362,000004E7,false,Rx,1,8,00,30,00,00,00,00,69,00,
14011823,000004E9,false,Rx,1,8,12,00,00,34,00,00,50,00,
14012389,000003B0,false,Rx,0,8,72,37,FF,C7,00,00,03,C0,
14012450,000004EA,false,Rx,1,8,67,00,00,89,00,00,00,00,
14012556,000004EB,false,Rx,1,8,02,80,16,17,80,00,00,00,
14013109,000004EC,false,Rx,1,8,00,00,00,00,00,00,00,00,
14013328,000004ED,false,Rx,1,8,00,00,00,00,00,FF,FF,1F,
14013628,000004EE,false,Rx,1,8,FF,FF,00,00,00,00,00,00,
14013891,000004EF,false,Rx,1,8,60,00,60,00,2B,14,00,00,
14014167,0000063D,false,Rx,1,8,00,80,00,00,00,00,00,00,
14014449,0000063E,false,Rx,1,8,FF,FF,FF,FF,FF,FF,FF,FF,
14014698,0000063F,false,Rx,1,8,00,10,00,C4,FF,00,00,00,
14014998,00000640,false,Rx,1,8,FF,FF,FF,00,FF,FF,FF,00,
14015249,00000641,false,Rx,1,8,FF,FF,FF,FF,0F,FF,FF,FF,
14015536,00000646,false,Rx,1,8,00,00,00,80,01,00,00,00,
14016526,0000010B,false,Rx,0,8,CD,D5,6C,00,00,00,00,05,
14016694,0000010C,false,Rx,0,8,FF,F9,E7,1F,46,4F,48,48,
14016948,0000010D,false,Rx,0,8,B5,02,00,00,00,00,01,00,
14017191,0000010E,false,Rx,0,8,00,00,1E,00,00,C0,AB,57,
14020029,000003B2,false,Rx,0,8,36,15,FF,02,29,2F,34,00,
14020833,00000485,false,Rx,0,8,00,40,11,02,00,00,00,00,
14021655,00000161,false,Rx,0,8,18,14,93,03,00,00,00,02,
14021820,0000011B,false,Rx,0,8,92,31,26,05,80,08,28,02,
14022081,00000162,false,Rx,0,8,FF,FC,01,00,00,00,00,00,
14022322,0000011C,false,Rx,0,8,00,05,20,00,22,00,01,01,
14022554,0000012B,false,Rx,0,8,74,61,26,06,00,00,08,00,
14022797,00000405,false,Rx,0,8,D2,10,00,00,00,01,00,00,
14023295,0000012C,false,Rx,0,8,00,00,01,00,00,64,00,00,
14023643,00000410,false,Rx,0,8,6A,60,57,3C,DE,6A,FF,FF,
14023954,00000411,false,Rx,0,8,04,D1,50,51,00,00,44,04,
14024118,00000413,false,Rx,0,8,08,60,00,00,00,00,00,00,
14024174,00000412,false,Rx,0,8,CC,E0,00,00,00,00,00,00,
14024330,00000414,false,Rx,0,8,41,70,00,00,28,00,00,00,
14024580,00000416,false,Rx,0,8,55,00,00,00,00,00,00,00,
14024912,00000417,false,Rx,0,8,20,E0,00,00,00,00,00,00,
14025391,00000418,false,Rx,0,8,07,C0,00,00,14,0C,00,00,
14025646,00000419,false,Rx,0,8,62,00,26,D5,2D,87,90,00,
14026612,000004E8,false,Rx,1,8,FF,FF,FF,05,FF,FF,FF,00,
14028593,00000036,false,Rx,0,8,4B,C3,81,51,00,00,25,05,
14028853,00000037,false,Rx,0,8,30,00,00,10,00,40,00,00,
14029070,00000038,false,Rx,0,8,04,00,00,00,60,39,96,D4,
14029333,00000039,false,Rx,0,8,00,00,00,00,00,00,00,00,
14029817,00000380,false,Rx,0,8,96,92,03,08,08,08,08,01,
14030376,0000019B,false,Rx,0,8,4E,7F,77,00,00,E4,00,00,
14030598,0000019C,false,Rx,0,8,40,20,00,00,00,00,0B,09,
14030863,0000019D,false,Rx,0,8,00,10,00,01,00,00,00,00,
14031090,00000427,false,Rx,0,8,1D,86,FF,00,80,0A,00,00,
14031342,0000019E,false,Rx,0,8,15,00,00,00,00,32,00,00,
14031729,000001A1,false,Rx,0,8,09,54,93,FE,F7,7F,64,00,
14031976,000003A1,false,Rx,0,8,71,40,C6,00,FF,FF,FF,FF,
14032209,000001A2,false,Rx,0,8,44,00,00,00,27,08,00,00,
14032473,000003A2,false,Rx,0,8,00,00,00,00,00,00,00,00,
14032708,000001A3,false,Rx,0,8,FF,F3,3F,00,00,00,00,00,
14032982,000001A4,false,Rx,0,8,FE,07,00,00,00,00,00,00,
14033224,000001F1,false,Rx,0,8,5A,51,33,01,00,00,28,00,
14033486,000001F2,false,Rx,0,8,00,00,00,00,00,00,00,00,
14047007,000000FF,false,Rx,0,8,CB,10,00,00,00,00,02,00,
14047851,00000061,false,Rx,0,8,A4,24,01,00,00,00,00,00,
14047937,00000394,false,Rx,0,8,2A,22,1A,49,00,00,00,00,
14048115,00000062,false,Rx,0,8,02,02,00,02,40,FF,00,FF,
14048344,000003C3,false,Rx,0,8,45,10,31,30,36,00,00,00,
14048587,00000063,false,Rx,0,8,00,00,05,00,00,08,FD,00,
14048832,000003E0,false,Rx,0,8,01,70,01,00,54,03,00,00,
14049076,00000064,false,Rx,0,8,00,00,00,04,FF,FA,00,00,
14049325,000000A1,false,Rx,0,8,92,BC,01,57,61,02,8A,00,
14049586,000000A2,false,Rx,0,8,00,00,00,00,00,00,00,00,
14049826,000003E5,false,Rx,0,8,8E,90,01,00,00,00,00,00,
14050244,000000A3,false,Rx,0,8,00,40,01,00,00,00,00,00,
14050373,000003E6,false,Rx,0,8,7F,00,00,00,00,00,00,00,
14051349,0000041A,false,Rx,0,8,95,40,12,00,00,00,00,00,
14051657,0000041B,false,Rx,0,8,60,30,00,00,00,00,00,00,
14051863,0000041C,false,Rx,0,8,E9,80,E0,00,00,00,00,00,
14052060,00000422,false,Rx,0,8,EA,C0,01,00,00,00,04,00,
14052592,00000432,false,Rx,0,8,03,20,02,00,00,00,00,00,
14052886,00000435,false,Rx,0,8,9F,D0,00,40,00,00,00,00,
14053220,00000442,false,Rx,0,8,CE,20,11,81,00,00,00,00,
14053488,00000444,false,Rx,0,8,6C,30,20,50,55,50,00,00,
14053733,00000445,false,Rx,0,8,67,40,00,00,00,00,00,18,
14054655,00000464,false,Rx,0,8,B2,70,F0,FF,38,7F,05,00,
14059589,00000121,false,Rx,0,8,96,E5,67,00,00,00,00,05,
14059683,00000122,false,Rx,0,8,FF,D9,67,1F,46,47,46,45,
14060106,00000123,false,Rx,0,8,B6,02,00,00,00,00,01,00,
14060443,00000124,false,Rx,0,8,00,00,0A,00,00,00,20,40,
14066660,0000010B,false,Rx,0,8,05,D7,71,00,00,00,00,05,
14066754,0000010C,false,Rx,0,8,FF,F9,E7,1F,46,4F,48,48,
14067159,0000010D,false,Rx,0,8,B5,02,00,00,00,00,01,00,
14067250,0000010E,false,Rx,0,8,00,00,1E,00,00,C0,AB,57,
14072064,0000011B,false,Rx,0,8,E1,08,2B,05,80,08,28,02,
14072157,0000012B,false,Rx,0,8,07,58,2B,06,00,00,08,00,
14072569,0000011C,false,Rx,0,8,00,05,20,00,22,00,01,01,
14072650,0000012C,false,Rx,0,8,00,00,01,00,00,64,00,00,
14073397,00000091,false,Rx,0,8,23,4D,C1,26,06,00,00,00,
14073622,00000092,false,Rx,0,8,26,00,00,00,60,02,00,00,
14073668,00000093,false,Rx,0,8,00,00,00,00,00,00,00,00,
14073932,00000094,false,Rx,0,8,00,00,00,00,00,00,00,00,
14075925,00000401,false,Rx,0,8,C6,10,10,00,00,04,00,00,
14077691,000001E6,false,Rx,0,8,D6,7D,7C,02,00,00,00,00,
14077806,000001E7,false,Rx,0,8,00,00,22,03,20,01,00,00,
14077852,000001BB,false,Rx,0,8,41,32,7C,02,00,00,00,0A,
14078221,000001BC,false,Rx,0,8,32,00,00,00,02,00,00,00,
14078478,000001BD,false,Rx,0,8,00,00,00,00,00,00,00,00,
14079212,00000036,false,Rx,0,8,B8,5D,86,51,00,00,25,05,
14079521,00000037,false,Rx,0,8,30,00,00,10,00,40,00,00,
14079619,00000038,false,Rx,0,8,04,00,00,00,60,39,96,D4,
14079984,000003AA,false,Rx,0,8,FF,00,D0,00,54,00,00,00,
14080270,00000039,false,Rx,0,8,00,00,00,00,00,00,00,00,
14080365,000003B6,false,Rx,0,8,B9,29,DE,00,00,00,00,46,
14081017,0000019B,false,Rx,0,8,F6,7E,7C,00,00,E4,00,00,
14081285,000003B7,false,Rx,0,8,46,00,00,00,00,00,00,00,
14081346,0000019C,false,Rx,0,8,40,20,00,00,00,00,0B,09,
14081684,000003B8,false,Rx,0,8,B2,02,00,00,00,00,69,0E,
14082007,0000019D,false,Rx,0,8,00,10,00,01,00,00,00,00,
14082215,000002D6,false,Rx,0,8,08,40,DE,00,00,00,00,00,
14082641,0000019E,false,Rx,0,8,15,00,00,00,00,32,00,00,
14082987,000002D7,false,Rx,0,8,00,00,00,00,03,00,00,00,
14083309,000002EB,false,Rx,0,8,96,C9,DE,07,08,01,00,02,
14083687,000002D8,false,Rx,0,8,00,00,00,00,00,00,38,47,
14083962,000002EC,false,Rx,0,8,02,00,CF,00,59,00,00,00,
14084082,000002D9,false,Rx,0,8,00,00,00,00,00,00,00,00,
14084373,000002ED,false,Rx,0,8,00,00,00,00,00,00,00,00,
14084661,000003B9,false,Rx,0,8,00,00,00,00,00,00,00,00,
14084780,000002EE,false,Rx,0,8,00,00,00,00,00,00,00,00,
14084873,00000495,false,Rx,0,8,49,00,00,00,00,00,00,00,
14084925,00000566,false,Rx,0,8,16,02,00,00,00,00,FF,FF,
14086658,000002FF,false,Rx,0,8,D4,CB,00,71,02,00,00,00,
14086740,00000316,false,Rx,0,8,1B,72,88,34,06,80,0A,00,
14086893,000004F0,false,Rx,1,8,4A,10,16,18,5C,1A,0B,02,
14086939,00000317,false,Rx,0,8,00,00,05,00,00,00,00,00,
14087569,00000472,false,Rx,0,8,5C,EC,00,40,08,41,00,45,
14087722,00000473,false,Rx,0,8,5F,24,00,25,00,00,00,78,
14087926,00000474,false,Rx,0,8,91,72,00,00,00,00,00,08,
14089541,000003B1,false,Rx,0,8,C1,DE,00,80,00,00,20,00,
14089859,00000251,false,Rx,0,8,DF,0C,BE,00,00,00,00,00,
14089971,00000252,false,Rx,0,8,00,00,1B,1B,03,00,00,00,
14090308,000002AB,false,Rx,0,8,83,F2,C1,0C,0C,00,00,00,
14090390,00000253,false,Rx,0,8,00,00,00,58,58,00,80,4D,
14090656,000002AC,false,Rx,0,8,00,FF,FF,00,00,40,00,54,
14090733,000002AD,false,Rx,0,8,00,01,00,40,FF,FF,FF,0F,
14090815,000002AE,false,Rx,0,8,01,00,FF,3F,01,01,00,00,
14091049,000002B6,false,Rx,0,8,39,D4,C1,01,00,00,00,40,
14091344,000002B7,false,Rx,0,8,9F,00,50,1C,00,04,00,00,
14091550,000002B8,false,Rx,0,8,FF,F8,10,00,00,00,00,00,
14091822,000002B9,false,Rx,0,8,0A,00,00,00,00,00,00,00,
14092057,000002C1,false,Rx,0,8,D5,C6,E1,21,00,41,00,D4,
14092411,000002C2,false,Rx,0,8,2A,00,00,00,00,00,00,00,
14092733,000002C3,false,Rx,0,8,00,00,00,00,00,00,00,00,
14093309,000002C4,false,Rx,0,8,00,00,00,00,00,00,00,00,
14093621,000002E1,false,Rx,0,8,BF,9F,C1,00,00,00,00,40,
14093682,0000033B,false,Rx,0,8,DB,98,C0,00,00,00,00,00,
14093762,000002E2,false,Rx,0,8,FD,00,00,00,00,14,00,04,
14094070,0000033C,false,Rx,0,8,00,00,00,00,F0,00,00,00,
14094627,000002E3,false,Rx,0,8,00,00,00,00,00,00,72,01,
14094764,0000033D,false,Rx,0,8,00,00,00,00,00,00,00,00,
14095075,000002E4,false,Rx,0,8,02,00,00,00,00,00,00,00,
14095381,0000033E,false,Rx,0,8,00,00,00,00,00,00,00,00,
14095698,00000356,false,Rx,0,8,DE,D9,E0,00,00,00,00,00,
14095943,00000357,false,Rx,0,8,00,00,00,00,00,4B,4D,48,
14096106,00000358,false,Rx,0,8,35,41,45,4D,52,37,33,4F,
14097029,00000359,false,Rx,0,8,51,4F,34,52,4A,35,33,00,
14097708,00000487,false,Rx,1,8,00,00,00,00,00,00,00,00,
14097865,00000642,false,Rx,1,8,FF,FF,FF,FF,FF,FF,00,00,
14097943,00000146,false,Rx,0,8,CF,6E,C5,10,04,05,00,00,
14097989,00000147,false,Rx,0,8,01,04,7D,00,40,46,07,00,
14098053,00000148,false,Rx,0,8,00,00,42,00,1E,89,40,05,
14098126,00000061,false,Rx,0,8,57,BA,06,00,00,00,00,00,
14098371,00000149,false,Rx,0,8,00,38,00,CC,00,00,00,00,
14098457,00000062,false,Rx,0,8,02,02,00,02,40,FF,00,FF,
14098859,00000063,false,Rx,0,8,00,00,05,00,00,08,FD,00,
14099338,00000064,false,Rx,0,8,00,00,00,04,FF,FA,00,00,
14099557,000000A1,false,Rx,0,8,9B,39,06,57,61,02,8A,00,
14099816,000000A2,false,Rx,0,8,00,00,00,00,00,00,00,00,
14100059,000000A3,false,Rx,0,8,00,40,01,00,00,00,00,00,
14102628,00000111,false,Rx,0,8,E7,2F,0E,01,00,00,00,00,
14102809,0000036F,false,Rx,0,8,20,41,01,00,00,00,00,00,
14103071,00000112,false,Rx,0,8,00,00,00,00,00,00,00,00,
14103260,0000037F,false,Rx,0,8,83,A0,52,24,41,02,00,00,
14103532,00000113,false,Rx,0,8,00,00,00,00,00,00,00,00,
14103790,00000114,false,Rx,0,8,00,00,00,00,00,00,00,00,
14104696,000001AB,false,Rx,0,8,9C,2F,54,50,70,68,00,00,
14104988,000001AC,false,Rx,0,8,00,28,00,00,00,00,00,00,
14106087,000001B1,false,Rx,0,8,AF,DF,C5,00,72,00,00,00,
14106314,000001B2,false,Rx,0,8,23,00,04,B7,0F,09,50,10,
14106566,000001B3,false,Rx,0,8,10,33,37,00,5A,7B,6A,7D,
14107137,000001B4,false,Rx,0,8,65,7D,10,00,00,41,00,00,
14107571,00000643,false,Rx,1,8,00,FC,FF,FF,FF,FF,03,00,
14109565,00000121,false,Rx,0,8,2E,E4,6C,00,00,00,00,05,
14109673,00000122,false,Rx,0,8,FF,D9,67,1F,46,47,46,45,
14109734,00000123,false,Rx,0,8,B6,02,00,00,00,00,01,00,
14110360,00000124,false,Rx,0,8,00,00,0A,00,00,00,20,40,
14116655,0000010B,false,Rx,0,8,F6,49,76,00,00,00,00,05,
14116748,0000010C,false,Rx,0,8,FF,F9,E7,1F,46,4F,48,48,
14117146,0000010D,false,Rx,0,8,B5,02,00,00,00,00,01,00,
14117236,0000010E,false,Rx,0,8,00,00,1E,00,00,C0,AB,57,
14121815,00000161,false,Rx,0,8,D0,ED,98,03,00,00,00,02,
14121915,0000011B,false,Rx,0,8,23,D2,30,05,80,08,28,02,
14122320,00000162,false,Rx,0,8,FF,FC,01,00,00,00,00,00,
14122640,0000011C,false,Rx,0,8,00,05,20,00,22,00,01,01,
14122787,0000012B,false,Rx,0,8,C5,82,30,06,00,00,08,00,
14123087,000001E1,false,Rx,0,8,61,A0,70,02,00,00,00,00,
14123161,0000012C,false,Rx,0,8,00,00,01,00,00,64,00,00,
14123463,000001E2,false,Rx,0,8,00,00,00,00,00,00,00,00,
14124335,0000030B,false,Rx,0,8,83,66,C0,00,04,00,00,00,
14124564,0000030C,false,Rx,0,8,00,00,0E,00,2C,00,A0,0F,
14124777,0000030D,false,Rx,0,8,00,00,00,00,FF,00,00,00,
14125044,0000030E,false,Rx,0,8,00,00,18,05,21,00,00,02,
14126767,000004F0,false,Rx,1,8,4A,10,16,18,5C,1A,0B,02,
14128968,00000036,false,Rx,0,8,B5,9B,8B,51,00,00,25,05,
14129075,00000037,false,Rx,0,8,30,00,00,10,00,40,00,00,
14129442,00000038,false,Rx,0,8,04,00,00,00,60,39,96,D4,
14129553,00000039,false,Rx,0,8,00,00,00,00,00,00,00,00,
14130400,0000019B,false,Rx,0,8,0C,80,81,00,00,E4,00,00,
14130663,0000019C,false,Rx,0,8,40,20,00,00,00,00,0B,09,
14130842,0000019D,false,Rx,0,8,00,10,00,01,00,00,00,00,
14131086,00000475,false,Rx,0,8,12,00,00,00,00,00,00,00,
14131341,0000019E,false,Rx,0,8,15,00,00,00,00,32,00,00,
14131566,00000496,false,Rx,0,8,12,00,00,00,00,00,00,00,
14131823,000001A1,false,Rx,0,8,B1,55,98,FE,F7,7F,64,00,
14132073,000001A2,false,Rx,0,8,44,00,00,00,27,08,00,00,
14132330,000001A3,false,Rx,0,8,FF,F3,3F,00,00,00,00,00,
14132577,000001A4,false,Rx,0,8,FE,07,00,00,00,00,00,00,
14133017,00000383,false,Rx,0,8,5A,53,00,10,01,00,00,00,
14136746,000004A3,false,Rx,1,8,80,00,48,0B,3E,00,00,00,
14136857,000004A4,false,Rx,1,8,FF,FF,FF,00,00,00,00,00,
14140976,00000448,false,Rx,0,8,DE,80,00,00,00,00,00,00,
14142224,000001FB,false,Rx,0,8,1A,D2,B8,00,00,00,00,00,
14142442,000001FC,false,Rx,0,8,00,00,00,00,00,00,00,00,
14142677,000001FD,false,Rx,0,8,00,1A,03,00,00,00,00,00,
14142956,000001FE,false,Rx,0,8,00,00,00,00,00,00,00,00,
14147698,00000061,false,Rx,0,8,5A,7C,0B,00,00,00,00,00,
14147892,00000062,false,Rx,0,8,02,02,00,02,40,FF,00,FF,
14148138,00000063,false,Rx,0,8,00,00,05,00,00,08,FD,00,
14148395,00000064,false,Rx,0,8,00,00,00,04,FF,FA,00,00,
14148618,000000A1,false,Rx,0,8,AD,7A,0B,57,61,02,8A,00,
14148882,000000A2,false,Rx,0,8,00,00,00,00,00,00,00,00,
14149128,00000382,false,Rx,0,8,2B,FE,21,00,00,05,09,00,
14149372,000000A3,false,Rx,0,8,00,40,01,00,00,00,00,00,
14156598,000002BF,false,Rx,0,8,FF,FF,FF,00,00,00,00,00,
14156760,0000047F,false,Rx,0,8,F0,FC,FF,FF,FF,FF,FF,FF,
14157051,00000653,false,Rx,0,8,0A,19,03,01,02,2A,00,00,
14157315,00000236,false,Rx,0,8,74,56,BF,00,34,6C,AE,62,
14157544,00000237,false,Rx,0,8,00,15,47,00,00,1E,1B,00,
14157833,00000238,false,Rx,0,8,00,00,72,00,00,00,00,00,
14158104,00000239,false,Rx,0,8,00,00,00,00,01,00,00,00,
14159210,00000151,false,Rx,0,8,32,A1,BF,64,C8,00,28,18,
14159466,00000121,false,Rx,0,8,E6,E6,71,00,00,00,00,05,
14159702,000001F6,false,Rx,0,8,79,7D,BF,00,00,00,00,0E,
14159947,00000122,false,Rx,0,8,FF,D9,67,1F,46,47,46,45,
14160171,000001F7,false,Rx,0,8,26,00,DA,02,00,00,00,00,
14160420,00000123,false,Rx,0,8,B6,02,00,00,00,00,01,00,
14160661,000001F8,false,Rx,0,8,00,5E,01,45,01,00,00,00,
14160911,00000124,false,Rx,0,8,00,00,0A,00,00,00,20,40,
14161128,000001F9,false,Rx,0,8,4B,00,64,C8,14,00,4B,00,
14161381,00000152,false,Rx,0,8,14,17,17,00,51,00,00,00,
14161613,0000025B,false,Rx,0,8,CC,3E,BF,40,40,20,00,00,
14161862,00000153,false,Rx,0,8,00,00,00,00,00,00,00,00,
14162099,0000025C,false,Rx,0,8,00,00,26,00,B4,2C,19,00,
14162355,00000154,false,Rx,0,8,00,00,00,00,00,00,00,00,
14162604,0000025D,false,Rx,0,8,00,C8,00,00,00,80,C0,70,
14162821,000002FB,false,Rx,0,8,7E,77,BF,04,72,1A,B4,B4,
14163052,0000025E,false,Rx,0,8,1B,07,0E,03,00,00,46,00,
14163305,000002FC,false,Rx,0,8,0F,00,14,18,00,00,8E,43,
14163562,000002FD,false,Rx,0,8,00,00,00,00,00,1C,13,EA,
14163811,000002FE,false,Rx,0,8,00,00,72,01,00,28,C8,02,
14164076,00000326,false,Rx,0,8,00,0A,BF,00,00,00,00,00,
14164344,00000327,false,Rx,0,8,00,00,00,00,05,00,00,00,
14164751,00000328,false,Rx,0,8,DA,02,4B,00,00,5E,01,00,
14164811,00000329,false,Rx,0,8,64,45,01,00,00,00,00,00,
14165087,00000331,false,Rx,0,8,23,AF,BF,F1,C8,A0,2C,97,
14165381,00000332,false,Rx,0,8,E8,08,FC,03,00,00,00,00,
14165633,00000333,false,Rx,0,8,00,00,00,1C,0C,40,20,64,
14165877,00000334,false,Rx,0,8,C8,00,00,00,08,44,F4,8F,
14166577,0000010B,false,Rx,0,8,FB,8F,7B,00,00,00,00,05,
14166783,000004F0,false,Rx,1,8,4A,10,16,18,5C,1A,0B,02,
14166841,0000010C,false,Rx,0,8,FF,F9,E7,1F,46,4F,48,48,
14167094,0000010D,false,Rx,0,8,B5,02,00,00,00,00,01,00,
14167519,0000010E,false,Rx,0,8,00,00,1E,00,00,C0,AB,57,
14171951,0000011B,false,Rx,0,8,D5,FA,35,05,80,08,28,02,
14172111,0000012B,false,Rx,0,8,33,AA,35,06,00,00,08,00,
14172362,0000011C,false,Rx,0,8,00,05,20,00,22,00,01,01,
14172616,0000012C,false,Rx,0,8,00,00,01,00,00,64,00,00,
14173084,00000091,false,Rx,0,8,CE,B7,C2,26,06,00,00,00,
14173343,00000092,false,Rx,0,8,27,00,00,00,70,02,00,00,
14173591,00000093,false,Rx,0,8,00,00,00,00,00,00,00,00,
14173853,00000094,false,Rx,0,8,00,00,00,00,00,00,00,00,
14178747,00000036,false,Rx,0,8,C8,5E,90,51,00,00,25,05,
14178936,00000037,false,Rx,0,8,30,00,00,10,00,40,00,00,
14179184,00000038,false,Rx,0,8,04,00,00,00,60,39,96,D4,
14179457,00000039,false,Rx,0,8,00,00,00,00,00,00,00,00,
14179695,00000256,false,Rx,0,8,87,ED,BE,15,40,00,F0,00,
14179943,000002E6,false,Rx,0,8,C1,95,BE,01,00,00,00,15,
14180176,00000257,false,Rx,0,8,00,94,41,19,85,07,00,94,
14180407,0000019B,false,Rx,0,8,FF,1E,86,00,00,E4,00,00,
14180636,00000258,false,Rx,0,8,36,EC,1A,00,10,15,00,28,
14180883,0000019C,false,Rx,0,8,40,20,00,00,00,00,0B,09,
14181138,00000259,false,Rx,0,8,61,05,8D,3C,4C,02,00,00,
14181365,0000019D,false,Rx,0,8,00,10,00,01,00,00,00,00,
14181713,000002E7,false,Rx,0,8,0A,00,00,00,00,00,00,00,
14182023,0000019E,false,Rx,0,8,15,00,00,00,00,32,00,00,
14182620,000002E8,false,Rx,0,8,00,00,00,00,00,00,00,00,
14182988,00000384,false,Rx,0,8,BA,56,0D,01,00,FF,00,24,
14183292,000001F1,false,Rx,0,8,AC,79,36,01,00,00,28,00,
14183642,000002E9,false,Rx,0,8,00,00,00,00,00,00,00,00,
14183968,000001F2,false,Rx,0,8,00,00,00,00,00,00,00,00,
14184062,00000516,false,Rx,0,8,61,02,00,00,00,00,FF,FF,
14185937,00000226,false,Rx,0,8,C6,81,11,FF,63,60,09,42,
14186045,00000227,false,Rx,0,8,02,94,00,09,03,F1,9F,03,
14189243,0000042A,false,Rx,0,8,8E,83,0C,02,00,10,00,00,
14191152,00000396,false,Rx,0,8,C8,58,DF,0F,08,02,00,02,
14191247,00000397,false,Rx,0,8,4E,00,43,10,3F,07,00,00,
14191671,00000398,false,Rx,0,8,00,00,00,00,00,00,00,00,
14197309,00000146,false,Rx,0,8,4E,1A,CA,10,04,05,00,00,
14197402,00000147,false,Rx,0,8,01,04,7D,00,40,46,07,00,
14197825,00000148,false,Rx,0,8,00,00,42,00,1E,89,40,05,
14197904,00000061,false,Rx,0,8,27,B9,10,00,00,00,00,00,
14198241,00000149,false,Rx,0,8,00,38,00,CC,00,00,00,00,
14198456,00000062,false,Rx,0,8,02,02,00,02,40,FF,00,FF,
14198617,00000063,false,Rx,0,8,00,00,05,00,00,08,FD,00,
14198854,00000064,false,Rx,0,8,00,00,00,04,FF,FA,00,00,
14199127,000000A1,false,Rx,0,8,C2,CB,10,57,61,02,8A,00,
14199409,000000A2,false,Rx,0,8,00,00,00,00,00,00,00,00,
14199598,000000A3,false,Rx,0,8,00,40,01,00,00,00,00,00,
14202653,0000036F,false,Rx,0,8,99,51,01,00,00,00,00,00,
14202841,0000037F,false,Rx,0,8,3A,B0,52,24,41,02,00,00,
14204633,000001AB,false,Rx,0,8,EF,16,59,50,70,68,00,00,
14204855,000001AC,false,Rx,0,8,00,28,00,00,00,00,00,00,
14206368,000001B1,false,Rx,0,8,2E,AB,CA,00,72,00,00,00,
14206456,000001B2,false,Rx,0,8,23,00,04,B7,0F,09,50,10,
14206558,000000C5,false,Rx,1,8,00,00,00,00,00,00,00,00,
14206627,000001B3,false,Rx,0,8,10,33,37,00,5A,7B,6A,7D,
14206779,00000244,false,Rx,1,8,FF,FF,FF,FF,FF,FF,FF,FF,
14206833,000001B4,false,Rx,0,8,65,7D,10,00,00,41,00,00,
14207099,000004B4,false,Rx,1,8,00,00,05,40,10,70,04,00,
14207556,000004B5,false,Rx,1,8,08,00,F0,07,00,00,00,00,
14208035,000004B7,false,Rx,1,8,08,00,F0,07,00,00,00,00,
14208531,000004CA,false,Rx,1,8,00,00,00,00,00,00,00,00,
14208817,000004CC,false,Rx,1,8,08,00,00,06,00,00,03,00,
14209076,000004CE,false,Rx,1,8,DE,01,00,00,00,00,F8,FF,
14209354,000004D7,false,Rx,1,8,23,01,00,00,00,00,00,00,
14209637,00000121,false,Rx,0,8,E3,BE,76,00,00,00,00,05,
14209853,000004D8,false,Rx,1,8,41,10,F0,F0,40,F2,1E,CC,
14209942,00000122,false,Rx,0,8,FF,D9,67,1F,46,48,46,45,
14209991,000004DD,false,Rx,1,8,00,00,FE,00,04,00,00,00,
14210340,00000123,false,Rx,0,8,B6,02,00,00,00,00,01,00,
14210413,000004DF,false,Rx,1,8,00,00,08,00,00,00,00,00,
14210812,000004E7,false,Rx,1,8,00,30,00,00,00,00,69,00,
14210884,00000124,false,Rx,0,8,00,00,0A,00,00,00,20,40,
14211315,000004E8,false,Rx,1,8,FF,FF,FF,05,FF,FF,FF,00,
14211801,000004E9,false,Rx,1,8,12,00,00,34,00,00,50,00,
14212070,000004EA,false,Rx,1,8,67,00,00,89,00,00,00,00,
14212336,000004EB,false,Rx,1,8,02,80,16,18,80,00,00,00,
14212607,000003B0,false,Rx,0,8,72,37,FF,C7,00,00,03,C0,
14212684,000004EC,false,Rx,1,8,00,00,00,00,00,00,00,00,
14212848,000004ED,false,Rx,1,8,00,00,00,00,00,FF,FF,1F,
14213348,000004EE,false,Rx,1,8,FF,FF,00,00,00,00,00,00,
14213623,000004EF,false,Rx,1,8,60,00,60,00,2B,14,00,00,
14213898,0000063D,false,Rx,1,8,00,80,00,00,00,00,00,00,
14214175,0000063E,false,Rx,1,8,FF,FF,FF,FF,FF,FF,FF,FF,
14214434,0000063F,false,Rx,1,8,00,10,00,C4,FF,00,00,00,
14214701,00000640,false,Rx,1,8,FF,FF,FF,00,FF,FF,FF,00,
14214971,00000641,false,Rx,1,8,FF,FF,FF,FF,0F,FF,FF,FF,
14215251,00000646,false,Rx,1,8,00,00,00,80,01,00,00,00,
14216524,0000010B,false,Rx,0,8,B4,B6,80,00,00,00,00,05,
14216688,0000010C,false,Rx,0,8,FF,F9,E7,1F,46,4F,48,48,
14216937,0000010D,false,Rx,0,8,B5,02,00,00,00,00,01,00,
14217177,0000010E,false,Rx,0,8,00,00,1E,00,00,C0,AB,57,
14220012,000003B2,false,Rx,0,8,36,15,FF,02,29,2F,34,00,
14221692,00000161,false,Rx,0,8,26,C5,9D,03,00,00,00,02,
14221854,0000011B,false,Rx,0,8,CF,83,3A,05,80,08,28,02,
14222106,00000162,false,Rx,0,8,FF,FC,01,00,00,00,00,00,
14222355,0000011C,false,Rx,0,8,00,05,20,00,22,00,01,01,
14222587,0000012B,false,Rx,0,8,29,D3,3A,06,00,00,08,00,
14222840,00000405,false,Rx,0,8,D2,10,00,00,00,01,00,00,
14223263,0000012C,false,Rx,0,8,00,00,01,00,00,64,00,00,
14223324,00000410,false,Rx,0,8,6A,60,57,3C,DE,6A,FF,FF,
14223573,00000411,false,Rx,0,8,04,D1,50,51,00,00,44,04,
14223826,00000413,false,Rx,0,8,08,60,00,00,00,00,00,00,
14224079,00000412,false,Rx,0,8,CC,E0,00,00,00,00,00,00,
14224318,00000414,false,Rx,0,8,41,70,00,00,28,00,00,00,
14224585,00000416,false,Rx,0,8,55,00,00,00,00,00,00,00,
14224842,00000417,false,Rx,0,8,20,E0,00,00,00,00,00,00,
14225287,00000418,false,Rx,0,8,07,C0,00,00,14,0C,00,00,
14225538,00000419,false,Rx,0,8,62,00,26,D5,2D,87,90,00,
14226666,000001E6,false,Rx,0,8,9B,95,7F,02,00,00,00,00,
14226949,000001E7,false,Rx,0,8,00,00,22,03,20,01,00,00,
14227395,000001BB,false,Rx,0,8,44,6B,7F,02,00,00,00,0A,
14227538,000001BC,false,Rx,0,8,32,00,00,00,02,00,00,00,
14227969,000001BD,false,Rx,0,8,00,00,00,00,00,00,00,00,
14228754,00000036,false,Rx,0,8,B7,72,95,51,00,00,25,05,
14228974,00000037,false,Rx,0,8,30,00,00,10,00,40,00,00,
14229287,00000038,false,Rx,0,8,04,00,00,00,60,39,96,D4,
14229519,00000039,false,Rx,0,8,00,00,00,00,00,00,00,00,
14229999,00000380,false,Rx,0,8,96,92,03,08,08,08,08,01,
14230375,0000019B,false,Rx,0,8,F2,D8,8B,00,00,E4,00,00,
14230638,0000019C,false,Rx,0,8,40,20,00,00,00,00,0B,09,
14230875,0000019D,false,Rx,0,8,00,10,00,01,00,00,00,00,
14231120,00000427,false,Rx,0,8,1D,86,FF,00,80,0A,00,00,
14231364,0000019E,false,Rx,0,8,15,00,00,00,00,32,00,00,
14231732,000001A1,false,Rx,0,8,CE,79,9D,FE,F7,7F,64,00,
14232110,000003A1,false,Rx,0,8,55,E8,C7,00,FF,FF,FF,FF,
14232546,000001A2,false,Rx,0,8,44,00,00,00,27,08,00,00,
14232755,000003A2,false,Rx,0,8,00,00,00,00,00,00,00,00,
14232801,000001A3,false,Rx,0,8,FF,F3,3F,00,00,00,00,00,
14233006,000001A4,false,Rx,0,8,FE,07,00,00,00,00,00,00,
14246781,000000FF,false,Rx,0,8,CB,10,00,00,00,00,02,00,
14247500,00000394,false,Rx,0,8,2A,22,1A,49,00,00,00,00,
14247694,00000061,false,Rx,0,8,58,95,15,00,00,00,00,00,
14247889,000003C3,false,Rx,0,8,45,10,31,30,36,00,00,00,
14248140,00000062,false,Rx,0,8,02,02,00,02,40,FF,00,FF,
14248373,000003E0,false,Rx,0,8,01,70,01,00,54,03,00,00,
14248622,00000063,false,Rx,0,8,00,00,05,00,00,08,FD,00,
14248887,00000064,false,Rx,0,8,00,00,00,04,FF,FA,00,00,
14249129,000000A1,false,Rx,0,8,CD,20,15,57,61,02,8A,00,
14249388,000000A2,false,Rx,0,8,00,00,00,00,00,00,00,00,
14249633,000003E5,false,Rx,0,8,8E,90,01,00,00,00,00,00,
14249989,000000A3,false,Rx,0,8,00,40,01,00,00,00,00,00,
14250145,000003E6,false,Rx,0,8,7F,00,00,00,00,00,00,00,
14250647,0000041A,false,Rx,0,8,95,40,12,00,00,00,00,00,
14251095,0000041B,false,Rx,0,8,60,30,00,00,00,00,00,00,
14251363,0000041C,false,Rx,0,8,E9,80,E0,00,00,00,00,00,
14251724,00000422,false,Rx,0,8,EA,C0,01,00,00,00,04,00,
14252338,00000432,false,Rx,0,8,03,20,02,00,00,00,00,00,
14252988,00000435,false,Rx,0,8,9F,D0,00,40,00,00,00,00,
14253105,00000442,false,Rx,0,8,CE,20,11,81,00,00,00,00,
14253391,00000444,false,Rx,0,8,6C,30,20,50,55,50,00,00,
14253768,00000445,false,Rx,0,8,67,40,00,00,00,00,00,18,
14254392,00000464,false,Rx,0,8,B2,70,F0,FF,38,7F,05,00,
14259623,00000121,false,Rx,0,8,18,BE,7B,00,00,00,00,05,
14259734,00000122,false,Rx,0,8,FF,D9,67,1F,46,47,46,45,
14260130,00000123,false,Rx,0,8,B6,02,00,00,00,00,01,00,
14260203,00000124,false,Rx,0,8,00,00,0A,00,00,00,20,40,
14266780,0000010B,false,Rx,0,8,CB,9A,85,00,00,00,00,05,
14266872,0000010C,false,Rx,0,8,FF,F9,E7,1F,46,4F,48,48,
14267281,0000010D,false,Rx,0,8,B5,02,00,00,00,00,01,00,
14267369,0000010E,false,Rx,0,8,00,00,1E,00,00,C0,AB,57,
14272096,0000011B,false,Rx,0,8,39,AB,3F,05,80,08,28,02,
14272189,0000012B,false,Rx,0,8,DF,FB,3F,06,00,00,08,00,
14272618,0000011C,false,Rx,0,8,00,05,20,00,22,00,01,01,
14272689,0000012C,false,Rx,0,8,00,00,01,00,00,64,00,00,
14273057,000001E1,false,Rx,0,8,2C,48,73,02,00,00,00,00,
14273358,00000091,false,Rx,0,8,45,10,C3,26,06,00,00,00,
14273449,000001E2,false,Rx,0,8,00,00,00,00,00,00,00,00,
14273763,00000092,false,Rx,0,8,28,00,00,00,80,02,00,00,
14274122,00000093,false,Rx,0,8,00,00,00,00,00,00,00,00,
14274714,00000094,false,Rx,0,8,00,00,00,00,00,00,00,00,
14276168,00000401,false,Rx,0,8,C6,10,10,00,00,04,00,00,
14278918,00000036,false,Rx,0,8,36,06,9A,51,00,00,25,05,
14279024,00000037,false,Rx,0,8,30,00,00,10,00,40,00,00,
14279352,00000038,false,Rx,0,8,04,00,00,00,60,39,96,D4,
14279871,000003AA,false,Rx,0,8,FF,00,D0,00,54,00,00,00,
14280234,00000039,false,Rx,0,8,00,00,00,00,00,00,00,00,
14280318,000003B6,false,Rx,0,8,FF,70,DF,00,00,00,00,46,
14280778,0000019B,false,Rx,0,8,8F,1D,90,00,00,E4,00,00,
14281081,000003B7,false,Rx,0,8,46,00,00,00,00,00,00,00,
14281649,0000019C,false,Rx,0,8,40,20,00,00,00,00,0B,09,
14281757,000003B8,false,Rx,0,8,B2,02,00,00,00,00,69,0E,
14282014,0000019D,false,Rx,0,8,00,10,00,01,00,00,00,00,
14282329,000002D6,false,Rx,0,8,4E,19,DF,00,00,00,00,00,
14282695,0000019E,false,Rx,0,8,15,00,00,00,00,32,00,00,
14283001,000002D7,false,Rx,0,8,00,00,00,00,03,00,00,00,
14283093,000002EB,false,Rx,0,8,7D,A3,DF,07,08,01,00,02,
14283244,000002D8,false,Rx,0,8,00,00,00,00,00,00,38,47,
14283577,000002EC,false,Rx,0,8,0A,00,CF,00,59,00,00,00,
14283663,000002D9,false,Rx,0,8,00,00,00,00,00,00,00,00,
14283733,000002ED,false,Rx,0,8,00,00,00,00,00,00,00,00,
14283786,000003B9,false,Rx,0,8,00,00,00,00,00,00,00,00,
14284384,000002EE,false,Rx,0,8,00,00,00,00,00,00,00,00,
14284747,00000495,false,Rx,0,8,49,00,00,00,00,00,00,00,
14285768,00000561,false,Rx,0,8,63,02,00,00,00,00,FF,FF,
14286434,000002FF,false,Rx,0,8,D4,CB,00,71,02,00,00,00,
14286521,00000316,false,Rx,0,8,3F,DA,89,34,06,80,0A,00,
14286804,00000317,false,Rx,0,8,00,00,05,00,00,00,00,00,
14287174,00000472,false,Rx,0,8,5C,EC,00,40,08,41,00,45,
14287502,00000473,false,Rx,0,8,5F,24,00,25,00,00,00,78,
14287834,00000474,false,Rx,0,8,91,72,00,00,00,00,00,08,
14289317,000003B1,false,Rx,0,8,C1,DE,00,80,00,00,20,00,
14289423,00000251,false,Rx,0,8,74,C7,C0,00,00,00,00,00,
14289840,00000252,false,Rx,0,8,00,00,1B,1B,03,00,00,00,
14290208,000002AB,false,Rx,0,8,0F,40,C3,0C,0C,00,00,00,
14290306,00000253,false,Rx,0,8,00,00,00,58,58,00,80,4D,
14290356,000002AC,false,Rx,0,8,00,FF,FF,00,00,40,00,54,
14290711,000002AD,false,Rx,0,8,00,01,00,40,FF,FF,FF,0F,
14291066,000002AE,false,Rx,0,8,01,00,FF,3F,01,01,00,00,
14291387,000002B6,false,Rx,0,8,B5,66,C3,01,00,00,00,40,
14291751,000002B7,false,Rx,0,8,9F,00,50,1C,00,04,00,00,
14292117,000002B8,false,Rx,0,8,FF,F8,10,00,00,00,00,00,
14292430,000002B9,false,Rx,0,8,0A,00,00,00,00,00,00,00,
14292714,000002C1,false,Rx,0,8,7E,81,E2,21,00,41,00,D4,
14292920,000002C2,false,Rx,0,8,2B,00,00,00,00,00,00,00,
14292978,000002C3,false,Rx,0,8,00,00,00,00,00,00,00,00,
14293717,000002C4,false,Rx,0,8,00,00,00,00,00,00,00,00,
14294065,0000033B,false,Rx,0,8,57,2A,C2,00,00,00,00,00,
14294375,000002E1,false,Rx,0,8,33,2D,C3,00,00,00,00,40,
14294487,0000033C,false,Rx,0,8,00,00,00,00,F0,00,00,00,
14295064,000002E2,false,Rx,0,8,FD,00,00,00,00,14,00,04,
14295452,0000033D,false,Rx,0,8,00,00,00,00,00,00,00,00,
14295813,000002E3,false,Rx,0,8,00,00,00,00,00,00,72,01,
14296138,0000033E,false,Rx,0,8,00,00,00,00,00,00,00,00,
14296415,000002E4,false,Rx,0,8,02,00,00,00,00,00,00,00,
14296506,00000356,false,Rx,0,8,98,80,E1,00,00,00,00,00,
14296749,00000357,false,Rx,0,8,00,00,00,00,00,4B,4D,48,
14297848,00000358,false,Rx,0,8,35,41,45,4D,52,37,33,4F,
14298183,00000359,false,Rx,0,8,51,4F,34,52,4A,35,33,00,
14298315,00000146,false,Rx,0,8,31,36,CF,10,04,05,00,00,
14298373,00000147,false,Rx,0,8,01,04,7D,00,40,46,07,00,
14298568,00000487,false,Rx,1,8,00,00,00,00,00,00,00,00,
14298662,00000148,false,Rx,0,8,00,00,42,00,1E,89,40,05,
14298790,00000061,false,Rx,0,8,D9,E1,1A,00,00,00,00,00,
14298863,00000642,false,Rx,1,8,FF,FF,FF,FF,FF,FF,00,00,
14299191,00000149,false,Rx,0,8,00,38,00,CC,00,00,00,00,
14299525,00000062,false,Rx,0,8,02,02,00,02,40,FF,00,FF,
14299855,00000063,false,Rx,0,8,00,00,05,00,00,08,FD,00,
14300170,00000064,false,Rx,0,8,00,00,00,04,FF,FA,00,00,
14300446,000000A1,false,Rx,0,8,FD,0D,1A,57,61,02,8A,00,
14300716,000000A2,false,Rx,0,8,00,00,00,00,00,00,00,00,
14300803,000000A3,false,Rx,0,8,00,40,01,00,00,00,00,00,
14302564,00000111,false,Rx,0,8,A1,76,0F,01,00,00,00,00,
14302770,0000036F,false,Rx,0,8,4F,61,01,00,00,00,00,00,
14303020,00000112,false,Rx,0,8,00,00,00,00,00,00,00,00,
14303252,0000037F,false,Rx,0,8,32,C0,52,24,41,02,00,00,
14303509,00000113,false,Rx,0,8,00,00,00,00,00,00,00,00,
14303753,00000114,false,Rx,0,8,00,00,00,00,00,00,00,00,
14304463,000001AB,false,Rx,0,8,70,7E,5E,50,70,68,00,00,
14304741,000001AC,false,Rx,0,8,00,28,00,00,00,00,00,00,
14306125,000001B1,false,Rx,0,8,51,87,CF,00,72,00,00,00,
14306299,000001B2,false,Rx,0,8,23,00,04,B7,0F,09,50,10,
14306566,000001B3,false,Rx,0,8,10,33,37,00,5A,7B,6A,7D,
14306807,000001B4,false,Rx,0,8,65,7D,10,00,00,41,00,00,
14309307,00000121,false,Rx,0,8,57,87,80,00,00,00,00,05,
14309465,00000122,false,Rx,0,8,FF,D9,67,1F,46,47,46,45,
14309723,00000123,false,Rx,0,8,B6,02,00,00,00,00,01,00,
14309980,00000124,false,Rx,0,8,00,00,0A,00,00,00,20,40,
14316508,0000010B,false,Rx,0,8,4A,EE,8A,00,00,00,00,05,
14316682,0000010C,false,Rx,0,8,FF,F9,E7,1F,46,4F,48,48,
14316942,0000010D,false,Rx,0,8,B5,02,00,00,00,00,01,00,
14317175,0000010E,false,Rx,0,8,00,00,1E,00,00,C0,AB,57,
14321696,00000161,false,Rx,0,8,22,D9,A2,03,00,00,00,02,
14321855,0000011B,false,Rx,0,8,C7,BB,44,05,80,08,28,02,
14322114,00000162,false,Rx,0,8,FF,FC,01,00,00,00,00,00,
14322358,0000011C,false,Rx,0,8,00,05,20,00,22,00,01,01,
14322592,0000012B,false,Rx,0,8,21,EB,44,06,00,00,08,00,
14322847,0000012C,false,Rx,0,8,00,00,01,00,00,64,00,00,
14324303,0000030B,false,Rx,0,8,21,0C,C2,00,04,00,00,00,
14324559,0000030C,false,Rx,0,8,00,00,0E,00,2C,00,A0,0F,
14324854,0000030D,false,Rx,0,8,00,00,00,00,44,00,00,00,
14325098,0000030E,false,Rx,0,8,00,00,18,05,21,00,00,04,
14328767,00000036,false,Rx,0,8,49,2A,9F,51,00,00,25,05,
14328963,00000037,false,Rx,0,8,30,00,00,10,00,40,00,00,
14329255,00000038,false,Rx,0,8,04,00,00,00,60,39,96,D4,
14329511,00000039,false,Rx,0,8,00,00,00,00,00,00,00,00,
14330404,0000019B,false,Rx,0,8,F0,31,95,00,00,E4,00,00,
14330594,0000019C,false,Rx,0,8,40,20,00,00,00,00,0B,09,
14330840,0000019D,false,Rx,0,8,00,10,00,01,00,00,00,00,
14331086,00000475,false,Rx,0,8,12,00,00,00,00,00,00,00,
14331325,0000019E,false,Rx,0,8,15,00,00,00,00,32,00,00,
14331570,00000496,false,Rx,0,8,12,00,00,00,00,00,00,00,
14331821,000001A1,false,Rx,0,8,21,50,A2,FE,F7,7F,64,00,
14332057,000001A2,false,Rx,0,8,44,00,00,00,27,08,00,00,
14332319,000001A3,false,Rx,0,8,FF,F3,3F,00,00,00,00,00,
14332574,000001A4,false,Rx,0,8,FE,07,00,00,00,00,00,00,
14332897,000001F1,false,Rx,0,8,B6,00,39,01,00,00,28,00,
14333298,00000383,false,Rx,0,8,5A,53,00,10,01,00,00,00,
14333417,000001F2,false,Rx,0,8,00,00,00,00,00,00,00,00,
14337443,000004A3,false,Rx,1,8,80,00,48,0B,3E,00,00,00,
14337649,000004A4,false,Rx,1,8,FF,FF,FF,00,00,00,00,00,
14340880,00000448,false,Rx,0,8,DE,80,00,00,00,00,00,00,
14342273,000001FB,false,Rx,0,8,96,60,BA,00,00,00,00,00,
14342487,000001FC,false,Rx,0,8,00,00,00,00,00,00,00,00,
14342720,000001FD,false,Rx,0,8,00,1A,03,00,00,00,00,00,
14343055,000001FE,false,Rx,0,8,00,00,00,00,00,00,00,00,
14347762,00000061,false,Rx,0,8,A6,CD,1F,00,00,00,00,00,
14347910,00000062,false,Rx,0,8,02,02,00,02,40,FF,00,FF,
14348211,00000063,false,Rx,0,8,00,00,05,00,00,08,FD,00,
14348449,00000064,false,Rx,0,8,00,00,00,04,FF,FA,00,00,
14348678,000000A1,false,Rx,0,8,F2,E6,1F,57,61,02,8A,00,
14348975,000000A2,false,Rx,0,8,00,00,00,00,00,00,00,00,
14349230,000000A3,false,Rx,0,8,00,40,01,00,00,00,00,00,
14349719,00000382,false,Rx,0,8,2B,FE,21,00,00,05,09,00,
14356668,000002BF,false,Rx,0,8,FF,FF,FF,00,00,00,00,00,
14356750,0000047F,false,Rx,0,8,F0,FC,FF,FF,FF,FF,FF,FF,
14357168,00000653,false,Rx,0,8,0A,19,03,01,02,2A,00,00,
14357574,00000236,false,Rx,0,8,91,6B,C1,00,34,6C,AE,62,
14357659,00000237,false,Rx,0,8,00,15,47,00,00,1D,1B,00,
14358106,00000238,false,Rx,0,8,00,00,72,00,00,00,00,00,
14358659,00000239,false,Rx,0,8,00,00,00,00,01,00,00,00,
14359515,00000151,false,Rx,0,8,EC,F2,C1,64,C8,00,28,18,
14359615,00000121,false,Rx,0,8,28,AB,85,00,00,00,00,05,
14359971,000001F6,false,Rx,0,8,A7,2E,C1,00,00,00,00,0E,
14360074,00000122,false,Rx,0,8,FF,D9,67,1F,46,47,46,45,
14360516,000001F7,false,Rx,0,8,26,00,DA,02,00,00,00,00,
14360871,00000123,false,Rx,0,8,B6,02,00,00,00,00,01,00,
14361161,000001F8,false,Rx,0,8,00,5E,01,45,01,00,00,00,
14361347,00000124,false,Rx,0,8,00,00,0A,00,00,00,20,40,
14361406,000001F9,false,Rx,0,8,4B,00,64,C8,14,00,4B,00,
14361469,00000152,false,Rx,0,8,14,17,17,00,51,00,00,00,
14361866,0000025B,false,Rx,0,8,E6,C9,C1,40,40,20,00,00,
14361963,00000153,false,Rx,0,8,00,00,00,00,00,00,00,00,
14362150,0000025C,false,Rx,0,8,00,00,26,00,B4,2C,19,00,
14362393,00000154,false,Rx,0,8,00,00,00,00,00,00,00,00,
14362670,0000025D,false,Rx,0,8,00,C8,00,00,00,80,C0,70,
14362813,000002FB,false,Rx,0,8,A0,24,C1,04,72,1A,B4,B4,
14363100,0000025E,false,Rx,0,8,66,07,0E,09,00,00,46,00,
14363309,000002FC,false,Rx,0,8,0F,00,14,18,00,00,8E,43,
14363774,000002FD,false,Rx,0,8,00,00,00,00,00,1C,13,EA,
14364130,000002FE,false,Rx,0,8,00,00,72,01,00,28,C8,02,
14364472,00000326,false,Rx,0,8,DE,59,C1,00,00,00,00,00,
14364563,00000327,false,Rx,0,8,00,00,00,00,05,00,00,00,
14364875,00000328,false,Rx,0,8,DA,02,4B,00,00,5E,01,00,
14365163,00000329,false,Rx,0,8,64,45,01,00,00,00,00,00,
14365451,00000331,false,Rx,0,8,FD,FC,C1,F1,C8,A0,2C,97,
14365538,00000332,false,Rx,0,8,E8,08,FC,03,00,00,00,00,
14366165,00000333,false,Rx,0,8,00,00,00,1C,0C,40,20,64,
14366490,00000334,false,Rx,0,8,C8,00,00,00,08,44,F4,8F,
14366866,0000010B,false,Rx,0,8,35,C2,8F,00,00,00,00,05,
14367047,0000010C,false,Rx,0,8,FF,F9,E7,1F,46,4F,48,48,
14367094,0000010D,false,Rx,0,8,B5,02,00,00,00,00,01,00,
14367828,0000010E,false,Rx,0,8,00,00,1E,00,00,C0,AB,57,
14372277,0000011B,false,Rx,0,8,B4,82,49,05,80,08,28,02,
14372574,0000012B,false,Rx,0,8,52,D2,49,06,00,00,08,00,
14372744,00000563,false,Rx,1,8,65,02,00,00,00,00,FF,FF,
14373038,0000011C,false,Rx,0,8,00,05,20,00,22,00,01,01,
14373149,0000012C,false,Rx,0,8,00,00,01,00,00,64,00,00,
14373560,00000091,false,Rx,0,8,B6,8E,C4,26,06,00,00,00,
14373661,00000092,false,Rx,0,8,28,00,00,00,80,02,00,00,
14374060,00000093,false,Rx,0,8,00,00,00,00,00,00,00,00,
14374416,00000094,false,Rx,0,8,00,00,00,00,00,00,00,00,
14377226,000001E6,false,Rx,0,8,AF,4D,82,02,00,00,00,00,
14377333,000001E7,false,Rx,0,8,00,00,22,03,20,01,00,00,
14377669,000001BB,false,Rx,0,8,30,DB,82,02,00,00,00,0A,
14377760,000001BC,false,Rx,0,8,32,00,00,00,02,00,00,00,
14378094,000001BD,false,Rx,0,8,00,00,00,00,00,00,00,00,
14378674,00000036,false,Rx,0,8,9F,76,A4,51,00,00,25,05,
14378933,00000037,false,Rx,0,8,30,00,00,10,00,40,00,00,
14379197,00000038,false,Rx,0,8,04,00,00,00,60,39,96,D4,
14379461,00000039,false,Rx,0,8,00,00,00,00,00,00,00,00,
14379704,00000256,false,Rx,0,8,F1,A7,C0,15,40,00,00,01,
14379957,000002E6,false,Rx,0,8,1F,C6,C0,01,00,00,00,15,
14380185,00000257,false,Rx,0,8,00,94,41,1A,85,07,00,94,
14380422,0000019B,false,Rx,0,8,71,45,9A,00,00,E4,00,00,
14380653,00000258,false,Rx,0,8,36,EC,1A,00,10,15,00,28,
14380889,0000019C,false,Rx,0,8,40,20,00,00,00,00,0B,09,
14381126,00000259,false,Rx,0,8,66,05,8E,3C,4C,02,00,00,
14381376,0000019D,false,Rx,0,8,00,10,00,01,00,00,00,00,
14381627,000002E7,false,Rx,0,8,0A,00,00,00,00,00,00,00,
14381860,0000019E,false,Rx,0,8,15,00,00,00,00,32,00,00,
14382126,000002E8,false,Rx,0,8,00,00,00,00,00,00,00,00,
14382356,00000384,false,Rx,0,8,BA,56,0D,01,00,FF,00,24,
14382603,000002E9,false,Rx,0,8,00,00,00,00,00,00,00,00,
14385446,00000226,false,Rx,0,8,AF,C1,13,FF,63,60,09,42,
14385652,00000227,false,Rx,0,8,02,94,00,09,03,F1,9F,03,
14389952,0000042A,false,Rx,0,8,8E,83,0C,02,00,10,00,00,
14390959,00000396,false,Rx,0,8,63,B9,E0,0F,08,05,00,02,
14391154,00000397,false,Rx,0,8,6F,00,43,10,3F,07,00,00,
14391390,00000398,false,Rx,0,8,00,00,00,00,00,00,00,00,
14397176,00000146,false,Rx,0,8,4C,F3,D4,10,04,05,00,00,
14397360,00000147,false,Rx,0,8,01,04,7D,00,40,46,07,00,
14397590,00000148,false,Rx,0,8,00,00,42,00,1E,89,40,05,
14397855,00000061,false,Rx,0,8,70,91,24,00,00,00,00,00,
14398094,00000149,false,Rx,0,8,00,38,00,CC,00,00,00,00,
14398330,00000062,false,Rx,0,8,02,02,00,02,40,FF,00,FF,
14398588,00000063,false,Rx,0,8,00,00,05,00,00,08,FD,00,
14398834,00000064,false,Rx,0,8,00,00,00,04,FF,FA,00,00,
14399080,000000A1,false,Rx,0,8,3B,D7,24,57,61,02,8A,00,
14399347,000000A2,false,Rx,0,8,00,00,00,00,00,00,00,00,
14399595,000000A3,false,Rx,0,8,00,40,01,00,00,00,00,00,
14402698,0000036F,false,Rx,0,8,F6,71,01,00,00,00,00,00,
14402879,0000037F,false,Rx,0,8,8B,D0,52,24,41,02,00,00,
14404427,000001AB,false,Rx,0,8,F3,3F,63,50,70,70,00,00,
14404654,000001AC,false,Rx,0,8,00,28,00,00,00,00,00,00,
14406125,000001B1,false,Rx,0,8,2C,42,D4,00,72,00,00,00,
14406303,000001B2,false,Rx,0,8,23,00,04,B7,0F,09,50,10,
14406554,000001B3,false,Rx,0,8,10,33,37,00,5A,7B,6A,7D,
14406798,000001B4,false,Rx,0,8,65,7D,10,00,00,41,00,00,
14407399,000000C5,false,Rx,1,8,00,00,00,00,00,00,00,00,
14407856,00000244,false,Rx,1,8,FF,FF,FF,FF,FF,FF,FF,FF,
14408307,000004B4,false,Rx,1,8,00,00,05,40,10,70,04,00,
14408608,000004B5,false,Rx,1,8,08,00,F0,07,00,00,00,00,
14408872,000004B7,false,Rx,1,8,08,00,F0,07,00,00,00,00,
14409154,000004CA,false,Rx,1,8,00,00,00,00,00,00,00,00,
14409397,000004CC,false,Rx,1,8,08,00,00,06,00,00,03,00,
14409697,00000121,false,Rx,0,8,A9,DF,8A,00,00,00,00,05,
14409767,000004CE,false,Rx,1,8,DE,01,00,00,00,00,F8,FF,
14409863,00000122,false,Rx,0,8,FF,D9,67,1F,46,47,46,45,
14409946,000004D7,false,Rx,1,8,23,01,00,00,00,00,00,00,
14410389,00000123,false,Rx,0,8,B6,02,00,00,00,00,01,00,
14410465,000004D8,false,Rx,1,8,41,10,F0,F0,40,F2,1E,CC,
14410872,000004DD,false,Rx,1,8,00,00,FE,00,04,00,00,00,
14410947,00000124,false,Rx,0,8,00,00,0A,00,00,00,20,40,
14411365,000004DF,false,Rx,1,8,00,00,08,00,00,00,00,00,
14411856,000004E7,false,Rx,1,8,00,30,00,00,00,00,69,00,
14412142,000004E8,false,Rx,1,8,FF,FF,FF,05,FF,FF,FF,00,
14412392,000004E9,false,Rx,1,8,12,00,00,34,00,00,50,00,
14412681,000003B0,false,Rx,0,8,72,37,FF,C7,00,00,03,C0,
14412758,000004EA,false,Rx,1,8,67,00,00,89,00,00,00,00,
14412913,000004EB,false,Rx,1,8,02,80,16,18,80,00,00,00,
14413397,000004EC,false,Rx,1,8,00,00,00,00,00,00,00,00,
14413689,000004ED,false,Rx,1,8,00,00,00,00,00,FF,FF,1F,
14413979,000004EE,false,Rx,1,8,FF,FF,00,00,00,00,00,00,
14414227,000004EF,false,Rx,1,8,60,00,60,00,2B,14,00,00,
14414537,0000063D,false,Rx,1,8,00,80,00,00,00,00,00,00,
14414918,0000063E,false,Rx,1,8,FF,FF,FF,FF,FF,FF,FF,FF,
14415115,0000063F,false,Rx,1,8,00,10,00,C4,FF,00,00,00,
14415318,00000640,false,Rx,1,8,FF,FF,FF,00,FF,FF,FF,00,
14415575,00000641,false,Rx,1,8,FF,FF,FF,FF,0F,FF,FF,FF,
14415816,00000646,false,Rx,1,8,00,00,00,80,01,00,00,00,
14416612,0000010B,false,Rx,0,8,48,07,94,00,00,00,00,05,
14416768,0000010C,false,Rx,0,8,FF,F9,E7,1F,46,4F,48,48,
14417011,0000010D,false,Rx,0,8,B5,02,00,00,00,00,01,00,
14417270,0000010E,false,Rx,0,8,00,00,1E,00,00,C0,AB,57,
14419992,000003B2,false,Rx,0,8,36,15,FF,02,29,2F,34,00,
14421711,00000161,false,Rx,0,8,D4,F1,A7,03,00,00,00,02,
14421878,0000011B,false,Rx,0,8,2B,EA,4E,05,80,08,28,02,
14422131,00000162,false,Rx,0,8,FF,FC,01,00,00,00,00,00,
14422371,0000011C,false,Rx,0,8,00,05,20,00,22,00,01,01,
14422601,0000012B,false,Rx,0,8,CD,BA,4E,06,00,00,08,00,
14422844,000001E1,false,Rx,0,8,DA,60,76,02,00,00,00,00,
14423103,0000012C,false,Rx,0,8,00,00,01,00,00,64,00,00,
14423335,000001E2,false,Rx,0,8,00,00,00,00,00,00,00,00,
14423591,00000405,false,Rx,0,8,D2,10,00,00,00,01,00,00,
14423839,00000413,false,Rx,0,8,08,60,00,00,00,00,00,00,
14424077,00000410,false,Rx,0,8,6A,60,57,3C,DE,6A,FF,FF,
14424318,00000414,false,Rx,0,8,41,70,00,00,28,00,00,00,
14424560,00000411,false,Rx,0,8,04,D1,50,51,00,00,44,04,
14424807,00000416,false,Rx,0,8,55,00,00,00,00,00,00,00,
14425048,00000412,false,Rx,0,8,CC,E0,00,00,00,00,00,00,
14425297,00000417,false,Rx,0,8,20,E0,00,00,00,00,00,00,
14425566,00000418,false,Rx,0,8,07,C0,00,00,14,0C,00,00,
14425811,00000419,false,Rx,0,8,62,00,26,D5,2D,87,90,00,
14428576,00000036,false,Rx,0,8,92,B0,A9,51,00,00,25,05,
14428773,00000037,false,Rx,0,8,30,00,00,10,00,40,00,00,
14429054,00000038,false,Rx,0,8,04,00,00,00,60,39,96,D4,
14429323,00000039,false,Rx,0,8,00,00,00,00,00,00,00,00,
14429790,00000380,false,Rx,0,8,96,92,03,08,08,08,08,01,
14430353,0000019B,false,Rx,0,8,0E,69,9F,00,00,E4,00,00,
14430584,0000019C,false,Rx,0,8,40,20,00,00,00,00,0B,09,
14430850,0000019D,false,Rx,0,8,00,10,00,01,00,00,00,00,
14431079,00000427,false,Rx,0,8,1D,86,FF,00,80,0A,00,00,
14431331,0000019E,false,Rx,0,8,15,00,00,00,00,32,00,00,
14431558,000003A1,false,Rx,0,8,4F,91,C8,00,FF,FF,FF,FF,
14431805,000001A1,false,Rx,0,8,5E,7C,A7,FE,F7,7F,64,00,
14432045,000003A2,false,Rx,0,8,00,00,00,00,00,00,00,00,
14432298,000001A2,false,Rx,0,8,44,00,00,00,27,08,00,00,
14432555,000001A3,false,Rx,0,8,FF,F3,3F,00,00,00,00,00,
14432827,000001A4,false,Rx,0,8,FE,07,00,00,00,00,00,00,
14446746,000000FF,false,Rx,0,8,CB,10,00,00,00,00,02,00,
14447480,00000394,false,Rx,0,8,2A,22,1A,49,00,00,00,00,
14447598,000003C3,false,Rx,0,8,45,10,31,30,36,00,00,00,
14447752,00000061,false,Rx,0,8,7D,57,29,00,00,00,00,00,
14447984,000003E0,false,Rx,0,8,01,70,01,00,54,03,00,00,
14448220,00000062,false,Rx,0,8,02,02,00,02,40,FF,00,FF,
14448490,00000063,false,Rx,0,8,00,00,05,00,00,08,FD,00,
14448733,00000064,false,Rx,0,8,00,00,00,04,FF,FA,00,00,
14448995,000000A1,false,Rx,0,8,0D,94,29,57,61,02,8A,00,
14449239,000003E5,false,Rx,0,8,8E,90,01,00,00,00,00,00,
14449609,000000A2,false,Rx,0,8,00,00,00,00,00,00,00,00,
14449766,000003E6,false,Rx,0,8,7F,00,00,00,00,00,00,00,
14449993,000000A3,false,Rx,0,8,00,40,01,00,00,00,00,00,
14450226,0000041A,false,Rx,0,8,95,40,12,00,00,00,00,00,
14450697,0000041B,false,Rx,0,8,60,30,00,00,00,00,00,00,
14451193,0000041C,false,Rx,0,8,E9,80,E0,00,00,00,00,00,
14451483,00000422,false,Rx,0,8,EA,C0,01,00,00,00,04,00,
14451933,00000432,false,Rx,0,8,03,20,02,00,00,00,00,00,
14452202,00000435,false,Rx,0,8,9F,D0,00,40,00,00,00,00,
14452668,00000442,false,Rx,0,8,CE,20,11,81,00,00,00,00,
14453139,00000444,false,Rx,0,8,6C,30,20,50,55,50,00,00,
14453385,00000445,false,Rx,0,8,67,40,00,00,00,00,00,18,
14454272,00000464,false,Rx,0,8,B2,70,F0,FF,38,7F,05,00,
14459568,00000121,false,Rx,0,8,D6,F3,8F,00,00,00,00,05,
14459656,00000122,false,Rx,0,8,FF,D9,67,1F,46,47,46,45,
14459891,00000123,false,Rx,0,8,B6,02,00,00,00,00,01,00,
14460150,00000415,false,Rx,0,8,40,13,10,00,08,01,00,00,
14460458,00000124,false,Rx,0,8,00,00,0A,00,00,00,20,40,
14466768,0000010B,false,Rx,0,8,45,C1,99,00,00,00,00,05,
14466862,0000010C,false,Rx,0,8,FF,F9,E7,1F,46,4F,48,48,
14467305,0000010D,false,Rx,0,8,B5,02,00,00,00,00,01,00,
14467369,0000010E,false,Rx,0,8,00,00,1E,00,00,C0,AB,57,
14470979,00000565,false,Rx,0,8,66,02,00,00,00,00,FF,FF,
14472062,0000011B,false,Rx,0,8,52,F0,53,05,80,08,28,02,
14472162,0000012B,false,Rx,0,8,B4,A0,53,06,00,00,08,00,
14472538,0000011C,false,Rx,0,8,00,05,20,00,22,00,01,01,
14472669,0000012C,false,Rx,0,8,00,00,01,00,00,64,00,00,
14473376,00000091,false,Rx,0,8,3D,29,C5,26,06,00,00,00,
14473727,00000092,false,Rx,0,8,27,00,00,00,70,02,00,00,
14473794,00000093,false,Rx,0,8,00,00,00,00,00,00,00,00,
14474104,00000094,false,Rx,0,8,00,00,00,00,00,00,00,00,
14476386,00000401,false,Rx,0,8,C6,10,10,00,00,04,00,00,
14478838,00000036,false,Rx,0,8,61,2E,AE,51,00,00,25,05,
14478951,00000037,false,Rx,0,8,30,00,00,10,00,40,00,00,
14479190,00000038,false,Rx,0,8,04,00,00,00,60,39,96,D4,
14479633,00000039,false,Rx,0,8,00,00,00,00,00,00,00,00,
14479737,000003AA,false,Rx,0,8,FF,00,D0,00,54,00,00,00,
14480214,000003B6,false,Rx,0,8,10,59,E0,00,00,00,00,46,
14480435,0000019B,false,Rx,0,8,D8,35,A4,00,00,E4,00,00,
14480675,000003B7,false,Rx,0,8,46,00,00,00,00,00,00,00,
14480924,0000019C,false,Rx,0,8,40,20,00,00,00,00,0B,09,
14481162,000003B8,false,Rx,0,8,B2,02,00,00,00,00,69,0E,
14481403,0000019D,false,Rx,0,8,00,10,00,01,00,00,00,00,
14481648,000002D6,false,Rx,0,8,A1,30,E0,00,00,00,00,00,
14481886,0000019E,false,Rx,0,8,15,00,00,00,00,32,00,00,
14482137,000002D7,false,Rx,0,8,00,00,00,00,03,00,00,00,
14482371,000002EB,false,Rx,0,8,7E,74,E0,07,08,00,00,02,
14482619,000001F1,false,Rx,0,8,40,28,3C,01,00,00,28,00,
14482864,000002D8,false,Rx,0,8,00,00,00,00,00,00,38,47,
14483118,000001F2,false,Rx,0,8,00,00,00,00,00,00,00,00,
14483362,000002D9,false,Rx,0,8,00,00,00,00,00,00,00,00,
14483603,000002EC,false,Rx,0,8,07,00,CF,00,59,00,00,00,
14483856,000003B9,false,Rx,0,8,00,00,00,00,00,00,00,00,
14484297,000002ED,false,Rx,0,8,00,00,00,00,00,00,00,00,
14484358,00000495,false,Rx,0,8,49,00,00,00,00,00,00,00,
14484824,000002EE,false,Rx,0,8,00,00,00,00,00,00,00,00,
14486098,000002FF,false,Rx,0,8,D4,CB,00,71,02,00,00,00,
14486417,00000316,false,Rx,0,8,72,32,8A,34,06,80,0A,00,
14486514,00000317,false,Rx,0,8,00,00,05,00,00,00,00,00,
14487165,00000472,false,Rx,0,8,5C,EC,00,40,08,41,00,45,
14487526,00000473,false,Rx,0,8,5F,24,00,25,00,00,00,78,
14487627,00000474,false,Rx,0,8,91,72,00,00,00,00,00,08,
14489244,00000251,false,Rx,0,8,72,A9,C2,00,00,00,00,00,
14489398,00000252,false,Rx,0,8,00,00,1B,1B,03,00,00,00,
14489617,00000253,false,Rx,0,8,00,00,00,58,58,00,80,4D,
14489878,000002AB,false,Rx,0,8,BA,87,C5,0C,0C,00,00,00,
14490110,000003B1,false,Rx,0,8,C1,DE,00,80,00,00,20,00,
14490352,000002AC,false,Rx,0,8,00,FF,FF,00,00,40,00,54,
14490779,000002AD,false,Rx,0,8,00,01,00,40,FF,FF,FF,0F,
14491388,000002AE,false,Rx,0,8,01,00,FF,3F,01,01,00,00,
14491501,000002B6,false,Rx,0,8,00,A1,C5,01,00,00,00,40,
14491790,000002B7,false,Rx,0,8,9F,00,50,1C,00,04,00,00,
14491915,000002B8,false,Rx,0,8,FF,F8,10,00,00,00,00,00,
14491979,000002B9,false,Rx,0,8,0A,00,00,00,00,00,00,00,
14492430,000002C1,false,Rx,0,8,38,D8,E3,21,00,41,00,D4,
14492612,000002C2,false,Rx,0,8,2B,00,00,00,00,00,00,00,
14492733,000002C3,false,Rx,0,8,00,00,00,00,00,00,00,00,
14492989,000002C4,false,Rx,0,8,00,00,00,00,00,00,00,00,
14493413,0000033B,false,Rx,0,8,E2,ED,C4,00,00,00,00,00,
14493466,000002E1,false,Rx,0,8,86,EA,C5,00,00,00,00,40,
14493696,0000033C,false,Rx,0,8,00,00,00,00,F0,00,00,00,
14493952,000002E2,false,Rx,0,8,FD,00,00,00,00,14,00,04,
14494199,0000033D,false,Rx,0,8,00,00,00,00,00,00,00,00,
14494448,000002E3,false,Rx,0,8,00,00,00,00,00,00,72,01,
14494696,0000033E,false,Rx,0,8,00,00,00,00,00,00,00,00,
14495130,000002E4,false,Rx,0,8,02,00,00,00,00,00,00,00,
14495466,00000356,false,Rx,0,8,52,6B,E2,00,00,00,00,00,
14495782,00000357,false,Rx,0,8,00,00,00,00,00,4B,4D,48,
14495858,00000358,false,Rx,0,8,35,41,45,4D,52,37,33,4F,
14496142,00000359,false,Rx,0,8,51,4F,34,52,4A,35,33,00,
14497850,00000146,false,Rx,0,8,41,35,D9,10,04,05,00,00,
14498206,00000147,false,Rx,0,8,01,04,7D,00,40,46,07,00,
14498501,00000061,false,Rx,0,8,8E,C9,2E,00,00,00,00,00,
14498727,00000148,false,Rx,0,8,00,00,42,00,1E,89,40,05,
14499072,00000062,false,Rx,0,8,02,02,00,02,40,FF,00,FF,
14499179,00000149,false,Rx,0,8,00,38,00,CC,00,00,00,00,
14499873,00000063,false,Rx,0,8,00,00,05,00,00,08,FD,00,
14500222,00000064,false,Rx,0,8,00,00,00,04,FF,FA,00,00,
14500340,000000A1,false,Rx,0,8,04,11,2E,57,61,02,8A,00,
14500442,00000487,false,Rx,1,8,00,00,00,00,00,00,00,00,
14500845,000000A2,false,Rx,0,8,00,00,00,00,00,00,00,00,
14501158,000000A3,false,Rx,0,8,00,40,01,00,00,00,00,00,
14501526,00000642,false,Rx,1,8,FF,FF,FF,FF,FF,FF,00,00,
14502893,00000111,false,Rx,0,8,E5,C6,10,01,00,00,00,00,
14503013,0000036F,false,Rx,0,8,5F,81,01,00,00,00,00,00,
14503337,00000112,false,Rx,0,8,00,00,00,00,00,00,00,00,
14503465,0000037F,false,Rx,0,8,5D,E0,52,24,41,02,00,00,
14503771,00000113,false,Rx,0,8,00,00,00,00,00,00,00,00,
14504087,00000114,false,Rx,0,8,00,00,00,00,00,00,00,00,
14504448,000001AB,false,Rx,0,8,3B,C6,68,50,70,70,00,00,
14504818,000001AC,false,Rx,0,8,00,28,00,00,00,00,00,00,
14506126,000001B1,false,Rx,0,8,21,84,D9,00,72,00,00,00,
14506294,000001B2,false,Rx,0,8,23,00,04,B7,0F,09,50,10,
14506537,000001B3,false,Rx,0,8,10,33,37,00,5A,7B,6A,7D,
14506797,000001B4,false,Rx,0,8,65,7D,10,00,00,41,00,00,
14509338,00000121,false,Rx,0,8,AB,36,94,00,00,00,00,05,
14509511,00000122,false,Rx,0,8,FF,D9,67,1F,46,47,46,45,
14509768,00000123,false,Rx,0,8,B6,02,00,00,00,00,01,00,
14510018,00000124,false,Rx,0,8,00,00,0A,00,00,00,20,40,
14516516,0000010B,false,Rx,0,8,B6,5F,9E,00,00,00,00,05,
14516699,0000010C,false,Rx,0,8,FF,F9,E7,1F,46,4F,48,48,
14516948,0000010D,false,Rx,0,8,B5,02,00,00,00,00,01,00,
14517229,0000010E,false,Rx,0,8,00,00,1E,00,00,C0,AB,57,
14521726,00000161,false,Rx,0,8,1C,08,AC,03,00,00,00,02,
14521899,0000011B,false,Rx,0,8,9A,09,58,05,80,08,28,02,
14522149,00000162,false,Rx,0,8,FF,FC,01,00,00,00,00,00,
14522388,0000011C,false,Rx,0,8,00,05,20,00,22,00,01,01,
14522632,0000012B,false,Rx,0,8,7C,59,58,06,00,00,08,00,
14522885,0000012C,false,Rx,0,8,00,00,01,00,00,64,00,00,
14524313,0000030B,false,Rx,0,8,95,D0,C4,00,04,00,00,00,
14524504,0000030C,false,Rx,0,8,00,00,0E,00,2C,00,A0,0F,
14524765,0000030D,false,Rx,0,8,00,00,00,00,44,00,00,00,
14525010,0000030E,false,Rx,0,8,00,00,18,05,21,00,00,0A,
14526730,000001E6,false,Rx,0,8,30,25,85,02,00,00,00,00,
14526931,000001E7,false,Rx,0,8,00,00,22,03,20,01,00,00,
14527451,000001BB,false,Rx,0,8,39,5E,85,02,00,00,00,0A,
14527765,000001BC,false,Rx,0,8,32,00,00,00,02,00,00,00,
14527963,000001BD,false,Rx,0,8,00,00,00,00,00,00,00,00,
14528689,00000036,false,Rx,0,8,A9,2C,B3,51,00,00,25,05,
14528993,00000037,false,Rx,0,8,30,00,00,10,00,40,00,00,
14529252,00000038,false,Rx,0,8,04,00,00,00,60,39,96,D4,
14529514,00000039,false,Rx,0,8,00,00,00,00,00,00,00,00,
14530407,0000019B,false,Rx,0,8,D5,F3,A9,00,00,E4,00,00,
14530603,0000019C,false,Rx,0,8,40,20,00,00,00,00,0B,09,
14530843,0000019D,false,Rx,0,8,00,10,00,01,00,00,00,00,
14531096,00000475,false,Rx,0,8,12,00,00,00,00,00,00,00,
14531327,0000019E,false,Rx,0,8,15,00,00,00,00,32,00,00,
14531585,00000496,false,Rx,0,8,12,00,00,00,00,00,00,00,
14531939,000001A1,false,Rx,0,8,E6,7D,AC,FE,F7,7F,64,00,
14532149,000001A2,false,Rx,0,8,44,00,00,00,27,08,00,00,
14532333,000001A3,false,Rx,0,8,FF,F3,3F,00,00,00,00,00,
14532586,000001A4,false,Rx,0,8,FE,07,00,00,00,00,00,00,
14533052,00000383,false,Rx,0,8,5A,53,00,10,01,00,00,00,
14539413,000004A3,false,Rx,1,8,80,00,48,0B,3E,00,00,00,
14539649,000004A4,false,Rx,1,8,FF,FF,FF,00,00,00,00,00,
14540785,00000448,false,Rx,0,8,DE,80,00,00,00,00,00,00,
14542264,000001FB,false,Rx,0,8,23,A7,BC,00,00,00,00,00,
14542458,000001FC,false,Rx,0,8,00,00,00,00,00,00,00,00,
14542719,000001FD,false,Rx,0,8,00,1A,03,00,00,00,00,00,
14542977,000001FE,false,Rx,0,8,00,00,00,00,00,00,00,00,
14547700,00000061,false,Rx,0,8,46,CB,33,00,00,00,00,00,
14547889,00000062,false,Rx,0,8,02,02,00,02,40,FF,00,FF,
14548150,00000063,false,Rx,0,8,00,00,05,00,00,08,FD,00,
14548403,00000064,false,Rx,0,8,00,00,00,04,FF,FA,00,00,
14548634,000000A1,false,Rx,0,8,61,12,33,57,61,02,8A,00,
14548887,000000A2,false,Rx,0,8,00,00,00,00,00,00,00,00,
14549127,00000382,false,Rx,0,8,2B,FE,21,00,00,05,09,00,
14549371,000000A3,false,Rx,0,8,00,40,01,00,00,00,00,00,
14556504,000002BF,false,Rx,0,8,FF,FF,FF,00,00,00,00,00,
14556717,0000047F,false,Rx,0,8,F0,FC,FF,FF,FF,FF,FF,FF,
14556993,00000653,false,Rx,0,8,0A,19,03,01,02,2A,00,00,
14558399,00000151,false,Rx,0,8,60,40,C3,64,C8,00,28,18,
14558605,00000152,false,Rx,0,8,14,17,17,00,51,00,00,00,
14558890,00000153,false,Rx,0,8,00,00,00,00,00,00,00,00,
14559382,00000154,false,Rx,0,8,00,00,00,00,00,00,00,00,
14559746,000001F6,false,Rx,0,8,2B,9C,C3,00,00,00,00,0E,
14559825,00000121,false,Rx,0,8,A6,F0,99,00,00,00,00,05,
14560131,000001F7,false,Rx,0,8,26,00,DA,02,00,00,00,00,
14560229,00000122,false,Rx,0,8,FF,D9,67,1F,46,47,46,45,
14560402,000001F8,false,Rx,0,8,00,5E,01,45,01,00,00,00,
14560778,00000123,false,Rx,0,8,B6,02,00,00,00,00,01,00,
14561201,000001F9,false,Rx,0,8,4B,00,64,C8,14,00,4B,00,
14561595,00000124,false,Rx,0,8,00,00,0A,00,00,00,20,40,
14561936,00000236,false,Rx,0,8,26,B7,C3,00,34,6C,AE,62,
14562244,000002FB,false,Rx,0,8,2C,96,C3,04,72,1A,B4,B4,
14562536,00000237,false,Rx,0,8,00,15,47,00,00,1E,1B,00,
14562826,000002FC,false,Rx,0,8,0F,00,14,18,00,00,8E,43,
14562897,00000238,false,Rx,0,8,00,00,72,00,00,00,00,00,
14563223,000002FD,false,Rx,0,8,00,00,00,00,00,1C,13,EA,
14563542,00000239,false,Rx,0,8,00,00,00,00,01,00,00,00,
14563904,000002FE,false,Rx,0,8,00,00,72,01,00,28,C8,02,
14564205,0000025B,false,Rx,0,8,E5,0E,C3,40,40,20,00,00,
14564491,00000326,false,Rx,0,8,52,EB,C3,00,00,00,00,00,
14564775,0000025C,false,Rx,0,8,00,00,26,00,B4,2C,19,00,
14564921,00000327,false,Rx,0,8,00,00,00,00,05,00,00,00,
14564993,0000025D,false,Rx,0,8,00,C8,00,00,00,80,C0,70,
14565036,00000328,false,Rx,0,8,DA,02,4B,00,00,5E,01,00,
14565104,0000025E,false,Rx,0,8,02,07,0E,01,00,00,46,00,
14565168,00000329,false,Rx,0,8,64,45,01,00,00,00,00,00,
14565234,00000566,false,Rx,0,8,16,02,00,00,00,00,FF,FF,
14565444,00000331,false,Rx,0,8,71,4E,C3,F1,C8,A0,2C,97,
14565706,00000332,false,Rx,0,8,E8,08,FC,03,00,00,00,00,
14565882,00000333,false,Rx,0,8,00,00,00,1C,0C,40,20,64,
14566161,00000334,false,Rx,0,8,C8,00,00,00,08,44,F4,8F,
14566560,0000010B,false,Rx,0,8,D5,C4,A3,00,00,00,00,05,
14566884,0000010C,false,Rx,0,8,FF,F9,E7,1F,46,4F,48,48,
14567486,0000010D,false,Rx,0,8,B5,02,00,00,00,00,01,00,
14567580,0000010E,false,Rx,0,8,00,00,1E,00,00,C0,AB,57,
14572118,0000011B,false,Rx,0,8,6C,21,5D,05,80,08,28,02,
14572213,0000012B,false,Rx,0,8,8A,71,5D,06,00,00,08,00,
14572606,0000011C,false,Rx,0,8,00,05,20,00,22,00,01,01,
14572688,0000012C,false,Rx,0,8,00,00,01,00,00,64,00,00,
14573060,000001E1,false,Rx,0,8,C0,19,79,02,00,00,00,00,
14573351,000001E2,false,Rx,0,8,00,00,00,00,00,00,00,00,
14573413,00000091,false,Rx,0,8,B9,E0,C6,26,06,00,00,00,
14573784,00000092,false,Rx,0,8,25,00,00,00,50,02,00,00,
14574136,00000093,false,Rx,0,8,00,00,00,00,00,00,00,00,
14574689,00000094,false,Rx,0,8,00,00,00,00,00,00,00,00,
14578880,00000036,false,Rx,0,8,11,2D,B8,51,00,00,25,05,
14578986,00000037,false,Rx,0,8,30,00,00,10,00,40,00,00,
14579387,00000038,false,Rx,0,8,04,00,00,00,60,39,96,D4,
14579458,00000039,false,Rx,0,8,00,00,00,00,00,00,00,00,
14579861,00000256,false,Rx,0,8,62,31,C2,15,40,00,00,01,
14580189,000002E6,false,Rx,0,8,93,74,C2,01,00,00,00,15,
14580467,00000257,false,Rx,0,8,00,94,41,1A,85,07,00,94,
14580807,000002E7,false,Rx,0,8,0A,00,00,00,00,00,00,00,
14581157,0000019B,false,Rx,0,8,26,6D,AE,00,00,E4,00,00,
14581515,00000258,false,Rx,0,8,36,EB,1A,00,10,15,00,28,
14582004,0000019C,false,Rx,0,8,40,20,00,00,00,00,0B,09,
14582199,00000259,false,Rx,0,8,69,05,8E,3C,4C,02,00,00,
14582541,0000019D,false,Rx,0,8,00,10,00,01,00,00,00,00,
14582847,000002E8,false,Rx,0,8,00,00,00,00,00,00,00,00,
14583163,0000019E,false,Rx,0,8,15,00,00,00,00,32,00,00,
14583529,000002E9,false,Rx,0,8,00,00,00,00,00,00,00,00,
14583663,00000384,false,Rx,0,8,BA,56,0D,01,00,FF,00,24,
14583709,0000048B,false,Rx,0,8,C9,98,C7,1E,01,00,00,00,
14583754,0000048C,false,Rx,0,8,00,00,00,00,00,00,00,00,
14585506,00000226,false,Rx,0,8,14,01,15,FF,63,60,09,42,
14585824,00000227,false,Rx,0,8,02,94,00,09,03,F1,9F,03,
14589361,0000042A,false,Rx,0,8,8E,83,0C,02,00,10,00,00,
14591178,00000396,false,Rx,0,8,53,7D,E1,0F,08,02,00,02,
14591294,00000397,false,Rx,0,8,25,00,43,10,3F,07,00,00,
14591705,00000398,false,Rx,0,8,00,00,00,00,00,00,00,00,
14597317,00000146,false,Rx,0,8,89,C5,DE,10,04,05,00,00,
14597410,00000147,false,Rx,0,8,01,04,7D,00,40,45,07,00,
14597818,00000148,false,Rx,0,8,00,00,42,00,1E,89,40,05,
14597912,00000061,false,Rx,0,8,FE,CA,38,00,00,00,00,00,
14598239,00000149,false,Rx,0,8,00,38,00,CC,00,00,00,00,
14598492,00000062,false,Rx,0,8,02,02,00,02,40,FF,00,FF,
14598655,00000063,false,Rx,0,8,00,00,05,00,00,08,FD,00,
14598973,00000064,false,Rx,0,8,00,00,00,04,FF,FA,00,00,
14599622,000000A1,false,Rx,0,8,5D,E3,38,57,61,02,8A,00,
14599933,000000A2,false,Rx,0,8,00,00,00,00,00,00,00,00,
14600201,000000A3,false,Rx,0,8,00,40,01,00,00,00,00,00,
14602902,0000036F,false,Rx,0,8,E6,91,01,00,00,00,00,00,
14603012,0000037F,false,Rx,0,8,4D,00,52,24,41,02,00,00,
14604937,000001AB,false,Rx,0,8,CD,EE,6D,50,70,70,00,00,
14605196,000001AC,false,Rx,0,8,00,28,00,00,00,00,00,00,
14606287,000001B1,false,Rx,0,8,D2,1A,DE,00,72,00,00,00,
14606393,000001B2,false,Rx,0,8,23,00,04,B7,0F,09,50,10,
14606848,000001B3,false,Rx,0,8,10,33,37,00,5A,7B,6A,7D,
14607202,000001B4,false,Rx,0,8,65,7D,10,00,00,41,00,00,
14609458,00000121,false,Rx,0,8,A3,A8,9E,00,00,00,00,05,
14609551,00000122,false,Rx,0,8,FF,D9,67,1F,46,48,46,45,
14609738,00000123,false,Rx,0,8,B6,02,00,00,00,00,01,00,
14609989,00000124,false,Rx,0,8,00,00,0A,00,00,00,20,40,
14610567,000000C5,false,Rx,1,8,00,00,00,00,00,00,00,00,
14611056,00000244,false,Rx,1,8,FF,FF,FF,FF,FF,FF,FF,FF,
14611122,0000034B,false,Rx,0,8,32,BA,C7,31,D8,0D,05,01,
14611543,0000041F,false,Rx,1,8,00,0C,00,00,00,00,00,00,
14611604,0000034C,false,Rx,0,8,00,00,00,00,00,00,00,00,
14612042,000004B4,false,Rx,1,8,00,00,05,40,10,70,04,00,
14612110,0000034D,false,Rx,0,8,00,00,00,00,00,00,00,00,
14612488,000004B5,false,Rx,1,8,08,00,F0,07,00,00,00,00,
14612569,0000034E,false,Rx,0,8,00,00,00,00,00,00,00,00,
14612991,000004B7,false,Rx,1,8,08,00,F0,07,00,00,00,00,
14613080,000003B0,false,Rx,0,8,72,37,FF,C7,00,00,03,C0,
14613488,000004CA,false,Rx,1,8,00,00,00,00,00,00,00,00,
14613960,000004CC,false,Rx,1,8,08,00,00,06,00,00,03,00,
14614226,000004CE,false,Rx,1,8,DE,01,00,00,00,00,F8,FF,
14614507,000004D7,false,Rx,1,8,23,01,00,00,00,00,00,00,
14614723,000004D8,false,Rx,1,8,41,10,F0,F0,40,F2,1E,CC,
14615016,000004DD,false,Rx,1,8,00,00,FE,00,04,00,00,00,
14615288,000004DF,false,Rx,1,8,00,00,08,00,00,00,00,00,
14615568,000004E7,false,Rx,1,8,00,30,00,00,00,00,69,00,
14615809,000004E8,false,Rx,1,8,FF,FF,FF,05,FF,FF,FF,00,
14616100,000004E9,false,Rx,1,8,12,00,00,34,00,00,50,00,
14616308,000004EA,false,Rx,1,8,67,00,00,89,00,00,00,00,
14616622,000004EB,false,Rx,1,8,02,80,16,18,80,00,00,00,
14616899,0000010B,false,Rx,0,8,6D,C5,A8,00,00,00,00,05,
14617073,000004EC,false,Rx,1,8,00,00,00,00,00,00,00,00,
14617158,0000010C,false,Rx,0,8,FF,F9,E7,1F,46,4F,48,48,
14617243,000004ED,false,Rx,1,8,00,00,00,00,00,FF,FF,1F,
14617592,0000010D,false,Rx,0,8,B5,02,00,00,00,00,01,00,
14617735,000004EE,false,Rx,1,8,FF,FF,00,00,00,00,00,00,
14618094,000004EF,false,Rx,1,8,60,00,60,00,2B,14,00,00,
14618169,0000010E,false,Rx,0,8,00,00,1E,00,00,C0,AB,57,
14618593,0000063D,false,Rx,1,8,00,80,00,00,00,00,00,00,
14619083,0000063E,false,Rx,1,8,FF,FF,FF,FF,FF,FF,FF,FF,
14619366,0000063F,false,Rx,1,8,00,10,00,C4,FF,00,00,00,
14619626,00000640,false,Rx,1,8,FF,FF,FF,00,FF,FF,FF,00,
14619920,00000641,false,Rx,1,8,FF,FF,FF,FF,0F,FF,FF,FF,
14620156,00000646,false,Rx,1,8,00,00,00,80,01,00,00,00,
14620314,000003B2,false,Rx,0,8,36,15,FF,02,29,2F,34,00,
14621739,00000161,false,Rx,0,8,65,12,B1,03,00,00,00,02,
14621909,0000011B,false,Rx,0,8,68,3D,62,05,80,08,28,02,
14622170,00000162,false,Rx,0,8,FF,FC,01,00,00,00,00,00,
14622408,0000011C,false,Rx,0,8,00,05,20,00,22,00,01,01,
14622637,0000012B,false,Rx,0,8,8E,6D,62,06,00,00,08,00,
14622894,00000405,false,Rx,0,8,D2,10,00,00,00,01,00,00,
14623144,0000012C,false,Rx,0,8,00,00,01,00,00,64,00,00,
14623375,00000410,false,Rx,0,8,6A,60,57,3C,DE,6A,FF,FF,
14623667,00000411,false,Rx,0,8,04,D1,50,51,00,00,44,04,
14623931,00000413,false,Rx,0,8,08,60,00,00,00,00,00,00,
14624174,00000412,false,Rx,0,8,CC,E0,00,00,00,00,00,00,
14624412,00000414,false,Rx,0,8,41,70,00,00,28,00,00,00,
14624697,00000416,false,Rx,0,8,55,00,00,00,00,00,00,00,
14624962,00000417,false,Rx,0,8,20,E0,00,00,00,00,00,00,
14625407,00000418,false,Rx,0,8,07,C0,00,00,14,0C,00,00,
14625653,00000419,false,Rx,0,8,62,00,26,D5,2D,87,90,00,
14628635,00000036,false,Rx,0,8,6E,01,BD,51,00,00,25,05,
14628830,00000037,false,Rx,0,8,30,00,00,10,00,40,00,00,
14629122,00000038,false,Rx,0,8,04,00,00,00,60,39,96,D4,
14629390,00000039,false,Rx,0,8,00,00,00,00,00,00,00,00,
14629858,00000380,false,Rx,0,8,96,92,03,08,08,08,08,01,
14630343,0000019B,false,Rx,0,8,EE,6F,B3,00,00,E4,00,00,
14630593,0000019C,false,Rx,0,8,40,20,00,00,00,00,0B,09,
14630858,0000019D,false,Rx,0,8,00,10,00,01,00,00,00,00,
14631086,00000427,false,Rx,0,8,1D,86,FF,00,80,0A,00,00,
14631336,0000019E,false,Rx,0,8,15,00,00,00,00,32,00,00,
14631570,000003A1,false,Rx,0,8,6B,39,C9,00,FF,FF,FF,FF,
14632028,000003A2,false,Rx,0,8,00,00,00,00,00,00,00,00,
14632449,000001A1,false,Rx,0,8,2E,7F,B1,FE,F7,7F,64,00,
14632795,000001A2,false,Rx,0,8,44,00,00,00,27,08,00,00,
14632892,000001A3,false,Rx,0,8,FF,F3,3F,00,00,00,00,00,
14632953,000001A4,false,Rx,0,8,FE,07,00,00,00,00,00,00,
14633216,000001F1,false,Rx,0,8,0D,C0,3F,01,00,00,28,00,
14633444,000001F2,false,Rx,0,8,00,00,00,00,00,00,00,00,
14640567,000004E8,false,Rx,1,8,FF,FF,FF,05,FF,FF,FF,00,
14646545,000000FF,false,Rx,0,8,CB,10,00,00,00,00,02,00,
14647175,00000394,false,Rx,0,8,2A,22,1A,49,00,00,00,00,
14647484,000003C3,false,Rx,0,8,45,10,31,30,36,00,00,00,
14647612,00000061,false,Rx,0,8,81,E6,3D,00,00,00,00,00,
14647840,000003E0,false,Rx,0,8,01,70,01,00,54,03,00,00,
14648092,00000062,false,Rx,0,8,02,02,00,02,40,FF,00,FF,
14648346,00000063,false,Rx,0,8,00,00,05,00,00,08,FD,00,
14648638,00000064,false,Rx,0,8,00,00,00,04,FF,FA,00,00,
14648851,000000A1,false,Rx,0,8,52,08,3D,57,61,02,8A,00,
14649113,000003E5,false,Rx,0,8,8E,90,01,00,00,00,00,00,
14649470,000000A2,false,Rx,0,8,00,00,00,00,00,00,00,00,
14649616,000003E6,false,Rx,0,8,7F,00,00,00,00,00,00,00,
14649876,000000A3,false,Rx,0,8,00,40,01,00,00,00,00,00,
14650192,0000041A,false,Rx,0,8,95,40,12,00,00,00,00,00,
14650541,0000041B,false,Rx,0,8,60,30,00,00,00,00,00,00,
14651013,0000041C,false,Rx,0,8,E9,80,E0,00,00,00,00,00,
14651379,00000422,false,Rx,0,8,EA,C0,01,00,00,00,04,00,
14651776,00000432,false,Rx,0,8,03,20,02,00,00,00,00,00,
14652035,00000435,false,Rx,0,8,9F,D0,00,40,00,00,00,00,
14652289,00000442,false,Rx,0,8,CE,20,11,81,00,00,00,00,
14652839,00000444,false,Rx,0,8,6C,30,20,50,55,50,00,00,
14653248,00000445,false,Rx,0,8,67,40,00,00,00,00,00,18,
14653889,00000464,false,Rx,0,8,B2,70,F0,FF,38,7F,05,00,
14659420,00000121,false,Rx,0,8,36,F5,A3,00,00,00,00,05,
14659573,00000122,false,Rx,0,8,FF,D9,67,1F,46,47,46,45,
14659852,00000123,false,Rx,0,8,B6,02,00,00,00,00,01,00,
14660158,00000124,false,Rx,0,8,00,00,0A,00,00,00,20,40,
14663104,00000516,false,Rx,0,8,61,02,00,00,00,00,FF,FF,
14666933,0000010B,false,Rx,0,8,12,E9,AD,00,00,00,00,05,
14667033,0000010C,false,Rx,0,8,FF,F9,E7,1F,46,4F,48,48,
14667103,0000010D,false,Rx,0,8,B5,02,00,00,00,00,01,00,
14667283,0000010E,false,Rx,0,8,00,00,1E,00,00,C0,AB,57,
14670590,000004E8,false,Rx,1,8,FF,FF,FF,05,FF,FF,FF,00,
14672029,0000011B,false,Rx,0,8,9E,15,67,05,80,08,28,02,
14672175,0000012B,false,Rx,0,8,78,45,67,06,00,00,08,00,
14672573,0000011C,false,Rx,0,8,00,05,20,00,22,00,01,01,
14672906,0000012C,false,Rx,0,8,00,00,01,00,00,64,00,00,
14673359,00000091,false,Rx,0,8,D8,A8,C7,26,06,00,00,00,
14673684,00000092,false,Rx,0,8,24,00,00,00,40,02,00,00,
14673768,00000093,false,Rx,0,8,00,00,00,00,00,00,00,00,
14674174,00000094,false,Rx,0,8,00,00,00,00,00,00,00,00,
14676539,00000401,false,Rx,0,8,C6,10,10,00,00,04,00,00,
14677043,000001E6,false,Rx,0,8,43,1C,88,02,00,00,00,00,
14677529,000001E7,false,Rx,0,8,00,00,22,03,20,01,00,00,
14677660,000001BB,false,Rx,0,8,0F,1D,88,02,00,00,00,0A,
14678065,000001BC,false,Rx,0,8,32,00,00,00,02,00,00,00,
14678146,000001BD,false,Rx,0,8,00,00,00,00,00,00,00,00,
14678931,00000036,false,Rx,0,8,F6,0B,C2,51,00,00,25,05,
14679273,00000037,false,Rx,0,8,30,00,00,10,00,40,00,00,
14679339,00000038,false,Rx,0,8,04,00,00,00,60,39,96,D4,
14679793,000003AA,false,Rx,0,8,FF,00,D0,00,54,00,00,00,
14680092,00000039,false,Rx,0,8,00,00,00,00,00,00,00,00,
14680501,000003B6,false,Rx,0,8,56,00,E1,00,00,00,00,46,
14680837,0000019B,false,Rx,0,8,56,6E,B8,00,00,E4,00,00,
14681137,000003B7,false,Rx,0,8,46,00,00,00,00,00,00,00,
14681383,0000019C,false,Rx,0,8,40,20,00,00,00,00,0B,09,
14681468,000003B8,false,Rx,0,8,B2,02,00,00,00,00,69,0E,
14681750,0000019D,false,Rx,0,8,00,10,00,01,00,00,00,00,
14681813,000002D6,false,Rx,0,8,E7,69,E1,00,00,00,00,00,
14682015,0000019E,false,Rx,0,8,15,00,00,00,00,32,00,00,
14682273,000002D7,false,Rx,0,8,00,00,00,00,03,00,00,00,
14682504,000002EB,false,Rx,0,8,79,E0,E1,07,08,01,00,02,
14682755,000002D8,false,Rx,0,8,00,00,00,00,00,00,38,47,
14682988,000002EC,false,Rx,0,8,02,00,CF,00,59,00,00,00,
14683451,000002D9,false,Rx,0,8,00,00,00,00,00,00,00,00,
14683775,000002ED,false,Rx,0,8,00,00,00,00,00,00,00,00,
14684066,000003B9,false,Rx,0,8,00,00,00,00,00,00,00,00,
14684279,000002EE,false,Rx,0,8,00,00,00,00,00,00,00,00,
14684410,00000495,false,Rx,0,8,49,00,00,00,00,00,00,00,
14686012,000002FF,false,Rx,0,8,D4,CB,00,71,02,00,00,00,
14686092,00000316,false,Rx,0,8,56,9A,8B,34,06,80,0A,00,
14686136,00000317,false,Rx,0,8,00,00,05,00,00,00,00,00,
14686388,00000472,false,Rx,0,8,5C,EC,00,40,08,41,00,45,
14686632,00000473,false,Rx,0,8,5F,24,00,25,00,00,00,78,
14686899,00000474,false,Rx,0,8,91,72,00,00,00,00,00,08,
14689173,000003B1,false,Rx,0,8,C1,DE,00,80,00,00,20,00,
14689363,00000251,false,Rx,0,8,78,1B,C4,00,00,00,00,00,
14689614,00000252,false,Rx,0,8,00,00,1B,1B,03,00,00,00,
14689863,000002AB,false,Rx,0,8,36,35,C7,0C,0C,00,00,00,
14690084,00000253,false,Rx,0,8,00,00,00,58,58,00,80,4D,
14690345,000002AC,false,Rx,0,8,00,FF,FF,00,00,40,00,54,
14690596,000002AD,false,Rx,0,8,00,01,00,40,FF,FF,FF,0F,
14690848,000002AE,false,Rx,0,8,01,00,FF,3F,01,01,00,00,
14691095,000002B6,false,Rx,0,8,8C,13,C7,01,00,00,00,40,
14691350,000002B7,false,Rx,0,8,9F,00,50,1C,00,04,00,00,
14691607,000002B8,false,Rx,0,8,FF,F8,10,00,00,00,00,00,
14691897,000002B9,false,Rx,0,8,0A,00,00,00,00,00,00,00,
14692120,000002C1,false,Rx,0,8,CB,46,E4,21,00,41,00,D4,
14692386,000002C2,false,Rx,0,8,2B,00,00,00,00,00,00,00,
14692644,000002C3,false,Rx,0,8,00,00,00,00,00,00,00,00,
14692917,000002C4,false,Rx,0,8,00,00,00,00,00,00,00,00,
14693161,000002E1,false,Rx,0,8,0A,58,C7,00,00,00,00,40,
14693414,0000033B,false,Rx,0,8,6E,5F,C6,00,00,00,00,00,
14693652,000002E2,false,Rx,0,8,FD,00,00,00,00,14,00,04,
14693914,0000033C,false,Rx,0,8,00,00,00,00,F0,00,00,00,
14694146,000002E3,false,Rx,0,8,00,00,00,00,00,00,72,01,
14694403,0000033D,false,Rx,0,8,00,00,00,00,00,00,00,00,
14694650,000002E4,false,Rx,0,8,02,00,00,00,00,00,00,00,
14694919,0000033E,false,Rx,0,8,00,00,00,00,00,00,00,00,
14695138,00000356,false,Rx,0,8,14,32,E3,00,00,00,00,00,
14695653,00000357,false,Rx,0,8,00,00,00,00,00,4B,4D,48,
14695912,00000358,false,Rx,0,8,35,41,45,4D,52,37,33,4F,
14696217,00000359,false,Rx,0,8,51,4F,34,52,4A,35,33,00,
14697082,00000146,false,Rx,0,8,D1,30,E3,10,04,05,00,00,
14697337,00000147,false,Rx,0,8,01,04,7D,00,40,46,07,00,
14697584,00000148,false,Rx,0,8,00,00,42,00,1E,89,40,05,
14697820,00000061,false,Rx,0,8,19,EC,42,00,00,00,00,00,
14698072,00000149,false,Rx,0,8,00,38,00,CC,00,00,00,00,
14698312,00000062,false,Rx,0,8,02,02,00,02,40,FF,00,FF,
14698564,00000063,false,Rx,0,8,00,00,05,00,00,08,FD,00,
14698812,00000064,false,Rx,0,8,00,00,00,04,FF,FA,00,00,
14699058,000000A1,false,Rx,0,8,FA,F4,42,57,61,02,8A,00,
14699355,000000A2,false,Rx,0,8,00,00,00,00,00,00,00,00,
14699602,000000A3,false,Rx,0,8,00,40,01,00,00,00,00,00,
14700661,00000487,false,Rx,1,8,00,00,00,00,00,00,00,00,
14701109,000004E8,false,Rx,1,8,FF,FF,FF,05,FF,FF,FF,00,
14701588,00000642,false,Rx,1,8,FF,FF,FF,FF,FF,FF,00,00,
14702555,00000111,false,Rx,0,8,A3,9F,11,01,00,00,00,00,
14702771,0000036F,false,Rx,0,8,30,A1,01,00,00,00,00,00,
14703030,00000112,false,Rx,0,8,00,00,00,00,00,00,00,00,
14703266,0000037F,false,Rx,0,8,F4,10,52,24,41,02,00,00,
14703509,00000113,false,Rx,0,8,00,00,00,00,00,00,00,00,
14703777,00000114,false,Rx,0,8,00,00,00,00,00,00,00,00,
14704338,000001AB,false,Rx,0,8,87,BF,72,50,70,78,00,00,
14704626,000001AC,false,Rx,0,8,00,28,00,00,00,00,00,00,
14706111,000001B1,false,Rx,0,8,B1,81,E3,00,72,00,00,00,
14706302,000001B2,false,Rx,0,8,23,00,04,B7,0F,09,50,10,
14706513,000001B3,false,Rx,0,8,10,33,37,00,5A,7B,6A,7D,
14706788,000001B4,false,Rx,0,8,65,7D,10,00,00,41,00,00,
14709298,00000121,false,Rx,0,8,78,32,A8,00,00,00,00,05,
14709484,00000122,false,Rx,0,8,FF,D9,67,1F,46,48,46,45,
14709718,00000123,false,Rx,0,8,B6,02,00,00,00,00,01,00,
14709986,00000124,false,Rx,0,8,00,00,0A,00,00,00,20,40,
14716522,0000010B,false,Rx,0,8,6D,11,B2,00,00,00,00,05,
14716690,0000010C,false,Rx,0,8,FF,F9,E7,1F,46,50,48,48,
14716952,0000010D,false,Rx,0,8,B5,02,00,00,00,00,01,00,
14717194,0000010E,false,Rx,0,8,00,00,1E,00,00,C0,AB,57,
14721755,00000161,false,Rx,0,8,FA,7A,B6,03,00,00,00,02,
14721931,0000011B,false,Rx,0,8,56,EC,6C,05,80,08,28,02,
14722230,00000162,false,Rx,0,8,FF,FC,01,00,00,00,00,00,
14722687,0000011C,false,Rx,0,8,00,05,20,00,22,00,01,01,
14722963,0000012B,false,Rx,0,8,B0,BC,6C,06,00,00,08,00,
14723027,000001E1,false,Rx,0,8,36,31,7C,02,00,00,00,00,
14723172,0000012C,false,Rx,0,8,00,00,01,00,00,64,00,00,
14723397,000001E2,false,Rx,0,8,00,00,00,00,00,00,00,00,
14724304,0000030B,false,Rx,0,8,19,62,C6,00,04,00,00,00,
14724551,0000030C,false,Rx,0,8,00,00,0E,00,2C,00,A0,0F,
14724807,0000030D,false,Rx,0,8,00,00,00,00,44,00,00,00,
14725085,0000030E,false,Rx,0,8,00,00,18,05,21,00,00,0A,
14728715,00000036,false,Rx,0,8,89,27,C7,51,00,00,25,05,
14728894,00000037,false,Rx,0,8,30,00,00,10,00,40,00,00,
14729193,00000038,false,Rx,0,8,04,00,00,00,60,39,96,D4,
14729447,00000039,false,Rx,0,8,00,00,00,00,00,00,00,00,
14730412,0000019B,false,Rx,0,8,29,42,BD,00,00,E4,00,00,
14730595,0000019C,false,Rx,0,8,40,20,00,00,00,00,0B,09,
14730848,0000019D,false,Rx,0,8,00,10,00,01,00,00,00,00,
14731103,00000475,false,Rx,0,8,12,00,00,00,00,00,00,00,
14731330,0000019E,false,Rx,0,8,15,00,00,00,00,32,00,00,
14731581,00000496,false,Rx,0,8,12,00,00,00,00,00,00,00,
14731816,000001A1,false,Rx,0,8,DD,E1,B6,FE,F7,7F,64,00,
14732055,000001A2,false,Rx,0,8,44,00,00,00,27,08,00,00,
14732318,000001A3,false,Rx,0,8,FF,F3,3F,00,00,00,00,00,
14732574,000001A4,false,Rx,0,8,FE,07,00,00,00,00,00,00,
14733063,00000383,false,Rx,0,8,5A,53,00,10,01,00,00,00,
14740406,000004A3,false,Rx,1,8,80,00,48,0B,3E,00,00,00,
14740665,000004A4,false,Rx,1,8,FF,FF,FF,00,00,00,00,00,
14741027,00000448,false,Rx,0,8,DE,80,00,00,00,00,00,00,
14742446,000001FB,false,Rx,0,8,AF,15,BE,00,00,00,00,00,
14742647,000001FC,false,Rx,0,8,00,00,00,00,00,00,00,00,
14742903,000001FD,false,Rx,0,8,00,1A,03,00,00,00,00,00,
14743175,000001FE,false,Rx,0,8,00,00,00,00,00,00,00,00,
14747741,00000061,false,Rx,0,8,66,C0,47,00,00,00,00,00,
14748033,00000062,false,Rx,0,8,02,02,00,02,40,FF,00,FF,
14748140,00000063,false,Rx,0,8,00,00,05,00,00,08,FD,00,
14748483,00000064,false,Rx,0,8,00,00,00,04,FF,FA,00,00,
14748818,000000A1,false,Rx,0,8,F5,1F,47,57,61,02,8A,00,
14748976,000000A2,false,Rx,0,8,00,00,00,00,00,00,00,00,
14749256,000000A3,false,Rx,0,8,00,40,01,00,00,00,00,00,
14749885,00000382,false,Rx,0,8,2B,FE,21,00,00,05,09,00,
14756590,000002BF,false,Rx,0,8,FF,FF,FF,00,00,00,00,00,
14756741,0000047F,false,Rx,0,8,F0,FC,FF,FF,FF,FF,FF,FF,
14757110,00000653,false,Rx,0,8,0A,19,03,01,02,2A,00,00,
14757361,00000236,false,Rx,0,8,93,70,C5,00,34,6C,AE,62,
14757618,00000237,false,Rx,0,8,00,15,47,00,00,1E,1B,00,
14757913,00000238,false,Rx,0,8,00,00,72,00,00,00,00,00,
14758219,00000239,false,Rx,0,8,00,00,00,00,01,00,00,00,
14759391,00000121,false,Rx,0,8,F1,D8,AD,00,00,00,00,05,
14759788,00000122,false,Rx,0,8,FF,D9,67,1F,46,47,46,45,
14759854,000001F6,false,Rx,0,8,9E,5B,C5,00,00,00,00,0E,
14760091,00000123,false,Rx,0,8,B6,02,00,00,00,00,01,00,
14760322,000001F7,false,Rx,0,8,26,00,DA,02,00,00,00,00,
14760570,00000124,false,Rx,0,8,00,00,0A,00,00,00,20,40,
14760810,000001F8,false,Rx,0,8,00,5E,01,45,01,00,00,00,
14761040,00000151,false,Rx,0,8,D5,87,C5,64,C8,00,28,18,
14761265,000001F9,false,Rx,0,8,4B,00,64,C8,14,00,4B,00,
14761520,00000152,false,Rx,0,8,14,17,17,00,51,00,00,00,
14761747,0000025B,false,Rx,0,8,50,C9,C5,40,40,20,00,00,
14761993,00000153,false,Rx,0,8,00,00,00,00,00,00,00,00,
14762259,0000025C,false,Rx,0,8,00,00,26,00,B4,2C,19,00,
14762507,00000154,false,Rx,0,8,00,00,00,00,00,00,00,00,
14762761,0000025D,false,Rx,0,8,00,C8,00,00,00,80,C0,70,
14762963,000002FB,false,Rx,0,8,99,51,C5,04,72,1A,B4,B4,
14763188,0000025E,false,Rx,0,8,02,07,0E,01,00,00,46,00,
14763465,000002FC,false,Rx,0,8,0F,00,14,18,00,00,8E,43,
14763710,000002FD,false,Rx,0,8,00,00,00,00,00,1C,13,EA,
14763976,000002FE,false,Rx,0,8,00,00,72,01,00,28,C8,02,
14764268,00000326,false,Rx,0,8,E7,2C,C5,00,00,00,00,00,
14764525,00000327,false,Rx,0,8,00,00,00,00,05,00,00,00,
14764799,00000561,false,Rx,0,8,63,02,00,00,00,00,FF,FF,
14764985,00000328,false,Rx,0,8,DA,02,4B,00,00,5E,01,00,
14765275,00000329,false,Rx,0,8,64,45,01,00,00,00,00,00,
14765686,00000331,false,Rx,0,8,C4,89,C5,F1,C8,A0,2C,97,
14765823,00000332,false,Rx,0,8,E8,08,FC,03,00,00,00,00,
14766040,00000333,false,Rx,0,8,00,00,00,1C,0C,40,20,64,
14766392,00000334,false,Rx,0,8,C8,00,00,00,08,44,F4,8F,
14766542,0000010B,false,Rx,0,8,29,75,B7,00,00,00,00,05,
14766842,0000010C,false,Rx,0,8,FF,F9,E7,1F,46,4F,48,48,
14767000,0000010D,false,Rx,0,8,B5,02,00,00,00,00,01,00,
14767262,0000010E,false,Rx,0,8,00,00,1E,00,00,C0,AB,57,
14772138,0000011B,false,Rx,0,8,2F,F6,71,05,80,08,28,02,
14772235,0000012B,false,Rx,0,8,C9,A6,71,06,00,00,08,00,
14772481,0000011C,false,Rx,0,8,00,05,20,00,22,00,01,01,
14772746,0000012C,false,Rx,0,8,00,00,01,00,00,64,00,00,
14773286,00000091,false,Rx,0,8,AC,AB,C8,26,06,00,00,00,
14773573,00000092,false,Rx,0,8,23,00,00,00,30,02,00,00,
14773626,00000093,false,Rx,0,8,00,00,00,00,00,00,00,00,
14773960,00000094,false,Rx,0,8,00,00,00,00,00,00,00,00,
14778693,00000036,false,Rx,0,8,31,26,CC,51,00,00,25,05,
14778854,00000037,false,Rx,0,8,30,00,00,10,00,40,00,00,
14779084,00000038,false,Rx,0,8,04,00,00,00,60,39,96,D4,
14779392,00000039,false,Rx,0,8,00,00,00,00,00,00,00,00,
14779654,00000256,false,Rx,0,8,03,09,C4,15,40,00,F0,00,
14779898,000002E6,false,Rx,0,8,26,B3,C4,01,00,00,00,15,
14780145,00000257,false,Rx,0,8,00,93,41,18,85,07,00,94,
14780504,000002E7,false,Rx,0,8,0A,00,00,00,00,00,00,00,
14780732,0000019B,false,Rx,0,8,B1,48,C2,00,00,E4,00,00,
14780844,00000258,false,Rx,0,8,36,EC,1A,00,10,15,00,28,
14781104,0000019C,false,Rx,0,8,40,20,00,00,00,00,0B,09,
14781372,00000259,false,Rx,0,8,60,05,8D,3C,4C,02,00,00,
14781572,0000019D,false,Rx,0,8,00,10,00,01,00,00,00,00,
14781830,000002E8,false,Rx,0,8,00,00,00,00,00,00,00,00,
14782198,0000019E,false,Rx,0,8,15,00,00,00,00,32,00,00,
14782448,000002E9,false,Rx,0,8,00,00,00,00,00,00,00,00,
14782569,000001F1,false,Rx,0,8,48,10,42,01,00,00,28,00,
14782835,00000384,false,Rx,0,8,BA,56,0D,01,00,FF,00,24,
14783056,000001F2,false,Rx,0,8,00,00,00,00,00,00,00,00,
14785158,00000226,false,Rx,0,8,7D,41,17,FF,63,60,09,42,
14785326,00000227,false,Rx,0,8,02,94,00,09,03,F1,9F,03,
14789248,0000042A,false,Rx,0,8,8E,83,0C,02,00,10,00,00,
14791077,00000396,false,Rx,0,8,92,B8,E2,0F,08,01,00,02,
14791195,00000397,false,Rx,0,8,35,00,43,10,3F,07,00,00,
14791488,00000398,false,Rx,0,8,00,00,00,00,00,00,00,00,
14797212,00000146,false,Rx,0,8,69,31,E8,10,04,05,00,00,
14797318,00000147,false,Rx,0,8,01,04,7D,00,40,46,07,00,
14797644,00000148,false,Rx,0,8,00,00,42,00,1E,89,40,05,
14797909,00000061,false,Rx,0,8,DE,C1,4C,00,00,00,00,00,
14798067,00000149,false,Rx,0,8,00,38,00,CC,00,00,00,00,
14798369,00000062,false,Rx,0,8,02,02,00,02,40,FF,00,FF,
14798708,00000063,false,Rx,0,8,00,00,05,00,00,08,FD,00,
14798880,00000064,false,Rx,0,8,00,00,00,04,FF,FA,00,00,
14799138,000000A1,false,Rx,0,8,C9,EE,4C,57,61,02,8A,00,
14799358,000000A2,false,Rx,0,8,00,00,00,00,00,00,00,00,
14799639,000000A3,false,Rx,0,8,00,40,01,00,00,00,00,00,
14802692,0000036F,false,Rx,0,8,89,B1,01,00,00,00,00,00,
14802887,0000037F,false,Rx,0,8,22,20,52,24,41,02,00,00,
14804128,000001AB,false,Rx,0,8,71,97,77,50,70,78,00,00,
14804349,000001AC,false,Rx,0,8,00,28,00,00,00,00,00,00,
14806101,000001B1,false,Rx,0,8,09,80,E8,00,72,00,00,00,
14806285,000001B2,false,Rx,0,8,23,00,04,B7,0F,09,50,10,
14806519,000001B3,false,Rx,0,8,10,33,37,00,5A,7B,6A,7D,
14806789,000001B4,false,Rx,0,8,65,7D,10,00,00,41,00,00,
14809296,00000121,false,Rx,0,8,B5,68,B2,00,00,00,00,05,
14809520,00000122,false,Rx,0,8,FF,D9,67,1F,46,47,46,45,
14809748,00000123,false,Rx,0,8,B6,02,00,00,00,00,01,00,
14810019,00000124,false,Rx,0,8,00,00,0A,00,00,00,20,40,
14811354,000000C5,false,Rx,1,8,00,00,00,00,00,00,00,00,
14811632,00000244,false,Rx,1,8,FF,FF,FF,FF,FF,FF,FF,FF,
14811884,000004B4,false,Rx,1,8,00,00,05,40,10,70,04,00,
14812102,000004B5,false,Rx,1,8,08,00,F0,07,00,00,00,00,
14812415,000004B7,false,Rx,1,8,08,00,F0,07,00,00,00,00,
14812693,000003B0,false,Rx,0,8,72,37,FF,C7,00,00,03,C0,
14812770,000004CA,false,Rx,1,8,00,00,00,00,00,00,00,00,
14812927,000004CC,false,Rx,1,8,08,00,00,06,00,00,03,00,
14813658,000004CE,false,Rx,1,8,DE,01,00,00,00,00,F8,FF,
14814141,000004D7,false,Rx,1,8,23,01,00,00,00,00,00,00,
14814456,000004D8,false,Rx,1,8,41,10,F0,F0,40,F2,1E,CC,
14814719,000004DD,false,Rx,1,8,00,00,FE,00,04,00,00,00,
14815006,000004DF,false,Rx,1,8,00,00,08,00,00,00,00,00,
14815286,000004E7,false,Rx,1,8,00,30,00,00,00,00,69,00,
14815466,000004E8,false,Rx,1,8,FF,FF,FF,05,FF,FF,FF,00,
14815703,000004E9,false,Rx,1,8,12,00,00,34,00,00,50,00,
14815857,000004EA,false,Rx,1,8,67,00,00,89,00,00,00,00,
14815997,000004EB,false,Rx,1,8,02,80,16,18,80,00,00,00,
14816078,000004EC,false,Rx,1,8,00,00,00,00,00,00,00,00,
14816453,000004ED,false,Rx,1,8,00,00,00,00,00,FF,FF,1F,
14816917,0000010B,false,Rx,0,8,91,74,BC,00,00,00,00,05,
14817079,000004EE,false,Rx,1,8,FF,FF,00,00,00,00,00,00,
14817303,000004EF,false,Rx,1,8,60,00,60,00,2B,14,00,00,
14817603,0000010C,false,Rx,0,8,FF,F9,E7,1F,46,4F,48,48,
14817737,000004F0,false,Rx,1,8,4A,10,16,18,5C,1A,0B,02,
14817792,0000010D,false,Rx,0,8,B5,02,00,00,00,00,01,00,
14817881,000004F1,false,Rx,1,8,00,C0,00,00,00,00,00,00,
14818086,000004F2,false,Rx,1,8,02,FF,DD,FF,03,01,00,00,
14818302,0000010E,false,Rx,0,8,00,00,1E,00,00,C0,AB,57,
14818360,000004F3,false,Rx,1,8,00,00,00,00,30,00,00,00,
14818919,000004F9,false,Rx,1,8,E0,FF,FF,FF,FF,FF,FF,FF,
14819360,0000063D,false,Rx,1,8,00,80,00,00,00,00,00,00,
14819631,0000063E,false,Rx,1,8,FF,FF,FF,FF,FF,FF,FF,FF,
14819913,0000063F,false,Rx,1,8,00,10,00,C4,FF,00,00,00,
14820319,000003B2,false,Rx,0,8,36,15,FF,02,29,2F,34,00,
14820544,00000640,false,Rx,1,8,FF,FF,FF,00,FF,FF,FF,00,
14820604,00000641,false,Rx,1,8,FF,FF,FF,FF,0F,FF,FF,FF,
14820700,00000646,false,Rx,1,8,00,00,00,80,01,00,00,00,
14821972,00000161,false,Rx,0,8,89,43,BB,03,00,00,00,02,
14822096,0000011B,false,Rx,0,8,B0,9E,76,05,80,08,28,02,
14822335,0000012B,false,Rx,0,8,56,CE,76,06,00,00,08,00,
14822570,0000011C,false,Rx,0,8,00,05,20,00,22,00,01,01,
14822809,0000012C,false,Rx,0,8,00,00,01,00,00,64,00,00,
14823072,00000405,false,Rx,0,8,D2,10,00,00,00,01,00,00,
14823431,00000162,false,Rx,0,8,FF,FC,01,00,00,00,00,00,
14823661,00000410,false,Rx,0,8,6A,60,57,3C,DE,6A,FF,FF,
14823829,00000411,false,Rx,0,8,04,D1,50,51,00,00,44,04,
14824066,00000413,false,Rx,0,8,08,60,00,00,00,00,00,00,
14824318,00000412,false,Rx,0,8,CC,E0,00,00,00,00,00,00,
14824554,00000414,false,Rx,0,8,41,70,00,00,28,00,00,00,
14824837,00000416,false,Rx,0,8,55,00,00,00,00,00,00,00,
14825130,00000417,false,Rx,0,8,20,E0,00,00,00,00,00,00,
14825382,00000418,false,Rx,0,8,07,C0,00,00,14,0C,00,00,
14825651,00000419,false,Rx,0,8,62,00,26,D5,2D,87,90,00,
14826023,0000048F,false,Rx,0,8,AD,10,41,00,05,00,00,00,
14826710,000001E6,false,Rx,0,8,0E,F4,8B,02,00,00,00,00,
14826936,000001E7,false,Rx,0,8,00,00,22,03,20,01,00,00,
14827331,000001BB,false,Rx,0,8,0A,44,8B,02,00,00,00,0A,
14827566,000001BC,false,Rx,0,8,32,00,00,00,02,00,00,00,
14827864,000001BD,false,Rx,0,8,00,00,00,00,00,00,00,00,
14828776,00000036,false,Rx,0,8,F9,24,D1,51,00,00,25,05,
14829050,00000037,false,Rx,0,8,30,00,00,10,00,40,00,00,
14829311,00000038,false,Rx,0,8,04,00,00,00,60,39,96,D4,
14829509,00000039,false,Rx,0,8,00,00,00,00,00,00,00,00,
14830002,00000380,false,Rx,0,8,96,92,03,08,08,08,08,01,
14830361,0000019B,false,Rx,0,8,CE,64,C7,00,00,E4,00,00,
14830593,0000019C,false,Rx,0,8,40,20,00,00,00,00,0B,09,
14830872,0000019D,false,Rx,0,8,00,10,00,01,00,00,00,00,
14831106,00000427,false,Rx,0,8,1D,86,FF,00,80,0A,00,00,
14831364,0000019E,false,Rx,0,8,15,00,00,00,00,32,00,00,
14831762,000003A1,false,Rx,0,8,26,D1,CA,00,FF,FF,FF,FF,
14831825,000001A1,false,Rx,0,8,D0,27,BB,FE,F7,7F,64,00,
14832092,000003A2,false,Rx,0,8,00,00,00,00,00,00,00,00,
14832327,000001A2,false,Rx,0,8,44,00,00,00,27,08,00,00,
14832590,000001A3,false,Rx,0,8,FF,F3,3F,00,00,00,00,00,
14832844,000001A4,false,Rx,0,8,FE,07,00,00,00,00,00,00,
14846293,000000FF,false,Rx,0,8,CB,10,00,00,00,00,02,00,
14847003,00000394,false,Rx,0,8,2A,22,1A,49,00,00,00,00,
14847153,000003C3,false,Rx,0,8,45,10,31,30,36,00,00,00,
14847526,000003E0,false,Rx,0,8,01,70,01,00,54,03,00,00,
14847915,00000061,false,Rx,0,8,16,C3,51,00,00,00,00,00,
14847993,00000062,false,Rx,0,8,02,02,00,02,40,FF,00,FF,
14848328,00000063,false,Rx,0,8,00,00,05,00,00,08,FD,00,
14848519,00000064,false,Rx,0,8,00,00,00,04,FF,FA,00,00,
14848785,000003E5,false,Rx,0,8,8E,90,01,00,00,00,00,00,
14849017,000000A1,false,Rx,0,8,AC,ED,51,57,61,02,8A,00,
14849433,000003E6,false,Rx,0,8,7F,00,00,00,00,00,00,00,
14849538,000000A2,false,Rx,0,8,00,00,00,00,00,00,00,00,
14850001,0000041A,false,Rx,0,8,95,40,12,00,00,00,00,00,
14850075,000000A3,false,Rx,0,8,00,40,01,00,00,00,00,00,
14850366,0000041B,false,Rx,0,8,60,30,00,00,00,00,00,00,
14850634,0000041C,false,Rx,0,8,E9,80,E0,00,00,00,00,00,
14851136,00000422,false,Rx,0,8,EA,C0,01,00,00,00,04,00,
14851683,00000432,false,Rx,0,8,03,20,02,00,00,00,00,00,
14852095,00000435,false,Rx,0,8,9F,D0,00,40,00,00,00,00,
14852183,00000442,false,Rx,0,8,CE,20,11,81,00,00,00,00,
14852640,00000444,false,Rx,0,8,6C,30,20,50,55,50,00,00,
14853063,00000445,false,Rx,0,8,67,40,00,00,00,00,00,18,
14853821,00000464,false,Rx,0,8,B2,70,F0,FF,38,7F,05,00,
14856371,00000563,false,Rx,1,8,65,02,00,00,00,00,FF,FF,
14859593,00000121,false,Rx,0,8,CA,44,B7,00,00,00,00,05,
14859665,00000122,false,Rx,0,8,FF,D9,67,1F,46,47,46,45,
14859879,00000123,false,Rx,0,8,B6,02,00,00,00,00,01,00,
14860064,00000124,false,Rx,0,8,00,00,0A,00,00,00,20,40,
14866704,0000010B,false,Rx,0,8,85,CC,C1,00,00,00,00,05,
14866810,0000010C,false,Rx,0,8,FF,F9,E7,1F,46,4F,48,48,
14867031,0000010D,false,Rx,0,8,B5,02,00,00,00,00,01,00,
14867274,0000010E,false,Rx,0,8,00,00,1E,00,00,C0,AB,57,
14872100,0000011B,false,Rx,0,8,C3,A7,7B,05,80,08,28,02,
14872254,0000012B,false,Rx,0,8,25,F7,7B,06,00,00,08,00,
14872555,0000011C,false,Rx,0,8,00,05,20,00,22,00,01,01,
14872757,0000012C,false,Rx,0,8,00,00,01,00,00,64,00,00,
14873020,000001E1,false,Rx,0,8,7B,D9,7F,02,00,00,00,00,
14873301,00000091,false,Rx,0,8,1F,85,C9,26,06,00,00,00,
14873444,000001E2,false,Rx,0,8,00,00,00,00,00,00,00,00,
14873723,00000092,false,Rx,0,8,24,00,00,00,40,02,00,00,
14873964,00000093,false,Rx,0,8,00,00,00,00,00,00,00,00,
14874265,00000094,false,Rx,0,8,00,00,00,00,00,00,00,00,
14876708,00000401,false,Rx,0,8,C6,10,10,00,00,04,00,00,
14878712,00000036,false,Rx,0,8,0A,BA,D6,51,00,00,25,05,
14878902,00000037,false,Rx,0,8,30,00,00,10,00,40,00,00,
14879162,00000038,false,Rx,0,8,04,00,00,00,60,39,96,D4,
14879438,00000039,false,Rx,0,8,00,00,00,00,00,00,00,00,
14879682,000003AA,false,Rx,0,8,FF,00,D0,00,54,00,00,00,
14880351,000003B6,false,Rx,0,8,9C,EB,E2,00,00,00,00,46,
14880581,0000019B,false,Rx,0,8,76,65,CC,00,00,E4,00,00,
14880844,000003B7,false,Rx,0,8,46,00,00,00,00,00,00,00,
14881072,0000019C,false,Rx,0,8,40,20,00,00,00,00,0B,09,
14881320,000003B8,false,Rx,0,8,B2,02,00,00,00,00,69,0E,
14881561,0000019D,false,Rx,0,8,00,10,00,01,00,00,00,00,
14881790,000002D6,false,Rx,0,8,2D,82,E2,00,00,00,00,00,
14882038,0000019E,false,Rx,0,8,15,00,00,00,00,32,00,00,
14882301,000002D7,false,Rx,0,8,00,00,00,00,03,00,00,00,
14882540,000002EB,false,Rx,0,8,14,36,E2,07,08,01,00,02,
14882774,000002D8,false,Rx,0,8,00,00,00,00,00,00,38,47,
14883027,000002EC,false,Rx,0,8,07,00,CF,00,59,00,00,00,
14883266,000002D9,false,Rx,0,8,00,00,00,00,00,00,00,00,
14883525,000002ED,false,Rx,0,8,00,00,00,00,00,00,00,00,
14883765,000003B9,false,Rx,0,8,00,00,00,00,00,00,00,00,
14884024,000002EE,false,Rx,0,8,00,00,00,00,00,00,00,00,
14884254,00000495,false,Rx,0,8,49,00,00,00,00,00,00,00,
14884995,00000316,false,Rx,0,8,C9,F2,8C,34,06,80,0A,00,
14885237,00000317,false,Rx,0,8,00,00,05,00,00,00,00,00,
14885469,000003CB,false,Rx,0,8,36,14,00,F4,00,00,00,00,
14885711,00000472,false,Rx,0,8,5C,EC,00,40,08,41,00,45,
14885966,000003CC,false,Rx,0,8,36,31,34,30,33,34,31,00,
14886360,00000473,false,Rx,0,8,5F,24,00,25,00,00,00,78,
14886429,00000474,false,Rx,0,8,91,72,00,00,00,00,00,08,
14886969,000002FF,false,Rx,0,8,D4,CB,00,71,02,00,00,00,
14889542,00000251,false,Rx,0,8,7E,75,C6,00,00,00,00,00,
14889725,00000252,false,Rx,0,8,00,00,1B,1B,03,00,00,00,
14890026,000002AB,false,Rx,0,8,F1,18,C9,0C,0C,00,00,00,
14890488,00000253,false,Rx,0,8,00,00,00,58,58,00,80,4D,
14890668,000002AC,false,Rx,0,8,00,FF,FF,00,00,40,00,54,
14890737,000003B1,false,Rx,0,8,C1,DE,00,80,00,00,20,00,
14891079,000002AD,false,Rx,0,8,00,01,00,40,FF,FF,FF,0F,
14891183,000002AE,false,Rx,0,8,01,00,FF,3F,01,01,00,00,
14891643,000002B6,false,Rx,0,8,4B,3E,C9,01,00,00,00,40,
14892122,000002B7,false,Rx,0,8,9F,00,50,1C,00,04,00,00,
14892200,000002B8,false,Rx,0,8,FF,F8,10,00,00,00,00,00,
14892299,000002B9,false,Rx,0,8,0A,00,00,00,00,00,00,00,
14892564,000002C1,false,Rx,0,8,8D,1F,E5,21,00,41,00,D4,
14892806,000002C2,false,Rx,0,8,2B,00,00,00,00,00,00,00,
14893073,000002C3,false,Rx,0,8,00,00,00,00,00,00,00,00,
14893280,0000033B,false,Rx,0,8,A9,72,C8,00,00,00,00,00,
14893530,000002C4,false,Rx,0,8,00,00,00,00,00,00,00,00,
14893787,0000033C,false,Rx,0,8,00,00,00,00,F0,00,00,00,
14894030,000002E1,false,Rx,0,8,CD,75,C9,00,00,00,00,40,
14894270,0000033D,false,Rx,0,8,00,00,00,00,00,00,00,00,
14894515,000002E2,false,Rx,0,8,FD,00,00,00,00,14,00,04,
14894766,0000033E,false,Rx,0,8,00,00,00,00,00,00,00,00,
14895026,000002E3,false,Rx,0,8,00,00,00,00,00,00,72,01,
14895257,00000356,false,Rx,0,8,E7,AC,E4,00,00,00,00,00,
14895499,000002E4,false,Rx,0,8,02,00,00,00,00,00,00,00,
14895757,00000357,false,Rx,0,8,00,00,00,00,00,4B,4D,48,
14895990,00000358,false,Rx,0,8,35,41,45,4D,52,37,33,4F,
14896252,00000359,false,Rx,0,8,51,4F,34,52,4A,35,33,00,
14897081,00000146,false,Rx,0,8,2D,73,ED,10,04,05,00,00,
14897329,00000147,false,Rx,0,8,01,04,7D,00,40,45,07,00,
14897563,00000148,false,Rx,0,8,00,00,42,00,1E,89,40,05,
14897808,00000061,false,Rx,0,8,E5,5D,56,00,00,00,00,00,
14898052,00000149,false,Rx,0,8,00,38,00,CC,00,00,00,00,
14898291,00000062,false,Rx,0,8,02,02,00,02,40,FF,00,FF,
14898554,00000063,false,Rx,0,8,00,00,05,00,00,08,FD,00,
14898814,00000064,false,Rx,0,8,00,00,00,04,FF,FA,00,00,
14899069,000000A1,false,Rx,0,8,A5,68,56,57,61,02,8A,00,
14899352,000000A2,false,Rx,0,8,00,00,00,00,00,00,00,00,
14899594,000000A3,false,Rx,0,8,00,40,01,00,00,00,00,00,
14902430,00000487,false,Rx,1,8,00,00,00,00,00,00,00,00,
14902560,00000111,false,Rx,0,8,69,74,12,01,00,00,00,00,
14902797,0000036F,false,Rx,0,8,81,C1,01,00,00,00,00,00,
14902864,00000642,false,Rx,1,8,FF,FF,FF,FF,FF,FF,00,00,
14903063,00000112,false,Rx,0,8,00,00,00,00,00,00,00,00,
14903282,0000037F,false,Rx,0,8,9B,30,52,24,41,02,00,00,
14903373,00000645,false,Rx,1,8,C7,35,06,79,E0,32,56,00,
14903574,00000113,false,Rx,0,8,00,00,00,00,00,00,00,00,
14904040,00000114,false,Rx,0,8,00,00,00,00,00,00,00,00,
14904272,000001AB,false,Rx,0,8,B9,6E,7C,50,70,78,00,00,
14904777,000001AC,false,Rx,0,8,00,28,00,00,00,00,00,00,
14906087,000001B1,false,Rx,0,8,76,AC,ED,00,72,00,00,00,
14906284,000001B2,false,Rx,0,8,23,00,04,B7,0F,09,50,10,
14906530,000001B3,false,Rx,0,8,10,33,37,00,5A,7B,6A,7D,
14906768,000001B4,false,Rx,0,8,65,7D,10,00,00,41,00,00,
14909354,00000121,false,Rx,0,8,84,83,BC,00,00,00,00,05,
14909545,00000122,false,Rx,0,8,FF,D9,67,1F,46,48,46,45,
14909786,00000123,false,Rx,0,8,B6,02,00,00,00,00,01,00,
14910041,00000124,false,Rx,0,8,00,00,0A,00,00,00,20,40,
14916510,0000010B,false,Rx,0,8,76,52,C6,00,00,00,00,05,
14916683,0000010C,false,Rx,0,8,FF,F9,E7,1F,46,4F,48,48,
14916942,0000010D,false,Rx,0,8,B5,02,00,00,00,00,01,00,
14917181,0000010E,false,Rx,0,8,00,00,1E,00,00,C0,AB,57,
14921776,00000161,false,Rx,0,8,77,53,C0,03,00,00,00,02,
14921971,0000011B,false,Rx,0,8,4C,BF,80,05,80,08,28,02,
14922199,00000162,false,Rx,0,8,FF,FC,01,00,00,00,00,00,
14922453,0000011C,false,Rx,0,8,00,05,20,00,22,00,01,01,
14922684,0000012B,false,Rx,0,8,AA,EF,80,06,00,00,08,00,
14922948,0000012C,false,Rx,0,8,00,00,01,00,00,64,00,00,
14924352,0000030B,false,Rx,0,8,BD,0C,C8,00,04,00,00,00,
14924550,0000030C,false,Rx,0,8,00,00,0E,00,2C,00,A0,0F,
14924801,0000030D,false,Rx,0,8,00,00,00,00,44,00,00,00,
14925060,0000030E,false,Rx,0,8,00,00,18,05,21,00,00,1A,
14928769,00000036,false,Rx,0,8,07,7C,DB,51,00,00,25,05,
14928962,00000037,false,Rx,0,8,30,00,00,10,00,40,00,00,
14929270,00000038,false,Rx,0,8,04,00,00,00,60,39,96,D4,
14929770,00000039,false,Rx,0,8,00,00,00,00,00,00,00,00,
14930482,0000019B,false,Rx,0,8,BE,67,D1,00,00,E4,00,00,
14930644,0000019C,false,Rx,0,8,40,20,00,00,00,00,0B,09,
14930862,0000019D,false,Rx,0,8,00,10,00,01,00,00,00,00,
14931112,00000475,false,Rx,0,8,12,00,00,00,00,00,00,00,
14931353,0000019E,false,Rx,0,8,15,00,00,00,00,32,00,00,
14931589,00000496,false,Rx,0,8,12,00,00,00,00,00,00,00,
14931840,000001A1,false,Rx,0,8,71,58,C0,FE,F7,7F,64,00,
14932087,000001A2,false,Rx,0,8,44,00,00,00,27,08,00,00,
14932330,000001A3,false,Rx,0,8,FF,F3,3F,00,00,00,00,00,
14932598,000001A4,false,Rx,0,8,FE,07,00,00,00,00,00,00,
14932942,000001F1,false,Rx,0,8,D7,78,45,01,00,00,28,00,
14933182,00000383,false,Rx,0,8,5A,53,00,10,01,00,00,00,
14933427,000001F2,false,Rx,0,8,00,00,00,00,00,00,00,00,
14940784,00000448,false,Rx,0,8,DE,80,00,00,00,00,00,00,
14942413,000004A3,false,Rx,1,8,80,00,48,0B,3E,00,00,00,
14942688,000001FB,false,Rx,0,8,71,46,C0,00,00,00,00,00,
14942766,000004A4,false,Rx,1,8,FF,FF,FF,00,00,00,00,00,
14942825,000001FC,false,Rx,0,8,00,00,00,00,00,00,00,00,
14943165,000001FD,false,Rx,0,8,00,1A,03,00,00,00,00,00,
14943667,000001FE,false,Rx,0,8,00,00,00,00,00,00,00,00,
14947773,00000061,false,Rx,0,8,E8,9B,5B,00,00,00,00,00,
14947861,00000062,false,Rx,0,8,02,02,00,02,40,FF,00,FF,
14948202,00000063,false,Rx,0,8,00,00,05,00,00,08,FD,00,
14948430,00000064,false,Rx,0,8,00,00,00,04,FF,FA,00,00,
14948646,000000A1,false,Rx,0,8,93,2B,5B,57,61,02,8A,00,
14948897,000000A2,false,Rx,0,8,00,00,00,00,00,00,00,00,
14949244,00000382,false,Rx,0,8,2B,FE,21,00,00,05,09,00,
14949411,000000A3,false,Rx,0,8,00,40,01,00,00,00,00,00,
14950847,00000565,false,Rx,0,8,66,02,00,00,00,00,FF,FF,
14956545,000002BF,false,Rx,0,8,FF,FF,FF,00,00,00,00,00,
14956755,0000047F,false,Rx,0,8,F0,FC,FF,FF,FF,FF,FF,FF,
14957051,00000653,false,Rx,0,8,0A,19,03,01,02,2A,00,00,
14957346,00000236,false,Rx,0,8,1F,C2,C7,00,34,6C,AE,62,
14957606,00000237,false,Rx,0,8,00,15,47,00,00,1E,1B,00,
14957918,00000238,false,Rx,0,8,00,00,72,00,00,00,00,00,
14958168,00000239,false,Rx,0,8,00,00,00,00,01,00,00,00,
14959543,00000121,false,Rx,0,8,66,FD,C1,00,00,00,00,05,
14959713,00000122,false,Rx,0,8,FF,D9,67,1F,46,47,46,45,
14959972,00000123,false,Rx,0,8,B6,02,00,00,00,00,01,00,
14960375,000001F6,false,Rx,0,8,12,E9,C7,00,00,00,00,0E,
14960448,00000124,false,Rx,0,8,00,00,0A,00,00,00,20,40,
14960661,000001F7,false,Rx,0,8,26,00,DA,02,00,00,00,00,
14960897,00000151,false,Rx,0,8,59,35,C7,64,C8,00,28,18,
14961141,000001F8,false,Rx,0,8,00,5E,01,45,01,00,00,00,
14961487,00000152,false,Rx,0,8,14,17,17,00,51,00,00,00,
14961709,000001F9,false,Rx,0,8,4B,00,64,C8,14,00,4B,00,
14961857,00000153,false,Rx,0,8,00,00,00,00,00,00,00,00,
14962091,0000025B,false,Rx,0,8,D7,FC,C7,40,40,20,00,00,
14962350,00000154,false,Rx,0,8,00,00,00,00,00,00,00,00,
14962580,0000025C,false,Rx,0,8,00,00,26,00,B4,2C,19,00,
14962811,000002FB,false,Rx,0,8,15,E3,C7,04,72,1A,B4,B4,
14963059,0000025D,false,Rx,0,8,00,C8,00,00,00,80,C0,70,
14963428,000002FC,false,Rx,0,8,0F,00,14,18,00,00,8E,43,
14963567,0000025E,false,Rx,0,8,5A,07,0E,08,00,00,46,00,
14963844,000002FD,false,Rx,0,8,00,00,00,00,00,1C,13,EA,
14964066,000002FE,false,Rx,0,8,00,00,72,01,00,28,C8,02,
14964310,00000326,false,Rx,0,8,6B,9E,C7,00,00,00,00,00,
14964582,00000327,false,Rx,0,8,00,00,00,00,05,00,00,00,
14964823,00000328,false,Rx,0,8,DA,02,4B,00,00,5E,01,00,
14965076,00000329,false,Rx,0,8,64,45,01,00,00,00,00,00,
14965458,00000331,false,Rx,0,8,48,3B,C7,F1,C8,A0,2C,97,
14965685,00000332,false,Rx,0,8,E8,08,FC,03,00,00,00,00,
14965845,00000333,false,Rx,0,8,00,00,00,1C,0C,40,20,64,
14966129,00000334,false,Rx,0,8,C8,00,00,00,08,44,F4,8F,
14966510,0000010B,false,Rx,0,8,7B,94,CB,00,00,00,00,05,
14966753,0000010C,false,Rx,0,8,FF,F9,E7,1F,46,4F,48,48,
14967004,0000010D,false,Rx,0,8,B5,02,00,00,00,00,01,00,
14967250,0000010E,false,Rx,0,8,00,00,1E,00,00,C0,AB,57,
14972094,0000011B,false,Rx,0,8,BA,97,85,05,80,08,28,02,
14972255,0000012B,false,Rx,0,8,5C,C7,85,06,00,00,08,00,
14972500,0000011C,false,Rx,0,8,00,05,20,00,22,00,01,01,
14972946,0000012C,false,Rx,0,8,00,00,01,00,00,64,00,00,
14973368,00000091,false,Rx,0,8,F2,7F,CA,26,06,00,00,00,
14973452,00000092,false,Rx,0,8,25,00,00,00,50,02,00,00,
14973715,00000093,false,Rx,0,8,00,00,00,00,00,00,00,00,
14973964,00000094,false,Rx,0,8,00,00,00,00,00,00,00,00,
14977092,000001E6,false,Rx,0,8,F8,DC,8E,02,00,00,00,00,
14977231,000001E7,false,Rx,0,8,00,00,22,03,20,01,00,00,
14977564,000001BB,false,Rx,0,8,05,AF,8E,02,00,00,00,0A,
14977768,000001BC,false,Rx,0,8,32,00,00,00,02,00,00,00,
14978055,000001BD,false,Rx,0,8,00,00,00,00,00,00,00,00,
14978670,00000036,false,Rx,0,8,D1,20,E0,51,00,00,25,05,
14979115,00000037,false,Rx,0,8,30,00,00,10,00,40,00,00,
14979313,00000038,false,Rx,0,8,04,00,00,00,60,39,96,D4,
14979421,00000039,false,Rx,0,8,00,00,00,00,00,00,00,00,
14979706,00000256,false,Rx,0,8,63,95,C6,15,40,00,F0,00,
14979892,000002E6,false,Rx,0,8,AA,01,C6,01,00,00,00,15,
14980125,00000257,false,Rx,0,8,00,94,41,18,85,07,00,94,
14980371,0000019B,false,Rx,0,8,4D,F9,D6,00,00,E4,00,00,
14980624,00000258,false,Rx,0,8,36,EB,1A,00,10,15,00,28,
14980895,0000019C,false,Rx,0,8,40,20,00,00,00,00,0B,09,
14981155,00000259,false,Rx,0,8,5E,05,8D,3C,4C,02,00,00,
14981363,0000019D,false,Rx,0,8,00,10,00,01,00,00,00,00,
14981579,000002E7,false,Rx,0,8,0A,00,00,00,00,00,00,00,
14981813,0000019E,false,Rx,0,8,15,00,00,00,00,32,00,00,
14982063,000002E8,false,Rx,0,8,00,00,00,00,00,00,00,00,
14982491,00000384,false,Rx,0,8,BA,56,0D,01,00,FF,00,24,
14982548,000002E9,false,Rx,0,8,00,00,00,00,00,00,00,00,
14984766,00000226,false,Rx,0,8,43,90,19,FF,63,60,09,42,
14985156,00000227,false,Rx,0,8,02,94,00,09,03,F1,9F,03,
14989161,0000042A,false,Rx,0,8,8E,83,0C,02,00,10,00,00,
14991102,00000396,false,Rx,0,8,91,8F,E3,0F,08,01,00,02,
14991276,00000397,false,Rx,0,8,35,00,43,10,3F,07,00,00,
14991584,00000398,false,Rx,0,8,00,00,00,00,00,00,00,00,
14997156,00000146,false,Rx,0,8,52,AD,F2,10,04,05,00,00,
14997339,00000147,false,Rx,0,8,01,04,7D,00,40,46,07,00,
14997559,00000148,false,Rx,0,8,00,00,42,00,1E,89,40,05,
14997820,00000061,false,Rx,0,8,3E,C7,60,00,00,00,00,00,
14998069,00000149,false,Rx,0,8,00,38,00,CC,00,00,00,00,
14998290,00000062,false,Rx,0,8,02,02,00,02,40,FF,00,FF,
14998564,00000063,false,Rx,0,8,00,00,05,00,00,08,FD,00,
14998820,00000064,false,Rx,0,8,00,00,00,04,FF,FA,00,00,
14999069,000000A1,false,Rx,0,8,5A,1A,60,57,61,02,8A,00,
14999330,000000A2,false,Rx,0,8,00,00,00,00,00,00,00,00,
14999583,000000A3,false,Rx,0,8,00,40,01,00,00,00,00,00,
15002744,0000036F,false,Rx,0,8,38,D1,01,00,00,00,00,00,
15002901,0000037F,false,Rx,0,8,93,40,52,24,41,02,00,00,
15003665,000001AB,false,Rx,0,8,8D,B6,81,50,70,78,00,00,
15003868,000001AC,false,Rx,0,8,00,28,00,00,00,00,00,00,
15006104,000001B1,false,Rx,0,8,32,1C,F2,00,72,00,00,00,
15006296,000001B2,false,Rx,0,8,23,00,04,B7,0F,09,50,10,
15006554,000001B3,false,Rx,0,8,10,33,37,00,5A,7B,6A,7D,
15006800,000001B4,false,Rx,0,8,65,7D,10,00,00,41,00,00,
15009594,00000121,false,Rx,0,8,95,63,C6,00,00,00,00,05,
15009742,00000122,false,Rx,0,8,FF,D9,67,1F,46,47,46,45,
15009990,00000123,false,Rx,0,8,B6,02,00,00,00,00,01,00,
15010269,00000124,false,Rx,0,8,00,00,0A,00,00,00,20,40,
15012437,000003B0,false,Rx,0,8,72,37,FF,C7,00,00,03,C0,
15014030,000000C5,false,Rx,1,8,00,00,00,00,00,00,00,00,
15014216,00000244,false,Rx,1,8,FF,FF,FF,FF,FF,FF,FF,FF,
15014553,000003E4,false,Rx,1,8,FE,00,00,00,00,00,00,00,
15014758,000004B4,false,Rx,1,8,00,00,05,40,10,70,04,00,
15015061,000004B5,false,Rx,1,8,08,00,F0,07,00,00,00,00,
15015287,000004B7,false,Rx,1,8,08,00,F0,07,00,00,00,00,
15015614,000004CA,false,Rx,1,8,00,00,00,00,00,00,00,00,
15015838,000004CC,false,Rx,1,8,08,00,00,06,00,00,03,00,
15016135,000004CE,false,Rx,1,8,DE,01,00,00,00,00,F8,FF,
15016363,000004D7,false,Rx,1,8,23,01,00,00,00,00,00,00,
15016658,000004D8,false,Rx,1,8,41,10,F0,F0,40,F2,1E,CC,
15016943,0000010B,false,Rx,0,8,06,51,D0,00,00,00,00,05,
15017289,000004DD,false,Rx,1,8,00,00,FE,00,04,00,00,00,
15017637,0000010C,false,Rx,0,8,FF,F9,E7,1F,46,4F,48,48,
15017748,000004DF,false,Rx,1,8,00,00,08,00,00,00,00,00,
15017832,0000010D,false,Rx,0,8,B5,02,00,00,00,00,01,00,
15017887,000004E7,false,Rx,1,8,00,30,00,00,00,00,69,00,
15018160,000004E8,false,Rx,1,8,FF,FF,FF,05,FF,FF,FF,00,
15018658,0000010E,false,Rx,0,8,00,00,1E,00,00,C0,AB,57,
15018760,000004E9,false,Rx,1,8,12,00,00,34,00,00,50,00,
15018909,000004EA,false,Rx,1,8,67,00,00,89,00,00,00,00,
15019573,000004EB,false,Rx,1,8,02,80,16,18,80,00,00,00,
15019679,000004EC,false,Rx,1,8,00,00,00,00,00,00,00,00,
15019909,000004ED,false,Rx,1,8,00,00,00,00,00,FF,FF,1F,
15020266,000003B2,false,Rx,0,8,36,15,FF,02,29,2F,34,00,
15020340,000004EE,false,Rx,1,8,FF,FF,00,00,00,00,00,00,
15020456,000004EF,false,Rx,1,8,60,00,60,00,2B,14,00,00,
15020929,0000063D,false,Rx,1,8,00,80,00,00,00,00,00,00,
15021263,00000485,false,Rx,0,8,00,40,11,02,00,00,00,00,
15021475,0000063E,false,Rx,1,8,FF,FF,FF,FF,FF,FF,FF,FF,
15021588,0000063F,false,Rx,1,8,00,10,00,C4,FF,00,00,00,
15021872,00000161,false,Rx,0,8,81,7B,C5,03,00,00,00,02,
15021958,0000011B,false,Rx,0,8,A0,EE,8A,05,80,08,28,02,
15022246,00000640,false,Rx,1,8,FF,FF,FF,00,FF,FF,FF,00,
15022438,00000162,false,Rx,0,8,FF,FC,01,00,00,00,00,00,
15022498,00000641,false,Rx,1,8,FF,FF,FF,FF,0F,FF,FF,FF,
15022656,0000011C,false,Rx,0,8,00,05,20,00,22,00,01,01,
15022708,0000012B,false,Rx,0,8,46,BE,8A,06,00,00,08,00,
15022772,00000646,false,Rx,1,8,00,00,00,80,01,00,00,00,
15023001,000001E1,false,Rx,0,8,4F,01,82,02,00,00,00,00,
15023195,0000012C,false,Rx,0,8,00,00,01,00,00,64,00,00,
15023716,000001E2,false,Rx,0,8,00,00,00,00,00,00,00,00,
15023930,00000405,false,Rx,0,8,D2,10,00,00,00,01,00,00,
15023994,00000413,false,Rx,0,8,08,60,00,00,00,00,00,00,
15024222,00000410,false,Rx,0,8,6A,60,57,3C,DE,6A,FF,FF,
15024486,00000414,false,Rx,0,8,41,70,00,00,28,00,00,00,
15024667,00000411,false,Rx,0,8,04,D1,50,51,00,00,44,04,
15025010,00000416,false,Rx,0,8,55,00,00,00,00,00,00,00,
15025234,00000412,false,Rx,0,8,CC,E0,00,00,00,00,00,00,
15025701,00000417,false,Rx,0,8,20,E0,00,00,00,00,00,00,
15025959,00000418,false,Rx,0,8,07,C0,00,00,14,0C,00,00,
15026379,00000419,false,Rx,0,8,62,00,26,D5,2D,87,90,00,
15028595,00000036,false,Rx,0,8,AE,0C,E5,51,00,00,25,05,
15028793,00000037,false,Rx,0,8,30,00,00,10,00,40,00,00,
15029096,00000038,false,Rx,0,8,04,00,00,00,60,39,96,D4,
15029416,00000039,false,Rx,0,8,00,00,00,00,00,00,00,00,
15029949,00000380,false,Rx,0,8,96,92,03,08,08,08,08,01,
15030356,0000019B,false,Rx,0,8,40,3F,DB,00,00,E4,00,00,
15030615,0000019C,false,Rx,0,8,40,20,00,00,00,00,0B,09,
15030874,0000019D,false,Rx,0,8,00,10,00,01,00,00,00,00,
15031140,000003A1,false,Rx,0,8,02,79,CB,00,FF,FF,FF,FF,
15031381,0000019E,false,Rx,0,8,15,00,00,00,00,32,00,00,
15031649,000003A2,false,Rx,0,8,00,00,00,00,00,00,00,00,
15032056,00000427,false,Rx,0,8,1D,86,FF,00,80,0A,00,00,
15032152,000001A1,false,Rx,0,8,0E,74,C5,FE,F7,7F,64,00,
15032355,000001A2,false,Rx,0,8,44,00,00,00,27,08,00,00,
15032629,000001A3,false,Rx,0,8,FF,F3,3F,00,00,00,00,00,
15033031,000001A4,false,Rx,0,8,FE,07,00,00,00,00,00,00,
15041543,00000566,false,Rx,0,8,16,02,00,00,00,00,FF,FF,
15046242,000000FF,false,Rx,0,8,CB,10,00,00,00,00,02,00,
15046968,00000394,false,Rx,0,8,2A,22,1A,49,00,00,00,00,
15047070,000003C3,false,Rx,0,8,45,10,31,30,36,00,00,00,
15047372,000003E0,false,Rx,0,8,01,70,01,00,54,03,00,00,
15047678,00000061,false,Rx,0,8,41,EB,65,00,00,00,00,00,
15048000,00000062,false,Rx,0,8,02,02,00,02,40,FF,00,FF,
15048227,00000063,false,Rx,0,8,00,00,05,00,00,08,FD,00,
15048449,000003E5,false,Rx,0,8,8E,90,01,00,00,00,00,00,
15048875,00000064,false,Rx,0,8,00,00,00,04,FF,FA,00,00,
15048963,000003E6,false,Rx,0,8,7F,00,00,00,00,00,00,00,
15049190,000000A1,false,Rx,0,8,55,F1,65,57,61,02,8A,00,
15049443,0000041A,false,Rx,0,8,95,40,12,00,00,00,00,00,
15049859,000000A2,false,Rx,0,8,00,00,00,00,00,00,00,00,
15050162,0000041B,false,Rx,0,8,60,30,00,00,00,00,00,00,
15050243,000000A3,false,Rx,0,8,00,40,01,00,00,00,00,00,
15050397,0000041C,false,Rx,0,8,E9,80,E0,00,00,00,00,00,
15050832,00000422,false,Rx,0,8,EA,C0,01,00,00,00,04,00,
15051595,00000432,false,Rx,0,8,03,20,02,00,00,00,00,00,
15051905,00000435,false,Rx,0,8,9F,D0,00,40,00,00,00,00,
15052204,00000442,false,Rx,0,8,CE,20,11,81,00,00,00,00,
15052452,00000444,false,Rx,0,8,6C,30,20,50,55,50,00,00,
15052688,00000445,false,Rx,0,8,67,40,00,00,00,00,00,18,
15053657,00000464,false,Rx,0,8,B2,70,F0,FF,38,7F,05,00,
15057853,00000415,false,Rx,0,8,40,13,10,00,08,01,00,00,
15059601,00000121,false,Rx,0,8,98,A5,CB,00,00,00,00,05,
15059767,00000122,false,Rx,0,8,FF,D9,67,1F,46,47,46,45,
15060121,00000123,false,Rx,0,8,B6,02,00,00,00,00,01,00,
15060286,00000124,false,Rx,0,8,00,00,0A,00,00,00,20,40,
15066624,0000010B,false,Rx,0,8,79,7D,D5,00,00,00,00,05,
15066786,0000010C,false,Rx,0,8,FF,F9,E7,1F,46,4F,48,48,
15066996,0000010D,false,Rx,0,8,B5,02,00,00,00,00,01,00,
15067252,0000010E,false,Rx,0,8,00,00,1E,00,00,C0,AB,57,
15072170,0000011B,false,Rx,0,8,56,C6,8F,05,80,08,28,02,
15072261,0000012B,false,Rx,0,8,B0,96,8F,06,00,00,08,00,
15072543,0000011C,false,Rx,0,8,00,05,20,00,22,00,01,01,
15072716,0000012C,false,Rx,0,8,00,00,01,00,00,64,00,00,
15073161,00000091,false,Rx,0,8,F4,9B,CB,27,06,00,00,00,
15073414,00000092,false,Rx,0,8,26,00,00,00,60,02,00,00,
15073691,00000093,false,Rx,0,8,00,00,00,00,00,00,00,00,
15073986,00000094,false,Rx,0,8,00,00,00,00,00,00,00,00,
15077015,00000401,false,Rx,0,8,C6,10,10,00,00,04,00,00,
15078777,00000036,false,Rx,0,8,2F,78,EA,51,00,00,25,05,
15078920,00000037,false,Rx,0,8,30,00,00,10,00,40,00,00,
15079227,00000038,false,Rx,0,8,04,00,00,00,60,39,96,D4,
15079476,00000039,false,Rx,0,8,00,00,00,00,00,00,00,00,
15079694,000003AA,false,Rx,0,8,FF,00,D0,00,54,00,00,00,
15080328,000003B6,false,Rx,0,8,DA,B2,E3,00,00,00,00,46,
15080582,0000019B,false,Rx,0,8,96,63,E0,00,00,E4,00,00,
15080826,000003B7,false,Rx,0,8,46,00,00,00,00,00,00,00,
15081078,0000019C,false,Rx,0,8,40,20,00,00,00,00,0B,09,
15081311,000003B8,false,Rx,0,8,B2,02,00,00,00,00,69,0E,
15081570,0000019D,false,Rx,0,8,00,10,00,01,00,00,00,00,
15081791,000002D6,false,Rx,0,8,6B,DB,E3,00,00,00,00,00,
15082048,0000019E,false,Rx,0,8,15,00,00,00,00,32,00,00,
15082285,000002D7,false,Rx,0,8,00,00,00,00,03,00,00,00,
15082530,000002EB,false,Rx,0,8,F5,52,E3,07,08,01,00,02,
15082768,000001F1,false,Rx,0,8,A4,41,48,01,00,00,28,00,
15083000,000002D8,false,Rx,0,8,00,00,00,00,00,00,38,47,
15083337,000001F2,false,Rx,0,8,00,00,00,00,00,00,00,00,
15083495,000002D9,false,Rx,0,8,00,00,00,00,00,00,00,00,
15083744,000002EC,false,Rx,0,8,02,00,CF,00,59,00,00,00,
15084002,000003B9,false,Rx,0,8,00,00,00,00,00,00,00,00,
15084323,000002ED,false,Rx,0,8,00,00,00,00,00,00,00,00,
15084490,00000495,false,Rx,0,8,49,00,00,00,00,00,00,00,
15084736,000002EE,false,Rx,0,8,00,00,00,00,00,00,00,00,
15085044,000002FF,false,Rx,0,8,D4,CB,00,71,02,00,00,00,
15085222,00000472,false,Rx,0,8,5C,EC,00,40,08,41,00,45,
15085471,00000316,false,Rx,0,8,ED,5A,8D,34,06,80,0A,00,
15085695,00000473,false,Rx,0,8,5F,24,00,25,00,00,00,78,
15085970,00000317,false,Rx,0,8,00,00,05,00,00,00,00,00,
15086190,00000474,false,Rx,0,8,91,72,00,00,00,00,00,08,
15089068,000003B1,false,Rx,0,8,C1,DE,00,80,00,00,20,00,
15089313,00000251,false,Rx,0,8,4D,6F,C8,00,00,00,00,00,
15089730,00000252,false,Rx,0,8,00,00,1B,1B,03,00,00,00,
15089787,00000253,false,Rx,0,8,00,00,00,58,58,00,80,4D,
15090151,000002AB,false,Rx,0,8,7D,AA,CB,0C,0C,00,00,00,
15090601,000002AC,false,Rx,0,8,00,FF,FF,00,00,40,00,54,
15091092,000002AD,false,Rx,0,8,00,01,00,40,FF,FF,FF,0F,
15091148,000002AE,false,Rx,0,8,01,00,FF,3F,01,01,00,00,
15091198,000002B6,false,Rx,0,8,C7,8C,CB,01,00,00,00,40,
15091415,000002B7,false,Rx,0,8,9F,00,50,1C,00,04,00,00,
15091760,000002B8,false,Rx,0,8,FF,F8,10,00,00,00,00,00,
15091962,000002B9,false,Rx,0,8,0A,00,00,00,00,00,00,00,
15092184,000002C1,false,Rx,0,8,47,F4,E6,21,00,41,00,D4,
15092526,000002C2,false,Rx,0,8,2B,00,00,00,00,00,00,00,
15092768,000002C3,false,Rx,0,8,00,00,00,00,00,00,00,00,
15092999,000002C4,false,Rx,0,8,00,00,00,00,00,00,00,00,
15093240,0000033B,false,Rx,0,8,25,C0,CA,00,00,00,00,00,
15093466,000002E1,false,Rx,0,8,41,C7,CB,00,00,00,00,40,
15093869,0000033C,false,Rx,0,8,00,00,00,00,F0,00,00,00,
15094208,000002E2,false,Rx,0,8,FD,00,00,00,00,14,00,04,
15094479,0000033D,false,Rx,0,8,00,00,00,00,00,00,00,00,
15094567,000002E3,false,Rx,0,8,00,00,00,00,00,00,72,01,
15095076,0000033E,false,Rx,0,8,00,00,00,00,00,00,00,00,
15095290,000002E4,false,Rx,0,8,02,00,00,00,00,00,00,00,
15095504,000004F0,false,Rx,1,8,4A,10,16,19,5C,1A,0B,02,
15095562,00000356,false,Rx,0,8,A1,F5,E5,00,00,00,00,00,
15095607,00000357,false,Rx,0,8,00,00,00,00,00,4B,4D,48,
15095698,00000358,false,Rx,0,8,35,41,45,4D,52,37,33,4F,
15096239,00000359,false,Rx,0,8,51,4F,34,52,4A,35,33,00,
15097337,00000146,false,Rx,0,8,2D,81,F7,10,04,05,00,00,
15097687,00000147,false,Rx,0,8,01,04,7D,00,40,46,07,00,
15097999,00000148,false,Rx,0,8,00,00,42,00,1E,89,40,05,
15098097,00000061,false,Rx,0,8,C0,9F,6A,00,00,00,00,00,
15098411,00000149,false,Rx,0,8,00,38,00,CC,00,00,00,00,
15098679,00000062,false,Rx,0,8,02,02,00,02,40,FF,00,FF,
15098883,00000063,false,Rx,0,8,00,00,05,00,00,08,FD,00,
15098967,00000064,false,Rx,0,8,00,00,00,04,FF,FA,00,00,
15099399,000000A1,false,Rx,0,8,65,DC,6A,57,61,02,8A,00,
15099698,000000A2,false,Rx,0,8,00,00,00,00,00,00,00,00,
15099956,000000A3,false,Rx,0,8,00,40,01,00,00,00,00,00,
15102772,00000111,false,Rx,0,8,2F,2D,13,01,00,00,00,00,
15102884,0000036F,false,Rx,0,8,EE,E1,01,00,00,00,00,00,
15103067,00000112,false,Rx,0,8,00,00,00,00,00,00,00,00,
15103317,0000037F,false,Rx,0,8,2A,50,52,24,41,02,00,00,
15103665,00000113,false,Rx,0,8,00,00,00,00,00,00,00,00,
15104032,000001AB,false,Rx,0,8,12,DE,86,50,70,78,00,00,
15104359,00000114,false,Rx,0,8,00,00,00,00,00,00,00,00,
15104407,000001AC,false,Rx,0,8,00,28,00,00,00,00,00,00,
15104650,00000487,false,Rx,1,8,00,00,00,00,00,00,00,00,
15104998,00000642,false,Rx,1,8,FF,FF,FF,FF,FF,FF,00,00,
15106086,000001B1,false,Rx,0,8,4D,30,F7,00,72,00,00,00,
15106260,000001B2,false,Rx,0,8,23,00,04,B7,0F,09,50,10,
15106501,000001B3,false,Rx,0,8,10,33,37,00,5A,7B,6A,7D,
15106758,000001B4,false,Rx,0,8,65,7D,10,00,00,41,00,00,
15109319,00000121,false,Rx,0,8,E5,60,D0,00,00,00,00,05,
15109487,00000122,false,Rx,0,8,FF,D9,67,1F,46,47,46,45,
15109756,00000123,false,Rx,0,8,B6,02,00,00,00,00,01,00,
15110014,00000124,false,Rx,0,8,00,00,0A,00,00,00,20,40,
15114667,00000643,false,Rx,1,8,00,FC,FF,FF,FF,FF,03,00,
15116537,0000010B,false,Rx,0,8,F8,09,DA,00,00,00,00,05,
15116700,0000010C,false,Rx,0,8,FF,F9,E7,1F,46,4F,48,48,
15116966,0000010D,false,Rx,0,8,B5,02,00,00,00,00,01,00,
15117204,0000010E,false,Rx,0,8,00,00,1E,00,00,C0,AB,57,
15121806,00000161,false,Rx,0,8,9B,02,CA,03,00,00,00,02,
15121985,0000011B,false,Rx,0,8,94,1C,94,05,80,08,28,02,
15122231,00000162,false,Rx,0,8,FF,FC,01,00,00,00,00,00,
15122486,0000011C,false,Rx,0,8,00,05,20,00,22,00,01,01,
15122706,0000012B,false,Rx,0,8,72,4C,94,06,00,00,08,00,
15122976,0000012C,false,Rx,0,8,00,00,01,00,00,64,00,00,
15124335,0000030B,false,Rx,0,8,93,3A,CA,00,04,00,00,00,
15124530,0000030C,false,Rx,0,8,00,00,0E,00,2C,00,A0,0F,
15124799,0000030D,false,Rx,0,8,00,00,00,00,44,00,00,00,
15125041,0000030E,false,Rx,0,8,00,00,18,05,21,00,00,00,
15126729,000001E6,false,Rx,0,8,E8,86,91,02,00,00,00,00,
15126938,000001E7,false,Rx,0,8,00,00,22,03,20,01,00,00,
15127271,000001BB,false,Rx,0,8,66,C2,91,02,00,00,00,0A,
15127540,000001BC,false,Rx,0,8,32,00,00,00,02,00,00,00,
15127788,000001BD,false,Rx,0,8,00,00,00,00,00,00,00,00,
15128711,00000036,false,Rx,0,8,50,54,EF,51,00,00,25,05,
15128960,00000037,false,Rx,0,8,30,00,00,10,00,40,00,00,
15129202,00000038,false,Rx,0,8,04,00,00,00,60,39,96,D4,
15129472,00000039,false,Rx,0,8,00,00,00,00,00,00,00,00,
15130422,0000019B,false,Rx,0,8,E9,4F,E5,00,00,E4,00,00,
15130602,0000019C,false,Rx,0,8,40,20,00,00,00,00,0B,09,
15130865,0000019D,false,Rx,0,8,00,10,00,01,00,00,00,00,
15131109,00000475,false,Rx,0,8,12,00,00,00,00,00,00,00,
15131343,0000019E,false,Rx,0,8,15,00,00,00,00,32,00,00,
15131599,00000496,false,Rx,0,8,12,00,00,00,00,00,00,00,
15131863,000001A1,false,Rx,0,8,8F,00,CA,FE,F7,7F,64,00,
15132110,000001A2,false,Rx,0,8,44,00,00,00,27,08,00,00,
15132365,000001A3,false,Rx,0,8,FF,F3,3F,00,00,00,00,00,
15132625,000001A4,false,Rx,0,8,FE,07,00,00,00,00,00,00,
15132928,00000383,false,Rx,0,8,5A,53,00,10,01,00,00,00,
15134600,000004F0,false,Rx,1,8,4A,10,16,19,5C,1A,0B,02,
15137934,00000516,false,Rx,0,8,61,02,00,00,00,00,FF,FF,
15140771,00000448,false,Rx,0,8,DE,80,00,00,00,00,00,00,
15142518,000001FB,false,Rx,0,8,FD,F4,C2,00,00,00,00,00,
15142706,000001FC,false,Rx,0,8,00,00,00,00,00,00,00,00,
15142967,000001FD,false,Rx,0,8,00,1A,03,00,00,00,00,00,
15143233,000001FE,false,Rx,0,8,00,00,00,00,00,00,00,00,
15144400,000004A3,false,Rx,1,8,80,00,48,0B,3E,00,00,00,
15144702,000004A4,false,Rx,1,8,FF,FF,FF,00,00,00,00,00,
15147715,00000061,false,Rx,0,8,BF,B3,6F,00,00,00,00,00,
15147895,00000062,false,Rx,0,8,02,02,00,02,40,FF,00,FF,
15148145,00000063,false,Rx,0,8,00,00,05,00,00,08,FD,00,
15148407,00000064,false,Rx,0,8,00,00,00,04,FF,FA,00,00,
15148640,000000A1,false,Rx,0,8,6A,37,6F,57,61,02,8A,00,
15148887,000000A2,false,Rx,0,8,00,00,00,00,00,00,00,00,
15149148,00000382,false,Rx,0,8,2B,FE,21,00,00,05,09,00,
15149377,000000A3,false,Rx,0,8,00,40,01,00,00,00,00,00,
15156692,000002BF,false,Rx,0,8,FF,FF,FF,00,00,00,00,00,
15156783,0000047F,false,Rx,0,8,F0,FC,FF,FF,FF,FF,FF,FF,
15157066,00000653,false,Rx,0,8,0A,19,03,01,02,2A,00,00,
15157387,00000236,false,Rx,0,8,D8,EF,C9,00,34,6C,AE,62,
15157605,00000237,false,Rx,0,8,00,15,47,00,00,1E,1B,00,
15157885,00000238,false,Rx,0,8,00,00,72,00,00,00,00,00,
15158152,00000239,false,Rx,0,8,00,00,00,00,01,00,00,00,
15159258,00000151,false,Rx,0,8,9E,18,C9,64,C8,00,28,18,
15159507,00000121,false,Rx,0,8,9A,4C,D5,00,00,00,00,05,
15159742,000001F6,false,Rx,0,8,D5,C4,C9,00,00,00,00,0E,
15159976,00000122,false,Rx,0,8,FF,D9,67,1F,46,47,46,45,
15160209,000001F7,false,Rx,0,8,26,00,DA,02,00,00,00,00,
15160453,00000123,false,Rx,0,8,B6,02,00,00,00,00,01,00,
15160703,000001F8,false,Rx,0,8,00,5E,01,45,01,00,00,00,
15160972,00000124,false,Rx,0,8,00,00,0A,00,00,00,20,40,
15161179,000001F9,false,Rx,0,8,4B,00,64,C8,14,00,4B,00,
15161418,00000152,false,Rx,0,8,14,17,17,00,51,00,00,00,
15161650,0000025B,false,Rx,0,8,25,E8,C9,40,40,20,00,00,
15161913,00000153,false,Rx,0,8,00,00,00,00,00,00,00,00,
15162161,0000025C,false,Rx,0,8,00,00,26,00,B4,2C,19,00,
15162388,00000154,false,Rx,0,8,00,00,00,00,00,00,00,00,
15162637,0000025D,false,Rx,0,8,00,C8,00,00,00,80,C0,70,
15162869,000002FB,false,Rx,0,8,D2,CE,C9,04,72,1A,B4,B4,
15163097,0000025E,false,Rx,0,8,1A,07,0E,03,00,00,46,00,
15163338,000002FC,false,Rx,0,8,0F,00,14,18,00,00,8E,43,
15163623,000002FD,false,Rx,0,8,00,00,00,00,00,1C,13,EA,
15163885,000002FE,false,Rx,0,8,00,00,72,01,00,28,C8,02,
15164152,00000326,false,Rx,0,8,AC,B3,C9,00,00,00,00,00,
15164408,00000327,false,Rx,0,8,00,00,00,00,05,00,00,00,
15164659,00000328,false,Rx,0,8,DA,02,4B,00,00,5E,01,00,
15164929,00000329,false,Rx,0,8,64,45,01,00,00,00,00,00,
15165162,00000331,false,Rx,0,8,8F,16,C9,F1,C8,A0,2C,97,
15165421,00000332,false,Rx,0,8,E8,08,FC,03,00,00,00,00,
15165683,00000333,false,Rx,0,8,00,00,00,1C,0C,40,20,64,
15165978,00000334,false,Rx,0,8,C8,00,00,00,08,44,F4,8F,
15166516,0000010B,false,Rx,0,8,87,25,DF,00,00,00,00,05,
15166760,0000010C,false,Rx,0,8,FF,F9,E7,1F,46,4F,48,48,
15167013,0000010D,false,Rx,0,8,B5,02,00,00,00,00,01,00,
15167254,0000010E,false,Rx,0,8,00,00,1E,00,00,C0,AB,57,
15172078,0000011B,false,Rx,0,8,E7,25,99,05,80,08,28,02,
15172242,0000012B,false,Rx,0,8,01,75,99,06,00,00,08,00,
15172488,0000011C,false,Rx,0,8,00,05,20,00,22,00,01,01,
15172750,0000012C,false,Rx,0,8,00,00,01,00,00,64,00,00,
15172980,000001E1,false,Rx,0,8,D0,69,85,02,00,00,00,00,
15173218,00000091,false,Rx,0,8,20,14,CC,27,06,00,00,00,
15173472,000001E2,false,Rx,0,8,00,00,00,00,00,00,00,00,
15173898,00000092,false,Rx,0,8,27,00,00,00,70,02,00,00,
15173962,00000093,false,Rx,0,8,00,00,00,00,00,00,00,00,
15174249,00000094,false,Rx,0,8,00,00,00,00,00,00,00,00,
15174873,000004F0,false,Rx,1,8,4A,10,16,19,5C,1A,0B,02,
15178832,00000036,false,Rx,0,8,2D,91,F4,51,00,00,25,05,
15178920,00000037,false,Rx,0,8,30,00,00,10,00,40,00,00,
15179196,00000038,false,Rx,0,8,04,00,00,00,60,39,96,D4,
15179452,00000039,false,Rx,0,8,00,00,00,00,00,00,00,00,
15179693,00000256,false,Rx,0,8,E4,E5,C8,15,40,00,F0,00,
15179910,000002E6,false,Rx,0,8,6D,2C,C8,01,00,00,00,15,
15180176,00000257,false,Rx,0,8,00,94,41,19,85,07,00,94,
15180377,000002E7,false,Rx,0,8,0A,00,00,00,00,00,00,00,
15180610,0000019B,false,Rx,0,8,68,3B,EA,00,00,E4,00,00,
15180857,00000258,false,Rx,0,8,36,EC,1A,00,10,15,00,28,
15181121,0000019C,false,Rx,0,8,40,20,00,00,00,00,0B,09,
15181342,00000259,false,Rx,0,8,62,05,8D,3C,4C,02,00,00,
15181572,0000019D,false,Rx,0,8,00,10,00,01,00,00,00,00,
15181832,000002E8,false,Rx,0,8,00,00,00,00,00,00,00,00,
15182255,0000019E,false,Rx,0,8,15,00,00,00,00,32,00,00,
15182314,000002E9,false,Rx,0,8,00,00,00,00,00,00,00,00,
15182605,00000384,false,Rx,0,8,BA,56,0D,01,00,FF,00,24,
15184442,00000226,false,Rx,0,8,2A,D0,1B,FF,63,60,09,42,
15184701,00000227,false,Rx,0,8,02,94,00,09,03,F1,9F,03,
15189959,0000042A,false,Rx,0,8,8E,83,0C,02,00,10,00,00,
15191083,00000396,false,Rx,0,8,91,6A,E4,0F,08,02,00,02,
15191280,00000397,false,Rx,0,8,56,00,43,10,3F,07,00,00,
15191561,00000398,false,Rx,0,8,00,00,00,00,00,00,00,00,
15197147,00000146,false,Rx,0,8,95,80,FC,10,04,05,00,00,
15197335,00000147,false,Rx,0,8,01,04,7D,00,40,46,07,00,
15197583,00000148,false,Rx,0,8,00,00,42,00,1E,89,40,05,
15197807,00000061,false,Rx,0,8,C2,76,74,00,00,00,00,00,
15198063,00000149,false,Rx,0,8,00,38,00,CC,00,00,00,00,
15198418,00000062,false,Rx,0,8,02,02,00,02,40,FF,00,FF,
15198667,00000063,false,Rx,0,8,00,00,05,00,00,08,FD,00,
15198837,00000064,false,Rx,0,8,00,00,00,04,FF,FA,00,00,
15199099,000000A1,false,Rx,0,8,05,86,74,57,61,02,8A,00,
15199350,000000A2,false,Rx,0,8,00,00,00,00,00,00,00,00,
15199605,000000A3,false,Rx,0,8,00,40,01,00,00,00,00,00,
15202744,0000036F,false,Rx,0,8,FE,01,01,00,00,00,00,00,
15203049,0000037F,false,Rx,0,8,FC,60,52,24,41,02,00,00,
15203486,000001AB,false,Rx,0,8,61,E7,8B,50,70,78,00,00,
15203809,000001AC,false,Rx,0,8,00,28,00,00,00,00,00,00,
15206091,000001B1,false,Rx,0,8,F5,31,FC,00,72,00,00,00,
15206264,000001B2,false,Rx,0,8,23,00,04,B7,0F,09,50,10,
15206593,000001B3,false,Rx,0,8,10,33,37,00,5A,7B,6A,7D,
15206833,000001B4,false,Rx,0,8,65,7D,10,00,00,41,00,00,
15209315,00000121,false,Rx,0,8,1B,38,DA,00,00,00,00,05,
15209484,00000122,false,Rx,0,8,FF,D9,67,1F,46,47,46,45,
15209740,00000123,false,Rx,0,8,B6,02,00,00,00,00,01,00,
15209991,00000124,false,Rx,0,8,00,00,0A,00,00,00,20,40,
15212458,000003B0,false,Rx,0,8,72,37,FF,C7,00,00,03,C0,
15214370,000000C5,false,Rx,1,8,00,00,00,00,00,00,00,00,
15214621,00000244,false,Rx,1,8,FF,FF,FF,FF,FF,FF,FF,FF,
15214895,0000041F,false,Rx,1,8,00,0C,00,00,00,00,00,00,
15215161,000004B4,false,Rx,1,8,00,00,05,40,10,70,04,00,
15215425,000004B5,false,Rx,1,8,08,00,F0,07,00,00,00,00,
15215711,000004B7,false,Rx,1,8,08,00,F0,07,00,00,00,00,
15215965,000004CA,false,Rx,1,8,00,00,00,00,00,00,00,00,
15216244,000004CC,false,Rx,1,8,08,00,00,06,00,00,03,00,
15216510,000004CE,false,Rx,1,8,DE,01,00,00,00,00,F8,FF,
15216788,0000010B,false,Rx,0,8,51,79,E4,00,00,00,00,05,
15217013,000004D7,false,Rx,1,8,23,01,00,00,00,00,00,00,
15217098,0000010C,false,Rx,0,8,FF,F9,E7,1F,46,4F,48,48,
15217166,000004D8,false,Rx,1,8,41,10,F0,F0,40,F2,1E,CC,
15217483,0000010D,false,Rx,0,8,B5,02,00,00,00,00,01,00,
15217618,000004DD,false,Rx,1,8,00,00,FE,00,04,00,00,00,
15217980,0000010E,false,Rx,0,8,00,00,1E,00,00,C0,AB,57,
15218051,000004DF,false,Rx,1,8,00,00,08,00,00,00,00,00,
15218444,000004E7,false,Rx,1,8,00,30,00,00,00,00,69,00,
15218952,000004E8,false,Rx,1,8,FF,FF,FF,05,FF,FF,FF,00,
15219229,000004E9,false,Rx,1,8,12,00,00,34,00,00,50,00,
15219513,000004EA,false,Rx,1,8,67,00,00,89,00,00,00,00,
15219733,000004EB,false,Rx,1,8,02,80,16,19,80,00,00,00,
15220023,000004EC,false,Rx,1,8,00,00,00,00,00,00,00,00,
15220316,000003B2,false,Rx,0,8,36,15,FF,02,29,2F,34,00,
15220391,000004ED,false,Rx,1,8,00,00,00,00,00,FF,FF,1F,
15220564,000004EE,false,Rx,1,8,FF,FF,00,00,00,00,00,00,
15221024,000004EF,false,Rx,1,8,60,00,60,00,2B,14,00,00,
15221309,0000063D,false,Rx,1,8,00,80,00,00,00,00,00,00,
15221598,0000063E,false,Rx,1,8,FF,FF,FF,FF,FF,FF,FF,FF,
15221843,0000063F,false,Rx,1,8,00,10,00,C4,FF,00,00,00,
15222122,00000161,false,Rx,0,8,6D,2A,CF,03,00,00,00,02,
15222198,0000011B,false,Rx,0,8,78,4D,9E,05,80,08,28,02,
15222267,00000640,false,Rx,1,8,FF,FF,FF,00,FF,FF,FF,00,
15222334,0000012B,false,Rx,0,8,9E,1D,9E,06,00,00,08,00,
15222396,00000641,false,Rx,1,8,FF,FF,FF,FF,0F,FF,FF,FF,
15222563,0000011C,false,Rx,0,8,00,05,20,00,22,00,01,01,
15222855,0000012C,false,Rx,0,8,00,00,01,00,00,64,00,00,
15222934,00000646,false,Rx,1,8,00,00,00,80,01,00,00,00,
15223044,00000405,false,Rx,0,8,D2,10,00,00,00,01,00,00,
15223310,00000162,false,Rx,0,8,FF,FC,01,00,00,00,00,00,
15223541,00000410,false,Rx,0,8,6A,60,57,3C,DE,6A,FF,FF,
15224045,00000411,false,Rx,0,8,04,D1,50,51,00,00,44,04,
15224297,00000413,false,Rx,0,8,08,60,00,00,00,00,00,00,
15224527,00000412,false,Rx,0,8,CC,E0,00,00,00,00,00,00,
15224775,00000414,false,Rx,0,8,41,70,00,00,28,00,00,00,
15225282,00000416,false,Rx,0,8,55,00,00,00,00,00,00,00,
15225759,00000417,false,Rx,0,8,20,E0,00,00,00,00,00,00,
15226288,00000418,false,Rx,0,8,07,C0,00,00,14,0C,00,00,
15226748,00000419,false,Rx,0,8,62,00,26,D5,2D,87,90,00,
15228597,00000036,false,Rx,0,8,20,57,F9,51,00,00,25,05,
15228860,00000037,false,Rx,0,8,30,00,00,10,00,40,00,00,
15229075,00000038,false,Rx,0,8,04,00,00,00,60,39,96,D4,
15229322,00000039,false,Rx,0,8,00,00,00,00,00,00,00,00,
15229783,00000380,false,Rx,0,8,96,92,03,08,08,08,08,01,
15230350,0000019B,false,Rx,0,8,17,17,EF,00,00,E4,00,00,
15230597,0000019C,false,Rx,0,8,40,20,00,00,00,00,0B,09,
15230859,0000019D,false,Rx,0,8,00,10,00,01,00,00,00,00,
15231092,000003A1,false,Rx,0,8,9D,11,CC,00,FF,FF,FF,FF,
15231341,0000019E,false,Rx,0,8,15,00,00,00,00,32,00,00,
15231594,000003A2,false,Rx,0,8,00,00,00,00,00,00,00,00,
15231918,00000427,false,Rx,0,8,1D,86,FF,00,80,0A,00,00,
15232043,000001A1,false,Rx,0,8,F0,2C,CF,FE,F7,7F,64,00,
15232318,000001A2,false,Rx,0,8,44,00,00,00,27,08,00,00,
15232631,000001A3,false,Rx,0,8,FF,F3,3F,00,00,00,00,00,
15232883,000001A4,false,Rx,0,8,FE,07,00,00,00,00,00,00,
15233129,000001F1,false,Rx,0,8,E9,A9,4B,01,00,00,28,00,
15233388,000001F2,false,Rx,0,8,00,00,00,00,00,00,00,00,
15237039,00000561,false,Rx,0,8,63,02,00,00,00,00,FF,FF,
15245962,000000FF,false,Rx,0,8,CB,10,00,00,00,00,02,00,
15246678,00000394,false,Rx,0,8,2A,22,1A,49,00,00,00,00,
15246852,000003C3,false,Rx,0,8,45,10,31,30,36,00,00,00,
15247152,000003E0,false,Rx,0,8,01,70,01,00,54,03,00,00,
15247709,00000061,false,Rx,0,8,CF,B0,79,00,00,00,00,00,
15247955,000003E5,false,Rx,0,8,8E,90,01,00,00,00,00,00,
15248217,00000062,false,Rx,0,8,02,02,00,02,40,FF,00,FF,
15248452,000003E6,false,Rx,0,8,7F,00,00,00,00,00,00,00,
15248686,00000063,false,Rx,0,8,00,00,05,00,00,08,FD,00,
15248953,0000041A,false,Rx,0,8,95,40,12,00,00,00,00,00,
15249186,00000064,false,Rx,0,8,00,00,00,04,FF,FA,00,00,
15249437,0000041B,false,Rx,0,8,60,30,00,00,00,00,00,00,
15249658,000000A1,false,Rx,0,8,33,C5,79,57,61,02,8A,00,
15249980,0000041C,false,Rx,0,8,E9,80,E0,00,00,00,00,00,
15250139,000000A2,false,Rx,0,8,00,00,00,00,00,00,00,00,
15250391,00000422,false,Rx,0,8,EA,C0,01,00,00,00,04,00,
15250661,000000A3,false,Rx,0,8,00,40,01,00,00,00,00,00,
15251258,00000432,false,Rx,0,8,03,20,02,00,00,00,00,00,
15251696,00000435,false,Rx,0,8,9F,D0,00,40,00,00,00,00,
15251756,00000442,false,Rx,0,8,CE,20,11,81,00,00,00,00,
15252062,00000444,false,Rx,0,8,6C,30,20,50,55,50,00,00,
15252295,00000445,false,Rx,0,8,67,40,00,00,00,00,00,18,
15253394,00000464,false,Rx,0,8,B2,70,F0,FF,38,7F,05,00,
15259473,00000121,false,Rx,0,8,92,D2,DF,00,00,00,00,05,
15259650,00000122,false,Rx,0,8,FF,D9,67,1F,46,48,46,45,
15259939,00000123,false,Rx,0,8,B6,02,00,00,00,00,01,00,
15260180,00000124,false,Rx,0,8,00,00,0A,00,00,00,20,40,
15266570,0000010B,false,Rx,0,8,5C,BF,E9,00,00,00,00,05,
15266741,0000010C,false,Rx,0,8,FF,F9,E7,1F,46,4F,48,48,
15266999,0000010D,false,Rx,0,8,B5,02,00,00,00,00,01,00,
15267247,0000010E,false,Rx,0,8,00,00,1E,00,00,C0,AB,57,
15272084,0000011B,false,Rx,0,8,15,11,A3,05,80,08,28,02,
15272253,0000012B,false,Rx,0,8,F3,41,A3,06,00,00,08,00,
15272509,0000011C,false,Rx,0,8,00,05,20,00,22,00,01,01,
15272760,0000012C,false,Rx,0,8,00,00,01,00,00,64,00,00,
15273030,00000091,false,Rx,0,8,AB,B3,CD,27,06,00,00,00,
15273278,00000092,false,Rx,0,8,28,00,00,00,80,02,00,00,
15273555,00000093,false,Rx,0,8,00,00,00,00,00,00,00,00,
15273802,00000094,false,Rx,0,8,00,00,00,00,00,00,00,00,
15277026,000001E6,false,Rx,0,8,1E,AE,94,02,00,00,00,00,
15277181,00000401,false,Rx,0,8,C6,10,10,00,00,04,00,00,
15277445,000001E7,false,Rx,0,8,00,00,22,03,20,01,00,00,
15277691,000001BB,false,Rx,0,8,69,29,94,02,00,00,00,0A,
15277954,000001BC,false,Rx,0,8,32,00,00,00,02,00,00,00,
15278225,000001BD,false,Rx,0,8,00,00,00,00,00,00,00,00,
15278659,00000036,false,Rx,0,8,D3,C9,FE,51,00,00,25,05,
15278932,00000037,false,Rx,0,8,30,00,00,10,00,40,00,00,
15279221,00000038,false,Rx,0,8,04,00,00,00,60,39,96,D4,
15279484,00000039,false,Rx,0,8,00,00,00,00,00,00,00,00,
15279908,000003AA,false,Rx,0,8,FF,00,D0,00,54,00,00,00,
15280187,000003B6,false,Rx,0,8,29,2C,E4,00,00,00,00,46,
15280500,000003B7,false,Rx,0,8,46,00,00,00,00,00,00,00,
15280720,0000019B,false,Rx,0,8,6A,D2,F4,00,00,E4,00,00,
15280975,000003B8,false,Rx,0,8,B2,02,00,00,00,00,69,0E,
15281384,0000019C,false,Rx,0,8,40,20,00,00,00,00,0B,09,
15281677,000003B9,false,Rx,0,8,00,00,00,00,00,00,00,00,
15281761,0000019D,false,Rx,0,8,00,10,00,01,00,00,00,00,
15281951,000002D6,false,Rx,0,8,98,45,E4,00,00,00,00,00,
15282202,0000019E,false,Rx,0,8,15,00,00,00,00,32,00,00,
15282474,000002D7,false,Rx,0,8,00,00,00,00,03,00,00,00,
15282656,000002EB,false,Rx,0,8,06,CC,E4,07,08,01,00,02,
15282929,000002D8,false,Rx,0,8,00,00,00,00,00,00,38,47,
15283162,000002EC,false,Rx,0,8,02,00,CF,00,59,00,00,00,
15283532,000002D9,false,Rx,0,8,00,00,00,00,00,00,00,00,
15283711,000002ED,false,Rx,0,8,00,00,00,00,00,00,00,00,
15283908,00000495,false,Rx,0,8,49,00,00,00,00,00,00,00,
15284163,000002EE,false,Rx,0,8,00,00,00,00,00,00,00,00,
15284690,000002FF,false,Rx,0,8,D4,CB,00,71,02,00,00,00,
15284978,000004E8,false,Rx,1,8,FF,FF,FF,05,FF,FF,FF,00,
15285041,00000316,false,Rx,0,8,A0,B2,8E,34,06,80,0A,00,
15285150,00000472,false,Rx,0,8,5C,EC,00,40,08,41,00,45,
15285472,00000317,false,Rx,0,8,00,00,05,00,00,00,00,00,
15285677,00000473,false,Rx,0,8,5F,24,00,25,00,00,00,78,
15286141,00000474,false,Rx,0,8,91,72,00,00,00,00,00,08,
15289152,000003B1,false,Rx,0,8,C1,DE,00,80,00,00,20,00,
15289309,00000251,false,Rx,0,8,4B,01,CA,00,00,00,00,00,
15289579,00000252,false,Rx,0,8,00,00,1B,1B,03,00,00,00,
15289951,000002AB,false,Rx,0,8,C8,6D,CD,0C,0C,00,00,00,
15290043,00000253,false,Rx,0,8,00,00,00,58,58,00,80,4D,
15290292,000002AC,false,Rx,0,8,00,FF,FF,00,00,40,00,54,
15290571,000002AD,false,Rx,0,8,00,01,00,40,FF,FF,FF,0F,
15290830,000002AE,false,Rx,0,8,01,00,FF,3F,01,01,00,00,
15291083,000002B6,false,Rx,0,8,72,4B,CD,01,00,00,00,40,
15291337,000002B7,false,Rx,0,8,9F,00,50,1C,00,04,00,00,
15291591,000002B8,false,Rx,0,8,FF,F8,10,00,00,00,00,00,
15291841,000002B9,false,Rx,0,8,0A,00,00,00,00,00,00,00,
15292088,000002C1,false,Rx,0,8,45,D8,E7,21,00,41,00,D4,
15292354,000002C2,false,Rx,0,8,2C,00,00,00,00,00,00,00,
15292606,000002C3,false,Rx,0,8,00,00,00,00,00,00,00,00,
15292878,000002C4,false,Rx,0,8,00,00,00,00,00,00,00,00,
15293121,000002E1,false,Rx,0,8,F4,00,CD,00,00,00,00,40,
15293364,0000033B,false,Rx,0,8,90,07,CC,00,00,00,00,00,
15293619,000002E2,false,Rx,0,8,FD,00,00,00,00,14,00,04,
15293870,0000033C,false,Rx,0,8,00,00,00,00,F0,00,00,00,
15294107,000002E3,false,Rx,0,8,00,00,00,00,00,00,72,01,
15294367,0000033D,false,Rx,0,8,00,00,00,00,00,00,00,00,
15294604,000002E4,false,Rx,0,8,02,00,00,00,00,00,00,00,
15294861,0000033E,false,Rx,0,8,00,00,00,00,00,00,00,00,
15295102,00000356,false,Rx,0,8,6B,1E,E6,00,00,00,00,00,
15295373,00000357,false,Rx,0,8,00,00,00,00,00,4B,4D,48,
15295627,00000358,false,Rx,0,8,35,41,45,4D,52,37,33,4F,
15295880,00000359,false,Rx,0,8,51,4F,34,52,4A,35,33,00,
15297074,00000146,false,Rx,0,8,6F,7E,01,10,04,05,00,00,
15297323,00000147,false,Rx,0,8,01,04,7D,00,40,46,07,00,
15297584,00000148,false,Rx,0,8,00,00,42,00,1E,89,40,05,
15297815,00000061,false,Rx,0,8,3C,2E,7E,00,00,00,00,00,
15298067,00000149,false,Rx,0,8,00,38,00,CC,00,00,00,00,
15298303,00000062,false,Rx,0,8,02,02,00,02,40,FF,00,FF,
15298575,00000063,false,Rx,0,8,00,00,05,00,00,08,FD,00,
15298827,00000064,false,Rx,0,8,00,00,00,04,FF,FA,00,00,
15299090,000000A1,false,Rx,0,8,3A,40,7E,57,61,02,8A,00,
15299331,000000A2,false,Rx,0,8,00,00,00,00,00,00,00,00,
15299583,000000A3,false,Rx,0,8,00,40,01,00,00,00,00,00,
15302694,00000111,false,Rx,0,8,DC,B3,14,01,00,00,00,00,
15302860,0000036F,false,Rx,0,8,47,11,01,00,00,00,00,00,
15303104,00000112,false,Rx,0,8,00,00,00,00,00,00,00,00,
15303369,0000037F,false,Rx,0,8,45,70,52,24,41,02,00,00,
15303598,00000113,false,Rx,0,8,00,00,00,00,00,00,00,00,
15303848,000001AB,false,Rx,0,8,A3,3D,90,50,70,78,00,00,
15304265,00000114,false,Rx,0,8,00,00,00,00,00,00,00,00,
15304331,000001AC,false,Rx,0,8,00,28,00,00,00,00,00,00,
15305520,00000487,false,Rx,1,8,00,00,00,00,00,00,00,00,
15306023,00000642,false,Rx,1,8,FF,FF,FF,FF,FF,FF,00,00,
15306194,000001B1,false,Rx,0,8,0F,CF,01,00,72,00,00,00,
15306639,000001B2,false,Rx,0,8,23,00,04,B7,0F,09,50,10,
15306814,000001B3,false,Rx,0,8,10,33,37,00,5A,7B,6A,7D,
15307063,000001B4,false,Rx,0,8,65,7D,10,00,00,41,00,00,
15309318,00000121,false,Rx,0,8,B2,48,E4,00,00,00,00,05,
15309490,00000122,false,Rx,0,8,FF,D9,67,1F,46,47,46,45,
15309740,00000123,false,Rx,0,8,B6,02,00,00,00,00,01,00,
15310000,00000124,false,Rx,0,8,00,00,0A,00,00,00,20,40,
15316520,0000010B,false,Rx,0,8,AF,21,EE,00,00,00,00,05,
15316701,0000010C,false,Rx,0,8,FF,F9,E7,1F,46,4F,48,48,
15316954,0000010D,false,Rx,0,8,B5,02,00,00,00,00,01,00,
15317196,0000010E,false,Rx,0,8,00,00,1E,00,00,C0,AB,57,
15320295,00000563,false,Rx,1,8,65,02,00,00,00,00,FF,FF,
15321866,00000161,false,Rx,0,8,AF,F0,D4,03,00,00,00,02,
15322024,0000011B,false,Rx,0,8,DD,E8,A8,05,80,08,28,02,
15322268,00000162,false,Rx,0,8,FF,FC,01,00,00,00,00,00,
15322562,0000011C,false,Rx,0,8,00,05,20,00,22,00,01,01,
15322757,0000012B,false,Rx,0,8,3B,B8,A8,06,00,00,08,00,
15322997,000001E1,false,Rx,0,8,A3,50,88,02,00,00,00,00,
15323240,0000012C,false,Rx,0,8,00,00,01,00,00,64,00,00,
15323491,000001E2,false,Rx,0,8,00,00,00,00,00,00,00,00,
15324270,0000030B,false,Rx,0,8,20,8D,CC,00,04,00,00,00,
15324542,0000030C,false,Rx,0,8,00,00,0E,00,2C,00,A0,0F,
15324800,0000030D,false,Rx,0,8,00,00,00,00,43,00,00,00,
15325056,0000030E,false,Rx,0,8,00,00,18,05,21,00,00,00,
15325672,000004E8,false,Rx,1,8,FF,FF,FF,05,FF,FF,FF,00,
15328817,00000036,false,Rx,0,8,29,37,03,51,00,00,25,05,
15328996,00000037,false,Rx,0,8,30,00,00,10,00,40,00,00,
15329278,00000038,false,Rx,0,8,04,00,00,00,60,39,96,D4,
15329527,00000039,false,Rx,0,8,00,00,00,00,00,00,00,00,
15330434,0000019B,false,Rx,0,8,67,14,F9,00,00,E4,00,00,
15330609,0000019C,false,Rx,0,8,40,20,00,00,00,00,0B,09,
15330894,0000019D,false,Rx,0,8,00,10,00,01,00,00,00,00,
15331138,00000475,false,Rx,0,8,12,00,00,00,00,00,00,00,
15331376,0000019E,false,Rx,0,8,15,00,00,00,00,32,00,00,
15331627,00000496,false,Rx,0,8,12,00,00,00,00,00,00,00,
15331891,000001A1,false,Rx,0,8,8D,E9,D4,FE,F7,7F,64,00,
15332169,000001A2,false,Rx,0,8,44,00,00,00,27,08,00,00,
15332415,000001A3,false,Rx,0,8,FF,F3,3F,00,00,00,00,00,
15332660,000001A4,false,Rx,0,8,FE,07,00,00,00,00,00,00,
15332918,00000383,false,Rx,0,8,5A,53,00,10,01,00,00,00,
15340831,00000448,false,Rx,0,8,DE,80,00,00,00,00,00,00,
15342703,000001FB,false,Rx,0,8,48,33,C4,00,00,00,00,00,
15342797,000001FC,false,Rx,0,8,00,00,00,00,00,00,00,00,
15343078,000001FD,false,Rx,0,8,00,1A,03,00,00,00,00,00,
15343245,000001FE,false,Rx,0,8,00,00,00,00,00,00,00,00,
15345440,000004A3,false,Rx,1,8,80,00,48,0B,3E,00,00,00,
15345682,000004A4,false,Rx,1,8,FF,FF,FF,00,00,00,00,00,
15347718,00000061,false,Rx,0,8,C6,D0,83,00,00,00,00,00,
15347899,00000062,false,Rx,0,8,02,02,00,02,40,FF,00,FF,
15348143,00000063,false,Rx,0,8,00,00,05,00,00,08,FD,00,
15348426,00000064,false,Rx,0,8,00,00,00,04,FF,FA,00,00,
15348657,000000A1,false,Rx,0,8,4E,F0,83,57,61,02,8A,00,
15348965,000000A2,false,Rx,0,8,00,00,00,00,00,00,00,00,
15349185,00000382,false,Rx,0,8,2B,FE,21,00,00,05,09,00,
15349452,000000A3,false,Rx,0,8,00,40,01,00,00,00,00,00,
15356538,000002BF,false,Rx,0,8,FF,FF,FF,00,00,00,00,00,
15356915,0000047F,false,Rx,0,8,F0,FC,FF,FF,FF,FF,FF,FF,
15357028,00000653,false,Rx,0,8,0A,19,03,01,02,2A,00,00,
15358392,00000151,false,Rx,0,8,12,AA,CB,64,C8,00,28,18,
15358784,00000152,false,Rx,0,8,14,17,17,00,51,00,00,00,
15358845,00000153,false,Rx,0,8,00,00,00,00,00,00,00,00,
15359138,00000154,false,Rx,0,8,00,00,00,00,00,00,00,00,
15359336,000001F6,false,Rx,0,8,59,76,CB,00,00,00,00,0E,
15359602,00000121,false,Rx,0,8,BF,8E,E9,00,00,00,00,05,
15359836,000001F7,false,Rx,0,8,26,00,DA,02,00,00,00,00,
15360061,00000122,false,Rx,0,8,FF,D9,67,1F,46,47,46,45,
15360292,000001F8,false,Rx,0,8,00,5E,01,45,01,00,00,00,
15360553,00000123,false,Rx,0,8,B6,02,00,00,00,00,01,00,
15360768,000001F9,false,Rx,0,8,4B,00,64,C8,14,00,4B,00,
15361007,00000124,false,Rx,0,8,00,00,0A,00,00,00,20,40,
15361237,00000236,false,Rx,0,8,6F,33,CB,00,34,6C,AE,62,
15361463,000002FB,false,Rx,0,8,5E,7C,CB,04,72,1A,B4,B4,
15361692,00000237,false,Rx,0,8,00,15,47,00,00,1D,1B,00,
15361943,000002FC,false,Rx,0,8,0F,00,14,18,00,00,8E,43,
15362183,00000238,false,Rx,0,8,00,00,72,00,00,00,00,00,
15362436,000002FD,false,Rx,0,8,00,00,00,00,00,1C,13,EA,
15362689,00000239,false,Rx,0,8,00,00,00,00,01,00,00,00,
15362931,000002FE,false,Rx,0,8,00,00,72,01,00,28,C8,02,
15363163,0000025B,false,Rx,0,8,A7,EB,CB,40,40,20,00,00,
15363407,00000326,false,Rx,0,8,20,01,CB,00,00,00,00,00,
15363647,0000025C,false,Rx,0,8,00,00,26,00,B4,2C,19,00,
15363891,00000327,false,Rx,0,8,00,00,00,00,05,00,00,00,
15364134,0000025D,false,Rx,0,8,00,C8,00,00,00,80,C0,70,
15364372,00000328,false,Rx,0,8,DA,02,4B,00,00,5E,01,00,
15364605,0000025E,false,Rx,0,8,57,07,0E,08,00,00,46,00,
15364848,00000329,false,Rx,0,8,64,45,01,00,00,00,00,00,
15365088,00000331,false,Rx,0,8,03,A4,CB,F1,C8,A0,2C,97,
15365349,00000332,false,Rx,0,8,E8,08,FC,03,00,00,00,00,
15365609,00000333,false,Rx,0,8,00,00,00,1C,0C,40,20,64,
15365675,000004E8,false,Rx,1,8,FF,FF,FF,05,FF,FF,FF,00,
15365874,00000334,false,Rx,0,8,C8,00,00,00,08,44,F4,8F,
15366479,0000010B,false,Rx,0,8,67,23,F3,00,00,00,00,05,
15366712,0000010C,false,Rx,0,8,FF,F9,E7,1F,46,4F,48,48,
15366962,0000010D,false,Rx,0,8,B5,02,00,00,00,00,01,00,
15367207,0000010E,false,Rx,0,8,00,00,1E,00,00,C0,AB,57,
15372088,0000011B,false,Rx,0,8,2B,C0,AD,05,80,08,28,02,
15372266,0000012B,false,Rx,0,8,CD,90,AD,06,00,00,08,00,
15372512,0000011C,false,Rx,0,8,00,05,20,00,22,00,01,01,
15372765,0000012C,false,Rx,0,8,00,00,01,00,00,64,00,00,
15372992,00000091,false,Rx,0,8,AC,A6,CE,27,06,00,00,00,
15373245,00000092,false,Rx,0,8,27,00,00,00,70,02,00,00,
15373503,00000093,false,Rx,0,8,00,00,00,00,00,00,00,00,
15373799,00000094,false,Rx,0,8,00,00,00,00,00,00,00,00,
15378718,00000036,false,Rx,0,8,91,36,08,51,00,00,25,05,
15378910,00000037,false,Rx,0,8,30,00,00,10,00,40,00,00,
15379150,00000038,false,Rx,0,8,04,00,00,00,60,39,96,D4,
15379429,00000039,false,Rx,0,8,00,00,00,00,00,00,00,00,
15379662,00000256,false,Rx,0,8,B5,CC,CA,15,40,00,00,01,
15379910,000002E6,false,Rx,0,8,E1,9E,CA,01,00,00,00,15,
15380135,00000257,false,Rx,0,8,00,94,41,1B,85,07,00,94,
15380368,0000019B,false,Rx,0,8,94,8A,FE,00,00,E4,00,00,
15380607,00000258,false,Rx,0,8,36,EC,1A,00,10,15,00,28,
15380852,0000019C,false,Rx,0,8,40,20,00,00,00,00,0B,09,
15381084,00000259,false,Rx,0,8,69,05,8E,3C,4C,02,00,00,
15381335,0000019D,false,Rx,0,8,00,10,00,01,00,00,00,00,
15381573,000002E7,false,Rx,0,8,0A,00,00,00,00,00,00,00,
15381818,0000019E,false,Rx,0,8,15,00,00,00,00,32,00,00,
15382071,000002E8,false,Rx,0,8,00,00,00,00,00,00,00,00,
15382317,00000384,false,Rx,0,8,BA,56,0D,01,00,FF,00,24,
15382557,000002E9,false,Rx,0,8,00,00,00,00,00,00,00,00,
15382803,000001F1,false,Rx,0,8,1F,81,4E,01,00,00,28,00,
15383064,000001F2,false,Rx,0,8,00,00,00,00,00,00,00,00,
15384205,00000226,false,Rx,0,8,91,10,1D,FF,63,60,09,42,
15384392,00000227,false,Rx,0,8,02,94,00,09,03,F1,9F,03,
15389109,0000042A,false,Rx,0,8,8E,83,0C,02,00,10,00,00,
15390945,00000396,false,Rx,0,8,F1,31,E5,0F,08,01,00,02,
15391160,00000397,false,Rx,0,8,42,00,43,10,3F,07,00,00,
15391414,00000398,false,Rx,0,8,00,00,00,00,00,00,00,00,
15397115,00000146,false,Rx,0,8,9C,E0,06,10,04,05,00,00,
15397301,00000147,false,Rx,0,8,01,04,7D,00,40,46,07,00,
15397551,00000148,false,Rx,0,8,00,00,42,00,1E,89,40,05,
15397793,00000061,false,Rx,0,8,7E,D1,88,00,00,00,00,00,
15398032,00000149,false,Rx,0,8,00,38,00,CC,00,00,00,00,
15398279,00000062,false,Rx,0,8,02,02,00,02,40,FF,00,FF,
15398543,00000063,false,Rx,0,8,00,00,05,00,00,08,FD,00,
15398809,00000064,false,Rx,0,8,00,00,00,04,FF,FA,00,00,
15399033,000000A1,false,Rx,0,8,72,01,88,57,61,02,8A,00,
15399301,000000A2,false,Rx,0,8,00,00,00,00,00,00,00,00,
15399552,000000A3,false,Rx,0,8,00,40,01,00,00,00,00,00,
15402695,0000036F,false,Rx,0,8,91,21,01,00,00,00,00,00,
15402934,0000037F,false,Rx,0,8,EC,80,52,24,41,02,00,00,
15403638,000001AB,false,Rx,0,8,55,15,95,50,70,78,00,00,
15403842,000001AC,false,Rx,0,8,00,28,00,00,00,00,00,00,
15406086,000001B1,false,Rx,0,8,FC,51,06,00,72,00,00,00,
15406233,000001B2,false,Rx,0,8,23,00,04,B7,0F,09,50,10,
15406475,000001B3,false,Rx,0,8,10,33,37,00,5A,7B,6A,7D,
15406728,000001B4,false,Rx,0,8,65,7D,10,00,00,41,00,00,
15409297,00000121,false,Rx,0,8,BA,D6,EE,00,00,00,00,05,
15409474,00000122,false,Rx,0,8,FF,D9,67,1F,46,48,46,45,
15409727,00000123,false,Rx,0,8,B6,02,00,00,00,00,01,00,
15409979,00000124,false,Rx,0,8,00,00,0A,00,00,00,20,40,
15412475,000003B0,false,Rx,0,8,72,37,FF,C7,00,00,03,C0,
15416328,000000C5,false,Rx,1,8,00,00,00,00,00,00,00,00,
15416654,0000010B,false,Rx,0,8,DF,22,F8,00,00,00,00,05,
15416729,00000244,false,Rx,1,8,FF,FF,FF,FF,FF,FF,FF,FF,
15416848,000004B4,false,Rx,1,8,00,00,05,40,10,70,04,00,
15416943,0000010C,false,Rx,0,8,FF,F9,E7,1F,46,4F,48,48,
15417329,000004B5,false,Rx,1,8,08,00,F0,07,00,00,00,00,
15417432,0000010D,false,Rx,0,8,B5,02,00,00,00,00,01,00,
15417802,000004B7,false,Rx,1,8,08,00,F0,07,00,00,00,00,
15417919,0000010E,false,Rx,0,8,00,00,1E,00,00,C0,AB,57,
15418293,000004CA,false,Rx,1,8,00,00,00,00,00,00,00,00,
15418790,000004CC,false,Rx,1,8,08,00,00,06,00,00,03,00,
15419060,000004CE,false,Rx,1,8,DE,01,00,00,00,00,F8,FF,
15419326,000004D7,false,Rx,1,8,23,01,00,00,00,00,00,00,
15419593,000004D8,false,Rx,1,8,41,10,F0,F0,40,F2,1E,CC,
15419846,000004DD,false,Rx,1,8,00,00,FE,00,04,00,00,00,
15420098,000004DF,false,Rx,1,8,00,00,08,00,00,00,00,00,
15420217,000003B2,false,Rx,0,8,36,15,FF,02,29,2F,34,00,
15420364,000004E7,false,Rx,1,8,00,30,00,00,00,00,69,00,
15420896,00000565,false,Rx,0,8,66,02,00,00,00,00,FF,FF,
15420962,000004E8,false,Rx,1,8,FF,FF,FF,05,FF,FF,FF,00,
15421118,000004E9,false,Rx,1,8,12,00,00,34,00,00,50,00,
15421599,000004EA,false,Rx,1,8,67,00,00,89,00,00,00,00,
15421882,00000161,false,Rx,0,8,DC,C9,D9,03,00,00,00,02,
15421940,000004EB,false,Rx,1,8,02,80,16,19,80,00,00,00,
15422047,0000011B,false,Rx,0,8,3B,9A,B2,05,80,08,28,02,
15422128,000004EC,false,Rx,1,8,00,00,00,00,00,00,00,00,
15422296,00000162,false,Rx,0,8,FF,FC,01,00,00,00,00,00,
15422544,0000011C,false,Rx,0,8,00,05,20,00,22,00,01,01,
15422599,000004ED,false,Rx,1,8,00,00,00,00,00,FF,FF,1F,
15422782,0000012B,false,Rx,0,8,DD,CA,B2,06,00,00,08,00,
15423031,00000405,false,Rx,0,8,D2,10,00,00,00,01,00,00,
15423085,000004EE,false,Rx,1,8,FF,FF,00,00,00,00,00,00,
15423280,0000012C,false,Rx,0,8,00,00,01,00,00,64,00,00,
15423515,00000410,false,Rx,0,8,6A,60,57,3C,DE,6A,FF,FF,
15423582,000004EF,false,Rx,1,8,60,00,60,00,2B,14,00,00,
15423997,00000411,false,Rx,0,8,04,D1,50,51,00,00,44,04,
15424083,0000063D,false,Rx,1,8,00,80,00,00,00,00,00,00,
15424249,00000413,false,Rx,0,8,08,60,00,00,00,00,00,00,
15424495,00000412,false,Rx,0,8,CC,E0,00,00,00,00,00,00,
15424563,0000063E,false,Rx,1,8,FF,FF,FF,FF,FF,FF,FF,FF,
15424735,00000414,false,Rx,0,8,41,70,00,00,28,00,00,00,
15425061,0000063F,false,Rx,1,8,00,10,00,C4,FF,00,00,00,
15425224,00000416,false,Rx,0,8,55,00,00,00,00,00,00,00,
16341704,00000448,false,Rx,0,8,DE,80,00,00,00,00,00,00,
16343231,000001FB,false,Rx,0,8,B6,6B,CE,00,00,00,00,00,
16343344,000001FC,false,Rx,0,8,00,00,00,00,00,00,00,00,
16343699,000001FD,false,Rx,0,8,00,1A,03,00,00,00,00,00,
16343807,000001FE,false,Rx,0,8,00,00,00,00,00,00,00,00,
16347884,00000061,false,Rx,0,8,23,1F,E7,00,00,00,00,00,
16347982,00000062,false,Rx,0,8,02,02,00,02,40,FF,00,FF,
16348377,00000063,false,Rx,0,8,00,00,05,00,00,08,FD,00,
16348466,00000064,false,Rx,0,8,00,00,00,04,FF,FA,00,00,
16348828,000000A1,false,Rx,0,8,A9,EB,E7,59,61,02,8A,00,
16348901,000000A2,false,Rx,0,8,00,00,00,00,00,00,00,00,
16349195,00000382,false,Rx,0,8,2B,FE,21,00,00,05,09,00,
16349531,000000A3,false,Rx,0,8,00,40,01,00,00,00,00,00,
16351770,000004A3,false,Rx,1,8,80,00,48,0B,3E,00,00,00,
16351883,000004A4,false,Rx,1,8,FF,FF,FF,00,00,00,00,00,
16357475,000002BF,false,Rx,0,8,FF,FF,FF,00,00,00,00,00,
16357651,0000047F,false,Rx,0,8,F0,FC,FF,FF,FF,FF,FF,FF,
16357981,00000653,false,Rx,0,8,0A,19,03,01,02,2A,00,00,
16358056,00000236,false,Rx,0,8,6D,DA,D5,00,34,6C,AE,62,
16358104,00000237,false,Rx,0,8,00,15,47,00,00,1D,1B,00,
16358420,00000238,false,Rx,0,8,00,00,72,00,00,00,00,00,
16358538,00000239,false,Rx,0,8,00,00,00,00,01,00,00,00,
16359792,00000151,false,Rx,0,8,10,43,D5,64,C8,00,28,18,
16359875,00000121,false,Rx,0,8,C3,24,4D,00,00,00,00,05,
16359922,000001F6,false,Rx,0,8,5B,9F,D5,00,00,00,00,0E,
16360322,00000122,false,Rx,0,8,FF,D9,67,1F,46,47,46,45,
16360614,000001F7,false,Rx,0,8,26,00,DA,02,00,00,00,00,
16360885,00000123,false,Rx,0,8,B6,02,00,00,00,00,01,00,
16361238,000001F8,false,Rx,0,8,00,5E,01,45,01,00,00,00,
16361587,00000124,false,Rx,0,8,00,00,0A,00,00,00,20,40,
16361669,000001F9,false,Rx,0,8,4B,00,64,C8,14,00,4B,00,
16361957,00000152,false,Rx,0,8,14,17,17,00,51,00,00,00,
16362256,0000025B,false,Rx,0,8,9E,1E,D5,40,40,20,00,00,
16362544,00000153,false,Rx,0,8,00,00,00,00,00,00,00,00,
16362660,0000025C,false,Rx,0,8,00,00,26,00,B4,2C,19,00,
16362965,00000154,false,Rx,0,8,00,00,00,00,00,00,00,00,
16363335,0000025D,false,Rx,0,8,00,C8,00,00,00,80,C0,70,
16363656,000002FB,false,Rx,0,8,5C,95,D5,04,72,1A,B4,B4,
16363967,0000025E,false,Rx,0,8,1E,07,0E,03,00,00,46,00,
16364223,000002FC,false,Rx,0,8,0F,00,14,18,00,00,8E,43,
16364290,000002FD,false,Rx,0,8,00,00,00,00,00,1C,13,EA,
16364579,000002FE,false,Rx,0,8,00,00,72,01,00,28,C8,02,
16364935,00000326,false,Rx,0,8,22,E8,D5,00,00,00,00,00,
16365048,00000327,false,Rx,0,8,00,00,00,00,05,00,00,00,
16365352,00000328,false,Rx,0,8,DA,02,4B,00,00,5E,01,00,
16365680,00000329,false,Rx,0,8,64,45,01,00,00,00,00,00,
16365987,00000331,false,Rx,0,8,01,4D,D5,F1,C8,A0,2C,97,
16366186,00000332,false,Rx,0,8,E8,08,FC,03,00,00,00,00,
16366243,00000333,false,Rx,0,8,00,00,00,1C,0C,40,20,64,
16366627,00000334,false,Rx,0,8,C8,00,00,00,08,44,F4,8F,
16366999,0000010B,false,Rx,0,8,1B,89,57,00,00,00,00,05,
16367346,0000010C,false,Rx,0,8,FF,F9,E7,1F,46,4F,48,48,
16367642,0000010D,false,Rx,0,8,B5,02,00,00,00,00,01,00,
16367763,0000010E,false,Rx,0,8,00,00,1E,00,00,C0,AB,57,
16372535,0000011B,false,Rx,0,8,13,3C,11,05,80,08,28,02,
16372647,0000012B,false,Rx,0,8,F5,6C,11,06,00,00,08,00,
16372919,0000011C,false,Rx,0,8,00,05,20,00,22,00,01,01,
16373005,0000012C,false,Rx,0,8,00,00,01,00,00,64,00,00,
16373692,00000091,false,Rx,0,8,DC,A5,D8,27,06,00,00,00,
16373818,000001E1,false,Rx,0,8,5F,5B,9D,02,00,00,00,00,
16374110,00000092,false,Rx,0,8,27,00,00,00,70,02,00,00,
16374398,000001E2,false,Rx,0,8,00,00,00,00,00,00,00,00,
16374750,00000093,false,Rx,0,8,00,00,00,00,00,00,00,00,
16374974,00000094,false,Rx,0,8,00,00,00,00,00,00,00,00,
16378685,00000256,false,Rx,0,8,19,A3,D4,15,40,00,10,01,
16378781,00000036,false,Rx,0,8,74,F9,6C,51,00,00,25,05,
16379193,00000257,false,Rx,0,8,00,94,41,1B,85,07,00,94,
16379279,00000037,false,Rx,0,8,30,00,00,10,00,40,00,00,
16379609,00000258,false,Rx,0,8,36,EF,1A,00,10,15,00,28,
16379686,00000038,false,Rx,0,8,04,00,00,00,60,39,96,D4,
16379977,00000259,false,Rx,0,8,6B,05,8E,3C,4C,02,00,00,
16380570,00000039,false,Rx,0,8,00,00,00,00,00,00,00,00,
16380965,0000019B,false,Rx,0,8,F4,97,62,00,00,E4,00,00,
16381264,000002E6,false,Rx,0,8,E3,77,D4,01,00,00,00,15,
16381355,0000019C,false,Rx,0,8,40,20,00,00,00,00,0B,09,
16381651,000002E7,false,Rx,0,8,0A,00,00,00,00,00,00,00,
16381833,0000019D,false,Rx,0,8,00,10,00,01,00,00,00,00,
16381884,000002E8,false,Rx,0,8,00,00,00,00,00,00,00,00,
16382246,0000019E,false,Rx,0,8,15,00,00,00,00,32,00,00,
16382619,000002E9,false,Rx,0,8,00,00,00,00,00,00,00,00,
16382991,00000384,false,Rx,0,8,BA,56,0D,01,00,FF,00,24,
16383289,00000565,false,Rx,0,8,66,02,00,00,00,00,FF,FF,
16383583,00000226,false,Rx,0,8,63,24,27,FF,63,60,09,42,
16383761,00000227,false,Rx,0,8,02,94,00,09,03,F1,9F,03,
16389262,0000042A,false,Rx,0,8,8E,83,0C,02,00,10,00,00,
16390994,00000396,false,Rx,0,8,32,73,EA,0F,08,02,00,02,
16391170,00000397,false,Rx,0,8,4E,00,43,10,3F,07,00,00,
16391451,00000398,false,Rx,0,8,00,00,00,00,00,00,00,00,
16397154,00000146,false,Rx,0,8,0E,FE,38,10,04,05,00,00,
16397312,00000147,false,Rx,0,8,01,04,7D,00,40,45,07,00,
16397579,00000148,false,Rx,0,8,00,00,42,00,1E,89,40,05,
16397823,00000061,false,Rx,0,8,9B,1E,EC,00,00,00,00,00,
16398059,00000149,false,Rx,0,8,00,38,00,CC,00,00,00,00,
16398297,00000062,false,Rx,0,8,02,02,00,02,40,FF,00,FF,
16398577,00000063,false,Rx,0,8,00,00,05,00,00,08,FD,00,
16398829,00000064,false,Rx,0,8,00,00,00,04,FF,FA,00,00,
16399078,000000A1,false,Rx,0,8,95,1A,EC,59,61,02,8A,00,
16399372,000000A2,false,Rx,0,8,00,00,00,00,00,00,00,00,
16399609,000000A3,false,Rx,0,8,00,40,01,00,00,00,00,00,
16402765,000001AB,false,Rx,0,8,E8,25,C7,50,70,80,00,00,
16402940,0000036F,false,Rx,0,8,81,C1,01,00,00,00,00,00,
16403195,000001AC,false,Rx,0,8,00,28,00,00,00,00,00,00,
16403433,0000037F,false,Rx,0,8,9B,30,52,24,41,02,00,00,
16406031,000001B1,false,Rx,0,8,55,21,38,00,72,00,00,00,
16406202,000001B2,false,Rx,0,8,23,00,04,B7,0F,09,50,10,
16406529,000001B3,false,Rx,0,8,10,33,37,00,5A,7B,6A,7D,
16406801,000001B4,false,Rx,0,8,65,7D,10,00,00,41,00,00,
16409432,00000121,false,Rx,0,8,87,94,52,00,00,00,00,05,
16409520,00000122,false,Rx,0,8,FF,D9,67,1F,46,47,46,45,
16409782,00000123,false,Rx,0,8,B6,02,00,00,00,00,01,00,
16410034,00000124,false,Rx,0,8,00,00,0A,00,00,00,20,40,
16411915,000003B0,false,Rx,0,8,72,37,FF,C7,00,00,03,C0,
16416547,0000010B,false,Rx,0,8,A3,88,5C,00,00,00,00,05,
16416723,0000010C,false,Rx,0,8,FF,F9,E7,1F,46,4F,48,48,
16416975,0000010D,false,Rx,0,8,B5,02,00,00,00,00,01,00,
16417225,0000010E,false,Rx,0,8,00,00,1E,00,00,C0,AB,57,
16419891,000003B2,false,Rx,0,8,36,15,FF,02,29,2F,34,00,
16422176,0000011B,false,Rx,0,8,8C,54,16,05,80,08,28,02,
16422280,0000012B,false,Rx,0,8,6A,04,16,06,00,00,08,00,
16422540,000000C5,false,Rx,1,8,00,00,00,00,00,00,00,00,
16422616,0000011C,false,Rx,0,8,00,05,20,00,22,00,01,01,
16422792,0000012C,false,Rx,0,8,00,00,01,00,00,64,00,00,
16422997,00000244,false,Rx,1,8,FF,FF,FF,FF,FF,FF,FF,FF,
16423305,00000161,false,Rx,0,8,E6,2E,0B,03,00,00,00,02,
16423450,0000041F,false,Rx,1,8,00,0C,00,00,00,00,00,00,
16423809,00000162,false,Rx,0,8,FF,FC,01,00,00,00,00,00,
16423972,000004B4,false,Rx,1,8,00,00,05,40,10,70,04,00,
16424024,00000405,false,Rx,0,8,D2,10,00,00,00,01,00,00,
16424330,00000413,false,Rx,0,8,08,60,00,00,00,00,00,00,
16424517,000004B5,false,Rx,1,8,08,00,F0,07,00,00,00,00,
16424571,00000410,false,Rx,0,8,6A,60,57,3C,DE,6A,FF,FF,
16424766,00000414,false,Rx,0,8,41,70,00,00,28,00,00,00,
16424844,000004B7,false,Rx,1,8,08,00,F0,07,00,00,00,00,
16425004,00000411,false,Rx,0,8,04,D1,50,51,00,00,44,04,
16425272,00000416,false,Rx,0,8,55,00,00,00,00,00,00,00,
16425408,000004CA,false,Rx,1,8,00,00,00,00,00,00,00,00,
16425487,00000412,false,Rx,0,8,CC,E0,00,00,00,00,00,00,
16425760,00000417,false,Rx,0,8,20,E0,00,00,00,00,00,00,
16425912,000004CC,false,Rx,1,8,08,00,00,06,00,00,03,00,
16426279,00000418,false,Rx,0,8,07,C0,00,00,14,0C,00,00,
16426354,000004CE,false,Rx,1,8,DE,01,00,00,00,00,F8,FF,
16426738,00000419,false,Rx,0,8,62,00,26,D5,2D,87,90,00,
16426880,000004D7,false,Rx,1,8,23,01,00,00,00,00,00,00,
16427246,000004D8,false,Rx,1,8,41,10,F0,F0,40,F2,1E,CC,
16427731,000004DD,false,Rx,1,8,00,00,FE,00,04,00,00,00,
16428230,000004DF,false,Rx,1,8,00,00,08,00,00,00,00,00,
16428724,000004E7,false,Rx,1,8,00,30,00,00,00,00,69,00,
16428800,00000036,false,Rx,0,8,BC,FB,71,51,00,00,25,05,
16429211,000004E8,false,Rx,1,8,FF,FF,FF,05,FF,FF,FF,00,
16429376,00000037,false,Rx,0,8,30,00,00,10,00,40,00,00,
16429727,000004E9,false,Rx,1,8,12,00,00,34,00,00,50,00,
16429792,00000038,false,Rx,0,8,04,00,00,00,60,39,96,D4,
16429956,00000380,false,Rx,0,8,96,92,03,08,08,08,08,01,
16430169,000004EA,false,Rx,1,8,67,00,00,89,00,00,00,00,
16430315,00000039,false,Rx,0,8,00,00,00,00,00,00,00,00,
16430427,000003A1,false,Rx,0,8,A9,E3,D2,00,FF,FF,FF,FF,
16430676,000004EB,false,Rx,1,8,02,80,16,1A,80,00,00,00,
16431168,0000019B,false,Rx,0,8,8B,BB,67,00,00,E4,00,00,
16431448,000003A2,false,Rx,0,8,00,00,00,00,00,00,00,00,
16431512,000004EC,false,Rx,1,8,00,00,00,00,00,00,00,00,
16431557,0000019C,false,Rx,0,8,40,20,00,00,00,00,0B,09,
16431633,00000427,false,Rx,0,8,1D,86,FF,00,80,0A,00,00,
16432205,000004ED,false,Rx,1,8,00,00,00,00,00,FF,FF,1F,
16432356,0000019D,false,Rx,0,8,00,10,00,01,00,00,00,00,
16432778,000004EE,false,Rx,1,8,FF,FF,00,00,00,00,00,00,
16432897,0000019E,false,Rx,0,8,15,00,00,00,00,32,00,00,
16432958,000001A1,false,Rx,0,8,50,3C,0B,FE,F7,7F,64,00,
16433007,000004EF,false,Rx,1,8,60,00,60,00,2B,14,00,00,
16433086,000001A2,false,Rx,0,8,44,00,00,00,27,08,00,00,
16433169,0000063D,false,Rx,1,8,00,80,00,00,00,00,00,00,
16433331,000001A3,false,Rx,0,8,FF,F3,3F,00,00,00,00,00,
16433599,0000063E,false,Rx,1,8,FF,FF,FF,FF,FF,FF,FF,FF,
16433971,000001A4,false,Rx,0,8,FE,07,00,00,00,00,00,00,
16434091,0000063F,false,Rx,1,8,00,10,00,C4,FF,00,00,00,
16434339,000001F1,false,Rx,0,8,78,FE,63,01,00,00,28,00,
16434653,00000640,false,Rx,1,8,FF,FF,FF,00,FF,FF,FF,00,
16434830,000001F2,false,Rx,0,8,00,00,00,00,00,00,00,00,
16435059,00000641,false,Rx,1,8,FF,FF,FF,FF,0F,FF,FF,FF,
16435773,00000646,false,Rx,1,8,00,00,00,80,01,00,00,00,
16445021,000000FF,false,Rx,0,8,CB,10,00,00,00,00,02,00,
16445699,00000394,false,Rx,0,8,2A,22,1A,49,00,00,00,00,
16445841,000003C3,false,Rx,0,8,45,10,31,30,36,00,00,00,
16446150,000003E0,false,Rx,0,8,01,70,01,00,54,03,00,00,
16446917,000003E5,false,Rx,0,8,8E,90,01,00,00,00,00,00,
16447151,000003E6,false,Rx,0,8,7F,00,00,00,00,00,00,00,
16447413,0000041A,false,Rx,0,8,95,40,12,00,00,00,00,00,
16447701,0000041B,false,Rx,0,8,60,30,00,00,00,00,00,00,
16447906,00000061,false,Rx,0,8,53,1C,F1,00,00,00,00,00,
16448171,0000041C,false,Rx,0,8,E9,80,E0,00,00,00,00,00,
16448400,00000062,false,Rx,0,8,02,02,00,02,40,FF,00,FF,
16448648,00000422,false,Rx,0,8,EA,C0,01,00,00,00,04,00,
16448880,00000063,false,Rx,0,8,00,00,05,00,00,08,FD,00,
16449159,00000064,false,Rx,0,8,00,00,00,04,FF,FA,00,00,
16449400,00000432,false,Rx,0,8,03,20,02,00,00,00,00,00,
16449639,000000A1,false,Rx,0,8,F0,19,F1,59,61,02,8A,00,
16449889,000000A2,false,Rx,0,8,00,00,00,00,00,00,00,00,
16450197,000000A3,false,Rx,0,8,00,40,01,00,00,00,00,00,
16450412,00000435,false,Rx,0,8,9F,D0,00,40,00,00,00,00,
16450801,00000442,false,Rx,0,8,CE,20,11,81,00,00,00,00,
16451256,00000444,false,Rx,0,8,6C,30,20,50,55,50,00,00,
16451512,00000445,false,Rx,0,8,08,60,00,00,00,00,00,18,
16451973,00000464,false,Rx,0,8,B2,70,F0,FF,38,7F,05,00,
16459591,00000121,false,Rx,0,8,F8,B8,57,00,00,00,00,05,
16459686,00000122,false,Rx,0,8,FF,D9,67,1F,46,47,46,45,
16459970,00000123,false,Rx,0,8,B6,02,00,00,00,00,01,00,
16460238,00000124,false,Rx,0,8,00,00,0A,00,00,00,20,40,
16466661,0000010B,false,Rx,0,8,C0,13,61,00,00,00,00,05,
16466737,0000010C,false,Rx,0,8,FF,F9,E7,1F,46,4F,48,48,
16466977,0000010D,false,Rx,0,8,B5,02,00,00,00,00,01,00,
16467192,0000010E,false,Rx,0,8,00,00,1E,00,00,C0,AB,57,
16472340,0000011B,false,Rx,0,8,FF,6D,1B,05,80,08,28,02,
16472473,0000012B,false,Rx,0,8,19,3D,1B,06,00,00,08,00,
16472738,0000011C,false,Rx,0,8,00,05,20,00,22,00,01,01,
16473096,0000012C,false,Rx,0,8,00,00,01,00,00,64,00,00,
16473224,00000091,false,Rx,0,8,D4,DE,D9,27,06,00,00,00,
16473467,00000092,false,Rx,0,8,25,00,00,00,50,02,00,00,
16473749,00000093,false,Rx,0,8,00,00,00,00,00,00,00,00,
16474046,00000094,false,Rx,0,8,00,00,00,00,00,00,00,00,
16477428,000001E6,false,Rx,0,8,85,DA,AC,02,00,00,00,00,
16477600,000001BB,false,Rx,0,8,A5,41,AC,02,00,00,00,0A,
16477859,000001BC,false,Rx,0,8,32,00,00,00,02,00,00,00,
16478204,000001BD,false,Rx,0,8,00,00,00,00,00,00,00,00,
16478366,000001E7,false,Rx,0,8,00,00,22,03,20,01,00,00,
16478662,00000401,false,Rx,0,8,C6,10,10,00,00,04,00,00,
16478887,00000036,false,Rx,0,8,4F,65,76,51,00,00,25,05,
16479145,00000037,false,Rx,0,8,30,00,00,10,00,40,00,00,
16479346,000003AA,false,Rx,0,8,FF,00,D0,00,54,00,00,00,
16479589,00000038,false,Rx,0,8,04,00,00,00,60,39,96,D4,
16479909,00000039,false,Rx,0,8,00,00,00,00,00,00,00,00,
16480450,000003B6,false,Rx,0,8,EE,01,EA,00,00,00,00,46,
16480709,0000019B,false,Rx,0,8,33,BA,6C,00,00,E4,00,00,
16480778,000003B7,false,Rx,0,8,46,00,00,00,00,00,00,00,
16481211,0000019C,false,Rx,0,8,40,20,00,00,00,00,0B,09,
16481274,000003B8,false,Rx,0,8,B2,02,00,00,00,00,69,0E,
16481401,0000019D,false,Rx,0,8,00,10,00,01,00,00,00,00,
16481644,000002D6,false,Rx,0,8,5F,68,EA,00,00,00,00,00,
16481888,0000019E,false,Rx,0,8,15,00,00,00,00,32,00,00,
16482129,000002D7,false,Rx,0,8,00,00,00,00,03,00,00,00,
16482366,000002EB,false,Rx,0,8,66,DC,EA,07,08,01,00,02,
16482619,000002D8,false,Rx,0,8,00,00,00,00,00,00,38,47,
16482863,000002EC,false,Rx,0,8,07,00,CF,00,59,00,00,00,
16483255,000002D9,false,Rx,0,8,00,00,00,00,00,00,00,00,
16483387,000002ED,false,Rx,0,8,00,00,00,00,00,00,00,00,
16483619,000003B9,false,Rx,0,8,00,00,00,00,00,00,00,00,
16483960,000002EE,false,Rx,0,8,00,00,00,00,00,00,00,00,
16484085,00000495,false,Rx,0,8,49,00,00,00,00,00,00,00,
16484338,000002FF,false,Rx,0,8,D4,CB,00,71,02,00,00,00,
16484571,00000472,false,Rx,0,8,5C,EC,00,40,08,41,00,45,
16484880,00000316,false,Rx,0,8,46,C0,94,34,06,80,0A,00,
16485062,00000473,false,Rx,0,8,5F,24,00,25,00,00,00,78,
16485374,00000317,false,Rx,0,8,00,00,05,00,00,00,00,00,
16485618,00000474,false,Rx,0,8,91,72,00,00,00,00,00,08,
16485791,00000566,false,Rx,0,8,16,02,00,00,00,00,FF,FF,
16489129,000003B1,false,Rx,0,8,C1,DE,00,80,00,00,20,00,
16489373,00000251,false,Rx,0,8,2D,35,D6,00,00,00,00,00,
16489672,00000252,false,Rx,0,8,00,00,1B,1B,03,00,00,00,
16490011,000002AB,false,Rx,0,8,34,DC,D9,0C,0C,00,00,00,
16490067,00000253,false,Rx,0,8,00,00,00,58,58,00,80,4D,
16490422,000002AC,false,Rx,0,8,00,FF,FF,00,00,40,00,54,
16490559,000002AD,false,Rx,0,8,00,01,00,40,FF,FF,FF,0F,
16490833,000002AE,false,Rx,0,8,01,00,FF,3F,01,01,00,00,
16491189,000002B6,false,Rx,0,8,8E,FA,D9,01,00,00,00,40,
16491451,000002B7,false,Rx,0,8,9F,00,50,1C,00,04,00,00,
16491602,000002B8,false,Rx,0,8,FF,F8,10,00,00,00,00,00,
16491836,000002B9,false,Rx,0,8,0A,00,00,00,00,00,00,00,
16492168,000002C1,false,Rx,0,8,DA,2C,ED,21,00,41,00,D4,
16492512,000002C2,false,Rx,0,8,2D,00,00,00,00,00,00,00,
16492807,000002C3,false,Rx,0,8,00,00,00,00,00,00,00,00,
16492926,000002C4,false,Rx,0,8,00,00,00,00,00,00,00,00,
16493200,000002E1,false,Rx,0,8,08,B1,D9,00,00,00,00,40,
16493500,0000033B,false,Rx,0,8,6C,B6,D8,00,00,00,00,00,
16493842,000002E2,false,Rx,0,8,FD,00,00,00,00,14,00,04,
16493951,0000033C,false,Rx,0,8,00,00,00,00,F0,00,00,00,
16494165,000002E3,false,Rx,0,8,00,00,00,00,00,00,72,01,
16494514,0000033D,false,Rx,0,8,00,00,00,00,00,00,00,00,
16494846,000002E4,false,Rx,0,8,02,00,00,00,00,00,00,00,
16494934,0000033E,false,Rx,0,8,00,00,00,00,00,00,00,00,
16495224,00000356,false,Rx,0,8,95,46,EC,00,00,00,00,00,
16495527,00000357,false,Rx,0,8,00,00,00,00,00,4B,4D,48,
16495810,00000358,false,Rx,0,8,35,41,45,4D,52,37,33,4F,
16495926,00000359,false,Rx,0,8,51,4F,34,52,4A,35,33,00,
16497293,00000146,false,Rx,0,8,71,D2,3D,10,04,05,00,00,
16497577,00000147,false,Rx,0,8,01,04,7D,00,40,45,07,00,
16497802,00000061,false,Rx,0,8,A0,82,F6,00,00,00,00,00,
16497992,00000148,false,Rx,0,8,00,00,42,00,1E,89,40,05,
16498238,00000062,false,Rx,0,8,02,02,00,02,40,FF,00,FF,
16498507,00000149,false,Rx,0,8,00,38,00,CC,00,00,00,00,
16498741,00000063,false,Rx,0,8,00,00,05,00,00,08,FD,00,
16499002,00000064,false,Rx,0,8,00,00,00,04,FF,FA,00,00,
16499228,000000A1,false,Rx,0,8,F9,9C,F6,59,61,02,8A,00,
16499487,000000A2,false,Rx,0,8,00,00,00,00,00,00,00,00,
16499748,000000A3,false,Rx,0,8,00,40,01,00,00,00,00,00,
16502559,00000111,false,Rx,0,8,1B,9E,1A,01,00,00,00,00,
16502752,00000112,false,Rx,0,8,00,00,00,00,00,00,00,00,
16502998,0000036F,false,Rx,0,8,38,D1,01,00,00,00,00,00,
16503243,00000113,false,Rx,0,8,00,00,00,00,00,00,00,00,
16503473,000001AB,false,Rx,0,8,20,DC,CC,50,70,80,00,00,
16503732,00000114,false,Rx,0,8,00,00,00,00,00,00,00,00,
16503995,000001AC,false,Rx,0,8,00,28,00,00,00,00,00,00,
16504222,0000037F,false,Rx,0,8,93,40,52,24,41,02,00,00,
16506187,000001B1,false,Rx,0,8,2A,0D,3D,00,72,00,00,00,
16506351,000001B2,false,Rx,0,8,23,00,04,B7,0F,09,50,10,
16506724,000001B3,false,Rx,0,8,10,33,37,00,5A,7B,6A,7D,
16506886,000001B4,false,Rx,0,8,65,7D,10,00,00,41,00,00,
16509470,00000121,false,Rx,0,8,40,B9,5C,00,00,00,00,05,
16509564,00000122,false,Rx,0,8,FF,D9,67,1F,46,47,46,45,
16509872,00000123,false,Rx,0,8,B6,02,00,00,00,00,01,00,
16510165,00000124,false,Rx,0,8,00,00,0A,00,00,00,20,40,
16513492,00000487,false,Rx,1,8,00,00,00,00,00,00,00,00,
16513808,00000642,false,Rx,1,8,FF,FF,FF,FF,FF,FF,00,00,
16516654,0000010B,false,Rx,0,8,33,8D,66,00,00,00,00,05,
16516731,0000010C,false,Rx,0,8,FF,F9,E7,1F,46,4F,48,48,
16517029,0000010D,false,Rx,0,8,B5,02,00,00,00,00,01,00,
16517250,0000010E,false,Rx,0,8,00,00,1E,00,00,C0,AB,57,
16522179,0000011B,false,Rx,0,8,29,F1,20,05,80,08,28,02,
16522372,0000012B,false,Rx,0,8,CF,A1,20,06,00,00,08,00,
16522546,0000011C,false,Rx,0,8,00,05,20,00,22,00,01,01,
16522819,0000012C,false,Rx,0,8,00,00,01,00,00,64,00,00,
16523043,000001E1,false,Rx,0,8,32,07,A0,02,00,00,00,00,
16523288,00000161,false,Rx,0,8,24,F4,10,03,00,00,00,02,
16523542,000001E2,false,Rx,0,8,00,00,00,00,00,00,00,00,
16523781,00000162,false,Rx,0,8,FF,FC,01,00,00,00,00,00,
16524296,0000030B,false,Rx,0,8,1D,FB,D8,00,04,00,00,00,
16524568,0000030C,false,Rx,0,8,00,00,0E,00,2C,00,A0,0F,
16524820,0000030D,false,Rx,0,8,00,00,00,00,43,00,00,00,
16525070,0000030E,false,Rx,0,8,00,00,18,05,21,00,00,0A,
16528773,00000036,false,Rx,0,8,42,A3,7B,51,00,00,25,05,
16528980,00000037,false,Rx,0,8,30,00,00,10,00,40,00,00,
16529219,00000038,false,Rx,0,8,04,00,00,00,60,39,96,D4,
16529524,00000039,false,Rx,0,8,00,00,00,00,00,00,00,00,
16530434,0000019B,false,Rx,0,8,FB,B8,71,00,00,E4,00,00,
16530633,0000019C,false,Rx,0,8,40,20,00,00,00,00,0B,09,
16530879,0000019D,false,Rx,0,8,00,10,00,01,00,00,00,00,
16531133,00000475,false,Rx,0,8,12,00,00,00,00,00,00,00,
16531354,0000019E,false,Rx,0,8,15,00,00,00,00,32,00,00,
16531616,00000496,false,Rx,0,8,12,00,00,00,00,00,00,00,
16532118,000001A1,false,Rx,0,8,2D,F9,10,FE,F7,7F,64,00,
16532383,000001A2,false,Rx,0,8,44,00,00,00,27,08,00,00,
16532633,000001A3,false,Rx,0,8,FF,F3,3F,00,00,00,00,00,
16532883,000001A4,false,Rx,0,8,FE,07,00,00,00,00,00,00,
16533120,00000383,false,Rx,0,8,5A,53,00,10,01,00,00,00,
16540888,00000448,false,Rx,0,8,DE,80,00,00,00,00,00,00,
16543039,000001FB,false,Rx,0,8,B4,82,D0,00,00,00,00,00,
16543216,000001FC,false,Rx,0,8,00,00,00,00,00,00,00,00,
16543476,000001FD,false,Rx,0,8,00,1A,03,00,00,00,00,00,
16543795,000001FE,false,Rx,0,8,00,00,00,00,00,00,00,00,
16547740,00000061,false,Rx,0,8,AD,44,FB,00,00,00,00,00,
16547915,00000062,false,Rx,0,8,02,02,00,02,40,FF,00,FF,
16548182,00000063,false,Rx,0,8,00,00,05,00,00,08,FD,00,
16548443,00000064,false,Rx,0,8,00,00,00,04,FF,FA,00,00,
16548663,000000A1,false,Rx,0,8,CF,DF,FB,59,61,02,8A,00,
16548938,000000A2,false,Rx,0,8,00,00,00,00,00,00,00,00,
16549164,00000382,false,Rx,0,8,2B,FE,21,00,00,05,09,00,
16549394,000000A3,false,Rx,0,8,00,40,01,00,00,00,00,00,
16553450,000004A3,false,Rx,1,8,80,00,48,0B,3E,00,00,00,
16553708,000004A4,false,Rx,1,8,FF,FF,FF,00,00,00,00,00,
16556618,000002BF,false,Rx,0,8,FF,FF,FF,00,00,00,00,00,
16556816,0000047F,false,Rx,0,8,F0,FC,FF,FF,FF,FF,FF,FF,
16557081,00000653,false,Rx,0,8,0A,19,03,01,02,2A,00,00,
16558487,00000151,false,Rx,0,8,9C,F1,D7,64,C8,00,28,18,
16558704,00000152,false,Rx,0,8,14,17,17,00,51,00,00,00,
16558959,00000153,false,Rx,0,8,00,00,00,00,00,00,00,00,
16559242,00000154,false,Rx,0,8,00,00,00,00,00,00,00,00,
16559467,00000121,false,Rx,0,8,23,22,61,00,00,00,00,05,
16559724,000001F6,false,Rx,0,8,D7,2D,D7,00,00,00,00,0E,
16559958,00000122,false,Rx,0,8,FF,D9,67,1F,46,47,46,45,
16560196,000001F7,false,Rx,0,8,26,00,DA,02,00,00,00,00,
16560429,00000123,false,Rx,0,8,B6,02,00,00,00,00,01,00,
16560678,000001F8,false,Rx,0,8,00,5E,01,45,01,00,00,00,
16560934,00000124,false,Rx,0,8,00,00,0A,00,00,00,20,40,
16561171,000001F9,false,Rx,0,8,4B,00,64,C8,14,00,4B,00,
16561391,000002FB,false,Rx,0,8,D0,27,D7,04,72,1A,B4,B4,
16561764,00000236,false,Rx,0,8,DA,06,D7,00,34,6C,AE,62,
16562077,000002FC,false,Rx,0,8,0F,00,14,18,00,00,8E,43,
16562239,00000237,false,Rx,0,8,00,15,47,00,00,1E,1B,00,
16562395,000002FD,false,Rx,0,8,00,00,00,00,00,1C,13,EA,
16562774,00000238,false,Rx,0,8,00,00,72,00,00,00,00,00,
16562853,000002FE,false,Rx,0,8,00,00,72,01,00,28,C8,02,
16563079,00000239,false,Rx,0,8,00,00,00,00,01,00,00,00,
16563319,00000326,false,Rx,0,8,AE,5A,D7,00,00,00,00,00,
16563549,0000025B,false,Rx,0,8,69,7D,D7,40,40,20,00,00,
16563802,00000327,false,Rx,0,8,00,00,00,00,05,00,00,00,
16564035,0000025C,false,Rx,0,8,00,00,26,00,B4,2C,19,00,
16564290,00000328,false,Rx,0,8,DA,02,4B,00,00,5E,01,00,
16564512,0000025D,false,Rx,0,8,00,C8,00,00,00,80,C0,70,
16564960,00000329,false,Rx,0,8,64,45,01,00,00,00,00,00,
16565040,0000025E,false,Rx,0,8,07,07,0E,01,00,00,46,00,
16565382,00000331,false,Rx,0,8,8D,FF,D7,F1,C8,A0,2C,97,
16565768,00000332,false,Rx,0,8,E8,08,FC,03,00,00,00,00,
16566104,00000333,false,Rx,0,8,00,00,00,1C,0C,40,20,64,
16566259,00000334,false,Rx,0,8,C8,00,00,00,08,44,F4,8F,
16566503,0000010B,false,Rx,0,8,3E,4B,6B,00,00,00,00,05,
16566715,0000010C,false,Rx,0,8,FF,F9,E7,1F,46,4F,48,48,
16567048,0000010D,false,Rx,0,8,B5,02,00,00,00,00,01,00,
16567262,0000010E,false,Rx,0,8,00,00,1E,00,00,C0,AB,57,
16572304,0000011B,false,Rx,0,8,DF,D9,25,05,80,08,28,02,
16572479,0000012B,false,Rx,0,8,39,89,25,06,00,00,08,00,
16572722,0000011C,false,Rx,0,8,00,05,20,00,22,00,01,01,
16572983,0000012C,false,Rx,0,8,00,00,01,00,00,64,00,00,
16573195,00000091,false,Rx,0,8,39,24,DA,27,06,00,00,00,
16573464,00000092,false,Rx,0,8,24,00,00,00,40,02,00,00,
16573771,00000093,false,Rx,0,8,00,00,00,00,00,00,00,00,
16574047,00000094,false,Rx,0,8,00,00,00,00,00,00,00,00,
16578579,00000036,false,Rx,0,8,0D,9A,80,51,00,00,25,05,
16578785,00000037,false,Rx,0,8,30,00,00,10,00,40,00,00,
16579007,00000038,false,Rx,0,8,04,00,00,00,60,39,96,D4,
16579261,00000256,false,Rx,0,8,FF,3C,D6,15,40,00,00,01,
16579496,00000039,false,Rx,0,8,00,00,00,00,00,00,00,00,
16579735,00000257,false,Rx,0,8,00,93,41,19,85,07,00,94,
16579983,000002E6,false,Rx,0,8,6F,C5,D6,01,00,00,00,15,
16580208,00000258,false,Rx,0,8,36,EE,1A,00,10,15,00,28,
16580450,0000019B,false,Rx,0,8,08,26,76,00,00,E4,00,00,
16580687,00000259,false,Rx,0,8,64,05,8E,3C,4C,02,00,00,
16580935,0000019C,false,Rx,0,8,40,20,00,00,00,00,0B,09,
16581167,000002E7,false,Rx,0,8,0A,00,00,00,00,00,00,00,
16581415,0000019D,false,Rx,0,8,00,10,00,01,00,00,00,00,
16581667,000002E8,false,Rx,0,8,00,00,00,00,00,00,00,00,
16581931,0000019E,false,Rx,0,8,15,00,00,00,00,32,00,00,
16582155,000002E9,false,Rx,0,8,00,00,00,00,00,00,00,00,
16582402,00000384,false,Rx,0,8,BA,56,0D,01,00,FF,00,24,
16582638,0000048B,false,Rx,0,8,F7,49,C9,1E,01,00,00,00,
16582867,000001F1,false,Rx,0,8,8E,D6,66,01,00,00,28,00,
16583119,0000048C,false,Rx,0,8,00,00,00,00,00,00,00,00,
16583373,000001F2,false,Rx,0,8,00,00,00,00,00,00,00,00,
16583609,00000226,false,Rx,0,8,5D,F5,29,FF,63,60,09,42,
16583850,00000227,false,Rx,0,8,02,94,00,09,03,F1,9F,03,
16584098,00000516,false,Rx,0,8,61,02,00,00,00,00,FF,FF,
16589130,0000042A,false,Rx,0,8,8E,83,0C,02,00,10,00,00,
16590985,00000396,false,Rx,0,8,D6,21,EB,0F,08,01,00,02,
16591168,00000397,false,Rx,0,8,0C,00,43,10,3F,07,00,00,
16591437,00000398,false,Rx,0,8,00,00,00,00,00,00,00,00,
16597121,00000146,false,Rx,0,8,D2,B6,42,10,04,05,00,00,
16597314,00000147,false,Rx,0,8,01,04,7D,00,40,46,07,00,
16597558,00000148,false,Rx,0,8,00,00,42,00,1E,89,40,05,
16597819,00000061,false,Rx,0,8,E2,7D,00,00,00,00,00,00,
16598050,00000149,false,Rx,0,8,00,38,00,CC,00,00,00,00,
16598299,00000062,false,Rx,0,8,02,02,00,02,40,FF,00,FF,
16598582,00000063,false,Rx,0,8,00,00,05,00,00,08,FD,00,
16598859,00000064,false,Rx,0,8,00,00,00,04,FF,FA,00,00,
16599085,000000A1,false,Rx,0,8,B1,DD,00,59,61,02,8A,00,
16599365,000000A2,false,Rx,0,8,00,00,00,00,00,00,00,00,
16599606,000000A3,false,Rx,0,8,00,40,01,00,00,00,00,00,
16602797,0000036F,false,Rx,0,8,EE,E1,01,00,00,00,00,00,
16602953,000001AB,false,Rx,0,8,03,CD,D1,50,70,88,00,00,
16603336,0000037F,false,Rx,0,8,2A,50,52,24,41,02,00,00,
16603684,000001AC,false,Rx,0,8,00,28,00,00,00,00,00,00,
16606073,000001B1,false,Rx,0,8,44,D2,42,00,72,00,00,00,
16606222,000001B2,false,Rx,0,8,23,00,04,B7,0F,08,50,10,
16606437,000001B3,false,Rx,0,8,10,33,37,00,5A,7B,6A,7D,
16606672,000001B4,false,Rx,0,8,65,7D,10,00,00,41,00,00,
16609354,00000121,false,Rx,0,8,D0,BC,66,00,00,00,00,05,
16609515,00000122,false,Rx,0,8,FF,D9,67,1F,46,47,46,45,
16609776,00000123,false,Rx,0,8,B6,02,00,00,00,00,01,00,
16610025,00000124,false,Rx,0,8,00,00,0A,00,00,00,20,40,
16611022,0000034B,false,Rx,0,8,F5,97,C9,31,D8,0D,05,01,
16611217,0000034C,false,Rx,0,8,00,00,00,00,00,00,00,00,
16611481,0000034D,false,Rx,0,8,00,00,00,00,00,00,00,00,
16611971,0000034E,false,Rx,0,8,00,00,00,00,00,00,00,00,
16612047,000003B0,false,Rx,0,8,72,37,FF,C7,00,00,03,C0,
16615651,000004E8,false,Rx,1,8,FF,FF,FF,05,FF,FF,FF,00,
16616554,0000010B,false,Rx,0,8,43,8E,70,00,00,00,00,05,
16616721,0000010C,false,Rx,0,8,FF,F9,E7,1F,46,4F,48,48,
16616983,0000010D,false,Rx,0,8,B5,02,00,00,00,00,01,00,
16617211,0000010E,false,Rx,0,8,00,00,1E,00,00,C0,AB,57,
16619894,000003B2,false,Rx,0,8,36,15,FF,02,29,2F,34,00,
16622183,0000011B,false,Rx,0,8,C5,A0,2A,05,80,08,28,02,
16622370,0000012B,false,Rx,0,8,23,F0,2A,06,00,00,08,00,
16622613,0000011C,false,Rx,0,8,00,05,20,00,22,00,01,01,
16622859,0000012C,false,Rx,0,8,00,00,01,00,00,64,00,00,
16623129,00000405,false,Rx,0,8,D2,10,00,00,00,01,00,00,
16623500,00000161,false,Rx,0,8,D2,DC,15,03,00,00,00,02,
16623810,00000410,false,Rx,0,8,6A,60,57,3C,DE,6A,FF,FF,
16623976,00000162,false,Rx,0,8,FF,FC,01,00,00,00,00,00,
16624047,00000411,false,Rx,0,8,04,D1,50,51,00,00,44,04,
16624384,00000413,false,Rx,0,8,08,60,00,00,00,00,00,00,
16624611,00000412,false,Rx,0,8,CC,E0,00,00,00,00,00,00,
16624829,00000414,false,Rx,0,8,41,70,00,00,28,00,00,00,
16625131,00000416,false,Rx,0,8,55,00,00,00,00,00,00,00,
16625436,00000417,false,Rx,0,8,20,E0,00,00,00,00,00,00,
16625652,000000C5,false,Rx,1,8,00,00,00,00,00,00,00,00,
16625738,00000418,false,Rx,0,8,07,C0,00,00,14,0C,00,00,
16625870,00000419,false,Rx,0,8,62,00,26,D5,2D,87,90,00,
16626035,00000244,false,Rx,1,8,FF,FF,FF,FF,FF,FF,FF,FF,
16626467,000004B4,false,Rx,1,8,00,00,05,40,10,70,04,00,
16626957,000004B5,false,Rx,1,8,08,00,F0,07,00,00,00,00,
16627090,000001E6,false,Rx,0,8,C8,32,AF,02,00,00,00,00,
16627421,000004B7,false,Rx,1,8,08,00,F0,07,00,00,00,00,
16627547,000001E7,false,Rx,0,8,00,00,22,03,20,01,00,00,
16627881,000004CA,false,Rx,1,8,00,00,00,00,00,00,00,00,
16628037,000001BB,false,Rx,0,8,A0,18,AF,02,00,00,00,0A,
16628381,000004CC,false,Rx,1,8,08,00,00,06,00,00,03,00,
16628625,00000036,false,Rx,0,8,72,B6,85,51,00,00,25,05,
16628781,000001BC,false,Rx,0,8,32,00,00,00,02,00,00,00,
16628855,000004CE,false,Rx,1,8,DE,01,00,00,00,00,F8,FF,
16629113,00000037,false,Rx,0,8,30,00,00,10,00,40,00,00,
16629266,000001BD,false,Rx,0,8,00,00,00,00,00,00,00,00,
16629353,000004D7,false,Rx,1,8,23,01,00,00,00,00,00,00,
16629497,00000038,false,Rx,0,8,04,00,00,00,60,39,96,D4,
16629807,000004D8,false,Rx,1,8,41,10,F0,F0,40,F2,1E,CC,
16630244,00000039,false,Rx,0,8,00,00,00,00,00,00,00,00,
16630347,000003A1,false,Rx,0,8,8D,4B,D3,00,FF,FF,FF,FF,
16630426,000004DD,false,Rx,1,8,00,00,FE,00,04,00,00,00,
16630472,0000019B,false,Rx,0,8,05,E0,7B,00,00,E4,00,00,
16630751,00000380,false,Rx,0,8,96,92,03,08,08,08,08,01,
16630841,000004DF,false,Rx,1,8,00,00,08,00,00,00,00,00,
16630960,0000019C,false,Rx,0,8,40,20,00,00,00,00,0B,09,
16631208,000003A2,false,Rx,0,8,00,00,00,00,00,00,00,00,
16631322,000004E7,false,Rx,1,8,00,30,00,00,00,00,69,00,
16631450,0000019D,false,Rx,0,8,00,10,00,01,00,00,00,00,
16631685,00000427,false,Rx,0,8,1D,86,FF,00,80,0A,00,00,
16631772,000004E9,false,Rx,1,8,12,00,00,34,00,00,50,00,
16631948,0000019E,false,Rx,0,8,15,00,00,00,00,32,00,00,
16632156,000001A1,false,Rx,0,8,52,D5,15,FE,F7,7F,64,00,
16632247,000004EA,false,Rx,1,8,67,00,00,89,00,00,00,00,
16632654,000001A2,false,Rx,0,8,44,00,00,00,27,08,00,00,
16632741,000004EB,false,Rx,1,8,02,80,16,1A,80,00,00,00,
16633482,000001A3,false,Rx,0,8,FF,F3,3F,00,00,00,00,00,
16633676,000004EC,false,Rx,1,8,00,00,00,00,00,00,00,00,
16633732,000001A4,false,Rx,0,8,FE,07,00,00,00,00,00,00,
16633820,000004ED,false,Rx,1,8,00,00,00,00,00,FF,FF,1F,
16634412,000004EE,false,Rx,1,8,FF,FF,00,00,00,00,00,00,
16634694,000004EF,false,Rx,1,8,60,00,60,00,2B,14,00,00,
16635170,0000063D,false,Rx,1,8,00,80,00,00,00,00,00,00,
16635649,0000063E,false,Rx,1,8,FF,FF,FF,FF,FF,FF,FF,FF,
16636136,0000063F,false,Rx,1,8,00,10,00,C4,FF,00,00,00,
16636793,00000640,false,Rx,1,8,FF,FF,FF,00,FF,FF,FF,00,
16637185,00000641,false,Rx,1,8,FF,FF,FF,FF,0F,FF,FF,FF,
16637607,00000646,false,Rx,1,8,00,00,00,80,01,00,00,00,
16644856,000000FF,false,Rx,0,8,CB,10,00,00,00,00,02,00,
16645466,00000394,false,Rx,0,8,2A,22,1A,49,00,00,00,00,
16645686,000003C3,false,Rx,0,8,45,10,31,30,36,00,00,00,
16645995,000003E0,false,Rx,0,8,01,70,01,00,54,03,00,00,
16646834,000003E5,false,Rx,0,8,8E,90,01,00,00,00,00,00,
16646966,000003E6,false,Rx,0,8,7F,00,00,00,00,00,00,00,
16647211,0000041A,false,Rx,0,8,95,40,12,00,00,00,00,00,
16647583,0000041B,false,Rx,0,8,60,30,00,00,00,00,00,00,
16647740,00000061,false,Rx,0,8,9D,51,05,00,00,00,00,00,
16647980,0000041C,false,Rx,0,8,E9,80,E0,00,00,00,00,00,
16648401,00000062,false,Rx,0,8,02,02,00,02,40,FF,00,FF,
16648585,00000422,false,Rx,0,8,EA,C0,01,00,00,00,04,00,
16648696,00000063,false,Rx,0,8,00,00,05,00,00,08,FD,00,
16648952,00000432,false,Rx,0,8,03,20,02,00,00,00,00,00,
16649361,00000064,false,Rx,0,8,00,00,00,04,FF,FA,00,00,
16649428,000000A1,false,Rx,0,8,BE,36,05,59,61,02,8A,00,
16649728,000000A2,false,Rx,0,8,00,00,00,00,00,00,00,00,
16649964,000000A3,false,Rx,0,8,00,40,01,00,00,00,00,00,
16650229,00000435,false,Rx,0,8,9F,D0,00,40,00,00,00,00,
16650587,00000442,false,Rx,0,8,CE,20,11,81,00,00,00,00,
16651090,00000444,false,Rx,0,8,6C,30,20,50,55,50,00,00,
16651386,00000445,false,Rx,0,8,08,60,00,00,00,00,00,18,
16651810,00000464,false,Rx,0,8,B2,70,F0,FF,38,7F,05,00,
16655699,000004E8,false,Rx,1,8,FF,FF,FF,05,FF,FF,FF,00,
16659494,00000121,false,Rx,0,8,DD,7A,6B,00,00,00,00,05,
16659618,00000122,false,Rx,0,8,FF,D9,67,1F,46,47,46,45,
16659893,00000123,false,Rx,0,8,B6,02,00,00,00,00,01,00,
16660118,00000124,false,Rx,0,8,00,00,0A,00,00,00,20,40,
16666588,0000010B,false,Rx,0,8,3C,A2,75,00,00,00,00,05,
16666754,0000010C,false,Rx,0,8,FF,F9,E7,1F,46,4F,48,48,
16667005,0000010D,false,Rx,0,8,B5,02,00,00,00,00,01,00,
16667386,0000010E,false,Rx,0,8,00,00,1E,00,00,C0,AB,57,
16672362,0000011B,false,Rx,0,8,33,88,2F,05,80,08,28,02,
16672521,0000012B,false,Rx,0,8,D5,D8,2F,06,00,00,08,00,
16672772,0000011C,false,Rx,0,8,00,05,20,00,22,00,01,01,
16673194,0000012C,false,Rx,0,8,00,00,01,00,00,64,00,00,
16673295,00000091,false,Rx,0,8,7F,7D,DB,27,06,00,00,00,
16673545,000001E1,false,Rx,0,8,7F,EF,A3,02,00,00,00,00,
16673831,00000092,false,Rx,0,8,24,00,00,00,40,02,00,00,
16673995,000001E2,false,Rx,0,8,00,00,00,00,00,00,00,00,
16674263,00000093,false,Rx,0,8,00,00,00,00,00,00,00,00,
16674542,00000094,false,Rx,0,8,00,00,00,00,00,00,00,00,
16678715,00000036,false,Rx,0,8,F3,C2,8A,51,00,00,25,05,
16678880,00000401,false,Rx,0,8,C6,10,10,00,00,04,00,00,
16679133,00000037,false,Rx,0,8,30,00,00,10,00,40,00,00,
16679436,000003AA,false,Rx,0,8,FF,00,D0,00,54,00,00,00,
16679664,00000038,false,Rx,0,8,04,00,00,00,60,39,96,D4,
16679925,00000039,false,Rx,0,8,00,00,00,00,00,00,00,00,
16680262,000003B6,false,Rx,0,8,A8,58,EB,00,00,00,00,46,
16680491,0000019B,false,Rx,0,8,4A,D9,80,00,00,E4,00,00,
16680790,000003B7,false,Rx,0,8,46,00,00,00,00,00,00,00,
16680930,0000019C,false,Rx,0,8,40,20,00,00,00,00,0B,09,
16681167,000003B8,false,Rx,0,8,B2,02,00,00,00,00,69,0E,
16681454,0000019D,false,Rx,0,8,00,10,00,01,00,00,00,00,
16681662,000002D6,false,Rx,0,8,19,31,EB,00,00,00,00,00,
16681920,0000019E,false,Rx,0,8,15,00,00,00,00,32,00,00,
16682201,000002D7,false,Rx,0,8,00,00,00,00,03,00,00,00,
16682470,000002EB,false,Rx,0,8,87,B8,EB,07,08,01,00,02,
16682630,000002D8,false,Rx,0,8,00,00,00,00,00,00,38,47,
16682863,000002EC,false,Rx,0,8,02,00,CF,00,59,00,00,00,
16683159,000002D9,false,Rx,0,8,00,00,00,00,00,00,00,00,
16683384,000002ED,false,Rx,0,8,00,00,00,00,00,00,00,00,
16683815,000003B9,false,Rx,0,8,00,00,00,00,00,00,00,00,
16683943,000002EE,false,Rx,0,8,00,00,00,00,00,00,00,00,
16684109,00000495,false,Rx,0,8,49,00,00,00,00,00,00,00,
16684354,000002FF,false,Rx,0,8,D4,CB,00,71,02,00,00,00,
16684603,00000472,false,Rx,0,8,5C,EC,00,40,08,41,00,45,
16684971,00000316,false,Rx,0,8,62,68,95,34,06,80,0A,00,
16685162,00000473,false,Rx,0,8,5F,24,00,25,00,00,00,78,
16685343,00000317,false,Rx,0,8,00,00,05,00,00,00,00,00,
16685701,00000474,false,Rx,0,8,91,72,00,00,00,00,00,08,
16685984,00000561,false,Rx,0,8,63,02,00,00,00,00,FF,FF,
16689328,000003B1,false,Rx,0,8,C1,DE,00,80,00,00,20,00,
16689415,00000251,false,Rx,0,8,1E,2F,D8,00,00,00,00,00,
16689733,00000252,false,Rx,0,8,00,00,1B,1B,03,00,00,00,
16690101,000002AB,false,Rx,0,8,B8,6E,DB,0C,0C,00,00,00,
16690185,00000253,false,Rx,0,8,00,00,00,58,58,00,80,4D,
16690506,000002AC,false,Rx,0,8,00,FF,FF,00,00,40,00,54,
16690887,000002AD,false,Rx,0,8,00,01,00,40,FF,FF,FF,0F,
16691116,000002AE,false,Rx,0,8,01,00,FF,3F,01,01,00,00,
16691198,000002B6,false,Rx,0,8,02,48,DB,01,00,00,00,40,
16691447,000002B7,false,Rx,0,8,9F,00,50,1C,00,04,00,00,
16691677,000002B8,false,Rx,0,8,FF,F8,10,00,00,00,00,00,
16691932,000002B9,false,Rx,0,8,0A,00,00,00,00,00,00,00,
16692179,000002C1,false,Rx,0,8,10,C7,EE,21,00,41,00,D4,
16692427,000002C2,false,Rx,0,8,2D,00,00,00,00,00,00,00,
16692697,000002C3,false,Rx,0,8,00,00,00,00,00,00,00,00,
16692973,000002C4,false,Rx,0,8,00,00,00,00,00,00,00,00,
16693214,000002E1,false,Rx,0,8,84,03,DB,00,00,00,00,40,
16693462,0000033B,false,Rx,0,8,E0,04,DA,00,00,00,00,00,
16693711,000002E2,false,Rx,0,8,FD,00,00,00,00,14,00,04,
16693968,0000033C,false,Rx,0,8,00,00,00,00,F0,00,00,00,
16694214,000002E3,false,Rx,0,8,00,00,00,00,00,00,72,01,
16694458,0000033D,false,Rx,0,8,00,00,00,00,00,00,00,00,
16694705,000002E4,false,Rx,0,8,02,00,00,00,00,00,00,00,
16694970,0000033E,false,Rx,0,8,00,00,00,00,00,00,00,00,
16695206,00000356,false,Rx,0,8,D3,1F,ED,00,00,00,00,00,
16695443,00000357,false,Rx,0,8,00,00,00,00,00,4B,4D,48,
16695703,00000358,false,Rx,0,8,35,41,45,4D,52,37,33,4F,
16695946,00000359,false,Rx,0,8,51,4F,34,52,4A,35,33,00,
16696766,000004E8,false,Rx,1,8,FF,FF,FF,05,FF,FF,FF,00,
16697333,00000146,false,Rx,0,8,AD,9A,47,10,04,05,00,00,
16697592,00000147,false,Rx,0,8,01,04,7D,00,40,46,07,00,
16697850,00000061,false,Rx,0,8,1C,25,0A,00,00,00,00,00,
16698111,00000148,false,Rx,0,8,00,00,42,00,1E,89,40,05,
16698330,00000062,false,Rx,0,8,02,02,00,02,40,FF,00,FF,
16698533,00000149,false,Rx,0,8,00,38,00,CC,00,00,00,00,
16698786,00000063,false,Rx,0,8,00,00,05,00,00,08,FD,00,
16699050,00000064,false,Rx,0,8,00,00,00,04,FF,FA,00,00,
16699311,000000A1,false,Rx,0,8,8E,1B,0A,59,61,02,8A,00,
16699582,000000A2,false,Rx,0,8,00,00,00,00,00,00,00,00,
16699844,000000A3,false,Rx,0,8,00,40,01,00,00,00,00,00,
16702584,00000111,false,Rx,0,8,5D,C7,1B,01,00,00,00,00,
16702770,00000112,false,Rx,0,8,00,00,00,00,00,00,00,00,
16703023,0000036F,false,Rx,0,8,FE,01,01,00,00,00,00,00,
16703279,00000113,false,Rx,0,8,00,00,00,00,00,00,00,00,
16703494,000001AB,false,Rx,0,8,9C,A5,D6,50,70,88,00,00,
16703753,00000114,false,Rx,0,8,00,00,00,00,00,00,00,00,
16704018,000001AC,false,Rx,0,8,00,28,00,00,00,00,00,00,
16704239,0000037F,false,Rx,0,8,FC,60,52,24,41,02,00,00,
16706025,000001B1,false,Rx,0,8,3B,FE,47,00,72,00,00,00,
16706180,000001B2,false,Rx,0,8,23,00,04,B7,0F,08,50,10,
16706437,000001B3,false,Rx,0,8,10,33,37,00,5A,7B,6A,7D,
16706697,000001B4,false,Rx,0,8,65,7D,10,00,00,41,00,00,
16709385,00000121,false,Rx,0,8,56,79,70,00,00,00,00,05,
16709553,00000122,false,Rx,0,8,FF,D9,67,1F,46,48,46,45,
16709814,00000123,false,Rx,0,8,B6,02,00,00,00,00,01,00,
16710076,00000124,false,Rx,0,8,00,00,0A,00,00,00,20,40,
16716487,00000487,false,Rx,1,8,00,00,00,00,00,00,00,00,
16716781,0000010B,false,Rx,0,8,BD,D6,7A,00,00,00,00,05,
16716874,0000010C,false,Rx,0,8,FF,F9,E7,1F,46,4F,48,48,
16716936,00000642,false,Rx,1,8,FF,FF,FF,FF,FF,FF,00,00,
16717230,0000010D,false,Rx,0,8,B5,02,00,00,00,00,01,00,
16717694,0000010E,false,Rx,0,8,00,00,1E,00,00,C0,AB,57,
16722143,00000161,false,Rx,0,8,C8,A5,1A,03,00,00,00,02,
16722275,0000011B,false,Rx,0,8,F1,52,34,05,80,08,28,02,
16722520,00000162,false,Rx,0,8,FF,FC,01,00,00,00,00,00,
16722805,0000011C,false,Rx,0,8,00,05,20,00,22,00,01,01,
16723019,0000012B,false,Rx,0,8,17,02,34,06,00,00,08,00,
16723264,0000012C,false,Rx,0,8,00,00,01,00,00,64,00,00,
16724362,0000030B,false,Rx,0,8,F2,0A,DA,00,04,00,00,00,
16724565,0000030C,false,Rx,0,8,00,00,0E,00,2C,00,A0,0F,
16724826,0000030D,false,Rx,0,8,00,00,00,00,43,00,00,00,
16725074,0000030E,false,Rx,0,8,00,00,18,05,21,00,00,1A,
16728695,00000036,false,Rx,0,8,8C,EE,8F,51,00,00,25,05,
16728892,00000037,false,Rx,0,8,30,00,00,10,00,40,00,00,
16729208,00000038,false,Rx,0,8,04,00,00,00,60,39,96,D4,
16729485,00000039,false,Rx,0,8,00,00,00,00,00,00,00,00,
16730460,0000019B,false,Rx,0,8,35,F5,85,00,00,E4,00,00,
16730643,0000019C,false,Rx,0,8,40,20,00,00,00,00,0B,09,
16730909,00000475,false,Rx,0,8,12,00,00,00,00,00,00,00,
16731144,0000019D,false,Rx,0,8,00,10,00,01,00,00,00,00,
16731389,00000496,false,Rx,0,8,12,00,00,00,00,00,00,00,
16731633,0000019E,false,Rx,0,8,15,00,00,00,00,32,00,00,
16732167,000001A1,false,Rx,0,8,D3,A1,1A,FE,F7,7F,64,00,
16732408,000001A2,false,Rx,0,8,44,00,00,00,27,08,00,00,
16732666,000001A3,false,Rx,0,8,FF,F3,3F,00,00,00,00,00,
16732919,000001A4,false,Rx,0,8,FE,07,00,00,00,00,00,00,
16733180,00000383,false,Rx,0,8,5A,53,00,10,01,00,00,00,
16733390,000001F1,false,Rx,0,8,94,AF,69,01,00,00,28,00,
16733659,000001F2,false,Rx,0,8,00,00,00,00,00,00,00,00,
16740753,00000448,false,Rx,0,8,DE,80,00,00,00,00,00,00,
16743172,000001FB,false,Rx,0,8,38,30,D2,00,00,00,00,00,
16743304,000001FC,false,Rx,0,8,00,00,00,00,00,00,00,00,
16743629,000001FD,false,Rx,0,8,00,1A,03,00,00,00,00,00,
16743847,000001FE,false,Rx,0,8,00,00,00,00,00,00,00,00,
16747733,00000061,false,Rx,0,8,63,09,0F,00,00,00,00,00,
16747913,00000062,false,Rx,0,8,02,02,00,02,40,FF,00,FF,
16748184,00000063,false,Rx,0,8,00,00,05,00,00,08,FD,00,
16748427,00000064,false,Rx,0,8,00,00,00,04,FF,FA,00,00,
16748657,000000A1,false,Rx,0,8,81,F0,0F,59,61,02,8A,00,
16748942,000000A2,false,Rx,0,8,00,00,00,00,00,00,00,00,
16749192,000000A3,false,Rx,0,8,00,40,01,00,00,00,00,00,
16749441,00000382,false,Rx,0,8,2B,FE,21,00,00,05,09,00,
16756501,000004A3,false,Rx,1,8,80,00,48,0B,3E,00,00,00,
16756648,000002BF,false,Rx,0,8,FF,FF,FF,00,00,00,00,00,
16756795,000004A4,false,Rx,1,8,FF,FF,FF,00,00,00,00,00,
16757140,0000047F,false,Rx,0,8,F0,FC,FF,FF,FF,FF,FF,FF,
16757603,00000653,false,Rx,0,8,0A,19,03,01,02,2A,00,00,
16758403,00000151,false,Rx,0,8,5B,DC,D9,64,C8,00,28,18,
16758579,00000152,false,Rx,0,8,14,17,17,00,51,00,00,00,
16758844,00000153,false,Rx,0,8,00,00,00,00,00,00,00,00,
16759118,00000154,false,Rx,0,8,00,00,00,00,00,00,00,00,
16759400,00000121,false,Rx,0,8,DF,93,75,00,00,00,00,05,
16759651,000001F6,false,Rx,0,8,10,00,D9,00,00,00,00,0E,
16759875,00000122,false,Rx,0,8,FF,D9,67,1F,46,47,46,45,
16760142,000001F7,false,Rx,0,8,26,00,DA,02,00,00,00,00,
16760364,00000123,false,Rx,0,8,B6,02,00,00,00,00,01,00,
16760599,000001F8,false,Rx,0,8,00,5E,01,45,01,00,00,00,
16760842,00000124,false,Rx,0,8,00,00,0A,00,00,00,20,40,
16761108,000001F9,false,Rx,0,8,4B,00,64,C8,14,00,4B,00,
16761326,000002FB,false,Rx,0,8,17,0A,D9,04,72,1A,B4,B4,
16761543,00000236,false,Rx,0,8,1D,2B,D9,00,34,6C,AE,62,
16761802,000002FC,false,Rx,0,8,0F,00,14,18,00,00,8E,43,
16762026,00000237,false,Rx,0,8,00,15,47,00,00,1E,1B,00,
16762278,000002FD,false,Rx,0,8,00,00,00,00,00,1C,13,EA,
16762518,00000238,false,Rx,0,8,00,00,72,00,00,00,00,00,
16762799,000002FE,false,Rx,0,8,00,00,72,01,00,28,C8,02,
16763011,00000239,false,Rx,0,8,00,00,00,00,01,00,00,00,
16763249,00000326,false,Rx,0,8,69,77,D9,00,00,00,00,00,
16763479,0000025B,false,Rx,0,8,E0,2C,D9,40,40,20,00,00,
16763736,00000327,false,Rx,0,8,00,00,00,00,05,00,00,00,
16763978,0000025C,false,Rx,0,8,00,00,26,00,B4,2C,19,00,
16764213,00000328,false,Rx,0,8,DA,02,4B,00,00,5E,01,00,
16764513,0000025D,false,Rx,0,8,00,C8,00,00,00,80,C0,70,
16764743,00000329,false,Rx,0,8,64,45,01,00,00,00,00,00,
16764952,0000025E,false,Rx,0,8,1A,07,0E,03,00,00,46,00,
16765191,00000331,false,Rx,0,8,4A,D2,D9,F1,C8,A0,2C,97,
16765452,00000332,false,Rx,0,8,E8,08,FC,03,00,00,00,00,
16765691,00000333,false,Rx,0,8,00,00,00,1C,0C,40,20,64,
16765977,00000334,false,Rx,0,8,C8,00,00,00,08,44,F4,8F,
16766498,0000010B,false,Rx,0,8,C2,FA,7F,00,00,00,00,05,
16766756,0000010C,false,Rx,0,8,FF,F9,E7,1F,46,4F,48,48,
16766976,0000010D,false,Rx,0,8,B5,02,00,00,00,00,01,00,
16767209,0000010E,false,Rx,0,8,00,00,1E,00,00,C0,AB,57,
16771333,00000563,false,Rx,1,8,65,02,00,00,00,00,FF,FF,
16772357,0000011B,false,Rx,0,8,82,6B,39,05,80,08,28,02,
16772536,0000012B,false,Rx,0,8,64,3B,39,06,00,00,08,00,
16772774,0000011C,false,Rx,0,8,00,05,20,00,22,00,01,01,
16773016,0000012C,false,Rx,0,8,00,00,01,00,00,64,00,00,
16773255,00000091,false,Rx,0,8,8C,E3,DC,27,06,00,00,00,
16773502,00000092,false,Rx,0,8,24,00,00,00,40,02,00,00,
16773765,00000093,false,Rx,0,8,00,00,00,00,00,00,00,00,
16774016,00000094,false,Rx,0,8,00,00,00,00,00,00,00,00,
16777229,000001E6,false,Rx,0,8,B1,28,B2,02,00,00,00,00,
16777427,000001BB,false,Rx,0,8,C5,1B,B2,02,00,00,00,0A,
16777700,000001BC,false,Rx,0,8,32,00,00,00,02,00,00,00,
16777961,000001BD,false,Rx,0,8,00,00,00,00,00,00,00,00,
16778210,000001E7,false,Rx,0,8,00,00,22,03,20,01,00,00,
16778644,00000036,false,Rx,0,8,F1,2B,94,51,00,00,25,05,
16778887,00000037,false,Rx,0,8,30,00,00,10,00,40,00,00,
16779128,00000038,false,Rx,0,8,04,00,00,00,60,39,96,D4,
16779420,00000039,false,Rx,0,8,00,00,00,00,00,00,00,00,
16779669,00000256,false,Rx,0,8,4E,40,D8,15,40,00,F0,00,
16779897,000002E6,false,Rx,0,8,A8,E8,D8,01,00,00,00,15,
16780122,00000257,false,Rx,0,8,00,94,41,18,85,07,00,94,
16780381,000002E7,false,Rx,0,8,0A,00,00,00,00,00,00,00,
16780638,0000019B,false,Rx,0,8,B4,81,8A,00,00,E4,00,00,
16780870,00000258,false,Rx,0,8,36,EE,1A,00,10,15,00,28,
16781105,0000019C,false,Rx,0,8,40,20,00,00,00,00,0B,09,
16781335,00000259,false,Rx,0,8,5F,05,8D,3C,4C,02,00,00,
16781582,0000019D,false,Rx,0,8,00,10,00,01,00,00,00,00,
16781836,000002E8,false,Rx,0,8,00,00,00,00,00,00,00,00,
16782068,0000019E,false,Rx,0,8,15,00,00,00,00,32,00,00,
16782327,000002E9,false,Rx,0,8,00,00,00,00,00,00,00,00,
16782588,00000384,false,Rx,0,8,BA,56,0D,01,00,FF,00,24,
16783516,00000226,false,Rx,0,8,34,B5,2B,FF,63,60,09,42,
16783800,00000227,false,Rx,0,8,02,94,00,09,03,F1,9F,03,
16789246,0000042A,false,Rx,0,8,8E,83,0C,02,00,10,00,00,
16791062,00000396,false,Rx,0,8,A1,A2,EC,0F,08,01,00,02,
16791257,00000397,false,Rx,0,8,35,00,43,10,3F,07,00,00,
16791516,00000398,false,Rx,0,8,00,00,00,00,00,00,00,00,
16797137,00000146,false,Rx,0,8,15,9B,4C,10,04,05,00,00,
16797329,00000147,false,Rx,0,8,01,04,7D,00,40,46,07,00,
16797584,00000148,false,Rx,0,8,00,00,42,00,1E,89,40,05,
16797830,00000061,false,Rx,0,8,1E,CC,14,00,00,00,00,00,
16798066,00000149,false,Rx,0,8,00,38,00,CC,00,00,00,00,
16798327,00000062,false,Rx,0,8,02,02,00,02,40,FF,00,FF,
16798571,00000063,false,Rx,0,8,00,00,05,00,00,08,FD,00,
16798832,00000064,false,Rx,0,8,00,00,00,04,FF,FA,00,00,
16799086,000000A1,false,Rx,0,8,EE,41,14,59,61,02,8A,00,
16799370,000000A2,false,Rx,0,8,00,00,00,00,00,00,00,00,
16799620,000000A3,false,Rx,0,8,00,40,01,00,00,00,00,00,
16802777,0000036F,false,Rx,0,8,47,11,01,00,00,00,00,00,
16802973,0000037F,false,Rx,0,8,45,70,52,24,41,02,00,00,
16803199,000001AB,false,Rx,0,8,EF,9C,DB,50,70,88,00,00,
16803639,000001AC,false,Rx,0,8,00,28,00,00,00,00,00,00,
16806006,000001B1,false,Rx,0,8,75,2A,4C,00,72,00,00,00,
16806173,000001B2,false,Rx,0,8,23,00,04,B7,0F,09,50,10,
16806439,000001B3,false,Rx,0,8,10,33,37,00,5A,7B,6A,7D,
16806731,000001B4,false,Rx,0,8,65,7D,10,00,00,41,00,00,
16809351,00000121,false,Rx,0,8,5E,E7,7A,00,00,00,00,05,
16809517,00000122,false,Rx,0,8,FF,D9,67,1F,46,47,46,45,
16809786,00000123,false,Rx,0,8,B6,02,00,00,00,00,01,00,
16810027,00000124,false,Rx,0,8,00,00,0A,00,00,00,20,40,
16811886,000003B0,false,Rx,0,8,72,37,FF,C7,00,00,03,C0,
16816545,0000010B,false,Rx,0,8,8D,C3,84,00,00,00,00,05,
16816712,0000010C,false,Rx,0,8,FF,F9,E7,1F,46,4F,48,48,
16817021,0000010D,false,Rx,0,8,B5,02,00,00,00,00,01,00,
16817333,0000010E,false,Rx,0,8,00,00,1E,00,00,C0,AB,57,
16819946,000003B2,false,Rx,0,8,36,15,FF,02,29,2F,34,00,
16822189,0000011B,false,Rx,0,8,1D,03,3E,05,80,08,28,02,
16822367,0000012B,false,Rx,0,8,FB,53,3E,06,00,00,08,00,
16822612,0000011C,false,Rx,0,8,00,05,20,00,22,00,01,01,
16822860,0000012C,false,Rx,0,8,00,00,01,00,00,64,00,00,
16823098,000001E1,false,Rx,0,8,89,C7,A6,02,00,00,00,00,
16823342,00000161,false,Rx,0,8,3E,8D,1F,03,00,00,00,02,
16823613,000001E2,false,Rx,0,8,00,00,00,00,00,00,00,00,
16823840,00000162,false,Rx,0,8,FF,FC,01,00,00,00,00,00,
16824078,00000405,false,Rx,0,8,D2,10,00,00,00,01,00,00,
16824332,00000413,false,Rx,0,8,08,60,00,00,00,00,00,00,
16824748,00000410,false,Rx,0,8,6A,60,57,3C,DE,6A,FF,FF,
16824811,00000414,false,Rx,0,8,41,70,00,00,28,00,00,00,
16825090,00000411,false,Rx,0,8,04,D1,50,51,00,00,44,04,
16825315,00000416,false,Rx,0,8,55,00,00,00,00,00,00,00,
16825573,00000412,false,Rx,0,8,CC,E0,00,00,00,00,00,00,
16825793,00000417,false,Rx,0,8,20,E0,00,00,00,00,00,00,
16826043,0000048F,false,Rx,0,8,AD,10,41,00,05,00,00,00,
16826284,00000418,false,Rx,0,8,07,C0,00,00,14,0C,00,00,
16826593,00000419,false,Rx,0,8,62,00,26,D5,2D,87,90,00,
16827715,000000C5,false,Rx,1,8,00,00,00,00,00,00,00,00,
16828198,00000244,false,Rx,1,8,FF,FF,FF,FF,FF,FF,FF,FF,
16828693,000004B4,false,Rx,1,8,00,00,05,40,10,70,04,00,
16828770,00000036,false,Rx,0,8,FC,ED,99,51,00,00,25,05,
16829052,00000380,false,Rx,0,8,96,92,03,08,08,08,08,01,
16829134,000004B5,false,Rx,1,8,08,00,F0,07,00,00,00,00,
16829311,00000037,false,Rx,0,8,30,00,00,10,00,40,00,00,
16829716,000004B7,false,Rx,1,8,08,00,F0,07,00,00,00,00,
16829781,00000038,false,Rx,0,8,04,00,00,00,60,39,96,D4,
16830051,000003A1,false,Rx,0,8,12,23,D4,00,FF,FF,FF,FF,
16830132,000004CA,false,Rx,1,8,00,00,00,00,00,00,00,00,
16830263,00000039,false,Rx,0,8,00,00,00,00,00,00,00,00,
16830437,0000019B,false,Rx,0,8,CB,AD,8F,00,00,E4,00,00,
16830601,000004CC,false,Rx,1,8,08,00,00,06,00,00,03,00,
16830697,000003A2,false,Rx,0,8,00,00,00,00,00,00,00,00,
16830984,0000019C,false,Rx,0,8,40,20,00,00,00,00,0B,09,
16831074,000004CE,false,Rx,1,8,DE,01,00,00,00,00,F8,FF,
16831244,00000427,false,Rx,0,8,1D,86,FF,00,80,0A,00,00,
16831405,0000019D,false,Rx,0,8,00,10,00,01,00,00,00,00,
16831566,000004D7,false,Rx,1,8,23,01,00,00,00,00,00,00,
16831923,0000019E,false,Rx,0,8,15,00,00,00,00,32,00,00,
16831996,000004D8,false,Rx,1,8,41,10,F0,F0,40,F2,1E,CC,
16832401,000001A1,false,Rx,0,8,AC,8D,1F,FE,F7,7F,64,00,
16832550,000004DD,false,Rx,1,8,00,00,FE,00,04,00,00,00,
16832936,000001A2,false,Rx,0,8,44,00,00,00,27,08,00,00,
16833015,000004DF,false,Rx,1,8,00,00,08,00,00,00,00,00,
16833385,000001A3,false,Rx,0,8,FF,F3,3F,00,00,00,00,00,
16833504,000004E7,false,Rx,1,8,00,30,00,00,00,00,69,00,
16833891,000001A4,false,Rx,0,8,FE,07,00,00,00,00,00,00,
16833994,000004E8,false,Rx,1,8,FF,FF,FF,05,FF,FF,FF,00,
16834479,000004E9,false,Rx,1,8,12,00,00,34,00,00,50,00,
16834955,000004EA,false,Rx,1,8,67,00,00,89,00,00,00,00,
16835437,000004EB,false,Rx,1,8,02,80,16,1A,80,00,00,00,
16835919,000004EC,false,Rx,1,8,00,00,00,00,00,00,00,00,
16836405,000004ED,false,Rx,1,8,00,00,00,00,00,FF,FF,1F,
16836895,000004EE,false,Rx,1,8,FF,FF,00,00,00,00,00,00,
16837390,000004EF,false,Rx,1,8,60,00,60,00,2B,14,00,00,
16837670,000004F0,false,Rx,1,8,4A,10,16,1A,5C,1A,0B,02,
16837952,000004F1,false,Rx,1,8,00,C0,00,00,00,00,00,00,
16838171,000004F2,false,Rx,1,8,02,FF,DD,FF,03,01,00,00,
16838467,000004F3,false,Rx,1,8,00,00,00,00,30,00,00,00,
16838761,000004F9,false,Rx,1,8,E0,FF,FF,FF,FF,FF,FF,FF,
16838997,0000063D,false,Rx,1,8,00,80,00,00,00,00,00,00,
16839298,0000063E,false,Rx,1,8,FF,FF,FF,FF,FF,FF,FF,FF,
16839564,0000063F,false,Rx,1,8,00,10,00,C4,FF,00,00,00,
16839823,00000640,false,Rx,1,8,FF,FF,FF,00,FF,FF,FF,00,
16840117,00000641,false,Rx,1,8,FF,FF,FF,FF,0F,FF,FF,FF,
16840344,00000646,false,Rx,1,8,00,00,00,80,01,00,00,00,
16844671,000000FF,false,Rx,0,8,CB,10,00,00,00,00,02,00,
16845394,00000394,false,Rx,0,8,2A,22,1A,49,00,00,00,00,
16845563,000003C3,false,Rx,0,8,45,10,31,30,36,00,00,00,
16845836,000003E0,false,Rx,0,8,01,70,01,00,54,03,00,00,
16846597,000003E5,false,Rx,0,8,8E,90,01,00,00,00,00,00,
16846917,000003E6,false,Rx,0,8,7F,00,00,00,00,00,00,00,
16847046,0000041A,false,Rx,0,8,95,40,12,00,00,00,00,00,
16847327,0000041B,false,Rx,0,8,60,30,00,00,00,00,00,00,
16847591,0000041C,false,Rx,0,8,E9,80,E0,00,00,00,00,00,
16847853,00000061,false,Rx,0,8,13,0A,19,00,00,00,00,00,
16848078,00000422,false,Rx,0,8,EA,C0,01,00,00,00,04,00,
16848350,00000062,false,Rx,0,8,02,02,00,02,40,FF,00,FF,
16848582,00000063,false,Rx,0,8,00,00,05,00,00,08,FD,00,
16848838,00000432,false,Rx,0,8,03,20,02,00,00,00,00,00,
16849077,00000064,false,Rx,0,8,00,00,00,04,FF,FA,00,00,
16849340,000000A1,false,Rx,0,8,D8,02,19,59,61,02,8A,00,
16849574,000000A2,false,Rx,0,8,00,00,00,00,00,00,00,00,
16849827,000000A3,false,Rx,0,8,00,40,01,00,00,00,00,00,
16850067,00000435,false,Rx,0,8,9F,D0,00,40,00,00,00,00,
16850432,00000442,false,Rx,0,8,CE,20,11,81,00,00,00,00,
16850944,00000444,false,Rx,0,8,6C,30,20,50,55,50,00,00,
16851197,00000415,false,Rx,0,8,40,13,10,00,08,01,00,00,
16851467,00000445,false,Rx,0,8,08,60,00,00,00,00,00,18,
16851876,00000464,false,Rx,0,8,B2,70,F0,FF,38,7F,05,00,
16859412,00000121,false,Rx,0,8,21,CB,7F,00,00,00,00,05,
16859588,00000122,false,Rx,0,8,FF,D9,67,1F,46,47,46,45,
16859826,00000123,false,Rx,0,8,B6,02,00,00,00,00,01,00,
16860097,00000124,false,Rx,0,8,00,00,0A,00,00,00,20,40,
16866543,0000010B,false,Rx,0,8,80,05,89,00,00,00,00,05,
16866718,0000010C,false,Rx,0,8,FF,F9,E7,1F,46,4F,48,48,
16866984,0000010D,false,Rx,0,8,B5,02,00,00,00,00,01,00,
16867212,0000010E,false,Rx,0,8,00,00,1E,00,00,C0,AB,57,
16870830,00000565,false,Rx,0,8,66,02,00,00,00,00,FF,FF,
16872355,0000011B,false,Rx,0,8,58,D3,43,05,80,08,28,02,
16872541,0000012B,false,Rx,0,8,BE,83,43,06,00,00,08,00,
16872785,0000011C,false,Rx,0,8,00,05,20,00,22,00,01,01,
16873034,0000012C,false,Rx,0,8,00,00,01,00,00,64,00,00,
16873271,00000091,false,Rx,0,8,ED,AB,DD,27,06,00,00,00,
16873519,00000092,false,Rx,0,8,25,00,00,00,50,02,00,00,
16873781,00000093,false,Rx,0,8,00,00,00,00,00,00,00,00,
16874042,00000094,false,Rx,0,8,00,00,00,00,00,00,00,00,
16878762,00000036,false,Rx,0,8,0F,73,9E,51,00,00,25,05,
16879170,00000037,false,Rx,0,8,30,00,00,10,00,40,00,00,
16879230,000003AA,false,Rx,0,8,FF,00,D0,00,54,00,00,00,
16879519,00000038,false,Rx,0,8,04,00,00,00,60,39,96,D4,
16879742,00000039,false,Rx,0,8,00,00,00,00,00,00,00,00,
16879985,00000401,false,Rx,0,8,C6,10,10,00,00,04,00,00,
16880262,000003B6,false,Rx,0,8,5B,C6,EC,00,00,00,00,46,
16880531,0000019B,false,Rx,0,8,B6,68,94,00,00,E4,00,00,
16880753,000003B7,false,Rx,0,8,46,00,00,00,00,00,00,00,
16880990,0000019C,false,Rx,0,8,40,20,00,00,00,00,0B,09,
16881227,000003B8,false,Rx,0,8,B2,02,00,00,00,00,69,0E,
16881485,0000019D,false,Rx,0,8,00,10,00,01,00,00,00,00,
16881724,000002D6,false,Rx,0,8,EA,AF,EC,00,00,00,00,00,
16881975,0000019E,false,Rx,0,8,15,00,00,00,00,32,00,00,
16882204,000002D7,false,Rx,0,8,00,00,00,00,03,00,00,00,
16882627,000002EB,false,Rx,0,8,74,26,EC,07,08,01,00,02,
16882685,000001F1,false,Rx,0,8,62,87,6C,01,00,00,28,00,
16882926,000002D8,false,Rx,0,8,00,00,00,00,00,00,38,47,
16883244,000001F2,false,Rx,0,8,00,00,00,00,00,00,00,00,
16883460,000002D9,false,Rx,0,8,00,00,00,00,00,00,00,00,
16883678,000002EC,false,Rx,0,8,02,00,CF,00,59,00,00,00,
16883918,000003B9,false,Rx,0,8,00,00,00,00,00,00,00,00,
16884182,000002ED,false,Rx,0,8,00,00,00,00,00,00,00,00,
16884414,000003CB,false,Rx,0,8,36,14,00,F4,00,00,00,00,
16884670,000002EE,false,Rx,0,8,00,00,00,00,00,00,00,00,
16884884,000003CC,false,Rx,0,8,36,31,34,30,33,34,31,00,
16885315,000002FF,false,Rx,0,8,D4,CB,00,71,02,00,00,00,
16885372,00000495,false,Rx,0,8,49,00,00,00,00,00,00,00,
16885617,00000316,false,Rx,0,8,2F,80,96,34,06,80,0A,00,
16885862,00000472,false,Rx,0,8,5C,EC,00,40,08,41,00,45,
16886104,00000317,false,Rx,0,8,00,00,05,00,00,00,00,00,
16886366,00000473,false,Rx,0,8,5F,24,00,25,00,00,00,78,
16886612,00000474,false,Rx,0,8,91,72,00,00,00,00,00,08,
16889486,00000251,false,Rx,0,8,18,41,DA,00,00,00,00,00,
16889752,00000252,false,Rx,0,8,00,00,1B,1B,03,00,00,00,
16889977,000002AB,false,Rx,0,8,0D,A9,DD,0C,0C,00,00,00,
16890216,00000253,false,Rx,0,8,00,00,00,58,58,00,80,4D,
16890464,000002AC,false,Rx,0,8,00,FF,FF,00,00,40,00,54,
16890703,000003B1,false,Rx,0,8,C1,DE,00,80,00,00,20,00,
16890948,000002AD,false,Rx,0,8,00,01,00,40,FF,FF,FF,0F,
16891199,000002AE,false,Rx,0,8,01,00,FF,3F,01,01,00,00,
16891496,000002B6,false,Rx,0,8,B7,8F,DD,01,00,00,00,40,
16891736,000002B7,false,Rx,0,8,9F,00,50,1C,00,04,00,00,
16891967,000002B8,false,Rx,0,8,FF,F8,10,00,00,00,00,00,
16892218,000002B9,false,Rx,0,8,0A,00,00,00,00,00,00,00,
16892464,000002C1,false,Rx,0,8,56,9E,EF,21,00,41,00,D4,
16892730,000002C2,false,Rx,0,8,2D,00,00,00,00,00,00,00,
16892984,000002C3,false,Rx,0,8,00,00,00,00,00,00,00,00,
16893260,000002C4,false,Rx,0,8,00,00,00,00,00,00,00,00,
16893477,0000033B,false,Rx,0,8,55,C3,DC,00,00,00,00,00,
16893739,000002E1,false,Rx,0,8,31,C4,DD,00,00,00,00,40,
16893985,0000033C,false,Rx,0,8,00,00,00,00,F0,00,00,00,
16894222,000002E2,false,Rx,0,8,FD,00,00,00,00,14,00,04,
16894465,0000033D,false,Rx,0,8,00,00,00,00,00,00,00,00,
16894724,000002E3,false,Rx,0,8,00,00,00,00,00,00,72,01,
16894977,0000033E,false,Rx,0,8,00,00,00,00,00,00,00,00,
16895232,000002E4,false,Rx,0,8,02,00,00,00,00,00,00,00,
16895456,00000356,false,Rx,0,8,19,F4,EE,00,00,00,00,00,
16895812,00000357,false,Rx,0,8,00,00,00,00,00,4B,4D,48,
16896073,00000358,false,Rx,0,8,35,41,45,4D,52,37,33,4F,
16896291,00000359,false,Rx,0,8,51,4F,34,52,4A,35,33,00,
16897070,00000146,false,Rx,0,8,DD,99,51,10,04,05,00,00,
16897341,00000147,false,Rx,0,8,01,04,7D,00,40,46,07,00,
16897537,00000148,false,Rx,0,8,00,00,42,00,1E,89,40,05,
16897807,00000061,false,Rx,0,8,E0,94,1E,00,00,00,00,00,
16898046,00000149,false,Rx,0,8,00,38,00,CC,00,00,00,00,
16898291,00000062,false,Rx,0,8,02,02,00,02,40,FF,00,FF,
16898542,00000063,false,Rx,0,8,00,00,05,00,00,08,FD,00,
16898813,00000064,false,Rx,0,8,00,00,00,04,FF,FA,00,00,
16899075,000000A1,false,Rx,0,8,D1,87,1E,59,61,02,8A,00,
16899315,000000A2,false,Rx,0,8,00,00,00,00,00,00,00,00,
16899551,000000A3,false,Rx,0,8,00,40,01,00,00,00,00,00,
16902535,00000111,false,Rx,0,8,AE,59,1C,01,00,00,00,00,
16902802,00000112,false,Rx,0,8,00,00,00,00,00,00,00,00,
16903209,000001AB,false,Rx,0,8,D7,1D,E0,50,70,90,00,00,
16903267,00000113,false,Rx,0,8,00,00,00,00,00,00,00,00,
16903551,000001AC,false,Rx,0,8,00,28,00,00,00,00,00,00,
16903778,00000114,false,Rx,0,8,00,00,00,00,00,00,00,00,
16904017,0000036F,false,Rx,0,8,91,21,01,00,00,00,00,00,
16904273,0000037F,false,Rx,0,8,EC,80,52,24,41,02,00,00,
16906004,000001B1,false,Rx,0,8,BD,28,51,00,72,00,00,00,
16906164,000001B2,false,Rx,0,8,23,00,04,B7,0F,09,50,10,
16906463,000001B3,false,Rx,0,8,10,33,37,00,5A,7B,6A,7D,
16906744,000001B4,false,Rx,0,8,65,7D,10,00,00,41,00,00,
16909393,00000121,false,Rx,0,8,6E,F2,84,00,00,00,00,05,
16909561,00000122,false,Rx,0,8,FF,D9,67,1F,46,47,46,45,
16909823,00000123,false,Rx,0,8,B6,02,00,00,00,00,01,00,
16910075,00000124,false,Rx,0,8,00,00,0A,00,00,00,20,40,
16916544,0000010B,false,Rx,0,8,73,9B,8E,00,00,00,00,05,
16916711,0000010C,false,Rx,0,8,FF,F9,E7,1F,46,4F,48,48,
16916963,0000010D,false,Rx,0,8,B5,02,00,00,00,00,01,00,
16917213,0000010E,false,Rx,0,8,00,00,1E,00,00,C0,AB,57,
16917631,00000487,false,Rx,1,8,00,00,00,00,00,00,00,00,
16918094,00000642,false,Rx,1,8,FF,FF,FF,FF,FF,FF,00,00,
16918572,00000645,false,Rx,1,8,C7,35,06,79,E0,32,56,00,
16922194,00000161,false,Rx,0,8,E8,11,24,03,00,00,00,02,
16922328,0000011B,false,Rx,0,8,90,2A,48,05,80,08,28,02,
16922566,00000162,false,Rx,0,8,FF,FC,01,00,00,00,00,00,
16922872,0000011C,false,Rx,0,8,00,05,20,00,22,00,01,01,
16923005,0000012B,false,Rx,0,8,76,7A,48,06,00,00,08,00,
16923272,0000012C,false,Rx,0,8,00,00,01,00,00,64,00,00,
16924365,0000030B,false,Rx,0,8,E5,49,DC,00,04,00,00,00,
16924559,0000030C,false,Rx,0,8,00,00,0E,00,2C,00,A0,0F,
16924845,0000030D,false,Rx,0,8,00,00,00,00,43,00,00,00,
16925080,0000030E,false,Rx,0,8,00,00,18,05,21,00,00,00,
16927142,000001E6,false,Rx,0,8,2E,40,B5,02,00,00,00,00,
16927338,000001BB,false,Rx,0,8,CC,9E,B5,02,00,00,00,0A,
16927612,000001BC,false,Rx,0,8,32,00,00,00,02,00,00,00,
16927897,000001BD,false,Rx,0,8,00,00,00,00,00,00,00,00,
16928134,000001E7,false,Rx,0,8,00,00,22,03,20,01,00,00,
16928702,00000036,false,Rx,0,8,6C,E8,A3,51,00,00,25,05,
16929005,00000037,false,Rx,0,8,30,00,00,10,00,40,00,00,
16929245,00000038,false,Rx,0,8,04,00,00,00,60,39,96,D4,
16929502,00000039,false,Rx,0,8,00,00,00,00,00,00,00,00,
16930464,0000019B,false,Rx,0,8,BB,AE,99,00,00,E4,00,00,
16930629,0000019C,false,Rx,0,8,40,20,00,00,00,00,0B,09,
16930895,0000019D,false,Rx,0,8,00,10,00,01,00,00,00,00,
16931140,00000475,false,Rx,0,8,12,00,00,00,00,00,00,00,
16931379,0000019E,false,Rx,0,8,15,00,00,00,00,32,00,00,
16931628,00000496,false,Rx,0,8,12,00,00,00,00,00,00,00,
16932203,000001A1,false,Rx,0,8,7A,D1,24,FE,F7,7F,64,00,
16932454,000001A2,false,Rx,0,8,44,00,00,00,27,08,00,00,
16932723,000001A3,false,Rx,0,8,FF,F3,3F,00,00,00,00,00,
16932974,000001A4,false,Rx,0,8,FE,07,00,00,00,00,00,00,
16933215,00000383,false,Rx,0,8,5A,53,00,10,01,00,00,00,
16940738,00000448,false,Rx,0,8,DE,80,00,00,00,00,00,00,
16942850,000001FB,false,Rx,0,8,8D,F7,D4,00,00,00,00,00,
16943046,000001FC,false,Rx,0,8,00,00,00,00,00,00,00,00,
16943298,000001FD,false,Rx,0,8,00,1A,03,00,00,00,00,00,
16943569,000001FE,false,Rx,0,8,00,00,00,00,00,00,00,00,
16947903,00000061,false,Rx,0,8,83,0F,23,00,00,00,00,00,
16948012,00000062,false,Rx,0,8,02,02,00,02,40,FF,00,FF,
16948465,00000063,false,Rx,0,8,00,00,05,00,00,08,FD,00,
16948786,00000064,false,Rx,0,8,00,00,00,04,FF,FA,00,00,
16948908,000000A1,false,Rx,0,8,12,04,23,59,61,02,8A,00,
16949197,000000A2,false,Rx,0,8,00,00,00,00,00,00,00,00,
16949297,00000382,false,Rx,0,8,2B,FE,21,00,00,05,09,00,
16949625,000000A3,false,Rx,0,8,00,40,01,00,00,00,00,00,
16956730,000002BF,false,Rx,0,8,FF,FF,FF,00,00,00,00,00,
16956844,0000047F,false,Rx,0,8,F0,FC,FF,FF,FF,FF,FF,FF,
16957091,00000653,false,Rx,0,8,0A,19,03,01,02,2A,00,00,
16957554,000004A3,false,Rx,1,8,80,00,48,0B,3E,00,00,00,
16958003,000004A4,false,Rx,1,8,FF,FF,FF,00,00,00,00,00,
16959321,00000151,false,Rx,0,8,D7,6E,DB,64,C8,00,28,18,
16959504,00000121,false,Rx,0,8,95,F2,89,00,00,00,00,05,
16959723,00000122,false,Rx,0,8,FF,D9,67,1F,46,48,46,45,
16959979,000001F6,false,Rx,0,8,9C,B2,DB,00,00,00,00,0E,
16960219,00000123,false,Rx,0,8,B6,02,00,00,00,00,01,00,
16960457,000001F7,false,Rx,0,8,26,00,DA,02,00,00,00,00,
16960710,00000124,false,Rx,0,8,00,00,0A,00,00,00,20,40,
16960952,000001F8,false,Rx,0,8,00,5E,01,45,01,00,00,00,
16961172,00000152,false,Rx,0,8,14,17,17,00,51,00,00,00,
16961421,000001F9,false,Rx,0,8,4B,00,64,C8,14,00,4B,00,
16961669,00000153,false,Rx,0,8,00,00,00,00,00,00,00,00,
16961905,00000236,false,Rx,0,8,91,99,DB,00,34,6C,AE,62,
16962153,00000154,false,Rx,0,8,00,00,00,00,00,00,00,00,
16962384,00000237,false,Rx,0,8,00,15,47,00,00,1E,1B,00,
16962607,000002FB,false,Rx,0,8,9B,B8,DB,04,72,1A,B4,B4,
16962870,00000238,false,Rx,0,8,00,00,72,00,00,00,00,00,
16963099,000002FC,false,Rx,0,8,0F,00,14,18,00,00,8E,43,
16963386,00000239,false,Rx,0,8,00,00,00,00,01,00,00,00,
16963595,000002FD,false,Rx,0,8,00,00,00,00,00,1C,13,EA,
16963832,0000025B,false,Rx,0,8,52,20,DB,40,40,20,00,00,
16964074,000002FE,false,Rx,0,8,00,00,72,01,00,28,C8,02,
16964337,0000025C,false,Rx,0,8,00,00,26,00,B4,2C,19,00,
16964548,00000326,false,Rx,0,8,E5,C5,DB,00,00,00,00,00,
16964795,0000025D,false,Rx,0,8,00,C8,00,00,00,80,C0,70,
16965033,00000327,false,Rx,0,8,00,00,00,00,05,00,00,00,
16965278,0000025E,false,Rx,0,8,02,07,0E,01,00,00,46,00,
16965520,00000328,false,Rx,0,8,DA,02,4B,00,00,5E,01,00,
16965765,00000566,false,Rx,0,8,16,02,00,00,00,00,FF,FF,
16966014,00000329,false,Rx,0,8,64,45,01,00,00,00,00,00,
16966244,00000331,false,Rx,0,8,C6,60,DB,F1,C8,A0,2C,97,
16966487,0000010B,false,Rx,0,8,BB,99,93,00,00,00,00,05,
16966714,00000332,false,Rx,0,8,E8,08,FC,03,00,00,00,00,
16967021,0000010C,false,Rx,0,8,FF,F9,E7,1F,46,4F,48,48,
16967192,00000333,false,Rx,0,8,00,00,00,1C,0C,40,20,64,
16967437,0000010D,false,Rx,0,8,B5,02,00,00,00,00,01,00,
16967702,00000334,false,Rx,0,8,C8,00,00,00,08,44,F4,8F,
16967916,0000010E,false,Rx,0,8,00,00,1E,00,00,C0,AB,57,
16972376,0000011B,false,Rx,0,8,66,02,4D,05,80,08,28,02,
16972544,0000012B,false,Rx,0,8,80,52,4D,06,00,00,08,00,
16972795,0000011C,false,Rx,0,8,00,05,20,00,22,00,01,01,
16973051,0000012C,false,Rx,0,8,00,00,01,00,00,64,00,00,
16973277,00000091,false,Rx,0,8,4E,73,DE,27,06,00,00,00,
16973530,000001E1,false,Rx,0,8,93,BE,A9,02,00,00,00,00,
16973772,00000092,false,Rx,0,8,26,00,00,00,60,02,00,00,
16974013,000001E2,false,Rx,0,8,00,00,00,00,00,00,00,00,
16974272,00000093,false,Rx,0,8,00,00,00,00,00,00,00,00,
16974519,00000094,false,Rx,0,8,00,00,00,00,00,00,00,00,
16978577,00000036,false,Rx,0,8,D4,E9,A8,51,00,00,25,05,
16978769,00000037,false,Rx,0,8,30,00,00,10,00,40,00,00,
16979061,00000038,false,Rx,0,8,04,00,00,00,60,39,96,D4,
16979513,00000256,false,Rx,0,8,62,22,DA,15,40,00,F0,00,
16979694,00000039,false,Rx,0,8,00,00,00,00,00,00,00,00,
16979782,00000257,false,Rx,0,8,00,94,41,19,85,07,00,94,
16980067,000002E6,false,Rx,0,8,24,5A,DA,01,00,00,00,15,
16980242,00000258,false,Rx,0,8,36,EC,1A,00,10,15,00,28,
16980469,0000019B,false,Rx,0,8,48,30,9E,00,00,E4,00,00,
16980705,00000259,false,Rx,0,8,61,05,8D,3C,4C,02,00,00,
16980946,0000019C,false,Rx,0,8,40,20,00,00,00,00,0B,09,
16981189,000002E7,false,Rx,0,8,0A,00,00,00,00,00,00,00,
16981435,0000019D,false,Rx,0,8,00,10,00,01,00,00,00,00,
16981687,000002E8,false,Rx,0,8,00,00,00,00,00,00,00,00,
16981935,0000019E,false,Rx,0,8,15,00,00,00,00,32,00,00,
16982176,000002E9,false,Rx,0,8,00,00,00,00,00,00,00,00,
16982418,00000384,false,Rx,0,8,BA,56,0D,01,00,FF,00,24,
16983530,00000226,false,Rx,0,8,8F,75,2D,FF,63,60,09,42,
16983778,00000227,false,Rx,0,8,02,94,00,09,03,F1,9F,03,
16990092,0000042A,false,Rx,0,8,8E,83,0C,02,00,10,00,00,
16991062,00000396,false,Rx,0,8,23,61,ED,0F,08,01,00,02,
16991263,00000397,false,Rx,0,8,1C,00,43,10,3F,07,00,00,
16991522,00000398,false,Rx,0,8,00,00,00,00,00,00,00,00,
16997109,00000146,false,Rx,0,8,2E,07,56,10,04,05,00,00,
16997291,00000147,false,Rx,0,8,01,04,7D,00,40,46,07,00,
16997542,00000148,false,Rx,0,8,00,00,42,00,1E,89,40,05,
16997788,00000061,false,Rx,0,8,3B,0E,28,00,00,00,00,00,
16998021,00000149,false,Rx,0,8,00,38,00,CC,00,00,00,00,
16998269,00000062,false,Rx,0,8,02,02,00,02,40,FF,00,FF,
16998521,00000063,false,Rx,0,8,00,00,05,00,00,08,FD,00,
16998768,00000064,false,Rx,0,8,00,00,00,04,FF,FA,00,00,
16999009,000000A1,false,Rx,0,8,2E,F5,28,59,61,02,8A,00,
16999278,000000A2,false,Rx,0,8,00,00,00,00,00,00,00,00,
16999529,000000A3,false,Rx,0,8,00,40,01,00,00,00,00,00,
17002835,000001AB,false,Rx,0,8,21,35,E5,50,70,90,00,00,
17003017,0000036F,false,Rx,0,8,28,31,01,00,00,00,00,00,
17003268,000001AC,false,Rx,0,8,00,28,00,00,00,00,00,00,
17003508,0000037F,false,Rx,0,8,55,90,52,24,41,02,00,00,
17005973,000001B1,false,Rx,0,8,B8,63,56,00,72,00,00,00,
17006140,000001B2,false,Rx,0,8,23,00,04,B7,0F,08,50,10,
17006425,000001B3,false,Rx,0,8,10,33,37,00,5A,7B,6A,7D,
17006688,000001B4,false,Rx,0,8,65,7D,10,00,00,41,00,00,
17009331,00000121,false,Rx,0,8,90,AA,8E,00,00,00,00,05,
17009505,00000122,false,Rx,0,8,FF,D9,67,1F,46,47,46,45,
17009772,00000123,false,Rx,0,8,B6,02,00,00,00,00,01,00,
17010026,00000124,false,Rx,0,8,00,00,0A,00,00,00,20,40,
17011842,000003B0,false,Rx,0,8,72,37,FF,C7,00,00,03,C0,
17016530,0000010B,false,Rx,0,8,38,D0,98,00,00,00,00,05,
17016700,0000010C,false,Rx,0,8,FF,F9,E7,1F,46,50,48,48,
17016958,0000010D,false,Rx,0,8,B5,02,00,00,00,00,01,00,
17017197,0000010E,false,Rx,0,8,00,00,1E,00,00,C0,AB,57,
17019877,000003B2,false,Rx,0,8,36,15,FF,02,29,2F,34,00,
17020801,00000485,false,Rx,0,8,00,40,11,02,00,00,00,00,
17022173,00000161,false,Rx,0,8,9B,28,29,03,00,00,00,02,
17022277,0000011B,false,Rx,0,8,76,58,52,05,80,08,28,02,
17022528,00000162,false,Rx,0,8,FF,FC,01,00,00,00,00,00,
17022770,0000011C,false,Rx,0,8,00,05,20,00,22,00,01,01,
17023010,0000012B,false,Rx,0,8,90,08,52,06,00,00,08,00,
17023261,00000405,false,Rx,0,8,D2,10,00,00,00,01,00,00,
17023509,0000012C,false,Rx,0,8,00,00,01,00,00,64,00,00,
17023748,00000410,false,Rx,0,8,6A,60,57,3C,DE,6A,FF,FF,
17023995,00000413,false,Rx,0,8,08,60,00,00,00,00,00,00,
17024236,00000411,false,Rx,0,8,04,D1,50,51,00,00,44,04,
17024482,00000414,false,Rx,0,8,41,70,00,00,28,00,00,00,
17024725,00000412,false,Rx,0,8,CC,E0,00,00,00,00,00,00,
17024971,00000416,false,Rx,0,8,55,00,00,00,00,00,00,00,
17025253,00000417,false,Rx,0,8,20,E0,00,00,00,00,00,00,
17025523,00000418,false,Rx,0,8,07,C0,00,00,14,0C,00,00,
17025776,00000419,false,Rx,0,8,62,00,26,D5,2D,87,90,00,
17028398,000000C5,false,Rx,1,8,00,00,00,00,00,00,00,00,
17028624,00000244,false,Rx,1,8,FF,FF,FF,FF,FF,FF,FF,FF,
17028912,000003E4,false,Rx,1,8,FE,00,00,00,00,00,00,00,
17029051,00000036,false,Rx,0,8,AB,C5,AD,51,00,00,25,05,
17029196,0000041F,false,Rx,1,8,00,0C,00,00,00,00,00,00,
17029419,00000037,false,Rx,0,8,30,00,00,10,00,40,00,00,
17029468,000004B4,false,Rx,1,8,00,00,05,40,10,70,04,00,
17029662,00000380,false,Rx,0,8,96,92,03,08,08,08,08,01,
17029912,00000038,false,Rx,0,8,04,00,00,00,60,39,96,D4,
17029961,000004B5,false,Rx,1,8,08,00,F0,07,00,00,00,00,
17030141,000003A1,false,Rx,0,8,36,8B,D5,00,FF,FF,FF,FF,
17030395,00000039,false,Rx,0,8,00,00,00,00,00,00,00,00,
17030444,000004B7,false,Rx,1,8,08,00,F0,07,00,00,00,00,
17030764,0000019B,false,Rx,0,8,2B,AB,A3,00,00,E4,00,00,
17030886,000003A2,false,Rx,0,8,00,00,00,00,00,00,00,00,
17030943,000004CA,false,Rx,1,8,00,00,00,00,00,00,00,00,
17031121,0000019C,false,Rx,0,8,40,20,00,00,00,00,0B,09,
17031380,000004CC,false,Rx,1,8,08,00,00,06,00,00,03,00,
17031619,0000019D,false,Rx,0,8,00,10,00,01,00,00,00,00,
17031869,000004CE,false,Rx,1,8,DE,01,00,00,00,00,F8,FF,
17032119,0000019E,false,Rx,0,8,15,00,00,00,00,32,00,00,
17032353,000004D7,false,Rx,1,8,23,01,00,00,00,00,00,00,
17032399,00000427,false,Rx,0,8,1D,86,FF,00,80,0A,00,00,
17032592,000001F1,false,Rx,0,8,2F,6F,6F,01,00,00,28,00,
17032833,000004D8,false,Rx,1,8,41,10,F0,F0,40,F2,1E,CC,
17033068,000001A1,false,Rx,0,8,77,17,29,FE,F7,7F,64,00,
17033310,000004DD,false,Rx,1,8,00,00,FE,00,04,00,00,00,
17033552,000001A2,false,Rx,0,8,44,00,00,00,27,08,00,00,
17033800,000004DF,false,Rx,1,8,00,00,08,00,00,00,00,00,
17034042,000001A3,false,Rx,0,8,FF,F3,3F,00,00,00,00,00,
17034290,000004E7,false,Rx,1,8,00,30,00,00,00,00,69,00,
17034536,000001A4,false,Rx,0,8,FE,07,00,00,00,00,00,00,
17034784,000004E8,false,Rx,1,8,FF,FF,FF,05,FF,FF,FF,00,
17035033,000001F2,false,Rx,0,8,00,00,00,00,00,00,00,00,
17035274,000004E9,false,Rx,1,8,12,00,00,34,00,00,50,00,
17035751,000004EA,false,Rx,1,8,67,00,00,89,00,00,00,00,
17036211,000004EB,false,Rx,1,8,02,80,16,1A,80,00,00,00,
17036702,000004EC,false,Rx,1,8,00,00,00,00,00,00,00,00,
17037193,000004ED,false,Rx,1,8,00,00,00,00,00,FF,FF,1F,
17037690,000004EE,false,Rx,1,8,FF,FF,00,00,00,00,00,00,
17038185,000004EF,false,Rx,1,8,60,00,60,00,2B,14,00,00,
17038460,0000063D,false,Rx,1,8,00,80,00,00,00,00,00,00,
17038730,0000063E,false,Rx,1,8,FF,FF,FF,FF,FF,FF,FF,FF,
17039009,0000063F,false,Rx,1,8,00,10,00,C4,FF,00,00,00,
17039291,00000640,false,Rx,1,8,FF,FF,FF,00,FF,FF,FF,00,
17039562,00000641,false,Rx,1,8,FF,FF,FF,FF,0F,FF,FF,FF,
17039819,00000646,false,Rx,1,8,00,00,00,80,01,00,00,00,
17044471,000000FF,false,Rx,0,8,CB,10,00,00,00,00,02,00,
17045178,00000394,false,Rx,0,8,2A,22,1A,49,00,00,00,00,
17045352,000003C3,false,Rx,0,8,45,10,31,30,36,00,00,00,
17045650,000003E0,false,Rx,0,8,01,70,01,00,54,03,00,00,
17046447,000003E5,false,Rx,0,8,8E,90,01,00,00,00,00,00,
17046645,000003E6,false,Rx,0,8,7F,00,00,00,00,00,00,00,
17046891,0000041A,false,Rx,0,8,95,40,12,00,00,00,00,00,
17047178,0000041B,false,Rx,0,8,60,30,00,00,00,00,00,00,
17047438,0000041C,false,Rx,0,8,E9,80,E0,00,00,00,00,00,
17047677,00000061,false,Rx,0,8,44,22,2D,00,00,00,00,00,
17047932,00000422,false,Rx,0,8,EA,C0,01,00,00,00,04,00,
17048170,00000062,false,Rx,0,8,02,02,00,02,40,FF,00,FF,
17048413,00000432,false,Rx,0,8,03,20,02,00,00,00,00,00,
17772520,0000011B,false,Rx,0,8,35,A5,9D,05,80,08,28,02,
17772604,0000012B,false,Rx,0,8,D3,F5,9D,06,00,00,08,00,
17773018,0000011C,false,Rx,0,8,00,05,20,00,22,00,01,01,
17773095,0000012C,false,Rx,0,8,00,00,01,00,00,64,00,00,
17773456,00000091,false,Rx,0,8,1C,E6,E6,27,06,00,00,00,
17773547,00000092,false,Rx,0,8,24,00,00,00,40,02,00,00,
17774101,00000093,false,Rx,0,8,00,00,00,00,00,00,00,00,
17774420,00000094,false,Rx,0,8,00,00,00,00,00,00,00,00,
17778751,00000256,false,Rx,0,8,F4,22,E2,15,40,00,F0,00,
17778841,00000036,false,Rx,0,8,66,0E,F8,51,00,00,25,05,
17779276,00000257,false,Rx,0,8,00,93,41,19,85,07,00,94,
17779337,00000037,false,Rx,0,8,30,00,00,10,00,40,00,00,
17779698,00000258,false,Rx,0,8,36,ED,1A,00,10,15,00,28,
17779985,00000038,false,Rx,0,8,04,00,00,00,60,39,96,D4,
17780067,00000259,false,Rx,0,8,60,05,8D,3C,4C,02,00,00,
17780653,00000039,false,Rx,0,8,00,00,00,00,00,00,00,00,
17780755,000002E6,false,Rx,0,8,38,ED,E2,01,00,00,00,15,
17781069,0000019B,false,Rx,0,8,51,4E,EE,00,00,E4,00,00,
17781400,000002E7,false,Rx,0,8,0A,00,00,00,00,00,00,00,
17781702,0000019C,false,Rx,0,8,40,20,00,00,00,00,0B,09,
17781944,000002E8,false,Rx,0,8,00,00,00,00,00,00,00,00,
17782066,0000019D,false,Rx,0,8,00,10,00,01,00,00,00,00,
17782416,00000226,false,Rx,0,8,00,47,35,FF,63,60,09,42,
17782740,0000019E,false,Rx,0,8,15,00,00,00,00,32,00,00,
17783059,00000227,false,Rx,0,8,02,94,00,09,03,F1,9F,03,
17783345,000002E9,false,Rx,0,8,00,00,00,00,00,00,00,00,
17783438,000001F1,false,Rx,0,8,01,E4,7E,01,00,00,28,00,
17784014,00000384,false,Rx,0,8,BA,56,0D,01,00,FF,00,24,
17784098,000001F2,false,Rx,0,8,00,00,00,00,00,00,00,00,
17790116,0000042A,false,Rx,0,8,8E,83,0C,02,00,10,00,00,
17791068,00000396,false,Rx,0,8,C4,A1,F1,0F,08,01,00,02,
17791183,00000397,false,Rx,0,8,35,00,43,10,3F,07,00,00,
17791444,00000398,false,Rx,0,8,00,00,00,00,00,00,00,00,
17797303,00000146,false,Rx,0,8,F7,74,7E,10,04,05,00,00,
17797396,00000147,false,Rx,0,8,01,04,7D,00,40,46,07,00,
17797802,00000148,false,Rx,0,8,00,00,42,00,1E,89,40,05,
17797898,00000061,false,Rx,0,8,89,E9,78,00,00,00,00,00,
17798262,00000149,false,Rx,0,8,00,38,00,CC,00,00,00,00,
17798497,00000062,false,Rx,0,8,02,02,00,02,40,FF,00,FF,
17798645,00000063,false,Rx,0,8,00,00,05,00,00,08,FD,00,
17799241,00000064,false,Rx,0,8,00,00,00,04,FF,FA,00,00,
17799628,000000A1,false,Rx,0,8,10,A4,78,59,61,02,8A,00,
17799937,000000A2,false,Rx,0,8,00,00,00,00,00,00,00,00,
17800002,000000A3,false,Rx,0,8,00,40,01,00,00,00,00,00,
17802079,000001AB,false,Rx,0,8,E9,E6,0D,50,70,90,00,00,
17802171,000001AC,false,Rx,0,8,00,28,00,00,00,00,00,00,
17802993,0000036F,false,Rx,0,8,89,B1,01,00,00,00,00,00,
17803184,0000037F,false,Rx,0,8,22,20,52,24,41,02,00,00,
17806607,000001B1,false,Rx,0,8,61,10,7E,00,72,00,00,00,
17806736,000001B2,false,Rx,0,8,23,00,04,B7,0F,08,50,10,
17806788,000001B3,false,Rx,0,8,10,33,37,00,5A,7B,6A,7D,
17807156,000001B4,false,Rx,0,8,65,7D,10,00,00,41,00,00,
17809603,00000121,false,Rx,0,8,22,4D,DE,00,00,00,00,05,
17809688,00000122,false,Rx,0,8,FF,D9,67,1F,46,47,46,45,
17810052,00000123,false,Rx,0,8,B6,02,00,00,00,00,01,00,
17810140,00000124,false,Rx,0,8,00,00,0A,00,00,00,20,40,
17811874,000003B0,false,Rx,0,8,72,37,FF,C7,00,00,03,C0,
17816539,0000010B,false,Rx,0,8,1A,E6,E8,00,00,00,00,05,
17816722,0000010C,false,Rx,0,8,FF,F9,E7,1F,46,4F,48,48,
17816983,0000010D,false,Rx,0,8,B5,02,00,00,00,00,01,00,
17817206,0000010E,false,Rx,0,8,00,00,1E,00,00,C0,AB,57,
17819820,000003B2,false,Rx,0,8,36,15,FF,02,29,2F,34,00,
17822330,0000011B,false,Rx,0,8,31,B9,A2,05,80,08,28,02,
17822512,0000012B,false,Rx,0,8,D7,E9,A2,06,00,00,08,00,
17822751,0000011C,false,Rx,0,8,00,05,20,00,22,00,01,01,
17823017,0000012C,false,Rx,0,8,00,00,01,00,00,64,00,00,
17823237,00000405,false,Rx,0,8,D2,10,00,00,00,01,00,00,
17823495,00000161,false,Rx,0,8,28,D0,51,03,00,00,00,02,
17823735,00000410,false,Rx,0,8,6A,60,57,3C,DE,6A,FF,FF,
17823984,00000162,false,Rx,0,8,FF,FC,01,00,00,00,00,00,
17824207,00000411,false,Rx,0,8,04,D1,50,51,00,00,44,04,
17824462,00000413,false,Rx,0,8,08,60,00,00,00,00,00,00,
17824724,00000412,false,Rx,0,8,CC,E0,00,00,00,00,00,00,
17824952,00000414,false,Rx,0,8,41,70,00,00,28,00,00,00,
17825232,00000416,false,Rx,0,8,55,00,00,00,00,00,00,00,
17825488,00000417,false,Rx,0,8,20,E0,00,00,00,00,00,00,
17825746,0000048F,false,Rx,0,8,AD,10,41,00,05,00,00,00,
17825986,00000418,false,Rx,0,8,07,C0,00,00,14,0C,00,00,
17826238,00000419,false,Rx,0,8,62,00,26,D5,2D,87,90,00,
17826861,000001E6,false,Rx,0,8,71,E9,C7,02,00,00,00,00,
17827133,000001E7,false,Rx,0,8,00,00,22,03,20,01,00,00,
17827362,000001BB,false,Rx,0,8,52,21,C7,02,00,00,00,0A,
17827648,000001BC,false,Rx,0,8,32,00,00,00,02,00,00,00,
17827940,000001BD,false,Rx,0,8,00,00,00,00,00,00,00,00,
17828710,00000036,false,Rx,0,8,19,22,FD,51,00,00,25,05,
17828948,00000380,false,Rx,0,8,96,92,03,08,08,08,08,01,
17829194,00000037,false,Rx,0,8,30,00,00,10,00,40,00,00,
17829446,00000038,false,Rx,0,8,04,00,00,00,60,39,96,D4,
17829557,000000C5,false,Rx,1,8,00,00,00,00,00,00,00,00,
17829679,000003A1,false,Rx,0,8,61,1A,D9,00,FF,FF,FF,FF,
17829961,00000039,false,Rx,0,8,00,00,00,00,00,00,00,00,
17830138,00000244,false,Rx,1,8,FF,FF,FF,FF,FF,FF,FF,FF,
17830431,0000019B,false,Rx,0,8,99,4C,F3,00,00,E4,00,00,
17830508,000004B4,false,Rx,1,8,00,00,05,40,10,70,04,00,
17830931,0000019C,false,Rx,0,8,40,20,00,00,00,00,0B,09,
17831008,000004B5,false,Rx,1,8,08,00,F0,07,00,00,00,00,
17831137,000003A2,false,Rx,0,8,00,00,00,00,00,00,00,00,
17831438,0000019D,false,Rx,0,8,00,10,00,01,00,00,00,00,
17831514,000004B7,false,Rx,1,8,08,00,F0,07,00,00,00,00,
17831621,00000427,false,Rx,0,8,1D,86,FF,00,80,0A,00,00,
17831887,0000019E,false,Rx,0,8,15,00,00,00,00,32,00,00,
17831970,000004CA,false,Rx,1,8,00,00,00,00,00,00,00,00,
17832390,00000565,false,Rx,0,8,66,02,00,00,00,00,FF,FF,
17832469,000004CC,false,Rx,1,8,08,00,00,06,00,00,03,00,
17832899,000004CE,false,Rx,1,8,DE,01,00,00,00,00,F8,FF,
17832988,000001A1,false,Rx,0,8,1C,83,51,FE,F7,7F,64,00,
17833350,000001A2,false,Rx,0,8,44,00,00,00,27,08,00,00,
17833430,000004D7,false,Rx,1,8,23,01,00,00,00,00,00,00,
17833840,000001A3,false,Rx,0,8,FF,F3,3F,00,00,00,00,00,
17833923,000004D8,false,Rx,1,8,41,10,F0,F0,40,F2,1E,CC,
17834370,000004DD,false,Rx,1,8,00,00,FE,00,04,00,00,00,
17834479,000001A4,false,Rx,0,8,FE,07,00,00,00,00,00,00,
17834822,000004DF,false,Rx,1,8,00,00,08,00,00,00,00,00,
17835303,000004E7,false,Rx,1,8,00,30,00,00,00,00,69,00,
17835801,000004E8,false,Rx,1,8,FF,FF,FF,05,FF,FF,FF,00,
17836273,000004E9,false,Rx,1,8,12,00,00,34,00,00,50,00,
17836751,000004EA,false,Rx,1,8,67,00,00,89,00,00,00,00,
17837226,000004EB,false,Rx,1,8,02,80,16,1B,80,00,00,00,
17837719,000004EC,false,Rx,1,8,00,00,00,00,00,00,00,00,
17838218,000004ED,false,Rx,1,8,00,00,00,00,00,FF,FF,1F,
17838710,000004EE,false,Rx,1,8,FF,FF,00,00,00,00,00,00,
17839002,000004EF,false,Rx,1,8,60,00,60,00,2B,14,00,00,
17839267,000004F0,false,Rx,1,8,4A,10,16,1B,5C,1A,0B,02,
17839548,000004F1,false,Rx,1,8,00,C0,00,00,00,00,00,00,
17839800,000004F2,false,Rx,1,8,02,FF,DD,FF,03,01,00,00,
17840096,000004F3,false,Rx,1,8,00,00,00,00,30,00,00,00,
17840373,000004F9,false,Rx,1,8,E0,FF,FF,FF,FF,FF,FF,FF,
17840706,000004FE,false,Rx,1,8,69,23,00,03,CF,00,48,A8,
17840889,0000063D,false,Rx,1,8,00,80,00,00,00,00,00,00,
17841159,0000063E,false,Rx,1,8,FF,FF,FF,FF,FF,FF,FF,FF,
17841440,0000063F,false,Rx,1,8,00,10,00,C4,FF,00,00,00,
17841799,00000640,false,Rx,1,8,FF,FF,FF,00,FF,FF,FF,00,
17841964,00000641,false,Rx,1,8,FF,FF,FF,FF,0F,FF,FF,FF,
17842221,00000646,false,Rx,1,8,00,00,00,80,01,00,00,00,
17844045,000000FF,false,Rx,0,8,CB,10,00,00,00,00,02,00,
17844647,00000394,false,Rx,0,8,2A,22,1A,49,00,00,00,00,
17844724,000003C3,false,Rx,0,8,45,10,31,30,36,00,00,00,
17845047,000003E0,false,Rx,0,8,01,70,01,00,54,03,00,00,
17845730,000003E5,false,Rx,0,8,8E,90,01,00,00,00,00,00,
17846029,000003E6,false,Rx,0,8,7F,00,00,00,00,00,00,00,
17846280,0000041A,false,Rx,0,8,95,40,12,00,00,00,00,00,
17846550,0000041B,false,Rx,0,8,60,30,00,00,00,00,00,00,
17846814,0000041C,false,Rx,0,8,E9,80,E0,00,00,00,00,00,
17847072,00000422,false,Rx,0,8,EA,C0,01,00,00,00,04,00,
17847431,00000432,false,Rx,0,8,03,20,02,00,00,00,00,00,
17847679,00000061,false,Rx,0,8,F6,C5,7D,00,00,00,00,00,
17847965,00000062,false,Rx,0,8,02,02,00,02,40,FF,00,FF,
17848292,00000063,false,Rx,0,8,00,00,05,00,00,08,FD,00,
17848554,00000064,false,Rx,0,8,00,00,00,04,FF,FA,00,00,
17848720,000000A1,false,Rx,0,8,1F,4F,7D,59,61,02,8A,00,
17849005,000000A2,false,Rx,0,8,00,00,00,00,00,00,00,00,
17849230,00000435,false,Rx,0,8,9F,D0,00,40,00,00,00,00,
17849487,000000A3,false,Rx,0,8,00,40,01,00,00,00,00,00,
17849738,00000442,false,Rx,0,8,CE,20,11,81,00,00,00,00,
17850164,00000444,false,Rx,0,8,6C,30,20,50,55,50,00,00,
17850435,00000445,false,Rx,0,8,08,60,00,00,00,00,00,18,
17850865,00000464,false,Rx,0,8,B2,70,F0,FF,38,7F,05,00,
17859548,00000121,false,Rx,0,8,41,D6,E3,00,00,00,00,05,
17859718,00000122,false,Rx,0,8,FF,D9,67,1F,46,47,46,45,
17859974,00000123,false,Rx,0,8,B6,02,00,00,00,00,01,00,
17860240,00000124,false,Rx,0,8,00,00,0A,00,00,00,20,40,
17866591,0000010B,false,Rx,0,8,65,CA,ED,00,00,00,00,05,
17866750,0000010C,false,Rx,0,8,FF,F9,E7,1F,46,4F,48,48,
17867044,0000010D,false,Rx,0,8,B5,02,00,00,00,00,01,00,
17867271,0000010E,false,Rx,0,8,00,00,1E,00,00,C0,AB,57,
17872546,0000011B,false,Rx,0,8,C7,91,A7,05,80,08,28,02,
17872827,0000012B,false,Rx,0,8,21,C1,A7,06,00,00,08,00,
17872962,0000011C,false,Rx,0,8,00,05,20,00,22,00,01,01,
17873255,0000012C,false,Rx,0,8,00,00,01,00,00,64,00,00,
17873450,00000091,false,Rx,0,8,7D,AE,E7,27,06,00,00,00,
17873702,000001E1,false,Rx,0,8,F0,DD,BB,02,00,00,00,00,
17874006,00000092,false,Rx,0,8,25,00,00,00,50,02,00,00,
17874175,000001E2,false,Rx,0,8,00,00,00,00,00,00,00,00,
17874423,00000093,false,Rx,0,8,00,00,00,00,00,00,00,00,
17874678,00000094,false,Rx,0,8,00,00,00,00,00,00,00,00,
17878790,00000036,false,Rx,0,8,6F,6E,02,51,00,00,25,05,
17878985,00000037,false,Rx,0,8,30,00,00,10,00,40,00,00,
17879255,00000038,false,Rx,0,8,04,00,00,00,60,39,96,D4,
17879486,00000039,false,Rx,0,8,00,00,00,00,00,00,00,00,
17879714,000003AA,false,Rx,0,8,FF,00,D0,00,54,00,00,00,
17880039,000003B6,false,Rx,0,8,93,C4,F1,00,00,00,00,46,
17880373,000003B7,false,Rx,0,8,46,00,00,00,00,00,00,00,
17880526,0000019B,false,Rx,0,8,21,4D,F8,00,00,E4,00,00,
17880799,000004E8,false,Rx,1,8,FF,FF,FF,05,FF,FF,FF,00,
17880877,000003B8,false,Rx,0,8,B2,02,00,00,00,00,69,0E,
17881091,0000019C,false,Rx,0,8,40,20,00,00,00,00,0B,09,
17881264,000003B9,false,Rx,0,8,00,00,00,00,00,00,00,00,
17881542,0000019D,false,Rx,0,8,00,10,00,01,00,00,00,00,
17881762,000002D6,false,Rx,0,8,22,AD,F1,00,00,00,00,00,
17882006,0000019E,false,Rx,0,8,15,00,00,00,00,32,00,00,
17882252,000002D7,false,Rx,0,8,00,00,00,00,03,00,00,00,
17882488,00000316,false,Rx,0,8,5C,B9,9B,34,06,80,0A,00,
17882883,000002D8,false,Rx,0,8,00,00,00,00,00,00,38,47,
17882977,000002EB,false,Rx,0,8,E6,43,F1,07,08,01,00,02,
17883222,000002D9,false,Rx,0,8,00,00,00,00,00,00,00,00,
17883475,000002EC,false,Rx,0,8,12,00,CF,00,59,00,00,00,
17883918,00000401,false,Rx,0,8,C6,10,10,00,00,04,00,00,
17883985,000002ED,false,Rx,0,8,00,00,00,00,00,00,00,00,
17884428,000003CB,false,Rx,0,8,36,14,00,F4,00,00,00,00,
17884502,000002EE,false,Rx,0,8,00,00,00,00,00,00,00,00,
17884984,000003CC,false,Rx,0,8,36,31,34,30,33,34,31,00,
17885068,000002FF,false,Rx,0,8,D4,CB,00,71,02,00,00,00,
17885143,00000495,false,Rx,0,8,49,00,00,00,00,00,00,00,
17885405,00000317,false,Rx,0,8,00,00,05,00,00,00,00,00,
17885631,00000472,false,Rx,0,8,5C,EC,00,40,08,41,00,45,
17886160,00000473,false,Rx,0,8,5F,24,00,25,00,00,00,78,
17886438,00000474,false,Rx,0,8,91,72,00,00,00,00,00,08,
17889135,00000251,false,Rx,0,8,DE,9B,E4,00,00,00,00,00,
17889404,00000252,false,Rx,0,8,00,00,1B,1B,03,00,00,00,
17889651,00000253,false,Rx,0,8,00,00,00,58,58,00,80,4D,
17889989,000002AB,false,Rx,0,8,9D,AC,E7,0C,0C,00,00,00,
17890219,000003B1,false,Rx,0,8,C1,DE,00,80,00,00,20,00,
17890394,000002AC,false,Rx,0,8,00,FF,FF,00,00,40,00,54,
17890640,000002AD,false,Rx,0,8,00,01,00,40,FF,FF,FF,0F,
17890865,000002AE,false,Rx,0,8,01,00,FF,3F,01,01,00,00,
17891147,000002B6,false,Rx,0,8,27,8A,E7,01,00,00,00,40,
17891392,000002B7,false,Rx,0,8,9F,00,50,1C,00,04,00,00,
17891651,000002B8,false,Rx,0,8,FF,F8,10,00,00,00,00,00,
17891964,000002B9,false,Rx,0,8,0A,00,00,00,00,00,00,00,
17892195,000002C1,false,Rx,0,8,A9,BF,F4,21,00,41,00,D4,
17892528,000002C2,false,Rx,0,8,2E,00,00,00,00,00,00,00,
17892789,000002C3,false,Rx,0,8,00,00,00,00,00,00,00,00,
17893048,000002C4,false,Rx,0,8,00,00,00,00,00,00,00,00,
17893281,0000033B,false,Rx,0,8,C5,C6,E6,00,00,00,00,00,
17893534,000002E1,false,Rx,0,8,A1,C1,E7,00,00,00,00,40,
17893890,0000033C,false,Rx,0,8,00,00,00,00,F0,00,00,00,
17894100,000002E2,false,Rx,0,8,FD,00,00,00,00,14,00,04,
17894288,0000033D,false,Rx,0,8,00,00,00,00,00,00,00,00,
17894520,000002E3,false,Rx,0,8,00,00,00,00,00,00,72,01,
17894773,0000033E,false,Rx,0,8,00,00,00,00,00,00,00,00,
17895008,000002E4,false,Rx,0,8,02,00,00,00,00,00,00,00,
17895261,00000356,false,Rx,0,8,D1,F6,F3,00,00,00,00,00,
17895509,00000357,false,Rx,0,8,00,00,00,00,00,4B,4D,48,
17895762,00000358,false,Rx,0,8,35,41,45,4D,52,37,33,4F,
17895983,00000359,false,Rx,0,8,51,4F,34,52,4A,35,33,00,
17897225,00000146,false,Rx,0,8,0D,8A,83,10,04,05,00,00,
17897361,00000147,false,Rx,0,8,01,04,7D,00,40,46,07,00,
17897752,00000148,false,Rx,0,8,00,00,42,00,1E,89,40,05,
17897955,00000061,false,Rx,0,8,80,89,82,00,00,00,00,00,
17898216,00000149,false,Rx,0,8,00,38,00,CC,00,00,00,00,
17898299,00000062,false,Rx,0,8,02,02,00,02,40,FF,00,FF,
17898616,00000063,false,Rx,0,8,00,00,05,00,00,08,FD,00,
17898923,00000064,false,Rx,0,8,00,00,00,04,FF,FA,00,00,
17899174,000000A1,false,Rx,0,8,6D,91,82,59,61,02,8A,00,
17899581,000000A2,false,Rx,0,8,00,00,00,00,00,00,00,00,
17899652,000000A3,false,Rx,0,8,00,40,01,00,00,00,00,00,
17902052,000001AB,false,Rx,0,8,F9,BC,12,50,70,90,00,00,
17902281,000001AC,false,Rx,0,8,00,28,00,00,00,00,00,00,
17902679,00000111,false,Rx,0,8,CD,C2,21,01,00,00,00,00,
17902892,00000112,false,Rx,0,8,00,00,00,00,00,00,00,00,
17903207,00000113,false,Rx,0,8,00,00,00,00,00,00,00,00,
17903409,0000036F,false,Rx,0,8,81,C1,01,00,00,00,00,00,
17903609,00000114,false,Rx,0,8,00,00,00,00,00,00,00,00,
17903826,0000037F,false,Rx,0,8,9B,30,52,24,41,02,00,00,
17905955,000001B1,false,Rx,0,8,9B,EE,83,00,72,00,00,00,
17906120,000001B2,false,Rx,0,8,23,00,04,B7,0F,08,50,10,
17906465,000001B3,false,Rx,0,8,10,33,37,00,5A,7B,6A,7D,
17906714,000001B4,false,Rx,0,8,65,7D,10,00,00,41,00,00,
17909474,00000121,false,Rx,0,8,F9,D7,E8,00,00,00,00,05,
17909585,00000122,false,Rx,0,8,FF,D9,67,1F,46,47,46,45,
17909839,00000123,false,Rx,0,8,B6,02,00,00,00,00,01,00,
17910215,00000124,false,Rx,0,8,00,00,0A,00,00,00,20,40,
17916660,0000010B,false,Rx,0,8,21,7A,F2,00,00,00,00,05,
17916743,0000010C,false,Rx,0,8,FF,F9,E7,1F,46,4F,48,48,
17917096,0000010D,false,Rx,0,8,B5,02,00,00,00,00,01,00,
17917240,0000010E,false,Rx,0,8,00,00,1E,00,00,C0,AB,57,
17921507,00000487,false,Rx,1,8,00,00,00,00,00,00,00,00,
17921699,000004E8,false,Rx,1,8,FF,FF,FF,05,FF,FF,FF,00,
17922216,00000642,false,Rx,1,8,FF,FF,FF,FF,FF,FF,00,00,
17922335,00000645,false,Rx,1,8,C7,35,06,79,E0,32,56,00,
17922488,0000012B,false,Rx,0,8,E9,38,AC,06,00,00,08,00,
17922554,0000011B,false,Rx,0,8,0F,68,AC,05,80,08,28,02,
17922883,0000012C,false,Rx,0,8,00,00,01,00,00,64,00,00,
17923020,0000011C,false,Rx,0,8,00,05,20,00,22,00,01,01,
17923283,00000161,false,Rx,0,8,B7,B8,56,03,00,00,00,02,
17923813,00000162,false,Rx,0,8,FF,FC,01,00,00,00,00,00,
17924377,0000030B,false,Rx,0,8,3D,8A,E6,00,04,00,00,00,
17924731,0000030C,false,Rx,0,8,00,00,0E,00,2C,00,A0,0F,
17924880,0000030D,false,Rx,0,8,00,00,00,00,FF,00,00,00,
17925126,0000030E,false,Rx,0,8,00,00,18,05,21,00,00,04,
17928844,00000036,false,Rx,0,8,10,42,07,51,00,00,25,05,
17929016,00000037,false,Rx,0,8,30,00,00,10,00,40,00,00,
17929270,00000038,false,Rx,0,8,04,00,00,00,60,39,96,D4,
17929577,00000039,false,Rx,0,8,00,00,00,00,00,00,00,00,
17930544,0000019B,false,Rx,0,8,5E,61,FD,00,00,E4,00,00,
17930642,0000019C,false,Rx,0,8,40,20,00,00,00,00,0B,09,
17930992,00000475,false,Rx,0,8,12,00,00,00,00,00,00,00,
17931278,0000019D,false,Rx,0,8,00,10,00,01,00,00,00,00,
17931396,00000496,false,Rx,0,8,12,00,00,00,00,00,00,00,
17931643,0000019E,false,Rx,0,8,15,00,00,00,00,32,00,00,
17931897,00000566,false,Rx,0,8,16,02,00,00,00,00,FF,FF,
17932476,000001A1,false,Rx,0,8,EF,1D,56,FE,F7,7F,64,00,
17932701,000001A2,false,Rx,0,8,44,00,00,00,27,08,00,00,
17932934,000001A3,false,Rx,0,8,FF,F3,3F,00,00,00,00,00,
17933160,00000383,false,Rx,0,8,5A,53,00,10,01,00,00,00,
17933512,000001A4,false,Rx,0,8,FE,07,00,00,00,00,00,00,
17933754,000001F1,false,Rx,0,8,5C,7C,81,01,00,00,28,00,
17934050,000001F2,false,Rx,0,8,00,00,00,00,00,00,00,00,
17940920,00000448,false,Rx,0,8,DE,80,00,00,00,00,00,00,
17942908,000001FB,false,Rx,0,8,73,AF,DE,00,00,00,00,00,
17943081,000001FC,false,Rx,0,8,00,00,00,00,00,00,00,00,
17943447,000001FD,false,Rx,0,8,00,1A,03,00,00,00,00,00,
17943766,000001FE,false,Rx,0,8,00,00,00,00,00,00,00,00,
17947704,00000061,false,Rx,0,8,FF,A5,87,00,00,00,00,00,
17947914,00000062,false,Rx,0,8,02,02,00,02,40,FF,00,FF,
17948141,00000063,false,Rx,0,8,00,00,05,00,00,08,FD,00,
17948473,00000064,false,Rx,0,8,00,00,00,04,FF,FA,00,00,
17948654,000000A1,false,Rx,0,8,62,7A,87,59,61,02,8A,00,
17948943,000000A2,false,Rx,0,8,00,00,00,00,00,00,00,00,
17949125,00000382,false,Rx,0,8,2B,FE,21,00,00,05,09,00,
17949381,000000A3,false,Rx,0,8,00,40,01,00,00,00,00,00,
17956641,000002BF,false,Rx,0,8,FF,FF,FF,00,00,00,00,00,
17956856,0000047F,false,Rx,0,8,F0,FC,FF,FF,FF,FF,FF,FF,
17957116,00000653,false,Rx,0,8,0A,19,03,01,02,2A,00,00,
17959255,00000151,false,Rx,0,8,7E,1E,E5,64,C8,00,28,18,
17959501,00000121,false,Rx,0,8,86,FB,ED,00,00,00,00,05,
17959736,000001F6,false,Rx,0,8,35,C2,E5,00,00,00,00,0E,
17959974,00000122,false,Rx,0,8,FF,D9,67,1F,46,47,46,45,
17960212,000001F7,false,Rx,0,8,26,00,DA,02,00,00,00,00,
17960453,00000123,false,Rx,0,8,B6,02,00,00,00,00,01,00,
17960701,000001F8,false,Rx,0,8,00,5E,01,45,01,00,00,00,
17960951,00000124,false,Rx,0,8,00,00,0A,00,00,00,20,40,
17961175,000001F9,false,Rx,0,8,4B,00,64,C8,14,00,4B,00,
17961414,00000152,false,Rx,0,8,14,17,17,00,51,00,00,00,
17961661,00000236,false,Rx,0,8,38,E9,E5,00,34,6C,AE,62,
17961861,000004A3,false,Rx,1,8,80,00,48,0B,3E,00,00,00,
17961933,00000153,false,Rx,0,8,00,00,00,00,00,00,00,00,
17962157,00000237,false,Rx,0,8,00,15,47,00,00,1E,1B,00,
17962291,000004A4,false,Rx,1,8,FF,FF,FF,00,00,00,00,00,
17962390,00000154,false,Rx,0,8,00,00,00,00,00,00,00,00,
17962628,00000238,false,Rx,0,8,00,00,72,00,00,00,00,00,
17962747,000004E8,false,Rx,1,8,FF,FF,FF,05,FF,FF,FF,00,
17962859,000002FB,false,Rx,0,8,32,C8,E5,04,72,1A,B4,B4,
17963130,00000239,false,Rx,0,8,00,00,00,00,01,00,00,00,
17963596,000002FC,false,Rx,0,8,0F,00,14,18,00,00,8E,43,
17963971,0000025B,false,Rx,0,8,F0,D7,E5,40,40,20,00,00,
17964210,000002FD,false,Rx,0,8,00,00,00,00,00,1C,13,EA,
17964331,0000025C,false,Rx,0,8,00,00,26,00,B4,2C,19,00,
17964400,000002FE,false,Rx,0,8,00,00,72,01,00,28,C8,02,
17964561,0000025D,false,Rx,0,8,00,C8,00,00,00,80,C0,70,
17965053,00000326,false,Rx,0,8,4C,B5,E5,00,00,00,00,00,
17965372,0000025E,false,Rx,0,8,5A,07,0E,08,00,00,46,00,
17965550,00000327,false,Rx,0,8,00,00,00,00,05,00,00,00,
17966280,00000328,false,Rx,0,8,DA,02,4B,00,00,5E,01,00,
17966425,00000329,false,Rx,0,8,64,45,01,00,00,00,00,00,
17966854,0000010B,false,Rx,0,8,5E,56,F7,00,00,00,00,05,
17966964,00000331,false,Rx,0,8,6F,10,E5,F1,C8,A0,2C,97,
17967019,0000010C,false,Rx,0,8,FF,F9,E7,1F,46,4F,48,48,
17967194,00000332,false,Rx,0,8,E8,08,FC,03,00,00,00,00,
17967516,0000010D,false,Rx,0,8,B5,02,00,00,00,00,01,00,
17967697,00000333,false,Rx,0,8,00,00,00,1C,0C,40,20,64,
17967924,0000010E,false,Rx,0,8,00,00,1E,00,00,C0,AB,57,
17968152,00000334,false,Rx,0,8,C8,00,00,00,08,44,F4,8F,
17972577,0000011B,false,Rx,0,8,76,72,B1,05,80,08,28,02,
17972775,0000012B,false,Rx,0,8,90,22,B1,06,00,00,08,00,
17973002,0000011C,false,Rx,0,8,00,05,20,00,22,00,01,01,
17973259,0000012C,false,Rx,0,8,00,00,01,00,00,64,00,00,
17973499,00000091,false,Rx,0,8,B2,F8,E8,27,06,00,00,00,
17973800,00000092,false,Rx,0,8,27,00,00,00,70,02,00,00,
17974059,00000093,false,Rx,0,8,00,00,00,00,00,00,00,00,
17974333,00000094,false,Rx,0,8,00,00,00,00,00,00,00,00,
17977243,000001E6,false,Rx,0,8,02,D0,CA,02,00,00,00,00,
17977472,000001BB,false,Rx,0,8,64,62,CA,02,00,00,00,0A,
17977719,000001BC,false,Rx,0,8,32,00,00,00,02,00,00,00,
17977991,000001BD,false,Rx,0,8,00,00,00,00,00,00,00,00,
17978236,000001E7,false,Rx,0,8,00,00,22,03,20,01,00,00,
17978484,00000256,false,Rx,0,8,E6,F3,E4,15,40,00,F0,00,
17978707,00000036,false,Rx,0,8,A8,43,0C,51,00,00,25,05,
17978960,00000257,false,Rx,0,8,00,94,41,19,85,07,00,94,
17979190,00000037,false,Rx,0,8,30,00,00,10,00,40,00,00,
17979425,00000258,false,Rx,0,8,36,ED,1A,00,10,15,00,28,
17979668,00000038,false,Rx,0,8,04,00,00,00,60,39,96,D4,
17980016,00000259,false,Rx,0,8,62,05,8D,3C,4C,02,00,00,
17980151,00000039,false,Rx,0,8,00,00,00,00,00,00,00,00,
17980393,000002E6,false,Rx,0,8,8D,2A,E4,01,00,00,00,15,
17980636,0000019B,false,Rx,0,8,28,2D,02,00,00,E4,00,00,
17980886,000002E7,false,Rx,0,8,0A,00,00,00,00,00,00,00,
17981122,0000019C,false,Rx,0,8,40,20,00,00,00,00,0B,09,
17981376,000002E8,false,Rx,0,8,00,00,00,00,00,00,00,00,
17981618,0000019D,false,Rx,0,8,00,10,00,01,00,00,00,00,
17981857,00000226,false,Rx,0,8,69,07,37,FF,63,60,09,42,
17982090,0000019E,false,Rx,0,8,15,00,00,00,00,32,00,00,
17982326,00000227,false,Rx,0,8,02,94,00,09,03,F1,9F,03,
17982590,000002E9,false,Rx,0,8,00,00,00,00,00,00,00,00,
17982824,00000384,false,Rx,0,8,BA,56,0D,01,00,FF,00,24,
17989984,0000042A,false,Rx,0,8,8E,83,0C,02,00,10,00,00,
17990956,00000396,false,Rx,0,8,FA,96,F2,0F,08,02,00,02,
17991162,00000397,false,Rx,0,8,35,00,43,10,3F,07,00,00,
17991413,00000398,false,Rx,0,8,00,00,00,00,00,00,00,00,
17997140,00000146,false,Rx,0,8,B5,8B,88,10,04,05,00,00,
17997349,00000147,false,Rx,0,8,01,04,7D,00,40,46,07,00,
17997593,00000148,false,Rx,0,8,00,00,42,00,1E,89,40,05,
17997832,00000061,false,Rx,0,8,47,A4,8C,00,00,00,00,00,
17998066,00000149,false,Rx,0,8,00,38,00,CC,00,00,00,00,
17998306,00000062,false,Rx,0,8,02,02,00,02,40,FF,00,FF,
17998587,00000063,false,Rx,0,8,00,00,05,00,00,08,FD,00,
17998834,00000064,false,Rx,0,8,00,00,00,04,FF,FA,00,00,
17999080,000000A1,false,Rx,0,8,5E,8B,8C,59,61,02,8A,00,
17999371,000000A2,false,Rx,0,8,00,00,00,00,00,00,00,00,
17999635,000000A3,false,Rx,0,8,00,40,01,00,00,00,00,00,
18001802,000001AB,false,Rx,0,8,0F,94,17,50,70,90,00,00,
18002047,000001AC,false,Rx,0,8,00,28,00,00,00,00,00,00,
18002940,0000036F,false,Rx,0,8,38,D1,01,00,00,00,00,00,
18003133,0000037F,false,Rx,0,8,93,40,52,24,41,02,00,00,
18005954,000001B1,false,Rx,0,8,23,EF,88,00,72,00,00,00,
18006130,000001B2,false,Rx,0,8,23,00,04,B7,0F,08,50,10,
18006454,000001B3,false,Rx,0,8,10,33,37,00,5A,7B,6A,7D,
18006716,000001B4,false,Rx,0,8,65,7D,10,00,00,41,00,00,
18009371,00000121,false,Rx,0,8,C2,4B,F2,00,00,00,00,05,
18009577,00000122,false,Rx,0,8,FF,D9,67,1F,46,47,46,45,
18009849,00000123,false,Rx,0,8,B6,02,00,00,00,00,01,00,
18010122,00000124,false,Rx,0,8,00,00,0A,00,00,00,20,40,
18011927,000003B0,false,Rx,0,8,72,37,FF,C7,00,00,03,C0,
18016656,0000010B,false,Rx,0,8,E6,57,FC,00,00,00,00,05,
18016741,0000010C,false,Rx,0,8,FF,F9,E7,1F,46,4F,48,48,
18016988,0000010D,false,Rx,0,8,B5,02,00,00,00,00,01,00,
18017234,0000010E,false,Rx,0,8,00,00,1E,00,00,C0,AB,57,
18019803,000003B2,false,Rx,0,8,36,15,FF,02,29,2F,34,00,
18020832,00000485,false,Rx,0,8,00,40,11,02,00,00,00,00,
18022326,0000012B,false,Rx,0,8,0F,4A,B6,06,00,00,08,00,
18022502,0000011B,false,Rx,0,8,E9,1A,B6,05,80,08,28,02,
18022762,0000012C,false,Rx,0,8,00,00,01,00,00,64,00,00,
18023007,0000011C,false,Rx,0,8,00,05,20,00,22,00,01,01,
18023227,00000161,false,Rx,0,8,C4,81,5B,03,00,00,00,02,
18023483,000001E1,false,Rx,0,8,06,F5,BE,02,00,00,00,00,
18023721,00000162,false,Rx,0,8,FF,FC,01,00,00,00,00,00,
18023973,000001E2,false,Rx,0,8,00,00,00,00,00,00,00,00,
18024220,00000405,false,Rx,0,8,D2,10,00,00,00,01,00,00,
18024470,00000413,false,Rx,0,8,08,60,00,00,00,00,00,00,
18024698,00000410,false,Rx,0,8,6A,60,57,3C,DE,6A,FF,FF,
18024958,00000414,false,Rx,0,8,41,70,00,00,28,00,00,00,
18025187,00000411,false,Rx,0,8,04,D1,50,51,00,00,44,04,
18025444,00000416,false,Rx,0,8,55,00,00,00,00,00,00,00,
18025684,00000412,false,Rx,0,8,CC,E0,00,00,00,00,00,00,
18025939,00000417,false,Rx,0,8,20,E0,00,00,00,00,00,00,
18026195,00000418,false,Rx,0,8,07,C0,00,00,14,0C,00,00,
18026455,00000419,false,Rx,0,8,62,00,26,D5,2D,87,90,00,
18028199,00000516,false,Rx,0,8,61,02,00,00,00,00,FF,FF,
18028723,00000036,false,Rx,0,8,60,41,11,51,00,00,25,05,
18028970,00000380,false,Rx,0,8,96,92,03,08,08,08,08,01,
18029221,00000037,false,Rx,0,8,30,00,00,10,00,40,00,00,
18029459,00000038,false,Rx,0,8,04,00,00,00,60,39,96,D4,
18029719,000003A1,false,Rx,0,8,2C,F2,DA,00,FF,FF,FF,FF,
18029967,00000039,false,Rx,0,8,00,00,00,00,00,00,00,00,
18030213,000003A2,false,Rx,0,8,00,00,00,00,00,00,00,00,
18030461,0000019B,false,Rx,0,8,57,01,07,00,00,E4,00,00,
18030735,0000019C,false,Rx,0,8,40,20,00,00,00,00,0B,09,
18030972,00000427,false,Rx,0,8,1D,86,FF,00,80,0A,00,00,
18031207,0000019D,false,Rx,0,8,00,10,00,01,00,00,00,00,
18031460,0000019E,false,Rx,0,8,15,00,00,00,00,32,00,00,
18032369,000001A1,false,Rx,0,8,E2,DB,5B,FE,F7,7F,64,00,
18032615,000001A2,false,Rx,0,8,44,00,00,00,27,08,00,00,
18032810,000000C5,false,Rx,1,8,00,00,00,00,00,00,00,00,
18032871,000001A3,false,Rx,0,8,FF,F3,3F,00,00,00,00,00,
18033199,00000244,false,Rx,1,8,FF,FF,FF,FF,FF,FF,FF,FF,
18033357,000001A4,false,Rx,0,8,FE,07,00,00,00,00,00,00,
18033689,000003E4,false,Rx,1,8,FE,00,00,00,00,00,00,00,
18034142,000004B4,false,Rx,1,8,00,00,05,40,10,70,04,00,
18034641,000004B5,false,Rx,1,8,08,00,F0,07,00,00,00,00,
18035118,000004B7,false,Rx,1,8,08,00,F0,07,00,00,00,00,
18035620,000004CA,false,Rx,1,8,00,00,00,00,00,00,00,00,
18035918,000004CC,false,Rx,1,8,08,00,00,06,00,00,03,00,
18036167,000004CE,false,Rx,1,8,DE,01,00,00,00,00,F8,FF,
18036435,000004D7,false,Rx,1,8,23,01,00,00,00,00,00,00,
18036688,000004D8,false,Rx,1,8,41,10,F0,F0,40,F2,1E,CC,
18036959,000004DD,false,Rx,1,8,00,00,FE,00,04,00,00,00,
18037226,000004DF,false,Rx,1,8,00,00,08,00,00,00,00,00,
18037483,000004E7,false,Rx,1,8,00,30,00,00,00,00,69,00,
18037750,000004E8,false,Rx,1,8,FF,FF,FF,05,FF,FF,FF,00,
18038029,000004E9,false,Rx,1,8,12,00,00,34,00,00,50,00,
18038295,000004EA,false,Rx,1,8,67,00,00,89,00,00,00,00,
18038567,000004EB,false,Rx,1,8,02,80,16,1B,80,00,00,00,
18038834,000004EC,false,Rx,1,8,00,00,00,00,00,00,00,00,
18039114,000004ED,false,Rx,1,8,00,00,00,00,00,FF,FF,1F,
18039367,000004EE,false,Rx,1,8,FF,FF,00,00,00,00,00,00,
18039647,000004EF,false,Rx,1,8,60,00,60,00,2B,14,00,00,
18039925,0000063D,false,Rx,1,8,00,80,00,00,00,00,00,00,
18040184,0000063E,false,Rx,1,8,FF,FF,FF,FF,FF,FF,FF,FF,
18040467,0000063F,false,Rx,1,8,00,10,00,C4,FF,00,00,00,
18040710,00000640,false,Rx,1,8,FF,FF,FF,00,FF,FF,FF,00,
18040999,00000641,false,Rx,1,8,FF,FF,FF,FF,0F,FF,FF,FF,
18041256,00000646,false,Rx,1,8,00,00,00,80,01,00,00,00,
18043678,000000FF,false,Rx,0,8,CB,10,00,00,00,00,02,00,
18044412,00000394,false,Rx,0,8,2A,22,1A,49,00,00,00,00,
18044591,000003C3,false,Rx,0,8,45,10,31,30,36,00,00,00,
18044886,000003E0,false,Rx,0,8,01,70,01,00,54,03,00,00,
18045729,000003E5,false,Rx,0,8,8E,90,01,00,00,00,00,00,
18045903,000003E6,false,Rx,0,8,7F,00,00,00,00,00,00,00,
18046119,0000041A,false,Rx,0,8,95,40,12,00,00,00,00,00,
18046352,0000041B,false,Rx,0,8,60,30,00,00,00,00,00,00,
18046596,00000415,false,Rx,0,8,40,13,10,00,08,01,00,00,
18046860,0000041C,false,Rx,0,8,E9,80,E0,00,00,00,00,00,
18047120,00000422,false,Rx,0,8,EA,C0,01,00,00,00,04,00,
18047516,00000432,false,Rx,0,8,03,20,02,00,00,00,00,00,
18047770,00000061,false,Rx,0,8,8F,A6,91,00,00,00,00,00,
18048106,00000062,false,Rx,0,8,02,02,00,02,40,FF,00,FF,
18048451,00000063,false,Rx,0,8,00,00,05,00,00,08,FD,00,
18048621,00000064,false,Rx,0,8,00,00,00,04,FF,FA,00,00,
18048847,000000A1,false,Rx,0,8,3B,88,91,59,61,02,8A,00,
18049093,00000435,false,Rx,0,8,9F,D0,00,40,00,00,00,00,
18049338,000000A2,false,Rx,0,8,00,00,00,00,00,00,00,00,
18049572,00000442,false,Rx,0,8,CE,20,11,81,00,00,00,00,
18049821,000000A3,false,Rx,0,8,00,40,01,00,00,00,00,00,
18050051,00000444,false,Rx,0,8,6C,30,20,50,55,50,00,00,
18050450,00000445,false,Rx,0,8,08,60,00,00,00,00,00,18,
18050913,00000464,false,Rx,0,8,B2,70,F0,FF,38,7F,05,00,
18059491,00000121,false,Rx,0,8,4B,A1,F7,00,00,00,00,05,
18059676,00000122,false,Rx,0,8,FF,D9,67,1F,46,48,46,45,
18059943,00000123,false,Rx,0,8,B6,02,00,00,00,00,01,00,
18060186,00000124,false,Rx,0,8,00,00,0A,00,00,00,20,40,
18066532,0000010B,false,Rx,0,8,1C,A9,01,00,00,00,00,05,
18066718,0000010C,false,Rx,0,8,FF,F9,E7,1F,46,4F,48,48,
18066967,0000010D,false,Rx,0,8,B5,02,00,00,00,00,01,00,
18067222,0000010E,false,Rx,0,8,00,00,1E,00,00,C0,AB,57,
18072579,0000011B,false,Rx,0,8,9A,23,BB,05,80,08,28,02,
18072764,0000012B,false,Rx,0,8,7C,73,BB,06,00,00,08,00,
18073014,0000011C,false,Rx,0,8,00,05,20,00,22,00,01,01,
18073255,0000012C,false,Rx,0,8,00,00,01,00,00,64,00,00,
18073485,00000091,false,Rx,0,8,F4,A1,E9,27,06,00,00,00,
18073736,00000092,false,Rx,0,8,27,00,00,00,70,02,00,00,
18073990,00000093,false,Rx,0,8,00,00,00,00,00,00,00,00,
18074255,00000094,false,Rx,0,8,00,00,00,00,00,00,00,00,
18078752,00000036,false,Rx,0,8,93,DF,16,51,00,00,25,05,
18078956,00000037,false,Rx,0,8,30,00,00,10,00,40,00,00,
18079194,00000038,false,Rx,0,8,04,00,00,00,60,39,96,D4,
18079491,00000039,false,Rx,0,8,00,00,00,00,00,00,00,00,
18079718,000003AA,false,Rx,0,8,FF,00,D0,00,54,00,00,00,
18080048,000003B6,false,Rx,0,8,59,2F,F2,00,00,00,00,46,
18080299,000003B7,false,Rx,0,8,46,00,00,00,00,00,00,00,
18080553,0000019B,false,Rx,0,8,EF,00,0C,00,00,E4,00,00,
18080788,000003B8,false,Rx,0,8,B2,02,00,00,00,00,69,0E,
18081031,0000019C,false,Rx,0,8,40,20,00,00,00,00,0B,09,
18081278,000003B9,false,Rx,0,8,00,00,00,00,00,00,00,00,
18081526,0000019D,false,Rx,0,8,00,10,00,01,00,00,00,00,
18081764,000002D6,false,Rx,0,8,E8,46,F2,00,00,00,00,00,
18082005,0000019E,false,Rx,0,8,15,00,00,00,00,32,00,00,
18082258,000002D7,false,Rx,0,8,00,00,00,00,03,00,00,00,
18082494,000001F1,false,Rx,0,8,AA,54,84,01,00,00,28,00,
18082736,000002D8,false,Rx,0,8,00,00,00,00,00,00,38,47,
18082998,000001F2,false,Rx,0,8,00,00,00,00,00,00,00,00,
18083243,000002D9,false,Rx,0,8,00,00,00,00,00,00,00,00,
18083481,000002FF,false,Rx,0,8,D4,CB,00,71,02,00,00,00,
18083727,00000401,false,Rx,0,8,C6,10,10,00,00,04,00,00,
18083960,000002EB,false,Rx,0,8,DA,F3,F2,07,08,02,00,02,
18084208,00000495,false,Rx,0,8,49,00,00,00,00,00,00,00,
18084450,000002EC,false,Rx,0,8,07,00,CF,00,59,00,00,00,
18084679,00000472,false,Rx,0,8,5C,EC,00,40,08,41,00,45,
18084942,000002ED,false,Rx,0,8,00,00,00,00,00,00,00,00,
18085175,00000473,false,Rx,0,8,5F,24,00,25,00,00,00,78,
18085413,000002EE,false,Rx,0,8,00,00,00,00,00,00,00,00,
18085669,00000474,false,Rx,0,8,91,72,00,00,00,00,00,08,
18085909,00000316,false,Rx,0,8,C3,D1,9C,34,06,80,0A,00,
18086157,00000317,false,Rx,0,8,00,00,05,00,00,00,00,00,
18089121,00000251,false,Rx,0,8,D8,F5,E6,00,00,00,00,00,
18089430,00000252,false,Rx,0,8,00,00,1B,1B,03,00,00,00,
18089626,00000253,false,Rx,0,8,00,00,00,58,58,00,80,4D,
18089939,000002AB,false,Rx,0,8,5A,81,E9,0C,0C,00,00,00,
18090152,000003B1,false,Rx,0,8,C1,DE,00,80,00,00,20,00,
18090359,000002AC,false,Rx,0,8,00,FF,FF,00,00,40,00,54,
18090644,000002AD,false,Rx,0,8,00,01,00,40,FF,FF,FF,0F,
18090936,000002AE,false,Rx,0,8,01,00,FF,3F,01,01,00,00,
18091172,000002B6,false,Rx,0,8,E0,A7,E9,01,00,00,00,40,
18091437,000002B7,false,Rx,0,8,9F,00,50,1C,00,04,00,00,
18091690,000002B8,false,Rx,0,8,FF,F8,10,00,00,00,00,00,
18091964,000002B9,false,Rx,0,8,0A,00,00,00,00,00,00,00,
18092197,000002C1,false,Rx,0,8,EF,E6,F5,21,00,41,00,D4,
18092791,000002C2,false,Rx,0,8,2E,00,00,00,00,00,00,00,
18092858,000002C3,false,Rx,0,8,00,00,00,00,00,00,00,00,
18093060,000004F0,false,Rx,1,8,4A,10,16,1C,5C,1A,0B,02,
18093126,000002C4,false,Rx,0,8,00,00,00,00,00,00,00,00,
18093300,000002E1,false,Rx,0,8,66,EC,E9,00,00,00,00,40,
18093467,0000033B,false,Rx,0,8,02,EB,E8,00,00,00,00,00,
18093723,000002E2,false,Rx,0,8,FD,00,00,00,00,14,00,04,
18093982,0000033C,false,Rx,0,8,00,00,00,00,F0,00,00,00,
18094408,000002E3,false,Rx,0,8,00,00,00,00,00,00,72,01,
18094467,0000033D,false,Rx,0,8,00,00,00,00,00,00,00,00,
18094739,000002E4,false,Rx,0,8,02,00,00,00,00,00,00,00,
18094979,0000033E,false,Rx,0,8,00,00,00,00,00,00,00,00,
18095246,00000356,false,Rx,0,8,22,68,F4,00,00,00,00,00,
18095690,00000357,false,Rx,0,8,00,00,00,00,00,4B,4D,48,
18095946,00000358,false,Rx,0,8,35,41,45,4D,52,37,33,4F,
18096177,00000359,false,Rx,0,8,51,4F,34,52,4A,35,33,00,
18097087,00000146,false,Rx,0,8,CA,A7,8D,10,04,05,00,00,
18097325,00000147,false,Rx,0,8,01,04,7D,00,40,46,07,00,
18097630,00000061,false,Rx,0,8,7C,38,96,00,00,00,00,00,
18097895,00000148,false,Rx,0,8,00,00,42,00,1E,89,40,05,
18098115,00000062,false,Rx,0,8,02,02,00,02,40,FF,00,FF,
18098343,00000149,false,Rx,0,8,00,38,00,CC,00,00,00,00,
18098598,00000063,false,Rx,0,8,00,00,05,00,00,08,FD,00,
18098863,00000064,false,Rx,0,8,00,00,00,04,FF,FA,00,00,
18099116,000000A1,false,Rx,0,8,32,0D,96,59,61,02,8A,00,
18099382,000000A2,false,Rx,0,8,00,00,00,00,00,00,00,00,
18099646,000000A3,false,Rx,0,8,00,40,01,00,00,00,00,00,
18101922,000001AB,false,Rx,0,8,C7,6D,1C,50,70,90,00,00,
18102179,000001AC,false,Rx,0,8,00,28,00,00,00,00,00,00,
18102488,00000111,false,Rx,0,8,07,29,22,01,00,00,00,00,
18102750,00000112,false,Rx,0,8,00,00,00,00,00,00,00,00,
18103007,00000113,false,Rx,0,8,00,00,00,00,00,00,00,00,
18103245,0000036F,false,Rx,0,8,EE,E1,01,00,00,00,00,00,
18103492,00000114,false,Rx,0,8,00,00,00,00,00,00,00,00,
18103909,0000037F,false,Rx,0,8,2A,50,52,24,41,02,00,00,
18105937,000001B1,false,Rx,0,8,5C,C3,8D,00,72,00,00,00,
18106099,000001B2,false,Rx,0,8,23,00,04,B7,0F,08,50,10,
18106342,000001B3,false,Rx,0,8,10,33,37,00,5A,7B,6A,7D,
18106591,000001B4,false,Rx,0,8,65,7D,10,00,00,41,00,00,
18109390,00000121,false,Rx,0,8,F3,A0,FC,00,00,00,00,05,
18109559,00000122,false,Rx,0,8,FF,D9,67,1F,46,48,46,45,
18109817,00000123,false,Rx,0,8,B6,02,00,00,00,00,01,00,
18110070,00000124,false,Rx,0,8,00,00,0A,00,00,00,20,40,
18116542,0000010B,false,Rx,0,8,EF,37,06,00,00,00,00,05,
18116719,0000010C,false,Rx,0,8,FF,F9,E7,1F,46,4F,48,48,
18116973,0000010D,false,Rx,0,8,B5,02,00,00,00,00,01,00,
18117213,0000010E,false,Rx,0,8,00,00,1E,00,00,C0,AB,57,
18122343,00000161,false,Rx,0,8,12,1D,60,03,00,00,00,02,
18122479,0000011B,false,Rx,0,8,64,33,C0,05,80,08,28,02,
18122624,00000487,false,Rx,1,8,00,00,00,00,00,00,00,00,
18122763,00000162,false,Rx,0,8,FF,FC,01,00,00,00,00,00,
18122990,0000011C,false,Rx,0,8,00,05,20,00,22,00,01,01,
18123104,00000642,false,Rx,1,8,FF,FF,FF,FF,FF,FF,00,00,
18123226,0000012B,false,Rx,0,8,82,63,C0,06,00,00,08,00,
18123736,0000012C,false,Rx,0,8,00,00,01,00,00,64,00,00,
18124303,0000030B,false,Rx,0,8,FB,BC,E8,00,04,00,00,00,
18124636,0000030C,false,Rx,0,8,00,00,0E,00,2C,00,A0,0F,
18124886,0000030D,false,Rx,0,8,00,00,00,00,FF,00,00,00,
18125151,0000030E,false,Rx,0,8,00,00,18,05,21,00,00,0A,
18127140,000001E6,false,Rx,0,8,9D,B8,CD,02,00,00,00,00,
18127399,000001BB,false,Rx,0,8,6D,E7,CD,02,00,00,00,0A,
18127664,000001BC,false,Rx,0,8,32,00,00,00,02,00,00,00,
18127961,000001BD,false,Rx,0,8,00,00,00,00,00,00,00,00,
18128386,000001E7,false,Rx,0,8,00,00,22,03,20,01,00,00,
18128697,00000036,false,Rx,0,8,9E,19,1B,51,00,00,25,05,
18129011,00000037,false,Rx,0,8,30,00,00,10,00,40,00,00,
18129240,00000561,false,Rx,0,8,63,02,00,00,00,00,FF,FF,
18129484,00000038,false,Rx,0,8,04,00,00,00,60,39,96,D4,
18129744,00000039,false,Rx,0,8,00,00,00,00,00,00,00,00,
18130412,0000019B,false,Rx,0,8,27,02,11,00,00,E4,00,00,
18130705,0000019C,false,Rx,0,8,40,20,00,00,00,00,0B,09,
18130924,0000019D,false,Rx,0,8,00,10,00,01,00,00,00,00,
18131153,00000475,false,Rx,0,8,12,00,00,00,00,00,00,00,
18131398,0000019E,false,Rx,0,8,15,00,00,00,00,32,00,00,
18131679,00000496,false,Rx,0,8,12,00,00,00,00,00,00,00,
18132387,000001A1,false,Rx,0,8,34,87,60,FE,F7,7F,64,00,
18132658,000001A2,false,Rx,0,8,44,00,00,00,27,08,00,00,
18132755,000004F0,false,Rx,1,8,4A,10,16,1C,5C,1A,0B,02,
18132927,000001A3,false,Rx,0,8,FF,F3,3F,00,00,00,00,00,
18133232,00000643,false,Rx,1,8,00,FC,FF,FF,FF,FF,03,00,
18133453,000001A4,false,Rx,0,8,FE,07,00,00,00,00,00,00,
18133672,00000383,false,Rx,0,8,5A,53,00,10,01,00,00,00,
18140709,00000448,false,Rx,0,8,DE,80,00,00,00,00,00,00,
18142862,000001FB,false,Rx,0,8,DA,DF,E0,00,00,00,00,00,
18143115,000001FC,false,Rx,0,8,00,00,00,00,00,00,00,00,
18143359,000001FD,false,Rx,0,8,00,1A,03,00,00,00,00,00,
18143628,000001FE,false,Rx,0,8,00,00,00,00,00,00,00,00,
18147715,00000061,false,Rx,0,8,71,FE,9B,00,00,00,00,00,
18147913,00000062,false,Rx,0,8,02,02,00,02,40,FF,00,FF,
18148149,00000063,false,Rx,0,8,00,00,05,00,00,08,FD,00,
18148693,00000064,false,Rx,0,8,00,00,00,04,FF,FA,00,00,
18148778,000000A1,false,Rx,0,8,04,4E,9B,59,61,02,8A,00,
18149051,000000A2,false,Rx,0,8,00,00,00,00,00,00,00,00,
18149164,00000382,false,Rx,0,8,2B,FE,21,00,00,05,09,00,
18149398,000000A3,false,Rx,0,8,00,40,01,00,00,00,00,00,
18156675,000002BF,false,Rx,0,8,FF,FF,FF,00,00,00,00,00,
18157134,0000047F,false,Rx,0,8,F0,FC,FF,FF,FF,FF,FF,FF,
18157395,00000653,false,Rx,0,8,0A,19,03,01,02,2A,00,00,
18158400,00000151,false,Rx,0,8,F2,AC,E7,64,C8,00,28,18,
18158599,00000152,false,Rx,0,8,14,17,17,00,51,00,00,00,
18158866,00000153,false,Rx,0,8,00,00,00,00,00,00,00,00,
18159117,00000154,false,Rx,0,8,00,00,00,00,00,00,00,00,
18159376,000001F6,false,Rx,0,8,B9,70,E7,00,00,00,00,0E,
18159603,00000121,false,Rx,0,8,09,5E,01,00,00,00,00,05,
18159848,000001F7,false,Rx,0,8,26,00,DA,02,00,00,00,00,
18160071,00000122,false,Rx,0,8,FF,D9,67,1F,46,48,46,45,
18160317,000001F8,false,Rx,0,8,00,5E,01,45,01,00,00,00,
18160559,00000123,false,Rx,0,8,B6,02,00,00,00,00,01,00,
18160812,000001F9,false,Rx,0,8,4B,00,64,C8,14,00,4B,00,
18161055,00000124,false,Rx,0,8,00,00,0A,00,00,00,20,40,
18161269,00000236,false,Rx,0,8,B4,5B,E7,00,34,6C,AE,62,
18161519,000002FB,false,Rx,0,8,BE,7A,E7,04,72,1A,B4,B4,
18161731,00000237,false,Rx,0,8,00,15,47,00,00,1E,1B,00,
18161986,000002FC,false,Rx,0,8,0F,00,14,18,00,00,8E,43,
18162219,00000238,false,Rx,0,8,00,00,72,00,00,00,00,00,
18162480,000002FD,false,Rx,0,8,00,00,00,00,00,1C,13,EA,
18162761,000004A3,false,Rx,1,8,80,00,48,0B,3E,00,00,00,
18162961,00000239,false,Rx,0,8,00,00,00,00,01,00,00,00,
18163023,000002FE,false,Rx,0,8,00,00,72,01,00,28,C8,02,
18163203,000004A4,false,Rx,1,8,FF,FF,FF,00,00,00,00,00,
18163263,0000025B,false,Rx,0,8,C8,91,E7,40,40,20,00,00,
18163487,00000326,false,Rx,0,8,C0,07,E7,00,00,00,00,00,
18163751,0000025C,false,Rx,0,8,00,00,26,00,B4,2C,19,00,
18163948,00000327,false,Rx,0,8,00,00,00,00,05,00,00,00,
18164163,0000025D,false,Rx,0,8,00,C8,00,00,00,80,C0,70,
18164452,00000328,false,Rx,0,8,DA,02,4B,00,00,5E,01,00,
18164645,0000025E,false,Rx,0,8,04,07,0E,01,00,00,46,00,
18164887,00000329,false,Rx,0,8,64,45,01,00,00,00,00,00,
18165362,00000331,false,Rx,0,8,E3,A2,E7,F1,C8,A0,2C,97,
18165857,00000332,false,Rx,0,8,E8,08,FC,03,00,00,00,00,
18166104,00000333,false,Rx,0,8,00,00,00,1C,0C,40,20,64,
18166382,00000334,false,Rx,0,8,C8,00,00,00,08,44,F4,8F,
18166609,0000010B,false,Rx,0,8,E2,F1,0B,00,00,00,00,05,
18166838,0000010C,false,Rx,0,8,FF,F9,E7,1F,46,4F,48,48,
18167346,0000010D,false,Rx,0,8,B5,02,00,00,00,00,01,00,
18167859,0000010E,false,Rx,0,8,00,00,1E,00,00,C0,AB,57,
18172711,0000011B,false,Rx,0,8,92,1B,C5,05,80,08,28,02,
18172875,000004F0,false,Rx,1,8,4A,10,16,1C,5C,1A,0B,02,
18173001,0000012B,false,Rx,0,8,74,4B,C5,06,00,00,08,00,
18173150,0000011C,false,Rx,0,8,00,05,20,00,22,00,01,01,
18173265,0000012C,false,Rx,0,8,00,00,01,00,00,64,00,00,
18173527,00000091,false,Rx,0,8,F3,B4,EA,27,06,00,00,00,
18173744,000001E1,false,Rx,0,8,2A,65,C1,02,00,00,00,00,
18173979,00000092,false,Rx,0,8,28,00,00,00,80,02,00,00,
18174230,000001E2,false,Rx,0,8,00,00,00,00,00,00,00,00,
18174490,00000093,false,Rx,0,8,00,00,00,00,00,00,00,00,
18174987,00000094,false,Rx,0,8,00,00,00,00,00,00,00,00,
18178555,00000256,false,Rx,0,8,6E,B7,E6,15,40,00,00,01,
18178724,00000036,false,Rx,0,8,48,45,20,51,00,00,25,05,
18178975,00000257,false,Rx,0,8,00,94,41,1A,85,07,00,94,
18179216,00000037,false,Rx,0,8,30,00,00,10,00,40,00,00,
18179459,00000258,false,Rx,0,8,36,EE,1A,00,10,15,00,28,
18179692,00000038,false,Rx,0,8,04,00,00,00,60,39,96,D4,
18179957,00000259,false,Rx,0,8,67,05,8E,3C,4C,02,00,00,
18180180,00000039,false,Rx,0,8,00,00,00,00,00,00,00,00,
18180415,0000019B,false,Rx,0,8,D4,9C,16,00,00,E4,00,00,
18180654,000002E6,false,Rx,0,8,01,98,E6,01,00,00,00,15,
18180936,0000019C,false,Rx,0,8,40,20,00,00,00,00,0B,09,
18181145,000002E7,false,Rx,0,8,0A,00,00,00,00,00,00,00,
18181394,0000019D,false,Rx,0,8,00,10,00,01,00,00,00,00,
18181629,00000226,false,Rx,0,8,57,D6,39,FF,63,60,09,42,
18181866,0000019E,false,Rx,0,8,15,00,00,00,00,32,00,00,
18182105,00000227,false,Rx,0,8,02,94,00,09,03,F1,9F,03,
18182353,000002E8,false,Rx,0,8,00,00,00,00,00,00,00,00,
18182771,00000384,false,Rx,0,8,BA,56,0D,01,00,FF,00,24,
18182829,000002E9,false,Rx,0,8,00,00,00,00,00,00,00,00,
18189993,0000042A,false,Rx,0,8,8E,83,0C,02,00,10,00,00,
18190960,00000396,false,Rx,0,8,78,55,F3,0F,08,02,00,02,
18191149,00000397,false,Rx,0,8,1C,00,43,10,3F,07,00,00,
18191406,00000398,false,Rx,0,8,00,00,00,00,00,00,00,00,
18197217,00000146,false,Rx,0,8,B5,79,92,10,04,05,00,00,
18197380,00000147,false,Rx,0,8,01,04,7D,00,40,45,07,00,
18197631,00000148,false,Rx,0,8,00,00,42,00,1E,89,40,05,
18197879,00000061,false,Rx,0,8,A7,A2,A0,00,00,00,00,00,
18198112,00000149,false,Rx,0,8,00,38,00,CC,00,00,00,00,
18198388,00000062,false,Rx,0,8,02,02,00,02,40,FF,00,FF,
18198645,00000063,false,Rx,0,8,00,00,05,00,00,08,FD,00,
18198876,00000064,false,Rx,0,8,00,00,00,04,FF,FA,00,00,
18199109,000000A1,false,Rx,0,8,CD,7F,A0,59,61,02,8A,00,
18199369,000000A2,false,Rx,0,8,00,00,00,00,00,00,00,00,
18199655,000000A3,false,Rx,0,8,00,40,01,00,00,00,00,00,
18201737,000001AB,false,Rx,0,8,AA,31,21,50,70,90,00,00,
18202138,000001AC,false,Rx,0,8,00,28,00,00,00,00,00,00,
18202958,0000036F,false,Rx,0,8,FE,01,01,00,00,00,00,00,
18203175,0000037F,false,Rx,0,8,FC,60,52,24,41,02,00,00,
18205949,000001B1,false,Rx,0,8,18,73,92,00,72,00,00,00,
18206108,000001B2,false,Rx,0,8,23,00,04,B7,0F,08,50,10,
18206351,000001B3,false,Rx,0,8,10,33,37,00,5A,7B,6A,7D,
18206708,000001B4,false,Rx,0,8,65,7D,10,00,00,41,00,00,
18209397,00000121,false,Rx,0,8,0C,06,06,00,00,00,00,05,
18209566,00000122,false,Rx,0,8,FF,D9,67,1F,46,47,46,45,
18209809,00000123,false,Rx,0,8,B6,02,00,00,00,00,01,00,
18210072,00000124,false,Rx,0,8,00,00,0A,00,00,00,20,40,
18211809,000003B0,false,Rx,0,8,72,37,FF,C7,00,00,03,C0,
18216548,0000010B,false,Rx,0,8,9F,34,10,00,00,00,00,05,
18216711,0000010C,false,Rx,0,8,FF,F9,E7,1F,46,4F,48,48,
18216975,0000010D,false,Rx,0,8,B5,02,00,00,00,00,01,00,
18217219,0000010E,false,Rx,0,8,00,00,1E,00,00,C0,AB,57,
18218378,00000563,false,Rx,1,8,65,02,00,00,00,00,FF,FF,
18219819,000003B2,false,Rx,0,8,36,15,FF,02,29,2F,34,00,
18222354,00000161,false,Rx,0,8,E4,35,65,03,00,00,00,02,
18222626,0000011B,false,Rx,0,8,88,62,CA,05,80,08,28,02,
18222757,00000162,false,Rx,0,8,FF,FC,01,00,00,00,00,00,
18223070,0000011C,false,Rx,0,8,00,05,20,00,22,00,01,01,
18223244,0000012B,false,Rx,0,8,6E,32,CA,06,00,00,08,00,
18223483,00000405,false,Rx,0,8,D2,10,00,00,00,01,00,00,
18223744,0000012C,false,Rx,0,8,00,00,01,00,00,64,00,00,
18223997,00000410,false,Rx,0,8,6A,60,57,3C,DE,6A,FF,FF,
18224265,00000413,false,Rx,0,8,08,60,00,00,00,00,00,00,
18224500,00000411,false,Rx,0,8,04,D1,50,51,00,00,44,04,
18224716,00000414,false,Rx,0,8,41,70,00,00,28,00,00,00,
18224951,00000412,false,Rx,0,8,CC,E0,00,00,00,00,00,00,
18225214,00000416,false,Rx,0,8,55,00,00,00,00,00,00,00,
18225464,00000417,false,Rx,0,8,20,E0,00,00,00,00,00,00,
18225757,00000418,false,Rx,0,8,07,C0,00,00,14,0C,00,00,
18226019,00000419,false,Rx,0,8,62,00,26,D5,2D,87,90,00,
18228762,00000036,false,Rx,0,8,37,69,25,51,00,00,25,05,
18228928,00000380,false,Rx,0,8,96,92,03,08,08,08,08,01,
18229195,00000037,false,Rx,0,8,30,00,00,10,00,40,00,00,
18229441,00000038,false,Rx,0,8,04,00,00,00,60,39,96,D4,
18229677,000003A1,false,Rx,0,8,08,5A,DB,00,FF,FF,FF,FF,
18230061,00000039,false,Rx,0,8,00,00,00,00,00,00,00,00,
18230422,000003A2,false,Rx,0,8,00,00,00,00,00,00,00,00,
18230733,0000019B,false,Rx,0,8,D9,5A,1B,00,00,E4,00,00,
18231034,0000019C,false,Rx,0,8,40,20,00,00,00,00,0B,09,
18231226,00000427,false,Rx,0,8,1D,86,FF,00,80,0A,00,00,
18231285,0000019D,false,Rx,0,8,00,10,00,01,00,00,00,00,
18231445,0000019E,false,Rx,0,8,15,00,00,00,00,32,00,00,
18232393,000001A1,false,Rx,0,8,4B,AB,65,FE,F7,7F,64,00,
18232666,000001A2,false,Rx,0,8,44,00,00,00,27,08,00,00,
18232933,000001A3,false,Rx,0,8,FF,F3,3F,00,00,00,00,00,
18233190,000001A4,false,Rx,0,8,FE,07,00,00,00,00,00,00,
18233443,000001F1,false,Rx,0,8,E7,BC,87,01,00,00,28,00,
18233704,000000C5,false,Rx,1,8,00,00,00,00,00,00,00,00,
18233774,000001F2,false,Rx,0,8,00,00,00,00,00,00,00,00,
18234074,00000244,false,Rx,1,8,FF,FF,FF,FF,FF,FF,FF,FF,
18234565,0000041F,false,Rx,1,8,00,0C,00,00,00,00,00,00,
18235056,000004B4,false,Rx,1,8,00,00,05,40,10,70,04,00,
18235530,000004B5,false,Rx,1,8,08,00,F0,07,00,00,00,00,
18236027,000004B7,false,Rx,1,8,08,00,F0,07,00,00,00,00,
18236326,000004CA,false,Rx,1,8,00,00,00,00,00,00,00,00,
18236591,000004CC,false,Rx,1,8,08,00,00,06,00,00,03,00,
18236843,000004CE,false,Rx,1,8,DE,01,00,00,00,00,F8,FF,
18237123,000004D7,false,Rx,1,8,23,01,00,00,00,00,00,00,
18237355,000004D8,false,Rx,1,8,41,10,F0,F0,40,F2,1E,CC,
18237641,000004DD,false,Rx,1,8,00,00,FE,00,04,00,00,00,
18237924,000004DF,false,Rx,1,8,00,00,08,00,00,00,00,00,
18238167,000004E7,false,Rx,1,8,00,30,00,00,00,00,69,00,
18238454,000004E8,false,Rx,1,8,FF,FF,FF,05,FF,FF,FF,00,
18238701,000004E9,false,Rx,1,8,12,00,00,34,00,00,50,00,
18238968,000004EA,false,Rx,1,8,67,00,00,89,00,00,00,00,
18239244,000004EB,false,Rx,1,8,02,80,16,1C,80,00,00,00,
18239519,000004EC,false,Rx,1,8,00,00,00,00,00,00,00,00,
18239756,000004ED,false,Rx,1,8,00,00,00,00,00,FF,FF,1F,
18240062,000004EE,false,Rx,1,8,FF,FF,00,00,00,00,00,00,
18240348,000004EF,false,Rx,1,8,60,00,60,00,2B,14,00,00,
18240616,0000063D,false,Rx,1,8,00,80,00,00,00,00,00,00,
18240911,0000063E,false,Rx,1,8,FF,FF,FF,FF,FF,FF,FF,FF,
18241124,0000063F,false,Rx,1,8,00,10,00,C4,FF,00,00,00,
18241423,00000640,false,Rx,1,8,FF,FF,FF,00,FF,FF,FF,00,
18241715,00000641,false,Rx,1,8,FF,FF,FF,FF,0F,FF,FF,FF,
18241971,00000646,false,Rx,1,8,00,00,00,80,01,00,00,00,
18243518,000000FF,false,Rx,0,8,CB,10,00,00,00,00,02,00,
18244249,00000394,false,Rx,0,8,2A,22,1A,49,00,00,00,00,
18244430,000003C3,false,Rx,0,8,45,10,31,30,36,00,00,00,
18244688,000003E0,false,Rx,0,8,01,70,01,00,54,03,00,00,
18245370,000003E5,false,Rx,0,8,8E,90,01,00,00,00,00,00,
18245719,000003E6,false,Rx,0,8,7F,00,00,00,00,00,00,00,
18245901,0000041A,false,Rx,0,8,95,40,12,00,00,00,00,00,
18246213,0000041B,false,Rx,0,8,60,30,00,00,00,00,00,00,
18246534,0000041C,false,Rx,0,8,E9,80,E0,00,00,00,00,00,
18246800,00000422,false,Rx,0,8,EA,C0,01,00,00,00,04,00,
18247116,00000432,false,Rx,0,8,03,20,02,00,00,00,00,00,
18247636,00000061,false,Rx,0,8,D8,8E,A5,00,00,00,00,00,
18247911,00000062,false,Rx,0,8,02,02,00,02,40,FF,00,FF,
18248160,00000063,false,Rx,0,8,00,00,05,00,00,08,FD,00,
18248408,00000064,false,Rx,0,8,00,00,00,04,FF,FA,00,00,
18248648,000000A1,false,Rx,0,8,C2,94,A5,59,61,02,8A,00,
18248955,00000435,false,Rx,0,8,9F,D0,00,40,00,00,00,00,
18249319,000000A2,false,Rx,0,8,00,00,00,00,00,00,00,00,
18249475,00000442,false,Rx,0,8,CE,20,11,81,00,00,00,00,
18249698,000000A3,false,Rx,0,8,00,40,01,00,00,00,00,00,
18249858,00000444,false,Rx,0,8,6C,30,20,50,55,50,00,00,
18250353,00000445,false,Rx,0,8,08,60,00,00,00,00,00,18,
18251014,00000464,false,Rx,0,8,B2,70,F0,FF,38,7F,05,00,
18259568,00000121,false,Rx,0,8,01,C0,0B,00,00,00,00,05,
18259686,00000122,false,Rx,0,8,FF,D9,67,1F,46,47,46,45,
18259965,00000123,false,Rx,0,8,B6,02,00,00,00,00,01,00,
18260234,00000124,false,Rx,0,8,00,00,0A,00,00,00,20,40,
18266591,0000010B,false,Rx,0,8,E0,18,15,00,00,00,00,05,
18266750,0000010C,false,Rx,0,8,FF,F9,E7,1F,46,4F,48,48,
18267028,0000010D,false,Rx,0,8,B5,02,00,00,00,00,01,00,
18267246,0000010E,false,Rx,0,8,00,00,1E,00,00,C0,AB,57,
18272658,0000011B,false,Rx,0,8,7E,4A,CF,05,80,08,28,02,
18272827,0000012B,false,Rx,0,8,98,1A,CF,06,00,00,08,00,
18273048,0000011C,false,Rx,0,8,00,05,20,00,22,00,01,01,
18273309,0000012C,false,Rx,0,8,00,00,01,00,00,64,00,00,
18273565,00000091,false,Rx,0,8,78,13,EB,27,06,00,00,00,
18273868,00000092,false,Rx,0,8,27,00,00,00,70,02,00,00,
18274228,00000093,false,Rx,0,8,00,00,00,00,00,00,00,00,
18274366,00000094,false,Rx,0,8,00,00,00,00,00,00,00,00,
18277301,000001E6,false,Rx,0,8,E4,A2,D0,02,00,00,00,00,
18277461,000001BB,false,Rx,0,8,08,E4,D0,02,00,00,00,0A,
18277696,000001BC,false,Rx,0,8,32,00,00,00,02,00,00,00,
18277990,000001BD,false,Rx,0,8,00,00,00,00,00,00,00,00,
18278241,000001E7,false,Rx,0,8,00,00,22,03,20,01,00,00,
18278723,00000036,false,Rx,0,8,B6,1D,2A,51,00,00,25,05,
18278983,00000037,false,Rx,0,8,30,00,00,10,00,40,00,00,
18279278,00000038,false,Rx,0,8,04,00,00,00,60,39,96,D4,
18279511,000003AA,false,Rx,0,8,FF,00,D0,00,54,00,00,00,
18279769,00000039,false,Rx,0,8,00,00,00,00,00,00,00,00,
18280101,000003B6,false,Rx,0,8,1F,76,F3,00,00,00,00,46,
18280489,000003B7,false,Rx,0,8,46,00,00,00,00,00,00,00,
18280731,0000019B,false,Rx,0,8,0F,06,20,00,00,E4,00,00,
18280884,000003B8,false,Rx,0,8,B2,02,00,00,00,00,69,0E,
18281078,0000019C,false,Rx,0,8,40,20,00,00,00,00,0B,09,
18281343,000003B9,false,Rx,0,8,00,00,00,00,00,00,00,00,
18281583,0000019D,false,Rx,0,8,00,10,00,01,00,00,00,00,
18281822,000002D6,false,Rx,0,8,AE,1F,F3,00,00,00,00,00,
18282058,0000019E,false,Rx,0,8,15,00,00,00,00,32,00,00,
18282376,000002D7,false,Rx,0,8,00,00,00,00,03,00,00,00,
18282574,000002FF,false,Rx,0,8,D4,CB,00,71,02,00,00,00,
18282875,000002D8,false,Rx,0,8,00,00,00,00,00,00,38,47,
18283027,000002EB,false,Rx,0,8,97,AB,F3,07,08,01,00,02,
18283348,000002D9,false,Rx,0,8,00,00,00,00,00,00,00,00,
18283511,000002EC,false,Rx,0,8,07,00,CF,00,59,00,00,00,
18283758,00000401,false,Rx,0,8,C6,10,10,00,00,04,00,00,
18284080,000002ED,false,Rx,0,8,00,00,00,00,00,00,00,00,
18284426,00000495,false,Rx,0,8,49,00,00,00,00,00,00,00,
18284639,000002EE,false,Rx,0,8,00,00,00,00,00,00,00,00,
18284748,00000472,false,Rx,0,8,5C,EC,00,40,08,41,00,45,
18285115,00000316,false,Rx,0,8,E7,79,9D,34,06,80,0A,00,
18285347,00000473,false,Rx,0,8,5F,24,00,25,00,00,00,78,
18285459,00000317,false,Rx,0,8,00,00,05,00,00,00,00,00,
18285714,00000474,false,Rx,0,8,91,72,00,00,00,00,00,08,
18289238,000003B1,false,Rx,0,8,C1,DE,00,80,00,00,20,00,
18289411,00000251,false,Rx,0,8,EB,EF,E8,00,00,00,00,00,
18289608,00000252,false,Rx,0,8,00,00,1B,1B,03,00,00,00,
18289981,000002AB,false,Rx,0,8,D6,33,EB,0C,0C,00,00,00,
18290111,00000253,false,Rx,0,8,00,00,00,58,58,00,80,4D,
18290344,000002AC,false,Rx,0,8,00,FF,FF,00,00,40,00,54,
18290619,000002AD,false,Rx,0,8,00,01,00,40,FF,FF,FF,0F,
18290839,000002AE,false,Rx,0,8,01,00,FF,3F,01,01,00,00,
18291115,000002B6,false,Rx,0,8,6C,15,EB,01,00,00,00,40,
18291448,000002B7,false,Rx,0,8,9F,00,50,1C,00,04,00,00,
18291696,000002B8,false,Rx,0,8,FF,F8,10,00,00,00,00,00,
18291884,000002B9,false,Rx,0,8,0A,00,00,00,00,00,00,00,
18292135,000002C1,false,Rx,0,8,44,A1,F6,21,00,41,00,D4,
18292379,000002C2,false,Rx,0,8,2F,00,00,00,00,00,00,00,
18292635,000002C3,false,Rx,0,8,00,00,00,00,00,00,00,00,
18292958,000002C4,false,Rx,0,8,00,00,00,00,00,00,00,00,
18293144,000002E1,false,Rx,0,8,EA,5E,EB,00,00,00,00,40,
18293382,0000033B,false,Rx,0,8,8E,59,EA,00,00,00,00,00,
18293650,000002E2,false,Rx,0,8,FD,00,00,00,00,14,00,04,
18293879,0000033C,false,Rx,0,8,00,00,00,00,F0,00,00,00,
18294130,000002E3,false,Rx,0,8,00,00,00,00,00,00,72,01,
18294369,0000033D,false,Rx,0,8,00,00,00,00,00,00,00,00,
18294632,000002E4,false,Rx,0,8,02,00,00,00,00,00,00,00,
18294880,0000033E,false,Rx,0,8,00,00,00,00,00,00,00,00,
18295184,00000356,false,Rx,0,8,64,31,F5,00,00,00,00,00,
18295386,00000357,false,Rx,0,8,00,00,00,00,00,4B,4D,48,
18295660,00000358,false,Rx,0,8,35,41,45,4D,52,37,33,4F,
18295856,00000359,false,Rx,0,8,51,4F,34,52,4A,35,33,00,
18297075,00000146,false,Rx,0,8,CA,55,97,10,04,05,00,00,
18297333,00000147,false,Rx,0,8,01,04,7D,00,40,45,07,00,
18297582,00000148,false,Rx,0,8,00,00,42,00,1E,89,40,05,
18297832,00000061,false,Rx,0,8,59,FA,AA,00,00,00,00,00,
18298059,00000149,false,Rx,0,8,00,38,00,CC,00,00,00,00,
18298313,00000062,false,Rx,0,8,02,02,00,02,40,FF,00,FF,
18298680,00000063,false,Rx,0,8,00,00,05,00,00,08,FD,00,
18298811,00000064,false,Rx,0,8,00,00,00,04,FF,FA,00,00,
18299048,000000A1,false,Rx,0,8,F2,B9,AA,59,61,02,8A,00,
18299319,000000A2,false,Rx,0,8,00,00,00,00,00,00,00,00,
18299570,000000A3,false,Rx,0,8,00,40,01,00,00,00,00,00,
18301854,000001AB,false,Rx,0,8,35,59,26,50,70,90,00,00,
18302130,000001AC,false,Rx,0,8,00,28,00,00,00,00,00,00,
18302724,00000111,false,Rx,0,8,41,70,23,01,00,00,00,00,
18302815,00000112,false,Rx,0,8,00,00,00,00,00,00,00,00,
18303102,0000036F,false,Rx,0,8,47,11,01,00,00,00,00,00,
18303321,00000113,false,Rx,0,8,00,00,00,00,00,00,00,00,
18303729,0000037F,false,Rx,0,8,45,70,52,24,41,02,00,00,
18303808,00000114,false,Rx,0,8,00,00,00,00,00,00,00,00,
18305934,000001B1,false,Rx,0,8,67,5F,97,00,72,00,00,00,
18306095,000001B2,false,Rx,0,8,23,00,04,B7,0F,08,50,10,
18306351,000001B3,false,Rx,0,8,10,33,37,00,5A,7B,6A,7D,
18306594,000001B4,false,Rx,0,8,65,7D,10,00,00,41,00,00,
18309412,00000121,false,Rx,0,8,7C,05,10,00,00,00,00,05,
18309580,00000122,false,Rx,0,8,FF,D9,67,1F,46,47,46,45,
18309829,00000123,false,Rx,0,8,B6,02,00,00,00,00,01,00,
18310081,00000124,false,Rx,0,8,00,00,0A,00,00,00,20,40,
18310773,00000565,false,Rx,0,8,66,02,00,00,00,00,FF,FF,
18316542,0000010B,false,Rx,0,8,61,6C,1A,00,00,00,00,05,
18316715,0000010C,false,Rx,0,8,FF,F9,E7,1F,46,4F,48,48,
18316985,0000010D,false,Rx,0,8,B5,02,00,00,00,00,01,00,
18317232,0000010E,false,Rx,0,8,00,00,1E,00,00,C0,AB,57,
18322378,00000161,false,Rx,0,8,FE,4C,6A,03,00,00,00,02,
18322547,0000011B,false,Rx,0,8,BC,90,D4,05,80,08,28,02,
18322790,00000162,false,Rx,0,8,FF,FC,01,00,00,00,00,00,
18323042,0000011C,false,Rx,0,8,00,05,20,00,22,00,01,01,
18323282,0000012B,false,Rx,0,8,5A,C0,D4,06,00,00,08,00,
18323503,000001E1,false,Rx,0,8,DC,4D,C4,02,00,00,00,00,
18323763,0000012C,false,Rx,0,8,00,00,01,00,00,64,00,00,
18324010,000001E2,false,Rx,0,8,00,00,00,00,00,00,00,00,
18324362,0000030B,false,Rx,0,8,F9,64,EA,00,04,00,00,00,
18324629,00000487,false,Rx,1,8,00,00,00,00,00,00,00,00,
18324698,0000030C,false,Rx,0,8,00,00,0E,00,2C,00,A0,0F,
18324881,0000030D,false,Rx,0,8,00,00,00,00,44,00,00,00,
18324997,00000642,false,Rx,1,8,FF,FF,FF,FF,FF,FF,00,00,
18325397,0000030E,false,Rx,0,8,00,00,18,05,21,00,00,0A,
18328752,00000036,false,Rx,0,8,C9,31,2F,51,00,00,25,05,
18328998,00000037,false,Rx,0,8,30,00,00,10,00,40,00,00,
18329254,00000038,false,Rx,0,8,04,00,00,00,60,39,96,D4,
18329502,00000039,false,Rx,0,8,00,00,00,00,00,00,00,00,
18330492,0000019B,false,Rx,0,8,70,2A,25,00,00,E4,00,00,
18330657,0000019C,false,Rx,0,8,40,20,00,00,00,00,0B,09,
18330914,0000019D,false,Rx,0,8,00,10,00,01,00,00,00,00,
18331170,00000475,false,Rx,0,8,12,00,00,00,00,00,00,00,
18331415,0000019E,false,Rx,0,8,15,00,00,00,00,32,00,00,
18331651,00000496,false,Rx,0,8,12,00,00,00,00,00,00,00,
18332418,000001A1,false,Rx,0,8,CA,DF,6A,FE,F7,7F,64,00,
18332669,000001A2,false,Rx,0,8,44,00,00,00,27,08,00,00,
18332939,000001A3,false,Rx,0,8,FF,F3,3F,00,00,00,00,00,
18333211,000001A4,false,Rx,0,8,FE,07,00,00,00,00,00,00,
18333417,00000383,false,Rx,0,8,5A,53,00,10,01,00,00,00,
18340765,00000448,false,Rx,0,8,DE,80,00,00,00,00,00,00,
18342897,000001FB,false,Rx,0,8,56,6D,E2,00,00,00,00,00,
18343102,000001FC,false,Rx,0,8,00,00,00,00,00,00,00,00,
18343344,000001FD,false,Rx,0,8,00,1A,03,00,00,00,00,00,
18343624,000001FE,false,Rx,0,8,00,00,00,00,00,00,00,00,
18347703,00000061,false,Rx,0,8,26,D6,AF,00,00,00,00,00,
18347900,00000062,false,Rx,0,8,02,02,00,02,40,FF,00,FF,
18348126,00000063,false,Rx,0,8,00,00,05,00,00,08,FD,00,
18348412,00000064,false,Rx,0,8,00,00,00,04,FF,FA,00,00,
18348626,000000A1,false,Rx,0,8,FD,52,AF,59,61,02,8A,00,
18348910,000000A2,false,Rx,0,8,00,00,00,00,00,00,00,00,
18349138,00000382,false,Rx,0,8,2B,FE,21,00,00,05,09,00,
18349386,000000A3,false,Rx,0,8,00,40,01,00,00,00,00,00,
18356753,000002BF,false,Rx,0,8,FF,FF,FF,00,00,00,00,00,
18357119,0000047F,false,Rx,0,8,F0,FC,FF,FF,FF,FF,FF,FF,
18357209,00000653,false,Rx,0,8,0A,19,03,01,02,2A,00,00,
18358414,00000151,false,Rx,0,8,35,81,E9,64,C8,00,28,18,
18358610,00000152,false,Rx,0,8,14,17,17,00,51,00,00,00,
18358873,00000153,false,Rx,0,8,00,00,00,00,00,00,00,00,
18359184,00000154,false,Rx,0,8,00,00,00,00,00,00,00,00,
18359611,000001F6,false,Rx,0,8,7E,5D,E9,00,00,00,00,0E,
18359672,00000121,false,Rx,0,8,03,29,15,00,00,00,00,05,
18359913,000001F7,false,Rx,0,8,26,00,DA,02,00,00,00,00,
18360147,00000122,false,Rx,0,8,FF,D9,67,1F,46,47,46,45,
18360386,000001F8,false,Rx,0,8,00,5E,01,45,01,00,00,00,
18360646,00000123,false,Rx,0,8,B6,02,00,00,00,00,01,00,
18360861,000001F9,false,Rx,0,8,4B,00,64,C8,14,00,4B,00,
18361122,00000124,false,Rx,0,8,00,00,0A,00,00,00,20,40,
18361329,00000236,false,Rx,0,8,48,18,E9,00,34,6C,AE,62,
18361559,000002FB,false,Rx,0,8,79,57,E9,04,72,1A,B4,B4,
18361790,00000237,false,Rx,0,8,00,15,47,00,00,1D,1B,00,
18362045,000002FC,false,Rx,0,8,0F,00,14,18,00,00,8E,43,
18362285,00000238,false,Rx,0,8,00,00,72,00,00,00,00,00,
18362528,000002FD,false,Rx,0,8,00,00,00,00,00,1C,13,EA,
18362800,00000239,false,Rx,0,8,00,00,00,00,01,00,00,00,
18363023,000002FE,false,Rx,0,8,00,00,72,01,00,28,C8,02,
18363251,0000025B,false,Rx,0,8,F5,A0,E9,40,40,20,00,00,
18363499,00000326,false,Rx,0,8,07,2A,E9,00,00,00,00,00,
18363769,0000025C,false,Rx,0,8,00,00,26,00,B4,2C,19,00,
18363986,00000327,false,Rx,0,8,00,00,00,00,05,00,00,00,
18364226,0000025D,false,Rx,0,8,00,C8,00,00,00,80,C0,70,
18364468,00000328,false,Rx,0,8,DA,02,4B,00,00,5E,01,00,
18364692,000004A3,false,Rx,1,8,80,00,48,0B,3E,00,00,00,
18364761,0000025E,false,Rx,0,8,03,07,0E,01,00,00,46,00,
18365000,00000329,false,Rx,0,8,64,45,01,00,00,00,00,00,
18365242,000004A4,false,Rx,1,8,FF,FF,FF,00,00,00,00,00,
18365482,00000331,false,Rx,0,8,24,8F,E9,F1,C8,A0,2C,97,
18365916,00000332,false,Rx,0,8,E8,08,FC,03,00,00,00,00,
18366177,00000333,false,Rx,0,8,00,00,00,1C,0C,40,20,64,
18366485,00000334,false,Rx,0,8,C8,00,00,00,08,44,F4,8F,
18366735,0000010B,false,Rx,0,8,1E,40,1F,00,00,00,00,05,
18366977,0000010C,false,Rx,0,8,FF,F9,E7,1F,46,4F,48,48,
18367215,0000010D,false,Rx,0,8,B5,02,00,00,00,00,01,00,
18367470,0000010E,false,Rx,0,8,00,00,1E,00,00,C0,AB,57,
18372632,0000011B,false,Rx,0,8,CF,A9,D9,05,80,08,28,02,
18372813,0000012B,false,Rx,0,8,29,F9,D9,06,00,00,08,00,
18373045,0000011C,false,Rx,0,8,00,05,20,00,22,00,01,01,
18373320,0000012C,false,Rx,0,8,00,00,01,00,00,64,00,00,
18373539,00000091,false,Rx,0,8,C5,AF,EC,27,06,00,00,00,
18373841,00000092,false,Rx,0,8,25,00,00,00,50,02,00,00,
18374094,00000093,false,Rx,0,8,00,00,00,00,00,00,00,00,
18374377,00000094,false,Rx,0,8,00,00,00,00,00,00,00,00,
18378577,00000256,false,Rx,0,8,FA,29,E8,15,40,00,00,01,
18378742,00000036,false,Rx,0,8,B4,F4,34,51,00,00,25,05,
18379020,00000257,false,Rx,0,8,00,94,41,1B,85,07,00,94,
18379240,00000037,false,Rx,0,8,30,00,00,10,00,40,00,00,
18379471,00000258,false,Rx,0,8,36,ED,1A,00,10,15,00,28,
18379685,00000038,false,Rx,0,8,04,00,00,00,60,39,96,D4,
18379908,00000259,false,Rx,0,8,6B,05,8E,3C,4C,02,00,00,
18380153,00000039,false,Rx,0,8,00,00,00,00,00,00,00,00,
18380452,000002E6,false,Rx,0,8,C6,B5,E8,01,00,00,00,15,
18380731,0000019B,false,Rx,0,8,F1,5E,2A,00,00,E4,00,00,
18380877,000002E7,false,Rx,0,8,0A,00,00,00,00,00,00,00,
18381152,0000019C,false,Rx,0,8,40,20,00,00,00,00,0B,09,
18381371,00000226,false,Rx,0,8,3E,96,3B,FF,63,60,09,42,
18381598,0000019D,false,Rx,0,8,00,10,00,01,00,00,00,00,
18381852,00000227,false,Rx,0,8,02,94,00,09,03,F1,9F,03,
18382088,0000019E,false,Rx,0,8,15,00,00,00,00,32,00,00,
18382333,000002E8,false,Rx,0,8,00,00,00,00,00,00,00,00,
18382572,000001F1,false,Rx,0,8,94,85,8A,01,00,00,28,00,
18382822,000002E9,false,Rx,0,8,00,00,00,00,00,00,00,00,
18383065,000001F2,false,Rx,0,8,00,00,00,00,00,00,00,00,
18383487,00000384,false,Rx,0,8,BA,56,0D,01,00,FF,00,24,
18389982,0000042A,false,Rx,0,8,8E,83,0C,02,00,10,00,00,
18390937,00000396,false,Rx,0,8,B5,4C,F4,0F,08,01,00,02,
18391133,00000397,false,Rx,0,8,0C,00,43,10,3F,07,00,00,
18391396,00000398,false,Rx,0,8,00,00,00,00,00,00,00,00,
18397131,00000146,false,Rx,0,8,72,54,9C,10,04,05,00,00,
18397308,00000147,false,Rx,0,8,01,04,7D,00,40,45,07,00,
18397559,00000148,false,Rx,0,8,00,00,42,00,1E,89,40,05,
18397800,00000061,false,Rx,0,8,5B,13,B4,00,00,00,00,00,
18398299,00000062,false,Rx,0,8,02,02,00,02,40,FF,00,FF,
18398546,00000149,false,Rx,0,8,00,38,00,CC,00,00,00,00,
18398794,00000063,false,Rx,0,8,00,00,05,00,00,08,FD,00,
18399046,00000064,false,Rx,0,8,00,00,00,04,FF,FA,00,00,
18399335,000000A1,false,Rx,0,8,92,E3,B4,59,61,02,8A,00,
18399618,000000A2,false,Rx,0,8,00,00,00,00,00,00,00,00,
18399877,000000A3,false,Rx,0,8,00,40,01,00,00,00,00,00,
18401627,00000566,false,Rx,0,8,16,02,00,00,00,00,FF,FF,
18401797,000001AB,false,Rx,0,8,46,60,2B,50,70,90,00,00,
18402057,000001AC,false,Rx,0,8,00,28,00,00,00,00,00,00,
18402884,0000036F,false,Rx,0,8,91,21,01,00,00,00,00,00,
18403072,0000037F,false,Rx,0,8,EC,80,52,24,41,02,00,00,
18405908,000001B1,false,Rx,0,8,DF,5E,9C,00,72,00,00,00,
18406141,000001B2,false,Rx,0,8,23,00,04,B7,0F,08,50,10,
18406427,000001B3,false,Rx,0,8,10,33,37,00,5A,7B,6A,7D,
18406679,000001B4,false,Rx,0,8,65,7D,10,00,00,41,00,00,
18409369,00000121,false,Rx,0,8,82,5D,1A,00,00,00,00,05,
18409541,00000122,false,Rx,0,8,FF,D9,67,1F,46,47,46,45,
18409795,00000123,false,Rx,0,8,B6,02,00,00,00,00,01,00,
18410046,00000124,false,Rx,0,8,00,00,0A,00,00,00,20,40,
18411774,000003B0,false,Rx,0,8,72,37,FF,C7,00,00,03,C0,
18416520,0000010B,false,Rx,0,8,C8,1C,24,00,00,00,00,05,
18416696,0000010C,false,Rx,0,8,FF,F9,E7,1F,46,4F,48,48,
18416954,0000010D,false,Rx,0,8,B5,02,00,00,00,00,01,00,
18417193,0000010E,false,Rx,0,8,00,00,1E,00,00,C0,AB,57,
18419765,000003B2,false,Rx,0,8,36,15,FF,02,29,2F,34,00,
18422365,00000161,false,Rx,0,8,08,64,6F,03,00,00,00,02,
18422536,0000011B,false,Rx,0,8,50,C1,DE,05,80,08,28,02,
18422785,00000162,false,Rx,0,8,FF,FC,01,00,00,00,00,00,
18423032,0000011C,false,Rx,0,8,00,05,20,00,22,00,01,01,
18423266,0000012B,false,Rx,0,8,B6,91,DE,06,00,00,08,00,
18423517,00000405,false,Rx,0,8,D2,10,00,00,00,01,00,00,
18423764,0000012C,false,Rx,0,8,00,00,01,00,00,64,00,00,
18423999,00000410,false,Rx,0,8,6A,60,57,3C,DE,6A,FF,FF,
18424252,00000413,false,Rx,0,8,08,60,00,00,00,00,00,00,
18424493,00000411,false,Rx,0,8,04,D1,50,51,00,00,44,04,
18424756,00000412,false,Rx,0,8,CC,E0,00,00,00,00,00,00,
18425000,00000414,false,Rx,0,8,41,70,00,00,28,00,00,00,
18425272,00000416,false,Rx,0,8,55,00,00,00,00,00,00,00,
18425545,00000417,false,Rx,0,8,20,E0,00,00,00,00,00,00,
18425807,00000418,false,Rx,0,8,07,C0,00,00,14,0C,00,00,
18426092,00000419,false,Rx,0,8,62,00,26,D5,2D,87,90,00,
18426661,000001E6,false,Rx,0,8,A9,4A,D3,02,00,00,00,00,
18426915,000001E7,false,Rx,0,8,00,00,22,03,20,01,00,00,
18427262,000001BB,false,Rx,0,8,0D,BD,D3,02,00,00,00,0A,
18427526,000001BC,false,Rx,0,8,32,00,00,00,02,00,00,00,
18427805,000001BD,false,Rx,0,8,00,00,00,00,00,00,00,00,
18428701,00000036,false,Rx,0,8,B9,32,39,51,00,00,25,05,
18428953,00000380,false,Rx,0,8,96,92,03,08,08,08,08,01,
18429185,00000037,false,Rx,0,8,30,00,00,10,00,40,00,00,
18429450,00000038,false,Rx,0,8,04,00,00,00,60,39,96,D4,
18429688,000003A1,false,Rx,0,8,97,32,DC,00,FF,FF,FF,FF,
18429949,00000039,false,Rx,0,8,00,00,00,00,00,00,00,00,
18430186,000003A2,false,Rx,0,8,00,00,00,00,00,00,00,00,
18430426,0000019B,false,Rx,0,8,8E,72,2F,00,00,E4,00,00,
18430711,0000019C,false,Rx,0,8,40,20,00,00,00,00,0B,09,
18430956,00000427,false,Rx,0,8,1D,86,FF,00,80,0A,00,00,
18431201,0000019D,false,Rx,0,8,00,10,00,01,00,00,00,00,
18431441,0000019E,false,Rx,0,8,15,00,00,00,00,32,00,00,
18432426,000001A1,false,Rx,0,8,B5,F3,6F,FE,F7,7F,64,00,
18432681,000001A2,false,Rx,0,8,44,00,00,00,27,08,00,00,
18432953,000001A3,false,Rx,0,8,FF,F3,3F,00,00,00,00,00,
18433199,000001A4,false,Rx,0,8,FE,07,00,00,00,00,00,00,
18434545,000000C5,false,Rx,1,8,00,00,00,00,00,00,00,00,
18435015,00000244,false,Rx,1,8,FF,FF,FF,FF,FF,FF,FF,FF,
18435292,000004B4,false,Rx,1,8,00,00,05,40,10,70,04,00,
18435562,000004B5,false,Rx,1,8,08,00,F0,07,00,00,00,00,
18435834,000004B7,false,Rx,1,8,08,00,F0,07,00,00,00,00,
18436105,000004CA,false,Rx,1,8,00,00,00,00,00,00,00,00,
18436354,000004CC,false,Rx,1,8,08,00,00,06,00,00,03,00,
18436621,000004CE,false,Rx,1,8,DE,01,00,00,00,00,F8,FF,
18436891,000004D7,false,Rx,1,8,23,01,00,00,00,00,00,00,
18437136,000004D8,false,Rx,1,8,41,10,F0,F0,40,F2,1E,CC,
18437414,000004DD,false,Rx,1,8,00,00,FE,00,04,00,00,00,
18437679,000004DF,false,Rx,1,8,00,00,08,00,00,00,00,00,
18437951,000004E7,false,Rx,1,8,00,30,00,00,00,00,69,00,
18438209,000004E8,false,Rx,1,8,FF,FF,FF,05,FF,FF,FF,00,
18438483,000004E9,false,Rx,1,8,12,00,00,34,00,00,50,00,
18438734,000004EA,false,Rx,1,8,67,00,00,89,00,00,00,00,
18439001,000004EB,false,Rx,1,8,02,80,16,1C,80,00,00,00,
18439273,000004EC,false,Rx,1,8,00,00,00,00,00,00,00,00,
18439563,000004ED,false,Rx,1,8,00,00,00,00,00,FF,FF,1F,
18439827,000004EE,false,Rx,1,8,FF,FF,00,00,00,00,00,00,
18440104,000004EF,false,Rx,1,8,60,00,60,00,2B,14,00,00,
18440370,0000063D,false,Rx,1,8,00,80,00,00,00,00,00,00,
18440636,0000063E,false,Rx,1,8,FF,FF,FF,FF,FF,FF,FF,FF,
18440917,0000063F,false,Rx,1,8,00,10,00,C4,FF,00,00,00,
18441183,00000640,false,Rx,1,8,FF,FF,FF,00,FF,FF,FF,00,
18441457,00000641,false,Rx,1,8,FF,FF,FF,FF,0F,FF,FF,FF,
18441716,00000646,false,Rx,1,8,00,00,00,80,01,00,00,00,
18443317,000000FF,false,Rx,0,8,CB,10,00,00,00,00,02,00,
18444017,00000394,false,Rx,0,8,2A,22,1A,49,00,00,00,00,
18444218,000003C3,false,Rx,0,8,45,10,31,30,36,00,00,00,
18444481,000003E0,false,Rx,0,8,01,70,01,00,54,03,00,00,
18445242,000003E5,false,Rx,0,8,8E,90,01,00,00,00,00,00,
18445456,000003E6,false,Rx,0,8,7F,00,00,00,00,00,00,00,
18445701,0000041A,false,Rx,0,8,95,40,12,00,00,00,00,00,
18445987,0000041B,false,Rx,0,8,60,30,00,00,00,00,00,00,
18446246,0000041C,false,Rx,0,8,E9,80,E0,00,00,00,00,00,
18446505,00000422,false,Rx,0,8,EA,C0,01,00,00,00,04,00,
18446910,00000432,false,Rx,0,8,03,20,02,00,00,00,00,00,
18447648,00000061,false,Rx,0,8,56,D5,B9,00,00,00,00,00,
18447979,00000062,false,Rx,0,8,02,02,00,02,40,FF,00,FF,
18448162,00000063,false,Rx,0,8,00,00,05,00,00,08,FD,00,
18448426,00000064,false,Rx,0,8,00,00,00,04,FF,FA,00,00,
18448667,00000435,false,Rx,0,8,9F,D0,00,40,00,00,00,00,
18448895,000000A1,false,Rx,0,8,A4,A0,B9,59,61,02,8A,00,
18449163,000000A2,false,Rx,0,8,00,00,00,00,00,00,00,00,
18449405,00000442,false,Rx,0,8,CE,20,11,81,00,00,00,00,
18449650,000000A3,false,Rx,0,8,00,40,01,00,00,00,00,00,
18449886,00000444,false,Rx,0,8,6C,30,20,50,55,50,00,00,
18450144,00000445,false,Rx,0,8,08,60,00,00,00,00,00,18,
18450799,00000464,false,Rx,0,8,B2,70,F0,FF,38,7F,05,00,
18459646,00000121,false,Rx,0,8,0B,B7,1F,00,00,00,00,05,
18459769,00000122,false,Rx,0,8,FF,D9,67,1F,46,48,46,45,
18460002,00000123,false,Rx,0,8,B6,02,00,00,00,00,01,00,
18460262,00000124,false,Rx,0,8,00,00,0A,00,00,00,20,40,
18466563,0000010B,false,Rx,0,8,C5,DA,29,00,00,00,00,05,
18466740,0000010C,false,Rx,0,8,FF,F9,E7,1F,46,4F,48,48,
18466993,0000010D,false,Rx,0,8,B5,02,00,00,00,00,01,00,
19597286,00000146,false,Rx,0,8,07,6C,D8,10,04,05,00,00,
19597360,00000147,false,Rx,0,8,01,04,7D,00,40,46,07,00,
19597577,00000148,false,Rx,0,8,00,00,42,00,1E,89,40,05,
19597821,00000061,false,Rx,0,8,02,7B,2C,00,00,00,00,00,
19598065,00000149,false,Rx,0,8,00,38,00,CC,00,00,00,00,
19598308,00000062,false,Rx,0,8,02,02,00,02,40,FF,00,FF,
19598574,00000063,false,Rx,0,8,00,00,05,00,00,08,FD,00,
19598824,00000064,false,Rx,0,8,00,00,00,04,FF,FA,00,00,
19599062,000000A1,false,Rx,0,8,22,29,2C,59,61,02,8A,00,
19599380,000000A2,false,Rx,0,8,00,00,00,00,00,00,00,00,
19599643,000000A3,false,Rx,0,8,00,40,01,00,00,00,00,00,
19599885,000001AB,false,Rx,0,8,39,7D,67,50,70,90,00,00,
19600150,000001AC,false,Rx,0,8,00,28,00,00,00,00,00,00,
19602953,0000036F,false,Rx,0,8,EE,E1,01,00,00,00,00,00,
19603141,0000037F,false,Rx,0,8,2A,50,52,24,41,02,00,00,
19605832,000001B1,false,Rx,0,8,91,08,D8,00,72,00,00,00,
19606006,000001B2,false,Rx,0,8,23,00,04,B7,0F,08,50,10,
19606248,000001B3,false,Rx,0,8,10,33,37,00,5A,7B,6A,7D,
19606499,000001B4,false,Rx,0,8,65,7D,10,00,00,41,00,00,
19609393,00000121,false,Rx,0,8,1E,F1,92,00,00,00,00,05,
19609590,00000122,false,Rx,0,8,FF,D9,67,1F,46,47,46,45,
19609844,00000123,false,Rx,0,8,B6,02,00,00,00,00,01,00,
19610096,00000124,false,Rx,0,8,00,00,0A,00,00,00,20,40,
19610923,0000034B,false,Rx,0,8,8A,BB,CC,31,D8,0D,05,01,
19611142,0000034C,false,Rx,0,8,00,00,00,00,00,00,00,00,
19611393,0000034D,false,Rx,0,8,00,00,00,00,00,00,00,00,
19611654,0000034E,false,Rx,0,8,00,00,00,00,00,00,00,00,
19611920,000003B0,false,Rx,0,8,72,37,FF,C7,00,00,03,C0,
19616532,0000010B,false,Rx,0,8,3A,ED,9C,00,00,00,00,05,
19616707,0000010C,false,Rx,0,8,FF,F9,E7,1F,46,4F,48,48,
19616961,0000010D,false,Rx,0,8,B5,02,00,00,00,00,01,00,
19617205,0000010E,false,Rx,0,8,00,00,1E,00,00,C0,AB,57,
19619849,000003B2,false,Rx,0,8,36,15,FF,02,29,2F,34,00,
19622841,00000161,false,Rx,0,8,83,60,AB,03,00,00,00,02,
19622941,0000011B,false,Rx,0,8,A4,D8,56,05,80,08,28,02,
19622993,00000162,false,Rx,0,8,FF,FC,01,00,00,00,00,00,
19623421,0000011C,false,Rx,0,8,00,05,20,00,22,00,01,01,
19623517,0000012B,false,Rx,0,8,42,88,56,06,00,00,08,00,
19623749,00000405,false,Rx,0,8,D2,10,00,00,00,01,00,00,
19623976,0000012C,false,Rx,0,8,00,00,01,00,00,64,00,00,
19624218,00000410,false,Rx,0,8,6A,60,57,3C,DE,6A,FF,FF,
19624597,00000413,false,Rx,0,8,08,60,00,00,00,00,00,00,
19624739,00000411,false,Rx,0,8,04,D1,50,51,00,00,44,04,
19624939,00000414,false,Rx,0,8,41,70,00,00,28,00,00,00,
19625179,00000412,false,Rx,0,8,CC,E0,00,00,00,00,00,00,
19625426,00000416,false,Rx,0,8,55,00,00,00,00,00,00,00,
19625701,00000417,false,Rx,0,8,20,E0,00,00,00,00,00,00,
19625969,00000418,false,Rx,0,8,07,C0,00,00,14,0C,00,00,
19626224,00000419,false,Rx,0,8,0D,20,26,D5,2D,87,90,00,
19627240,000001E6,false,Rx,0,8,32,3E,EB,02,00,00,00,00,
19627316,000003A1,false,Rx,0,8,B7,86,E2,00,FF,FF,FF,FF,
19627701,000001BB,false,Rx,0,8,C1,D5,EB,02,00,00,00,0A,
19628047,000003A2,false,Rx,0,8,00,00,00,00,00,00,00,00,
19628306,000001BC,false,Rx,0,8,32,00,00,00,02,00,00,00,
19628410,000001BD,false,Rx,0,8,00,00,00,00,00,00,00,00,
19628678,000001E7,false,Rx,0,8,00,00,22,03,20,01,00,00,
19629034,00000036,false,Rx,0,8,13,24,B1,51,00,00,25,05,
19629353,00000380,false,Rx,0,8,96,92,03,08,08,08,08,01,
19629650,00000037,false,Rx,0,8,30,00,00,10,00,40,00,00,
19629734,00000038,false,Rx,0,8,04,00,00,00,B0,39,96,D4,
19630002,00000039,false,Rx,0,8,00,00,00,00,00,00,00,00,
19630962,0000019B,false,Rx,0,8,12,DE,A7,00,00,E4,00,00,
19631305,0000019C,false,Rx,0,8,40,20,00,00,00,00,0B,09,
19631663,00000427,false,Rx,0,8,1D,86,FF,00,80,0A,00,00,
19631742,0000019D,false,Rx,0,8,00,10,00,01,00,00,00,00,
19632029,0000019E,false,Rx,0,8,15,00,00,00,00,32,00,00,
19632974,000001A1,false,Rx,0,8,15,E3,AB,FE,F7,7F,64,00,
19633071,000001A2,false,Rx,0,8,44,00,00,00,27,08,00,00,
19633340,000001A3,false,Rx,0,8,FF,F3,3F,00,00,00,00,00,
19633643,000001A4,false,Rx,0,8,FE,07,00,00,00,00,00,00,
19641560,000000C5,false,Rx,1,8,00,00,00,00,00,00,00,00,
19641692,00000244,false,Rx,1,8,FF,FF,FF,FF,FF,FF,FF,FF,
19641999,000004B4,false,Rx,1,8,00,00,05,40,10,70,04,00,
19642216,000004B5,false,Rx,1,8,08,00,F0,07,00,00,00,00,
19642599,000000FF,false,Rx,0,8,CB,10,00,00,00,00,02,00,
19642668,000004B7,false,Rx,1,8,08,00,F0,07,00,00,00,00,
19642741,000004CA,false,Rx,1,8,00,00,00,00,00,00,00,00,
19643316,000004CC,false,Rx,1,8,08,00,00,06,00,00,03,00,
19643585,00000394,false,Rx,0,8,2A,22,1A,49,00,00,00,00,
19643750,000004CE,false,Rx,1,8,DE,01,00,00,00,00,F8,FF,
19643928,000003C3,false,Rx,0,8,45,10,31,30,36,00,00,00,
19643983,000004D7,false,Rx,1,8,23,01,00,00,00,00,00,00,
19644122,000003E0,false,Rx,0,8,01,70,01,00,54,03,00,00,
19644265,000004D8,false,Rx,1,8,41,10,F0,F0,40,F2,1E,CC,
19644741,000003E5,false,Rx,0,8,8E,90,01,00,00,00,00,00,
19644964,000004DD,false,Rx,1,8,00,00,FE,00,04,00,00,00,
19645170,000003E6,false,Rx,0,8,7F,00,00,00,00,00,00,00,
19645226,000004DF,false,Rx,1,8,00,00,08,00,00,00,00,00,
19645400,0000041A,false,Rx,0,8,95,40,12,00,00,00,00,00,
19645733,000004E7,false,Rx,1,8,00,30,00,00,00,00,69,00,
19645817,0000041B,false,Rx,0,8,60,30,00,00,00,00,00,00,
19646207,000004E8,false,Rx,1,8,FF,FF,FF,05,FF,FF,FF,00,
19646293,0000041C,false,Rx,0,8,E9,80,E0,00,00,00,00,00,
19646732,000004E9,false,Rx,1,8,12,00,00,34,00,00,50,00,
19646806,00000422,false,Rx,0,8,EA,C0,01,00,00,00,04,00,
19647190,000004EA,false,Rx,1,8,67,00,00,89,00,00,00,00,
19647280,00000432,false,Rx,0,8,03,20,02,00,00,00,00,00,
19647718,000004EB,false,Rx,1,8,02,80,16,1D,80,00,00,00,
19647780,00000061,false,Rx,0,8,CA,79,31,00,00,00,00,00,
19648063,00000435,false,Rx,0,8,9F,D0,00,40,00,00,00,00,
19648153,000004EC,false,Rx,1,8,00,00,00,00,00,00,00,00,
19648334,00000062,false,Rx,0,8,02,02,00,02,40,FF,00,FF,
19648567,00000442,false,Rx,0,8,CE,20,11,81,00,00,00,00,
19648635,000004ED,false,Rx,1,8,00,00,00,00,00,FF,FF,1F,
19648786,00000063,false,Rx,0,8,00,00,05,00,00,08,FD,00,
19648977,00000444,false,Rx,0,8,6C,30,20,50,55,50,00,00,
19649129,000004EE,false,Rx,1,8,FF,FF,00,00,00,00,00,00,
19649328,00000064,false,Rx,0,8,00,00,00,04,FF,FA,00,00,
19649453,00000445,false,Rx,0,8,18,80,00,00,00,00,00,18,
19649624,000004EF,false,Rx,1,8,60,00,60,00,2B,14,00,00,
19649770,000000A1,false,Rx,0,8,47,2A,31,59,61,02,8A,00,
19650166,0000063D,false,Rx,1,8,00,80,00,00,00,00,00,00,
19650233,000000A2,false,Rx,0,8,00,00,00,00,00,00,00,00,
19650485,00000464,false,Rx,0,8,B2,70,F0,FF,38,7F,05,00,
19650728,0000063E,false,Rx,1,8,FF,FF,FF,FF,FF,FF,FF,FF,
19650782,000000A3,false,Rx,0,8,00,40,01,00,00,00,00,00,
19651149,0000063F,false,Rx,1,8,00,10,00,C4,FF,00,00,00,
19651583,00000640,false,Rx,1,8,FF,FF,FF,00,FF,FF,FF,00,
19652073,00000641,false,Rx,1,8,FF,FF,FF,FF,0F,FF,FF,FF,
19652574,00000646,false,Rx,1,8,00,00,00,80,01,00,00,00,
19659504,00000121,false,Rx,0,8,61,DD,97,00,00,00,00,05,
19659704,00000122,false,Rx,0,8,FF,D9,67,1F,46,47,46,45,
19659953,00000123,false,Rx,0,8,B6,02,00,00,00,00,01,00,
19660233,00000124,false,Rx,0,8,00,00,0A,00,00,00,20,40,
19666555,0000010B,false,Rx,0,8,59,76,A1,00,00,00,00,05,
19666727,0000010C,false,Rx,0,8,FF,F9,E7,1F,46,4F,48,48,
19666971,0000010D,false,Rx,0,8,B5,02,00,00,00,00,01,00,
19667227,0000010E,false,Rx,0,8,00,00,1E,00,00,C0,AB,57,
19672974,00000091,false,Rx,0,8,7F,47,F9,27,06,00,00,00,
19673163,00000092,false,Rx,0,8,25,00,00,00,50,02,00,00,
19673394,0000012B,false,Rx,0,8,31,B1,5B,06,00,00,08,00,
19673673,00000093,false,Rx,0,8,00,00,00,00,00,00,00,00,
19673875,0000012C,false,Rx,0,8,00,00,01,00,00,64,00,00,
19674112,00000094,false,Rx,0,8,00,00,00,00,00,00,00,00,
19674359,000001E1,false,Rx,0,8,1E,97,DF,02,00,00,00,00,
19674604,0000011B,false,Rx,0,8,D7,E1,5B,05,80,08,28,02,
19674837,000001E2,false,Rx,0,8,00,00,00,00,00,00,00,00,
19675084,0000011C,false,Rx,0,8,00,05,20,00,22,00,01,01,
19678801,00000036,false,Rx,0,8,E0,BA,B6,51,00,00,25,05,
19679091,00000037,false,Rx,0,8,30,00,00,10,00,40,00,00,
19679331,00000038,false,Rx,0,8,04,00,00,00,B0,39,96,D4,
19679496,00000039,false,Rx,0,8,00,00,00,00,00,00,00,00,
19679717,000003AA,false,Rx,0,8,FF,00,D0,00,54,00,00,00,
19680111,000003B6,false,Rx,0,8,2B,C5,FA,00,00,00,00,46,
19680368,000003B7,false,Rx,0,8,46,00,00,00,00,00,00,00,
19680601,0000019B,false,Rx,0,8,AA,DF,AC,00,00,E4,00,00,
19680844,000003B8,false,Rx,0,8,B2,02,00,00,00,00,69,0E,
19681150,0000019C,false,Rx,0,8,40,20,00,00,00,00,0B,09,
19681361,000002FF,false,Rx,0,8,D4,CB,00,71,02,00,00,00,
19681579,0000019D,false,Rx,0,8,00,10,00,01,00,00,00,00,
19681810,000002D6,false,Rx,0,8,9A,AC,FA,00,00,00,00,00,
19682052,0000019E,false,Rx,0,8,15,00,00,00,00,32,00,00,
19682309,000002D7,false,Rx,0,8,00,00,00,00,03,00,00,00,
19682536,00000316,false,Rx,0,8,58,A5,A4,34,06,80,0A,00,
19682790,000002D8,false,Rx,0,8,00,00,00,00,00,00,38,47,
19683019,000002EB,false,Rx,0,8,A3,18,FA,07,08,01,00,02,
19683276,000002D9,false,Rx,0,8,00,00,00,00,00,00,00,00,
19683505,000002EC,false,Rx,0,8,07,00,CF,00,59,00,00,00,
19683793,000003B9,false,Rx,0,8,00,00,00,00,00,00,00,00,
19684335,000002ED,false,Rx,0,8,00,00,00,00,00,00,00,00,
19684412,00000401,false,Rx,0,8,C6,10,10,00,00,04,00,00,
19684477,000002EE,false,Rx,0,8,00,00,00,00,00,00,00,00,
19684774,00000472,false,Rx,0,8,5C,EC,00,40,08,41,00,45,
19685034,00000317,false,Rx,0,8,00,00,05,00,00,00,00,00,
19685208,00000473,false,Rx,0,8,5F,24,00,25,00,00,00,78,
19685521,00000474,false,Rx,0,8,91,72,00,00,00,00,00,08,
19685760,00000495,false,Rx,0,8,49,00,00,00,00,00,00,00,
19686470,00000563,false,Rx,1,8,65,02,00,00,00,00,FF,FF,
19688698,000003B1,false,Rx,0,8,C1,DE,00,80,00,00,20,00,
19689141,00000251,false,Rx,0,8,8B,B5,F6,00,00,00,00,00,
19689455,00000252,false,Rx,0,8,00,00,1B,1B,03,00,00,00,
19689666,00000253,false,Rx,0,8,00,00,00,58,58,00,80,4D,
19689885,000002AB,false,Rx,0,8,9F,45,F9,0C,0C,00,00,00,
19690221,000002AC,false,Rx,0,8,00,FF,FF,00,00,40,00,54,
19690434,000002AD,false,Rx,0,8,00,01,00,40,FF,FF,FF,0F,
19690698,000002AE,false,Rx,0,8,01,00,FF,3F,01,01,00,00,
19690938,000002B6,false,Rx,0,8,25,63,F9,01,00,00,00,40,
19691230,000002B7,false,Rx,0,8,9F,00,50,1C,00,04,00,00,
19691467,000002B8,false,Rx,0,8,FF,F8,10,00,00,00,00,00,
19691723,000002B9,false,Rx,0,8,0A,00,00,00,00,00,00,00,
19691979,000002C1,false,Rx,0,8,4F,81,FD,21,00,41,00,D4,
19692226,000002C2,false,Rx,0,8,30,00,00,00,00,00,00,00,
19692482,000002C3,false,Rx,0,8,00,00,00,00,00,00,00,00,
19692791,000002C4,false,Rx,0,8,00,00,00,00,00,00,00,00,
19693072,000002E1,false,Rx,0,8,A3,28,F9,00,00,00,00,40,
19693358,0000033B,false,Rx,0,8,C7,2F,F8,00,00,00,00,00,
19693594,000002E2,false,Rx,0,8,FD,00,00,00,00,14,00,04,
19693847,0000033C,false,Rx,0,8,00,00,00,00,F0,00,00,00,
19694083,000002E3,false,Rx,0,8,00,00,00,00,00,00,72,01,
19694344,0000033D,false,Rx,0,8,00,00,00,00,00,00,00,00,
19694588,000002E4,false,Rx,0,8,02,00,00,00,00,00,00,00,
19694849,0000033E,false,Rx,0,8,00,00,00,00,00,00,00,00,
19695088,00000356,false,Rx,0,8,50,82,FC,00,00,00,00,00,
19695497,00000357,false,Rx,0,8,00,00,00,00,00,4B,4D,48,
19695650,00000358,false,Rx,0,8,35,41,45,4D,52,37,33,4F,
19695920,00000359,false,Rx,0,8,51,4F,34,52,4A,35,33,00,
19697072,00000146,false,Rx,0,8,78,40,DD,10,04,05,00,00,
19697337,00000147,false,Rx,0,8,01,04,7D,00,40,46,07,00,
19697593,00000148,false,Rx,0,8,00,00,42,00,1E,89,40,05,
19697829,00000061,false,Rx,0,8,39,E7,36,00,00,00,00,00,
19698064,00000149,false,Rx,0,8,00,38,00,CC,00,00,00,00,
19698381,00000062,false,Rx,0,8,02,02,00,02,40,FF,00,FF,
19698606,00000063,false,Rx,0,8,00,00,05,00,00,08,FD,00,
19698857,00000064,false,Rx,0,8,00,00,00,04,FF,FA,00,00,
19699104,000000A1,false,Rx,0,8,4E,AF,36,59,61,02,8A,00,
19699385,000000A2,false,Rx,0,8,00,00,00,00,00,00,00,00,
19699661,000000A3,false,Rx,0,8,00,40,01,00,00,00,00,00,
19699882,000001AB,false,Rx,0,8,F1,84,6C,50,70,90,00,00,
19700193,000001AC,false,Rx,0,8,00,28,00,00,00,00,00,00,
19702777,00000111,false,Rx,0,8,75,C3,2A,01,00,00,00,00,
19702904,00000112,false,Rx,0,8,00,00,00,00,00,00,00,00,
19703133,0000036F,false,Rx,0,8,FE,01,01,00,00,00,00,00,
19703366,00000113,false,Rx,0,8,00,00,00,00,00,00,00,00,
19703590,0000037F,false,Rx,0,8,FC,60,52,24,41,02,00,00,
19703856,00000114,false,Rx,0,8,00,00,00,00,00,00,00,00,
19706009,000001B1,false,Rx,0,8,FF,FF,DD,00,72,00,00,00,
19706080,000001B2,false,Rx,0,8,23,00,04,B7,0F,08,50,10,
19706322,000001B3,false,Rx,0,8,10,33,37,00,5A,7B,6A,7D,
19706538,000001B4,false,Rx,0,8,65,7D,10,00,00,41,00,00,
19709477,00000121,false,Rx,0,8,2F,1A,9C,00,00,00,00,05,
19709630,00000122,false,Rx,0,8,FF,D9,67,1F,46,48,46,45,
19709967,00000123,false,Rx,0,8,B6,02,00,00,00,00,01,00,
19710177,00000124,false,Rx,0,8,00,00,0A,00,00,00,20,40,
19716591,0000010B,false,Rx,0,8,AA,E8,A6,00,00,00,00,05,
19716766,0000010C,false,Rx,0,8,FF,F9,E7,1F,46,4F,48,48,
19717002,0000010D,false,Rx,0,8,B5,02,00,00,00,00,01,00,
19717411,0000010E,false,Rx,0,8,00,00,1E,00,00,C0,AB,57,
19722646,00000161,false,Rx,0,8,41,BA,B0,03,00,00,00,02,
19722782,0000011B,false,Rx,0,8,01,7D,60,05,80,08,28,02,
19723036,00000162,false,Rx,0,8,FF,FC,01,00,00,00,00,00,
19723473,0000011C,false,Rx,0,8,00,05,20,00,22,00,01,01,
19723537,0000012B,false,Rx,0,8,E7,2D,60,06,00,00,08,00,
19723809,0000012C,false,Rx,0,8,00,00,01,00,00,64,00,00,
19724374,0000030B,false,Rx,0,8,B7,79,F8,00,04,00,00,00,
19724632,0000030C,false,Rx,0,8,00,00,0E,00,2C,00,A0,0F,
19724909,0000030D,false,Rx,0,8,00,00,00,00,43,00,00,00,
19725159,0000030E,false,Rx,0,8,00,00,18,05,21,00,00,04,
19728814,00000036,false,Rx,0,8,ED,7C,BB,51,00,00,25,05,
19728973,00000037,false,Rx,0,8,30,00,00,10,00,40,00,00,
19729296,00000038,false,Rx,0,8,04,00,00,00,B0,39,96,D4,
19729517,00000039,false,Rx,0,8,00,00,00,00,00,00,00,00,
19730502,0000019B,false,Rx,0,8,62,DD,B1,00,00,E4,00,00,
19730672,0000019C,false,Rx,0,8,40,20,00,00,00,00,0B,09,
19731084,0000019D,false,Rx,0,8,00,10,00,01,00,00,00,00,
19731180,00000475,false,Rx,0,8,12,00,00,00,00,00,00,00,
19731675,0000019E,false,Rx,0,8,15,00,00,00,00,32,00,00,
19731803,00000487,false,Rx,1,8,00,00,00,00,00,00,00,00,
19731863,00000496,false,Rx,0,8,12,00,00,00,00,00,00,00,
19732227,00000642,false,Rx,1,8,FF,FF,FF,FF,FF,FF,00,00,
19732677,000001F1,false,Rx,0,8,9A,BA,A5,01,00,00,28,00,
19732917,000001A1,false,Rx,0,8,68,26,B0,FE,F7,7F,64,00,
19733192,000001A2,false,Rx,0,8,44,00,00,00,27,08,00,00,
19733461,000001A3,false,Rx,0,8,FF,F3,3F,00,00,00,00,00,
19733751,00000383,false,Rx,0,8,5A,53,00,10,01,00,00,00,
19733988,000001A4,false,Rx,0,8,FE,07,00,00,00,00,00,00,
19734280,000001F2,false,Rx,0,8,00,00,00,00,00,00,00,00,
19740720,00000448,false,Rx,0,8,DE,80,00,00,00,00,00,00,
19743315,000001FB,false,Rx,0,8,1F,1B,F0,00,00,00,00,00,
19743496,000001FC,false,Rx,0,8,00,00,00,00,00,00,00,00,
19743767,000001FD,false,Rx,0,8,00,1A,03,00,00,00,00,00,
19744153,000001FE,false,Rx,0,8,00,00,00,00,00,00,00,00,
19747739,00000061,false,Rx,0,8,34,21,3B,00,00,00,00,00,
19747886,00000062,false,Rx,0,8,02,02,00,02,40,FF,00,FF,
19748181,00000063,false,Rx,0,8,00,00,05,00,00,08,FD,00,
19748591,00000064,false,Rx,0,8,00,00,00,04,FF,FA,00,00,
19748651,000000A1,false,Rx,0,8,78,EC,3B,59,61,02,8A,00,
19748893,000000A2,false,Rx,0,8,00,00,00,00,00,00,00,00,
19749135,00000382,false,Rx,0,8,2B,FE,21,00,00,05,09,00,
19749425,000000A3,false,Rx,0,8,00,40,01,00,00,00,00,00,
19756764,000002BF,false,Rx,0,8,FF,FF,FF,00,00,00,00,00,
19757064,0000047F,false,Rx,0,8,F0,FC,FF,FF,FF,FF,FF,FF,
19757341,00000653,false,Rx,0,8,0A,19,03,01,02,2A,00,00,
19758528,00000151,false,Rx,0,8,37,68,F7,64,C8,00,28,18,
19758674,00000152,false,Rx,0,8,14,17,17,00,51,00,00,00,
19758964,00000153,false,Rx,0,8,00,00,00,00,00,00,00,00,
19759244,00000154,false,Rx,0,8,00,00,00,00,00,00,00,00,
19759468,00000121,false,Rx,0,8,4C,81,A1,00,00,00,00,05,
19759818,00000122,false,Rx,0,8,FF,D9,67,1F,46,48,46,45,
19760086,000001F6,false,Rx,0,8,7C,B4,F7,00,00,00,00,0E,
19760206,00000123,false,Rx,0,8,B6,02,00,00,00,00,01,00,
19760409,000001F7,false,Rx,0,8,26,00,DA,02,00,00,00,00,
19760661,00000124,false,Rx,0,8,00,00,0A,00,00,00,20,40,
19760915,000001F8,false,Rx,0,8,00,5E,01,45,01,00,00,00,
19761126,000002FB,false,Rx,0,8,7B,BE,F7,04,72,1A,B4,B4,
19761367,000001F9,false,Rx,0,8,4B,00,64,C8,14,00,4B,00,
19761602,000002FC,false,Rx,0,8,0F,00,14,18,00,00,8E,43,
19761845,00000236,false,Rx,0,8,71,9F,F7,00,34,6C,AE,62,
19762097,000002FD,false,Rx,0,8,00,00,00,00,00,1C,13,EA,
19762326,00000237,false,Rx,0,8,00,15,47,00,00,1E,1B,00,
19762577,000002FE,false,Rx,0,8,00,00,72,01,00,28,C8,02,
19762816,00000238,false,Rx,0,8,00,00,72,00,00,00,00,00,
19763104,00000326,false,Rx,0,8,05,C3,F7,00,00,00,00,00,
19763353,00000239,false,Rx,0,8,00,00,00,00,01,00,00,00,
19763586,00000327,false,Rx,0,8,00,00,00,00,05,00,00,00,
19763793,0000025B,false,Rx,0,8,0D,55,F7,40,40,20,00,00,
19764024,00000328,false,Rx,0,8,DA,02,4B,00,00,5E,01,00,
19764268,0000025C,false,Rx,0,8,00,00,26,00,B4,2C,19,00,
19764680,00000329,false,Rx,0,8,64,45,01,00,00,00,00,00,
19764744,0000025D,false,Rx,0,8,00,C8,00,00,00,80,C0,70,
19764977,00000331,false,Rx,0,8,26,66,F7,F1,C8,A0,2C,97,
19765467,0000025E,false,Rx,0,8,04,07,0E,01,00,00,46,00,
19765727,00000332,false,Rx,0,8,E8,08,FC,03,00,00,00,00,
19765801,00000333,false,Rx,0,8,00,00,00,1C,0C,40,20,64,
19765983,00000334,false,Rx,0,8,C8,00,00,00,08,44,F4,8F,
19766494,0000010B,false,Rx,0,8,A7,2E,AB,00,00,00,00,05,
19766739,0000010C,false,Rx,0,8,FF,F9,E7,1F,46,4F,48,48,
19766976,0000010D,false,Rx,0,8,B5,02,00,00,00,00,01,00,
19767228,0000010E,false,Rx,0,8,00,00,1E,00,00,C0,AB,57,
19771518,000004A3,false,Rx,1,8,80,00,48,0B,3E,00,00,00,
19771794,000004A4,false,Rx,1,8,FF,FF,FF,00,00,00,00,00,
19772940,00000091,false,Rx,0,8,B5,AC,FA,27,06,00,00,00,
19773154,00000092,false,Rx,0,8,25,00,00,00,50,02,00,00,
19773397,0000012B,false,Rx,0,8,11,05,65,06,00,00,08,00,
19773670,00000093,false,Rx,0,8,00,00,00,00,00,00,00,00,
19773888,0000012C,false,Rx,0,8,00,00,01,00,00,64,00,00,
19774136,00000094,false,Rx,0,8,00,00,00,00,00,00,00,00,
19774378,0000011B,false,Rx,0,8,F7,55,65,05,80,08,28,02,
19774617,0000011C,false,Rx,0,8,00,05,20,00,22,00,01,01,
19777275,000001E6,false,Rx,0,8,C4,16,EE,02,00,00,00,00,
19777558,000001BB,false,Rx,0,8,CE,3E,EE,02,00,00,00,0A,
19777756,000001BC,false,Rx,0,8,32,00,00,00,02,00,00,00,
19777997,000001BD,false,Rx,0,8,00,00,00,00,00,00,00,00,
19778241,000001E7,false,Rx,0,8,00,00,22,03,20,01,00,00,
19778487,00000256,false,Rx,0,8,B0,4B,F6,15,40,00,F0,00,
19778739,00000036,false,Rx,0,8,4C,03,C0,51,00,00,25,05,
19778985,00000257,false,Rx,0,8,00,94,41,19,85,07,00,94,
19779228,00000037,false,Rx,0,8,30,00,00,10,00,40,00,00,
19779448,00000226,false,Rx,0,8,61,3F,49,FF,63,60,09,42,
19779694,00000038,false,Rx,0,8,04,00,00,00,B0,39,96,D4,
19779943,00000227,false,Rx,0,8,02,94,00,09,03,F1,9F,03,
19780173,00000039,false,Rx,0,8,00,00,00,00,00,00,00,00,
19780418,00000258,false,Rx,0,8,36,F2,1A,00,10,15,00,28,
19780665,0000019B,false,Rx,0,8,91,43,B6,00,00,E4,00,00,
19780894,00000259,false,Rx,0,8,5F,05,8D,3C,4C,02,00,00,
19781140,0000019C,false,Rx,0,8,40,20,00,00,00,00,0B,09,
19781367,000002E6,false,Rx,0,8,C4,5C,F6,01,00,00,00,15,
19781617,0000019D,false,Rx,0,8,00,10,00,01,00,00,00,00,
19781863,000002E7,false,Rx,0,8,0A,00,00,00,00,00,00,00,
19782105,0000019E,false,Rx,0,8,15,00,00,00,00,32,00,00,
19782357,000002E8,false,Rx,0,8,00,00,00,00,00,00,00,00,
19782607,00000384,false,Rx,0,8,BA,56,0D,01,00,FF,00,24,
19782853,000002E9,false,Rx,0,8,00,00,00,00,00,00,00,00,
19783080,00000565,false,Rx,0,8,66,02,00,00,00,00,FF,FF,
19788791,0000042A,false,Rx,0,8,8E,83,0C,02,00,10,00,00,
19791064,00000396,false,Rx,0,8,62,04,FB,0F,08,02,00,02,
19791186,00000397,false,Rx,0,8,4E,00,43,10,3F,07,00,00,
19791440,00000398,false,Rx,0,8,00,00,00,00,00,00,00,00,
19797396,00000146,false,Rx,0,8,97,69,E2,10,04,05,00,00,
19797500,00000147,false,Rx,0,8,01,04,7D,00,40,46,07,00,
19797891,00000148,false,Rx,0,8,00,00,42,00,1E,89,40,05,
19797955,00000061,false,Rx,0,8,95,5E,40,00,00,00,00,00,
19798326,00000149,false,Rx,0,8,00,38,00,CC,00,00,00,00,
19798387,00000062,false,Rx,0,8,02,02,00,02,40,FF,00,FF,
19798579,00000063,false,Rx,0,8,00,00,05,00,00,08,FD,00,
19798850,00000064,false,Rx,0,8,00,00,00,04,FF,FA,00,00,
19799089,000000A1,false,Rx,0,8,DC,CC,40,59,61,02,8A,00,
19799351,000000A2,false,Rx,0,8,00,00,00,00,00,00,00,00,
19799612,000000A3,false,Rx,0,8,00,40,01,00,00,00,00,00,
19800021,000001AB,false,Rx,0,8,88,9E,71,50,70,90,00,00,
19800272,000001AC,false,Rx,0,8,00,28,00,00,00,00,00,00,
19802988,0000036F,false,Rx,0,8,47,11,01,00,00,00,00,00,
19803291,0000037F,false,Rx,0,8,45,70,52,24,41,02,00,00,
19806049,000001B1,false,Rx,0,8,01,0D,E2,00,72,00,00,00,
19806155,000001B2,false,Rx,0,8,23,00,04,B7,0F,08,50,10,
19806523,000001B3,false,Rx,0,8,10,33,37,00,5A,7B,6A,7D,
19806591,000001B4,false,Rx,0,8,65,7D,10,00,00,41,00,00,
19809650,00000121,false,Rx,0,8,49,D9,A6,00,00,00,00,05,
19809753,00000122,false,Rx,0,8,FF,D9,67,1F,46,47,46,45,
19810126,00000123,false,Rx,0,8,B6,02,00,00,00,00,01,00,
19810183,00000124,false,Rx,0,8,00,00,0A,00,00,00,20,40,
19811900,000003B0,false,Rx,0,8,72,37,FF,C7,00,00,03,C0,
19816698,0000010B,false,Rx,0,8,DA,EB,B0,00,00,00,00,05,
19816792,0000010C,false,Rx,0,8,FF,F9,E7,1F,46,4F,48,48,
19817192,0000010D,false,Rx,0,8,B5,02,00,00,00,00,01,00,
19817276,0000010E,false,Rx,0,8,00,00,1E,00,00,C0,AB,57,
19820111,000003B2,false,Rx,0,8,36,15,FF,02,29,2F,34,00,
19822741,00000161,false,Rx,0,8,B7,92,B5,03,00,00,00,02,
19822836,0000011B,false,Rx,0,8,ED,2C,6A,05,80,08,28,02,
19823115,00000162,false,Rx,0,8,FF,FC,01,00,00,00,00,00,
19823302,0000011C,false,Rx,0,8,00,05,20,00,22,00,01,01,
19823565,0000012B,false,Rx,0,8,0B,7C,6A,06,00,00,08,00,
19823784,000001E1,false,Rx,0,8,73,CB,E2,02,00,00,00,00,
19824009,0000012C,false,Rx,0,8,00,00,01,00,00,64,00,00,
19824344,000001E2,false,Rx,0,8,00,00,00,00,00,00,00,00,
19824694,00000405,false,Rx,0,8,D2,10,00,00,00,01,00,00,
19825259,00000413,false,Rx,0,8,08,60,00,00,00,00,00,00,
19825427,00000410,false,Rx,0,8,6A,60,57,3C,DE,6A,FF,FF,
19825719,00000414,false,Rx,0,8,41,70,00,00,28,00,00,00,
19825955,00000411,false,Rx,0,8,04,D1,50,51,00,00,44,04,
19826069,00000416,false,Rx,0,8,55,00,00,00,00,00,00,00,
19826388,00000412,false,Rx,0,8,CC,E0,00,00,00,00,00,00,
19826686,00000417,false,Rx,0,8,20,E0,00,00,00,00,00,00,
19826785,0000048F,false,Rx,0,8,AD,10,41,00,05,00,00,00,
19827345,00000418,false,Rx,0,8,07,C0,00,00,14,0C,00,00,
19827705,00000419,false,Rx,0,8,0D,20,26,D5,2D,87,90,00,
19827800,000003A1,false,Rx,0,8,93,2E,E3,00,FF,FF,FF,FF,
19827948,000003A2,false,Rx,0,8,00,00,00,00,00,00,00,00,
19828734,00000380,false,Rx,0,8,96,92,03,08,08,08,08,01,
19828929,00000036,false,Rx,0,8,33,2F,C5,51,00,00,25,05,
19829226,00000037,false,Rx,0,8,30,00,00,10,00,40,00,00,
19829457,00000038,false,Rx,0,8,04,00,00,00,B0,39,96,D4,
19829716,00000039,false,Rx,0,8,00,00,00,00,00,00,00,00,
19830451,0000019B,false,Rx,0,8,9C,85,BB,00,00,E4,00,00,
19830672,0000019C,false,Rx,0,8,40,20,00,00,00,00,0B,09,
19830928,00000427,false,Rx,0,8,1D,86,FF,00,80,0A,00,00,
19831173,0000019D,false,Rx,0,8,00,10,00,01,00,00,00,00,
19831432,0000019E,false,Rx,0,8,15,00,00,00,00,32,00,00,
19832677,000001A1,false,Rx,0,8,17,0A,B5,FE,F7,7F,64,00,
19832955,000001A2,false,Rx,0,8,44,00,00,00,27,08,00,00,
19833182,000001A3,false,Rx,0,8,FF,F3,3F,00,00,00,00,00,
19833443,000001A4,false,Rx,0,8,FE,07,00,00,00,00,00,00,
