Time Stamp,ID,Extended,Dir,Bus,LEN,D1,D2,D3,D4,D5,D6,D7,D8
147914,642,false,Rx,0,8,FF,FF,FF,FF,FF,FF,0,0
149280,432,false,Rx,0,8,3,20,2,0,0,0,0,0
150756,435,false,Rx,0,8,26,C0,0,40,0,0,0,0
150827,442,false,Rx,0,8,CE,20,11,81,0,0,0,0
152031,444,false,Rx,0,8,D5,20,20,50,55,50,0,0
152096,445,false,Rx,0,8,C6,C0,0,0,0,0,0,18
152115,464,false,Rx,0,8,D5,20,F0,FF,38,7F,5,0
153157,146,false,Rx,0,8,E2,CD,14,10,4,1,0,0
153197,147,false,Rx,0,8,0,4,7D,0,40,0,0,0
153215,148,false,Rx,0,8,0,0,0,0,0,90,40,5
153233,149,false,Rx,0,8,0,0,0,0,0,0,0,0
154334,000003AA,false,Rx,0,8,FF,0,B0,0,54,0,0,0
154369,495,false,Rx,0,8,49,0,0,0,0,0,0,0
157349,0000010B,false,Rx,0,8,B7,13,3E,0,0,0,0,5
158756,0000010C,false,Rx,0,8,FF,F9,E7,1F,46,44,46,46
158783,0000010D,false,Rx,0,8,10,3,0,0,0,0,1,35
158801,0000010E,false,Rx,0,8,0,0,0A,0,0,C0,AB,57
158819,000001B1,false,Rx,0,8,E7,50,14,0,72,0,0,0
158836,000001B4,false,Rx,0,8,95,91,17,0,0,40,1,0
163584,0000036F,false,Rx,0,8,81,C1,1,0,0,0,0,0
163617,419,false,Rx,0,8,B6,40,8F,D6,79,86,90,0
163634,0000037F,false,Rx,0,8,FC,60,52,24,41,2,0,0
163652,380,false,Rx,0,8,AD,D7,FF,0,0,0,0,1
165565,000001A1,false,Rx,0,8,54,74,18,FE,F7,7F,64,0
165587,000001A2,false,Rx,0,8,0,0,0,0,0,8,0,0
165605,000001A3,false,Rx,0,8,FF,F3,3F,0,0,0,0,0
165623,000001A4,false,Rx,0,8,FE,7,0,0,0,0,0,0
167565,000003B0,false,Rx,0,8,72,37,FF,C7,0,0,3,C0
168566,000003B1,false,Rx,0,8,9B,3C,FF,40,0,0,20,0
169575,448,false,Rx,0,8,0,C0,0,0,0,0,0,0
172566,0000019B,false,Rx,0,8,81,5D,3C,0,0,E4,0,0
172587,0000019C,false,Rx,0,8,40,20,0,0,0,0,0B,9
172605,0000019D,false,Rx,0,8,0,10,0,1,0,0,0,0
173567,0000019E,false,Rx,0,8,15,0,0,0,0,32,0,0
175565,000001E1,false,Rx,0,8,BB,18,0A,2,0,0,0,0
175586,000001E2,false,Rx,0,8,0,0,0,0,0,0,0,0
178565,000003B2,false,Rx,0,8,36,15,FF,2,29,2F,34,0
181572,121,false,Rx,0,8,1E,CB,3F,0,0,0,0,5
181592,122,false,Rx,0,8,FF,D9,67,1F,46,46,46,46
181610,123,false,Rx,0,8,11,3,0,0,0,0,1,35
181628,124,false,Rx,0,8,0,0,0A,0,0,0,20,40
182567,427,false,Rx,0,8,1D,86,FF,0,80,0A,0,0
186589,36,false,Rx,0,8,FF,44,41,51,0,0,25,1
186618,37,false,Rx,0,8,0,0,0,10,0,40,0,0
186636,38,false,Rx,0,8,4,0,0,0,50,38,96,D4
187570,39,false,Rx,0,8,0,0,0,0,0,0,0,0
189571,000004A3,false,Rx,0,8,80,0,48,0B,3E,0,0,0
189602,000004A4,false,Rx,0,8,FF,FF,FF,0,0,0,0,0
189619,61,false,Rx,0,8,66,C0,47,0,0,0,0,0
189637,62,false,Rx,0,8,2,2,0,2,40,FF,0,FF
190563,63,false,Rx,0,8,0,0,5,0,0,8,FD,0
190588,64,false,Rx,0,8,0,0,0,4,FF,FA,0,0
190606,000000A1,false,Rx,0,8,D6,F2,47,1A,0,0,0,0
191562,000000A2,false,Rx,0,8,0,0,0,0,0,0,0,0
191589,000000A3,false,Rx,0,8,0,40,1,0,0,0,0,0
192563,0000042A,false,Rx,0,8,F4,DE,FF,1,0,10,0,0
194570,0000011B,false,Rx,0,8,50,F8,34,5,80,8,A8,2
194593,0000012B,false,Rx,0,8,17,2,34,6,0,0,8,0
194610,0000011C,false,Rx,0,8,0,5,20,0,22,0,1,1
195570,0000012C,false,Rx,0,8,0,0,1,0,0,64,0,0
195594,000001FB,false,Rx,0,8,97,0F,5,0,0,0,0,0
195612,000001FC,false,Rx,0,8,0,0,0,0,0,0,0,0
195630,000001FD,false,Rx,0,8,0,1A,3,0,0,0,0,0
196562,000001FE,false,Rx,0,8,0,0,0,0,0,0,0,0
203595,419,false,Rx,0,8,B6,40,8F,D6,79,86,90,0
206601,0000010B,false,Rx,0,8,55,7E,43,0,0,0,0,5
206641,0000010C,false,Rx,0,8,FF,F9,E7,1F,46,45,46,46
206659,0000010D,false,Rx,0,8,10,3,0,0,0,0,1,35
206677,0000010E,false,Rx,0,8,0,0,0A,0,0,C0,AB,57
207651,000002C1,false,Rx,0,8,10,E0,84,21,0,41,0,AA
209008,000002C2,false,Rx,0,8,17,0,0,0,0,0,0,0
209047,000002C3,false,Rx,0,8,0,0,0,0,0,0,0,0
209066,000002C4,false,Rx,0,8,0,0,0,0,0,0,0,0
213590,516,false,Rx,0,8,61,2,0,0,0,0,FF,FF
222586,0000019B,false,Rx,0,8,95,E5,41,0,0,E4,0,0
222625,0000019C,false,Rx,0,8,40,20,0,0,0,0,0B,9
222644,0000019D,false,Rx,0,8,0,10,0,1,0,0,0,0
223605,0000019E,false,Rx,0,8,15,0,0,0,0,32,0,0
225098,401,false,Rx,0,8,A9,30,10,0,0,4,0,0
226610,000001AB,false,Rx,0,8,95,3F,69,50,70,38,0,0
226647,000001AC,false,Rx,0,8,0,28,0,0,0,0,0,0
227028,0000033B,false,Rx,0,8,B1,63,7,0,0,0,0,0
227585,0000033C,false,Rx,0,8,0,0,0,0,F0,0,0,0
227608,0000033D,false,Rx,0,8,0,0,0,0,0,0,0,0
229082,000002FF,false,Rx,0,8,E2,1,0,F1,3F,0,0,0
229471,316,false,Rx,0,8,C8,1A,71,34,14,80,0A,0
230492,472,false,Rx,0,8,5C,EC,0,40,8,41,0,45
230519,317,false,Rx,0,8,0,0,5,0,0,0,0,0
231559,473,false,Rx,0,8,5F,24,0,25,0,0,0,78
232771,474,false,Rx,0,8,93,44,0,0,0,0,0,14
232854,121,false,Rx,0,8,BF,B4,44,0,0,0,0,5
232873,122,false,Rx,0,8,FF,D9,67,1F,46,46,46,46
232891,123,false,Rx,0,8,11,3,0,0,0,0,1,35
234461,124,false,Rx,0,8,0,0,0A,0,0,0,20,40
234502,161,false,Rx,0,8,73,65,1C,3,0,0,0,2
234566,162,false,Rx,0,8,FF,FC,1,0,0,0,0,0
236643,36,false,Rx,0,8,0C,DA,46,51,0,0,25,1
236679,37,false,Rx,0,8,0,0,0,10,0,40,0,0
236697,38,false,Rx,0,8,4,0,0,0,50,38,96,D4
238335,39,false,Rx,0,8,0,0,0,0,0,0,0,0
238508,000002E6,false,Rx,0,8,BF,D6,4,1,0,0,0,15
238527,256,false,Rx,0,8,16,C6,4,15,40,0,F0,0
239635,000002E7,false,Rx,0,8,0A,0,0,0,0,0,0,0
239694,257,false,Rx,0,8,0,93,41,18,86,7,0,93
239712,000002E8,false,Rx,0,8,0,0,0,0,0,0,0,0
239730,258,false,Rx,0,8,0B,71,1E,0,10,15,0,28
240127,61,false,Rx,0,8,DE,C1,4C,0,0,0,0,0
240177,259,false,Rx,0,8,50,5,8A,3C,4C,2,0,0
240196,62,false,Rx,0,8,2,2,0,2,40,FF,0,FF
240214,000002E9,false,Rx,0,8,0,0,0,0,0,0,0,0
241406,63,false,Rx,0,8,0,0,5,0,0,8,FD,0
241440,0000048B,false,Rx,0,8,B2,99,B4,1E,1,0,0,0
241458,64,false,Rx,0,8,0,0,0,4,FF,FA,0,0
241476,0000048C,false,Rx,0,8,0,0,0,0,0,0,0,0
241493,000000A1,false,Rx,0,8,EA,3,4C,1A,0,0,0,0
242867,91,false,Rx,0,8,CF,AB,5,0,0,0,0,0
242902,92,false,Rx,0,8,0,0,0,0,0,0,0,0
244096,93,false,Rx,0,8,0,0,0,0,0,0,0,0
244138,94,false,Rx,0,8,0,0,0,0,0,0,0,0
244156,000000A2,false,Rx,0,8,0,0,0,0,0,0,0,0
244174,000000A3,false,Rx,0,8,0,40,1,0,0,0,0,0
245814,0000011B,false,Rx,0,8,23,C1,39,5,80,8,A8,2
245849,0000012B,false,Rx,0,8,64,3B,39,6,0,0,8,0
245867,0000011C,false,Rx,0,8,0,5,20,0,22,0,1,1
245885,0000012C,false,Rx,0,8,0,0,1,0,0,64,0,0
248709,000002BF,false,Rx,0,8,FF,FF,FF,0,0,0,0,0
250093,000001E6,false,Rx,0,8,5B,54,0A,2,0,0,0,0
250128,0000047F,false,Rx,0,8,FF,FF,FF,FF,FF,FF,F3,FF
250146,000001BB,false,Rx,0,8,D3,51,0A,2,0,0,0,0A
250163,653,false,Rx,0,8,0A,19,3,1,2,2A,0,0
250181,000001BC,false,Rx,0,8,32,0,0,0,2,0,0,0
250199,000001BD,false,Rx,0,8,0,0,0,0,0,0,0,0
250611,000001E7,false,Rx,0,8,0,0,22,3,20,1,0,0
251802,146,false,Rx,0,8,EF,0B,19,10,4,1,0,0
251837,147,false,Rx,0,8,0,4,7D,0,40,0,0,0
252272,148,false,Rx,0,8,0,0,0,0,0,90,40,5
252296,149,false,Rx,0,8,0,0,0,0,0,0,0,0
256571,0000010B,false,Rx,0,8,1B,AA,48,0,0,0,0,5
256594,0000010C,false,Rx,0,8,FF,F9,E7,1F,46,44,46,46
256612,0000010D,false,Rx,0,8,10,3,0,0,0,0,1,35
257879,0000010E,false,Rx,0,8,0,0,0A,0,0,C0,AB,57
257897,000001B1,false,Rx,0,8,EA,96,19,0,72,0,0,0
257915,000001B2,false,Rx,0,8,23,0,4,0F,0F,7,52,10
257933,000001B3,false,Rx,0,8,10,2C,0,0,87,91,96,90
257950,000001B4,false,Rx,0,8,95,91,17,0,0,40,1,0
260469,000000C5,false,Rx,0,8,0,0,0,0,0,0,0,0
260901,244,false,Rx,0,8,FF,FF,FF,FF,FF,FF,FF,FF
260928,0000041F,false,Rx,0,8,0,0C,0,0,0,0,0,0
260946,000004B4,false,Rx,0,8,0,0,0,0,0,0,0,0
260963,475,false,Rx,0,8,12,0,0,0,0,0,0,0
260996,000004B5,false,Rx,0,8,8,0,F0,7,0,0,0,0
261014,000004B7,false,Rx,0,8,8,0,F0,7,0,0,0,0
262087,000004CA,false,Rx,0,8,0,0,0,0,0,0,0,0
262121,000004CC,false,Rx,0,8,8,0,0,6,0,0,3,0
262139,000004CE,false,Rx,0,8,14,1,FF,FF,FF,FF,FF,FF
262157,000004D7,false,Rx,0,8,23,1,0,0,0,0,0,0
263460,000004D8,false,Rx,0,8,41,10,F0,F0,40,F2,1E,CC
263495,000004DD,false,Rx,0,8,0,0,FE,0,4,0,0,0
263513,000004DF,false,Rx,0,8,FF,3,0C,3F,0,0,0,0
263530,0000036F,false,Rx,0,8,38,D1,1,0,0,0,0,0
264022,000004E7,false,Rx,0,8,0,30,0,0,0,0,69,0
264066,0000037F,false,Rx,0,8,45,70,52,24,41,2,0,0
264105,000004E8,false,Rx,0,8,FF,FF,FF,5,FF,FF,FF,0
264122,000004E9,false,Rx,0,8,12,0,0,34,0,0,50,0
266771,111,false,Rx,0,8,4B,96,78,1,0,0,0,0
266865,000001A1,false,Rx,0,8,2B,58,1D,FE,F7,7F,64,0
266884,112,false,Rx,0,8,0,0,0,0,0,0,0,0
266902,000001A2,false,Rx,0,8,0,0,0,0,0,8,0,0
266919,113,false,Rx,0,8,0,0,0,0,0,0,0,0
266937,000001A3,false,Rx,0,8,FF,F3,3F,0,0,0,0,0
267563,000004ED,false,Rx,0,8,0,0,0,0,0,FF,FF,1F
267593,000004EE,false,Rx,0,8,FF,FF,0,0,0,0,0,0
268558,000004EF,false,Rx,0,8,60,0,60,0,29,14,0,0
268583,0000063D,false,Rx,0,8,0,80,0,0,0,0,0,0
268601,0000063E,false,Rx,0,8,FF,FF,FF,FF,FF,FF,FF,FF
268619,0000063F,false,Rx,0,8,0,10,0,C4,FF,0,0,0
269664,640,false,Rx,0,8,FF,FF,FF,0,FF,FF,FF,0
269703,641,false,Rx,0,8,FF,FF,FF,FF,0F,FF,FF,FF
269720,646,false,Rx,0,8,0,0,0,80,1,0,0,0
273204,0000019B,false,Rx,0,8,66,7B,46,0,0,E4,0,0
273589,0000019C,false,Rx,0,8,40,20,0,0,0,0,0B,9
273617,0000019D,false,Rx,0,8,0,10,0,1,0,0,0,0
273635,0000019E,false,Rx,0,8,15,0,0,0,0,32,0,0
276715,0000030B,false,Rx,0,8,0,53,7,0,4,0,0,0
277596,0000030C,false,Rx,0,8,0,0,0E,0,2C,0,A0,0F
277629,0000030D,false,Rx,0,8,0,0,0,0,49,0,0,0
277647,0000030E,false,Rx,0,8,0,0,38,5,21,0,0,4
282010,121,false,Rx,0,8,B2,72,49,0,0,0,0,5
282052,122,false,Rx,0,8,FF,D9,67,1F,46,46,46,46
282070,123,false,Rx,0,8,11,3,0,0,0,0,1,35
282088,124,false,Rx,0,8,0,0,0A,0,0,0,20,40
284114,405,false,Rx,0,8,BD,30,0,0,0,1,0,0
284149,413,false,Rx,0,8,6F,30,0,0,0,0,0,0
284167,410,false,Rx,0,8,4B,80,59,3C,16,6B,FF,FF
284185,414,false,Rx,0,8,F0,10,0,0,28,0,0,0
284203,411,false,Rx,0,8,A8,1,50,50,0,0,44,4
284624,412,false,Rx,0,8,6D,60,0,0,0,0,0,0
284649,417,false,Rx,0,8,5F,20,0,0,0,0,0,0
286150,418,false,Rx,0,8,19,70,0,0,12,0C,0,0
286186,419,false,Rx,0,8,B6,40,8F,D6,79,86,90,0
286204,36,false,Rx,0,8,1,1C,4B,51,0,0,25,1
286592,37,false,Rx,0,8,0,0,0,10,0,40,0,0
286614,38,false,Rx,0,8,4,0,0,0,50,38,96,D4
287565,39,false,Rx,0,8,0,0,0,0,0,0,0,0
289588,61,false,Rx,0,8,16,C3,51,0,0,0,0,0
289624,62,false,Rx,0,8,2,2,0,2,40,FF,0,FF
291111,63,false,Rx,0,8,0,0,5,0,0,8,FD,0
291167,64,false,Rx,0,8,0,0,0,4,FF,FA,0,0
291185,000000A1,false,Rx,0,8,8F,0,51,1A,0,0,0,0
292325,000000A2,false,Rx,0,8,0,0,0,0,0,0,0,0
292410,000000A3,false,Rx,0,8,0,40,1,0,0,0,0,0
294595,0000011B,false,Rx,0,8,BC,A9,3E,5,80,8,A8,2
294634,0000012B,false,Rx,0,8,FB,53,3E,6,0,0,8,0
294653,0000011C,false,Rx,0,8,0,5,20,0,22,0,1,1
295569,0000012C,false,Rx,0,8,0,0,1,0,0,64,0,0
295591,000001F1,false,Rx,0,8,29,42,DD,1,0,0,28,0
295609,151,false,Rx,0,8,B1,A2,7,A0,C8,0,28,19
295627,000001F2,false,Rx,0,8,0,0,0,0,0,0,0,0
296694,152,false,Rx,0,8,16,18,18,0,0B,0,0,0
296743,236,false,Rx,0,8,13,7C,7,0,6E,3C,34,6C
296760,153,false,Rx,0,8,0,0,0,0,0,0,0,0
296778,000001F6,false,Rx,0,8,82,81,7,0,0,0,0,0E
298074,154,false,Rx,0,8,0,0,0,0,0,0,0,0
299352,000001F7,false,Rx,0,8,0B,0,0,0,0,0,0,0
299373,000002FB,false,Rx,0,8,ED,8B,7,4,5F,1A,CC,CC
299391,000001F8,false,Rx,0,8,0,0,0,0,0,0,0,0
299807,000002FC,false,Rx,0,8,3,0,16,19,0,0,8E,BF
301118,000002FD,false,Rx,0,8,0,0,0,0,0,1C,0E,EA
301138,239,false,Rx,0,8,0,0,0,0,1,0,0,0
301156,327,false,Rx,0,8,0,0,0,0,5,0,0,0
301174,0000025B,false,Rx,0,8,7E,46,7,40,40,20,0,0
301192,328,false,Rx,0,8,0,0,0,0,0,0,0,0
301209,331,false,Rx,0,8,6B,90,7,F1,C8,A0,2C,97
301567,0000025E,false,Rx,0,8,16,7,0E,2,0,0,0,0
302609,332,false,Rx,0,8,94,2,0,0,0,0,0,0
302646,382,false,Rx,0,8,F1,7A,1,0,0,1,8,0
302967,333,false,Rx,0,8,0,0,0,1C,0C,40,20,A0
302987,334,false,Rx,0,8,C8,0,0,0,AC,70,1D,90
306607,0000010B,false,Rx,0,8,64,86,4D,0,0,0,0,5
306644,0000010C,false,Rx,0,8,FF,F9,E7,1F,46,44,46,46
306663,0000010D,false,Rx,0,8,10,3,0,0,0,0,1,35
306681,0000010E,false,Rx,0,8,0,0,0A,0,0,C0,AB,57
307605,000002AB,false,Rx,0,8,31,6C,8,0C,0C,0,0,0
307638,000002AC,false,Rx,0,8,0,FF,FF,0,0,40,0,50
308648,000002AD,false,Rx,0,8,0,1,0,40,FF,FF,FF,0F
308703,485,false,Rx,0,8,0,40,11,2,0,0,0,0
308721,251,false,Rx,0,8,5D,DC,7,0,0,0,0,0
308738,000002AE,false,Rx,0,8,1,0,FF,3F,1,1,0,0
308756,252,false,Rx,0,8,0,0,0,0,3,0,0,0
310647,000002B6,false,Rx,0,8,43,1D,8,1,0,0,0,40
310702,253,false,Rx,0,8,0,0,0,51,51,0,80,44
310721,000002B7,false,Rx,0,8,8,2,F0,0,0,4,0,0
310739,396,false,Rx,0,8,F9,C9,83,0F,8,1,0,2
310756,000002B8,false,Rx,0,8,AA,11,11,0,0,0,0,0
310774,000002B9,false,Rx,0,8,0A,0,0,0,0,0,0,0
311882,000002E1,false,Rx,0,8,12,49,8,0,0,0,0,40
312284,000002E2,false,Rx,0,8,FD,0,0,0,0,14,0,4
312324,000002E3,false,Rx,0,8,0,0,0,0,0,0,72,1
312346,000002E4,false,Rx,0,8,2,0,0,0,0,0,0,0
312363,561,false,Rx,0,8,63,2,0,0,0,0,FF,FF
317595,383,false,Rx,0,8,12,ED,1,0,2,0,0,0
322587,0000019B,false,Rx,0,8,6B,BD,4B,0,0,E4,0,0
322626,0000019C,false,Rx,0,8,40,20,0,0,0,0,0B,9
322644,0000019D,false,Rx,0,8,0,10,0,1,0,0,0,0
323640,0000019E,false,Rx,0,8,15,0,0,0,0,32,0,0
325854,000002D6,false,Rx,0,8,4,C1,83,0,0,0,0,0
326054,000002EB,false,Rx,0,8,90,88,83,9,8,1,0,2
326072,000002D7,false,Rx,0,8,0,0,0,0,3,0,0,0
326089,000002EC,false,Rx,0,8,2,0,0,0,0,0,0,0
326107,000002D8,false,Rx,0,8,0,0,0,0,0,0,38,45
326125,000001E1,false,Rx,0,8,24,70,0D,2,0,0,0,0
326142,000003A2,false,Rx,0,8,0,0,0,0,0,0,0,0
326770,415,false,Rx,0,8,40,13,10,0,8,1,0,0
327690,000001AB,false,Rx,0,8,0A,57,6E,50,70,38,0,0
327723,226,false,Rx,0,8,32,F2,E3,FF,43,E1,5,42
328599,000001AC,false,Rx,0,8,0,28,0,0,0,0,0,0
328628,227,false,Rx,0,8,2,70,E1,8,0,F2,17,4
328646,356,false,Rx,0,8,3B,16,84,0,0,0,0,0
328664,357,false,Rx,0,8,0,0,0,0,0,4B,4D,48
330384,358,false,Rx,0,8,35,41,45,4D,52,37,33,4F
330448,359,false,Rx,0,8,51,4F,34,52,4A,35,33,0
332031,121,false,Rx,0,8,41,EC,4E,0,0,0,0,5
332407,122,false,Rx,0,8,FF,D9,67,1F,46,46,46,46
332433,123,false,Rx,0,8,11,3,0,0,0,0,1,35
332454,124,false,Rx,0,8,0,0,0A,0,0,0,20,40
335016,161,false,Rx,0,8,1E,39,21,3,0,0,0,2
335056,162,false,Rx,0,8,FF,FC,1,0,0,0,0,0
337027,36,false,Rx,0,8,7C,D9,50,51,0,0,25,1
337232,37,false,Rx,0,8,0,0,0,10,0,40,0,0
337251,38,false,Rx,0,8,4,0,0,0,50,38,96,D4
337269,39,false,Rx,0,8,0,0,0,0,0,0,0,0
338785,384,false,Rx,0,8,E9,DC,2,0,0,FF,0,21
338820,000003B6,false,Rx,0,8,16,50,82,0,0,0,0,46
340735,000003B7,false,Rx,0,8,46,0,0,0,0,0,0,0
340788,000003B8,false,Rx,0,8,0C,3,0,0,0,0,69,0E
340807,61,false,Rx,0,8,E5,5D,56,0,0,0,0,0
340824,000003B9,false,Rx,0,8,0,0,0,0,0,0,0,0
340842,62,false,Rx,0,8,2,2,0,2,40,FF,0,FF
340859,63,false,Rx,0,8,0,0,5,0,0,8,FD,0
343958,000000A2,false,Rx,0,8,0,0,0,0,0,0,0,0
343993,000000A3,false,Rx,0,8,0,40,1,0,0,0,0,0
344011,91,false,Rx,0,8,5,40,6,0,0,0,0,0
344029,92,false,Rx,0,8,0,0,0,0,0,0,0,0
344046,93,false,Rx,0,8,0,0,0,0,0,0,0,0
345421,0000011B,false,Rx,0,8,F9,79,43,5,80,8,A8,2
345455,0000012B,false,Rx,0,8,BE,83,43,6,0,0,8,0
345473,0000011C,false,Rx,0,8,0,5,20,0,22,0,1,1
345491,0000012C,false,Rx,0,8,0,0,1,0,0,64,0,0
345508,000003E5,false,Rx,0,8,37,80,1,0,0,0,0,0
346908,000003E6,false,Rx,0,8,67,90,0,0,0,0,0,0
346943,0000041A,false,Rx,0,8,8D,D0,12,0,0,0,0,0
347526,0000041B,false,Rx,0,8,70,D0,0,0,0,0,0,0
347694,0000041C,false,Rx,0,8,48,0,E0,0,0,0,0,0
347733,422,false,Rx,0,8,9D,70,1,0,0,0,4,0
348639,444,false,Rx,0,8,D5,20,20,50,55,50,0,0
348661,445,false,Rx,0,8,C6,C0,0,0,0,0,0,18
349622,464,false,Rx,0,8,D5,20,F0,FF,38,7F,5,0
349643,487,false,Rx,0,8,0,0,0,0,0,0,0,0
349672,642,false,Rx,0,8,FF,FF,FF,FF,FF,FF,0,0
351592,146,false,Rx,0,8,1C,95,1E,10,4,1,0,0
352835,147,false,Rx,0,8,0,4,7D,0,40,0,0,0
353210,148,false,Rx,0,8,0,0,0,0,0,90,40,5
353245,149,false,Rx,0,8,0,0,0,0,0,0,0,0
353575,000003AA,false,Rx,0,8,FF,0,B0,0,54,0,0,0
354565,495,false,Rx,0,8,49,0,0,0,0,0,0,0
356242,0000010B,false,Rx,0,8,20,36,52,0,0,0,0,5
356422,0000010C,false,Rx,0,8,FF,F9,E7,1F,46,44,46,46
356439,0000010D,false,Rx,0,8,10,3,0,0,0,0,1,35
356457,0000010E,false,Rx,0,8,0,0,0A,0,0,C0,AB,57
357739,000001B1,false,Rx,0,8,19,8,1E,0,72,0,0,0
357774,000001B2,false,Rx,0,8,23,0,4,0F,0F,7,52,10
357793,000001B3,false,Rx,0,8,10,2C,0,0,87,91,96,90
358867,000001B4,false,Rx,0,8,95,91,17,0,0,40,1,0
363403,0000036F,false,Rx,0,8,EE,E1,1,0,0,0,0,0
363438,0000037F,false,Rx,0,8,EC,80,52,24,41,2,0,0
363456,380,false,Rx,0,8,AD,D7,FF,0,0,0,0,1
364607,000001A1,false,Rx,0,8,C4,71,22,FE,F7,7F,64,0
364640,000001A2,false,Rx,0,8,0,0,0,0,0,8,0,0
364658,000001A3,false,Rx,0,8,FF,F3,3F,0,0,0,0,0
365570,000001A4,false,Rx,0,8,FE,7,0,0,0,0,0,0
367725,000003B0,false,Rx,0,8,72,37,FF,C7,0,0,3,C0
368580,000003B1,false,Rx,0,8,9B,3C,FF,40,0,0,20,0
369571,448,false,Rx,0,8,0,C0,0,0,0,0,0,0
372586,0000019B,false,Rx,0,8,16,78,50,0,0,E4,0,0
372621,0000019C,false,Rx,0,8,40,20,0,0,0,0,0B,9
372639,0000019D,false,Rx,0,8,0,10,0,1,0,0,0,0
373579,0000019E,false,Rx,0,8,15,0,0,0,0,32,0,0
378588,000003B2,false,Rx,0,8,36,15,FF,2,29,2F,34,0
381733,121,false,Rx,0,8,89,EE,53,0,0,0,0,5
381773,122,false,Rx,0,8,FF,D9,67,1F,46,46,46,46
381791,123,false,Rx,0,8,11,3,0,0,0,0,1,35
381809,124,false,Rx,0,8,0,0,0A,0,0,0,20,40
382675,427,false,Rx,0,8,1D,86,FF,0,80,0A,0,0
386808,36,false,Rx,0,8,3,F5,55,51,0,0,25,1
386844,37,false,Rx,0,8,0,0,0,10,0,40,0,0
386862,38,false,Rx,0,8,4,0,0,0,50,38,96,D4
386879,39,false,Rx,0,8,0,0,0,0,0,0,0,0
389382,61,false,Rx,0,8,E8,9B,5B,0,0,0,0,0
389661,62,false,Rx,0,8,2,2,0,2,40,FF,0,FF
390576,63,false,Rx,0,8,0,0,5,0,0,8,FD,0
390597,64,false,Rx,0,8,0,0,0,4,FF,FA,0,0
390615,000000A1,false,Rx,0,8,B0,C6,5B,1A,0,0,0,0
390633,000004A3,false,Rx,0,8,80,0,48,0B,3E,0,0,0
391677,000000A2,false,Rx,0,8,0,0,0,0,0,0,0,0
391708,000004A4,false,Rx,0,8,FF,FF,FF,0,0,0,0,0
391726,000000A3,false,Rx,0,8,0,40,1,0,0,0,0,0
391744,000004E8,false,Rx,0,8,FF,FF,FF,5,FF,FF,FF,0
392753,0000042A,false,Rx,0,8,F4,DE,FF,1,0,10,0,0
394599,0000011B,false,Rx,0,8,31,80,48,5,80,8,A8,2
396498,0000012B,false,Rx,0,8,76,7A,48,6,0,0,8,0
396523,0000011C,false,Rx,0,8,0,5,20,0,22,0,1,1
396737,0000012C,false,Rx,0,8,0,0,1,0,0,64,0,0
396768,000001FB,false,Rx,0,8,1B,BD,7,0,0,0,0,0
396788,000001FC,false,Rx,0,8,0,0,0,0,0,0,0,0
399962,000001E6,false,Rx,0,8,C4,3C,0D,2,0,0,0,0
399997,000001BB,false,Rx,0,8,DA,D4,0D,2,0,0,0,0A
400015,000001BC,false,Rx,0,8,32,0,0,0,2,0,0,0
400366,000001BD,false,Rx,0,8,0,0,0,0,0,0,0,0
400387,000001E7,false,Rx,0,8,0,0,22,3,20,1,0,0
405591,563,false,Rx,0,8,65,2,0,0,0,0,FF,FF
405638,0000010B,false,Rx,0,8,5F,1A,57,0,0,0,0,5
406600,0000010C,false,Rx,0,8,FF,F9,E7,1F,46,44,46,46
406632,0000010D,false,Rx,0,8,10,3,0,0,0,0,1,35
406650,0000010E,false,Rx,0,8,0,0,0A,0,0,C0,AB,57
410267,000002C1,false,Rx,0,8,56,B9,85,21,0,41,0,AA
410342,000002C2,false,Rx,0,8,17,0,0,0,0,0,0,0
410360,000002C3,false,Rx,0,8,0,0,0,0,0,0,0,0
410378,000002C4,false,Rx,0,8,0,0,0,0,0,0,0,0
422577,0000019B,false,Rx,0,8,69,54,55,0,0,E4,0,0
422606,0000019C,false,Rx,0,8,40,20,0,0,0,0,0B,9
422624,0000019D,false,Rx,0,8,0,10,0,1,0,0,0,0
423566,0000019E,false,Rx,0,8,15,0,0,0,0,32,0,0
426146,401,false,Rx,0,8,A9,30,10,0,0,4,0,0
426180,000001AB,false,Rx,0,8,73,4D,73,50,70,38,0,0
426571,000001AC,false,Rx,0,8,0,28,0,0,0,0,0,0
427566,0000033B,false,Rx,0,8,76,4E,9,0,0,0,0,0
427586,0000033C,false,Rx,0,8,0,0,0,0,F0,0,0,0
429554,000002FF,false,Rx,0,8,E2,1,0,F1,3F,0,0,0
429588,316,false,Rx,0,8,85,F2,72,34,14,80,0A,0
429605,472,false,Rx,0,8,5C,EC,0,40,8,41,0,45
429623,317,false,Rx,0,8,0,0,5,0,0,0,0,0
429640,473,false,Rx,0,8,5F,24,0,25,0,0,0,78
430572,000004E8,false,Rx,0,8,FF,FF,FF,5,FF,FF,FF,0
431565,121,false,Rx,0,8,31,EF,58,0,0,0,0,5
431591,122,false,Rx,0,8,FF,D9,67,1F,46,46,46,46
431608,123,false,Rx,0,8,11,3,0,0,0,0,1,35
431626,124,false,Rx,0,8,0,0,0A,0,0,0,20,40
434644,161,false,Rx,0,8,81,51,26,3,0,0,0,2
434668,162,false,Rx,0,8,FF,FC,1,0,0,0,0,0
436614,36,false,Rx,0,8,82,81,5A,51,0,0,25,1
437007,37,false,Rx,0,8,0,0,0,10,0,40,0,0
438065,38,false,Rx,0,8,4,0,0,0,50,38,96,D4
438105,39,false,Rx,0,8,0,0,0,0,0,0,0,0
438338,000002E6,false,Rx,0,8,33,64,6,1,0,0,0,15
438360,256,false,Rx,0,8,43,51,6,15,40,0,E0,0
438579,000002E7,false,Rx,0,8,0A,0,0,0,0,0,0,0
439563,257,false,Rx,0,8,0,93,41,17,86,7,0,93
439585,000002E8,false,Rx,0,8,0,0,0,0,0,0,0,0
439603,258,false,Rx,0,8,0B,70,1E,0,10,15,0,28
439621,61,false,Rx,0,8,3E,C7,60,0,0,0,0,0
440572,259,false,Rx,0,8,4B,5,8A,3C,4C,2,0,0
440595,62,false,Rx,0,8,2,2,0,2,40,FF,0,FF
440613,000002E9,false,Rx,0,8,0,0,0,0,0,0,0,0
440639,63,false,Rx,0,8,0,0,5,0,0,8,FD,0
440657,64,false,Rx,0,8,0,0,0,4,FF,FA,0,0
441566,000000A1,false,Rx,0,8,79,F7,60,1A,0,0,0,0
441590,000000A2,false,Rx,0,8,0,0,0,0,0,0,0,0
441608,91,false,Rx,0,8,43,19,7,0,0,0,0,0
442566,92,false,Rx,0,8,0,0,0,0,0,0,0,0
442590,93,false,Rx,0,8,0,0,0,0,0,0,0,0
442607,94,false,Rx,0,8,0,0,0,0,0,0,0,0
442625,000000A3,false,Rx,0,8,0,40,1,0,0,0,0,0
444566,0000011B,false,Rx,0,8,C7,A8,4D,5,80,8,A8,2
444590,0000012B,false,Rx,0,8,80,52,4D,6,0,0,8,0
444608,0000011C,false,Rx,0,8,0,5,20,0,22,0,1,1
445566,0000012C,false,Rx,0,8,0,0,1,0,0,64,0,0
445590,000001F1,false,Rx,0,8,44,1E,E0,1,0,0,28,0
445608,000001F2,false,Rx,0,8,0,0,0,0,0,0,0,0
449566,000002BF,false,Rx,0,8,FF,FF,FF,0,0,0,0,0
449590,0000047F,false,Rx,0,8,FF,FF,FF,FF,FF,FF,F3,FF
449607,653,false,Rx,0,8,0A,19,3,1,2,2A,0,0
451566,146,false,Rx,0,8,7F,0E,23,10,4,1,0,0
453438,147,false,Rx,0,8,0,4,7D,0,40,0,0,0
453472,148,false,Rx,0,8,0,0,0,0,0,90,40,5
453490,149,false,Rx,0,8,0,0,0,0,0,0,0,0
456875,0000010B,false,Rx,0,8,E7,1B,5C,0,0,0,0,5
456938,0000010C,false,Rx,0,8,FF,F9,E7,1F,46,44,46,46
456957,0000010D,false,Rx,0,8,10,3,0,0,0,0,1,35
456975,0000010E,false,Rx,0,8,0,0,0A,0,0,C0,AB,57
456992,000001B1,false,Rx,0,8,7A,93,23,0,72,0,0,0
457009,000001B2,false,Rx,0,8,23,0,4,0F,0F,7,52,10
457589,000001B3,false,Rx,0,8,10,2C,0,0,87,91,96,90
457620,000001B4,false,Rx,0,8,95,91,17,0,0,40,1,0
460605,475,false,Rx,0,8,12,0,0,0,0,0,0,0
460644,000000C5,false,Rx,0,8,0,0,0,0,0,0,0,0
460662,496,false,Rx,0,8,12,0,0,0,0,0,0,0
461620,244,false,Rx,0,8,FF,FF,FF,FF,FF,FF,FF,FF
461653,000004B4,false,Rx,0,8,0,0,0,0,0,0,0,0
461672,000004B5,false,Rx,0,8,8,0,F0,7,0,0,0,0
461689,000004B7,false,Rx,0,8,8,0,F0,7,0,0,0,0
462677,000004CA,false,Rx,0,8,0,0,0,0,0,0,0,0
462713,000004CC,false,Rx,0,8,8,0,0,6,0,0,3,0
462732,000004CE,false,Rx,0,8,14,1,FF,FF,FF,FF,FF,FF
462749,000004D7,false,Rx,0,8,23,1,0,0,0,0,0,0
463589,0000036F,false,Rx,0,8,FE,1,1,0,0,0,0,0
463625,000004D8,false,Rx,0,8,41,10,F0,F0,40,F2,1E,CC
463643,0000037F,false,Rx,0,8,55,90,52,24,41,2,0,0
463661,000004DD,false,Rx,0,8,0,0,FE,0,4,0,0,0
465241,000004DF,false,Rx,0,8,FF,3,0C,3F,0,0,0,0
465275,000004E7,false,Rx,0,8,0,30,0,0,0,0,69,0
465681,111,false,Rx,0,8,0D,CF,79,1,0,0,0,0
465708,000001A1,false,Rx,0,8,BB,5D,27,FE,F7,7F,64,0
465726,112,false,Rx,0,8,0,0,0,0,0,0,0,0
466812,113,false,Rx,0,8,0,0,0,0,0,0,0,0
466918,000001A3,false,Rx,0,8,FF,F3,3F,0,0,0,0,0
466937,114,false,Rx,0,8,0,0,0,0,0,0,0,0
466955,000001A4,false,Rx,0,8,FE,7,0,0,0,0,0,0
466973,000004E9,false,Rx,0,8,12,0,0,34,0,0,50,0
466990,000004EA,false,Rx,0,8,67,0,0,89,0,0,0,0
467008,000004EB,false,Rx,0,8,10,80,32,34,80,0,0,0
467590,000004EC,false,Rx,0,8,0,0,0,0,0,0,0,0
467624,000004ED,false,Rx,0,8,0,0,0,0,0,FF,FF,1F
468942,000004EE,false,Rx,0,8,FF,FF,0,0,0,0,0,0
468976,000004EF,false,Rx,0,8,60,0,60,0,29,14,0,0
468994,0000063D,false,Rx,0,8,0,80,0,0,0,0,0,0
469011,0000063E,false,Rx,0,8,FF,FF,FF,FF,FF,FF,FF,FF
469029,0000063F,false,Rx,0,8,0,10,0,C4,FF,0,0,0
469570,640,false,Rx,0,8,FF,FF,FF,0,FF,FF,FF,0
469603,641,false,Rx,0,8,FF,FF,FF,FF,0F,FF,FF,FF
469621,646,false,Rx,0,8,0,0,0,80,1,0,0,0
470591,000004E8,false,Rx,0,8,FF,FF,FF,5,FF,FF,FF,0
472387,0000019B,false,Rx,0,8,E8,20,5A,0,0,E4,0,0
472420,0000019C,false,Rx,0,8,40,20,0,0,0,0,0B,9
472835,0000019D,false,Rx,0,8,0,10,0,1,0,0,0,0
472861,0000019E,false,Rx,0,8,15,0,0,0,0,32,0,0
475678,000001E1,false,Rx,0,8,5D,6A,10,2,0,0,0,0
475713,000001E2,false,Rx,0,8,0,0,0,0,0,0,0,0
476820,0000030B,false,Rx,0,8,C6,65,9,0,4,0,0,0
476855,0000030C,false,Rx,0,8,0,0,0E,0,2C,0,A0,0F
476873,0000030D,false,Rx,0,8,0,0,0,0,49,0,0,0
476891,0000030E,false,Rx,0,8,0,0,38,5,21,0,0,0A
481601,121,false,Rx,0,8,4E,C3,5D,0,0,0,0,5
481639,122,false,Rx,0,8,FF,D9,67,1F,46,46,46,46
481657,123,false,Rx,0,8,11,3,0,0,0,0,1,35
481674,124,false,Rx,0,8,0,0,0A,0,0,0,20,40
483632,405,false,Rx,0,8,BD,30,0,0,0,1,0,0
483672,413,false,Rx,0,8,6F,30,0,0,0,0,0,0
483690,410,false,Rx,0,8,4B,80,59,3C,16,6B,FF,FF
483708,414,false,Rx,0,8,F0,10,0,0,28,0,0,0
485199,411,false,Rx,0,8,A8,1,50,50,0,0,44,4
485233,416,false,Rx,0,8,55,0,0,0,0,0,0,0
485252,412,false,Rx,0,8,6D,60,0,0,0,0,0,0
485270,417,false,Rx,0,8,5F,20,0,0,0,0,0,0
485287,418,false,Rx,0,8,19,70,0,0,12,0C,0,0
486584,36,false,Rx,0,8,FD,AD,5F,51,0,0,25,1
486611,37,false,Rx,0,8,0,0,0,10,0,40,0,0
486629,38,false,Rx,0,8,4,0,0,0,50,38,96,D4
487930,39,false,Rx,0,8,0,0,0,0,0,0,0,0
489383,61,false,Rx,0,8,41,EB,65,0,0,0,0,0
489587,62,false,Rx,0,8,2,2,0,2,40,FF,0,FF
490688,63,false,Rx,0,8,0,0,5,0,0,8,FD,0
491276,64,false,Rx,0,8,0,0,0,4,FF,FA,0,0
491327,000000A1,false,Rx,0,8,76,1C,65,1A,0,0,0,0
491351,000000A2,false,Rx,0,8,0,0,0,0,0,0,0,0
491368,000000A3,false,Rx,0,8,0,40,1,0,0,0,0,0
494587,0000011B,false,Rx,0,8,D7,F2,52,5,80,8,A8,2
494622,0000012B,false,Rx,0,8,90,8,52,6,0,0,8,0
494640,0000011C,false,Rx,0,8,0,5,20,0,22,0,1,1
496110,0000012C,false,Rx,0,8,0,0,1,0,0,64,0,0
496161,236,false,Rx,0,8,D4,51,9,0,6E,3C,34,6C
496179,151,false,Rx,0,8,76,8F,9,A0,C8,0,28,19
496214,000001F6,false,Rx,0,8,45,AC,9,0,0,0,0,0E
496232,152,false,Rx,0,8,16,18,18,0,0B,0,0,0
496249,000001F7,false,Rx,0,8,0B,0,0,0,0,0,0,0
496267,153,false,Rx,0,8,0,0,0,0,0,0,0,0
496574,000001F8,false,Rx,0,8,0,0,0,0,0,0,0,0
498042,154,false,Rx,0,8,0,0,0,0,0,0,0,0
498075,000001F9,false,Rx,0,8,0,0,A0,C8,14,0,0,0
498093,237,false,Rx,0,8,0,15,BA,0,0,AA,1E,0
498111,238,false,Rx,0,8,0,0,5F,0,0,0,0,0
498512,000002FB,false,Rx,0,8,4B,0A,9,4,5F,1A,CC,CC
499387,239,false,Rx,0,8,0,0,0,0,1,0,0,0
499476,000002FC,false,Rx,0,8,2,0,16,19,0,0,8E,BF
499880,0000025B,false,Rx,0,8,1D,31,9,40,40,20,0,0
499911,000002FD,false,Rx,0,8,0,0,0,0,0,1C,0E,EA
499929,0000025C,false,Rx,0,8,0,0,0B,0,34,89,19,0
499947,000002FE,false,Rx,0,8,0,0,72,1,0,28,0,0
499988,0000025D,false,Rx,0,8,0,C8,0,0,0,80,C0,70
500006,0000025E,false,Rx,0,8,BA,7,0E,0,0,0,0,0
501137,327,false,Rx,0,8,0,0,0,0,5,0,0,0
501171,382,false,Rx,0,8,F1,7A,1,0,0,1,8,0
502827,328,false,Rx,0,8,0,0,0,0,0,0,0,0
502868,565,false,Rx,0,8,66,2,0,0,0,0,FF,FF
502886,329,false,Rx,0,8,A0,0,0,0,0,0,0,0
502903,331,false,Rx,0,8,AC,BD,9,F1,C8,A0,2C,97
502921,332,false,Rx,0,8,94,2,0,0,0,0,0,0
506251,0000010B,false,Rx,0,8,72,55,61,0,0,0,0,5
506287,0000010C,false,Rx,0,8,FF,F9,E7,1F,46,45,46,46
506307,0000010D,false,Rx,0,8,10,3,0,0,0,0,1,35
506707,0000010E,false,Rx,0,8,0,0,0A,0,0,C0,AB,57
507738,000002AB,false,Rx,0,8,BD,DE,0A,0C,0C,0,0,0
507785,000002AC,false,Rx,0,8,0,FF,FF,0,0,40,0,50
509029,000002AD,false,Rx,0,8,0,1,0,40,FF,FF,FF,0F
509090,000002AE,false,Rx,0,8,1,0,FF,3F,1,1,0,0
509108,251,false,Rx,0,8,6E,C6,9,0,0,0,0,0
509615,000002B6,false,Rx,0,8,CF,AF,0A,1,0,0,0,40
509648,252,false,Rx,0,8,0,0,0,0,3,0,0,0
509669,000002B7,false,Rx,0,8,8,2,F0,0,0,4,0,0
509687,000002B8,false,Rx,0,8,AA,11,11,0,0,0,0,0
509705,396,false,Rx,0,8,A8,4E,84,0F,8,1,0,2
509733,000002B9,false,Rx,0,8,0A,0,0,0,0,0,0,0
510767,397,false,Rx,0,8,10,0,0,0,0,0,0,0
510801,000002E1,false,Rx,0,8,9E,FB,0A,0,0,0,0,40
510819,398,false,Rx,0,8,0,0,0,0,0,0,0,0
511137,000002E2,false,Rx,0,8,FD,0,0,0,0,14,0,4
511165,000002E3,false,Rx,0,8,0,0,0,0,0,0,72,1
512057,000002E4,false,Rx,0,8,2,0,0,0,0,0,0,0
517589,383,false,Rx,0,8,12,ED,1,0,2,0,0,0
522586,0000019B,false,Rx,0,8,97,0C,5F,0,0,E4,0,0
522625,0000019C,false,Rx,0,8,40,20,0,0,0,0,0B,9
522643,0000019D,false,Rx,0,8,0,10,0,1,0,0,0,0
523607,0000019E,false,Rx,0,8,15,0,0,0,0,32,0,0
523639,000002D6,false,Rx,0,8,F7,5F,84,0,0,0,0,0
523674,000002EB,false,Rx,0,8,63,16,84,9,8,1,0,2
523692,000002D7,false,Rx,0,8,0,0,0,0,3,0,0,0
525100,000002EC,false,Rx,0,8,2,0,0,0,0,0,0,0
525156,000002D8,false,Rx,0,8,0,0,0,0,0,0,38,45
525174,000002ED,false,Rx,0,8,0,0,0,0,0,0,0,0
525192,000002D9,false,Rx,0,8,0,0,0,0,0,0,0,0
525209,000002EE,false,Rx,0,8,0,0,0,0,0,0,0,0
526180,000003A1,false,Rx,0,8,1E,7,95,0,FF,FF,FF,FF
526213,000003A2,false,Rx,0,8,0,0,0,0,0,0,0,0
527586,000001AB,false,Rx,0,8,BB,B4,78,50,70,38,0,0
527613,226,false,Rx,0,8,89,32,E5,FF,43,E1,5,42
529352,000001AC,false,Rx,0,8,0,28,0,0,0,0,0,0
529551,227,false,Rx,0,8,2,70,E1,8,0,F2,17,4
529575,356,false,Rx,0,8,7D,4F,85,0,0,0,0,0
529593,357,false,Rx,0,8,0,0,0,0,0,4B,4D,48
529611,358,false,Rx,0,8,35,41,45,4D,52,37,33,4F
531598,121,false,Rx,0,8,A1,EA,62,0,0,0,0,5
531637,122,false,Rx,0,8,FF,D9,67,1F,46,46,46,46
532774,123,false,Rx,0,8,11,3,0,0,0,0,1,35
532859,124,false,Rx,0,8,0,0,0A,0,0,0,20,40
534589,161,false,Rx,0,8,F2,68,2B,3,0,0,0,2
535652,162,false,Rx,0,8,FF,FC,1,0,0,0,0,0
536578,36,false,Rx,0,8,2B,F1,64,51,0,0,25,1
536604,37,false,Rx,0,8,0,0,0,10,0,40,0,0
536621,38,false,Rx,0,8,4,0,0,0,50,38,96,D4
537612,39,false,Rx,0,8,0,0,0,0,0,0,0,0
538593,384,false,Rx,0,8,E9,DC,2,0,0,FF,0,21
538620,000003B6,false,Rx,0,8,50,9,83,0,0,0,0,46
540051,000003B7,false,Rx,0,8,46,0,0,0,0,0,0,0
541262,000003B8,false,Rx,0,8,0C,3,0,0,0,0,69,0E
541342,61,false,Rx,0,8,C0,9F,6A,0,0,0,0,0
541361,000003B9,false,Rx,0,8,0,0,0,0,0,0,0,0
541549,62,false,Rx,0,8,2,2,0,2,40,FF,0,FF
541569,63,false,Rx,0,8,0,0,5,0,0,8,FD,0
541587,64,false,Rx,0,8,0,0,0,4,FF,FA,0,0
541605,91,false,Rx,0,8,C2,6D,8,0,0,0,0,0
543090,92,false,Rx,0,8,0,0,0,0,0,0,0,0
543138,93,false,Rx,0,8,0,0,0,0,0,0,0,0
543156,394,false,Rx,0,8,2A,22,1A,49,0,0,0,0
543187,94,false,Rx,0,8,0,0,0,0,0,0,0,0
543205,000003C3,false,Rx,0,8,45,10,31,30,36,0,0,0
543222,000000FF,false,Rx,0,8,CB,10,0,0,0,0,2,0
543240,000003E0,false,Rx,0,8,66,20,1,0,54,3,0,0
544633,0000011B,false,Rx,0,8,21,DA,57,5,80,8,A8,2
545076,0000012B,false,Rx,0,8,66,20,57,6,0,0,8,0
545098,0000011C,false,Rx,0,8,0,5,20,0,22,0,1,1
545115,0000012C,false,Rx,0,8,0,0,1,0,0,64,0,0
545133,000003E5,false,Rx,0,8,37,80,1,0,0,0,0,0
546606,000003E6,false,Rx,0,8,67,90,0,0,0,0,0,0
546643,0000041A,false,Rx,0,8,8D,D0,12,0,0,0,0,0
547030,0000041B,false,Rx,0,8,70,D0,0,0,0,0,0,0
547057,0000041C,false,Rx,0,8,48,0,E0,0,0,0,0,0
547075,422,false,Rx,0,8,9D,70,1,0,0,0,4,0
547584,432,false,Rx,0,8,3,20,2,0,0,0,0,0
547610,435,false,Rx,0,8,26,C0,0,40,0,0,0,0
549305,442,false,Rx,0,8,CE,20,11,81,0,0,0,0
549340,444,false,Rx,0,8,D5,20,20,50,55,50,0,0
549357,445,false,Rx,0,8,C6,C0,0,0,0,0,0,18
549375,464,false,Rx,0,8,D5,20,F0,FF,38,7F,5,0
549393,000001E6,false,Rx,0,8,BD,26,10,2,0,0,0,0
549575,000001BB,false,Rx,0,8,BF,D7,10,2,0,0,0,0A
549592,000001BC,false,Rx,0,8,32,0,0,0,2,0,0,0
550818,000001BD,false,Rx,0,8,0,0,0,0,0,0,0,0
550853,000001E7,false,Rx,0,8,0,0,22,3,20,1,0,0
551589,146,false,Rx,0,8,C7,0F,28,10,4,1,0,0
552566,147,false,Rx,0,8,0,4,7D,0,40,0,0,0
552584,148,false,Rx,0,8,0,0,0,0,0,90,40,5
552601,149,false,Rx,0,8,0,0,0,0,0,0,0,0
552619,487,false,Rx,0,8,0,0,0,0,0,0,0,0
553755,642,false,Rx,0,8,FF,FF,FF,FF,FF,FF,0,0
553788,000003AA,false,Rx,0,8,FF,0,B0,0,54,0,0,0
553806,495,false,Rx,0,8,49,0,0,0,0,0,0,0
556232,0000010B,false,Rx,0,8,77,1E,66,0,0,0,0,5
556269,0000010C,false,Rx,0,8,FF,F9,E7,1F,46,44,46,46
556288,0000010D,false,Rx,0,8,10,3,0,0,0,0,1,35
556712,0000010E,false,Rx,0,8,0,0,0A,0,0,C0,AB,57
556738,000001B1,false,Rx,0,8,C2,92,28,0,72,0,0,0
557947,000001B2,false,Rx,0,8,23,0,4,0F,0F,7,52,10
557980,000001B3,false,Rx,0,8,10,2C,0,0,87,91,96,90
557998,000001B4,false,Rx,0,8,95,91,17,0,0,40,1,0
561588,0000034B,false,Rx,0,8,E1,2F,B4,31,D8,0D,5,1
561630,0000034C,false,Rx,0,8,0,0,0,0,0,0,0,0
563187,0000034D,false,Rx,0,8,0,0,0,0,0,0,0,0
563221,0000034E,false,Rx,0,8,0,0,0,0,0,0,0,0
563239,0000036F,false,Rx,0,8,47,11,1,0,0,0,0,0
563257,0000037F,false,Rx,0,8,83,A0,52,24,41,2,0,0
563566,380,false,Rx,0,8,AD,D7,FF,0,0,0,0,1
565706,000001A1,false,Rx,0,8,3,5C,2C,FE,F7,7F,64,0
565742,000001A2,false,Rx,0,8,0,0,0,0,0,8,0,0
565760,000001A3,false,Rx,0,8,FF,F3,3F,0,0,0,0,0
565778,000001A4,false,Rx,0,8,FE,7,0,0,0,0,0,0
567580,000003B0,false,Rx,0,8,72,37,FF,C7,0,0,3,C0
568900,000003B1,false,Rx,0,8,9B,3C,FF,40,0,0,20,0
570266,448,false,Rx,0,8,0,C0,0,0,0,0,0,0
572160,0000019B,false,Rx,0,8,41,50,64,0,0,E4,0,0
573361,0000019C,false,Rx,0,8,40,20,0,0,0,0,0B,9
573396,0000019D,false,Rx,0,8,0,10,0,1,0,0,0,0
573414,0000019E,false,Rx,0,8,15,0,0,0,0,32,0,0
578590,000003B2,false,Rx,0,8,36,15,FF,2,29,2F,34,0
581593,121,false,Rx,0,8,DE,C6,67,0,0,0,0,5
581633,122,false,Rx,0,8,FF,D9,67,1F,46,46,46,46
581651,123,false,Rx,0,8,11,3,0,0,0,0,1,35
581668,124,false,Rx,0,8,0,0,0A,0,0,0,20,40
582620,427,false,Rx,0,8,1D,86,FF,0,80,0A,0,0
587080,36,false,Rx,0,8,26,37,69,51,0,0,25,1
587123,37,false,Rx,0,8,0,0,0,10,0,40,0,0
587141,38,false,Rx,0,8,4,0,0,0,50,38,96,D4
587158,39,false,Rx,0,8,0,0,0,0,0,0,0,0
590037,61,false,Rx,0,8,BF,B3,6F,0,0,0,0,0
590452,62,false,Rx,0,8,2,2,0,2,40,FF,0,FF
590476,63,false,Rx,0,8,0,0,5,0,0,8,FD,0
590493,64,false,Rx,0,8,0,0,0,4,FF,FA,0,0
590511,000000A1,false,Rx,0,8,49,DA,6F,1A,0,0,0,0
591584,000000A2,false,Rx,0,8,0,0,0,0,0,0,0,0
591606,000000A3,false,Rx,0,8,0,40,1,0,0,0,0,0
593636,0000042A,false,Rx,0,8,F4,DE,FF,1,0,10,0,0
593672,000004A3,false,Rx,0,8,80,0,48,0B,3E,0,0,0
593689,000004A4,false,Rx,0,8,FF,FF,FF,0,0,0,0,0
593707,000004F0,false,Rx,0,8,4A,10,32,35,58,1A,18,2
593725,566,false,Rx,0,8,16,2,0,0,0,0,FF,FF
594576,000001F1,false,Rx,0,8,9,F6,E3,1,0,0,28,0
594598,0000011B,false,Rx,0,8,E9,23,5C,5,80,8,A8,2
594615,0000012B,false,Rx,0,8,AE,D9,5C,6,0,0,8,0
597344,0000011C,false,Rx,0,8,0,5,20,0,22,0,1,1
597393,0000012C,false,Rx,0,8,0,0,1,0,0,64,0,0
597412,000001F2,false,Rx,0,8,0,0,0,0,0,0,0,0
597429,000001FB,false,Rx,0,8,DC,90,9,0,0,0,0,0
597765,000001FC,false,Rx,0,8,0,0,0,0,0,0,0,0
606588,0000010B,false,Rx,0,8,7A,D8,6B,0,0,0,0,5
606627,0000010C,false,Rx,0,8,FF,F9,E7,1F,46,44,46,46
606647,0000010D,false,Rx,0,8,10,3,0,0,0,0,1,35
606664,0000010E,false,Rx,0,8,0,0,0A,0,0,C0,AB,57
607661,000002C1,false,Rx,0,8,75,14,86,21,0,41,0,AA
607697,000002C2,false,Rx,0,8,18,0,0,0,0,0,0,0
610172,000002C3,false,Rx,0,8,0,0,0,0,0,0,0,0
610207,000002C4,false,Rx,0,8,0,0,0,0,0,0,0,0
622588,0000019B,false,Rx,0,8,4C,96,69,0,0,E4,0,0
622626,0000019C,false,Rx,0,8,40,20,0,0,0,0,0B,9
622646,0000019D,false,Rx,0,8,0,10,0,1,0,0,0,0
623603,0000019E,false,Rx,0,8,15,0,0,0,0,32,0,0
624565,000001E1,false,Rx,0,8,10,82,13,2,0,0,0,0
626378,000001E2,false,Rx,0,8,0,0,0,0,0,0,0,0
626413,401,false,Rx,0,8,A9,30,10,0,0,4,0,0
626432,000001AB,false,Rx,0,8,4D,9C,7D,50,70,38,0,0
626450,000001AC,false,Rx,0,8,0,28,0,0,0,0,0,0
627588,0000033B,false,Rx,0,8,FA,FC,0B,0,0,0,0,0
627614,0000033C,false,Rx,0,8,0,0,0,0,F0,0,0,0
627639,000002FF,false,Rx,0,8,E2,1,0,F1,3F,0,0,0
627657,316,false,Rx,0,8,A1,5A,73,34,14,80,0A,0
629453,317,false,Rx,0,8,0,0,5,0,0,0,0,0
629489,472,false,Rx,0,8,5C,EC,0,40,8,41,0,45
629507,0000033D,false,Rx,0,8,0,0,0,0,0,0,0,0
629524,473,false,Rx,0,8,5F,24,0,25,0,0,0,78
629897,0000033E,false,Rx,0,8,0,0,0,0,0,0,0,0
631410,121,false,Rx,0,8,66,C7,6C,0,0,0,0,5
631445,122,false,Rx,0,8,FF,D9,67,1F,46,46,46,46
631463,123,false,Rx,0,8,11,3,0,0,0,0,1,35
631656,124,false,Rx,0,8,0,0,0A,0,0,0,20,40
632591,000004F0,false,Rx,0,8,4A,10,32,35,58,1A,18,2
634625,161,false,Rx,0,8,30,B2,30,3,0,0,0,2
634659,162,false,Rx,0,8,FF,FC,1,0,0,0,0,0
637265,36,false,Rx,0,8,D5,A9,6E,51,0,0,25,1
637300,37,false,Rx,0,8,0,0,0,10,0,40,0,0
637318,38,false,Rx,0,8,4,0,0,0,50,38,96,D4
637336,39,false,Rx,0,8,0,0,0,0,0,0,0,0
639136,000002E6,false,Rx,0,8,F4,49,8,1,0,0,0,15
639604,256,false,Rx,0,8,3C,52,8,15,40,0,C0,0
640466,000002E7,false,Rx,0,8,0A,0,0,0,0,0,0,0
640525,257,false,Rx,0,8,0,93,41,13,86,7,0,93
640678,000002E8,false,Rx,0,8,0,0,0,0,0,0,0,0
640698,258,false,Rx,0,8,0B,70,1E,0,10,15,0,28
640730,259,false,Rx,0,8,3A,5,89,3C,4C,2,0,0
640747,62,false,Rx,0,8,2,2,0,2,40,FF,0,FF
640765,64,false,Rx,0,8,0,0,0,4,FF,FA,0,0
641882,000000A1,false,Rx,0,8,26,6B,74,1A,0,0,0,0
641917,000000A2,false,Rx,0,8,0,0,0,0,0,0,0,0
641935,91,false,Rx,0,8,84,34,9,0,0,0,0,0
641952,92,false,Rx,0,8,0,0,0,0,0,0,0,0
643321,93,false,Rx,0,8,0,0,0,0,0,0,0,0
643558,94,false,Rx,0,8,0,0,0,0,0,0,0,0
643577,000000A3,false,Rx,0,8,0,40,1,0,0,0,0,0
644631,0000011B,false,Rx,0,8,84,7F,61,5,80,8,A8,2
644665,0000012B,false,Rx,0,8,C3,85,61,6,0,0,8,0
644684,0000011C,false,Rx,0,8,0,5,20,0,22,0,1,1
646255,0000012C,false,Rx,0,8,0,0,1,0,0,64,0,0
648609,000002BF,false,Rx,0,8,FF,FF,FF,0,0,0,0,0
649741,0000047F,false,Rx,0,8,FF,FF,FF,FF,FF,FF,F3,FF
649776,653,false,Rx,0,8,0A,19,3,1,2,2A,0,0
651587,146,false,Rx,0,8,B8,23,2D,10,4,1,0,0
653365,147,false,Rx,0,8,0,4,7D,0,40,0,0,0
653403,148,false,Rx,0,8,0,0,0,0,0,90,40,5
653421,149,false,Rx,0,8,0,0,0,0,0,0,0,0
656284,0000010B,false,Rx,0,8,7,1D,70,0,0,0,0,5
656688,0000010C,false,Rx,0,8,FF,F9,E7,1F,46,44,46,46
656730,0000010D,false,Rx,0,8,10,3,0,0,0,0,1,35
656750,0000010E,false,Rx,0,8,0,0,0A,0,0,C0,AB,57
656767,000001B1,false,Rx,0,8,BD,BE,2D,0,72,0,0,0
657585,000001B2,false,Rx,0,8,23,0,4,0F,0F,7,52,10
657609,000001B3,false,Rx,0,8,10,2C,0,0,87,91,96,90
657628,000001B4,false,Rx,0,8,95,91,17,0,0,40,1,0
661320,475,false,Rx,0,8,12,0,0,0,0,0,0,0
661355,496,false,Rx,0,8,12,0,0,0,0,0,0,0
662595,000000C5,false,Rx,0,8,0,0,0,0,0,0,0,0
662623,244,false,Rx,0,8,FF,FF,FF,FF,FF,FF,FF,FF
663571,000004B4,false,Rx,0,8,0,0,0,0,0,0,0,0
663592,0000036F,false,Rx,0,8,91,21,1,0,0,0,0,0
663610,000004B5,false,Rx,0,8,8,0,F0,7,0,0,0,0
663627,0000037F,false,Rx,0,8,3A,B0,52,24,41,2,0,0
664569,000004B7,false,Rx,0,8,8,0,F0,7,0,0,0,0
664590,000004CA,false,Rx,0,8,0,0,0,0,0,0,0,0
664608,111,false,Rx,0,8,C7,24,7A,1,0,0,0,0
664626,000004CC,false,Rx,0,8,8,0,0,6,0,0,3,0
665568,112,false,Rx,0,8,0,0,0,0,0,0,0,0
665590,000001A1,false,Rx,0,8,CB,5E,31,FE,F7,7F,64,0
665608,113,false,Rx,0,8,0,0,0,0,0,0,0,0
665626,000001A2,false,Rx,0,8,0,0,0,0,0,8,0,0
666568,114,false,Rx,0,8,0,0,0,0,0,0,0,0
666590,000001A3,false,Rx,0,8,FF,F3,3F,0,0,0,0,0
666607,000004CE,false,Rx,0,8,14,1,FF,FF,FF,FF,FF,FF
666625,000001A4,false,Rx,0,8,FE,7,0,0,0,0,0,0
667569,000004D7,false,Rx,0,8,23,1,0,0,0,0,0,0
667590,000004D8,false,Rx,0,8,41,10,F0,F0,40,F2,1E,CC
667607,000004DD,false,Rx,0,8,0,0,FE,0,4,0,0,0
667625,000004DF,false,Rx,0,8,FF,3,0C,3F,0,0,0,0
668569,000004E7,false,Rx,0,8,0,30,0,0,0,0,69,0
668590,000004E8,false,Rx,0,8,FF,FF,FF,5,FF,FF,FF,0
668608,000004E9,false,Rx,0,8,12,0,0,34,0,0,50,0
668625,000004EA,false,Rx,0,8,67,0,0,89,0,0,0,0
669569,000004EB,false,Rx,0,8,10,80,32,34,80,0,0,0
669590,000004EC,false,Rx,0,8,0,0,0,0,0,0,0,0
669614,000004ED,false,Rx,0,8,0,0,0,0,0,FF,FF,1F
669632,000004EE,false,Rx,0,8,FF,FF,0,0,0,0,0,0
670574,000004EF,false,Rx,0,8,60,0,60,0,29,14,0,0
670595,0000063D,false,Rx,0,8,0,80,0,0,0,0,0,0
670613,0000063E,false,Rx,0,8,FF,FF,FF,FF,FF,FF,FF,FF
671569,0000063F,false,Rx,0,8,0,10,0,C4,FF,0,0,0
671591,640,false,Rx,0,8,FF,FF,FF,0,FF,FF,FF,0
671609,641,false,Rx,0,8,FF,FF,FF,FF,0F,FF,FF,FF
671627,646,false,Rx,0,8,0,0,0,80,1,0,0,0
672569,0000019B,false,Rx,0,8,BF,8,6E,0,0,E4,0,0
672590,0000019C,false,Rx,0,8,40,20,0,0,0,0,0B,9
672608,0000019D,false,Rx,0,8,0,10,0,1,0,0,0,0
673568,000004F0,false,Rx,0,8,4A,10,32,35,58,1A,18,2
673590,0000019E,false,Rx,0,8,15,0,0,0,0,32,0,0
676566,0000030B,false,Rx,0,8,29,94,0B,0,4,0,0,0
676587,0000030C,false,Rx,0,8,0,0,0E,0,2C,0,A0,0F
676604,0000030D,false,Rx,0,8,0,0,0,0,49,0,0,0
677568,0000030E,false,Rx,0,8,0,0,38,5,21,0,0,1A
681566,121,false,Rx,0,8,AE,C5,71,0,0,0,0,5
681593,122,false,Rx,0,8,FF,D9,67,1F,46,46,46,46
681611,123,false,Rx,0,8,11,3,0,0,0,0,1,35
681628,124,false,Rx,0,8,0,0,0A,0,0,0,20,40
683574,405,false,Rx,0,8,BD,30,0,0,0,1,0,0
683596,413,false,Rx,0,8,6F,30,0,0,0,0,0,0
683614,410,false,Rx,0,8,4B,80,59,3C,16,6B,FF,FF
683632,414,false,Rx,0,8,F0,10,0,0,28,0,0,0
684568,411,false,Rx,0,8,A8,1,50,50,0,0,44,4
684590,416,false,Rx,0,8,55,0,0,0,0,0,0,0
684607,412,false,Rx,0,8,6D,60,0,0,0,0,0,0
684625,417,false,Rx,0,8,5F,20,0,0,0,0,0,0
685569,418,false,Rx,0,8,19,70,0,0,12,0C,0,0
685590,419,false,Rx,0,8,B6,40,8F,D6,79,86,90,0
686567,36,false,Rx,0,8,1D,AB,73,51,0,0,25,1
686587,37,false,Rx,0,8,0,0,0,10,0,40,0,0
686605,38,false,Rx,0,8,4,0,0,0,50,38,96,D4
687569,39,false,Rx,0,8,0,0,0,0,0,0,0,0
689566,61,false,Rx,0,8,CF,B0,79,0,0,0,0,0
689586,62,false,Rx,0,8,2,2,0,2,40,FF,0,FF
690578,63,false,Rx,0,8,0,0,5,0,0,8,FD,0
690600,64,false,Rx,0,8,0,0,0,4,FF,FA,0,0
690618,000000A1,false,Rx,0,8,10,28,79,1A,0,0,0,0
690635,000000A2,false,Rx,0,8,0,0,0,0,0,0,0,0
691607,000000A3,false,Rx,0,8,0,40,1,0,0,0,0,0
693610,516,false,Rx,0,8,61,2,0,0,0,0,FF,FF
694580,0000011B,false,Rx,0,8,1B,17,66,5,80,8,A8,2
694607,0000012B,false,Rx,0,8,5C,ED,66,6,0,0,8,0
694625,0000011C,false,Rx,0,8,0,5,20,0,22,0,1,1
695573,0000012C,false,Rx,0,8,0,0,1,0,0,64,0,0
695596,000001F6,false,Rx,0,8,C9,1E,0B,0,0,0,0,0E
695613,151,false,Rx,0,8,FA,3D,0B,A0,C8,0,28,19
695631,000001F7,false,Rx,0,8,0B,0,0,0,0,0,0,0
696575,152,false,Rx,0,8,16,18,18,0,0B,0,0,0
696600,000001F8,false,Rx,0,8,0,0,0,0,0,0,0,0
696618,153,false,Rx,0,8,0,0,0,0,0,0,0,0
696636,000001F9,false,Rx,0,8,0,0,A0,C8,14,0,0,0
697579,154,false,Rx,0,8,0,0,0,0,0,0,0,0
697609,236,false,Rx,0,8,58,E3,0B,0,6E,3C,34,6C
697627,000002FB,false,Rx,0,8,A6,14,0B,4,5F,1A,CC,CC
697644,237,false,Rx,0,8,0,15,BA,0,0,AA,1E,0
698566,000002FC,false,Rx,0,8,3,0,16,19,0,0,8E,BF
698587,238,false,Rx,0,8,0,0,5F,0,0,0,0,0
698604,000002FD,false,Rx,0,8,0,0,0,0,0,1C,0E,EA
698622,239,false,Rx,0,8,0,0,0,0,1,0,0,0
699581,000002FE,false,Rx,0,8,0,0,72,1,0,28,0,0
699617,000001E6,false,Rx,0,8,F0,CE,13,2,0,0,0,0
699635,0000025B,false,Rx,0,8,5E,32,0B,40,40,20,0,0
699652,000001BB,false,Rx,0,8,BA,8E,13,2,0,0,0,0A
699670,0000025C,false,Rx,0,8,0,0,0B,0,34,89,19,0
700569,000001BC,false,Rx,0,8,32,0,0,0,2,0,0,0
700597,0000025D,false,Rx,0,8,0,C8,0,0,0,80,C0,70
700615,000001BD,false,Rx,0,8,0,0,0,0,0,0,0,0
700632,0000025E,false,Rx,0,8,B9,7,0E,0,0,0,0,0
701573,000001E7,false,Rx,0,8,0,0,22,3,20,1,0,0
701593,326,false,Rx,0,8,33,40,0B,0,0,0,0,0
701611,382,false,Rx,0,8,F1,7A,1,0,0,1,8,0
701629,327,false,Rx,0,8,0,0,0,0,5,0,0,0
702568,328,false,Rx,0,8,0,0,0,0,0,0,0,0
702590,329,false,Rx,0,8,A0,0,0,0,0,0,0,0
702607,331,false,Rx,0,8,20,0F,0B,F1,C8,A0,2C,97
703566,332,false,Rx,0,8,94,2,0,0,0,0,0,0
703587,333,false,Rx,0,8,0,0,0,1C,0C,40,20,A0
703604,334,false,Rx,0,8,C8,0,0,0,AC,70,1D,90
706566,0000010B,false,Rx,0,8,78,31,75,0,0,0,0,5
706588,0000010C,false,Rx,0,8,FF,F9,E7,1F,46,44,46,46
706606,0000010D,false,Rx,0,8,10,3,0,0,0,0,1,35
706624,0000010E,false,Rx,0,8,0,0,0A,0,0,C0,AB,57
707575,000002AB,false,Rx,0,8,8,19,0C,0C,0C,0,0,0
707596,000002AC,false,Rx,0,8,0,FF,FF,0,0,40,0,50
707614,000002AD,false,Rx,0,8,0,1,0,40,FF,FF,FF,0F
707632,000002AE,false,Rx,0,8,1,0,FF,3F,1,1,0,0
708573,000002B6,false,Rx,0,8,7A,68,0C,1,0,0,0,40
708593,251,false,Rx,0,8,68,A8,0B,0,0,0,0,0
708610,000002B7,false,Rx,0,8,8,2,F0,0,0,4,0,0
708628,252,false,Rx,0,8,0,0,0,0,3,0,0,0
709569,000002B8,false,Rx,0,8,AA,11,11,0,0,0,0,0
709590,253,false,Rx,0,8,0,0,0,51,51,0,80,44
709608,000002B9,false,Rx,0,8,0A,0,0,0,0,0,0,0
709625,396,false,Rx,0,8,26,10,85,0F,8,2,0,2
710569,000002E1,false,Rx,0,8,2B,3C,0C,0,0,0,0,40
710590,397,false,Rx,0,8,25,0,0,0,0,0,0,0
710608,000002E2,false,Rx,0,8,FD,0,0,0,0,14,0,4
710626,398,false,Rx,0,8,0,0,0,0,0,0,0,0
711574,000002E3,false,Rx,0,8,0,0,0,0,0,0,72,1
711595,000002E4,false,Rx,0,8,2,0,0,0,0,0,0,0
717567,383,false,Rx,0,8,12,ED,1,0,2,0,0,0
722567,0000019B,false,Rx,0,8,77,0A,73,0,0,E4,0,0
722589,0000019C,false,Rx,0,8,40,20,0,0,0,0,0B,9
722606,0000019D,false,Rx,0,8,0,10,0,1,0,0,0,0
723572,0000019E,false,Rx,0,8,15,0,0,0,0,32,0,0
723593,000002D6,false,Rx,0,8,B1,6,85,0,0,0,0,0
723611,000002EB,false,Rx,0,8,2E,AB,85,0A,8,2,0,2
724568,000002D7,false,Rx,0,8,0,0,0,0,3,0,0,0
724590,000002EC,false,Rx,0,8,12,0,0,0,0,0,0,0
724607,000002D8,false,Rx,0,8,0,0,0,0,0,0,38,45
724625,000002ED,false,Rx,0,8,0,0,0,0,0,0,0,0
725700,000002D9,false,Rx,0,8,0,0,0,0,0,0,0,0
725730,000002EE,false,Rx,0,8,0,0,0,0,0,0,0,0
725748,000003A1,false,Rx,0,8,53,EF,96,0,FF,FF,FF,FF
725766,000003A2,false,Rx,0,8,0,0,0,0,0,0,0,0
726605,000001AB,false,Rx,0,8,10,4,82,50,70,38,0,0
726633,000001AC,false,Rx,0,8,0,28,0,0,0,0,0,0
726651,226,false,Rx,0,8,E0,72,E7,FF,43,E1,5,42
726669,227,false,Rx,0,8,2,70,E1,8,0,F2,17,4
728071,356,false,Rx,0,8,B7,A4,86,0,0,0,0,0
728117,357,false,Rx,0,8,0,0,0,0,0,4B,4D,48
728135,358,false,Rx,0,8,35,41,45,4D,52,37,33,4F
728580,359,false,Rx,0,8,51,4F,34,52,4A,35,33,0
731577,121,false,Rx,0,8,5D,5B,76,0,0,0,0,5
731604,122,false,Rx,0,8,FF,D9,67,1F,46,46,46,46
731622,123,false,Rx,0,8,11,3,0,0,0,0,1,35
731640,124,false,Rx,0,8,0,0,0A,0,0,0,20,40
734566,161,false,Rx,0,8,C6,9A,35,3,0,0,0,2
735565,162,false,Rx,0,8,FF,FC,1,0,0,0,0,0
736565,36,false,Rx,0,8,64,D6,78,51,0,0,25,1
736584,37,false,Rx,0,8,0,0,0,10,0,40,0,0
736602,38,false,Rx,0,8,4,0,0,0,90,38,96,D4
737568,39,false,Rx,0,8,0,0,0,0,0,0,0,0
738565,384,false,Rx,0,8,E9,DC,2,0,0,FF,0,21
739567,000003B6,false,Rx,0,8,A3,97,84,0,0,0,0,46
739587,000003B7,false,Rx,0,8,46,0,0,0,0,0,0,0
739605,000003B8,false,Rx,0,8,0C,3,0,0,0,0,69,0E
739623,61,false,Rx,0,8,3C,2E,7E,0,0,0,0,0
740566,000003B9,false,Rx,0,8,0,0,0,0,0,0,0,0
740586,62,false,Rx,0,8,2,2,0,2,40,FF,0,FF
740604,63,false,Rx,0,8,0,0,5,0,0,8,FD,0
740621,64,false,Rx,0,8,0,0,0,4,FF,FA,0,0
741567,000000A1,false,Rx,0,8,19,AD,7E,1A,0,0,0,0
741587,000000A2,false,Rx,0,8,0,0,0,0,0,0,0,0
741605,000000A3,false,Rx,0,8,0,40,1,0,0,0,0,0
741623,91,false,Rx,0,8,4E,DF,0A,0,0,0,0,0
742569,92,false,Rx,0,8,0,0,0,0,0,0,0,0
742589,93,false,Rx,0,8,0,0,0,0,0,0,0,0
742607,394,false,Rx,0,8,2A,22,1A,49,0,0,0,0
742625,94,false,Rx,0,8,0,0,0,0,0,0,0,0
743567,000003C3,false,Rx,0,8,45,10,31,30,36,0,0,0
743588,000000FF,false,Rx,0,8,CB,10,0,0,0,0,2,0
743605,000003E0,false,Rx,0,8,66,20,1,0,54,3,0,0
744565,0000011B,false,Rx,0,8,68,2E,6B,5,80,8,A8,2
744584,0000012B,false,Rx,0,8,2F,D4,6B,6,0,0,8,0
744602,0000011C,false,Rx,0,8,0,5,20,0,22,0,1,1
745569,0000012C,false,Rx,0,8,0,0,1,0,0,64,0,0
745589,000001F1,false,Rx,0,8,FF,DE,E6,1,0,0,28,0
745607,000003E5,false,Rx,0,8,37,80,1,0,0,0,0,0
745625,000001F2,false,Rx,0,8,0,0,0,0,0,0,0,0
746565,000003E6,false,Rx,0,8,67,90,0,0,0,0,0,0
746585,0000041A,false,Rx,0,8,8D,D0,12,0,0,0,0,0
747568,0000041B,false,Rx,0,8,70,D0,0,0,0,0,0,0
747589,0000041C,false,Rx,0,8,48,0,E0,0,0,0,0,0
747607,422,false,Rx,0,8,9D,70,1,0,0,0,4,0
747631,432,false,Rx,0,8,3,20,2,0,0,0,0,0
748565,435,false,Rx,0,8,26,C0,0,40,0,0,0,0
748584,442,false,Rx,0,8,CE,20,11,81,0,0,0,0
748602,444,false,Rx,0,8,D5,20,20,50,55,50,0,0
749569,445,false,Rx,0,8,C6,C0,0,0,0,0,0,18
749590,464,false,Rx,0,8,D5,20,F0,FF,38,7F,5,0
751564,146,false,Rx,0,8,FC,93,32,10,4,1,0,0
752570,147,false,Rx,0,8,0,4,7D,0,40,0,0,0
752590,148,false,Rx,0,8,0,0,0,0,0,90,40,5
752608,149,false,Rx,0,8,0,0,0,0,0,0,0,0
753569,000003AA,false,Rx,0,8,FF,0,B0,0,54,0,0,0
754574,495,false,Rx,0,8,49,0,0,0,0,0,0,0
754594,487,false,Rx,0,8,0,0,0,0,0,0,0,0
754611,642,false,Rx,0,8,FF,FF,FF,FF,FF,FF,0,0
756571,0000010B,false,Rx,0,8,0F,90,7A,0,0,0,0,5
756592,0000010C,false,Rx,0,8,FF,F9,E7,1F,46,45,46,46
756610,0000010D,false,Rx,0,8,10,3,0,0,0,0,1,35
756627,0000010E,false,Rx,0,8,0,0,0A,0,0,C0,AB,57
757564,000001B1,false,Rx,0,8,F9,0E,32,0,72,0,0,0
757589,000001B2,false,Rx,0,8,23,0,4,0F,0F,7,52,10
757607,000001B3,false,Rx,0,8,10,2C,0,0,87,91,96,90
757624,000001B4,false,Rx,0,8,95,91,17,0,0,40,1,0
763565,0000036F,false,Rx,0,8,28,31,1,0,0,0,0,0
763586,0000037F,false,Rx,0,8,32,C0,52,24,41,2,0,0
763604,380,false,Rx,0,8,AD,D7,FF,0,0,0,0,1
765566,000001A1,false,Rx,0,8,38,C0,36,FE,F7,7F,64,0
765587,000001A2,false,Rx,0,8,0,0,0,0,0,8,0,0
765604,000001A3,false,Rx,0,8,FF,F3,3F,0,0,0,0,0
765622,000001A4,false,Rx,0,8,FE,7,0,0,0,0,0,0
766626,000003B0,false,Rx,0,8,72,37,FF,C7,0,0,3,C0
769447,000003B1,false,Rx,0,8,9B,3C,FF,40,0,0,20,0
769535,448,false,Rx,0,8,0,C0,0,0,0,0,0,0
772589,0000019B,false,Rx,0,8,CF,0B,78,0,0,E4,0,0
772619,0000019C,false,Rx,0,8,40,20,0,0,0,0,0B,9
772636,0000019D,false,Rx,0,8,0,10,0,1,0,0,0,0
773566,0000019E,false,Rx,0,8,15,0,0,0,0,32,0,0
775565,000001E1,false,Rx,0,8,E6,AA,16,2,0,0,0,0
775586,000001E2,false,Rx,0,8,0,0,0,0,0,0,0,0
778564,000003B2,false,Rx,0,8,36,15,FF,2,29,2F,34,0
781565,121,false,Rx,0,8,50,9D,7B,0,0,0,0,5
781587,122,false,Rx,0,8,FF,D9,67,1F,46,46,46,46
781611,123,false,Rx,0,8,11,3,0,0,0,0,1,35
781628,124,false,Rx,0,8,0,0,0A,0,0,0,20,40
782566,427,false,Rx,0,8,1D,86,FF,0,80,0A,0,0
786571,36,false,Rx,0,8,1B,FA,7D,51,0,0,25,1
786593,37,false,Rx,0,8,0,0,0,10,0,40,0,0
786611,38,false,Rx,0,8,4,0,0,0,90,38,96,D4
787566,39,false,Rx,0,8,0,0,0,0,0,0,0,0
789571,61,false,Rx,0,8,C6,D0,83,0,0,0,0,0
789593,62,false,Rx,0,8,2,2,0,2,40,FF,0,FF
790575,63,false,Rx,0,8,0,0,5,0,0,8,FD,0
790595,64,false,Rx,0,8,0,0,0,4,FF,FA,0,0
790613,000000A1,false,Rx,0,8,6D,1D,83,1A,0,0,0,0
790630,561,false,Rx,0,8,63,2,0,0,0,0,FF,FF
791567,000000A2,false,Rx,0,8,0,0,0,0,0,0,0,0
791586,000000A3,false,Rx,0,8,0,40,1,0,0,0,0,0
792566,0000042A,false,Rx,0,8,F4,DE,FF,1,0,10,0,0
794565,0000011B,false,Rx,0,8,AA,F4,70,5,80,8,A8,2
794587,0000012B,false,Rx,0,8,ED,0E,70,6,0,0,8,0
794604,0000011C,false,Rx,0,8,0,5,20,0,22,0,1,1
795567,0000012C,false,Rx,0,8,0,0,1,0,0,64,0,0
795586,000001FB,false,Rx,0,8,50,22,0B,0,0,0,0,0
795604,000004A3,false,Rx,0,8,80,0,48,0B,3E,0,0,0
795621,000001FC,false,Rx,0,8,0,0,0,0,0,0,0,0
796566,000004A4,false,Rx,0,8,FF,FF,FF,0,0,0,0,0
796588,000001FD,false,Rx,0,8,0,1A,3,0,0,0,0,0
796605,000001FE,false,Rx,0,8,0,0,0,0,0,0,0,0
806573,0000010B,false,Rx,0,8,86,69,7F,0,0,0,0,5
806602,0000010C,false,Rx,0,8,FF,F9,E7,1F,46,44,46,46
806621,0000010D,false,Rx,0,8,10,3,0,0,0,0,1,35
806639,0000010E,false,Rx,0,8,0,0,0A,0,0,C0,AB,57
807582,000002C1,false,Rx,0,8,33,4D,87,21,0,41,0,AA
807607,000002C2,false,Rx,0,8,18,0,0,0,0,0,0,0
808565,000002C3,false,Rx,0,8,0,0,0,0,0,0,0,0
808588,000002C4,false,Rx,0,8,0,0,0,0,0,0,0,0
822598,0000019B,false,Rx,0,8,B0,27,7D,0,0,E4,0,0
822638,0000019C,false,Rx,0,8,40,20,0,0,0,0,0B,9
822656,0000019D,false,Rx,0,8,0,10,0,1,0,0,0,0
823603,0000019E,false,Rx,0,8,15,0,0,0,0,32,0,0
825589,000001AB,false,Rx,0,8,E6,2C,87,50,70,38,0,0
825624,401,false,Rx,0,8,A9,30,10,0,0,4,0,0
826778,000001AC,false,Rx,0,8,0,28,0,0,0,0,0,0
828213,316,false,Rx,0,8,3E,32,74,34,14,80,0A,0
828238,317,false,Rx,0,8,0,0,5,0,0,0,0,0
828256,000003CB,false,Rx,0,8,36,14,0,F4,0,0,0,0
828281,0000033B,false,Rx,0,8,4F,3B,0D,0,0,0,0,0
828299,000003CC,false,Rx,0,8,36,31,34,30,33,34,31,0
828317,0000033D,false,Rx,0,8,0,0,0,0,0,0,0,0
829965,473,false,Rx,0,8,5F,24,0,25,0,0,0,78
830018,0000033E,false,Rx,0,8,0,0,0,0,0,0,0,0
830036,474,false,Rx,0,8,93,44,0,0,0,0,0,14
831355,000002FF,false,Rx,0,8,E2,1,0,F1,3F,0,0,0
831389,121,false,Rx,0,8,1F,A4,80,0,0,0,0,5
831524,122,false,Rx,0,8,FF,D9,67,1F,46,46,46,46
832914,123,false,Rx,0,8,11,3,0,0,0,0,1,35
832966,124,false,Rx,0,8,0,0,0A,0,0,0,20,40
834592,161,false,Rx,0,8,DC,E3,3A,3,0,0,0,2
834627,162,false,Rx,0,8,FF,FC,1,0,0,0,0,0
836813,36,false,Rx,0,8,6D,B6,82,51,0,0,25,1
836853,37,false,Rx,0,8,0,0,0,10,0,40,0,0
836872,38,false,Rx,0,8,4,0,0,0,90,38,96,D4
836890,39,false,Rx,0,8,0,0,0,0,0,0,0,0
838842,000002E6,false,Rx,0,8,78,FB,0A,1,0,0,0,15
838880,256,false,Rx,0,8,B0,E0,0A,15,40,0,C0,0
839282,000002E7,false,Rx,0,8,0A,0,0,0,0,0,0,0
839307,257,false,Rx,0,8,0,93,41,13,86,7,0,93
839324,000002E8,false,Rx,0,8,0,0,0,0,0,0,0,0
839342,258,false,Rx,0,8,0B,70,1E,0,10,15,0,28
839580,61,false,Rx,0,8,7E,D1,88,0,0,0,0,0
840606,259,false,Rx,0,8,3A,5,89,3C,4C,2,0,0
840645,62,false,Rx,0,8,2,2,0,2,40,FF,0,FF
840681,000002E9,false,Rx,0,8,0,0,0,0,0,0,0,0
840698,63,false,Rx,0,8,0,0,5,0,0,8,FD,0
841089,64,false,Rx,0,8,0,0,0,4,FF,FA,0,0
841113,000000A1,false,Rx,0,8,51,EC,88,1A,0,0,0,0
841583,000000A2,false,Rx,0,8,0,0,0,0,0,0,0,0
841608,91,false,Rx,0,8,8,86,0B,0,0,0,0,0
842563,92,false,Rx,0,8,0,0,0,0,0,0,0,0
842582,93,false,Rx,0,8,0,0,0,0,0,0,0,0
842601,94,false,Rx,0,8,0,0,0,0,0,0,0,0
842619,000000A3,false,Rx,0,8,0,40,1,0,0,0,0,0
844711,0000011B,false,Rx,0,8,5C,DC,75,5,80,8,A8,2
845917,0000012B,false,Rx,0,8,1B,26,75,6,0,0,8,0
845943,0000011C,false,Rx,0,8,0,5,20,0,22,0,1,1
845961,0000012C,false,Rx,0,8,0,0,1,0,0,64,0,0
849597,000002BF,false,Rx,0,8,FF,FF,FF,0,0,0,0,0
849635,000001E6,false,Rx,0,8,6,E6,16,2,0,0,0,0
849652,0000047F,false,Rx,0,8,FF,FF,FF,FF,FF,FF,F3,FF
849669,000001BB,false,Rx,0,8,B5,65,16,2,0,0,0,0A
849687,653,false,Rx,0,8,0A,19,3,1,2,2A,0,0
850601,000001BC,false,Rx,0,8,32,0,0,0,2,0,0,0
850634,000001BD,false,Rx,0,8,0,0,0,0,0,0,0,0
850652,000001E7,false,Rx,0,8,0,0,22,3,20,1,0,0
852233,146,false,Rx,0,8,83,BF,37,10,4,1,0,0
852269,147,false,Rx,0,8,0,4,7D,0,40,0,0,0
852287,148,false,Rx,0,8,0,0,0,0,0,90,40,5
852650,149,false,Rx,0,8,0,0,0,0,0,0,0,0
856591,0000010B,false,Rx,0,8,C9,50,84,0,0,0,0,5
856628,0000010C,false,Rx,0,8,FF,F9,E7,1F,46,44,46,46
856653,0000010D,false,Rx,0,8,10,3,0,0,0,0,1,35
856670,0000010E,false,Rx,0,8,0,0,0A,0,0,C0,AB,57
856688,000001B1,false,Rx,0,8,86,22,37,0,72,0,0,0
857602,000001B2,false,Rx,0,8,23,0,4,0F,0F,7,52,10
857635,000001B3,false,Rx,0,8,10,2C,0,0,87,91,96,90
857653,000001B4,false,Rx,0,8,95,91,17,0,0,40,1,0
860589,475,false,Rx,0,8,12,0,0,0,0,0,0,0
860624,496,false,Rx,0,8,12,0,0,0,0,0,0,0
863610,0000036F,false,Rx,0,8,20,41,1,0,0,0,0,0
863651,0000037F,false,Rx,0,8,8B,D0,52,24,41,2,0,0
865267,000001A1,false,Rx,0,8,35,6,3B,FE,F7,7F,64,0
865302,000000C5,false,Rx,0,8,0,0,0,0,0,0,0,0
865320,111,false,Rx,0,8,81,7D,7B,1,0,0,0,0
865350,000001A2,false,Rx,0,8,0,0,0,0,0,8,0,0
865367,112,false,Rx,0,8,0,0,0,0,0,0,0,0
865545,000001A3,false,Rx,0,8,FF,F3,3F,0,0,0,0,0
866845,113,false,Rx,0,8,0,0,0,0,0,0,0,0
866893,000001A4,false,Rx,0,8,FE,7,0,0,0,0,0,0
866911,114,false,Rx,0,8,0,0,0,0,0,0,0,0
866929,244,false,Rx,0,8,FF,FF,FF,FF,FF,FF,FF,FF
867274,0000041F,false,Rx,0,8,0,0C,0,0,0,0,0,0
867294,000004B4,false,Rx,0,8,0,0,0,0,0,0,0,0
867312,000004B5,false,Rx,0,8,8,0,F0,7,0,0,0,0
867583,000004B7,false,Rx,0,8,8,0,F0,7,0,0,0,0
868844,000004CA,false,Rx,0,8,0,0,0,0,0,0,0,0
870131,000004CC,false,Rx,0,8,8,0,0,6,0,0,3,0
870163,000004CE,false,Rx,0,8,14,1,FF,FF,FF,FF,FF,FF
870184,000004D7,false,Rx,0,8,23,1,0,0,0,0,0,0
870202,000004D8,false,Rx,0,8,41,10,F0,F0,40,F2,1E,CC
870219,000004DD,false,Rx,0,8,0,0,FE,0,4,0,0,0
870583,000004EA,false,Rx,0,8,67,0,0,89,0,0,0,0
870640,000004EB,false,Rx,0,8,10,80,32,35,80,0,0,0
872391,000004EC,false,Rx,0,8,0,0,0,0,0,0,0,0
872437,000004ED,false,Rx,0,8,0,0,0,0,0,FF,FF,1F
872455,000004EE,false,Rx,0,8,FF,FF,0,0,0,0,0,0
872473,000004EF,false,Rx,0,8,60,0,60,0,29,14,0,0
872491,000004F0,false,Rx,0,8,4A,10,32,35,58,1A,18,2
872861,000004F1,false,Rx,0,8,0,C0,0,0,0,0,0,0
872917,0000019C,false,Rx,0,8,40,20,0,0,0,0,0B,9
872939,000004F2,false,Rx,0,8,2,FF,DD,FF,3,1,0,0
873580,0000019D,false,Rx,0,8,0,10,0,1,0,0,0,0
873609,000004F3,false,Rx,0,8,0,0,0,0,F0,0,0,0
874563,0000019E,false,Rx,0,8,15,0,0,0,0,32,0,0
874587,000004F9,false,Rx,0,8,E0,FF,FF,FF,FF,FF,FF,FF
874605,0000063D,false,Rx,0,8,0,80,0,0,0,0,0,0
874622,0000063E,false,Rx,0,8,FF,FF,FF,FF,FF,FF,FF,FF
876417,0000063F,false,Rx,0,8,0,10,0,C4,FF,0,0,0
876451,640,false,Rx,0,8,FF,FF,FF,0,FF,FF,FF,0
876468,641,false,Rx,0,8,FF,FF,FF,FF,0F,FF,FF,FF
876500,646,false,Rx,0,8,0,0,0,80,1,0,0,0
876518,0000030B,false,Rx,0,8,BD,54,0D,0,4,0,0,0
876536,0000030D,false,Rx,0,8,0,0,0,0,FF,0,0,0
876811,0000030E,false,Rx,0,8,0,0,38,5,21,0,0,1A
881594,121,false,Rx,0,8,60,88,85,0,0,0,0,5
881633,122,false,Rx,0,8,FF,D9,67,1F,46,46,46,46
881651,123,false,Rx,0,8,11,3,0,0,0,0,1,35
881669,124,false,Rx,0,8,0,0,0A,0,0,0,20,40
883585,405,false,Rx,0,8,BD,30,0,0,0,1,0,0
883619,413,false,Rx,0,8,6F,30,0,0,0,0,0,0
883637,410,false,Rx,0,8,4B,80,59,3C,16,6B,FF,FF
883655,414,false,Rx,0,8,F0,10,0,0,28,0,0,0
885213,411,false,Rx,0,8,A8,1,50,50,0,0,44,4
885249,416,false,Rx,0,8,55,0,0,0,0,0,0,0
885267,412,false,Rx,0,8,6D,60,0,0,0,0,0,0
885284,417,false,Rx,0,8,5F,20,0,0,0,0,0,0
885302,0000048F,false,Rx,0,8,AD,10,41,0,5,0,0,0
885705,419,false,Rx,0,8,B6,40,8F,D6,79,86,90,0
886588,36,false,Rx,0,8,12,9A,87,51,0,0,25,1
886613,37,false,Rx,0,8,0,0,0,10,0,40,0,0
886630,38,false,Rx,0,8,4,0,0,0,90,38,96,D4
888017,39,false,Rx,0,8,0,0,0,0,0,0,0,0
889608,563,false,Rx,0,8,65,2,0,0,0,0,FF,FF
890001,61,false,Rx,0,8,1,FD,8D,0,0,0,0,0
890058,62,false,Rx,0,8,2,2,0,2,40,FF,0,FF
890080,63,false,Rx,0,8,0,0,5,0,0,8,FD,0
891212,64,false,Rx,0,8,0,0,0,4,FF,FA,0,0
891246,000000A1,false,Rx,0,8,5E,7,8D,1A,0,0,0,0
891264,000000A2,false,Rx,0,8,0,0,0,0,0,0,0,0
892450,000000A3,false,Rx,0,8,0,40,1,0,0,0,0,0
894593,0000011B,false,Rx,0,8,46,A5,7A,5,80,8,A8,2
894633,0000012B,false,Rx,0,8,1,5F,7A,6,0,0,8,0
894652,0000011C,false,Rx,0,8,0,5,20,0,22,0,1,1
895976,0000012C,false,Rx,0,8,0,0,1,0,0,64,0,0
896013,000001F1,false,Rx,0,8,E5,A7,E9,1,0,0,28,0
896031,151,false,Rx,0,8,4F,FA,0D,A0,C8,0,28,19
896049,000001F2,false,Rx,0,8,0,0,0,0,0,0,0,0
896067,152,false,Rx,0,8,16,18,18,0,0B,0,0,0
896085,236,false,Rx,0,8,ED,24,0D,0,6E,3C,34,6C
896587,153,false,Rx,0,8,0,0,0,0,0,0,0,0
896611,000001F6,false,Rx,0,8,7C,D9,0D,0,0,0,0,0E
897611,154,false,Rx,0,8,0,0,0,0,0,0,0,0
897644,000001F7,false,Rx,0,8,0B,0,0,0,0,0,0,0
897662,000002FB,false,Rx,0,8,72,7F,0D,4,5F,1A,CC,CC
898070,000001F8,false,Rx,0,8,0,0,0,0,0,0,0,0
898090,000002FC,false,Rx,0,8,2,0,16,19,0,0,8E,BF
898108,000001F9,false,Rx,0,8,0,0,A0,C8,14,0,0,0
898579,000002FD,false,Rx,0,8,0,0,0,0,0,1C,0E,EA
898611,237,false,Rx,0,8,0,15,BA,0,0,AA,1E,0
899835,000002FE,false,Rx,0,8,0,0,72,1,0,28,0,0
899869,238,false,Rx,0,8,0,0,5F,0,0,0,0,0
899900,326,false,Rx,0,8,86,87,0D,0,0,0,0,0
899918,239,false,Rx,0,8,0,0,0,0,1,0,0,0
900263,327,false,Rx,0,8,0,0,0,0,5,0,0,0
900290,0000025B,false,Rx,0,8,1E,8C,0D,40,40,20,0,0
900308,328,false,Rx,0,8,0,0,0,0,0,0,0,0
900583,0000025C,false,Rx,0,8,0,0,0B,0,34,89,19,0
901568,329,false,Rx,0,8,A0,0,0,0,0,0,0,0
901598,0000025D,false,Rx,0,8,0,C8,0,0,0,80,C0,70
901616,331,false,Rx,0,8,95,C8,0D,F1,C8,A0,2C,97
901633,0000025E,false,Rx,0,8,4,7,0E,1,0,0,0,0
901651,332,false,Rx,0,8,94,2,0,0,0,0,0,0
903180,382,false,Rx,0,8,F1,7A,1,0,0,1,8,0
903215,333,false,Rx,0,8,0,0,0,1C,0C,40,20,A0
903233,334,false,Rx,0,8,C8,0,0,0,AC,70,1D,90
905796,0000010B,false,Rx,0,8,C4,96,89,0,0,0,0,5
906592,0000010C,false,Rx,0,8,FF,F9,E7,1F,46,44,46,46
906626,0000010D,false,Rx,0,8,10,3,0,0,0,0,1,35
906653,0000010E,false,Rx,0,8,0,0,0A,0,0,C0,AB,57
907001,000002AB,false,Rx,0,8,84,AB,0E,0C,0C,0,0,0
907022,000002AC,false,Rx,0,8,0,FF,FF,0,0,40,0,50
908469,000002AD,false,Rx,0,8,0,1,0,40,FF,FF,FF,0F
908504,000002AE,false,Rx,0,8,1,0,FF,3F,1,1,0,0
908522,000002B6,false,Rx,0,8,F6,DA,0E,1,0,0,0,40
908948,000002B7,false,Rx,0,8,8,2,F0,0,0,4,0,0
908976,251,false,Rx,0,8,62,1A,0D,0,0,0,0,0
908995,252,false,Rx,0,8,0,0,0,0,3,0,0,0
909013,000002B9,false,Rx,0,8,0A,0,0,0,0,0,0,0
909732,253,false,Rx,0,8,0,0,0,51,51,0,80,44
909757,000002E1,false,Rx,0,8,A7,8E,0E,0,0,0,0,40
909774,396,false,Rx,0,8,57,D1,86,0F,8,1,0,2
910570,000002E2,false,Rx,0,8,FD,0,0,0,0,14,0,4
910593,397,false,Rx,0,8,1D,0,0,0,0,0,0,0
910611,000002E3,false,Rx,0,8,0,0,0,0,0,0,72,1
910634,398,false,Rx,0,8,0,0,0,0,0,0,0,0
911567,000002E4,false,Rx,0,8,2,0,0,0,0,0,0,0
917564,383,false,Rx,0,8,12,ED,1,0,2,0,0,0
922565,0000019B,false,Rx,0,8,B9,47,87,0,0,E4,0,0
922587,0000019C,false,Rx,0,8,40,20,0,0,0,0,0B,9
922604,0000019D,false,Rx,0,8,0,10,0,1,0,0,0,0
923567,0000019E,false,Rx,0,8,15,0,0,0,0,32,0,0
923588,419,false,Rx,0,8,49,50,8E,D6,79,86,90,0
923606,000002D6,false,Rx,0,8,7B,ED,86,0,0,0,0,0
923624,000002EB,false,Rx,0,8,C6,2A,86,8,8,1,0,2
924566,000002D7,false,Rx,0,8,0,0,0,0,3,0,0,0
924588,000002EC,false,Rx,0,8,2,0,0,0,0,0,0,0
924606,000002D8,false,Rx,0,8,0,0,0,0,0,0,38,45
924624,000002ED,false,Rx,0,8,0,0,0,0,0,0,0,0
925567,000001E1,false,Rx,0,8,FC,D3,19,2,0,0,0,0
925588,000002D9,false,Rx,0,8,0,0,0,0,0,0,0,0
925605,000001E2,false,Rx,0,8,0,0,0,0,0,0,0,0
925623,000002EE,false,Rx,0,8,0,0,0,0,0,0,0,0
926572,000001AB,false,Rx,0,8,2E,D5,8C,50,70,38,0,0
926594,226,false,Rx,0,8,DE,A3,E9,FF,43,E1,5,42
926612,000001AC,false,Rx,0,8,0,28,0,0,0,0,0,0
926629,227,false,Rx,0,8,2,70,E1,8,0,F2,17,4
927568,000003A1,false,Rx,0,8,77,47,97,0,FF,FF,FF,FF
927590,415,false,Rx,0,8,40,13,10,0,8,1,0,0
927608,000003A2,false,Rx,0,8,0,0,0,0,0,0,0,0
927625,356,false,Rx,0,8,F1,FD,87,0,0,0,0,0
928569,357,false,Rx,0,8,0,0,0,0,0,4B,4D,48
928591,358,false,Rx,0,8,35,41,45,4D,52,37,33,4F
928609,359,false,Rx,0,8,51,4F,34,52,4A,35,33,0
931564,121,false,Rx,0,8,E1,FC,8A,0,0,0,0,5
931591,122,false,Rx,0,8,FF,D9,67,1F,46,46,46,46
931609,123,false,Rx,0,8,11,3,0,0,0,0,1,35
931627,124,false,Rx,0,8,0,0,0A,0,0,0,20,40
934565,161,false,Rx,0,8,2A,CB,3F,3,0,0,0,2
935565,162,false,Rx,0,8,FF,FC,1,0,0,0,0,0
936566,36,false,Rx,0,8,AA,9B,8C,51,0,0,25,1
936585,37,false,Rx,0,8,0,0,0,10,0,40,0,0
936602,38,false,Rx,0,8,4,0,0,0,90,38,96,D4
937566,39,false,Rx,0,8,0,0,0,0,0,0,0,0
938565,000003B6,false,Rx,0,8,E5,CE,85,0,0,0,0,46
939567,384,false,Rx,0,8,E9,DC,2,0,0,FF,0,21
939588,000003B7,false,Rx,0,8,46,0,0,0,0,0,0,0
939605,000003B8,false,Rx,0,8,0C,3,0,0,0,0,69,0E
939623,61,false,Rx,0,8,45,4D,92,0,0,0,0,0
940565,000003B9,false,Rx,0,8,0,0,0,0,0,0,0,0
940585,62,false,Rx,0,8,2,2,0,2,40,FF,0,FF
940603,63,false,Rx,0,8,0,0,5,0,0,8,FD,0
940620,64,false,Rx,0,8,0,0,0,4,FF,FA,0,0
941567,000000A1,false,Rx,0,8,3D,6A,92,1A,0,0,0,0
941588,000000A2,false,Rx,0,8,0,0,0,0,0,0,0,0
941606,000000A3,false,Rx,0,8,0,40,1,0,0,0,0,0
941623,91,false,Rx,0,8,FB,18,0C,0,0,0,0,0
942566,394,false,Rx,0,8,2A,22,1A,49,0,0,0,0
942589,92,false,Rx,0,8,0,0,0,0,0,0,0,0
942607,000003C3,false,Rx,0,8,45,10,31,30,36,0,0,0
942624,93,false,Rx,0,8,0,0,0,0,0,0,0,0
943566,000003E0,false,Rx,0,8,66,20,1,0,54,3,0,0
943585,94,false,Rx,0,8,0,0,0,0,0,0,0,0
943603,000000FF,false,Rx,0,8,CB,10,0,0,0,0,2,0
944635,000003E5,false,Rx,0,8,37,80,1,0,0,0,0,0
944669,0000011B,false,Rx,0,8,B0,8D,7F,5,80,8,A8,2
945754,0000012B,false,Rx,0,8,F7,77,7F,6,0,0,8,0
946174,0000011C,false,Rx,0,8,0,5,20,0,22,0,1,1
946215,0000012C,false,Rx,0,8,0,0,1,0,0,64,0,0
946253,000003E6,false,Rx,0,8,67,90,0,0,0,0,0,0
946270,0000041A,false,Rx,0,8,8D,D0,12,0,0,0,0,0
946288,0000041B,false,Rx,0,8,70,D0,0,0,0,0,0,0
946593,0000041C,false,Rx,0,8,48,0,E0,0,0,0,0,0
947564,422,false,Rx,0,8,9D,70,1,0,0,0,4,0
947585,432,false,Rx,0,8,3,20,2,0,0,0,0,0
947602,435,false,Rx,0,8,26,C0,0,40,0,0,0,0
948565,442,false,Rx,0,8,CE,20,11,81,0,0,0,0
948592,444,false,Rx,0,8,D5,20,20,50,55,50,0,0
948610,445,false,Rx,0,8,C6,C0,0,0,0,0,0,18
949563,464,false,Rx,0,8,D5,20,F0,FF,38,7F,5,0
951560,146,false,Rx,0,8,3B,BE,3C,10,4,1,0,0
952562,147,false,Rx,0,8,0,4,7D,0,40,0,0,0
952583,148,false,Rx,0,8,0,0,0,0,0,90,40,5
952601,149,false,Rx,0,8,0,0,0,0,0,0,0,0
953563,000003AA,false,Rx,0,8,FF,0,B0,0,54,0,0,0
954568,495,false,Rx,0,8,49,0,0,0,0,0,0,0
954587,487,false,Rx,0,8,0,0,0,0,0,0,0,0
954605,642,false,Rx,0,8,FF,FF,FF,FF,FF,FF,0,0
955567,645,false,Rx,0,8,C7,35,6,79,E0,32,56,0
956567,0000010B,false,Rx,0,8,37,8,8E,0,0,0,0,5
956590,0000010C,false,Rx,0,8,FF,F9,E7,1F,46,44,46,46
956608,0000010D,false,Rx,0,8,10,3,0,0,0,0,1,35
956626,0000010E,false,Rx,0,8,0,0,0A,0,0,C0,AB,57
957565,000001B1,false,Rx,0,8,3E,23,3C,0,72,0,0,0
957590,000001B2,false,Rx,0,8,23,0,4,0F,0F,7,52,10
957607,000001B3,false,Rx,0,8,10,2C,0,0,87,91,96,90
957625,000001B4,false,Rx,0,8,95,91,17,0,0,40,1,0
963563,0000036F,false,Rx,0,8,99,51,1,0,0,0,0,0
963593,419,false,Rx,0,8,49,50,8E,D6,79,86,90,0
963610,0000037F,false,Rx,0,8,5D,E0,52,24,41,2,0,0
963628,380,false,Rx,0,8,AD,D7,FF,0,0,0,0,1
965563,000001A1,false,Rx,0,8,94,79,40,FE,F7,7F,64,0
965589,000001A2,false,Rx,0,8,0,0,0,0,0,8,0,0
965607,000001A3,false,Rx,0,8,FF,F3,3F,0,0,0,0,0
965624,000001A4,false,Rx,0,8,FE,7,0,0,0,0,0,0
967566,000003B0,false,Rx,0,8,72,37,FF,C7,0,0,3,C0
968567,000003B1,false,Rx,0,8,9B,3C,FF,40,0,0,20,0
969567,448,false,Rx,0,8,0,C0,0,0,0,0,0,0
972562,0000019B,false,Rx,0,8,1,46,8C,0,0,E4,0,0
972584,0000019C,false,Rx,0,8,40,20,0,0,0,0,0B,9
972601,0000019D,false,Rx,0,8,0,10,0,1,0,0,0,0
973564,0000019E,false,Rx,0,8,15,0,0,0,0,32,0,0
978562,000003B2,false,Rx,0,8,36,15,FF,2,29,2F,34,0
981563,121,false,Rx,0,8,9E,D0,8F,0,0,0,0,5
981595,122,false,Rx,0,8,FF,D9,67,1F,46,46,46,46
981613,123,false,Rx,0,8,11,3,0,0,0,0,1,35
981630,124,false,Rx,0,8,0,0,0A,0,0,0,20,40
982564,427,false,Rx,0,8,1D,86,FF,0,80,0A,0,0
986562,36,false,Rx,0,8,62,99,91,51,0,0,25,1
986584,37,false,Rx,0,8,0,0,0,10,0,40,0,0
986601,38,false,Rx,0,8,4,0,0,0,90,38,96,D4
987568,39,false,Rx,0,8,0,0,0,0,0,0,0,0
989505,565,false,Rx,0,8,66,2,0,0,0,0,FF,FF
989918,61,false,Rx,0,8,3A,61,97,0,0,0,0,0
989943,62,false,Rx,0,8,2,2,0,2,40,FF,0,FF
989961,63,false,Rx,0,8,0,0,5,0,0,8,FD,0
991035,64,false,Rx,0,8,0,0,0,4,FF,FA,0,0
991070,000000A1,false,Rx,0,8,32,81,97,1A,0,0,0,0
991454,000000A2,false,Rx,0,8,0,0,0,0,0,0,0,0
991494,000000A3,false,Rx,0,8,0,40,1,0,0,0,0,0
993076,0000042A,false,Rx,0,8,F4,DE,FF,1,0,10,0,0
994635,0000012B,false,Rx,0,8,78,6F,84,6,0,0,8,0
994675,0000011B,false,Rx,0,8,3F,95,84,5,80,8,A8,2
994694,0000012C,false,Rx,0,8,0,0,1,0,0,64,0,0
996255,0000011C,false,Rx,0,8,0,5,20,0,22,0,1,1
996666,000001FB,false,Rx,0,8,E5,E5,0D,0,0,0,0,0
996693,000001FC,false,Rx,0,8,0,0,0,0,0,0,0,0
996715,000004A3,false,Rx,0,8,80,0,48,0B,3E,0,0,0
996733,000001FD,false,Rx,0,8,0,1A,3,0,0,0,0,0
996751,000001FE,false,Rx,0,8,0,0,0,0,0,0,0,0
1000011,000001E6,false,Rx,0,8,1C,9F,19,2,0,0,0,0
1000047,000001BB,false,Rx,0,8,85,48,19,2,0,0,0,0A
1000066,000001BC,false,Rx,0,8,32,0,0,0,2,0,0,0
1000437,000001BD,false,Rx,0,8,0,0,0,0,0,0,0,0
1000464,000001E7,false,Rx,0,8,0,0,22,3,20,1,0,0
1003593,419,false,Rx,0,8,49,50,8E,D6,79,86,90,0
1006600,0000010B,false,Rx,0,8,FF,0A,93,0,0,0,0,5
1006639,0000010C,false,Rx,0,8,FF,F9,E7,1F,46,44,46,46
1006659,0000010D,false,Rx,0,8,10,3,0,0,0,0,1,35
1006676,0000010E,false,Rx,0,8,0,0,0A,0,0,C0,AB,57
1007641,000002C1,false,Rx,0,8,B2,39,88,21,0,41,0,AA
1007673,000002C2,false,Rx,0,8,18,0,0,0,0,0,0,0
1009220,000002C3,false,Rx,0,8,0,0,0,0,0,0,0,0
1009256,000002C4,false,Rx,0,8,0,0,0,0,0,0,0,0
1022593,0000019B,false,Rx,0,8,C9,44,91,0,0,E4,0,0
1022633,0000019C,false,Rx,0,8,40,20,0,0,0,0,0B,9
1022651,0000019D,false,Rx,0,8,0,10,0,1,0,0,0,0
1023602,0000019E,false,Rx,0,8,15,0,0,0,0,32,0,0
1025791,000001AB,false,Rx,0,8,57,CF,91,50,70,38,0,0
1027070,000001AC,false,Rx,0,8,0,28,0,0,0,0,0,0
1027151,000002FF,false,Rx,0,8,E2,1,0,F1,3F,0,0,0
1027293,401,false,Rx,0,8,A9,30,10,0,0,4,0,0
1027313,316,false,Rx,0,8,1A,9A,75,34,14,80,0A,0
1027331,317,false,Rx,0,8,0,0,5,0,0,0,0,0
1027349,0000033B,false,Rx,0,8,C3,89,0F,0,0,0,0,0
1027366,0000033C,false,Rx,0,8,0,0,0,0,F0,0,0,0
1027804,473,false,Rx,0,8,5F,24,0,25,0,0,0,78
1027835,0000033D,false,Rx,0,8,0,0,0,0,0,0,0,0
1028945,474,false,Rx,0,8,93,44,0,0,0,0,0,14
1028980,0000033E,false,Rx,0,8,0,0,0,0,0,0,0,0
1030975,121,false,Rx,0,8,E3,15,94,0,0,0,0,5
1031382,122,false,Rx,0,8,FF,D9,67,1F,46,46,46,46
1031407,123,false,Rx,0,8,11,3,0,0,0,0,1,35
1032921,124,false,Rx,0,8,0,0,0A,0,0,0,20,40
1034341,161,false,Rx,0,8,D4,DB,44,3,0,0,0,2
1034376,162,false,Rx,0,8,FF,FC,1,0,0,0,0,0
1036181,36,false,Rx,0,8,91,7,96,51,0,0,25,1
1036225,37,false,Rx,0,8,0,0,0,10,0,40,0,0
1036700,38,false,Rx,0,8,4,0,0,0,90,38,96,D4
1037820,39,false,Rx,0,8,0,0,0,0,0,0,0,0
1038580,000002E6,false,Rx,0,8,CD,3C,0C,1,0,0,0,15
1038604,256,false,Rx,0,8,47,15,0C,15,40,0,E0,0
1038623,000002E7,false,Rx,0,8,0A,0,0,0,0,0,0,0
1039676,257,false,Rx,0,8,0,93,41,17,86,7,0,93
1039709,000002E8,false,Rx,0,8,0,0,0,0,0,0,0,0
1039727,258,false,Rx,0,8,0B,70,1E,0,10,15,0,28
1039744,61,false,Rx,0,8,82,60,9C,0,0,0,0,0
1041398,259,false,Rx,0,8,4C,5,8A,3C,4C,2,0,0
1041425,62,false,Rx,0,8,2,2,0,2,40,FF,0,FF
1041443,000002E9,false,Rx,0,8,0,0,0,0,0,0,0,0
1041460,63,false,Rx,0,8,0,0,5,0,0,8,FD,0
1041478,64,false,Rx,0,8,0,0,0,4,FF,FA,0,0
1041562,91,false,Rx,0,8,BD,41,0D,0,0,0,0,0
1042768,92,false,Rx,0,8,0,0,0,0,0,0,0,0
1043164,93,false,Rx,0,8,0,0,0,0,0,0,0,0
1044376,94,false,Rx,0,8,0,0,0,0,0,0,0,0
1044430,000000A3,false,Rx,0,8,0,40,1,0,0,0,0,0
1044448,000001F1,false,Rx,0,8,13,8F,EC,1,0,0,28,0
1044466,000001F2,false,Rx,0,8,0,0,0,0,0,0,0,0
1044611,0000011B,false,Rx,0,8,4C,AC,89,5,80,8,A8,2
1045564,0000012B,false,Rx,0,8,0B,56,89,6,0,0,8,0
1045587,0000011C,false,Rx,0,8,0,5,20,0,22,0,1,1
1045605,0000012C,false,Rx,0,8,0,0,1,0,0,64,0,0
1049591,000002BF,false,Rx,0,8,FF,FF,FF,0,0,0,0,0
1050138,0000047F,false,Rx,0,8,FF,FF,FF,FF,FF,FF,F3,FF
1050157,653,false,Rx,0,8,0A,19,3,1,2,2A,0,0
1051603,146,false,Rx,0,8,2F,6,41,10,4,1,0,0
1051644,147,false,Rx,0,8,0,4,7D,0,40,0,0,0
1052829,148,false,Rx,0,8,0,0,0,0,0,90,40,5
1052863,149,false,Rx,0,8,0,0,0,0,0,0,0,0
1056590,0000010B,false,Rx,0,8,47,0B,98,0,0,0,0,5
1056626,0000010C,false,Rx,0,8,FF,F9,E7,1F,46,44,46,46
1056645,0000010D,false,Rx,0,8,10,3,0,0,0,0,1,35
1056663,0000010E,false,Rx,0,8,0,0,0A,0,0,C0,AB,57
1056688,000001B1,false,Rx,0,8,2A,9B,41,0,72,0,0,0
1057616,000001B2,false,Rx,0,8,23,0,4,0F,0F,7,52,10
1057648,000001B3,false,Rx,0,8,10,2C,0,0,87,91,96,90
1057667,000001B4,false,Rx,0,8,95,91,17,0,0,40,1,0
1060438,475,false,Rx,0,8,12,0,0,0,0,0,0,0
1060474,496,false,Rx,0,8,12,0,0,0,0,0,0,0
1062958,0000036F,false,Rx,0,8,4F,61,1,0,0,0,0,0
1064341,0000037F,false,Rx,0,8,4D,0,52,24,41,2,0,0
1064376,111,false,Rx,0,8,72,E3,7C,1,0,0,0,0
1064743,112,false,Rx,0,8,0,0,0,0,0,0,0,0
1064767,000001A1,false,Rx,0,8,EB,55,45,FE,F7,7F,64,0
1065696,113,false,Rx,0,8,0,0,0,0,0,0,0,0
1065724,000001A2,false,Rx,0,8,0,0,0,0,0,8,0,0
1065743,000000C5,false,Rx,0,8,0,0,0,0,0,0,0,0
1065761,114,false,Rx,0,8,0,0,0,0,0,0,0,0
1067384,000001A3,false,Rx,0,8,FF,F3,3F,0,0,0,0,0
1067419,244,false,Rx,0,8,FF,FF,FF,FF,FF,FF,FF,FF
1067449,000001A4,false,Rx,0,8,FE,7,0,0,0,0,0,0
1067824,000003E4,false,Rx,0,8,FE,0,0,0,0,0,0,0
1067863,000004B4,false,Rx,0,8,0,0,0,0,0,0,0,0
1069106,000004B7,false,Rx,0,8,8,0,F0,7,0,0,0,0
1069174,000004CA,false,Rx,0,8,0,0,0,0,0,0,0,0
1069192,000004CC,false,Rx,0,8,8,0,0,6,0,0,3,0
1069210,000004CE,false,Rx,0,8,14,1,FF,FF,FF,FF,FF,FF
1069228,000004D7,false,Rx,0,8,23,1,0,0,0,0,0,0
1070482,000004D8,false,Rx,0,8,41,10,F0,F0,40,F2,1E,CC
1070646,000004DF,false,Rx,0,8,FF,3,0C,3F,0,0,0,0
1070666,000004E7,false,Rx,0,8,0,30,0,0,0,0,69,0
1070684,000004E8,false,Rx,0,8,FF,FF,FF,5,FF,FF,FF,0
1070702,000004E9,false,Rx,0,8,12,0,0,34,0,0,50,0
1070720,000004EA,false,Rx,0,8,67,0,0,89,0,0,0,0
1070737,000004EB,false,Rx,0,8,10,80,32,35,80,0,0,0
1071653,000004EC,false,Rx,0,8,0,0,0,0,0,0,0,0
1071710,000004ED,false,Rx,0,8,0,0,0,0,0,FF,FF,1F
1071729,000004EE,false,Rx,0,8,FF,FF,0,0,0,0,0,0
1072921,000004EF,false,Rx,0,8,60,0,60,0,29,14,0,0
1073402,0000019B,false,Rx,0,8,3A,DA,96,0,0,E4,0,0
1073532,640,false,Rx,0,8,FF,FF,FF,0,FF,FF,FF,0
1075971,0000019E,false,Rx,0,8,15,0,0,0,0,32,0,0
1077117,0000030C,false,Rx,0,8,0,0,0E,0,2C,0,A0,0F
1081164,121,false,Rx,0,8,EE,D3,99,0,0,0,0,5
1081199,122,false,Rx,0,8,FF,D9,67,1F,46,46,46,46
1081745,123,false,Rx,0,8,11,3,0,0,0,0,1,35
1081772,124,false,Rx,0,8,0,0,0A,0,0,0,20,40
1083073,405,false,Rx,0,8,BD,30,0,0,0,1,0,0
1083115,413,false,Rx,0,8,6F,30,0,0,0,0,0,0
1085814,410,false,Rx,0,8,4B,80,59,3C,16,6B,FF,FF
1087086,414,false,Rx,0,8,F0,10,0,0,28,0,0,0
1087511,411,false,Rx,0,8,A8,1,50,50,0,0,44,4
1088511,416,false,Rx,0,8,55,0,0,0,0,0,0,0
1088529,412,false,Rx,0,8,6D,60,0,0,0,0,0,0
1089633,566,false,Rx,0,8,16,2,0,0,0,0,FF,FF
1089661,36,false,Rx,0,8,9C,C1,9B,51,0,0,25,1
1089679,61,false,Rx,0,8,E1,FB,A1,0,0,0,0,0
1090101,62,false,Rx,0,8,2,2,0,2,40,FF,0,FF
1090131,63,false,Rx,0,8,0,0,5,0,0,8,FD,0
1090150,64,false,Rx,0,8,0,0,0,4,FF,FA,0,0
1091138,000000A1,false,Rx,0,8,CD,F3,A1,1A,0,0,0,0
1091171,000000A2,false,Rx,0,8,0,0,0,0,0,0,0,0
1092767,000000A3,false,Rx,0,8,0,40,1,0,0,0,0,0
1094766,0000011B,false,Rx,0,8,D3,C4,8E,5,80,8,A8,2
1094913,0000012B,false,Rx,0,8,94,3E,8E,6,0,0,8,0
1094945,0000011C,false,Rx,0,8,0,5,20,0,22,0,1,1
1094963,0000012C,false,Rx,0,8,0,0,1,0,0,64,0,0
1096480,000001F6,false,Rx,0,8,F0,6B,0F,0,0,0,0,0E
1096519,151,false,Rx,0,8,C3,48,0F,A0,C8,0,28,19
1096770,000001F7,false,Rx,0,8,0B,0,0,0,0,0,0,0
1096795,152,false,Rx,0,8,16,18,18,0,0B,0,0,0
1096813,000001F8,false,Rx,0,8,0,0,0,0,0,0,0,0
1096831,000001F9,false,Rx,0,8,0,0,A0,C8,14,0,0,0
1097574,154,false,Rx,0,8,0,0,0,0,0,0,0,0
1097603,236,false,Rx,0,8,61,96,0F,0,6E,3C,34,6C
1097621,000002FB,false,Rx,0,8,9F,61,0F,4,5F,1A,CC,CC
1097639,237,false,Rx,0,8,0,15,BA,0,0,AA,1E,0
1098590,000002FC,false,Rx,0,8,3,0,16,19,0,0,8E,BF
1098618,238,false,Rx,0,8,0,0,5F,0,0,0,0,0
1098636,000002FD,false,Rx,0,8,0,0,0,0,0,1C,0E,EA
1098654,239,false,Rx,0,8,0,0,0,0,1,0,0,0
1099952,000002FE,false,Rx,0,8,0,0,72,1,0,28,0,0
1099986,0000025B,false,Rx,0,8,7C,6E,0F,40,40,20,0,0
1100004,326,false,Rx,0,8,0A,35,0F,0,0,0,0,0
1100022,0000025C,false,Rx,0,8,0,0,0B,0,34,89,19,0
1100051,327,false,Rx,0,8,0,0,0,0,5,0,0,0
1100069,0000025D,false,Rx,0,8,0,C8,0,0,0,80,C0,70
1101344,328,false,Rx,0,8,0,0,0,0,0,0,0,0
1101379,0000025E,false,Rx,0,8,13,7,0E,2,0,0,0,0
1101397,329,false,Rx,0,8,A0,0,0,0,0,0,0,0
1101415,382,false,Rx,0,8,F1,7A,1,0,0,1,8,0
1101433,331,false,Rx,0,8,19,7A,0F,F1,C8,A0,2C,97
1101832,332,false,Rx,0,8,94,2,0,0,0,0,0,0
1101857,333,false,Rx,0,8,0,0,0,1C,0C,40,20,A0
1102827,334,false,Rx,0,8,C8,0,0,0,AC,70,1D,90
1106005,000004E8,false,Rx,0,8,FF,FF,FF,5,FF,FF,FF,0
1106040,0000010B,false,Rx,0,8,38,27,9D,0,0,0,0,5
1106058,0000010C,false,Rx,0,8,FF,F9,E7,1F,46,44,46,46
1106569,0000010D,false,Rx,0,8,10,3,0,0,0,0,1,35
1106592,0000010E,false,Rx,0,8,0,0,0A,0,0,C0,AB,57
1107677,000002AB,false,Rx,0,8,86,42,10,0C,0C,0,0,0
1107704,000002AC,false,Rx,0,8,0,FF,FF,0,0,40,0,50
1107722,000002AD,false,Rx,0,8,0,1,0,40,FF,FF,FF,0F
1107739,000002AE,false,Rx,0,8,1,0,FF,3F,1,1,0,0
1108895,000002B6,false,Rx,0,8,F4,33,10,1,0,0,0,40
1108930,251,false,Rx,0,8,64,74,0F,0,0,0,0,0
1109358,000002B7,false,Rx,0,8,8,2,F0,0,0,4,0,0
1109384,252,false,Rx,0,8,0,0,0,0,3,0,0,0
1109401,000002B8,false,Rx,0,8,AA,11,11,0,0,0,0,0
1109419,253,false,Rx,0,8,0,0,0,51,51,0,80,44
1109437,000002B9,false,Rx,0,8,0A,0,0,0,0,0,0,0
1109573,396,false,Rx,0,8,F5,15,87,0F,8,1,0,2
1110570,000002E1,false,Rx,0,8,A5,67,10,0,0,0,0,40
1110592,397,false,Rx,0,8,4,0,0,0,0,0,0,0
1110610,000002E2,false,Rx,0,8,FD,0,0,0,0,14,0,4
1110628,398,false,Rx,0,8,0,0,0,0,0,0,0,0
1112133,000002E3,false,Rx,0,8,0,0,0,0,0,0,72,1
1112167,000002E4,false,Rx,0,8,2,0,0,0,0,0,0,0
1117592,383,false,Rx,0,8,12,ED,1,0,2,0,0,0
1122587,0000019B,false,Rx,0,8,37,1C,9B,0,0,E4,0,0
1122627,0000019C,false,Rx,0,8,40,20,0,0,0,0,0B,9
1122647,0000019D,false,Rx,0,8,0,10,0,1,0,0,0,0
1123635,0000019E,false,Rx,0,8,15,0,0,0,0,32,0,0
1123666,419,false,Rx,0,8,4D,60,8E,D6,75,86,90,0
1123685,000002D6,false,Rx,0,8,3D,B4,87,0,0,0,0,0
1123702,000002EB,false,Rx,0,8,A9,FD,87,9,8,1,0,2
1124798,000002D7,false,Rx,0,8,0,0,0,0,3,0,0,0
1125180,000002EC,false,Rx,0,8,2,0,0,0,0,0,0,0
1125201,000002D8,false,Rx,0,8,0,0,0,0,0,0,38,45
1125219,000002ED,false,Rx,0,8,0,0,0,0,0,0,0,0
1125237,000002D9,false,Rx,0,8,0,0,0,0,0,0,0,0
1125255,000002EE,false,Rx,0,8,0,0,0,0,0,0,0,0
1125284,000001AB,false,Rx,0,8,C8,A7,96,50,70,38,0,0
1126467,226,false,Rx,0,8,B7,E3,EB,FF,43,E1,5,42
1126503,000001AC,false,Rx,0,8,0,28,0,0,0,0,0,0
1126536,227,false,Rx,0,8,2,70,E1,8,0,F2,17,4
1126716,000003A1,false,Rx,0,8,6D,3E,98,0,FF,FF,FF,FF
1126735,000003A2,false,Rx,0,8,0,0,0,0,0,0,0,0
1128437,356,false,Rx,0,8,70,89,88,0,0,0,0,0
1128472,357,false,Rx,0,8,0,0,0,0,0,4B,4D,48
1128490,358,false,Rx,0,8,35,41,45,4D,52,37,33,4F
1128852,359,false,Rx,0,8,51,4F,34,52,4A,35,33,0
1131418,121,false,Rx,0,8,1D,4D,9E,0,0,0,0,5
1131453,122,false,Rx,0,8,FF,D9,67,1F,46,46,46,46
1131837,123,false,Rx,0,8,11,3,0,0,0,0,1,35
1131866,124,false,Rx,0,8,0,0,0A,0,0,0,20,40
1134590,161,false,Rx,0,8,A7,E2,49,3,0,0,0,2
1134633,162,false,Rx,0,8,FF,FC,1,0,0,0,0,0
1136633,36,false,Rx,0,8,4A,9D,A0,51,0,0,25,1
1136672,37,false,Rx,0,8,0,0,0,10,0,40,0,0
1136690,38,false,Rx,0,8,4,0,0,0,90,38,96,D4
1138250,39,false,Rx,0,8,0,0,0,0,0,0,0,0
1138318,384,false,Rx,0,8,E9,DC,2,0,0,FF,0,21
1139925,000003B6,false,Rx,0,8,2F,25,86,0,0,0,0,46
1140006,000003B7,false,Rx,0,8,46,0,0,0,0,0,0,0
1140025,000003B8,false,Rx,0,8,0C,3,0,0,0,0,69,0E
1140043,61,false,Rx,0,8,12,65,A6,0,0,0,0,0
1140060,000003B9,false,Rx,0,8,0,0,0,0,0,0,0,0
1140078,62,false,Rx,0,8,2,2,0,2,40,FF,0,FF
1140109,63,false,Rx,0,8,0,0,5,0,0,8,FD,0
1141028,64,false,Rx,0,8,0,0,0,4,FF,FA,0,0
1141063,000000A1,false,Rx,0,8,C4,76,A6,1A,0,0,0,0
1141080,000000A2,false,Rx,0,8,0,0,0,0,0,0,0,0
1142371,000000A3,false,Rx,0,8,0,40,1,0,0,0,0,0
1142406,91,false,Rx,0,8,77,AA,0E,0,0,0,0,0
1142440,92,false,Rx,0,8,0,0,0,0,0,0,0,0
1142854,93,false,Rx,0,8,0,0,0,0,0,0,0,0
1142880,94,false,Rx,0,8,0,0,0,0,0,0,0,0
1142898,000000FF,false,Rx,0,8,CB,10,0,0,0,0,2,0
1142916,394,false,Rx,0,8,2A,22,1A,49,0,0,0,0
1142951,000003C3,false,Rx,0,8,45,10,31,30,36,0,0,0
1143930,000003E0,false,Rx,0,8,66,20,1,0,54,3,0,0
1145248,0000012B,false,Rx,0,8,ED,24,93,6,0,0,8,0
1145283,0000011B,false,Rx,0,8,AA,DE,93,5,80,8,A8,2
1147118,000003E5,false,Rx,0,8,37,80,1,0,0,0,0,0
1147153,000003E6,false,Rx,0,8,67,90,0,0,0,0,0,0
1147171,0000041A,false,Rx,0,8,8D,D0,12,0,0,0,0,0
1149067,432,false,Rx,0,8,3,20,2,0,0,0,0,0
1149118,435,false,Rx,0,8,26,C0,0,40,0,0,0,0
1149136,442,false,Rx,0,8,CE,20,11,81,0,0,0,0
1149154,444,false,Rx,0,8,D5,20,20,50,55,50,0,0
1149171,445,false,Rx,0,8,C6,C0,0,0,0,0,0,18
1149189,000001BB,false,Rx,0,8,8A,A3,1C,2,0,0,0,0A
1150448,464,false,Rx,0,8,D5,20,F0,FF,38,7F,5,0
1150483,000001BC,false,Rx,0,8,32,0,0,0,2,0,0,0
1150501,000001BD,false,Rx,0,8,0,0,0,0,0,0,0,0
1150519,000001E7,false,Rx,0,8,0,0,22,3,20,1,0,0
1151802,146,false,Rx,0,8,DC,98,46,10,4,1,0,0
1151837,147,false,Rx,0,8,0,4,7D,0,40,0,0,0
1153268,148,false,Rx,0,8,0,0,0,0,0,90,40,5
1153303,149,false,Rx,0,8,0,0,0,0,0,0,0,0
1153755,000003AA,false,Rx,0,8,FF,0,B0,0,54,0,0,0
1154751,495,false,Rx,0,8,49,0,0,0,0,0,0,0
1156161,487,false,Rx,0,8,0,0,0,0,0,0,0,0
1156199,642,false,Rx,0,8,FF,FF,FF,FF,FF,FF,0,0
1156217,0000010B,false,Rx,0,8,D7,0E,A2,0,0,0,0,5
1156234,0000010C,false,Rx,0,8,FF,F9,E7,1F,46,44,46,46
1156674,0000010D,false,Rx,0,8,10,3,0,0,0,0,1,35
1156700,0000010E,false,Rx,0,8,0,0,0A,0,0,C0,AB,57
1158065,000001B1,false,Rx,0,8,D9,5,46,0,72,0,0,0
1158102,000001B2,false,Rx,0,8,23,0,4,0F,0F,7,52,10
1158120,000001B3,false,Rx,0,8,10,2C,0,0,87,91,96,90
1158137,000001B4,false,Rx,0,8,95,91,17,0,0,40,1,0
1163588,0000036F,false,Rx,0,8,F6,71,1,0,0,0,0,0
1163616,419,false,Rx,0,8,4D,60,8E,D6,75,86,90,0
1163634,0000037F,false,Rx,0,8,F4,10,52,24,41,2,0,0
1163651,380,false,Rx,0,8,AD,D7,FF,0,0,0,0,1
1165566,000001A1,false,Rx,0,8,6A,21,4A,FE,F7,7F,64,0
1165588,000001A2,false,Rx,0,8,0,0,0,0,0,8,0,0
1165606,000001A3,false,Rx,0,8,FF,F3,3F,0,0,0,0,0
1165624,000001A4,false,Rx,0,8,FE,7,0,0,0,0,0,0
1166563,643,false,Rx,0,8,0,FC,FF,FF,FF,FF,3,0
1166586,000003B0,false,Rx,0,8,72,37,FF,C7,0,0,3,C0
1168565,000003B1,false,Rx,0,8,9B,3C,FF,40,0,0,20,0
1169564,448,false,Rx,0,8,0,C0,0,0,0,0,0,0
1172565,0000019B,false,Rx,0,8,E1,40,A0,0,0,E4,0,0
1172585,0000019C,false,Rx,0,8,40,20,0,0,0,0,0B,9
1172603,0000019D,false,Rx,0,8,0,10,0,1,0,0,0,0
1173570,0000019E,false,Rx,0,8,15,0,0,0,0,32,0,0
1178564,000003B2,false,Rx,0,8,36,15,FF,2,29,2F,34,0
1181565,121,false,Rx,0,8,7E,D6,A3,0,0,0,0,5
1181592,122,false,Rx,0,8,FF,D9,67,1F,46,46,46,46
1181609,123,false,Rx,0,8,11,3,0,0,0,0,1,35
1181627,124,false,Rx,0,8,0,0,0A,0,0,0,20,40
1182562,427,false,Rx,0,8,1D,86,FF,0,80,0A,0,0
1183566,516,false,Rx,0,8,61,2,0,0,0,0,FF,FF
1186563,36,false,Rx,0,8,35,B1,A5,51,0,0,25,1
1186582,37,false,Rx,0,8,0,0,0,10,0,40,0,0
1186600,38,false,Rx,0,8,4,0,0,0,90,38,96,D4
1187564,39,false,Rx,0,8,0,0,0,0,0,0,0,0
1188564,419,false,Rx,0,8,BA,70,8E,D6,71,86,90,0
1189563,61,false,Rx,0,8,1F,A3,AB,0,0,0,0,0
1189586,62,false,Rx,0,8,2,2,0,2,40,FF,0,FF
1190563,63,false,Rx,0,8,0,0,5,0,0,8,FD,0
1190587,64,false,Rx,0,8,0,0,0,4,FF,FA,0,0
1190605,000000A1,false,Rx,0,8,F2,35,AB,1A,0,0,0,0
1190622,000000A2,false,Rx,0,8,0,0,0,0,0,0,0,0
1191564,000000A3,false,Rx,0,8,0,40,1,0,0,0,0,0
1192564,0000042A,false,Rx,0,8,F4,DE,FF,1,0,10,0,0
1194575,000001F1,false,Rx,0,8,5E,67,EF,1,0,0,28,0
1194596,0000011B,false,Rx,0,8,62,27,98,5,80,8,A8,2
1194613,0000012B,false,Rx,0,8,25,DD,98,6,0,0,8,0
1195571,0000011C,false,Rx,0,8,0,5,20,0,22,0,1,1
1195597,0000012C,false,Rx,0,8,0,0,1,0,0,64,0,0
1195615,000001F2,false,Rx,0,8,0,0,0,0,0,0,0,0
1195633,000001FB,false,Rx,0,8,69,57,0F,0,0,0,0,0
1196564,000001FC,false,Rx,0,8,0,0,0,0,0,0,0,0
1196589,000001FD,false,Rx,0,8,0,1A,3,0,0,0,0,0
1196607,000001FE,false,Rx,0,8,0,0,0,0,0,0,0,0
1197564,000004A3,false,Rx,0,8,80,0,48,0B,3E,0,0,0
1197590,000004A4,false,Rx,0,8,FF,FF,FF,0,0,0,0,0
1206591,0000010B,false,Rx,0,8,A8,22,A7,0,0,0,0,5
1206631,0000010C,false,Rx,0,8,FF,F9,E7,1F,46,44,46,46
1206649,0000010D,false,Rx,0,8,10,3,0,0,0,0,1,35
1206667,0000010E,false,Rx,0,8,0,0,0A,0,0,C0,AB,57
1207671,000002C1,false,Rx,0,8,F4,60,89,21,0,41,0,AA
1207726,000002C2,false,Rx,0,8,18,0,0,0,0,0,0,0
1207744,000002C3,false,Rx,0,8,0,0,0,0,0,0,0,0
1208569,000002C4,false,Rx,0,8,0,0,0,0,0,0,0,0
1222591,0000019B,false,Rx,0,8,9E,6C,A5,0,0,E4,0,0
1222630,0000019C,false,Rx,0,8,40,20,0,0,0,0,0B,9
1222648,0000019D,false,Rx,0,8,0,10,0,1,0,0,0,0
1223599,0000019E,false,Rx,0,8,15,0,0,0,0,32,0,0
1225641,000001E1,false,Rx,0,8,47,13,1F,2,0,0,0,0
1225680,000001AB,false,Rx,0,8,BB,9E,9B,50,70,38,0,0
1225699,000001AC,false,Rx,0,8,0,28,0,0,0,0,0,0
1225716,000002FF,false,Rx,0,8,E2,1,0,F1,3F,0,0,0
1225734,000001E2,false,Rx,0,8,0,0,0,0,0,0,0,0
1226733,316,false,Rx,0,8,57,72,76,34,14,80,0A,0
1226770,401,false,Rx,0,8,A9,30,10,0,0,4,0,0
1226788,317,false,Rx,0,8,0,0,5,0,0,0,0,0
1226806,472,false,Rx,0,8,5C,EC,0,40,8,41,0,45
1226832,0000033B,false,Rx,0,8,C1,60,11,0,0,0,0,0
1228262,473,false,Rx,0,8,5F,24,0,25,0,0,0,78
1228316,0000033C,false,Rx,0,8,0,0,0,0,F0,0,0,0
1228334,474,false,Rx,0,8,93,44,0,0,0,0,0,14
1228351,0000033D,false,Rx,0,8,0,0,0,0,0,0,0,0
1229326,0000033E,false,Rx,0,8,0,0,0,0,0,0,0,0
1229408,419,false,Rx,0,8,BA,70,8E,D6,71,86,90,0
1231799,121,false,Rx,0,8,C6,D7,A8,0,0,0,0,5
1233316,122,false,Rx,0,8,FF,D9,67,1F,46,46,46,46
1233388,123,false,Rx,0,8,11,3,0,0,0,0,1,35
1233407,124,false,Rx,0,8,0,0,0A,0,0,0,20,40
1234306,161,false,Rx,0,8,38,8A,4E,3,0,0,0,2
1234353,162,false,Rx,0,8,FF,FC,1,0,0,0,0,0
1236875,36,false,Rx,0,8,B4,C5,AA,51,0,0,25,1
1236910,37,false,Rx,0,8,0,0,0,10,0,40,0,0
1238369,38,false,Rx,0,8,4,0,0,0,90,38,96,D4
1238438,39,false,Rx,0,8,0,0,0,0,0,0,0,0
1238457,000002E6,false,Rx,0,8,41,8E,0E,1,0,0,0,15
1238484,256,false,Rx,0,8,8E,C8,0E,15,40,0,E0,0
1238502,000002E7,false,Rx,0,8,0A,0,0,0,0,0,0,0
1239968,257,false,Rx,0,8,0,93,41,17,86,7,0,93
1242468,000002E8,false,Rx,0,8,0,0,0,0,0,0,0,0
1242510,258,false,Rx,0,8,0B,70,1E,0,10,15,0,28
1242528,61,false,Rx,0,8,62,66,B0,0,0,0,0,0
1242638,259,false,Rx,0,8,4D,5,8A,3C,4C,2,0,0
1242656,000002E9,false,Rx,0,8,0,0,0,0,0,0,0,0
1242688,94,false,Rx,0,8,0,0,0,0,0,0,0,0
1242705,000000A2,false,Rx,0,8,0,0,0,0,0,0,0,0
1243571,000000A3,false,Rx,0,8,0,40,1,0,0,0,0,0
1244608,0000011B,false,Rx,0,8,94,0F,9D,5,80,8,A8,2
1244780,0000012B,false,Rx,0,8,D3,F5,9D,6,0,0,8,0
1244798,0000011C,false,Rx,0,8,0,5,20,0,22,0,1,1
1246232,0000012C,false,Rx,0,8,0,0,1,0,0,64,0,0
1249589,000002BF,false,Rx,0,8,FF,FF,FF,0,0,0,0,0
1249626,0000047F,false,Rx,0,8,FF,FF,FF,FF,FF,FF,F3,FF
1249644,653,false,Rx,0,8,0A,19,3,1,2,2A,0,0
1251778,146,false,Rx,0,8,D1,5E,4B,10,4,1,0,0
1251819,147,false,Rx,0,8,0,4,7D,0,40,0,0,0
1252568,148,false,Rx,0,8,0,0,0,0,0,90,40,5
1252591,149,false,Rx,0,8,0,0,0,0,0,0,0,0
1256609,0000010B,false,Rx,0,8,10,23,AC,0,0,0,0,5
1256646,0000010C,false,Rx,0,8,FF,F9,E7,1F,46,44,46,46
1256665,0000010D,false,Rx,0,8,10,3,0,0,0,0,1,35
1256682,0000010E,false,Rx,0,8,0,0,0A,0,0,C0,AB,57
1257647,000001B1,false,Rx,0,8,D4,C3,4B,0,72,0,0,0
1257682,000001B2,false,Rx,0,8,23,0,4,0F,0F,7,52,10
1258890,000001B3,false,Rx,0,8,10,2C,0,0,87,91,96,90
1258922,000001B4,false,Rx,0,8,95,91,17,0,0,40,1,0
1260420,475,false,Rx,0,8,12,0,0,0,0,0,0,0
1260456,496,false,Rx,0,8,12,0,0,0,0,0,0,0
1263068,0000036F,false,Rx,0,8,5F,81,1,0,0,0,0,0
1263114,0000037F,false,Rx,0,8,22,20,52,24,41,2,0,0
1265008,111,false,Rx,0,8,34,BA,7D,1,0,0,0,0
1265417,112,false,Rx,0,8,0,0,0,0,0,0,0,0
1265442,000001A1,false,Rx,0,8,15,0D,4F,FE,F7,7F,64,0
1265459,113,false,Rx,0,8,0,0,0,0,0,0,0,0
1265477,000001A2,false,Rx,0,8,0,0,0,0,0,8,0,0
1265495,114,false,Rx,0,8,0,0,0,0,0,0,0,0
1266507,000001A3,false,Rx,0,8,FF,F3,3F,0,0,0,0,0
1266907,000001A4,false,Rx,0,8,FE,7,0,0,0,0,0,0
1266940,000000C5,false,Rx,0,8,0,0,0,0,0,0,0,0
1266962,244,false,Rx,0,8,FF,FF,FF,FF,FF,FF,FF,FF
1266980,000004B4,false,Rx,0,8,0,0,0,0,0,0,0,0
1268390,000004B5,false,Rx,0,8,8,0,F0,7,0,0,0,0
1268436,000004B7,false,Rx,0,8,8,0,F0,7,0,0,0,0
1268454,000004CA,false,Rx,0,8,0,0,0,0,0,0,0,0
1268472,000004CC,false,Rx,0,8,8,0,0,6,0,0,3,0
1268489,000004CE,false,Rx,0,8,14,1,FF,FF,FF,FF,FF,FF
1268507,419,false,Rx,0,8,BA,70,8E,D6,71,86,90,0
1269780,000004D7,false,Rx,0,8,23,1,0,0,0,0,0,0
1269815,000004D8,false,Rx,0,8,41,10,F0,F0,40,F2,1E,CC
1269833,000004DD,false,Rx,0,8,0,0,FE,0,4,0,0,0
1269851,000004DF,false,Rx,0,8,FF,3,0C,3F,0,0,0,0
1269869,000004E7,false,Rx,0,8,0,30,0,0,0,0,69,0
1271317,000004E8,false,Rx,0,8,FF,FF,FF,5,FF,FF,FF,0
1271352,000004E9,false,Rx,0,8,12,0,0,34,0,0,50,0
1271370,000004EA,false,Rx,0,8,67,0,0,89,0,0,0,0
1271388,000004EB,false,Rx,0,8,10,80,32,35,80,0,0,0
1271406,000004EC,false,Rx,0,8,0,0,0,0,0,0,0,0
1271775,000004EE,false,Rx,0,8,FF,FF,0,0,0,0,0,0
1271798,000004EF,false,Rx,0,8,60,0,60,0,29,14,0,0
1272735,0000063D,false,Rx,0,8,0,80,0,0,0,0,0,0
1273586,0000063F,false,Rx,0,8,0,10,0,C4,FF,0,0,0
1273613,0000019D,false,Rx,0,8,0,10,0,1,0,0,0,0
1274716,640,false,Rx,0,8,FF,FF,FF,0,FF,FF,FF,0
1274743,0000019E,false,Rx,0,8,15,0,0,0,0,32,0,0
1274760,641,false,Rx,0,8,FF,FF,FF,FF,0F,FF,FF,FF
1274778,646,false,Rx,0,8,0,0,0,80,1,0,0,0
1276340,0000030B,false,Rx,0,8,C2,73,11,0,4,0,0,0
1276375,0000030C,false,Rx,0,8,0,0,0E,0,2C,0,A0,0F
1276816,0000030D,false,Rx,0,8,0,0,0,0,FF,0,0,0
1276842,0000030E,false,Rx,0,8,0,0,38,5,21,0,0,FE
1281610,121,false,Rx,0,8,B9,FB,AD,0,0,0,0,5
1281647,122,false,Rx,0,8,FF,D9,67,1F,46,46,46,46
1281665,123,false,Rx,0,8,11,3,0,0,0,0,1,35
1282606,124,false,Rx,0,8,0,0,0A,0,0,0,20,40
1282640,561,false,Rx,0,8,63,2,0,0,0,0,FF,FF
1283629,405,false,Rx,0,8,BD,30,0,0,0,1,0,0
1284026,413,false,Rx,0,8,6F,30,0,0,0,0,0,0
1284045,410,false,Rx,0,8,4B,80,59,3C,16,6B,FF,FF
1285160,414,false,Rx,0,8,F0,10,0,0,28,0,0,0
1285179,411,false,Rx,0,8,A8,1,50,50,0,0,44,4
1285196,416,false,Rx,0,8,55,0,0,0,0,0,0,0
1285214,412,false,Rx,0,8,6D,60,0,0,0,0,0,0
1285232,417,false,Rx,0,8,5F,20,0,0,0,0,0,0
1286301,36,false,Rx,0,8,CB,E9,AF,51,0,0,25,1
1287536,37,false,Rx,0,8,0,0,0,10,0,40,0,0
1287803,38,false,Rx,0,8,4,0,0,0,90,38,96,D4
1287821,39,false,Rx,0,8,0,0,0,0,0,0,0,0
1289680,61,false,Rx,0,8,1D,4A,B5,0,0,0,0,0
1289733,62,false,Rx,0,8,2,2,0,2,40,FF,0,FF
1291160,63,false,Rx,0,8,0,0,5,0,0,8,FD,0
1291195,64,false,Rx,0,8,0,0,0,4,FF,FA,0,0
1292427,000000A1,false,Rx,0,8,92,6F,B5,1A,0,0,0,0
1292469,000000A2,false,Rx,0,8,0,0,0,0,0,0,0,0
1292487,000000A3,false,Rx,0,8,0,40,1,0,0,0,0,0
1293930,419,false,Rx,0,8,BA,70,8E,D6,71,86,90,0
1295381,0000011B,false,Rx,0,8,90,13,A2,5,80,8,A8,2
1295416,0000012B,false,Rx,0,8,D7,E9,A2,6,0,0,8,0
1295435,0000011C,false,Rx,0,8,0,5,20,0,22,0,1,1
1295467,0000012C,false,Rx,0,8,0,0,1,0,0,64,0,0
1295842,000001F6,false,Rx,0,8,F2,82,11,0,0,0,0,0E
1295875,151,false,Rx,0,8,C1,A1,11,A0,C8,0,28,19
1295896,000001F7,false,Rx,0,8,0B,0,0,0,0,0,0,0
1297428,152,false,Rx,0,8,16,18,18,0,0B,0,0,0
1297463,000001F8,false,Rx,0,8,0,0,0,0,0,0,0,0
1297481,153,false,Rx,0,8,0,0,0,0,0,0,0,0
1297498,000001F9,false,Rx,0,8,0,0,A0,C8,14,0,0,0
1297516,154,false,Rx,0,8,0,0,0,0,0,0,0,0
1297534,000002FB,false,Rx,0,8,9D,88,11,4,5F,1A,CC,CC
1297687,237,false,Rx,0,8,0,15,BA,0,0,AA,1E,0
1299030,000002FC,false,Rx,0,8,3,0,16,19,0,0,8E,BF
1299081,238,false,Rx,0,8,0,0,5F,0,0,0,0,0
1299120,000002FD,false,Rx,0,8,0,0,0,0,0,1C,0E,EA
1299138,239,false,Rx,0,8,0,0,0,0,1,0,0,0
1300384,000001E6,false,Rx,0,8,A7,5F,1F,2,0,0,0,0
1300450,0000025B,false,Rx,0,8,6A,72,11,40,40,20,0,0
1300469,000001BB,false,Rx,0,8,8F,FA,1F,2,0,0,0,0A
1300487,0000025C,false,Rx,0,8,0,0,0B,0,34,89,19,0
1300505,000001BC,false,Rx,0,8,32,0,0,0,2,0,0,0
1300522,0000025D,false,Rx,0,8,0,C8,0,0,0,80,C0,70
1301838,0000025E,false,Rx,0,8,AC,7,0E,0F,0,0,0,0
1301873,000001E7,false,Rx,0,8,0,0,22,3,20,1,0,0
1301892,000002FE,false,Rx,0,8,0,0,72,1,0,28,0,0
1301910,382,false,Rx,0,8,F1,7A,1,0,0,1,8,0
1304365,334,false,Rx,0,8,C8,0,0,0,AC,70,1D,90
1306095,0000010B,false,Rx,0,8,D8,21,B1,0,0,0,0,5
1306153,0000010C,false,Rx,0,8,FF,F9,E7,1F,46,44,46,46
1306171,0000010D,false,Rx,0,8,10,3,0,0,0,0,1,35
1307265,0000010E,false,Rx,0,8,0,0,0A,0,0,C0,AB,57
1307302,000002AB,false,Rx,0,8,0A,F0,12,0C,0C,0,0,0
1307722,000002AC,false,Rx,0,8,0,FF,FF,0,0,40,0,50
1307761,000002AD,false,Rx,0,8,0,1,0,40,FF,FF,FF,0F
1309044,000002AE,false,Rx,0,8,1,0,FF,3F,1,1,0,0
1310149,000002B6,false,Rx,0,8,78,81,12,1,0,0,0,40
1310177,485,false,Rx,0,8,0,40,11,2,0,0,0,0
1310195,251,false,Rx,0,8,4,2E,11,0,0,0,0,0
1311533,398,false,Rx,0,8,0,0,0,0,0,0,0,0
1317592,383,false,Rx,0,8,12,ED,1,0,2,0,0,0
1322587,0000019B,false,Rx,0,8,60,34,AF,0,0,E4,0,0
1322624,0000019C,false,Rx,0,8,40,20,0,0,0,0,0B,9
1322643,0000019D,false,Rx,0,8,0,10,0,1,0,0,0,0
1323609,0000019E,false,Rx,0,8,15,0,0,0,0,32,0,0
1323640,000002D6,false,Rx,0,8,BC,C0,88,0,0,0,0,0
1323659,000002EB,false,Rx,0,8,72,EE,88,9,8,1,0,2
1324850,000002D7,false,Rx,0,8,0,0,0,0,3,0,0,0
1325036,000002EC,false,Rx,0,8,12,0,0,0,0,0,0,0
1325054,000002D8,false,Rx,0,8,0,0,0,0,0,0,38,45
1325072,000002ED,false,Rx,0,8,0,0,0,0,0,0,0,0
1325090,000002D9,false,Rx,0,8,0,0,0,0,0,0,0,0
1325108,000001AB,false,Rx,0,8,6D,2,A0,50,70,38,0,0
1327384,000002EE,false,Rx,0,8,0,0,0,0,0,0,0,0
1327473,000001AC,false,Rx,0,8,0,28,0,0,0,0,0,0
1327492,226,false,Rx,0,8,0C,23,ED,FF,43,E1,5,42
1327510,000003A1,false,Rx,0,8,49,96,99,0,FF,FF,FF,FF
1327527,227,false,Rx,0,8,2,70,E1,8,0,F2,17,4
1327808,000003A2,false,Rx,0,8,0,0,0,0,0,0,0,0
1327834,357,false,Rx,0,8,0,0,0,0,0,4B,4D,48
1327852,358,false,Rx,0,8,35,41,45,4D,52,37,33,4F
1329419,359,false,Rx,0,8,51,4F,34,52,4A,35,33,0
1330986,121,false,Rx,0,8,FD,4B,B2,0,0,0,0,5
1332408,122,false,Rx,0,8,FF,D9,67,1F,46,46,46,46
1332794,123,false,Rx,0,8,11,3,0,0,0,0,1,35
1332820,124,false,Rx,0,8,0,0,0A,0,0,0,20,40
1335163,161,false,Rx,0,8,41,90,53,3,0,0,0,2
1335198,162,false,Rx,0,8,FF,FC,1,0,0,0,0,0
1336660,36,false,Rx,0,8,B6,2C,B4,51,0,0,25,1
1336697,37,false,Rx,0,8,0,0,0,10,0,40,0,0
1336716,38,false,Rx,0,8,4,0,0,0,90,38,96,D4
1337993,39,false,Rx,0,8,0,0,0,0,0,0,0,0
1339354,000003B6,false,Rx,0,8,69,7C,87,0,0,0,0,46
1339389,384,false,Rx,0,8,E9,DC,2,0,0,FF,0,21
1339422,000003B7,false,Rx,0,8,46,0,0,0,0,0,0,0
1339440,000003B8,false,Rx,0,8,0C,3,0,0,0,0,69,0E
1339458,61,false,Rx,0,8,9C,3E,BA,0,0,0,0,0
1340929,000003B9,false,Rx,0,8,0,0,0,0,0,0,0,0
1340979,62,false,Rx,0,8,2,2,0,2,40,FF,0,FF
1340997,63,false,Rx,0,8,0,0,5,0,0,8,FD,0
1341365,64,false,Rx,0,8,0,0,0,4,FF,FA,0,0
1341390,000000A1,false,Rx,0,8,A2,42,BA,1A,0,0,0,0
1341408,000000A2,false,Rx,0,8,0,0,0,0,0,0,0,0
1341426,000000A3,false,Rx,0,8,0,40,1,0,0,0,0,0
1342808,91,false,Rx,0,8,75,43,10,0,0,0,0,0
1342844,92,false,Rx,0,8,0,0,0,0,0,0,0,0
1342862,93,false,Rx,0,8,0,0,0,0,0,0,0,0
1342880,394,false,Rx,0,8,2A,22,1A,49,0,0,0,0
1342897,94,false,Rx,0,8,0,0,0,0,0,0,0,0
1342915,000003C3,false,Rx,0,8,45,10,31,30,36,0,0,0
1344000,000000FF,false,Rx,0,8,CB,10,0,0,0,0,2,0
1344034,000003E0,false,Rx,0,8,66,20,1,0,54,3,0,0
1346630,000001F1,false,Rx,0,8,27,7D,F2,1,0,0,28,0
1346713,0000011B,false,Rx,0,8,66,3B,A7,5,80,8,A8,2
1347945,0000012B,false,Rx,0,8,21,C1,A7,6,0,0,8,0
1348005,0000011C,false,Rx,0,8,0,5,20,0,22,0,1,1
1348023,0000012C,false,Rx,0,8,0,0,1,0,0,64,0,0
1348442,000003E5,false,Rx,0,8,37,80,1,0,0,0,0,0
1348480,0000041A,false,Rx,0,8,8D,D0,12,0,0,0,0,0
1348498,0000041B,false,Rx,0,8,70,D0,0,0,0,0,0,0
1348516,432,false,Rx,0,8,3,20,2,0,0,0,0,0
1348534,435,false,Rx,0,8,26,C0,0,40,0,0,0,0
1352573,442,false,Rx,0,8,CE,20,11,81,0,0,0,0
1352634,444,false,Rx,0,8,D5,20,20,50,55,50,0,0
1352652,445,false,Rx,0,8,C6,C0,0,0,0,0,0,18
1352670,464,false,Rx,0,8,D5,20,F0,FF,38,7F,5,0
1352688,146,false,Rx,0,8,AC,9B,50,10,4,1,0,0
1353791,147,false,Rx,0,8,0,4,7D,0,40,0,0,0
1354197,000003AA,false,Rx,0,8,FF,0,B0,0,54,0,0,0
1355523,495,false,Rx,0,8,49,0,0,0,0,0,0,0
1355789,0000010B,false,Rx,0,8,2B,BF,B6,0,0,0,0,5
1357121,0000010C,false,Rx,0,8,FF,F9,E7,1F,46,44,46,46
1360105,487,false,Rx,0,8,0,0,0,0,0,0,0,0
1360141,642,false,Rx,0,8,FF,FF,FF,FF,FF,FF,0,0
1363149,0000036F,false,Rx,0,8,E6,91,1,0,0,0,0,0
1363184,0000037F,false,Rx,0,8,9B,30,52,24,41,2,0,0
1364660,380,false,Rx,0,8,AD,D7,FF,0,0,0,0,1
1364714,000001A1,false,Rx,0,8,68,C8,54,FE,F7,7F,64,0
1366051,000001A2,false,Rx,0,8,0,0,0,0,0,8,0,0
1366100,000001A3,false,Rx,0,8,FF,F3,3F,0,0,0,0,0
1366119,000001A4,false,Rx,0,8,FE,7,0,0,0,0,0,0
1367089,000003B0,false,Rx,0,8,72,37,FF,C7,0,0,3,C0
1368704,000003B1,false,Rx,0,8,9B,3C,FF,40,0,0,20,0
1370128,448,false,Rx,0,8,0,C0,0,0,0,0,0,0
1372619,0000019B,false,Rx,0,8,1D,F1,B4,0,0,E4,0,0
1372656,0000019C,false,Rx,0,8,40,20,0,0,0,0,0B,9
1372674,0000019D,false,Rx,0,8,0,10,0,1,0,0,0,0
1373589,0000019E,false,Rx,0,8,15,0,0,0,0,32,0,0
1374616,563,false,Rx,0,8,65,2,0,0,0,0,FF,FF
1376018,000001E1,false,Rx,0,8,2A,4F,22,2,0,0,0,0
1376053,000001E2,false,Rx,0,8,0,0,0,0,0,0,0,0
1378643,000003B2,false,Rx,0,8,36,15,FF,2,29,2F,34,0
1381585,121,false,Rx,0,8,82,67,B7,0,0,0,0,5
1381630,122,false,Rx,0,8,FF,D9,67,1F,46,46,46,46
1381649,123,false,Rx,0,8,11,3,0,0,0,0,1,35
1381666,124,false,Rx,0,8,0,0,0A,0,0,0,20,40
1382612,427,false,Rx,0,8,1D,86,FF,0,80,0A,0,0
1383612,419,false,Rx,0,8,E4,80,8E,D6,6D,86,90,0
1386608,36,false,Rx,0,8,BB,EA,B9,51,0,0,25,1
1386648,37,false,Rx,0,8,0,0,0,10,0,40,0,0
1386667,38,false,Rx,0,8,4,0,0,0,90,38,96,D4
1387598,39,false,Rx,0,8,0,0,0,0,0,0,0,0
1389591,61,false,Rx,0,8,E3,12,BF,0,0,0,0,0
1389627,62,false,Rx,0,8,2,2,0,2,40,FF,0,FF
1390738,63,false,Rx,0,8,0,0,5,0,0,8,FD,0
1391133,64,false,Rx,0,8,0,0,0,4,FF,FA,0,0
1391170,000000A1,false,Rx,0,8,AD,A9,BF,1A,0,0,0,0
1391190,000000A2,false,Rx,0,8,0,0,0,0,0,0,0,0
1391208,000000A3,false,Rx,0,8,0,40,1,0,0,0,0,0
1392591,0000042A,false,Rx,0,8,F4,DE,FF,1,0,10,0,0
1394835,0000011B,false,Rx,0,8,AE,C2,AC,5,80,8,A8,2
1394876,0000012B,false,Rx,0,8,E9,38,AC,6,0,0,8,0
1394894,0000011C,false,Rx,0,8,0,5,20,0,22,0,1,1
1395631,0000012C,false,Rx,0,8,0,0,1,0,0,64,0,0
1395663,000001FB,false,Rx,0,8,6B,BE,11,0,0,0,0,0
1395681,000001FC,false,Rx,0,8,0,0,0,0,0,0,0,0
1396574,000001FD,false,Rx,0,8,0,1A,3,0,0,0,0,0
1396597,000001FE,false,Rx,0,8,0,0,0,0,0,0,0,0
1399604,000004A3,false,Rx,0,8,80,0,48,0B,3E,0,0,0
1400591,000004A4,false,Rx,0,8,FF,FF,FF,0,0,0,0,0
1406635,0000010B,false,Rx,0,8,26,79,BB,0,0,0,0,5
1406672,0000010C,false,Rx,0,8,FF,F9,E7,1F,46,44,46,46
1408288,0000010D,false,Rx,0,8,10,3,0,0,0,0,1,35
1408315,0000010E,false,Rx,0,8,0,0,0A,0,0,C0,AB,57
1408333,000002C1,false,Rx,0,8,3E,8B,8A,21,0,41,0,AA
1408351,000002C2,false,Rx,0,8,18,0,0,0,0,0,0,0
1408368,000002C3,false,Rx,0,8,0,0,0,0,0,0,0,0
1422589,0000019B,false,Rx,0,8,10,37,B9,0,0,E4,0,0
1422627,0000019C,false,Rx,0,8,40,20,0,0,0,0,0B,9
1422646,0000019D,false,Rx,0,8,0,10,0,1,0,0,0,0
1423567,0000019E,false,Rx,0,8,15,0,0,0,0,32,0,0
1423588,419,false,Rx,0,8,E4,80,8E,D6,6D,86,90,0
1425564,000001AB,false,Rx,0,8,9B,2A,A5,50,70,38,0,0
1425594,000001AC,false,Rx,0,8,0,28,0,0,0,0,0,0
1425612,000002FF,false,Rx,0,8,E2,1,0,F1,3F,0,0,0
1425630,316,false,Rx,0,8,73,DA,77,34,14,80,0A,0
1426975,472,false,Rx,0,8,5C,EC,0,40,8,41,0,45
1427216,317,false,Rx,0,8,0,0,5,0,0,0,0,0
1428573,401,false,Rx,0,8,A9,30,10,0,0,4,0,0
1428612,473,false,Rx,0,8,5F,24,0,25,0,0,0,78
1428631,0000033B,false,Rx,0,8,4D,D2,13,0,0,0,0,0
1428648,474,false,Rx,0,8,93,44,0,0,0,0,0,14
1428666,0000033C,false,Rx,0,8,0,0,0,0,F0,0,0,0
1428683,0000033D,false,Rx,0,8,0,0,0,0,0,0,0,0
1431645,121,false,Rx,0,8,3A,66,BC,0,0,0,0,5
1431730,122,false,Rx,0,8,FF,D9,67,1F,46,46,46,46
1431748,123,false,Rx,0,8,11,3,0,0,0,0,1,35
1432684,124,false,Rx,0,8,0,0,0A,0,0,0,20,40
1434650,161,false,Rx,0,8,89,69,58,3,0,0,0,2
1434675,162,false,Rx,0,8,FF,FC,1,0,0,0,0,0
1436566,36,false,Rx,0,8,48,74,BE,51,0,0,25,1
1436588,37,false,Rx,0,8,0,0,0,10,0,40,0,0
1436605,38,false,Rx,0,8,4,0,0,0,90,38,96,D4
1437569,39,false,Rx,0,8,0,0,0,0,0,0,0,0
1438562,000002E6,false,Rx,0,8,43,67,10,1,0,0,0,15
1438584,256,false,Rx,0,8,14,83,10,15,40,0,C0,0
1438601,000002E7,false,Rx,0,8,0A,0,0,0,0,0,0,0
1439568,257,false,Rx,0,8,0,93,41,14,86,7,0,93
1439588,000002E8,false,Rx,0,8,0,0,0,0,0,0,0,0
1439606,258,false,Rx,0,8,0B,70,1E,0,10,15,0,28
1439624,61,false,Rx,0,8,42,6D,C4,0,0,0,0,0
1440567,259,false,Rx,0,8,3D,5,8A,3C,4C,2,0,0
1440588,62,false,Rx,0,8,2,2,0,2,40,FF,0,FF
1440606,000002E9,false,Rx,0,8,0,0,0,0,0,0,0,0
1440624,63,false,Rx,0,8,0,0,5,0,0,8,FD,0
1441569,64,false,Rx,0,8,0,0,0,4,FF,FA,0,0
1441588,000000A1,false,Rx,0,8,9,89,C4,1A,0,0,0,0
1441606,000000A2,false,Rx,0,8,0,0,0,0,0,0,0,0
1441624,91,false,Rx,0,8,33,1A,11,0,0,0,0,0
1442567,92,false,Rx,0,8,0,0,0,0,0,0,0,0
1442589,93,false,Rx,0,8,0,0,0,0,0,0,0,0
1442607,94,false,Rx,0,8,0,0,0,0,0,0,0,0
1442624,000000A3,false,Rx,0,8,0,40,1,0,0,0,0,0
1444566,0000011B,false,Rx,0,8,D7,D8,B1,5,80,8,A8,2
1444595,0000012B,false,Rx,0,8,90,22,B1,6,0,0,8,0
1445569,0000011C,false,Rx,0,8,0,5,20,0,22,0,1,1
1445588,0000012C,false,Rx,0,8,0,0,1,0,0,64,0,0
1449571,000002BF,false,Rx,0,8,FF,FF,FF,0,0,0,0,0
1449599,000001E6,false,Rx,0,8,CA,3,22,2,0,0,0,0
1449617,0000047F,false,Rx,0,8,FF,FF,FF,FF,FF,FF,F3,FF
1449635,000001BB,false,Rx,0,8,4C,79,22,2,0,0,0,0A
1449652,653,false,Rx,0,8,0A,19,3,1,2,2A,0,0
1450569,000001BC,false,Rx,0,8,32,0,0,0,2,0,0,0
1450590,000001BD,false,Rx,0,8,0,0,0,0,0,0,0,0
1450607,000001E7,false,Rx,0,8,0,0,22,3,20,1,0,0
1451567,146,false,Rx,0,8,D3,B7,55,10,4,1,0,0
1453459,147,false,Rx,0,8,0,4,7D,0,40,0,0,0
1453494,148,false,Rx,0,8,0,0,0,0,0,90,40,5
1453512,149,false,Rx,0,8,0,0,0,0,0,0,0,0
1456587,0000010B,false,Rx,0,8,87,6,C0,0,0,0,0,5
1459047,0000010C,false,Rx,0,8,FF,F9,E7,1F,46,44,46,46
1459595,0000010D,false,Rx,0,8,10,3,0,0,0,0,1,35
1459638,0000010E,false,Rx,0,8,0,0,0A,0,0,C0,AB,57
1459656,000001B1,false,Rx,0,8,D6,2A,55,0,72,0,0,0
1459674,000001B2,false,Rx,0,8,23,0,4,0F,0F,7,52,10
1460598,475,false,Rx,0,8,12,0,0,0,0,0,0,0
1460626,496,false,Rx,0,8,12,0,0,0,0,0,0,0
1463990,0000036F,false,Rx,0,8,30,A1,1,0,0,0,0,0
1464174,419,false,Rx,0,8,E4,80,8E,D6,6D,86,90,0
1464192,0000037F,false,Rx,0,8,93,40,52,24,41,2,0,0
1464210,111,false,Rx,0,8,FE,51,7E,1,0,0,0,0
1464586,112,false,Rx,0,8,0,0,0,0,0,0,0,0
1465564,000001A1,false,Rx,0,8,65,0E,59,FE,F7,7F,64,0
1465585,113,false,Rx,0,8,0,0,0,0,0,0,0,0
1465603,000001A2,false,Rx,0,8,0,0,0,0,0,8,0,0
1465628,114,false,Rx,0,8,0,0,0,0,0,0,0,0
1465646,000001A3,false,Rx,0,8,FF,F3,3F,0,0,0,0,0
1466719,000001A4,false,Rx,0,8,FE,7,0,0,0,0,0,0
1468679,565,false,Rx,0,8,66,2,0,0,0,0,FF,FF
1470080,000000C5,false,Rx,0,8,0,0,0,0,0,0,0,0
1470115,244,false,Rx,0,8,FF,FF,FF,FF,FF,FF,FF,FF
1470133,0000041F,false,Rx,0,8,0,0C,0,0,0,0,0,0
1470502,000004B4,false,Rx,0,8,0,0,0,0,0,0,0,0
1470535,000004B5,false,Rx,0,8,8,0,F0,7,0,0,0,0
1470683,000004B7,false,Rx,0,8,8,0,F0,7,0,0,0,0
1471571,000004CA,false,Rx,0,8,0,0,0,0,0,0,0,0
1471592,000004CC,false,Rx,0,8,8,0,0,6,0,0,3,0
1471610,000004CE,false,Rx,0,8,14,1,FF,FF,FF,FF,FF,FF
1471634,000004D7,false,Rx,0,8,23,1,0,0,0,0,0,0
1472969,000004D8,false,Rx,0,8,41,10,F0,F0,40,F2,1E,CC
1473016,0000019B,false,Rx,0,8,E3,A9,BE,0,0,E4,0,0
1473034,000004DD,false,Rx,0,8,0,0,FE,0,4,0,0,0
1473051,0000019C,false,Rx,0,8,40,20,0,0,0,0,0B,9
1473069,000004DF,false,Rx,0,8,FF,3,0C,3F,0,0,0,0
1473584,0000019D,false,Rx,0,8,0,10,0,1,0,0,0,0
1473610,000004E7,false,Rx,0,8,0,30,0,0,0,0,69,0
1473628,0000019E,false,Rx,0,8,15,0,0,0,0,32,0,0
1475705,000004E8,false,Rx,0,8,FF,FF,FF,5,FF,FF,FF,0
1475740,000004E9,false,Rx,0,8,12,0,0,34,0,0,50,0
1475759,000004EA,false,Rx,0,8,67,0,0,89,0,0,0,0
1475776,000004EB,false,Rx,0,8,10,80,32,35,80,0,0,0
1475794,000004EC,false,Rx,0,8,0,0,0,0,0,0,0,0
1475811,000004EF,false,Rx,0,8,60,0,60,0,29,14,0,0
1476592,0000030B,false,Rx,0,8,4E,C1,13,0,4,0,0,0
1476621,0000063D,false,Rx,0,8,0,80,0,0,0,0,0,0
1476639,0000030C,false,Rx,0,8,0,0,0E,0,2C,0,A0,0F
1477596,0000063E,false,Rx,0,8,FF,FF,FF,FF,FF,FF,FF,FF
1477624,0000030D,false,Rx,0,8,0,0,0,0,FF,0,0,0
1477642,0000063F,false,Rx,0,8,0,10,0,C4,FF,0,0,0
1477668,0000030E,false,Rx,0,8,0,0,38,5,21,0,0,FE
1477686,640,false,Rx,0,8,FF,FF,FF,0,FF,FF,FF,0
1478615,641,false,Rx,0,8,FF,FF,FF,FF,0F,FF,FF,FF
1478647,646,false,Rx,0,8,0,0,0,80,1,0,0,0
1481587,121,false,Rx,0,8,2E,DE,C1,0,0,0,0,5
1481627,122,false,Rx,0,8,FF,D9,67,1F,46,46,46,46
1481645,123,false,Rx,0,8,11,3,0,0,0,0,1,35
1481663,124,false,Rx,0,8,0,0,0A,0,0,0,20,40
1483565,405,false,Rx,0,8,BD,30,0,0,0,1,0,0
1483594,413,false,Rx,0,8,6F,30,0,0,0,0,0,0
1483612,410,false,Rx,0,8,4B,80,59,3C,16,6B,FF,FF
1483630,414,false,Rx,0,8,F0,10,0,0,28,0,0,0
1484773,411,false,Rx,0,8,A8,1,50,50,0,0,44,4
1484809,416,false,Rx,0,8,55,0,0,0,0,0,0,0
1484827,412,false,Rx,0,8,6D,60,0,0,0,0,0,0
1485111,417,false,Rx,0,8,5F,20,0,0,0,0,0,0
1485130,418,false,Rx,0,8,19,70,0,0,12,0C,0,0
1488040,36,false,Rx,0,8,5C,CC,C3,51,0,0,25,1
1488160,37,false,Rx,0,8,0,0,0,10,0,40,0,0
1488178,38,false,Rx,0,8,4,0,0,0,90,38,96,D4
1488196,39,false,Rx,0,8,0,0,0,0,0,0,0,0
1488214,419,false,Rx,0,8,13,90,8E,D6,69,86,90,0
1489590,61,false,Rx,0,8,4F,AB,C9,0,0,0,0,0
1489619,62,false,Rx,0,8,2,2,0,2,40,FF,0,FF
1490980,63,false,Rx,0,8,0,0,5,0,0,8,FD,0
1491018,64,false,Rx,0,8,0,0,0,4,FF,FA,0,0
1491037,000000A1,false,Rx,0,8,3F,CA,C9,1A,0,0,0,0
1492060,000000A2,false,Rx,0,8,0,0,0,0,0,0,0,0
1492132,000000A3,false,Rx,0,8,0,40,1,0,0,0,0,0
1494584,000001F1,false,Rx,0,8,B8,15,F5,1,0,0,28,0
1494612,0000011B,false,Rx,0,8,48,B0,B6,5,80,8,A8,2
1494630,151,false,Rx,0,8,4D,13,13,A0,C8,0,28,19
1496110,0000011C,false,Rx,0,8,0,5,20,0,22,0,1,1
1496145,0000012B,false,Rx,0,8,0F,4A,B6,6,0,0,8,0
1496163,000001F2,false,Rx,0,8,0,0,0,0,0,0,0,0
1496181,0000012C,false,Rx,0,8,0,0,1,0,0,64,0,0
1496199,000001F6,false,Rx,0,8,7E,30,13,0,0,0,0,0E
1496608,000001F7,false,Rx,0,8,0B,0,0,0,0,0,0,0
1497898,153,false,Rx,0,8,0,0,0,0,0,0,0,0
1497924,000001F8,false,Rx,0,8,0,0,0,0,0,0,0,0
1497956,154,false,Rx,0,8,0,0,0,0,0,0,0,0
1497973,000001F9,false,Rx,0,8,0,0,A0,C8,14,0,0,0
1497991,236,false,Rx,0,8,EF,CD,13,0,6E,3C,34,6C
1498008,237,false,Rx,0,8,0,15,BA,0,0,AA,1E,0
1498956,000002FC,false,Rx,0,8,3,0,16,19,0,0,8E,BF
1498991,238,false,Rx,0,8,0,0,5F,0,0,0,0,0
1499009,000002FD,false,Rx,0,8,0,0,0,0,0,1C,0E,EA
1499026,239,false,Rx,0,8,0,0,0,0,1,0,0,0
1500722,000002FE,false,Rx,0,8,0,0,72,1,0,28,0,0
1503154,0000025B,false,Rx,0,8,FE,7A,13,40,40,20,0,0
1503197,326,false,Rx,0,8,84,6E,13,0,0,0,0,0
1503215,0000025C,false,Rx,0,8,0,0,0B,0,34,89,19,0
1503233,327,false,Rx,0,8,0,0,0,0,5,0,0,0
1503250,0000025D,false,Rx,0,8,0,C8,0,0,0,80,C0,70
1503268,333,false,Rx,0,8,0,0,0,1C,0C,40,20,A0
1506836,0000010B,false,Rx,0,8,F8,2A,C5,0,0,0,0,5
1506892,0000010C,false,Rx,0,8,FF,F9,E7,1F,46,44,46,46
1506910,0000010D,false,Rx,0,8,10,3,0,0,0,0,1,35
1509065,000002AD,false,Rx,0,8,0,1,0,40,FF,FF,FF,0F
1509643,000002E1,false,Rx,0,8,9C,12,14,0,0,0,0,40
1511073,000002E2,false,Rx,0,8,FD,0,0,0,0,14,0,4
1511107,397,false,Rx,0,8,1D,0,0,0,0,0,0,0
1511125,000002E3,false,Rx,0,8,0,0,0,0,0,0,72,1
1511142,398,false,Rx,0,8,0,0,0,0,0,0,0,0
1511160,000002E4,false,Rx,0,8,2,0,0,0,0,0,0,0
1518052,383,false,Rx,0,8,12,ED,1,0,2,0,0,0
1522588,0000019B,false,Rx,0,8,F7,11,C3,0,0,E4,0,0
1522624,415,false,Rx,0,8,40,13,10,0,8,1,0,0
1522641,0000019C,false,Rx,0,8,40,20,0,0,0,0,0B,9
1523605,0000019D,false,Rx,0,8,0,10,0,1,0,0,0,0
1523639,0000019E,false,Rx,0,8,15,0,0,0,0,32,0,0
1523657,000002D6,false,Rx,0,8,FA,99,89,0,0,0,0,0
1523675,000002EB,false,Rx,0,8,6E,D0,89,9,8,1,0,2
1524738,000002D7,false,Rx,0,8,0,0,0,0,3,0,0,0
1524772,000002EC,false,Rx,0,8,2,0,0,0,0,0,0,0
1524791,000002D8,false,Rx,0,8,0,0,0,0,0,0,38,45
1524809,000002ED,false,Rx,0,8,0,0,0,0,0,0,0,0
1524826,000001E1,false,Rx,0,8,B5,27,25,2,0,0,0,0
1526694,000002D9,false,Rx,0,8,0,0,0,0,0,0,0,0
1526729,000001AB,false,Rx,0,8,81,53,AA,50,70,38,0,0
1526747,226,false,Rx,0,8,65,63,EF,FF,43,E1,5,42
1526765,000001AC,false,Rx,0,8,0,28,0,0,0,0,0,0
1526783,227,false,Rx,0,8,2,70,E1,8,0,F2,17,4
1527728,000003A2,false,Rx,0,8,0,0,0,0,0,0,0,0
1527763,356,false,Rx,0,8,FC,3B,8A,0,0,0,0,0
1527781,357,false,Rx,0,8,0,0,0,0,0,4B,4D,48
1527799,358,false,Rx,0,8,35,41,45,4D,52,37,33,4F
1529261,359,false,Rx,0,8,51,4F,34,52,4A,35,33,0
1529296,419,false,Rx,0,8,13,90,8E,D6,69,86,90,0
1531361,121,false,Rx,0,8,DD,40,C6,0,0,0,0,5
1531396,122,false,Rx,0,8,FF,D9,67,1F,46,46,46,46
1531414,123,false,Rx,0,8,11,3,0,0,0,0,1,35
1531824,124,false,Rx,0,8,0,0,0A,0,0,0,20,40
1534589,161,false,Rx,0,8,7F,41,5D,3,0,0,0,2
1534628,162,false,Rx,0,8,FF,FC,1,0,0,0,0,0
1536771,36,false,Rx,0,8,E4,CD,C8,51,0,0,25,1
1537961,37,false,Rx,0,8,0,0,0,10,0,40,0,0
1538157,38,false,Rx,0,8,4,0,0,0,90,38,96,D4
1538176,39,false,Rx,0,8,0,0,0,0,0,0,0,0
1539470,384,false,Rx,0,8,E9,DC,2,0,0,FF,0,21
1539505,000003B6,false,Rx,0,8,E8,8,88,0,0,0,0,46
1539524,000003B7,false,Rx,0,8,46,0,0,0,0,0,0,0
1539722,000003B8,false,Rx,0,8,0C,3,0,0,0,0,69,0E
1539739,61,false,Rx,0,8,BC,35,CE,0,0,0,0,0
1539756,000003B9,false,Rx,0,8,0,0,0,0,0,0,0,0
1540997,62,false,Rx,0,8,2,2,0,2,40,FF,0,FF
1541032,63,false,Rx,0,8,0,0,5,0,0,8,FD,0
1541050,64,false,Rx,0,8,0,0,0,4,FF,FA,0,0
1541068,000000A1,false,Rx,0,8,36,4F,CE,1A,0,0,0,0
1543514,000000A2,false,Rx,0,8,0,0,0,0,0,0,0,0
1543947,000000A3,false,Rx,0,8,0,40,1,0,0,0,0,0
1543973,394,false,Rx,0,8,2A,22,1A,49,0,0,0,0
1543991,91,false,Rx,0,8,F9,F1,12,0,0,0,0,0
1544009,000003C3,false,Rx,0,8,45,10,31,30,36,0,0,0
1544026,93,false,Rx,0,8,0,0,0,0,0,0,0,0
1544957,0000011B,false,Rx,0,8,3B,89,BB,5,80,8,A8,2
1546660,0000012B,false,Rx,0,8,7C,73,BB,6,0,0,8,0
1547594,0000011C,false,Rx,0,8,0,5,20,0,22,0,1,1
1547631,0000012C,false,Rx,0,8,0,0,1,0,0,64,0,0
1547650,000003E5,false,Rx,0,8,37,80,1,0,0,0,0,0
1547667,000003E6,false,Rx,0,8,67,90,0,0,0,0,0,0
1547685,0000041A,false,Rx,0,8,8D,D0,12,0,0,0,0,0
1548090,435,false,Rx,0,8,26,C0,0,40,0,0,0,0
1550203,444,false,Rx,0,8,D5,20,20,50,55,50,0,0
1550639,445,false,Rx,0,8,C6,C0,0,0,0,0,0,18
1550678,464,false,Rx,0,8,D5,20,F0,FF,38,7F,5,0
1551636,146,false,Rx,0,8,52,C3,5A,10,4,1,0,0
1551668,147,false,Rx,0,8,0,4,7D,0,40,0,0,0
1553043,149,false,Rx,0,8,0,0,0,0,0,0,0,0
1554679,000003AA,false,Rx,0,8,FF,0,B0,0,54,0,0,0
1554739,495,false,Rx,0,8,49,0,0,0,0,0,0,0
1555874,0000010B,false,Rx,0,8,79,5E,CA,0,0,0,0,5
1555909,0000010C,false,Rx,0,8,FF,F9,E7,1F,46,44,46,46
1556315,0000010D,false,Rx,0,8,10,3,0,0,0,0,1,35
1557806,0000010E,false,Rx,0,8,0,0,0A,0,0,C0,AB,57
1557842,000001B1,false,Rx,0,8,57,5E,5A,0,72,0,0,0
1557860,000001B2,false,Rx,0,8,23,0,4,0F,0F,7,52,10
1557877,000001B3,false,Rx,0,8,10,2C,0,0,87,91,96,90
1559017,000001B4,false,Rx,0,8,95,91,17,0,0,40,1,0
1560621,487,false,Rx,0,8,0,0,0,0,0,0,0,0
1560660,642,false,Rx,0,8,FF,FF,FF,FF,FF,FF,0,0
1561728,0000034B,false,Rx,0,8,A7,76,B5,31,D8,0D,5,1
1561763,0000034C,false,Rx,0,8,0,0,0,0,0,0,0,0
1562198,0000034D,false,Rx,0,8,0,0,0,0,0,0,0,0
1562226,0000034E,false,Rx,0,8,0,0,0,0,0,0,0,0
1563208,0000036F,false,Rx,0,8,89,B1,1,0,0,0,0,0
1563241,0000037F,false,Rx,0,8,2A,50,52,24,41,2,0,0
1564789,380,false,Rx,0,8,AD,D7,FF,0,0,0,0,1
1564871,566,false,Rx,0,8,16,2,0,0,0,0,FF,FF
1564890,000001A1,false,Rx,0,8,96,90,5E,FE,F7,7F,64,0
1564908,000001A2,false,Rx,0,8,0,0,0,0,0,8,0,0
1565976,000001A3,false,Rx,0,8,FF,F3,3F,0,0,0,0,0
1566011,000001A4,false,Rx,0,8,FE,7,0,0,0,0,0,0
1567363,000003B0,false,Rx,0,8,72,37,FF,C7,0,0,3,C0
1568856,419,false,Rx,0,8,13,90,8E,D6,69,86,90,0
1568892,000003B1,false,Rx,0,8,9B,3C,FF,40,0,0,20,0
1570122,448,false,Rx,0,8,0,C0,0,0,0,0,0,0
1572861,0000019B,false,Rx,0,8,4F,10,C8,0,0,E4,0,0
1573027,0000019C,false,Rx,0,8,40,20,0,0,0,0,0B,9
1573045,0000019D,false,Rx,0,8,0,10,0,1,0,0,0,0
1573063,0000019E,false,Rx,0,8,15,0,0,0,0,32,0,0
1578603,000003B2,false,Rx,0,8,36,15,FF,2,29,2F,34,0
1581599,121,false,Rx,0,8,D0,86,CB,0,0,0,0,5
1581648,122,false,Rx,0,8,FF,D9,67,1F,46,46,46,46
1581666,123,false,Rx,0,8,11,3,0,0,0,0,1,35
1581684,124,false,Rx,0,8,0,0,0A,0,0,0,20,40
1582640,427,false,Rx,0,8,1D,86,FF,0,80,0A,0,0
1586592,36,false,Rx,0,8,9B,E1,CD,51,0,0,25,1
1586633,37,false,Rx,0,8,0,0,0,10,0,40,0,0
1586651,38,false,Rx,0,8,4,0,0,0,90,38,96,D4
1587722,39,false,Rx,0,8,0,0,0,0,0,0,0,0
1589589,61,false,Rx,0,8,74,37,D3,0,0,0,0,0
1589624,62,false,Rx,0,8,2,2,0,2,40,FF,0,FF
1590714,63,false,Rx,0,8,0,0,5,0,0,8,FD,0
1590749,64,false,Rx,0,8,0,0,0,4,FF,FA,0,0
1590768,000000A1,false,Rx,0,8,53,4C,D3,1A,0,0,0,0
1590785,000000A2,false,Rx,0,8,0,0,0,0,0,0,0,0
1590817,000000A3,false,Rx,0,8,0,40,1,0,0,0,0,0
1592672,0000042A,false,Rx,0,8,F4,DE,FF,1,0,10,0,0
1594566,0000011B,false,Rx,0,8,C5,99,C0,5,80,8,A8,2
1594589,0000012B,false,Rx,0,8,82,63,C0,6,0,0,8,0
1596341,0000011C,false,Rx,0,8,0,5,20,0,22,0,1,1
1596376,0000012C,false,Rx,0,8,0,0,1,0,0,64,0,0
1596394,000001FB,false,Rx,0,8,E7,0C,13,0,0,0,0,0
1596412,000001FC,false,Rx,0,8,0,0,0,0,0,0,0,0
1596430,000001FD,false,Rx,0,8,0,1A,3,0,0,0,0,0
1598867,000001E6,false,Rx,0,8,55,6B,25,2,0,0,0,0
1599610,000001BB,false,Rx,0,8,45,FC,25,2,0,0,0,0A
1599644,000001BC,false,Rx,0,8,32,0,0,0,2,0,0,0
1599662,000001BD,false,Rx,0,8,0,0,0,0,0,0,0,0
1600574,000001E7,false,Rx,0,8,0,0,22,3,20,1,0,0
1601576,000004A3,false,Rx,0,8,80,0,48,0B,3E,0,0,0
1601603,000004A4,false,Rx,0,8,FF,FF,FF,0,0,0,0,0
1602613,000004F0,false,Rx,0,8,4A,10,32,36,58,1A,18,2
1606588,0000010B,false,Rx,0,8,6,72,CF,0,0,0,0,5
1606627,0000010C,false,Rx,0,8,FF,F9,E7,1F,46,44,46,46
1606647,0000010D,false,Rx,0,8,10,3,0,0,0,0,1,35
1606664,0000010E,false,Rx,0,8,0,0,0A,0,0,C0,AB,57
1607611,000002C1,false,Rx,0,8,19,7E,8B,21,0,41,0,AA
1607644,000002C2,false,Rx,0,8,19,0,0,0,0,0,0,0
1608805,000002C3,false,Rx,0,8,0,0,0,0,0,0,0,0
1608839,000002C4,false,Rx,0,8,0,0,0,0,0,0,0,0
1622592,0000019B,false,Rx,0,8,30,3C,CD,0,0,E4,0,0
1622630,0000019C,false,Rx,0,8,40,20,0,0,0,0,0B,9
1622648,0000019D,false,Rx,0,8,0,10,0,1,0,0,0,0
1623606,0000019E,false,Rx,0,8,15,0,0,0,0,32,0,0
1625612,000001AB,false,Rx,0,8,77,7B,AF,50,70,38,0,0
1625655,000002FF,false,Rx,0,8,E2,1,0,F1,3F,0,0,0
1625673,000001AC,false,Rx,0,8,0,28,0,0,0,0,0,0
1626718,316,false,Rx,0,8,69,A3,78,34,14,80,0A,0
1626760,472,false,Rx,0,8,5C,EC,0,40,8,41,0,45
1626778,317,false,Rx,0,8,0,0,5,0,0,0,0,0
1626795,401,false,Rx,0,8,A9,30,10,0,0,4,0,0
1626813,0000033B,false,Rx,0,8,F8,15,15,0,0,0,0,0
1627905,473,false,Rx,0,8,5F,24,0,25,0,0,0,78
1627940,0000033C,false,Rx,0,8,0,0,0,0,F0,0,0,0
1627958,474,false,Rx,0,8,93,44,0,0,0,0,0,14
1627976,0000033D,false,Rx,0,8,0,0,0,0,0,0,0,0
1628587,0000033E,false,Rx,0,8,0,0,0,0,0,0,0,0
1631589,121,false,Rx,0,8,AD,43,D0,0,0,0,0,5
1631636,122,false,Rx,0,8,FF,D9,67,1F,46,46,46,46
1631654,123,false,Rx,0,8,11,3,0,0,0,0,1,35
1631671,124,false,Rx,0,8,0,0,0A,0,0,0,20,40
1634603,161,false,Rx,0,8,7B,5D,62,3,0,0,0,2
1634642,162,false,Rx,0,8,FF,FC,1,0,0,0,0,0
1636607,36,false,Rx,0,8,DF,51,D2,51,0,0,25,1
1636764,37,false,Rx,0,8,0,0,0,10,0,40,0,0
1636782,38,false,Rx,0,8,4,0,0,0,90,38,96,D4
1636800,39,false,Rx,0,8,0,0,0,0,0,0,0,0
1639295,000002E6,false,Rx,0,8,CF,D5,12,1,0,0,0,15
1639468,256,false,Rx,0,8,6F,0,12,15,40,0,C0,0
1639486,000002E7,false,Rx,0,8,0A,0,0,0,0,0,0,0
1639503,257,false,Rx,0,8,0,93,41,13,86,7,0,93
1639521,000002E8,false,Rx,0,8,0,0,0,0,0,0,0,0
1640578,61,false,Rx,0,8,CC,36,D8,0,0,0,0,0
1640645,259,false,Rx,0,8,38,5,89,3C,4C,2,0,0
1640664,62,false,Rx,0,8,2,2,0,2,40,FF,0,FF
1640681,000002E9,false,Rx,0,8,0,0,0,0,0,0,0,0
1640720,63,false,Rx,0,8,0,0,5,0,0,8,FD,0
1640738,64,false,Rx,0,8,0,0,0,4,FF,FA,0,0
1642261,000000A1,false,Rx,0,8,6F,BD,D8,1A,0,0,0,0
1642296,000000A2,false,Rx,0,8,0,0,0,0,0,0,0,0
1642314,91,false,Rx,0,8,BF,A8,13,0,0,0,0,0
1642332,000004F0,false,Rx,0,8,4A,10,32,36,58,1A,18,2
1642547,92,false,Rx,0,8,0,0,0,0,0,0,0,0
1642572,94,false,Rx,0,8,0,0,0,0,0,0,0,0
1643725,000000A3,false,Rx,0,8,0,40,1,0,0,0,0,0
1645003,000001F1,false,Rx,0,8,CB,2C,F8,1,0,0,28,0
1645038,000001F2,false,Rx,0,8,0,0,0,0,0,0,0,0
1645056,0000011B,false,Rx,0,8,33,B1,C5,5,80,8,A8,2
1645090,0000012B,false,Rx,0,8,74,4B,C5,6,0,0,8,0
1645107,0000011C,false,Rx,0,8,0,5,20,0,22,0,1,1
1645605,0000012C,false,Rx,0,8,0,0,1,0,0,64,0,0
1649603,000002BF,false,Rx,0,8,FF,FF,FF,0,0,0,0,0
1649643,0000047F,false,Rx,0,8,FF,FF,FF,FF,FF,FF,F3,FF
1649661,653,false,Rx,0,8,0A,19,3,1,2,2A,0,0
1651766,146,false,Rx,0,8,2D,EF,5F,10,4,1,0,0
1651929,147,false,Rx,0,8,0,4,7D,0,40,0,0,0
1651947,148,false,Rx,0,8,0,0,0,0,0,90,40,5
1654083,149,false,Rx,0,8,0,0,0,0,0,0,0,0
1656240,0000010B,false,Rx,0,8,7B,B7,D4,0,0,0,0,5
1656276,0000010C,false,Rx,0,8,FF,F9,E7,1F,46,44,46,46
1656294,0000010D,false,Rx,0,8,10,3,0,0,0,0,1,35
1658273,0000010E,false,Rx,0,8,0,0,0A,0,0,C0,AB,57
1658308,000001B1,false,Rx,0,8,28,72,5F,0,72,0,0,0
1658327,000001B2,false,Rx,0,8,23,0,4,0F,0F,7,52,10
1658344,000001B3,false,Rx,0,8,10,2C,0,0,87,91,96,90
1658361,000001B4,false,Rx,0,8,95,91,17,0,0,40,1,0
1660574,475,false,Rx,0,8,12,0,0,0,0,0,0,0
1660594,496,false,Rx,0,8,12,0,0,0,0,0,0,0
1663570,0000036F,false,Rx,0,8,81,C1,1,0,0,0,0,0
1663594,516,false,Rx,0,8,61,2,0,0,0,0,FF,FF
1663612,0000037F,false,Rx,0,8,FC,60,52,24,41,2,0,0
1664567,111,false,Rx,0,8,B8,8,7F,1,0,0,0,0
1664589,112,false,Rx,0,8,0,0,0,0,0,0,0,0
1665565,000001A1,false,Rx,0,8,F5,0B,63,FE,F7,7F,64,0
1665591,113,false,Rx,0,8,0,0,0,0,0,0,0,0
1665608,000001A2,false,Rx,0,8,0,0,0,0,0,8,0,0
1665633,114,false,Rx,0,8,0,0,0,0,0,0,0,0
1665650,000001A3,false,Rx,0,8,FF,F3,3F,0,0,0,0,0
1666563,000001A4,false,Rx,0,8,FE,7,0,0,0,0,0,0
1671563,000000C5,false,Rx,0,8,0,0,0,0,0,0,0,0
1671584,244,false,Rx,0,8,FF,FF,FF,FF,FF,FF,FF,FF
1672561,000004B4,false,Rx,0,8,0,0,0,0,0,0,0,0
1672583,0000019B,false,Rx,0,8,74,8C,D2,0,0,E4,0,0
1672601,000004B5,false,Rx,0,8,8,0,F0,7,0,0,0,0
1672619,0000019C,false,Rx,0,8,40,20,0,0,0,0,0B,9
1673564,000004B7,false,Rx,0,8,8,0,F0,7,0,0,0,0
1673589,0000019D,false,Rx,0,8,0,10,0,1,0,0,0,0
1673607,000004CA,false,Rx,0,8,0,0,0,0,0,0,0,0
1673625,0000019E,false,Rx,0,8,15,0,0,0,0,32,0,0
1674562,000004CC,false,Rx,0,8,8,0,0,6,0,0,3,0
1674585,000004CE,false,Rx,0,8,14,1,FF,FF,FF,FF,FF,FF
1674603,000004D7,false,Rx,0,8,23,1,0,0,0,0,0,0
1674621,000004D8,false,Rx,0,8,41,10,F0,F0,40,F2,1E,CC
1675564,000004DD,false,Rx,0,8,0,0,FE,0,4,0,0,0
1675589,000001E1,false,Rx,0,8,C6,1E,28,2,0,0,0,0
1675607,000004DF,false,Rx,0,8,FF,3,0C,3F,0,0,0,0
1675625,000001E2,false,Rx,0,8,0,0,0,0,0,0,0,0
1676564,000004E7,false,Rx,0,8,0,30,0,0,0,0,69,0
1676590,0000030B,false,Rx,0,8,C8,90,15,0,4,0,0,0
1676607,000004E8,false,Rx,0,8,FF,FF,FF,5,FF,FF,FF,0
1676625,0000030C,false,Rx,0,8,0,0,0E,0,2C,0,A0,0F
1677562,000004E9,false,Rx,0,8,12,0,0,34,0,0,50,0
1677586,0000030D,false,Rx,0,8,0,0,0,0,FF,0,0,0
1677604,000004EA,false,Rx,0,8,67,0,0,89,0,0,0,0
1677621,0000030E,false,Rx,0,8,0,0,38,5,21,0,0,2
1678563,000004EB,false,Rx,0,8,10,80,32,36,80,0,0,0
1678586,000004EC,false,Rx,0,8,0,0,0,0,0,0,0,0
1678604,000004ED,false,Rx,0,8,0,0,0,0,0,FF,FF,1F
1678622,000004EE,false,Rx,0,8,FF,FF,0,0,0,0,0,0
1679571,000004EF,false,Rx,0,8,60,0,60,0,29,14,0,0
1679596,0000063D,false,Rx,0,8,0,80,0,0,0,0,0,0
1679613,0000063E,false,Rx,0,8,FF,FF,FF,FF,FF,FF,FF,FF
1679631,0000063F,false,Rx,0,8,0,10,0,C4,FF,0,0,0
1680561,640,false,Rx,0,8,FF,FF,FF,0,FF,FF,FF,0
1680583,641,false,Rx,0,8,FF,FF,FF,FF,0F,FF,FF,FF
1680601,646,false,Rx,0,8,0,0,0,80,1,0,0,0
1681564,121,false,Rx,0,8,D2,6F,D5,0,0,0,0,5
1681590,122,false,Rx,0,8,FF,D9,67,1F,46,46,46,46
1681607,123,false,Rx,0,8,11,3,0,0,0,0,1,35
1682561,124,false,Rx,0,8,0,0,0A,0,0,0,20,40
1682583,000004F0,false,Rx,0,8,4A,10,32,36,58,1A,18,2
1683564,405,false,Rx,0,8,BD,30,0,0,0,1,0,0
1683590,413,false,Rx,0,8,6F,30,0,0,0,0,0,0
1683607,410,false,Rx,0,8,4B,80,59,3C,16,6B,FF,FF
1684561,414,false,Rx,0,8,F0,10,0,0,28,0,0,0
1684583,411,false,Rx,0,8,A8,1,50,50,0,0,44,4
1684601,416,false,Rx,0,8,55,0,0,0,0,0,0,0
1684625,412,false,Rx,0,8,6D,60,0,0,0,0,0,0
1684643,417,false,Rx,0,8,5F,20,0,0,0,0,0,0
1685567,418,false,Rx,0,8,19,70,0,0,12,0C,0,0
1685592,419,false,Rx,0,8,13,90,8E,D6,69,86,90,0
1686603,36,false,Rx,0,8,A0,7D,D7,51,0,0,25,1
1686632,37,false,Rx,0,8,0,0,0,10,0,40,0,0
1686649,38,false,Rx,0,8,4,0,0,0,90,38,96,D4
1687572,39,false,Rx,0,8,0,0,0,0,0,0,0,0
1690322,61,false,Rx,0,8,B3,1A,DD,0,0,0,0,0
1690357,62,false,Rx,0,8,2,2,0,2,40,FF,0,FF
1690375,63,false,Rx,0,8,0,0,5,0,0,8,FD,0
1690393,64,false,Rx,0,8,0,0,0,4,FF,FA,0,0
1690410,000000A1,false,Rx,0,8,60,56,DD,1A,0,0,0,0
1690806,000000A2,false,Rx,0,8,0,0,0,0,0,0,0,0
1690849,000000A3,false,Rx,0,8,0,40,1,0,0,0,0,0
1694586,0000011B,false,Rx,0,8,29,C8,CA,5,80,8,A8,2
1694608,0000012B,false,Rx,0,8,6E,32,CA,6,0,0,8,0
1695568,0000011C,false,Rx,0,8,0,5,20,0,22,0,1,1
1695588,0000012C,false,Rx,0,8,0,0,1,0,0,64,0,0
1695606,000001F6,false,Rx,0,8,CB,F7,15,0,0,0,0,0E
1695624,151,false,Rx,0,8,F8,D4,15,A0,C8,0,28,19
1696569,000001F7,false,Rx,0,8,0B,0,0,0,0,0,0,0
1696590,152,false,Rx,0,8,16,18,18,0,0B,0,0,0
1696607,000001F8,false,Rx,0,8,0,0,0,0,0,0,0,0
1696625,153,false,Rx,0,8,0,0,0,0,0,0,0,0
1697569,000001F9,false,Rx,0,8,0,0,A0,C8,14,0,0,0
1697590,154,false,Rx,0,8,0,0,0,0,0,0,0,0
1697608,236,false,Rx,0,8,5A,0A,15,0,6E,3C,34,6C
1697625,000002FB,false,Rx,0,8,A4,FD,15,4,5F,1A,CC,CC
1698572,237,false,Rx,0,8,0,15,BA,0,0,AA,1E,0
1698593,000002FC,false,Rx,0,8,3,0,16,19,0,0,8E,BF
1698611,238,false,Rx,0,8,0,0,5F,0,0,0,0,0
1698629,000002FD,false,Rx,0,8,0,0,0,0,0,1C,0E,EA
1699567,239,false,Rx,0,8,0,0,0,0,1,0,0,0
1699587,000002FE,false,Rx,0,8,0,0,72,1,0,28,0,0
1699605,0000025B,false,Rx,0,8,47,F2,15,40,40,20,0,0
1699623,326,false,Rx,0,8,31,A9,15,0,0,0,0,0
1700568,0000025C,false,Rx,0,8,0,0,0B,0,34,89,19,0
1700590,327,false,Rx,0,8,0,0,0,0,5,0,0,0
1700607,0000025D,false,Rx,0,8,0,C8,0,0,0,80,C0,70
1700625,328,false,Rx,0,8,0,0,0,0,0,0,0,0
1701567,0000025E,false,Rx,0,8,13,7,0E,2,0,0,0,0
1701587,329,false,Rx,0,8,A0,0,0,0,0,0,0,0
1701605,382,false,Rx,0,8,F1,7A,1,0,0,1,8,0
1701622,331,false,Rx,0,8,22,E6,15,F1,C8,A0,2C,97
1702569,332,false,Rx,0,8,94,2,0,0,0,0,0,0
1702590,333,false,Rx,0,8,0,0,0,1C,0C,40,20,A0
1702608,334,false,Rx,0,8,C8,0,0,0,AC,70,1D,90
1706569,0000010B,false,Rx,0,8,76,71,D9,0,0,0,0,5
1706588,0000010C,false,Rx,0,8,FF,F9,E7,1F,46,44,46,46
1706613,0000010D,false,Rx,0,8,10,3,0,0,0,0,1,35
1706630,0000010E,false,Rx,0,8,0,0,0A,0,0,C0,AB,57
1706648,000002AB,false,Rx,0,8,33,85,16,0C,0C,0,0,0
1707569,000002AC,false,Rx,0,8,0,FF,FF,0,0,40,0,50
1707591,000002AD,false,Rx,0,8,0,1,0,40,FF,FF,FF,0F
1707609,000002AE,false,Rx,0,8,1,0,FF,3F,1,1,0,0
1707636,000002B6,false,Rx,0,8,41,F4,16,1,0,0,0,40
1708567,000002B7,false,Rx,0,8,8,2,F0,0,0,4,0,0
1708587,251,false,Rx,0,8,8,F2,15,0,0,0,0,0
1708612,000002B8,false,Rx,0,8,AA,11,11,0,0,0,0,0
1708630,252,false,Rx,0,8,0,0,0,0,3,0,0,0
1709575,000002B9,false,Rx,0,8,0A,0,0,0,0,0,0,0
1709597,253,false,Rx,0,8,0,0,0,51,51,0,80,44
1709614,000002E1,false,Rx,0,8,10,A0,16,0,0,0,0,40
1709632,396,false,Rx,0,8,59,CB,8A,0F,8,2,0,2
1710571,000002E2,false,Rx,0,8,FD,0,0,0,0,14,0,4
1710590,397,false,Rx,0,8,1D,0,0,0,0,0,0,0
1710608,000002E3,false,Rx,0,8,0,0,0,0,0,0,72,1
1710625,398,false,Rx,0,8,0,0,0,0,0,0,0,0
1711569,000002E4,false,Rx,0,8,2,0,0,0,0,0,0,0
1717561,383,false,Rx,0,8,12,ED,1,0,2,0,0,0
1722574,0000019B,false,Rx,0,8,0B,A0,D7,0,0,E4,0,0
1722602,0000019C,false,Rx,0,8,40,20,0,0,0,0,0B,9
1722620,0000019D,false,Rx,0,8,0,10,0,1,0,0,0,0
1723577,0000019E,false,Rx,0,8,15,0,0,0,0,32,0,0
1723603,000002D6,false,Rx,0,8,30,72,8A,0,0,0,0,0
1723622,000002EB,false,Rx,0,8,18,AC,8A,9,8,0,0,2
1724565,000002D7,false,Rx,0,8,0,0,0,0,3,0,0,0
1724588,000002EC,false,Rx,0,8,12,0,0,0,0,0,0,0
1724606,000002D8,false,Rx,0,8,0,0,0,0,0,0,38,45
1724624,000002ED,false,Rx,0,8,0,0,0,0,0,0,0,0
1725674,000002D9,false,Rx,0,8,0,0,0,0,0,0,0,0
1725706,000002EE,false,Rx,0,8,0,0,0,0,0,0,0,0
1725724,000001AB,false,Rx,0,8,B5,A1,B4,50,70,38,0,0
1725742,226,false,Rx,0,8,51,91,F1,FF,43,E1,5,42
1725760,000001AC,false,Rx,0,8,0,28,0,0,0,0,0,0
1726722,227,false,Rx,0,8,2,70,E1,8,0,F2,17,4
1726756,000003A1,false,Rx,0,8,20,D6,9B,0,FF,FF,FF,FF
1726773,000003A2,false,Rx,0,8,0,0,0,0,0,0,0,0
1727597,356,false,Rx,0,8,BA,62,8B,0,0,0,0,0
1727624,357,false,Rx,0,8,0,0,0,0,0,4B,4D,48
1728569,358,false,Rx,0,8,35,41,45,4D,52,37,33,4F
1728590,359,false,Rx,0,8,51,4F,34,52,4A,35,33,0
1731567,121,false,Rx,0,8,53,1B,DA,0,0,0,0,5
1731589,122,false,Rx,0,8,FF,D9,67,1F,46,46,46,46
1731614,123,false,Rx,0,8,11,3,0,0,0,0,1,35
1731632,124,false,Rx,0,8,0,0,0A,0,0,0,20,40
1734567,161,false,Rx,0,8,8D,75,67,3,0,0,0,2
1734589,162,false,Rx,0,8,FF,FC,1,0,0,0,0,0
1736567,36,false,Rx,0,8,18,7C,DC,51,0,0,25,1
1736590,37,false,Rx,0,8,0,0,0,10,0,40,0,0
1736607,38,false,Rx,0,8,4,0,0,0,90,38,96,D4
1737568,39,false,Rx,0,8,0,0,0,0,0,0,0,0
1738575,384,false,Rx,0,8,E9,DC,2,0,0,FF,0,21
1738597,000003B6,false,Rx,0,8,AE,51,89,0,0,0,0,46
1739578,000003B7,false,Rx,0,8,46,0,0,0,0,0,0,0
1739600,000003B8,false,Rx,0,8,0C,3,0,0,0,0,69,0E
1739617,61,false,Rx,0,8,5C,33,E2,0,0,0,0,0
1739634,000003B9,false,Rx,0,8,0,0,0,0,0,0,0,0
1740569,62,false,Rx,0,8,2,2,0,2,40,FF,0,FF
1740590,63,false,Rx,0,8,0,0,5,0,0,8,FD,0
1740608,64,false,Rx,0,8,0,0,0,4,FF,FA,0,0
1740632,000000A1,false,Rx,0,8,A5,BB,E2,1A,0,0,0,0
1741568,000000A2,false,Rx,0,8,0,0,0,0,0,0,0,0
1741590,394,false,Rx,0,8,2A,22,1A,49,0,0,0,0
1741608,000000A3,false,Rx,0,8,0,40,1,0,0,0,0,0
1741632,000003C3,false,Rx,0,8,45,10,31,30,36,0,0,0
1742568,91,false,Rx,0,8,4C,36,14,0,0,0,0,0
1742596,000003E0,false,Rx,0,8,66,20,1,0,54,3,0,0
1742614,92,false,Rx,0,8,0,0,0,0,0,0,0,0
1742632,000004E8,false,Rx,0,8,FF,FF,FF,5,FF,FF,FF,0
1743569,93,false,Rx,0,8,0,0,0,0,0,0,0,0
1743590,94,false,Rx,0,8,0,0,0,0,0,0,0,0
1743607,000000FF,false,Rx,0,8,CB,10,0,0,0,0,2,0
1744569,0000011B,false,Rx,0,8,DF,E0,CF,5,80,8,A8,2
1744590,0000012B,false,Rx,0,8,98,1A,CF,6,0,0,8,0
1745569,0000011C,false,Rx,0,8,0,5,20,0,22,0,1,1
1745590,0000012C,false,Rx,0,8,0,0,1,0,0,64,0,0
1745607,000003E5,false,Rx,0,8,37,80,1,0,0,0,0,0
1746569,000003E6,false,Rx,0,8,67,90,0,0,0,0,0,0
1746590,0000041A,false,Rx,0,8,8D,D0,12,0,0,0,0,0
1746608,0000041B,false,Rx,0,8,70,D0,0,0,0,0,0,0
1747571,0000041C,false,Rx,0,8,48,0,E0,0,0,0,0,0
1747593,422,false,Rx,0,8,9D,70,1,0,0,0,4,0
1747611,432,false,Rx,0,8,3,20,2,0,0,0,0,0
1748569,435,false,Rx,0,8,26,C0,0,40,0,0,0,0
1748592,442,false,Rx,0,8,CE,20,11,81,0,0,0,0
1748609,444,false,Rx,0,8,D5,20,20,50,55,50,0,0
1748627,445,false,Rx,0,8,C6,C0,0,0,0,0,0,18
1749569,000001E6,false,Rx,0,8,26,52,28,2,0,0,0,0
1749591,000001BB,false,Rx,0,8,73,BF,28,2,0,0,0,0A
1749609,464,false,Rx,0,8,D5,20,F0,FF,38,7F,5,0
1749626,000001BC,false,Rx,0,8,32,0,0,0,2,0,0,0
1750568,000001BD,false,Rx,0,8,0,0,0,0,0,0,0,0
1750590,000001E7,false,Rx,0,8,0,0,22,3,20,1,0,0
1751569,146,false,Rx,0,8,FB,B3,64,10,4,1,0,0
1752569,147,false,Rx,0,8,0,4,7D,0,40,0,0,0
1752590,148,false,Rx,0,8,0,0,0,0,0,90,40,5
1752607,149,false,Rx,0,8,0,0,0,0,0,0,0,0
1753569,000003AA,false,Rx,0,8,FF,0,B0,0,54,0,0,0
1754569,495,false,Rx,0,8,49,0,0,0,0,0,0,0
1756570,0000010B,false,Rx,0,8,85,EF,DE,0,0,0,0,5
1756592,0000010C,false,Rx,0,8,FF,F9,E7,1F,46,44,46,46
1756609,0000010D,false,Rx,0,8,10,3,0,0,0,0,1,35
1756627,0000010E,false,Rx,0,8,0,0,0A,0,0,C0,AB,57
1757685,000001B1,false,Rx,0,8,FE,2E,64,0,72,0,0,0
1757722,000001B2,false,Rx,0,8,23,0,4,0F,0F,7,52,10
1757740,000001B3,false,Rx,0,8,10,2C,0,0,87,91,96,90
1757757,000001B4,false,Rx,0,8,95,91,17,0,0,40,1,0
1761588,561,false,Rx,0,8,63,2,0,0,0,0,FF,FF
1762584,487,false,Rx,0,8,0,0,0,0,0,0,0,0
1762605,642,false,Rx,0,8,FF,FF,FF,FF,FF,FF,0,0
1763569,0000036F,false,Rx,0,8,38,D1,1,0,0,0,0,0
1763590,0000037F,false,Rx,0,8,45,70,52,24,41,2,0,0
1763608,380,false,Rx,0,8,AD,D7,FF,0,0,0,0,1
1764569,000001A1,false,Rx,0,8,4D,0A,68,FE,F7,7F,64,0
1764589,000001A2,false,Rx,0,8,0,0,0,0,0,8,0,0
1765567,000001A3,false,Rx,0,8,FF,F3,3F,0,0,0,0,0
1765588,000001A4,false,Rx,0,8,FE,7,0,0,0,0,0,0
1766569,000003B0,false,Rx,0,8,72,37,FF,C7,0,0,3,C0
1768571,000003B1,false,Rx,0,8,9B,3C,FF,40,0,0,20,0
1769572,448,false,Rx,0,8,0,C0,0,0,0,0,0,0
1772565,0000019B,false,Rx,0,8,B3,A1,DC,0,0,E4,0,0
1772587,0000019C,false,Rx,0,8,40,20,0,0,0,0,0B,9
1772604,0000019D,false,Rx,0,8,0,10,0,1,0,0,0,0
1773569,0000019E,false,Rx,0,8,15,0,0,0,0,32,0,0
1778566,000003B2,false,Rx,0,8,36,15,FF,2,29,2F,34,0
1781566,121,false,Rx,0,8,2C,37,DF,0,0,0,0,5
1781588,122,false,Rx,0,8,FF,D9,67,1F,46,46,46,46
1781606,123,false,Rx,0,8,11,3,0,0,0,0,1,35
1781632,124,false,Rx,0,8,0,0,0A,0,0,0,20,40
1782575,427,false,Rx,0,8,1D,86,FF,0,80,0A,0,0
1782595,000004E8,false,Rx,0,8,FF,FF,FF,5,FF,FF,FF,0
1786565,36,false,Rx,0,8,7B,E7,E1,51,0,0,25,1
1786587,37,false,Rx,0,8,0,0,0,10,0,40,0,0
1786605,38,false,Rx,0,8,4,0,0,0,90,38,96,D4
1787569,39,false,Rx,0,8,0,0,0,0,0,0,0,0
1789568,61,false,Rx,0,8,23,1F,E7,0,0,0,0,0
1789590,62,false,Rx,0,8,2,2,0,2,40,FF,0,FF
1790575,63,false,Rx,0,8,0,0,5,0,0,8,FD,0
1790596,64,false,Rx,0,8,0,0,0,4,FF,FA,0,0
1790614,000000A1,false,Rx,0,8,AA,50,E7,1A,0,0,0,0
1790632,000000A2,false,Rx,0,8,0,0,0,0,0,0,0,0
1791567,000000A3,false,Rx,0,8,0,40,1,0,0,0,0,0
1792569,0000042A,false,Rx,0,8,F4,DE,FF,1,0,10,0,0
1794566,000001F1,false,Rx,0,8,86,C4,FB,1,0,0,28,0
1794593,0000011B,false,Rx,0,8,1D,3A,D4,5,80,8,A8,2
1794611,0000012B,false,Rx,0,8,5A,C0,D4,6,0,0,8,0
1795574,0000011C,false,Rx,0,8,0,5,20,0,22,0,1,1
1795595,0000012C,false,Rx,0,8,0,0,1,0,0,64,0,0
1795613,000001F2,false,Rx,0,8,0,0,0,0,0,0,0,0
1795631,000001FB,false,Rx,0,8,52,CB,15,0,0,0,0,0
1796567,000001FC,false,Rx,0,8,0,0,0,0,0,0,0,0
1796588,000001FD,false,Rx,0,8,0,1A,3,0,0,0,0,0
1796606,000001FE,false,Rx,0,8,0,0,0,0,0,0,0,0
1803612,000004A3,false,Rx,0,8,80,0,48,0B,3E,0,0,0
1803650,000004A4,false,Rx,0,8,FF,FF,FF,0,0,0,0,0
1805798,0000010B,false,Rx,0,8,E6,74,E3,0,0,0,0,5
1807373,0000010C,false,Rx,0,8,FF,F9,E7,1F,46,44,46,46
1807407,0000010D,false,Rx,0,8,10,3,0,0,0,0,1,35
1807557,0000010E,false,Rx,0,8,0,0,0A,0,0,C0,AB,57
1807575,000002C1,false,Rx,0,8,EA,E0,8C,21,0,41,0,AA
1807593,000002C2,false,Rx,0,8,19,0,0,0,0,0,0,0
1808801,000002C3,false,Rx,0,8,0,0,0,0,0,0,0,0
1808836,000002C4,false,Rx,0,8,0,0,0,0,0,0,0,0
1822594,0000019B,false,Rx,0,8,D0,3A,E1,0,0,E4,0,0
1822632,0000019C,false,Rx,0,8,40,20,0,0,0,0,0B,9
1822650,0000019D,false,Rx,0,8,0,10,0,1,0,0,0,0
1823599,0000019E,false,Rx,0,8,15,0,0,0,0,32,0,0
1823631,000004E8,false,Rx,0,8,FF,FF,FF,5,FF,FF,FF,0
1825769,000001AB,false,Rx,0,8,C6,98,B9,50,70,38,0,0
1826186,000001AC,false,Rx,0,8,0,28,0,0,0,0,0,0
1826210,316,false,Rx,0,8,4D,0B,79,34,14,80,0A,0
1826227,000001E1,false,Rx,0,8,8B,F6,2B,2,0,0,0,0
1826245,317,false,Rx,0,8,0,0,5,0,0,0,0,0
1826263,000001E2,false,Rx,0,8,0,0,0,0,0,0,0,0
1826590,000003CB,false,Rx,0,8,36,14,0,F4,0,0,0,0
1828026,472,false,Rx,0,8,5C,EC,0,40,8,41,0,45
1828062,0000033B,false,Rx,0,8,74,A7,17,0,0,0,0,0
1828080,000003CC,false,Rx,0,8,36,31,34,30,33,34,31,0
1828115,0000033C,false,Rx,0,8,0,0,0,0,F0,0,0,0
1828133,401,false,Rx,0,8,A9,30,10,0,0,4,0,0
1828513,473,false,Rx,0,8,5F,24,0,25,0,0,0,78
1828646,0000033E,false,Rx,0,8,0,0,0,0,0,0,0,0
1829846,474,false,Rx,0,8,93,44,0,0,0,0,0,14
1829870,000002FF,false,Rx,0,8,E2,1,0,F1,3F,0,0,0
1832104,121,false,Rx,0,8,FA,6B,E4,0,0,0,0,5
1832139,122,false,Rx,0,8,FF,D9,67,1F,46,46,46,46
1832502,123,false,Rx,0,8,11,3,0,0,0,0,1,35
1832526,124,false,Rx,0,8,0,0,0A,0,0,0,20,40
1834697,161,false,Rx,0,8,45,8C,6C,3,0,0,0,2
1834732,162,false,Rx,0,8,FF,FC,1,0,0,0,0,0
1837354,36,false,Rx,0,8,88,79,E6,51,0,0,25,1
1837388,37,false,Rx,0,8,0,0,0,10,0,40,0,0
1837407,38,false,Rx,0,8,4,0,0,0,90,38,96,D4
1837425,39,false,Rx,0,8,0,0,0,0,0,0,0,0
1838669,000002E6,false,Rx,0,8,7A,12,14,1,0,0,0,15
1838722,256,false,Rx,0,8,31,10,14,15,40,0,E0,0
1838739,000002E7,false,Rx,0,8,0A,0,0,0,0,0,0,0
1840224,257,false,Rx,0,8,0,93,41,17,86,7,0,93
1840309,000002E8,false,Rx,0,8,0,0,0,0,0,0,0,0
1840328,258,false,Rx,0,8,0B,72,1E,0,10,15,0,28
1840345,61,false,Rx,0,8,9B,1E,EC,0,0,0,0,0
1840363,259,false,Rx,0,8,49,5,89,3C,4C,2,0,0
1840551,62,false,Rx,0,8,2,2,0,2,40,FF,0,FF
1840575,63,false,Rx,0,8,0,0,5,0,0,8,FD,0
1841900,64,false,Rx,0,8,0,0,0,4,FF,FA,0,0
1841934,000000A1,false,Rx,0,8,96,A1,EC,1A,0,0,0,0
1841952,000000A2,false,Rx,0,8,0,0,0,0,0,0,0,0
1841970,91,false,Rx,0,8,0A,6F,15,0,0,0,0,0
1843177,92,false,Rx,0,8,0,0,0,0,0,0,0,0
1843201,93,false,Rx,0,8,0,0,0,0,0,0,0,0
1843218,94,false,Rx,0,8,0,0,0,0,0,0,0,0
1843236,000000A3,false,Rx,0,8,0,40,1,0,0,0,0,0
1844608,0000011B,false,Rx,0,8,6E,3,D9,5,80,8,A8,2
1844974,0000012B,false,Rx,0,8,29,F9,D9,6,0,0,8,0
1844996,0000011C,false,Rx,0,8,0,5,20,0,22,0,1,1
1845588,0000012C,false,Rx,0,8,0,0,1,0,0,64,0,0
1849588,000002BF,false,Rx,0,8,FF,FF,FF,0,0,0,0,0
1849629,0000047F,false,Rx,0,8,FF,FF,FF,FF,FF,FF,F3,FF
1849647,653,false,Rx,0,8,0A,19,3,1,2,2A,0,0
1851820,146,false,Rx,0,8,F6,75,69,10,4,1,0,0
1851870,147,false,Rx,0,8,0,4,7D,0,40,0,0,0
1851888,148,false,Rx,0,8,0,0,0,0,0,90,40,5
1853006,149,false,Rx,0,8,0,0,0,0,0,0,0,0
1856697,0000010B,false,Rx,0,8,5E,75,E8,0,0,0,0,5
1856732,0000010C,false,Rx,0,8,FF,F9,E7,1F,46,44,46,46
1856750,0000010D,false,Rx,0,8,10,3,0,0,0,0,1,35
1856768,0000010E,false,Rx,0,8,0,0,0A,0,0,C0,AB,57
1857828,000001B1,false,Rx,0,8,F3,E8,69,0,72,0,0,0
1857870,000001B2,false,Rx,0,8,23,0,4,0F,0F,7,52,10
1857888,000001B3,false,Rx,0,8,10,2C,0,0,87,91,96,90
1857906,000001B4,false,Rx,0,8,95,91,17,0,0,40,1,0
1859253,563,false,Rx,0,8,65,2,0,0,0,0,FF,FF
1860841,475,false,Rx,0,8,12,0,0,0,0,0,0,0
1860868,496,false,Rx,0,8,12,0,0,0,0,0,0,0
1862964,0000036F,false,Rx,0,8,EE,E1,1,0,0,0,0,0
1863579,0000037F,false,Rx,0,8,EC,80,52,24,41,2,0,0
1865352,111,false,Rx,0,8,CE,44,80,1,0,0,0,0
1865388,112,false,Rx,0,8,0,0,0,0,0,0,0,0
1865544,113,false,Rx,0,8,0,0,0,0,0,0,0,0
1865562,000001A1,false,Rx,0,8,32,26,6D,FE,F7,7F,64,0
1865579,114,false,Rx,0,8,0,0,0,0,0,0,0,0
1865597,000001A2,false,Rx,0,8,0,0,0,0,0,8,0,0
1866770,000001A3,false,Rx,0,8,FF,F3,3F,0,0,0,0,0
1867946,000001A4,false,Rx,0,8,FE,7,0,0,0,0,0,0
1872590,0000019B,false,Rx,0,8,23,A4,E6,0,0,E4,0,0
1872627,0000019C,false,Rx,0,8,40,20,0,0,0,0,0B,9
1872644,0000019D,false,Rx,0,8,0,10,0,1,0,0,0,0
1873606,0000019E,false,Rx,0,8,15,0,0,0,0,32,0,0
1873639,000000C5,false,Rx,0,8,0,0,0,0,0,0,0,0
1873658,244,false,Rx,0,8,FF,FF,FF,FF,FF,FF,FF,FF
1874970,000004B4,false,Rx,0,8,0,0,0,0,0,0,0,0
1875382,000004B5,false,Rx,0,8,8,0,F0,7,0,0,0,0
1876625,000004B7,false,Rx,0,8,8,0,F0,7,0,0,0,0
1876694,000004CA,false,Rx,0,8,0,0,0,0,0,0,0,0
1876713,000004CC,false,Rx,0,8,8,0,0,6,0,0,3,0
1877625,000004CE,false,Rx,0,8,14,1,FF,FF,FF,FF,FF,FF
1877647,000004D7,false,Rx,0,8,23,1,0,0,0,0,0,0
1877665,000004D8,false,Rx,0,8,41,10,F0,F0,40,F2,1E,CC
1877683,000004E7,false,Rx,0,8,0,30,0,0,0,0,69,0
1877701,0000030D,false,Rx,0,8,0,0,0,0,48,0,0,0
1879130,000004E9,false,Rx,0,8,12,0,0,34,0,0,50,0
1880411,000004EA,false,Rx,0,8,67,0,0,89,0,0,0,0
1880443,000004EB,false,Rx,0,8,10,80,32,36,80,0,0,0
1880461,000004EC,false,Rx,0,8,0,0,0,0,0,0,0,0
1880868,000004ED,false,Rx,0,8,0,0,0,0,0,FF,FF,1F
1880914,000004EE,false,Rx,0,8,FF,FF,0,0,0,0,0,0
1880933,000004F3,false,Rx,0,8,0,0,0,0,F0,0,0,0
1880951,000004F9,false,Rx,0,8,E0,FF,FF,FF,FF,FF,FF,FF
1882052,121,false,Rx,0,8,F7,AD,E9,0,0,0,0,5
1882086,000004FE,false,Rx,0,8,69,23,0,3,CF,0,48,A8
1882475,122,false,Rx,0,8,FF,D9,67,1F,46,46,46,46
1882500,0000063D,false,Rx,0,8,0,80,0,0,0,0,0,0
1882517,123,false,Rx,0,8,11,3,0,0,0,0,1,35
1882535,0000063E,false,Rx,0,8,FF,FF,FF,FF,FF,FF,FF,FF
1882666,124,false,Rx,0,8,0,0,0A,0,0,0,20,40
1883633,0000063F,false,Rx,0,8,0,10,0,C4,FF,0,0,0
1883683,405,false,Rx,0,8,BD,30,0,0,0,1,0,0
1883701,413,false,Rx,0,8,6F,30,0,0,0,0,0,0
1883718,410,false,Rx,0,8,4B,80,59,3C,16,6B,FF,FF
1883736,414,false,Rx,0,8,F0,10,0,0,28,0,0,0
1884591,411,false,Rx,0,8,A8,1,50,50,0,0,44,4
1884615,416,false,Rx,0,8,55,0,0,0,0,0,0,0
1884633,412,false,Rx,0,8,6D,60,0,0,0,0,0,0
1885702,417,false,Rx,0,8,5F,20,0,0,0,0,0,0
1885727,0000048F,false,Rx,0,8,AD,10,41,0,5,0,0,0
1885744,418,false,Rx,0,8,19,70,0,0,12,0C,0,0
1885762,640,false,Rx,0,8,FF,FF,FF,0,FF,FF,FF,0
1885780,419,false,Rx,0,8,13,90,8E,D6,69,86,90,0
1886983,641,false,Rx,0,8,FF,FF,FF,FF,0F,FF,FF,FF
1887018,36,false,Rx,0,8,85,BF,EB,51,0,0,25,1
1887036,646,false,Rx,0,8,0,0,0,80,1,0,0,0
1887054,37,false,Rx,0,8,0,0,0,10,0,40,0,0
1887072,38,false,Rx,0,8,4,0,0,0,90,38,96,D4
1888330,39,false,Rx,0,8,0,0,0,0,0,0,0,0
1889567,61,false,Rx,0,8,53,1C,F1,0,0,0,0,0
1889589,62,false,Rx,0,8,2,2,0,2,40,FF,0,FF
1891126,63,false,Rx,0,8,0,0,5,0,0,8,FD,0
1891161,64,false,Rx,0,8,0,0,0,4,FF,FA,0,0
1891179,000000A1,false,Rx,0,8,F3,A2,F1,1A,0,0,0,0
1891197,000000A2,false,Rx,0,8,0,0,0,0,0,0,0,0
1891215,000000A3,false,Rx,0,8,0,40,1,0,0,0,0,0
1894967,0000011B,false,Rx,0,8,F1,6B,DE,5,80,8,A8,2
1895007,0000012B,false,Rx,0,8,B6,91,DE,6,0,0,8,0
1895025,0000011C,false,Rx,0,8,0,5,20,0,22,0,1,1
1895622,0000012C,false,Rx,0,8,0,0,1,0,0,64,0,0
1895654,000001F6,false,Rx,0,8,47,45,17,0,0,0,0,0E
1895672,151,false,Rx,0,8,74,66,17,A0,C8,0,28,19
1897296,000001F7,false,Rx,0,8,0B,0,0,0,0,0,0,0
1897331,152,false,Rx,0,8,16,18,18,0,0B,0,0,0
1897350,000001F8,false,Rx,0,8,0,0,0,0,0,0,0,0
1897367,153,false,Rx,0,8,0,0,0,0,0,0,0,0
1897385,000001F9,false,Rx,0,8,0,0,A0,C8,14,0,0,0
1897402,236,false,Rx,0,8,D6,B8,17,0,6E,3C,34,6C
1899904,000002FB,false,Rx,0,8,28,4F,17,4,5F,1A,CC,CC
1899956,237,false,Rx,0,8,0,15,BA,0,0,AA,1E,0
1899974,000002FC,false,Rx,0,8,3,0,16,19,0,0,8E,BF
1899991,238,false,Rx,0,8,0,0,5F,0,0,0,0,0
1900009,000002FD,false,Rx,0,8,0,0,0,0,0,1C,0E,EA
1900027,000001BC,false,Rx,0,8,32,0,0,0,2,0,0,0
1900570,0000025D,false,Rx,0,8,0,C8,0,0,0,80,C0,70
1900592,000001BD,false,Rx,0,8,0,0,0,0,0,0,0,0
1901565,0000025E,false,Rx,0,8,4,7,0E,1,0,0,0,0
1901584,000001E7,false,Rx,0,8,0,0,22,3,20,1,0,0
1901602,000002FE,false,Rx,0,8,0,0,72,1,0,28,0,0
1901619,382,false,Rx,0,8,F1,7A,1,0,0,1,8,0
1903764,326,false,Rx,0,8,BD,1B,17,0,0,0,0,0
1904064,327,false,Rx,0,8,0,0,0,0,5,0,0,0
1904092,328,false,Rx,0,8,0,0,0,0,0,0,0,0
1905145,329,false,Rx,0,8,A0,0,0,0,0,0,0,0
1905393,331,false,Rx,0,8,AE,54,17,F1,C8,A0,2C,97
1906487,0000010B,false,Rx,0,8,21,59,ED,0,0,0,0,5
1906522,0000010C,false,Rx,0,8,FF,F9,E7,1F,46,44,46,46
1906905,0000010D,false,Rx,0,8,10,3,0,0,0,0,1,35
1907756,0000010E,false,Rx,0,8,0,0,0A,0,0,C0,AB,57
1907794,000002AB,false,Rx,0,8,F4,A8,18,0C,0C,0,0,0
1907811,000002AC,false,Rx,0,8,0,FF,FF,0,0,40,0,50
1907829,000002AD,false,Rx,0,8,0,1,0,40,FF,FF,FF,0F
1907847,000002AE,false,Rx,0,8,1,0,FF,3F,1,1,0,0
1908578,000002B7,false,Rx,0,8,8,2,F0,0,0,4,0,0
1908611,251,false,Rx,0,8,0E,9C,17,0,0,0,0,0
1908628,000002B8,false,Rx,0,8,AA,11,11,0,0,0,0,0
1908646,252,false,Rx,0,8,0,0,0,0,3,0,0,0
1909584,000002B9,false,Rx,0,8,0A,0,0,0,0,0,0,0
1909611,253,false,Rx,0,8,0,0,0,51,51,0,80,44
1909629,000002E1,false,Rx,0,8,D7,8D,18,0,0,0,0,40
1909647,396,false,Rx,0,8,D1,96,8B,0F,8,1,0,2
1910572,000002E2,false,Rx,0,8,FD,0,0,0,0,14,0,4
1910593,397,false,Rx,0,8,35,0,0,0,0,0,0,0
1910611,000002E3,false,Rx,0,8,0,0,0,0,0,0,72,1
1910629,398,false,Rx,0,8,0,0,0,0,0,0,0,0
1911568,000002E4,false,Rx,0,8,2,0,0,0,0,0,0,0
1917595,383,false,Rx,0,8,12,ED,1,0,2,0,0,0
1922563,0000019B,false,Rx,0,8,2E,62,EB,0,0,E4,0,0
1922585,0000019C,false,Rx,0,8,40,20,0,0,0,0,0B,9
1922603,0000019D,false,Rx,0,8,0,10,0,1,0,0,0,0
1923567,0000019E,false,Rx,0,8,15,0,0,0,0,32,0,0
1923587,000002D6,false,Rx,0,8,76,2B,8B,0,0,0,0,0
1923605,000002EB,false,Rx,0,8,1F,38,8B,9,8,1,0,2
1924588,000002D7,false,Rx,0,8,0,0,0,0,3,0,0,0
1924614,000002EC,false,Rx,0,8,17,0,0,0,0,0,0,0
1924632,000002D8,false,Rx,0,8,0,0,0,0,0,0,38,45
1924649,000002ED,false,Rx,0,8,0,0,0,0,0,0,0,0
1925570,000002D9,false,Rx,0,8,0,0,0,0,0,0,0,0
1925594,000002EE,false,Rx,0,8,0,0,0,0,0,0,0,0
1925612,000001AB,false,Rx,0,8,59,F0,BE,50,70,38,0,0
1925630,226,false,Rx,0,8,38,D1,F3,FF,43,E1,5,42
1926585,000001AC,false,Rx,0,8,0,28,0,0,0,0,0,0
1926609,227,false,Rx,0,8,2,70,E1,8,0,F2,17,4
1926627,000003A1,false,Rx,0,8,BF,BE,9C,0,FF,FF,FF,FF
1926644,000003A2,false,Rx,0,8,0,0,0,0,0,0,0,0
1928304,356,false,Rx,0,8,49,FC,8C,0,0,0,0,0
1928337,357,false,Rx,0,8,0,0,0,0,0,4B,4D,48
1928356,358,false,Rx,0,8,35,41,45,4D,52,37,33,4F
1928373,359,false,Rx,0,8,51,4F,34,52,4A,35,33,0
1931568,121,false,Rx,0,8,4,33,EE,0,0,0,0,5
1932594,122,false,Rx,0,8,FF,D9,67,1F,46,46,46,46
1932634,123,false,Rx,0,8,11,3,0,0,0,0,1,35
1932849,124,false,Rx,0,8,0,0,0A,0,0,0,20,40
1935061,161,false,Rx,0,8,3C,96,71,3,0,0,0,2
1935095,162,false,Rx,0,8,FF,FC,1,0,0,0,0,0
1936602,36,false,Rx,0,8,F8,7A,F0,51,0,0,25,1
1936642,37,false,Rx,0,8,0,0,0,10,0,40,0,0
1936661,38,false,Rx,0,8,4,0,0,0,90,38,96,D4
1937566,39,false,Rx,0,8,0,0,0,0,0,0,0,0
1938571,384,false,Rx,0,8,E9,DC,2,0,0,FF,0,21
1938591,000003B6,false,Rx,0,8,64,BA,8A,0,0,0,0,46
1939572,000003B7,false,Rx,0,8,46,0,0,0,0,0,0,0
1939594,000003B8,false,Rx,0,8,0C,3,0,0,0,0,69,0E
1939612,61,false,Rx,0,8,A0,82,F6,0,0,0,0,0
1939630,000003B9,false,Rx,0,8,0,0,0,0,0,0,0,0
1940569,62,false,Rx,0,8,2,2,0,2,40,FF,0,FF
1940592,63,false,Rx,0,8,0,0,5,0,0,8,FD,0
1940610,64,false,Rx,0,8,0,0,0,4,FF,FA,0,0
1940628,394,false,Rx,0,8,2A,22,1A,49,0,0,0,0
1941566,000000A1,false,Rx,0,8,FA,27,F6,1A,0,0,0,0
1941586,000003C3,false,Rx,0,8,45,10,31,30,36,0,0,0
1941604,000000A2,false,Rx,0,8,0,0,0,0,0,0,0,0
1941622,000003E0,false,Rx,0,8,66,20,1,0,54,3,0,0
1942562,91,false,Rx,0,8,C0,84,16,0,0,0,0,0
1942586,92,false,Rx,0,8,0,0,0,0,0,0,0,0
1942604,93,false,Rx,0,8,0,0,0,0,0,0,0,0
1942627,94,false,Rx,0,8,0,0,0,0,0,0,0,0
1943608,000000A3,false,Rx,0,8,0,40,1,0,0,0,0,0
1943632,000003E5,false,Rx,0,8,37,80,1,0,0,0,0,0
1943650,000000FF,false,Rx,0,8,CB,10,0,0,0,0,2,0
1943668,000003E6,false,Rx,0,8,67,90,0,0,0,0,0,0
1943940,0000041A,false,Rx,0,8,8D,D0,12,0,0,0,0,0
1944636,000001F1,false,Rx,0,8,70,EC,FE,1,0,0,28,0
1944658,0000011B,false,Rx,0,8,9C,37,E3,5,80,8,A8,2
1944676,0000012B,false,Rx,0,8,DB,CD,E3,6,0,0,8,0
1945731,0000011C,false,Rx,0,8,0,5,20,0,22,0,1,1
1945766,0000012C,false,Rx,0,8,0,0,1,0,0,64,0,0
1945784,000001F2,false,Rx,0,8,0,0,0,0,0,0,0,0
1946627,0000041B,false,Rx,0,8,70,D0,0,0,0,0,0,0
1947562,0000041C,false,Rx,0,8,48,0,E0,0,0,0,0,0
1947580,422,false,Rx,0,8,9D,70,1,0,0,0,4,0
1948575,432,false,Rx,0,8,3,20,2,0,0,0,0,0
1948597,435,false,Rx,0,8,26,C0,0,40,0,0,0,0
1948614,442,false,Rx,0,8,CE,20,11,81,0,0,0,0
1948632,444,false,Rx,0,8,D5,20,20,50,55,50,0,0
1949568,445,false,Rx,0,8,C6,C0,0,0,0,0,0,18
1950563,464,false,Rx,0,8,D5,20,F0,FF,38,7F,5,0
1951569,146,false,Rx,0,8,5,EB,6E,10,4,1,0,0
1952564,147,false,Rx,0,8,0,4,7D,0,40,0,0,0
1952583,148,false,Rx,0,8,0,0,0,0,0,90,40,5
1952600,149,false,Rx,0,8,0,0,0,0,0,0,0,0
1953568,000003AA,false,Rx,0,8,FF,0,B0,0,54,0,0,0
1954564,495,false,Rx,0,8,49,0,0,0,0,0,0,0
1956569,0000010B,false,Rx,0,8,65,E9,F2,0,0,0,0,5
1956591,0000010C,false,Rx,0,8,FF,F9,E7,1F,46,44,46,46
1956608,0000010D,false,Rx,0,8,10,3,0,0,0,0,1,35
1956626,0000010E,false,Rx,0,8,0,0,0A,0,0,C0,AB,57
1957570,000001B1,false,Rx,0,8,0,76,6E,0,72,0,0,0
1957596,000001B2,false,Rx,0,8,23,0,4,0F,0F,7,52,10
1957614,000001B3,false,Rx,0,8,10,2C,0,0,87,91,96,90
1957631,000001B4,false,Rx,0,8,95,91,17,0,0,40,1,0
1958574,565,false,Rx,0,8,66,2,0,0,0,0,FF,FF
1963566,0000036F,false,Rx,0,8,FE,1,1,0,0,0,0,0
1963594,0000037F,false,Rx,0,8,55,90,52,24,41,2,0,0
1963612,487,false,Rx,0,8,0,0,0,0,0,0,0,0
1963630,380,false,Rx,0,8,AD,D7,FF,0,0,0,0,1
1964567,642,false,Rx,0,8,FF,FF,FF,FF,FF,FF,0,0
1964589,645,false,Rx,0,8,C7,35,6,79,E0,32,56,0
1965567,000001A1,false,Rx,0,8,76,96,72,FE,F7,7F,64,0
1965588,000001A2,false,Rx,0,8,0,0,0,0,0,8,0,0
1965605,000001A3,false,Rx,0,8,FF,F3,3F,0,0,0,0,0
1966566,000001A4,false,Rx,0,8,FE,7,0,0,0,0,0,0
1967567,000003B0,false,Rx,0,8,72,37,FF,C7,0,0,3,C0
1968567,000003B1,false,Rx,0,8,9B,3C,FF,40,0,0,20,0
1969570,448,false,Rx,0,8,0,C0,0,0,0,0,0,0
1972566,0000019B,false,Rx,0,8,53,A7,F0,0,0,E4,0,0
1972588,0000019C,false,Rx,0,8,40,20,0,0,0,0,0B,9
1972605,0000019D,false,Rx,0,8,0,10,0,1,0,0,0,0
1973567,0000019E,false,Rx,0,8,15,0,0,0,0,32,0,0
1975566,000001E1,false,Rx,0,8,7D,DE,2E,2,0,0,0,0
1975588,000001E2,false,Rx,0,8,0,0,0,0,0,0,0,0
1978565,000003B2,false,Rx,0,8,36,15,FF,2,29,2F,34,0
1981566,121,false,Rx,0,8,CC,31,F3,0,0,0,0,5
1981588,122,false,Rx,0,8,FF,D9,67,1F,46,46,46,46
1981612,123,false,Rx,0,8,11,3,0,0,0,0,1,35
1981630,124,false,Rx,0,8,0,0,0A,0,0,0,20,40
1982568,427,false,Rx,0,8,1D,86,FF,0,80,0A,0,0
1986566,36,false,Rx,0,8,87,56,F5,51,0,0,25,1
1986588,37,false,Rx,0,8,0,0,0,10,0,40,0,0
1986606,38,false,Rx,0,8,4,0,0,0,90,38,96,D4
1987567,39,false,Rx,0,8,0,0,0,0,0,0,0,0
1989749,61,false,Rx,0,8,AD,44,FB,0,0,0,0,0
1989799,62,false,Rx,0,8,2,2,0,2,40,FF,0,FF
1989819,63,false,Rx,0,8,0,0,5,0,0,8,FD,0
1990569,64,false,Rx,0,8,0,0,0,4,FF,FA,0,0
1990595,000000A1,false,Rx,0,8,CC,64,FB,1A,0,0,0,0
1990613,000000A2,false,Rx,0,8,0,0,0,0,0,0,0,0
1991589,000000A3,false,Rx,0,8,0,40,1,0,0,0,0,0
1992652,0000042A,false,Rx,0,8,F4,DE,FF,1,0,10,0,0
1995236,0000011B,false,Rx,0,8,54,CE,E8,5,80,8,A8,2
1995272,0000011C,false,Rx,0,8,0,5,20,0,22,0,1,1
1995291,0000012B,false,Rx,0,8,13,34,E8,6,0,0,8,0
1995309,000001FB,false,Rx,0,8,DE,79,17,0,0,0,0,0
1995802,0000012C,false,Rx,0,8,0,0,1,0,0,64,0,0
1995829,000001FC,false,Rx,0,8,0,0,0,0,0,0,0,0
1997196,000001FD,false,Rx,0,8,0,1A,3,0,0,0,0,0
1997231,000001FE,false,Rx,0,8,0,0,0,0,0,0,0,0
2003594,000004A3,false,Rx,0,8,80,0,48,0B,3E,0,0,0
2003633,000004A4,false,Rx,0,8,FF,FF,FF,0,0,0,0,0
2005944,0000010B,false,Rx,0,8,1A,C5,F7,0,0,0,0,5
2005982,0000010C,false,Rx,0,8,FF,F9,E7,1F,46,44,46,46
2007327,0000010D,false,Rx,0,8,10,3,0,0,0,0,1,35
2007361,0000010E,false,Rx,0,8,0,0,0A,0,0,C0,AB,57
2007551,000002C1,false,Rx,0,8,AC,B9,8D,21,0,41,0,AA
2007571,000002C2,false,Rx,0,8,19,0,0,0,0,0,0,0
2008639,000002C3,false,Rx,0,8,0,0,0,0,0,0,0,0
2008673,000002C4,false,Rx,0,8,0,0,0,0,0,0,0,0
2022590,0000019B,false,Rx,0,8,2C,8B,F5,0,0,E4,0,0
2022630,0000019C,false,Rx,0,8,40,20,0,0,0,0,0B,9
2022648,0000019D,false,Rx,0,8,0,10,0,1,0,0,0,0
2023602,0000019E,false,Rx,0,8,15,0,0,0,0,32,0,0
2025657,000001AB,false,Rx,0,8,1C,20,C3,50,70,38,0,0
2025700,000001AC,false,Rx,0,8,0,28,0,0,0,0,0,0
2025719,000002FF,false,Rx,0,8,E2,1,0,F1,3F,0,0,0
2026759,316,false,Rx,0,8,0,E3,7A,34,14,80,0A,0
2026793,472,false,Rx,0,8,5C,EC,0,40,8,41,0,45
2026832,317,false,Rx,0,8,0,0,5,0,0,0,0,0
2026850,0000033B,false,Rx,0,8,B3,8A,19,0,0,0,0,0
2027575,401,false,Rx,0,8,A9,30,10,0,0,4,0,0
2027597,0000033C,false,Rx,0,8,0,0,0,0,F0,0,0,0
2027615,473,false,Rx,0,8,5F,24,0,25,0,0,0,78
2028571,0000033D,false,Rx,0,8,0,0,0,0,0,0,0,0
2028593,474,false,Rx,0,8,93,44,0,0,0,0,0,14
2028611,0000033E,false,Rx,0,8,0,0,0,0,0,0,0,0
2031143,121,false,Rx,0,8,74,30,F8,0,0,0,0,5
2031179,122,false,Rx,0,8,FF,D9,67,1F,46,46,46,46
2031576,123,false,Rx,0,8,11,3,0,0,0,0,1,35
2033404,124,false,Rx,0,8,0,0,0A,0,0,0,20,40
2034862,161,false,Rx,0,8,A3,FE,76,3,0,0,0,2
2034897,162,false,Rx,0,8,FF,FC,1,0,0,0,0,0
2036117,36,false,Rx,0,8,6,22,FA,51,0,0,25,1
2037713,37,false,Rx,0,8,0,0,0,10,0,40,0,0
2039019,38,false,Rx,0,8,4,0,0,0,90,38,96,D4
2039095,39,false,Rx,0,8,0,0,0,0,0,0,0,0
2039114,000002E6,false,Rx,0,8,F6,A0,16,1,0,0,0,15
2039132,256,false,Rx,0,8,7B,E8,16,15,40,0,E0,0
2040386,000002E7,false,Rx,0,8,0A,0,0,0,0,0,0,0
2040439,257,false,Rx,0,8,0,93,41,18,86,7,0,93
2040461,258,false,Rx,0,8,0B,72,1E,0,10,15,0,28
2040478,61,false,Rx,0,8,E2,7D,0,0,0,0,0,0
2040496,259,false,Rx,0,8,50,5,8A,3C,4C,2,0,0
2040513,63,false,Rx,0,8,0,0,5,0,0,8,FD,0
2041580,64,false,Rx,0,8,0,0,0,4,FF,FA,0,0
2041607,000000A1,false,Rx,0,8,B2,66,0,1A,0,0,0,0
2041626,000000A2,false,Rx,0,8,0,0,0,0,0,0,0,0
2042601,91,false,Rx,0,8,86,DD,17,0,0,0,0,0
2042636,92,false,Rx,0,8,0,0,0,0,0,0,0,0
2042996,93,false,Rx,0,8,0,0,0,0,0,0,0,0
2043022,94,false,Rx,0,8,0,0,0,0,0,0,0,0
2043040,000000A3,false,Rx,0,8,0,40,1,0,0,0,0,0
2044571,0000011B,false,Rx,0,8,A2,E6,ED,5,80,8,A8,2
2046363,0000012B,false,Rx,0,8,E5,1C,ED,6,0,0,8,0
2046399,0000011C,false,Rx,0,8,0,5,20,0,22,0,1,1
2046417,0000012C,false,Rx,0,8,0,0,1,0,0,64,0,0
2049615,000002BF,false,Rx,0,8,FF,FF,FF,0,0,0,0,0
2049655,000001E6,false,Rx,0,8,9D,92,2E,2,0,0,0,0
2049672,0000047F,false,Rx,0,8,FF,FF,FF,FF,FF,FF,F3,FF
2049690,000001BB,false,Rx,0,8,79,0D,2E,2,0,0,0,0A
2049708,653,false,Rx,0,8,0A,19,3,1,2,2A,0,0
2050624,000001BC,false,Rx,0,8,32,0,0,0,2,0,0,0
2050657,000001BD,false,Rx,0,8,0,0,0,0,0,0,0,0
2050675,000001E7,false,Rx,0,8,0,0,22,3,20,1,0,0
2051568,146,false,Rx,0,8,CD,E9,73,10,4,1,0,0
2052611,147,false,Rx,0,8,0,4,7D,0,40,0,0,0
2052648,148,false,Rx,0,8,0,0,0,0,0,90,40,5
2052665,149,false,Rx,0,8,0,0,0,0,0,0,0,0
2054281,566,false,Rx,0,8,16,2,0,0,0,0,FF,FF
2056582,0000010B,false,Rx,0,8,A2,C4,FC,0,0,0,0,5
2056611,0000010C,false,Rx,0,8,FF,F9,E7,1F,46,44,46,46
2056629,0000010D,false,Rx,0,8,10,3,0,0,0,0,1,35
2056653,0000010E,false,Rx,0,8,0,0,0A,0,0,C0,AB,57
2056670,000001B1,false,Rx,0,8,C8,74,73,0,72,0,0,0
2057571,000001B2,false,Rx,0,8,23,0,4,0F,0F,7,52,10
2057590,000001B3,false,Rx,0,8,10,2C,0,0,87,91,96,90
2057608,000001B4,false,Rx,0,8,95,91,17,0,0,40,1,0
2060604,475,false,Rx,0,8,12,0,0,0,0,0,0,0
2060643,496,false,Rx,0,8,12,0,0,0,0,0,0,0
2063581,0000036F,false,Rx,0,8,47,11,1,0,0,0,0,0
2063615,0000037F,false,Rx,0,8,83,A0,52,24,41,2,0,0
2065726,111,false,Rx,0,8,88,1D,81,1,0,0,0,0
2065761,112,false,Rx,0,8,0,0,0,0,0,0,0,0
2065779,113,false,Rx,0,8,0,0,0,0,0,0,0,0
2065797,000001A1,false,Rx,0,8,9,BA,77,FE,F7,7F,64,0
2065815,114,false,Rx,0,8,0,0,0,0,0,0,0,0
2065833,000001A3,false,Rx,0,8,FF,F3,3F,0,0,0,0,0
2066903,000001A4,false,Rx,0,8,FE,7,0,0,0,0,0,0
2072593,0000019B,false,Rx,0,8,AD,FF,FA,0,0,E4,0,0
2072631,0000019C,false,Rx,0,8,40,20,0,0,0,0,0B,9
2072651,0000019D,false,Rx,0,8,0,10,0,1,0,0,0,0
2073604,0000019E,false,Rx,0,8,15,0,0,0,0,32,0,0
2073637,000000C5,false,Rx,0,8,0,0,0,0,0,0,0,0
2073655,244,false,Rx,0,8,FF,FF,FF,FF,FF,FF,FF,FF
2074665,000003E4,false,Rx,0,8,FE,0,0,0,0,0,0,0
2074700,0000041F,false,Rx,0,8,0,0C,0,0,0,0,0,0
2074719,000004B4,false,Rx,0,8,0,0,0,0,0,0,0,0
2074736,000004B5,false,Rx,0,8,8,0,F0,7,0,0,0,0
2076008,000004B7,false,Rx,0,8,8,0,F0,7,0,0,0,0
2076042,000004CA,false,Rx,0,8,0,0,0,0,0,0,0,0
2076060,000004CC,false,Rx,0,8,8,0,0,6,0,0,3,0
2076078,000004CE,false,Rx,0,8,14,1,FF,FF,FF,FF,FF,FF
2077310,000004D7,false,Rx,0,8,23,1,0,0,0,0,0,0
2077392,0000030B,false,Rx,0,8,63,C1,19,0,4,0,0,0
2077561,000004D8,false,Rx,0,8,41,10,F0,F0,40,F2,1E,CC
2077579,0000030C,false,Rx,0,8,0,0,0E,0,2C,0,A0,0F
2077606,000004DD,false,Rx,0,8,0,0,FE,0,4,0,0,0
2077624,0000030D,false,Rx,0,8,0,0,0,0,48,0,0,0
2077641,0000030E,false,Rx,0,8,0,0,38,5,21,0,0,4
2079213,000004E7,false,Rx,0,8,0,30,0,0,0,0,69,0
2080076,000004E8,false,Rx,0,8,FF,FF,FF,5,FF,FF,FF,0
2080095,000004E9,false,Rx,0,8,12,0,0,34,0,0,50,0
2080631,000004EC,false,Rx,0,8,0,0,0,0,0,0,0,0
2080659,0000063D,false,Rx,0,8,0,80,0,0,0,0,0,0
2082587,641,false,Rx,0,8,FF,FF,FF,FF,0F,FF,FF,FF
2082610,123,false,Rx,0,8,11,3,0,0,0,0,1,35
2082628,646,false,Rx,0,8,0,0,0,80,1,0,0,0
2082646,124,false,Rx,0,8,0,0,0A,0,0,0,20,40
2083569,405,false,Rx,0,8,BD,30,0,0,0,1,0,0
2083590,413,false,Rx,0,8,6F,30,0,0,0,0,0,0
2083614,410,false,Rx,0,8,4B,80,59,3C,16,6B,FF,FF
2083631,414,false,Rx,0,8,F0,10,0,0,28,0,0,0
2084597,411,false,Rx,0,8,A8,1,50,50,0,0,44,4
2084623,416,false,Rx,0,8,55,0,0,0,0,0,0,0
2084640,412,false,Rx,0,8,6D,60,0,0,0,0,0,0
2084658,417,false,Rx,0,8,5F,20,0,0,0,0,0,0
2085869,418,false,Rx,0,8,19,70,0,0,12,0C,0,0
2085903,419,false,Rx,0,8,13,90,8E,D6,69,86,90,0
2087223,36,false,Rx,0,8,79,0E,FF,51,0,0,25,1
2087258,37,false,Rx,0,8,0,0,0,10,0,40,0,0
2087276,38,false,Rx,0,8,4,0,0,0,90,38,96,D4
2087601,39,false,Rx,0,8,0,0,0,0,0,0,0,0
2089588,61,false,Rx,0,8,9D,51,5,0,0,0,0,0
2089628,62,false,Rx,0,8,2,2,0,2,40,FF,0,FF
2090789,63,false,Rx,0,8,0,0,5,0,0,8,FD,0
2091177,64,false,Rx,0,8,0,0,0,4,FF,FA,0,0
2091202,000000A1,false,Rx,0,8,BD,8D,5,1A,0,0,0,0
2091221,000000A2,false,Rx,0,8,0,0,0,0,0,0,0,0
2092295,000000A3,false,Rx,0,8,0,40,1,0,0,0,0,0
2094988,000001F1,false,Rx,0,8,2D,74,1,1,0,0,28,0
2095024,000001F2,false,Rx,0,8,0,0,0,0,0,0,0,0
2095042,0000011B,false,Rx,0,8,B2,BC,F2,5,80,8,A8,2
2095436,0000012B,false,Rx,0,8,F5,46,F2,6,0,0,8,0
2095462,0000011C,false,Rx,0,8,0,5,20,0,22,0,1,1
2095480,0000012C,false,Rx,0,8,0,0,1,0,0,64,0,0
2095576,000001F6,false,Rx,0,8,80,68,19,0,0,0,0,0E
2096726,151,false,Rx,0,8,B3,4B,19,A0,C8,0,28,19
2096760,000001F7,false,Rx,0,8,0B,0,0,0,0,0,0,0
2096791,152,false,Rx,0,8,16,18,18,0,0B,0,0,0
2096809,000001F8,false,Rx,0,8,0,0,0,0,0,0,0,0
2096826,153,false,Rx,0,8,0,0,0,0,0,0,0,0
2097570,000001F9,false,Rx,0,8,0,0,A0,C8,14,0,0,0
2097595,154,false,Rx,0,8,0,0,0,0,0,0,0,0
2097613,236,false,Rx,0,8,11,95,19,0,6E,3C,34,6C
2098589,000002FB,false,Rx,0,8,EF,62,19,4,5F,1A,CC,CC
2098614,237,false,Rx,0,8,0,15,BA,0,0,AA,1E,0
2098631,000002FC,false,Rx,0,8,3,0,16,19,0,0,8E,BF
2099597,238,false,Rx,0,8,0,0,5F,0,0,0,0,0
2099972,000002FD,false,Rx,0,8,0,0,0,0,0,1C,0E,EA
2099995,239,false,Rx,0,8,0,0,0,0,1,0,0,0
2100014,000002FE,false,Rx,0,8,0,0,72,1,0,28,0,0
2100031,0000025B,false,Rx,0,8,46,58,19,40,40,20,0,0
2100049,326,false,Rx,0,8,7A,36,19,0,0,0,0,0
2101127,327,false,Rx,0,8,0,0,0,0,5,0,0,0
2101177,0000025D,false,Rx,0,8,0,C8,0,0,0,80,C0,70
2101195,328,false,Rx,0,8,0,0,0,0,0,0,0,0
2101213,0000025E,false,Rx,0,8,2D,7,0E,4,0,0,0,0
2101231,329,false,Rx,0,8,A0,0,0,0,0,0,0,0
2102516,382,false,Rx,0,8,F1,7A,1,0,0,1,8,0
2103721,331,false,Rx,0,8,69,79,19,F1,C8,A0,2C,97
2103752,332,false,Rx,0,8,94,2,0,0,0,0,0,0
2103769,333,false,Rx,0,8,0,0,0,1C,0C,40,20,A0
2104141,334,false,Rx,0,8,C8,0,0,0,AC,70,1D,90
2106626,0000010B,false,Rx,0,8,58,3A,1,0,0,0,0,5
2106663,0000010C,false,Rx,0,8,FF,F9,E7,1F,46,44,46,46
2106681,0000010D,false,Rx,0,8,10,3,0,0,0,0,1,35
2106699,0000010E,false,Rx,0,8,0,0,0A,0,0,C0,AB,57
2106717,000002AB,false,Rx,0,8,78,1A,1A,0C,0C,0,0,0
2107091,000002AC,false,Rx,0,8,0,FF,FF,0,0,40,0,50
2108455,000002AD,false,Rx,0,8,0,1,0,40,FF,FF,FF,0F
2108905,000002AE,false,Rx,0,8,1,0,FF,3F,1,1,0,0
2108927,000002B6,false,Rx,0,8,0A,6B,1A,1,0,0,0,40
2108945,000002B7,false,Rx,0,8,8,2,F0,0,0,4,0,0
2110223,251,false,Rx,0,8,3D,86,19,0,0,0,0,0
2110262,252,false,Rx,0,8,0,0,0,0,3,0,0,0
2110280,253,false,Rx,0,8,0,0,0,51,51,0,80,44
2110312,000002E1,false,Rx,0,8,5B,3F,1A,0,0,0,0,40
2110330,396,false,Rx,0,8,A6,15,8C,0F,8,1,0,2
2110348,000002E3,false,Rx,0,8,0,0,0,0,0,0,72,1
2111372,398,false,Rx,0,8,0,0,0,0,0,0,0,0
2111408,000002E4,false,Rx,0,8,2,0,0,0,0,0,0,0
2117591,383,false,Rx,0,8,12,ED,1,0,2,0,0,0
2120586,415,false,Rx,0,8,40,13,10,0,8,1,0,0
2122707,0000019B,false,Rx,0,8,D2,D3,FF,0,0,E4,0,0
2122763,0000019C,false,Rx,0,8,40,20,0,0,0,0,0B,9
2122782,0000019D,false,Rx,0,8,0,10,0,1,0,0,0,0
2122799,0000019E,false,Rx,0,8,15,0,0,0,0,32,0,0
2123670,000002D6,false,Rx,0,8,85,B5,8C,0,0,0,0,0
2123715,000002EB,false,Rx,0,8,68,1B,8C,8,8,1,0,2
2123733,000002D7,false,Rx,0,8,0,0,0,0,3,0,0,0
2124933,000002EC,false,Rx,0,8,1F,0,0,0,0,0,0,0
2124969,000001AB,false,Rx,0,8,D4,D9,C8,50,70,38,0,0
2124987,000002D8,false,Rx,0,8,0,0,0,0,0,0,38,45
2125005,000001AC,false,Rx,0,8,0,28,0,0,0,0,0,0
2125416,000002D9,false,Rx,0,8,0,0,0,0,0,0,0,0
2125454,000002ED,false,Rx,0,8,0,0,0,0,0,0,0,0
2125477,000001E1,false,Rx,0,8,6D,84,31,2,0,0,0,0
2126807,226,false,Rx,0,8,83,11,F5,FF,43,E1,5,42
2126843,000001E2,false,Rx,0,8,0,0,0,0,0,0,0,0
2126878,227,false,Rx,0,8,2,70,E1,8,0,F2,17,4
2126896,000002EE,false,Rx,0,8,0,0,0,0,0,0,0,0
2126913,000003A1,false,Rx,0,8,9B,16,9D,0,FF,FF,FF,FF
2126931,000003A2,false,Rx,0,8,0,0,0,0,0,0,0,0
2128522,356,false,Rx,0,8,0F,A5,8D,0,0,0,0,0
2128682,357,false,Rx,0,8,0,0,0,0,0,4B,4D,48
2128700,358,false,Rx,0,8,35,41,45,4D,52,37,33,4F
2128718,359,false,Rx,0,8,51,4F,34,52,4A,35,33,0
2132463,121,false,Rx,0,8,7D,50,2,0,0,0,0,5
2132499,122,false,Rx,0,8,FF,D9,67,1F,46,46,46,46
2132517,123,false,Rx,0,8,11,3,0,0,0,0,1,35
2132535,124,false,Rx,0,8,0,0,0A,0,0,0,20,40
2135232,161,false,Rx,0,8,D0,C7,7B,3,0,0,0,2
2135267,162,false,Rx,0,8,FF,FC,1,0,0,0,0,0
2136884,36,false,Rx,0,8,36,37,4,51,0,0,25,1
2136919,37,false,Rx,0,8,0,0,0,10,0,40,0,0
2136937,38,false,Rx,0,8,4,0,0,0,90,38,96,D4
2136955,39,false,Rx,0,8,0,0,0,0,0,0,0,0
2139272,384,false,Rx,0,8,E9,DC,2,0,0,FF,0,21
2139699,000003B6,false,Rx,0,8,22,E3,8B,0,0,0,0,46
2139724,000003B7,false,Rx,0,8,46,0,0,0,0,0,0,0
2139741,000003B8,false,Rx,0,8,0C,3,0,0,0,0,69,0E
2139759,000000FF,false,Rx,0,8,CB,10,0,0,0,0,2,0
2139777,000003B9,false,Rx,0,8,0,0,0,0,0,0,0,0
2141011,61,false,Rx,0,8,1C,25,0A,0,0,0,0,0
2141111,62,false,Rx,0,8,2,2,0,2,40,FF,0,FF
2141130,394,false,Rx,0,8,2A,22,1A,49,0,0,0,0
2141147,63,false,Rx,0,8,0,0,5,0,0,8,FD,0
2143474,64,false,Rx,0,8,0,0,0,4,FF,FA,0,0
2144960,000003C3,false,Rx,0,8,45,10,31,30,36,0,0,0
2145037,000000A1,false,Rx,0,8,8D,A0,0A,1A,0,0,0,0
2145055,000003E0,false,Rx,0,8,66,20,1,0,54,3,0,0
2145073,91,false,Rx,0,8,7,A9,18,0,0,0,0,0
2145091,94,false,Rx,0,8,0,0,0,0,0,0,0,0
2145108,000000A3,false,Rx,0,8,0,40,1,0,0,0,0,0
2145592,0000012C,false,Rx,0,8,0,0,1,0,0,64,0,0
2146811,0000041C,false,Rx,0,8,48,0,E0,0,0,0,0,0
2148089,422,false,Rx,0,8,9D,70,1,0,0,0,4,0
2148116,432,false,Rx,0,8,3,20,2,0,0,0,0,0
2148134,435,false,Rx,0,8,26,C0,0,40,0,0,0,0
2149191,442,false,Rx,0,8,CE,20,11,81,0,0,0,0
2149232,444,false,Rx,0,8,D5,20,20,50,55,50,0,0
2149250,445,false,Rx,0,8,C6,C0,0,0,0,0,0,18
2149268,464,false,Rx,0,8,D5,20,F0,FF,38,7F,5,0
2151788,146,false,Rx,0,8,75,E8,78,10,4,1,0,0
2152238,147,false,Rx,0,8,0,4,7D,0,40,0,0,0
2152260,148,false,Rx,0,8,0,0,0,0,0,90,40,5
2152278,149,false,Rx,0,8,0,0,0,0,0,0,0,0
2153704,516,false,Rx,0,8,61,2,0,0,0,0,FF,FF
2153739,000003AA,false,Rx,0,8,FF,0,B0,0,54,0,0,0
2153757,495,false,Rx,0,8,49,0,0,0,0,0,0,0
2156467,0000010B,false,Rx,0,8,AB,A4,6,0,0,0,0,5
2156502,0000010C,false,Rx,0,8,FF,F9,E7,1F,46,44,46,46
2158205,0000010D,false,Rx,0,8,10,3,0,0,0,0,1,35
2158292,0000010E,false,Rx,0,8,0,0,0A,0,0,C0,AB,57
2158310,000001B1,false,Rx,0,8,70,75,78,0,72,0,0,0
2158328,000001B2,false,Rx,0,8,23,0,4,0F,0F,7,52,10
2158345,000001B3,false,Rx,0,8,10,2C,0,0,87,91,96,90
2158363,000001B4,false,Rx,0,8,95,91,17,0,0,40,1,0
2163582,0000036F,false,Rx,0,8,91,21,1,0,0,0,0,0
2163610,0000037F,false,Rx,0,8,3A,B0,52,24,41,2,0,0
2163627,380,false,Rx,0,8,AD,D7,FF,0,0,0,0,1
2165565,000001A1,false,Rx,0,8,B1,BB,7C,FE,F7,7F,64,0
2165590,000001A2,false,Rx,0,8,0,0,0,0,0,8,0,0
2165608,000001A3,false,Rx,0,8,FF,F3,3F,0,0,0,0,0
2165626,487,false,Rx,0,8,0,0,0,0,0,0,0,0
2166566,000001A4,false,Rx,0,8,FE,7,0,0,0,0,0,0
2166589,642,false,Rx,0,8,FF,FF,FF,FF,FF,FF,0,0
2166607,000003B0,false,Rx,0,8,72,37,FF,C7,0,0,3,C0
2168565,000003B1,false,Rx,0,8,9B,3C,FF,40,0,0,20,0
2169568,448,false,Rx,0,8,0,C0,0,0,0,0,0,0
2172570,0000019B,false,Rx,0,8,9D,EA,4,0,0,E4,0,0
2172592,0000019C,false,Rx,0,8,40,20,0,0,0,0,0B,9
2172610,0000019D,false,Rx,0,8,0,10,0,1,0,0,0,0
2173567,0000019E,false,Rx,0,8,15,0,0,0,0,32,0,0
2175572,643,false,Rx,0,8,0,FC,FF,FF,FF,FF,3,0
2178565,000003B2,false,Rx,0,8,36,15,FF,2,29,2F,34,0
2181565,121,false,Rx,0,8,2,7C,7,0,0,0,0,5
2181586,122,false,Rx,0,8,FF,D9,67,1F,46,46,46,46
2181611,123,false,Rx,0,8,11,3,0,0,0,0,1,35
2181629,124,false,Rx,0,8,0,0,0A,0,0,0,20,40
2182566,427,false,Rx,0,8,1D,86,FF,0,80,0A,0,0
2186572,36,false,Rx,0,8,3B,F1,9,51,0,0,25,1
2186594,37,false,Rx,0,8,0,0,0,10,0,40,0,0
2186611,38,false,Rx,0,8,4,0,0,0,90,38,96,D4
2187566,39,false,Rx,0,8,0,0,0,0,0,0,0,0
2189565,61,false,Rx,0,8,63,9,0F,0,0,0,0,0
2189588,62,false,Rx,0,8,2,2,0,2,40,FF,0,FF
2190576,63,false,Rx,0,8,0,0,5,0,0,8,FD,0
2190597,64,false,Rx,0,8,0,0,0,4,FF,FA,0,0
2190614,000000A1,false,Rx,0,8,82,4B,0F,1A,0,0,0,0
2190632,000000A2,false,Rx,0,8,0,0,0,0,0,0,0,0
2191566,000000A3,false,Rx,0,8,0,40,1,0,0,0,0,0
2192566,0000042A,false,Rx,0,8,F4,DE,FF,1,0,10,0,0
2194565,0000011B,false,Rx,0,8,8C,6D,FC,5,80,8,A8,2
2195567,0000012B,false,Rx,0,8,CB,97,FC,6,0,0,8,0
2195588,0000011C,false,Rx,0,8,0,5,20,0,22,0,1,1
2195606,0000012C,false,Rx,0,8,0,0,1,0,0,64,0,0
2195623,000001FB,false,Rx,0,8,19,54,19,0,0,0,0,0
2196566,000001FC,false,Rx,0,8,0,0,0,0,0,0,0,0
2196589,000001FD,false,Rx,0,8,0,1A,3,0,0,0,0,0
2196607,000001FE,false,Rx,0,8,0,0,0,0,0,0,0,0
2199572,000001E6,false,Rx,0,8,8D,C8,31,2,0,0,0,0
2199593,000001BB,false,Rx,0,8,1A,60,31,2,0,0,0,0A
2199611,000001BC,false,Rx,0,8,32,0,0,0,2,0,0,0
2199629,000001BD,false,Rx,0,8,0,0,0,0,0,0,0,0
2201532,000001E7,false,Rx,0,8,0,0,22,3,20,1,0,0
2206595,0000010B,false,Rx,0,8,A6,62,0B,0,0,0,0,5
2206633,0000010C,false,Rx,0,8,FF,F9,E7,1F,46,44,46,46
2206651,0000010D,false,Rx,0,8,10,3,0,0,0,0,1,35
2206669,000004A3,false,Rx,0,8,80,0,48,0B,3E,0,0,0
2206687,0000010E,false,Rx,0,8,0,0,0A,0,0,C0,AB,57
2207614,000004A4,false,Rx,0,8,FF,FF,FF,0,0,0,0,0
2207647,000002C1,false,Rx,0,8,66,52,8E,21,0,41,0,AA
2207665,000002C2,false,Rx,0,8,19,0,0,0,0,0,0,0
2208895,000002C3,false,Rx,0,8,0,0,0,0,0,0,0,0
2208930,000002C4,false,Rx,0,8,0,0,0,0,0,0,0,0
2222596,0000019B,false,Rx,0,8,90,2C,9,0,0,E4,0,0
2222635,0000019C,false,Rx,0,8,40,20,0,0,0,0,0B,9
2222654,0000019D,false,Rx,0,8,0,10,0,1,0,0,0,0
2223599,0000019E,false,Rx,0,8,15,0,0,0,0,32,0,0
2224666,000001AB,false,Rx,0,8,22,F1,CD,50,70,38,0,0
2224701,000001AC,false,Rx,0,8,0,28,0,0,0,0,0,0
2226514,000002FF,false,Rx,0,8,E2,1,0,F1,3F,0,0,0
2227668,316,false,Rx,0,8,24,4B,7B,34,14,80,0A,0
2227700,317,false,Rx,0,8,0,0,5,0,0,0,0,0
2227718,472,false,Rx,0,8,5C,EC,0,40,8,41,0,45
2227735,473,false,Rx,0,8,5F,24,0,25,0,0,0,78
2227753,474,false,Rx,0,8,93,44,0,0,0,0,0,14
2228597,0000033E,false,Rx,0,8,0,0,0,0,0,0,0,0
2231961,121,false,Rx,0,8,BA,7D,0C,0,0,0,0,5
2231996,122,false,Rx,0,8,FF,D9,67,1F,46,46,46,46
2232014,123,false,Rx,0,8,11,3,0,0,0,0,1,35
2232032,124,false,Rx,0,8,0,0,0A,0,0,0,20,40
2234587,161,false,Rx,0,8,5F,DF,80,3,0,0,0,2
2234623,162,false,Rx,0,8,FF,FC,1,0,0,0,0,0
2237230,36,false,Rx,0,8,C8,6F,0E,51,0,0,25,1
2237266,37,false,Rx,0,8,0,0,0,10,0,40,0,0
2237284,38,false,Rx,0,8,4,0,0,0,90,38,96,D4
2237302,39,false,Rx,0,8,0,0,0,0,0,0,0,0
2238388,000002E6,false,Rx,0,8,31,8D,18,1,0,0,0,15
2238423,256,false,Rx,0,8,79,DD,18,15,40,0,D0,0
2238648,000002E7,false,Rx,0,8,0A,0,0,0,0,0,0,0
2240312,257,false,Rx,0,8,0,93,41,15,86,7,0,93
2240347,000002E8,false,Rx,0,8,0,0,0,0,0,0,0,0
2240365,258,false,Rx,0,8,0B,73,1E,0,10,15,0,28
2240383,61,false,Rx,0,8,1E,CC,14,0,0,0,0,0
2240415,259,false,Rx,0,8,42,5,8A,3C,4C,2,0,0
2240432,63,false,Rx,0,8,0,0,5,0,0,8,FD,0
2241642,0000048B,false,Rx,0,8,DB,D9,B6,1E,1,0,0,0
2242904,64,false,Rx,0,8,0,0,0,4,FF,FA,0,0
2242924,0000048C,false,Rx,0,8,0,0,0,0,0,0,0,0
2242955,000000A1,false,Rx,0,8,ED,FA,14,1A,0,0,0,0
2242973,91,false,Rx,0,8,41,F0,19,0,0,0,0,0
2244517,92,false,Rx,0,8,0,0,0,0,0,0,0,0
2244680,000000A3,false,Rx,0,8,0,40,1,0,0,0,0,0
2244698,000001F1,false,Rx,0,8,DB,5C,4,1,0,0,28,0
2244716,000001F2,false,Rx,0,8,0,0,0,0,0,0,0,0
2244734,0000011B,false,Rx,0,8,B8,B5,1,5,80,8,A8,2
2245903,0000012B,false,Rx,0,8,FF,4F,1,6,0,0,8,0
2246234,0000011C,false,Rx,0,8,0,5,20,0,22,0,1,1
2246252,0000012C,false,Rx,0,8,0,0,1,0,0,64,0,0
2249587,000002BF,false,Rx,0,8,FF,FF,FF,0,0,0,0,0
2249626,0000047F,false,Rx,0,8,FF,FF,FF,FF,FF,FF,F3,FF
2249645,653,false,Rx,0,8,0A,19,3,1,2,2A,0,0
2251584,146,false,Rx,0,8,0A,C4,7D,10,4,1,0,0
2251625,147,false,Rx,0,8,0,4,7D,0,40,0,0,0
2252712,148,false,Rx,0,8,0,0,0,0,0,90,40,5
2252747,149,false,Rx,0,8,0,0,0,0,0,0,0,0
2254410,561,false,Rx,0,8,63,2,0,0,0,0,FF,FF
2256606,0000010B,false,Rx,0,8,DB,A7,10,0,0,0,0,5
2256643,0000010C,false,Rx,0,8,FF,F9,E7,1F,46,44,46,46
2256679,0000010D,false,Rx,0,8,10,3,0,0,0,0,1,35
2256697,0000010E,false,Rx,0,8,0,0,0A,0,0,C0,AB,57
2256715,000001B1,false,Rx,0,8,0F,59,7D,0,72,0,0,0
2257647,000001B2,false,Rx,0,8,23,0,4,0F,0F,7,52,10
2257679,000001B3,false,Rx,0,8,10,2C,0,0,87,91,96,90
2257696,000001B4,false,Rx,0,8,95,91,17,0,0,40,1,0
2260605,475,false,Rx,0,8,12,0,0,0,0,0,0,0
2260647,496,false,Rx,0,8,12,0,0,0,0,0,0,0
2263997,0000036F,false,Rx,0,8,28,31,1,0,0,0,0,0
2264034,0000037F,false,Rx,0,8,32,C0,52,24,41,2,0,0
2264632,111,false,Rx,0,8,42,F6,82,1,0,0,0,0
2264662,112,false,Rx,0,8,0,0,0,0,0,0,0,0
2265982,113,false,Rx,0,8,0,0,0,0,0,0,0,0
2266017,000001A1,false,Rx,0,8,4B,45,81,FE,F7,7F,64,0
2267291,114,false,Rx,0,8,0,0,0,0,0,0,0,0
2267328,000001A2,false,Rx,0,8,0,0,0,0,0,8,0,0
2267346,000001A3,false,Rx,0,8,FF,F3,3F,0,0,0,0,0
2267562,000001A4,false,Rx,0,8,FE,7,0,0,0,0,0,0
2272591,0000019B,false,Rx,0,8,63,B2,0E,0,0,E4,0,0
2272631,0000019C,false,Rx,0,8,40,20,0,0,0,0,0B,9
2272649,0000019D,false,Rx,0,8,0,10,0,1,0,0,0,0
2273601,0000019E,false,Rx,0,8,15,0,0,0,0,32,0,0
2275592,000001E1,false,Rx,0,8,9B,AC,34,2,0,0,0,0
2275627,000001E2,false,Rx,0,8,0,0,0,0,0,0,0,0
2276734,000000C5,false,Rx,0,8,0,0,0,0,0,0,0,0
2276768,244,false,Rx,0,8,FF,FF,FF,FF,FF,FF,FF,FF
2276786,0000030B,false,Rx,0,8,EE,68,1B,0,4,0,0,0
2278413,000004B4,false,Rx,0,8,0,0,0,0,0,0,0,0
2278462,0000030C,false,Rx,0,8,0,0,0E,0,2C,0,A0,0F
2278480,000004B5,false,Rx,0,8,8,0,F0,7,0,0,0,0
2278497,0000030D,false,Rx,0,8,0,0,0,0,48,0,0,0
2278515,000004B7,false,Rx,0,8,8,0,F0,7,0,0,0,0
2278533,000004CA,false,Rx,0,8,0,0,0,0,0,0,0,0
2278809,000004CC,false,Rx,0,8,8,0,0,6,0,0,3,0
2279954,000004CE,false,Rx,0,8,14,1,FF,FF,FF,FF,FF,FF
2281227,000004D7,false,Rx,0,8,23,1,0,0,0,0,0,0
2281276,000004D8,false,Rx,0,8,41,10,F0,F0,40,F2,1E,CC
2281700,000004DD,false,Rx,0,8,0,0,FE,0,4,0,0,0
2281738,000004DF,false,Rx,0,8,FF,3,0C,3F,0,0,0,0
2281758,000004E7,false,Rx,0,8,0,30,0,0,0,0,69,0
2281788,000004E8,false,Rx,0,8,FF,FF,FF,5,FF,FF,FF,0
2281805,000004EA,false,Rx,0,8,67,0,0,89,0,0,0,0
2281823,122,false,Rx,0,8,FF,D9,67,1F,46,46,46,46
2281841,000004EB,false,Rx,0,8,10,80,32,36,80,0,0,0
2282893,123,false,Rx,0,8,11,3,0,0,0,0,1,35
2282926,000004EC,false,Rx,0,8,0,0,0,0,0,0,0,0
2282944,124,false,Rx,0,8,0,0,0A,0,0,0,20,40
2282962,000004ED,false,Rx,0,8,0,0,0,0,0,FF,FF,1F
2284263,405,false,Rx,0,8,BD,30,0,0,0,1,0,0
2284698,413,false,Rx,0,8,6F,30,0,0,0,0,0,0
2284735,410,false,Rx,0,8,4B,80,59,3C,16,6B,FF,FF
2284753,414,false,Rx,0,8,F0,10,0,0,28,0,0,0
2284771,411,false,Rx,0,8,A8,1,50,50,0,0,44,4
2284789,416,false,Rx,0,8,55,0,0,0,0,0,0,0
2284806,417,false,Rx,0,8,5F,20,0,0,0,0,0,0
2286154,000004EE,false,Rx,0,8,FF,FF,0,0,0,0,0,0
2286200,418,false,Rx,0,8,19,70,0,0,12,0C,0,0
2287309,0000063E,false,Rx,0,8,FF,FF,FF,FF,FF,FF,FF,FF
2287344,37,false,Rx,0,8,0,0,0,10,0,40,0,0
2288769,39,false,Rx,0,8,0,0,0,0,0,0,0,0
2288804,641,false,Rx,0,8,FF,FF,FF,FF,0F,FF,FF,FF
2288822,646,false,Rx,0,8,0,0,0,80,1,0,0,0
2289586,61,false,Rx,0,8,13,0A,19,0,0,0,0,0
2289613,62,false,Rx,0,8,2,2,0,2,40,FF,0,FF
2290913,63,false,Rx,0,8,0,0,5,0,0,8,FD,0
2290948,64,false,Rx,0,8,0,0,0,4,FF,FA,0,0
2292105,000000A1,false,Rx,0,8,DB,B9,19,1A,0,0,0,0
2293717,000000A2,false,Rx,0,8,0,0,0,0,0,0,0,0
2293750,000000A3,false,Rx,0,8,0,40,1,0,0,0,0,0
2294846,0000012B,false,Rx,0,8,60,27,6,6,0,0,8,0
2294890,0000011B,false,Rx,0,8,27,DD,6,5,80,8,A8,2
2294909,0000012C,false,Rx,0,8,0,0,1,0,0,64,0,0
2296545,0000011C,false,Rx,0,8,0,5,20,0,22,0,1,1
2296579,151,false,Rx,0,8,3F,F9,1B,A0,C8,0,28,19
2296609,000001F6,false,Rx,0,8,0C,DA,1B,0,0,0,0,0E
2296627,152,false,Rx,0,8,16,18,18,0,0B,0,0,0
2296645,000001F7,false,Rx,0,8,0B,0,0,0,0,0,0,0
2296662,000001F8,false,Rx,0,8,0,0,0,0,0,0,0,0
2297762,154,false,Rx,0,8,0,0,0,0,0,0,0,0
2298188,000001F9,false,Rx,0,8,0,0,A0,C8,14,0,0,0
2298215,000002FB,false,Rx,0,8,63,D0,1B,4,5F,1A,CC,CC
2298233,236,false,Rx,0,8,9D,27,1B,0,6E,3C,34,6C
2298250,000002FC,false,Rx,0,8,3,0,16,19,0,0,8E,BF
2298268,237,false,Rx,0,8,0,15,BA,0,0,AA,1E,0
2298303,000002FD,false,Rx,0,8,0,0,0,0,0,1C,0E,EA
2299301,238,false,Rx,0,8,0,0,5F,0,0,0,0,0
2299335,000002FE,false,Rx,0,8,0,0,72,1,0,28,0,0
2300959,239,false,Rx,0,8,0,0,0,0,1,0,0,0
2302349,326,false,Rx,0,8,F6,84,1B,0,0,0,0,0
2302373,0000025B,false,Rx,0,8,F0,1D,1B,40,40,20,0,0
2302391,327,false,Rx,0,8,0,0,0,0,5,0,0,0
2302409,0000025C,false,Rx,0,8,0,0,0B,0,34,89,19,0
2302426,0000025E,false,Rx,0,8,16,7,0E,2,0,0,0,0
2302444,334,false,Rx,0,8,C8,0,0,0,AC,70,1D,90
2306616,0000010B,false,Rx,0,8,A4,8B,15,0,0,0,0,5
2306784,0000010C,false,Rx,0,8,FF,F9,E7,1F,46,44,46,46
2306802,0000010D,false,Rx,0,8,10,3,0,0,0,0,1,35
2306820,0000010E,false,Rx,0,8,0,0,0A,0,0,C0,AB,57
2306837,000002AB,false,Rx,0,8,CD,DD,1C,0C,0C,0,0,0
2307590,000002AC,false,Rx,0,8,0,FF,FF,0,0,40,0,50
2307614,000002AD,false,Rx,0,8,0,1,0,40,FF,FF,FF,0F
2307632,000002AE,false,Rx,0,8,1,0,FF,3F,1,1,0,0
2308750,000002B6,false,Rx,0,8,BF,AC,1C,1,0,0,0,40
2308794,251,false,Rx,0,8,3B,E8,1B,0,0,0,0,0
2309181,000002B7,false,Rx,0,8,8,2,F0,0,0,4,0,0
2309206,252,false,Rx,0,8,0,0,0,0,3,0,0,0
2309223,000002B8,false,Rx,0,8,AA,11,11,0,0,0,0,0
2309262,253,false,Rx,0,8,0,0,0,51,51,0,80,44
2309280,000002B9,false,Rx,0,8,0A,0,0,0,0,0,0,0
2310666,396,false,Rx,0,8,E0,4A,8D,0F,8,2,0,2
2311608,000002E1,false,Rx,0,8,EE,F8,1C,0,0,0,0,40
2311634,397,false,Rx,0,8,35,0,0,0,0,0,0,0
2311998,000002E2,false,Rx,0,8,FD,0,0,0,0,14,0,4
2312022,398,false,Rx,0,8,0,0,0,0,0,0,0,0
2312040,000002E3,false,Rx,0,8,0,0,0,0,0,0,72,1
2317594,383,false,Rx,0,8,12,ED,1,0,2,0,0,0
2322586,0000019B,false,Rx,0,8,AB,B0,13,0,0,E4,0,0
2322624,0000019C,false,Rx,0,8,40,20,0,0,0,0,0B,9
2322642,0000019D,false,Rx,0,8,0,10,0,1,0,0,0,0
2323626,0000019E,false,Rx,0,8,15,0,0,0,0,32,0,0
2323660,000002D6,false,Rx,0,8,C3,EC,8D,0,0,0,0,0
2323690,000002EB,false,Rx,0,8,57,A5,8D,9,8,1,0,2
2323707,000002D7,false,Rx,0,8,0,0,0,0,3,0,0,0
2324942,000002EC,false,Rx,0,8,2,0,0,0,0,0,0,0
2325104,000002D8,false,Rx,0,8,0,0,0,0,0,0,38,45
2325123,000001AB,false,Rx,0,8,32,AB,D2,50,70,38,0,0
2325150,000002D9,false,Rx,0,8,0,0,0,0,0,0,0,0
2325167,000001AC,false,Rx,0,8,0,28,0,0,0,0,0,0
2325185,226,false,Rx,0,8,EA,51,F7,FF,43,E1,5,42
2325606,000002ED,false,Rx,0,8,0,0,0,0,0,0,0,0
2325637,227,false,Rx,0,8,2,70,E1,8,0,F2,17,4
2326732,000002EE,false,Rx,0,8,0,0,0,0,0,0,0,0
2327117,000003A1,false,Rx,0,8,D6,FE,9E,0,FF,FF,FF,FF
2327155,000003A2,false,Rx,0,8,0,0,0,0,0,0,0,0
2328164,356,false,Rx,0,8,C5,4E,8E,0,0,0,0,0
2328619,357,false,Rx,0,8,0,0,0,0,0,4B,4D,48
2328657,358,false,Rx,0,8,35,41,45,4D,52,37,33,4F
2328684,359,false,Rx,0,8,51,4F,34,52,4A,35,33,0
2331593,121,false,Rx,0,8,81,E1,16,0,0,0,0,5
2331639,122,false,Rx,0,8,FF,D9,67,1F,46,46,46,46
2331657,123,false,Rx,0,8,11,3,0,0,0,0,1,35
2331675,124,false,Rx,0,8,0,0,0A,0,0,0,20,40
2335589,161,false,Rx,0,8,A9,F7,85,3,0,0,0,2
2335625,162,false,Rx,0,8,FF,FC,1,0,0,0,0,0
2336889,36,false,Rx,0,8,B8,6C,18,51,0,0,25,1
2336924,37,false,Rx,0,8,0,0,0,10,0,40,0,0
2336942,38,false,Rx,0,8,4,0,0,0,90,38,96,D4
2337302,39,false,Rx,0,8,0,0,0,0,0,0,0,0
2338657,000003B6,false,Rx,0,8,D1,7D,8C,0,0,0,0,46
2338702,384,false,Rx,0,8,E9,DC,2,0,0,FF,0,21
2340027,000000FF,false,Rx,0,8,CB,10,0,0,0,0,2,0
2340448,000003B7,false,Rx,0,8,46,0,0,0,0,0,0,0
2340471,61,false,Rx,0,8,E0,94,1E,0,0,0,0,0
2340489,000003B8,false,Rx,0,8,0C,3,0,0,0,0,69,0E
2340507,62,false,Rx,0,8,2,2,0,2,40,FF,0,FF
2340524,394,false,Rx,0,8,2A,22,1A,49,0,0,0,0
2340732,000003B9,false,Rx,0,8,0,0,0,0,0,0,0,0
2341574,64,false,Rx,0,8,0,0,0,4,FF,FA,0,0
2341602,000003C3,false,Rx,0,8,45,10,31,30,36,0,0,0
2341620,000000A1,false,Rx,0,8,D2,3C,1E,1A,0,0,0,0
2341638,000003E0,false,Rx,0,8,66,20,1,0,54,3,0,0
2342906,91,false,Rx,0,8,8B,1B,1A,0,0,0,0,0
2343068,92,false,Rx,0,8,0,0,0,0,0,0,0,0
2343085,000003E5,false,Rx,0,8,37,80,1,0,0,0,0,0
2343103,93,false,Rx,0,8,0,0,0,0,0,0,0,0
2343132,000003E6,false,Rx,0,8,67,90,0,0,0,0,0,0
2343150,94,false,Rx,0,8,0,0,0,0,0,0,0,0
2344285,0000041A,false,Rx,0,8,8D,D0,12,0,0,0,0,0
2344727,000000A2,false,Rx,0,8,0,0,0,0,0,0,0,0
2344750,0000041B,false,Rx,0,8,70,D0,0,0,0,0,0,0
2345991,000000A3,false,Rx,0,8,0,40,1,0,0,0,0,0
2346046,0000041C,false,Rx,0,8,48,0,E0,0,0,0,0,0
2346064,0000011B,false,Rx,0,8,54,E4,0B,5,80,8,A8,2
2346081,0000012B,false,Rx,0,8,13,1E,0B,6,0,0,8,0
2346099,0000011C,false,Rx,0,8,0,5,20,0,22,0,1,1
2346117,0000012C,false,Rx,0,8,0,0,1,0,0,64,0,0
2347772,432,false,Rx,0,8,3,20,2,0,0,0,0,0
2347806,435,false,Rx,0,8,26,C0,0,40,0,0,0,0
2347824,442,false,Rx,0,8,CE,20,11,81,0,0,0,0
2349420,444,false,Rx,0,8,D5,20,20,50,55,50,0,0
2350648,445,false,Rx,0,8,C6,C0,0,0,0,0,0,18
2350677,464,false,Rx,0,8,D5,20,F0,FF,38,7F,5,0
2350695,000001E6,false,Rx,0,8,7B,E0,34,2,0,0,0,0
2350712,000001BB,false,Rx,0,8,15,8B,34,2,0,0,0,0A
2350730,000001BC,false,Rx,0,8,32,0,0,0,2,0,0,0
2352183,146,false,Rx,0,8,7C,88,82,10,4,1,0,0
2352240,147,false,Rx,0,8,0,4,7D,0,40,0,0,0
2352258,148,false,Rx,0,8,0,0,0,0,0,90,40,5
2352275,149,false,Rx,0,8,0,0,0,0,0,0,0,0
2353594,000003AA,false,Rx,0,8,FF,0,B0,0,54,0,0,0
2354692,495,false,Rx,0,8,49,0,0,0,0,0,0,0
2355980,0000010B,false,Rx,0,8,25,FF,1A,0,0,0,0,5
2356015,0000010C,false,Rx,0,8,FF,F9,E7,1F,46,44,46,46
2356606,0000010D,false,Rx,0,8,10,3,0,0,0,0,1,35
2356633,0000010E,false,Rx,0,8,0,0,0A,0,0,C0,AB,57
2357612,000001B1,false,Rx,0,8,79,15,82,0,72,0,0,0
2357646,000001B2,false,Rx,0,8,23,0,4,0F,0F,7,52,10
2357677,000001B3,false,Rx,0,8,10,2C,0,0,87,91,96,90
2359051,000001B4,false,Rx,0,8,95,91,17,0,0,40,1,0
2363657,0000036F,false,Rx,0,8,20,41,1,0,0,0,0,0
2363693,0000037F,false,Rx,0,8,8B,D0,52,24,41,2,0,0
2363712,380,false,Rx,0,8,AD,D7,FF,0,0,0,0,1
2364799,000001A1,false,Rx,0,8,B8,DB,86,FE,F7,7F,64,0
2366199,000001A2,false,Rx,0,8,0,0,0,0,0,8,0,0
2366234,000001A3,false,Rx,0,8,FF,F3,3F,0,0,0,0,0
2366253,000001A4,false,Rx,0,8,FE,7,0,0,0,0,0,0
2367401,000003B0,false,Rx,0,8,72,37,FF,C7,0,0,3,C0
2368877,000003B1,false,Rx,0,8,9B,3C,FF,40,0,0,20,0
2368911,487,false,Rx,0,8,0,0,0,0,0,0,0,0
2368930,642,false,Rx,0,8,FF,FF,FF,FF,FF,FF,0,0
2369598,448,false,Rx,0,8,0,C0,0,0,0,0,0,0
2372326,0000019B,false,Rx,0,8,13,B1,18,0,0,E4,0,0
2372360,0000019C,false,Rx,0,8,40,20,0,0,0,0,0B,9
2373349,0000019D,false,Rx,0,8,0,10,0,1,0,0,0,0
2373383,0000019E,false,Rx,0,8,15,0,0,0,0,32,0,0
2378590,000003B2,false,Rx,0,8,36,15,FF,2,29,2F,34,0
2381586,121,false,Rx,0,8,8C,27,1B,0,0,0,0,5
2381632,122,false,Rx,0,8,FF,D9,67,1F,46,46,46,46
2381650,123,false,Rx,0,8,11,3,0,0,0,0,1,35
2381668,124,false,Rx,0,8,0,0,0A,0,0,0,20,40
2382626,427,false,Rx,0,8,1D,86,FF,0,80,0A,0,0
2383640,419,false,Rx,0,8,8B,A0,8E,D6,6D,86,90,0
2386602,36,false,Rx,0,8,C7,40,1D,51,0,0,25,1
2386642,37,false,Rx,0,8,0,0,0,10,0,40,0,0
2386660,38,false,Rx,0,8,4,0,0,0,90,38,96,D4
2387599,39,false,Rx,0,8,0,0,0,0,0,0,0,0
2389833,61,false,Rx,0,8,83,0F,23,0,0,0,0,0
2389874,62,false,Rx,0,8,2,2,0,2,40,FF,0,FF
2389892,63,false,Rx,0,8,0,0,5,0,0,8,FD,0
2390851,64,false,Rx,0,8,0,0,0,4,FF,FA,0,0
2390884,000000A1,false,Rx,0,8,11,BF,23,1A,0,0,0,0
2392096,000000A2,false,Rx,0,8,0,0,0,0,0,0,0,0
2392141,000000A3,false,Rx,0,8,0,40,1,0,0,0,0,0
2392572,0000042A,false,Rx,0,8,F4,DE,FF,1,0,10,0,0
2394708,000001F1,false,Rx,0,8,96,B4,7,1,0,0,28,0
2394747,000001F2,false,Rx,0,8,0,0,0,0,0,0,0,0
2394766,0000011B,false,Rx,0,8,96,3E,10,5,80,8,A8,2
2395616,0000012B,false,Rx,0,8,D1,C4,10,6,0,0,8,0
2395647,0000011C,false,Rx,0,8,0,5,20,0,22,0,1,1
2395666,0000012C,false,Rx,0,8,0,0,1,0,0,64,0,0
2395683,000001FB,false,Rx,0,8,95,E6,1B,0,0,0,0,0
2395940,000001FC,false,Rx,0,8,0,0,0,0,0,0,0,0
2397150,000001FD,false,Rx,0,8,0,1A,3,0,0,0,0,0
2397184,000001FE,false,Rx,0,8,0,0,0,0,0,0,0,0
2406592,0000010B,false,Rx,0,8,5A,D3,1F,0,0,0,0,5
2406633,0000010C,false,Rx,0,8,FF,F9,E7,1F,46,44,46,46
2406651,0000010D,false,Rx,0,8,10,3,0,0,0,0,1,35
2406669,0000010E,false,Rx,0,8,0,0,0A,0,0,C0,AB,57
2407957,000002C1,false,Rx,0,8,20,0B,8F,21,0,41,0,AA
2407992,000002C2,false,Rx,0,8,19,0,0,0,0,0,0,0
2408010,000002C3,false,Rx,0,8,0,0,0,0,0,0,0,0
2408596,000002C4,false,Rx,0,8,0,0,0,0,0,0,0,0
2410586,000004A3,false,Rx,0,8,80,0,48,0B,3E,0,0,0
2410611,000004A4,false,Rx,0,8,FF,FF,FF,0,0,0,0,0
2410629,000004E8,false,Rx,0,8,FF,FF,FF,5,FF,FF,FF,0
2422569,0000019B,false,Rx,0,8,6C,9D,1D,0,0,E4,0,0
2422591,0000019C,false,Rx,0,8,40,20,0,0,0,0,0B,9
2422609,0000019D,false,Rx,0,8,0,10,0,1,0,0,0,0
2423567,0000019E,false,Rx,0,8,15,0,0,0,0,32,0,0
2423587,419,false,Rx,0,8,8B,A0,8E,D6,6D,86,90,0
2424569,000001AB,false,Rx,0,8,C4,83,D7,50,70,38,0,0
2424590,000001AC,false,Rx,0,8,0,28,0,0,0,0,0,0
2425567,000001E1,false,Rx,0,8,D6,44,37,2,0,0,0,0
2425587,000001E2,false,Rx,0,8,0,0,0,0,0,0,0,0
2425611,000002FF,false,Rx,0,8,E2,1,0,F1,3F,0,0,0
2425629,472,false,Rx,0,8,5C,EC,0,40,8,41,0,45
2426575,316,false,Rx,0,8,BB,23,7C,34,14,80,0A,0
2426596,473,false,Rx,0,8,5F,24,0,25,0,0,0,78
2426614,317,false,Rx,0,8,0,0,5,0,0,0,0,0
2426631,474,false,Rx,0,8,93,44,0,0,0,0,0,14
2427574,0000033B,false,Rx,0,8,8A,FF,1D,0,0,0,0,0
2427594,0000033C,false,Rx,0,8,0,0,0,0,F0,0,0,0
2427611,401,false,Rx,0,8,A9,30,10,0,0,4,0,0
2427629,0000033D,false,Rx,0,8,0,0,0,0,0,0,0,0
2428569,0000033E,false,Rx,0,8,0,0,0,0,0,0,0,0
2431565,121,false,Rx,0,8,5A,7B,20,0,0,0,0,5
2431587,122,false,Rx,0,8,FF,D9,67,1F,46,46,46,46
2431610,123,false,Rx,0,8,11,3,0,0,0,0,1,35
2431628,124,false,Rx,0,8,0,0,0A,0,0,0,20,40
2435574,161,false,Rx,0,8,B3,8E,8A,3,0,0,0,2
2435600,162,false,Rx,0,8,FF,FC,1,0,0,0,0,0
2436565,36,false,Rx,0,8,28,69,22,51,0,0,25,1
2436587,37,false,Rx,0,8,0,0,0,10,0,40,0,0
2436604,38,false,Rx,0,8,4,0,0,0,90,38,96,D4
2437598,39,false,Rx,0,8,0,0,0,0,0,0,0,0
2438572,565,false,Rx,0,8,66,2,0,0,0,0,FF,FF
2438596,000002E6,false,Rx,0,8,BD,3F,1A,1,0,0,0,15
2438615,256,false,Rx,0,8,2,FD,1A,15,40,0,B0,0
2438632,000002E7,false,Rx,0,8,0A,0,0,0,0,0,0,0
2439584,257,false,Rx,0,8,0,93,41,13,86,7,0,93
2439608,000002E8,false,Rx,0,8,0,0,0,0,0,0,0,0
2439626,258,false,Rx,0,8,0B,73,1E,0,10,15,0,28
2439644,61,false,Rx,0,8,3B,0E,28,0,0,0,0,0
2440568,259,false,Rx,0,8,36,5,89,3C,4C,2,0,0
2440590,62,false,Rx,0,8,2,2,0,2,40,FF,0,FF
2440608,000002E9,false,Rx,0,8,0,0,0,0,0,0,0,0
2440626,63,false,Rx,0,8,0,0,5,0,0,8,FD,0
2441568,64,false,Rx,0,8,0,0,0,4,FF,FA,0,0
2441590,000000A1,false,Rx,0,8,2D,4E,28,1A,0,0,0,0
2441607,000000A2,false,Rx,0,8,0,0,0,0,0,0,0,0
2441625,91,false,Rx,0,8,CD,42,1B,0,0,0,0,0
2442569,92,false,Rx,0,8,0,0,0,0,0,0,0,0
2442590,93,false,Rx,0,8,0,0,0,0,0,0,0,0
2442607,94,false,Rx,0,8,0,0,0,0,0,0,0,0
2442625,000000A3,false,Rx,0,8,0,40,1,0,0,0,0,0
2444566,0000011B,false,Rx,0,8,60,16,15,5,80,8,A8,2
2445569,0000012B,false,Rx,0,8,27,EC,15,6,0,0,8,0
2445590,0000011C,false,Rx,0,8,0,5,20,0,22,0,1,1
2445607,0000012C,false,Rx,0,8,0,0,1,0,0,64,0,0
2449683,000002BF,false,Rx,0,8,FF,FF,FF,0,0,0,0,0
2449720,0000047F,false,Rx,0,8,FF,FF,FF,FF,FF,FF,F3,FF
2449738,653,false,Rx,0,8,0A,19,3,1,2,2A,0,0
2451125,000004E8,false,Rx,0,8,FF,FF,FF,5,FF,FF,FF,0
2451574,146,false,Rx,0,8,3,A4,87,10,4,1,0,0
2452590,147,false,Rx,0,8,0,4,7D,0,40,0,0,0
2452615,148,false,Rx,0,8,0,0,0,0,0,90,40,5
2452633,149,false,Rx,0,8,0,0,0,0,0,0,0,0
2456593,0000010B,false,Rx,0,8,8C,8F,24,0,0,0,0,5
2456629,0000010C,false,Rx,0,8,FF,F9,E7,1F,46,44,46,46
2456655,0000010D,false,Rx,0,8,10,3,0,0,0,0,1,35
2456673,0000010E,false,Rx,0,8,0,0,0A,0,0,C0,AB,57
2456691,000001B1,false,Rx,0,8,6,39,87,0,72,0,0,0
2457635,000001B2,false,Rx,0,8,23,0,4,0F,0F,7,52,10
2457670,000001B3,false,Rx,0,8,10,2C,0,0,87,91,96,90
2457688,000001B4,false,Rx,0,8,95,91,17,0,0,40,1,0
2460590,475,false,Rx,0,8,12,0,0,0,0,0,0,0
2460626,496,false,Rx,0,8,12,0,0,0,0,0,0,0
2463565,0000036F,false,Rx,0,8,99,51,1,0,0,0,0,0
2463588,419,false,Rx,0,8,8B,A0,8E,D6,6D,86,90,0
2463606,0000037F,false,Rx,0,8,5D,E0,52,24,41,2,0,0
2464619,111,false,Rx,0,8,4,AF,83,1,0,0,0,0
2464655,112,false,Rx,0,8,0,0,0,0,0,0,0,0
2465587,113,false,Rx,0,8,0,0,0,0,0,0,0,0
2465616,000001A1,false,Rx,0,8,B5,1D,8B,FE,F7,7F,64,0
2465634,114,false,Rx,0,8,0,0,0,0,0,0,0,0
2465652,000001A2,false,Rx,0,8,0,0,0,0,0,8,0,0
2466569,000001A3,false,Rx,0,8,FF,F3,3F,0,0,0,0,0
2466590,000001A4,false,Rx,0,8,FE,7,0,0,0,0,0,0
2472594,0000019B,false,Rx,0,8,83,B4,22,0,0,E4,0,0
2472634,0000019C,false,Rx,0,8,40,20,0,0,0,0,0B,9
2472654,0000019D,false,Rx,0,8,0,10,0,1,0,0,0,0
2473600,0000019E,false,Rx,0,8,15,0,0,0,0,32,0,0
2476603,0000030B,false,Rx,0,8,38,EC,1D,0,4,0,0,0
2476645,0000030C,false,Rx,0,8,0,0,0E,0,2C,0,A0,0F
2476663,0000030D,false,Rx,0,8,0,0,0,0,48,0,0,0
2477607,0000030E,false,Rx,0,8,0,0,38,5,21,0,0,1A
2480592,000000C5,false,Rx,0,8,0,0,0,0,0,0,0,0
2480631,244,false,Rx,0,8,FF,FF,FF,FF,FF,FF,FF,FF
2480648,000004B4,false,Rx,0,8,0,0,0,0,0,0,0,0
2480666,000004B5,false,Rx,0,8,8,0,F0,7,0,0,0,0
2481630,000004B7,false,Rx,0,8,8,0,F0,7,0,0,0,0
2481663,121,false,Rx,0,8,25,57,25,0,0,0,0,5
2481680,000004CA,false,Rx,0,8,0,0,0,0,0,0,0,0
2481701,122,false,Rx,0,8,FF,D9,67,1F,46,46,46,46
2482583,000004CC,false,Rx,0,8,8,0,0,6,0,0,3,0
2482608,123,false,Rx,0,8,11,3,0,0,0,0,1,35
2482626,000004CE,false,Rx,0,8,14,1,FF,FF,FF,FF,FF,FF
2482643,124,false,Rx,0,8,0,0,0A,0,0,0,20,40
2484087,000004D7,false,Rx,0,8,23,1,0,0,0,0,0,0
2484122,405,false,Rx,0,8,BD,30,0,0,0,1,0,0
2484523,413,false,Rx,0,8,6F,30,0,0,0,0,0,0
2484665,410,false,Rx,0,8,4B,80,59,3C,16,6B,FF,FF
2484686,414,false,Rx,0,8,F0,10,0,0,28,0,0,0
2484704,416,false,Rx,0,8,55,0,0,0,0,0,0,0
2484722,412,false,Rx,0,8,6D,60,0,0,0,0,0,0
2484740,417,false,Rx,0,8,5F,20,0,0,0,0,0,0
2485733,000004D8,false,Rx,0,8,41,10,F0,F0,40,F2,1E,CC
2485767,418,false,Rx,0,8,19,70,0,0,12,0C,0,0
2485785,000004DD,false,Rx,0,8,0,0,FE,0,4,0,0,0
2485803,000004DF,false,Rx,0,8,FF,3,0C,3F,0,0,0,0
2487106,000004E7,false,Rx,0,8,0,30,0,0,0,0,69,0
2488415,36,false,Rx,0,8,57,45,27,51,0,0,25,1
2488828,000004E9,false,Rx,0,8,12,0,0,34,0,0,50,0
2488888,37,false,Rx,0,8,0,0,0,10,0,40,0,0
2488910,000004EA,false,Rx,0,8,67,0,0,89,0,0,0,0
2488927,38,false,Rx,0,8,4,0,0,0,90,38,96,D4
2488945,000004EE,false,Rx,0,8,FF,FF,0,0,0,0,0,0
2488963,000004EF,false,Rx,0,8,60,0,60,0,29,14,0,0
2490104,0000063D,false,Rx,0,8,0,80,0,0,0,0,0,0
2490154,61,false,Rx,0,8,44,22,2D,0,0,0,0,0
2490172,0000063E,false,Rx,0,8,FF,FF,FF,FF,FF,FF,FF,FF
2491415,62,false,Rx,0,8,2,2,0,2,40,FF,0,FF
2491459,0000063F,false,Rx,0,8,0,10,0,C4,FF,0,0,0
2491477,63,false,Rx,0,8,0,0,5,0,0,8,FD,0
2491495,640,false,Rx,0,8,FF,FF,FF,0,FF,FF,FF,0
2491530,641,false,Rx,0,8,FF,FF,FF,FF,0F,FF,FF,FF
2495552,0000011B,false,Rx,0,8,7A,6F,1A,5,80,8,A8,2
2496990,0000012B,false,Rx,0,8,3D,95,1A,6,0,0,8,0
2497057,0000011C,false,Rx,0,8,0,5,20,0,22,0,1,1
2497076,0000012C,false,Rx,0,8,0,0,1,0,0,64,0,0
2497094,000001F6,false,Rx,0,8,B9,1D,1D,0,0,0,0,0E
2497125,151,false,Rx,0,8,8A,3E,1D,A0,C8,0,28,19
2497143,000001F7,false,Rx,0,8,0B,0,0,0,0,0,0,0
2497160,154,false,Rx,0,8,0,0,0,0,0,0,0,0
2497567,236,false,Rx,0,8,28,E0,1D,0,6E,3C,34,6C
2497603,237,false,Rx,0,8,0,15,BA,0,0,AA,1E,0
2498713,000002FB,false,Rx,0,8,D6,17,1D,4,5F,1A,CC,CC
2498747,238,false,Rx,0,8,0,0,5F,0,0,0,0,0
2498765,000002FC,false,Rx,0,8,3,0,16,19,0,0,8E,BF
2498783,239,false,Rx,0,8,0,0,0,0,1,0,0,0
2498815,000002FD,false,Rx,0,8,0,0,0,0,0,1C,0E,EA
2500420,000001E6,false,Rx,0,8,36,8,37,2,0,0,0,0
2500455,0000025B,false,Rx,0,8,21,ED,1D,40,40,20,0,0
2500473,000001E7,false,Rx,0,8,0,0,22,3,20,1,0,0
2500505,0000025C,false,Rx,0,8,0,0,0B,0,34,89,19,0
2500897,000002FE,false,Rx,0,8,0,0,72,1,0,28,0,0
2500934,000001BB,false,Rx,0,8,10,D2,37,2,0,0,0,0A
2500953,0000025E,false,Rx,0,8,AC,7,0E,0F,0,0,0,0
2502106,000001BC,false,Rx,0,8,32,0,0,0,2,0,0,0
2502141,326,false,Rx,0,8,43,43,1D,0,0,0,0,0
2503409,000001BD,false,Rx,0,8,0,0,0,0,0,0,0,0
2503458,327,false,Rx,0,8,0,0,0,0,5,0,0,0
2503494,382,false,Rx,0,8,F1,7A,1,0,0,1,8,0
2503512,328,false,Rx,0,8,0,0,0,0,0,0,0,0
2503530,329,false,Rx,0,8,A0,0,0,0,0,0,0,0
2503926,331,false,Rx,0,8,50,0C,1D,F1,C8,A0,2C,97
2506611,0000010B,false,Rx,0,8,81,49,29,0,0,0,0,5
2506665,0000010C,false,Rx,0,8,FF,F9,E7,1F,46,44,46,46
2506684,0000010D,false,Rx,0,8,10,3,0,0,0,0,1,35
2507751,0000010E,false,Rx,0,8,0,0,0A,0,0,C0,AB,57
2507772,000002AB,false,Rx,0,8,41,6F,1E,0C,0C,0,0,0
2507790,000002AC,false,Rx,0,8,0,FF,FF,0,0,40,0,50
2507807,000002AD,false,Rx,0,8,0,1,0,40,FF,FF,FF,0F
2507825,000002AE,false,Rx,0,8,1,0,FF,3F,1,1,0,0
2508152,000002B6,false,Rx,0,8,33,1E,1E,1,0,0,0,40
2508170,000002B7,false,Rx,0,8,8,2,F0,0,0,4,0,0
2511380,251,false,Rx,0,8,31,5A,1D,0,0,0,0,0
2511426,000002B8,false,Rx,0,8,AA,11,11,0,0,0,0,0
2511445,252,false,Rx,0,8,0,0,0,0,3,0,0,0
2511462,000002B9,false,Rx,0,8,0A,0,0,0,0,0,0,0
2511480,253,false,Rx,0,8,0,0,0,51,51,0,80,44
2511498,000002E1,false,Rx,0,8,62,4A,1E,0,0,0,0,40
2517705,383,false,Rx,0,8,12,ED,1,0,2,0,0,0
2522586,0000019B,false,Rx,0,8,FC,98,27,0,0,E4,0,0
2522626,0000019C,false,Rx,0,8,40,20,0,0,0,0,0B,9
2522644,0000019D,false,Rx,0,8,0,10,0,1,0,0,0,0
2523606,0000019E,false,Rx,0,8,15,0,0,0,0,32,0,0
2523637,000002D6,false,Rx,0,8,9,7,8E,0,0,0,0,0
2525032,000002EB,false,Rx,0,8,19,F3,8E,8,8,1,0,2
2526955,000001AB,false,Rx,0,8,0C,7A,DC,50,70,38,0,0
2526993,000002D7,false,Rx,0,8,0,0,0,0,3,0,0,0
2527011,000001AC,false,Rx,0,8,0,28,0,0,0,0,0,0
2527028,226,false,Rx,0,8,D4,80,F9,FF,43,E1,5,42
2527046,000002D8,false,Rx,0,8,0,0,0,0,0,0,38,45
2527573,356,false,Rx,0,8,83,17,8F,0,0,0,0,0
2527603,357,false,Rx,0,8,0,0,0,0,0,4B,4D,48
2528564,358,false,Rx,0,8,35,41,45,4D,52,37,33,4F
2528583,359,false,Rx,0,8,51,4F,34,52,4A,35,33,0
2531601,121,false,Rx,0,8,A4,23,2A,0,0,0,0,5
2531649,122,false,Rx,0,8,FF,D9,67,1F,46,46,46,46
2531667,123,false,Rx,0,8,11,3,0,0,0,0,1,35
2531684,124,false,Rx,0,8,0,0,0A,0,0,0,20,40
2534583,566,false,Rx,0,8,16,2,0,0,0,0,FF,FF
2536241,161,false,Rx,0,8,45,A6,8F,3,0,0,0,2
2536276,162,false,Rx,0,8,FF,FC,1,0,0,0,0,0
2536295,36,false,Rx,0,8,EF,44,2C,51,0,0,25,1
2536312,37,false,Rx,0,8,0,0,0,10,0,40,0,0
2540066,38,false,Rx,0,8,4,0,0,0,90,38,96,D4
2540102,39,false,Rx,0,8,0,0,0,0,0,0,0,0
2540121,000003B6,false,Rx,0,8,97,24,8D,0,0,0,0,46
2540153,384,false,Rx,0,8,E9,DC,2,0,0,FF,0,21
2540170,000000FF,false,Rx,0,8,CB,10,0,0,0,0,2,0
2540188,000003B8,false,Rx,0,8,0C,3,0,0,0,0,69,0E
2540570,63,false,Rx,0,8,0,0,5,0,0,8,FD,0
2541611,000003B9,false,Rx,0,8,0,0,0,0,0,0,0,0
2541643,64,false,Rx,0,8,0,0,0,4,FF,FA,0,0
2541662,000003C3,false,Rx,0,8,45,10,31,30,36,0,0,0
2541842,000000A1,false,Rx,0,8,41,C8,32,1A,0,0,0,0
2542030,000003E0,false,Rx,0,8,66,20,1,0,54,3,0,0
2542051,91,false,Rx,0,8,3E,DC,1C,0,0,0,0,0
2543354,000003E5,false,Rx,0,8,37,80,1,0,0,0,0,0
2543388,92,false,Rx,0,8,0,0,0,0,0,0,0,0
2543567,000003E6,false,Rx,0,8,67,90,0,0,0,0,0,0
2543594,93,false,Rx,0,8,0,0,0,0,0,0,0,0
2543612,0000041A,false,Rx,0,8,8D,D0,12,0,0,0,0,0
2543630,94,false,Rx,0,8,0,0,0,0,0,0,0,0
2543647,0000041B,false,Rx,0,8,70,D0,0,0,0,0,0,0
2544996,000000A2,false,Rx,0,8,0,0,0,0,0,0,0,0
2545020,0000041C,false,Rx,0,8,48,0,E0,0,0,0,0,0
2545038,000000A3,false,Rx,0,8,0,40,1,0,0,0,0,0
2545068,0000012B,false,Rx,0,8,CB,BD,1F,6,0,0,8,0
2545086,0000011B,false,Rx,0,8,8C,47,1F,5,80,8,A8,2
2547143,0000012C,false,Rx,0,8,0,0,1,0,0,64,0,0
2547180,0000011C,false,Rx,0,8,0,5,20,0,22,0,1,1
2547199,000001F1,false,Rx,0,8,E5,8D,0A,1,0,0,28,0
2547217,422,false,Rx,0,8,9D,70,1,0,0,0,4,0
2547234,000001F2,false,Rx,0,8,0,0,0,0,0,0,0,0
2547589,442,false,Rx,0,8,CE,20,11,81,0,0,0,0
2548725,444,false,Rx,0,8,D5,20,20,50,55,50,0,0
2548757,445,false,Rx,0,8,C6,C0,0,0,0,0,0,18
2550407,464,false,Rx,0,8,D5,20,F0,FF,38,7F,5,0
2552183,146,false,Rx,0,8,BB,A5,8C,10,4,1,0,0
2552348,147,false,Rx,0,8,0,4,7D,0,40,0,0,0
2552366,148,false,Rx,0,8,0,0,0,0,0,90,40,5
2552384,149,false,Rx,0,8,0,0,0,0,0,0,0,0
2553969,000003AA,false,Rx,0,8,FF,0,B0,0,54,0,0,0
2554004,495,false,Rx,0,8,49,0,0,0,0,0,0,0
2556612,0000010B,false,Rx,0,8,84,2,2E,0,0,0,0,5
2557952,0000010C,false,Rx,0,8,FF,F9,E7,1F,46,45,46,46
2557992,0000010D,false,Rx,0,8,10,3,0,0,0,0,1,35
2558012,0000010E,false,Rx,0,8,0,0,0A,0,0,C0,AB,57
2558035,000001B1,false,Rx,0,8,BE,38,8C,0,72,0,0,0
2558173,000001B2,false,Rx,0,8,23,0,4,0F,0F,7,52,10
2558190,000001B3,false,Rx,0,8,10,2C,0,0,87,91,96,90
2562070,0000034B,false,Rx,0,8,6D,9D,B6,31,D8,0D,5,1
2562137,0000034C,false,Rx,0,8,0,0,0,0,0,0,0,0
2562179,0000034D,false,Rx,0,8,0,0,0,0,0,0,0,0
2562197,0000034E,false,Rx,0,8,0,0,0,0,0,0,0,0
2564460,0000036F,false,Rx,0,8,4F,61,1,0,0,0,0,0
2564495,0000037F,false,Rx,0,8,4D,0,52,24,41,2,0,0
2564514,380,false,Rx,0,8,AD,D7,FF,0,0,0,0,1
2564531,000001A1,false,Rx,0,8,C8,D8,90,FE,F7,7F,64,0
2565229,000001A2,false,Rx,0,8,0,0,0,0,0,8,0,0
2565256,000001A3,false,Rx,0,8,FF,F3,3F,0,0,0,0,0
2565275,000001A4,false,Rx,0,8,FE,7,0,0,0,0,0,0
2566611,000003B0,false,Rx,0,8,72,37,FF,C7,0,0,3,C0
2568851,000003B1,false,Rx,0,8,9B,3C,FF,40,0,0,20,0
2569593,448,false,Rx,0,8,0,C0,0,0,0,0,0,0
2571811,487,false,Rx,0,8,0,0,0,0,0,0,0,0
2571851,642,false,Rx,0,8,FF,FF,FF,FF,FF,FF,0,0
2572728,0000019B,false,Rx,0,8,44,99,2C,0,0,E4,0,0
2572761,0000019C,false,Rx,0,8,40,20,0,0,0,0,0B,9
2572779,0000019D,false,Rx,0,8,0,10,0,1,0,0,0,0
2572797,0000019E,false,Rx,0,8,15,0,0,0,0,32,0,0
2576183,000001E1,false,Rx,0,8,A5,7D,3A,2,0,0,0,0
2576324,000001E2,false,Rx,0,8,0,0,0,0,0,0,0,0
2578609,000003B2,false,Rx,0,8,36,15,FF,2,29,2F,34,0
2581586,121,false,Rx,0,8,DB,0F,2F,0,0,0,0,5
2581632,122,false,Rx,0,8,FF,D9,67,1F,46,46,46,46
2581650,123,false,Rx,0,8,11,3,0,0,0,0,1,35
2581668,124,false,Rx,0,8,0,0,0A,0,0,0,20,40
2582606,427,false,Rx,0,8,1D,86,FF,0,80,0A,0,0
2586592,36,false,Rx,0,8,27,46,31,51,0,0,25,1
2586633,37,false,Rx,0,8,0,0,0,10,0,40,0,0
2586651,38,false,Rx,0,8,4,0,0,0,90,38,96,D4
2587601,39,false,Rx,0,8,0,0,0,0,0,0,0,0
2589628,61,false,Rx,0,8,7F,BE,37,0,0,0,0,0
2589669,62,false,Rx,0,8,2,2,0,2,40,FF,0,FF
2590607,63,false,Rx,0,8,0,0,5,0,0,8,FD,0
2591771,64,false,Rx,0,8,0,0,0,4,FF,FA,0,0
2591855,000000A1,false,Rx,0,8,4E,23,37,1A,0,0,0,0
2591875,000000A2,false,Rx,0,8,0,0,0,0,0,0,0,0
2591892,000000A3,false,Rx,0,8,0,40,1,0,0,0,0,0
2592570,0000042A,false,Rx,0,8,F4,DE,FF,1,0,10,0,0
2592594,000004F0,false,Rx,0,8,4A,10,32,37,58,1A,18,2
2594590,0000011B,false,Rx,0,8,5A,DB,24,5,80,8,A8,2
2595772,0000012B,false,Rx,0,8,1D,21,24,6,0,0,8,0
2595807,0000011C,false,Rx,0,8,0,5,20,0,22,0,1,1
2595825,0000012C,false,Rx,0,8,0,0,1,0,0,64,0,0
2595843,000001FB,false,Rx,0,8,20,21,1D,0,0,0,0,0
2596279,000001FC,false,Rx,0,8,0,0,0,0,0,0,0,0
2596306,000001FD,false,Rx,0,8,0,1A,3,0,0,0,0,0
2596323,000001FE,false,Rx,0,8,0,0,0,0,0,0,0,0
2606594,0000010B,false,Rx,0,8,BA,D5,33,0,0,0,0,5
2606634,0000010C,false,Rx,0,8,FF,F9,E7,1F,46,44,46,46
2606653,0000010D,false,Rx,0,8,10,3,0,0,0,0,1,35
2606670,0000010E,false,Rx,0,8,0,0,0A,0,0,C0,AB,57
2607613,000002C1,false,Rx,0,8,E6,5F,90,21,0,41,0,AA
2607646,000002C2,false,Rx,0,8,1A,0,0,0,0,0,0,0
2608648,000002C3,false,Rx,0,8,0,0,0,0,0,0,0,0
2608684,000002C4,false,Rx,0,8,0,0,0,0,0,0,0,0
2612592,000004A3,false,Rx,0,8,80,0,48,0B,3E,0,0,0
2612631,000004A4,false,Rx,0,8,FF,FF,FF,0,0,0,0,0
2622594,0000019B,false,Rx,0,8,8C,9B,31,0,0,E4,0,0
2622632,0000019C,false,Rx,0,8,40,20,0,0,0,0,0B,9
2622650,0000019D,false,Rx,0,8,0,10,0,1,0,0,0,0
2623609,0000019E,false,Rx,0,8,15,0,0,0,0,32,0,0
2623641,000001AB,false,Rx,0,8,61,26,E1,50,70,38,0,0
2623660,000001AC,false,Rx,0,8,0,28,0,0,0,0,0,0
2625433,000002FF,false,Rx,0,8,E2,1,0,F1,3F,0,0,0
2625468,316,false,Rx,0,8,9F,8B,7D,34,14,80,0A,0
2625486,317,false,Rx,0,8,0,0,5,0,0,0,0,0
2625503,472,false,Rx,0,8,5C,EC,0,40,8,41,0,45
2625882,473,false,Rx,0,8,5F,24,0,25,0,0,0,78
2625906,474,false,Rx,0,8,93,44,0,0,0,0,0,14
2627110,0000033B,false,Rx,0,8,6,4D,1F,0,0,0,0,0
2627504,0000033C,false,Rx,0,8,0,0,0,0,F0,0,0,0
2628803,0000033D,false,Rx,0,8,0,0,0,0,0,0,0,0
2628845,0000033E,false,Rx,0,8,0,0,0,0,0,0,0,0
2628864,401,false,Rx,0,8,A9,30,10,0,0,4,0,0
2628882,516,false,Rx,0,8,61,2,0,0,0,0,FF,FF
2631687,121,false,Rx,0,8,A6,CA,34,0,0,0,0,5
2631728,122,false,Rx,0,8,FF,D9,67,1F,46,46,46,46
2631747,123,false,Rx,0,8,11,3,0,0,0,0,1,35
2631764,124,false,Rx,0,8,0,0,0A,0,0,0,20,40
2632600,000004F0,false,Rx,0,8,4A,10,32,37,58,1A,18,2
2635075,161,false,Rx,0,8,87,7C,94,3,0,0,0,2
2635116,162,false,Rx,0,8,FF,FC,1,0,0,0,0,0
2637230,36,false,Rx,0,8,D4,D8,36,51,0,0,25,1
2637265,37,false,Rx,0,8,0,0,0,10,0,40,0,0
2637284,38,false,Rx,0,8,4,0,0,0,90,38,96,D4
2637637,39,false,Rx,0,8,0,0,0,0,0,0,0,0
2639072,000002E6,false,Rx,0,8,8,F8,1C,1,0,0,0,15
2639107,256,false,Rx,0,8,1D,62,1C,15,40,0,D0,0
2639125,000002E7,false,Rx,0,8,0A,0,0,0,0,0,0,0
2639143,257,false,Rx,0,8,0,93,41,16,86,7,0,93
2639161,000002E8,false,Rx,0,8,0,0,0,0,0,0,0,0
2640106,258,false,Rx,0,8,0B,73,1E,0,10,15,0,28
2640140,61,false,Rx,0,8,C7,BF,3C,0,0,0,0,0
2640158,259,false,Rx,0,8,46,5,89,3C,4C,2,0,0
2640580,62,false,Rx,0,8,2,2,0,2,40,FF,0,FF
2641912,000002E9,false,Rx,0,8,0,0,0,0,0,0,0,0
2641943,63,false,Rx,0,8,0,0,5,0,0,8,FD,0
2641962,64,false,Rx,0,8,0,0,0,4,FF,FA,0,0
2641979,000000A1,false,Rx,0,8,72,D2,3C,1A,0,0,0,0
2641997,000000A2,false,Rx,0,8,0,0,0,0,0,0,0,0
2642027,93,false,Rx,0,8,0,0,0,0,0,0,0,0
2642577,94,false,Rx,0,8,0,0,0,0,0,0,0,0
2642600,000000A3,false,Rx,0,8,0,40,1,0,0,0,0,0
2645097,0000012B,false,Rx,0,8,6E,18,29,6,0,0,8,0
2645245,0000011B,false,Rx,0,8,29,E2,29,5,80,8,A8,2
2645263,0000012C,false,Rx,0,8,0,0,1,0,0,64,0,0
2645280,0000011C,false,Rx,0,8,0,5,20,0,22,0,1,1
2648856,000002BF,false,Rx,0,8,FF,FF,FF,0,0,0,0,0
2649730,000001E6,false,Rx,0,8,45,31,3A,2,0,0,0,0
2649767,0000047F,false,Rx,0,8,FF,FF,FF,FF,FF,FF,F3,FF
2649785,000001BB,false,Rx,0,8,26,91,3A,2,0,0,0,0A
2649803,653,false,Rx,0,8,0A,19,3,1,2,2A,0,0
2650982,000001BC,false,Rx,0,8,32,0,0,0,2,0,0,0
2651017,000001BD,false,Rx,0,8,0,0,0,0,0,0,0,0
2651035,000001E7,false,Rx,0,8,0,0,22,3,20,1,0,0
2651600,146,false,Rx,0,8,73,A7,91,10,4,1,0,0
2651632,147,false,Rx,0,8,0,4,7D,0,40,0,0,0
2652941,148,false,Rx,0,8,0,0,0,0,0,90,40,5
2653328,149,false,Rx,0,8,0,0,0,0,0,0,0,0
2655888,0000010B,false,Rx,0,8,2,D4,38,0,0,0,0,5
2656288,0000010C,false,Rx,0,8,FF,F9,E7,1F,46,44,46,46
2656312,0000010D,false,Rx,0,8,10,3,0,0,0,0,1,35
2656585,0000010E,false,Rx,0,8,0,0,0A,0,0,C0,AB,57
2658306,000001B1,false,Rx,0,8,76,3A,91,0,72,0,0,0
2658342,000001B2,false,Rx,0,8,23,0,4,0F,0F,7,52,10
2658360,000001B3,false,Rx,0,8,10,2C,0,0,87,91,96,90
2658377,000001B4,false,Rx,0,8,95,91,17,0,0,40,1,0
2660580,475,false,Rx,0,8,12,0,0,0,0,0,0,0
2660607,496,false,Rx,0,8,12,0,0,0,0,0,0,0
2663568,0000036F,false,Rx,0,8,F6,71,1,0,0,0,0,0
2663591,0000037F,false,Rx,0,8,F4,10,52,24,41,2,0,0
2664563,111,false,Rx,0,8,F7,31,84,1,0,0,0,0
2664587,000001A1,false,Rx,0,8,B7,F4,95,FE,F7,7F,64,0
2665563,112,false,Rx,0,8,0,0,0,0,0,0,0,0
2665589,000001A2,false,Rx,0,8,0,0,0,0,0,8,0,0
2665606,113,false,Rx,0,8,0,0,0,0,0,0,0,0
2665623,000001A3,false,Rx,0,8,FF,F3,3F,0,0,0,0,0
2666563,114,false,Rx,0,8,0,0,0,0,0,0,0,0
2666587,000001A4,false,Rx,0,8,FE,7,0,0,0,0,0,0
2672566,0000019B,false,Rx,0,8,7F,5,36,0,0,E4,0,0
2672588,0000019C,false,Rx,0,8,40,20,0,0,0,0,0B,9
2672605,0000019D,false,Rx,0,8,0,10,0,1,0,0,0,0
2673564,000004F0,false,Rx,0,8,4A,10,32,37,58,1A,18,2
2673589,0000019E,false,Rx,0,8,15,0,0,0,0,32,0,0
2676566,0000030B,false,Rx,0,8,B4,5E,1F,0,4,0,0,0
2676588,0000030C,false,Rx,0,8,0,0,0E,0,2C,0,A0,0F
2676605,0000030D,false,Rx,0,8,0,0,0,0,48,0,0,0
2677565,0000030E,false,Rx,0,8,0,0,38,5,21,0,0,1A
2681563,121,false,Rx,0,8,AB,0C,39,0,0,0,0,5
2681584,122,false,Rx,0,8,FF,D9,67,1F,46,46,46,46
2681602,123,false,Rx,0,8,11,3,0,0,0,0,1,35
2682563,124,false,Rx,0,8,0,0,0A,0,0,0,20,40
2682587,000000C5,false,Rx,0,8,0,0,0,0,0,0,0,0
2682605,244,false,Rx,0,8,FF,FF,FF,FF,FF,FF,FF,FF
2683563,0000041F,false,Rx,0,8,0,0C,0,0,0,0,0,0
2683588,405,false,Rx,0,8,BD,30,0,0,0,1,0,0
2683606,413,false,Rx,0,8,6F,30,0,0,0,0,0,0
2683623,410,false,Rx,0,8,4B,80,59,3C,16,6B,FF,FF
2684563,414,false,Rx,0,8,F0,10,0,0,28,0,0,0
2684587,411,false,Rx,0,8,A8,1,50,50,0,0,44,4
2684605,416,false,Rx,0,8,55,0,0,0,0,0,0,0
2684622,412,false,Rx,0,8,6D,60,0,0,0,0,0,0
2685563,417,false,Rx,0,8,5F,20,0,0,0,0,0,0
2685589,000004B4,false,Rx,0,8,0,0,0,0,0,0,0,0
2685606,418,false,Rx,0,8,19,70,0,0,12,0C,0,0
2685624,000004B5,false,Rx,0,8,8,0,F0,7,0,0,0,0
2686563,419,false,Rx,0,8,8B,A0,8E,D6,6D,86,90,0
2686587,000004B7,false,Rx,0,8,8,0,F0,7,0,0,0,0
2686605,36,false,Rx,0,8,D9,1E,3B,51,0,0,25,1
2686622,000004CA,false,Rx,0,8,0,0,0,0,0,0,0,0
2687563,37,false,Rx,0,8,0,0,0,10,0,40,0,0
2687588,000004CC,false,Rx,0,8,8,0,0,6,0,0,3,0
2687606,38,false,Rx,0,8,4,0,0,0,90,38,96,D4
2687623,000004CE,false,Rx,0,8,14,1,FF,FF,FF,FF,FF,FF
2688563,39,false,Rx,0,8,0,0,0,0,0,0,0,0
2688587,000004D7,false,Rx,0,8,23,1,0,0,0,0,0,0
2688604,000004D8,false,Rx,0,8,41,10,F0,F0,40,F2,1E,CC
2688622,000004DD,false,Rx,0,8,0,0,FE,0,4,0,0,0
2689567,000004DF,false,Rx,0,8,FF,3,0C,3F,0,0,0,0
2689592,000004E7,false,Rx,0,8,0,30,0,0,0,0,69,0
2689609,000004E8,false,Rx,0,8,FF,FF,FF,5,FF,FF,FF,0
2689627,61,false,Rx,0,8,D3,7,41,0,0,0,0,0
2690565,000004E9,false,Rx,0,8,12,0,0,34,0,0,50,0
2690591,62,false,Rx,0,8,2,2,0,2,40,FF,0,FF
2690609,000004EA,false,Rx,0,8,67,0,0,89,0,0,0,0
2690626,63,false,Rx,0,8,0,0,5,0,0,8,FD,0
2691564,000004EB,false,Rx,0,8,10,80,32,37,80,0,0,0
2691589,64,false,Rx,0,8,0,0,0,4,FF,FA,0,0
2691607,000004EC,false,Rx,0,8,0,0,0,0,0,0,0,0
2691625,000000A1,false,Rx,0,8,DC,40,41,1A,0,0,0,0
2692564,000004ED,false,Rx,0,8,0,0,0,0,0,FF,FF,1F
2692589,000000A2,false,Rx,0,8,0,0,0,0,0,0,0,0
2692607,000004EE,false,Rx,0,8,FF,FF,0,0,0,0,0,0
2692625,000000A3,false,Rx,0,8,0,40,1,0,0,0,0,0
2693564,000004EF,false,Rx,0,8,60,0,60,0,29,14,0,0
2693589,0000063D,false,Rx,0,8,0,80,0,0,0,0,0,0
2693607,0000063E,false,Rx,0,8,FF,FF,FF,FF,FF,FF,FF,FF
2693625,0000063F,false,Rx,0,8,0,10,0,C4,FF,0,0,0
2694692,640,false,Rx,0,8,FF,FF,FF,0,FF,FF,FF,0
2694740,641,false,Rx,0,8,FF,FF,FF,FF,0F,FF,FF,FF
2694758,000001F1,false,Rx,0,8,7A,E5,0D,1,0,0,28,0
2694775,0000011B,false,Rx,0,8,B6,8A,2E,5,80,8,A8,2
2694793,0000012B,false,Rx,0,8,F1,70,2E,6,0,0,8,0
2696121,0000011C,false,Rx,0,8,0,5,20,0,22,0,1,1
2696149,0000012C,false,Rx,0,8,0,0,1,0,0,64,0,0
2696167,000001F2,false,Rx,0,8,0,0,0,0,0,0,0,0
2696196,151,false,Rx,0,8,6,8C,1F,A0,C8,0,28,19
2696214,000001F6,false,Rx,0,8,35,AF,1F,0,0,0,0,0E
2696232,152,false,Rx,0,8,16,18,18,0,0B,0,0,0
2696573,000001F7,false,Rx,0,8,0B,0,0,0,0,0,0,0
2697568,153,false,Rx,0,8,0,0,0,0,0,0,0,0
2697590,000001F8,false,Rx,0,8,0,0,0,0,0,0,0,0
2697607,154,false,Rx,0,8,0,0,0,0,0,0,0,0
2697625,000001F9,false,Rx,0,8,0,0,A0,C8,14,0,0,0
2698565,000002FB,false,Rx,0,8,5A,A5,1F,4,5F,1A,CC,CC
2698584,236,false,Rx,0,8,A4,52,1F,0,6E,3C,34,6C
2698601,000002FC,false,Rx,0,8,3,0,16,19,0,0,8E,BF
2698626,237,false,Rx,0,8,0,15,BA,0,0,AA,1E,0
2698643,000002FD,false,Rx,0,8,0,0,0,0,0,1C,0E,EA
2699569,238,false,Rx,0,8,0,0,5F,0,0,0,0,0
2699590,000002FE,false,Rx,0,8,0,0,72,1,0,28,0,0
2699614,239,false,Rx,0,8,0,0,0,0,1,0,0,0
2699632,326,false,Rx,0,8,CF,F1,1F,0,0,0,0,0
2700565,0000025B,false,Rx,0,8,C9,68,1F,40,40,20,0,0
2700590,327,false,Rx,0,8,0,0,0,0,5,0,0,0
2700608,0000025C,false,Rx,0,8,0,0,0B,0,34,89,19,0
2700625,328,false,Rx,0,8,0,0,0,0,0,0,0,0
2701575,0000025D,false,Rx,0,8,0,C8,0,0,0,80,C0,70
2701597,329,false,Rx,0,8,A0,0,0,0,0,0,0,0
2701614,0000025E,false,Rx,0,8,16,7,0E,2,0,0,0,0
2701632,331,false,Rx,0,8,DC,BE,1F,F1,C8,A0,2C,97
2702568,382,false,Rx,0,8,F1,7A,1,0,0,1,8,0
2702590,332,false,Rx,0,8,94,2,0,0,0,0,0,0
2702608,646,false,Rx,0,8,0,0,0,80,1,0,0,0
2702626,333,false,Rx,0,8,0,0,0,1C,0C,40,20,A0
2703568,334,false,Rx,0,8,C8,0,0,0,AC,70,1D,90
2706557,0000010B,false,Rx,0,8,7D,F8,3D,0,0,0,0,5
2706575,0000010C,false,Rx,0,8,FF,F9,E7,1F,46,44,46,46
2706600,0000010D,false,Rx,0,8,10,3,0,0,0,0,1,35
2706617,0000010E,false,Rx,0,8,0,0,0A,0,0,C0,AB,57
2706635,000002AB,false,Rx,0,8,E8,1F,20,0C,0C,0,0,0
2707567,000002AC,false,Rx,0,8,0,FF,FF,0,0,40,0,50
2707587,000002AD,false,Rx,0,8,0,1,0,40,FF,FF,FF,0F
2707605,000002AE,false,Rx,0,8,1,0,FF,3F,1,1,0,0
2708566,000002B6,false,Rx,0,8,9A,6E,20,1,0,0,0,40
2708586,000002B7,false,Rx,0,8,8,2,F0,0,0,4,0,0
2708604,251,false,Rx,0,8,37,34,1F,0,0,0,0,0
2708622,000002B8,false,Rx,0,8,AA,11,11,0,0,0,0,0
2708646,252,false,Rx,0,8,0,0,0,0,3,0,0,0
2709567,000002B9,false,Rx,0,8,0A,0,0,0,0,0,0,0
2709594,253,false,Rx,0,8,0,0,0,51,51,0,80,44
2709611,000002E1,false,Rx,0,8,CB,3A,20,0,0,0,0,40
2709629,396,false,Rx,0,8,DD,4A,8F,0F,8,1,0,2
2710578,000002E2,false,Rx,0,8,FD,0,0,0,0,14,0,4
2710598,397,false,Rx,0,8,35,0,0,0,0,0,0,0
2710616,000002E3,false,Rx,0,8,0,0,0,0,0,0,72,1
2710633,398,false,Rx,0,8,0,0,0,0,0,0,0,0
2711568,000002E4,false,Rx,0,8,2,0,0,0,0,0,0,0
2717557,383,false,Rx,0,8,12,ED,1,0,2,0,0,0
2718570,415,false,Rx,0,8,40,13,10,0,8,1,0,0
2722557,0000019B,false,Rx,0,8,72,C3,3B,0,0,E4,0,0
2722575,0000019C,false,Rx,0,8,40,20,0,0,0,0,0B,9
2722593,0000019D,false,Rx,0,8,0,10,0,1,0,0,0,0
2723569,0000019E,false,Rx,0,8,15,0,0,0,0,32,0,0
2723590,000001AB,false,Rx,0,8,FE,4E,E6,50,70,38,0,0
2723608,000002D6,false,Rx,0,8,4F,5E,8F,0,0,0,0,0
2724565,000001AC,false,Rx,0,8,0,28,0,0,0,0,0,0
2724584,226,false,Rx,0,8,BD,C0,FB,FF,43,E1,5,42
2724602,000002D7,false,Rx,0,8,0,0,0,0,3,0,0,0
2724626,227,false,Rx,0,8,2,70,E1,8,0,F2,17,4
2724643,000002D8,false,Rx,0,8,0,0,0,0,0,0,38,45
2725733,000002EB,false,Rx,0,8,3D,E7,8F,9,8,0,0,2
2725768,000001E1,false,Rx,0,8,3A,15,3D,2,0,0,0,0
2725788,000002D9,false,Rx,0,8,0,0,0,0,0,0,0,0
2725805,000001E2,false,Rx,0,8,0,0,0,0,0,0,0,0
2727056,000002EC,false,Rx,0,8,2,0,0,0,0,0,0,0
2727091,000003A1,false,Rx,0,8,F6,4A,A0,0,FF,FF,FF,FF
2727109,000002ED,false,Rx,0,8,0,0,0,0,0,0,0,0
2727519,000003A2,false,Rx,0,8,0,0,0,0,0,0,0,0
2727647,000002EE,false,Rx,0,8,0,0,0,0,0,0,0,0
2727672,356,false,Rx,0,8,C7,A7,90,0,0,0,0,0
2727700,357,false,Rx,0,8,0,0,0,0,0,4B,4D,48
2727718,358,false,Rx,0,8,35,41,45,4D,52,37,33,4F
2728579,359,false,Rx,0,8,51,4F,34,52,4A,35,33,0
2729566,561,false,Rx,0,8,63,2,0,0,0,0,FF,FF
2731569,121,false,Rx,0,8,58,92,3E,0,0,0,0,5
2731588,122,false,Rx,0,8,FF,D9,67,1F,46,46,46,46
2731606,123,false,Rx,0,8,11,3,0,0,0,0,1,35
2732567,124,false,Rx,0,8,0,0,0A,0,0,0,20,40
2734564,161,false,Rx,0,8,F4,45,99,3,0,0,0,2
2735566,162,false,Rx,0,8,FF,FC,1,0,0,0,0,0
2736566,36,false,Rx,0,8,78,61,40,51,0,0,25,1
2736586,37,false,Rx,0,8,0,0,0,10,0,40,0,0
2736604,38,false,Rx,0,8,4,0,0,0,90,38,96,D4
2737566,39,false,Rx,0,8,0,0,0,0,0,0,0,0
2738565,384,false,Rx,0,8,E9,DC,2,0,0,FF,0,21
2738590,000003B6,false,Rx,0,8,5D,CF,8E,0,0,0,0,46
2739574,000000FF,false,Rx,0,8,CB,10,0,0,0,0,2,0
2739596,000003B7,false,Rx,0,8,46,0,0,0,0,0,0,0
2739614,61,false,Rx,0,8,20,99,46,0,0,0,0,0
2739631,394,false,Rx,0,8,2A,22,1A,49,0,0,0,0
2740567,62,false,Rx,0,8,2,2,0,2,40,FF,0,FF
2740586,000003B8,false,Rx,0,8,0C,3,0,0,0,0,69,0E
2740604,63,false,Rx,0,8,0,0,5,0,0,8,FD,0
2740622,000003B9,false,Rx,0,8,0,0,0,0,0,0,0,0
2741567,64,false,Rx,0,8,0,0,0,4,FF,FA,0,0
2741589,000003C3,false,Rx,0,8,45,10,31,30,36,0,0,0
2741607,000000A1,false,Rx,0,8,D5,C5,46,1A,0,0,0,0
2741624,000003E0,false,Rx,0,8,66,20,1,0,54,3,0,0
2742566,91,false,Rx,0,8,B2,6E,1E,0,0,0,0,0
2742587,000003E5,false,Rx,0,8,37,80,1,0,0,0,0,0
2742605,92,false,Rx,0,8,0,0,0,0,0,0,0,0
2742623,000003E6,false,Rx,0,8,67,90,0,0,0,0,0,0
2743578,93,false,Rx,0,8,0,0,0,0,0,0,0,0
2743603,0000041A,false,Rx,0,8,8D,D0,12,0,0,0,0,0
2743621,94,false,Rx,0,8,0,0,0,0,0,0,0,0
2743638,0000041B,false,Rx,0,8,70,D0,0,0,0,0,0,0
2744579,000000A2,false,Rx,0,8,0,0,0,0,0,0,0,0
2744609,0000041C,false,Rx,0,8,48,0,E0,0,0,0,0,0
2744627,000000A3,false,Rx,0,8,0,40,1,0,0,0,0,0
2744645,422,false,Rx,0,8,9D,70,1,0,0,0,4,0
2745568,0000011B,false,Rx,0,8,CF,90,33,5,80,8,A8,2
2745590,0000012B,false,Rx,0,8,88,6A,33,6,0,0,8,0
2745608,0000011C,false,Rx,0,8,0,5,20,0,22,0,1,1
2745626,0000012C,false,Rx,0,8,0,0,1,0,0,64,0,0
2746589,432,false,Rx,0,8,3,20,2,0,0,0,0,0
2746617,435,false,Rx,0,8,26,C0,0,40,0,0,0,0
2746636,442,false,Rx,0,8,CE,20,11,81,0,0,0,0
2747569,444,false,Rx,0,8,D5,20,20,50,55,50,0,0
2747590,445,false,Rx,0,8,C6,C0,0,0,0,0,0,18
2748568,464,false,Rx,0,8,D5,20,F0,FF,38,7F,5,0
2751566,146,false,Rx,0,8,80,39,96,10,4,1,0,0
2752572,147,false,Rx,0,8,0,4,7D,0,40,0,0,0
2752593,148,false,Rx,0,8,0,0,0,0,0,90,40,5
2752611,149,false,Rx,0,8,0,0,0,0,0,0,0,0
2753569,000003AA,false,Rx,0,8,FF,0,B0,0,54,0,0,0
2754568,495,false,Rx,0,8,49,0,0,0,0,0,0,0
2756568,0000010B,false,Rx,0,8,13,27,42,0,0,0,0,5
2756590,0000010C,false,Rx,0,8,FF,F9,E7,1F,46,45,46,46
2756608,0000010D,false,Rx,0,8,10,3,0,0,0,0,1,35
2756626,0000010E,false,Rx,0,8,0,0,0A,0,0,C0,AB,57
2757573,000001B1,false,Rx,0,8,85,A4,96,0,72,0,0,0
2757600,000001B2,false,Rx,0,8,23,0,4,0F,0F,7,52,10
2757618,000001B3,false,Rx,0,8,10,2C,0,0,87,91,96,90
2757636,000001B4,false,Rx,0,8,95,91,17,0,0,40,1,0
2763566,0000036F,false,Rx,0,8,5F,81,1,0,0,0,0,0
2763588,0000037F,false,Rx,0,8,22,20,52,24,41,2,0,0
2763606,380,false,Rx,0,8,AD,D7,FF,0,0,0,0,1
2764617,000001A1,false,Rx,0,8,36,80,9A,FE,F7,7F,64,0
2765701,000001A2,false,Rx,0,8,0,0,0,0,0,8,0,0
2765736,000001A3,false,Rx,0,8,FF,F3,3F,0,0,0,0,0
2765754,000001A4,false,Rx,0,8,FE,7,0,0,0,0,0,0
2766612,000003B0,false,Rx,0,8,72,37,FF,C7,0,0,3,C0
2768564,000003B1,false,Rx,0,8,9B,3C,FF,40,0,0,20,0
2769571,448,false,Rx,0,8,0,C0,0,0,0,0,0,0
2772569,0000019B,false,Rx,0,8,D3,BC,40,0,0,E4,0,0
2772589,0000019C,false,Rx,0,8,40,20,0,0,0,0,0B,9
2772607,0000019D,false,Rx,0,8,0,10,0,1,0,0,0,0
2773569,0000019E,false,Rx,0,8,15,0,0,0,0,32,0,0
2773597,487,false,Rx,0,8,0,0,0,0,0,0,0,0
2773615,642,false,Rx,0,8,FF,FF,FF,FF,FF,FF,0,0
2778566,000003B2,false,Rx,0,8,36,15,FF,2,29,2F,34,0
2781565,121,false,Rx,0,8,4C,2A,43,0,0,0,0,5
2781586,122,false,Rx,0,8,FF,D9,67,1F,46,46,46,46
2781604,123,false,Rx,0,8,11,3,0,0,0,0,1,35
2782567,124,false,Rx,0,8,0,0,0A,0,0,0,20,40
2782587,427,false,Rx,0,8,1D,86,FF,0,80,0A,0,0
2786567,36,false,Rx,0,8,7,4D,45,51,0,0,25,1
2786589,37,false,Rx,0,8,0,0,0,10,0,40,0,0
2786607,38,false,Rx,0,8,4,0,0,0,90,38,96,D4
2787567,39,false,Rx,0,8,0,0,0,0,0,0,0,0
2789565,61,false,Rx,0,8,2D,5F,4B,0,0,0,0,0
2789585,62,false,Rx,0,8,2,2,0,2,40,FF,0,FF
2790573,63,false,Rx,0,8,0,0,5,0,0,8,FD,0
2790594,64,false,Rx,0,8,0,0,0,4,FF,FA,0,0
2790611,000000A1,false,Rx,0,8,E3,86,4B,1A,0,0,0,0
2790629,000000A2,false,Rx,0,8,0,0,0,0,0,0,0,0
2791569,000000A3,false,Rx,0,8,0,40,1,0,0,0,0,0
2792565,0000042A,false,Rx,0,8,F4,DE,FF,1,0,10,0,0
2794566,0000011B,false,Rx,0,8,7,69,38,5,80,8,A8,2
2795565,0000012B,false,Rx,0,8,40,93,38,6,0,0,8,0
2795585,0000011C,false,Rx,0,8,0,5,20,0,22,0,1,1
2795603,0000012C,false,Rx,0,8,0,0,1,0,0,64,0,0
2795621,000001FB,false,Rx,0,8,AC,93,1F,0,0,0,0,0
2796567,000001FC,false,Rx,0,8,0,0,0,0,0,0,0,0
2796587,000001FD,false,Rx,0,8,0,1A,3,0,0,0,0,0
2796604,000001FE,false,Rx,0,8,0,0,0,0,0,0,0,0
2799568,000001E6,false,Rx,0,8,DA,59,3D,2,0,0,0,0
2799589,000001E7,false,Rx,0,8,0,0,22,3,20,1,0,0
2799607,000001BB,false,Rx,0,8,2F,14,3D,2,0,0,0,0A
2799625,000001BC,false,Rx,0,8,32,0,0,0,2,0,0,0
2800567,000001BD,false,Rx,0,8,0,0,0,0,0,0,0,0
2806565,0000010B,false,Rx,0,8,6C,0B,47,0,0,0,0,5
2806586,0000010C,false,Rx,0,8,FF,F9,E7,1F,46,45,46,46
2806604,0000010D,false,Rx,0,8,10,3,0,0,0,0,1,35
2806622,0000010E,false,Rx,0,8,0,0,0A,0,0,C0,AB,57
2807567,000002C1,false,Rx,0,8,A0,6,91,21,0,41,0,AA
2807587,000002C2,false,Rx,0,8,1A,0,0,0,0,0,0,0
2808566,000002C3,false,Rx,0,8,0,0,0,0,0,0,0,0
2808587,000002C4,false,Rx,0,8,0,0,0,0,0,0,0,0
2815575,000004A3,false,Rx,0,8,80,0,48,0B,3E,0,0,0
2815596,000004A4,false,Rx,0,8,FF,FF,FF,0,0,0,0,0
2822589,0000019B,false,Rx,0,8,AC,90,45,0,0,E4,0,0
2822629,0000019C,false,Rx,0,8,40,20,0,0,0,0,0B,9
2822648,0000019D,false,Rx,0,8,0,10,0,1,0,0,0,0
2823610,0000019E,false,Rx,0,8,15,0,0,0,0,32,0,0
2823642,000001AB,false,Rx,0,8,8D,77,EB,50,70,38,0,0
2823661,419,false,Rx,0,8,74,B0,8F,D6,6D,86,90,0
2823678,000001AC,false,Rx,0,8,0,28,0,0,0,0,0,0
2825013,316,false,Rx,0,8,D2,63,7E,34,14,80,0A,0
2825048,317,false,Rx,0,8,0,0,5,0,0,0,0,0
2825066,000003CB,false,Rx,0,8,36,14,0,F4,0,0,0,0
2825084,472,false,Rx,0,8,5C,EC,0,40,8,41,0,45
2825116,000003CC,false,Rx,0,8,36,31,34,30,33,34,31,0
2825134,473,false,Rx,0,8,5F,24,0,25,0,0,0,78
2826217,474,false,Rx,0,8,93,44,0,0,0,0,0,14
2827649,0000033B,false,Rx,0,8,AF,3D,21,0,0,0,0,0
2827697,0000033C,false,Rx,0,8,0,0,0,0,F0,0,0,0
2827717,0000033D,false,Rx,0,8,0,0,0,0,0,0,0,0
2827735,000002FF,false,Rx,0,8,E2,1,0,F1,3F,0,0,0
2827752,0000033E,false,Rx,0,8,0,0,0,0,0,0,0,0
2829191,401,false,Rx,0,8,A9,30,10,0,0,4,0,0
2830587,563,false,Rx,0,8,65,2,0,0,0,0,FF,FF
2831785,121,false,Rx,0,8,F4,2B,48,0,0,0,0,5
2831821,122,false,Rx,0,8,FF,D9,67,1F,46,46,46,46
2831839,123,false,Rx,0,8,11,3,0,0,0,0,1,35
2831856,124,false,Rx,0,8,0,0,0A,0,0,0,20,40
2835082,161,false,Rx,0,8,6B,2D,9E,3,0,0,0,2
2835122,162,false,Rx,0,8,FF,FC,1,0,0,0,0,0
2837048,36,false,Rx,0,8,86,39,4A,51,0,0,25,1
2837082,37,false,Rx,0,8,0,0,0,10,0,40,0,0
2837100,38,false,Rx,0,8,4,0,0,0,90,38,96,D4
2837118,39,false,Rx,0,8,0,0,0,0,0,0,0,0
2838613,000002E6,false,Rx,0,8,84,4A,1E,1,0,0,0,15
2838649,256,false,Rx,0,8,88,B8,1E,15,40,0,F0,0
2838667,000002E7,false,Rx,0,8,0A,0,0,0,0,0,0,0
2840359,257,false,Rx,0,8,0,93,41,18,86,7,0,93
2840394,000002E8,false,Rx,0,8,0,0,0,0,0,0,0,0
2840412,258,false,Rx,0,8,0B,74,1E,0,10,15,0,28
2842070,61,false,Rx,0,8,50,9A,50,0,0,0,0,0
2843324,259,false,Rx,0,8,53,5,8A,3C,4C,2,0,0
2843360,63,false,Rx,0,8,0,0,5,0,0,8,FD,0
2843415,64,false,Rx,0,8,0,0,0,4,FF,FA,0,0
2844455,000000A1,false,Rx,0,8,8C,37,50,1A,0,0,0,0
2844475,94,false,Rx,0,8,0,0,0,0,0,0,0,0
2844493,000001F1,false,Rx,0,8,3,FF,10,1,0,0,28,0
2845859,000001F2,false,Rx,0,8,0,0,0,0,0,0,0,0
2845905,0000011B,false,Rx,0,8,F1,41,3D,5,80,8,A8,2
2845922,0000012B,false,Rx,0,8,B6,BB,3D,6,0,0,8,0
2845940,0000011C,false,Rx,0,8,0,5,20,0,22,0,1,1
2845958,0000012C,false,Rx,0,8,0,0,1,0,0,64,0,0
2850424,000002BF,false,Rx,0,8,FF,FF,FF,0,0,0,0,0
2850500,0000047F,false,Rx,0,8,FF,FF,FF,FF,FF,FF,F3,FF
2850865,653,false,Rx,0,8,0A,19,3,1,2,2A,0,0
2852199,146,false,Rx,0,8,8D,FF,9B,10,4,1,0,0
2852234,147,false,Rx,0,8,0,4,7D,0,40,0,0,0
2852253,148,false,Rx,0,8,0,0,0,0,0,90,40,5
2852271,149,false,Rx,0,8,0,0,0,0,0,0,0,0
2855893,0000010B,false,Rx,0,8,22,DF,4C,0,0,0,0,5
2855932,0000010C,false,Rx,0,8,FF,F9,E7,1F,46,44,46,46
2856813,0000010D,false,Rx,0,8,10,3,0,0,0,0,1,35
2856861,000001B1,false,Rx,0,8,88,62,9B,0,72,0,0,0
2856880,0000010E,false,Rx,0,8,0,0,0A,0,0,C0,AB,57
2856897,000001B2,false,Rx,0,8,23,0,4,0F,0F,7,52,10
2857681,000001B3,false,Rx,0,8,10,2C,0,0,87,91,96,90
2857700,000001B4,false,Rx,0,8,95,91,17,0,0,40,1,0
2860916,475,false,Rx,0,8,12,0,0,0,0,0,0,0
2860956,496,false,Rx,0,8,12,0,0,0,0,0,0,0
2863795,0000036F,false,Rx,0,8,E6,91,1,0,0,0,0,0
2863832,419,false,Rx,0,8,74,B0,8F,D6,6D,86,90,0
2863850,0000037F,false,Rx,0,8,9B,30,52,24,41,2,0,0
2864725,111,false,Rx,0,8,B1,68,85,1,0,0,0,0
2864758,112,false,Rx,0,8,0,0,0,0,0,0,0,0
2864777,000001A1,false,Rx,0,8,49,AC,9F,FE,F7,7F,64,0
2865859,113,false,Rx,0,8,0,0,0,0,0,0,0,0
2866291,000001A2,false,Rx,0,8,0,0,0,0,0,8,0,0
2866313,114,false,Rx,0,8,0,0,0,0,0,0,0,0
2866331,000001A3,false,Rx,0,8,FF,F3,3F,0,0,0,0,0
2866349,000001A4,false,Rx,0,8,FE,7,0,0,0,0,0,0
2872589,0000019B,false,Rx,0,8,2D,E4,4A,0,0,E4,0,0
2872628,0000019C,false,Rx,0,8,40,20,0,0,0,0,0B,9
2872646,0000019D,false,Rx,0,8,0,10,0,1,0,0,0,0
2873600,0000019E,false,Rx,0,8,15,0,0,0,0,32,0,0
2875337,000001E1,false,Rx,0,8,7F,C5,40,2,0,0,0,0
2875496,000001E2,false,Rx,0,8,0,0,0,0,0,0,0,0
2876973,0000030B,false,Rx,0,8,BF,AA,21,0,4,0,0,0
2877017,0000030C,false,Rx,0,8,0,0,0E,0,2C,0,A0,0F
2878215,0000030D,false,Rx,0,8,0,0,0,0,48,0,0,0
2878235,0000030E,false,Rx,0,8,0,0,38,5,21,0,0,0
2881588,121,false,Rx,0,8,8B,7,4D,0,0,0,0,5
2881636,122,false,Rx,0,8,FF,D9,67,1F,46,46,46,46
2881653,123,false,Rx,0,8,11,3,0,0,0,0,1,35
2881671,124,false,Rx,0,8,0,0,0A,0,0,0,20,40
2883775,405,false,Rx,0,8,BD,30,0,0,0,1,0,0
2885077,413,false,Rx,0,8,6F,30,0,0,0,0,0,0
2885168,410,false,Rx,0,8,4B,80,59,3C,16,6B,FF,FF
2885187,414,false,Rx,0,8,F0,10,0,0,28,0,0,0
2885205,411,false,Rx,0,8,A8,1,50,50,0,0,44,4
2885340,416,false,Rx,0,8,55,0,0,0,0,0,0,0
2885358,412,false,Rx,0,8,6D,60,0,0,0,0,0,0
2885384,000000C5,false,Rx,0,8,0,0,0,0,0,0,0,0
2887043,244,false,Rx,0,8,FF,FF,FF,FF,FF,FF,FF,FF
2887098,000004B4,false,Rx,0,8,0,0,0,0,0,0,0,0
2887117,36,false,Rx,0,8,F9,15,4F,51,0,0,25,1
2887151,000004B5,false,Rx,0,8,8,0,F0,7,0,0,0,0
2887169,37,false,Rx,0,8,0,0,0,10,0,40,0,0
2887186,000004B7,false,Rx,0,8,8,0,F0,7,0,0,0,0
2887204,38,false,Rx,0,8,4,0,0,0,90,38,96,D4
2888631,000004CA,false,Rx,0,8,0,0,0,0,0,0,0,0
2888696,39,false,Rx,0,8,0,0,0,0,0,0,0,0
2888714,000004CC,false,Rx,0,8,8,0,0,6,0,0,3,0
2888732,000004CE,false,Rx,0,8,14,1,FF,FF,FF,FF,FF,FF
2888749,000004D7,false,Rx,0,8,23,1,0,0,0,0,0,0
2888767,000004D8,false,Rx,0,8,41,10,F0,F0,40,F2,1E,CC
2889974,000004DD,false,Rx,0,8,0,0,FE,0,4,0,0,0
2890007,000004DF,false,Rx,0,8,FF,3,0C,3F,0,0,0,0
2892434,61,false,Rx,0,8,2F,B6,55,0,0,0,0,0
2892515,000004E7,false,Rx,0,8,0,30,0,0,0,0,69,0
2892534,62,false,Rx,0,8,2,2,0,2,40,FF,0,FF
2892691,000004E8,false,Rx,0,8,FF,FF,FF,5,FF,FF,FF,0
2892709,63,false,Rx,0,8,0,0,5,0,0,8,FD,0
2893875,000004EE,false,Rx,0,8,FF,FF,0,0,0,0,0,0
2894590,000004F3,false,Rx,0,8,0,0,0,0,F0,0,0,0
2894617,0000011B,false,Rx,0,8,DD,D1,42,5,80,8,A8,2
2895884,0000012B,false,Rx,0,8,9A,2B,42,6,0,0,8,0
2895930,0000011C,false,Rx,0,8,0,5,20,0,22,0,1,1
2895949,0000012C,false,Rx,0,8,0,0,1,0,0,64,0,0
2895966,000001F6,false,Rx,0,8,9C,DF,21,0,0,0,0,0E
2897615,154,false,Rx,0,8,0,0,0,0,0,0,0,0
2897642,236,false,Rx,0,8,0D,22,21,0,6E,3C,34,6C
2897660,000002FB,false,Rx,0,8,F3,D5,21,4,5F,1A,CC,CC
2899131,237,false,Rx,0,8,0,15,BA,0,0,AA,1E,0
2899164,000002FC,false,Rx,0,8,3,0,16,19,0,0,8E,BF
2899181,238,false,Rx,0,8,0,0,5F,0,0,0,0,0
2899199,000002FD,false,Rx,0,8,0,0,0,0,0,1C,0E,EA
2899216,239,false,Rx,0,8,0,0,0,0,1,0,0,0
2900698,0000025B,false,Rx,0,8,25,7E,21,40,40,20,0,0
2900734,326,false,Rx,0,8,66,81,21,0,0,0,0,0
2900752,0000025C,false,Rx,0,8,0,0,0B,0,34,89,19,0
2900769,327,false,Rx,0,8,0,0,0,0,5,0,0,0
2900801,0000025D,false,Rx,0,8,0,C8,0,0,0,80,C0,70
2900819,0000025E,false,Rx,0,8,20,7,0E,3,0,0,0,0
2901916,329,false,Rx,0,8,A0,0,0,0,0,0,0,0
2901951,382,false,Rx,0,8,F1,7A,1,0,0,1,8,0
2901969,331,false,Rx,0,8,75,CE,21,F1,C8,A0,2C,97
2904085,332,false,Rx,0,8,94,2,0,0,0,0,0,0
2904120,0000063D,false,Rx,0,8,0,80,0,0,0,0,0,0
2906714,333,false,Rx,0,8,0,0,0,1C,0C,40,20,A0
2907642,000002AC,false,Rx,0,8,0,FF,FF,0,0,40,0,50
2907674,000002AD,false,Rx,0,8,0,1,0,40,FF,FF,FF,0F
2907692,000002AE,false,Rx,0,8,1,0,FF,3F,1,1,0,0
2908599,000002B7,false,Rx,0,8,8,2,F0,0,0,4,0,0
2908629,251,false,Rx,0,8,F1,EE,21,0,0,0,0,0
2908647,000002B8,false,Rx,0,8,AA,11,11,0,0,0,0,0
2908664,252,false,Rx,0,8,0,0,0,0,3,0,0,0
2910379,000002B9,false,Rx,0,8,0A,0,0,0,0,0,0,0
2910415,253,false,Rx,0,8,0,0,0,51,51,0,80,44
2910432,000002E1,false,Rx,0,8,47,88,22,0,0,0,0,40
2910450,396,false,Rx,0,8,35,4D,90,0F,8,2,0,2
2910468,000002E2,false,Rx,0,8,FD,0,0,0,0,14,0,4
2910620,398,false,Rx,0,8,0,0,0,0,0,0,0,0
2911580,000002E4,false,Rx,0,8,2,0,0,0,0,0,0,0
2917593,383,false,Rx,0,8,12,ED,1,0,2,0,0,0
2923309,0000019B,false,Rx,0,8,52,C8,4F,0,0,E4,0,0
2923346,0000019C,false,Rx,0,8,40,20,0,0,0,0,0B,9
2923364,0000019D,false,Rx,0,8,0,10,0,1,0,0,0,0
2923382,0000019E,false,Rx,0,8,15,0,0,0,0,32,0,0
2923635,000001AB,false,Rx,0,8,4F,AD,F0,50,70,38,0,0
2923653,226,false,Rx,0,8,6,0,FD,FF,43,E1,5,42
2924828,000002D6,false,Rx,0,8,0B,EE,90,0,0,0,0,0
2924864,227,false,Rx,0,8,2,70,E1,8,0,F2,17,4
2924882,000002D7,false,Rx,0,8,0,0,0,0,3,0,0,0
2924900,000002EB,false,Rx,0,8,C5,C0,90,9,8,1,0,2
2924933,000002D8,false,Rx,0,8,0,0,0,0,0,0,38,45
2924951,000002EC,false,Rx,0,8,12,0,0,0,0,0,0,0
2925583,000002D9,false,Rx,0,8,0,0,0,0,0,0,0,0
2925605,000002ED,false,Rx,0,8,0,0,0,0,0,0,0,0
2926566,000003A1,false,Rx,0,8,D2,E2,A1,0,FF,FF,FF,FF
2926587,000002EE,false,Rx,0,8,0,0,0,0,0,0,0,0
2926605,000003A2,false,Rx,0,8,0,0,0,0,0,0,0,0
2928061,356,false,Rx,0,8,81,FE,91,0,0,0,0,0
2928170,357,false,Rx,0,8,0,0,0,0,0,4B,4D,48
2928188,358,false,Rx,0,8,35,41,45,4D,52,37,33,4F
2928205,565,false,Rx,0,8,66,2,0,0,0,0,FF,FF
2928223,359,false,Rx,0,8,51,4F,34,52,4A,35,33,0
2931587,121,false,Rx,0,8,CF,B7,52,0,0,0,0,5
2931628,122,false,Rx,0,8,FF,D9,67,1F,46,46,46,46
2931646,123,false,Rx,0,8,11,3,0,0,0,0,1,35
2931663,124,false,Rx,0,8,0,0,0A,0,0,0,20,40
2934564,161,false,Rx,0,8,6,71,A3,3,0,0,0,2
2935563,162,false,Rx,0,8,FF,FC,1,0,0,0,0,0
2936566,36,false,Rx,0,8,84,D0,54,51,0,0,25,1
2936586,37,false,Rx,0,8,0,0,0,10,0,40,0,0
2936604,38,false,Rx,0,8,4,0,0,0,90,38,96,D4
2937569,39,false,Rx,0,8,0,0,0,0,0,0,0,0
2938565,000000FF,false,Rx,0,8,CB,10,0,0,0,0,2,0
2938594,384,false,Rx,0,8,E9,DC,2,0,0,FF,0,21
2939571,000003B6,false,Rx,0,8,1B,96,8F,0,0,0,0,46
2939596,394,false,Rx,0,8,2A,22,1A,49,0,0,0,0
2939614,61,false,Rx,0,8,AE,C2,5A,0,0,0,0,0
2939631,000003B7,false,Rx,0,8,46,0,0,0,0,0,0,0
2940566,62,false,Rx,0,8,2,2,0,2,40,FF,0,FF
2940588,000003B8,false,Rx,0,8,0C,3,0,0,0,0,69,0E
2940605,63,false,Rx,0,8,0,0,5,0,0,8,FD,0
2940623,000003B9,false,Rx,0,8,0,0,0,0,0,0,0,0
2941562,64,false,Rx,0,8,0,0,0,4,FF,FA,0,0
2941587,000003C3,false,Rx,0,8,45,10,31,30,36,0,0,0
2941605,000000A1,false,Rx,0,8,B3,F1,5A,1A,0,0,0,0
2941622,000003E0,false,Rx,0,8,66,20,1,0,54,3,0,0
2942563,91,false,Rx,0,8,1B,1E,20,0,0,0,0,0
2942586,000003E5,false,Rx,0,8,37,80,1,0,0,0,0,0
2942604,92,false,Rx,0,8,0,0,0,0,0,0,0,0
2942621,000003E6,false,Rx,0,8,67,90,0,0,0,0,0,0
2943562,93,false,Rx,0,8,0,0,0,0,0,0,0,0
2943587,0000041A,false,Rx,0,8,8D,D0,12,0,0,0,0,0
2943605,94,false,Rx,0,8,0,0,0,0,0,0,0,0
2943623,0000041B,false,Rx,0,8,70,D0,0,0,0,0,0,0
2944563,000000A2,false,Rx,0,8,0,0,0,0,0,0,0,0
2944585,0000041C,false,Rx,0,8,48,0,E0,0,0,0,0,0
2944603,000000A3,false,Rx,0,8,0,40,1,0,0,0,0,0
2944621,422,false,Rx,0,8,9D,70,1,0,0,0,4,0
2945562,432,false,Rx,0,8,3,20,2,0,0,0,0,0
2945587,0000011B,false,Rx,0,8,2B,F9,47,5,80,8,A8,2
2945604,0000012B,false,Rx,0,8,6C,3,47,6,0,0,8,0
2945622,0000011C,false,Rx,0,8,0,5,20,0,22,0,1,1
2946618,0000012C,false,Rx,0,8,0,0,1,0,0,64,0,0
2946664,435,false,Rx,0,8,26,C0,0,40,0,0,0,0
2946682,442,false,Rx,0,8,CE,20,11,81,0,0,0,0
2946699,444,false,Rx,0,8,D5,20,20,50,55,50,0,0
2947800,445,false,Rx,0,8,C6,C0,0,0,0,0,0,18
2947834,464,false,Rx,0,8,D5,20,F0,FF,38,7F,5,0
2949593,000001E6,false,Rx,0,8,9F,89,40,2,0,0,0,0
2949624,000001BB,false,Rx,0,8,81,86,40,2,0,0,0,0A
2949642,000001BC,false,Rx,0,8,32,0,0,0,2,0,0,0
2949660,000001BD,false,Rx,0,8,0,0,0,0,0,0,0,0
2950578,000001E7,false,Rx,0,8,0,0,22,3,20,1,0,0
2951569,146,false,Rx,0,8,5B,A3,A0,10,4,1,0,0
2952567,147,false,Rx,0,8,0,4,7D,0,40,0,0,0
2952588,148,false,Rx,0,8,0,0,0,0,0,90,40,5
2952606,149,false,Rx,0,8,0,0,0,0,0,0,0,0
2953567,000003AA,false,Rx,0,8,FF,0,B0,0,54,0,0,0
2954567,495,false,Rx,0,8,49,0,0,0,0,0,0,0
2956575,0000010B,false,Rx,0,8,19,43,56,0,0,0,0,5
2956599,0000010C,false,Rx,0,8,FF,F9,E7,1F,46,44,46,46
2956618,0000010D,false,Rx,0,8,10,3,0,0,0,0,1,35
2956635,0000010E,false,Rx,0,8,0,0,0A,0,0,C0,AB,57
2956660,000001B1,false,Rx,0,8,5E,3E,A0,0,72,0,0,0
2957563,000001B2,false,Rx,0,8,23,0,4,0F,0F,7,52,10
2957588,000001B3,false,Rx,0,8,10,2C,0,0,87,91,96,90
2957607,000001B4,false,Rx,0,8,95,91,17,0,0,40,1,0
2963566,0000036F,false,Rx,0,8,30,A1,1,0,0,0,0,0
2963591,0000037F,false,Rx,0,8,93,40,52,24,41,2,0,0
2963609,380,false,Rx,0,8,AD,D7,FF,0,0,0,0,1
2964562,000001A1,false,Rx,0,8,9F,F0,A4,FE,F7,7F,64,0
2965565,000001A2,false,Rx,0,8,0,0,0,0,0,8,0,0
2965587,000001A3,false,Rx,0,8,FF,F3,3F,0,0,0,0,0
2965604,000001A4,false,Rx,0,8,FE,7,0,0,0,0,0,0
2966562,000003B0,false,Rx,0,8,72,37,FF,C7,0,0,3,C0
2968564,000003B1,false,Rx,0,8,9B,3C,FF,40,0,0,20,0
2969564,448,false,Rx,0,8,0,C0,0,0,0,0,0,0
2972565,0000019B,false,Rx,0,8,2F,0D,54,0,0,E4,0,0
2972587,0000019C,false,Rx,0,8,40,20,0,0,0,0,0B,9
2972604,0000019D,false,Rx,0,8,0,10,0,1,0,0,0,0
2973562,0000019E,false,Rx,0,8,15,0,0,0,0,32,0,0
2976565,487,false,Rx,0,8,0,0,0,0,0,0,0,0
2977562,642,false,Rx,0,8,FF,FF,FF,FF,FF,FF,0,0
2977586,645,false,Rx,0,8,C7,35,6,79,E0,32,56,0
2978565,000003B2,false,Rx,0,8,36,15,FF,2,29,2F,34,0
2981565,121,false,Rx,0,8,B0,9B,57,0,0,0,0,5
2981588,122,false,Rx,0,8,FF,D9,67,1F,46,46,46,46
2981605,123,false,Rx,0,8,11,3,0,0,0,0,1,35
2981630,124,false,Rx,0,8,0,0,0A,0,0,0,20,40
2982562,427,false,Rx,0,8,1D,86,FF,0,80,0A,0,0
2983565,419,false,Rx,0,8,8B,C0,8F,D6,71,86,90,0
2986565,36,false,Rx,0,8,89,16,59,51,0,0,25,1
2986587,37,false,Rx,0,8,0,0,0,10,0,40,0,0
2986606,38,false,Rx,0,8,4,0,0,0,90,38,96,D4
2987562,39,false,Rx,0,8,0,0,0,0,0,0,0,0
2989741,61,false,Rx,0,8,D1,EE,5F,0,0,0,0,0
2989790,62,false,Rx,0,8,2,2,0,2,40,FF,0,FF
2989808,63,false,Rx,0,8,0,0,5,0,0,8,FD,0
2991497,64,false,Rx,0,8,0,0,0,4,FF,FA,0,0
2991532,000000A1,false,Rx,0,8,BC,1A,5F,1A,0,0,0,0
2991667,000000A2,false,Rx,0,8,0,0,0,0,0,0,0,0
2991686,000000A3,false,Rx,0,8,0,40,1,0,0,0,0,0
2992683,0000042A,false,Rx,0,8,F4,DE,FF,1,0,10,0,0
2995003,000001F1,false,Rx,0,8,4E,17,13,1,0,0,28,0
2995069,000001F2,false,Rx,0,8,0,0,0,0,0,0,0,0
2995087,0000011B,false,Rx,0,8,E3,0,4C,5,80,8,A8,2
2995105,0000012B,false,Rx,0,8,A4,FA,4C,6,0,0,8,0
2995123,0000011C,false,Rx,0,8,0,5,20,0,22,0,1,1
2995679,0000012C,false,Rx,0,8,0,0,1,0,0,64,0,0
2995712,000001FB,false,Rx,0,8,5,E3,21,0,0,0,0,0
2997071,000001FC,false,Rx,0,8,0,0,0,0,0,0,0,0
2997106,000001FD,false,Rx,0,8,0,1A,3,0,0,0,0,0
2997124,000001FE,false,Rx,0,8,0,0,0,0,0,0,0,0
3005696,0000010B,false,Rx,0,8,14,85,5B,0,0,0,0,5
3007161,0000010C,false,Rx,0,8,FF,F9,E7,1F,46,44,46,46
3007217,0000010D,false,Rx,0,8,10,3,0,0,0,0,1,35
3007235,0000010E,false,Rx,0,8,0,0,0A,0,0,C0,AB,57
3007253,000002C1,false,Rx,0,8,6A,ED,92,21,0,41,0,AA
3008466,000002C2,false,Rx,0,8,1A,0,0,0,0,0,0,0
3008501,000002C3,false,Rx,0,8,0,0,0,0,0,0,0,0
3008519,000002C4,false,Rx,0,8,0,0,0,0,0,0,0,0
3016601,000004A3,false,Rx,0,8,80,0,48,0B,3E,0,0,0
3016640,000004A4,false,Rx,0,8,FF,FF,FF,0,0,0,0,0
3022599,0000019B,false,Rx,0,8,22,CB,59,0,0,E4,0,0
3022638,0000019C,false,Rx,0,8,40,20,0,0,0,0,0B,9
3022656,0000019D,false,Rx,0,8,0,10,0,1,0,0,0,0
3023639,0000019E,false,Rx,0,8,15,0,0,0,0,32,0,0
3023672,000001AB,false,Rx,0,8,B9,85,F5,50,70,38,0,0
3023691,000001AC,false,Rx,0,8,0,28,0,0,0,0,0,0
3023708,000002FF,false,Rx,0,8,E2,1,0,F1,3F,0,0,0
3024672,472,false,Rx,0,8,5C,EC,0,40,8,41,0,45
3025047,316,false,Rx,0,8,F6,CB,7F,34,14,80,0A,0
3026217,419,false,Rx,0,8,8B,C0,8F,D6,71,86,90,0
3028295,317,false,Rx,0,8,0,0,5,0,0,0,0,0
3028330,473,false,Rx,0,8,5F,24,0,25,0,0,0,78
3028348,566,false,Rx,0,8,16,2,0,0,0,0,FF,FF
3028366,000001E1,false,Rx,0,8,32,2D,43,2,0,0,0,0
3028384,474,false,Rx,0,8,93,44,0,0,0,0,0,14
3031589,121,false,Rx,0,8,8,9A,5C,0,0,0,0,5
3031634,122,false,Rx,0,8,FF,D9,67,1F,46,46,46,46
3031652,123,false,Rx,0,8,11,3,0,0,0,0,1,35
3031670,124,false,Rx,0,8,0,0,0A,0,0,0,20,40
3035606,161,false,Rx,0,8,CE,88,A8,3,0,0,0,2
3035647,162,false,Rx,0,8,FF,FC,1,0,0,0,0,0
3036601,36,false,Rx,0,8,7A,88,5E,51,0,0,25,1
3036634,37,false,Rx,0,8,0,0,0,10,0,40,0,0
3036652,38,false,Rx,0,8,4,0,0,0,90,38,96,D4
3037709,39,false,Rx,0,8,0,0,0,0,0,0,0,0
3039031,000002E6,false,Rx,0,8,2D,3A,20,1,0,0,0,15
3039065,256,false,Rx,0,8,FE,B5,20,15,40,0,D0,0
3039083,000002E7,false,Rx,0,8,0A,0,0,0,0,0,0,0
3039101,257,false,Rx,0,8,0,93,41,15,86,7,0,93
3039118,000002E8,false,Rx,0,8,0,0,0,0,0,0,0,0
3040757,258,false,Rx,0,8,0B,74,1E,0,10,15,0,28
3040837,61,false,Rx,0,8,7,B2,64,0,0,0,0,0
3040856,259,false,Rx,0,8,46,5,8A,3C,4C,2,0,0
3040874,62,false,Rx,0,8,2,2,0,2,40,FF,0,FF
3040891,000002E9,false,Rx,0,8,0,0,0,0,0,0,0,0
3040909,63,false,Rx,0,8,0,0,5,0,0,8,FD,0
3042349,000000A1,false,Rx,0,8,75,2B,64,1A,0,0,0,0
3042383,000000A2,false,Rx,0,8,0,0,0,0,0,0,0,0
3042402,91,false,Rx,0,8,5D,47,21,0,0,0,0,0
3042419,92,false,Rx,0,8,0,0,0,0,0,0,0,0
3042437,93,false,Rx,0,8,0,0,0,0,0,0,0,0
3043340,000000A3,false,Rx,0,8,0,40,1,0,0,0,0,0
3044641,0000012B,false,Rx,0,8,DD,E0,51,6,0,0,8,0
3044676,0000011B,false,Rx,0,8,9A,1A,51,5,80,8,A8,2
3046050,0000012C,false,Rx,0,8,0,0,1,0,0,64,0,0
3046445,0000011C,false,Rx,0,8,0,5,20,0,22,0,1,1
3048881,000002BF,false,Rx,0,8,FF,FF,FF,0,0,0,0,0
3050261,0000047F,false,Rx,0,8,FF,FF,FF,FF,FF,FF,F3,FF
3050296,653,false,Rx,0,8,0A,19,3,1,2,2A,0,0
3051588,146,false,Rx,0,8,24,8F,A5,10,4,1,0,0
3053400,147,false,Rx,0,8,0,4,7D,0,40,0,0,0
3053476,148,false,Rx,0,8,0,0,0,0,0,90,40,5
3053498,149,false,Rx,0,8,0,0,0,0,0,0,0,0
3056004,0000010B,false,Rx,0,8,34,0C,60,0,0,0,0,5
3056214,0000010C,false,Rx,0,8,FF,F9,E7,1F,46,45,46,46
3056234,0000010D,false,Rx,0,8,10,3,0,0,0,0,1,35
3057640,000001B1,false,Rx,0,8,21,12,A5,0,72,0,0,0
3057674,0000010E,false,Rx,0,8,0,0,0A,0,0,C0,AB,57
3057693,000001B2,false,Rx,0,8,23,0,4,0F,0F,7,52,10
3058889,000001B3,false,Rx,0,8,10,2C,0,0,87,91,96,90
3058915,000001B4,false,Rx,0,8,95,91,17,0,0,40,1,0
3060732,475,false,Rx,0,8,12,0,0,0,0,0,0,0
3060772,496,false,Rx,0,8,12,0,0,0,0,0,0,0
3063614,0000036F,false,Rx,0,8,89,B1,1,0,0,0,0,0
3063654,419,false,Rx,0,8,8B,C0,8F,D6,71,86,90,0
3063673,0000037F,false,Rx,0,8,2A,50,52,24,41,2,0,0
3065606,111,false,Rx,0,8,7B,83,86,1,0,0,0,0
3065691,112,false,Rx,0,8,0,0,0,0,0,0,0,0
3066070,000001A1,false,Rx,0,8,92,36,A9,FE,F7,7F,64,0
3066098,113,false,Rx,0,8,0,0,0,0,0,0,0,0
3066116,000001A2,false,Rx,0,8,0,0,0,0,0,8,0,0
3066133,114,false,Rx,0,8,0,0,0,0,0,0,0,0
3066151,000001A4,false,Rx,0,8,FE,7,0,0,0,0,0,0
3072592,0000019B,false,Rx,0,8,D1,55,5E,0,0,E4,0,0
3072630,0000019C,false,Rx,0,8,40,20,0,0,0,0,0B,9
3072648,0000019D,false,Rx,0,8,0,10,0,1,0,0,0,0
3073600,0000019E,false,Rx,0,8,15,0,0,0,0,32,0,0
3076589,0000030B,false,Rx,0,8,60,E0,23,0,4,0,0,0
3076624,0000030C,false,Rx,0,8,0,0,0E,0,2C,0,A0,0F
3076643,0000030D,false,Rx,0,8,0,0,0,0,48,0,0,0
3077948,000004E8,false,Rx,0,8,FF,FF,FF,5,FF,FF,FF,0
3077983,0000030E,false,Rx,0,8,0,0,38,5,21,0,0,FE
3082872,121,false,Rx,0,8,6B,1,61,0,0,0,0,5
3084019,122,false,Rx,0,8,FF,D9,67,1F,46,46,46,46
3084046,123,false,Rx,0,8,11,3,0,0,0,0,1,35
3084063,124,false,Rx,0,8,0,0,0A,0,0,0,20,40
3084081,405,false,Rx,0,8,BD,30,0,0,0,1,0,0
3084477,413,false,Rx,0,8,6F,30,0,0,0,0,0,0
3084499,411,false,Rx,0,8,A8,1,50,50,0,0,44,4
3084517,416,false,Rx,0,8,55,0,0,0,0,0,0,0
3086384,412,false,Rx,0,8,6D,60,0,0,0,0,0,0
3086421,417,false,Rx,0,8,5F,20,0,0,0,0,0,0
3086439,418,false,Rx,0,8,19,70,0,0,12,0C,0,0
3086457,36,false,Rx,0,8,19,13,63,51,0,0,25,1
3086484,37,false,Rx,0,8,0,0,0,10,0,40,0,0
3086502,000000C5,false,Rx,0,8,0,0,0,0,0,0,0,0
3087638,38,false,Rx,0,8,4,0,0,0,90,38,96,D4
3087673,244,false,Rx,0,8,FF,FF,FF,FF,FF,FF,FF,FF
3087691,39,false,Rx,0,8,0,0,0,0,0,0,0,0
3087709,000003E4,false,Rx,0,8,FE,0,0,0,0,0,0,0
3088592,000004B4,false,Rx,0,8,0,0,0,0,0,0,0,0
3089714,000004B5,false,Rx,0,8,8,0,F0,7,0,0,0,0
3089741,000004B7,false,Rx,0,8,8,0,F0,7,0,0,0,0
3089771,419,false,Rx,0,8,7C,D0,8F,D6,75,86,90,0
3089789,000004CA,false,Rx,0,8,0,0,0,0,0,0,0,0
3089807,000004CC,false,Rx,0,8,8,0,0,6,0,0,3,0
3089825,000004CE,false,Rx,0,8,14,1,FF,FF,FF,FF,FF,FF
3089842,62,false,Rx,0,8,2,2,0,2,40,FF,0,FF
3091125,000004D7,false,Rx,0,8,23,1,0,0,0,0,0,0
3091158,63,false,Rx,0,8,0,0,5,0,0,8,FD,0
3091178,000004D8,false,Rx,0,8,41,10,F0,F0,40,F2,1E,CC
3091196,64,false,Rx,0,8,0,0,0,4,FF,FA,0,0
3091599,000004DD,false,Rx,0,8,0,0,FE,0,4,0,0,0
3091623,000000A1,false,Rx,0,8,43,68,69,1A,0,0,0,0
3091643,000004DF,false,Rx,0,8,FF,3,0C,3F,0,0,0,0
3094187,000000A2,false,Rx,0,8,0,0,0,0,0,0,0,0
3094221,000004E7,false,Rx,0,8,0,30,0,0,0,0,69,0
3094238,000000A3,false,Rx,0,8,0,40,1,0,0,0,0,0
3094256,000004E9,false,Rx,0,8,12,0,0,34,0,0,50,0
3094274,000004EA,false,Rx,0,8,67,0,0,89,0,0,0,0
3094623,0000063D,false,Rx,0,8,0,80,0,0,0,0,0,0
3094646,151,false,Rx,0,8,23,4E,23,A0,C8,0,28,19
3095738,0000011B,false,Rx,0,8,5,72,56,5,80,8,A8,2
3096186,0000012B,false,Rx,0,8,42,88,56,6,0,0,8,0
3096204,0000011C,false,Rx,0,8,0,5,20,0,22,0,1,1
3096222,0000012C,false,Rx,0,8,0,0,1,0,0,64,0,0
3096263,000001F6,false,Rx,0,8,10,6D,23,0,0,0,0,0E
3096280,152,false,Rx,0,8,16,18,18,0,0B,0,0,0
3096298,000001F7,false,Rx,0,8,0B,0,0,0,0,0,0,0
3098363,153,false,Rx,0,8,0,0,0,0,0,0,0,0
3098399,000001F8,false,Rx,0,8,0,0,0,0,0,0,0,0
3098554,154,false,Rx,0,8,0,0,0,0,0,0,0,0
3098572,000001F9,false,Rx,0,8,0,0,A0,C8,14,0,0,0
3098590,000002FB,false,Rx,0,8,7F,67,23,4,5F,1A,CC,CC
3098608,000002FD,false,Rx,0,8,0,0,0,0,0,1C,0E,EA
3100354,238,false,Rx,0,8,0,0,5F,0,0,0,0,0
3100408,000001E6,false,Rx,0,8,D2,61,43,2,0,0,0,0
3100425,239,false,Rx,0,8,0,0,0,0,1,0,0,0
3100443,000001BB,false,Rx,0,8,84,DF,43,2,0,0,0,0A
3100461,0000025B,false,Rx,0,8,72,38,23,40,40,20,0,0
3100479,000001BD,false,Rx,0,8,0,0,0,0,0,0,0,0
3101568,0000025D,false,Rx,0,8,0,C8,0,0,0,80,C0,70
3101598,000001E7,false,Rx,0,8,0,0,22,3,20,1,0,0
3101616,0000025E,false,Rx,0,8,4,7,0E,1,0,0,0,0
3101634,000002FE,false,Rx,0,8,0,0,72,1,0,28,0,0
3101652,382,false,Rx,0,8,F1,7A,1,0,0,1,8,0
3103202,326,false,Rx,0,8,EA,33,23,0,0,0,0,0
3103237,0000063E,false,Rx,0,8,FF,FF,FF,FF,FF,FF,FF,FF
3103255,327,false,Rx,0,8,0,0,0,0,5,0,0,0
3103273,0000063F,false,Rx,0,8,0,10,0,C4,FF,0,0,0
3103291,328,false,Rx,0,8,0,0,0,0,0,0,0,0
3104602,329,false,Rx,0,8,A0,0,0,0,0,0,0,0
3104629,641,false,Rx,0,8,FF,FF,FF,FF,0F,FF,FF,FF
3104648,331,false,Rx,0,8,F9,7C,23,F1,C8,A0,2C,97
3104666,646,false,Rx,0,8,0,0,0,80,1,0,0,0
3104683,332,false,Rx,0,8,94,2,0,0,0,0,0,0
3106708,334,false,Rx,0,8,C8,0,0,0,AC,70,1D,90
3108563,0000010B,false,Rx,0,8,BD,F5,65,0,0,0,0,5
3108966,0000010C,false,Rx,0,8,FF,F9,E7,1F,46,44,46,46
3108998,0000010D,false,Rx,0,8,10,3,0,0,0,0,1,35
3109016,0000010E,false,Rx,0,8,0,0,0A,0,0,C0,AB,57
3109033,000002AC,false,Rx,0,8,0,FF,FF,0,0,40,0,50
3109050,000002AD,false,Rx,0,8,0,1,0,40,FF,FF,FF,0F
3109068,252,false,Rx,0,8,0,0,0,0,3,0,0,0
3111795,253,false,Rx,0,8,0,0,0,51,51,0,80,44
3111830,000002E1,false,Rx,0,8,F2,4F,24,0,0,0,0,40
3111848,396,false,Rx,0,8,0D,14,91,0F,8,1,0,2
3111866,000002E2,false,Rx,0,8,FD,0,0,0,0,14,0,4
3113326,397,false,Rx,0,8,1D,0,0,0,0,0,0,0
3117590,383,false,Rx,0,8,12,ED,1,0,2,0,0,0
3118812,000004E8,false,Rx,0,8,FF,FF,FF,5,FF,FF,FF,0
3122604,0000019B,false,Rx,0,8,B2,CE,63,0,0,E4,0,0
3122642,0000019C,false,Rx,0,8,40,20,0,0,0,0,0B,9
3122660,0000019D,false,Rx,0,8,0,10,0,1,0,0,0,0
3123607,0000019E,false,Rx,0,8,15,0,0,0,0,32,0,0
3123640,000001AB,false,Rx,0,8,A3,FC,FA,50,70,38,0,0
3123658,226,false,Rx,0,8,6F,40,FF,FF,43,E1,5,42
3123675,000001AC,false,Rx,0,8,0,28,0,0,0,0,0,0
3123710,227,false,Rx,0,8,2,70,E1,8,0,F2,17,4
3125021,000002D6,false,Rx,0,8,4D,B7,91,0,0,0,0,0
3126301,000002EB,false,Rx,0,8,74,CD,91,9,8,1,0,2
3126326,000002D7,false,Rx,0,8,0,0,0,0,3,0,0,0
3126344,000002EC,false,Rx,0,8,0A,0,0,0,0,0,0,0
3126362,000002D8,false,Rx,0,8,0,0,0,0,0,0,38,45
3126400,000002ED,false,Rx,0,8,0,0,0,0,0,0,0,0
3126417,000003A2,false,Rx,0,8,0,0,0,0,0,0,0,0
3127664,356,false,Rx,0,8,4B,15,92,0,0,0,0,0
3128065,357,false,Rx,0,8,0,0,0,0,0,4B,4D,48
3128094,358,false,Rx,0,8,35,41,45,4D,52,37,33,4F
3128112,359,false,Rx,0,8,51,4F,34,52,4A,35,33,0
3129139,419,false,Rx,0,8,7C,D0,8F,D6,75,86,90,0
3131275,121,false,Rx,0,8,98,9F,66,0,0,0,0,5
3131311,122,false,Rx,0,8,FF,D9,67,1F,46,46,46,46
3131738,123,false,Rx,0,8,11,3,0,0,0,0,1,35
3132548,124,false,Rx,0,8,0,0,0A,0,0,0,20,40
3135588,161,false,Rx,0,8,38,A0,AD,3,0,0,0,2
3135627,162,false,Rx,0,8,FF,FC,1,0,0,0,0,0
3136601,36,false,Rx,0,8,A1,12,68,51,0,0,25,1
3136634,37,false,Rx,0,8,0,0,0,10,0,40,0,0
3136653,38,false,Rx,0,8,4,0,0,0,90,38,96,D4
3137860,39,false,Rx,0,8,0,0,0,0,0,0,0,0
3139026,384,false,Rx,0,8,E9,DC,2,0,0,FF,0,21
3139062,000000FF,false,Rx,0,8,CB,10,0,0,0,0,2,0
3139080,000003B6,false,Rx,0,8,5F,26,90,0,0,0,0,46
3140719,000003B7,false,Rx,0,8,46,0,0,0,0,0,0,0
3140767,394,false,Rx,0,8,2A,22,1A,49,0,0,0,0
3140785,61,false,Rx,0,8,F9,EA,6E,0,0,0,0,0
3140820,000003B8,false,Rx,0,8,0C,3,0,0,0,0,69,0E
3140838,62,false,Rx,0,8,2,2,0,2,40,FF,0,FF
3140856,000003B9,false,Rx,0,8,0,0,0,0,0,0,0,0
3140874,64,false,Rx,0,8,0,0,0,4,FF,FA,0,0
3142098,000003E0,false,Rx,0,8,66,20,1,0,54,3,0,0
3142136,000000A1,false,Rx,0,8,4A,ED,6E,1A,0,0,0,0
3142154,000003E5,false,Rx,0,8,37,80,1,0,0,0,0,0
3142172,91,false,Rx,0,8,97,AC,22,0,0,0,0,0
3142190,000003E6,false,Rx,0,8,67,90,0,0,0,0,0,0
3143462,92,false,Rx,0,8,0,0,0,0,0,0,0,0
3143518,0000041A,false,Rx,0,8,8D,D0,12,0,0,0,0,0
3143536,93,false,Rx,0,8,0,0,0,0,0,0,0,0
3143716,0000041B,false,Rx,0,8,70,D0,0,0,0,0,0,0
3143735,94,false,Rx,0,8,0,0,0,0,0,0,0,0
3143762,0000041C,false,Rx,0,8,48,0,E0,0,0,0,0,0
3143780,000000A2,false,Rx,0,8,0,0,0,0,0,0,0,0
3145077,422,false,Rx,0,8,9D,70,1,0,0,0,4,0
3145112,000000A3,false,Rx,0,8,0,40,1,0,0,0,0,0
3145130,000001F1,false,Rx,0,8,B8,3F,16,1,0,0,28,0
3145147,0000011B,false,Rx,0,8,76,4B,5B,5,80,8,A8,2
3145165,0000012B,false,Rx,0,8,31,B1,5B,6,0,0,8,0
3145612,0000011C,false,Rx,0,8,0,5,20,0,22,0,1,1
3145639,0000012C,false,Rx,0,8,0,0,1,0,0,64,0,0
3146934,000001F2,false,Rx,0,8,0,0,0,0,0,0,0,0
3148195,432,false,Rx,0,8,3,20,2,0,0,0,0,0
3148231,442,false,Rx,0,8,CE,20,11,81,0,0,0,0
3152667,146,false,Rx,0,8,A5,FB,AA,10,4,1,0,0
3152707,147,false,Rx,0,8,0,4,7D,0,40,0,0,0
3154151,000003AA,false,Rx,0,8,FF,0,B0,0,54,0,0,0
3155730,0000010B,false,Rx,0,8,3C,81,6A,0,0,0,0,5
3157798,0000010C,false,Rx,0,8,FF,F9,E7,1F,46,44,46,46
3157833,0000010D,false,Rx,0,8,10,3,0,0,0,0,1,35
3157852,000001B1,false,Rx,0,8,A0,66,AA,0,72,0,0,0
3157869,0000010E,false,Rx,0,8,0,0,0A,0,0,C0,AB,57
3157887,000001B2,false,Rx,0,8,23,0,4,0F,0F,7,52,10
3158587,000004E8,false,Rx,0,8,FF,FF,FF,5,FF,FF,FF,0
3163586,0000036F,false,Rx,0,8,81,C1,1,0,0,0,0,0
3163613,0000037F,false,Rx,0,8,FC,60,52,24,41,2,0,0
3163631,380,false,Rx,0,8,AD,D7,FF,0,0,0,0,1
3164565,000001A1,false,Rx,0,8,61,A8,AE,FE,F7,7F,64,0
3165576,000001A2,false,Rx,0,8,0,0,0,0,0,8,0,0
3165597,000001A3,false,Rx,0,8,FF,F3,3F,0,0,0,0,0
3165615,000001A4,false,Rx,0,8,FE,7,0,0,0,0,0,0
3166565,000003B0,false,Rx,0,8,72,37,FF,C7,0,0,3,C0
3168566,000003B1,false,Rx,0,8,9B,3C,FF,40,0,0,20,0
3168589,419,false,Rx,0,8,7C,D0,8F,D6,75,86,90,0
3169567,448,false,Rx,0,8,0,C0,0,0,0,0,0,0
3172567,0000019B,false,Rx,0,8,0A,CF,68,0,0,E4,0,0
3172589,0000019C,false,Rx,0,8,40,20,0,0,0,0,0B,9
3172606,0000019D,false,Rx,0,8,0,10,0,1,0,0,0,0
3173565,0000019E,false,Rx,0,8,15,0,0,0,0,32,0,0
3175567,000001E1,false,Rx,0,8,C4,5,46,2,0,0,0,0
3175589,000001E2,false,Rx,0,8,0,0,0,0,0,0,0,0
3178566,000003B2,false,Rx,0,8,36,15,FF,2,29,2F,34,0
3178588,487,false,Rx,0,8,0,0,0,0,0,0,0,0
3179561,642,false,Rx,0,8,FF,FF,FF,FF,FF,FF,0,0
3181567,121,false,Rx,0,8,95,59,6B,0,0,0,0,5
3181589,122,false,Rx,0,8,FF,D9,67,1F,46,46,46,46
3181607,123,false,Rx,0,8,11,3,0,0,0,0,1,35
3181630,124,false,Rx,0,8,0,0,0A,0,0,0,20,40
3182564,427,false,Rx,0,8,1D,86,FF,0,80,0A,0,0
3186570,36,false,Rx,0,8,DE,3E,6D,51,0,0,25,1
3186592,37,false,Rx,0,8,0,0,0,10,0,40,0,0
3186610,38,false,Rx,0,8,4,0,0,0,90,38,96,D4
3187565,39,false,Rx,0,8,0,0,0,0,0,0,0,0
3189567,643,false,Rx,0,8,0,FC,FF,FF,FF,FF,3,0
3189589,61,false,Rx,0,8,31,E8,73,0,0,0,0,0
3189607,62,false,Rx,0,8,2,2,0,2,40,FF,0,FF
3190564,63,false,Rx,0,8,0,0,5,0,0,8,FD,0
3190589,64,false,Rx,0,8,0,0,0,4,FF,FA,0,0
3190607,000000A1,false,Rx,0,8,2F,EE,73,1A,0,0,0,0
3190625,000000A2,false,Rx,0,8,0,0,0,0,0,0,0,0
3191564,000000A3,false,Rx,0,8,0,40,1,0,0,0,0,0
3192567,0000042A,false,Rx,0,8,F4,DE,FF,1,0,10,0,0
3195572,0000011B,false,Rx,0,8,A0,D7,60,5,80,8,A8,2
3195595,0000012B,false,Rx,0,8,E7,2D,60,6,0,0,8,0
3195613,0000011C,false,Rx,0,8,0,5,20,0,22,0,1,1
3195630,0000012C,false,Rx,0,8,0,0,1,0,0,64,0,0
3195648,000001FB,false,Rx,0,8,89,51,23,0,0,0,0,0
3196564,000001FC,false,Rx,0,8,0,0,0,0,0,0,0,0
3196589,000001FD,false,Rx,0,8,0,1A,3,0,0,0,0,0
3196607,000001FE,false,Rx,0,8,0,0,0,0,0,0,0,0
3206595,0000010B,false,Rx,0,8,43,AD,6F,0,0,0,0,5
3206636,0000010C,false,Rx,0,8,FF,F9,E7,1F,46,44,46,46
3206655,0000010D,false,Rx,0,8,10,3,0,0,0,0,1,35
3206673,0000010E,false,Rx,0,8,0,0,0A,0,0,C0,AB,57
3207608,000002C1,false,Rx,0,8,2C,B4,93,21,0,41,0,AA
3207642,000002C2,false,Rx,0,8,1A,0,0,0,0,0,0,0
3208636,000002C3,false,Rx,0,8,0,0,0,0,0,0,0,0
3208671,000002C4,false,Rx,0,8,0,0,0,0,0,0,0,0
3220598,000004A3,false,Rx,0,8,80,0,48,0B,3E,0,0,0
3220638,000004A4,false,Rx,0,8,FF,FF,FF,0,0,0,0,0
3222607,0000019B,false,Rx,0,8,75,E3,6D,0,0,E4,0,0
3222645,0000019C,false,Rx,0,8,40,20,0,0,0,0,0B,9
3222663,0000019D,false,Rx,0,8,0,10,0,1,0,0,0,0
3223592,000001AB,false,Rx,0,8,55,D4,FF,50,70,38,0,0
3223619,0000019E,false,Rx,0,8,15,0,0,0,0,32,0,0
3223637,000001AC,false,Rx,0,8,0,28,0,0,0,0,0,0
3223654,000002FF,false,Rx,0,8,E2,1,0,F1,3F,0,0,0
3224567,472,false,Rx,0,8,5C,EC,0,40,8,41,0,45
3224587,316,false,Rx,0,8,AB,53,80,34,14,80,0A,0
3224605,473,false,Rx,0,8,5F,24,0,25,0,0,0,78
3224623,317,false,Rx,0,8,0,0,5,0,0,0,0,0
3225797,474,false,Rx,0,8,93,44,0,0,0,0,0,14
3225831,561,false,Rx,0,8,63,2,0,0,0,0,FF,FF
3227162,0000033B,false,Rx,0,8,96,48,25,0,0,0,0,0
3227198,0000033C,false,Rx,0,8,0,0,0,0,F0,0,0,0
3227217,0000033D,false,Rx,0,8,0,0,0,0,0,0,0,0
3227643,0000033E,false,Rx,0,8,0,0,0,0,0,0,0,0
3229525,401,false,Rx,0,8,A9,30,10,0,0,4,0,0
3231589,121,false,Rx,0,8,E8,9C,70,0,0,0,0,5
3231624,122,false,Rx,0,8,FF,D9,67,1F,46,46,46,46
3231649,123,false,Rx,0,8,11,3,0,0,0,0,1,35
3231667,124,false,Rx,0,8,0,0,0A,0,0,0,20,40
3235589,161,false,Rx,0,8,28,FA,B2,3,0,0,0,2
3235628,162,false,Rx,0,8,FF,FC,1,0,0,0,0,0
3236601,36,false,Rx,0,8,9A,8E,72,51,0,0,25,1
3236633,37,false,Rx,0,8,0,0,0,10,0,40,0,0
3236651,38,false,Rx,0,8,4,0,0,0,90,38,96,D4
3237728,39,false,Rx,0,8,0,0,0,0,0,0,0,0
3238576,000002E6,false,Rx,0,8,A1,88,22,1,0,0,0,15
3238598,256,false,Rx,0,8,15,2F,22,15,40,0,B0,0
3238616,000002E7,false,Rx,0,8,0A,0,0,0,0,0,0,0
3239733,257,false,Rx,0,8,0,93,41,12,86,7,0,93
3239769,000002E8,false,Rx,0,8,0,0,0,0,0,0,0,0
3239787,258,false,Rx,0,8,0B,73,1E,0,10,15,0,28
3239805,61,false,Rx,0,8,89,E9,78,0,0,0,0,0
3239823,259,false,Rx,0,8,36,5,89,3C,4C,2,0,0
3241475,62,false,Rx,0,8,2,2,0,2,40,FF,0,FF
3241509,000002E9,false,Rx,0,8,0,0,0,0,0,0,0,0
3241527,63,false,Rx,0,8,0,0,5,0,0,8,FD,0
3242516,0000048B,false,Rx,0,8,FF,71,B7,1E,1,0,0,0
3242735,64,false,Rx,0,8,0,0,0,4,FF,FA,0,0
3242756,0000048C,false,Rx,0,8,0,0,0,0,0,0,0,0
3242774,91,false,Rx,0,8,D1,F5,23,0,0,0,0,0
3242791,92,false,Rx,0,8,0,0,0,0,0,0,0,0
3242809,000000A2,false,Rx,0,8,0,0,0,0,0,0,0,0
3244136,000000A3,false,Rx,0,8,0,40,1,0,0,0,0,0
3244601,0000011B,false,Rx,0,8,56,FF,65,5,80,8,A8,2
3246187,0000012B,false,Rx,0,8,11,5,65,6,0,0,8,0
3246221,0000011C,false,Rx,0,8,0,5,20,0,22,0,1,1
3246239,0000012C,false,Rx,0,8,0,0,1,0,0,64,0,0
3248994,000002BF,false,Rx,0,8,FF,FF,FF,0,0,0,0,0
3249032,000001E6,false,Rx,0,8,24,49,46,2,0,0,0,0
3249613,0000047F,false,Rx,0,8,FF,FF,FF,FF,FF,FF,F3,FF
3249645,000001BB,false,Rx,0,8,8B,34,46,2,0,0,0,0A
3251291,653,false,Rx,0,8,0A,19,3,1,2,2A,0,0
3251328,000001BC,false,Rx,0,8,32,0,0,0,2,0,0,0
3251346,000001BD,false,Rx,0,8,0,0,0,0,0,0,0,0
3251395,000001E7,false,Rx,0,8,0,0,22,3,20,1,0,0
3251413,146,false,Rx,0,8,DA,D7,AF,10,4,1,0,0
3252840,147,false,Rx,0,8,0,4,7D,0,40,0,0,0
3252890,148,false,Rx,0,8,0,0,0,0,0,90,40,5
3252908,149,false,Rx,0,8,0,0,0,0,0,0,0,0
3256598,0000010B,false,Rx,0,8,3E,68,74,0,0,0,0,5
3256634,0000010C,false,Rx,0,8,FF,F9,E7,1F,46,44,46,46
3256653,0000010D,false,Rx,0,8,10,3,0,0,0,0,1,35
3256671,000001B1,false,Rx,0,8,DF,4A,AF,0,72,0,0,0
3256688,0000010E,false,Rx,0,8,0,0,0A,0,0,C0,AB,57
3257602,000001B2,false,Rx,0,8,23,0,4,0F,0F,7,52,10
3257633,000001B3,false,Rx,0,8,10,2C,0,0,87,91,96,90
3257987,000001B4,false,Rx,0,8,95,91,17,0,0,40,1,0
3260957,475,false,Rx,0,8,12,0,0,0,0,0,0,0
3260993,496,false,Rx,0,8,12,0,0,0,0,0,0,0
3263831,0000036F,false,Rx,0,8,38,D1,1,0,0,0,0,0
3263868,0000037F,false,Rx,0,8,45,70,52,24,41,2,0,0
3265461,111,false,Rx,0,8,3D,DA,87,1,0,0,0,0
3265853,112,false,Rx,0,8,0,0,0,0,0,0,0,0
3265908,000001A1,false,Rx,0,8,A9,AA,B3,FE,F7,7F,64,0
3265933,113,false,Rx,0,8,0,0,0,0,0,0,0,0
3265951,000001A2,false,Rx,0,8,0,0,0,0,0,8,0,0
3266995,114,false,Rx,0,8,0,0,0,0,0,0,0,0
3267082,000001A3,false,Rx,0,8,FF,F3,3F,0,0,0,0,0
3267100,000001A4,false,Rx,0,8,FE,7,0,0,0,0,0,0
3272598,0000019B,false,Rx,0,8,31,53,72,0,0,E4,0,0
3272638,0000019C,false,Rx,0,8,40,20,0,0,0,0,0B,9
3272658,0000019D,false,Rx,0,8,0,10,0,1,0,0,0,0
3273602,0000019E,false,Rx,0,8,15,0,0,0,0,32,0,0
3276603,0000030B,false,Rx,0,8,D5,27,25,0,4,0,0,0
3276645,0000030C,false,Rx,0,8,0,0,0E,0,2C,0,A0,0F
3276664,0000030D,false,Rx,0,8,0,0,0,0,48,0,0,0
3277601,0000030E,false,Rx,0,8,0,0,38,5,21,0,0,FE
3281213,121,false,Rx,0,8,97,B0,75,0,0,0,0,5
3281250,122,false,Rx,0,8,FF,D9,67,1F,46,46,46,46
3281635,123,false,Rx,0,8,11,3,0,0,0,0,1,35
3282611,124,false,Rx,0,8,0,0,0A,0,0,0,20,40
3283042,405,false,Rx,0,8,BD,30,0,0,0,1,0,0
3285508,413,false,Rx,0,8,6F,30,0,0,0,0,0,0
3285669,410,false,Rx,0,8,4B,80,59,3C,16,6B,FF,FF
3286551,414,false,Rx,0,8,F0,10,0,0,28,0,0,0
3286997,411,false,Rx,0,8,A8,1,50,50,0,0,44,4
3288187,416,false,Rx,0,8,55,0,0,0,0,0,0,0
3288207,412,false,Rx,0,8,6D,60,0,0,0,0,0,0
3288225,36,false,Rx,0,8,E5,A2,77,51,0,0,25,1
3288242,37,false,Rx,0,8,0,0,0,10,0,40,0,0
3288260,39,false,Rx,0,8,0,0,0,0,0,0,0,0
3289342,61,false,Rx,0,8,F6,C5,7D,0,0,0,0,0
3289563,62,false,Rx,0,8,2,2,0,2,40,FF,0,FF
3291195,63,false,Rx,0,8,0,0,5,0,0,8,FD,0
3292253,64,false,Rx,0,8,0,0,0,4,FF,FA,0,0
3292292,000000A1,false,Rx,0,8,1C,F4,7D,1A,0,0,0,0
3292310,000000A2,false,Rx,0,8,0,0,0,0,0,0,0,0
3292327,000000A3,false,Rx,0,8,0,40,1,0,0,0,0,0
3292345,000000C5,false,Rx,0,8,0,0,0,0,0,0,0,0
3292362,244,false,Rx,0,8,FF,FF,FF,FF,FF,FF,FF,FF
3293848,0000041F,false,Rx,0,8,0,0C,0,0,0,0,0,0
3293899,000004B4,false,Rx,0,8,0,0,0,0,0,0,0,0
3295199,000004B5,false,Rx,0,8,8,0,F0,7,0,0,0,0
3296376,000004B7,false,Rx,0,8,8,0,F0,7,0,0,0,0
3296404,000004CA,false,Rx,0,8,0,0,0,0,0,0,0,0
3296422,000004CC,false,Rx,0,8,8,0,0,6,0,0,3,0
3296440,000001F1,false,Rx,0,8,A2,46,19,1,0,0,28,0
3296458,0000012C,false,Rx,0,8,0,0,1,0,0,64,0,0
3296475,152,false,Rx,0,8,16,18,18,0,0B,0,0,0
3296597,000001F7,false,Rx,0,8,0B,0,0,0,0,0,0,0
3297575,153,false,Rx,0,8,0,0,0,0,0,0,0,0
3297597,000001F8,false,Rx,0,8,0,0,0,0,0,0,0,0
3297615,154,false,Rx,0,8,0,0,0,0,0,0,0,0
3297632,000001F9,false,Rx,0,8,0,0,A0,C8,14,0,0,0
3298570,000002FB,false,Rx,0,8,CA,A0,25,4,5F,1A,CC,CC
3298590,236,false,Rx,0,8,34,57,25,0,6E,3C,34,6C
3298608,000002FC,false,Rx,0,8,3,0,16,19,0,0,8E,BF
3298626,237,false,Rx,0,8,0,15,BA,0,0,AA,1E,0
3299573,000002FD,false,Rx,0,8,0,0,0,0,0,1C,0E,EA
3299602,238,false,Rx,0,8,0,0,5F,0,0,0,0,0
3299622,000002FE,false,Rx,0,8,0,0,72,1,0,28,0,0
3299639,239,false,Rx,0,8,0,0,0,0,1,0,0,0
3300570,326,false,Rx,0,8,5F,F4,25,0,0,0,0,0
3300592,0000025B,false,Rx,0,8,63,9A,25,40,40,20,0,0
3300609,327,false,Rx,0,8,0,0,0,0,5,0,0,0
3300627,0000025C,false,Rx,0,8,0,0,0B,0,34,89,19,0
3301568,328,false,Rx,0,8,0,0,0,0,0,0,0,0
3301590,0000025D,false,Rx,0,8,0,C8,0,0,0,80,C0,70
3301608,329,false,Rx,0,8,A0,0,0,0,0,0,0,0
3301625,0000025E,false,Rx,0,8,2D,7,0E,4,0,0,0,0
3302567,331,false,Rx,0,8,4C,BB,25,F1,C8,A0,2C,97
3302587,382,false,Rx,0,8,F1,7A,1,0,0,1,8,0
3302605,332,false,Rx,0,8,94,2,0,0,0,0,0,0
3302623,000004D7,false,Rx,0,8,23,1,0,0,0,0,0,0
3304148,333,false,Rx,0,8,0,0,0,1C,0C,40,20,A0
3304199,000004D8,false,Rx,0,8,41,10,F0,F0,40,F2,1E,CC
3304217,334,false,Rx,0,8,C8,0,0,0,AC,70,1D,90
3304235,000004DD,false,Rx,0,8,0,0,FE,0,4,0,0,0
3304252,000004DF,false,Rx,0,8,FF,3,0C,3F,0,0,0,0
3304270,000004E8,false,Rx,0,8,FF,FF,FF,5,FF,FF,FF,0
3304668,000004E9,false,Rx,0,8,12,0,0,34,0,0,50,0
3305833,000004EA,false,Rx,0,8,67,0,0,89,0,0,0,0
3305867,000004EB,false,Rx,0,8,10,80,32,37,80,0,0,0
3305885,000004EC,false,Rx,0,8,0,0,0,0,0,0,0,0
3305902,000004ED,false,Rx,0,8,0,0,0,0,0,FF,FF,1F
3305920,0000010B,false,Rx,0,8,33,AE,79,0,0,0,0,5
3307363,000004EE,false,Rx,0,8,FF,FF,0,0,0,0,0,0
3307398,0000010C,false,Rx,0,8,FF,F9,E7,1F,46,44,46,46
3307416,000004EF,false,Rx,0,8,60,0,60,0,29,14,0,0
3307451,0000010D,false,Rx,0,8,10,3,0,0,0,0,1,35
3307818,000002AB,false,Rx,0,8,5D,D8,26,0C,0C,0,0,0
3307846,000002AC,false,Rx,0,8,0,FF,FF,0,0,40,0,50
3307865,0000063D,false,Rx,0,8,0,80,0,0,0,0,0,0
3309186,000002AD,false,Rx,0,8,0,1,0,40,FF,FF,FF,0F
3310466,251,false,Rx,0,8,FD,32,25,0,0,0,0,0
3310485,000002AE,false,Rx,0,8,1,0,FF,3F,1,1,0,0
3310503,252,false,Rx,0,8,0,0,0,0,3,0,0,0
3310521,000002B6,false,Rx,0,8,2F,A9,26,1,0,0,0,40
3310654,253,false,Rx,0,8,0,0,0,51,51,0,80,44
3310678,398,false,Rx,0,8,0,0,0,0,0,0,0,0
3311680,000002E1,false,Rx,0,8,7E,FD,26,0,0,0,0,40
3311717,485,false,Rx,0,8,0,40,11,2,0,0,0,0
3313005,000002E2,false,Rx,0,8,FD,0,0,0,0,14,0,4
3314202,0000063E,false,Rx,0,8,FF,FF,FF,FF,FF,FF,FF,FF
3314672,000002E3,false,Rx,0,8,0,0,0,0,0,0,72,1
3314691,0000063F,false,Rx,0,8,0,10,0,C4,FF,0,0,0
3315931,000002E4,false,Rx,0,8,2,0,0,0,0,0,0,0
3315950,646,false,Rx,0,8,0,0,0,80,1,0,0,0
3317651,383,false,Rx,0,8,12,ED,1,0,2,0,0,0
3318713,563,false,Rx,0,8,65,2,0,0,0,0,FF,FF
3322590,0000019B,false,Rx,0,8,4E,7F,77,0,0,E4,0,0
3322628,0000019C,false,Rx,0,8,40,20,0,0,0,0,0B,9
3322646,0000019D,false,Rx,0,8,0,10,0,1,0,0,0,0
3323601,000001AB,false,Rx,0,8,DA,CC,4,50,70,38,0,0
3323634,0000019E,false,Rx,0,8,15,0,0,0,0,32,0,0
3323653,000001AC,false,Rx,0,8,0,28,0,0,0,0,0,0
3323671,226,false,Rx,0,8,16,70,1,FF,43,E1,5,42
3324987,000002D6,false,Rx,0,8,87,5C,92,0,0,0,0,0
3326256,227,false,Rx,0,8,2,70,E1,8,0,F2,17,4
3326284,000002D7,false,Rx,0,8,0,0,0,0,3,0,0,0
3326302,000002EB,false,Rx,0,8,B4,28,92,9,8,1,0,2
3326320,000002D8,false,Rx,0,8,0,0,0,0,0,0,38,45
3326337,000002EC,false,Rx,0,8,7,0,0,0,0,0,0,0
3326576,000002EE,false,Rx,0,8,0,0,0,0,0,0,0,0
3327572,000003A2,false,Rx,0,8,0,0,0,0,0,0,0,0
3327595,419,false,Rx,0,8,2E,0,8E,D6,79,86,90,0
3327612,356,false,Rx,0,8,0D,4C,93,0,0,0,0,0
3327630,357,false,Rx,0,8,0,0,0,0,0,4B,4D,48
3328634,358,false,Rx,0,8,35,41,45,4D,52,37,33,4F
3328667,359,false,Rx,0,8,51,4F,34,52,4A,35,33,0
3330077,652,false,Rx,0,8,0,0,0,3,0,0,0,0
3331313,121,false,Rx,0,8,16,C4,7A,0,0,0,0,5
3331334,122,false,Rx,0,8,FF,D9,67,1F,46,46,46,46
3331780,123,false,Rx,0,8,11,3,0,0,0,0,1,35
3331808,124,false,Rx,0,8,0,0,0A,0,0,0,20,40
3335055,161,false,Rx,0,8,DE,D2,B7,3,0,0,0,2
3335600,162,false,Rx,0,8,FF,FC,1,0,0,0,0,0
3336832,36,false,Rx,0,8,5D,A3,7C,51,0,0,25,1
3336868,37,false,Rx,0,8,0,0,0,10,0,40,0,0
3336886,38,false,Rx,0,8,4,0,0,0,90,38,96,D4
3336904,39,false,Rx,0,8,0,0,0,0,0,0,0,0
3339596,000000FF,false,Rx,0,8,CB,10,0,0,0,0,2,0
3339631,384,false,Rx,0,8,E9,DC,2,0,0,FF,0,21
3339649,000003B6,false,Rx,0,8,19,7F,91,0,0,0,0,46
3339667,394,false,Rx,0,8,2A,22,1A,49,0,0,0,0
3339685,000003B7,false,Rx,0,8,46,0,0,0,0,0,0,0
3339703,000003B8,false,Rx,0,8,0C,3,0,0,0,0,69,0E
3340836,62,false,Rx,0,8,2,2,0,2,40,FF,0,FF
3340870,000003B9,false,Rx,0,8,0,0,0,0,0,0,0,0
3340889,63,false,Rx,0,8,0,0,5,0,0,8,FD,0
3340906,000003C3,false,Rx,0,8,45,10,31,30,36,0,0,0
3340924,64,false,Rx,0,8,0,0,0,4,FF,FA,0,0
3342211,000003E0,false,Rx,0,8,66,20,1,0,54,3,0,0
3342246,000000A1,false,Rx,0,8,6E,2A,82,1A,0,0,0,0
3342279,000003E5,false,Rx,0,8,37,80,1,0,0,0,0,0
3342682,91,false,Rx,0,8,22,6B,24,0,0,0,0,0
3342707,000003E6,false,Rx,0,8,67,90,0,0,0,0,0,0
3342725,92,false,Rx,0,8,0,0,0,0,0,0,0,0
3342743,0000041A,false,Rx,0,8,8D,D0,12,0,0,0,0,0
3343977,93,false,Rx,0,8,0,0,0,0,0,0,0,0
3344031,0000041B,false,Rx,0,8,70,D0,0,0,0,0,0,0
3344049,94,false,Rx,0,8,0,0,0,0,0,0,0,0
3344067,0000041C,false,Rx,0,8,48,0,E0,0,0,0,0,0
3344463,000000A2,false,Rx,0,8,0,0,0,0,0,0,0,0
3344511,422,false,Rx,0,8,9D,70,1,0,0,0,4,0
3344529,000000A3,false,Rx,0,8,0,40,1,0,0,0,0,0
3344645,432,false,Rx,0,8,3,20,2,0,0,0,0,0
3345682,0000011B,false,Rx,0,8,BA,AE,6F,5,80,8,A8,2
3346132,0000012B,false,Rx,0,8,FD,54,6F,6,0,0,8,0
3346157,0000011C,false,Rx,0,8,0,5,20,0,22,0,1,1
3346174,0000012C,false,Rx,0,8,0,0,1,0,0,64,0,0
3347488,444,false,Rx,0,8,D5,20,20,50,55,50,0,0
3348696,445,false,Rx,0,8,C6,C0,0,0,0,0,0,18
3349707,652,false,Rx,0,8,0,0,0,1,0,0,0,0
3352256,146,false,Rx,0,8,A7,12,B4,10,4,1,0,0
3352290,147,false,Rx,0,8,0,4,7D,0,40,0,0,0
3352309,148,false,Rx,0,8,0,0,0,0,0,90,40,5
3352730,149,false,Rx,0,8,0,0,0,0,0,0,0,0
3353663,000003AA,false,Rx,0,8,FF,0,B0,0,54,0,0,0
3355245,495,false,Rx,0,8,49,0,0,0,0,0,0,0
3356277,0000010B,false,Rx,0,8,C0,30,7E,0,0,0,0,5
3356311,0000010C,false,Rx,0,8,FF,F9,E7,1F,46,44,46,46
3356329,0000010D,false,Rx,0,8,10,3,0,0,0,0,1,35
3356793,000001B1,false,Rx,0,8,A2,8F,B4,0,72,0,0,0
3358178,000001B3,false,Rx,0,8,10,2C,0,0,87,91,96,90
3358213,000001B4,false,Rx,0,8,95,91,17,0,0,40,1,0
3363589,0000036F,false,Rx,0,8,EE,E1,1,0,0,0,0,0
3363627,419,false,Rx,0,8,2E,0,8E,D6,79,86,90,0
3363652,0000037F,false,Rx,0,8,EC,80,52,24,41,2,0,0
3363670,380,false,Rx,0,8,AD,D7,FF,0,0,0,0,1
3364604,000001A1,false,Rx,0,8,11,AB,B8,FE,F7,7F,64,0
3365695,000001A2,false,Rx,0,8,0,0,0,0,0,8,0,0
3365730,000001A3,false,Rx,0,8,FF,F3,3F,0,0,0,0,0
3365748,000001A4,false,Rx,0,8,FE,7,0,0,0,0,0,0
3367196,000003B0,false,Rx,0,8,72,37,FF,C7,0,0,3,C0
3368430,000003B1,false,Rx,0,8,9B,3C,FF,40,0,0,20,0
3370093,448,false,Rx,0,8,0,C0,0,0,0,0,0,0
3372767,0000019B,false,Rx,0,8,F6,7E,7C,0,0,E4,0,0
3372815,0000019C,false,Rx,0,8,40,20,0,0,0,0,0B,9
3372834,0000019D,false,Rx,0,8,0,10,0,1,0,0,0,0
3372852,0000019E,false,Rx,0,8,15,0,0,0,0,32,0,0
3378657,000003B2,false,Rx,0,8,36,15,FF,2,29,2F,34,0
3381601,121,false,Rx,0,8,69,E8,7F,0,0,0,0,5
3381660,122,false,Rx,0,8,FF,D9,67,1F,46,46,46,46
3381679,123,false,Rx,0,8,11,3,0,0,0,0,1,35
3381697,124,false,Rx,0,8,0,0,0A,0,0,0,20,40
3382605,427,false,Rx,0,8,1D,86,FF,0,80,0A,0,0
3383840,487,false,Rx,0,8,0,0,0,0,0,0,0,0
3383875,642,false,Rx,0,8,FF,FF,FF,FF,FF,FF,0,0
3386610,36,false,Rx,0,8,A7,5D,81,51,0,0,25,1
3386648,37,false,Rx,0,8,0,0,0,10,0,40,0,0
3386666,38,false,Rx,0,8,4,0,0,0,90,38,96,D4
3387599,39,false,Rx,0,8,0,0,0,0,0,0,0,0
3389602,652,false,Rx,0,8,0,0,0,1,0,0,0,0
3389645,61,false,Rx,0,8,FF,A5,87,0,0,0,0,0
3389663,62,false,Rx,0,8,2,2,0,2,40,FF,0,FF
3391599,63,false,Rx,0,8,0,0,5,0,0,8,FD,0
3391640,64,false,Rx,0,8,0,0,0,4,FF,FA,0,0
3391658,000000A1,false,Rx,0,8,61,C1,87,1A,0,0,0,0
3391676,000000A2,false,Rx,0,8,0,0,0,0,0,0,0,0
3391693,000000A3,false,Rx,0,8,0,40,1,0,0,0,0,0
3392762,0000042A,false,Rx,0,8,F4,DE,FF,1,0,10,0,0
3395625,0000011B,false,Rx,0,8,78,74,74,5,80,8,A8,2
3395662,0000012B,false,Rx,0,8,3F,8E,74,6,0,0,8,0
3395681,0000011C,false,Rx,0,8,0,5,20,0,22,0,1,1
3395699,0000012C,false,Rx,0,8,0,0,1,0,0,64,0,0
3395716,000001FB,false,Rx,0,8,3C,96,25,0,0,0,0,0
3396644,000001FC,false,Rx,0,8,0,0,0,0,0,0,0,0
3396677,000001FD,false,Rx,0,8,0,1A,3,0,0,0,0,0
3396696,000001FE,false,Rx,0,8,0,0,0,0,0,0,0,0
3398990,000001E6,false,Rx,0,8,3E,30,49,2,0,0,0,0
3399027,000001BB,false,Rx,0,8,BB,19,49,2,0,0,0,0A
3399609,000001BC,false,Rx,0,8,32,0,0,0,2,0,0,0
3399638,000001BD,false,Rx,0,8,0,0,0,0,0,0,0,0
3401014,000001E7,false,Rx,0,8,0,0,22,3,20,1,0,0
3403605,419,false,Rx,0,8,2E,0,8E,D6,79,86,90,0
3406588,0000010B,false,Rx,0,8,3A,CE,83,0,0,0,0,5
3406627,0000010C,false,Rx,0,8,FF,F9,E7,1F,46,44,46,46
3406644,0000010D,false,Rx,0,8,10,3,0,0,0,0,1,35
3406662,0000010E,false,Rx,0,8,0,0,0A,0,0,C0,AB,57
3407639,000002C1,false,Rx,0,8,DF,2A,94,21,0,41,0,AA
3407671,000002C2,false,Rx,0,8,1A,0,0,0,0,0,0,0
3409038,000002C3,false,Rx,0,8,0,0,0,0,0,0,0,0
3409074,000002C4,false,Rx,0,8,0,0,0,0,0,0,0,0
3418581,565,false,Rx,0,8,66,2,0,0,0,0,FF,FF
3422565,0000019B,false,Rx,0,8,0C,80,81,0,0,E4,0,0
3422585,0000019C,false,Rx,0,8,40,20,0,0,0,0,0B,9
3422603,000001AB,false,Rx,0,8,A9,F5,9,50,70,38,0,0
3423605,0000019D,false,Rx,0,8,0,10,0,1,0,0,0,0
3423637,000001AC,false,Rx,0,8,0,28,0,0,0,0,0,0
3423656,0000019E,false,Rx,0,8,15,0,0,0,0,32,0,0
3423673,000002FF,false,Rx,0,8,E2,1,0,F1,3F,0,0,0
3423700,472,false,Rx,0,8,5C,EC,0,40,8,41,0,45
3424575,316,false,Rx,0,8,8F,FB,81,34,14,80,0A,0
3424597,473,false,Rx,0,8,5F,24,0,25,0,0,0,78
3424615,317,false,Rx,0,8,0,0,5,0,0,0,0,0
3425589,474,false,Rx,0,8,93,44,0,0,0,0,0,14
3425617,000004A3,false,Rx,0,8,80,0,48,0B,3E,0,0,0
3425634,000004A4,false,Rx,0,8,FF,FF,FF,0,0,0,0,0
3427576,0000033B,false,Rx,0,8,1A,FA,27,0,0,0,0,0
3427602,0000033C,false,Rx,0,8,0,0,0,0,F0,0,0,0
3427620,0000033D,false,Rx,0,8,0,0,0,0,0,0,0,0
3427638,0000033E,false,Rx,0,8,0,0,0,0,0,0,0,0
3428569,401,false,Rx,0,8,A9,30,10,0,0,4,0,0
3429569,652,false,Rx,0,8,0,0,0,1,0,0,0,0
3431567,121,false,Rx,0,8,26,D1,84,0,0,0,0,5
3431590,122,false,Rx,0,8,FF,D9,67,1F,46,46,46,46
3431607,123,false,Rx,0,8,11,3,0,0,0,0,1,35
3432565,124,false,Rx,0,8,0,0,0A,0,0,0,20,40
3435576,161,false,Rx,0,8,16,2B,BC,3,0,0,0,2
3435601,162,false,Rx,0,8,FF,FC,1,0,0,0,0,0
3436563,36,false,Rx,0,8,54,C3,86,51,0,0,25,1
3436587,37,false,Rx,0,8,0,0,0,10,0,40,0,0
3436604,38,false,Rx,0,8,4,0,0,0,90,38,96,D4
3437569,39,false,Rx,0,8,0,0,0,0,0,0,0,0
3438567,000002E6,false,Rx,0,8,14,4F,24,1,0,0,0,15
3438589,256,false,Rx,0,8,67,28,24,15,40,0,D0,0
3438606,000002E7,false,Rx,0,8,0A,0,0,0,0,0,0,0
3439564,257,false,Rx,0,8,0,93,41,15,86,7,0,93
3439589,000002E8,false,Rx,0,8,0,0,0,0,0,0,0,0
3439607,258,false,Rx,0,8,0B,71,1E,0,10,15,0,28
3439625,61,false,Rx,0,8,47,A4,8C,0,0,0,0,0
3440564,259,false,Rx,0,8,40,5,89,3C,4C,2,0,0
3440589,62,false,Rx,0,8,2,2,0,2,40,FF,0,FF
3440607,000002E9,false,Rx,0,8,0,0,0,0,0,0,0,0
3440625,63,false,Rx,0,8,0,0,5,0,0,8,FD,0
3441564,64,false,Rx,0,8,0,0,0,4,FF,FA,0,0
3441589,000000A1,false,Rx,0,8,5D,30,8C,1A,0,0,0,0
3441607,000000A2,false,Rx,0,8,0,0,0,0,0,0,0,0
3441625,91,false,Rx,0,8,64,32,25,0,0,0,0,0
3442564,92,false,Rx,0,8,0,0,0,0,0,0,0,0
3442590,93,false,Rx,0,8,0,0,0,0,0,0,0,0
3442607,94,false,Rx,0,8,0,0,0,0,0,0,0,0
3443600,000000A3,false,Rx,0,8,0,40,1,0,0,0,0,0
3445028,000001F1,false,Rx,0,8,54,6E,1C,1,0,0,28,0
3445063,000001F2,false,Rx,0,8,0,0,0,0,0,0,0,0
3445081,0000011B,false,Rx,0,8,0B,4D,79,5,80,8,A8,2
3445099,0000012B,false,Rx,0,8,4C,B7,79,6,0,0,8,0
3445569,0000011C,false,Rx,0,8,0,5,20,0,22,0,1,1
3445592,0000012C,false,Rx,0,8,0,0,1,0,0,64,0,0
3449583,000002BF,false,Rx,0,8,FF,FF,FF,0,0,0,0,0
3449609,0000047F,false,Rx,0,8,FF,FF,FF,FF,FF,FF,F3,FF
3449626,652,false,Rx,0,8,0,0,0,3,0,0,0,0
3449644,653,false,Rx,0,8,0A,19,3,1,2,2A,0,0
3451568,146,false,Rx,0,8,AA,D4,B9,10,4,1,0,0
3454234,147,false,Rx,0,8,0,4,7D,0,40,0,0,0
3454299,148,false,Rx,0,8,0,0,0,0,0,90,40,5
3454317,149,false,Rx,0,8,0,0,0,0,0,0,0,0
3455881,0000010B,false,Rx,0,8,74,1A,88,0,0,0,0,5
3455921,0000010C,false,Rx,0,8,FF,F9,E7,1F,46,45,46,46
3456564,0000010D,false,Rx,0,8,10,3,0,0,0,0,1,35
3456593,000001B1,false,Rx,0,8,AF,49,B9,0,72,0,0,0
3456611,0000010E,false,Rx,0,8,0,0,0A,0,0,C0,AB,57
3457566,000001B2,false,Rx,0,8,23,0,4,0F,0F,7,52,10
3457589,000001B3,false,Rx,0,8,10,2C,0,0,87,91,96,90
3457608,000001B4,false,Rx,0,8,95,91,17,0,0,40,1,0
3460604,475,false,Rx,0,8,12,0,0,0,0,0,0,0
3460644,496,false,Rx,0,8,12,0,0,0,0,0,0,0
3463590,0000036F,false,Rx,0,8,FE,1,1,0,0,0,0,0
3463624,0000037F,false,Rx,0,8,55,90,52,24,41,2,0,0
3464571,111,false,Rx,0,8,BC,AE,88,1,0,0,0,0
3464596,112,false,Rx,0,8,0,0,0,0,0,0,0,0
3466349,000001A1,false,Rx,0,8,6E,87,BD,FE,F7,7F,64,0
3466386,113,false,Rx,0,8,0,0,0,0,0,0,0,0
3466404,000001A2,false,Rx,0,8,0,0,0,0,0,8,0,0
3466422,114,false,Rx,0,8,0,0,0,0,0,0,0,0
3466440,000001A3,false,Rx,0,8,FF,F3,3F,0,0,0,0,0
3469588,652,false,Rx,0,8,0,0,0,0,0,0,0,0
3472590,0000019B,false,Rx,0,8,FF,1E,86,0,0,E4,0,0
3472627,0000019C,false,Rx,0,8,40,20,0,0,0,0,0B,9
3472645,0000019D,false,Rx,0,8,0,10,0,1,0,0,0,0
3473575,0000019E,false,Rx,0,8,15,0,0,0,0,32,0,0
3475602,000001E1,false,Rx,0,8,28,54,4C,2,0,0,0,0
3475637,000001E2,false,Rx,0,8,0,0,0,0,0,0,0,0
3477186,0000030B,false,Rx,0,8,6A,3,27,0,4,0,0,0
3477221,0000030C,false,Rx,0,8,0,0,0E,0,2C,0,A0,0F
3477239,0000030D,false,Rx,0,8,0,0,0,0,48,0,0,0
3477256,0000030E,false,Rx,0,8,0,0,38,5,21,0,0,2
3481597,121,false,Rx,0,8,2B,17,89,0,0,0,0,5
3481637,122,false,Rx,0,8,FF,D9,67,1F,46,46,46,46
3481656,123,false,Rx,0,8,11,3,0,0,0,0,1,35
3482601,124,false,Rx,0,8,0,0,0A,0,0,0,20,40
3483568,405,false,Rx,0,8,BD,30,0,0,0,1,0,0
3483587,413,false,Rx,0,8,6F,30,0,0,0,0,0,0
3483605,410,false,Rx,0,8,4B,80,59,3C,16,6B,FF,FF
3484569,414,false,Rx,0,8,F0,10,0,0,28,0,0,0
3484590,411,false,Rx,0,8,A8,1,50,50,0,0,44,4
3484607,416,false,Rx,0,8,55,0,0,0,0,0,0,0
3484625,412,false,Rx,0,8,6D,60,0,0,0,0,0,0
3486126,417,false,Rx,0,8,5F,20,0,0,0,0,0,0
3486162,418,false,Rx,0,8,19,70,0,0,12,0C,0,0
3486181,419,false,Rx,0,8,2E,0,8E,D6,79,86,90,0
3486198,36,false,Rx,0,8,59,5,8B,51,0,0,25,1
3486598,37,false,Rx,0,8,0,0,0,10,0,40,0,0
3486623,38,false,Rx,0,8,4,0,0,0,90,38,96,D4
3487835,39,false,Rx,0,8,0,0,0,0,0,0,0,0
3490442,61,false,Rx,0,8,8F,A6,91,0,0,0,0,0
3490477,62,false,Rx,0,8,2,2,0,2,40,FF,0,FF
3490495,63,false,Rx,0,8,0,0,5,0,0,8,FD,0
3490513,64,false,Rx,0,8,0,0,0,4,FF,FA,0,0
3490531,000000A1,false,Rx,0,8,38,33,91,1A,0,0,0,0
3490696,000000A2,false,Rx,0,8,0,0,0,0,0,0,0,0
3494832,000000A3,false,Rx,0,8,0,40,1,0,0,0,0,0
3494913,151,false,Rx,0,8,1A,3B,27,A0,C8,0,28,19
3494932,0000011B,false,Rx,0,8,94,25,7E,5,80,8,A8,2
3495881,0000012B,false,Rx,0,8,D3,DF,7E,6,0,0,8,0
3495916,0000011C,false,Rx,0,8,0,5,20,0,22,0,1,1
3496289,0000012C,false,Rx,0,8,0,0,1,0,0,64,0,0
3496326,000000C5,false,Rx,0,8,0,0,0,0,0,0,0,0
3496343,152,false,Rx,0,8,16,18,18,0,0B,0,0,0
3496361,000001F6,false,Rx,0,8,29,18,27,0,0,0,0,0E
3496606,153,false,Rx,0,8,0,0,0,0,0,0,0,0
3501036,000001F7,false,Rx,0,8,0B,0,0,0,0,0,0,0
3501109,154,false,Rx,0,8,0,0,0,0,0,0,0,0
3501128,000001F8,false,Rx,0,8,0,0,0,0,0,0,0,0
3501146,244,false,Rx,0,8,FF,FF,FF,FF,FF,FF,FF,FF
3502437,000001F9,false,Rx,0,8,0,0,A0,C8,14,0,0,0
3502456,000002FB,false,Rx,0,8,46,12,27,4,5F,1A,CC,CC
3502473,0000025D,false,Rx,0,8,0,C8,0,0,0,80,C0,70
3502491,329,false,Rx,0,8,A0,0,0,0,0,0,0,0
3502509,0000025E,false,Rx,0,8,22,7,0E,3,0,0,0,0
3502527,332,false,Rx,0,8,94,2,0,0,0,0,0,0
3503570,000004B4,false,Rx,0,8,0,0,0,0,0,0,0,0
3503598,333,false,Rx,0,8,0,0,0,1C,0C,40,20,A0
3503624,000004B5,false,Rx,0,8,8,0,F0,7,0,0,0,0
3503642,334,false,Rx,0,8,C8,0,0,0,AC,70,1D,90
3503660,000004B7,false,Rx,0,8,8,0,F0,7,0,0,0,0
3505246,000004CA,false,Rx,0,8,0,0,0,0,0,0,0,0
3505281,000004CC,false,Rx,0,8,8,0,0,6,0,0,3,0
3505299,000004CE,false,Rx,0,8,14,1,FF,FF,FF,FF,FF,FF
3505317,000004D7,false,Rx,0,8,23,1,0,0,0,0,0,0
3505335,000004D8,false,Rx,0,8,41,10,F0,F0,40,F2,1E,CC
3505704,000004DD,false,Rx,0,8,0,0,FE,0,4,0,0,0
3505764,000004DF,false,Rx,0,8,FF,3,0C,3F,0,0,0,0
3505786,0000010B,false,Rx,0,8,FD,E3,8D,0,0,0,0,5
3506580,000004E7,false,Rx,0,8,0,30,0,0,0,0,69,0
3506606,0000010C,false,Rx,0,8,FF,F9,E7,1F,46,44,46,46
3506624,000004E8,false,Rx,0,8,FF,FF,FF,5,FF,FF,FF,0
3507823,0000010D,false,Rx,0,8,10,3,0,0,0,0,1,35
3507858,000002AB,false,Rx,0,8,9A,F5,28,0C,0C,0,0,0
3508242,0000010E,false,Rx,0,8,0,0,0A,0,0,C0,AB,57
3508277,000002AC,false,Rx,0,8,0,FF,FF,0,0,40,0,50
3508297,000004E9,false,Rx,0,8,12,0,0,34,0,0,50,0
3508314,000002AD,false,Rx,0,8,0,1,0,40,FF,FF,FF,0F
3508332,251,false,Rx,0,8,FB,5C,27,0,0,0,0,0
3509311,000002AE,false,Rx,0,8,1,0,FF,3F,1,1,0,0
3509345,252,false,Rx,0,8,0,0,0,0,3,0,0,0
3509363,000002B6,false,Rx,0,8,E8,84,28,1,0,0,0,40
3509392,253,false,Rx,0,8,0,0,0,51,51,0,80,44
3509410,000002B7,false,Rx,0,8,8,2,F0,0,0,4,0,0
3510600,396,false,Rx,0,8,F2,8B,93,0F,8,1,0,2
3510627,000002B8,false,Rx,0,8,AA,11,11,0,0,0,0,0
3510645,397,false,Rx,0,8,10,0,0,0,0,0,0,0
3510662,000002B9,false,Rx,0,8,0A,0,0,0,0,0,0,0
3510680,398,false,Rx,0,8,0,0,0,0,0,0,0,0
3511984,000002E1,false,Rx,0,8,B9,D0,28,0,0,0,0,40
3512018,000004EA,false,Rx,0,8,67,0,0,89,0,0,0,0
3512422,000002E2,false,Rx,0,8,FD,0,0,0,0,14,0,4
3512445,000004EB,false,Rx,0,8,10,80,32,37,80,0,0,0
3512463,000002E3,false,Rx,0,8,0,0,0,0,0,0,72,1
3512481,000004EC,false,Rx,0,8,0,0,0,0,0,0,0,0
3512499,000002E4,false,Rx,0,8,2,0,0,0,0,0,0,0
3512574,000004ED,false,Rx,0,8,0,0,0,0,0,FF,FF,1F
3513574,652,false,Rx,0,8,0,0,0,0,0,0,0,0
3513603,000004EE,false,Rx,0,8,FF,FF,0,0,0,0,0,0
3513623,000004EF,false,Rx,0,8,60,0,60,0,29,14,0,0
3513641,0000063D,false,Rx,0,8,0,80,0,0,0,0,0,0
3514565,566,false,Rx,0,8,16,2,0,0,0,0,FF,FF
3514584,0000063E,false,Rx,0,8,FF,FF,FF,FF,FF,FF,FF,FF
3514603,0000063F,false,Rx,0,8,0,10,0,C4,FF,0,0,0
3514628,640,false,Rx,0,8,FF,FF,FF,0,FF,FF,FF,0
3515784,641,false,Rx,0,8,FF,FF,FF,FF,0F,FF,FF,FF
3515816,646,false,Rx,0,8,0,0,0,80,1,0,0,0
3517344,383,false,Rx,0,8,12,ED,1,0,2,0,0,0
3522594,0000019B,false,Rx,0,8,F2,D8,8B,0,0,E4,0,0
3522633,000001AB,false,Rx,0,8,36,9D,0E,50,70,38,0,0
3522652,0000019C,false,Rx,0,8,40,20,0,0,0,0,0B,9
3523617,000001AC,false,Rx,0,8,0,28,0,0,0,0,0,0
3523649,0000019D,false,Rx,0,8,0,10,0,1,0,0,0,0
3523667,226,false,Rx,0,8,7F,30,3,FF,43,E1,5,42
3523685,0000019E,false,Rx,0,8,15,0,0,0,0,32,0,0
3525241,227,false,Rx,0,8,2,70,E1,8,0,F2,17,4
3525294,000002D6,false,Rx,0,8,C1,5,93,0,0,0,0,0
3525312,000002EB,false,Rx,0,8,55,4C,93,9,8,1,0,2
3525330,000002D7,false,Rx,0,8,0,0,0,0,3,0,0,0
3525348,000002EC,false,Rx,0,8,2,0,0,0,0,0,0,0
3525716,000002ED,false,Rx,0,8,0,0,0,0,0,0,0,0
3526843,000002D9,false,Rx,0,8,0,0,0,0,0,0,0,0
3526862,000002EE,false,Rx,0,8,0,0,0,0,0,0,0,0
3526880,000003A1,false,Rx,0,8,24,CA,A4,0,FF,FF,FF,FF
3526898,000003A2,false,Rx,0,8,0,0,0,0,0,0,0,0
3528375,356,false,Rx,0,8,FE,D2,94,0,0,0,0,0
3528410,357,false,Rx,0,8,0,0,0,0,0,4B,4D,48
3528428,358,false,Rx,0,8,35,41,45,4D,52,37,33,4F
3528446,359,false,Rx,0,8,51,4F,34,52,4A,35,33,0
3531587,121,false,Rx,0,8,D8,89,8E,0,0,0,0,5
3531623,122,false,Rx,0,8,FF,D9,67,1F,46,46,46,46
3531647,123,false,Rx,0,8,11,3,0,0,0,0,1,35
3531665,124,false,Rx,0,8,0,0,0A,0,0,0,20,40
3535122,161,false,Rx,0,8,53,FB,C1,3,0,0,0,2
3535160,162,false,Rx,0,8,FF,FC,1,0,0,0,0,0
3536633,36,false,Rx,0,8,24,C0,90,51,0,0,25,1
3537544,37,false,Rx,0,8,0,0,0,10,0,40,0,0
3537622,38,false,Rx,0,8,4,0,0,0,90,38,96,D4
3537643,39,false,Rx,0,8,0,0,0,0,0,0,0,0
3538596,000000FF,false,Rx,0,8,CB,10,0,0,0,0,2,0
3538624,384,false,Rx,0,8,E9,DC,2,0,0,FF,0,21
3538642,000003B6,false,Rx,0,8,D3,94,92,0,0,0,0,46
3539569,394,false,Rx,0,8,2A,22,1A,49,0,0,0,0
3539588,000003B7,false,Rx,0,8,46,0,0,0,0,0,0,0
3539606,61,false,Rx,0,8,7C,38,96,0,0,0,0,0
3539624,000003B8,false,Rx,0,8,0C,3,0,0,0,0,69,0E
3540568,62,false,Rx,0,8,2,2,0,2,40,FF,0,FF
3540590,000003B9,false,Rx,0,8,0,0,0,0,0,0,0,0
3540607,63,false,Rx,0,8,0,0,5,0,0,8,FD,0
3540625,000003C3,false,Rx,0,8,45,10,31,30,36,0,0,0
3541569,64,false,Rx,0,8,0,0,0,4,FF,FA,0,0
3541590,000003E0,false,Rx,0,8,66,20,1,0,54,3,0,0
3541607,000000A1,false,Rx,0,8,31,B6,96,1A,0,0,0,0
3541625,000003E5,false,Rx,0,8,37,80,1,0,0,0,0,0
3542569,91,false,Rx,0,8,AE,D9,26,0,0,0,0,0
3542590,000003E6,false,Rx,0,8,67,90,0,0,0,0,0,0
3542608,92,false,Rx,0,8,0,0,0,0,0,0,0,0
3542625,0000041A,false,Rx,0,8,8D,D0,12,0,0,0,0,0
3543569,93,false,Rx,0,8,0,0,0,0,0,0,0,0
3543590,0000041B,false,Rx,0,8,70,D0,0,0,0,0,0,0
3543608,94,false,Rx,0,8,0,0,0,0,0,0,0,0
3543626,0000041C,false,Rx,0,8,48,0,E0,0,0,0,0,0
3544791,000000A2,false,Rx,0,8,0,0,0,0,0,0,0,0
3544827,422,false,Rx,0,8,9D,70,1,0,0,0,4,0
3544845,000000A3,false,Rx,0,8,0,40,1,0,0,0,0,0
3544863,432,false,Rx,0,8,3,20,2,0,0,0,0,0
3544880,0000011B,false,Rx,0,8,A0,FD,83,5,80,8,A8,2
3546532,0000012B,false,Rx,0,8,E7,7,83,6,0,0,8,0
3546663,0000011C,false,Rx,0,8,0,5,20,0,22,0,1,1
3546682,0000012C,false,Rx,0,8,0,0,1,0,0,64,0,0
3546699,435,false,Rx,0,8,26,C0,0,40,0,0,0,0
3546717,442,false,Rx,0,8,CE,20,11,81,0,0,0,0
3546734,444,false,Rx,0,8,D5,20,20,50,55,50,0,0
3547567,464,false,Rx,0,8,D5,20,F0,FF,38,7F,5,0
3549683,652,false,Rx,0,8,0,0,0,0,0,0,0,0
3549722,000001E6,false,Rx,0,8,C8,18,4C,2,0,0,0,0
3549764,000001BB,false,Rx,0,8,B4,F2,4C,2,0,0,0,0A
3549782,000001BC,false,Rx,0,8,32,0,0,0,2,0,0,0
3549800,000001BD,false,Rx,0,8,0,0,0,0,0,0,0,0
3550599,000001E7,false,Rx,0,8,0,0,22,3,20,1,0,0
3551680,146,false,Rx,0,8,59,4A,BE,10,4,1,0,0
3552066,147,false,Rx,0,8,0,4,7D,0,40,0,0,0
3553265,148,false,Rx,0,8,0,0,0,0,0,90,40,5
3553302,149,false,Rx,0,8,0,0,0,0,0,0,0,0
3554231,495,false,Rx,0,8,49,0,0,0,0,0,0,0
3554265,000003AA,false,Rx,0,8,FF,0,B0,0,54,0,0,0
3555887,0000010B,false,Rx,0,8,B9,53,92,0,0,0,0,5
3555922,0000010C,false,Rx,0,8,FF,F9,E7,1F,46,44,46,46
3556569,0000010D,false,Rx,0,8,10,3,0,0,0,0,1,35
3557839,000001B1,false,Rx,0,8,5C,D7,BE,0,72,0,0,0
3557883,0000010E,false,Rx,0,8,0,0,0A,0,0,C0,AB,57
3557902,000001B2,false,Rx,0,8,23,0,4,0F,0F,7,52,10
3557919,000001B3,false,Rx,0,8,10,2C,0,0,87,91,96,90
3557937,000001B4,false,Rx,0,8,95,91,17,0,0,40,1,0
3561728,0000034B,false,Rx,0,8,2B,C4,B7,31,D8,0D,5,1
3561764,0000034C,false,Rx,0,8,0,0,0,0,0,0,0,0
3562852,0000034D,false,Rx,0,8,0,0,0,0,0,0,0,0
3562888,0000034E,false,Rx,0,8,0,0,0,0,0,0,0,0
3563599,0000036F,false,Rx,0,8,47,11,1,0,0,0,0,0
3563628,0000037F,false,Rx,0,8,83,A0,52,24,41,2,0,0
3563646,380,false,Rx,0,8,AD,D7,FF,0,0,0,0,1
3564699,000001A1,false,Rx,0,8,F6,8D,C2,FE,F7,7F,64,0
3566229,000001A2,false,Rx,0,8,0,0,0,0,0,8,0,0
3566264,000001A3,false,Rx,0,8,FF,F3,3F,0,0,0,0,0
3566282,000001A4,false,Rx,0,8,FE,7,0,0,0,0,0,0
3567808,000003B0,false,Rx,0,8,72,37,FF,C7,0,0,3,C0
3568564,000003B1,false,Rx,0,8,9B,3C,FF,40,0,0,20,0
3569615,448,false,Rx,0,8,0,C0,0,0,0,0,0,0
3572573,0000019B,false,Rx,0,8,8F,1D,90,0,0,E4,0,0
3572595,0000019C,false,Rx,0,8,40,20,0,0,0,0,0B,9
3572613,0000019D,false,Rx,0,8,0,10,0,1,0,0,0,0
3573568,0000019E,false,Rx,0,8,15,0,0,0,0,32,0,0
3578589,000003B2,false,Rx,0,8,36,15,FF,2,29,2F,34,0
3581601,121,false,Rx,0,8,10,8B,93,0,0,0,0,5
3581645,122,false,Rx,0,8,FF,D9,67,1F,46,46,46,46
3581664,123,false,Rx,0,8,11,3,0,0,0,0,1,35
3581681,124,false,Rx,0,8,0,0,0A,0,0,0,20,40
3583631,427,false,Rx,0,8,1D,86,FF,0,80,0A,0,0
3585588,487,false,Rx,0,8,0,0,0,0,0,0,0,0
3585631,642,false,Rx,0,8,FF,FF,FF,FF,FF,FF,0,0
3587136,36,false,Rx,0,8,5B,EC,95,51,0,0,25,1
3587170,37,false,Rx,0,8,0,0,0,10,0,40,0,0
3587188,38,false,Rx,0,8,4,0,0,0,90,38,96,D4
3587206,39,false,Rx,0,8,0,0,0,0,0,0,0,0
3589699,61,false,Rx,0,8,71,FE,9B,0,0,0,0,0
3589737,62,false,Rx,0,8,2,2,0,2,40,FF,0,FF
3591045,63,false,Rx,0,8,0,0,5,0,0,8,FD,0
3591435,64,false,Rx,0,8,0,0,0,4,FF,FA,0,0
3591459,000000A1,false,Rx,0,8,7,F5,9B,1A,0,0,0,0
3591477,000000A2,false,Rx,0,8,0,0,0,0,0,0,0,0
3591495,000000A3,false,Rx,0,8,0,40,1,0,0,0,0,0
3592870,0000042A,false,Rx,0,8,F4,DE,FF,1,0,10,0,0
3594593,000001F1,false,Rx,0,8,19,86,1F,1,0,0,28,0
3594631,000001F2,false,Rx,0,8,0,0,0,0,0,0,0,0
3595983,0000011B,false,Rx,0,8,68,4,88,5,80,8,A8,2
3596150,0000012B,false,Rx,0,8,2F,FE,88,6,0,0,8,0
3596168,0000011C,false,Rx,0,8,0,5,20,0,22,0,1,1
3596185,0000012C,false,Rx,0,8,0,0,1,0,0,64,0,0
3596214,000001FB,false,Rx,0,8,B0,24,27,0,0,0,0,0
3596232,000001FD,false,Rx,0,8,0,1A,3,0,0,0,0,0
3597421,000001FE,false,Rx,0,8,0,0,0,0,0,0,0,0
3597456,000004F0,false,Rx,0,8,4A,10,32,38,58,1A,18,2
3606587,0000010B,false,Rx,0,8,C6,7F,97,0,0,0,0,5
3606626,0000010C,false,Rx,0,8,FF,F9,E7,1F,46,44,46,46
3606646,0000010D,false,Rx,0,8,10,3,0,0,0,0,1,35
3606664,0000010E,false,Rx,0,8,0,0,0A,0,0,C0,AB,57
3608821,000002C1,false,Rx,0,8,F8,DF,95,21,0,41,0,AA
3610013,000002C2,false,Rx,0,8,1B,0,0,0,0,0,0,0
3610044,000002C3,false,Rx,0,8,0,0,0,0,0,0,0,0
3610063,000002C4,false,Rx,0,8,0,0,0,0,0,0,0,0
3613641,516,false,Rx,0,8,61,2,0,0,0,0,FF,FF
3622586,000001AB,false,Rx,0,8,4F,87,13,50,70,38,0,0
3622632,0000019B,false,Rx,0,8,F0,31,95,0,0,E4,0,0
3622650,000001AC,false,Rx,0,8,0,28,0,0,0,0,0,0
3622668,0000019C,false,Rx,0,8,40,20,0,0,0,0,0B,9
3623636,000002FF,false,Rx,0,8,E2,1,0,F1,3F,0,0,0
3623668,0000019D,false,Rx,0,8,0,10,0,1,0,0,0,0
3623686,316,false,Rx,0,8,C2,13,82,34,14,80,0A,0
3623703,0000019E,false,Rx,0,8,15,0,0,0,0,32,0,0
3624741,317,false,Rx,0,8,0,0,5,0,0,0,0,0
3624777,472,false,Rx,0,8,5C,EC,0,40,8,41,0,45
3624795,473,false,Rx,0,8,5F,24,0,25,0,0,0,78
3624813,474,false,Rx,0,8,93,44,0,0,0,0,0,14
3626084,000001E1,false,Rx,0,8,65,BC,4F,2,0,0,0,0
3626119,000001E2,false,Rx,0,8,0,0,0,0,0,0,0,0
3626590,000004A3,false,Rx,0,8,80,0,48,0B,3E,0,0,0
3626617,000004A4,false,Rx,0,8,FF,FF,FF,0,0,0,0,0
3628091,0000033B,false,Rx,0,8,DD,D7,29,0,0,0,0,0
3628463,0000033C,false,Rx,0,8,0,0,0,0,F0,0,0,0
3628499,0000033D,false,Rx,0,8,0,0,0,0,0,0,0,0
3628523,0000033E,false,Rx,0,8,0,0,0,0,0,0,0,0
3629850,401,false,Rx,0,8,A9,30,10,0,0,4,0,0
3631926,121,false,Rx,0,8,A8,8A,98,0,0,0,0,5
3631963,122,false,Rx,0,8,FF,D9,67,1F,46,46,46,46
3632322,123,false,Rx,0,8,11,3,0,0,0,0,1,35
3632349,124,false,Rx,0,8,0,0,0A,0,0,0,20,40
3634588,161,false,Rx,0,8,CC,93,C6,3,0,0,0,2
3637355,162,false,Rx,0,8,FF,FC,1,0,0,0,0,0
3637390,36,false,Rx,0,8,DA,98,9A,51,0,0,25,1
3637408,37,false,Rx,0,8,0,0,0,10,0,40,0,0
3637426,38,false,Rx,0,8,4,0,0,0,90,38,96,D4
3637443,000004F0,false,Rx,0,8,4A,10,32,38,58,1A,18,2
3639664,000002E6,false,Rx,0,8,98,FD,26,1,0,0,0,15
3640023,256,false,Rx,0,8,74,82,26,15,40,0,F0,0
3640042,000002E7,false,Rx,0,8,0A,0,0,0,0,0,0,0
3640060,257,false,Rx,0,8,0,93,41,18,86,7,0,93
3640078,000002E8,false,Rx,0,8,0,0,0,0,0,0,0,0
3640095,259,false,Rx,0,8,51,5,8A,3C,4C,2,0,0
3641100,000002E9,false,Rx,0,8,0,0,0,0,0,0,0,0
3641134,63,false,Rx,0,8,0,0,5,0,0,8,FD,0
3641152,64,false,Rx,0,8,0,0,0,4,FF,FA,0,0
3641169,000000A1,false,Rx,0,8,CE,C4,A0,1A,0,0,0,0
3641200,000000A2,false,Rx,0,8,0,0,0,0,0,0,0,0
3641572,91,false,Rx,0,8,E8,80,27,0,0,0,0,0
3643171,92,false,Rx,0,8,0,0,0,0,0,0,0,0
3643206,93,false,Rx,0,8,0,0,0,0,0,0,0,0
3643224,94,false,Rx,0,8,0,0,0,0,0,0,0,0
3643241,000000A3,false,Rx,0,8,0,40,1,0,0,0,0,0
3645594,0000011B,false,Rx,0,8,9E,2C,8D,5,80,8,A8,2
3645630,0000012B,false,Rx,0,8,D9,D6,8D,6,0,0,8,0
3645648,0000011C,false,Rx,0,8,0,5,20,0,22,0,1,1
3645665,0000012C,false,Rx,0,8,0,0,1,0,0,64,0,0
3650030,000002BF,false,Rx,0,8,FF,FF,FF,0,0,0,0,0
3650066,0000047F,false,Rx,0,8,FF,FF,FF,FF,FF,FF,F3,FF
3650084,653,false,Rx,0,8,0A,19,3,1,2,2A,0,0
3652635,146,false,Rx,0,8,4D,F2,C3,10,4,1,0,0
3652778,147,false,Rx,0,8,0,4,7D,0,40,0,0,0
3652796,148,false,Rx,0,8,0,0,0,0,0,90,40,5
3652814,149,false,Rx,0,8,0,0,0,0,0,0,0,0
3656615,0000010B,false,Rx,0,8,7E,7E,9C,0,0,0,0,5
3656656,0000010C,false,Rx,0,8,FF,F9,E7,1F,46,44,46,46
3656674,0000010D,false,Rx,0,8,10,3,0,0,0,0,1,35
3656692,000001B1,false,Rx,0,8,48,6F,C3,0,72,0,0,0
3656709,0000010E,false,Rx,0,8,0,0,0A,0,0,C0,AB,57
3657599,000001B2,false,Rx,0,8,23,0,4,0F,0F,7,52,10
3657633,000001B3,false,Rx,0,8,10,2C,0,0,87,91,96,90
3657651,000001B4,false,Rx,0,8,95,91,17,0,0,40,1,0
3660601,475,false,Rx,0,8,12,0,0,0,0,0,0,0
3660638,496,false,Rx,0,8,12,0,0,0,0,0,0,0
3663906,0000036F,false,Rx,0,8,91,21,1,0,0,0,0,0
3663941,0000037F,false,Rx,0,8,3A,B0,52,24,41,2,0,0
3664574,111,false,Rx,0,8,FA,F7,89,1,0,0,0,0
3664599,112,false,Rx,0,8,0,0,0,0,0,0,0,0
3664624,000001A1,false,Rx,0,8,89,A1,C7,FE,F7,7F,64,0
3665592,113,false,Rx,0,8,0,0,0,0,0,0,0,0
3665628,000001A2,false,Rx,0,8,0,0,0,0,0,8,0,0
3665645,114,false,Rx,0,8,0,0,0,0,0,0,0,0
3665663,000001A3,false,Rx,0,8,FF,F3,3F,0,0,0,0,0
3666569,000001A4,false,Rx,0,8,FE,7,0,0,0,0,0,0
3672586,0000019B,false,Rx,0,8,71,45,9A,0,0,E4,0,0
3672622,0000019C,false,Rx,0,8,40,20,0,0,0,0,0B,9
3672640,0000019D,false,Rx,0,8,0,10,0,1,0,0,0,0
3673568,0000019E,false,Rx,0,8,15,0,0,0,0,32,0,0
3676562,0000030B,false,Rx,0,8,0D,9C,29,0,4,0,0,0
3676584,0000030C,false,Rx,0,8,0,0,0E,0,2C,0,A0,0F
3676602,0000030D,false,Rx,0,8,0,0,0,0,48,0,0,0
3677567,000004F0,false,Rx,0,8,4A,10,32,38,58,1A,18,2
3677588,0000030E,false,Rx,0,8,0,0,38,5,21,0,0,4
3681565,121,false,Rx,0,8,D7,A6,9D,0,0,0,0,5
3681588,122,false,Rx,0,8,FF,D9,67,1F,46,46,46,46
3681606,123,false,Rx,0,8,11,3,0,0,0,0,1,35
3682566,124,false,Rx,0,8,0,0,0A,0,0,0,20,40
3683563,405,false,Rx,0,8,BD,30,0,0,0,1,0,0
3683585,413,false,Rx,0,8,6F,30,0,0,0,0,0,0
3683602,410,false,Rx,0,8,4B,80,59,3C,16,6B,FF,FF
3684567,414,false,Rx,0,8,F0,10,0,0,28,0,0,0
3684588,411,false,Rx,0,8,A8,1,50,50,0,0,44,4
3684605,416,false,Rx,0,8,55,0,0,0,0,0,0,0
3684623,412,false,Rx,0,8,6D,60,0,0,0,0,0,0
3685566,417,false,Rx,0,8,5F,20,0,0,0,0,0,0
3685589,418,false,Rx,0,8,19,70,0,0,12,0C,0,0
3685606,419,false,Rx,0,8,2E,0,8E,D6,79,86,90,0
3686567,36,false,Rx,0,8,A5,B4,9F,51,0,0,25,1
3686588,37,false,Rx,0,8,0,0,0,10,0,40,0,0
3686606,38,false,Rx,0,8,4,0,0,0,90,38,96,D4
3687566,39,false,Rx,0,8,0,0,0,0,0,0,0,0
3689561,61,false,Rx,0,8,D8,8E,A5,0,0,0,0,0
3689580,62,false,Rx,0,8,2,2,0,2,40,FF,0,FF
3690571,63,false,Rx,0,8,0,0,5,0,0,8,FD,0
3690592,64,false,Rx,0,8,0,0,0,4,FF,FA,0,0
3690610,000000A1,false,Rx,0,8,C1,2F,A5,1A,0,0,0,0
3690627,000000A2,false,Rx,0,8,0,0,0,0,0,0,0,0
3691566,000000A3,false,Rx,0,8,0,40,1,0,0,0,0,0
3695564,0000011B,false,Rx,0,8,8E,76,92,5,80,8,A8,2
3695584,151,false,Rx,0,8,DD,16,29,A0,C8,0,28,19
3695608,0000011C,false,Rx,0,8,0,5,20,0,22,0,1,1
3695625,0000012B,false,Rx,0,8,C9,8C,92,6,0,0,8,0
3695643,000001F6,false,Rx,0,8,EE,35,29,0,0,0,0,0E
3696567,0000012C,false,Rx,0,8,0,0,1,0,0,64,0,0
3696596,000001F7,false,Rx,0,8,0B,0,0,0,0,0,0,0
3696615,152,false,Rx,0,8,16,18,18,0,0B,0,0,0
3696633,000001F8,false,Rx,0,8,0,0,0,0,0,0,0,0
3697567,153,false,Rx,0,8,0,0,0,0,0,0,0,0
3697596,000001F9,false,Rx,0,8,0,0,A0,C8,14,0,0,0
3697615,000000C5,false,Rx,0,8,0,0,0,0,0,0,0,0
3697633,154,false,Rx,0,8,0,0,0,0,0,0,0,0
3698570,236,false,Rx,0,8,7F,C8,29,0,6E,3C,34,6C
3698590,244,false,Rx,0,8,FF,FF,FF,FF,FF,FF,FF,FF
3698608,237,false,Rx,0,8,0,15,BA,0,0,AA,1E,0
3698626,000002FB,false,Rx,0,8,81,3F,29,4,5F,1A,CC,CC
3699566,000001E6,false,Rx,0,8,85,F0,4F,2,0,0,0,0
3699588,238,false,Rx,0,8,0,0,5F,0,0,0,0,0
3699606,000001BB,false,Rx,0,8,B1,AB,4F,2,0,0,0,0A
3699624,239,false,Rx,0,8,0,0,0,0,1,0,0,0
3701543,000001BC,false,Rx,0,8,32,0,0,0,2,0,0,0
3701584,0000025B,false,Rx,0,8,5B,D2,29,40,40,20,0,0
3701602,000001BD,false,Rx,0,8,0,0,0,0,0,0,0,0
3701620,0000025C,false,Rx,0,8,0,0,0B,0,34,89,19,0
3701638,000001E7,false,Rx,0,8,0,0,22,3,20,1,0,0
3701655,0000025D,false,Rx,0,8,0,C8,0,0,0,80,C0,70
3703003,000002FD,false,Rx,0,8,0,0,0,0,0,1C,0E,EA
3703038,382,false,Rx,0,8,F1,7A,1,0,0,1,8,0
3703056,000002FE,false,Rx,0,8,0,0,72,1,0,28,0,0
3703074,000004B4,false,Rx,0,8,0,0,0,0,0,0,0,0
3703482,326,false,Rx,0,8,14,6B,29,0,0,0,0,0
3703521,327,false,Rx,0,8,0,0,0,0,5,0,0,0
3703626,000004B7,false,Rx,0,8,8,0,F0,7,0,0,0,0
3704572,328,false,Rx,0,8,0,0,0,0,0,0,0,0
3704593,000004CA,false,Rx,0,8,0,0,0,0,0,0,0,0
3704612,329,false,Rx,0,8,A0,0,0,0,0,0,0,0
3704630,000004CC,false,Rx,0,8,8,0,0,6,0,0,3,0
3704655,331,false,Rx,0,8,7,24,29,F1,C8,A0,2C,97
3705909,000004CE,false,Rx,0,8,14,1,FF,FF,FF,FF,FF,FF
3705930,332,false,Rx,0,8,94,2,0,0,0,0,0,0
3705948,000004D7,false,Rx,0,8,23,1,0,0,0,0,0,0
3705965,333,false,Rx,0,8,0,0,0,1C,0C,40,20,A0
3705983,0000010B,false,Rx,0,8,1D,E5,A1,0,0,0,0,5
3706574,334,false,Rx,0,8,C8,0,0,0,AC,70,1D,90
3706599,0000010C,false,Rx,0,8,FF,F9,E7,1F,46,44,46,46
3706618,000004D8,false,Rx,0,8,41,10,F0,F0,40,F2,1E,CC
3707885,0000010D,false,Rx,0,8,10,3,0,0,0,0,1,35
3707903,000002AB,false,Rx,0,8,16,47,2A,0C,0C,0,0,0
3707920,0000010E,false,Rx,0,8,0,0,0A,0,0,C0,AB,57
3707938,000002AC,false,Rx,0,8,0,FF,FF,0,0,40,0,50
3707956,000004DD,false,Rx,0,8,0,0,FE,0,4,0,0,0
3709337,000002AD,false,Rx,0,8,0,1,0,40,FF,FF,FF,0F
3709373,251,false,Rx,0,8,C8,46,29,0,0,0,0,0
3709390,000002AE,false,Rx,0,8,1,0,FF,3F,1,1,0,0
3709558,252,false,Rx,0,8,0,0,0,0,3,0,0,0
3709576,000002B6,false,Rx,0,8,64,36,2A,1,0,0,0,40
3709594,000002B7,false,Rx,0,8,8,2,F0,0,0,4,0,0
3711365,396,false,Rx,0,8,CC,FD,94,0F,8,1,0,2
3711561,000002B8,false,Rx,0,8,AA,11,11,0,0,0,0,0
3711579,397,false,Rx,0,8,0C,0,0,0,0,0,0,0
3711597,000002B9,false,Rx,0,8,0A,0,0,0,0,0,0,0
3711615,398,false,Rx,0,8,0,0,0,0,0,0,0,0
3711632,000002E2,false,Rx,0,8,FD,0,0,0,0,14,0,4
3712731,000004E7,false,Rx,0,8,0,30,0,0,0,0,69,0
3713174,000002E3,false,Rx,0,8,0,0,0,0,0,0,72,1
3713192,000004E8,false,Rx,0,8,FF,FF,FF,5,FF,FF,FF,0
3713210,000002E4,false,Rx,0,8,2,0,0,0,0,0,0,0
3713227,000004E9,false,Rx,0,8,12,0,0,34,0,0,50,0
3713245,000004EA,false,Rx,0,8,67,0,0,89,0,0,0,0
3713263,561,false,Rx,0,8,63,2,0,0,0,0,FF,FF
3713566,000004EB,false,Rx,0,8,10,80,32,38,80,0,0,0
3715076,000004EC,false,Rx,0,8,0,0,0,0,0,0,0,0
3715109,000004ED,false,Rx,0,8,0,0,0,0,0,FF,FF,1F
3715126,000004EE,false,Rx,0,8,FF,FF,0,0,0,0,0,0
3715144,000004EF,false,Rx,0,8,60,0,60,0,29,14,0,0
3716834,0000063D,false,Rx,0,8,0,80,0,0,0,0,0,0
3716870,0000063F,false,Rx,0,8,0,10,0,C4,FF,0,0,0
3716887,640,false,Rx,0,8,FF,FF,FF,0,FF,FF,FF,0
3716905,641,false,Rx,0,8,FF,FF,FF,FF,0F,FF,FF,FF
3716922,646,false,Rx,0,8,0,0,0,80,1,0,0,0
3718025,383,false,Rx,0,8,12,ED,1,0,2,0,0,0
3722588,000001AB,false,Rx,0,8,87,7E,18,50,70,38,0,0
3722628,0000019B,false,Rx,0,8,0E,69,9F,0,0,E4,0,0
3722646,000001AC,false,Rx,0,8,0,28,0,0,0,0,0,0
3722664,0000019C,false,Rx,0,8,40,20,0,0,0,0,0B,9
3723637,226,false,Rx,0,8,C4,F0,5,FF,43,E1,5,42
3723670,0000019D,false,Rx,0,8,0,10,0,1,0,0,0,0
3723688,227,false,Rx,0,8,2,70,E1,8,0,F2,17,4
3723715,0000019E,false,Rx,0,8,15,0,0,0,0,32,0,0
3723733,000002D6,false,Rx,0,8,32,9B,94,0,0,0,0,0
3725099,000002EB,false,Rx,0,8,45,9A,94,9,8,1,0,2
3725151,000002D7,false,Rx,0,8,0,0,0,0,3,0,0,0
3725169,000002EC,false,Rx,0,8,0,0,0,0,0,0,0,0
3725205,000002D8,false,Rx,0,8,0,0,0,0,0,0,38,45
3725223,000002ED,false,Rx,0,8,0,0,0,0,0,0,0,0
3725240,000002D9,false,Rx,0,8,0,0,0,0,0,0,0,0
3726480,000002EE,false,Rx,0,8,0,0,0,0,0,0,0,0
3726501,000003A1,false,Rx,0,8,0,62,A5,0,FF,FF,FF,FF
3726518,000003A2,false,Rx,0,8,0,0,0,0,0,0,0,0
3728073,356,false,Rx,0,8,B8,8B,95,0,0,0,0,0
3728109,357,false,Rx,0,8,0,0,0,0,0,4B,4D,48
3728128,358,false,Rx,0,8,35,41,45,4D,52,37,33,4F
3728145,359,false,Rx,0,8,51,4F,34,52,4A,35,33,0
3731595,121,false,Rx,0,8,38,8F,A2,0,0,0,0,5
3731637,122,false,Rx,0,8,FF,D9,67,1F,46,46,46,46
3731655,123,false,Rx,0,8,11,3,0,0,0,0,1,35
3731673,124,false,Rx,0,8,0,0,0A,0,0,0,20,40
3735590,161,false,Rx,0,8,BF,AA,CB,3,0,0,0,2
3735629,162,false,Rx,0,8,FF,FC,1,0,0,0,0,0
3736607,36,false,Rx,0,8,73,E8,A4,51,0,0,25,1
3736639,37,false,Rx,0,8,0,0,0,10,0,40,0,0
3736658,38,false,Rx,0,8,4,0,0,0,90,38,96,D4
3738017,39,false,Rx,0,8,0,0,0,0,0,0,0,0
3738442,000000FF,false,Rx,0,8,CB,10,0,0,0,0,2,0
3738465,000003B6,false,Rx,0,8,95,CD,93,0,0,0,0,46
3739580,384,false,Rx,0,8,E9,DC,2,0,0,FF,0,21
3739610,000003B7,false,Rx,0,8,46,0,0,0,0,0,0,0
3739627,394,false,Rx,0,8,2A,22,1A,49,0,0,0,0
3739645,61,false,Rx,0,8,59,FA,AA,0,0,0,0,0
3739663,000003B8,false,Rx,0,8,0C,3,0,0,0,0,69,0E
3740574,62,false,Rx,0,8,2,2,0,2,40,FF,0,FF
3740596,000003B9,false,Rx,0,8,0,0,0,0,0,0,0,0
3740613,63,false,Rx,0,8,0,0,5,0,0,8,FD,0
3741809,000003C3,false,Rx,0,8,45,10,31,30,36,0,0,0
3741885,64,false,Rx,0,8,0,0,0,4,FF,FA,0,0
3741904,000003E0,false,Rx,0,8,66,20,1,0,54,3,0,0
3741921,000000A1,false,Rx,0,8,F1,2,AA,1A,0,0,0,0
3741939,000003E5,false,Rx,0,8,37,80,1,0,0,0,0,0
3741956,91,false,Rx,0,8,69,F4,28,0,0,0,0,0
3742566,000003E6,false,Rx,0,8,67,90,0,0,0,0,0,0
3742594,92,false,Rx,0,8,0,0,0,0,0,0,0,0
3742612,0000041A,false,Rx,0,8,8D,D0,12,0,0,0,0,0
3743928,93,false,Rx,0,8,0,0,0,0,0,0,0,0
3744336,0000041B,false,Rx,0,8,70,D0,0,0,0,0,0,0
3744367,94,false,Rx,0,8,0,0,0,0,0,0,0,0
3744388,0000041C,false,Rx,0,8,48,0,E0,0,0,0,0,0
3744406,000000A2,false,Rx,0,8,0,0,0,0,0,0,0,0
3744424,422,false,Rx,0,8,9D,70,1,0,0,0,4,0
3745660,000000A3,false,Rx,0,8,0,40,1,0,0,0,0,0
3745729,000001F1,false,Rx,0,8,74,DA,22,1,0,0,28,0
3745747,0000011B,false,Rx,0,8,78,5E,97,5,80,8,A8,2
3745765,0000012B,false,Rx,0,8,3F,A4,97,6,0,0,8,0
3745783,0000011C,false,Rx,0,8,0,5,20,0,22,0,1,1
3745800,0000012C,false,Rx,0,8,0,0,1,0,0,64,0,0
3745818,000001F2,false,Rx,0,8,0,0,0,0,0,0,0,0
3746567,432,false,Rx,0,8,3,20,2,0,0,0,0,0
3746603,435,false,Rx,0,8,26,C0,0,40,0,0,0,0
3746620,442,false,Rx,0,8,CE,20,11,81,0,0,0,0
3747609,444,false,Rx,0,8,D5,20,20,50,55,50,0,0
3747644,445,false,Rx,0,8,C6,C0,0,0,0,0,0,18
3748593,464,false,Rx,0,8,D5,20,F0,FF,38,7F,5,0
3751589,146,false,Rx,0,8,F5,F3,C8,10,4,1,0,0
3752578,147,false,Rx,0,8,0,4,7D,0,40,0,0,0
3752600,148,false,Rx,0,8,0,0,0,0,0,90,40,5
3752617,149,false,Rx,0,8,0,0,0,0,0,0,0,0
3754934,000003AA,false,Rx,0,8,FF,0,B0,0,54,0,0,0
3755305,495,false,Rx,0,8,49,0,0,0,0,0,0,0
3756989,0000010B,false,Rx,0,8,EE,7B,A6,0,0,0,0,5
3757163,0000010C,false,Rx,0,8,FF,F9,E7,1F,46,44,46,46
3757182,0000010D,false,Rx,0,8,10,3,0,0,0,0,1,35
3757200,000001B1,false,Rx,0,8,F0,6E,C8,0,72,0,0,0
3757218,0000010E,false,Rx,0,8,0,0,0A,0,0,C0,AB,57
3757235,000001B3,false,Rx,0,8,10,2C,0,0,87,91,96,90
3758281,000001B4,false,Rx,0,8,95,91,17,0,0,40,1,0
3759506,000004E8,false,Rx,0,8,FF,FF,FF,5,FF,FF,FF,0
3763587,0000036F,false,Rx,0,8,28,31,1,0,0,0,0,0
3763628,0000037F,false,Rx,0,8,32,C0,52,24,41,2,0,0
3763646,380,false,Rx,0,8,AD,D7,FF,0,0,0,0,1
3766381,000001A1,false,Rx,0,8,31,A0,CC,FE,F7,7F,64,0
3766460,000001A2,false,Rx,0,8,0,0,0,0,0,8,0,0
3766479,000001A3,false,Rx,0,8,FF,F3,3F,0,0,0,0,0
3766497,000001A4,false,Rx,0,8,FE,7,0,0,0,0,0,0
3766515,000003B0,false,Rx,0,8,72,37,FF,C7,0,0,3,C0
3768588,000003B1,false,Rx,0,8,9B,3C,FF,40,0,0,20,0
3769579,448,false,Rx,0,8,0,C0,0,0,0,0,0,0
3772595,0000019B,false,Rx,0,8,D8,35,A4,0,0,E4,0,0
3772634,0000019C,false,Rx,0,8,40,20,0,0,0,0,0B,9
3772653,0000019D,false,Rx,0,8,0,10,0,1,0,0,0,0
3773597,0000019E,false,Rx,0,8,15,0,0,0,0,32,0,0
3775572,000001E1,false,Rx,0,8,1C,A6,52,2,0,0,0,0
3775595,000001E2,false,Rx,0,8,0,0,0,0,0,0,0,0
3778604,000003B2,false,Rx,0,8,36,15,FF,2,29,2F,34,0
3781586,121,false,Rx,0,8,47,A3,A7,0,0,0,0,5
3781625,122,false,Rx,0,8,FF,D9,67,1F,46,46,46,46
3781643,123,false,Rx,0,8,11,3,0,0,0,0,1,35
3781668,124,false,Rx,0,8,0,0,0A,0,0,0,20,40
3782633,427,false,Rx,0,8,1D,86,FF,0,80,0A,0,0
3786591,36,false,Rx,0,8,7E,2E,A9,51,0,0,25,1
3786631,37,false,Rx,0,8,0,0,0,10,0,40,0,0
3786650,38,false,Rx,0,8,4,0,0,0,90,38,96,D4
3787599,39,false,Rx,0,8,0,0,0,0,0,0,0,0
3788699,487,false,Rx,0,8,0,0,0,0,0,0,0,0
3788735,642,false,Rx,0,8,FF,FF,FF,FF,FF,FF,0,0
3790423,61,false,Rx,0,8,26,D6,AF,0,0,0,0,0
3790458,62,false,Rx,0,8,2,2,0,2,40,FF,0,FF
3790476,63,false,Rx,0,8,0,0,5,0,0,8,FD,0
3790494,64,false,Rx,0,8,0,0,0,4,FF,FA,0,0
3790512,000000A1,false,Rx,0,8,FE,E9,AF,1A,0,0,0,0
3791899,000000A2,false,Rx,0,8,0,0,0,0,0,0,0,0
3791935,000000A3,false,Rx,0,8,0,40,1,0,0,0,0,0
3793261,0000042A,false,Rx,0,8,F4,DE,FF,1,0,10,0,0
3795588,0000011B,false,Rx,0,8,B0,A7,9C,5,80,8,A8,2
3796672,0000012B,false,Rx,0,8,F7,5D,9C,6,0,0,8,0
3797028,0000011C,false,Rx,0,8,0,5,20,0,22,0,1,1
3798019,0000012C,false,Rx,0,8,0,0,1,0,0,64,0,0
3798045,000001FB,false,Rx,0,8,77,9,29,0,0,0,0,0
3798062,000001FC,false,Rx,0,8,0,0,0,0,0,0,0,0
3800896,000004E8,false,Rx,0,8,FF,FF,FF,5,FF,FF,FF,0
3805594,563,false,Rx,0,8,65,2,0,0,0,0,FF,FF
3805641,0000010B,false,Rx,0,8,E3,BD,AB,0,0,0,0,5
3806599,0000010C,false,Rx,0,8,FF,F9,E7,1F,46,44,46,46
3807510,0000010D,false,Rx,0,8,10,3,0,0,0,0,1,35
3807892,0000010E,false,Rx,0,8,0,0,0A,0,0,C0,AB,57
3807920,000002C1,false,Rx,0,8,32,34,96,21,0,41,0,AA
3807938,000002C2,false,Rx,0,8,1B,0,0,0,0,0,0,0
3807956,000002C3,false,Rx,0,8,0,0,0,0,0,0,0,0
3808847,000002C4,false,Rx,0,8,0,0,0,0,0,0,0,0
3822595,000001AB,false,Rx,0,8,71,56,1D,50,70,38,0,0
3822640,000001AC,false,Rx,0,8,0,28,0,0,0,0,0,0
3822659,0000019B,false,Rx,0,8,D5,F3,A9,0,0,E4,0,0
3822677,316,false,Rx,0,8,E6,BB,83,34,14,80,0A,0
3822695,0000019C,false,Rx,0,8,40,20,0,0,0,0,0B,9
3823638,317,false,Rx,0,8,0,0,5,0,0,0,0,0
3823670,0000019D,false,Rx,0,8,0,10,0,1,0,0,0,0
3823689,000003CB,false,Rx,0,8,36,14,0,F4,0,0,0,0
3823707,0000019E,false,Rx,0,8,15,0,0,0,0,32,0,0
3825084,000003CC,false,Rx,0,8,36,31,34,30,33,34,31,0
3825138,472,false,Rx,0,8,5C,EC,0,40,8,41,0,45
3825156,473,false,Rx,0,8,5F,24,0,25,0,0,0,78
3825173,474,false,Rx,0,8,93,44,0,0,0,0,0,14
3826165,000002FF,false,Rx,0,8,E2,1,0,F1,3F,0,0,0
3827588,0000033B,false,Rx,0,8,51,65,2B,0,0,0,0,0
3827615,0000033C,false,Rx,0,8,0,0,0,0,F0,0,0,0
3827634,0000033D,false,Rx,0,8,0,0,0,0,0,0,0,0
3827652,0000033E,false,Rx,0,8,0,0,0,0,0,0,0,0
3830214,401,false,Rx,0,8,A9,30,10,0,0,4,0,0
3830249,000004A3,false,Rx,0,8,80,0,48,0B,3E,0,0,0
3830267,000004A4,false,Rx,0,8,FF,FF,FF,0,0,0,0,0
3831399,121,false,Rx,0,8,FF,A2,AC,0,0,0,0,5
3831434,122,false,Rx,0,8,FF,D9,67,1F,46,46,46,46
3831452,123,false,Rx,0,8,11,3,0,0,0,0,1,35
3831652,124,false,Rx,0,8,0,0,0A,0,0,0,20,40
3834617,161,false,Rx,0,8,7D,70,D0,3,0,0,0,2
3835893,162,false,Rx,0,8,FF,FC,1,0,0,0,0,0
3837249,36,false,Rx,0,8,8D,B0,AE,51,0,0,25,1
3837284,37,false,Rx,0,8,0,0,0,10,0,40,0,0
3837302,38,false,Rx,0,8,4,0,0,0,90,38,96,D4
3837320,39,false,Rx,0,8,0,0,0,0,0,0,0,0
3838587,000002E6,false,Rx,0,8,5F,D0,28,1,0,0,0,15
3838614,256,false,Rx,0,8,AE,5E,28,15,40,0,E0,0
3838632,000002E7,false,Rx,0,8,0A,0,0,0,0,0,0,0
3839635,257,false,Rx,0,8,0,93,41,16,86,7,0,93
3839668,000002E8,false,Rx,0,8,0,0,0,0,0,0,0,0
3839707,258,false,Rx,0,8,0B,70,1E,0,10,15,0,28
3840101,61,false,Rx,0,8,5B,13,B4,0,0,0,0,0
3840131,259,false,Rx,0,8,49,5,8A,3C,4C,2,0,0
3840149,62,false,Rx,0,8,2,2,0,2,40,FF,0,FF
3842491,000002E9,false,Rx,0,8,0,0,0,0,0,0,0,0
3844081,63,false,Rx,0,8,0,0,5,0,0,8,FD,0
3844121,000004E8,false,Rx,0,8,FF,FF,FF,5,FF,FF,FF,0
3844139,64,false,Rx,0,8,0,0,0,4,FF,FA,0,0
3844157,000000A1,false,Rx,0,8,91,58,B4,1A,0,0,0,0
3844174,91,false,Rx,0,8,2F,AD,29,0,0,0,0,0
3845257,0000011B,false,Rx,0,8,DD,FB,A1,5,80,8,A8,2
3845290,0000012B,false,Rx,0,8,9A,1,A1,6,0,0,8,0
3845308,0000011C,false,Rx,0,8,0,5,20,0,22,0,1,1
3846847,0000012C,false,Rx,0,8,0,0,1,0,0,64,0,0
3849739,000002BF,false,Rx,0,8,FF,FF,FF,0,0,0,0,0
3849775,000001E6,false,Rx,0,8,FC,EA,52,2,0,0,0,0
3849804,0000047F,false,Rx,0,8,FF,FF,FF,FF,FF,FF,F3,FF
3849821,000001BB,false,Rx,0,8,D4,A8,52,2,0,0,0,0A
3849839,653,false,Rx,0,8,0A,19,3,1,2,2A,0,0
3849857,000001BC,false,Rx,0,8,32,0,0,0,2,0,0,0
3850948,000001BD,false,Rx,0,8,0,0,0,0,0,0,0,0
3850983,000001E7,false,Rx,0,8,0,0,22,3,20,1,0,0
3852349,146,false,Rx,0,8,8A,DF,CD,10,4,1,0,0
3852384,147,false,Rx,0,8,0,4,7D,0,40,0,0,0
3852402,148,false,Rx,0,8,0,0,0,0,0,90,40,5
3852419,149,false,Rx,0,8,0,0,0,0,0,0,0,0
3856617,0000010B,false,Rx,0,8,68,AD,B0,0,0,0,0,5
3856658,0000010C,false,Rx,0,8,FF,F9,E7,1F,46,45,46,46
3856676,0000010D,false,Rx,0,8,10,3,0,0,0,0,1,35
3856694,000001B1,false,Rx,0,8,8F,42,CD,0,72,0,0,0
3856711,0000010E,false,Rx,0,8,0,0,0A,0,0,C0,AB,57
3857644,000001B2,false,Rx,0,8,23,0,4,0F,0F,7,52,10
3857678,000001B3,false,Rx,0,8,10,2C,0,0,87,91,96,90
3857696,000001B4,false,Rx,0,8,95,91,17,0,0,40,1,0
3861051,475,false,Rx,0,8,12,0,0,0,0,0,0,0
3861091,496,false,Rx,0,8,12,0,0,0,0,0,0,0
3863587,0000036F,false,Rx,0,8,20,41,1,0,0,0,0,0
3863623,0000037F,false,Rx,0,8,8B,D0,52,24,41,2,0,0
3865146,111,false,Rx,0,8,30,1C,8A,1,0,0,0,0
3865180,112,false,Rx,0,8,0,0,0,0,0,0,0,0
3865204,000001A1,false,Rx,0,8,F9,A2,D1,FE,F7,7F,64,0
3865222,113,false,Rx,0,8,0,0,0,0,0,0,0,0
3865239,000001A2,false,Rx,0,8,0,0,0,0,0,8,0,0
3865651,114,false,Rx,0,8,0,0,0,0,0,0,0,0
3865677,000001A3,false,Rx,0,8,FF,F3,3F,0,0,0,0,0
3866797,000001A4,false,Rx,0,8,FE,7,0,0,0,0,0,0
3873235,0000019B,false,Rx,0,8,26,6D,AE,0,0,E4,0,0
3873270,0000019C,false,Rx,0,8,40,20,0,0,0,0,0B,9
3873289,0000019D,false,Rx,0,8,0,10,0,1,0,0,0,0
3873668,0000019E,false,Rx,0,8,15,0,0,0,0,32,0,0
3876138,0000030B,false,Rx,0,8,E0,55,2B,0,4,0,0,0
3876181,0000030C,false,Rx,0,8,0,0,0E,0,2C,0,A0,0F
3877334,0000030D,false,Rx,0,8,0,0,0,0,49,0,0,0
3877369,0000030E,false,Rx,0,8,0,0,38,5,21,0,0,4
3881589,121,false,Rx,0,8,37,A0,B1,0,0,0,0,5
3881628,122,false,Rx,0,8,FF,D9,67,1F,46,46,46,46
3881647,123,false,Rx,0,8,11,3,0,0,0,0,1,35
3882600,124,false,Rx,0,8,0,0,0A,0,0,0,20,40
3883870,405,false,Rx,0,8,BD,30,0,0,0,1,0,0
3883906,413,false,Rx,0,8,6F,30,0,0,0,0,0,0
3883924,410,false,Rx,0,8,4B,80,59,3C,16,6B,FF,FF
3883954,414,false,Rx,0,8,F0,10,0,0,28,0,0,0
3884346,411,false,Rx,0,8,A8,1,50,50,0,0,44,4
3884370,416,false,Rx,0,8,55,0,0,0,0,0,0,0
3884574,412,false,Rx,0,8,6D,60,0,0,0,0,0,0
3886274,417,false,Rx,0,8,5F,20,0,0,0,0,0,0
3886312,0000048F,false,Rx,0,8,AD,10,41,0,5,0,0,0
3886330,418,false,Rx,0,8,19,70,0,0,12,0C,0,0
3886347,419,false,Rx,0,8,2E,0,8E,D6,79,86,90,0
3886718,36,false,Rx,0,8,45,B2,B3,51,0,0,25,1
3886981,38,false,Rx,0,8,4,0,0,0,90,38,96,D4
3887007,39,false,Rx,0,8,0,0,0,0,0,0,0,0
3890614,61,false,Rx,0,8,56,D5,B9,0,0,0,0,0
3890686,62,false,Rx,0,8,2,2,0,2,40,FF,0,FF
3890704,63,false,Rx,0,8,0,0,5,0,0,8,FD,0
3890722,64,false,Rx,0,8,0,0,0,4,FF,FA,0,0
3890739,000000A1,false,Rx,0,8,A7,1B,B9,1A,0,0,0,0
3890757,000000A2,false,Rx,0,8,0,0,0,0,0,0,0,0
3894048,000000A3,false,Rx,0,8,0,40,1,0,0,0,0,0
3894117,000001F1,false,Rx,0,8,EB,B2,25,1,0,0,28,0
3894718,000001F2,false,Rx,0,8,0,0,0,0,0,0,0,0
3894750,151,false,Rx,0,8,51,A4,2B,A0,C8,0,28,19
3895609,0000011B,false,Rx,0,8,42,93,A6,5,80,8,A8,2
3895637,0000012B,false,Rx,0,8,5,69,A6,6,0,0,8,0
3895655,0000011C,false,Rx,0,8,0,5,20,0,22,0,1,1
3895672,0000012C,false,Rx,0,8,0,0,1,0,0,64,0,0
3896789,000001F6,false,Rx,0,8,62,87,2B,0,0,0,0,0E
3897208,152,false,Rx,0,8,16,18,18,0,0B,0,0,0
3898498,000001F7,false,Rx,0,8,0B,0,0,0,0,0,0,0
3898524,153,false,Rx,0,8,0,0,0,0,0,0,0,0
3898631,000001F8,false,Rx,0,8,0,0,0,0,0,0,0,0
3898650,154,false,Rx,0,8,0,0,0,0,0,0,0,0
3898669,000001F9,false,Rx,0,8,0,0,A0,C8,14,0,0,0
3898687,000002FD,false,Rx,0,8,0,0,0,0,0,1C,0E,EA
3899572,238,false,Rx,0,8,0,0,5F,0,0,0,0,0
3899594,000002FE,false,Rx,0,8,0,0,72,1,0,28,0,0
3899612,239,false,Rx,0,8,0,0,0,0,1,0,0,0
3899630,326,false,Rx,0,8,98,D9,2B,0,0,0,0,0
3901455,0000025B,false,Rx,0,8,0,D2,2B,40,40,20,0,0
3901490,327,false,Rx,0,8,0,0,0,0,5,0,0,0
3901508,0000025C,false,Rx,0,8,0,0,0B,0,34,89,19,0
3901526,328,false,Rx,0,8,0,0,0,0,0,0,0,0
3901681,0000025D,false,Rx,0,8,0,C8,0,0,0,80,C0,70
3901699,000000C5,false,Rx,0,8,0,0,0,0,0,0,0,0
3901716,331,false,Rx,0,8,8B,96,2B,F1,C8,A0,2C,97
3902833,244,false,Rx,0,8,FF,FF,FF,FF,FF,FF,FF,FF
3902868,332,false,Rx,0,8,94,2,0,0,0,0,0,0
3902886,382,false,Rx,0,8,F1,7A,1,0,0,1,8,0
3906394,333,false,Rx,0,8,0,0,0,1C,0C,40,20,A0
3906496,0000041F,false,Rx,0,8,0,0C,0,0,0,0,0,0
3906515,334,false,Rx,0,8,C8,0,0,0,AC,70,1D,90
3907223,000004B4,false,Rx,0,8,0,0,0,0,0,0,0,0
3907274,565,false,Rx,0,8,66,2,0,0,0,0,FF,FF
3907635,000004CE,false,Rx,0,8,14,1,FF,FF,FF,FF,FF,FF
3907673,0000010D,false,Rx,0,8,10,3,0,0,0,0,1,35
3909364,000002AB,false,Rx,0,8,A3,80,2C,0C,0C,0,0,0
3909391,0000010E,false,Rx,0,8,0,0,0A,0,0,C0,AB,57
3909409,000002AC,false,Rx,0,8,0,FF,FF,0,0,40,0,50
3909426,000004E7,false,Rx,0,8,0,30,0,0,0,0,69,0
3909618,396,false,Rx,0,8,A0,3B,95,0F,8,1,0,2
3910575,000002B8,false,Rx,0,8,AA,11,11,0,0,0,0,0
3910598,397,false,Rx,0,8,4,0,0,0,0,0,0,0
3910615,000002B9,false,Rx,0,8,0A,0,0,0,0,0,0,0
3910633,398,false,Rx,0,8,0,0,0,0,0,0,0,0
3911582,000002E1,false,Rx,0,8,80,A5,2C,0,0,0,0,40
3911609,000004E8,false,Rx,0,8,FF,FF,FF,5,FF,FF,FF,0
3911626,000002E2,false,Rx,0,8,FD,0,0,0,0,14,0,4
3911644,000004E9,false,Rx,0,8,12,0,0,34,0,0,50,0
3912571,000002E3,false,Rx,0,8,0,0,0,0,0,0,72,1
3912593,000004EA,false,Rx,0,8,67,0,0,89,0,0,0,0
3912611,000002E4,false,Rx,0,8,2,0,0,0,0,0,0,0
3912629,000004EB,false,Rx,0,8,10,80,32,38,80,0,0,0
3913568,000004EC,false,Rx,0,8,0,0,0,0,0,0,0,0
3913596,000004ED,false,Rx,0,8,0,0,0,0,0,FF,FF,1F
3913614,000004EE,false,Rx,0,8,FF,FF,0,0,0,0,0,0
3913632,415,false,Rx,0,8,40,13,10,0,8,1,0,0
3914565,000004EF,false,Rx,0,8,60,0,60,0,29,14,0,0
3914584,000004F0,false,Rx,0,8,4A,10,32,38,58,1A,18,2
3914601,000004F1,false,Rx,0,8,0,C0,0,0,0,0,0,0
3915568,000004F2,false,Rx,0,8,2,FF,DD,FF,3,1,0,0
3915590,000004F3,false,Rx,0,8,0,0,0,0,F0,0,0,0
3915608,000004F9,false,Rx,0,8,E0,FF,FF,FF,FF,FF,FF,FF
3915626,000004FE,false,Rx,0,8,69,23,0,3,CF,0,48,A8
3916566,0000063D,false,Rx,0,8,0,80,0,0,0,0,0,0
3916587,0000063E,false,Rx,0,8,FF,FF,FF,FF,FF,FF,FF,FF
3916605,0000063F,false,Rx,0,8,0,10,0,C4,FF,0,0,0
3916623,640,false,Rx,0,8,FF,FF,FF,0,FF,FF,FF,0
3917565,641,false,Rx,0,8,FF,FF,FF,FF,0F,FF,FF,FF
3917586,646,false,Rx,0,8,0,0,0,80,1,0,0,0
3917604,383,false,Rx,0,8,12,ED,1,0,2,0,0,0
3921565,000001AB,false,Rx,0,8,75,4A,22,50,70,38,0,0
3922560,000001AC,false,Rx,0,8,0,28,0,0,0,0,0,0
3922579,0000019B,false,Rx,0,8,EE,6F,B3,0,0,E4,0,0
3922596,226,false,Rx,0,8,AD,B0,7,FF,43,E1,5,42
3922614,0000019C,false,Rx,0,8,40,20,0,0,0,0,0B,9
3923995,227,false,Rx,0,8,2,70,E1,8,0,F2,17,4
3924303,0000019D,false,Rx,0,8,0,10,0,1,0,0,0,0
3925591,000003A1,false,Rx,0,8,4D,8A,A6,0,FF,FF,FF,FF
3925627,0000019E,false,Rx,0,8,15,0,0,0,0,32,0,0
3925706,000002D6,false,Rx,0,8,74,C2,95,0,0,0,0,0
3925724,000002D7,false,Rx,0,8,0,0,0,0,3,0,0,0
3925742,000002EC,false,Rx,0,8,2,0,0,0,0,0,0,0
3925759,000001E2,false,Rx,0,8,0,0,0,0,0,0,0,0
3926663,000002EE,false,Rx,0,8,0,0,0,0,0,0,0,0
3926682,000003A2,false,Rx,0,8,0,0,0,0,0,0,0,0
3927567,356,false,Rx,0,8,72,60,96,0,0,0,0,0
3927589,357,false,Rx,0,8,0,0,0,0,0,4B,4D,48
3929046,358,false,Rx,0,8,35,41,45,4D,52,37,33,4F
3929080,359,false,Rx,0,8,51,4F,34,52,4A,35,33,0
3931589,121,false,Rx,0,8,C4,3E,B6,0,0,0,0,5
3931623,122,false,Rx,0,8,FF,D9,67,1F,46,46,46,46
3931641,123,false,Rx,0,8,11,3,0,0,0,0,1,35
3932562,124,false,Rx,0,8,0,0,0A,0,0,0,20,40
3935566,161,false,Rx,0,8,8B,58,D5,3,0,0,0,2
3935588,162,false,Rx,0,8,FF,FC,1,0,0,0,0,0
3936603,36,false,Rx,0,8,FD,B3,B8,51,0,0,25,1
3936637,37,false,Rx,0,8,0,0,0,10,0,40,0,0
3936655,38,false,Rx,0,8,4,0,0,0,90,38,96,D4
3937868,39,false,Rx,0,8,0,0,0,0,0,0,0,0
3939345,000000FF,false,Rx,0,8,CB,10,0,0,0,0,2,0
3939380,384,false,Rx,0,8,E9,DC,2,0,0,FF,0,21
3939398,000003B6,false,Rx,0,8,66,53,94,0,0,0,0,46
3939415,394,false,Rx,0,8,2A,22,1A,49,0,0,0,0
3939433,000003B7,false,Rx,0,8,46,0,0,0,0,0,0,0
3939451,000003B8,false,Rx,0,8,0C,3,0,0,0,0,69,0E
3939661,61,false,Rx,0,8,A5,4B,BE,0,0,0,0,0
3940587,000003B9,false,Rx,0,8,0,0,0,0,0,0,0,0
3940613,62,false,Rx,0,8,2,2,0,2,40,FF,0,FF
3940631,000003C3,false,Rx,0,8,45,10,31,30,36,0,0,0
3940648,63,false,Rx,0,8,0,0,5,0,0,8,FD,0
3941934,000003E0,false,Rx,0,8,66,20,1,0,54,3,0,0
3942070,64,false,Rx,0,8,0,0,0,4,FF,FA,0,0
3942090,000003E5,false,Rx,0,8,37,80,1,0,0,0,0,0
3942108,000000A1,false,Rx,0,8,AE,9E,BE,1A,0,0,0,0
3942125,000003E6,false,Rx,0,8,67,90,0,0,0,0,0,0
3942143,91,false,Rx,0,8,E5,46,2A,0,0,0,0,0
3942728,0000041A,false,Rx,0,8,8D,D0,12,0,0,0,0,0
3942747,92,false,Rx,0,8,0,0,0,0,0,0,0,0
3942765,0000041B,false,Rx,0,8,70,D0,0,0,0,0,0,0
3943567,93,false,Rx,0,8,0,0,0,0,0,0,0,0
3943588,0000041C,false,Rx,0,8,48,0,E0,0,0,0,0,0
3943606,94,false,Rx,0,8,0,0,0,0,0,0,0,0
3944566,422,false,Rx,0,8,9D,70,1,0,0,0,4,0
3944586,000000A2,false,Rx,0,8,0,0,0,0,0,0,0,0
3944604,432,false,Rx,0,8,3,20,2,0,0,0,0,0
3944621,000000A3,false,Rx,0,8,0,40,1,0,0,0,0,0
3945567,0000012B,false,Rx,0,8,76,50,AB,6,0,0,8,0
3945587,0000011B,false,Rx,0,8,31,AA,AB,5,80,8,A8,2
3945605,0000012C,false,Rx,0,8,0,0,1,0,0,64,0,0
3945623,0000011C,false,Rx,0,8,0,5,20,0,22,0,1,1
3946566,435,false,Rx,0,8,26,C0,0,40,0,0,0,0
3946586,442,false,Rx,0,8,CE,20,11,81,0,0,0,0
3946604,444,false,Rx,0,8,D5,20,20,50,55,50,0,0
3946621,445,false,Rx,0,8,C6,C0,0,0,0,0,0,18
3947573,464,false,Rx,0,8,D5,20,F0,FF,38,7F,5,0
3951562,146,false,Rx,0,8,CE,6F,D2,10,4,1,0,0
3952567,147,false,Rx,0,8,0,4,7D,0,40,0,0,0
3952587,148,false,Rx,0,8,0,0,0,0,0,90,40,5
3953675,149,false,Rx,0,8,0,0,0,0,0,0,0,0
3953722,495,false,Rx,0,8,49,0,0,0,0,0,0,0
3953740,000003AA,false,Rx,0,8,FF,0,B0,0,54,0,0,0
3957346,0000010B,false,Rx,0,8,96,F5,BA,0,0,0,0,5
3957380,0000010C,false,Rx,0,8,FF,F9,E7,1F,46,45,46,46
3957398,0000010D,false,Rx,0,8,10,3,0,0,0,0,1,35
3957416,000001B1,false,Rx,0,8,CB,F2,D2,0,72,0,0,0
3957434,0000010E,false,Rx,0,8,0,0,0A,0,0,C0,AB,57
3957452,000001B4,false,Rx,0,8,95,91,17,0,0,40,1,0
3963587,0000036F,false,Rx,0,8,99,51,1,0,0,0,0,0
3963621,0000037F,false,Rx,0,8,5D,E0,52,24,41,2,0,0
3963639,380,false,Rx,0,8,AD,D7,FF,0,0,0,0,1
3965565,000001A1,false,Rx,0,8,0A,3C,D6,FE,F7,7F,64,0
3965588,000001A2,false,Rx,0,8,0,0,0,0,0,8,0,0
3965605,000001A3,false,Rx,0,8,FF,F3,3F,0,0,0,0,0
3965623,000001A4,false,Rx,0,8,FE,7,0,0,0,0,0,0
3966563,000003B0,false,Rx,0,8,72,37,FF,C7,0,0,3,C0
3968570,000003B1,false,Rx,0,8,9B,3C,FF,40,0,0,20,0
3969565,448,false,Rx,0,8,0,C0,0,0,0,0,0,0
3972585,0000019B,false,Rx,0,8,56,6E,B8,0,0,E4,0,0
3972614,0000019C,false,Rx,0,8,40,20,0,0,0,0,0B,9
3972632,0000019D,false,Rx,0,8,0,10,0,1,0,0,0,0
3973567,0000019E,false,Rx,0,8,15,0,0,0,0,32,0,0
3978581,000003B2,false,Rx,0,8,36,15,FF,2,29,2F,34,0
3981612,121,false,Rx,0,8,C9,F8,BB,0,0,0,0,5
3981647,122,false,Rx,0,8,FF,D9,67,1F,46,46,46,46
3981666,123,false,Rx,0,8,11,3,0,0,0,0,1,35
3981700,124,false,Rx,0,8,0,0,0A,0,0,0,20,40
3983061,427,false,Rx,0,8,1D,86,FF,0,80,0A,0,0
3986610,36,false,Rx,0,8,82,9F,BD,51,0,0,25,1
3986647,37,false,Rx,0,8,0,0,0,10,0,40,0,0
3986666,38,false,Rx,0,8,4,0,0,0,90,38,96,D4
3987597,39,false,Rx,0,8,0,0,0,0,0,0,0,0
3989884,61,false,Rx,0,8,B1,F3,C3,0,0,0,0,0
3989928,62,false,Rx,0,8,2,2,0,2,40,FF,0,FF
3989946,63,false,Rx,0,8,0,0,5,0,0,8,FD,0
3990922,64,false,Rx,0,8,0,0,0,4,FF,FA,0,0
3990958,000000A1,false,Rx,0,8,0,0C,C3,1A,0,0,0,0
3990976,000000A2,false,Rx,0,8,0,0,0,0,0,0,0,0
3990994,000000A3,false,Rx,0,8,0,40,1,0,0,0,0,0
3992592,0000042A,false,Rx,0,8,F4,DE,FF,1,0,10,0,0
3994380,487,false,Rx,0,8,0,0,0,0,0,0,0,0
3994416,642,false,Rx,0,8,FF,FF,FF,FF,FF,FF,0,0
3994435,645,false,Rx,0,8,C7,35,6,79,E0,32,56,0
3996111,0000011B,false,Rx,0,8,F3,70,B0,5,80,8,A8,2
3996146,0000012B,false,Rx,0,8,B4,8A,B0,6,0,0,8,0
3996164,0000011C,false,Rx,0,8,0,5,20,0,22,0,1,1
3996201,0000012C,false,Rx,0,8,0,0,1,0,0,64,0,0
3996219,000001FB,false,Rx,0,8,FB,BB,2B,0,0,0,0,0
3996236,000001FD,false,Rx,0,8,0,1A,3,0,0,0,0,0
3997841,000001FE,false,Rx,0,8,0,0,0,0,0,0,0,0
3999090,000001E6,false,Rx,0,8,63,82,55,2,0,0,0,0
3999124,000001E7,false,Rx,0,8,0,0,22,3,20,1,0,0
4000237,000001BB,false,Rx,0,8,DD,2D,55,2,0,0,0,0A
4000638,000001BC,false,Rx,0,8,32,0,0,0,2,0,0,0
4000656,000001BD,false,Rx,0,8,0,0,0,0,0,0,0,0
4004608,566,false,Rx,0,8,16,2,0,0,0,0,FF,FF
4006596,0000010B,false,Rx,0,8,1F,0C,BF,0,0,0,0,5
4006640,0000010C,false,Rx,0,8,FF,F9,E7,1F,46,44,46,46
4006658,0000010D,false,Rx,0,8,10,3,0,0,0,0,1,35
4006676,0000010E,false,Rx,0,8,0,0,0A,0,0,C0,AB,57
4007650,000002C1,false,Rx,0,8,74,6D,97,21,0,41,0,AA
4007684,000002C2,false,Rx,0,8,1B,0,0,0,0,0,0,0
4008570,000002C3,false,Rx,0,8,0,0,0,0,0,0,0,0
4008592,000002C4,false,Rx,0,8,0,0,0,0,0,0,0,0
4021590,000001AB,false,Rx,0,8,83,62,27,50,70,38,0,0
4022597,000001AC,false,Rx,0,8,0,28,0,0,0,0,0,0
4022630,000002FF,false,Rx,0,8,E2,1,0,F1,3F,0,0,0
4022648,0000019B,false,Rx,0,8,29,42,BD,0,0,E4,0,0
4022676,316,false,Rx,0,8,79,D3,84,34,14,80,0A,0
4022694,0000019C,false,Rx,0,8,40,20,0,0,0,0,0B,9
4023956,317,false,Rx,0,8,0,0,5,0,0,0,0,0
4023991,0000019D,false,Rx,0,8,0,10,0,1,0,0,0,0
4024010,472,false,Rx,0,8,5C,EC,0,40,8,41,0,45
4024397,0000019E,false,Rx,0,8,15,0,0,0,0,32,0,0
4024439,473,false,Rx,0,8,5F,24,0,25,0,0,0,78
4024462,474,false,Rx,0,8,93,44,0,0,0,0,0,14
4027587,0000033B,false,Rx,0,8,E4,A2,2D,0,0,0,0,0
4027623,0000033C,false,Rx,0,8,0,0,0,0,F0,0,0,0
4027641,0000033D,false,Rx,0,8,0,0,0,0,0,0,0,0
4027658,0000033E,false,Rx,0,8,0,0,0,0,0,0,0,0
4030063,401,false,Rx,0,8,A9,30,10,0,0,4,0,0
4031745,121,false,Rx,0,8,68,87,C0,0,0,0,0,5
4031783,122,false,Rx,0,8,FF,D9,67,1F,46,46,46,46
4031801,123,false,Rx,0,8,11,3,0,0,0,0,1,35
4031819,124,false,Rx,0,8,0,0,0A,0,0,0,20,40
4034238,000004A3,false,Rx,0,8,80,0,48,0B,3E,0,0,0
4034273,000004A4,false,Rx,0,8,FF,FF,FF,0,0,0,0,0
4035815,161,false,Rx,0,8,91,21,DA,3,0,0,0,2
4035849,162,false,Rx,0,8,FF,FC,1,0,0,0,0,0
4038302,36,false,Rx,0,8,1A,95,C2,51,0,0,25,1
4038361,37,false,Rx,0,8,0,0,0,10,0,40,0,0
4038379,38,false,Rx,0,8,4,0,0,0,90,38,96,D4
4038397,39,false,Rx,0,8,0,0,0,0,0,0,0,0
4038414,000002E6,false,Rx,0,8,D3,62,2A,1,0,0,0,15
4038432,256,false,Rx,0,8,0F,FE,2A,15,40,0,B0,0
4038742,000002E7,false,Rx,0,8,0A,0,0,0,0,0,0,0
4038770,257,false,Rx,0,8,0,93,41,13,86,7,0,93
4040476,000002E8,false,Rx,0,8,0,0,0,0,0,0,0,0
4040513,258,false,Rx,0,8,0B,70,1E,0,10,15,0,28
4040530,61,false,Rx,0,8,9,F2,C8,0,0,0,0,0
4040911,259,false,Rx,0,8,37,5,89,3C,4C,2,0,0
4040953,62,false,Rx,0,8,2,2,0,2,40,FF,0,FF
4040971,64,false,Rx,0,8,0,0,0,4,FF,FA,0,0
4040988,000000A1,false,Rx,0,8,3C,FD,C8,1A,0,0,0,0
4041578,000000A2,false,Rx,0,8,0,0,0,0,0,0,0,0
4041607,91,false,Rx,0,8,A3,1F,2B,0,0,0,0,0
4042653,92,false,Rx,0,8,0,0,0,0,0,0,0,0
4042690,93,false,Rx,0,8,0,0,0,0,0,0,0,0
4042708,94,false,Rx,0,8,0,0,0,0,0,0,0,0
4042726,000000A3,false,Rx,0,8,0,40,1,0,0,0,0,0
4044733,000001F1,false,Rx,0,8,98,8B,28,1,0,0,28,0
4044775,000001F2,false,Rx,0,8,0,0,0,0,0,0,0,0
4044793,0000011B,false,Rx,0,8,5,58,B5,5,80,8,A8,2
4046157,0000012B,false,Rx,0,8,42,A2,B5,6,0,0,8,0
4046192,0000011C,false,Rx,0,8,0,5,20,0,22,0,1,1
4046210,0000012C,false,Rx,0,8,0,0,1,0,0,64,0,0
4049587,000002BF,false,Rx,0,8,FF,FF,FF,0,0,0,0,0
4049626,0000047F,false,Rx,0,8,FF,FF,FF,FF,FF,FF,F3,FF
4049644,653,false,Rx,0,8,0A,19,3,1,2,2A,0,0
4051820,146,false,Rx,0,8,B1,43,D7,10,4,1,0,0
4051859,147,false,Rx,0,8,0,4,7D,0,40,0,0,0
4053370,148,false,Rx,0,8,0,0,0,0,0,90,40,5
4053404,149,false,Rx,0,8,0,0,0,0,0,0,0,0
4056593,0000010B,false,Rx,0,8,BE,73,C4,0,0,0,0,5
4056629,0000010C,false,Rx,0,8,FF,F9,E7,1F,46,44,46,46
4056649,0000010D,false,Rx,0,8,10,3,0,0,0,0,1,35
4056667,000001B1,false,Rx,0,8,B4,DE,D7,0,72,0,0,0
4056684,0000010E,false,Rx,0,8,0,0,0A,0,0,C0,AB,57
4057632,000001B2,false,Rx,0,8,23,0,4,0F,0F,7,52,10
4057665,000001B3,false,Rx,0,8,10,2C,0,0,87,91,96,90
4057684,000001B4,false,Rx,0,8,95,91,17,0,0,40,1,0
4060587,475,false,Rx,0,8,12,0,0,0,0,0,0,0
4061626,496,false,Rx,0,8,12,0,0,0,0,0,0,0
4063588,0000036F,false,Rx,0,8,4F,61,1,0,0,0,0,0
4063624,0000037F,false,Rx,0,8,4D,0,52,24,41,2,0,0
4065011,111,false,Rx,0,8,76,45,8B,1,0,0,0,0
4065046,112,false,Rx,0,8,0,0,0,0,0,0,0,0
4065064,000001A1,false,Rx,0,8,7,FA,DB,FE,F7,7F,64,0
4065082,113,false,Rx,0,8,0,0,0,0,0,0,0,0
4066231,000001A2,false,Rx,0,8,0,0,0,0,0,8,0,0
4066266,114,false,Rx,0,8,0,0,0,0,0,0,0,0
4067445,000001A3,false,Rx,0,8,FF,F3,3F,0,0,0,0,0
4067859,000001A4,false,Rx,0,8,FE,7,0,0,0,0,0,0
4072606,0000019B,false,Rx,0,8,B1,48,C2,0,0,E4,0,0
4072643,0000019C,false,Rx,0,8,40,20,0,0,0,0,0B,9
4072661,0000019D,false,Rx,0,8,0,10,0,1,0,0,0,0
4073599,0000019E,false,Rx,0,8,15,0,0,0,0,32,0,0
4075476,000001E1,false,Rx,0,8,F0,F7,58,2,0,0,0,0
4075512,000001E2,false,Rx,0,8,0,0,0,0,0,0,0,0
4076588,0000030B,false,Rx,0,8,54,89,2D,0,4,0,0,0
4076614,0000030C,false,Rx,0,8,0,0,0E,0,2C,0,A0,0F
4076632,0000030D,false,Rx,0,8,0,0,0,0,49,0,0,0
4078005,0000030E,false,Rx,0,8,0,0,38,5,21,0,0,0A
4081587,121,false,Rx,0,8,17,AB,C5,0,0,0,0,5
4081632,122,false,Rx,0,8,FF,D9,67,1F,46,46,46,46
4081652,123,false,Rx,0,8,11,3,0,0,0,0,1,35
4081670,124,false,Rx,0,8,0,0,0A,0,0,0,20,40
4083820,405,false,Rx,0,8,BD,30,0,0,0,1,0,0
4083861,413,false,Rx,0,8,6F,30,0,0,0,0,0,0
4084260,410,false,Rx,0,8,4B,80,59,3C,16,6B,FF,FF
4084287,414,false,Rx,0,8,F0,10,0,0,28,0,0,0
4084306,411,false,Rx,0,8,A8,1,50,50,0,0,44,4
4084324,416,false,Rx,0,8,55,0,0,0,0,0,0,0
4085337,412,false,Rx,0,8,6D,60,0,0,0,0,0,0
4085372,417,false,Rx,0,8,5F,20,0,0,0,0,0,0
4085390,418,false,Rx,0,8,19,70,0,0,12,0C,0,0
4085408,419,false,Rx,0,8,2E,0,8E,D6,79,86,90,0
4087893,36,false,Rx,0,8,65,B9,C7,51,0,0,25,1
4088327,37,false,Rx,0,8,0,0,0,10,0,40,0,0
4090463,38,false,Rx,0,8,4,0,0,0,90,38,96,D4
4090931,39,false,Rx,0,8,0,0,0,0,0,0,0,0
4090962,61,false,Rx,0,8,76,DE,CD,0,0,0,0,0
4090980,62,false,Rx,0,8,2,2,0,2,40,FF,0,FF
4090997,63,false,Rx,0,8,0,0,5,0,0,8,FD,0
4091015,64,false,Rx,0,8,0,0,0,4,FF,FA,0,0
4091033,000000A2,false,Rx,0,8,0,0,0,0,0,0,0,0
4095586,0000011B,false,Rx,0,8,1F,21,BA,5,80,8,A8,2
4095634,151,false,Rx,0,8,E4,63,2D,A0,C8,0,28,19
4095652,0000011C,false,Rx,0,8,0,5,20,0,22,0,1,1
4095670,0000012B,false,Rx,0,8,58,DB,BA,6,0,0,8,0
4095687,000001F6,false,Rx,0,8,D7,40,2D,0,0,0,0,0E
4096625,0000012C,false,Rx,0,8,0,0,1,0,0,64,0,0
4097916,000001F7,false,Rx,0,8,0B,0,0,0,0,0,0,0
4097959,152,false,Rx,0,8,16,18,18,0,0B,0,0,0
4097977,000001F8,false,Rx,0,8,0,0,0,0,0,0,0,0
4097995,153,false,Rx,0,8,0,0,0,0,0,0,0,0
4098013,000001F9,false,Rx,0,8,0,0,A0,C8,14,0,0,0
4098047,000002FB,false,Rx,0,8,B8,4A,2D,4,5F,1A,CC,CC
4098065,237,false,Rx,0,8,0,15,BA,0,0,AA,1E,0
4099831,000002FC,false,Rx,0,8,3,0,16,19,0,0,8E,BF
4099892,238,false,Rx,0,8,0,0,5F,0,0,0,0,0
4099910,000002FD,false,Rx,0,8,0,0,0,0,0,1C,0E,EA
4101033,239,false,Rx,0,8,0,0,0,0,1,0,0,0
4101062,000002FE,false,Rx,0,8,0,0,72,1,0,28,0,0
4101079,0000025B,false,Rx,0,8,4F,B0,2D,40,40,20,0,0
4101097,0000025C,false,Rx,0,8,0,0,0B,0,34,89,19,0
4101115,327,false,Rx,0,8,0,0,0,0,5,0,0,0
4102267,329,false,Rx,0,8,A0,0,0,0,0,0,0,0
4102301,382,false,Rx,0,8,F1,7A,1,0,0,1,8,0
4102319,331,false,Rx,0,8,3E,51,2D,F1,C8,A0,2C,97
4102337,332,false,Rx,0,8,94,2,0,0,0,0,0,0
4102355,333,false,Rx,0,8,0,0,0,1C,0C,40,20,A0
4102558,334,false,Rx,0,8,C8,0,0,0,AC,70,1D,90
4103788,516,false,Rx,0,8,61,2,0,0,0,0,FF,FF
4105149,000000C5,false,Rx,0,8,0,0,0,0,0,0,0,0
4105184,244,false,Rx,0,8,FF,FF,FF,FF,FF,FF,FF,FF
4105627,000003E4,false,Rx,0,8,FE,0,0,0,0,0,0,0
4105653,000004B4,false,Rx,0,8,0,0,0,0,0,0,0,0
4106679,0000010B,false,Rx,0,8,B3,B5,C9,0,0,0,0,5
4106713,000004B5,false,Rx,0,8,8,0,F0,7,0,0,0,0
4106731,0000010C,false,Rx,0,8,FF,F9,E7,1F,46,44,46,46
4106749,000004B7,false,Rx,0,8,8,0,F0,7,0,0,0,0
4107157,0000010D,false,Rx,0,8,10,3,0,0,0,0,1,35
4107182,000002AB,false,Rx,0,8,2F,32,2E,0C,0C,0,0,0
4107595,0000010E,false,Rx,0,8,0,0,0A,0,0,C0,AB,57
4107620,000002AC,false,Rx,0,8,0,FF,FF,0,0,40,0,50
4109116,000004CA,false,Rx,0,8,0,0,0,0,0,0,0,0
4109150,251,false,Rx,0,8,C4,9A,2D,0,0,0,0,0
4109167,000002AD,false,Rx,0,8,0,1,0,40,FF,FF,FF,0F
4109585,252,false,Rx,0,8,0,0,0,0,3,0,0,0
4110838,000002AE,false,Rx,0,8,1,0,FF,3F,1,1,0,0
4110908,000002B6,false,Rx,0,8,5D,43,2E,1,0,0,0,40
4110927,396,false,Rx,0,8,A5,62,96,0F,8,1,0,2
4110945,000002B7,false,Rx,0,8,8,2,F0,0,0,4,0,0
4110978,397,false,Rx,0,8,4,0,0,0,0,0,0,0
4110996,000002B8,false,Rx,0,8,AA,11,11,0,0,0,0,0
4111014,000004CC,false,Rx,0,8,8,0,0,6,0,0,3,0
4112344,000002E1,false,Rx,0,8,0C,17,2E,0,0,0,0,40
4112379,000004CE,false,Rx,0,8,14,1,FF,FF,FF,FF,FF,FF
4112397,000002E2,false,Rx,0,8,FD,0,0,0,0,14,0,4
4112428,000004D7,false,Rx,0,8,23,1,0,0,0,0,0,0
4112446,000002E3,false,Rx,0,8,0,0,0,0,0,0,72,1
4112464,000004D8,false,Rx,0,8,41,10,F0,F0,40,F2,1E,CC
4113750,000002E4,false,Rx,0,8,2,0,0,0,0,0,0,0
4113785,000004DD,false,Rx,0,8,0,0,FE,0,4,0,0,0
4113803,000004DF,false,Rx,0,8,FF,3,0C,3F,0,0,0,0
4113821,000004E7,false,Rx,0,8,0,30,0,0,0,0,69,0
4113838,000004E8,false,Rx,0,8,FF,FF,FF,5,FF,FF,FF,0
4114945,000004E9,false,Rx,0,8,12,0,0,34,0,0,50,0
4116255,000004EC,false,Rx,0,8,0,0,0,0,0,0,0,0
4116738,000004ED,false,Rx,0,8,0,0,0,0,0,FF,FF,1F
4117831,641,false,Rx,0,8,FF,FF,FF,FF,0F,FF,FF,FF
4121723,000001AB,false,Rx,0,8,4B,9B,2C,50,70,38,0,0
4121763,000001AC,false,Rx,0,8,0,28,0,0,0,0,0,0
4123084,226,false,Rx,0,8,93,61,9,FF,43,E1,5,42
4123119,0000019B,false,Rx,0,8,CE,64,C7,0,0,E4,0,0
4123137,227,false,Rx,0,8,2,70,E1,8,0,F2,17,4
4123155,0000019C,false,Rx,0,8,40,20,0,0,0,0,0B,9
4123173,000003A1,false,Rx,0,8,69,22,A7,0,FF,FF,FF,FF
4123190,0000019D,false,Rx,0,8,0,10,0,1,0,0,0,0
4123602,000002D6,false,Rx,0,8,BE,29,96,0,0,0,0,0
4123844,0000019E,false,Rx,0,8,15,0,0,0,0,32,0,0
4123876,000002D7,false,Rx,0,8,0,0,0,0,3,0,0,0
4124568,000002EB,false,Rx,0,8,2A,60,96,9,8,1,0,2
4124590,000002D8,false,Rx,0,8,0,0,0,0,0,0,38,45
4124607,000002EC,false,Rx,0,8,2,0,0,0,0,0,0,0
4125948,000002D9,false,Rx,0,8,0,0,0,0,0,0,0,0
4125983,000002ED,false,Rx,0,8,0,0,0,0,0,0,0,0
4126001,000003A2,false,Rx,0,8,0,0,0,0,0,0,0,0
4126018,000002EE,false,Rx,0,8,0,0,0,0,0,0,0,0
4126036,419,false,Rx,0,8,5D,10,8D,D6,79,86,90,0
4128177,356,false,Rx,0,8,34,39,97,0,0,0,0,0
4128213,357,false,Rx,0,8,0,0,0,0,0,4B,4D,48
4128232,358,false,Rx,0,8,35,41,45,4D,52,37,33,4F
4128249,359,false,Rx,0,8,51,4F,34,52,4A,35,33,0
4131588,121,false,Rx,0,8,96,DF,CA,0,0,0,0,5
4131626,122,false,Rx,0,8,FF,D9,67,1F,46,46,46,46
4131645,123,false,Rx,0,8,11,3,0,0,0,0,1,35
4131669,124,false,Rx,0,8,0,0,0A,0,0,0,20,40
4135593,161,false,Rx,0,8,67,9,DF,3,0,0,0,2
4135630,162,false,Rx,0,8,FF,FC,1,0,0,0,0,0
4136601,36,false,Rx,0,8,DD,B8,CC,51,0,0,25,1
4136633,37,false,Rx,0,8,0,0,0,10,0,40,0,0
4136652,38,false,Rx,0,8,4,0,0,0,90,38,96,D4
4138103,39,false,Rx,0,8,0,0,0,0,0,0,0,0
4138137,000000FF,false,Rx,0,8,CB,10,0,0,0,0,2,0
4138155,384,false,Rx,0,8,E9,DC,2,0,0,FF,0,21
4139775,394,false,Rx,0,8,2A,22,1A,49,0,0,0,0
4139859,000003B6,false,Rx,0,8,20,0A,95,0,0,0,0,46
4139879,000003B7,false,Rx,0,8,46,0,0,0,0,0,0,0
4139896,61,false,Rx,0,8,32,6E,D2,0,0,0,0,0
4139914,000003B8,false,Rx,0,8,0C,3,0,0,0,0,69,0E
4139932,62,false,Rx,0,8,2,2,0,2,40,FF,0,FF
4141030,000003B9,false,Rx,0,8,0,0,0,0,0,0,0,0
4141065,63,false,Rx,0,8,0,0,5,0,0,8,FD,0
4141083,000003C3,false,Rx,0,8,45,10,31,30,36,0,0,0
4141101,64,false,Rx,0,8,0,0,0,4,FF,FA,0,0
4141119,000003E0,false,Rx,0,8,66,20,1,0,54,3,0,0
4142426,000000A1,false,Rx,0,8,50,7B,D2,1A,0,0,0,0
4142461,000003E5,false,Rx,0,8,37,80,1,0,0,0,0,0
4143953,91,false,Rx,0,8,50,81,2C,0,0,0,0,0
4144252,000003E6,false,Rx,0,8,67,90,0,0,0,0,0,0
4144273,92,false,Rx,0,8,0,0,0,0,0,0,0,0
4144291,0000041A,false,Rx,0,8,8D,D0,12,0,0,0,0,0
4144309,93,false,Rx,0,8,0,0,0,0,0,0,0,0
4144326,0000041B,false,Rx,0,8,70,D0,0,0,0,0,0,0
4144577,432,false,Rx,0,8,3,20,2,0,0,0,0,0
4145606,435,false,Rx,0,8,26,C0,0,40,0,0,0,0
4145996,0000011B,false,Rx,0,8,E9,9,BF,5,80,8,A8,2
4146018,0000012B,false,Rx,0,8,AE,F3,BF,6,0,0,8,0
4146035,0000011C,false,Rx,0,8,0,5,20,0,22,0,1,1
4146053,0000012C,false,Rx,0,8,0,0,1,0,0,64,0,0
4146071,442,false,Rx,0,8,CE,20,11,81,0,0,0,0
4146611,444,false,Rx,0,8,D5,20,20,50,55,50,0,0
4146637,445,false,Rx,0,8,C6,C0,0,0,0,0,0,18
4148252,464,false,Rx,0,8,D5,20,F0,FF,38,7F,5,0
4149830,000001E6,false,Rx,0,8,10,BB,58,2,0,0,0,0
4149866,000001BB,false,Rx,0,8,EB,6E,58,2,0,0,0,0A
4149885,000001BC,false,Rx,0,8,32,0,0,0,2,0,0,0
4149902,000001BD,false,Rx,0,8,0,0,0,0,0,0,0,0
4149920,000001E7,false,Rx,0,8,0,0,22,3,20,1,0,0
4151608,146,false,Rx,0,8,9,42,DC,10,4,1,0,0
4152868,147,false,Rx,0,8,0,4,7D,0,40,0,0,0
4152904,148,false,Rx,0,8,0,0,0,0,0,90,40,5
4152922,149,false,Rx,0,8,0,0,0,0,0,0,0,0
4153978,495,false,Rx,0,8,49,0,0,0,0,0,0,0
4154013,000003AA,false,Rx,0,8,FF,0,B0,0,54,0,0,0
4155704,0000010B,false,Rx,0,8,40,2B,CE,0,0,0,0,5
4156565,0000010C,false,Rx,0,8,FF,F9,E7,1F,46,44,46,46
4156597,0000010D,false,Rx,0,8,10,3,0,0,0,0,1,35
4156614,000001B1,false,Rx,0,8,0C,DF,DC,0,72,0,0,0
4156632,0000010E,false,Rx,0,8,0,0,0A,0,0,C0,AB,57
4158307,000001B2,false,Rx,0,8,23,0,4,0F,0F,7,52,10
4158354,000001B3,false,Rx,0,8,10,2C,0,0,87,91,96,90
4158373,000001B4,false,Rx,0,8,95,91,17,0,0,40,1,0
4163580,0000036F,false,Rx,0,8,F6,71,1,0,0,0,0,0
4163604,419,false,Rx,0,8,5D,10,8D,D6,79,86,90,0
4163621,0000037F,false,Rx,0,8,F4,10,52,24,41,2,0,0
4164563,380,false,Rx,0,8,AD,D7,FF,0,0,0,0,1
4165561,000001A1,false,Rx,0,8,D1,A6,E0,FE,F7,7F,64,0
4165580,000001A2,false,Rx,0,8,0,0,0,0,0,8,0,0
4165598,000001A3,false,Rx,0,8,FF,F3,3F,0,0,0,0,0
4165616,000001A4,false,Rx,0,8,FE,7,0,0,0,0,0,0
4166563,000003B0,false,Rx,0,8,72,37,FF,C7,0,0,3,C0
4168561,000003B1,false,Rx,0,8,9B,3C,FF,40,0,0,20,0
4169565,448,false,Rx,0,8,0,C0,0,0,0,0,0,0
4172561,0000019B,false,Rx,0,8,76,65,CC,0,0,E4,0,0
4172583,0000019C,false,Rx,0,8,40,20,0,0,0,0,0B,9
4172601,0000019D,false,Rx,0,8,0,10,0,1,0,0,0,0
4173563,0000019E,false,Rx,0,8,15,0,0,0,0,32,0,0
4178573,000003B2,false,Rx,0,8,36,15,FF,2,29,2F,34,0
4181575,121,false,Rx,0,8,E9,F3,CF,0,0,0,0,5
4181604,122,false,Rx,0,8,FF,D9,67,1F,46,46,46,46
4181622,123,false,Rx,0,8,11,3,0,0,0,0,1,35
4182574,124,false,Rx,0,8,0,0,0A,0,0,0,20,40
4182599,427,false,Rx,0,8,1D,86,FF,0,80,0A,0,0
4186566,36,false,Rx,0,8,15,BA,D1,51,0,0,25,1
4186589,37,false,Rx,0,8,0,0,0,10,0,40,0,0
4186607,38,false,Rx,0,8,4,0,0,0,90,38,96,D4
4187562,39,false,Rx,0,8,0,0,0,0,0,0,0,0
4189564,61,false,Rx,0,8,4D,42,D7,0,0,0,0,0
4189586,62,false,Rx,0,8,2,2,0,2,40,FF,0,FF
4190562,63,false,Rx,0,8,0,0,5,0,0,8,FD,0
4190587,64,false,Rx,0,8,0,0,0,4,FF,FA,0,0
4190605,000000A1,false,Rx,0,8,5F,90,D7,1A,0,0,0,0
4190622,000000A2,false,Rx,0,8,0,0,0,0,0,0,0,0
4191562,000000A3,false,Rx,0,8,0,40,1,0,0,0,0,0
4192565,0000042A,false,Rx,0,8,F4,DE,FF,1,0,10,0,0
4194568,000001F1,false,Rx,0,8,D5,63,2B,1,0,0,28,0
4194591,000001F2,false,Rx,0,8,0,0,0,0,0,0,0,0
4195563,0000011B,false,Rx,0,8,17,19,C4,5,80,8,A8,2
4195590,0000012B,false,Rx,0,8,50,E3,C4,6,0,0,8,0
4195608,0000011C,false,Rx,0,8,0,5,20,0,22,0,1,1
4195626,0000012C,false,Rx,0,8,0,0,1,0,0,64,0,0
4195650,000001FB,false,Rx,0,8,4E,7C,2D,0,0,0,0,0
4196563,000001FC,false,Rx,0,8,0,0,0,0,0,0,0,0
4196589,000001FD,false,Rx,0,8,0,1A,3,0,0,0,0,0
4196607,487,false,Rx,0,8,0,0,0,0,0,0,0,0
4197563,000001FE,false,Rx,0,8,0,0,0,0,0,0,0,0
4197589,642,false,Rx,0,8,FF,FF,FF,FF,FF,FF,0,0
4202606,561,false,Rx,0,8,63,2,0,0,0,0,FF,FF
4203595,419,false,Rx,0,8,5D,10,8D,D6,79,86,90,0
4206588,0000010B,false,Rx,0,8,88,29,D3,0,0,0,0,5
4206622,0000010C,false,Rx,0,8,FF,F9,E7,1F,46,44,46,46
4206640,0000010D,false,Rx,0,8,10,3,0,0,0,0,1,35
4206657,0000010E,false,Rx,0,8,0,0,0A,0,0,C0,AB,57
4207575,000002C1,false,Rx,0,8,F5,19,98,21,0,41,0,AA
4207596,000002C2,false,Rx,0,8,1B,0,0,0,0,0,0,0
4208858,643,false,Rx,0,8,0,FC,FF,FF,FF,FF,3,0
4208892,000002C3,false,Rx,0,8,0,0,0,0,0,0,0,0
4208910,000002C4,false,Rx,0,8,0,0,0,0,0,0,0,0
4221598,000001AB,false,Rx,0,8,32,81,31,50,70,38,0,0
4221636,000001AC,false,Rx,0,8,0,28,0,0,0,0,0,0
4222620,000002FF,false,Rx,0,8,E2,1,0,F1,3F,0,0,0
4222652,316,false,Rx,0,8,5D,7B,85,34,14,80,0A,0
4222670,0000019B,false,Rx,0,8,BE,67,D1,0,0,E4,0,0
4222688,317,false,Rx,0,8,0,0,5,0,0,0,0,0
4223571,0000019C,false,Rx,0,8,40,20,0,0,0,0,0B,9
4223595,472,false,Rx,0,8,5C,EC,0,40,8,41,0,45
4223612,0000019D,false,Rx,0,8,0,10,0,1,0,0,0,0
4223630,473,false,Rx,0,8,5F,24,0,25,0,0,0,78
4225260,0000019E,false,Rx,0,8,15,0,0,0,0,32,0,0
4225297,474,false,Rx,0,8,93,44,0,0,0,0,0,14
4225315,000001E1,false,Rx,0,8,BD,1F,5B,2,0,0,0,0
4226374,000001E2,false,Rx,0,8,0,0,0,0,0,0,0,0
4226702,0000033B,false,Rx,0,8,68,10,2F,0,0,0,0,0
4227568,0000033C,false,Rx,0,8,0,0,0,0,F0,0,0,0
4227589,0000033D,false,Rx,0,8,0,0,0,0,0,0,0,0
4227607,0000033E,false,Rx,0,8,0,0,0,0,0,0,0,0
4229588,401,false,Rx,0,8,A9,30,10,0,0,4,0,0
4231565,121,false,Rx,0,8,94,36,D4,0,0,0,0,5
4231588,122,false,Rx,0,8,FF,D9,67,1F,46,46,46,46
4231606,123,false,Rx,0,8,11,3,0,0,0,0,1,35
4232569,124,false,Rx,0,8,0,0,0A,0,0,0,20,40
4235594,161,false,Rx,0,8,B1,95,E4,3,0,0,0,2
4235631,162,false,Rx,0,8,FF,FC,1,0,0,0,0,0
4236602,36,false,Rx,0,8,E6,24,D6,51,0,0,25,1
4236635,37,false,Rx,0,8,0,0,0,10,0,40,0,0
4236653,38,false,Rx,0,8,4,0,0,0,90,38,96,D4
4237768,39,false,Rx,0,8,0,0,0,0,0,0,0,0
4237803,000004A3,false,Rx,0,8,80,0,48,0B,3E,0,0,0
4237822,000004A4,false,Rx,0,8,FF,FF,FF,0,0,0,0,0
4239133,000002E6,false,Rx,0,8,66,A5,2C,1,0,0,0,15
4239168,256,false,Rx,0,8,19,EA,2C,15,40,0,C0,0
4239186,000002E7,false,Rx,0,8,0A,0,0,0,0,0,0,0
4239216,257,false,Rx,0,8,0,93,41,14,86,7,0,93
4239233,000002E8,false,Rx,0,8,0,0,0,0,0,0,0,0
4239251,258,false,Rx,0,8,0B,71,1E,0,10,15,0,28
4239567,61,false,Rx,0,8,F5,43,DC,0,0,0,0,0
4240724,259,false,Rx,0,8,3B,5,89,3C,4C,2,0,0
4240756,62,false,Rx,0,8,2,2,0,2,40,FF,0,FF
4240774,000002E9,false,Rx,0,8,0,0,0,0,0,0,0,0
4240792,63,false,Rx,0,8,0,0,5,0,0,8,FD,0
4240810,0000048B,false,Rx,0,8,E5,8,B8,1E,1,0,0,0
4241936,64,false,Rx,0,8,0,0,0,4,FF,FA,0,0
4241971,0000048C,false,Rx,0,8,0,0,0,0,0,0,0,0
4241989,000000A1,false,Rx,0,8,63,61,DC,1A,0,0,0,0
4242007,91,false,Rx,0,8,16,D8,2D,0,0,0,0,0
4242025,92,false,Rx,0,8,0,0,0,0,0,0,0,0
4242452,93,false,Rx,0,8,0,0,0,0,0,0,0,0
4242475,94,false,Rx,0,8,0,0,0,0,0,0,0,0
4243568,000000A2,false,Rx,0,8,0,0,0,0,0,0,0,0
4243597,000000A3,false,Rx,0,8,0,40,1,0,0,0,0,0
4244969,0000011B,false,Rx,0,8,64,20,C9,5,80,8,A8,2
4246240,0000012B,false,Rx,0,8,23,DA,C9,6,0,0,8,0
4246431,0000011C,false,Rx,0,8,0,5,20,0,22,0,1,1
4246449,0000012C,false,Rx,0,8,0,0,1,0,0,64,0,0
4249160,000002BF,false,Rx,0,8,FF,FF,FF,0,0,0,0,0
4250343,0000047F,false,Rx,0,8,FF,FF,FF,FF,FF,FF,F3,FF
4250369,653,false,Rx,0,8,0A,19,3,1,2,2A,0,0
4252021,146,false,Rx,0,8,6A,D9,E1,10,4,1,0,0
4252058,147,false,Rx,0,8,0,4,7D,0,40,0,0,0
4252076,148,false,Rx,0,8,0,0,0,0,0,90,40,5
4253404,149,false,Rx,0,8,0,0,0,0,0,0,0,0
4256624,0000010B,false,Rx,0,8,30,28,D8,0,0,0,0,5
4256663,0000010C,false,Rx,0,8,FF,F9,E7,1F,46,44,46,46
4256682,0000010D,false,Rx,0,8,10,3,0,0,0,0,1,35
4256699,000001B1,false,Rx,0,8,6F,44,E1,0,72,0,0,0
4256717,0000010E,false,Rx,0,8,0,0,0A,0,0,C0,AB,57
4257609,000001B2,false,Rx,0,8,23,0,4,0F,0F,7,52,10
4257642,000001B3,false,Rx,0,8,10,2C,0,0,87,91,96,90
4257660,000001B4,false,Rx,0,8,95,91,17,0,0,40,1,0
4260587,475,false,Rx,0,8,12,0,0,0,0,0,0,0
4261634,496,false,Rx,0,8,12,0,0,0,0,0,0,0
4263730,0000036F,false,Rx,0,8,5F,81,1,0,0,0,0,0
4263766,0000037F,false,Rx,0,8,22,20,52,24,41,2,0,0
4264617,111,false,Rx,0,8,85,DB,8C,1,0,0,0,0
4264649,112,false,Rx,0,8,0,0,0,0,0,0,0,0
4264682,113,false,Rx,0,8,0,0,0,0,0,0,0,0
4265728,000001A1,false,Rx,0,8,AE,8A,E5,FE,F7,7F,64,0
4265763,114,false,Rx,0,8,0,0,0,0,0,0,0,0
4265781,000001A2,false,Rx,0,8,0,0,0,0,0,8,0,0
4265799,000001A3,false,Rx,0,8,FF,F3,3F,0,0,0,0,0
4267081,000001A4,false,Rx,0,8,FE,7,0,0,0,0,0,0
4272595,0000019B,false,Rx,0,8,4D,F9,D6,0,0,E4,0,0
4272634,0000019C,false,Rx,0,8,40,20,0,0,0,0,0B,9
4272652,0000019D,false,Rx,0,8,0,10,0,1,0,0,0,0
4273601,0000019E,false,Rx,0,8,15,0,0,0,0,32,0,0
4277599,0000030B,false,Rx,0,8,BB,78,2F,0,4,0,0,0
4277640,0000030C,false,Rx,0,8,0,0,0E,0,2C,0,A0,0F
4277658,0000030D,false,Rx,0,8,0,0,0,0,49,0,0,0
4278601,0000030E,false,Rx,0,8,0,0,38,5,21,0,0,1A
4281653,121,false,Rx,0,8,99,F0,D9,0,0,0,0,5
4281689,122,false,Rx,0,8,FF,D9,67,1F,46,46,46,46
4281707,123,false,Rx,0,8,11,3,0,0,0,0,1,35
4281724,124,false,Rx,0,8,0,0,0A,0,0,0,20,40
4284299,405,false,Rx,0,8,BD,30,0,0,0,1,0,0
4284710,413,false,Rx,0,8,6F,30,0,0,0,0,0,0
4284737,410,false,Rx,0,8,4B,80,59,3C,16,6B,FF,FF
4284756,414,false,Rx,0,8,F0,10,0,0,28,0,0,0
4284773,411,false,Rx,0,8,A8,1,50,50,0,0,44,4
4284791,412,false,Rx,0,8,6D,60,0,0,0,0,0,0
4284809,417,false,Rx,0,8,5F,20,0,0,0,0,0,0
4285795,418,false,Rx,0,8,19,70,0,0,12,0C,0,0
4285829,419,false,Rx,0,8,5D,10,8D,D6,79,86,90,0
4287427,36,false,Rx,0,8,EB,E2,DB,51,0,0,25,1
4287463,37,false,Rx,0,8,0,0,0,10,0,40,0,0
4287481,38,false,Rx,0,8,4,0,0,0,90,38,96,D4
4287499,39,false,Rx,0,8,0,0,0,0,0,0,0,0
4290296,61,false,Rx,0,8,96,D8,E1,0,0,0,0,0
4290331,62,false,Rx,0,8,2,2,0,2,40,FF,0,FF
4290349,63,false,Rx,0,8,0,0,5,0,0,8,FD,0
4290367,64,false,Rx,0,8,0,0,0,4,FF,FA,0,0
4290564,000000A1,false,Rx,0,8,A0,E2,E1,1A,0,0,0,0
4290581,000000A2,false,Rx,0,8,0,0,0,0,0,0,0,0
4291621,000000A3,false,Rx,0,8,0,40,1,0,0,0,0,0
4293014,563,false,Rx,0,8,65,2,0,0,0,0,FF,FF
4295626,0000011B,false,Rx,0,8,FB,48,CE,5,80,8,A8,2
4295665,151,false,Rx,0,8,68,D1,2F,A0,C8,0,28,19
4295683,0000011C,false,Rx,0,8,0,5,20,0,22,0,1,1
4295701,0000012B,false,Rx,0,8,BC,B2,CE,6,0,0,8,0
4295719,000001F6,false,Rx,0,8,5B,F2,2F,0,0,0,0,0E
4296620,0000012C,false,Rx,0,8,0,0,1,0,0,64,0,0
4296653,000001F7,false,Rx,0,8,0B,0,0,0,0,0,0,0
4296671,152,false,Rx,0,8,16,18,18,0,0B,0,0,0
4296688,000001F8,false,Rx,0,8,0,0,0,0,0,0,0,0
4298181,153,false,Rx,0,8,0,0,0,0,0,0,0,0
4298231,000001F9,false,Rx,0,8,0,0,A0,C8,14,0,0,0
4298250,154,false,Rx,0,8,0,0,0,0,0,0,0,0
4298267,236,false,Rx,0,8,CA,0F,2F,0,6E,3C,34,6C
4298285,000002FB,false,Rx,0,8,34,F8,2F,4,5F,1A,CC,CC
4298313,237,false,Rx,0,8,0,15,BA,0,0,AA,1E,0
4298330,000002FC,false,Rx,0,8,3,0,16,19,0,0,8E,BF
4299318,238,false,Rx,0,8,0,0,5F,0,0,0,0,0
4299661,000001E6,false,Rx,0,8,5D,53,5B,2,0,0,0,0
4299684,239,false,Rx,0,8,0,0,0,0,1,0,0,0
4299703,000001BB,false,Rx,0,8,EE,37,5B,2,0,0,0,0A
4299720,0000025B,false,Rx,0,8,9D,C2,2F,40,40,20,0,0
4300801,000001BC,false,Rx,0,8,32,0,0,0,2,0,0,0
4301238,0000025C,false,Rx,0,8,0,0,0B,0,34,89,19,0
4301262,000001BD,false,Rx,0,8,0,0,0,0,0,0,0,0
4301280,0000025D,false,Rx,0,8,0,C8,0,0,0,80,C0,70
4302533,000001E7,false,Rx,0,8,0,0,22,3,20,1,0,0
4302680,0000025E,false,Rx,0,8,2D,7,0E,4,0,0,0,0
4303712,329,false,Rx,0,8,A0,0,0,0,0,0,0,0
4306782,0000010B,false,Rx,0,8,B9,D1,DD,0,0,0,0,5
4306817,0000010C,false,Rx,0,8,FF,F9,E7,1F,46,45,46,46
4306835,0000010D,false,Rx,0,8,10,3,0,0,0,0,1,35
4308120,0000010E,false,Rx,0,8,0,0,0A,0,0,C0,AB,57
4308147,000002AB,false,Rx,0,8,2D,DB,30,0C,0C,0,0,0
4308165,000002AC,false,Rx,0,8,0,FF,FF,0,0,40,0,50
4308182,000002AD,false,Rx,0,8,0,1,0,40,FF,FF,FF,0F
4308593,000002AE,false,Rx,0,8,1,0,FF,3F,1,1,0,0
4308636,000002B7,false,Rx,0,8,8,2,F0,0,0,4,0,0
4308655,252,false,Rx,0,8,0,0,0,0,3,0,0,0
4309935,000002B8,false,Rx,0,8,AA,11,11,0,0,0,0,0
4309988,253,false,Rx,0,8,0,0,0,51,51,0,80,44
4310006,000002B9,false,Rx,0,8,0A,0,0,0,0,0,0,0
4310024,396,false,Rx,0,8,F2,CA,97,0F,8,2,0,2
4310041,000002E1,false,Rx,0,8,0E,FE,30,0,0,0,0,40
4311061,000002E2,false,Rx,0,8,FD,0,0,0,0,14,0,4
4311511,244,false,Rx,0,8,FF,FF,FF,FF,FF,FF,FF,FF
4311535,000002E3,false,Rx,0,8,0,0,0,0,0,0,72,1
4312714,000002E4,false,Rx,0,8,2,0,0,0,0,0,0,0
4314277,000004CC,false,Rx,0,8,8,0,0,6,0,0,3,0
4315734,000004E7,false,Rx,0,8,0,30,0,0,0,0,69,0
4317131,000004EC,false,Rx,0,8,0,0,0,0,0,0,0,0
4318269,383,false,Rx,0,8,12,ED,1,0,2,0,0,0
4318367,641,false,Rx,0,8,FF,FF,FF,FF,0F,FF,FF,FF
4319797,646,false,Rx,0,8,0,0,0,80,1,0,0,0
4321653,000001AB,false,Rx,0,8,AD,E9,36,50,70,38,0,0
4322931,226,false,Rx,0,8,FA,21,0B,FF,43,E1,5,42
4323373,000001AC,false,Rx,0,8,0,28,0,0,0,0,0,0
4323397,0000019B,false,Rx,0,8,40,3F,DB,0,0,E4,0,0
4323414,227,false,Rx,0,8,2,70,E1,8,0,F2,17,4
4323432,0000019C,false,Rx,0,8,40,20,0,0,0,0,0B,9
4324487,000003A1,false,Rx,0,8,73,5B,A8,0,FF,FF,FF,FF
4325794,000002D6,false,Rx,0,8,F8,70,97,0,0,0,0,0
4325858,0000019E,false,Rx,0,8,15,0,0,0,0,32,0,0
4325877,000002D7,false,Rx,0,8,0,0,0,0,3,0,0,0
4325905,000002EB,false,Rx,0,8,6C,39,97,9,8,1,0,2
4325923,000002D8,false,Rx,0,8,0,0,0,0,0,0,38,45
4325941,000002EC,false,Rx,0,8,2,0,0,0,0,0,0,0
4325959,419,false,Rx,0,8,CD,20,8C,D6,79,86,90,0
4328506,356,false,Rx,0,8,B5,4D,98,0,0,0,0,0
4328697,357,false,Rx,0,8,0,0,0,0,0,4B,4D,48
4328717,358,false,Rx,0,8,35,41,45,4D,52,37,33,4F
4328736,359,false,Rx,0,8,51,4F,34,52,4A,35,33,0
4331612,121,false,Rx,0,8,6A,6E,DE,0,0,0,0,5
4331648,122,false,Rx,0,8,FF,D9,67,1F,46,46,46,46
4332039,123,false,Rx,0,8,11,3,0,0,0,0,1,35
4332061,124,false,Rx,0,8,0,0,0A,0,0,0,20,40
4335587,161,false,Rx,0,8,C2,AC,E9,3,0,0,0,2
4335623,162,false,Rx,0,8,FF,FC,1,0,0,0,0,0
4336615,36,false,Rx,0,8,3D,BE,E0,51,0,0,25,1
4336647,37,false,Rx,0,8,0,0,0,10,0,40,0,0
4336665,38,false,Rx,0,8,4,0,0,0,90,38,96,D4
4337691,39,false,Rx,0,8,0,0,0,0,0,0,0,0
4337726,000000FF,false,Rx,0,8,CB,10,0,0,0,0,2,0
4339440,384,false,Rx,0,8,E9,DC,2,0,0,FF,0,21
4339474,000003B6,false,Rx,0,8,EA,E1,96,0,0,0,0,46
4339492,394,false,Rx,0,8,2A,22,1A,49,0,0,0,0
4339524,000003B7,false,Rx,0,8,46,0,0,0,0,0,0,0
4340830,61,false,Rx,0,8,65,46,E6,0,0,0,0,0
4340850,000003B8,false,Rx,0,8,0C,3,0,0,0,0,69,0E
4340867,62,false,Rx,0,8,2,2,0,2,40,FF,0,FF
4340885,000003B9,false,Rx,0,8,0,0,0,0,0,0,0,0
4340903,63,false,Rx,0,8,0,0,5,0,0,8,FD,0
4341863,000003E0,false,Rx,0,8,66,20,1,0,54,3,0,0
4342257,000000A1,false,Rx,0,8,A9,67,E6,1A,0,0,0,0
4342280,000003E5,false,Rx,0,8,37,80,1,0,0,0,0,0
4342298,91,false,Rx,0,8,DC,33,2E,0,0,0,0,0
4342316,000003E6,false,Rx,0,8,67,90,0,0,0,0,0,0
4342334,92,false,Rx,0,8,0,0,0,0,0,0,0,0
4343391,0000041A,false,Rx,0,8,8D,D0,12,0,0,0,0,0
4343444,93,false,Rx,0,8,0,0,0,0,0,0,0,0
4343463,0000041B,false,Rx,0,8,70,D0,0,0,0,0,0,0
4343481,94,false,Rx,0,8,0,0,0,0,0,0,0,0
4343878,0000041C,false,Rx,0,8,48,0,E0,0,0,0,0,0
4345040,000000A2,false,Rx,0,8,0,0,0,0,0,0,0,0
4345580,0000011C,false,Rx,0,8,0,5,20,0,22,0,1,1
4346563,0000012C,false,Rx,0,8,0,0,1,0,0,64,0,0
4346584,000001F2,false,Rx,0,8,0,0,0,0,0,0,0,0
4346601,435,false,Rx,0,8,26,C0,0,40,0,0,0,0
4346619,442,false,Rx,0,8,CE,20,11,81,0,0,0,0
4348396,444,false,Rx,0,8,D5,20,20,50,55,50,0,0
4348430,445,false,Rx,0,8,C6,C0,0,0,0,0,0,18
4348448,464,false,Rx,0,8,D5,20,F0,FF,38,7F,5,0
4351593,146,false,Rx,0,8,99,47,E6,10,4,1,0,0
4352706,147,false,Rx,0,8,0,4,7D,0,40,0,0,0
4352741,148,false,Rx,0,8,0,0,0,0,0,90,40,5
4352760,149,false,Rx,0,8,0,0,0,0,0,0,0,0
4354219,495,false,Rx,0,8,49,0,0,0,0,0,0,0
4354255,000003AA,false,Rx,0,8,FF,0,B0,0,54,0,0,0
4356693,0000010B,false,Rx,0,8,A0,2D,E2,0,0,0,0,5
4356733,0000010C,false,Rx,0,8,FF,F9,E7,1F,46,44,46,46
4356751,0000010D,false,Rx,0,8,10,3,0,0,0,0,1,35
4356769,000001B1,false,Rx,0,8,9C,DA,E6,0,72,0,0,0
4356786,0000010E,false,Rx,0,8,0,0,0A,0,0,C0,AB,57
4357667,000001B2,false,Rx,0,8,23,0,4,0F,0F,7,52,10
4357701,000001B3,false,Rx,0,8,10,2C,0,0,87,91,96,90
4357719,000001B4,false,Rx,0,8,95,91,17,0,0,40,1,0
4363594,0000036F,false,Rx,0,8,E6,91,1,0,0,0,0,0
4363634,419,false,Rx,0,8,CD,20,8C,D6,79,86,90,0
4363652,0000037F,false,Rx,0,8,9B,30,52,24,41,2,0,0
4364601,380,false,Rx,0,8,AD,D7,FF,0,0,0,0,1
4365862,000001A1,false,Rx,0,8,2F,FE,EA,FE,F7,7F,64,0
4365899,000001A2,false,Rx,0,8,0,0,0,0,0,8,0,0
4365917,000001A3,false,Rx,0,8,FF,F3,3F,0,0,0,0,0
4365934,000001A4,false,Rx,0,8,FE,7,0,0,0,0,0,0
4367001,000003B0,false,Rx,0,8,72,37,FF,C7,0,0,3,C0
4368340,000003B1,false,Rx,0,8,9B,3C,FF,40,0,0,20,0
4369883,448,false,Rx,0,8,0,C0,0,0,0,0,0,0
4372602,0000019B,false,Rx,0,8,96,63,E0,0,0,E4,0,0
4372639,0000019C,false,Rx,0,8,40,20,0,0,0,0,0B,9
4372658,0000019D,false,Rx,0,8,0,10,0,1,0,0,0,0
4373602,0000019E,false,Rx,0,8,15,0,0,0,0,32,0,0
4376037,000001E1,false,Rx,0,8,4B,37,5E,2,0,0,0,0
4376078,000001E2,false,Rx,0,8,0,0,0,0,0,0,0,0
4378653,000003B2,false,Rx,0,8,36,15,FF,2,29,2F,34,0
4381227,121,false,Rx,0,8,9,F5,E3,0,0,0,0,5
4381265,122,false,Rx,0,8,FF,D9,67,1F,46,46,46,46
4382201,123,false,Rx,0,8,11,3,0,0,0,0,1,35
4382235,124,false,Rx,0,8,0,0,0A,0,0,0,20,40
4382253,427,false,Rx,0,8,1D,86,FF,0,80,0A,0,0
4386716,36,false,Rx,0,8,42,92,E5,51,0,0,25,1
4386768,37,false,Rx,0,8,0,0,0,10,0,40,0,0
4386787,38,false,Rx,0,8,4,0,0,0,90,38,96,D4
4386804,39,false,Rx,0,8,0,0,0,0,0,0,0,0
4388962,565,false,Rx,0,8,66,2,0,0,0,0,FF,FF
4388997,419,false,Rx,0,8,A6,30,8C,D6,75,86,90,0
4390417,61,false,Rx,0,8,68,80,EB,0,0,0,0,0
4390452,62,false,Rx,0,8,2,2,0,2,40,FF,0,FF
4390470,63,false,Rx,0,8,0,0,5,0,0,8,FD,0
4390488,64,false,Rx,0,8,0,0,0,4,FF,FA,0,0
4391693,000000A1,false,Rx,0,8,9F,24,EB,1A,0,0,0,0
4391718,000000A2,false,Rx,0,8,0,0,0,0,0,0,0,0
4392948,000000A3,false,Rx,0,8,0,40,1,0,0,0,0,0
4392973,0000042A,false,Rx,0,8,F4,DE,FF,1,0,10,0,0
4395819,0000011B,false,Rx,0,8,4A,AB,D8,5,80,8,A8,2
4395857,0000012B,false,Rx,0,8,0D,51,D8,6,0,0,8,0
4395875,0000011C,false,Rx,0,8,0,5,20,0,22,0,1,1
4395893,0000012C,false,Rx,0,8,0,0,1,0,0,64,0,0
4395910,000001FB,false,Rx,0,8,C2,CE,2F,0,0,0,0,0
4396770,000001FC,false,Rx,0,8,0,0,0,0,0,0,0,0
4396803,000001FD,false,Rx,0,8,0,1A,3,0,0,0,0,0
4396822,000001FE,false,Rx,0,8,0,0,0,0,0,0,0,0
4401601,487,false,Rx,0,8,0,0,0,0,0,0,0,0
4401639,642,false,Rx,0,8,FF,FF,FF,FF,FF,FF,0,0
4406600,0000010B,false,Rx,0,8,DF,1,E7,0,0,0,0,5
4406639,0000010C,false,Rx,0,8,FF,F9,E7,1F,46,44,46,46
4406657,0000010D,false,Rx,0,8,10,3,0,0,0,0,1,35
4406675,0000010E,false,Rx,0,8,0,0,0A,0,0,C0,AB,57
4408302,000002C1,false,Rx,0,8,B3,40,99,21,0,41,0,AA
4408348,000002C2,false,Rx,0,8,1B,0,0,0,0,0,0,0
4408368,000002C3,false,Rx,0,8,0,0,0,0,0,0,0,0
4408386,000002C4,false,Rx,0,8,0,0,0,0,0,0,0,0
4421579,000001AB,false,Rx,0,8,DE,D0,3B,50,70,38,0,0
4421610,000001AC,false,Rx,0,8,0,28,0,0,0,0,0,0
4421627,000002FF,false,Rx,0,8,E2,1,0,F1,3F,0,0,0
4422574,316,false,Rx,0,8,10,93,86,34,14,80,0A,0
4422597,0000019B,false,Rx,0,8,E9,4F,E5,0,0,E4,0,0
4422615,317,false,Rx,0,8,0,0,5,0,0,0,0,0
4422632,0000019C,false,Rx,0,8,40,20,0,0,0,0,0B,9
4423564,472,false,Rx,0,8,5C,EC,0,40,8,41,0,45
4423589,0000019D,false,Rx,0,8,0,10,0,1,0,0,0,0
4423607,473,false,Rx,0,8,5F,24,0,25,0,0,0,78
4423624,0000019E,false,Rx,0,8,15,0,0,0,0,32,0,0
4424564,474,false,Rx,0,8,93,44,0,0,0,0,0,14
4427566,0000033B,false,Rx,0,8,6A,F9,31,0,0,0,0,0
4427586,0000033C,false,Rx,0,8,0,0,0,0,F0,0,0,0
4427604,0000033D,false,Rx,0,8,0,0,0,0,0,0,0,0
4427622,0000033E,false,Rx,0,8,0,0,0,0,0,0,0,0
4428566,419,false,Rx,0,8,A6,30,8C,D6,75,86,90,0
4430560,401,false,Rx,0,8,A9,30,10,0,0,4,0,0
4431565,121,false,Rx,0,8,B1,F4,E8,0,0,0,0,5
4431587,122,false,Rx,0,8,FF,D9,67,1F,46,46,46,46
4431605,123,false,Rx,0,8,11,3,0,0,0,0,1,35
4432565,000004E8,false,Rx,0,8,FF,FF,FF,5,FF,FF,FF,0
4432586,124,false,Rx,0,8,0,0,0A,0,0,0,20,40
4434647,161,false,Rx,0,8,5D,C4,EE,3,0,0,0,2
4435573,162,false,Rx,0,8,FF,FC,1,0,0,0,0,0
4436575,36,false,Rx,0,8,C3,E6,EA,51,0,0,25,1
4436598,37,false,Rx,0,8,0,0,0,10,0,40,0,0
4436616,38,false,Rx,0,8,4,0,0,0,90,38,96,D4
4437567,39,false,Rx,0,8,0,0,0,0,0,0,0,0
4438565,000002E6,false,Rx,0,8,EA,17,2E,1,0,0,0,15
4438584,256,false,Rx,0,8,7E,38,2E,15,40,0,E0,0
4438602,000002E7,false,Rx,0,8,0A,0,0,0,0,0,0,0
4439566,257,false,Rx,0,8,0,93,41,18,86,7,0,93
4439590,000002E8,false,Rx,0,8,0,0,0,0,0,0,0,0
4439607,258,false,Rx,0,8,0B,6F,1E,0,10,15,0,28
4439625,61,false,Rx,0,8,15,45,F0,0,0,0,0,0
4440566,259,false,Rx,0,8,4E,5,8A,3C,4C,2,0,0
4440586,62,false,Rx,0,8,2,2,0,2,40,FF,0,FF
4440604,000002E9,false,Rx,0,8,0,0,0,0,0,0,0,0
4440622,63,false,Rx,0,8,0,0,5,0,0,8,FD,0
4441567,64,false,Rx,0,8,0,0,0,4,FF,FA,0,0
4441590,000000A1,false,Rx,0,8,F0,95,F0,1A,0,0,0,0
4441607,000000A2,false,Rx,0,8,0,0,0,0,0,0,0,0
4441625,000004A3,false,Rx,0,8,80,0,48,0B,3E,0,0,0
4442567,91,false,Rx,0,8,9A,6A,2F,0,0,0,0,0
4442587,000004A4,false,Rx,0,8,FF,FF,FF,0,0,0,0,0
4442605,92,false,Rx,0,8,0,0,0,0,0,0,0,0
4442622,93,false,Rx,0,8,0,0,0,0,0,0,0,0
4443567,94,false,Rx,0,8,0,0,0,0,0,0,0,0
4443590,000000A3,false,Rx,0,8,0,40,1,0,0,0,0,0
4445564,0000011B,false,Rx,0,8,BC,83,DD,5,80,8,A8,2
4445583,0000012B,false,Rx,0,8,FB,79,DD,6,0,0,8,0
4445607,0000011C,false,Rx,0,8,0,5,20,0,22,0,1,1
4445625,0000012C,false,Rx,0,8,0,0,1,0,0,64,0,0
4449619,000001E6,false,Rx,0,8,AB,7B,5E,2,0,0,0,0
4449654,000002BF,false,Rx,0,8,FF,FF,FF,0,0,0,0,0
4449672,000001BB,false,Rx,0,8,E1,DC,5E,2,0,0,0,0A
4449689,0000047F,false,Rx,0,8,FF,FF,FF,FF,FF,FF,F3,FF
4449720,000001BC,false,Rx,0,8,32,0,0,0,2,0,0,0
4450594,653,false,Rx,0,8,0A,19,3,1,2,2A,0,0
4450621,000001BD,false,Rx,0,8,0,0,0,0,0,0,0,0
4450639,000001E7,false,Rx,0,8,0,0,22,3,20,1,0,0
4452342,146,false,Rx,0,8,94,81,EB,10,4,1,0,0
4452378,147,false,Rx,0,8,0,4,7D,0,40,0,0,0
4452397,148,false,Rx,0,8,0,0,0,0,0,90,40,5
4452415,149,false,Rx,0,8,0,0,0,0,0,0,0,0
4456587,0000010B,false,Rx,0,8,67,0,EC,0,0,0,0,5
4456613,0000010C,false,Rx,0,8,FF,F9,E7,1F,46,44,46,46
4456631,0000010D,false,Rx,0,8,10,3,0,0,0,0,1,35
4456648,000001B1,false,Rx,0,8,91,1C,EB,0,72,0,0,0
4456666,0000010E,false,Rx,0,8,0,0,0A,0,0,C0,AB,57
4457566,000001B2,false,Rx,0,8,23,0,4,0F,0F,7,52,10
4457588,000001B3,false,Rx,0,8,10,2C,0,0,87,91,96,90
4457606,000001B4,false,Rx,0,8,95,91,17,0,0,40,1,0
4460588,475,false,Rx,0,8,12,0,0,0,0,0,0,0
4460625,496,false,Rx,0,8,12,0,0,0,0,0,0,0
4463958,0000036F,false,Rx,0,8,30,A1,1,0,0,0,0,0
4463995,0000037F,false,Rx,0,8,93,40,52,24,41,2,0,0
4464591,111,false,Rx,0,8,C3,82,8D,1,0,0,0,0
4464620,112,false,Rx,0,8,0,0,0,0,0,0,0,0
4466399,113,false,Rx,0,8,0,0,0,0,0,0,0,0
4466433,000001A1,false,Rx,0,8,50,D2,EF,FE,F7,7F,64,0
4466450,114,false,Rx,0,8,0,0,0,0,0,0,0,0
4466468,000001A2,false,Rx,0,8,0,0,0,0,0,8,0,0
4466486,000001A3,false,Rx,0,8,FF,F3,3F,0,0,0,0,0
4468725,419,false,Rx,0,8,A6,30,8C,D6,75,86,90,0
4471594,000004E8,false,Rx,0,8,FF,FF,FF,5,FF,FF,FF,0
4473343,0000019B,false,Rx,0,8,68,3B,EA,0,0,E4,0,0
4473378,0000019C,false,Rx,0,8,40,20,0,0,0,0,0B,9
4473545,0000019D,false,Rx,0,8,0,10,0,1,0,0,0,0
4473568,0000019E,false,Rx,0,8,15,0,0,0,0,32,0,0
4476590,0000030B,false,Rx,0,8,B9,91,31,0,4,0,0,0
4476629,0000030C,false,Rx,0,8,0,0,0E,0,2C,0,A0,0F
4476649,0000030D,false,Rx,0,8,0,0,0,0,49,0,0,0
4478094,0000030E,false,Rx,0,8,0,0,38,5,21,0,0,1A
4481609,121,false,Rx,0,8,CE,D8,ED,0,0,0,0,5
4485476,122,false,Rx,0,8,FF,D9,67,1F,46,46,46,46
4485521,123,false,Rx,0,8,11,3,0,0,0,0,1,35
4486000,124,false,Rx,0,8,0,0,0A,0,0,0,20,40
4486032,405,false,Rx,0,8,BD,30,0,0,0,1,0,0
4486050,413,false,Rx,0,8,6F,30,0,0,0,0,0,0
4486068,410,false,Rx,0,8,4B,80,59,3C,16,6B,FF,FF
4486085,36,false,Rx,0,8,BC,CA,EF,51,0,0,25,1
4486585,37,false,Rx,0,8,0,0,0,10,0,40,0,0
4486620,38,false,Rx,0,8,4,0,0,0,90,38,96,D4
4488212,39,false,Rx,0,8,0,0,0,0,0,0,0,0
4490721,61,false,Rx,0,8,6A,69,F5,0,0,0,0,0
4490755,62,false,Rx,0,8,2,2,0,2,40,FF,0,FF
4490774,63,false,Rx,0,8,0,0,5,0,0,8,FD,0
4490791,64,false,Rx,0,8,0,0,0,4,FF,FA,0,0
4490809,000000A1,false,Rx,0,8,FF,7E,F5,1A,0,0,0,0
4491711,000000A3,false,Rx,0,8,0,40,1,0,0,0,0,0
4493588,419,false,Rx,0,8,E0,40,8C,D6,71,86,90,0
4495063,000001F1,false,Rx,0,8,33,11,31,1,0,0,28,0
4495098,000001F2,false,Rx,0,8,0,0,0,0,0,0,0,0
4495116,151,false,Rx,0,8,6A,38,31,A0,C8,0,28,19
4495144,0000011B,false,Rx,0,8,B8,9F,E2,5,80,8,A8,2
4495161,152,false,Rx,0,8,16,18,18,0,0B,0,0,0
4496252,0000011C,false,Rx,0,8,0,5,20,0,22,0,1,1
4496707,0000012B,false,Rx,0,8,FF,65,E2,6,0,0,8,0
4496730,000001F6,false,Rx,0,8,59,1B,31,0,0,0,0,0E
4496747,0000012C,false,Rx,0,8,0,0,1,0,0,64,0,0
4496764,000001F7,false,Rx,0,8,0B,0,0,0,0,0,0,0
4496782,153,false,Rx,0,8,0,0,0,0,0,0,0,0
4498051,000001F8,false,Rx,0,8,0,0,0,0,0,0,0,0
4498099,154,false,Rx,0,8,0,0,0,0,0,0,0,0
4498117,000001F9,false,Rx,0,8,0,0,A0,C8,14,0,0,0
4498135,236,false,Rx,0,8,C8,E6,31,0,6E,3C,34,6C
4498153,000002FB,false,Rx,0,8,36,11,31,4,5F,1A,CC,CC
4498170,237,false,Rx,0,8,0,15,BA,0,0,AA,1E,0
4499469,000002FC,false,Rx,0,8,3,0,16,19,0,0,8E,BF
4499504,238,false,Rx,0,8,0,0,5F,0,0,0,0,0
4499522,000002FD,false,Rx,0,8,0,0,0,0,0,1C,0E,EA
4499653,239,false,Rx,0,8,0,0,0,0,1,0,0,0
4500733,326,false,Rx,0,8,A3,45,31,0,0,0,0,0
4501149,0000025C,false,Rx,0,8,0,0,0B,0,34,89,19,0
4501192,327,false,Rx,0,8,0,0,0,0,5,0,0,0
4501216,0000025D,false,Rx,0,8,0,C8,0,0,0,80,C0,70
4502437,328,false,Rx,0,8,0,0,0,0,0,0,0,0
4506775,0000010B,false,Rx,0,8,AF,2,F1,0,0,0,0,5
4506810,0000010C,false,Rx,0,8,FF,F9,E7,1F,46,44,46,46
4506828,0000010D,false,Rx,0,8,10,3,0,0,0,0,1,35
4506846,0000010E,false,Rx,0,8,0,0,0A,0,0,C0,AB,57
4506864,000002AB,false,Rx,0,8,A1,69,32,0C,0C,0,0,0
4508020,000002AC,false,Rx,0,8,0,FF,FF,0,0,40,0,50
4508449,000002AD,false,Rx,0,8,0,1,0,40,FF,FF,FF,0F
4508488,000002AE,false,Rx,0,8,1,0,FF,3F,1,1,0,0
4508510,000002B6,false,Rx,0,8,D3,18,32,1,0,0,0,40
4508528,251,false,Rx,0,8,A2,AE,31,0,0,0,0,0
4509490,000002B7,false,Rx,0,8,8,2,F0,0,0,4,0,0
4509526,252,false,Rx,0,8,0,0,0,0,3,0,0,0
4509692,000002B8,false,Rx,0,8,AA,11,11,0,0,0,0,0
4509712,253,false,Rx,0,8,0,0,0,51,51,0,80,44
4509729,000002B9,false,Rx,0,8,0A,0,0,0,0,0,0,0
4509747,396,false,Rx,0,8,87,8F,98,0F,8,1,0,2
4510957,000002E1,false,Rx,0,8,82,4C,32,0,0,0,0,40
4511412,397,false,Rx,0,8,35,0,0,0,0,0,0,0
4512625,000002E2,false,Rx,0,8,FD,0,0,0,0,14,0,4
4512686,398,false,Rx,0,8,0,0,0,0,0,0,0,0
4512704,000002E3,false,Rx,0,8,0,0,0,0,0,0,72,1
4512721,000002E4,false,Rx,0,8,2,0,0,0,0,0,0,0
4513799,000000C5,false,Rx,0,8,0,0,0,0,0,0,0,0
4514251,244,false,Rx,0,8,FF,FF,FF,FF,FF,FF,FF,FF
4515517,0000041F,false,Rx,0,8,0,0C,0,0,0,0,0,0
4516442,000004B4,false,Rx,0,8,0,0,0,0,0,0,0,0
4516530,000004B5,false,Rx,0,8,8,0,F0,7,0,0,0,0
4516751,000004B7,false,Rx,0,8,8,0,F0,7,0,0,0,0
4516775,000004CA,false,Rx,0,8,0,0,0,0,0,0,0,0
4516792,000004D7,false,Rx,0,8,23,1,0,0,0,0,0,0
4516810,000004D8,false,Rx,0,8,41,10,F0,F0,40,F2,1E,CC
4516827,000004E7,false,Rx,0,8,0,30,0,0,0,0,69,0
4517891,000004E8,false,Rx,0,8,FF,FF,FF,5,FF,FF,FF,0
4519157,383,false,Rx,0,8,12,ED,1,0,2,0,0,0
4519178,000004E9,false,Rx,0,8,12,0,0,34,0,0,50,0
4519212,000004EB,false,Rx,0,8,10,80,32,38,80,0,0,0
4520856,000004EC,false,Rx,0,8,0,0,0,0,0,0,0,0
4522123,0000063D,false,Rx,0,8,0,80,0,0,0,0,0,0
4522569,000003A1,false,Rx,0,8,57,F3,A9,0,FF,FF,FF,FF
4523792,0000019C,false,Rx,0,8,40,20,0,0,0,0,0B,9
4523852,000003A2,false,Rx,0,8,0,0,0,0,0,0,0,0
4523870,0000019D,false,Rx,0,8,0,10,0,1,0,0,0,0
4523888,000002D6,false,Rx,0,8,79,4,98,0,0,0,0,0
4523906,0000019E,false,Rx,0,8,15,0,0,0,0,32,0,0
4523923,000002D7,false,Rx,0,8,0,0,0,0,3,0,0,0
4524926,000002EB,false,Rx,0,8,4A,70,98,9,8,1,0,2
4525368,000002D8,false,Rx,0,8,0,0,0,0,0,0,38,45
4526598,000001E1,false,Rx,0,8,4F,2B,61,2,0,0,0,0
4527695,356,false,Rx,0,8,F3,14,99,0,0,0,0,0
4527731,357,false,Rx,0,8,0,0,0,0,0,4B,4D,48
4529058,358,false,Rx,0,8,35,41,45,4D,52,37,33,4F
4529460,359,false,Rx,0,8,51,4F,34,52,4A,35,33,0
4533234,121,false,Rx,0,8,8A,68,F2,0,0,0,0,5
4533307,122,false,Rx,0,8,FF,D9,67,1F,46,46,46,46
4533325,123,false,Rx,0,8,11,3,0,0,0,0,1,35
4533343,124,false,Rx,0,8,0,0,0A,0,0,0,20,40
4535843,161,false,Rx,0,8,24,DE,F3,3,0,0,0,2
4535878,162,false,Rx,0,8,FF,FC,1,0,0,0,0,0
4537126,419,false,Rx,0,8,E0,40,8C,D6,71,86,90,0
4538373,36,false,Rx,0,8,C1,0F,F4,51,0,0,25,1
4538413,37,false,Rx,0,8,0,0,0,10,0,40,0,0
4538431,38,false,Rx,0,8,4,0,0,0,90,38,96,D4
4538449,39,false,Rx,0,8,0,0,0,0,0,0,0,0
4538467,000000FF,false,Rx,0,8,CB,10,0,0,0,0,2,0
4538898,000003B6,false,Rx,0,8,AC,B8,97,0,0,0,0,46
4538925,394,false,Rx,0,8,2A,22,1A,49,0,0,0,0
4539855,000003B7,false,Rx,0,8,46,0,0,0,0,0,0,0
4539889,61,false,Rx,0,8,EB,1D,FA,0,0,0,0,0
4541441,000003B8,false,Rx,0,8,0C,3,0,0,0,0,69,0E
4542358,62,false,Rx,0,8,2,2,0,2,40,FF,0,FF
4542421,000003B9,false,Rx,0,8,0,0,0,0,0,0,0,0
4542439,63,false,Rx,0,8,0,0,5,0,0,8,FD,0
4542475,000003C3,false,Rx,0,8,45,10,31,30,36,0,0,0
4542881,64,false,Rx,0,8,0,0,0,4,FF,FA,0,0
4542905,91,false,Rx,0,8,DE,DA,30,0,0,0,0,0
4542922,0000041A,false,Rx,0,8,8D,D0,12,0,0,0,0,0
4542940,93,false,Rx,0,8,0,0,0,0,0,0,0,0
4544034,0000041B,false,Rx,0,8,70,D0,0,0,0,0,0,0
4544328,94,false,Rx,0,8,0,0,0,0,0,0,0,0
4544350,0000041C,false,Rx,0,8,48,0,E0,0,0,0,0,0
4545802,0000011C,false,Rx,0,8,0,5,20,0,22,0,1,1
4546810,442,false,Rx,0,8,CE,20,11,81,0,0,0,0
4547602,464,false,Rx,0,8,D5,20,F0,FF,38,7F,5,0
4551785,146,false,Rx,0,8,E9,44,F0,10,4,1,0,0
4551825,147,false,Rx,0,8,0,4,7D,0,40,0,0,0
4552705,148,false,Rx,0,8,0,0,0,0,0,90,40,5
4552738,149,false,Rx,0,8,0,0,0,0,0,0,0,0
4553803,495,false,Rx,0,8,49,0,0,0,0,0,0,0
4553838,000003AA,false,Rx,0,8,FF,0,B0,0,54,0,0,0
4556745,0000010B,false,Rx,0,8,5C,9C,F6,0,0,0,0,5
4556784,0000010C,false,Rx,0,8,FF,F9,E7,1F,46,44,46,46
4556803,0000010D,false,Rx,0,8,10,3,0,0,0,0,1,35
4556839,000001B1,false,Rx,0,8,EC,D9,F0,0,72,0,0,0
4556857,0000010E,false,Rx,0,8,0,0,0A,0,0,C0,AB,57
4556875,000001B2,false,Rx,0,8,23,0,4,0F,0F,7,52,10
4557696,000001B3,false,Rx,0,8,10,2C,0,0,87,91,96,90
4557729,000001B4,false,Rx,0,8,95,91,17,0,0,40,1,0
4562592,0000034B,false,Rx,0,8,AA,B0,B8,31,D8,0D,5,1
4562630,0000034C,false,Rx,0,8,0,0,0,0,0,0,0,0
4562648,0000034D,false,Rx,0,8,0,0,0,0,0,0,0,0
4562666,0000034E,false,Rx,0,8,0,0,0,0,0,0,0,0
4563626,0000036F,false,Rx,0,8,89,B1,1,0,0,0,0,0
4563659,0000037F,false,Rx,0,8,2A,50,52,24,41,2,0,0
4563678,380,false,Rx,0,8,AD,D7,FF,0,0,0,0,1
4565104,000001A1,false,Rx,0,8,2D,17,F4,FE,F7,7F,64,0
4565140,000001A2,false,Rx,0,8,0,0,0,0,0,8,0,0
4566306,000001A3,false,Rx,0,8,FF,F3,3F,0,0,0,0,0
4566341,000001A4,false,Rx,0,8,FE,7,0,0,0,0,0,0
4566359,000003B0,false,Rx,0,8,72,37,FF,C7,0,0,3,C0
4568721,000003B1,false,Rx,0,8,9B,3C,FF,40,0,0,20,0
4569631,448,false,Rx,0,8,0,C0,0,0,0,0,0,0
4572589,0000019B,false,Rx,0,8,6A,D2,F4,0,0,E4,0,0
4572628,0000019C,false,Rx,0,8,40,20,0,0,0,0,0B,9
4572647,0000019D,false,Rx,0,8,0,10,0,1,0,0,0,0
4573601,0000019E,false,Rx,0,8,15,0,0,0,0,32,0,0
4573634,419,false,Rx,0,8,E0,40,8C,D6,71,86,90,0
4578597,000003B2,false,Rx,0,8,36,15,FF,2,29,2F,34,0
4581586,121,false,Rx,0,8,F5,44,F7,0,0,0,0,5
4581626,122,false,Rx,0,8,FF,D9,67,1F,46,46,46,46
4581650,123,false,Rx,0,8,11,3,0,0,0,0,1,35
4581667,124,false,Rx,0,8,0,0,0A,0,0,0,20,40
4582638,427,false,Rx,0,8,1D,86,FF,0,80,0A,0,0
4583633,516,false,Rx,0,8,61,2,0,0,0,0,FF,FF
4586591,36,false,Rx,0,8,CC,C9,F9,51,0,0,25,1
4586632,37,false,Rx,0,8,0,0,0,10,0,40,0,0
4586650,38,false,Rx,0,8,4,0,0,0,90,38,96,D4
4587610,39,false,Rx,0,8,0,0,0,0,0,0,0,0
4590446,61,false,Rx,0,8,94,31,FF,0,0,0,0,0
4590616,62,false,Rx,0,8,2,2,0,2,40,FF,0,FF
4590634,63,false,Rx,0,8,0,0,5,0,0,8,FD,0
4590651,64,false,Rx,0,8,0,0,0,4,FF,FA,0,0
4590669,000000A1,false,Rx,0,8,C0,B8,FF,1A,0,0,0,0
4590687,000000A2,false,Rx,0,8,0,0,0,0,0,0,0,0
4591743,000000A3,false,Rx,0,8,0,40,1,0,0,0,0,0
4593040,0000042A,false,Rx,0,8,F4,DE,FF,1,0,10,0,0
4594610,000004F0,false,Rx,0,8,4A,10,32,39,58,1A,18,2
4595005,0000011B,false,Rx,0,8,86,4E,EC,5,80,8,A8,2
4597275,0000012B,false,Rx,0,8,C1,B4,EC,6,0,0,8,0
4597645,0000011C,false,Rx,0,8,0,5,20,0,22,0,1,1
4597676,0000012C,false,Rx,0,8,0,0,1,0,0,64,0,0
4597698,000001FB,false,Rx,0,8,C0,27,31,0,0,0,0,0
4597716,000001FC,false,Rx,0,8,0,0,0,0,0,0,0,0
4598579,419,false,Rx,0,8,AE,50,8C,D6,6D,86,90,0
4599632,000001E6,false,Rx,0,8,AF,67,61,2,0,0,0,0
4599665,000001BB,false,Rx,0,8,24,31,61,2,0,0,0,0A
4599683,000001BC,false,Rx,0,8,32,0,0,0,2,0,0,0
4600073,000001BD,false,Rx,0,8,0,0,0,0,0,0,0,0
4600096,000001E7,false,Rx,0,8,0,0,22,3,20,1,0,0
4604604,487,false,Rx,0,8,0,0,0,0,0,0,0,0
4604649,642,false,Rx,0,8,FF,FF,FF,FF,FF,FF,0,0
4606607,0000010B,false,Rx,0,8,51,5A,FB,0,0,0,0,5
4607882,0000010C,false,Rx,0,8,FF,F9,E7,1F,46,44,46,46
4607943,0000010D,false,Rx,0,8,10,3,0,0,0,0,1,35
4607962,0000010E,false,Rx,0,8,0,0,0A,0,0,C0,AB,57
4608110,000002C1,false,Rx,0,8,3D,DE,9A,21,0,41,0,AA
4608127,000002C2,false,Rx,0,8,1C,0,0,0,0,0,0,0
4608145,000002C3,false,Rx,0,8,0,0,0,0,0,0,0,0
4608163,000002C4,false,Rx,0,8,0,0,0,0,0,0,0,0
4621599,000001AB,false,Rx,0,8,D6,E8,45,50,70,38,0,0
4621640,000001AC,false,Rx,0,8,0,28,0,0,0,0,0,0
4621664,000002FF,false,Rx,0,8,E2,1,0,F1,3F,0,0,0
4621682,316,false,Rx,0,8,34,3B,87,34,14,80,0A,0
4621700,472,false,Rx,0,8,5C,EC,0,40,8,41,0,45
4622664,317,false,Rx,0,8,0,0,5,0,0,0,0,0
4622697,0000019B,false,Rx,0,8,67,14,F9,0,0,E4,0,0
4622715,473,false,Rx,0,8,5F,24,0,25,0,0,0,78
4622733,0000019C,false,Rx,0,8,40,20,0,0,0,0,0B,9
4623666,474,false,Rx,0,8,93,44,0,0,0,0,0,14
4623702,0000019D,false,Rx,0,8,0,10,0,1,0,0,0,0
4623719,0000019E,false,Rx,0,8,15,0,0,0,0,32,0,0
4626754,0000033B,false,Rx,0,8,E6,4B,33,0,0,0,0,0
4627832,0000033C,false,Rx,0,8,0,0,0,0,F0,0,0,0
4627866,0000033D,false,Rx,0,8,0,0,0,0,0,0,0,0
4627885,0000033E,false,Rx,0,8,0,0,0,0,0,0,0,0
4630395,401,false,Rx,0,8,A9,30,10,0,0,4,0,0
4631774,121,false,Rx,0,8,4D,45,FC,0,0,0,0,5
4631810,122,false,Rx,0,8,FF,D9,67,1F,46,46,46,46
4631829,123,false,Rx,0,8,11,3,0,0,0,0,1,35
4632199,124,false,Rx,0,8,0,0,0A,0,0,0,20,40
4635128,000004F0,false,Rx,0,8,4A,10,32,39,58,1A,18,2
4635166,161,false,Rx,0,8,EC,27,F8,3,0,0,0,2
4635184,162,false,Rx,0,8,FF,FC,1,0,0,0,0,0
4636725,36,false,Rx,0,8,3F,57,FE,51,0,0,25,1
4636763,37,false,Rx,0,8,0,0,0,10,0,40,0,0
4636781,38,false,Rx,0,8,4,0,0,0,90,38,96,D4
4638237,39,false,Rx,0,8,0,0,0,0,0,0,0,0
4638303,000002E6,false,Rx,0,8,E8,FE,30,1,0,0,0,15
4638321,256,false,Rx,0,8,80,C7,30,15,40,0,E0,0
4639738,000002E7,false,Rx,0,8,0A,0,0,0,0,0,0,0
4641013,257,false,Rx,0,8,0,93,41,17,86,7,0,93
4641062,000002E8,false,Rx,0,8,0,0,0,0,0,0,0,0
4641080,258,false,Rx,0,8,0B,71,1E,0,10,15,0,28
4641098,61,false,Rx,0,8,DB,8,4,0,0,0,0,0
4641116,259,false,Rx,0,8,4C,5,8A,3C,4C,2,0,0
4642336,62,false,Rx,0,8,2,2,0,2,40,FF,0,FF
4642410,000000A1,false,Rx,0,8,BE,BA,4,1A,0,0,0,0
4642429,91,false,Rx,0,8,98,83,31,0,0,0,0,0
4642447,92,false,Rx,0,8,0,0,0,0,0,0,0,0
4642479,93,false,Rx,0,8,0,0,0,0,0,0,0,0
4642496,94,false,Rx,0,8,0,0,0,0,0,0,0,0
4642514,000000A2,false,Rx,0,8,0,0,0,0,0,0,0,0
4643824,000000A3,false,Rx,0,8,0,40,1,0,0,0,0,0
4644863,000001F1,false,Rx,0,8,C5,39,34,1,0,0,28,0
4646137,000001F2,false,Rx,0,8,0,0,0,0,0,0,0,0
4646168,000004A3,false,Rx,0,8,80,0,48,0B,3E,0,0,0
4646185,000004A4,false,Rx,0,8,FF,FF,FF,0,0,0,0,0
4647332,0000011B,false,Rx,0,8,FF,54,F1,5,80,8,A8,2
4647570,0000012B,false,Rx,0,8,B8,AE,F1,6,0,0,8,0
4649881,000002BF,false,Rx,0,8,FF,FF,FF,0,0,0,0,0
4650287,0000047F,false,Rx,0,8,FF,FF,FF,FF,FF,FF,F3,FF
4650306,653,false,Rx,0,8,0A,19,3,1,2,2A,0,0
4651624,146,false,Rx,0,8,96,68,F5,10,4,1,0,0
4651669,147,false,Rx,0,8,0,4,7D,0,40,0,0,0
4652682,148,false,Rx,0,8,0,0,0,0,0,90,40,5
4653868,149,false,Rx,0,8,0,0,0,0,0,0,0,0
4656962,0000010B,false,Rx,0,8,1E,63,0,0,0,0,0,5
4657015,0000010C,false,Rx,0,8,FF,F9,E7,1F,46,44,46,46
4657034,0000010D,false,Rx,0,8,10,3,0,0,0,0,1,35
4657052,000001B1,false,Rx,0,8,93,F5,F5,0,72,0,0,0
4657084,0000010E,false,Rx,0,8,0,0,0A,0,0,C0,AB,57
4657101,000001B2,false,Rx,0,8,23,0,4,0F,0F,7,52,10
4657119,000001B3,false,Rx,0,8,10,2C,0,0,87,91,96,90
4659048,000001B4,false,Rx,0,8,95,91,17,0,0,40,1,0
4660577,475,false,Rx,0,8,12,0,0,0,0,0,0,0
4660603,496,false,Rx,0,8,12,0,0,0,0,0,0,0
4663570,0000036F,false,Rx,0,8,81,C1,1,0,0,0,0,0
4663596,0000037F,false,Rx,0,8,FC,60,52,24,41,2,0,0
4664563,111,false,Rx,0,8,9,69,8E,1,0,0,0,0
4664586,112,false,Rx,0,8,0,0,0,0,0,0,0,0
4665564,113,false,Rx,0,8,0,0,0,0,0,0,0,0
4665587,000001A1,false,Rx,0,8,20,D1,F9,FE,F7,7F,64,0
4665605,114,false,Rx,0,8,0,0,0,0,0,0,0,0
4665623,000001A2,false,Rx,0,8,0,0,0,0,0,8,0,0
4666563,000001A3,false,Rx,0,8,FF,F3,3F,0,0,0,0,0
4666584,000001A4,false,Rx,0,8,FE,7,0,0,0,0,0,0
4672563,0000019B,false,Rx,0,8,94,8A,FE,0,0,E4,0,0
4672588,0000019C,false,Rx,0,8,40,20,0,0,0,0,0B,9
4672606,0000019D,false,Rx,0,8,0,10,0,1,0,0,0,0
4673563,0000019E,false,Rx,0,8,15,0,0,0,0,32,0,0
4674563,000004F0,false,Rx,0,8,4A,10,32,39,58,1A,18,2
4675562,000001E1,false,Rx,0,8,B9,3,64,2,0,0,0,0
4675583,000001E2,false,Rx,0,8,0,0,0,0,0,0,0,0
4676564,0000030B,false,Rx,0,8,97,A7,33,0,4,0,0,0
4676586,0000030C,false,Rx,0,8,0,0,0E,0,2C,0,A0,0F
4676604,0000030D,false,Rx,0,8,0,0,0,0,49,0,0,0
4677561,0000030E,false,Rx,0,8,0,0,38,5,21,0,0,0
4678564,419,false,Rx,0,8,AE,50,8C,D6,6D,86,90,0
4681561,121,false,Rx,0,8,B7,BB,1,0,0,0,0,5
4681581,561,false,Rx,0,8,63,2,0,0,0,0,FF,FF
4681598,122,false,Rx,0,8,FF,D9,67,1F,46,46,46,46
4682564,123,false,Rx,0,8,11,3,0,0,0,0,1,35
4682588,124,false,Rx,0,8,0,0,0A,0,0,0,20,40
4683563,405,false,Rx,0,8,BD,30,0,0,0,1,0,0
4683584,413,false,Rx,0,8,6F,30,0,0,0,0,0,0
4683602,410,false,Rx,0,8,4B,80,59,3C,16,6B,FF,FF
4684567,414,false,Rx,0,8,F0,10,0,0,28,0,0,0
4684591,411,false,Rx,0,8,A8,1,50,50,0,0,44,4
4684609,416,false,Rx,0,8,55,0,0,0,0,0,0,0
4684627,412,false,Rx,0,8,6D,60,0,0,0,0,0,0
4685563,417,false,Rx,0,8,5F,20,0,0,0,0,0,0
4685585,418,false,Rx,0,8,19,70,0,0,12,0C,0,0
4686564,36,false,Rx,0,8,C5,A9,3,51,0,0,25,1
4686588,37,false,Rx,0,8,0,0,0,10,0,40,0,0
4686606,38,false,Rx,0,8,4,0,0,0,90,38,96,D4
4687562,39,false,Rx,0,8,0,0,0,0,0,0,0,0
4689580,61,false,Rx,0,8,D6,CE,9,0,0,0,0,0
4689608,62,false,Rx,0,8,2,2,0,2,40,FF,0,FF
4690579,63,false,Rx,0,8,0,0,5,0,0,8,FD,0
4690607,64,false,Rx,0,8,0,0,0,4,FF,FA,0,0
4690625,000000A1,false,Rx,0,8,88,F9,9,1A,0,0,0,0
4690643,000000A2,false,Rx,0,8,0,0,0,0,0,0,0,0
4691577,000000A3,false,Rx,0,8,0,40,1,0,0,0,0,0
4695574,151,false,Rx,0,8,E6,8A,33,A0,C8,0,28,19
4695606,0000011B,false,Rx,0,8,60,3C,F6,5,80,8,A8,2
4695624,152,false,Rx,0,8,16,18,18,0,0B,0,0,0
4695641,0000011C,false,Rx,0,8,0,5,20,0,22,0,1,1
4695659,0000012B,false,Rx,0,8,27,C6,F6,6,0,0,8,0
4696569,000001F6,false,Rx,0,8,D5,A9,33,0,0,0,0,0E
4696597,0000012C,false,Rx,0,8,0,0,1,0,0,64,0,0
4696615,000001F7,false,Rx,0,8,0B,0,0,0,0,0,0,0
4696632,153,false,Rx,0,8,0,0,0,0,0,0,0,0
4697575,000001F8,false,Rx,0,8,0,0,0,0,0,0,0,0
4697597,154,false,Rx,0,8,0,0,0,0,0,0,0,0
4697614,000001F9,false,Rx,0,8,0,0,A0,C8,14,0,0,0
4697632,000002FB,false,Rx,0,8,BA,A3,33,4,5F,1A,CC,CC
4698568,236,false,Rx,0,8,44,54,33,0,6E,3C,34,6C
4698590,000002FC,false,Rx,0,8,3,0,16,19,0,0,8E,BF
4698608,237,false,Rx,0,8,0,15,BA,0,0,AA,1E,0
4698626,000002FD,false,Rx,0,8,0,0,0,0,0,1C,0E,EA
4699568,238,false,Rx,0,8,0,0,5F,0,0,0,0,0
4699590,000002FE,false,Rx,0,8,0,0,72,1,0,28,0,0
4699607,239,false,Rx,0,8,0,0,0,0,1,0,0,0
4699625,326,false,Rx,0,8,2F,F7,33,0,0,0,0,0
4700606,0000025B,false,Rx,0,8,78,4D,33,40,40,20,0,0
4700640,327,false,Rx,0,8,0,0,0,0,5,0,0,0
4700658,0000025C,false,Rx,0,8,0,0,0B,0,34,89,19,0
4702255,328,false,Rx,0,8,0,0,0,0,0,0,0,0
4702294,0000025D,false,Rx,0,8,0,C8,0,0,0,80,C0,70
4702312,329,false,Rx,0,8,A0,0,0,0,0,0,0,0
4702330,0000025E,false,Rx,0,8,7,7,0E,1,0,0,0,0
4702347,331,false,Rx,0,8,3C,B8,33,F1,C8,A0,2C,97
4702572,334,false,Rx,0,8,C8,0,0,0,AC,70,1D,90
4703562,419,false,Rx,0,8,AE,50,8C,D6,6D,86,90,0
4705863,0000010B,false,Rx,0,8,97,9A,5,0,0,0,0,5
4705899,0000010C,false,Rx,0,8,FF,F9,E7,1F,46,45,46,46
4707530,0000010D,false,Rx,0,8,10,3,0,0,0,0,1,35
4707571,0000010E,false,Rx,0,8,0,0,0A,0,0,C0,AB,57
4707589,000002AB,false,Rx,0,8,14,AE,34,0C,0C,0,0,0
4707607,000002AC,false,Rx,0,8,0,FF,FF,0,0,40,0,50
4707625,000002AD,false,Rx,0,8,0,1,0,40,FF,FF,FF,0F
4707642,000002AE,false,Rx,0,8,1,0,FF,3F,1,1,0,0
4708588,000002B6,false,Rx,0,8,66,DF,34,1,0,0,0,40
4708612,000002B7,false,Rx,0,8,8,2,F0,0,0,4,0,0
4708629,251,false,Rx,0,8,4,85,33,0,0,0,0,0
4708655,000002B8,false,Rx,0,8,AA,11,11,0,0,0,0,0
4708673,252,false,Rx,0,8,0,0,0,0,3,0,0,0
4709721,000002B9,false,Rx,0,8,0A,0,0,0,0,0,0,0
4709755,253,false,Rx,0,8,0,0,0,51,50,0,80,44
4709774,000002E1,false,Rx,0,8,37,8B,34,0,0,0,0,40
4710201,396,false,Rx,0,8,84,B8,99,0F,8,1,0,2
4710224,000002E2,false,Rx,0,8,FD,0,0,0,0,14,0,4
4710242,397,false,Rx,0,8,35,0,0,0,0,0,0,0
4710591,000002E3,false,Rx,0,8,0,0,0,0,0,0,72,1
4710620,398,false,Rx,0,8,0,0,0,0,0,0,0,0
4711756,000002E4,false,Rx,0,8,2,0,0,0,0,0,0,0
4714588,000000C5,false,Rx,0,8,0,0,0,0,0,0,0,0
4714624,244,false,Rx,0,8,FF,FF,FF,FF,FF,FF,FF,FF
4715753,000004B4,false,Rx,0,8,0,0,0,0,0,0,0,0
4715788,000004B5,false,Rx,0,8,8,0,F0,7,0,0,0,0
4715806,000004B7,false,Rx,0,8,8,0,F0,7,0,0,0,0
4715823,000004CA,false,Rx,0,8,0,0,0,0,0,0,0,0
4716263,000004CC,false,Rx,0,8,8,0,0,6,0,0,3,0
4716286,000004CE,false,Rx,0,8,14,1,FF,FF,FF,FF,FF,FF
4716585,000004D7,false,Rx,0,8,23,1,0,0,0,0,0,0
4717869,000004D8,false,Rx,0,8,41,10,F0,F0,40,F2,1E,CC
4717904,000004DD,false,Rx,0,8,0,0,FE,0,4,0,0,0
4717922,383,false,Rx,0,8,12,ED,1,0,2,0,0,0
4717940,000004DF,false,Rx,0,8,FF,3,0C,3F,0,0,0,0
4717975,000004E7,false,Rx,0,8,0,30,0,0,0,0,69,0
4717992,000004E8,false,Rx,0,8,FF,FF,FF,5,FF,FF,FF,0
4719252,000004E9,false,Rx,0,8,12,0,0,34,0,0,50,0
4719686,000004EA,false,Rx,0,8,67,0,0,89,0,0,0,0
4719716,000004EB,false,Rx,0,8,10,80,32,39,80,0,0,0
4719736,000004EC,false,Rx,0,8,0,0,0,0,0,0,0,0
4719753,000004ED,false,Rx,0,8,0,0,0,0,0,FF,FF,1F
4719771,000004EE,false,Rx,0,8,FF,FF,0,0,0,0,0,0
4720724,000004EF,false,Rx,0,8,60,0,60,0,29,14,0,0
4720759,0000063D,false,Rx,0,8,0,80,0,0,0,0,0,0
4722344,0000063E,false,Rx,0,8,FF,FF,FF,FF,FF,FF,FF,FF
4722406,000001AB,false,Rx,0,8,CC,91,4A,50,70,38,0,0
4722424,0000063F,false,Rx,0,8,0,10,0,C4,FF,0,0,0
4722442,000001AC,false,Rx,0,8,0,28,0,0,0,0,0,0
4722460,226,false,Rx,0,8,28,A1,0F,FF,43,E1,5,42
4722478,640,false,Rx,0,8,FF,FF,FF,0,FF,FF,FF,0
4722569,0000019C,false,Rx,0,8,40,20,0,0,0,0,0B,9
4723562,000003A2,false,Rx,0,8,0,0,0,0,0,0,0,0
4723589,0000019D,false,Rx,0,8,0,10,0,1,0,0,0,0
4723608,000002D6,false,Rx,0,8,3F,5D,99,0,0,0,0,0
4723626,0000019E,false,Rx,0,8,15,0,0,0,0,32,0,0
4724562,000002D7,false,Rx,0,8,0,0,0,0,3,0,0,0
4724589,000002EB,false,Rx,0,8,F1,73,99,9,8,1,0,2
4724607,000002D8,false,Rx,0,8,0,0,0,0,0,0,38,45
4724625,000002EC,false,Rx,0,8,12,0,0,0,0,0,0,0
4725815,000002D9,false,Rx,0,8,0,0,0,0,0,0,0,0
4725850,000002ED,false,Rx,0,8,0,0,0,0,0,0,0,0
4725868,641,false,Rx,0,8,FF,FF,FF,FF,0F,FF,FF,FF
4725886,000002EE,false,Rx,0,8,0,0,0,0,0,0,0,0
4725904,646,false,Rx,0,8,0,0,0,80,1,0,0,0
4727603,356,false,Rx,0,8,39,FF,9A,0,0,0,0,0
4727642,357,false,Rx,0,8,0,0,0,0,0,4B,4D,48
4728727,358,false,Rx,0,8,35,41,45,4D,52,37,33,4F
4728761,359,false,Rx,0,8,51,4F,34,52,4A,35,33,0
4731589,121,false,Rx,0,8,44,25,6,0,0,0,0,5
4732120,122,false,Rx,0,8,FF,D9,67,1F,46,46,46,46
4732139,123,false,Rx,0,8,11,3,0,0,0,0,1,35
4732156,124,false,Rx,0,8,0,0,0A,0,0,0,20,40
4735604,161,false,Rx,0,8,1A,0F,FD,3,0,0,0,2
4735646,162,false,Rx,0,8,FF,FC,1,0,0,0,0,0
4736601,36,false,Rx,0,8,7D,A8,8,51,0,0,25,1
4736633,37,false,Rx,0,8,0,0,0,10,0,40,0,0
4736651,38,false,Rx,0,8,4,0,0,0,90,38,96,D4
4737571,39,false,Rx,0,8,0,0,0,0,0,0,0,0
4737599,000000FF,false,Rx,0,8,CB,10,0,0,0,0,2,0
4739186,384,false,Rx,0,8,E9,DC,2,0,0,FF,0,21
4739223,394,false,Rx,0,8,2A,22,1A,49,0,0,0,0
4739242,000003B6,false,Rx,0,8,2D,CC,98,0,0,0,0,46
4739259,000003B7,false,Rx,0,8,46,0,0,0,0,0,0,0
4740375,61,false,Rx,0,8,25,50,0E,0,0,0,0,0
4740427,000003B8,false,Rx,0,8,0C,3,0,0,0,0,69,0E
4741657,62,false,Rx,0,8,2,2,0,2,40,FF,0,FF
4741727,000003B9,false,Rx,0,8,0,0,0,0,0,0,0,0
4741745,63,false,Rx,0,8,0,0,5,0,0,8,FD,0
4741763,000003C3,false,Rx,0,8,45,10,31,30,36,0,0,0
4741781,64,false,Rx,0,8,0,0,0,4,FF,FA,0,0
4741798,000003E0,false,Rx,0,8,66,20,1,0,54,3,0,0
4742219,91,false,Rx,0,8,52,68,32,0,0,0,0,0
4742246,000003E6,false,Rx,0,8,67,90,0,0,0,0,0,0
4743397,92,false,Rx,0,8,0,0,0,0,0,0,0,0
4743762,0000041A,false,Rx,0,8,8D,D0,12,0,0,0,0,0
4743783,93,false,Rx,0,8,0,0,0,0,0,0,0,0
4743802,0000041B,false,Rx,0,8,70,D0,0,0,0,0,0,0
4743820,94,false,Rx,0,8,0,0,0,0,0,0,0,0
4743852,0000041C,false,Rx,0,8,48,0,E0,0,0,0,0,0
4743871,000000A2,false,Rx,0,8,0,0,0,0,0,0,0,0
4745246,422,false,Rx,0,8,9D,70,1,0,0,0,4,0
4745288,000000A3,false,Rx,0,8,0,40,1,0,0,0,0,0
4745323,432,false,Rx,0,8,3,20,2,0,0,0,0,0
4745340,435,false,Rx,0,8,26,C0,0,40,0,0,0,0
4745358,0000011B,false,Rx,0,8,13,5,FB,5,80,8,A8,2
4746348,0000011C,false,Rx,0,8,0,5,20,0,22,0,1,1
4749298,000001E6,false,Rx,0,8,59,4F,64,2,0,0,0,0
4749333,000001BB,false,Rx,0,8,2B,DA,64,2,0,0,0,0A
4749351,000001BC,false,Rx,0,8,32,0,0,0,2,0,0,0
4749734,000001BD,false,Rx,0,8,0,0,0,0,0,0,0,0
4750725,000001E7,false,Rx,0,8,0,0,22,3,20,1,0,0
4752074,146,false,Rx,0,8,17,1C,FA,10,4,1,0,0
4753280,147,false,Rx,0,8,0,4,7D,0,40,0,0,0
4753311,148,false,Rx,0,8,0,0,0,0,0,90,40,5
4753328,149,false,Rx,0,8,0,0,0,0,0,0,0,0
4753564,495,false,Rx,0,8,49,0,0,0,0,0,0,0
4754615,000003AA,false,Rx,0,8,FF,0,B0,0,54,0,0,0
4755905,0000010B,false,Rx,0,8,16,EE,0A,0,0,0,0,5
4755940,0000010C,false,Rx,0,8,FF,F9,E7,1F,46,45,46,46
4756593,0000010D,false,Rx,0,8,10,3,0,0,0,0,1,35
4756620,000001B1,false,Rx,0,8,12,81,FA,0,72,0,0,0
4756638,0000010E,false,Rx,0,8,0,0,0A,0,0,C0,AB,57
4757635,000001B2,false,Rx,0,8,23,0,4,0F,0F,7,52,10
4757669,000001B3,false,Rx,0,8,10,2C,0,0,87,91,96,90
4758061,000001B4,false,Rx,0,8,95,91,17,0,0,40,1,0
4763590,0000036F,false,Rx,0,8,38,D1,1,0,0,0,0,0
4763630,0000037F,false,Rx,0,8,45,70,52,24,41,2,0,0
4763648,380,false,Rx,0,8,AD,D7,FF,0,0,0,0,1
4765806,000001A1,false,Rx,0,8,D3,4F,FE,FE,F7,7F,64,0
4765959,000001A2,false,Rx,0,8,0,0,0,0,0,8,0,0
4765977,000001A3,false,Rx,0,8,FF,F3,3F,0,0,0,0,0
4765995,000001A4,false,Rx,0,8,FE,7,0,0,0,0,0,0
4767154,000003B0,false,Rx,0,8,72,37,FF,C7,0,0,3,C0
4768588,000003B1,false,Rx,0,8,9B,3C,FF,40,0,0,20,0
4769615,448,false,Rx,0,8,0,C0,0,0,0,0,0,0
4772587,0000019B,false,Rx,0,8,D6,75,8,0,0,E4,0,0
4772622,0000019C,false,Rx,0,8,40,20,0,0,0,0,0B,9
4772640,0000019D,false,Rx,0,8,0,10,0,1,0,0,0,0
4773701,0000019E,false,Rx,0,8,15,0,0,0,0,32,0,0
4778589,000003B2,false,Rx,0,8,36,15,FF,2,29,2F,34,0
4780090,563,false,Rx,0,8,65,2,0,0,0,0,FF,FF
4781804,121,false,Rx,0,8,49,E3,0B,0,0,0,0,5
4781842,122,false,Rx,0,8,FF,D9,67,1F,46,46,46,46
4781860,123,false,Rx,0,8,11,3,0,0,0,0,1,35
4781878,124,false,Rx,0,8,0,0,0A,0,0,0,20,40
4782595,427,false,Rx,0,8,1D,86,FF,0,80,0A,0,0
4783868,419,false,Rx,0,8,36,60,8C,D6,69,86,90,0
4786635,36,false,Rx,0,8,2,84,0D,51,0,0,25,1
4786675,37,false,Rx,0,8,0,0,0,10,0,40,0,0
4786693,38,false,Rx,0,8,4,0,0,0,90,38,96,D4
4787605,39,false,Rx,0,8,0,0,0,0,0,0,0,0
4789637,61,false,Rx,0,8,ED,52,13,0,0,0,0,0
4789678,62,false,Rx,0,8,2,2,0,2,40,FF,0,FF
4790600,63,false,Rx,0,8,0,0,5,0,0,8,FD,0
4790632,64,false,Rx,0,8,0,0,0,4,FF,FA,0,0
4790650,000000A1,false,Rx,0,8,E4,7F,13,1A,0,0,0,0
4790668,000000A2,false,Rx,0,8,0,0,0,0,0,0,0,0
4791667,000000A3,false,Rx,0,8,0,40,1,0,0,0,0,0
4793083,0000042A,false,Rx,0,8,F4,DE,FF,1,0,10,0,0
4794589,000001F1,false,Rx,0,8,88,D1,37,1,0,0,28,0
4794616,000001F2,false,Rx,0,8,0,0,0,0,0,0,0,0
4796889,0000011B,false,Rx,0,8,9C,1D,0,5,80,8,A8,2
4796915,0000012B,false,Rx,0,8,DB,E7,0,6,0,0,8,0
4796933,0000011C,false,Rx,0,8,0,5,20,0,22,0,1,1
4796951,0000012C,false,Rx,0,8,0,0,1,0,0,64,0,0
4796968,000001FB,false,Rx,0,8,4C,95,33,0,0,0,0,0
4804593,487,false,Rx,0,8,0,0,0,0,0,0,0,0
4804641,642,false,Rx,0,8,FF,FF,FF,FF,FF,FF,0,0
4806607,0000010B,false,Rx,0,8,69,C2,0F,0,0,0,0,5
4806647,0000010C,false,Rx,0,8,FF,F9,E7,1F,46,45,46,46
4806664,0000010D,false,Rx,0,8,10,3,0,0,0,0,1,35
4808242,0000010E,false,Rx,0,8,0,0,0A,0,0,C0,AB,57
4808292,000002C1,false,Rx,0,8,7B,87,9B,21,0,41,0,AA
4808310,000002C2,false,Rx,0,8,1C,0,0,0,0,0,0,0
4808328,000002C3,false,Rx,0,8,0,0,0,0,0,0,0,0
4808345,000002C4,false,Rx,0,8,0,0,0,0,0,0,0,0
4820591,000001AB,false,Rx,0,8,3A,B9,4F,50,70,38,0,0
4820631,000001AC,false,Rx,0,8,0,28,0,0,0,0,0,0
4821620,316,false,Rx,0,8,2E,42,88,34,14,80,0A,0
4821653,317,false,Rx,0,8,0,0,5,0,0,0,0,0
4822595,000003CB,false,Rx,0,8,36,14,0,F4,0,0,0,0
4822636,472,false,Rx,0,8,5C,EC,0,40,8,41,0,45
4822653,000003CC,false,Rx,0,8,36,31,34,30,33,34,31,0
4823895,0000019B,false,Rx,0,8,A9,59,0D,0,0,E4,0,0
4823915,473,false,Rx,0,8,5F,24,0,25,0,0,0,78
4823933,474,false,Rx,0,8,93,44,0,0,0,0,0,14
4823951,0000019D,false,Rx,0,8,0,10,0,1,0,0,0,0
4823969,419,false,Rx,0,8,C9,70,8D,D6,69,86,90,0
4825297,000002FF,false,Rx,0,8,E2,1,0,F1,3F,0,0,0
4825331,000001E1,false,Rx,0,8,F4,EB,67,2,0,0,0,0
4825727,000001E2,false,Rx,0,8,0,0,0,0,0,0,0,0
4827082,0000033B,false,Rx,0,8,53,8C,35,0,0,0,0,0
4827117,0000033C,false,Rx,0,8,0,0,0,0,F0,0,0,0
4828126,0000033D,false,Rx,0,8,0,0,0,0,0,0,0,0
4828159,0000033E,false,Rx,0,8,0,0,0,0,0,0,0,0
4830630,401,false,Rx,0,8,A9,30,10,0,0,4,0,0
4832103,121,false,Rx,0,8,34,26,10,0,0,0,0,5
4832138,122,false,Rx,0,8,FF,D9,67,1F,46,46,46,46
4832157,123,false,Rx,0,8,11,3,0,0,0,0,1,35
4832174,124,false,Rx,0,8,0,0,0A,0,0,0,20,40
4835277,161,false,Rx,0,8,47,97,2,3,0,0,0,2
4836691,162,false,Rx,0,8,FF,FC,1,0,0,0,0,0
4836749,36,false,Rx,0,8,46,34,12,51,0,0,25,1
4836767,37,false,Rx,0,8,0,0,0,10,0,40,0,0
4836784,38,false,Rx,0,8,4,0,0,0,90,38,96,D4
4836801,39,false,Rx,0,8,0,0,0,0,0,0,0,0
4839223,000002E6,false,Rx,0,8,64,4C,32,1,0,0,0,15
4839258,256,false,Rx,0,8,0B,28,32,15,40,0,C0,0
4839276,000002E7,false,Rx,0,8,0A,0,0,0,0,0,0,0
4840498,257,false,Rx,0,8,0,93,41,13,86,7,0,93
4840743,000002E8,false,Rx,0,8,0,0,0,0,0,0,0,0
4840763,258,false,Rx,0,8,0B,71,1E,0,10,15,0,28
4840780,61,false,Rx,0,8,55,53,18,0,0,0,0,0
4840798,259,false,Rx,0,8,3B,5,89,3C,4C,2,0,0
4840816,62,false,Rx,0,8,2,2,0,2,40,FF,0,FF
4840833,64,false,Rx,0,8,0,0,0,4,FF,FA,0,0
4842465,000000A1,false,Rx,0,8,D8,8E,18,1A,0,0,0,0
4842633,000000A2,false,Rx,0,8,0,0,0,0,0,0,0,0
4842651,91,false,Rx,0,8,14,31,33,0,0,0,0,0
4842669,92,false,Rx,0,8,0,0,0,0,0,0,0,0
4842686,93,false,Rx,0,8,0,0,0,0,0,0,0,0
4842704,000000A3,false,Rx,0,8,0,40,1,0,0,0,0,0
4845751,0000011B,false,Rx,0,8,6A,35,5,5,80,8,A8,2
4845788,0000012B,false,Rx,0,8,2D,CF,5,6,0,0,8,0
4847145,0000011C,false,Rx,0,8,0,5,20,0,22,0,1,1
4847218,0000012C,false,Rx,0,8,0,0,1,0,0,64,0,0
4847237,000004A3,false,Rx,0,8,80,0,48,0B,3E,0,0,0
4847255,000004A4,false,Rx,0,8,FF,FF,FF,0,0,0,0,0
4849811,000002BF,false,Rx,0,8,FF,FF,FF,0,0,0,0,0
4849847,0000047F,false,Rx,0,8,FF,FF,FF,FF,FF,FF,F3,FF
4849865,653,false,Rx,0,8,0A,19,3,1,2,2A,0,0
4852078,146,false,Rx,0,8,68,30,FF,10,4,1,0,0
4852144,147,false,Rx,0,8,0,4,7D,0,40,0,0,0
4852163,148,false,Rx,0,8,0,0,0,0,0,90,40,5
4852205,149,false,Rx,0,8,0,0,0,0,0,0,0,0
4856597,0000010B,false,Rx,0,8,E2,D2,14,0,0,0,0,5
4856635,0000010C,false,Rx,0,8,FF,F9,E7,1F,46,44,46,46
4856653,0000010D,false,Rx,0,8,10,3,0,0,0,0,1,35
4856671,000001B1,false,Rx,0,8,29,80,FF,0,72,0,0,0
4856689,0000010E,false,Rx,0,8,0,0,0A,0,0,C0,AB,57
4857632,000001B2,false,Rx,0,8,23,0,4,0F,0F,7,52,10
4857667,000001B3,false,Rx,0,8,10,2C,0,0,87,91,96,90
4857685,000001B4,false,Rx,0,8,95,92,17,0,0,40,1,0
4860594,475,false,Rx,0,8,12,0,0,0,0,0,0,0
4860634,496,false,Rx,0,8,12,0,0,0,0,0,0,0
4863591,0000036F,false,Rx,0,8,EE,E1,1,0,0,0,0,0
4863630,419,false,Rx,0,8,C9,70,8D,D6,69,86,90,0
4863650,0000037F,false,Rx,0,8,EC,80,52,24,41,2,0,0
4864604,111,false,Rx,0,8,4F,30,8F,1,0,0,0,0
4864652,112,false,Rx,0,8,0,0,0,0,0,0,0,0
4864670,113,false,Rx,0,8,0,0,0,0,0,0,0,0
4865732,000001A1,false,Rx,0,8,29,B1,3,FE,F7,7F,64,0
4865768,114,false,Rx,0,8,0,0,0,0,0,0,0,0
4867270,000001A2,false,Rx,0,8,0,0,0,0,0,8,0,0
4867323,000001A3,false,Rx,0,8,FF,F3,3F,0,0,0,0,0
4867341,000001A4,false,Rx,0,8,FE,7,0,0,0,0,0,0
4872593,0000019B,false,Rx,0,8,ED,E9,12,0,0,E4,0,0
4872634,0000019C,false,Rx,0,8,40,20,0,0,0,0,0B,9
4872654,0000019D,false,Rx,0,8,0,10,0,1,0,0,0,0
4873710,0000019E,false,Rx,0,8,15,0,0,0,0,32,0,0
4876811,0000030B,false,Rx,0,8,50,9F,35,0,4,0,0,0
4876853,0000030C,false,Rx,0,8,0,0,0E,0,2C,0,A0,0F
4876871,0000030D,false,Rx,0,8,0,0,0,0,FF,0,0,0
4876889,0000030E,false,Rx,0,8,0,0,38,5,21,0,0,FE
4878587,565,false,Rx,0,8,66,2,0,0,0,0,FF,FF
4881594,121,false,Rx,0,8,4B,0A,15,0,0,0,0,5
4881634,122,false,Rx,0,8,FF,D9,67,1F,46,46,46,46
4881660,123,false,Rx,0,8,11,3,0,0,0,0,1,35
4881678,124,false,Rx,0,8,0,0,0A,0,0,0,20,40
4883587,405,false,Rx,0,8,BD,30,0,0,0,1,0,0
4883621,413,false,Rx,0,8,6F,30,0,0,0,0,0,0
4883640,410,false,Rx,0,8,4B,80,59,3C,16,6B,FF,FF
4884697,414,false,Rx,0,8,F0,10,0,0,28,0,0,0
4884746,411,false,Rx,0,8,A8,1,50,50,0,0,44,4
4884764,416,false,Rx,0,8,55,0,0,0,0,0,0,0
4884781,412,false,Rx,0,8,6D,60,0,0,0,0,0,0
4884799,417,false,Rx,0,8,5F,20,0,0,0,0,0,0
4886397,0000048F,false,Rx,0,8,AD,10,41,0,5,0,0,0
4886432,418,false,Rx,0,8,19,70,0,0,12,0C,0,0
4886450,36,false,Rx,0,8,39,18,17,51,0,0,25,1
4886479,37,false,Rx,0,8,0,0,0,10,0,40,0,0
4886497,38,false,Rx,0,8,4,0,0,0,90,38,96,D4
4887569,39,false,Rx,0,8,0,0,0,0,0,0,0,0
4889589,61,false,Rx,0,8,2A,7F,1D,0,0,0,0,0
4889631,62,false,Rx,0,8,2,2,0,2,40,FF,0,FF
4891260,63,false,Rx,0,8,0,0,5,0,0,8,FD,0
4891295,64,false,Rx,0,8,0,0,0,4,FF,FA,0,0
4891314,000000A1,false,Rx,0,8,D7,65,1D,1A,0,0,0,0
4892809,000000A2,false,Rx,0,8,0,0,0,0,0,0,0,0
4892881,000000A3,false,Rx,0,8,0,40,1,0,0,0,0,0
4895585,151,false,Rx,0,8,53,4D,35,A0,C8,0,28,19
4895627,000001F6,false,Rx,0,8,60,6E,35,0,0,0,0,0E
4895646,0000011B,false,Rx,0,8,70,4C,0A,5,80,8,A8,2
4895664,152,false,Rx,0,8,16,18,18,0,0B,0,0,0
4895681,0000011C,false,Rx,0,8,0,5,20,0,22,0,1,1
4897236,0000012B,false,Rx,0,8,37,B6,0A,6,0,0,8,0
4897271,000001F7,false,Rx,0,8,0B,0,0,0,0,0,0,0
4897290,0000012C,false,Rx,0,8,0,0,1,0,0,64,0,0
4898498,000001F8,false,Rx,0,8,0,0,0,0,0,0,0,0
4898956,153,false,Rx,0,8,0,0,0,0,0,0,0,0
4898982,154,false,Rx,0,8,0,0,0,0,0,0,0,0
4899000,236,false,Rx,0,8,F1,93,35,0,6E,3C,34,6C
4899032,000002FB,false,Rx,0,8,0F,64,35,4,5F,1A,CC,CC
4899049,237,false,Rx,0,8,0,15,BA,0,0,AA,1E,0
4899067,239,false,Rx,0,8,0,0,0,0,1,0,0,0
4900130,000001E7,false,Rx,0,8,0,0,22,3,20,1,0,0
4900167,0000025B,false,Rx,0,8,EC,6B,35,40,40,20,0,0
4900185,000001BB,false,Rx,0,8,2E,83,67,2,0,0,0,0A
4901410,0000025C,false,Rx,0,8,0,0,0B,0,34,89,19,0
4901495,000001BC,false,Rx,0,8,32,0,0,0,2,0,0,0
4901514,0000025D,false,Rx,0,8,0,C8,0,0,0,80,C0,70
4901532,000001BD,false,Rx,0,8,0,0,0,0,0,0,0,0
4901680,0000025E,false,Rx,0,8,13,7,0E,2,0,0,0,0
4901710,000002FD,false,Rx,0,8,0,0,0,0,0,1C,0E,EA
4901728,000002FE,false,Rx,0,8,0,0,72,1,0,28,0,0
4902869,326,false,Rx,0,8,9A,30,35,0,0,0,0,0
4904151,327,false,Rx,0,8,0,0,0,0,5,0,0,0
4904175,328,false,Rx,0,8,0,0,0,0,0,0,0,0
4904209,331,false,Rx,0,8,89,7F,35,F1,C8,A0,2C,97
4905798,0000010B,false,Rx,0,8,19,C1,19,0,0,0,0,5
4906599,0000010C,false,Rx,0,8,FF,F9,E7,1F,46,45,46,46
4906634,0000010D,false,Rx,0,8,10,3,0,0,0,0,1,35
4906652,0000010E,false,Rx,0,8,0,0,0A,0,0,C0,AB,57
4906670,000002AB,false,Rx,0,8,98,1C,36,0C,0C,0,0,0
4908469,000002AC,false,Rx,0,8,0,FF,FF,0,0,40,0,50
4908510,000002AD,false,Rx,0,8,0,1,0,40,FF,FF,FF,0F
4908528,000002AE,false,Rx,0,8,1,0,FF,3F,1,1,0,0
4908658,000002B6,false,Rx,0,8,EA,6D,36,1,0,0,0,40
4908679,000002B7,false,Rx,0,8,8,2,F0,0,0,4,0,0
4908697,251,false,Rx,0,8,AE,72,35,0,0,0,0,0
4908715,252,false,Rx,0,8,0,0,0,0,3,0,0,0
4909587,000002B9,false,Rx,0,8,0A,0,0,0,0,0,0,0
4909614,253,false,Rx,0,8,0,0,0,51,51,0,80,44
4909631,000002E1,false,Rx,0,8,BB,39,36,0,0,0,0,40
4909649,396,false,Rx,0,8,90,16,9A,0F,8,1,0,2
4910582,000002E2,false,Rx,0,8,FD,0,0,0,0,14,0,4
4910611,397,false,Rx,0,8,4,0,0,0,0,0,0,0
4910629,000002E3,false,Rx,0,8,0,0,0,0,0,0,72,1
4910646,398,false,Rx,0,8,0,0,0,0,0,0,0,0
4911566,000002E4,false,Rx,0,8,2,0,0,0,0,0,0,0
4917579,383,false,Rx,0,8,12,ED,1,0,2,0,0,0
4917603,000000C5,false,Rx,0,8,0,0,0,0,0,0,0,0
4917620,244,false,Rx,0,8,FF,FF,FF,FF,FF,FF,FF,FF
4918566,000004B4,false,Rx,0,8,0,0,0,0,0,0,0,0
4918588,000004B5,false,Rx,0,8,8,0,F0,7,0,0,0,0
4918606,000004B7,false,Rx,0,8,8,0,F0,7,0,0,0,0
4919567,000004CA,false,Rx,0,8,0,0,0,0,0,0,0,0
4919590,000004CC,false,Rx,0,8,8,0,0,6,0,0,3,0
4919607,000004CE,false,Rx,0,8,14,1,FF,FF,FF,FF,FF,FF
4919625,000004D7,false,Rx,0,8,23,1,0,0,0,0,0,0
4920567,000004D8,false,Rx,0,8,41,10,F0,F0,40,F2,1E,CC
4920590,000004DD,false,Rx,0,8,0,0,FE,0,4,0,0,0
4920608,000004DF,false,Rx,0,8,FF,3,0C,3F,0,0,0,0
4920625,000001AB,false,Rx,0,8,F8,63,54,50,70,38,0,0
4921567,226,false,Rx,0,8,1C,53,11,FF,43,E1,5,42
4921590,000001AC,false,Rx,0,8,0,28,0,0,0,0,0,0
4921608,227,false,Rx,0,8,2,70,E1,8,0,F2,17,4
4921626,000004E7,false,Rx,0,8,0,30,0,0,0,0,69,0
4922567,000003A1,false,Rx,0,8,3E,B3,AB,0,FF,FF,FF,FF
4922590,000004E8,false,Rx,0,8,FF,FF,FF,5,FF,FF,FF,0
4922608,0000019B,false,Rx,0,8,92,C5,17,0,0,E4,0,0
4922626,000003A2,false,Rx,0,8,0,0,0,0,0,0,0,0
4923567,0000019C,false,Rx,0,8,40,20,0,0,0,0,0B,9
4923590,000004E9,false,Rx,0,8,12,0,0,34,0,0,50,0
4923607,0000019D,false,Rx,0,8,0,10,0,1,0,0,0,0
4923633,000002D6,false,Rx,0,8,F5,B6,9A,0,0,0,0,0
4923651,0000019E,false,Rx,0,8,15,0,0,0,0,32,0,0
4924567,000002D7,false,Rx,0,8,0,0,0,0,3,0,0,0
4924590,000002EB,false,Rx,0,8,82,B7,9A,9,8,1,0,2
4924615,000002D8,false,Rx,0,8,0,0,0,0,0,0,38,45
4924633,000002EC,false,Rx,0,8,0,0,0,0,0,0,0,0
4925567,000002D9,false,Rx,0,8,0,0,0,0,0,0,0,0
4925598,000002ED,false,Rx,0,8,0,0,0,0,0,0,0,0
4925615,000004EA,false,Rx,0,8,67,0,0,89,0,0,0,0
4925633,000002EE,false,Rx,0,8,0,0,0,0,0,0,0,0
4926567,000004EB,false,Rx,0,8,10,80,32,39,80,0,0,0
4926590,000004EC,false,Rx,0,8,0,0,0,0,0,0,0,0
4926608,000004ED,false,Rx,0,8,0,0,0,0,0,FF,FF,1F
4927567,000004EE,false,Rx,0,8,FF,FF,0,0,0,0,0,0
4927590,000004EF,false,Rx,0,8,60,0,60,0,29,14,0,0
4927608,000004F0,false,Rx,0,8,4A,10,32,39,58,1A,18,2
4927626,356,false,Rx,0,8,7F,A6,9B,0,0,0,0,0
4928567,000004F1,false,Rx,0,8,0,C0,0,0,0,0,0,0
4928590,357,false,Rx,0,8,0,0,0,0,0,4B,4D,48
4928607,000004F2,false,Rx,0,8,2,FF,DD,FF,3,1,0,0
4928633,358,false,Rx,0,8,35,41,45,4D,52,37,33,4F
4928651,000004F3,false,Rx,0,8,0,0,0,0,F0,0,0,0
4929567,359,false,Rx,0,8,51,4F,34,52,4A,35,33,0
4929590,000004F9,false,Rx,0,8,E0,FF,FF,FF,FF,FF,FF,FF
4929607,0000063D,false,Rx,0,8,0,80,0,0,0,0,0,0
4930567,0000063E,false,Rx,0,8,FF,FF,FF,FF,FF,FF,FF,FF
4930590,0000063F,false,Rx,0,8,0,10,0,C4,FF,0,0,0
4930608,640,false,Rx,0,8,FF,FF,FF,0,FF,FF,FF,0
4930625,641,false,Rx,0,8,FF,FF,FF,FF,0F,FF,FF,FF
4931637,646,false,Rx,0,8,0,0,0,80,1,0,0,0
4931672,121,false,Rx,0,8,CA,7E,1A,0,0,0,0,5
4931690,122,false,Rx,0,8,FF,D9,67,1F,46,46,46,46
4931708,123,false,Rx,0,8,11,3,0,0,0,0,1,35
4933426,124,false,Rx,0,8,0,0,0A,0,0,0,20,40
4935574,161,false,Rx,0,8,B1,BF,7,3,0,0,0,2
4935602,162,false,Rx,0,8,FF,FC,1,0,0,0,0,0
4936578,36,false,Rx,0,8,81,19,1C,51,0,0,25,1
4936600,37,false,Rx,0,8,0,0,0,10,0,40,0,0
4936617,38,false,Rx,0,8,4,0,0,0,90,38,96,D4
4937562,39,false,Rx,0,8,0,0,0,0,0,0,0,0
4937587,000000FF,false,Rx,0,8,CB,10,0,0,0,0,2,0
4938578,384,false,Rx,0,8,E9,DC,2,0,0,FF,0,21
4938602,000003B6,false,Rx,0,8,6B,95,99,0,0,0,0,46
4939563,394,false,Rx,0,8,2A,22,1A,49,0,0,0,0
4939588,000003B7,false,Rx,0,8,46,0,0,0,0,0,0,0
4939606,61,false,Rx,0,8,C5,56,22,0,0,0,0,0
4939624,000003B8,false,Rx,0,8,0C,3,0,0,0,0,69,0E
4940564,62,false,Rx,0,8,2,2,0,2,40,FF,0,FF
4940587,000003B9,false,Rx,0,8,0,0,0,0,0,0,0,0
4940605,63,false,Rx,0,8,0,0,5,0,0,8,FD,0
4940623,000003C3,false,Rx,0,8,45,10,31,30,36,0,0,0
4941563,64,false,Rx,0,8,0,0,0,4,FF,FA,0,0
4941588,000003E0,false,Rx,0,8,66,20,1,0,54,3,0,0
4941606,000000A1,false,Rx,0,8,12,88,22,1A,0,0,0,0
4941623,000003E5,false,Rx,0,8,37,80,1,0,0,0,0,0
4942564,91,false,Rx,0,8,E7,AF,34,0,0,0,0,0
4942588,000003E6,false,Rx,0,8,67,90,0,0,0,0,0,0
4942605,92,false,Rx,0,8,0,0,0,0,0,0,0,0
4942623,0000041A,false,Rx,0,8,8D,D0,12,0,0,0,0,0
4943563,93,false,Rx,0,8,0,0,0,0,0,0,0,0
4943588,0000041B,false,Rx,0,8,70,D0,0,0,0,0,0,0
4943606,94,false,Rx,0,8,0,0,0,0,0,0,0,0
4943624,0000041C,false,Rx,0,8,48,0,E0,0,0,0,0,0
4944564,000000A2,false,Rx,0,8,0,0,0,0,0,0,0,0
4944588,422,false,Rx,0,8,9D,70,1,0,0,0,4,0
4944605,000000A3,false,Rx,0,8,0,40,1,0,0,0,0,0
4944623,000001F1,false,Rx,0,8,FB,E8,3A,1,0,0,28,0
4945563,432,false,Rx,0,8,3,20,2,0,0,0,0,0
4945588,000001F2,false,Rx,0,8,0,0,0,0,0,0,0,0
4945606,0000011B,false,Rx,0,8,86,64,0F,5,80,8,A8,2
4945623,0000012B,false,Rx,0,8,C1,9E,0F,6,0,0,8,0
4946564,0000011C,false,Rx,0,8,0,5,20,0,22,0,1,1
4946588,0000012C,false,Rx,0,8,0,0,1,0,0,64,0,0
4946605,435,false,Rx,0,8,26,C0,0,40,0,0,0,0
4947563,442,false,Rx,0,8,CE,20,11,81,0,0,0,0
4947588,444,false,Rx,0,8,D5,20,20,50,55,50,0,0
4947606,445,false,Rx,0,8,C6,C0,0,0,0,0,0,18
4948564,464,false,Rx,0,8,D5,20,F0,FF,38,7F,5,0
4951568,146,false,Rx,0,8,27,9,4,10,4,1,0,0
4951591,147,false,Rx,0,8,0,4,7D,0,40,0,0,0
4952564,148,false,Rx,0,8,0,0,0,0,0,90,40,5
4952588,149,false,Rx,0,8,0,0,0,0,0,0,0,0
4953563,495,false,Rx,0,8,49,0,0,0,0,0,0,0
4954567,000003AA,false,Rx,0,8,FF,0,B0,0,54,0,0,0
4956569,0000010B,false,Rx,0,8,EA,5F,1E,0,0,0,0,5
4956598,0000010C,false,Rx,0,8,FF,F9,E7,1F,46,45,46,46
4956616,0000010D,false,Rx,0,8,10,3,0,0,0,0,1,35
4956634,000001B1,false,Rx,0,8,5E,0E,4,0,72,0,0,0
4956651,0000010E,false,Rx,0,8,0,0,0A,0,0,C0,AB,57
4957570,000001B2,false,Rx,0,8,23,0,4,0F,0F,7,52,0F
4957594,000001B3,false,Rx,0,8,10,2C,0,0,87,91,96,90
4957612,000001B4,false,Rx,0,8,95,91,17,0,0,40,1,0
4963575,0000036F,false,Rx,0,8,FE,1,1,0,0,0,0,0
4963597,0000037F,false,Rx,0,8,55,90,52,24,41,2,0,0
4963615,380,false,Rx,0,8,AD,D7,FF,0,0,0,0,1
4965572,000001A1,false,Rx,0,8,91,B0,8,FE,F7,7F,64,0
4965595,000001A2,false,Rx,0,8,0,0,0,0,0,8,0,0
4965612,000001A3,false,Rx,0,8,FF,F3,3F,0,0,0,0,0
4965630,000001A4,false,Rx,0,8,FE,7,0,0,0,0,0,0
4966567,000003B0,false,Rx,0,8,72,37,FF,C7,0,0,3,C0
4968565,000003B1,false,Rx,0,8,9B,3C,FF,40,0,0,20,0
4969570,448,false,Rx,0,8,0,C0,0,0,0,0,0,0
4972564,0000019B,false,Rx,0,8,2A,C4,1C,0,0,E4,0,0
4972586,0000019C,false,Rx,0,8,40,20,0,0,0,0,0B,9
4972604,0000019D,false,Rx,0,8,0,10,0,1,0,0,0,0
4973630,0000019E,false,Rx,0,8,15,0,0,0,0,32,0,0
4974744,566,false,Rx,0,8,16,2,0,0,0,0,FF,FF
4975583,000001E1,false,Rx,0,8,87,D2,6A,2,0,0,0,0
4975610,000001E2,false,Rx,0,8,0,0,0,0,0,0,0,0
4978571,000003B2,false,Rx,0,8,36,15,FF,2,29,2F,34,0
4981567,121,false,Rx,0,8,B5,52,1F,0,0,0,0,5
4981589,122,false,Rx,0,8,FF,D9,67,1F,46,46,46,46
4981607,123,false,Rx,0,8,11,3,0,0,0,0,1,35
4982568,124,false,Rx,0,8,0,0,0A,0,0,0,20,40
4982590,427,false,Rx,0,8,1D,86,FF,0,80,0A,0,0
4986567,36,false,Rx,0,8,E2,82,21,51,0,0,25,1
4986590,37,false,Rx,0,8,0,0,0,10,0,40,0,0
4986607,38,false,Rx,0,8,4,0,0,0,90,38,96,D4
4987567,39,false,Rx,0,8,0,0,0,0,0,0,0,0
4989566,61,false,Rx,0,8,BA,7A,27,0,0,0,0,0
4989588,62,false,Rx,0,8,2,2,0,2,40,FF,0,FF
4990567,63,false,Rx,0,8,0,0,5,0,0,8,FD,0
4990587,64,false,Rx,0,8,0,0,0,4,FF,FA,0,0
4990605,000000A1,false,Rx,0,8,1D,63,27,1A,0,0,0,0
4990623,000000A2,false,Rx,0,8,0,0,0,0,0,0,0,0
4991570,000000A3,false,Rx,0,8,0,40,1,0,0,0,0,0
4992567,0000042A,false,Rx,0,8,F4,DE,FF,1,0,10,0,0
4995566,0000011B,false,Rx,0,8,44,BE,14,5,80,8,A8,2
4995588,0000012B,false,Rx,0,8,3,44,14,6,0,0,8,0
4995605,0000011C,false,Rx,0,8,0,5,20,0,22,0,1,1
4996597,0000012C,false,Rx,0,8,0,0,1,0,0,64,0,0
4996628,000001FB,false,Rx,0,8,F9,52,35,0,0,0,0,0
4996646,000001FC,false,Rx,0,8,0,0,0,0,0,0,0,0
4996664,000001FD,false,Rx,0,8,0,1A,3,0,0,0,0,0
4997565,000001FE,false,Rx,0,8,0,0,0,0,0,0,0,0
5006580,0000010B,false,Rx,0,8,7F,11,23,0,0,0,0,5
5006605,0000010C,false,Rx,0,8,FF,F9,E7,1F,46,44,46,46
5006623,0000010D,false,Rx,0,8,10,3,0,0,0,0,1,35
5006640,0000010E,false,Rx,0,8,0,0,0A,0,0,C0,AB,57
5007564,000002C1,false,Rx,0,8,88,19,9C,21,0,41,0,AA
5007588,000002C2,false,Rx,0,8,1C,0,0,0,0,0,0,0
5008563,000002C3,false,Rx,0,8,0,0,0,0,0,0,0,0
5008588,000002C4,false,Rx,0,8,0,0,0,0,0,0,0,0
5008606,487,false,Rx,0,8,0,0,0,0,0,0,0,0
5009564,642,false,Rx,0,8,FF,FF,FF,FF,FF,FF,0,0
5009588,645,false,Rx,0,8,C7,35,6,79,E0,32,56,0
5021593,000001AB,false,Rx,0,8,8B,5A,59,50,70,38,0,0
5021637,000001AC,false,Rx,0,8,0,28,0,0,0,0,0,0
5021655,000002FF,false,Rx,0,8,E2,1,0,F1,3F,0,0,0
5021673,316,false,Rx,0,8,0A,EA,89,34,14,80,0A,0
5021691,472,false,Rx,0,8,5C,EC,0,40,8,41,0,45
5022634,317,false,Rx,0,8,0,0,5,0,0,0,0,0
5022666,0000019B,false,Rx,0,8,49,5F,21,0,0,E4,0,0
5022684,473,false,Rx,0,8,5F,24,0,25,0,0,0,78
5022702,0000019C,false,Rx,0,8,40,20,0,0,0,0,0B,9
5023998,474,false,Rx,0,8,93,44,0,0,0,0,0,14
5024034,0000019D,false,Rx,0,8,0,10,0,1,0,0,0,0
5024052,0000019E,false,Rx,0,8,15,0,0,0,0,32,0,0
5027656,0000033B,false,Rx,0,8,DF,3E,37,0,0,0,0,0
5028033,0000033C,false,Rx,0,8,0,0,0,0,F0,0,0,0
5028061,0000033D,false,Rx,0,8,0,0,0,0,0,0,0,0
5029225,0000033E,false,Rx,0,8,0,0,0,0,0,0,0,0
5030592,401,false,Rx,0,8,A9,30,10,0,0,4,0,0
5031668,121,false,Rx,0,8,63,0E,24,0,0,0,0,5
5031713,122,false,Rx,0,8,FF,D9,67,1F,46,46,46,46
5031731,123,false,Rx,0,8,11,3,0,0,0,0,1,35
5031749,124,false,Rx,0,8,0,0,0A,0,0,0,20,40
5035607,161,false,Rx,0,8,79,46,0C,3,0,0,0,2
5035643,162,false,Rx,0,8,FF,FC,1,0,0,0,0,0
5036602,36,false,Rx,0,8,11,1C,26,51,0,0,25,1
5036635,37,false,Rx,0,8,0,0,0,10,0,40,0,0
5036653,38,false,Rx,0,8,4,0,0,0,90,38,96,D4
5037931,39,false,Rx,0,8,0,0,0,0,0,0,0,0
5039083,000002E6,false,Rx,0,8,D1,8B,34,1,0,0,0,15
5039117,256,false,Rx,0,8,34,31,34,15,40,0,C0,0
5039136,000002E7,false,Rx,0,8,0A,0,0,0,0,0,0,0
5039154,257,false,Rx,0,8,0,93,41,13,86,7,0,93
5039171,000002E8,false,Rx,0,8,0,0,0,0,0,0,0,0
5039611,258,false,Rx,0,8,0B,71,1E,0,10,15,0,28
5039638,61,false,Rx,0,8,2,7B,2C,0,0,0,0,0
5040732,259,false,Rx,0,8,39,5,89,3C,4C,2,0,0
5040767,62,false,Rx,0,8,2,2,0,2,40,FF,0,FF
5040785,000002E9,false,Rx,0,8,0,0,0,0,0,0,0,0
5041198,63,false,Rx,0,8,0,0,5,0,0,8,FD,0
5042475,64,false,Rx,0,8,0,0,0,4,FF,FA,0,0
5042512,000000A1,false,Rx,0,8,21,92,2C,1A,0,0,0,0
5043386,91,false,Rx,0,8,A1,F6,35,0,0,0,0,0
5043425,92,false,Rx,0,8,0,0,0,0,0,0,0,0
5044890,93,false,Rx,0,8,0,0,0,0,0,0,0,0
5044977,000000A3,false,Rx,0,8,0,40,1,0,0,0,0,0
5044998,0000011B,false,Rx,0,8,37,87,19,5,80,8,A8,2
5045995,0000012B,false,Rx,0,8,70,7D,19,6,0,0,8,0
5046032,0000011C,false,Rx,0,8,0,5,20,0,22,0,1,1
5046050,0000012C,false,Rx,0,8,0,0,1,0,0,64,0,0
5048942,000004A3,false,Rx,0,8,80,0,48,0B,3E,0,0,0
5048977,000004A4,false,Rx,0,8,FF,FF,FF,0,0,0,0,0
5048995,000001E6,false,Rx,0,8,67,9E,6A,2,0,0,0,0
5049602,000002BF,false,Rx,0,8,FF,FF,FF,0,0,0,0,0
5049629,000001BB,false,Rx,0,8,18,C0,6A,2,0,0,0,0A
5049647,0000047F,false,Rx,0,8,FF,FF,FF,FF,FF,FF,F3,FF
5050565,000001BC,false,Rx,0,8,32,0,0,0,2,0,0,0
5050590,653,false,Rx,0,8,0A,19,3,1,2,2A,0,0
5050608,000001BD,false,Rx,0,8,0,0,0,0,0,0,0,0
5050625,000001E7,false,Rx,0,8,0,0,22,3,20,1,0,0
5051876,146,false,Rx,0,8,2A,CF,9,10,4,1,0,0
5051911,147,false,Rx,0,8,0,4,7D,0,40,0,0,0
5052304,148,false,Rx,0,8,0,0,0,0,0,90,40,5
5052328,149,false,Rx,0,8,0,0,0,0,0,0,0,0
5056599,0000010B,false,Rx,0,8,C7,10,28,0,0,0,0,5
5056639,0000010C,false,Rx,0,8,FF,F9,E7,1F,46,44,46,46
5056657,0000010D,false,Rx,0,8,10,3,0,0,0,0,1,35
5056675,000001B1,false,Rx,0,8,2F,52,9,0,72,0,0,0
5056692,0000010E,false,Rx,0,8,0,0,0A,0,0,C0,AB,57
5057632,000001B2,false,Rx,0,8,23,0,4,0F,0F,7,52,10
5057667,000001B3,false,Rx,0,8,10,2C,0,0,87,91,96,90
5057685,000001B4,false,Rx,0,8,95,91,17,0,0,40,1,0
5060227,475,false,Rx,0,8,12,0,0,0,0,0,0,0
5060641,496,false,Rx,0,8,12,0,0,0,0,0,0,0
5063587,0000036F,false,Rx,0,8,47,11,1,0,0,0,0,0
5063622,0000037F,false,Rx,0,8,83,A0,52,24,41,2,0,0
5065133,111,false,Rx,0,8,0B,80,90,1,0,0,0,0
5066396,112,false,Rx,0,8,0,0,0,0,0,0,0,0
5066438,113,false,Rx,0,8,0,0,0,0,0,0,0,0
5066456,000001A1,false,Rx,0,8,EE,9C,0D,FE,F7,7F,64,0
5067586,114,false,Rx,0,8,0,0,0,0,0,0,0,0
5067671,000001A2,false,Rx,0,8,0,0,0,0,0,8,0,0
5072596,0000019B,false,Rx,0,8,BA,C1,26,0,0,E4,0,0
5072636,0000019C,false,Rx,0,8,40,20,0,0,0,0,0B,9
5072654,0000019D,false,Rx,0,8,0,10,0,1,0,0,0,0
5073601,0000019E,false,Rx,0,8,15,0,0,0,0,32,0,0
5073634,516,false,Rx,0,8,61,2,0,0,0,0,FF,FF
5076594,0000030B,false,Rx,0,8,DC,2D,37,0,4,0,0,0
5076635,0000030C,false,Rx,0,8,0,0,0E,0,2C,0,A0,0F
5076653,0000030D,false,Rx,0,8,0,0,0,0,FF,0,0,0
5077601,0000030E,false,Rx,0,8,0,0,38,5,21,0,0,FE
5081593,121,false,Rx,0,8,6E,C8,29,0,0,0,0,5
5081635,122,false,Rx,0,8,FF,D9,67,1F,46,46,46,46
5081653,123,false,Rx,0,8,11,3,0,0,0,0,1,35
5082601,124,false,Rx,0,8,0,0,0A,0,0,0,20,40
5083843,405,false,Rx,0,8,BD,30,0,0,0,1,0,0
5083878,413,false,Rx,0,8,6F,30,0,0,0,0,0,0
5083897,410,false,Rx,0,8,4B,80,59,3C,16,6B,FF,FF
5083914,414,false,Rx,0,8,F0,10,0,0,28,0,0,0
5085366,411,false,Rx,0,8,A8,1,50,50,0,0,44,4
5085401,416,false,Rx,0,8,55,0,0,0,0,0,0,0
5085419,412,false,Rx,0,8,6D,60,0,0,0,0,0,0
5085437,417,false,Rx,0,8,5F,20,0,0,0,0,0,0
5085454,418,false,Rx,0,8,19,70,0,0,12,0C,0,0
5086746,36,false,Rx,0,8,1C,DA,2B,51,0,0,25,1
5086796,37,false,Rx,0,8,0,0,0,10,0,40,0,0
5086814,38,false,Rx,0,8,4,0,0,0,90,38,96,D4
5088168,39,false,Rx,0,8,0,0,0,0,0,0,0,0
5089601,61,false,Rx,0,8,CA,79,31,0,0,0,0,0
5089639,62,false,Rx,0,8,2,2,0,2,40,FF,0,FF
5090574,63,false,Rx,0,8,0,0,5,0,0,8,FD,0
5090601,64,false,Rx,0,8,0,0,0,4,FF,FA,0,0
5090620,000000A1,false,Rx,0,8,44,91,31,1A,0,0,0,0
5090637,000000A2,false,Rx,0,8,0,0,0,0,0,0,0,0
5091705,000000A3,false,Rx,0,8,0,40,1,0,0,0,0,0
5094603,000001F1,false,Rx,0,8,64,80,3D,1,0,0,28,0
5094642,000001F2,false,Rx,0,8,0,0,0,0,0,0,0,0
5094685,151,false,Rx,0,8,DF,FF,37,A0,C8,0,28,19
5095617,000001F6,false,Rx,0,8,EC,DC,37,0,0,0,0,0E
5095650,0000011B,false,Rx,0,8,A8,EF,1E,5,80,8,A8,2
5095668,152,false,Rx,0,8,16,18,18,0,0B,0,0,0
5095686,0000011C,false,Rx,0,8,0,5,20,0,22,0,1,1
5096739,0000012B,false,Rx,0,8,EF,15,1E,6,0,0,8,0
5098023,000001F7,false,Rx,0,8,0B,0,0,0,0,0,0,0
5098438,0000012C,false,Rx,0,8,0,0,1,0,0,64,0,0
5099866,000001F8,false,Rx,0,8,0,0,0,0,0,0,0,0
5099935,153,false,Rx,0,8,0,0,0,0,0,0,0,0
5099954,000001F9,false,Rx,0,8,0,0,A0,C8,14,0,0,0
5099972,237,false,Rx,0,8,0,15,BA,0,0,AA,1E,0
5099989,000002FC,false,Rx,0,8,3,0,16,19,0,0,8E,BF
5100026,238,false,Rx,0,8,0,0,5F,0,0,0,0,0
5100044,0000025C,false,Rx,0,8,0,0,0B,0,34,89,19,0
5100568,327,false,Rx,0,8,0,0,0,0,5,0,0,0
5100595,0000025D,false,Rx,0,8,0,C8,0,0,0,80,C0,70
5102444,328,false,Rx,0,8,0,0,0,0,0,0,0,0
5102480,0000025E,false,Rx,0,8,16,7,0E,2,0,0,0,0
5102514,329,false,Rx,0,8,A0,0,0,0,0,0,0,0
5102532,382,false,Rx,0,8,F1,7A,1,0,0,1,8,0
5102674,331,false,Rx,0,8,5,CD,37,F1,C8,A0,2C,97
5102691,334,false,Rx,0,8,C8,0,0,0,AC,70,1D,90
5106632,0000010B,false,Rx,0,8,B8,3C,2D,0,0,0,0,5
5106672,0000010C,false,Rx,0,8,FF,F9,E7,1F,46,44,46,46
5106690,0000010D,false,Rx,0,8,10,3,0,0,0,0,1,35
5106708,0000010E,false,Rx,0,8,0,0,0A,0,0,C0,AB,57
5106725,000002AB,false,Rx,0,8,5F,31,38,0C,0C,0,0,0
5107670,000002AC,false,Rx,0,8,0,FF,FF,0,0,40,0,50
5107703,000002AD,false,Rx,0,8,0,1,0,40,FF,FF,FF,0F
5107721,000002AE,false,Rx,0,8,1,0,FF,3F,1,1,0,0
5107739,000002B6,false,Rx,0,8,2D,40,38,1,0,0,0,40
5108781,000002B7,false,Rx,0,8,8,2,F0,0,0,4,0,0
5108818,251,false,Rx,0,8,A8,1C,37,0,0,0,0,0
5108836,000002B8,false,Rx,0,8,AA,11,11,0,0,0,0,0
5108854,252,false,Rx,0,8,0,0,0,0,3,0,0,0
5110545,000002B9,false,Rx,0,8,0A,0,0,0,0,0,0,0
5110579,253,false,Rx,0,8,0,0,0,51,51,0,80,44
5110610,000002E1,false,Rx,0,8,7C,14,38,0,0,0,0,40
5110628,396,false,Rx,0,8,32,D2,9B,0F,8,1,0,2
5110646,000002E2,false,Rx,0,8,FD,0,0,0,0,14,0,4
5110663,398,false,Rx,0,8,0,0,0,0,0,0,0,0
5111929,000002E4,false,Rx,0,8,2,0,0,0,0,0,0,0
5111965,415,false,Rx,0,8,40,13,10,0,8,1,0,0
5117591,383,false,Rx,0,8,12,ED,1,0,2,0,0,0
5118568,000000C5,false,Rx,0,8,0,0,0,0,0,0,0,0
5118591,244,false,Rx,0,8,FF,FF,FF,FF,FF,FF,FF,FF
5119635,000003E4,false,Rx,0,8,FE,0,0,0,0,0,0,0
5119667,0000041F,false,Rx,0,8,0,0C,0,0,0,0,0,0
5119685,000004B4,false,Rx,0,8,0,0,0,0,0,0,0,0
5119703,000004B5,false,Rx,0,8,8,0,F0,7,0,0,0,0
5120594,000004B7,false,Rx,0,8,8,0,F0,7,0,0,0,0
5120620,000004CA,false,Rx,0,8,0,0,0,0,0,0,0,0
5120639,000004CC,false,Rx,0,8,8,0,0,6,0,0,3,0
5121820,000004CE,false,Rx,0,8,14,1,FF,FF,FF,FF,FF,FF
5121855,000001AB,false,Rx,0,8,14,32,5E,50,70,38,0,0
5121873,226,false,Rx,0,8,75,13,13,FF,43,E1,5,42
5121908,000001AC,false,Rx,0,8,0,28,0,0,0,0,0,0
5121926,227,false,Rx,0,8,2,70,E1,8,0,F2,17,4
5122307,000003A1,false,Rx,0,8,A1,DB,AC,0,FF,FF,FF,FF
5122349,0000019B,false,Rx,0,8,B7,7,2B,0,0,E4,0,0
5122566,000003A2,false,Rx,0,8,0,0,0,0,0,0,0,0
5124260,0000019C,false,Rx,0,8,40,20,0,0,0,0,0B,9
5124294,000004D7,false,Rx,0,8,23,1,0,0,0,0,0,0
5124312,0000019D,false,Rx,0,8,0,10,0,1,0,0,0,0
5124719,000002D6,false,Rx,0,8,B3,EF,9B,0,0,0,0,0
5126011,0000019E,false,Rx,0,8,15,0,0,0,0,32,0,0
5126062,000002D8,false,Rx,0,8,0,0,0,0,0,0,38,45
5126081,000002EC,false,Rx,0,8,7,0,0,0,0,0,0,0
5126098,000002D9,false,Rx,0,8,0,0,0,0,0,0,0,0
5126116,000002ED,false,Rx,0,8,0,0,0,0,0,0,0,0
5126134,000004D8,false,Rx,0,8,41,10,F0,F0,40,F2,1E,CC
5128460,000004DD,false,Rx,0,8,0,0,FE,0,4,0,0,0
5128736,000004DF,false,Rx,0,8,FF,3,0C,3F,0,0,0,0
5128759,000004E7,false,Rx,0,8,0,30,0,0,0,0,69,0
5128789,000004E8,false,Rx,0,8,FF,FF,FF,5,FF,FF,FF,0
5128806,356,false,Rx,0,8,8C,38,9C,0,0,0,0,0
5128823,000004E9,false,Rx,0,8,12,0,0,34,0,0,50,0
5128841,000004EB,false,Rx,0,8,10,80,32,39,80,0,0,0
5128859,359,false,Rx,0,8,51,4F,34,52,4A,35,33,0
5129951,000004EC,false,Rx,0,8,0,0,0,0,0,0,0,0
5132437,000004ED,false,Rx,0,8,0,0,0,0,0,FF,FF,1F
5133643,000004EE,false,Rx,0,8,FF,FF,0,0,0,0,0,0
5133687,000004EF,false,Rx,0,8,60,0,60,0,29,14,0,0
5133705,0000063D,false,Rx,0,8,0,80,0,0,0,0,0,0
5133723,0000063E,false,Rx,0,8,FF,FF,FF,FF,FF,FF,FF,FF
5133741,641,false,Rx,0,8,FF,FF,FF,FF,0F,FF,FF,FF
5136263,161,false,Rx,0,8,0,5C,11,3,0,0,0,2
5136298,162,false,Rx,0,8,FF,FC,1,0,0,0,0,0
5136316,36,false,Rx,0,8,61,1F,30,51,0,0,25,1
5136334,37,false,Rx,0,8,0,0,0,10,0,40,0,0
5136727,38,false,Rx,0,8,4,0,0,0,90,38,96,D4
5139354,39,false,Rx,0,8,0,0,0,0,0,0,0,0
5139424,000000FF,false,Rx,0,8,CB,10,0,0,0,0,2,0
5139443,384,false,Rx,0,8,E9,DC,2,0,0,FF,0,21
5139461,000003B6,false,Rx,0,8,A1,7E,9A,0,0,0,0,46
5139478,394,false,Rx,0,8,2A,22,1A,49,0,0,0,0
5139496,000003B7,false,Rx,0,8,46,0,0,0,0,0,0,0
5140610,62,false,Rx,0,8,2,2,0,2,40,FF,0,FF
5140677,000003C3,false,Rx,0,8,45,10,31,30,36,0,0,0
5142490,000000A1,false,Rx,0,8,4D,14,36,1A,0,0,0,0
5142620,000003E5,false,Rx,0,8,37,80,1,0,0,0,0,0
5142644,91,false,Rx,0,8,6B,1D,36,0,0,0,0,0
5146291,000000A2,false,Rx,0,8,0,0,0,0,0,0,0,0
5146388,422,false,Rx,0,8,9D,70,1,0,0,0,4,0
5146551,000000A3,false,Rx,0,8,0,40,1,0,0,0,0,0
5146569,432,false,Rx,0,8,3,20,2,0,0,0,0,0
5147738,464,false,Rx,0,8,D5,20,F0,FF,38,7F,5,0
5151589,146,false,Rx,0,8,D9,51,0E,10,4,1,0,0
5151624,147,false,Rx,0,8,0,4,7D,0,40,0,0,0
5152851,148,false,Rx,0,8,0,0,0,0,0,90,40,5
5152884,149,false,Rx,0,8,0,0,0,0,0,0,0,0
5154435,495,false,Rx,0,8,49,0,0,0,0,0,0,0
5154471,000003AA,false,Rx,0,8,FF,0,B0,0,54,0,0,0
5156736,0000010B,false,Rx,0,8,FC,8C,32,0,0,0,0,5
5156774,0000010C,false,Rx,0,8,FF,F9,E7,1F,46,44,46,46
5156792,0000010D,false,Rx,0,8,10,3,0,0,0,0,1,35
5156820,000001B1,false,Rx,0,8,DC,CC,0E,0,72,0,0,0
5156838,0000010E,false,Rx,0,8,0,0,0A,0,0,C0,AB,57
5156856,000001B2,false,Rx,0,8,23,0,4,0F,0F,7,52,10
5158101,000001B3,false,Rx,0,8,10,2C,0,0,87,91,96,90
5158136,000001B4,false,Rx,0,8,95,91,17,0,0,40,1,0
5158577,000004E8,false,Rx,0,8,FF,FF,FF,5,FF,FF,FF,0
5163584,0000036F,false,Rx,0,8,91,21,1,0,0,0,0,0
5163614,0000037F,false,Rx,0,8,3A,B0,52,24,41,2,0,0
5163632,380,false,Rx,0,8,AD,D7,FF,0,0,0,0,1
5165567,000001A1,false,Rx,0,8,AA,2C,12,FE,F7,7F,64,0
5165596,000001A2,false,Rx,0,8,0,0,0,0,0,8,0,0
5165613,000001A3,false,Rx,0,8,FF,F3,3F,0,0,0,0,0
5165631,000001A4,false,Rx,0,8,FE,7,0,0,0,0,0,0
5166564,000003B0,false,Rx,0,8,72,37,FF,C7,0,0,3,C0
5168565,000003B1,false,Rx,0,8,9B,3C,FF,40,0,0,20,0
5169566,448,false,Rx,0,8,0,C0,0,0,0,0,0,0
5170567,561,false,Rx,0,8,63,2,0,0,0,0,FF,FF
5172567,0000019B,false,Rx,0,8,CA,C2,30,0,0,E4,0,0
5172590,0000019C,false,Rx,0,8,40,20,0,0,0,0,0B,9
5172607,0000019D,false,Rx,0,8,0,10,0,1,0,0,0,0
5173564,0000019E,false,Rx,0,8,15,0,0,0,0,32,0,0
5178571,000003B2,false,Rx,0,8,36,15,FF,2,29,2F,34,0
5181566,121,false,Rx,0,8,55,54,33,0,0,0,0,5
5181588,122,false,Rx,0,8,FF,D9,67,1F,46,46,46,46
5181606,123,false,Rx,0,8,11,3,0,0,0,0,1,35
5182563,124,false,Rx,0,8,0,0,0A,0,0,0,20,40
5182588,427,false,Rx,0,8,1D,86,FF,0,80,0A,0,0
5186566,36,false,Rx,0,8,1E,33,35,51,0,0,25,1
5186588,37,false,Rx,0,8,0,0,0,10,0,40,0,0
5186606,38,false,Rx,0,8,4,0,0,0,90,38,96,D4
5187563,39,false,Rx,0,8,0,0,0,0,0,0,0,0
5189565,61,false,Rx,0,8,34,21,3B,0,0,0,0,0
5189585,62,false,Rx,0,8,2,2,0,2,40,FF,0,FF
5190563,63,false,Rx,0,8,0,0,5,0,0,8,FD,0
5190587,64,false,Rx,0,8,0,0,0,4,FF,FA,0,0
5190604,000000A1,false,Rx,0,8,7B,57,3B,1A,0,0,0,0
5190622,000000A2,false,Rx,0,8,0,0,0,0,0,0,0,0
5191563,000000A3,false,Rx,0,8,0,40,1,0,0,0,0,0
5192565,0000042A,false,Rx,0,8,F4,DE,FF,1,0,10,0,0
5195566,0000011B,false,Rx,0,8,0D,4A,28,5,80,8,A8,2
5195588,0000012B,false,Rx,0,8,4A,B0,28,6,0,0,8,0
5195605,0000011C,false,Rx,0,8,0,5,20,0,22,0,1,1
5196563,0000012C,false,Rx,0,8,0,0,1,0,0,64,0,0
5196587,000001FB,false,Rx,0,8,75,E0,37,0,0,0,0,0
5196605,000001FC,false,Rx,0,8,0,0,0,0,0,0,0,0
5196622,000001FD,false,Rx,0,8,0,1A,3,0,0,0,0,0
5197562,000001FE,false,Rx,0,8,0,0,0,0,0,0,0,0
5199569,000001E6,false,Rx,0,8,F8,F6,6D,2,0,0,0,0
5199591,000001BB,false,Rx,0,8,11,45,6D,2,0,0,0,0A
5199609,000001BC,false,Rx,0,8,32,0,0,0,2,0,0,0
5199626,000001BD,false,Rx,0,8,0,0,0,0,0,0,0,0
5200565,000004E8,false,Rx,0,8,FF,FF,FF,5,FF,FF,FF,0
5201713,000001E7,false,Rx,0,8,0,0,22,3,20,1,0,0
5206604,0000010B,false,Rx,0,8,75,75,37,0,0,0,0,5
5206641,0000010C,false,Rx,0,8,FF,F9,E7,1F,46,45,46,46
5206660,0000010D,false,Rx,0,8,10,3,0,0,0,0,1,35
5206678,0000010E,false,Rx,0,8,0,0,0A,0,0,C0,AB,57
5207615,000002C1,false,Rx,0,8,CE,40,9D,21,0,41,0,AA
5207648,000002C2,false,Rx,0,8,1C,0,0,0,0,0,0,0
5208902,000002C3,false,Rx,0,8,0,0,0,0,0,0,0,0
5208936,000002C4,false,Rx,0,8,0,0,0,0,0,0,0,0
5209592,487,false,Rx,0,8,0,0,0,0,0,0,0,0
5210565,642,false,Rx,0,8,FF,FF,FF,FF,FF,FF,0,0
5220605,643,false,Rx,0,8,0,FC,FF,FF,FF,FF,3,0
5220646,000001AB,false,Rx,0,8,79,6E,63,50,70,38,0,0
5221706,000001AC,false,Rx,0,8,0,28,0,0,0,0,0,0
5221739,000002FF,false,Rx,0,8,E2,1,0,F1,3F,0,0,0
5221757,316,false,Rx,0,8,47,2,8A,34,14,80,0A,0
5221775,472,false,Rx,0,8,5C,EC,0,40,8,41,0,45
5222846,317,false,Rx,0,8,0,0,5,0,0,0,0,0
5224088,0000019B,false,Rx,0,8,B5,EE,35,0,0,E4,0,0
5224112,473,false,Rx,0,8,5F,24,0,25,0,0,0,78
5224130,0000019C,false,Rx,0,8,40,20,0,0,0,0,0B,9
5224147,474,false,Rx,0,8,93,44,0,0,0,0,0,14
5224165,0000019D,false,Rx,0,8,0,10,0,1,0,0,0,0
5226751,0000033B,false,Rx,0,8,18,13,39,0,0,0,0,0
5228272,0000033C,false,Rx,0,8,0,0,0,0,F0,0,0,0
5228307,0000033D,false,Rx,0,8,0,0,0,0,0,0,0,0
5228325,0000033E,false,Rx,0,8,0,0,0,0,0,0,0,0
5230888,401,false,Rx,0,8,A9,30,10,0,0,4,0,0
5230933,121,false,Rx,0,8,ED,55,38,0,0,0,0,5
5232319,122,false,Rx,0,8,FF,D9,67,1F,46,46,46,46
5232354,123,false,Rx,0,8,11,3,0,0,0,0,1,35
5232373,124,false,Rx,0,8,0,0,0A,0,0,0,20,40
5236381,161,false,Rx,0,8,9F,34,16,3,0,0,0,2
5236418,162,false,Rx,0,8,FF,FC,1,0,0,0,0,0
5236436,36,false,Rx,0,8,9F,47,3A,51,0,0,25,1
5236454,37,false,Rx,0,8,0,0,0,10,0,40,0,0
5239419,38,false,Rx,0,8,4,0,0,0,90,38,96,D4
5239467,39,false,Rx,0,8,0,0,0,0,0,0,0,0
5239485,000002E6,false,Rx,0,8,5D,39,36,1,0,0,0,15
5239503,256,false,Rx,0,8,AC,42,36,15,40,0,E0,0
5239870,000002E7,false,Rx,0,8,0A,0,0,0,0,0,0,0
5239910,61,false,Rx,0,8,95,5E,40,0,0,0,0,0
5239949,259,false,Rx,0,8,4A,5,8A,3C,4C,2,0,0
5239967,62,false,Rx,0,8,2,2,0,2,40,FF,0,FF
5240573,000002E9,false,Rx,0,8,0,0,0,0,0,0,0,0
5240606,63,false,Rx,0,8,0,0,5,0,0,8,FD,0
5242469,0000048B,false,Rx,0,8,C1,A0,B9,1E,1,0,0,0
5242502,64,false,Rx,0,8,0,0,0,4,FF,FA,0,0
5242520,0000048C,false,Rx,0,8,0,0,0,0,0,0,0,0
5242915,91,false,Rx,0,8,2D,44,37,0,0,0,0,0
5242940,92,false,Rx,0,8,0,0,0,0,0,0,0,0
5242980,000000A1,false,Rx,0,8,DF,77,40,1A,0,0,0,0
5242997,000000A2,false,Rx,0,8,0,0,0,0,0,0,0,0
5243015,000000A3,false,Rx,0,8,0,40,1,0,0,0,0,0
5244864,000001F1,false,Rx,0,8,21,50,40,1,0,0,28,0
5244903,000001F2,false,Rx,0,8,0,0,0,0,0,0,0,0
5245588,0000011B,false,Rx,0,8,FB,62,2D,5,80,8,A8,2
5245619,0000012B,false,Rx,0,8,BC,98,2D,6,0,0,8,0
5245637,0000011C,false,Rx,0,8,0,5,20,0,22,0,1,1
5246903,0000012C,false,Rx,0,8,0,0,1,0,0,64,0,0
5249633,000002BF,false,Rx,0,8,FF,FF,FF,0,0,0,0,0
5249670,0000047F,false,Rx,0,8,FF,FF,FF,FF,FF,FF,F3,FF
5249688,653,false,Rx,0,8,0A,19,3,1,2,2A,0,0
5249706,000004A3,false,Rx,0,8,80,0,48,0B,3E,0,0,0
5250600,000004A4,false,Rx,0,8,FF,FF,FF,0,0,0,0,0
5251825,146,false,Rx,0,8,11,53,13,10,4,1,0,0
5251861,147,false,Rx,0,8,0,4,7D,0,40,0,0,0
5251879,148,false,Rx,0,8,0,0,0,0,0,90,40,5
5252568,149,false,Rx,0,8,0,0,0,0,0,0,0,0
5256595,0000010B,false,Rx,0,8,3B,A1,3C,0,0,0,0,5
5256632,0000010C,false,Rx,0,8,FF,F9,E7,1F,46,44,46,46
5256651,0000010D,false,Rx,0,8,10,3,0,0,0,0,1,35
5256668,000001B1,false,Rx,0,8,14,CE,13,0,72,0,0,0
5256685,0000010E,false,Rx,0,8,0,0,0A,0,0,C0,AB,57
5257628,000001B2,false,Rx,0,8,23,0,4,0F,0F,7,52,10
5257663,000001B3,false,Rx,0,8,10,2C,0,0,87,91,96,90
5257681,000001B4,false,Rx,0,8,95,91,17,0,0,40,1,0
5260244,475,false,Rx,0,8,12,0,0,0,0,0,0,0
5260571,496,false,Rx,0,8,12,0,0,0,0,0,0,0
5263594,0000036F,false,Rx,0,8,28,31,1,0,0,0,0,0
5263635,0000037F,false,Rx,0,8,32,C0,52,24,41,2,0,0
5264616,111,false,Rx,0,8,4D,D9,91,1,0,0,0,0
5264647,563,false,Rx,0,8,65,2,0,0,0,0,FF,FF
5264665,112,false,Rx,0,8,0,0,0,0,0,0,0,0
5265570,000001A1,false,Rx,0,8,D5,0,17,FE,F7,7F,64,0
5265596,113,false,Rx,0,8,0,0,0,0,0,0,0,0
5265621,000001A2,false,Rx,0,8,0,0,0,0,0,8,0,0
5265640,114,false,Rx,0,8,0,0,0,0,0,0,0,0
5266766,000001A3,false,Rx,0,8,FF,F3,3F,0,0,0,0,0
5266801,000001A4,false,Rx,0,8,FE,7,0,0,0,0,0,0
5272590,0000019B,false,Rx,0,8,34,9A,3A,0,0,E4,0,0
5272628,0000019C,false,Rx,0,8,40,20,0,0,0,0,0B,9
5272646,0000019D,false,Rx,0,8,0,10,0,1,0,0,0,0
5273598,0000019E,false,Rx,0,8,15,0,0,0,0,32,0,0
5275590,000001E1,false,Rx,0,8,61,A0,70,2,0,0,0,0
5275625,000001E2,false,Rx,0,8,0,0,0,0,0,0,0,0
5276577,0000030B,false,Rx,0,8,28,96,39,0,4,0,0,0
5276599,0000030C,false,Rx,0,8,0,0,0E,0,2C,0,A0,0F
5276616,0000030D,false,Rx,0,8,0,0,0,0,FF,0,0,0
5277795,0000030E,false,Rx,0,8,0,0,38,5,21,0,0,2
5281188,121,false,Rx,0,8,92,79,3D,0,0,0,0,5
5281232,122,false,Rx,0,8,FF,D9,67,1F,46,46,46,46
5281735,123,false,Rx,0,8,11,3,0,0,0,0,1,35
5281762,124,false,Rx,0,8,0,0,0A,0,0,0,20,40
5283968,405,false,Rx,0,8,BD,30,0,0,0,1,0,0
5284030,413,false,Rx,0,8,6F,30,0,0,0,0,0,0
5284048,410,false,Rx,0,8,4B,80,59,3C,16,6B,FF,FF
5284066,414,false,Rx,0,8,F0,10,0,0,28,0,0,0
5284083,411,false,Rx,0,8,A8,1,50,50,0,0,44,4
5284657,416,false,Rx,0,8,55,0,0,0,0,0,0,0
5284689,412,false,Rx,0,8,6D,60,0,0,0,0,0,0
5286323,417,false,Rx,0,8,5F,20,0,0,0,0,0,0
5286357,418,false,Rx,0,8,19,70,0,0,12,0C,0,0
5286375,419,false,Rx,0,8,C9,70,8D,D6,69,86,90,0
5286393,36,false,Rx,0,8,E0,6B,3F,51,0,0,25,1
5286411,37,false,Rx,0,8,0,0,0,10,0,40,0,0
5286676,38,false,Rx,0,8,4,0,0,0,90,38,96,D4
5288136,39,false,Rx,0,8,0,0,0,0,0,0,0,0
5289609,61,false,Rx,0,8,EA,72,45,0,0,0,0,0
5289645,62,false,Rx,0,8,2,2,0,2,40,FF,0,FF
5290961,63,false,Rx,0,8,0,0,5,0,0,8,FD,0
5290996,64,false,Rx,0,8,0,0,0,4,FF,FA,0,0
5291014,000000A1,false,Rx,0,8,D0,9C,45,1A,0,0,0,0
5291031,000000A2,false,Rx,0,8,0,0,0,0,0,0,0,0
5291049,000000A3,false,Rx,0,8,0,40,1,0,0,0,0,0
5295591,151,false,Rx,0,8,18,D2,39,A0,C8,0,28,19
5295637,000001F6,false,Rx,0,8,2B,F1,39,0,0,0,0,0E
5295655,0000011B,false,Rx,0,8,EB,38,32,5,80,8,A8,2
5295672,152,false,Rx,0,8,16,18,18,0,0B,0,0,0
5295690,0000011C,false,Rx,0,8,0,5,20,0,22,0,1,1
5296642,0000012B,false,Rx,0,8,AC,C2,32,6,0,0,8,0
5296676,000001F7,false,Rx,0,8,0B,0,0,0,0,0,0,0
5296694,0000012C,false,Rx,0,8,0,0,1,0,0,64,0,0
5296711,000001F8,false,Rx,0,8,0,0,0,0,0,0,0,0
5297730,153,false,Rx,0,8,0,0,0,0,0,0,0,0
5297765,000001F9,false,Rx,0,8,0,0,A0,C8,14,0,0,0
5297783,154,false,Rx,0,8,0,0,0,0,0,0,0,0
5298219,236,false,Rx,0,8,BA,0C,39,0,6E,3C,34,6C
5298243,000002FB,false,Rx,0,8,44,FB,39,4,5F,1A,CC,CC
5298261,237,false,Rx,0,8,0,15,BA,0,0,AA,1E,0
5299182,000002FC,false,Rx,0,8,3,0,16,19,0,0,8E,BF
5299217,238,false,Rx,0,8,0,0,5F,0,0,0,0,0
5299236,000002FD,false,Rx,0,8,0,0,0,0,0,1C,0E,EA
5299253,239,false,Rx,0,8,0,0,0,0,1,0,0,0
5299695,000002FE,false,Rx,0,8,0,0,72,1,0,28,0,0
5299717,0000025B,false,Rx,0,8,48,E4,39,40,40,20,0,0
5300735,326,false,Rx,0,8,D1,AF,39,0,0,0,0,0
5300783,0000025C,false,Rx,0,8,0,0,0B,0,34,89,19,0
5301128,327,false,Rx,0,8,0,0,0,0,5,0,0,0
5302564,329,false,Rx,0,8,A0,0,0,0,0,0,0,0
5302600,382,false,Rx,0,8,F1,7A,1,0,0,1,8,0
5302620,331,false,Rx,0,8,C2,E0,39,F1,C8,A0,2C,97
5302638,332,false,Rx,0,8,94,2,0,0,0,0,0,0
5302655,333,false,Rx,0,8,0,0,0,1C,0C,40,20,A0
5302673,334,false,Rx,0,8,C8,0,0,0,AC,70,1D,90
5306763,0000010B,false,Rx,0,8,2F,19,41,0,0,0,0,5
5306803,0000010C,false,Rx,0,8,FF,F9,E7,1F,46,44,46,46
5306821,0000010D,false,Rx,0,8,10,3,0,0,0,0,1,35
5306839,0000010E,false,Rx,0,8,0,0,0A,0,0,C0,AB,57
5307246,000002AB,false,Rx,0,8,D3,83,3A,0C,0C,0,0,0
5307274,000002AC,false,Rx,0,8,0,FF,FF,0,0,40,0,50
5307294,000002AD,false,Rx,0,8,0,1,0,40,FF,FF,FF,0F
5308814,000002AE,false,Rx,0,8,1,0,FF,3F,1,1,0,0
5308850,000002B6,false,Rx,0,8,A1,F2,3A,1,0,0,0,40
5308887,485,false,Rx,0,8,0,40,11,2,0,0,0,0
5308905,251,false,Rx,0,8,9B,6,39,0,0,0,0,0
5308923,000002B7,false,Rx,0,8,8,2,F0,0,0,4,0,0
5308941,000002B8,false,Rx,0,8,AA,11,11,0,0,0,0,0
5310047,253,false,Rx,0,8,0,0,0,51,51,0,80,44
5310096,000002B9,false,Rx,0,8,0A,0,0,0,0,0,0,0
5310114,396,false,Rx,0,8,3B,57,9C,0F,8,1,0,2
5310132,000002E1,false,Rx,0,8,F0,A6,3A,0,0,0,0,40
5310150,397,false,Rx,0,8,1D,0,0,0,0,0,0,0
5311750,000002E2,false,Rx,0,8,FD,0,0,0,0,14,0,4
5311784,398,false,Rx,0,8,0,0,0,0,0,0,0,0
5311802,000002E3,false,Rx,0,8,0,0,0,0,0,0,72,1
5311820,000002E4,false,Rx,0,8,2,0,0,0,0,0,0,0
5317818,383,false,Rx,0,8,12,ED,1,0,2,0,0,0
5320587,000001AB,false,Rx,0,8,B1,97,68,50,70,38,0,0
5321608,226,false,Rx,0,8,CE,D3,15,FF,43,E1,5,42
5321640,000001AC,false,Rx,0,8,0,28,0,0,0,0,0,0
5321658,227,false,Rx,0,8,2,70,E1,8,0,F2,17,4
5321684,000000C5,false,Rx,0,8,0,0,0,0,0,0,0,0
5321702,000003A1,false,Rx,0,8,85,73,AD,0,FF,FF,FF,FF
5323222,244,false,Rx,0,8,FF,FF,FF,FF,FF,FF,FF,FF
5323258,0000019B,false,Rx,0,8,4B,B6,3F,0,0,E4,0,0
5323277,000003A2,false,Rx,0,8,0,0,0,0,0,0,0,0
5323294,0000019C,false,Rx,0,8,40,20,0,0,0,0,0B,9
5323312,000004B4,false,Rx,0,8,0,0,0,0,0,0,0,0
5324964,000002D6,false,Rx,0,8,40,71,9C,0,0,0,0,0
5325019,0000019E,false,Rx,0,8,15,0,0,0,0,32,0,0
5325037,000002D7,false,Rx,0,8,0,0,0,0,3,0,0,0
5325055,000002EB,false,Rx,0,8,D4,38,9C,9,8,1,0,2
5325073,000002D8,false,Rx,0,8,0,0,0,0,0,0,38,45
5325090,000002EC,false,Rx,0,8,2,0,0,0,0,0,0,0
5326290,000002ED,false,Rx,0,8,0,0,0,0,0,0,0,0
5326326,000004B5,false,Rx,0,8,8,0,F0,7,0,0,0,0
5326344,000002EE,false,Rx,0,8,0,0,0,0,0,0,0,0
5326362,000004B7,false,Rx,0,8,8,0,F0,7,0,0,0,0
5326379,000004CA,false,Rx,0,8,0,0,0,0,0,0,0,0
5326560,000004CC,false,Rx,0,8,8,0,0,6,0,0,3,0
5327692,000004CE,false,Rx,0,8,14,1,FF,FF,FF,FF,FF,FF
5327727,000004D7,false,Rx,0,8,23,1,0,0,0,0,0,0
5328961,000004D8,false,Rx,0,8,41,10,F0,F0,40,F2,1E,CC
5329010,356,false,Rx,0,8,CA,61,9D,0,0,0,0,0
5329028,000004DD,false,Rx,0,8,0,0,FE,0,4,0,0,0
5329046,357,false,Rx,0,8,0,0,0,0,0,4B,4D,48
5329064,000004DF,false,Rx,0,8,FF,3,0C,3F,0,0,0,0
5329081,358,false,Rx,0,8,35,41,45,4D,52,37,33,4F
5330399,000004E8,false,Rx,0,8,FF,FF,FF,5,FF,FF,FF,0
5331752,000004ED,false,Rx,0,8,0,0,0,0,0,FF,FF,1F
5332261,122,false,Rx,0,8,FF,D9,67,1F,46,46,46,46
5333638,124,false,Rx,0,8,0,0,0A,0,0,0,20,40
5336283,161,false,Rx,0,8,EC,0D,1B,3,0,0,0,2
5336318,162,false,Rx,0,8,FF,FC,1,0,0,0,0,0
5336716,36,false,Rx,0,8,41,14,44,51,0,0,25,1
5338780,37,false,Rx,0,8,0,0,0,10,0,40,0,0
5339347,38,false,Rx,0,8,4,0,0,0,90,38,96,D4
5339375,39,false,Rx,0,8,0,0,0,0,0,0,0,0
5339393,000000FF,false,Rx,0,8,CB,10,0,0,0,0,2,0
5339411,384,false,Rx,0,8,E9,DC,2,0,0,FF,0,21
5339428,000003B6,false,Rx,0,8,E7,27,9B,0,0,0,0,46
5340447,000003B8,false,Rx,0,8,0C,3,0,0,0,0,69,0E
5340483,62,false,Rx,0,8,2,2,0,2,40,FF,0,FF
5340895,000003B9,false,Rx,0,8,0,0,0,0,0,0,0,0
5341793,63,false,Rx,0,8,0,0,5,0,0,8,FD,0
5342191,000003C3,false,Rx,0,8,45,10,31,30,36,0,0,0
5342236,64,false,Rx,0,8,0,0,0,4,FF,FA,0,0
5342254,000003E0,false,Rx,0,8,66,20,1,0,54,3,0,0
5342575,0000041A,false,Rx,0,8,8D,D0,12,0,0,0,0,0
5343999,93,false,Rx,0,8,0,0,0,0,0,0,0,0
5344035,0000041B,false,Rx,0,8,70,D0,0,0,0,0,0,0
5344052,94,false,Rx,0,8,0,0,0,0,0,0,0,0
5344070,0000041C,false,Rx,0,8,48,0,E0,0,0,0,0,0
5344088,000000A2,false,Rx,0,8,0,0,0,0,0,0,0,0
5345373,000000A3,false,Rx,0,8,0,40,1,0,0,0,0,0
5346646,432,false,Rx,0,8,3,20,2,0,0,0,0,0
5346667,435,false,Rx,0,8,26,C0,0,40,0,0,0,0
5347650,464,false,Rx,0,8,D5,20,F0,FF,38,7F,5,0
5350397,000001BB,false,Rx,0,8,74,46,70,2,0,0,0,0A
5350432,000001BC,false,Rx,0,8,32,0,0,0,2,0,0,0
5350450,000001BD,false,Rx,0,8,0,0,0,0,0,0,0,0
5350468,000001E7,false,Rx,0,8,0,0,22,3,20,1,0,0
5352098,146,false,Rx,0,8,A9,52,18,10,4,1,0,0
5352135,147,false,Rx,0,8,0,4,7D,0,40,0,0,0
5352153,148,false,Rx,0,8,0,0,0,0,0,90,40,5
5353715,149,false,Rx,0,8,0,0,0,0,0,0,0,0
5353787,495,false,Rx,0,8,49,0,0,0,0,0,0,0
5353805,000003AA,false,Rx,0,8,FF,0,B0,0,54,0,0,0
5355755,0000010B,false,Rx,0,8,DC,87,46,0,0,0,0,5
5356982,0000010C,false,Rx,0,8,FF,F9,E7,1F,46,44,46,46
5357166,0000010D,false,Rx,0,8,10,3,0,0,0,0,1,35
5357184,000001B1,false,Rx,0,8,AC,CF,18,0,72,0,0,0
5357201,0000010E,false,Rx,0,8,0,0,0A,0,0,C0,AB,57
5357219,000001B2,false,Rx,0,8,23,0,4,0F,0F,7,52,10
5357237,000001B3,false,Rx,0,8,10,2C,0,0,87,91,96,90
5357587,000001B4,false,Rx,0,8,95,91,17,0,0,40,1,0
5358661,565,false,Rx,0,8,66,2,0,0,0,0,FF,FF
5363589,0000036F,false,Rx,0,8,20,41,1,0,0,0,0,0
5363627,0000037F,false,Rx,0,8,8B,D0,52,24,41,2,0,0
5363646,380,false,Rx,0,8,AD,D7,FF,0,0,0,0,1
5365744,000001A1,false,Rx,0,8,6D,1,1C,FE,F7,7F,64,0
5365784,000001A2,false,Rx,0,8,0,0,0,0,0,8,0,0
5365802,000001A3,false,Rx,0,8,FF,F3,3F,0,0,0,0,0
5365819,000001A4,false,Rx,0,8,FE,7,0,0,0,0,0,0
5366894,000003B0,false,Rx,0,8,72,37,FF,C7,0,0,3,C0
5368403,000003B1,false,Rx,0,8,9B,3C,FF,40,0,0,20,0
5369899,448,false,Rx,0,8,0,C0,0,0,0,0,0,0
5372603,0000019B,false,Rx,0,8,EA,C9,44,0,0,E4,0,0
5372643,0000019C,false,Rx,0,8,40,20,0,0,0,0,0B,9
5372661,0000019D,false,Rx,0,8,0,10,0,1,0,0,0,0
5373600,0000019E,false,Rx,0,8,15,0,0,0,0,32,0,0
5378590,000003B2,false,Rx,0,8,36,15,FF,2,29,2F,34,0
5381586,121,false,Rx,0,8,75,5F,47,0,0,0,0,5
5381626,122,false,Rx,0,8,FF,D9,67,1F,46,46,46,46
5381644,123,false,Rx,0,8,11,3,0,0,0,0,1,35
5382604,124,false,Rx,0,8,0,0,0A,0,0,0,20,40
5382638,427,false,Rx,0,8,1D,86,FF,0,80,0A,0,0
5386593,36,false,Rx,0,8,4C,D2,49,51,0,0,25,1
5386634,37,false,Rx,0,8,0,0,0,10,0,40,0,0
5386653,38,false,Rx,0,8,4,0,0,0,90,38,96,D4
5387601,39,false,Rx,0,8,0,0,0,0,0,0,0,0
5390179,61,false,Rx,0,8,14,2A,4F,0,0,0,0,0
5390229,62,false,Rx,0,8,2,2,0,2,40,FF,0,FF
5390265,63,false,Rx,0,8,0,0,5,0,0,8,FD,0
5390282,64,false,Rx,0,8,0,0,0,4,FF,FA,0,0
5390300,000000A1,false,Rx,0,8,EF,5A,4F,1A,0,0,0,0
5391054,000000A2,false,Rx,0,8,0,0,0,0,0,0,0,0
5391088,000000A3,false,Rx,0,8,0,40,1,0,0,0,0,0
5393109,0000042A,false,Rx,0,8,F4,DE,FF,1,0,10,0,0
5394406,000001F1,false,Rx,0,8,6C,B8,43,1,0,0,28,0
5394441,000001F2,false,Rx,0,8,0,0,0,0,0,0,0,0
5398484,0000011B,false,Rx,0,8,D5,E9,3C,5,80,8,A8,2
5398532,0000012B,false,Rx,0,8,92,13,3C,6,0,0,8,0
5399935,0000011C,false,Rx,0,8,0,5,20,0,22,0,1,1
5401102,0000012C,false,Rx,0,8,0,0,1,0,0,64,0,0
5401165,000001FB,false,Rx,0,8,B2,CD,39,0,0,0,0,0
5406595,0000010B,false,Rx,0,8,D1,41,4B,0,0,0,0,5
5406633,0000010C,false,Rx,0,8,FF,F9,E7,1F,46,44,46,46
5406652,0000010D,false,Rx,0,8,10,3,0,0,0,0,1,35
5406669,0000010E,false,Rx,0,8,0,0,0A,0,0,C0,AB,57
5407601,000002C1,false,Rx,0,8,4,AB,9E,21,0,41,0,AA
5407633,000002C2,false,Rx,0,8,1C,0,0,0,0,0,0,0
5408575,000002C3,false,Rx,0,8,0,0,0,0,0,0,0,0
5408602,000002C4,false,Rx,0,8,0,0,0,0,0,0,0,0
5412587,487,false,Rx,0,8,0,0,0,0,0,0,0,0
5412626,642,false,Rx,0,8,FF,FF,FF,FF,FF,FF,0,0
5420560,000001AB,false,Rx,0,8,47,BF,6D,50,70,38,0,0
5420579,000001AC,false,Rx,0,8,0,28,0,0,0,0,0,0
5421565,000002FF,false,Rx,0,8,E2,1,0,F1,3F,0,0,0
5421588,316,false,Rx,0,8,63,AA,8B,34,14,80,0A,0
5421605,472,false,Rx,0,8,5C,EC,0,40,8,41,0,45
5421623,317,false,Rx,0,8,0,0,5,0,0,0,0,0
5422562,473,false,Rx,0,8,5F,24,0,25,0,0,0,78
5422581,474,false,Rx,0,8,93,44,0,0,0,0,0,14
5422599,0000019B,false,Rx,0,8,E7,0F,49,0,0,E4,0,0
5422617,0000019C,false,Rx,0,8,40,20,0,0,0,0,0B,9
5423565,0000019D,false,Rx,0,8,0,10,0,1,0,0,0,0
5423587,0000019E,false,Rx,0,8,15,0,0,0,0,32,0,0
5425560,000001E1,false,Rx,0,8,2C,48,73,2,0,0,0,0
5426561,000001E2,false,Rx,0,8,0,0,0,0,0,0,0,0
5427561,0000033B,false,Rx,0,8,94,A1,3B,0,0,0,0,0
5427583,0000033C,false,Rx,0,8,0,0,0,0,F0,0,0,0
5427600,0000033D,false,Rx,0,8,0,0,0,0,0,0,0,0
5427618,0000033E,false,Rx,0,8,0,0,0,0,0,0,0,0
5431566,401,false,Rx,0,8,A9,30,10,0,0,4,0,0
5431585,121,false,Rx,0,8,CD,5E,4C,0,0,0,0,5
5431603,122,false,Rx,0,8,FF,D9,67,1F,46,46,46,46
5431620,123,false,Rx,0,8,11,3,0,0,0,0,1,35
5432566,124,false,Rx,0,8,0,0,0A,0,0,0,20,40
5435559,161,false,Rx,0,8,3A,91,20,3,0,0,0,2
5435579,162,false,Rx,0,8,FF,FC,1,0,0,0,0,0
5436575,36,false,Rx,0,8,BF,4C,4E,51,0,0,25,1
5436600,37,false,Rx,0,8,0,0,0,10,0,40,0,0
5436619,38,false,Rx,0,8,4,0,0,0,90,38,96,D4
5437563,39,false,Rx,0,8,0,0,0,0,0,0,0,0
5438562,000002E6,false,Rx,0,8,9A,14,38,1,0,0,0,15
5438580,256,false,Rx,0,8,BC,D2,38,15,40,0,E0,0
5438598,000002E7,false,Rx,0,8,0A,0,0,0,0,0,0,0
5439562,257,false,Rx,0,8,0,93,41,17,86,7,0,93
5439583,000002E8,false,Rx,0,8,0,0,0,0,0,0,0,0
5439601,258,false,Rx,0,8,0B,73,1E,0,10,15,0,28
5439619,61,false,Rx,0,8,69,EF,54,0,0,0,0,0
5440566,259,false,Rx,0,8,4E,5,8A,3C,4C,2,0,0
5440585,62,false,Rx,0,8,2,2,0,2,40,FF,0,FF
5440603,000002E9,false,Rx,0,8,0,0,0,0,0,0,0,0
5440621,63,false,Rx,0,8,0,0,5,0,0,8,FD,0
5441561,64,false,Rx,0,8,0,0,0,4,FF,FA,0,0
5441583,000000A1,false,Rx,0,8,80,EB,54,1A,0,0,0,0
5441601,91,false,Rx,0,8,EA,69,39,0,0,0,0,0
5441618,92,false,Rx,0,8,0,0,0,0,0,0,0,0
5442566,93,false,Rx,0,8,0,0,0,0,0,0,0,0
5442585,94,false,Rx,0,8,0,0,0,0,0,0,0,0
5442603,000000A2,false,Rx,0,8,0,0,0,0,0,0,0,0
5442620,000000A3,false,Rx,0,8,0,40,1,0,0,0,0,0
5445561,0000011B,false,Rx,0,8,90,39,41,5,80,8,A8,2
5445583,0000012B,false,Rx,0,8,D7,C3,41,6,0,0,8,0
5445600,0000011C,false,Rx,0,8,0,5,20,0,22,0,1,1
5446566,0000012C,false,Rx,0,8,0,0,1,0,0,64,0,0
5449559,000002BF,false,Rx,0,8,FF,FF,FF,0,0,0,0,0
5449578,0000047F,false,Rx,0,8,FF,FF,FF,FF,FF,FF,F3,FF
5449596,653,false,Rx,0,8,0A,19,3,1,2,2A,0,0
5451563,146,false,Rx,0,8,D6,7E,1D,10,4,1,0,0
5451584,000004A3,false,Rx,0,8,80,0,48,0B,3E,0,0,0
5453500,147,false,Rx,0,8,0,4,7D,0,40,0,0,0
5453815,000004A4,false,Rx,0,8,FF,FF,FF,0,0,0,0,0
5454065,148,false,Rx,0,8,0,0,0,0,0,90,40,5
5454099,149,false,Rx,0,8,0,0,0,0,0,0,0,0
5454117,566,false,Rx,0,8,16,2,0,0,0,0,FF,FF
5456581,0000010B,false,Rx,0,8,AC,84,50,0,0,0,0,5
5456606,0000010C,false,Rx,0,8,FF,F9,E7,1F,46,44,46,46
5456624,0000010D,false,Rx,0,8,10,3,0,0,0,0,1,35
5457559,000001B1,false,Rx,0,8,D3,E3,1D,0,72,0,0,0
5457631,0000010E,false,Rx,0,8,0,0,0A,0,0,C0,AB,57
5457950,000001B2,false,Rx,0,8,23,0,4,0F,0F,7,52,10
5457977,000001B3,false,Rx,0,8,10,2C,0,0,87,91,96,90
5457998,000001B4,false,Rx,0,8,95,91,17,0,0,40,1,0
5460590,475,false,Rx,0,8,12,0,0,0,0,0,0,0
5460627,496,false,Rx,0,8,12,0,0,0,0,0,0,0
5464561,0000036F,false,Rx,0,8,99,51,1,0,0,0,0,0
5464990,0000037F,false,Rx,0,8,5D,E0,52,24,41,2,0,0
5465012,111,false,Rx,0,8,87,32,92,1,0,0,0,0
5465030,112,false,Rx,0,8,0,0,0,0,0,0,0,0
5465047,113,false,Rx,0,8,0,0,0,0,0,0,0,0
5465065,000001A1,false,Rx,0,8,0E,9A,21,FE,F7,7F,64,0
5465569,114,false,Rx,0,8,0,0,0,0,0,0,0,0
5465590,000001A2,false,Rx,0,8,0,0,0,0,0,8,0,0
5466567,000001A3,false,Rx,0,8,FF,F3,3F,0,0,0,0,0
5466588,000001A4,false,Rx,0,8,FE,7,0,0,0,0,0,0
5472596,0000019B,false,Rx,0,8,14,91,4E,0,0,E4,0,0
5472636,0000019C,false,Rx,0,8,40,20,0,0,0,0,0B,9
5472655,0000019D,false,Rx,0,8,0,10,0,1,0,0,0,0
5473603,0000019E,false,Rx,0,8,15,0,0,0,0,32,0,0
5476105,0000030B,false,Rx,0,8,4,96,3B,0,4,0,0,0
5476593,0000030C,false,Rx,0,8,0,0,0E,0,2C,0,A0,0F
5476620,0000030D,false,Rx,0,8,0,0,0,0,FF,0,0,0
5477587,0000030E,false,Rx,0,8,0,0,38,5,21,0,0,4
5481587,121,false,Rx,0,8,5,5C,51,0,0,0,0,5
5481622,122,false,Rx,0,8,FF,D9,67,1F,46,46,46,46
5481640,123,false,Rx,0,8,11,3,0,0,0,0,1,35
5482578,124,false,Rx,0,8,0,0,0A,0,0,0,20,40
5483565,405,false,Rx,0,8,BD,30,0,0,0,1,0,0
5483585,413,false,Rx,0,8,6F,30,0,0,0,0,0,0
5483603,410,false,Rx,0,8,4B,80,59,3C,16,6B,FF,FF
5484569,414,false,Rx,0,8,F0,10,0,0,28,0,0,0
5484589,411,false,Rx,0,8,A8,1,50,50,0,0,44,4
5484606,416,false,Rx,0,8,55,0,0,0,0,0,0,0
5484624,412,false,Rx,0,8,6D,60,0,0,0,0,0,0
5485608,417,false,Rx,0,8,5F,20,0,0,0,0,0,0
5485644,418,false,Rx,0,8,19,70,0,0,12,0C,0,0
5485663,419,false,Rx,0,8,C9,70,8D,D6,69,86,90,0
5486589,36,false,Rx,0,8,77,4E,53,51,0,0,25,1
5486618,37,false,Rx,0,8,0,0,0,10,0,40,0,0
5486636,38,false,Rx,0,8,4,0,0,0,90,38,96,D4
5487834,39,false,Rx,0,8,0,0,0,0,0,0,0,0
5489584,61,false,Rx,0,8,64,29,59,0,0,0,0,0
5489612,62,false,Rx,0,8,2,2,0,2,40,FF,0,FF
5491306,63,false,Rx,0,8,0,0,5,0,0,8,FD,0
5491339,64,false,Rx,0,8,0,0,0,4,FF,FA,0,0
5491357,000000A1,false,Rx,0,8,B6,A8,59,1A,0,0,0,0
5491375,000000A2,false,Rx,0,8,0,0,0,0,0,0,0,0
5491392,000000A3,false,Rx,0,8,0,40,1,0,0,0,0,0
5495609,151,false,Rx,0,8,94,60,3B,A0,C8,0,28,19
5495658,152,false,Rx,0,8,16,18,18,0,0B,0,0,0
5495676,0000011B,false,Rx,0,8,0F,51,46,5,80,8,A8,2
5495694,0000012B,false,Rx,0,8,48,AB,46,6,0,0,8,0
5495712,0000011C,false,Rx,0,8,0,5,20,0,22,0,1,1
5496653,0000012C,false,Rx,0,8,0,0,1,0,0,64,0,0
5496686,000001F6,false,Rx,0,8,A7,43,3B,0,0,0,0,0E
5496704,153,false,Rx,0,8,0,0,0,0,0,0,0,0
5496722,000001F7,false,Rx,0,8,0B,0,0,0,0,0,0,0
5497745,154,false,Rx,0,8,0,0,0,0,0,0,0,0
5497779,000001F8,false,Rx,0,8,0,0,0,0,0,0,0,0
5498204,000001F9,false,Rx,0,8,0,0,A0,C8,14,0,0,0
5498238,236,false,Rx,0,8,36,BE,3B,0,6E,3C,34,6C
5498256,000002FB,false,Rx,0,8,C8,49,3B,4,5F,1A,CC,CC
5498274,237,false,Rx,0,8,0,15,BA,0,0,AA,1E,0
5498578,000002FC,false,Rx,0,8,3,0,16,19,0,0,8E,BF
5499578,238,false,Rx,0,8,0,0,5F,0,0,0,0,0
5499601,000001E6,false,Rx,0,8,CC,4,73,2,0,0,0,0
5499618,239,false,Rx,0,8,0,0,0,0,1,0,0,0
5499636,000001E7,false,Rx,0,8,0,0,22,3,20,1,0,0
5499654,0000025B,false,Rx,0,8,5B,84,3B,40,40,20,0,0
5500567,000001BB,false,Rx,0,8,71,1F,73,2,0,0,0,0A
5500590,0000025C,false,Rx,0,8,0,0,0B,0,34,89,19,0
5500607,000001BC,false,Rx,0,8,32,0,0,0,2,0,0,0
5500625,0000025D,false,Rx,0,8,0,C8,0,0,0,80,C0,70
5501650,000001BD,false,Rx,0,8,0,0,0,0,0,0,0,0
5501684,0000025E,false,Rx,0,8,16,7,0E,2,0,0,0,0
5502987,000002FD,false,Rx,0,8,0,0,0,0,0,1C,0E,EA
5504253,382,false,Rx,0,8,F1,7A,1,0,0,1,8,0
5504288,000002FE,false,Rx,0,8,0,0,72,1,0,28,0,0
5504306,326,false,Rx,0,8,5D,1D,3B,0,0,0,0,0
5504323,327,false,Rx,0,8,0,0,0,0,5,0,0,0
5504697,331,false,Rx,0,8,4E,52,3B,F1,C8,A0,2C,97
5507051,0000010B,false,Rx,0,8,D3,A8,55,0,0,0,0,5
5507086,0000010C,false,Rx,0,8,FF,F9,E7,1F,46,44,46,46
5507104,0000010D,false,Rx,0,8,10,3,0,0,0,0,1,35
5507122,0000010E,false,Rx,0,8,0,0,0A,0,0,C0,AB,57
5507140,000002AB,false,Rx,0,8,66,44,3C,0C,0C,0,0,0
5508444,000002AD,false,Rx,0,8,0,1,0,40,FF,FF,FF,0F
5508471,000002AE,false,Rx,0,8,1,0,FF,3F,1,1,0,0
5509028,000002B6,false,Rx,0,8,14,35,3C,1,0,0,0,40
5510242,000002B7,false,Rx,0,8,8,2,F0,0,0,4,0,0
5510261,251,false,Rx,0,8,9D,68,3B,0,0,0,0,0
5510279,252,false,Rx,0,8,0,0,0,0,3,0,0,0
5510297,000002B9,false,Rx,0,8,0A,0,0,0,0,0,0,0
5510314,253,false,Rx,0,8,0,0,0,51,51,0,80,44
5510346,000002E3,false,Rx,0,8,0,0,0,0,0,0,72,1
5511573,398,false,Rx,0,8,0,0,0,0,0,0,0,0
5511595,000002E4,false,Rx,0,8,2,0,0,0,0,0,0,0
5517599,383,false,Rx,0,8,12,ED,1,0,2,0,0,0
5521588,000001AB,false,Rx,0,8,57,E5,72,50,70,38,0,0
5521763,226,false,Rx,0,8,A7,93,17,FF,43,E1,5,42
5521781,000001AC,false,Rx,0,8,0,28,0,0,0,0,0,0
5521799,227,false,Rx,0,8,2,70,E1,8,0,F2,17,4
5521817,000000C5,false,Rx,0,8,0,0,0,0,0,0,0,0
5521834,000003A1,false,Rx,0,8,C8,9B,AE,0,FF,FF,FF,FF
5522714,244,false,Rx,0,8,FF,FF,FF,FF,FF,FF,FF,FF
5522746,0000019B,false,Rx,0,8,DC,93,53,0,0,E4,0,0
5522764,000003A2,false,Rx,0,8,0,0,0,0,0,0,0,0
5522782,0000019C,false,Rx,0,8,40,20,0,0,0,0,0B,9
5523789,000004B4,false,Rx,0,8,0,0,0,0,0,0,0,0
5523825,0000019D,false,Rx,0,8,0,10,0,1,0,0,0,0
5523843,000002D6,false,Rx,0,8,6,28,9D,0,0,0,0,0
5523861,0000019E,false,Rx,0,8,15,0,0,0,0,32,0,0
5524597,000002D7,false,Rx,0,8,0,0,0,0,3,0,0,0
5524636,000002EB,false,Rx,0,8,35,5C,9D,9,8,1,0,2
5524654,000002D8,false,Rx,0,8,0,0,0,0,0,0,38,45
5524671,000002EC,false,Rx,0,8,7,0,0,0,0,0,0,0
5526896,000002D9,false,Rx,0,8,0,0,0,0,0,0,0,0
5526995,000002ED,false,Rx,0,8,0,0,0,0,0,0,0,0
5528216,000004B5,false,Rx,0,8,8,0,F0,7,0,0,0,0
5528291,000002EE,false,Rx,0,8,0,0,0,0,0,0,0,0
5528309,000004B7,false,Rx,0,8,8,0,F0,7,0,0,0,0
5528327,000004CA,false,Rx,0,8,0,0,0,0,0,0,0,0
5528345,000004D8,false,Rx,0,8,41,10,F0,F0,40,F2,1E,CC
5528363,356,false,Rx,0,8,0,8A,9E,0,0,0,0,0
5528562,358,false,Rx,0,8,35,41,45,4D,52,37,33,4F
5529865,000004E7,false,Rx,0,8,0,30,0,0,0,0,69,0
5529913,359,false,Rx,0,8,51,4F,34,52,4A,35,33,0
5529931,000004E8,false,Rx,0,8,FF,FF,FF,5,FF,FF,FF,0
5529949,000004E9,false,Rx,0,8,12,0,0,34,0,0,50,0
5529966,000004EA,false,Rx,0,8,67,0,0,89,0,0,0,0
5529984,000004EB,false,Rx,0,8,10,80,32,39,80,0,0,0
5531274,000004EC,false,Rx,0,8,0,0,0,0,0,0,0,0
5531688,000004ED,false,Rx,0,8,0,0,0,0,0,FF,FF,1F
5531712,000004EE,false,Rx,0,8,FF,FF,0,0,0,0,0,0
5531730,121,false,Rx,0,8,F6,C2,56,0,0,0,0,5
5533052,123,false,Rx,0,8,11,3,0,0,0,0,1,35
5538520,161,false,Rx,0,8,CC,B9,25,3,0,0,0,2
5539102,162,false,Rx,0,8,FF,FC,1,0,0,0,0,0
5539129,36,false,Rx,0,8,CF,4F,58,51,0,0,25,1
5539148,37,false,Rx,0,8,0,0,0,10,0,40,0,0
5539165,38,false,Rx,0,8,4,0,0,0,90,38,96,D4
5539612,000003B6,false,Rx,0,8,14,B9,9C,0,0,0,0,46
5539651,000003B8,false,Rx,0,8,0C,3,0,0,0,0,69,0E
5539683,61,false,Rx,0,8,97,B7,5E,0,0,0,0,0
5539700,000003B9,false,Rx,0,8,0,0,0,0,0,0,0,0
5540969,62,false,Rx,0,8,2,2,0,2,40,FF,0,FF
5541143,000003C3,false,Rx,0,8,45,10,31,30,36,0,0,0
5541161,63,false,Rx,0,8,0,0,5,0,0,8,FD,0
5541179,000003E0,false,Rx,0,8,66,20,1,0,54,3,0,0
5541196,64,false,Rx,0,8,0,0,0,4,FF,FA,0,0
5541214,000003E5,false,Rx,0,8,37,80,1,0,0,0,0,0
5544381,000000A1,false,Rx,0,8,BF,2D,5E,1A,0,0,0,0
5544416,000003E6,false,Rx,0,8,67,90,0,0,0,0,0,0
5545574,91,false,Rx,0,8,20,82,3A,0,0,0,0,0
5546702,0000041A,false,Rx,0,8,8D,D0,12,0,0,0,0,0
5546773,92,false,Rx,0,8,0,0,0,0,0,0,0,0
5546792,000000A3,false,Rx,0,8,0,40,1,0,0,0,0,0
5546810,000001F2,false,Rx,0,8,0,0,0,0,0,0,0,0
5546827,432,false,Rx,0,8,3,20,2,0,0,0,0,0
5546845,0000012C,false,Rx,0,8,0,0,1,0,0,64,0,0
5547225,445,false,Rx,0,8,C6,C0,0,0,0,0,0,18
5548573,464,false,Rx,0,8,D5,20,F0,FF,38,7F,5,0
5551590,146,false,Rx,0,8,39,57,22,10,4,1,0,0
5551628,147,false,Rx,0,8,0,4,7D,0,40,0,0,0
5552598,148,false,Rx,0,8,0,0,0,0,0,90,40,5
5552629,149,false,Rx,0,8,0,0,0,0,0,0,0,0
5553901,516,false,Rx,0,8,61,2,0,0,0,0,FF,FF
5553936,495,false,Rx,0,8,49,0,0,0,0,0,0,0
5553954,000003AA,false,Rx,0,8,FF,0,B0,0,54,0,0,0
5556612,0000010B,false,Rx,0,8,52,DC,5A,0,0,0,0,5
5556652,0000010C,false,Rx,0,8,FF,F9,E7,1F,46,44,46,46
5556671,0000010D,false,Rx,0,8,10,3,0,0,0,0,1,35
5556689,000001B1,false,Rx,0,8,3C,CA,22,0,72,0,0,0
5556706,0000010E,false,Rx,0,8,0,0,0A,0,0,C0,AB,57
5557608,000001B2,false,Rx,0,8,23,0,4,0F,0F,7,52,10
5557642,000001B3,false,Rx,0,8,10,2C,0,0,87,91,96,90
5557660,000001B4,false,Rx,0,8,95,91,17,0,0,40,1,0
5561594,0000034B,false,Rx,0,8,EC,E9,B9,31,D8,0D,5,1
5561641,0000034C,false,Rx,0,8,0,0,0,0,0,0,0,0
5561659,0000034D,false,Rx,0,8,0,0,0,0,0,0,0,0
5562607,0000034E,false,Rx,0,8,0,0,0,0,0,0,0,0
5563647,380,false,Rx,0,8,AD,D7,FF,0,0,0,0,1
5563683,0000036F,false,Rx,0,8,4F,61,1,0,0,0,0,0
5564075,0000037F,false,Rx,0,8,4D,0,52,24,41,2,0,0
5565346,000001A1,false,Rx,0,8,FD,4,26,FE,F7,7F,64,0
5565381,000001A2,false,Rx,0,8,0,0,0,0,0,8,0,0
5565686,000001A3,false,Rx,0,8,FF,F3,3F,0,0,0,0,0
5565706,000001A4,false,Rx,0,8,FE,7,0,0,0,0,0,0
5566670,000003B0,false,Rx,0,8,72,37,FF,C7,0,0,3,C0
5568969,000003B1,false,Rx,0,8,9B,3C,FF,40,0,0,20,0
5569579,448,false,Rx,0,8,0,C0,0,0,0,0,0,0
5572602,0000019B,false,Rx,0,8,64,92,58,0,0,E4,0,0
5572641,0000019C,false,Rx,0,8,40,20,0,0,0,0,0B,9
5572661,0000019D,false,Rx,0,8,0,10,0,1,0,0,0,0
5573597,0000019E,false,Rx,0,8,15,0,0,0,0,32,0,0
5575623,000001E1,false,Rx,0,8,DA,60,76,2,0,0,0,0
5575664,000001E2,false,Rx,0,8,0,0,0,0,0,0,0,0
5578920,000003B2,false,Rx,0,8,36,15,FF,2,29,2F,34,0
5581586,121,false,Rx,0,8,FB,4,5B,0,0,0,0,5
5581623,122,false,Rx,0,8,FF,D9,67,1F,46,46,46,46
5581641,123,false,Rx,0,8,11,3,0,0,0,0,1,35
5582612,124,false,Rx,0,8,0,0,0A,0,0,0,20,40
5582647,427,false,Rx,0,8,1D,86,FF,0,80,0A,0,0
5586590,36,false,Rx,0,8,B0,63,5D,51,0,0,25,1
5586630,37,false,Rx,0,8,0,0,0,10,0,40,0,0
5586648,38,false,Rx,0,8,4,0,0,0,90,38,96,D4
5587601,39,false,Rx,0,8,0,0,0,0,0,0,0,0
5589916,61,false,Rx,0,8,F4,2C,63,0,0,0,0,0
5590091,62,false,Rx,0,8,2,2,0,2,40,FF,0,FF
5590109,63,false,Rx,0,8,0,0,5,0,0,8,FD,0
5590127,64,false,Rx,0,8,0,0,0,4,FF,FA,0,0
5590589,000000A1,false,Rx,0,8,7C,AE,63,1A,0,0,0,0
5590613,000000A2,false,Rx,0,8,0,0,0,0,0,0,0,0
5592331,000000A3,false,Rx,0,8,0,40,1,0,0,0,0,0
5592717,0000042A,false,Rx,0,8,F4,DE,FF,1,0,10,0,0
5595589,0000011B,false,Rx,0,8,BE,B2,50,5,80,8,A8,2
5595625,0000012B,false,Rx,0,8,F9,48,50,6,0,0,8,0
5595643,0000011C,false,Rx,0,8,0,5,20,0,22,0,1,1
5596607,0000012C,false,Rx,0,8,0,0,1,0,0,64,0,0
5596639,000001FB,false,Rx,0,8,3E,7F,3B,0,0,0,0,0
5596657,000001FC,false,Rx,0,8,0,0,0,0,0,0,0,0
5596674,000001FD,false,Rx,0,8,0,1A,3,0,0,0,0,0
5597830,000001FE,false,Rx,0,8,0,0,0,0,0,0,0,0
5602597,000004F0,false,Rx,0,8,4A,10,32,3A,58,1A,18,2
5606586,0000010B,false,Rx,0,8,2D,F0,5F,0,0,0,0,5
5606625,0000010C,false,Rx,0,8,FF,F9,E7,1F,46,44,46,46
5606643,0000010D,false,Rx,0,8,10,3,0,0,0,0,1,35
5606661,0000010E,false,Rx,0,8,0,0,0A,0,0,C0,AB,57
5607713,000002C1,false,Rx,0,8,23,5E,9F,21,0,41,0,AA
5607756,000002C2,false,Rx,0,8,1D,0,0,0,0,0,0,0
5607774,000002C3,false,Rx,0,8,0,0,0,0,0,0,0,0
5608840,000002C4,false,Rx,0,8,0,0,0,0,0,0,0,0
5611589,487,false,Rx,0,8,0,0,0,0,0,0,0,0
5612576,642,false,Rx,0,8,FF,FF,FF,FF,FF,FF,0,0
5620590,000001AB,false,Rx,0,8,A1,CD,77,50,70,38,0,0
5621598,000001AC,false,Rx,0,8,0,28,0,0,0,0,0,0
5621631,000002FF,false,Rx,0,8,E2,1,0,F1,3F,0,0,0
5621649,472,false,Rx,0,8,5C,EC,0,40,8,41,0,45
5622781,316,false,Rx,0,8,FC,C2,8C,34,14,80,0A,0
5622805,473,false,Rx,0,8,5F,24,0,25,0,0,0,78
5623222,317,false,Rx,0,8,0,0,5,0,0,0,0,0
5623257,0000019B,false,Rx,0,8,1B,BE,5D,0,0,E4,0,0
5623277,474,false,Rx,0,8,93,44,0,0,0,0,0,14
5624418,0000019D,false,Rx,0,8,0,10,0,1,0,0,0,0
5624494,0000019E,false,Rx,0,8,15,0,0,0,0,32,0,0
5627562,0000033B,false,Rx,0,8,21,66,3D,0,0,0,0,0
5627587,0000033C,false,Rx,0,8,0,0,0,0,F0,0,0,0
5627605,0000033D,false,Rx,0,8,0,0,0,0,0,0,0,0
5627623,0000033E,false,Rx,0,8,0,0,0,0,0,0,0,0
5631589,121,false,Rx,0,8,2D,58,60,0,0,0,0,5
5631629,401,false,Rx,0,8,A9,30,10,0,0,4,0,0
5631648,122,false,Rx,0,8,FF,D9,67,1F,46,46,46,46
5631672,123,false,Rx,0,8,11,3,0,0,0,0,1,35
5632602,124,false,Rx,0,8,0,0,0A,0,0,0,20,40
5635591,161,false,Rx,0,8,D6,C0,2A,3,0,0,0,2
5635630,162,false,Rx,0,8,FF,FC,1,0,0,0,0,0
5636603,36,false,Rx,0,8,5F,4A,62,51,0,0,25,1
5636635,37,false,Rx,0,8,0,0,0,10,0,40,0,0
5636653,38,false,Rx,0,8,4,0,0,0,90,38,96,D4
5637651,39,false,Rx,0,8,0,0,0,0,0,0,0,0
5638929,000002E6,false,Rx,0,8,16,A6,3A,1,0,0,0,15
5639346,256,false,Rx,0,8,73,56,3A,15,40,0,C0,0
5639391,000002E7,false,Rx,0,8,0A,0,0,0,0,0,0,0
5639412,257,false,Rx,0,8,0,93,41,14,86,7,0,93
5639430,000002E8,false,Rx,0,8,0,0,0,0,0,0,0,0
5639458,258,false,Rx,0,8,0B,74,1E,0,10,15,0,28
5639476,61,false,Rx,0,8,4C,2D,68,0,0,0,0,0
5640918,259,false,Rx,0,8,40,5,8A,3C,4C,2,0,0
5642234,62,false,Rx,0,8,2,2,0,2,40,FF,0,FF
5642305,000002E9,false,Rx,0,8,0,0,0,0,0,0,0,0
5642439,63,false,Rx,0,8,0,0,5,0,0,8,FD,0
5642457,64,false,Rx,0,8,0,0,0,4,FF,FA,0,0
5642486,000000A1,false,Rx,0,8,40,5F,68,1A,0,0,0,0
5642504,91,false,Rx,0,8,66,DB,3B,0,0,0,0,0
5642522,000000A2,false,Rx,0,8,0,0,0,0,0,0,0,0
5642799,000000A3,false,Rx,0,8,0,40,1,0,0,0,0,0
5645731,0000011B,false,Rx,0,8,48,9A,55,5,80,8,A8,2
5645768,0000012B,false,Rx,0,8,0F,60,55,6,0,0,8,0
5645795,0000011C,false,Rx,0,8,0,5,20,0,22,0,1,1
5645813,0000012C,false,Rx,0,8,0,0,1,0,0,64,0,0
5649604,000001E6,false,Rx,0,8,3A,2C,76,2,0,0,0,0
5649643,000002BF,false,Rx,0,8,FF,FF,FF,0,0,0,0,0
5649661,000001BB,false,Rx,0,8,7E,F4,76,2,0,0,0,0A
5649679,0000047F,false,Rx,0,8,FF,FF,FF,FF,FF,FF,F3,FF
5650628,000001BC,false,Rx,0,8,32,0,0,0,2,0,0,0
5650661,561,false,Rx,0,8,63,2,0,0,0,0,FF,FF
5650689,000001BD,false,Rx,0,8,0,0,0,0,0,0,0,0
5650707,653,false,Rx,0,8,0A,19,3,1,2,2A,0,0
5650725,000001E7,false,Rx,0,8,0,0,22,3,20,1,0,0
5652061,146,false,Rx,0,8,46,7B,27,10,4,1,0,0
5652468,147,false,Rx,0,8,0,4,7D,0,40,0,0,0
5652503,148,false,Rx,0,8,0,0,0,0,0,90,40,5
5652525,000004A3,false,Rx,0,8,80,0,48,0B,3E,0,0,0
5652637,149,false,Rx,0,8,0,0,0,0,0,0,0,0
5652664,000004A4,false,Rx,0,8,FF,FF,FF,0,0,0,0,0
5656619,0000010B,false,Rx,0,8,0D,79,64,0,0,0,0,5
5656659,0000010C,false,Rx,0,8,FF,F9,E7,1F,46,45,46,46
5656677,0000010D,false,Rx,0,8,10,3,0,0,0,0,1,35
5656695,000001B1,false,Rx,0,8,43,E6,27,0,72,0,0,0
5656712,0000010E,false,Rx,0,8,0,0,0A,0,0,C0,AB,57
5657984,000001B2,false,Rx,0,8,23,0,4,0F,0F,7,52,10
5658019,000001B3,false,Rx,0,8,10,2C,0,0,87,91,96,90
5658038,000001B4,false,Rx,0,8,95,91,17,0,0,40,1,0
5660584,475,false,Rx,0,8,12,0,0,0,0,0,0,0
5660610,496,false,Rx,0,8,12,0,0,0,0,0,0,0
5663566,0000036F,false,Rx,0,8,F6,71,1,0,0,0,0,0
5663589,0000037F,false,Rx,0,8,F4,10,52,24,41,2,0,0
5664564,111,false,Rx,0,8,C1,6B,93,1,0,0,0,0
5664590,112,false,Rx,0,8,0,0,0,0,0,0,0,0
5665564,113,false,Rx,0,8,0,0,0,0,0,0,0,0
5665589,114,false,Rx,0,8,0,0,0,0,0,0,0,0
5665607,000001A1,false,Rx,0,8,F0,C2,2B,FE,F7,7F,64,0
5665625,000001A2,false,Rx,0,8,0,0,0,0,0,8,0,0
5666570,000001A3,false,Rx,0,8,FF,F3,3F,0,0,0,0,0
5666595,000001A4,false,Rx,0,8,FE,7,0,0,0,0,0,0
5672567,0000019B,false,Rx,0,8,F4,97,62,0,0,E4,0,0
5672590,0000019C,false,Rx,0,8,40,20,0,0,0,0,0B,9
5672608,0000019D,false,Rx,0,8,0,10,0,1,0,0,0,0
5673564,0000019E,false,Rx,0,8,15,0,0,0,0,32,0,0
5676563,0000030B,false,Rx,0,8,B1,51,3D,0,4,0,0,0
5676582,0000030C,false,Rx,0,8,0,0,0E,0,2C,0,A0,0F
5676600,0000030D,false,Rx,0,8,0,0,0,0,FF,0,0,0
5677564,0000030E,false,Rx,0,8,0,0,38,5,21,0,0,4
5681564,121,false,Rx,0,8,52,74,65,0,0,0,0,5
5681583,122,false,Rx,0,8,FF,D9,67,1F,46,46,46,46
5681600,123,false,Rx,0,8,11,3,0,0,0,0,1,35
5682564,000004F0,false,Rx,0,8,4A,10,32,3A,58,1A,18,2
5682590,124,false,Rx,0,8,0,0,0A,0,0,0,20,40
5683605,405,false,Rx,0,8,BD,30,0,0,0,1,0,0
5683637,413,false,Rx,0,8,6F,30,0,0,0,0,0,0
5683655,410,false,Rx,0,8,4B,80,59,3C,16,6B,FF,FF
5684577,414,false,Rx,0,8,F0,10,0,0,28,0,0,0
5684601,411,false,Rx,0,8,A8,1,50,50,0,0,44,4
5684619,416,false,Rx,0,8,55,0,0,0,0,0,0,0
5684636,412,false,Rx,0,8,6D,60,0,0,0,0,0,0
5685576,417,false,Rx,0,8,5F,20,0,0,0,0,0,0
5685600,418,false,Rx,0,8,19,70,0,0,12,0C,0,0
5685619,419,false,Rx,0,8,C9,70,8D,D6,69,86,90,0
5686574,36,false,Rx,0,8,20,66,67,51,0,0,25,1
5686596,37,false,Rx,0,8,0,0,0,10,0,40,0,0
5686613,38,false,Rx,0,8,4,0,0,0,90,38,96,D4
5687569,39,false,Rx,0,8,0,0,0,0,0,0,0,0
5689567,61,false,Rx,0,8,33,1,6D,0,0,0,0,0
5689590,62,false,Rx,0,8,2,2,0,2,40,FF,0,FF
5690568,63,false,Rx,0,8,0,0,5,0,0,8,FD,0
5690590,64,false,Rx,0,8,0,0,0,4,FF,FA,0,0
5690607,000000A1,false,Rx,0,8,4F,B4,6D,1A,0,0,0,0
5690625,000000A2,false,Rx,0,8,0,0,0,0,0,0,0,0
5691569,000000A3,false,Rx,0,8,0,40,1,0,0,0,0,0
5694567,000001F1,false,Rx,0,8,80,E9,49,1,0,0,28,0
5694589,000001F2,false,Rx,0,8,0,0,0,0,0,0,0,0
5695569,151,false,Rx,0,8,21,A7,3D,A0,C8,0,28,19
5695590,000001F6,false,Rx,0,8,12,84,3D,0,0,0,0,0E
5695608,0000011B,false,Rx,0,8,52,E3,5A,5,80,8,A8,2
5695632,152,false,Rx,0,8,16,18,18,0,0B,0,0,0
5695649,0000011C,false,Rx,0,8,0,5,20,0,22,0,1,1
5696569,0000012B,false,Rx,0,8,15,19,5A,6,0,0,8,0
5696590,000001F7,false,Rx,0,8,0B,0,0,0,0,0,0,0
5696614,0000012C,false,Rx,0,8,0,0,1,0,0,64,0,0
5696632,000001F8,false,Rx,0,8,0,0,0,0,0,0,0,0
5697568,153,false,Rx,0,8,0,0,0,0,0,0,0,0
5697597,000001F9,false,Rx,0,8,0,0,A0,C8,14,0,0,0
5697614,154,false,Rx,0,8,0,0,0,0,0,0,0,0
5697632,236,false,Rx,0,8,83,79,3D,0,6E,3C,34,6C
5698575,000002FB,false,Rx,0,8,7D,8E,3D,4,5F,1A,CC,CC
5698596,237,false,Rx,0,8,0,15,BA,0,0,AA,1E,0
5698614,000002FC,false,Rx,0,8,3,0,16,19,0,0,8E,BF
5698632,238,false,Rx,0,8,0,0,5F,0,0,0,0,0
5699608,000002FD,false,Rx,0,8,0,0,0,0,0,1C,0E,EA
5699642,239,false,Rx,0,8,0,0,0,0,1,0,0,0
5699660,000002FE,false,Rx,0,8,0,0,72,1,0,28,0,0
5699678,0000025B,false,Rx,0,8,85,A8,3D,40,40,20,0,0
5700569,326,false,Rx,0,8,E8,DA,3D,0,0,0,0,0
5701174,0000025C,false,Rx,0,8,0,0,0B,0,34,89,19,0
5701197,327,false,Rx,0,8,0,0,0,0,5,0,0,0
5701215,0000025D,false,Rx,0,8,0,C8,0,0,0,80,C0,70
5701233,328,false,Rx,0,8,0,0,0,0,0,0,0,0
5701264,0000025E,false,Rx,0,8,B9,7,0E,0,0,0,0,0
5701281,329,false,Rx,0,8,A0,0,0,0,0,0,0,0
5701572,382,false,Rx,0,8,F1,7A,1,0,0,1,8,0
5702608,331,false,Rx,0,8,FB,95,3D,F1,C8,A0,2C,97
5702643,332,false,Rx,0,8,94,2,0,0,0,0,0,0
5702661,333,false,Rx,0,8,0,0,0,1C,0C,40,20,A0
5702679,334,false,Rx,0,8,C8,0,0,0,AC,70,1D,90
5706152,0000010B,false,Rx,0,8,0,BF,69,0,0,0,0,5
5706190,0000010C,false,Rx,0,8,FF,F9,E7,1F,46,45,46,46
5706209,0000010D,false,Rx,0,8,10,3,0,0,0,0,1,35
5706621,0000010E,false,Rx,0,8,0,0,0A,0,0,C0,AB,57
5706649,000002AB,false,Rx,0,8,EA,F6,3E,0C,0C,0,0,0
5708791,000002AC,false,Rx,0,8,0,FF,FF,0,0,40,0,50
5708885,415,false,Rx,0,8,40,13,10,0,8,1,0,0
5708904,000002AD,false,Rx,0,8,0,1,0,40,FF,FF,FF,0F
5708922,000002AE,false,Rx,0,8,1,0,FF,3F,1,1,0,0
5708940,000002B6,false,Rx,0,8,98,87,3E,1,0,0,0,40
5708957,251,false,Rx,0,8,97,DA,3D,0,0,0,0,0
5710447,253,false,Rx,0,8,0,0,0,51,51,0,80,44
5710482,000002B9,false,Rx,0,8,0A,0,0,0,0,0,0,0
5710500,396,false,Rx,0,8,DC,5F,9E,0F,8,2,0,2
5710518,000002E1,false,Rx,0,8,C9,D3,3E,0,0,0,0,40
5710536,397,false,Rx,0,8,42,0,0,0,0,0,0,0
5710970,398,false,Rx,0,8,0,0,0,0,0,0,0,0
5710993,000002E3,false,Rx,0,8,0,0,0,0,0,0,72,1
5711959,000002E4,false,Rx,0,8,2,0,0,0,0,0,0,0
5717625,383,false,Rx,0,8,12,ED,1,0,2,0,0,0
5719646,000001AB,false,Rx,0,8,69,34,7C,50,70,38,0,0
5720603,000001AC,false,Rx,0,8,0,28,0,0,0,0,0,0
5721737,226,false,Rx,0,8,99,42,19,FF,43,E1,5,42
5721766,227,false,Rx,0,8,2,70,E1,8,0,F2,17,4
5721784,000003A1,false,Rx,0,8,EC,33,AF,0,FF,FF,FF,FF
5721801,000003A2,false,Rx,0,8,0,0,0,0,0,0,0,0
5722623,0000019B,false,Rx,0,8,8B,BB,67,0,0,E4,0,0
5722657,0000019C,false,Rx,0,8,40,20,0,0,0,0,0B,9
5722675,000000C5,false,Rx,0,8,0,0,0,0,0,0,0,0
5723571,0000019D,false,Rx,0,8,0,10,0,1,0,0,0,0
5723592,244,false,Rx,0,8,FF,FF,FF,FF,FF,FF,FF,FF
5723610,0000019E,false,Rx,0,8,15,0,0,0,0,32,0,0
5723627,000002D6,false,Rx,0,8,CC,C3,9E,0,0,0,0,0
5725392,000002EB,false,Rx,0,8,2,8,9E,0A,8,1,0,2
5725428,000002D7,false,Rx,0,8,0,0,0,0,3,0,0,0
5725445,000002EC,false,Rx,0,8,2,0,0,0,0,0,0,0
5725463,000002D8,false,Rx,0,8,0,0,0,0,0,0,38,45
5725489,000002ED,false,Rx,0,8,0,0,0,0,0,0,0,0
5727122,000001E1,false,Rx,0,8,C0,19,79,2,0,0,0,0
5727172,419,false,Rx,0,8,26,80,8C,D6,69,86,90,0
5727190,000001E2,false,Rx,0,8,0,0,0,0,0,0,0,0
5727207,0000041F,false,Rx,0,8,0,0C,0,0,0,0,0,0
5727225,000004B4,false,Rx,0,8,0,0,0,0,0,0,0,0
5727243,000004B5,false,Rx,0,8,8,0,F0,7,0,0,0,0
5727582,356,false,Rx,0,8,46,D3,9F,0,0,0,0,0
5727605,000004CA,false,Rx,0,8,0,0,0,0,0,0,0,0
5729040,357,false,Rx,0,8,0,0,0,0,0,4B,4D,48
5730308,000004CC,false,Rx,0,8,8,0,0,6,0,0,3,0
5730340,358,false,Rx,0,8,35,41,45,4D,52,37,33,4F
5730358,000004CE,false,Rx,0,8,14,1,FF,FF,FF,FF,FF,FF
5730376,359,false,Rx,0,8,51,4F,34,52,4A,35,33,0
5730393,000004D8,false,Rx,0,8,41,10,F0,F0,40,F2,1E,CC
5730411,000004E8,false,Rx,0,8,FF,FF,FF,5,FF,FF,FF,0
5730577,000004E9,false,Rx,0,8,12,0,0,34,0,0,50,0
5731761,000004EA,false,Rx,0,8,67,0,0,89,0,0,0,0
5731796,121,false,Rx,0,8,D3,0,6A,0,0,0,0,5
5731814,000004EB,false,Rx,0,8,10,80,32,3A,80,0,0,0
5731832,122,false,Rx,0,8,FF,D9,67,1F,46,46,46,46
5732258,000004EC,false,Rx,0,8,0,0,0,0,0,0,0,0
5732289,123,false,Rx,0,8,11,3,0,0,0,0,1,35
5732308,000004ED,false,Rx,0,8,0,0,0,0,0,FF,FF,1F
5733306,124,false,Rx,0,8,0,0,0A,0,0,0,20,40
5733340,000004EE,false,Rx,0,8,FF,FF,0,0,0,0,0,0
5733358,000004EF,false,Rx,0,8,60,0,60,0,29,14,0,0
5733568,0000063D,false,Rx,0,8,0,80,0,0,0,0,0,0
5733588,0000063E,false,Rx,0,8,FF,FF,FF,FF,FF,FF,FF,FF
5734703,0000063F,false,Rx,0,8,0,10,0,C4,FF,0,0,0
5735607,161,false,Rx,0,8,20,E8,2F,3,0,0,0,2
5735634,162,false,Rx,0,8,FF,FC,1,0,0,0,0,0
5737244,36,false,Rx,0,8,98,67,6C,51,0,0,25,1
5737279,37,false,Rx,0,8,0,0,0,10,0,40,0,0
5739491,38,false,Rx,0,8,4,0,0,0,90,38,96,D4
5739727,39,false,Rx,0,8,0,0,0,0,0,0,0,0
5739746,000000FF,false,Rx,0,8,CB,10,0,0,0,0,2,0
5739775,384,false,Rx,0,8,E9,DC,2,0,0,FF,0,21
5739793,394,false,Rx,0,8,2A,22,1A,49,0,0,0,0
5739811,000003C3,false,Rx,0,8,45,10,31,30,36,0,0,0
5739828,62,false,Rx,0,8,2,2,0,2,40,FF,0,FF
5740902,000003B9,false,Rx,0,8,0,0,0,0,0,0,0,0
5740938,63,false,Rx,0,8,0,0,5,0,0,8,FD,0
5740956,000003E0,false,Rx,0,8,66,20,1,0,54,3,0,0
5740974,64,false,Rx,0,8,0,0,0,4,FF,FA,0,0
5743860,000003E5,false,Rx,0,8,37,80,1,0,0,0,0,0
5743929,000000A1,false,Rx,0,8,2C,D9,72,1A,0,0,0,0
5743965,000003E6,false,Rx,0,8,67,90,0,0,0,0,0,0
5743982,91,false,Rx,0,8,95,45,3C,0,0,0,0,0
5744000,0000041A,false,Rx,0,8,8D,D0,12,0,0,0,0,0
5744018,0000041B,false,Rx,0,8,70,D0,0,0,0,0,0,0
5744035,432,false,Rx,0,8,3,20,2,0,0,0,0,0
5744566,000000A3,false,Rx,0,8,0,40,1,0,0,0,0,0
5744594,435,false,Rx,0,8,26,C0,0,40,0,0,0,0
5745563,442,false,Rx,0,8,CE,20,11,81,0,0,0,0
5745589,0000011B,false,Rx,0,8,A4,CB,5F,5,80,8,A8,2
5745607,0000012B,false,Rx,0,8,E3,31,5F,6,0,0,8,0
5745625,0000011C,false,Rx,0,8,0,5,20,0,22,0,1,1
5747112,0000012C,false,Rx,0,8,0,0,1,0,0,64,0,0
5747147,444,false,Rx,0,8,D5,20,20,50,55,50,0,0
5747165,445,false,Rx,0,8,C6,C0,0,0,0,0,0,18
5747182,464,false,Rx,0,8,D5,20,F0,FF,38,7F,5,0
5747576,563,false,Rx,0,8,65,2,0,0,0,0,FF,FF
5751703,146,false,Rx,0,8,FE,7A,2C,10,4,1,0,0
5751798,147,false,Rx,0,8,0,4,7D,0,40,0,0,0
5751816,148,false,Rx,0,8,0,0,0,0,0,90,40,5
5754613,149,false,Rx,0,8,0,0,0,0,0,0,0,0
5754693,495,false,Rx,0,8,49,0,0,0,0,0,0,0
5754712,000003AA,false,Rx,0,8,FF,0,B0,0,54,0,0,0
5757139,0000010B,false,Rx,0,8,5,F4,6E,0,0,0,0,5
5757525,0000010C,false,Rx,0,8,FF,F9,E7,1F,46,44,46,46
5757649,0000010D,false,Rx,0,8,10,3,0,0,0,0,1,35
5757671,000001B1,false,Rx,0,8,FB,E7,2C,0,72,0,0,0
5757689,0000010E,false,Rx,0,8,0,0,0A,0,0,C0,AB,57
5757707,000001B4,false,Rx,0,8,95,91,17,0,0,40,1,0
5764123,380,false,Rx,0,8,AD,D7,FF,0,0,0,0,1
5764161,0000036F,false,Rx,0,8,5F,81,1,0,0,0,0,0
5764179,419,false,Rx,0,8,26,80,8C,D6,69,86,90,0
5764197,0000037F,false,Rx,0,8,22,20,52,24,41,2,0,0
5766749,000001A1,false,Rx,0,8,8D,7,30,FE,F7,7F,64,0
5766784,000001A2,false,Rx,0,8,0,0,0,0,0,8,0,0
5766802,000001A3,false,Rx,0,8,FF,F3,3F,0,0,0,0,0
5766819,000001A4,false,Rx,0,8,FE,7,0,0,0,0,0,0
5766837,000003B0,false,Rx,0,8,72,37,FF,C7,0,0,3,C0
5768789,000003B1,false,Rx,0,8,9B,3C,FF,40,0,0,20,0
5769577,448,false,Rx,0,8,0,C0,0,0,0,0,0,0
5772317,0000019B,false,Rx,0,8,33,BA,6C,0,0,E4,0,0
5772355,0000019C,false,Rx,0,8,40,20,0,0,0,0,0B,9
5772563,0000019D,false,Rx,0,8,0,10,0,1,0,0,0,0
5775989,0000019E,false,Rx,0,8,15,0,0,0,0,32,0,0
5778601,000003B2,false,Rx,0,8,36,15,FF,2,29,2F,34,0
5781588,121,false,Rx,0,8,AC,2C,6F,0,0,0,0,5
5781630,122,false,Rx,0,8,FF,D9,67,1F,46,46,46,46
5781648,123,false,Rx,0,8,11,3,0,0,0,0,1,35
5782603,124,false,Rx,0,8,0,0,0A,0,0,0,20,40
5782637,427,false,Rx,0,8,1D,86,FF,0,80,0A,0,0
5786593,36,false,Rx,0,8,50,65,71,51,0,0,25,1
5786633,37,false,Rx,0,8,0,0,0,10,0,40,0,0
5786653,38,false,Rx,0,8,4,0,0,0,90,38,96,D4
5787603,39,false,Rx,0,8,0,0,0,0,0,0,0,0
5789629,652,false,Rx,0,8,0,0,0,0C,0,0,0,0
5789672,61,false,Rx,0,8,8,9D,77,0,0,0,0,0
5789690,62,false,Rx,0,8,2,2,0,2,40,FF,0,FF
5790658,63,false,Rx,0,8,0,0,5,0,0,8,FD,0
5790691,64,false,Rx,0,8,0,0,0,4,FF,FA,0,0
5790709,000000A1,false,Rx,0,8,23,32,77,1A,0,0,0,0
5790727,000000A2,false,Rx,0,8,0,0,0,0,0,0,0,0
5791635,000000A3,false,Rx,0,8,0,40,1,0,0,0,0,0
5792872,0000042A,false,Rx,0,8,F4,DE,FF,1,0,10,0,0
5795309,0000011B,false,Rx,0,8,72,57,64,5,80,8,A8,2
5795344,0000012B,false,Rx,0,8,35,AD,64,6,0,0,8,0
5795563,0000011C,false,Rx,0,8,0,5,20,0,22,0,1,1
5796666,0000012C,false,Rx,0,8,0,0,1,0,0,64,0,0
5796701,000001FB,false,Rx,0,8,8B,B8,3D,0,0,0,0,0
5796719,000001FC,false,Rx,0,8,0,0,0,0,0,0,0,0
5796737,000001FD,false,Rx,0,8,0,1A,3,0,0,0,0,0
5797948,000001FE,false,Rx,0,8,0,0,0,0,0,0,0,0
5799292,000001E6,false,Rx,0,8,20,55,79,2,0,0,0,0
5800531,000001BB,false,Rx,0,8,4E,D9,79,2,0,0,0,0A
5800742,000001BC,false,Rx,0,8,32,0,0,0,2,0,0,0
5800765,000001BD,false,Rx,0,8,0,0,0,0,0,0,0,0
5800783,000001E7,false,Rx,0,8,0,0,22,3,20,1,0,0
5803596,419,false,Rx,0,8,26,80,8C,D6,69,86,90,0
5803637,000004E8,false,Rx,0,8,FF,FF,FF,5,FF,FF,FF,0
5806046,0000010B,false,Rx,0,8,3B,23,73,0,0,0,0,5
5806081,0000010C,false,Rx,0,8,FF,F9,E7,1F,46,45,46,46
5807145,0000010D,false,Rx,0,8,10,3,0,0,0,0,1,35
5807182,0000010E,false,Rx,0,8,0,0,0A,0,0,C0,AB,57
5807232,000002C1,false,Rx,0,8,CC,77,A0,21,0,41,0,AA
5808471,000002C2,false,Rx,0,8,1D,0,0,0,0,0,0,0
5808507,000002C3,false,Rx,0,8,0,0,0,0,0,0,0,0
5808940,000002C4,false,Rx,0,8,0,0,0,0,0,0,0,0
5808965,652,false,Rx,0,8,0,0,0,4,0,0,0,0
5813594,487,false,Rx,0,8,0,0,0,0,0,0,0,0
5815365,642,false,Rx,0,8,FF,FF,FF,FF,FF,FF,0,0
5819593,000001AB,false,Rx,0,8,5D,EC,81,50,70,38,0,0
5820594,000001AC,false,Rx,0,8,0,28,0,0,0,0,0,0
5821939,316,false,Rx,0,8,D8,6A,8D,34,14,80,0A,0
5821974,317,false,Rx,0,8,0,0,5,0,0,0,0,0
5821993,000003CB,false,Rx,0,8,36,14,0,F4,0,0,0,0
5822010,472,false,Rx,0,8,5C,EC,0,40,8,41,0,45
5822402,000003CC,false,Rx,0,8,36,31,34,30,33,34,31,0
5822427,473,false,Rx,0,8,5F,24,0,25,0,0,0,78
5823531,0000019B,false,Rx,0,8,FB,B8,71,0,0,E4,0,0
5823664,474,false,Rx,0,8,93,44,0,0,0,0,0,14
5823683,0000019C,false,Rx,0,8,40,20,0,0,0,0,0B,9
5823700,0000019D,false,Rx,0,8,0,10,0,1,0,0,0,0
5823718,0000019E,false,Rx,0,8,15,0,0,0,0,32,0,0
5823736,000002FF,false,Rx,0,8,E2,1,0,F1,3F,0,0,0
5826988,0000033B,false,Rx,0,8,AD,D4,3F,0,0,0,0,0
5827030,0000033C,false,Rx,0,8,0,0,0,0,F0,0,0,0
5827593,0000033D,false,Rx,0,8,0,0,0,0,0,0,0,0
5827623,0000033E,false,Rx,0,8,0,0,0,0,0,0,0,0
5831589,121,false,Rx,0,8,D1,E9,74,0,0,0,0,5
5831628,122,false,Rx,0,8,FF,D9,67,1F,46,46,46,46
5831652,401,false,Rx,0,8,A9,30,10,0,0,4,0,0
5831670,123,false,Rx,0,8,11,3,0,0,0,0,1,35
5832601,124,false,Rx,0,8,0,0,0A,0,0,0,20,40
5835594,161,false,Rx,0,8,E2,32,34,3,0,0,0,2
5835633,162,false,Rx,0,8,FF,FC,1,0,0,0,0,0
5836600,36,false,Rx,0,8,A3,FB,76,51,0,0,25,1
5836634,37,false,Rx,0,8,0,0,0,10,0,40,0,0
5836652,38,false,Rx,0,8,4,0,0,0,90,38,96,D4
5837685,39,false,Rx,0,8,0,0,0,0,0,0,0,0
5839152,000002E6,false,Rx,0,8,A3,61,3C,1,0,0,0,15
5839187,256,false,Rx,0,8,33,9F,3C,15,40,0,B0,0
5839577,000002E7,false,Rx,0,8,0A,0,0,0,0,0,0,0
5840650,257,false,Rx,0,8,0,93,41,13,86,7,0,93
5840670,000002E8,false,Rx,0,8,0,0,0,0,0,0,0,0
5840702,258,false,Rx,0,8,0B,76,1E,0,10,15,0,28
5840719,61,false,Rx,0,8,B0,9C,7C,0,0,0,0,0
5840737,259,false,Rx,0,8,37,5,89,3C,4C,2,0,0
5840755,64,false,Rx,0,8,0,0,0,4,FF,FA,0,0
5841863,000000A1,false,Rx,0,8,1F,C3,7C,1A,0,0,0,0
5841898,91,false,Rx,0,8,D3,1C,3D,0,0,0,0,0
5842316,92,false,Rx,0,8,0,0,0,0,0,0,0,0
5842340,93,false,Rx,0,8,0,0,0,0,0,0,0,0
5842358,94,false,Rx,0,8,0,0,0,0,0,0,0,0
5842375,000000A2,false,Rx,0,8,0,0,0,0,0,0,0,0
5843315,000000A3,false,Rx,0,8,0,40,1,0,0,0,0,0
5843573,000004E8,false,Rx,0,8,FF,FF,FF,5,FF,FF,FF,0
5845193,000001F1,false,Rx,0,8,76,C1,4C,1,0,0,28,0
5845228,000001F2,false,Rx,0,8,0,0,0,0,0,0,0,0
5845247,0000011B,false,Rx,0,8,1,6E,69,5,80,8,A8,2
5846382,0000012B,false,Rx,0,8,46,94,69,6,0,0,8,0
5846417,0000011C,false,Rx,0,8,0,5,20,0,22,0,1,1
5846435,0000012C,false,Rx,0,8,0,0,1,0,0,64,0,0
5847975,565,false,Rx,0,8,66,2,0,0,0,0,FF,FF
5849618,000002BF,false,Rx,0,8,FF,FF,FF,0,0,0,0,0
5850013,0000047F,false,Rx,0,8,FF,FF,FF,FF,FF,FF,F3,FF
5851241,652,false,Rx,0,8,0,0,0,4,0,0,0,0
5851269,653,false,Rx,0,8,0A,19,3,1,2,2A,0,0
5852338,146,false,Rx,0,8,36,78,31,10,4,1,0,0
5852361,147,false,Rx,0,8,0,4,7D,0,40,0,0,0
5852379,148,false,Rx,0,8,0,0,0,0,0,90,40,5
5852396,149,false,Rx,0,8,0,0,0,0,0,0,0,0
5853892,000004A3,false,Rx,0,8,80,0,48,0B,3E,0,0,0
5853927,000004A4,false,Rx,0,8,FF,FF,FF,0,0,0,0,0
5856360,0000010B,false,Rx,0,8,75,F7,78,0,0,0,0,5
5856395,0000010C,false,Rx,0,8,FF,F9,E7,1F,46,44,46,46
5856413,0000010D,false,Rx,0,8,10,3,0,0,0,0,1,35
5856431,000001B1,false,Rx,0,8,33,E5,31,0,72,0,0,0
5856841,0000010E,false,Rx,0,8,0,0,0A,0,0,C0,AB,57
5856867,000001B2,false,Rx,0,8,23,0,4,0F,0F,7,52,10
5857910,000001B3,false,Rx,0,8,10,2C,0,0,87,91,96,90
5857944,000001B4,false,Rx,0,8,95,91,17,0,0,40,1,0
5860613,475,false,Rx,0,8,12,0,0,0,0,0,0,0
5860649,496,false,Rx,0,8,12,0,0,0,0,0,0,0
5863323,0000036F,false,Rx,0,8,E6,91,1,0,0,0,0,0
5863358,0000037F,false,Rx,0,8,9B,30,52,24,41,2,0,0
5865416,111,false,Rx,0,8,32,F5,94,1,0,0,0,0
5865453,112,false,Rx,0,8,0,0,0,0,0,0,0,0
5865472,113,false,Rx,0,8,0,0,0,0,0,0,0,0
5865490,114,false,Rx,0,8,0,0,0,0,0,0,0,0
5865508,000001A1,false,Rx,0,8,F2,2B,35,FE,F7,7F,64,0
5865858,000001A2,false,Rx,0,8,0,0,0,0,0,8,0,0
5865886,000001A3,false,Rx,0,8,FF,F3,3F,0,0,0,0,0
5865929,000001A4,false,Rx,0,8,FE,7,0,0,0,0,0,0
5872595,0000019B,false,Rx,0,8,8,26,76,0,0,E4,0,0
5872634,0000019C,false,Rx,0,8,40,20,0,0,0,0,0B,9
5872652,0000019D,false,Rx,0,8,0,10,0,1,0,0,0,0
5873603,0000019E,false,Rx,0,8,15,0,0,0,0,32,0,0
5875659,000001E1,false,Rx,0,8,36,31,7C,2,0,0,0,0
5875701,000001E2,false,Rx,0,8,0,0,0,0,0,0,0,0
5876599,0000030B,false,Rx,0,8,7C,84,3F,0,4,0,0,0
5876632,0000030C,false,Rx,0,8,0,0,0E,0,2C,0,A0,0F
5876650,0000030D,false,Rx,0,8,0,0,0,0,48,0,0,0
5878281,0000030E,false,Rx,0,8,0,0,38,5,21,0,0,0A
5881588,121,false,Rx,0,8,DC,2F,79,0,0,0,0,5
5881625,122,false,Rx,0,8,FF,D9,67,1F,46,46,46,46
5881643,123,false,Rx,0,8,11,3,0,0,0,0,1,35
5882580,124,false,Rx,0,8,0,0,0A,0,0,0,20,40
5883565,405,false,Rx,0,8,BD,30,0,0,0,1,0,0
5885761,413,false,Rx,0,8,6F,30,0,0,0,0,0,0
5885842,410,false,Rx,0,8,4B,80,59,3C,16,6B,FF,FF
5885862,414,false,Rx,0,8,F0,10,0,0,28,0,0,0
5885879,411,false,Rx,0,8,A8,1,50,50,0,0,44,4
5885897,416,false,Rx,0,8,55,0,0,0,0,0,0,0
5885915,412,false,Rx,0,8,6D,60,0,0,0,0,0,0
5886679,36,false,Rx,0,8,AE,3D,7B,51,0,0,25,1
5886697,37,false,Rx,0,8,0,0,0,10,0,40,0,0
5886714,38,false,Rx,0,8,4,0,0,0,90,38,96,D4
5887834,39,false,Rx,0,8,0,0,0,0,0,0,0,0
5889627,652,false,Rx,0,8,0,0,0,4,0,0,0,0
5889665,61,false,Rx,0,8,4A,62,81,0,0,0,0,0
5890046,62,false,Rx,0,8,2,2,0,2,40,FF,0,FF
5890066,63,false,Rx,0,8,0,0,5,0,0,8,FD,0
5891146,64,false,Rx,0,8,0,0,0,4,FF,FA,0,0
5891182,000000A1,false,Rx,0,8,6B,73,81,1A,0,0,0,0
5891583,000000A2,false,Rx,0,8,0,0,0,0,0,0,0,0
5891609,000000A3,false,Rx,0,8,0,40,1,0,0,0,0,0
5895271,151,false,Rx,0,8,AD,15,3F,A0,C8,0,28,19
5895327,000001F6,false,Rx,0,8,9E,36,3F,0,0,0,0,0E
5895345,0000011B,false,Rx,0,8,9E,6,6E,5,80,8,A8,2
5895363,152,false,Rx,0,8,16,18,18,0,0B,0,0,0
5895641,0000011C,false,Rx,0,8,0,5,20,0,22,0,1,1
5896593,0000012B,false,Rx,0,8,D9,FC,6E,6,0,0,8,0
5896620,000001F7,false,Rx,0,8,0B,0,0,0,0,0,0,0
5897593,0000012C,false,Rx,0,8,0,0,1,0,0,64,0,0
5897633,000001F8,false,Rx,0,8,0,0,0,0,0,0,0,0
5897650,153,false,Rx,0,8,0,0,0,0,0,0,0,0
5897668,000001F9,false,Rx,0,8,0,0,A0,C8,14,0,0,0
5897686,154,false,Rx,0,8,0,0,0,0,0,0,0,0
5897704,236,false,Rx,0,8,0F,CB,3F,0,6E,3C,34,6C
5899153,000002FB,false,Rx,0,8,F1,3C,3F,4,5F,1A,CC,CC
5899188,237,false,Rx,0,8,0,15,BA,0,0,AA,1E,0
5899220,000002FC,false,Rx,0,8,3,0,16,19,0,0,8E,BF
5899238,238,false,Rx,0,8,0,0,5F,0,0,0,0,0
5899256,000002FD,false,Rx,0,8,0,0,0,0,0,1C,0E,EA
5899273,000002FE,false,Rx,0,8,0,0,72,1,0,28,0,0
5899709,0000025B,false,Rx,0,8,FC,63,3F,40,40,20,0,0
5899736,326,false,Rx,0,8,64,68,3F,0,0,0,0,0
5900895,0000025C,false,Rx,0,8,0,0,0B,0,34,89,19,0
5900932,327,false,Rx,0,8,0,0,0,0,5,0,0,0
5900950,0000025D,false,Rx,0,8,0,C8,0,0,0,80,C0,70
5900967,328,false,Rx,0,8,0,0,0,0,0,0,0,0
5900985,0000025E,false,Rx,0,8,4,7,0E,1,0,0,0,0
5901575,329,false,Rx,0,8,A0,0,0,0,0,0,0,0
5901601,382,false,Rx,0,8,F1,7A,1,0,0,1,8,0
5903136,331,false,Rx,0,8,77,27,3F,F1,C8,A0,2C,97
5903170,332,false,Rx,0,8,94,2,0,0,0,0,0,0
5903187,333,false,Rx,0,8,0,0,0,1C,0C,40,20,A0
5903205,334,false,Rx,0,8,C8,0,0,0,AC,70,1D,90
5906200,0000010B,false,Rx,0,8,0A,DB,7D,0,0,0,0,5
5906235,0000010C,false,Rx,0,8,FF,F9,E7,1F,46,44,46,46
5906253,0000010D,false,Rx,0,8,10,3,0,0,0,0,1,35
5906584,0000010E,false,Rx,0,8,0,0,0A,0,0,C0,AB,57
5907587,000002AB,false,Rx,0,8,34,A5,40,0C,0C,0,0,0
5907613,000002AC,false,Rx,0,8,0,FF,FF,0,0,40,0,50
5907639,000002AD,false,Rx,0,8,0,1,0,40,FF,FF,FF,0F
5907656,000002AE,false,Rx,0,8,1,0,FF,3F,1,1,0,0
5907674,000002B6,false,Rx,0,8,46,D4,40,1,0,0,0,40
5908804,000002B7,false,Rx,0,8,8,2,F0,0,0,4,0,0
5908838,251,false,Rx,0,8,91,B4,3F,0,0,0,0,0
5908856,000002B8,false,Rx,0,8,AA,11,11,0,0,0,0,0
5908891,252,false,Rx,0,8,0,0,0,0,3,0,0,0
5908908,000002B9,false,Rx,0,8,0A,0,0,0,0,0,0,0
5909651,253,false,Rx,0,8,0,0,0,51,51,0,80,44
5909680,000002E1,false,Rx,0,8,17,80,40,0,0,0,0,40
5909698,396,false,Rx,0,8,C7,FF,9F,0F,8,1,0,2
5909886,000002E2,false,Rx,0,8,FD,0,0,0,0,14,0,4
5911454,397,false,Rx,0,8,10,0,0,0,0,0,0,0
5911493,000002E3,false,Rx,0,8,0,0,0,0,0,0,72,1
5911512,398,false,Rx,0,8,0,0,0,0,0,0,0,0
5911530,000002E4,false,Rx,0,8,2,0,0,0,0,0,0,0
5917574,383,false,Rx,0,8,12,ED,1,0,2,0,0,0
5920580,000001AB,false,Rx,0,8,C2,84,86,50,70,38,0,0
5921575,226,false,Rx,0,8,F0,2,1B,FF,43,E1,5,42
5921601,000001AC,false,Rx,0,8,0,28,0,0,0,0,0,0
5921621,227,false,Rx,0,8,2,70,E1,8,0,F2,17,4
5921638,000003A1,false,Rx,0,8,FC,69,B0,0,FF,FF,FF,FF
5922564,000003A2,false,Rx,0,8,0,0,0,0,0,0,0,0
5922588,0000019B,false,Rx,0,8,5,E0,7B,0,0,E4,0,0
5922606,0000019C,false,Rx,0,8,40,20,0,0,0,0,0B,9
5922624,0000019D,false,Rx,0,8,0,10,0,1,0,0,0,0
5923569,0000019E,false,Rx,0,8,15,0,0,0,0,32,0,0
5923590,000002D6,false,Rx,0,8,8A,9A,9F,0,0,0,0,0
5923608,000002EB,false,Rx,0,8,1E,D3,9F,9,8,1,0,2
5924566,000002D7,false,Rx,0,8,0,0,0,0,3,0,0,0
5924589,000002EC,false,Rx,0,8,2,0,0,0,0,0,0,0
5924607,000002D8,false,Rx,0,8,0,0,0,0,0,0,38,45
5924624,000000C5,false,Rx,0,8,0,0,0,0,0,0,0,0
5925566,000002D9,false,Rx,0,8,0,0,0,0,0,0,0,0
5925588,244,false,Rx,0,8,FF,FF,FF,FF,FF,FF,FF,FF
5925606,000002ED,false,Rx,0,8,0,0,0,0,0,0,0,0
5925623,000004B4,false,Rx,0,8,0,0,0,0,0,0,0,0
5927247,000002EE,false,Rx,0,8,0,0,0,0,0,0,0,0
5927286,000004B5,false,Rx,0,8,8,0,F0,7,0,0,0,0
5927313,000004B7,false,Rx,0,8,8,0,F0,7,0,0,0,0
5927331,000004CA,false,Rx,0,8,0,0,0,0,0,0,0,0
5927349,000004CC,false,Rx,0,8,8,0,0,6,0,0,3,0
5927366,356,false,Rx,0,8,A9,FA,A0,0,0,0,0,0
5927705,000004D7,false,Rx,0,8,23,1,0,0,0,0,0,0
5928589,357,false,Rx,0,8,0,0,0,0,0,4B,4D,48
5928617,000004D8,false,Rx,0,8,41,10,F0,F0,40,F2,1E,CC
5928634,358,false,Rx,0,8,35,41,45,4D,52,37,33,4F
5928652,000004DD,false,Rx,0,8,0,0,FE,0,4,0,0,0
5929577,359,false,Rx,0,8,51,4F,34,52,4A,35,33,0
5929605,000004DF,false,Rx,0,8,FF,3,0C,3F,0,0,0,0
5929624,000004E7,false,Rx,0,8,0,30,0,0,0,0,69,0
5929641,000004E8,false,Rx,0,8,FF,FF,FF,5,FF,FF,FF,0
5930908,000004E9,false,Rx,0,8,12,0,0,34,0,0,50,0
5930942,000004EA,false,Rx,0,8,67,0,0,89,0,0,0,0
5931194,000004EB,false,Rx,0,8,10,80,32,3A,80,0,0,0
5931216,000004EC,false,Rx,0,8,0,0,0,0,0,0,0,0
5931233,000004ED,false,Rx,0,8,0,0,0,0,0,FF,FF,1F
5931251,121,false,Rx,0,8,2F,B1,7E,0,0,0,0,5
5931575,000004EE,false,Rx,0,8,FF,FF,0,0,0,0,0,0
5931595,122,false,Rx,0,8,FF,D9,67,1F,46,46,46,46
5932566,000004EF,false,Rx,0,8,60,0,60,0,29,14,0,0
5932586,123,false,Rx,0,8,11,3,0,0,0,0,1,35
5932604,000004F0,false,Rx,0,8,4A,10,32,3A,58,1A,18,2
5932622,124,false,Rx,0,8,0,0,0A,0,0,0,20,40
5933665,000004F1,false,Rx,0,8,0,C0,0,0,0,0,0,0
5933697,000004F2,false,Rx,0,8,2,FF,DD,FF,3,1,0,0
5933715,000004F3,false,Rx,0,8,0,0,0,0,F0,0,0,0
5933732,000004F9,false,Rx,0,8,E0,FF,FF,FF,FF,FF,FF,FF
5935169,000004FE,false,Rx,0,8,69,23,0,3,CF,0,48,A8
5935242,0000063D,false,Rx,0,8,0,80,0,0,0,0,0,0
5935260,0000063E,false,Rx,0,8,FF,FF,FF,FF,FF,FF,FF,FF
5935278,0000063F,false,Rx,0,8,0,10,0,C4,FF,0,0,0
5935295,640,false,Rx,0,8,FF,FF,FF,0,FF,FF,FF,0
5935313,641,false,Rx,0,8,FF,FF,FF,FF,0F,FF,FF,FF
5935580,161,false,Rx,0,8,91,0B,39,3,0,0,0,2
5937678,646,false,Rx,0,8,0,0,0,80,1,0,0,0
5937711,162,false,Rx,0,8,FF,FC,1,0,0,0,0,0
5937728,000000FF,false,Rx,0,8,CB,10,0,0,0,0,2,0
5937746,36,false,Rx,0,8,E1,4,80,51,0,0,25,1
5937764,37,false,Rx,0,8,0,0,0,10,0,40,0,0
5938576,384,false,Rx,0,8,E9,DC,2,0,0,FF,0,21
5938599,394,false,Rx,0,8,2A,22,1A,49,0,0,0,0
5938617,000003B6,false,Rx,0,8,98,0B,9E,0,0,0,0,46
5940588,000003B7,false,Rx,0,8,46,0,0,0,0,0,0,0
5940621,000003B8,false,Rx,0,8,0C,3,0,0,0,0,69,0E
5940639,61,false,Rx,0,8,B9,FC,86,0,0,0,0,0
5940656,000003B9,false,Rx,0,8,0,0,0,0,0,0,0,0
5940950,62,false,Rx,0,8,2,2,0,2,40,FF,0,FF
5940972,000003E0,false,Rx,0,8,66,20,1,0,54,3,0,0
5940990,64,false,Rx,0,8,0,0,0,4,FF,FA,0,0
5942177,000003E5,false,Rx,0,8,37,80,1,0,0,0,0,0
5942209,000000A1,false,Rx,0,8,62,F6,86,1A,0,0,0,0
5942226,000003E6,false,Rx,0,8,67,90,0,0,0,0,0,0
5942244,91,false,Rx,0,8,19,F7,3E,0,0,0,0,0
5942262,92,false,Rx,0,8,0,0,0,0,0,0,0,0
5942708,0000041A,false,Rx,0,8,8D,D0,12,0,0,0,0,0
5942735,93,false,Rx,0,8,0,0,0,0,0,0,0,0
5943583,0000041B,false,Rx,0,8,70,D0,0,0,0,0,0,0
5943610,94,false,Rx,0,8,0,0,0,0,0,0,0,0
5943628,0000041C,false,Rx,0,8,48,0,E0,0,0,0,0,0
5943646,000000A2,false,Rx,0,8,0,0,0,0,0,0,0,0
5944581,422,false,Rx,0,8,9D,70,1,0,0,0,4,0
5944608,000000A3,false,Rx,0,8,0,40,1,0,0,0,0,0
5944626,566,false,Rx,0,8,16,2,0,0,0,0,FF,FF
5946061,432,false,Rx,0,8,3,20,2,0,0,0,0,0
5946104,0000012B,false,Rx,0,8,A0,E6,73,6,0,0,8,0
5946124,0000011B,false,Rx,0,8,E7,1C,73,5,80,8,A8,2
5946141,0000012C,false,Rx,0,8,0,0,1,0,0,64,0,0
5946159,0000011C,false,Rx,0,8,0,5,20,0,22,0,1,1
5946177,435,false,Rx,0,8,26,C0,0,40,0,0,0,0
5946571,442,false,Rx,0,8,CE,20,11,81,0,0,0,0
5947569,444,false,Rx,0,8,D5,20,20,50,55,50,0,0
5947588,445,false,Rx,0,8,C6,C0,0,0,0,0,0,18
5947606,464,false,Rx,0,8,D5,20,F0,FF,38,7F,5,0
5949564,000001E6,false,Rx,0,8,D6,7D,7C,2,0,0,0,0
5949587,000001BB,false,Rx,0,8,41,32,7C,2,0,0,0,0A
5949605,000001BC,false,Rx,0,8,32,0,0,0,2,0,0,0
5949622,000001BD,false,Rx,0,8,0,0,0,0,0,0,0,0
5950563,000001E7,false,Rx,0,8,0,0,22,3,20,1,0,0
5951561,146,false,Rx,0,8,C5,E6,36,10,4,1,0,0
5951580,147,false,Rx,0,8,0,4,7D,0,40,0,0,0
5952563,148,false,Rx,0,8,0,0,0,0,0,90,40,5
5952586,149,false,Rx,0,8,0,0,0,0,0,0,0,0
5953563,495,false,Rx,0,8,49,0,0,0,0,0,0,0
5954562,000003AA,false,Rx,0,8,FF,0,B0,0,54,0,0,0
5956572,0000010B,false,Rx,0,8,7C,97,82,0,0,0,0,5
5956598,0000010C,false,Rx,0,8,FF,F9,E7,1F,46,44,46,46
5956617,0000010D,false,Rx,0,8,10,3,0,0,0,0,1,35
5956635,000001B1,false,Rx,0,8,C0,7B,36,0,72,0,0,0
5956652,0000010E,false,Rx,0,8,0,0,0A,0,0,C0,AB,57
5957565,000001B2,false,Rx,0,8,23,0,4,0F,0F,7,52,10
5957590,000001B3,false,Rx,0,8,10,2C,0,0,87,91,96,90
5957608,000001B4,false,Rx,0,8,95,91,17,0,0,40,1,0
5963563,380,false,Rx,0,8,AD,D7,FF,0,0,0,0,1
5963584,0000036F,false,Rx,0,8,30,A1,1,0,0,0,0,0
5963602,0000037F,false,Rx,0,8,93,40,52,24,41,2,0,0
5965563,000001A1,false,Rx,0,8,73,5F,3A,FE,F7,7F,64,0
5965587,000001A2,false,Rx,0,8,0,0,0,0,0,8,0,0
5965605,000001A3,false,Rx,0,8,FF,F3,3F,0,0,0,0,0
5966640,000001A4,false,Rx,0,8,FE,7,0,0,0,0,0,0
5966675,000003B0,false,Rx,0,8,72,37,FF,C7,0,0,3,C0
5968191,000003B1,false,Rx,0,8,9B,3C,FF,40,0,0,20,0
5969587,448,false,Rx,0,8,0,C0,0,0,0,0,0,0
5972571,0000019B,false,Rx,0,8,4A,D9,80,0,0,E4,0,0
5972593,0000019C,false,Rx,0,8,40,20,0,0,0,0,0B,9
5972611,0000019D,false,Rx,0,8,0,10,0,1,0,0,0,0
5973563,0000019E,false,Rx,0,8,15,0,0,0,0,32,0,0
5978570,000003B2,false,Rx,0,8,36,15,FF,2,29,2F,34,0
5981565,121,false,Rx,0,8,D5,4F,83,0,0,0,0,5
5981588,122,false,Rx,0,8,FF,D9,67,1F,46,46,46,46
5981606,123,false,Rx,0,8,11,3,0,0,0,0,1,35
5982563,124,false,Rx,0,8,0,0,0A,0,0,0,20,40
5982585,427,false,Rx,0,8,1D,86,FF,0,80,0A,0,0
5986565,36,false,Rx,0,8,9E,28,85,51,0,0,25,1
5986587,37,false,Rx,0,8,0,0,0,10,0,40,0,0
5986605,38,false,Rx,0,8,4,0,0,0,90,38,96,D4
5987563,39,false,Rx,0,8,0,0,0,0,0,0,0,0
5989564,652,false,Rx,0,8,0,0,0,0C,0,0,0,0
5989587,61,false,Rx,0,8,B4,3A,8B,0,0,0,0,0
5989605,62,false,Rx,0,8,2,2,0,2,40,FF,0,FF
5990563,63,false,Rx,0,8,0,0,5,0,0,8,FD,0
5990585,64,false,Rx,0,8,0,0,0,4,FF,FA,0,0
5990603,000000A1,false,Rx,0,8,54,B5,8B,1A,0,0,0,0
5990621,000000A2,false,Rx,0,8,0,0,0,0,0,0,0,0
5991562,000000A3,false,Rx,0,8,0,40,1,0,0,0,0,0
5992566,0000042A,false,Rx,0,8,F4,DE,FF,1,0,10,0,0
5994565,000001F1,false,Rx,0,8,3B,29,4F,1,0,0,28,0
5995563,000001F2,false,Rx,0,8,0,0,0,0,0,0,0,0
5995585,0000011B,false,Rx,0,8,2F,E5,78,5,80,8,A8,2
5995603,0000012B,false,Rx,0,8,68,1F,78,6,0,0,8,0
5995621,0000011C,false,Rx,0,8,0,5,20,0,22,0,1,1
5996569,0000012C,false,Rx,0,8,0,0,1,0,0,64,0,0
5996594,000001FB,false,Rx,0,8,7,0A,3F,0,0,0,0,0
5996612,000001FC,false,Rx,0,8,0,0,0,0,0,0,0,0
5996629,000001FD,false,Rx,0,8,0,1A,3,0,0,0,0,0
5997563,000001FE,false,Rx,0,8,0,0,0,0,0,0,0,0
6006564,0000010B,false,Rx,0,8,3,BB,87,0,0,0,0,5
6006586,0000010C,false,Rx,0,8,FF,F9,E7,1F,46,44,46,46
6006604,0000010D,false,Rx,0,8,10,3,0,0,0,0,1,35
6006622,0000010E,false,Rx,0,8,0,0,0A,0,0,C0,AB,57
6007564,000002C1,false,Rx,0,8,8A,2E,A1,21,0,41,0,AA
6007587,000002C2,false,Rx,0,8,1D,0,0,0,0,0,0,0
6008562,000002C3,false,Rx,0,8,0,0,0,0,0,0,0,0
6008587,000002C4,false,Rx,0,8,0,0,0,0,0,0,0,0
6009663,652,false,Rx,0,8,0,0,0,0,0,0,0,0
6015590,487,false,Rx,0,8,0,0,0,0,0,0,0,0
6016596,642,false,Rx,0,8,FF,FF,FF,FF,FF,FF,0,0
6016628,645,false,Rx,0,8,C7,35,6,79,E0,32,56,0
6020611,000001AB,false,Rx,0,8,B1,BD,8B,50,70,38,0,0
6021587,000001AC,false,Rx,0,8,0,28,0,0,0,0,0,0
6021618,000002FF,false,Rx,0,8,E2,1,0,F1,3F,0,0,0
6021636,472,false,Rx,0,8,5C,EC,0,40,8,41,0,45
6021662,316,false,Rx,0,8,95,82,8E,34,14,80,0A,0
6021680,473,false,Rx,0,8,5F,24,0,25,0,0,0,78
6022654,317,false,Rx,0,8,0,0,5,0,0,0,0,0
6022684,0000019B,false,Rx,0,8,35,F5,85,0,0,E4,0,0
6022704,474,false,Rx,0,8,93,44,0,0,0,0,0,14
6022721,0000019C,false,Rx,0,8,40,20,0,0,0,0,0B,9
6023909,0000019D,false,Rx,0,8,0,10,0,1,0,0,0,0
6024067,0000019E,false,Rx,0,8,15,0,0,0,0,32,0,0
6024085,419,false,Rx,0,8,D9,90,8D,D6,69,86,90,0
6025587,000001E1,false,Rx,0,8,7B,D9,7F,2,0,0,0,0
6026887,000001E2,false,Rx,0,8,0,0,0,0,0,0,0,0
6026930,0000033B,false,Rx,0,8,73,87,41,0,0,0,0,0
6026948,0000033C,false,Rx,0,8,0,0,0,0,F0,0,0,0
6028164,0000033D,false,Rx,0,8,0,0,0,0,0,0,0,0
6028361,0000033E,false,Rx,0,8,0,0,0,0,0,0,0,0
6031602,121,false,Rx,0,8,6D,4E,88,0,0,0,0,5
6031641,122,false,Rx,0,8,FF,D9,67,1F,46,46,46,46
6031659,123,false,Rx,0,8,11,3,0,0,0,0,1,35
6032601,401,false,Rx,0,8,A9,30,10,0,0,4,0,0
6032634,124,false,Rx,0,8,0,0,0A,0,0,0,20,40
6035593,161,false,Rx,0,8,0E,63,3E,3,0,0,0,2
6035631,162,false,Rx,0,8,FF,FC,1,0,0,0,0,0
6036602,36,false,Rx,0,8,1F,5C,8A,51,0,0,25,1
6036635,37,false,Rx,0,8,0,0,0,10,0,40,0,0
6036890,38,false,Rx,0,8,4,0,0,0,90,38,96,D4
6036927,39,false,Rx,0,8,0,0,0,0,0,0,0,0
6038284,000002E6,false,Rx,0,8,2F,D3,3E,1,0,0,0,15
6038318,256,false,Rx,0,8,50,1A,3E,15,40,0,D0,0
6039748,000002E7,false,Rx,0,8,0A,0,0,0,0,0,0,0
6039783,257,false,Rx,0,8,0,93,41,16,86,7,0,93
6039801,000002E8,false,Rx,0,8,0,0,0,0,0,0,0,0
6039819,258,false,Rx,0,8,0B,76,1E,0,10,15,0,28
6039837,61,false,Rx,0,8,C9,FF,90,0,0,0,0,0
6041377,62,false,Rx,0,8,2,2,0,2,40,FF,0,FF
6041412,000002E9,false,Rx,0,8,0,0,0,0,0,0,0,0
6041826,63,false,Rx,0,8,0,0,5,0,0,8,FD,0
6041852,64,false,Rx,0,8,0,0,0,4,FF,FA,0,0
6041870,000000A1,false,Rx,0,8,3B,4,90,1A,0,0,0,0
6041888,92,false,Rx,0,8,0,0,0,0,0,0,0,0
6041906,93,false,Rx,0,8,0,0,0,0,0,0,0,0
6043028,94,false,Rx,0,8,0,0,0,0,0,0,0,0
6043047,000000A2,false,Rx,0,8,0,0,0,0,0,0,0,0
6043065,000000A3,false,Rx,0,8,0,40,1,0,0,0,0,0
6044392,516,false,Rx,0,8,61,2,0,0,0,0,FF,FF
6046241,0000011B,false,Rx,0,8,D9,CD,7D,5,80,8,A8,2
6046276,0000012B,false,Rx,0,8,9E,37,7D,6,0,0,8,0
6046631,0000011C,false,Rx,0,8,0,5,20,0,22,0,1,1
6046660,0000012C,false,Rx,0,8,0,0,1,0,0,64,0,0
6049622,000002BF,false,Rx,0,8,FF,FF,FF,0,0,0,0,0
6049685,0000047F,false,Rx,0,8,FF,FF,FF,FF,FF,FF,F3,FF
6049703,652,false,Rx,0,8,0,0,0,0,0,0,0,0
6049720,653,false,Rx,0,8,0A,19,3,1,2,2A,0,0
6051766,146,false,Rx,0,8,C8,20,3B,10,4,1,0,0
6051807,147,false,Rx,0,8,0,4,7D,0,40,0,0,0
6051825,148,false,Rx,0,8,0,0,0,0,0,90,40,5
6052933,149,false,Rx,0,8,0,0,0,0,0,0,0,0
6055590,000004A3,false,Rx,0,8,80,0,48,0B,3E,0,0,0
6055635,000004A4,false,Rx,0,8,FF,FF,FF,0,0,0,0,0
6056766,0000010B,false,Rx,0,8,BB,BA,8C,0,0,0,0,5
6056819,0000010C,false,Rx,0,8,FF,F9,E7,1F,46,44,46,46
6056837,000001B1,false,Rx,0,8,CD,BD,3B,0,72,0,0,0
6056855,0000010D,false,Rx,0,8,10,3,0,0,0,0,1,35
6057263,000001B2,false,Rx,0,8,23,0,4,0F,0F,7,52,10
6058501,0000010E,false,Rx,0,8,0,0,0A,0,0,C0,AB,57
6058519,000001B3,false,Rx,0,8,10,2C,0,0,87,91,96,90
6058629,000001B4,false,Rx,0,8,95,91,17,0,0,40,1,0
6060928,475,false,Rx,0,8,12,0,0,0,0,0,0,0
6061309,496,false,Rx,0,8,12,0,0,0,0,0,0,0
6063640,0000036F,false,Rx,0,8,89,B1,1,0,0,0,0,0
6063788,419,false,Rx,0,8,D9,90,8D,D6,69,86,90,0
6063806,0000037F,false,Rx,0,8,2A,50,52,24,41,2,0,0
6066098,111,false,Rx,0,8,74,AC,95,1,0,0,0,0
6066154,112,false,Rx,0,8,0,0,0,0,0,0,0,0
6066172,113,false,Rx,0,8,0,0,0,0,0,0,0,0
6068462,114,false,Rx,0,8,0,0,0,0,0,0,0,0
6068504,000001A1,false,Rx,0,8,0C,73,3F,FE,F7,7F,64,0
6068522,000001A4,false,Rx,0,8,FE,7,0,0,0,0,0,0
6072588,0000019B,false,Rx,0,8,B4,81,8A,0,0,E4,0,0
6072628,0000019C,false,Rx,0,8,40,20,0,0,0,0,0B,9
6072646,0000019D,false,Rx,0,8,0,10,0,1,0,0,0,0
6073602,0000019E,false,Rx,0,8,15,0,0,0,0,32,0,0
6076591,0000030B,false,Rx,0,8,C1,94,41,0,4,0,0,0
6076634,0000030C,false,Rx,0,8,0,0,0E,0,2C,0,A0,0F
6076652,0000030D,false,Rx,0,8,0,0,0,0,48,0,0,0
6077604,0000030E,false,Rx,0,8,0,0,38,5,21,0,0,1A
6081603,121,false,Rx,0,8,12,62,8D,0,0,0,0,5
6081647,122,false,Rx,0,8,FF,D9,67,1F,46,46,46,46
6081665,123,false,Rx,0,8,11,3,0,0,0,0,1,35
6082600,124,false,Rx,0,8,0,0,0A,0,0,0,20,40
6083856,405,false,Rx,0,8,BD,30,0,0,0,1,0,0
6083893,413,false,Rx,0,8,6F,30,0,0,0,0,0,0
6083912,410,false,Rx,0,8,4B,80,59,3C,16,6B,FF,FF
6083929,414,false,Rx,0,8,F0,10,0,0,28,0,0,0
6085522,411,false,Rx,0,8,A8,1,50,50,0,0,44,4
6085662,416,false,Rx,0,8,55,0,0,0,0,0,0,0
6085681,412,false,Rx,0,8,6D,60,0,0,0,0,0,0
6085699,417,false,Rx,0,8,5F,20,0,0,0,0,0,0
6085717,418,false,Rx,0,8,19,70,0,0,12,0C,0,0
6086710,36,false,Rx,0,8,60,70,8F,51,0,0,25,1
6086747,37,false,Rx,0,8,0,0,0,10,0,40,0,0
6087142,38,false,Rx,0,8,4,0,0,0,90,38,96,D4
6088330,39,false,Rx,0,8,0,0,0,0,0,0,0,0
6089661,652,false,Rx,0,8,0,0,0,0,0,0,0,0
6089696,61,false,Rx,0,8,B6,D3,95,0,0,0,0,0
6090110,62,false,Rx,0,8,2,2,0,2,40,FF,0,FF
6090150,63,false,Rx,0,8,0,0,5,0,0,8,FD,0
6090172,64,false,Rx,0,8,0,0,0,4,FF,FA,0,0
6090581,000000A1,false,Rx,0,8,34,EF,95,1A,0,0,0,0
6090609,000000A2,false,Rx,0,8,0,0,0,0,0,0,0,0
6091881,000000A3,false,Rx,0,8,0,40,1,0,0,0,0,0
6095587,151,false,Rx,0,8,73,46,41,A0,C8,0,28,19
6095625,152,false,Rx,0,8,16,18,18,0,0B,0,0,0
6095644,0000011B,false,Rx,0,8,84,55,82,5,80,8,A8,2
6095662,153,false,Rx,0,8,0,0,0,0,0,0,0,0
6095686,0000011C,false,Rx,0,8,0,5,20,0,22,0,1,1
6096611,0000012B,false,Rx,0,8,C3,AF,82,6,0,0,8,0
6096644,000001F6,false,Rx,0,8,40,65,41,0,0,0,0,0E
6096676,0000012C,false,Rx,0,8,0,0,1,0,0,64,0,0
6097601,000001F7,false,Rx,0,8,0B,0,0,0,0,0,0,0
6097656,154,false,Rx,0,8,0,0,0,0,0,0,0,0
6097674,000001F8,false,Rx,0,8,0,0,0,0,0,0,0,0
6097692,000002FB,false,Rx,0,8,2F,6F,41,4,5F,1A,CC,CC
6097710,000001F9,false,Rx,0,8,0,0,A0,C8,14,0,0,0
6098604,000002FC,false,Rx,0,8,3,0,16,19,0,0,8E,BF
6098633,236,false,Rx,0,8,D1,98,41,0,6E,3C,34,6C
6098651,000002FD,false,Rx,0,8,0,0,0,0,0,1C,0E,EA
6098669,237,false,Rx,0,8,0,15,BA,0,0,AA,1E,0
6099689,000001E6,false,Rx,0,8,9B,95,7F,2,0,0,0,0
6099726,238,false,Rx,0,8,0,0,5F,0,0,0,0,0
6099744,000001BB,false,Rx,0,8,44,6B,7F,2,0,0,0,0A
6099761,239,false,Rx,0,8,0,0,0,0,1,0,0,0
6101075,000001BC,false,Rx,0,8,32,0,0,0,2,0,0,0
6101110,0000025B,false,Rx,0,8,D8,95,41,40,40,20,0,0
6101128,000001BD,false,Rx,0,8,0,0,0,0,0,0,0,0
6101145,0000025C,false,Rx,0,8,0,0,0B,0,34,89,19,0
6101163,000001E7,false,Rx,0,8,0,0,22,3,20,1,0,0
6101607,000002FE,false,Rx,0,8,0,0,72,1,0,28,0,0
6101633,0000025E,false,Rx,0,8,AC,7,0E,0F,0,0,0,0
6102734,326,false,Rx,0,8,BA,3B,41,0,0,0,0,0
6103183,382,false,Rx,0,8,F1,7A,1,0,0,1,8,0
6103205,327,false,Rx,0,8,0,0,0,0,5,0,0,0
6103223,328,false,Rx,0,8,0,0,0,0,0,0,0,0
6103240,329,false,Rx,0,8,A0,0,0,0,0,0,0,0
6103269,331,false,Rx,0,8,A9,74,41,F1,C8,A0,2C,97
6103287,419,false,Rx,0,8,D9,90,8D,D6,69,86,90,0
6104285,332,false,Rx,0,8,94,2,0,0,0,0,0,0
6104319,333,false,Rx,0,8,0,0,0,1C,0C,40,20,A0
6106592,0000010B,false,Rx,0,8,73,B8,91,0,0,0,0,5
6107890,0000010C,false,Rx,0,8,FF,F9,E7,1F,46,44,46,46
6107927,0000010D,false,Rx,0,8,10,3,0,0,0,0,1,35
6107945,0000010E,false,Rx,0,8,0,0,0A,0,0,C0,AB,57
6107963,000002AB,false,Rx,0,8,B8,17,42,0C,0C,0,0,0
6107981,000002AC,false,Rx,0,8,0,FF,FF,0,0,40,0,50
6107998,000002B6,false,Rx,0,8,CA,66,42,1,0,0,0,40
6108573,251,false,Rx,0,8,3A,7F,41,0,0,0,0,0
6108594,000002B7,false,Rx,0,8,8,2,F0,0,0,4,0,0
6108620,252,false,Rx,0,8,0,0,0,0,3,0,0,0
6109574,000002B8,false,Rx,0,8,AA,11,11,0,0,0,0,0
6109594,253,false,Rx,0,8,0,0,0,51,51,0,80,44
6109612,000002B9,false,Rx,0,8,0A,0,0,0,0,0,0,0
6109630,396,false,Rx,0,8,4B,E7,A0,0F,8,1,0,2
6110979,000002E1,false,Rx,0,8,9B,32,42,0,0,0,0,40
6111014,397,false,Rx,0,8,35,0,0,0,0,0,0,0
6111032,000002E2,false,Rx,0,8,FD,0,0,0,0,14,0,4
6111069,398,false,Rx,0,8,0,0,0,0,0,0,0,0
6111087,000002E3,false,Rx,0,8,0,0,0,0,0,0,72,1
6111105,000002E4,false,Rx,0,8,2,0,0,0,0,0,0,0
6117592,383,false,Rx,0,8,12,ED,1,0,2,0,0,0
6119650,000001AB,false,Rx,0,8,73,67,90,50,70,38,0,0
6119690,000001AC,false,Rx,0,8,0,28,0,0,0,0,0,0
6120610,226,false,Rx,0,8,4B,C2,1D,FF,43,E1,5,42
6121685,000003A1,false,Rx,0,8,D8,C1,B1,0,FF,FF,FF,FF
6121720,227,false,Rx,0,8,2,70,E1,8,0,F2,17,4
6123166,000003A2,false,Rx,0,8,0,0,0,0,0,0,0,0
6123187,0000019B,false,Rx,0,8,CB,AD,8F,0,0,E4,0,0
6123205,0000019C,false,Rx,0,8,40,20,0,0,0,0,0B,9
6123222,0000019D,false,Rx,0,8,0,10,0,1,0,0,0,0
6123240,0000019E,false,Rx,0,8,15,0,0,0,0,32,0,0
6123567,000002D6,false,Rx,0,8,65,B3,A0,0,0,0,0,0
6123593,000002EB,false,Rx,0,8,F1,FA,A0,9,8,1,0,2
6124690,000002D7,false,Rx,0,8,0,0,0,0,3,0,0,0
6124729,000002EC,false,Rx,0,8,2,0,0,0,0,0,0,0
6124762,000002D8,false,Rx,0,8,0,0,0,0,0,0,38,45
6124779,000002ED,false,Rx,0,8,0,0,0,0,0,0,0,0
6124797,000002D9,false,Rx,0,8,0,0,0,0,0,0,0,0
6126345,000002EE,false,Rx,0,8,0,0,0,0,0,0,0,0
6126382,000000C5,false,Rx,0,8,0,0,0,0,0,0,0,0
6126416,244,false,Rx,0,8,FF,FF,FF,FF,FF,FF,FF,FF
6126433,000003E4,false,Rx,0,8,FE,0,0,0,0,0,0,0
6126450,000004B4,false,Rx,0,8,0,0,0,0,0,0,0,0
6126468,000004B5,false,Rx,0,8,8,0,F0,7,0,0,0,0
6126874,000004B7,false,Rx,0,8,8,0,F0,7,0,0,0,0
6128025,000004CA,false,Rx,0,8,0,0,0,0,0,0,0,0
6128059,000004CC,false,Rx,0,8,8,0,0,6,0,0,3,0
6128077,356,false,Rx,0,8,EF,A3,A1,0,0,0,0,0
6128095,000004CE,false,Rx,0,8,14,1,FF,FF,FF,FF,FF,FF
6128113,357,false,Rx,0,8,0,0,0,0,0,4B,4D,48
6129394,000004D7,false,Rx,0,8,23,1,0,0,0,0,0,0
6129414,358,false,Rx,0,8,35,41,45,4D,52,37,33,4F
6129432,000004D8,false,Rx,0,8,41,10,F0,F0,40,F2,1E,CC
6129449,359,false,Rx,0,8,51,4F,34,52,4A,35,33,0
6129467,000004DD,false,Rx,0,8,0,0,FE,0,4,0,0,0
6131946,000004DF,false,Rx,0,8,FF,3,0C,3F,0,0,0,0
6133246,000004E7,false,Rx,0,8,0,30,0,0,0,0,69,0
6133324,000004E8,false,Rx,0,8,FF,FF,FF,5,FF,FF,FF,0
6133343,000004E9,false,Rx,0,8,12,0,0,34,0,0,50,0
6133360,000004EA,false,Rx,0,8,67,0,0,89,0,0,0,0
6133378,000004EB,false,Rx,0,8,10,80,32,3A,80,0,0,0
6133396,000004EE,false,Rx,0,8,FF,FF,0,0,0,0,0,0
6134718,640,false,Rx,0,8,FF,FF,FF,0,FF,FF,FF,0
6135610,161,false,Rx,0,8,4B,B3,43,3,0,0,0,2
6135636,162,false,Rx,0,8,FF,FC,1,0,0,0,0,0
6136571,000000FF,false,Rx,0,8,CB,10,0,0,0,0,2,0
6136593,36,false,Rx,0,8,1D,B5,94,51,0,0,25,1
6136610,37,false,Rx,0,8,0,0,0,10,0,40,0,0
6136634,38,false,Rx,0,8,4,0,0,0,90,38,96,D4
6137752,39,false,Rx,0,8,0,0,0,0,0,0,0,0
6139224,384,false,Rx,0,8,E9,DC,2,0,0,FF,0,21
6139276,394,false,Rx,0,8,2A,22,1A,49,0,0,0,0
6139294,000003C3,false,Rx,0,8,45,10,31,30,36,0,0,0
6139311,000003B6,false,Rx,0,8,DE,52,9F,0,0,0,0,46
6139329,000003B7,false,Rx,0,8,46,0,0,0,0,0,0,0
6139347,61,false,Rx,0,8,37,A7,9A,0,0,0,0,0
6140852,000003B8,false,Rx,0,8,0C,3,0,0,0,0,69,0E
6140905,62,false,Rx,0,8,2,2,0,2,40,FF,0,FF
6140923,000003B9,false,Rx,0,8,0,0,0,0,0,0,0,0
6140940,63,false,Rx,0,8,0,0,5,0,0,8,FD,0
6140958,000003E0,false,Rx,0,8,66,20,1,0,54,3,0,0
6140990,64,false,Rx,0,8,0,0,0,4,FF,FA,0,0
6141008,000003E5,false,Rx,0,8,37,80,1,0,0,0,0,0
6141985,000000A1,false,Rx,0,8,4,C2,9A,1A,0,0,0,0
6142019,000003E6,false,Rx,0,8,67,90,0,0,0,0,0,0
6142037,91,false,Rx,0,8,C7,A4,40,0,0,0,0,0
6142055,0000041A,false,Rx,0,8,8D,D0,12,0,0,0,0,0
6143657,92,false,Rx,0,8,0,0,0,0,0,0,0,0
6144950,0000041B,false,Rx,0,8,70,D0,0,0,0,0,0,0
6145010,93,false,Rx,0,8,0,0,0,0,0,0,0,0
6145029,0000041C,false,Rx,0,8,48,0,E0,0,0,0,0,0
6146390,0000011B,false,Rx,0,8,72,7D,87,5,80,8,A8,2
6146440,561,false,Rx,0,8,63,2,0,0,0,0,FF,FF
6146459,0000011C,false,Rx,0,8,0,5,20,0,22,0,1,1
6146476,0000012B,false,Rx,0,8,35,87,87,6,0,0,8,0
6146494,0000012C,false,Rx,0,8,0,0,1,0,0,64,0,0
6146511,442,false,Rx,0,8,CE,20,11,81,0,0,0,0
6148157,444,false,Rx,0,8,D5,20,20,50,55,50,0,0
6148200,445,false,Rx,0,8,C6,C0,0,0,0,0,0,18
6148219,464,false,Rx,0,8,D5,20,F0,FF,38,7F,5,0
6151978,146,false,Rx,0,8,69,5F,40,10,4,1,0,0
6152394,147,false,Rx,0,8,0,4,7D,0,40,0,0,0
6152420,148,false,Rx,0,8,0,0,0,0,0,90,40,5
6152438,149,false,Rx,0,8,0,0,0,0,0,0,0,0
6154318,495,false,Rx,0,8,49,0,0,0,0,0,0,0
6154354,000003AA,false,Rx,0,8,FF,0,B0,0,54,0,0,0
6156159,0000010B,false,Rx,0,8,80,26,96,0,0,0,0,5
6156195,0000010C,false,Rx,0,8,FF,F9,E7,1F,46,44,46,46
6156215,0000010D,false,Rx,0,8,10,3,0,0,0,0,1,35
6158185,000001B1,false,Rx,0,8,6C,C2,40,0,72,0,0,0
6158262,0000010E,false,Rx,0,8,0,0,0A,0,0,C0,AB,57
6158280,000001B2,false,Rx,0,8,23,0,4,0F,0F,7,52,10
6158298,000001B3,false,Rx,0,8,10,2C,0,0,87,91,96,90
6158316,000001B4,false,Rx,0,8,95,91,17,0,0,40,1,0
6163572,380,false,Rx,0,8,AD,D7,FF,0,0,0,0,1
6163599,0000036F,false,Rx,0,8,81,C1,1,0,0,0,0,0
6163617,0000037F,false,Rx,0,8,FC,60,52,24,41,2,0,0
6165573,000001A1,false,Rx,0,8,AD,0C,44,FE,F7,7F,64,0
6165600,000001A2,false,Rx,0,8,0,0,0,0,0,8,0,0
6165619,000001A3,false,Rx,0,8,FF,F3,3F,0,0,0,0,0
6166564,000001A4,false,Rx,0,8,FE,7,0,0,0,0,0,0
6166588,000003B0,false,Rx,0,8,72,37,FF,C7,0,0,3,C0
6168562,000003B1,false,Rx,0,8,9B,3C,FF,40,0,0,20,0
6169565,448,false,Rx,0,8,0,C0,0,0,0,0,0,0
6172560,0000019B,false,Rx,0,8,B6,68,94,0,0,E4,0,0
6172581,0000019C,false,Rx,0,8,40,20,0,0,0,0,0B,9
6172598,0000019D,false,Rx,0,8,0,10,0,1,0,0,0,0
6173564,0000019E,false,Rx,0,8,15,0,0,0,0,32,0,0
6175561,000001E1,false,Rx,0,8,4F,1,82,2,0,0,0,0
6176560,000001E2,false,Rx,0,8,0,0,0,0,0,0,0,0
6178563,000003B2,false,Rx,0,8,36,15,FF,2,29,2F,34,0
6181561,121,false,Rx,0,8,29,FE,97,0,0,0,0,5
6181580,122,false,Rx,0,8,FF,D9,67,1F,46,46,46,46
6181598,123,false,Rx,0,8,11,3,0,0,0,0,1,35
6182564,124,false,Rx,0,8,0,0,0A,0,0,0,20,40
6182589,427,false,Rx,0,8,1D,86,FF,0,80,0A,0,0
6183563,419,false,Rx,0,8,41,A0,8D,D6,6D,86,90,0
6186566,36,false,Rx,0,8,10,73,99,51,0,0,25,1
6186589,37,false,Rx,0,8,0,0,0,10,0,40,0,0
6186608,38,false,Rx,0,8,4,0,0,0,90,38,96,D4
6187564,39,false,Rx,0,8,0,0,0,0,0,0,0,0
6189561,61,false,Rx,0,8,48,8B,9F,0,0,0,0,0
6189583,62,false,Rx,0,8,2,2,0,2,40,FF,0,FF
6190563,63,false,Rx,0,8,0,0,5,0,0,8,FD,0
6190584,64,false,Rx,0,8,0,0,0,4,FF,FA,0,0
6190602,000000A1,false,Rx,0,8,0B,29,9F,1A,0,0,0,0
6190619,000000A2,false,Rx,0,8,0,0,0,0,0,0,0,0
6191564,000000A3,false,Rx,0,8,0,40,1,0,0,0,0,0
6192562,0000042A,false,Rx,0,8,F4,DE,FF,1,0,10,0,0
6195560,0000011B,false,Rx,0,8,BA,84,8C,5,80,8,A8,2
6195585,0000011C,false,Rx,0,8,0,5,20,0,22,0,1,1
6195602,0000012B,false,Rx,0,8,FD,7E,8C,6,0,0,8,0
6196564,000001FB,false,Rx,0,8,D9,59,41,0,0,0,0,0
6196587,0000012C,false,Rx,0,8,0,0,1,0,0,64,0,0
6196605,000001FC,false,Rx,0,8,0,0,0,0,0,0,0,0
6197564,000001FD,false,Rx,0,8,0,1A,3,0,0,0,0,0
6197589,000001FE,false,Rx,0,8,0,0,0,0,0,0,0,0
6206594,0000010B,false,Rx,0,8,8D,E0,9B,0,0,0,0,5
6206634,0000010C,false,Rx,0,8,FF,F9,E7,1F,46,44,46,46
6206652,0000010D,false,Rx,0,8,10,3,0,0,0,0,1,35
6206670,0000010E,false,Rx,0,8,0,0,0A,0,0,C0,AB,57
6207614,000002C1,false,Rx,0,8,40,C5,A2,21,0,41,0,AA
6207647,000002C2,false,Rx,0,8,1D,0,0,0,0,0,0,0
6208643,000002C3,false,Rx,0,8,0,0,0,0,0,0,0,0
6208678,000002C4,false,Rx,0,8,0,0,0,0,0,0,0,0
6215590,487,false,Rx,0,8,0,0,0,0,0,0,0,0
6216595,642,false,Rx,0,8,FF,FF,FF,FF,FF,FF,0,0
6219653,000001AB,false,Rx,0,8,85,4F,95,50,70,38,0,0
6219693,000001AC,false,Rx,0,8,0,28,0,0,0,0,0,0
6220636,000002FF,false,Rx,0,8,E2,1,0,F1,3F,0,0,0
6221731,316,false,Rx,0,8,B1,2A,8F,34,14,80,0A,0
6221925,472,false,Rx,0,8,5C,EC,0,40,8,41,0,45
6221943,317,false,Rx,0,8,0,0,5,0,0,0,0,0
6221961,473,false,Rx,0,8,5F,24,0,25,0,0,0,78
6221979,474,false,Rx,0,8,93,44,0,0,0,0,0,14
6223524,0000019B,false,Rx,0,8,BB,AE,99,0,0,E4,0,0
6223867,0000019C,false,Rx,0,8,40,20,0,0,0,0,0B,9
6223889,0000019D,false,Rx,0,8,0,10,0,1,0,0,0,0
6223908,0000019E,false,Rx,0,8,15,0,0,0,0,32,0,0
6223926,419,false,Rx,0,8,32,B0,8E,D6,6D,86,90,0
6226670,643,false,Rx,0,8,0,FC,FF,FF,FF,FF,3,0
6226706,0000033B,false,Rx,0,8,FF,35,43,0,0,0,0,0
6227574,0000033C,false,Rx,0,8,0,0,0,0,F0,0,0,0
6227595,0000033D,false,Rx,0,8,0,0,0,0,0,0,0,0
6227613,0000033E,false,Rx,0,8,0,0,0,0,0,0,0,0
6230587,563,false,Rx,0,8,65,2,0,0,0,0,FF,FF
6232763,121,false,Rx,0,8,91,FF,9C,0,0,0,0,5
6232839,122,false,Rx,0,8,FF,D9,67,1F,46,46,46,46
6232859,123,false,Rx,0,8,11,3,0,0,0,0,1,35
6232877,124,false,Rx,0,8,0,0,0A,0,0,0,20,40
6232894,401,false,Rx,0,8,A9,30,10,0,0,4,0,0
6235806,161,false,Rx,0,8,83,4A,48,3,0,0,0,2
6235842,162,false,Rx,0,8,FF,FC,1,0,0,0,0,0
6236236,36,false,Rx,0,8,E3,ED,9E,51,0,0,25,1
6236259,37,false,Rx,0,8,0,0,0,10,0,40,0,0
6236591,38,false,Rx,0,8,4,0,0,0,90,38,96,D4
6237633,39,false,Rx,0,8,0,0,0,0,0,0,0,0
6238583,000002E6,false,Rx,0,8,F1,80,40,1,0,0,0,15
6238610,256,false,Rx,0,8,EF,68,40,15,40,0,F0,0
6238628,000002E7,false,Rx,0,8,0A,0,0,0,0,0,0,0
6239573,257,false,Rx,0,8,0,93,41,18,86,7,0,93
6239599,000002E8,false,Rx,0,8,0,0,0,0,0,0,0,0
6239616,258,false,Rx,0,8,0B,78,1E,0,10,15,0,28
6239634,61,false,Rx,0,8,9E,D7,A4,0,0,0,0,0
6241386,259,false,Rx,0,8,51,5,8A,3C,4C,2,0,0
6241434,62,false,Rx,0,8,2,2,0,2,40,FF,0,FF
6241452,000002E9,false,Rx,0,8,0,0,0,0,0,0,0,0
6242695,63,false,Rx,0,8,0,0,5,0,0,8,FD,0
6242756,0000048B,false,Rx,0,8,8C,48,BA,1E,1,0,0,0
6242774,91,false,Rx,0,8,81,FD,41,0,0,0,0,0
6242792,92,false,Rx,0,8,0,0,0,0,0,0,0,0
6242809,93,false,Rx,0,8,0,0,0,0,0,0,0,0
6244360,94,false,Rx,0,8,0,0,0,0,0,0,0,0
6244381,000000A3,false,Rx,0,8,0,40,1,0,0,0,0,0
6245357,0000011B,false,Rx,0,8,C3,9E,91,5,80,8,A8,2
6245558,0000012B,false,Rx,0,8,84,64,91,6,0,0,8,0
6247770,0000011C,false,Rx,0,8,0,5,20,0,22,0,1,1
6247848,0000012C,false,Rx,0,8,0,0,1,0,0,64,0,0
6249623,000001E6,false,Rx,0,8,AF,4D,82,2,0,0,0,0
6249660,000002BF,false,Rx,0,8,FF,FF,FF,0,0,0,0,0
6249679,000001BB,false,Rx,0,8,30,DB,82,2,0,0,0,0A
6250070,0000047F,false,Rx,0,8,FF,FF,FF,FF,FF,FF,F3,FF
6250104,000001BC,false,Rx,0,8,32,0,0,0,2,0,0,0
6251389,653,false,Rx,0,8,0A,19,3,1,2,2A,0,0
6251415,000001BD,false,Rx,0,8,0,0,0,0,0,0,0,0
6252604,000001E7,false,Rx,0,8,0,0,22,3,20,1,0,0
6252678,146,false,Rx,0,8,16,73,45,10,4,1,0,0
6252697,147,false,Rx,0,8,0,4,7D,0,40,0,0,0
6252715,148,false,Rx,0,8,0,0,0,0,0,90,40,5
6252732,149,false,Rx,0,8,0,0,0,0,0,0,0,0
6255589,000004A3,false,Rx,0,8,80,0,48,0B,3E,0,0,0
6255632,0000010B,false,Rx,0,8,5B,BC,A0,0,0,0,0,5
6257422,000004A4,false,Rx,0,8,FF,FF,FF,0,0,0,0,0
6257457,0000010C,false,Rx,0,8,FF,F9,E7,1F,46,44,46,46
6257475,000001B1,false,Rx,0,8,13,EE,45,0,72,0,0,0
6257872,0000010D,false,Rx,0,8,10,3,0,0,0,0,1,35
6257897,000001B2,false,Rx,0,8,23,0,4,0F,0F,7,52,10
6257915,000001B4,false,Rx,0,8,95,91,17,0,0,40,1,0
6261024,475,false,Rx,0,8,12,0,0,0,0,0,0,0
6261060,496,false,Rx,0,8,12,0,0,0,0,0,0,0
6263589,0000036F,false,Rx,0,8,38,D1,1,0,0,0,0,0
6263628,419,false,Rx,0,8,32,B0,8E,D6,6D,86,90,0
6263646,0000037F,false,Rx,0,8,45,70,52,24,41,2,0,0
6265379,111,false,Rx,0,8,BE,47,96,1,0,0,0,0
6265562,112,false,Rx,0,8,0,0,0,0,0,0,0,0
6265580,113,false,Rx,0,8,0,0,0,0,0,0,0,0
6265598,114,false,Rx,0,8,0,0,0,0,0,0,0,0
6265616,000001A1,false,Rx,0,8,A0,CA,49,FE,F7,7F,64,0
6265633,000001A2,false,Rx,0,8,0,0,0,0,0,8,0,0
6265661,000001A3,false,Rx,0,8,FF,F3,3F,0,0,0,0,0
6267037,000001A4,false,Rx,0,8,FE,7,0,0,0,0,0,0
6272598,0000019B,false,Rx,0,8,48,30,9E,0,0,E4,0,0
6272637,0000019C,false,Rx,0,8,40,20,0,0,0,0,0B,9
6272655,0000019D,false,Rx,0,8,0,10,0,1,0,0,0,0
6273600,0000019E,false,Rx,0,8,15,0,0,0,0,32,0,0
6276591,0000030B,false,Rx,0,8,4D,26,43,0,4,0,0,0
6276631,0000030C,false,Rx,0,8,0,0,0E,0,2C,0,A0,0F
6276650,0000030D,false,Rx,0,8,0,0,0,0,48,0,0,0
6277597,0000030E,false,Rx,0,8,0,0,38,5,21,0,0,1A
6281592,121,false,Rx,0,8,F2,64,A1,0,0,0,0,5
6281631,122,false,Rx,0,8,FF,D9,67,1F,46,46,46,46
6281649,123,false,Rx,0,8,11,3,0,0,0,0,1,35
6282598,124,false,Rx,0,8,0,0,0A,0,0,0,20,40
6283630,405,false,Rx,0,8,BD,30,0,0,0,1,0,0
6283845,413,false,Rx,0,8,6F,30,0,0,0,0,0,0
6283864,410,false,Rx,0,8,4B,80,59,3C,16,6B,FF,FF
6283882,414,false,Rx,0,8,F0,10,0,0,28,0,0,0
6285109,411,false,Rx,0,8,A8,1,50,50,0,0,44,4
6285144,416,false,Rx,0,8,55,0,0,0,0,0,0,0
6285163,412,false,Rx,0,8,6D,60,0,0,0,0,0,0
6285180,417,false,Rx,0,8,5F,20,0,0,0,0,0,0
6285197,418,false,Rx,0,8,19,70,0,0,12,0C,0,0
6286859,36,false,Rx,0,8,80,76,A3,51,0,0,25,1
6286895,37,false,Rx,0,8,0,0,0,10,0,40,0,0
6286914,38,false,Rx,0,8,4,0,0,0,90,38,96,D4
6286931,39,false,Rx,0,8,0,0,0,0,0,0,0,0
6289163,419,false,Rx,0,8,CD,C0,8E,D6,71,86,90,0
6289638,61,false,Rx,0,8,93,11,A9,0,0,0,0,0
6289665,62,false,Rx,0,8,2,2,0,2,40,FF,0,FF
6291196,63,false,Rx,0,8,0,0,5,0,0,8,FD,0
6291240,64,false,Rx,0,8,0,0,0,4,FF,FA,0,0
6291259,000000A1,false,Rx,0,8,F4,5B,A9,1A,0,0,0,0
6291277,000000A2,false,Rx,0,8,0,0,0,0,0,0,0,0
6291295,000000A3,false,Rx,0,8,0,40,1,0,0,0,0,0
6294633,000001F1,false,Rx,0,8,DD,5B,55,1,0,0,28,0
6294670,000001F2,false,Rx,0,8,0,0,0,0,0,0,0,0
6295947,151,false,Rx,0,8,FF,F4,43,A0,C8,0,28,19
6296346,000001F6,false,Rx,0,8,CC,D7,43,0,0,0,0,0E
6296385,0000011B,false,Rx,0,8,5C,F6,96,5,80,8,A8,2
6296429,152,false,Rx,0,8,16,18,18,0,0B,0,0,0
6296446,0000011C,false,Rx,0,8,0,5,20,0,22,0,1,1
6296463,0000012B,false,Rx,0,8,1B,0C,96,6,0,0,8,0
6296481,000001F7,false,Rx,0,8,0B,0,0,0,0,0,0,0
6296499,0000012C,false,Rx,0,8,0,0,1,0,0,64,0,0
6297623,000001F8,false,Rx,0,8,0,0,0,0,0,0,0,0
6297656,153,false,Rx,0,8,0,0,0,0,0,0,0,0
6297674,000001F9,false,Rx,0,8,0,0,A0,C8,14,0,0,0
6297692,154,false,Rx,0,8,0,0,0,0,0,0,0,0
6297709,236,false,Rx,0,8,5D,2A,43,0,6E,3C,34,6C
6299066,000002FB,false,Rx,0,8,A3,DD,43,4,5F,1A,CC,CC
6299112,237,false,Rx,0,8,0,15,BA,0,0,AA,1E,0
6299505,000002FC,false,Rx,0,8,3,0,16,19,0,0,8E,BF
6300871,238,false,Rx,0,8,0,0,5F,0,0,0,0,0
6300931,000002FD,false,Rx,0,8,0,0,0,0,0,1C,0E,EA
6300949,239,false,Rx,0,8,0,0,0,0,1,0,0,0
6300966,000002FE,false,Rx,0,8,0,0,72,1,0,28,0,0
6300984,0000025B,false,Rx,0,8,30,10,43,40,40,20,0,0
6301002,326,false,Rx,0,8,36,89,43,0,0,0,0,0
6302376,382,false,Rx,0,8,F1,7A,1,0,0,1,8,0
6302594,334,false,Rx,0,8,C8,0,0,0,AC,70,1D,90
6305625,415,false,Rx,0,8,40,13,10,0,8,1,0,0
6305664,0000010B,false,Rx,0,8,24,90,A5,0,0,0,0,5
6306975,0000010C,false,Rx,0,8,FF,F9,E7,1F,46,44,46,46
6307024,0000010D,false,Rx,0,8,10,3,0,0,0,0,1,35
6307042,0000010E,false,Rx,0,8,0,0,0A,0,0,C0,AB,57
6307059,000002AB,false,Rx,0,8,0D,D0,44,0C,0C,0,0,0
6307077,000002AC,false,Rx,0,8,0,FF,FF,0,0,40,0,50
6308023,000002AD,false,Rx,0,8,0,1,0,40,FF,FF,FF,0F
6308438,000002AE,false,Rx,0,8,1,0,FF,3F,1,1,0,0
6308462,000002B6,false,Rx,0,8,7F,A1,44,1,0,0,0,40
6308480,251,false,Rx,0,8,3C,11,43,0,0,0,0,0
6308511,000002B7,false,Rx,0,8,8,2,F0,0,0,4,0,0
6308529,252,false,Rx,0,8,0,0,0,0,3,0,0,0
6309847,000002B8,false,Rx,0,8,AA,11,11,0,0,0,0,0
6309881,253,false,Rx,0,8,0,0,0,51,51,0,80,44
6309899,000002B9,false,Rx,0,8,0A,0,0,0,0,0,0,0
6311160,396,false,Rx,0,8,1,25,A1,0F,8,1,0,2
6311219,000002E1,false,Rx,0,8,2E,F5,44,0,0,0,0,40
6311237,397,false,Rx,0,8,10,0,0,0,0,0,0,0
6311255,000002E2,false,Rx,0,8,FD,0,0,0,0,14,0,4
6311655,398,false,Rx,0,8,0,0,0,0,0,0,0,0
6311682,000002E3,false,Rx,0,8,0,0,0,0,0,0,72,1
6317609,383,false,Rx,0,8,12,ED,1,0,2,0,0,0
6319623,000001AB,false,Rx,0,8,9F,36,9A,50,70,38,0,0
6319662,000001AC,false,Rx,0,8,0,28,0,0,0,0,0,0
6319680,226,false,Rx,0,8,22,82,1F,FF,43,E1,5,42
6319697,227,false,Rx,0,8,2,70,E1,8,0,F2,17,4
6320609,000003A1,false,Rx,0,8,95,29,B2,0,FF,FF,FF,FF
6321771,000003A2,false,Rx,0,8,0,0,0,0,0,0,0,0
6322791,0000019B,false,Rx,0,8,2B,AB,A3,0,0,E4,0,0
6323160,0000019C,false,Rx,0,8,40,20,0,0,0,0,0B,9
6323179,0000019D,false,Rx,0,8,0,10,0,1,0,0,0,0
6323197,0000019E,false,Rx,0,8,15,0,0,0,0,32,0,0
6324147,000002D6,false,Rx,0,8,23,EA,A1,0,0,0,0,0
6324181,000002EB,false,Rx,0,8,B7,A3,A1,9,8,1,0,2
6324199,000002D7,false,Rx,0,8,0,0,0,0,3,0,0,0
6324216,000002EC,false,Rx,0,8,2,0,0,0,0,0,0,0
6324646,000002D8,false,Rx,0,8,0,0,0,0,0,0,38,45
6324673,000002ED,false,Rx,0,8,0,0,0,0,0,0,0,0
6325881,000002D9,false,Rx,0,8,0,0,0,0,0,0,0,0
6325914,000002EE,false,Rx,0,8,0,0,0,0,0,0,0,0
6327637,000000C5,false,Rx,0,8,0,0,0,0,0,0,0,0
6327683,000001E1,false,Rx,0,8,D0,69,85,2,0,0,0,0
6327701,244,false,Rx,0,8,FF,FF,FF,FF,FF,FF,FF,FF
6327719,000001E2,false,Rx,0,8,0,0,0,0,0,0,0,0
6327736,0000041F,false,Rx,0,8,0,0C,0,0,0,0,0,0
6327754,356,false,Rx,0,8,25,48,A2,0,0,0,0,0
6329026,357,false,Rx,0,8,0,0,0,0,0,4B,4D,48
6329062,000004CC,false,Rx,0,8,8,0,0,6,0,0,3,0
6329080,358,false,Rx,0,8,35,41,45,4D,52,37,33,4F
6329098,419,false,Rx,0,8,CD,C0,8E,D6,71,86,90,0
6329115,359,false,Rx,0,8,51,4F,34,52,4A,35,33,0
6329133,000004CE,false,Rx,0,8,14,1,FF,FF,FF,FF,FF,FF
6329582,565,false,Rx,0,8,66,2,0,0,0,0,FF,FF
6329605,000004D7,false,Rx,0,8,23,1,0,0,0,0,0,0
6330601,000004D8,false,Rx,0,8,41,10,F0,F0,40,F2,1E,CC
6330629,000004DD,false,Rx,0,8,0,0,FE,0,4,0,0,0
6330647,000004DF,false,Rx,0,8,FF,3,0C,3F,0,0,0,0
6330665,000004E7,false,Rx,0,8,0,30,0,0,0,0,69,0
6331811,000004E8,false,Rx,0,8,FF,FF,FF,5,FF,FF,FF,0
6331846,121,false,Rx,0,8,1,FA,A6,0,0,0,0,5
6331864,000004E9,false,Rx,0,8,12,0,0,34,0,0,50,0
6332267,122,false,Rx,0,8,FF,D9,67,1F,46,46,46,46
6332295,000004EA,false,Rx,0,8,67,0,0,89,0,0,0,0
6332315,123,false,Rx,0,8,11,3,0,0,0,0,1,35
6332333,000004EB,false,Rx,0,8,10,80,32,3A,80,0,0,0
6332639,124,false,Rx,0,8,0,0,0A,0,0,0,20,40
6334509,000004EC,false,Rx,0,8,0,0,0,0,0,0,0,0
6334703,000004ED,false,Rx,0,8,0,0,0,0,0,FF,FF,1F
6334725,000004EE,false,Rx,0,8,FF,FF,0,0,0,0,0,0
6334743,000004EF,false,Rx,0,8,60,0,60,0,29,14,0,0
6334760,0000063D,false,Rx,0,8,0,80,0,0,0,0,0,0
6334778,640,false,Rx,0,8,FF,FF,FF,0,FF,FF,FF,0
6336236,641,false,Rx,0,8,FF,FF,FF,FF,0F,FF,FF,FF
6336272,646,false,Rx,0,8,0,0,0,80,1,0,0,0
6336290,000000FF,false,Rx,0,8,CB,10,0,0,0,0,2,0
6336307,161,false,Rx,0,8,75,62,4D,3,0,0,0,2
6336676,162,false,Rx,0,8,FF,FC,1,0,0,0,0,0
6336698,37,false,Rx,0,8,0,0,0,10,0,40,0,0
6336960,38,false,Rx,0,8,4,0,0,0,90,38,96,D4
6338098,39,false,Rx,0,8,0,0,0,0,0,0,0,0
6338131,384,false,Rx,0,8,E9,DC,2,0,0,FF,0,21
6338579,394,false,Rx,0,8,2A,22,1A,49,0,0,0,0
6338605,000003C3,false,Rx,0,8,45,10,31,30,36,0,0,0
6340124,000003B6,false,Rx,0,8,0,8B,A0,0,0,0,0,46
6340159,000003B7,false,Rx,0,8,46,0,0,0,0,0,0,0
6340177,61,false,Rx,0,8,60,8F,AE,0,0,0,0,0
6340195,000003B8,false,Rx,0,8,0D,3,0,0,0,0,69,0E
6340212,62,false,Rx,0,8,2,2,0,2,40,FF,0,FF
6340631,63,false,Rx,0,8,0,0,5,0,0,8,FD,0
6340655,000003E0,false,Rx,0,8,66,20,1,0,54,3,0,0
6341608,64,false,Rx,0,8,0,0,0,4,FF,FA,0,0
6341645,000003E5,false,Rx,0,8,37,80,1,0,0,0,0,0
6341663,000000A1,false,Rx,0,8,FD,DE,AE,1A,0,0,0,0
6341697,000003E6,false,Rx,0,8,67,90,0,0,0,0,0,0
6341715,91,false,Rx,0,8,4B,16,42,0,0,0,0,0
6342587,0000041A,false,Rx,0,8,8D,D0,12,0,0,0,0,0
6342614,92,false,Rx,0,8,0,0,0,0,0,0,0,0
6342632,0000041B,false,Rx,0,8,70,D0,0,0,0,0,0,0
6343950,93,false,Rx,0,8,0,0,0,0,0,0,0,0
6344113,0000041C,false,Rx,0,8,48,0,E0,0,0,0,0,0
6344131,94,false,Rx,0,8,0,0,0,0,0,0,0,0
6344158,422,false,Rx,0,8,9D,70,1,0,0,0,4,0
6344176,000000A2,false,Rx,0,8,0,0,0,0,0,0,0,0
6344194,432,false,Rx,0,8,3,20,2,0,0,0,0,0
6344211,000000A3,false,Rx,0,8,0,40,1,0,0,0,0,0
6345323,435,false,Rx,0,8,26,C0,0,40,0,0,0,0
6345358,442,false,Rx,0,8,CE,20,11,81,0,0,0,0
6345376,0000012B,false,Rx,0,8,68,35,9B,6,0,0,8,0
6345394,0000011B,false,Rx,0,8,2F,CF,9B,5,80,8,A8,2
6345554,0000012C,false,Rx,0,8,0,0,1,0,0,64,0,0
6346696,0000011C,false,Rx,0,8,0,5,20,0,22,0,1,1
6346731,444,false,Rx,0,8,D5,20,20,50,55,50,0,0
6346749,445,false,Rx,0,8,C6,C0,0,0,0,0,0,18
6347989,464,false,Rx,0,8,D5,20,F0,FF,38,7F,5,0
6351592,146,false,Rx,0,8,97,7,4A,10,4,1,0,0
6352141,147,false,Rx,0,8,0,4,7D,0,40,0,0,0
6352161,148,false,Rx,0,8,0,0,0,0,0,90,40,5
6352178,149,false,Rx,0,8,0,0,0,0,0,0,0,0
6354341,495,false,Rx,0,8,49,0,0,0,0,0,0,0
6354376,000003AA,false,Rx,0,8,FF,0,B0,0,54,0,0,0
6356044,0000010B,false,Rx,0,8,A5,E4,AA,0,0,0,0,5
6356079,0000010C,false,Rx,0,8,FF,F9,E7,1F,46,44,46,46
6357148,0000010D,false,Rx,0,8,10,3,0,0,0,0,1,35
6357183,0000010E,false,Rx,0,8,0,0,0A,0,0,C0,AB,57
6357201,000001B1,false,Rx,0,8,92,9A,4A,0,72,0,0,0
6357219,000001B2,false,Rx,0,8,23,0,4,0F,0F,7,52,10
6357659,000001B3,false,Rx,0,8,10,2C,0,0,87,91,96,90
6357685,000001B4,false,Rx,0,8,95,91,17,0,0,40,1,0
6363594,380,false,Rx,0,8,AD,D7,FF,0,0,0,0,1
6363635,0000036F,false,Rx,0,8,EE,E1,1,0,0,0,0,0
6363653,0000037F,false,Rx,0,8,EC,80,52,24,41,2,0,0
6365808,000001A1,false,Rx,0,8,53,54,4E,FE,F7,7F,64,0
6365848,000001A2,false,Rx,0,8,0,0,0,0,0,8,0,0
6365867,000001A3,false,Rx,0,8,FF,F3,3F,0,0,0,0,0
6366248,000001A4,false,Rx,0,8,FE,7,0,0,0,0,0,0
6366277,000003B0,false,Rx,0,8,72,37,FF,C7,0,0,3,C0
6368603,000003B1,false,Rx,0,8,9B,3C,FF,40,0,0,20,0
6368642,419,false,Rx,0,8,CD,C0,8E,D6,71,86,90,0
6369606,448,false,Rx,0,8,0,C0,0,0,0,0,0,0
6372593,0000019B,false,Rx,0,8,93,AA,A8,0,0,E4,0,0
6372634,0000019C,false,Rx,0,8,40,20,0,0,0,0,0B,9
6372652,0000019D,false,Rx,0,8,0,10,0,1,0,0,0,0
6373602,0000019E,false,Rx,0,8,15,0,0,0,0,32,0,0
6378593,000003B2,false,Rx,0,8,36,15,FF,2,29,2F,34,0
6381585,121,false,Rx,0,8,0C,3C,AB,0,0,0,0,5
6381623,122,false,Rx,0,8,FF,D9,67,1F,46,46,46,46
6381641,123,false,Rx,0,8,11,3,0,0,0,0,1,35
6382609,124,false,Rx,0,8,0,0,0A,0,0,0,20,40
6382643,427,false,Rx,0,8,1D,86,FF,0,80,0A,0,0
6386590,36,false,Rx,0,8,47,5B,AD,51,0,0,25,1
6386631,37,false,Rx,0,8,0,0,0,10,0,40,0,0
6386649,38,false,Rx,0,8,4,0,0,0,90,38,96,D4
6387599,39,false,Rx,0,8,0,0,0,0,0,0,0,0
6390092,61,false,Rx,0,8,A8,8D,B3,0,0,0,0,0
6390134,62,false,Rx,0,8,2,2,0,2,40,FF,0,FF
6390152,63,false,Rx,0,8,0,0,5,0,0,8,FD,0
6390169,64,false,Rx,0,8,0,0,0,4,FF,FA,0,0
6390736,000000A1,false,Rx,0,8,98,DD,B3,1A,0,0,0,0
6390767,000000A2,false,Rx,0,8,0,0,0,0,0,0,0,0
6392126,000000A3,false,Rx,0,8,0,40,1,0,0,0,0,0
6392160,0000042A,false,Rx,0,8,F4,DE,FF,1,0,10,0,0
6393764,419,false,Rx,0,8,3A,D0,8E,D6,75,86,90,0
6396128,0000011B,false,Rx,0,8,F9,53,A0,5,80,8,A8,2
6396163,0000012B,false,Rx,0,8,BE,A9,A0,6,0,0,8,0
6396181,0000011C,false,Rx,0,8,0,5,20,0,22,0,1,1
6396199,0000012C,false,Rx,0,8,0,0,1,0,0,64,0,0
6396216,000001FB,false,Rx,0,8,55,EB,43,0,0,0,0,0
6396597,000001FC,false,Rx,0,8,0,0,0,0,0,0,0,0
6396619,000001FD,false,Rx,0,8,0,1A,3,0,0,0,0,0
6398021,000001FE,false,Rx,0,8,0,0,0,0,0,0,0,0
6399900,000001E6,false,Rx,0,8,30,25,85,2,0,0,0,0
6399937,000001BB,false,Rx,0,8,39,5E,85,2,0,0,0,0A
6399955,000001BC,false,Rx,0,8,32,0,0,0,2,0,0,0
6399973,000001BD,false,Rx,0,8,0,0,0,0,0,0,0,0
6399990,000001E7,false,Rx,0,8,0,0,22,3,20,1,0,0
6405693,0000010B,false,Rx,0,8,DA,C8,AF,0,0,0,0,5
6406741,0000010C,false,Rx,0,8,FF,F9,E7,1F,46,44,46,46
6406775,0000010D,false,Rx,0,8,10,3,0,0,0,0,1,35
6406793,0000010E,false,Rx,0,8,0,0,0A,0,0,C0,AB,57
6408177,000002C1,false,Rx,0,8,6,9C,A3,21,0,41,0,AA
6408211,000002C2,false,Rx,0,8,1D,0,0,0,0,0,0,0
6408230,000002C3,false,Rx,0,8,0,0,0,0,0,0,0,0
6408248,000002C4,false,Rx,0,8,0,0,0,0,0,0,0,0
6416583,487,false,Rx,0,8,0,0,0,0,0,0,0,0
6417561,642,false,Rx,0,8,FF,FF,FF,FF,FF,FF,0,0
6419564,000001AB,false,Rx,0,8,69,1E,9F,50,70,38,0,0
6419585,000001AC,false,Rx,0,8,0,28,0,0,0,0,0,0
6419603,000002FF,false,Rx,0,8,E2,1,0,F1,3F,0,0,0
6420563,316,false,Rx,0,8,A1,70,90,34,14,80,0A,0
6421562,317,false,Rx,0,8,0,0,5,0,0,0,0,0
6421582,472,false,Rx,0,8,5C,EC,0,40,8,41,0,45
6421600,473,false,Rx,0,8,5F,24,0,25,0,0,0,78
6421618,474,false,Rx,0,8,93,44,0,0,0,0,0,14
6422563,0000019B,false,Rx,0,8,EC,86,AD,0,0,E4,0,0
6422582,0000019C,false,Rx,0,8,40,20,0,0,0,0,0B,9
6422599,0000019D,false,Rx,0,8,0,10,0,1,0,0,0,0
6423565,0000019E,false,Rx,0,8,15,0,0,0,0,32,0,0
6424560,566,false,Rx,0,8,16,2,0,0,0,0,FF,FF
6427565,0000033B,false,Rx,0,8,4A,F2,45,0,0,0,0,0
6427587,0000033C,false,Rx,0,8,0,0,0,0,F0,0,0,0
6427604,0000033D,false,Rx,0,8,0,0,0,0,0,0,0,0
6427622,0000033E,false,Rx,0,8,0,0,0,0,0,0,0,0
6431573,121,false,Rx,0,8,71,F9,B0,0,0,0,0,5
6431600,122,false,Rx,0,8,FF,D9,67,1F,46,46,46,46
6431617,123,false,Rx,0,8,11,3,0,0,0,0,1,35
6432588,124,false,Rx,0,8,0,0,0A,0,0,0,20,40
6432617,401,false,Rx,0,8,A9,30,10,0,0,4,0,0
6433572,419,false,Rx,0,8,3A,D0,8E,D6,75,86,90,0
6435574,161,false,Rx,0,8,65,38,52,3,0,0,0,2
6435598,162,false,Rx,0,8,FF,FC,1,0,0,0,0,0
6436565,36,false,Rx,0,8,3,EB,B2,51,0,0,25,1
6436592,37,false,Rx,0,8,0,0,0,10,0,40,0,0
6436610,38,false,Rx,0,8,4,0,0,0,90,38,96,D4
6437564,39,false,Rx,0,8,0,0,0,0,0,0,0,0
6438566,000002E6,false,Rx,0,8,7D,32,42,1,0,0,0,15
6438586,256,false,Rx,0,8,BC,A7,42,15,40,0,D0,0
6438604,000002E7,false,Rx,0,8,0A,0,0,0,0,0,0,0
6439563,257,false,Rx,0,8,0,93,41,15,86,7,0,93
6439589,000002E8,false,Rx,0,8,0,0,0,0,0,0,0,0
6439606,258,false,Rx,0,8,0B,78,1E,0,10,15,0,28
6439623,61,false,Rx,0,8,10,8C,B8,0,0,0,0,0
6440563,259,false,Rx,0,8,44,5,8A,3C,4C,2,0,0
6440587,62,false,Rx,0,8,2,2,0,2,40,FF,0,FF
6440605,000002E9,false,Rx,0,8,0,0,0,0,0,0,0,0
6440622,63,false,Rx,0,8,0,0,5,0,0,8,FD,0
6441563,64,false,Rx,0,8,0,0,0,4,FF,FA,0,0
6441588,000000A1,false,Rx,0,8,A4,2C,B8,1A,0,0,0,0
6441606,91,false,Rx,0,8,0D,4F,43,0,0,0,0,0
6441624,92,false,Rx,0,8,0,0,0,0,0,0,0,0
6442563,93,false,Rx,0,8,0,0,0,0,0,0,0,0
6442586,94,false,Rx,0,8,0,0,0,0,0,0,0,0
6442604,000000A2,false,Rx,0,8,0,0,0,0,0,0,0,0
6442622,000000A3,false,Rx,0,8,0,40,1,0,0,0,0,0
6444566,000001F1,false,Rx,0,8,AE,62,58,1,0,0,28,0
6444588,000001F2,false,Rx,0,8,0,0,0,0,0,0,0,0
6445563,0000011B,false,Rx,0,8,0F,7B,A5,5,80,8,A8,2
6445587,0000012B,false,Rx,0,8,48,81,A5,6,0,0,8,0
6446567,0000011C,false,Rx,0,8,0,5,20,0,22,0,1,1
6446592,0000012C,false,Rx,0,8,0,0,1,0,0,64,0,0
6449566,000002BF,false,Rx,0,8,FF,FF,FF,0,0,0,0,0
6449589,0000047F,false,Rx,0,8,FF,FF,FF,FF,FF,FF,F3,FF
6449607,653,false,Rx,0,8,0A,19,3,1,2,2A,0,0
6451566,146,false,Rx,0,8,E8,2B,4F,10,4,1,0,0
6451589,147,false,Rx,0,8,0,4,7D,0,40,0,0,0
6452563,148,false,Rx,0,8,0,0,0,0,0,90,40,5
6453545,149,false,Rx,0,8,0,0,0,0,0,0,0,0
6456510,0000010B,false,Rx,0,8,A7,0D,B4,0,0,0,0,5
6456710,0000010C,false,Rx,0,8,FF,F9,E7,1F,46,44,46,46
6456728,0000010D,false,Rx,0,8,10,3,0,0,0,0,1,35
6456745,000001B1,false,Rx,0,8,ED,B6,4F,0,72,0,0,0
6456763,0000010E,false,Rx,0,8,0,0,0A,0,0,C0,AB,57
6457589,000001B2,false,Rx,0,8,23,0,4,0F,0F,7,52,10
6457617,000004A3,false,Rx,0,8,80,0,48,0B,3E,0,0,0
6457635,000001B3,false,Rx,0,8,10,2C,0,0,87,91,96,90
6457652,000004A4,false,Rx,0,8,FF,FF,FF,0,0,0,0,0
6459237,000001B4,false,Rx,0,8,95,91,17,0,0,40,1,0
6460703,475,false,Rx,0,8,12,0,0,0,0,0,0,0
6460739,496,false,Rx,0,8,12,0,0,0,0,0,0,0
6463591,0000036F,false,Rx,0,8,FE,1,1,0,0,0,0,0
6463629,0000037F,false,Rx,0,8,55,90,52,24,41,2,0,0
6464599,111,false,Rx,0,8,F8,1E,97,1,0,0,0,0
6465562,112,false,Rx,0,8,0,0,0,0,0,0,0,0
6465952,113,false,Rx,0,8,0,0,0,0,0,0,0,0
6465978,114,false,Rx,0,8,0,0,0,0,0,0,0,0
6465998,000001A1,false,Rx,0,8,9B,56,53,FE,F7,7F,64,0
6466015,000001A2,false,Rx,0,8,0,0,0,0,0,8,0,0
6466033,000001A3,false,Rx,0,8,FF,F3,3F,0,0,0,0,0
6466051,000001A4,false,Rx,0,8,FE,7,0,0,0,0,0,0
6472589,0000019B,false,Rx,0,8,A8,36,B2,0,0,E4,0,0
6472628,0000019C,false,Rx,0,8,40,20,0,0,0,0,0B,9
6472646,0000019D,false,Rx,0,8,0,10,0,1,0,0,0,0
6473603,0000019E,false,Rx,0,8,15,0,0,0,0,32,0,0
6474496,419,false,Rx,0,8,3A,D0,8E,D6,75,86,90,0
6475786,000001E1,false,Rx,0,8,A3,50,88,2,0,0,0,0
6476175,000001E2,false,Rx,0,8,0,0,0,0,0,0,0,0
6477449,0000030B,false,Rx,0,8,5A,65,45,0,4,0,0,0
6477468,0000030C,false,Rx,0,8,0,0,0E,0,2C,0,A0,0F
6477486,0000030D,false,Rx,0,8,0,0,0,0,48,0,0,0
6477504,0000030E,false,Rx,0,8,0,0,38,5,21,0,0,0
6481126,121,false,Rx,0,8,0E,D5,B5,0,0,0,0,5
6482416,122,false,Rx,0,8,FF,D9,67,1F,46,46,46,46
6482451,123,false,Rx,0,8,11,3,0,0,0,0,1,35
6482469,124,false,Rx,0,8,0,0,0A,0,0,0,20,40
6484134,405,false,Rx,0,8,BD,30,0,0,0,1,0,0
6484169,413,false,Rx,0,8,6F,30,0,0,0,0,0,0
6485433,410,false,Rx,0,8,4B,80,59,3C,16,6B,FF,FF
6485460,414,false,Rx,0,8,F0,10,0,0,28,0,0,0
6485478,411,false,Rx,0,8,A8,1,50,50,0,0,44,4
6485496,416,false,Rx,0,8,55,0,0,0,0,0,0,0
6485514,412,false,Rx,0,8,6D,60,0,0,0,0,0,0
6486891,36,false,Rx,0,8,7C,C7,B7,51,0,0,25,1
6486926,37,false,Rx,0,8,0,0,0,10,0,40,0,0
6486944,38,false,Rx,0,8,4,0,0,0,90,38,96,D4
6486962,39,false,Rx,0,8,0,0,0,0,0,0,0,0
6489687,61,false,Rx,0,8,6F,A0,BD,0,0,0,0,0
6489725,62,false,Rx,0,8,2,2,0,2,40,FF,0,FF
6491011,63,false,Rx,0,8,0,0,5,0,0,8,FD,0
6491046,64,false,Rx,0,8,0,0,0,4,FF,FA,0,0
6491064,000000A1,false,Rx,0,8,AB,C7,BD,1A,0,0,0,0
6491082,000000A2,false,Rx,0,8,0,0,0,0,0,0,0,0
6491099,000000A3,false,Rx,0,8,0,40,1,0,0,0,0,0
6494861,151,false,Rx,0,8,4A,33,45,A0,C8,0,28,19
6495038,152,false,Rx,0,8,16,18,18,0,0B,0,0,0
6496457,0000011B,false,Rx,0,8,15,2,AA,5,80,8,A8,2
6496529,153,false,Rx,0,8,0,0,0,0,0,0,0,0
6496931,0000011C,false,Rx,0,8,0,5,20,0,22,0,1,1
6496956,0000012B,false,Rx,0,8,52,F8,AA,6,0,0,8,0
6498243,000001F6,false,Rx,0,8,79,10,45,0,0,0,0,0E
6498270,0000012C,false,Rx,0,8,0,0,1,0,0,64,0,0
6498287,000001F7,false,Rx,0,8,0B,0,0,0,0,0,0,0
6498305,154,false,Rx,0,8,0,0,0,0,0,0,0,0
6498323,000001F8,false,Rx,0,8,0,0,0,0,0,0,0,0
6498571,000002FC,false,Rx,0,8,3,0,16,19,0,0,8E,BF
6499564,238,false,Rx,0,8,0,0,5F,0,0,0,0,0
6499585,000002FD,false,Rx,0,8,0,0,0,0,0,1C,0E,EA
6499602,239,false,Rx,0,8,0,0,0,0,1,0,0,0
6499628,000002FE,false,Rx,0,8,0,0,72,1,0,28,0,0
6499646,0000025B,false,Rx,0,8,F5,15,45,40,40,20,0,0
6501716,326,false,Rx,0,8,83,4E,45,0,0,0,0,0
6501750,0000025C,false,Rx,0,8,0,0,0B,0,34,89,19,0
6501768,327,false,Rx,0,8,0,0,0,0,5,0,0,0
6501785,0000025D,false,Rx,0,8,0,C8,0,0,0,80,C0,70
6501803,328,false,Rx,0,8,0,0,0,0,0,0,0,0
6501831,331,false,Rx,0,8,90,1,45,F1,C8,A0,2C,97
6502573,419,false,Rx,0,8,3A,D0,8E,D6,75,86,90,0
6502594,332,false,Rx,0,8,94,2,0,0,0,0,0,0
6502612,000004E8,false,Rx,0,8,FF,FF,FF,5,FF,FF,FF,0
6504506,333,false,Rx,0,8,0,0,0,1C,0C,40,20,A0
6504667,334,false,Rx,0,8,C8,0,0,0,AC,70,1D,90
6506572,0000010B,false,Rx,0,8,AA,CB,B9,0,0,0,0,5
6506596,0000010C,false,Rx,0,8,FF,F9,E7,1F,46,44,46,46
6506614,0000010D,false,Rx,0,8,10,3,0,0,0,0,1,35
6506632,0000010E,false,Rx,0,8,0,0,0A,0,0,C0,AB,57
6507569,000002AB,false,Rx,0,8,81,62,46,0C,0C,0,0,0
6507588,000002AC,false,Rx,0,8,0,FF,FF,0,0,40,0,50
6507606,000002AD,false,Rx,0,8,0,1,0,40,FF,FF,FF,0F
6507623,000002AE,false,Rx,0,8,1,0,FF,3F,1,1,0,0
6508567,000002B6,false,Rx,0,8,F3,13,46,1,0,0,0,40
6508589,251,false,Rx,0,8,36,A3,45,0,0,0,0,0
6508606,000002B7,false,Rx,0,8,8,2,F0,0,0,4,0,0
6508624,252,false,Rx,0,8,0,0,0,0,3,0,0,0
6509565,000002B8,false,Rx,0,8,AA,11,11,0,0,0,0,0
6509585,253,false,Rx,0,8,0,0,0,51,51,0,80,44
6509603,000002B9,false,Rx,0,8,0A,0,0,0,0,0,0,0
6509621,396,false,Rx,0,8,89,15,A2,0F,8,2,0,2
6511125,000002E1,false,Rx,0,8,A2,47,46,0,0,0,0,40
6511160,397,false,Rx,0,8,25,0,0,0,0,0,0,0
6511178,000002E2,false,Rx,0,8,FD,0,0,0,0,14,0,4
6511196,398,false,Rx,0,8,0,0,0,0,0,0,0,0
6511574,000002E3,false,Rx,0,8,0,0,0,0,0,0,72,1
6517590,383,false,Rx,0,8,12,ED,1,0,2,0,0,0
6518598,000001AB,false,Rx,0,8,BF,82,A4,50,70,38,0,0
6519696,000001AC,false,Rx,0,8,0,28,0,0,0,0,0,0
6519731,226,false,Rx,0,8,2,36,21,FF,43,E1,5,42
6519749,227,false,Rx,0,8,2,70,E1,8,0,F2,17,4
6520593,000003A1,false,Rx,0,8,B1,81,B3,0,FF,FF,FF,FF
6520620,000003A2,false,Rx,0,8,0,0,0,0,0,0,0,0
6522812,0000019B,false,Rx,0,8,D7,1A,B7,0,0,E4,0,0
6522854,0000019C,false,Rx,0,8,40,20,0,0,0,0,0B,9
6522872,0000019D,false,Rx,0,8,0,10,0,1,0,0,0,0
6522889,0000019E,false,Rx,0,8,15,0,0,0,0,32,0,0
6523744,419,false,Rx,0,8,26,E0,8D,D6,75,86,90,0
6523777,000002D6,false,Rx,0,8,E9,1,A2,0,0,0,0,0
6523796,000002EB,false,Rx,0,8,DA,75,A2,9,8,1,0,2
6524847,000002D7,false,Rx,0,8,0,0,0,0,3,0,0,0
6524881,000002EC,false,Rx,0,8,7,0,0,0,0,0,0,0
6524899,000002D8,false,Rx,0,8,0,0,0,0,0,0,38,45
6525331,000002ED,false,Rx,0,8,0,0,0,0,0,0,0,0
6525363,000002D9,false,Rx,0,8,0,0,0,0,0,0,0,0
6525381,000002EE,false,Rx,0,8,0,0,0,0,0,0,0,0
6525575,516,false,Rx,0,8,61,2,0,0,0,0,FF,FF
6529769,356,false,Rx,0,8,63,11,A3,0,0,0,0,0
6529854,357,false,Rx,0,8,0,0,0,0,0,4B,4D,48
6529873,358,false,Rx,0,8,35,41,45,4D,52,37,33,4F
6529890,359,false,Rx,0,8,51,4F,34,52,4A,35,33,0
6529908,000000C5,false,Rx,0,8,0,0,0,0,0,0,0,0
6530570,000004CC,false,Rx,0,8,8,0,0,6,0,0,3,0
6530593,000004CE,false,Rx,0,8,14,1,FF,FF,FF,FF,FF,FF
6530611,000004D7,false,Rx,0,8,23,1,0,0,0,0,0,0
6532551,000004D8,false,Rx,0,8,41,10,F0,F0,40,F2,1E,CC
6532589,121,false,Rx,0,8,8F,A1,BA,0,0,0,0,5
6532607,000004DD,false,Rx,0,8,0,0,FE,0,4,0,0,0
6532625,122,false,Rx,0,8,FF,D9,67,1F,46,46,46,46
6532643,000004DF,false,Rx,0,8,FF,3,0C,3F,0,0,0,0
6532660,124,false,Rx,0,8,0,0,0A,0,0,0,20,40
6533577,000004E9,false,Rx,0,8,12,0,0,34,0,0,50,0
6533600,000004EA,false,Rx,0,8,67,0,0,89,0,0,0,0
6533617,000004EB,false,Rx,0,8,10,80,32,3A,80,0,0,0
6533635,000004EC,false,Rx,0,8,0,0,0,0,0,0,0,0
6534580,000004ED,false,Rx,0,8,0,0,0,0,0,FF,FF,1F
6534615,000004EE,false,Rx,0,8,FF,FF,0,0,0,0,0,0
6534634,000004EF,false,Rx,0,8,60,0,60,0,29,14,0,0
6534651,0000063D,false,Rx,0,8,0,80,0,0,0,0,0,0
6536333,0000063E,false,Rx,0,8,FF,FF,FF,FF,FF,FF,FF,FF
6536728,161,false,Rx,0,8,93,10,57,3,0,0,0,2
6536751,000000FF,false,Rx,0,8,CB,10,0,0,0,0,2,0
6536769,162,false,Rx,0,8,FF,FC,1,0,0,0,0,0
6537029,0000063F,false,Rx,0,8,0,10,0,C4,FF,0,0,0
6537076,640,false,Rx,0,8,FF,FF,FF,0,FF,FF,FF,0
6537095,394,false,Rx,0,8,2A,22,1A,49,0,0,0,0
6537112,38,false,Rx,0,8,4,0,0,0,90,38,96,D4
6538149,641,false,Rx,0,8,FF,FF,FF,FF,0F,FF,FF,FF
6538183,39,false,Rx,0,8,0,0,0,0,0,0,0,0
6538201,646,false,Rx,0,8,0,0,0,80,1,0,0,0
6538218,384,false,Rx,0,8,E9,DC,2,0,0,FF,0,21
6539890,000003C3,false,Rx,0,8,45,10,31,30,36,0,0,0
6539925,000003E0,false,Rx,0,8,66,20,1,0,54,3,0,0
6539943,000004E8,false,Rx,0,8,FF,FF,FF,5,FF,FF,FF,0
6539961,000003B6,false,Rx,0,8,46,D2,A1,0,0,0,0,46
6539978,000003B7,false,Rx,0,8,46,0,0,0,0,0,0,0
6540569,62,false,Rx,0,8,2,2,0,2,40,FF,0,FF
6540591,000003B9,false,Rx,0,8,0,0,0,0,0,0,0,0
6540609,63,false,Rx,0,8,0,0,5,0,0,8,FD,0
6541569,000003E5,false,Rx,0,8,37,80,1,0,0,0,0,0
6541590,64,false,Rx,0,8,0,0,0,4,FF,FA,0,0
6541607,000003E6,false,Rx,0,8,67,90,0,0,0,0,0,0
6541625,91,false,Rx,0,8,FE,D1,44,0,0,0,0,0
6543458,0000041A,false,Rx,0,8,8D,D0,12,0,0,0,0,0
6543579,92,false,Rx,0,8,0,0,0,0,0,0,0,0
6543597,0000041B,false,Rx,0,8,70,D0,0,0,0,0,0,0
6543614,93,false,Rx,0,8,0,0,0,0,0,0,0,0
6543632,0000041C,false,Rx,0,8,48,0,E0,0,0,0,0,0
6543650,000000A1,false,Rx,0,8,3,3B,C2,1A,0,0,0,0
6545698,000000A2,false,Rx,0,8,0,0,0,0,0,0,0,0
6545723,432,false,Rx,0,8,3,20,2,0,0,0,0,0
6545741,000000A3,false,Rx,0,8,0,40,1,0,0,0,0,0
6545758,435,false,Rx,0,8,26,C0,0,40,0,0,0,0
6545776,442,false,Rx,0,8,CE,20,11,81,0,0,0,0
6546120,0000012B,false,Rx,0,8,A4,D0,AF,6,0,0,8,0
6546161,0000011C,false,Rx,0,8,0,5,20,0,22,0,1,1
6549930,0000012C,false,Rx,0,8,0,0,1,0,0,64,0,0
6549969,445,false,Rx,0,8,C6,C0,0,0,0,0,0,18
6550316,464,false,Rx,0,8,D5,20,F0,FF,38,7F,5,0
6550345,000001E6,false,Rx,0,8,43,1C,88,2,0,0,0,0
6551660,000001BB,false,Rx,0,8,0F,1D,88,2,0,0,0,0A
6551680,146,false,Rx,0,8,95,EE,54,10,4,1,0,0
6552981,149,false,Rx,0,8,0,0,0,0,0,0,0,0
6554186,495,false,Rx,0,8,49,0,0,0,0,0,0,0
6554221,000003AA,false,Rx,0,8,FF,0,B0,0,54,0,0,0
6557100,0000010B,false,Rx,0,8,59,55,BE,0,0,0,0,5
6557139,0000010C,false,Rx,0,8,FF,F9,E7,1F,46,44,46,46
6557158,0000010D,false,Rx,0,8,10,3,0,0,0,0,1,35
6557176,000001B1,false,Rx,0,8,90,73,54,0,72,0,0,0
6557193,0000010E,false,Rx,0,8,0,0,0A,0,0,C0,AB,57
6557211,000001B3,false,Rx,0,8,10,2C,0,0,87,91,96,90
6557604,000001B4,false,Rx,0,8,95,91,17,0,0,40,1,0
6561610,0000034B,false,Rx,0,8,26,2,BA,31,D8,0D,5,1
6561648,0000034C,false,Rx,0,8,0,0,0,0,0,0,0,0
6561666,0000034D,false,Rx,0,8,0,0,0,0,0,0,0,0
6562599,0000034E,false,Rx,0,8,0,0,0,0,0,0,0,0
6563941,380,false,Rx,0,8,AD,D7,FF,0,0,0,0,1
6564101,0000036F,false,Rx,0,8,47,11,1,0,0,0,0,0
6564119,419,false,Rx,0,8,26,E0,8D,D6,75,86,90,0
6564136,0000037F,false,Rx,0,8,83,A0,52,24,41,2,0,0
6565810,000001A1,false,Rx,0,8,23,57,58,FE,F7,7F,64,0
6565860,000001A2,false,Rx,0,8,0,0,0,0,0,8,0,0
6565878,000001A3,false,Rx,0,8,FF,F3,3F,0,0,0,0,0
6565895,000001A4,false,Rx,0,8,FE,7,0,0,0,0,0,0
6566785,000003B0,false,Rx,0,8,72,37,FF,C7,0,0,3,C0
6569145,000003B1,false,Rx,0,8,9B,3C,FF,40,0,0,20,0
6569617,448,false,Rx,0,8,0,C0,0,0,0,0,0,0
6573067,0000019B,false,Rx,0,8,6F,1B,BC,0,0,E4,0,0
6573102,0000019C,false,Rx,0,8,40,20,0,0,0,0,0B,9
6573120,0000019D,false,Rx,0,8,0,10,0,1,0,0,0,0
6573138,0000019E,false,Rx,0,8,15,0,0,0,0,32,0,0
6578593,000003B2,false,Rx,0,8,36,15,FF,2,29,2F,34,0
6578632,000004E8,false,Rx,0,8,FF,FF,FF,5,FF,FF,FF,0
6581620,121,false,Rx,0,8,F0,8D,BF,0,0,0,0,5
6581659,122,false,Rx,0,8,FF,D9,67,1F,46,46,46,46
6581677,123,false,Rx,0,8,11,3,0,0,0,0,1,35
6582600,124,false,Rx,0,8,0,0,0A,0,0,0,20,40
6582633,427,false,Rx,0,8,1D,86,FF,0,80,0A,0,0
6586590,36,false,Rx,0,8,D0,7E,C1,51,0,0,25,1
6586628,37,false,Rx,0,8,0,0,0,10,0,40,0,0
6586648,38,false,Rx,0,8,4,0,0,0,90,38,96,D4
6587604,39,false,Rx,0,8,0,0,0,0,0,0,0,0
6588569,419,false,Rx,0,8,E4,0,8D,D6,79,86,90,0
6589739,61,false,Rx,0,8,88,86,C7,0,0,0,0,0
6589785,62,false,Rx,0,8,2,2,0,2,40,FF,0,FF
6589804,63,false,Rx,0,8,0,0,5,0,0,8,FD,0
6590973,64,false,Rx,0,8,0,0,0,4,FF,FA,0,0
6591007,000000A1,false,Rx,0,8,0C,D0,C7,1A,0,0,0,0
6591025,000000A2,false,Rx,0,8,0,0,0,0,0,0,0,0
6591379,000000A3,false,Rx,0,8,0,40,1,0,0,0,0,0
6592439,0000042A,false,Rx,0,8,F4,DE,FF,1,0,10,0,0
6594950,000001F1,false,Rx,0,8,E3,8A,5B,1,0,0,28,0
6594985,000001F2,false,Rx,0,8,0,0,0,0,0,0,0,0
6596457,0000011B,false,Rx,0,8,21,F0,B4,5,80,8,A8,2
6596495,0000012B,false,Rx,0,8,66,0A,B4,6,0,0,8,0
6596514,0000011C,false,Rx,0,8,0,5,20,0,22,0,1,1
6596531,0000012C,false,Rx,0,8,0,0,1,0,0,64,0,0
6596910,000001FB,false,Rx,0,8,E0,2C,45,0,0,0,0,0
6596934,000001FC,false,Rx,0,8,0,0,0,0,0,0,0,0
6596971,000001FD,false,Rx,0,8,0,1A,3,0,0,0,0,0
6598139,000001FE,false,Rx,0,8,0,0,0,0,0,0,0,0
6600007,000004F0,false,Rx,0,8,4A,10,32,3B,58,1A,18,2
6606588,0000010B,false,Rx,0,8,4D,ED,C3,0,0,0,0,5
6606627,0000010C,false,Rx,0,8,FF,F9,E7,1F,46,44,46,46
6606646,0000010D,false,Rx,0,8,10,3,0,0,0,0,1,35
6606664,0000010E,false,Rx,0,8,0,0,0A,0,0,C0,AB,57
6607618,000002C1,false,Rx,0,8,77,E6,A4,21,0,41,0,AA
6607651,000002C2,false,Rx,0,8,1E,0,0,0,0,0,0,0
6608571,000002C3,false,Rx,0,8,0,0,0,0,0,0,0,0
6608594,000002C4,false,Rx,0,8,0,0,0,0,0,0,0,0
6618603,487,false,Rx,0,8,0,0,0,0,0,0,0,0
6618643,000001AB,false,Rx,0,8,CC,BB,A9,50,70,38,0,0
6619606,000002FF,false,Rx,0,8,E2,1,0,F1,3F,0,0,0
6619639,000001AC,false,Rx,0,8,0,28,0,0,0,0,0,0
6619657,316,false,Rx,0,8,85,D8,91,34,14,80,0A,0
6619674,472,false,Rx,0,8,5C,EC,0,40,8,41,0,45
6620805,317,false,Rx,0,8,0,0,5,0,0,0,0,0
6621973,642,false,Rx,0,8,FF,FF,FF,FF,FF,FF,0,0
6622033,473,false,Rx,0,8,5F,24,0,25,0,0,0,78
6622085,474,false,Rx,0,8,93,44,0,0,0,0,0,14
6622103,0000019B,false,Rx,0,8,7B,A3,C1,0,0,E4,0,0
6622591,0000019C,false,Rx,0,8,40,20,0,0,0,0,0B,9
6622629,0000019D,false,Rx,0,8,0,10,0,1,0,0,0,0
6623638,0000019E,false,Rx,0,8,15,0,0,0,0,32,0,0
6624972,561,false,Rx,0,8,63,2,0,0,0,0,FF,FF
6625588,000001E1,false,Rx,0,8,EE,B8,8B,2,0,0,0,0
6626784,000001E2,false,Rx,0,8,0,0,0,0,0,0,0,0
6626819,0000033B,false,Rx,0,8,C6,40,47,0,0,0,0,0
6628193,0000033C,false,Rx,0,8,0,0,0,0,F0,0,0,0
6628228,0000033D,false,Rx,0,8,0,0,0,0,0,0,0,0
6628246,0000033E,false,Rx,0,8,0,0,0,0,0,0,0,0
6628663,419,false,Rx,0,8,E4,0,8D,D6,79,86,90,0
6631602,121,false,Rx,0,8,51,F2,C4,0,0,0,0,5
6631642,122,false,Rx,0,8,FF,D9,67,1F,46,46,46,46
6631660,123,false,Rx,0,8,11,3,0,0,0,0,1,35
6632603,124,false,Rx,0,8,0,0,0A,0,0,0,20,40
6632636,401,false,Rx,0,8,A9,30,10,0,0,4,0,0
6635595,161,false,Rx,0,8,5B,E9,5C,3,0,0,0,2
6635631,162,false,Rx,0,8,FF,FC,1,0,0,0,0,0
6636597,36,false,Rx,0,8,23,E0,C6,51,0,0,25,1
6636628,37,false,Rx,0,8,0,0,0,10,0,40,0,0
6636646,38,false,Rx,0,8,4,0,0,0,90,38,96,D4
6637614,39,false,Rx,0,8,0,0,0,0,0,0,0,0
6638948,000002E6,false,Rx,0,8,C8,F5,44,1,0,0,0,15
6639001,256,false,Rx,0,8,A3,91,44,15,40,0,B0,0
6639019,000002E7,false,Rx,0,8,0A,0,0,0,0,0,0,0
6639037,257,false,Rx,0,8,0,93,41,13,86,7,0,93
6639055,000002E8,false,Rx,0,8,0,0,0,0,0,0,0,0
6639429,258,false,Rx,0,8,0B,79,1E,0,10,15,0,28
6639472,61,false,Rx,0,8,30,87,CC,0,0,0,0,0
6640724,259,false,Rx,0,8,36,5,89,3C,4C,2,0,0
6640762,62,false,Rx,0,8,2,2,0,2,40,FF,0,FF
6640780,000002E9,false,Rx,0,8,0,0,0,0,0,0,0,0
6640798,63,false,Rx,0,8,0,0,5,0,0,8,FD,0
6640815,000004F0,false,Rx,0,8,4A,10,32,3B,58,1A,18,2
6641588,64,false,Rx,0,8,0,0,0,4,FF,FA,0,0
6641617,91,false,Rx,0,8,B8,88,45,0,0,0,0,0
6641636,92,false,Rx,0,8,0,0,0,0,0,0,0,0
6642754,93,false,Rx,0,8,0,0,0,0,0,0,0,0
6642790,94,false,Rx,0,8,0,0,0,0,0,0,0,0
6642807,000000A1,false,Rx,0,8,30,21,CC,1A,0,0,0,0
6642825,000000A2,false,Rx,0,8,0,0,0,0,0,0,0,0
6642843,000000A3,false,Rx,0,8,0,40,1,0,0,0,0,0
6645585,0000011B,false,Rx,0,8,52,C9,B9,5,80,8,A8,2
6645615,0000012B,false,Rx,0,8,15,33,B9,6,0,0,8,0
6646807,0000011C,false,Rx,0,8,0,5,20,0,22,0,1,1
6646843,0000012C,false,Rx,0,8,0,0,1,0,0,64,0,0
6649717,000002BF,false,Rx,0,8,FF,FF,FF,0,0,0,0,0
6649757,0000047F,false,Rx,0,8,FF,FF,FF,FF,FF,FF,F3,FF
6649775,653,false,Rx,0,8,0A,19,3,1,2,2A,0,0
6651780,146,false,Rx,0,8,98,28,59,10,4,1,0,0
6651959,147,false,Rx,0,8,0,4,7D,0,40,0,0,0
6651977,148,false,Rx,0,8,0,0,0,0,0,90,40,5
6651995,149,false,Rx,0,8,0,0,0,0,0,0,0,0
6656596,0000010B,false,Rx,0,8,F5,EC,C8,0,0,0,0,5
6656634,0000010C,false,Rx,0,8,FF,F9,E7,1F,46,44,46,46
6656653,0000010D,false,Rx,0,8,10,3,0,0,0,0,1,35
6656671,000001B1,false,Rx,0,8,9D,B5,59,0,72,0,0,0
6656688,0000010E,false,Rx,0,8,0,0,0A,0,0,C0,AB,57
6657605,000001B2,false,Rx,0,8,23,0,4,0F,0F,7,52,10
6657639,000001B3,false,Rx,0,8,10,2C,0,0,87,91,96,90
6657658,000001B4,false,Rx,0,8,95,91,17,0,0,40,1,0
6658638,000004A3,false,Rx,0,8,80,0,48,0B,3E,0,0,0
6658674,000004A4,false,Rx,0,8,FF,FF,FF,0,0,0,0,0
6660577,475,false,Rx,0,8,12,0,0,0,0,0,0,0
6660599,496,false,Rx,0,8,12,0,0,0,0,0,0,0
6663569,0000036F,false,Rx,0,8,91,21,1,0,0,0,0,0
6663593,0000037F,false,Rx,0,8,3A,B0,52,24,41,2,0,0
6664563,111,false,Rx,0,8,79,6A,98,1,0,0,0,0
6664586,112,false,Rx,0,8,0,0,0,0,0,0,0,0
6665564,113,false,Rx,0,8,0,0,0,0,0,0,0,0
6665590,114,false,Rx,0,8,0,0,0,0,0,0,0,0
6665607,000001A1,false,Rx,0,8,5C,7B,5D,FE,F7,7F,64,0
6665625,000001A2,false,Rx,0,8,0,0,0,0,0,8,0,0
6665649,000001A3,false,Rx,0,8,FF,F3,3F,0,0,0,0,0
6666563,000001A4,false,Rx,0,8,FE,7,0,0,0,0,0,0
6668564,419,false,Rx,0,8,E4,0,8D,D6,79,86,90,0
6672566,0000019B,false,Rx,0,8,88,3D,C6,0,0,E4,0,0
6672586,0000019C,false,Rx,0,8,40,20,0,0,0,0,0B,9
6672603,0000019D,false,Rx,0,8,0,10,0,1,0,0,0,0
6673563,0000019E,false,Rx,0,8,15,0,0,0,0,32,0,0
6676564,0000030B,false,Rx,0,8,85,2F,47,0,4,0,0,0
6676585,0000030C,false,Rx,0,8,0,0,0E,0,2C,0,A0,0F
6676602,0000030D,false,Rx,0,8,0,0,0,0,48,0,0,0
6677563,0000030E,false,Rx,0,8,0,0,38,5,21,0,0,FE
6678572,000004F0,false,Rx,0,8,4A,10,32,3B,58,1A,18,2
6681569,121,false,Rx,0,8,5C,34,C9,0,0,0,0,5
6681589,122,false,Rx,0,8,FF,D9,67,1F,46,46,46,46
6681607,123,false,Rx,0,8,11,3,0,0,0,0,1,35
6682565,124,false,Rx,0,8,0,0,0A,0,0,0,20,40
6683571,405,false,Rx,0,8,BD,30,0,0,0,1,0,0
6683590,413,false,Rx,0,8,6F,30,0,0,0,0,0,0
6683607,410,false,Rx,0,8,4B,80,59,3C,16,6B,FF,FF
6684564,414,false,Rx,0,8,F0,10,0,0,28,0,0,0
6684587,411,false,Rx,0,8,A8,1,50,50,0,0,44,4
6684605,416,false,Rx,0,8,55,0,0,0,0,0,0,0
6684623,412,false,Rx,0,8,6D,60,0,0,0,0,0,0
6685564,417,false,Rx,0,8,5F,20,0,0,0,0,0,0
6685589,418,false,Rx,0,8,19,70,0,0,12,0C,0,0
6686561,36,false,Rx,0,8,2E,26,CB,51,0,0,25,1
6686583,37,false,Rx,0,8,0,0,0,10,0,40,0,0
6686601,38,false,Rx,0,8,4,0,0,0,90,38,96,D4
6687564,39,false,Rx,0,8,0,0,0,0,0,0,0,0
6689563,61,false,Rx,0,8,F8,85,D1,0,0,0,0,0
6689589,62,false,Rx,0,8,2,2,0,2,40,FF,0,FF
6690563,63,false,Rx,0,8,0,0,5,0,0,8,FD,0
6690593,64,false,Rx,0,8,0,0,0,4,FF,FA,0,0
6690611,000000A1,false,Rx,0,8,55,22,D1,1A,0,0,0,0
6690628,000000A2,false,Rx,0,8,0,0,0,0,0,0,0,0
6691562,000000A3,false,Rx,0,8,0,40,1,0,0,0,0,0
6693565,419,false,Rx,0,8,E4,0,8D,D6,79,86,90,0
6694561,151,false,Rx,0,8,C6,81,47,A0,C8,0,28,19
6695570,152,false,Rx,0,8,16,18,18,0,0B,0,0,0
6696688,000001F6,false,Rx,0,8,F5,A2,47,0,0,0,0,0E
6696780,0000011B,false,Rx,0,8,CD,A1,BE,5,80,8,A8,2
6697037,153,false,Rx,0,8,0,0,0,0,0,0,0,0
6697057,0000011C,false,Rx,0,8,0,5,20,0,22,0,1,1
6697075,0000012B,false,Rx,0,8,8A,5B,BE,6,0,0,8,0
6697093,000001F7,false,Rx,0,8,0B,0,0,0,0,0,0,0
6698165,154,false,Rx,0,8,0,0,0,0,0,0,0,0
6698206,000001F9,false,Rx,0,8,0,0,A0,C8,14,0,0,0
6698473,000002FB,false,Rx,0,8,9A,A8,47,4,5F,1A,CC,CC
6698495,236,false,Rx,0,8,64,5F,47,0,6E,3C,34,6C
6698513,000002FC,false,Rx,0,8,3,0,16,19,0,0,8E,BF
6698530,237,false,Rx,0,8,0,15,BA,0,0,AA,1E,0
6698621,000002FD,false,Rx,0,8,0,0,0,0,0,1C,0E,EA
6699568,238,false,Rx,0,8,0,0,5F,0,0,0,0,0
6699590,000002FE,false,Rx,0,8,0,0,72,1,0,28,0,0
6699608,000001E6,false,Rx,0,8,0E,F4,8B,2,0,0,0,0
6699633,239,false,Rx,0,8,0,0,0,0,1,0,0,0
6699651,000001BB,false,Rx,0,8,0A,44,8B,2,0,0,0,0A
6701201,0000025B,false,Rx,0,8,97,F7,47,40,40,20,0,0
6701236,000001BC,false,Rx,0,8,32,0,0,0,2,0,0,0
6701254,0000025C,false,Rx,0,8,0,0,0B,0,34,89,19,0
6701271,000001BD,false,Rx,0,8,0,0,0,0,0,0,0,0
6701289,0000025D,false,Rx,0,8,0,C8,0,0,0,80,C0,70
6701584,0000025E,false,Rx,0,8,4,7,0E,1,0,0,0,0
6701607,326,false,Rx,0,8,0F,FC,47,0,0,0,0,0
6702819,382,false,Rx,0,8,F1,7A,1,0,0,1,8,0
6702863,327,false,Rx,0,8,0,0,0,0,5,0,0,0
6702882,328,false,Rx,0,8,0,0,0,0,0,0,0,0
6702899,329,false,Rx,0,8,A0,0,0,0,0,0,0,0
6702917,331,false,Rx,0,8,1C,B3,47,F1,C8,A0,2C,97
6703597,332,false,Rx,0,8,94,2,0,0,0,0,0,0
6703625,333,false,Rx,0,8,0,0,0,1C,0C,40,20,A0
6703654,334,false,Rx,0,8,C8,0,0,0,AC,70,1D,90
6706565,0000010B,false,Rx,0,8,7C,15,CD,0,0,0,0,5
6706586,0000010C,false,Rx,0,8,FF,F9,E7,1F,46,45,46,46
6706603,0000010D,false,Rx,0,8,10,3,0,0,0,0,1,35
6706629,0000010E,false,Rx,0,8,0,0,0A,0,0,C0,AB,57
6706646,000002AB,false,Rx,0,8,46,4F,48,0C,0C,0,0,0
6707569,000002AC,false,Rx,0,8,0,FF,FF,0,0,40,0,50
6707590,000002AD,false,Rx,0,8,0,1,0,40,FF,FF,FF,0F
6707608,000002AE,false,Rx,0,8,1,0,FF,3F,1,1,0,0
6708568,000002B6,false,Rx,0,8,34,3E,48,1,0,0,0,40
6708590,000002B7,false,Rx,0,8,8,2,F0,0,0,4,0,0
6708608,251,false,Rx,0,8,30,CD,47,0,0,0,0,0
6708626,000002B8,false,Rx,0,8,AA,11,11,0,0,0,0,0
6709567,252,false,Rx,0,8,0,0,0,0,3,0,0,0
6709587,000002B9,false,Rx,0,8,0A,0,0,0,0,0,0,0
6709612,253,false,Rx,0,8,0,0,0,51,51,0,80,44
6709630,000002E1,false,Rx,0,8,65,6A,48,0,0,0,0,40
6709648,396,false,Rx,0,8,B1,4C,A3,0F,8,1,0,2
6710568,000002E2,false,Rx,0,8,FD,0,0,0,0,14,0,4
6710597,397,false,Rx,0,8,25,0,0,0,0,0,0,0
6711645,000002E3,false,Rx,0,8,0,0,0,0,0,0,72,1
6711924,398,false,Rx,0,8,0,0,0,0,0,0,0,0
6711943,000002E4,false,Rx,0,8,2,0,0,0,0,0,0,0
6714561,563,false,Rx,0,8,65,2,0,0,0,0,FF,FF
6717591,383,false,Rx,0,8,12,ED,1,0,2,0,0,0
6718599,000001AB,false,Rx,0,8,53,D3,AE,50,70,38,0,0
6718631,000001AC,false,Rx,0,8,0,28,0,0,0,0,0,0
6720365,226,false,Rx,0,8,6B,76,23,FF,43,E1,5,42
6720400,227,false,Rx,0,8,2,70,E1,8,0,F2,17,4
6720418,000003A1,false,Rx,0,8,2E,E9,B4,0,FF,FF,FF,FF
6720436,000003A2,false,Rx,0,8,0,0,0,0,0,0,0,0
6722155,0000019B,false,Rx,0,8,85,FB,CB,0,0,E4,0,0
6722568,0000019C,false,Rx,0,8,40,20,0,0,0,0,0B,9
6722590,0000019D,false,Rx,0,8,0,10,0,1,0,0,0,0
6724334,0000019E,false,Rx,0,8,15,0,0,0,0,32,0,0
6724487,000002D6,false,Rx,0,8,AF,58,A3,0,0,0,0,0
6724516,000002EB,false,Rx,0,8,61,93,A3,0A,8,1,0,2
6724534,000002D7,false,Rx,0,8,0,0,0,0,3,0,0,0
6724815,000002EC,false,Rx,0,8,2,0,0,0,0,0,0,0
6724834,000002ED,false,Rx,0,8,0,0,0,0,0,0,0,0
6724852,000002D9,false,Rx,0,8,0,0,0,0,0,0,0,0
6726006,000002EE,false,Rx,0,8,0,0,0,0,0,0,0,0
6727612,356,false,Rx,0,8,90,8F,A4,0,0,0,0,0
6727648,357,false,Rx,0,8,0,0,0,0,0,4B,4D,48
6729313,358,false,Rx,0,8,35,41,45,4D,52,37,33,4F
6729348,359,false,Rx,0,8,51,4F,34,52,4A,35,33,0
6729366,000000C5,false,Rx,0,8,0,0,0,0,0,0,0,0
6729551,244,false,Rx,0,8,FF,FF,FF,FF,FF,FF,FF,FF
6729572,000004B4,false,Rx,0,8,0,0,0,0,0,0,0,0
6729590,000004B7,false,Rx,0,8,8,0,F0,7,0,0,0,0
6730863,000004CA,false,Rx,0,8,0,0,0,0,0,0,0,0
6730898,000004CC,false,Rx,0,8,8,0,0,6,0,0,3,0
6730916,000004CE,false,Rx,0,8,14,1,FF,FF,FF,FF,FF,FF
6730934,000004D7,false,Rx,0,8,23,1,0,0,0,0,0,0
6731363,000004D8,false,Rx,0,8,41,10,F0,F0,40,F2,1E,CC
6731394,121,false,Rx,0,8,AF,AA,CE,0,0,0,0,5
6732630,000004DD,false,Rx,0,8,0,0,FE,0,4,0,0,0
6732703,122,false,Rx,0,8,FF,D9,67,1F,46,46,46,46
6732721,000004DF,false,Rx,0,8,FF,3,0C,3F,0,0,0,0
6732739,123,false,Rx,0,8,11,3,0,0,0,0,1,35
6732756,000004E7,false,Rx,0,8,0,30,0,0,0,0,69,0
6732774,124,false,Rx,0,8,0,0,0A,0,0,0,20,40
6732792,000004E8,false,Rx,0,8,FF,FF,FF,5,FF,FF,FF,0
6733568,000004E9,false,Rx,0,8,12,0,0,34,0,0,50,0
6733593,000004EA,false,Rx,0,8,67,0,0,89,0,0,0,0
6733611,000004EB,false,Rx,0,8,10,80,32,3B,80,0,0,0
6734569,000004EC,false,Rx,0,8,0,0,0,0,0,0,0,0
6734594,000004ED,false,Rx,0,8,0,0,0,0,0,FF,FF,1F
6734612,000004EE,false,Rx,0,8,FF,FF,0,0,0,0,0,0
6734629,000004EF,false,Rx,0,8,60,0,60,0,29,14,0,0
6735572,0000063D,false,Rx,0,8,0,80,0,0,0,0,0,0
6735596,161,false,Rx,0,8,36,B5,61,3,0,0,0,2
6735613,000000FF,false,Rx,0,8,CB,10,0,0,0,0,2,0
6735631,162,false,Rx,0,8,FF,FC,1,0,0,0,0,0
6736731,0000063E,false,Rx,0,8,FF,FF,FF,FF,FF,FF,FF,FF
6736765,36,false,Rx,0,8,53,E3,D0,51,0,0,25,1
6736800,0000063F,false,Rx,0,8,0,10,0,C4,FF,0,0,0
6736818,37,false,Rx,0,8,0,0,0,10,0,40,0,0
6736836,394,false,Rx,0,8,2A,22,1A,49,0,0,0,0
6738411,38,false,Rx,0,8,4,0,0,0,90,38,96,D4
6738446,000003C3,false,Rx,0,8,45,10,31,30,36,0,0,0
6738465,39,false,Rx,0,8,0,0,0,0,0,0,0,0
6738482,640,false,Rx,0,8,FF,FF,FF,0,FF,FF,FF,0
6738500,641,false,Rx,0,8,FF,FF,FF,FF,0F,FF,FF,FF
6738557,000003E0,false,Rx,0,8,66,20,1,0,54,3,0,0
6739611,646,false,Rx,0,8,0,0,0,80,1,0,0,0
6739636,000003B6,false,Rx,0,8,8C,39,A2,0,0,0,0,46
6739654,000003B7,false,Rx,0,8,46,0,0,0,0,0,0,0
6739671,61,false,Rx,0,8,0B,1B,D6,0,0,0,0,0
6741403,000003B8,false,Rx,0,8,0D,3,0,0,0,0,69,0E
6741438,62,false,Rx,0,8,2,2,0,2,40,FF,0,FF
6741456,000003B9,false,Rx,0,8,0,0,0,0,0,0,0,0
6741853,63,false,Rx,0,8,0,0,5,0,0,8,FD,0
6741880,000003E5,false,Rx,0,8,37,80,1,0,0,0,0,0
6741899,91,false,Rx,0,8,72,63,46,0,0,0,0,0
6741917,0000041A,false,Rx,0,8,8D,D0,12,0,0,0,0,0
6742887,92,false,Rx,0,8,0,0,0,0,0,0,0,0
6742922,0000041B,false,Rx,0,8,70,D0,0,0,0,0,0,0
6742940,93,false,Rx,0,8,0,0,0,0,0,0,0,0
6742958,0000041C,false,Rx,0,8,48,0,E0,0,0,0,0,0
6743587,94,false,Rx,0,8,0,0,0,0,0,0,0,0
6743614,422,false,Rx,0,8,9D,70,1,0,0,0,4,0
6743633,000000A1,false,Rx,0,8,5C,A7,D6,1A,0,0,0,0
6744573,000000A2,false,Rx,0,8,0,0,0,0,0,0,0,0
6744594,432,false,Rx,0,8,3,20,2,0,0,0,0,0
6744612,000000A3,false,Rx,0,8,0,40,1,0,0,0,0,0
6744630,000001F1,false,Rx,0,8,15,A2,5E,1,0,0,28,0
6746349,000001F2,false,Rx,0,8,0,0,0,0,0,0,0,0
6746383,0000011B,false,Rx,0,8,88,71,C3,5,80,8,A8,2
6746401,0000012B,false,Rx,0,8,CF,8B,C3,6,0,0,8,0
6746419,0000011C,false,Rx,0,8,0,5,20,0,22,0,1,1
6746437,0000012C,false,Rx,0,8,0,0,1,0,0,64,0,0
6746861,442,false,Rx,0,8,CE,20,11,81,0,0,0,0
6746887,444,false,Rx,0,8,D5,20,20,50,55,50,0,0
6747898,445,false,Rx,0,8,C6,C0,0,0,0,0,0,18
6748296,464,false,Rx,0,8,D5,20,F0,FF,38,7F,5,0
6751992,146,false,Rx,0,8,6B,B6,5E,10,4,1,0,0
6752027,147,false,Rx,0,8,0,4,7D,0,40,0,0,0
6752045,148,false,Rx,0,8,0,0,0,0,0,90,40,5
6752062,149,false,Rx,0,8,0,0,0,0,0,0,0,0
6754931,495,false,Rx,0,8,49,0,0,0,0,0,0,0
6754966,000003AA,false,Rx,0,8,FF,0,B0,0,54,0,0,0
6756748,0000010B,false,Rx,0,8,CE,70,D2,0,0,0,0,5
6756785,0000010C,false,Rx,0,8,FF,F9,E7,1F,46,44,46,46
6756803,0000010D,false,Rx,0,8,10,3,0,0,0,0,1,35
6756832,000001B1,false,Rx,0,8,6E,2B,5E,0,72,0,0,0
6757203,0000010E,false,Rx,0,8,0,0,0A,0,0,C0,AB,57
6758229,000001B2,false,Rx,0,8,23,0,4,0F,0F,7,52,10
6758271,000001B3,false,Rx,0,8,10,2C,0,0,87,91,96,90
6758289,000001B4,false,Rx,0,8,95,91,17,0,0,40,1,0
6763594,380,false,Rx,0,8,AD,D7,FF,0,0,0,0,1
6763635,0000036F,false,Rx,0,8,28,31,1,0,0,0,0,0
6763654,0000037F,false,Rx,0,8,32,C0,52,24,41,2,0,0
6765778,000001A1,false,Rx,0,8,B3,52,62,FE,F7,7F,64,0
6766999,000001A2,false,Rx,0,8,0,0,0,0,0,8,0,0
6767066,000001A3,false,Rx,0,8,FF,F3,3F,0,0,0,0,0
6767085,000001A4,false,Rx,0,8,FE,7,0,0,0,0,0,0
6767104,000003B0,false,Rx,0,8,72,37,FF,C7,0,0,3,C0
6768838,000003B1,false,Rx,0,8,9B,3C,FF,40,0,0,20,0
6769859,448,false,Rx,0,8,0,C0,0,0,0,0,0,0
6772617,0000019B,false,Rx,0,8,F8,3E,D0,0,0,E4,0,0
6773975,0000019C,false,Rx,0,8,40,20,0,0,0,0,0B,9
6774028,0000019D,false,Rx,0,8,0,10,0,1,0,0,0,0
6774047,0000019E,false,Rx,0,8,15,0,0,0,0,32,0,0
6775670,000001E1,false,Rx,0,8,18,90,8E,2,0,0,0,0
6775717,000001E2,false,Rx,0,8,0,0,0,0,0,0,0,0
6778052,000003B2,false,Rx,0,8,36,15,FF,2,29,2F,34,0
6781586,121,false,Rx,0,8,67,A8,D3,0,0,0,0,5
6781622,122,false,Rx,0,8,FF,D9,67,1F,46,46,46,46
6781639,123,false,Rx,0,8,11,3,0,0,0,0,1,35
6782607,124,false,Rx,0,8,0,0,0A,0,0,0,20,40
6782639,427,false,Rx,0,8,1D,86,FF,0,80,0A,0,0
6786594,36,false,Rx,0,8,2C,CF,D5,51,0,0,25,1
6786629,37,false,Rx,0,8,0,0,0,10,0,40,0,0
6786647,38,false,Rx,0,8,4,0,0,0,90,38,96,D4
6787738,39,false,Rx,0,8,0,0,0,0,0,0,0,0
6789882,61,false,Rx,0,8,6,DD,DB,0,0,0,0,0
6789919,62,false,Rx,0,8,2,2,0,2,40,FF,0,FF
6790308,63,false,Rx,0,8,0,0,5,0,0,8,FD,0
6791636,64,false,Rx,0,8,0,0,0,4,FF,FA,0,0
6791664,000000A1,false,Rx,0,8,6A,E4,DB,1A,0,0,0,0
6791681,000000A2,false,Rx,0,8,0,0,0,0,0,0,0,0
6791699,000000A3,false,Rx,0,8,0,40,1,0,0,0,0,0
6792565,0000042A,false,Rx,0,8,F4,DE,FF,1,0,10,0,0
6797525,0000011B,false,Rx,0,8,40,88,C8,5,80,8,A8,2
6797569,0000012B,false,Rx,0,8,7,72,C8,6,0,0,8,0
6797587,0000011C,false,Rx,0,8,0,5,20,0,22,0,1,1
6797923,0000012C,false,Rx,0,8,0,0,1,0,0,64,0,0
6797948,000001FB,false,Rx,0,8,6C,9E,47,0,0,0,0,0
6806588,0000010B,false,Rx,0,8,B1,5C,D7,0,0,0,0,5
6806624,0000010C,false,Rx,0,8,FF,F9,E7,1F,46,44,46,46
6806642,0000010D,false,Rx,0,8,10,3,0,0,0,0,1,35
6806660,0000010E,false,Rx,0,8,0,0,0A,0,0,C0,AB,57
6807608,000002C1,false,Rx,0,8,31,BF,A5,21,0,41,0,AA
6807640,000002C2,false,Rx,0,8,1E,0,0,0,0,0,0,0
6808833,000002C3,false,Rx,0,8,0,0,0,0,0,0,0,0
6808869,565,false,Rx,0,8,66,2,0,0,0,0,FF,FF
6808888,000002C4,false,Rx,0,8,0,0,0,0,0,0,0,0
6818592,000001AB,false,Rx,0,8,2A,C9,B3,50,70,38,0,0
6818633,000001AC,false,Rx,0,8,0,28,0,0,0,0,0,0
6818652,487,false,Rx,0,8,0,0,0,0,0,0,0,0
6822972,316,false,Rx,0,8,C8,30,92,34,14,80,0A,0
6823069,642,false,Rx,0,8,FF,FF,FF,FF,FF,FF,0,0
6823087,317,false,Rx,0,8,0,0,5,0,0,0,0,0
6823439,000003CB,false,Rx,0,8,36,14,0,F4,0,0,0,0
6823481,000003CC,false,Rx,0,8,36,31,34,30,33,34,31,0
6823499,472,false,Rx,0,8,5C,EC,0,40,8,41,0,45
6823517,0000019E,false,Rx,0,8,15,0,0,0,0,32,0,0
6827594,0000033B,false,Rx,0,8,1,6D,49,0,0,0,0,0
6827634,0000033C,false,Rx,0,8,0,0,0,0,F0,0,0,0
6827652,0000033D,false,Rx,0,8,0,0,0,0,0,0,0,0
6827670,0000033E,false,Rx,0,8,0,0,0,0,0,0,0,0
6831071,121,false,Rx,0,8,DF,A9,D8,0,0,0,0,5
6831653,122,false,Rx,0,8,FF,D9,67,1F,46,46,46,46
6831681,123,false,Rx,0,8,11,3,0,0,0,0,1,35
6832595,124,false,Rx,0,8,0,0,0A,0,0,0,20,40
6832629,401,false,Rx,0,8,A9,30,10,0,0,4,0,0
6835605,161,false,Rx,0,8,A9,DD,66,3,0,0,0,2
6835644,162,false,Rx,0,8,FF,FC,1,0,0,0,0,0
6836688,36,false,Rx,0,8,AD,BB,DA,51,0,0,25,1
6836721,37,false,Rx,0,8,0,0,0,10,0,40,0,0
6836740,38,false,Rx,0,8,4,0,0,0,90,38,96,D4
6837568,39,false,Rx,0,8,0,0,0,0,0,0,0,0
6838687,000002E6,false,Rx,0,8,44,47,46,1,0,0,0,15
6839106,256,false,Rx,0,8,69,58,46,15,40,0,D0,0
6839135,000002E7,false,Rx,0,8,0A,0,0,0,0,0,0,0
6839155,257,false,Rx,0,8,0,93,41,15,86,7,0,93
6839173,000002E8,false,Rx,0,8,0,0,0,0,0,0,0,0
6840327,258,false,Rx,0,8,0B,7B,1E,0,10,15,0,28
6840361,61,false,Rx,0,8,D0,81,E0,0,0,0,0,0
6840380,259,false,Rx,0,8,42,5,89,3C,4C,2,0,0
6840397,62,false,Rx,0,8,2,2,0,2,40,FF,0,FF
6840415,000002E9,false,Rx,0,8,0,0,0,0,0,0,0,0
6840687,63,false,Rx,0,8,0,0,5,0,0,8,FD,0
6840725,64,false,Rx,0,8,0,0,0,4,FF,FA,0,0
6841684,000000A1,false,Rx,0,8,A3,D5,E0,1A,0,0,0,0
6841709,91,false,Rx,0,8,34,3A,47,0,0,0,0,0
6841727,92,false,Rx,0,8,0,0,0,0,0,0,0,0
6841754,93,false,Rx,0,8,0,0,0,0,0,0,0,0
6843065,94,false,Rx,0,8,0,0,0,0,0,0,0,0
6843100,000000A2,false,Rx,0,8,0,0,0,0,0,0,0,0
6843118,000000A3,false,Rx,0,8,0,40,1,0,0,0,0,0
6845607,0000011B,false,Rx,0,8,B6,A0,CD,5,80,8,A8,2
6845644,0000012B,false,Rx,0,8,F1,5A,CD,6,0,0,8,0
6846688,0000011C,false,Rx,0,8,0,5,20,0,22,0,1,1
6846721,0000012C,false,Rx,0,8,0,0,1,0,0,64,0,0
6849589,000001E6,false,Rx,0,8,F8,DC,8E,2,0,0,0,0
6849625,000002BF,false,Rx,0,8,FF,FF,FF,0,0,0,0,0
6849643,000001BB,false,Rx,0,8,5,AF,8E,2,0,0,0,0A
6849660,0000047F,false,Rx,0,8,FF,FF,FF,FF,FF,FF,F3,FF
6850782,000001BC,false,Rx,0,8,32,0,0,0,2,0,0,0
6850816,653,false,Rx,0,8,0A,19,3,1,2,2A,0,0
6850835,000001BD,false,Rx,0,8,0,0,0,0,0,0,0,0
6850852,000001E7,false,Rx,0,8,0,0,22,3,20,1,0,0
6852254,146,false,Rx,0,8,8,2D,63,10,4,1,0,0
6852289,147,false,Rx,0,8,0,4,7D,0,40,0,0,0
6852689,148,false,Rx,0,8,0,0,0,0,0,90,40,5
6852723,149,false,Rx,0,8,0,0,0,0,0,0,0,0
6856599,0000010B,false,Rx,0,8,FF,88,DC,0,0,0,0,5
6856635,0000010C,false,Rx,0,8,FF,F9,E7,1F,46,45,46,46
6856655,000001B1,false,Rx,0,8,0D,B0,63,0,72,0,0,0
6856672,0000010D,false,Rx,0,8,10,3,0,0,0,0,1,35
6856690,000001B2,false,Rx,0,8,23,0,4,0F,0F,7,52,10
6857643,0000010E,false,Rx,0,8,0,0,0A,0,0,C0,AB,57
6857677,000001B3,false,Rx,0,8,10,2C,0,0,87,91,96,90
6857695,000001B4,false,Rx,0,8,95,91,17,0,0,40,1,0
6858569,000004A3,false,Rx,0,8,80,0,48,0B,3E,0,0,0
6860002,000004A4,false,Rx,0,8,FF,FF,FF,0,0,0,0,0
6861391,475,false,Rx,0,8,12,0,0,0,0,0,0,0
6861427,496,false,Rx,0,8,12,0,0,0,0,0,0,0
6864225,0000036F,false,Rx,0,8,20,41,1,0,0,0,0,0
6864260,0000037F,false,Rx,0,8,8B,D0,52,24,41,2,0,0
6864279,111,false,Rx,0,8,3F,33,99,1,0,0,0,0
6864578,112,false,Rx,0,8,0,0,0,0,0,0,0,0
6865688,113,false,Rx,0,8,0,0,0,0,0,0,0,0
6865723,114,false,Rx,0,8,0,0,0,0,0,0,0,0
6865741,000001A1,false,Rx,0,8,CC,7E,67,FE,F7,7F,64,0
6865759,000001A2,false,Rx,0,8,0,0,0,0,0,8,0,0
6865776,000001A3,false,Rx,0,8,FF,F3,3F,0,0,0,0,0
6866824,000001A4,false,Rx,0,8,FE,7,0,0,0,0,0,0
6872596,0000019B,false,Rx,0,8,6,66,DA,0,0,E4,0,0
6872635,0000019C,false,Rx,0,8,40,20,0,0,0,0,0B,9
6872654,0000019D,false,Rx,0,8,0,10,0,1,0,0,0,0
6873598,0000019E,false,Rx,0,8,15,0,0,0,0,32,0,0
6876591,0000030B,false,Rx,0,8,42,2,49,0,4,0,0,0
6876629,0000030C,false,Rx,0,8,0,0,0E,0,2C,0,A0,0F
6876649,0000030D,false,Rx,0,8,0,0,0,0,48,0,0,0
6877602,0000030E,false,Rx,0,8,0,0,38,5,21,0,0,FE
6881593,121,false,Rx,0,8,A0,85,DD,0,0,0,0,5
6881634,122,false,Rx,0,8,FF,D9,67,1F,46,46,46,46
6881652,123,false,Rx,0,8,11,3,0,0,0,0,1,35
6882601,124,false,Rx,0,8,0,0,0A,0,0,0,20,40
6883845,405,false,Rx,0,8,BD,30,0,0,0,1,0,0
6883880,413,false,Rx,0,8,6F,30,0,0,0,0,0,0
6883898,410,false,Rx,0,8,4B,80,59,3C,16,6B,FF,FF
6883916,414,false,Rx,0,8,F0,10,0,0,28,0,0,0
6885033,411,false,Rx,0,8,A8,1,50,50,0,0,44,4
6885067,416,false,Rx,0,8,55,0,0,0,0,0,0,0
6885085,412,false,Rx,0,8,6D,60,0,0,0,0,0,0
6886719,417,false,Rx,0,8,5F,20,0,0,0,0,0,0
6886750,0000048F,false,Rx,0,8,AD,10,41,0,5,0,0,0
6886769,418,false,Rx,0,8,19,70,0,0,12,0C,0,0
6887025,419,false,Rx,0,8,E4,0,8D,D6,79,86,90,0
6887060,36,false,Rx,0,8,D2,97,DF,51,0,0,25,1
6887078,38,false,Rx,0,8,4,0,0,0,90,38,96,D4
6887096,39,false,Rx,0,8,0,0,0,0,0,0,0,0
6889613,61,false,Rx,0,8,AF,AD,E5,0,0,0,0,0
6889650,62,false,Rx,0,8,2,2,0,2,40,FF,0,FF
6890048,63,false,Rx,0,8,0,0,5,0,0,8,FD,0
6890074,64,false,Rx,0,8,0,0,0,4,FF,FA,0,0
6891322,000000A1,false,Rx,0,8,AC,3E,E5,1A,0,0,0,0
6891360,000000A2,false,Rx,0,8,0,0,0,0,0,0,0,0
6891378,000000A3,false,Rx,0,8,0,40,1,0,0,0,0,0
6894603,000001F1,false,Rx,0,8,11,BE,61,1,0,0,28,0
6894644,000001F2,false,Rx,0,8,0,0,0,0,0,0,0,0
6895600,151,false,Rx,0,8,1,AC,49,A0,C8,0,28,19
6895648,000001F6,false,Rx,0,8,32,8F,49,0,0,0,0,0E
6895666,152,false,Rx,0,8,16,18,18,0,0B,0,0,0
6895684,0000011B,false,Rx,0,8,A6,FA,D2,5,80,8,A8,2
6895701,0000012B,false,Rx,0,8,E1,0,D2,6,0,0,8,0
6896770,0000011C,false,Rx,0,8,0,5,20,0,22,0,1,1
6896805,0000012C,false,Rx,0,8,0,0,1,0,0,64,0,0
6896823,000001F7,false,Rx,0,8,0B,0,0,0,0,0,0,0
6896840,153,false,Rx,0,8,0,0,0,0,0,0,0,0
6898686,000001F8,false,Rx,0,8,0,0,0,0,0,0,0,0
6898739,154,false,Rx,0,8,0,0,0,0,0,0,0,0
6898759,000001F9,false,Rx,0,8,0,0,A0,C8,14,0,0,0
6898776,000002FB,false,Rx,0,8,5D,85,49,4,5F,1A,CC,CC
6898794,236,false,Rx,0,8,A3,72,49,0,6E,3C,34,6C
6898826,237,false,Rx,0,8,0,15,BA,0,0,AA,1E,0
6898843,238,false,Rx,0,8,0,0,5F,0,0,0,0,0
6899983,000002FE,false,Rx,0,8,0,0,72,1,0,28,0,0
6900435,239,false,Rx,0,8,0,0,0,0,1,0,0,0
6900458,326,false,Rx,0,8,C8,D1,49,0,0,0,0,0
6900475,0000025B,false,Rx,0,8,BE,8A,49,40,40,20,0,0
6900493,327,false,Rx,0,8,0,0,0,0,5,0,0,0
6900511,0000025C,false,Rx,0,8,0,0,0B,0,34,89,19,0
6901815,328,false,Rx,0,8,0,0,0,0,0,0,0,0
6901841,0000025D,false,Rx,0,8,0,C8,0,0,0,80,C0,70
6901858,329,false,Rx,0,8,A0,0,0,0,0,0,0,0
6901876,0000025E,false,Rx,0,8,13,7,0E,2,0,0,0,0
6901894,331,false,Rx,0,8,DB,9E,49,F1,C8,A0,2C,97
6902837,332,false,Rx,0,8,94,2,0,0,0,0,0,0
6904615,566,false,Rx,0,8,16,2,0,0,0,0,FF,FF
6905854,0000010B,false,Rx,0,8,6A,C6,E1,0,0,0,0,5
6905877,0000010C,false,Rx,0,8,FF,F9,E7,1F,46,44,46,46
6906568,0000010D,false,Rx,0,8,10,3,0,0,0,0,1,35
6906592,0000010E,false,Rx,0,8,0,0,0A,0,0,C0,AB,57
6908761,000002AB,false,Rx,0,8,CA,FD,4A,0C,0C,0,0,0
6908796,000002AC,false,Rx,0,8,0,FF,FF,0,0,40,0,50
6908814,000002AD,false,Rx,0,8,0,1,0,40,FF,FF,FF,0F
6908831,000002AE,false,Rx,0,8,1,0,FF,3F,1,1,0,0
6908849,000002B6,false,Rx,0,8,B8,8C,4A,1,0,0,0,40
6909621,000002B9,false,Rx,0,8,0A,0,0,0,0,0,0,0
6909650,253,false,Rx,0,8,0,0,0,51,51,0,80,44
6909668,000002E1,false,Rx,0,8,E9,D8,4A,0,0,0,0,40
6909685,396,false,Rx,0,8,B8,C9,A4,0F,8,1,0,2
6910591,000002E2,false,Rx,0,8,FD,0,0,0,0,14,0,4
6910615,397,false,Rx,0,8,25,0,0,0,0,0,0,0
6910633,000002E3,false,Rx,0,8,0,0,0,0,0,0,72,1
6910651,398,false,Rx,0,8,0,0,0,0,0,0,0,0
6911574,000002E4,false,Rx,0,8,2,0,0,0,0,0,0,0
6917565,383,false,Rx,0,8,12,ED,1,0,2,0,0,0
6918568,000001AB,false,Rx,0,8,E2,30,B8,50,70,38,0,0
6918589,000001AC,false,Rx,0,8,0,28,0,0,0,0,0,0
6918606,226,false,Rx,0,8,D0,B6,25,FF,43,E1,5,42
6919566,227,false,Rx,0,8,2,70,E1,8,0,F2,17,4
6920562,000003A1,false,Rx,0,8,0A,41,B5,0,FF,FF,FF,FF
6920582,000003A2,false,Rx,0,8,0,0,0,0,0,0,0,0
6922565,0000019B,false,Rx,0,8,79,4A,DF,0,0,E4,0,0
6922586,0000019C,false,Rx,0,8,40,20,0,0,0,0,0B,9
6922603,0000019D,false,Rx,0,8,0,10,0,1,0,0,0,0
6923567,0000019E,false,Rx,0,8,15,0,0,0,0,32,0,0
6923588,000002D6,false,Rx,0,8,5C,C6,A4,0,0,0,0,0
6923605,000002EB,false,Rx,0,8,65,BC,A4,9,8,1,0,2
6924566,000002D7,false,Rx,0,8,0,0,0,0,3,0,0,0
6924586,000002EC,false,Rx,0,8,0A,0,0,0,0,0,0,0
6924604,000002D8,false,Rx,0,8,0,0,0,0,0,0,38,45
6924621,000002ED,false,Rx,0,8,0,0,0,0,0,0,0,0
6925575,000002D9,false,Rx,0,8,0,0,0,0,0,0,0,0
6925596,000002EE,false,Rx,0,8,0,0,0,0,0,0,0,0
6925614,000001E1,false,Rx,0,8,8,CA,91,2,0,0,0,0
6926567,000001E2,false,Rx,0,8,0,0,0,0,0,0,0,0
6927561,356,false,Rx,0,8,D6,D6,A5,0,0,0,0,0
6927583,357,false,Rx,0,8,0,0,0,0,0,4B,4D,48
6928567,358,false,Rx,0,8,35,41,45,4D,52,37,33,4F
6928586,359,false,Rx,0,8,51,4F,34,52,4A,35,33,0
6928603,000000C5,false,Rx,0,8,0,0,0,0,0,0,0,0
6928629,244,false,Rx,0,8,FF,FF,FF,FF,FF,FF,FF,FF
6929567,0000041F,false,Rx,0,8,0,0C,0,0,0,0,0,0
6929587,000004B4,false,Rx,0,8,0,0,0,0,0,0,0,0
6929605,000004B5,false,Rx,0,8,8,0,F0,7,0,0,0,0
6930566,000004B7,false,Rx,0,8,8,0,F0,7,0,0,0,0
6930587,000004CA,false,Rx,0,8,0,0,0,0,0,0,0,0
6930604,000004CC,false,Rx,0,8,8,0,0,6,0,0,3,0
6930622,000004CE,false,Rx,0,8,14,1,FF,FF,FF,FF,FF,FF
6931567,000004D7,false,Rx,0,8,23,1,0,0,0,0,0,0
6931587,121,false,Rx,0,8,4F,AC,E2,0,0,0,0,5
6931605,000004D8,false,Rx,0,8,41,10,F0,F0,40,F2,1E,CC
6931623,122,false,Rx,0,8,FF,D9,67,1F,46,46,46,46
6932566,000004DD,false,Rx,0,8,0,0,FE,0,4,0,0,0
6932586,123,false,Rx,0,8,11,3,0,0,0,0,1,35
6932604,000004DF,false,Rx,0,8,FF,3,0C,3F,0,0,0,0
6932622,124,false,Rx,0,8,0,0,0A,0,0,0,20,40
6933567,000004E7,false,Rx,0,8,0,30,0,0,0,0,69,0
6933587,000004E8,false,Rx,0,8,FF,FF,FF,5,FF,FF,FF,0
6933605,000004E9,false,Rx,0,8,12,0,0,34,0,0,50,0
6933622,000004EA,false,Rx,0,8,67,0,0,89,0,0,0,0
6934566,000004EB,false,Rx,0,8,10,80,32,3B,80,0,0,0
6934593,000004EC,false,Rx,0,8,0,0,0,0,0,0,0,0
6934610,000004ED,false,Rx,0,8,0,0,0,0,0,FF,FF,1F
6934628,000004EE,false,Rx,0,8,FF,FF,0,0,0,0,0,0
6935574,000004EF,false,Rx,0,8,60,0,60,0,29,14,0,0
6935594,000000FF,false,Rx,0,8,CB,10,0,0,0,0,2,0
6935612,000004F0,false,Rx,0,8,4A,10,32,3B,58,1A,18,2
6935629,161,false,Rx,0,8,DA,E4,6B,3,0,0,0,2
6936566,394,false,Rx,0,8,2A,22,1A,49,0,0,0,0
6936586,162,false,Rx,0,8,FF,FC,1,0,0,0,0,0
6936604,36,false,Rx,0,8,4,CB,E4,51,0,0,25,1
6936622,000003C3,false,Rx,0,8,45,10,31,30,36,0,0,0
6937612,37,false,Rx,0,8,0,0,0,10,0,40,0,0
6937646,000003E0,false,Rx,0,8,66,20,1,0,54,3,0,0
6937946,38,false,Rx,0,8,4,0,0,0,90,38,96,D4
6937968,000004F1,false,Rx,0,8,0,C0,0,0,0,0,0,0
6938005,39,false,Rx,0,8,0,0,0,0,0,0,0,0
6938022,384,false,Rx,0,8,E9,DC,2,0,0,FF,0,21
6939430,000004F2,false,Rx,0,8,2,FF,DD,FF,3,1,0,0
6939465,000004F3,false,Rx,0,8,0,0,0,0,F0,0,0,0
6939866,000003B6,false,Rx,0,8,CA,60,A3,0,0,0,0,46
6939898,000004F9,false,Rx,0,8,E0,FF,FF,FF,FF,FF,FF,FF
6939919,000003B7,false,Rx,0,8,46,0,0,0,0,0,0,0
6939937,61,false,Rx,0,8,2E,D9,EA,0,0,0,0,0
6939970,000003B8,false,Rx,0,8,0D,3,0,0,0,0,69,0E
6939988,62,false,Rx,0,8,2,2,0,2,40,FF,0,FF
6940580,000003B9,false,Rx,0,8,0,0,0,0,0,0,0,0
6940609,63,false,Rx,0,8,0,0,5,0,0,8,FD,0
6941563,000003E5,false,Rx,0,8,37,80,1,0,0,0,0,0
6941587,64,false,Rx,0,8,0,0,0,4,FF,FA,0,0
6941868,000003E6,false,Rx,0,8,67,90,0,0,0,0,0,0
6941922,91,false,Rx,0,8,B5,4E,48,0,0,0,0,0
6941963,0000063D,false,Rx,0,8,0,80,0,0,0,0,0,0
6941981,92,false,Rx,0,8,0,0,0,0,0,0,0,0
6942561,0000041A,false,Rx,0,8,8D,D0,12,0,0,0,0,0
6942592,93,false,Rx,0,8,0,0,0,0,0,0,0,0
6943558,0000041B,false,Rx,0,8,70,D0,0,0,0,0,0,0
6943579,94,false,Rx,0,8,0,0,0,0,0,0,0,0
6943597,0000041C,false,Rx,0,8,48,0,E0,0,0,0,0,0
6943801,000000A1,false,Rx,0,8,9C,13,EA,1A,0,0,0,0
6943830,422,false,Rx,0,8,9D,70,1,0,0,0,4,0
6944568,000000A2,false,Rx,0,8,0,0,0,0,0,0,0,0
6944593,0000063E,false,Rx,0,8,FF,FF,FF,FF,FF,FF,FF,FF
6944613,000000A3,false,Rx,0,8,0,40,1,0,0,0,0,0
6945563,432,false,Rx,0,8,3,20,2,0,0,0,0,0
6945586,0000063F,false,Rx,0,8,0,10,0,C4,FF,0,0,0
6945612,435,false,Rx,0,8,26,C0,0,40,0,0,0,0
6945630,0000011B,false,Rx,0,8,50,D2,D7,5,80,8,A8,2
6945647,0000012B,false,Rx,0,8,17,28,D7,6,0,0,8,0
6946563,0000011C,false,Rx,0,8,0,5,20,0,22,0,1,1
6946595,0000012C,false,Rx,0,8,0,0,1,0,0,64,0,0
6946615,442,false,Rx,0,8,CE,20,11,81,0,0,0,0
6946632,640,false,Rx,0,8,FF,FF,FF,0,FF,FF,FF,0
6947569,444,false,Rx,0,8,D5,20,20,50,55,50,0,0
6947592,641,false,Rx,0,8,FF,FF,FF,FF,0F,FF,FF,FF
6947611,445,false,Rx,0,8,C6,C0,0,0,0,0,0,18
6947629,646,false,Rx,0,8,0,0,0,80,1,0,0,0
6948563,464,false,Rx,0,8,D5,20,F0,FF,38,7F,5,0
6951559,146,false,Rx,0,8,B0,2C,68,10,4,1,0,0
6951582,147,false,Rx,0,8,0,4,7D,0,40,0,0,0
6952563,148,false,Rx,0,8,0,0,0,0,0,90,40,5
6952586,149,false,Rx,0,8,0,0,0,0,0,0,0,0
6953563,495,false,Rx,0,8,49,0,0,0,0,0,0,0
6955062,000003AA,false,Rx,0,8,FF,0,B0,0,54,0,0,0
6956572,0000010B,false,Rx,0,8,99,58,E6,0,0,0,0,5
6956594,0000010C,false,Rx,0,8,FF,F9,E7,1F,46,44,46,46
6956612,0000010D,false,Rx,0,8,10,3,0,0,0,0,1,35
6956629,000001B1,false,Rx,0,8,B5,B1,68,0,72,0,0,0
6956647,0000010E,false,Rx,0,8,0,0,0A,0,0,C0,AB,57
6957713,000001B2,false,Rx,0,8,23,0,4,0F,0F,7,52,10
6957746,000001B3,false,Rx,0,8,10,2C,0,0,87,91,96,90
6957764,000001B4,false,Rx,0,8,95,91,17,0,0,40,1,0
6963593,380,false,Rx,0,8,AD,D7,FF,0,0,0,0,1
6963630,0000036F,false,Rx,0,8,99,51,1,0,0,0,0,0
6963648,0000037F,false,Rx,0,8,5D,E0,52,24,41,2,0,0
6965565,000001A1,false,Rx,0,8,74,7F,6C,FE,F7,7F,64,0
6965588,000001A2,false,Rx,0,8,0,0,0,0,0,8,0,0
6965612,000001A3,false,Rx,0,8,FF,F3,3F,0,0,0,0,0
6966567,000001A4,false,Rx,0,8,FE,7,0,0,0,0,0,0
6966588,000003B0,false,Rx,0,8,72,37,FF,C7,0,0,3,C0
6968565,000003B1,false,Rx,0,8,9B,3C,FF,40,0,0,20,0
6969566,448,false,Rx,0,8,0,C0,0,0,0,0,0,0
6972564,0000019B,false,Rx,0,8,AF,16,E4,0,0,E4,0,0
6972587,0000019C,false,Rx,0,8,40,20,0,0,0,0,0B,9
6972605,0000019D,false,Rx,0,8,0,10,0,1,0,0,0,0
6973567,0000019E,false,Rx,0,8,15,0,0,0,0,32,0,0
6979482,000003B2,false,Rx,0,8,36,15,FF,2,29,2F,34,0
6981777,121,false,Rx,0,8,30,80,E7,0,0,0,0,5
6981812,122,false,Rx,0,8,FF,D9,67,1F,46,46,46,46
6981830,123,false,Rx,0,8,11,3,0,0,0,0,1,35
6981848,124,false,Rx,0,8,0,0,0A,0,0,0,20,40
6983875,427,false,Rx,0,8,1D,86,FF,0,80,0A,0,0
6986197,36,false,Rx,0,8,9,0D,E9,51,0,0,25,1
6986579,37,false,Rx,0,8,0,0,0,10,0,40,0,0
6986604,38,false,Rx,0,8,4,0,0,0,90,38,96,D4
6987763,39,false,Rx,0,8,0,0,0,0,0,0,0,0
6989574,61,false,Rx,0,8,51,F5,EF,0,0,0,0,0
6990573,62,false,Rx,0,8,2,2,0,2,40,FF,0,FF
6990596,63,false,Rx,0,8,0,0,5,0,0,8,FD,0
6990623,64,false,Rx,0,8,0,0,0,4,FF,FA,0,0
6990642,000000A1,false,Rx,0,8,93,F8,EF,1A,0,0,0,0
6990660,000000A2,false,Rx,0,8,0,0,0,0,0,0,0,0
6992084,000000A3,false,Rx,0,8,0,40,1,0,0,0,0,0
6992117,0000042A,false,Rx,0,8,F4,DE,FF,1,0,10,0,0
6995605,0000011B,false,Rx,0,8,98,2B,DC,5,80,8,A8,2
6995648,0000012B,false,Rx,0,8,DF,D1,DC,6,0,0,8,0
6996601,0000011C,false,Rx,0,8,0,5,20,0,22,0,1,1
6996633,0000012C,false,Rx,0,8,0,0,1,0,0,64,0,0
6996651,000001FB,false,Rx,0,8,AB,B3,49,0,0,0,0,0
6996669,000001FC,false,Rx,0,8,0,0,0,0,0,0,0,0
6999643,000001FD,false,Rx,0,8,0,1A,3,0,0,0,0,0
6999678,000001FE,false,Rx,0,8,0,0,0,0,0,0,0,0
6999696,000001E6,false,Rx,0,8,E8,86,91,2,0,0,0,0
6999713,000001E7,false,Rx,0,8,0,0,22,3,20,1,0,0
7000245,000001BB,false,Rx,0,8,66,C2,91,2,0,0,0,0A
7000284,000001BD,false,Rx,0,8,0,0,0,0,0,0,0,0
7003602,516,false,Rx,0,8,61,2,0,0,0,0,FF,FF
7006591,0000010B,false,Rx,0,8,94,9E,EB,0,0,0,0,5
7006631,0000010C,false,Rx,0,8,FF,F9,E7,1F,46,44,46,46
7006649,0000010D,false,Rx,0,8,10,3,0,0,0,0,1,35
7006667,0000010E,false,Rx,0,8,0,0,0A,0,0,C0,AB,57
7007613,000002C1,false,Rx,0,8,FB,54,A6,21,0,41,0,AA
7007645,000002C2,false,Rx,0,8,1E,0,0,0,0,0,0,0
7008572,000002C3,false,Rx,0,8,0,0,0,0,0,0,0,0
7008595,000002C4,false,Rx,0,8,0,0,0,0,0,0,0,0
7018998,000001AB,false,Rx,0,8,14,18,BD,50,70,38,0,0
7019036,000001AC,false,Rx,0,8,0,28,0,0,0,0,0,0
7019065,000002FF,false,Rx,0,8,E2,1,0,F1,3F,0,0,0
7019082,316,false,Rx,0,8,EC,98,93,34,14,80,0A,0
7019100,472,false,Rx,0,8,5C,EC,0,40,8,41,0,45
7019118,317,false,Rx,0,8,0,0,5,0,0,0,0,0
7020679,473,false,Rx,0,8,5F,24,0,25,0,0,0,78
7020714,487,false,Rx,0,8,0,0,0,0,0,0,0,0
7020732,474,false,Rx,0,8,93,44,0,0,0,0,0,14
7020750,642,false,Rx,0,8,FF,FF,FF,FF,FF,FF,0,0
7020768,645,false,Rx,0,8,C7,35,6,79,E0,32,56,0
7022846,0000019B,false,Rx,0,8,A2,D0,E9,0,0,E4,0,0
7022997,0000019C,false,Rx,0,8,40,20,0,0,0,0,0B,9
7023015,0000019D,false,Rx,0,8,0,10,0,1,0,0,0,0
7023033,0000019E,false,Rx,0,8,15,0,0,0,0,32,0,0
7027693,0000033B,false,Rx,0,8,8D,DF,4B,0,0,0,0,0
7027730,0000033C,false,Rx,0,8,0,0,0,0,F0,0,0,0
7027748,0000033D,false,Rx,0,8,0,0,0,0,0,0,0,0
7027766,0000033E,false,Rx,0,8,0,0,0,0,0,0,0,0
7031603,121,false,Rx,0,8,88,81,EC,0,0,0,0,5
7031642,122,false,Rx,0,8,FF,D9,67,1F,46,46,46,46
7031661,123,false,Rx,0,8,11,3,0,0,0,0,1,35
7032600,124,false,Rx,0,8,0,0,0A,0,0,0,20,40
7033862,401,false,Rx,0,8,A9,30,10,0,0,4,0,0
7035670,161,false,Rx,0,8,18,3E,70,3,0,0,0,2
7037097,162,false,Rx,0,8,FF,FC,1,0,0,0,0,0
7037134,36,false,Rx,0,8,FA,93,EE,51,0,0,25,1
7037152,37,false,Rx,0,8,0,0,0,10,0,40,0,0
7037169,38,false,Rx,0,8,4,0,0,0,90,38,96,D4
7037187,39,false,Rx,0,8,0,0,0,0,0,0,0,0
7038470,000002E6,false,Rx,0,8,83,6A,48,1,0,0,0,15
7040140,000002E7,false,Rx,0,8,0A,0,0,0,0,0,0,0
7040169,256,false,Rx,0,8,1C,CC,48,15,40,0,F0,0
7040186,000002E8,false,Rx,0,8,0,0,0,0,0,0,0,0
7040204,257,false,Rx,0,8,0,93,41,18,86,7,0,93
7040222,61,false,Rx,0,8,2C,30,F4,0,0,0,0,0
7041194,63,false,Rx,0,8,0,0,5,0,0,8,FD,0
7041228,000002E9,false,Rx,0,8,0,0,0,0,0,0,0,0
7041246,64,false,Rx,0,8,0,0,0,4,FF,FA,0,0
7041264,000000A1,false,Rx,0,8,FC,49,F4,1A,0,0,0,0
7041674,91,false,Rx,0,8,F3,17,49,0,0,0,0,0
7041698,92,false,Rx,0,8,0,0,0,0,0,0,0,0
7042589,93,false,Rx,0,8,0,0,0,0,0,0,0,0
7042618,94,false,Rx,0,8,0,0,0,0,0,0,0,0
7042636,000000A2,false,Rx,0,8,0,0,0,0,0,0,0,0
7042653,000000A3,false,Rx,0,8,0,40,1,0,0,0,0,0
7045011,000001F1,false,Rx,0,8,E7,96,64,1,0,0,28,0
7045047,000001F2,false,Rx,0,8,0,0,0,0,0,0,0,0
7045570,0000011B,false,Rx,0,8,F5,77,E1,5,80,8,A8,2
7045593,0000012B,false,Rx,0,8,B2,8D,E1,6,0,0,8,0
7046565,0000011C,false,Rx,0,8,0,5,20,0,22,0,1,1
7046584,0000012C,false,Rx,0,8,0,0,1,0,0,64,0,0
7049607,000002BF,false,Rx,0,8,FF,FF,FF,0,0,0,0,0
7049647,0000047F,false,Rx,0,8,FF,FF,FF,FF,FF,FF,F3,FF
7049665,653,false,Rx,0,8,0A,19,3,1,2,2A,0,0
7051630,146,false,Rx,0,8,CF,0,6D,10,4,1,0,0
7052025,147,false,Rx,0,8,0,4,7D,0,40,0,0,0
7052049,148,false,Rx,0,8,0,0,0,0,0,90,40,5
7052067,149,false,Rx,0,8,0,0,0,0,0,0,0,0
7055935,0000010B,false,Rx,0,8,E9,5B,F0,0,0,0,0,5
7055973,0000010C,false,Rx,0,8,FF,F9,E7,1F,46,44,46,46
7056591,0000010D,false,Rx,0,8,10,3,0,0,0,0,1,35
7056969,000001B1,false,Rx,0,8,CA,9D,6D,0,72,0,0,0
7056993,0000010E,false,Rx,0,8,0,0,0A,0,0,C0,AB,57
7057011,000001B2,false,Rx,0,8,23,0,4,0F,0F,7,52,10
7057577,000001B3,false,Rx,0,8,10,2C,0,0,87,91,96,90
7057601,000001B4,false,Rx,0,8,95,91,17,0,0,40,1,0
7059657,000004A3,false,Rx,0,8,80,0,48,0B,3E,0,0,0
7059691,000004A4,false,Rx,0,8,FF,FF,FF,0,0,0,0,0
7060801,475,false,Rx,0,8,12,0,0,0,0,0,0,0
7060836,496,false,Rx,0,8,12,0,0,0,0,0,0,0
7063602,0000036F,false,Rx,0,8,4F,61,1,0,0,0,0,0
7063642,0000037F,false,Rx,0,8,4D,0,52,24,41,2,0,0
7064719,111,false,Rx,0,8,F5,D8,9A,1,0,0,0,0
7064752,112,false,Rx,0,8,0,0,0,0,0,0,0,0
7064770,113,false,Rx,0,8,0,0,0,0,0,0,0,0
7066072,114,false,Rx,0,8,0,0,0,0,0,0,0,0
7066100,000001A1,false,Rx,0,8,BC,7D,71,FE,F7,7F,64,0
7066117,000001A2,false,Rx,0,8,0,0,0,0,0,8,0,0
7066135,000001A3,false,Rx,0,8,FF,F3,3F,0,0,0,0,0
7066153,000001A4,false,Rx,0,8,FE,7,0,0,0,0,0,0
7072590,0000019B,false,Rx,0,8,51,4E,EE,0,0,E4,0,0
7072627,0000019C,false,Rx,0,8,40,20,0,0,0,0,0B,9
7072645,0000019D,false,Rx,0,8,0,10,0,1,0,0,0,0
7073602,0000019E,false,Rx,0,8,15,0,0,0,0,32,0,0
7075569,000001E1,false,Rx,0,8,FE,E2,94,2,0,0,0,0
7076879,000001E2,false,Rx,0,8,0,0,0,0,0,0,0,0
7077249,0000030B,false,Rx,0,8,FD,26,4B,0,4,0,0,0
7077284,0000030C,false,Rx,0,8,0,0,0E,0,2C,0,A0,0F
7077308,0000030D,false,Rx,0,8,0,0,0,0,48,0,0,0
7077325,0000030E,false,Rx,0,8,0,0,38,5,21,0,0,2
7081591,121,false,Rx,0,8,40,83,F1,0,0,0,0,5
7081630,122,false,Rx,0,8,FF,D9,67,1F,46,46,46,46
7081647,123,false,Rx,0,8,11,3,0,0,0,0,1,35
7082597,124,false,Rx,0,8,0,0,0A,0,0,0,20,40
7083628,405,false,Rx,0,8,BD,30,0,0,0,1,0,0
7083665,413,false,Rx,0,8,6F,30,0,0,0,0,0,0
7083683,410,false,Rx,0,8,4B,80,59,3C,16,6B,FF,FF
7085113,414,false,Rx,0,8,F0,10,0,0,28,0,0,0
7085148,411,false,Rx,0,8,A8,1,50,50,0,0,44,4
7085166,416,false,Rx,0,8,55,0,0,0,0,0,0,0
7085184,412,false,Rx,0,8,6D,60,0,0,0,0,0,0
7086433,417,false,Rx,0,8,5F,20,0,0,0,0,0,0
7086459,418,false,Rx,0,8,19,70,0,0,12,0C,0,0
7086477,419,false,Rx,0,8,E4,0,8D,D6,79,86,90,0
7086495,36,false,Rx,0,8,32,91,F3,51,0,0,25,1
7086521,37,false,Rx,0,8,0,0,0,10,0,40,0,0
7086662,38,false,Rx,0,8,4,0,0,0,90,38,96,D4
7087766,39,false,Rx,0,8,0,0,0,0,0,0,0,0
7089599,61,false,Rx,0,8,21,F6,F9,0,0,0,0,0
7089644,62,false,Rx,0,8,2,2,0,2,40,FF,0,FF
7090647,63,false,Rx,0,8,0,0,5,0,0,8,FD,0
7090682,64,false,Rx,0,8,0,0,0,4,FF,FA,0,0
7091035,000000A1,false,Rx,0,8,CA,0A,F9,1A,0,0,0,0
7091075,000000A2,false,Rx,0,8,0,0,0,0,0,0,0,0
7091097,000000A3,false,Rx,0,8,0,40,1,0,0,0,0,0
7094931,151,false,Rx,0,8,8D,1E,4B,A0,C8,0,28,19
7094967,152,false,Rx,0,8,16,18,18,0,0B,0,0,0
7095589,000001F6,false,Rx,0,8,BE,3D,4B,0,0,0,0,0E
7095616,0000011B,false,Rx,0,8,6A,1F,E6,5,80,8,A8,2
7095634,153,false,Rx,0,8,0,0,0,0,0,0,0,0
7096887,0000011C,false,Rx,0,8,0,5,20,0,22,0,1,1
7096912,0000012B,false,Rx,0,8,2D,E5,E6,6,0,0,8,0
7097162,000001F7,false,Rx,0,8,0B,0,0,0,0,0,0,0
7097186,0000012C,false,Rx,0,8,0,0,1,0,0,64,0,0
7097204,000001F8,false,Rx,0,8,0,0,0,0,0,0,0,0
7097222,154,false,Rx,0,8,0,0,0,0,0,0,0,0
7098370,000001F9,false,Rx,0,8,0,0,A0,C8,14,0,0,0
7098404,000002FB,false,Rx,0,8,D1,37,4B,4,5F,1A,CC,CC
7098438,236,false,Rx,0,8,2F,C0,4B,0,6E,3C,34,6C
7098456,000002FC,false,Rx,0,8,3,0,16,19,0,0,8E,BF
7098474,237,false,Rx,0,8,0,15,BA,0,0,AA,1E,0
7098491,000002FD,false,Rx,0,8,0,0,0,0,0,1C,0E,EA
7100007,238,false,Rx,0,8,0,0,5F,0,0,0,0,0
7100043,000002FE,false,Rx,0,8,0,0,72,1,0,28,0,0
7100061,239,false,Rx,0,8,0,0,0,0,1,0,0,0
7100079,326,false,Rx,0,8,44,63,4B,0,0,0,0,0
7100096,0000025B,false,Rx,0,8,78,0D,4B,40,40,20,0,0
7100610,0000025C,false,Rx,0,8,0,0,0B,0,34,89,19,0
7100648,328,false,Rx,0,8,0,0,0,0,0,0,0,0
7100666,0000025D,false,Rx,0,8,0,C8,0,0,0,80,C0,70
7101666,329,false,Rx,0,8,A0,0,0,0,0,0,0,0
7101700,0000025E,false,Rx,0,8,2D,7,0E,4,0,0,0,0
7102129,331,false,Rx,0,8,57,2C,4B,F1,C8,A0,2C,97
7103215,382,false,Rx,0,8,F1,7A,1,0,0,1,8,0
7103475,332,false,Rx,0,8,94,2,0,0,0,0,0,0
7103499,333,false,Rx,0,8,0,0,0,1C,0C,40,20,A0
7103516,334,false,Rx,0,8,C8,0,0,0,AC,70,1D,90
7104813,561,false,Rx,0,8,63,2,0,0,0,0,FF,FF
7105830,0000010B,false,Rx,0,8,96,77,F5,0,0,0,0,5
7105874,0000010C,false,Rx,0,8,FF,F9,E7,1F,46,44,46,46
7107330,0000010D,false,Rx,0,8,10,3,0,0,0,0,1,35
7107364,0000010E,false,Rx,0,8,0,0,0A,0,0,C0,AB,57
7107396,000002AB,false,Rx,0,8,7F,3A,4C,0C,0C,0,0,0
7107414,000002AC,false,Rx,0,8,0,FF,FF,0,0,40,0,50
7107431,000002AD,false,Rx,0,8,0,1,0,40,FF,FF,FF,0F
7107449,000002AE,false,Rx,0,8,1,0,FF,3F,1,1,0,0
7107660,000002B6,false,Rx,0,8,0D,4B,4C,1,0,0,0,40
7108944,000002B7,false,Rx,0,8,8,2,F0,0,0,4,0,0
7108979,251,false,Rx,0,8,5,B9,4B,0,0,0,0,0
7108997,000002B8,false,Rx,0,8,AA,11,11,0,0,0,0,0
7109397,252,false,Rx,0,8,0,0,0,0,3,0,0,0
7110644,000002B9,false,Rx,0,8,0A,0,0,0,0,0,0,0
7110720,253,false,Rx,0,8,0,0,0,51,51,0,80,44
7117593,383,false,Rx,0,8,12,ED,1,0,2,0,0,0
7118599,000001AB,false,Rx,0,8,38,88,C2,50,70,38,0,0
7118633,000001AC,false,Rx,0,8,0,28,0,0,0,0,0,0
7118651,226,false,Rx,0,8,B9,F6,27,FF,43,E1,5,42
7118669,227,false,Rx,0,8,2,70,E1,8,0,F2,17,4
7120036,000003A1,false,Rx,0,8,47,A9,B6,0,FF,FF,FF,FF
7121105,000003A2,false,Rx,0,8,0,0,0,0,0,0,0,0
7122722,0000019B,false,Rx,0,8,99,4C,F3,0,0,E4,0,0
7122760,0000019C,false,Rx,0,8,40,20,0,0,0,0,0B,9
7122788,0000019D,false,Rx,0,8,0,10,0,1,0,0,0,0
7122805,0000019E,false,Rx,0,8,15,0,0,0,0,32,0,0
7123911,000002D6,false,Rx,0,8,1A,9F,A5,0,0,0,0,0
7123946,000002EB,false,Rx,0,8,68,26,A5,9,8,0,0,2
7123964,000002D7,false,Rx,0,8,0,0,0,0,3,0,0,0
7125250,000002EC,false,Rx,0,8,2,0,0,0,0,0,0,0
7125285,000002D8,false,Rx,0,8,0,0,0,0,0,0,38,45
7125304,000002ED,false,Rx,0,8,0,0,0,0,0,0,0,0
7125321,000002D9,false,Rx,0,8,0,0,0,0,0,0,0,0
7125339,000002EE,false,Rx,0,8,0,0,0,0,0,0,0,0
7127966,356,false,Rx,0,8,1C,3D,A6,0,0,0,0,0
7128003,357,false,Rx,0,8,0,0,0,0,0,4B,4D,48
7128022,358,false,Rx,0,8,35,41,45,4D,52,37,33,4F
7128040,359,false,Rx,0,8,51,4F,34,52,4A,35,33,0
7130886,000000C5,false,Rx,0,8,0,0,0,0,0,0,0,0
7130923,244,false,Rx,0,8,FF,FF,FF,FF,FF,FF,FF,FF
7130943,000003E4,false,Rx,0,8,FE,0,0,0,0,0,0,0
7132474,121,false,Rx,0,8,B3,1D,F6,0,0,0,0,5
7133924,000004B4,false,Rx,0,8,0,0,0,0,0,0,0,0
7133963,122,false,Rx,0,8,FF,D9,67,1F,46,46,46,46
7133981,000004B5,false,Rx,0,8,8,0,F0,7,0,0,0,0
7133999,123,false,Rx,0,8,11,3,0,0,0,0,1,35
7134017,000004B7,false,Rx,0,8,8,0,F0,7,0,0,0,0
7134035,000004D8,false,Rx,0,8,41,10,F0,F0,40,F2,1E,CC
7135180,000004DD,false,Rx,0,8,0,0,FE,0,4,0,0,0
7135215,000004DF,false,Rx,0,8,FF,3,0C,3F,0,0,0,0
7135233,000004E7,false,Rx,0,8,0,30,0,0,0,0,69,0
7135251,000000FF,false,Rx,0,8,CB,10,0,0,0,0,2,0
7135269,000004E8,false,Rx,0,8,FF,FF,FF,5,FF,FF,FF,0
7135701,161,false,Rx,0,8,EE,16,75,3,0,0,0,2
7135727,394,false,Rx,0,8,2A,22,1A,49,0,0,0,0
7136957,162,false,Rx,0,8,FF,FC,1,0,0,0,0,0
7136991,36,false,Rx,0,8,8A,90,F8,51,0,0,25,1
7137009,000003C3,false,Rx,0,8,45,10,31,30,36,0,0,0
7137425,37,false,Rx,0,8,0,0,0,10,0,40,0,0
7138696,000003E0,false,Rx,0,8,66,20,1,0,54,3,0,0
7138755,38,false,Rx,0,8,4,0,0,0,90,38,96,D4
7138774,000004E9,false,Rx,0,8,12,0,0,34,0,0,50,0
7138791,39,false,Rx,0,8,0,0,0,0,0,0,0,0
7138818,000004EA,false,Rx,0,8,67,0,0,89,0,0,0,0
7138835,384,false,Rx,0,8,E9,DC,2,0,0,FF,0,21
7138853,000004EC,false,Rx,0,8,0,0,0,0,0,0,0,0
7139578,000003B7,false,Rx,0,8,46,0,0,0,0,0,0,0
7140854,61,false,Rx,0,8,D2,68,FE,0,0,0,0,0
7140895,000003B8,false,Rx,0,8,0D,3,0,0,0,0,69,0E
7140913,62,false,Rx,0,8,2,2,0,2,40,FF,0,FF
7140931,000003B9,false,Rx,0,8,0,0,0,0,0,0,0,0
7140949,63,false,Rx,0,8,0,0,5,0,0,8,FD,0
7140967,000003E5,false,Rx,0,8,37,80,1,0,0,0,0,0
7142187,000003E6,false,Rx,0,8,67,90,0,0,0,0,0,0
7142222,000000A1,false,Rx,0,8,C3,8F,FE,1A,0,0,0,0
7142646,0000041A,false,Rx,0,8,8D,D0,12,0,0,0,0,0
7142685,91,false,Rx,0,8,39,FC,4A,0,0,0,0,0
7142707,000004ED,false,Rx,0,8,0,0,0,0,0,FF,FF,1F
7142724,92,false,Rx,0,8,0,0,0,0,0,0,0,0
7142755,000004EE,false,Rx,0,8,FF,FF,0,0,0,0,0,0
7142773,93,false,Rx,0,8,0,0,0,0,0,0,0,0
7143868,0000041B,false,Rx,0,8,70,D0,0,0,0,0,0,0
7143902,94,false,Rx,0,8,0,0,0,0,0,0,0,0
7143920,0000041C,false,Rx,0,8,48,0,E0,0,0,0,0,0
7143937,000000A2,false,Rx,0,8,0,0,0,0,0,0,0,0
7145746,422,false,Rx,0,8,9D,70,1,0,0,0,4,0
7145798,000000A3,false,Rx,0,8,0,40,1,0,0,0,0,0
7145816,000004EF,false,Rx,0,8,60,0,60,0,29,14,0,0
7145834,0000063D,false,Rx,0,8,0,80,0,0,0,0,0,0
7147064,432,false,Rx,0,8,3,20,2,0,0,0,0,0
7147091,0000012B,false,Rx,0,8,5E,DC,EB,6,0,0,8,0
7147108,0000012C,false,Rx,0,8,0,0,1,0,0,64,0,0
7147126,435,false,Rx,0,8,26,C0,0,40,0,0,0,0
7147144,0000063E,false,Rx,0,8,FF,FF,FF,FF,FF,FF,FF,FF
7147580,444,false,Rx,0,8,D5,20,20,50,55,50,0,0
7147603,640,false,Rx,0,8,FF,FF,FF,0,FF,FF,FF,0
7148568,445,false,Rx,0,8,C6,C0,0,0,0,0,0,18
7148591,641,false,Rx,0,8,FF,FF,FF,FF,0F,FF,FF,FF
7148608,464,false,Rx,0,8,D5,20,F0,FF,38,7F,5,0
7148626,646,false,Rx,0,8,0,0,0,80,1,0,0,0
7149839,000001E6,false,Rx,0,8,1E,AE,94,2,0,0,0,0
7151233,000001BB,false,Rx,0,8,69,29,94,2,0,0,0,0A
7151260,000001BC,false,Rx,0,8,32,0,0,0,2,0,0,0
7151277,000001BD,false,Rx,0,8,0,0,0,0,0,0,0,0
7151295,000001E7,false,Rx,0,8,0,0,22,3,20,1,0,0
7151312,146,false,Rx,0,8,8B,B0,72,10,4,1,0,0
7151341,147,false,Rx,0,8,0,4,7D,0,40,0,0,0
7152652,148,false,Rx,0,8,0,0,0,0,0,90,40,5
7152687,149,false,Rx,0,8,0,0,0,0,0,0,0,0
7153949,495,false,Rx,0,8,49,0,0,0,0,0,0,0
7153984,000003AA,false,Rx,0,8,FF,0,B0,0,54,0,0,0
7157121,0000010B,false,Rx,0,8,17,3,FA,0,0,0,0,5
7157156,0000010C,false,Rx,0,8,FF,F9,E7,1F,46,44,46,46
7157174,0000010D,false,Rx,0,8,10,3,0,0,0,0,1,35
7157192,000001B1,false,Rx,0,8,8E,2D,72,0,72,0,0,0
7157209,0000010E,false,Rx,0,8,0,0,0A,0,0,C0,AB,57
7157597,000001B4,false,Rx,0,8,95,91,17,0,0,40,1,0
7160601,000004E8,false,Rx,0,8,FF,FF,FF,5,FF,FF,FF,0
7163559,380,false,Rx,0,8,AD,D7,FF,0,0,0,0,1
7163580,0000036F,false,Rx,0,8,F6,71,1,0,0,0,0,0
7163598,0000037F,false,Rx,0,8,F4,10,52,24,41,2,0,0
7165565,000001A1,false,Rx,0,8,4F,E3,76,FE,F7,7F,64,0
7165588,000001A2,false,Rx,0,8,0,0,0,0,0,8,0,0
7166561,000001A3,false,Rx,0,8,FF,F3,3F,0,0,0,0,0
7166584,000001A4,false,Rx,0,8,FE,7,0,0,0,0,0,0
7166601,000003B0,false,Rx,0,8,72,37,FF,C7,0,0,3,C0
7168565,000003B1,false,Rx,0,8,9B,3C,FF,40,0,0,20,0
7169562,448,false,Rx,0,8,0,C0,0,0,0,0,0,0
7172564,0000019B,false,Rx,0,8,21,4D,F8,0,0,E4,0,0
7172586,0000019C,false,Rx,0,8,40,20,0,0,0,0,0B,9
7172610,0000019D,false,Rx,0,8,0,10,0,1,0,0,0,0
7173562,0000019E,false,Rx,0,8,15,0,0,0,0,32,0,0
7178562,000003B2,false,Rx,0,8,36,15,FF,2,29,2F,34,0
7181560,121,false,Rx,0,8,BE,DB,FB,0,0,0,0,5
7181581,122,false,Rx,0,8,FF,D9,67,1F,46,46,46,46
7181599,123,false,Rx,0,8,11,3,0,0,0,0,1,35
7182568,124,false,Rx,0,8,0,0,0A,0,0,0,20,40
7182591,427,false,Rx,0,8,1D,86,FF,0,80,0A,0,0
7186560,36,false,Rx,0,8,F5,BC,FD,51,0,0,25,1
7186583,37,false,Rx,0,8,0,0,0,10,0,40,0,0
7186601,38,false,Rx,0,8,4,0,0,0,90,38,96,D4
7187565,39,false,Rx,0,8,0,0,0,0,0,0,0,0
7189559,61,false,Rx,0,8,28,96,3,0,0,0,0,0
7190565,62,false,Rx,0,8,2,2,0,2,40,FF,0,FF
7190586,63,false,Rx,0,8,0,0,5,0,0,8,FD,0
7190604,64,false,Rx,0,8,0,0,0,4,FF,FA,0,0
7190622,000000A1,false,Rx,0,8,B7,3F,3,1A,0,0,0,0
7191562,000000A2,false,Rx,0,8,0,0,0,0,0,0,0,0
7191583,000000A3,false,Rx,0,8,0,40,1,0,0,0,0,0
7192565,0000042A,false,Rx,0,8,F4,DE,FF,1,0,10,0,0
7194559,000001F1,false,Rx,0,8,AA,7E,67,1,0,0,28,0
7194579,000001F2,false,Rx,0,8,0,0,0,0,0,0,0,0
7195566,0000011B,false,Rx,0,8,DB,FC,F0,5,80,8,A8,2
7195589,0000012B,false,Rx,0,8,9C,6,F0,6,0,0,8,0
7196561,0000011C,false,Rx,0,8,0,5,20,0,22,0,1,1
7196584,0000012C,false,Rx,0,8,0,0,1,0,0,64,0,0
7196602,000001FB,false,Rx,0,8,27,1,4B,0,0,0,0,0
7196620,563,false,Rx,0,8,65,2,0,0,0,0,FF,FF
7197565,000001FC,false,Rx,0,8,0,0,0,0,0,0,0,0
7197587,000001FD,false,Rx,0,8,0,1A,3,0,0,0,0,0
7197605,000001FE,false,Rx,0,8,0,0,0,0,0,0,0,0
7200561,000004E8,false,Rx,0,8,FF,FF,FF,5,FF,FF,FF,0
7206594,0000010B,false,Rx,0,8,68,2F,FF,0,0,0,0,5
7206630,0000010C,false,Rx,0,8,FF,F9,E7,1F,46,44,46,46
7206648,0000010D,false,Rx,0,8,10,3,0,0,0,0,1,35
7206666,0000010E,false,Rx,0,8,0,0,0A,0,0,C0,AB,57
7207616,000002C1,false,Rx,0,8,BD,0D,A7,21,0,41,0,AA
7207648,000002C2,false,Rx,0,8,1E,0,0,0,0,0,0,0
7208594,000002C3,false,Rx,0,8,0,0,0,0,0,0,0,0
7208634,000002C4,false,Rx,0,8,0,0,0,0,0,0,0,0
7218598,000001AB,false,Rx,0,8,CE,A0,C7,50,70,38,0,0
7218643,000001AC,false,Rx,0,8,0,28,0,0,0,0,0,0
7218661,000002FF,false,Rx,0,8,E2,1,0,F1,3F,0,0,0
7218679,316,false,Rx,0,8,73,F0,94,34,14,80,0A,0
7218696,472,false,Rx,0,8,5C,EC,0,40,8,41,0,45
7219602,317,false,Rx,0,8,0,0,5,0,0,0,0,0
7219635,473,false,Rx,0,8,5F,24,0,25,0,0,0,78
7219654,474,false,Rx,0,8,93,44,0,0,0,0,0,14
7221002,487,false,Rx,0,8,0,0,0,0,0,0,0,0
7221037,642,false,Rx,0,8,FF,FF,FF,FF,FF,FF,0,0
7222390,0000019B,false,Rx,0,8,5E,61,FD,0,0,E4,0,0
7222425,0000019C,false,Rx,0,8,40,20,0,0,0,0,0B,9
7222928,0000019D,false,Rx,0,8,0,10,0,1,0,0,0,0
7222955,0000019E,false,Rx,0,8,15,0,0,0,0,32,0,0
7224295,419,false,Rx,0,8,1B,10,8C,D6,79,86,90,0
7227350,000001E1,false,Rx,0,8,B3,0A,97,2,0,0,0,0
7227386,000001E2,false,Rx,0,8,0,0,0,0,0,0,0,0
7227564,0000033B,false,Rx,0,8,38,18,4D,0,0,0,0,0
7227582,0000033C,false,Rx,0,8,0,0,0,0,F0,0,0,0
7227599,0000033D,false,Rx,0,8,0,0,0,0,0,0,0,0
7227617,0000033E,false,Rx,0,8,0,0,0,0,0,0,0,0
7231590,643,false,Rx,0,8,0,FC,FF,FF,FF,FF,3,0
7231629,121,false,Rx,0,8,F1,E2,0,0,0,0,0,5
7231647,122,false,Rx,0,8,FF,D9,67,1F,46,46,46,46
7231664,123,false,Rx,0,8,11,3,0,0,0,0,1,35
7232605,124,false,Rx,0,8,0,0,0A,0,0,0,20,40
7233567,401,false,Rx,0,8,A9,30,10,0,0,4,0,0
7235263,161,false,Rx,0,8,F4,6F,7A,3,0,0,0,2
7235677,162,false,Rx,0,8,FF,FC,1,0,0,0,0,0
7236623,36,false,Rx,0,8,83,F0,2,51,0,0,25,1
7236659,37,false,Rx,0,8,0,0,0,10,0,40,0,0
7236677,38,false,Rx,0,8,4,0,0,0,90,38,96,D4
7237594,39,false,Rx,0,8,0,0,0,0,0,0,0,0
7239017,256,false,Rx,0,8,25,46,4A,15,40,0,D0,0
7240312,000002E6,false,Rx,0,8,0F,D8,4A,1,0,0,0,15
7240514,257,false,Rx,0,8,0,93,41,16,86,7,0,93
7240771,000002E7,false,Rx,0,8,0A,0,0,0,0,0,0,0
7240805,258,false,Rx,0,8,0B,7C,1E,0,10,15,0,28
7240823,000002E8,false,Rx,0,8,0,0,0,0,0,0,0,0
7240840,61,false,Rx,0,8,90,97,8,0,0,0,0,0
7240858,63,false,Rx,0,8,0,0,5,0,0,8,FD,0
7240876,0000048B,false,Rx,0,8,A8,E0,BB,1E,1,0,0,0
7241828,64,false,Rx,0,8,0,0,0,4,FF,FA,0,0
7241863,0000048C,false,Rx,0,8,0,0,0,0,0,0,0,0
7241881,91,false,Rx,0,8,7F,A5,4B,0,0,0,0,0
7241899,000004E8,false,Rx,0,8,FF,FF,FF,5,FF,FF,FF,0
7242586,92,false,Rx,0,8,0,0,0,0,0,0,0,0
7242609,93,false,Rx,0,8,0,0,0,0,0,0,0,0
7242627,94,false,Rx,0,8,0,0,0,0,0,0,0,0
7244131,000000A1,false,Rx,0,8,8B,CE,8,1A,0,0,0,0
7244282,000000A2,false,Rx,0,8,0,0,0,0,0,0,0,0
7244300,000000A3,false,Rx,0,8,0,40,1,0,0,0,0,0
7245873,0000011B,false,Rx,0,8,2D,D4,F5,5,80,8,A8,2
7245911,0000012B,false,Rx,0,8,6A,2E,F5,6,0,0,8,0
7245928,0000011C,false,Rx,0,8,0,5,20,0,22,0,1,1
7247426,0000012C,false,Rx,0,8,0,0,1,0,0,64,0,0
7249613,000002BF,false,Rx,0,8,FF,FF,FF,0,0,0,0,0
7249648,0000047F,false,Rx,0,8,FF,FF,FF,FF,FF,FF,F3,FF
7249666,653,false,Rx,0,8,0A,19,3,1,2,2A,0,0
7251599,146,false,Rx,0,8,F4,9C,77,10,4,1,0,0
7251637,147,false,Rx,0,8,0,4,7D,0,40,0,0,0
7251655,148,false,Rx,0,8,0,0,0,0,0,90,40,5
7253032,149,false,Rx,0,8,0,0,0,0,0,0,0,0
7256596,0000010B,false,Rx,0,8,27,16,4,0,0,0,0,5
7256635,0000010C,false,Rx,0,8,FF,F9,E7,1F,46,44,46,46
7256654,0000010D,false,Rx,0,8,10,3,0,0,0,0,1,35
7256671,000001B1,false,Rx,0,8,F1,1,77,0,72,0,0,0
7256689,0000010E,false,Rx,0,8,0,0,0A,0,0,C0,AB,57
7257686,000001B2,false,Rx,0,8,23,0,4,0F,0F,7,52,10
7257720,000001B3,false,Rx,0,8,10,2C,0,0,87,91,96,90
7257741,000001B4,false,Rx,0,8,95,91,17,0,0,40,1,0
7260608,475,false,Rx,0,8,12,0,0,0,0,0,0,0
7260648,496,false,Rx,0,8,12,0,0,0,0,0,0,0
7260666,000004A3,false,Rx,0,8,80,0,48,0B,3E,0,0,0
7261602,000004A4,false,Rx,0,8,FF,FF,FF,0,0,0,0,0
7263754,0000036F,false,Rx,0,8,5F,81,1,0,0,0,0,0
7263796,419,false,Rx,0,8,1B,10,8C,D6,79,86,90,0
7263814,0000037F,false,Rx,0,8,22,20,52,24,41,2,0,0
7264684,111,false,Rx,0,8,B3,81,9B,1,0,0,0,0
7264717,112,false,Rx,0,8,0,0,0,0,0,0,0,0
7264735,113,false,Rx,0,8,0,0,0,0,0,0,0,0
7266246,114,false,Rx,0,8,0,0,0,0,0,0,0,0
7266282,000001A1,false,Rx,0,8,42,25,7B,FE,F7,7F,64,0
7266300,000001A2,false,Rx,0,8,0,0,0,0,0,8,0,0
7266317,000001A3,false,Rx,0,8,FF,F3,3F,0,0,0,0,0
7266335,000001A4,false,Rx,0,8,FE,7,0,0,0,0,0,0
7272589,0000019B,false,Rx,0,8,28,2D,2,0,0,E4,0,0
7272626,0000019C,false,Rx,0,8,40,20,0,0,0,0,0B,9
7272644,0000019D,false,Rx,0,8,0,10,0,1,0,0,0,0
7273606,0000019E,false,Rx,0,8,15,0,0,0,0,32,0,0
7276607,0000030B,false,Rx,0,8,E8,53,4D,0,4,0,0,0
7276648,0000030C,false,Rx,0,8,0,0,0E,0,2C,0,A0,0F
7276666,0000030D,false,Rx,0,8,0,0,0,0,48,0,0,0
7277599,0000030E,false,Rx,0,8,0,0,38,5,21,0,0,4
7281598,121,false,Rx,0,8,8E,CE,5,0,0,0,0,5
7281639,122,false,Rx,0,8,FF,D9,67,1F,46,46,46,46
7281657,123,false,Rx,0,8,11,3,0,0,0,0,1,35
7282602,124,false,Rx,0,8,0,0,0A,0,0,0,20,40
7283933,405,false,Rx,0,8,BD,30,0,0,0,1,0,0
7283969,413,false,Rx,0,8,6F,30,0,0,0,0,0,0
7283987,410,false,Rx,0,8,4B,80,59,3C,16,6B,FF,FF
7284005,414,false,Rx,0,8,F0,10,0,0,28,0,0,0
7285128,411,false,Rx,0,8,A8,1,50,50,0,0,44,4
7285162,416,false,Rx,0,8,55,0,0,0,0,0,0,0
7285180,412,false,Rx,0,8,6D,60,0,0,0,0,0,0
7285217,417,false,Rx,0,8,5F,20,0,0,0,0,0,0
7285589,418,false,Rx,0,8,19,70,0,0,12,0C,0,0
7288083,36,false,Rx,0,8,FC,DC,7,51,0,0,25,1
7288150,37,false,Rx,0,8,0,0,0,10,0,40,0,0
7288168,38,false,Rx,0,8,4,0,0,0,90,38,96,D4
7288186,39,false,Rx,0,8,0,0,0,0,0,0,0,0
7288204,565,false,Rx,0,8,66,2,0,0,0,0,FF,FF
7289427,61,false,Rx,0,8,EF,BB,0D,0,0,0,0,0
7290444,62,false,Rx,0,8,2,2,0,2,40,FF,0,FF
7290892,63,false,Rx,0,8,0,0,5,0,0,8,FD,0
7290917,64,false,Rx,0,8,0,0,0,4,FF,FA,0,0
7290934,000000A1,false,Rx,0,8,84,25,0D,1A,0,0,0,0
7290952,000000A2,false,Rx,0,8,0,0,0,0,0,0,0,0
7290970,000000A3,false,Rx,0,8,0,40,1,0,0,0,0,0
7294776,151,false,Rx,0,8,38,D9,4D,A0,C8,0,28,19
7294816,152,false,Rx,0,8,16,18,18,0,0B,0,0,0
7295675,000001F6,false,Rx,0,8,0B,FA,4D,0,0,0,0,0E
7295708,0000011B,false,Rx,0,8,37,AD,FA,5,80,8,A8,2
7295726,153,false,Rx,0,8,0,0,0,0,0,0,0,0
7297079,0000011C,false,Rx,0,8,0,5,20,0,22,0,1,1
7297114,0000012B,false,Rx,0,8,70,57,FA,6,0,0,8,0
7297132,000001F7,false,Rx,0,8,0B,0,0,0,0,0,0,0
7297150,0000012C,false,Rx,0,8,0,0,1,0,0,64,0,0
7297168,000001F8,false,Rx,0,8,0,0,0,0,0,0,0,0
7297651,000001F9,false,Rx,0,8,0,0,A0,C8,14,0,0,0
7297676,000002FB,false,Rx,0,8,64,F0,4D,4,5F,1A,CC,CC
7297704,236,false,Rx,0,8,9A,7,4D,0,6E,3C,34,6C
7298624,000002FC,false,Rx,0,8,3,0,16,19,0,0,8E,BF
7299036,237,false,Rx,0,8,0,15,BA,0,0,AA,1E,0
7299056,000002FD,false,Rx,0,8,0,0,0,0,0,1C,0E,EA
7299073,238,false,Rx,0,8,0,0,5F,0,0,0,0,0
7299091,000002FE,false,Rx,0,8,0,0,72,1,0,28,0,0
7300053,000001E6,false,Rx,0,8,53,46,97,2,0,0,0,0
7300088,239,false,Rx,0,8,0,0,0,0,1,0,0,0
7300106,000001BB,false,Rx,0,8,6C,70,97,2,0,0,0,0A
7300136,0000025B,false,Rx,0,8,7D,EA,4D,40,40,20,0,0
7300498,000001BC,false,Rx,0,8,32,0,0,0,2,0,0,0
7300520,0000025C,false,Rx,0,8,0,0,0B,0,34,89,19,0
7301804,000001BD,false,Rx,0,8,0,0,0,0,0,0,0,0
7301852,0000025D,false,Rx,0,8,0,C8,0,0,0,80,C0,70
7302572,327,false,Rx,0,8,0,0,0,0,5,0,0,0
7302601,328,false,Rx,0,8,0,0,0,0,0,0,0,0
7302620,329,false,Rx,0,8,A0,0,0,0,0,0,0,0
7304063,331,false,Rx,0,8,E2,EB,4D,F1,C8,A0,2C,97
7304098,332,false,Rx,0,8,94,2,0,0,0,0,0,0
7304116,419,false,Rx,0,8,1B,10,8C,D6,79,86,90,0
7304137,333,false,Rx,0,8,0,0,0,1C,0C,40,20,A0
7304155,334,false,Rx,0,8,C8,0,0,0,AC,70,1D,90
7306779,0000010B,false,Rx,0,8,2A,D0,9,0,0,0,0,5
7306817,0000010C,false,Rx,0,8,FF,F9,E7,1F,46,44,46,46
7306835,0000010D,false,Rx,0,8,10,3,0,0,0,0,1,35
7306853,0000010E,false,Rx,0,8,0,0,0A,0,0,C0,AB,57
7306889,000002AB,false,Rx,0,8,F3,88,4E,0C,0C,0,0,0
7306907,000002AC,false,Rx,0,8,0,FF,FF,0,0,40,0,50
7307784,000002AD,false,Rx,0,8,0,1,0,40,FF,FF,FF,0F
7307816,000002AE,false,Rx,0,8,1,0,FF,3F,1,1,0,0
7307835,000002B6,false,Rx,0,8,81,F9,4E,1,0,0,0,40
7308940,485,false,Rx,0,8,0,40,11,2,0,0,0,0
7308975,251,false,Rx,0,8,0F,0B,4D,0,0,0,0,0
7310259,000002B7,false,Rx,0,8,8,2,F0,0,0,4,0,0
7310279,252,false,Rx,0,8,0,0,0,0,3,0,0,0
7310704,000002B8,false,Rx,0,8,AA,11,11,0,0,0,0,0
7311618,253,false,Rx,0,8,0,0,0,51,51,0,80,44
7311640,000002B9,false,Rx,0,8,0A,0,0,0,0,0,0,0
7311657,000002E2,false,Rx,0,8,FD,0,0,0,0,14,0,4
7311675,398,false,Rx,0,8,0,0,0,0,0,0,0,0
7311692,000002E3,false,Rx,0,8,0,0,0,0,0,0,72,1
7317594,383,false,Rx,0,8,12,ED,1,0,2,0,0,0
7317641,000001AB,false,Rx,0,8,6,59,CC,50,70,38,0,0
7317659,000001AC,false,Rx,0,8,0,28,0,0,0,0,0,0
7318606,226,false,Rx,0,8,87,27,29,FF,43,E1,5,42
7318640,227,false,Rx,0,8,2,70,E1,8,0,F2,17,4
7320594,000003A1,false,Rx,0,8,63,1,B7,0,FF,FF,FF,FF
7320631,000003A2,false,Rx,0,8,0,0,0,0,0,0,0,0
7322752,0000019B,false,Rx,0,8,57,1,7,0,0,E4,0,0
7322815,0000019C,false,Rx,0,8,40,20,0,0,0,0,0B,9
7322834,0000019D,false,Rx,0,8,0,10,0,1,0,0,0,0
7322851,0000019E,false,Rx,0,8,15,0,0,0,0,32,0,0
7323725,000002D6,false,Rx,0,8,D0,74,A6,0,0,0,0,0
7323757,000002EB,false,Rx,0,8,E3,0,A6,9,8,1,0,2
7324832,000002D7,false,Rx,0,8,0,0,0,0,3,0,0,0
7324867,000002EC,false,Rx,0,8,7,0,0,0,0,0,0,0
7325235,000002D8,false,Rx,0,8,0,0,0,0,0,0,38,45
7325268,000002ED,false,Rx,0,8,0,0,0,0,0,0,0,0
7325289,000002D9,false,Rx,0,8,0,0,0,0,0,0,0,0
7325306,000002EE,false,Rx,0,8,0,0,0,0,0,0,0,0
7327786,356,false,Rx,0,8,5A,64,A7,0,0,0,0,0
7327823,357,false,Rx,0,8,0,0,0,0,0,4B,4D,48
7327843,358,false,Rx,0,8,35,41,45,4D,52,37,33,4F
7328566,359,false,Rx,0,8,51,4F,34,52,4A,35,33,0
7331612,121,false,Rx,0,8,0F,BA,0A,0,0,0,0,5
7331651,122,false,Rx,0,8,FF,D9,67,1F,46,46,46,46
7331669,123,false,Rx,0,8,11,3,0,0,0,0,1,35
7332597,124,false,Rx,0,8,0,0,0A,0,0,0,20,40
7334163,000000C5,false,Rx,0,8,0,0,0,0,0,0,0,0
7334198,244,false,Rx,0,8,FF,FF,FF,FF,FF,FF,FF,FF
7334216,000004B4,false,Rx,0,8,0,0,0,0,0,0,0,0
7334234,000004B5,false,Rx,0,8,8,0,F0,7,0,0,0,0
7334252,000004B7,false,Rx,0,8,8,0,F0,7,0,0,0,0
7334269,000004CA,false,Rx,0,8,0,0,0,0,0,0,0,0
7334684,000004CC,false,Rx,0,8,8,0,0,6,0,0,3,0
7334709,000000FF,false,Rx,0,8,CB,10,0,0,0,0,2,0
7335740,000004CE,false,Rx,0,8,14,1,FF,FF,FF,FF,FF,FF
7335775,161,false,Rx,0,8,2,47,7F,3,0,0,0,2
7335793,394,false,Rx,0,8,2A,22,1A,49,0,0,0,0
7335811,162,false,Rx,0,8,FF,FC,1,0,0,0,0,0
7337212,000003C3,false,Rx,0,8,45,10,31,30,36,0,0,0
7337631,36,false,Rx,0,8,44,DD,0C,51,0,0,25,1
7337651,000003E0,false,Rx,0,8,66,20,1,0,54,3,0,0
7337669,37,false,Rx,0,8,0,0,0,10,0,40,0,0
7337686,000004D7,false,Rx,0,8,23,1,0,0,0,0,0,0
7337704,000004D8,false,Rx,0,8,41,10,F0,F0,40,F2,1E,CC
7338995,000004DD,false,Rx,0,8,0,0,FE,0,4,0,0,0
7339037,000004DF,false,Rx,0,8,FF,3,0C,3F,0,0,0,0
7339055,000004E7,false,Rx,0,8,0,30,0,0,0,0,69,0
7339089,384,false,Rx,0,8,E9,DC,2,0,0,FF,0,21
7339107,000003E5,false,Rx,0,8,37,80,1,0,0,0,0,0
7340089,000003B6,false,Rx,0,8,7F,A7,A5,0,0,0,0,46
7340505,000003B8,false,Rx,0,8,0D,3,0,0,0,0,69,0E
7343191,92,false,Rx,0,8,0,0,0,0,0,0,0,0
7344623,000000A1,false,Rx,0,8,E7,48,12,1A,0,0,0,0
7345708,432,false,Rx,0,8,3,20,2,0,0,0,0,0
7347481,435,false,Rx,0,8,26,C0,0,40,0,0,0,0
7347689,442,false,Rx,0,8,CE,20,11,81,0,0,0,0
7349071,000004EE,false,Rx,0,8,FF,FF,0,0,0,0,0,0
7350199,0000063F,false,Rx,0,8,0,10,0,C4,FF,0,0,0
7350617,640,false,Rx,0,8,FF,FF,FF,0,FF,FF,FF,0
7351607,146,false,Rx,0,8,4C,9D,7C,10,4,1,0,0
7353590,495,false,Rx,0,8,49,0,0,0,0,0,0,0
7354594,000003AA,false,Rx,0,8,FF,0,B0,0,54,0,0,0
7355678,0000010B,false,Rx,0,8,D9,4E,0E,0,0,0,0,5
7357378,0000010C,false,Rx,0,8,FF,F9,E7,1F,46,44,46,46
7357413,0000010D,false,Rx,0,8,10,3,0,0,0,0,1,35
7357431,000001B1,false,Rx,0,8,49,0,7C,0,72,0,0,0
7357449,0000010E,false,Rx,0,8,0,0,0A,0,0,C0,AB,57
7357808,000001B2,false,Rx,0,8,23,0,4,0F,0F,7,52,10
7363596,380,false,Rx,0,8,AD,D7,FF,0,0,0,0,1
7363636,0000036F,false,Rx,0,8,E6,91,1,0,0,0,0,0
7363654,0000037F,false,Rx,0,8,9B,30,52,24,41,2,0,0
7366044,000001A1,false,Rx,0,8,0D,1C,80,FE,F7,7F,64,0
7366084,000001A2,false,Rx,0,8,0,0,0,0,0,8,0,0
7366102,000001A3,false,Rx,0,8,FF,F3,3F,0,0,0,0,0
7366119,000001A4,false,Rx,0,8,FE,7,0,0,0,0,0,0
7366588,000003B0,false,Rx,0,8,72,37,FF,C7,0,0,3,C0
7369022,000003B1,false,Rx,0,8,9B,3C,FF,40,0,0,20,0
7369577,448,false,Rx,0,8,0,C0,0,0,0,0,0,0
7372588,0000019B,false,Rx,0,8,EF,0,0C,0,0,E4,0,0
7372628,0000019C,false,Rx,0,8,40,20,0,0,0,0,0B,9
7372646,0000019D,false,Rx,0,8,0,10,0,1,0,0,0,0
7373601,0000019E,false,Rx,0,8,15,0,0,0,0,32,0,0
7375930,000001E1,false,Rx,0,8,C0,33,9A,2,0,0,0,0
7375966,000001E2,false,Rx,0,8,0,0,0,0,0,0,0,0
7378706,000003B2,false,Rx,0,8,36,15,FF,2,29,2F,34,0
7381589,121,false,Rx,0,8,70,96,0F,0,0,0,0,5
7381627,122,false,Rx,0,8,FF,D9,67,1F,46,46,46,46
7381646,123,false,Rx,0,8,11,3,0,0,0,0,1,35
7382605,124,false,Rx,0,8,0,0,0A,0,0,0,20,40
7382637,427,false,Rx,0,8,1D,86,FF,0,80,0A,0,0
7384968,566,false,Rx,0,8,16,2,0,0,0,0,FF,FF
7386725,36,false,Rx,0,8,8C,DF,11,51,0,0,25,1
7386773,37,false,Rx,0,8,0,0,0,10,0,40,0,0
7386791,38,false,Rx,0,8,4,0,0,0,90,38,96,D4
7386808,39,false,Rx,0,8,0,0,0,0,0,0,0,0
7389601,61,false,Rx,0,8,D4,27,17,0,0,0,0,0
7390883,62,false,Rx,0,8,2,2,0,2,40,FF,0,FF
7390909,63,false,Rx,0,8,0,0,5,0,0,8,FD,0
7390927,64,false,Rx,0,8,0,0,0,4,FF,FA,0,0
7390944,000000A1,false,Rx,0,8,E8,A3,17,1A,0,0,0,0
7390962,000000A2,false,Rx,0,8,0,0,0,0,0,0,0,0
7390980,000000A3,false,Rx,0,8,0,40,1,0,0,0,0,0
7392734,0000042A,false,Rx,0,8,F4,DE,FF,1,0,10,0,0
7395601,0000011B,false,Rx,0,8,4E,9D,4,5,80,8,A8,2
7395639,0000012B,false,Rx,0,8,9,67,4,6,0,0,8,0
7396604,0000011C,false,Rx,0,8,0,5,20,0,22,0,1,1
7396637,0000012C,false,Rx,0,8,0,0,1,0,0,64,0,0
7396655,000001FB,false,Rx,0,8,92,C6,4D,0,0,0,0,0
7396672,000001FC,false,Rx,0,8,0,0,0,0,0,0,0,0
7397744,000001FD,false,Rx,0,8,0,1A,3,0,0,0,0,0
7397780,000001FE,false,Rx,0,8,0,0,0,0,0,0,0,0
7406591,0000010B,false,Rx,0,8,11,4C,13,0,0,0,0,5
7406630,0000010C,false,Rx,0,8,FF,F9,E7,1F,46,44,46,46
7406648,0000010D,false,Rx,0,8,10,3,0,0,0,0,1,35
7406665,0000010E,false,Rx,0,8,0,0,0A,0,0,C0,AB,57
7408226,000002C1,false,Rx,0,8,3C,79,A8,21,0,41,0,AA
7408261,000002C2,false,Rx,0,8,1E,0,0,0,0,0,0,0
7408279,000002C3,false,Rx,0,8,0,0,0,0,0,0,0,0
7408297,000002C4,false,Rx,0,8,0,0,0,0,0,0,0,0
7417584,000001AB,false,Rx,0,8,7F,43,D1,50,70,38,0,0
7418566,000001AC,false,Rx,0,8,0,28,0,0,0,0,0,0
7418590,000002FF,false,Rx,0,8,E2,1,0,F1,3F,0,0,0
7418608,316,false,Rx,0,8,57,58,95,34,14,80,0A,0
7418625,472,false,Rx,0,8,5C,EC,0,40,8,41,0,45
7419564,317,false,Rx,0,8,0,0,5,0,0,0,0,0
7419589,473,false,Rx,0,8,5F,24,0,25,0,0,0,78
7419607,474,false,Rx,0,8,93,44,0,0,0,0,0,14
7422565,0000019B,false,Rx,0,8,27,2,11,0,0,E4,0,0
7422585,0000019C,false,Rx,0,8,40,20,0,0,0,0,0B,9
7422603,0000019D,false,Rx,0,8,0,10,0,1,0,0,0,0
7423564,0000019E,false,Rx,0,8,15,0,0,0,0,32,0,0
7423590,487,false,Rx,0,8,0,0,0,0,0,0,0,0
7424561,642,false,Rx,0,8,FF,FF,FF,FF,FF,FF,0,0
7427571,0000033B,false,Rx,0,8,B4,AA,4F,0,0,0,0,0
7427593,0000033C,false,Rx,0,8,0,0,0,0,F0,0,0,0
7427611,0000033D,false,Rx,0,8,0,0,0,0,0,0,0,0
7427629,0000033E,false,Rx,0,8,0,0,0,0,0,0,0,0
7431567,121,false,Rx,0,8,0D,53,14,0,0,0,0,5
7431589,122,false,Rx,0,8,FF,D9,67,1F,46,46,46,46
7431607,123,false,Rx,0,8,11,3,0,0,0,0,1,35
7432562,124,false,Rx,0,8,0,0,0A,0,0,0,20,40
7433566,401,false,Rx,0,8,A9,30,10,0,0,4,0,0
7435572,161,false,Rx,0,8,8D,5F,84,3,0,0,0,2
7435596,162,false,Rx,0,8,FF,FC,1,0,0,0,0,0
7436565,36,false,Rx,0,8,7F,41,16,51,0,0,25,1
7436589,37,false,Rx,0,8,0,0,0,10,0,40,0,0
7436607,38,false,Rx,0,8,4,0,0,0,90,38,96,D4
7437567,39,false,Rx,0,8,0,0,0,0,0,0,0,0
7438566,000002E6,false,Rx,0,8,BA,1F,4C,1,0,0,0,15
7438584,256,false,Rx,0,8,8B,30,4C,15,40,0,B0,0
7438602,000002E7,false,Rx,0,8,0A,0,0,0,0,0,0,0
7439567,257,false,Rx,0,8,0,93,41,13,86,7,0,93
7439589,000002E8,false,Rx,0,8,0,0,0,0,0,0,0,0
7439607,258,false,Rx,0,8,0B,7E,1E,0,10,15,0,28
7439624,61,false,Rx,0,8,6C,26,1C,0,0,0,0,0
7440567,259,false,Rx,0,8,38,5,89,3C,4C,2,0,0
7440588,62,false,Rx,0,8,2,2,0,2,40,FF,0,FF
7440606,000002E9,false,Rx,0,8,0,0,0,0,0,0,0,0
7440623,63,false,Rx,0,8,0,0,5,0,0,8,FD,0
7441567,64,false,Rx,0,8,0,0,0,4,FF,FA,0,0
7441589,000000A1,false,Rx,0,8,D4,52,1C,1A,0,0,0,0
7441607,91,false,Rx,0,8,CA,62,4D,0,0,0,0,0
7441624,92,false,Rx,0,8,0,0,0,0,0,0,0,0
7442567,93,false,Rx,0,8,0,0,0,0,0,0,0,0
7442587,94,false,Rx,0,8,0,0,0,0,0,0,0,0
7442605,000000A2,false,Rx,0,8,0,0,0,0,0,0,0,0
7442623,000000A3,false,Rx,0,8,0,40,1,0,0,0,0,0
7445572,0000011B,false,Rx,0,8,3D,A4,9,5,80,8,A8,2
7445594,0000012B,false,Rx,0,8,7A,5E,9,6,0,0,8,0
7446567,0000011C,false,Rx,0,8,0,5,20,0,22,0,1,1
7446587,0000012C,false,Rx,0,8,0,0,1,0,0,64,0,0
7449625,000001E6,false,Rx,0,8,20,7F,9A,2,0,0,0,0
7449663,000002BF,false,Rx,0,8,FF,FF,FF,0,0,0,0,0
7449681,000001BB,false,Rx,0,8,5A,33,9A,2,0,0,0,0A
7449717,0000047F,false,Rx,0,8,FF,FF,FF,FF,FF,FF,F3,FF
7449735,000001BC,false,Rx,0,8,32,0,0,0,2,0,0,0
7450591,653,false,Rx,0,8,0A,19,3,1,2,2A,0,0
7451895,000001BD,false,Rx,0,8,0,0,0,0,0,0,0,0
7453099,000001E7,false,Rx,0,8,0,0,22,3,20,1,0,0
7453142,146,false,Rx,0,8,B6,63,81,10,4,1,0,0
7453160,147,false,Rx,0,8,0,4,7D,0,40,0,0,0
7453178,148,false,Rx,0,8,0,0,0,0,0,90,40,5
7457240,0000010B,false,Rx,0,8,A9,4D,18,0,0,0,0,5
7457278,0000010C,false,Rx,0,8,FF,F9,E7,1F,46,44,46,46
7457296,0000010D,false,Rx,0,8,10,3,0,0,0,0,1,35
7457314,000001B1,false,Rx,0,8,B3,FE,81,0,72,0,0,0
7457332,0000010E,false,Rx,0,8,0,0,0A,0,0,C0,AB,57
7457349,000001B3,false,Rx,0,8,10,2C,0,0,87,91,96,90
7457376,000001B4,false,Rx,0,8,95,91,17,0,0,40,1,0
7460703,475,false,Rx,0,8,12,0,0,0,0,0,0,0
7460744,496,false,Rx,0,8,12,0,0,0,0,0,0,0
7463914,0000036F,false,Rx,0,8,30,A1,1,0,0,0,0,0
7463954,0000037F,false,Rx,0,8,93,40,52,24,41,2,0,0
7463972,000004A3,false,Rx,0,8,80,0,48,0B,3E,0,0,0
7463989,000004A4,false,Rx,0,8,FF,FF,FF,0,0,0,0,0
7464586,111,false,Rx,0,8,40,1F,9C,1,0,0,0,0
7464616,112,false,Rx,0,8,0,0,0,0,0,0,0,0
7466247,113,false,Rx,0,8,0,0,0,0,0,0,0,0
7466282,114,false,Rx,0,8,0,0,0,0,0,0,0,0
7466300,000001A1,false,Rx,0,8,72,30,85,FE,F7,7F,64,0
7466318,000001A2,false,Rx,0,8,0,0,0,0,0,8,0,0
7466336,000001A3,false,Rx,0,8,FF,F3,3F,0,0,0,0,0
7472596,0000019B,false,Rx,0,8,D4,9C,16,0,0,E4,0,0
7472635,0000019C,false,Rx,0,8,40,20,0,0,0,0,0B,9
7472653,0000019D,false,Rx,0,8,0,10,0,1,0,0,0,0
7473597,0000019E,false,Rx,0,8,15,0,0,0,0,32,0,0
7476592,0000030B,false,Rx,0,8,64,E1,4F,0,4,0,0,0
7476632,0000030C,false,Rx,0,8,0,0,0E,0,2C,0,A0,0F
7476650,0000030D,false,Rx,0,8,0,0,0,0,48,0,0,0
7477607,0000030E,false,Rx,0,8,0,0,38,5,21,0,0,4
7481592,121,false,Rx,0,8,0,95,19,0,0,0,0,5
7481633,122,false,Rx,0,8,FF,D9,67,1F,46,46,46,46
7481651,123,false,Rx,0,8,11,3,0,0,0,0,1,35
7482599,124,false,Rx,0,8,0,0,0A,0,0,0,20,40
7485697,405,false,Rx,0,8,BD,30,0,0,0,1,0,0
7485732,413,false,Rx,0,8,6F,30,0,0,0,0,0,0
7485751,410,false,Rx,0,8,4B,80,59,3C,16,6B,FF,FF
7486923,414,false,Rx,0,8,F0,10,0,0,28,0,0,0
7486942,411,false,Rx,0,8,A8,1,50,50,0,0,44,4
7486959,36,false,Rx,0,8,72,87,1B,51,0,0,25,1
7488532,37,false,Rx,0,8,0,0,0,10,0,40,0,0
7488637,38,false,Rx,0,8,4,0,0,0,90,38,96,D4
7489609,61,false,Rx,0,8,0F,BD,21,0,0,0,0,0
7490016,62,false,Rx,0,8,2,2,0,2,40,FF,0,FF
7490064,63,false,Rx,0,8,0,0,5,0,0,8,FD,0
7490083,64,false,Rx,0,8,0,0,0,4,FF,FA,0,0
7491797,000000A1,false,Rx,0,8,17,D1,21,1A,0,0,0,0
7491830,000000A2,false,Rx,0,8,0,0,0,0,0,0,0,0
7491848,000000A3,false,Rx,0,8,0,40,1,0,0,0,0,0
7497876,000001F1,false,Rx,0,8,46,2F,6D,1,0,0,28,0
7497911,000001F2,false,Rx,0,8,0,0,0,0,0,0,0,0
7497930,151,false,Rx,0,8,B4,6B,4F,A0,C8,0,28,19
7498642,152,false,Rx,0,8,16,18,18,0,0B,0,0,0
7498666,153,false,Rx,0,8,0,0,0,0,0,0,0,0
7498683,000002FB,false,Rx,0,8,E8,42,4F,4,5F,1A,CC,CC
7499052,237,false,Rx,0,8,0,15,BA,0,0,AA,1E,0
7499073,000002FC,false,Rx,0,8,3,0,16,19,0,0,8E,BF
7499107,000002FD,false,Rx,0,8,0,0,0,0,0,1C,0E,EA
7499125,239,false,Rx,0,8,0,0,0,0,1,0,0,0
7500133,000002FE,false,Rx,0,8,0,0,72,1,0,28,0,0
7500167,0000025B,false,Rx,0,8,41,78,4F,40,40,20,0,0
7500185,326,false,Rx,0,8,7D,16,4F,0,0,0,0,0
7500203,0000025C,false,Rx,0,8,0,0,0B,0,34,89,19,0
7500619,327,false,Rx,0,8,0,0,0,0,5,0,0,0
7500645,0000025D,false,Rx,0,8,0,C8,0,0,0,80,C0,70
7501650,328,false,Rx,0,8,0,0,0,0,0,0,0,0
7501718,382,false,Rx,0,8,F1,7A,1,0,0,1,8,0
7503327,331,false,Rx,0,8,6E,59,4F,F1,C8,A0,2C,97
7506643,0000010B,false,Rx,0,8,20,B4,1D,0,0,0,0,5
7506706,0000010C,false,Rx,0,8,FF,F9,E7,1F,46,45,46,46
7506724,0000010D,false,Rx,0,8,10,3,0,0,0,0,1,35
7506742,0000010E,false,Rx,0,8,0,0,0A,0,0,C0,AB,57
7506759,000002AB,false,Rx,0,8,F1,61,50,0C,0C,0,0,0
7507687,000002AC,false,Rx,0,8,0,FF,FF,0,0,40,0,50
7507737,000002AD,false,Rx,0,8,0,1,0,40,FF,FF,FF,0F
7507755,000002AE,false,Rx,0,8,1,0,FF,3F,1,1,0,0
7507773,000002B6,false,Rx,0,8,83,10,50,1,0,0,0,40
7508922,000002B7,false,Rx,0,8,8,2,F0,0,0,4,0,0
7508967,251,false,Rx,0,8,9,65,4F,0,0,0,0,0
7509333,000002B8,false,Rx,0,8,AA,11,11,0,0,0,0,0
7509366,252,false,Rx,0,8,0,0,0,0,3,0,0,0
7509387,000002B9,false,Rx,0,8,0A,0,0,0,0,0,0,0
7509404,253,false,Rx,0,8,0,0,0,51,51,0,80,44
7510452,000002E1,false,Rx,0,8,D2,44,50,0,0,0,0,40
7510486,396,false,Rx,0,8,0B,97,A7,0F,8,1,0,2
7510504,000002E2,false,Rx,0,8,FD,0,0,0,0,14,0,4
7510521,397,false,Rx,0,8,10,0,0,0,0,0,0,0
7510725,000002E3,false,Rx,0,8,0,0,0,0,0,0,72,1
7510753,398,false,Rx,0,8,0,0,0,0,0,0,0,0
7512344,000002E4,false,Rx,0,8,2,0,0,0,0,0,0,0
7517594,383,false,Rx,0,8,12,ED,1,0,2,0,0,0
7517633,000001AB,false,Rx,0,8,E0,2B,D6,50,70,38,0,0
7517651,000001AC,false,Rx,0,8,0,28,0,0,0,0,0,0
7518599,226,false,Rx,0,8,EE,67,2B,FF,43,E1,5,42
7518632,227,false,Rx,0,8,2,70,E1,8,0,F2,17,4
7520827,000003A1,false,Rx,0,8,79,78,B8,0,FF,FF,FF,FF
7520868,000003A2,false,Rx,0,8,0,0,0,0,0,0,0,0
7522953,0000019B,false,Rx,0,8,D9,5A,1B,0,0,E4,0,0
7522990,0000019C,false,Rx,0,8,40,20,0,0,0,0,0B,9
7523008,0000019D,false,Rx,0,8,0,10,0,1,0,0,0,0
7523026,0000019E,false,Rx,0,8,15,0,0,0,0,32,0,0
7523615,000002D6,false,Rx,0,8,96,2D,A7,0,0,0,0,0
7523642,000002EB,false,Rx,0,8,A5,59,A7,9,8,1,0,2
7524911,000002D7,false,Rx,0,8,0,0,0,0,3,0,0,0
7524946,000002EC,false,Rx,0,8,7,0,0,0,0,0,0,0
7524965,000002D8,false,Rx,0,8,0,0,0,0,0,0,38,45
7526202,000002ED,false,Rx,0,8,0,0,0,0,0,0,0,0
7526226,000002D9,false,Rx,0,8,0,0,0,0,0,0,0,0
7526243,000002EE,false,Rx,0,8,0,0,0,0,0,0,0,0
7526261,000001E1,false,Rx,0,8,5F,5B,9D,2,0,0,0,0
7526279,000001E2,false,Rx,0,8,0,0,0,0,0,0,0,0
7527554,356,false,Rx,0,8,DB,10,A8,0,0,0,0,0
7527594,357,false,Rx,0,8,0,0,0,0,0,4B,4D,48
7528780,358,false,Rx,0,8,35,41,45,4D,52,37,33,4F
7528815,359,false,Rx,0,8,51,4F,34,52,4A,35,33,0
7531637,121,false,Rx,0,8,F3,0B,1E,0,0,0,0,5
7531673,122,false,Rx,0,8,FF,D9,67,1F,46,46,46,46
7532059,123,false,Rx,0,8,11,3,0,0,0,0,1,35
7532083,124,false,Rx,0,8,0,0,0A,0,0,0,20,40
7534621,000000C5,false,Rx,0,8,0,0,0,0,0,0,0,0
7534657,000000FF,false,Rx,0,8,CB,10,0,0,0,0,2,0
7536004,244,false,Rx,0,8,FF,FF,FF,FF,FF,FF,FF,FF
7536441,0000041F,false,Rx,0,8,0,0C,0,0,0,0,0,0
7537407,000004B4,false,Rx,0,8,0,0,0,0,0,0,0,0
7537433,161,false,Rx,0,8,FE,66,89,3,0,0,0,2
7537451,394,false,Rx,0,8,2A,22,1A,49,0,0,0,0
7537469,36,false,Rx,0,8,A4,DB,20,51,0,0,25,1
7537487,162,false,Rx,0,8,FF,FC,1,0,0,0,0,0
7537922,39,false,Rx,0,8,0,0,0,0,0,0,0,0
7537953,000004B5,false,Rx,0,8,8,0,F0,7,0,0,0,0
7538929,000004B7,false,Rx,0,8,8,0,F0,7,0,0,0,0
7539345,384,false,Rx,0,8,E9,DC,2,0,0,FF,0,21
7539363,000004CA,false,Rx,0,8,0,0,0,0,0,0,0,0
7539381,000003E5,false,Rx,0,8,37,80,1,0,0,0,0,0
7539398,000004CC,false,Rx,0,8,8,0,0,6,0,0,3,0
7540703,000003B6,false,Rx,0,8,B5,4C,A6,0,0,0,0,46
7541989,61,false,Rx,0,8,FC,23,26,0,0,0,0,0
7542042,000003B7,false,Rx,0,8,46,0,0,0,0,0,0,0
7542060,62,false,Rx,0,8,2,2,0,2,40,FF,0,FF
7542078,000003B8,false,Rx,0,8,0D,3,0,0,0,0,69,0E
7542096,000003B9,false,Rx,0,8,0,0,0,0,0,0,0,0
7542113,64,false,Rx,0,8,0,0,0,4,FF,FA,0,0
7543250,000004CE,false,Rx,0,8,14,1,FF,FF,FF,FF,FF,FF
7546134,93,false,Rx,0,8,0,0,0,0,0,0,0,0
7546192,0000041B,false,Rx,0,8,70,D0,0,0,0,0,0,0
7546211,94,false,Rx,0,8,0,0,0,0,0,0,0,0
7546229,0000041C,false,Rx,0,8,48,0,E0,0,0,0,0,0
7546246,000000A1,false,Rx,0,8,1E,54,26,1A,0,0,0,0
7547349,442,false,Rx,0,8,CE,20,11,81,0,0,0,0
7547384,000004DD,false,Rx,0,8,0,0,FE,0,4,0,0,0
7547878,000004E7,false,Rx,0,8,0,30,0,0,0,0,69,0
7549265,000004E8,false,Rx,0,8,FF,FF,FF,5,FF,FF,FF,0
7549304,000004E9,false,Rx,0,8,12,0,0,34,0,0,50,0
7550560,000004ED,false,Rx,0,8,0,0,0,0,0,FF,FF,1F
7551813,0000063F,false,Rx,0,8,0,10,0,C4,FF,0,0,0
7551882,641,false,Rx,0,8,FF,FF,FF,FF,0F,FF,FF,FF
7553492,147,false,Rx,0,8,0,4,7D,0,40,0,0,0
7554452,646,false,Rx,0,8,0,0,0,80,1,0,0,0
7557100,148,false,Rx,0,8,0,0,0,0,0,90,40,5
7557185,149,false,Rx,0,8,0,0,0,0,0,0,0,0
7557567,000001B4,false,Rx,0,8,95,91,17,0,0,40,1,0
7561596,0000034B,false,Rx,0,8,60,5B,BB,31,D8,0D,5,1
7561635,0000034C,false,Rx,0,8,0,0,0,0,0,0,0,0
7561653,0000034D,false,Rx,0,8,0,0,0,0,0,0,0,0
7562598,0000034E,false,Rx,0,8,0,0,0,0,0,0,0,0
7563667,380,false,Rx,0,8,AD,D7,FF,0,0,0,0,1
7563702,0000036F,false,Rx,0,8,89,B1,1,0,0,0,0,0
7563721,0000037F,false,Rx,0,8,2A,50,52,24,41,2,0,0
7565589,000001A1,false,Rx,0,8,F3,44,8A,FE,F7,7F,64,0
7565624,000001A2,false,Rx,0,8,0,0,0,0,0,8,0,0
7567054,000001A3,false,Rx,0,8,FF,F3,3F,0,0,0,0,0
7567089,000001A4,false,Rx,0,8,FE,7,0,0,0,0,0,0
7567457,000003B0,false,Rx,0,8,72,37,FF,C7,0,0,3,C0
7568364,000003B1,false,Rx,0,8,9B,3C,FF,40,0,0,20,0
7569708,448,false,Rx,0,8,0,C0,0,0,0,0,0,0
7572601,0000019B,false,Rx,0,8,0F,6,20,0,0,E4,0,0
7572640,0000019C,false,Rx,0,8,40,20,0,0,0,0,0B,9
7572660,0000019D,false,Rx,0,8,0,10,0,1,0,0,0,0
7573599,0000019E,false,Rx,0,8,15,0,0,0,0,32,0,0
7578590,000003B2,false,Rx,0,8,36,15,FF,2,29,2F,34,0
7581586,121,false,Rx,0,8,90,90,23,0,0,0,0,5
7581625,122,false,Rx,0,8,FF,D9,67,1F,46,46,46,46
7581644,123,false,Rx,0,8,11,3,0,0,0,0,1,35
7582625,124,false,Rx,0,8,0,0,0A,0,0,0,20,40
7582659,427,false,Rx,0,8,1D,86,FF,0,80,0A,0,0
7582677,561,false,Rx,0,8,63,2,0,0,0,0,FF,FF
7586603,36,false,Rx,0,8,DB,F7,25,51,0,0,25,1
7586645,37,false,Rx,0,8,0,0,0,10,0,40,0,0
7586663,38,false,Rx,0,8,4,0,0,0,90,38,96,D4
7587604,39,false,Rx,0,8,0,0,0,0,0,0,0,0
7589606,61,false,Rx,0,8,F1,E5,2B,0,0,0,0,0
7589645,62,false,Rx,0,8,2,2,0,2,40,FF,0,FF
7590619,63,false,Rx,0,8,0,0,5,0,0,8,FD,0
7590651,64,false,Rx,0,8,0,0,0,4,FF,FA,0,0
7590669,000000A1,false,Rx,0,8,28,17,2B,1A,0,0,0,0
7590686,000000A2,false,Rx,0,8,0,0,0,0,0,0,0,0
7591679,000000A3,false,Rx,0,8,0,40,1,0,0,0,0,0
7592998,0000042A,false,Rx,0,8,F4,DE,FF,1,0,10,0,0
7595898,0000011B,false,Rx,0,8,13,2F,18,5,80,8,A8,2
7595943,0000012B,false,Rx,0,8,54,D5,18,6,0,0,8,0
7595960,0000011C,false,Rx,0,8,0,5,20,0,22,0,1,1
7596591,0000012C,false,Rx,0,8,0,0,1,0,0,64,0,0
7596618,000001FB,false,Rx,0,8,1E,74,4F,0,0,0,0,0
7597872,000001FC,false,Rx,0,8,0,0,0,0,0,0,0,0
7597907,000001FD,false,Rx,0,8,0,1A,3,0,0,0,0,0
7597925,000001FE,false,Rx,0,8,0,0,0,0,0,0,0,0
7599378,000001E6,false,Rx,0,8,BF,17,9D,2,0,0,0,0
7599414,000001E7,false,Rx,0,8,0,0,22,3,20,1,0,0
7599432,000001BB,false,Rx,0,8,53,B6,9D,2,0,0,0,0A
7599618,000001BC,false,Rx,0,8,32,0,0,0,2,0,0,0
7600698,000001BD,false,Rx,0,8,0,0,0,0,0,0,0,0
7604842,000004F0,false,Rx,0,8,4A,10,33,0,58,1A,18,2
7606651,0000010B,false,Rx,0,8,46,64,27,0,0,0,0,5
7606688,0000010C,false,Rx,0,8,FF,F9,E7,1F,46,44,46,46
7606707,0000010D,false,Rx,0,8,10,3,0,0,0,0,1,35
7606725,0000010E,false,Rx,0,8,0,0,0A,0,0,C0,AB,57
7607670,000002C1,false,Rx,0,8,1B,8C,A9,21,0,41,0,AA
7607702,000002C2,false,Rx,0,8,1F,0,0,0,0,0,0,0
7608726,000002C3,false,Rx,0,8,0,0,0,0,0,0,0,0
7608762,000002C4,false,Rx,0,8,0,0,0,0,0,0,0,0
7617598,000001AB,false,Rx,0,8,93,12,DB,50,70,38,0,0
7617640,000001AC,false,Rx,0,8,0,28,0,0,0,0,0,0
7617658,000002FF,false,Rx,0,8,E2,1,0,F1,3F,0,0,0
7618618,316,false,Rx,0,8,1A,B0,96,34,14,80,0A,0
7618652,472,false,Rx,0,8,5C,EC,0,40,8,41,0,45
7618669,317,false,Rx,0,8,0,0,5,0,0,0,0,0
7618687,473,false,Rx,0,8,5F,24,0,25,0,0,0,78
7620045,474,false,Rx,0,8,93,44,0,0,0,0,0,14
7622611,0000019B,false,Rx,0,8,70,2A,25,0,0,E4,0,0
7622649,0000019C,false,Rx,0,8,40,20,0,0,0,0,0B,9
7622666,0000019D,false,Rx,0,8,0,10,0,1,0,0,0,0
7623601,0000019E,false,Rx,0,8,15,0,0,0,0,32,0,0
7624568,487,false,Rx,0,8,0,0,0,0,0,0,0,0
7625644,642,false,Rx,0,8,FF,FF,FF,FF,FF,FF,0,0
7627115,0000033B,false,Rx,0,8,B6,43,51,0,0,0,0,0
7628347,0000033C,false,Rx,0,8,0,0,0,0,F0,0,0,0
7628374,0000033D,false,Rx,0,8,0,0,0,0,0,0,0,0
7628391,0000033E,false,Rx,0,8,0,0,0,0,0,0,0,0
7631589,121,false,Rx,0,8,28,91,28,0,0,0,0,5
7631625,122,false,Rx,0,8,FF,D9,67,1F,46,46,46,46
7631643,123,false,Rx,0,8,11,3,0,0,0,0,1,35
7632681,124,false,Rx,0,8,0,0,0A,0,0,0,20,40
7633587,401,false,Rx,0,8,A9,30,10,0,0,4,0,0
7635807,161,false,Rx,0,8,61,0E,8E,3,0,0,0,2
7635849,162,false,Rx,0,8,FF,FC,1,0,0,0,0,0
7636714,36,false,Rx,0,8,5A,83,2A,51,0,0,25,1
7636746,37,false,Rx,0,8,0,0,0,10,0,40,0,0
7636777,38,false,Rx,0,8,4,0,0,0,90,38,96,D4
7636795,39,false,Rx,0,8,0,0,0,0,0,0,0,0
7639159,000002E6,false,Rx,0,8,36,AD,4E,1,0,0,0,15
7639193,256,false,Rx,0,8,AA,74,4E,15,40,0,C0,0
7639590,000002E7,false,Rx,0,8,0A,0,0,0,0,0,0,0
7639623,257,false,Rx,0,8,0,93,41,14,86,7,0,93
7639646,000002E8,false,Rx,0,8,0,0,0,0,0,0,0,0
7639663,258,false,Rx,0,8,0B,7F,1E,0,10,15,0,28
7639697,61,false,Rx,0,8,8C,20,30,0,0,0,0,0
7639714,259,false,Rx,0,8,3D,5,89,3C,4C,2,0,0
7640953,62,false,Rx,0,8,2,2,0,2,40,FF,0,FF
7641358,000002E9,false,Rx,0,8,0,0,0,0,0,0,0,0
7641394,63,false,Rx,0,8,0,0,5,0,0,8,FD,0
7641416,64,false,Rx,0,8,0,0,0,4,FF,FA,0,0
7641434,000000A1,false,Rx,0,8,47,A6,30,1A,0,0,0,0
7641451,91,false,Rx,0,8,46,D0,4F,0,0,0,0,0
7641588,92,false,Rx,0,8,0,0,0,0,0,0,0,0
7643075,93,false,Rx,0,8,0,0,0,0,0,0,0,0
7643109,94,false,Rx,0,8,0,0,0,0,0,0,0,0
7643128,000000A2,false,Rx,0,8,0,0,0,0,0,0,0,0
7643145,000000A3,false,Rx,0,8,0,40,1,0,0,0,0,0
7645766,000001F1,false,Rx,0,8,3F,35,70,1,0,0,28,0
7645856,000001F2,false,Rx,0,8,0,0,0,0,0,0,0,0
7645876,000004F0,false,Rx,0,8,4A,10,33,0,58,1A,18,2
7645894,0000011B,false,Rx,0,8,E5,7,1D,5,80,8,A8,2
7645911,0000012B,false,Rx,0,8,A2,FD,1D,6,0,0,8,0
7645929,0000011C,false,Rx,0,8,0,5,20,0,22,0,1,1
7647169,0000012C,false,Rx,0,8,0,0,1,0,0,64,0,0
7648974,000002BF,false,Rx,0,8,FF,FF,FF,0,0,0,0,0
7649589,0000047F,false,Rx,0,8,FF,FF,FF,FF,FF,FF,F3,FF
7649617,653,false,Rx,0,8,0A,19,3,1,2,2A,0,0
7652208,146,false,Rx,0,8,48,3B,8B,10,4,1,0,0
7652243,147,false,Rx,0,8,0,4,7D,0,40,0,0,0
7652607,148,false,Rx,0,8,0,0,0,0,0,90,40,5
7653627,149,false,Rx,0,8,0,0,0,0,0,0,0,0
7657254,0000010B,false,Rx,0,8,FE,65,2C,0,0,0,0,5
7657295,0000010C,false,Rx,0,8,FF,F9,E7,1F,46,44,46,46
7657313,0000010D,false,Rx,0,8,10,3,0,0,0,0,1,35
7657330,000001B1,false,Rx,0,8,4D,A6,8B,0,72,0,0,0
7657348,0000010E,false,Rx,0,8,0,0,0A,0,0,C0,AB,57
7657383,000001B4,false,Rx,0,8,95,91,17,0,0,40,1,0
7660591,475,false,Rx,0,8,12,0,0,0,0,0,0,0
7660627,496,false,Rx,0,8,12,0,0,0,0,0,0,0
7663568,0000036F,false,Rx,0,8,81,C1,1,0,0,0,0,0
7663594,0000037F,false,Rx,0,8,FC,60,52,24,41,2,0,0
7664571,111,false,Rx,0,8,6,46,9D,1,0,0,0,0
7664591,112,false,Rx,0,8,0,0,0,0,0,0,0,0
7665565,000004A3,false,Rx,0,8,80,0,48,0B,3E,0,0,0
7665587,113,false,Rx,0,8,0,0,0,0,0,0,0,0
7665612,000004A4,false,Rx,0,8,FF,FF,FF,0,0,0,0,0
7665630,114,false,Rx,0,8,0,0,0,0,0,0,0,0
7665647,000001A1,false,Rx,0,8,8C,68,8F,FE,F7,7F,64,0
7666573,000001A2,false,Rx,0,8,0,0,0,0,0,8,0,0
7666593,000001A3,false,Rx,0,8,FF,F3,3F,0,0,0,0,0
7666611,000001A4,false,Rx,0,8,FE,7,0,0,0,0,0,0
7672567,0000019B,false,Rx,0,8,F1,5E,2A,0,0,E4,0,0
7672591,0000019C,false,Rx,0,8,40,20,0,0,0,0,0B,9
7672608,0000019D,false,Rx,0,8,0,10,0,1,0,0,0,0
7673567,0000019E,false,Rx,0,8,15,0,0,0,0,32,0,0
7676566,000001E1,false,Rx,0,8,32,7,A0,2,0,0,0,0
7676588,000001E2,false,Rx,0,8,0,0,0,0,0,0,0,0
7676612,0000030B,false,Rx,0,8,67,13,51,0,4,0,0,0
7676630,0000030C,false,Rx,0,8,0,0,0E,0,2C,0,A0,0F
7676647,0000030D,false,Rx,0,8,0,0,0,0,48,0,0,0
7677568,0000030E,false,Rx,0,8,0,0,38,5,21,0,0,0A
7679566,563,false,Rx,0,8,65,2,0,0,0,0,FF,FF
7681566,121,false,Rx,0,8,57,BD,2D,0,0,0,0,5
7681588,122,false,Rx,0,8,FF,D9,67,1F,46,46,46,46
7681606,123,false,Rx,0,8,11,3,0,0,0,0,1,35
7682568,124,false,Rx,0,8,0,0,0A,0,0,0,20,40
7683573,405,false,Rx,0,8,BD,30,0,0,0,1,0,0
7683595,413,false,Rx,0,8,6F,30,0,0,0,0,0,0
7683613,410,false,Rx,0,8,4B,80,59,3C,16,6B,FF,FF
7684567,414,false,Rx,0,8,F0,10,0,0,28,0,0,0
7684588,411,false,Rx,0,8,A8,1,50,50,0,0,44,4
7684606,416,false,Rx,0,8,55,0,0,0,0,0,0,0
7684624,412,false,Rx,0,8,6D,60,0,0,0,0,0,0
7685566,417,false,Rx,0,8,5F,20,0,0,0,0,0,0
7685588,000004F0,false,Rx,0,8,4A,10,33,0,58,1A,18,2
7685606,418,false,Rx,0,8,19,70,0,0,12,0C,0,0
7685624,419,false,Rx,0,8,1B,10,8C,D6,79,86,90,0
7686571,36,false,Rx,0,8,25,AF,2F,51,0,0,25,1
7686591,37,false,Rx,0,8,0,0,0,10,0,40,0,0
7686609,38,false,Rx,0,8,4,0,0,0,90,38,96,D4
7687567,39,false,Rx,0,8,0,0,0,0,0,0,0,0
7689569,61,false,Rx,0,8,F3,0C,35,0,0,0,0,0
7689592,62,false,Rx,0,8,2,2,0,2,40,FF,0,FF
7690567,63,false,Rx,0,8,0,0,5,0,0,8,FD,0
7690588,64,false,Rx,0,8,0,0,0,4,FF,FA,0,0
7690605,000000A1,false,Rx,0,8,48,4D,35,1A,0,0,0,0
7691567,000000A2,false,Rx,0,8,0,0,0,0,0,0,0,0
7691589,000000A3,false,Rx,0,8,0,40,1,0,0,0,0,0
7694565,151,false,Rx,0,8,B6,82,51,A0,C8,0,28,19
7695567,152,false,Rx,0,8,16,18,18,0,0B,0,0,0
7695588,000001F6,false,Rx,0,8,85,A1,51,0,0,0,0,0E
7695606,153,false,Rx,0,8,0,0,0,0,0,0,0,0
7695624,0000011B,false,Rx,0,8,E1,1B,22,5,80,8,A8,2
7696566,154,false,Rx,0,8,0,0,0,0,0,0,0,0
7696588,0000011C,false,Rx,0,8,0,5,20,0,22,0,1,1
7696606,0000012B,false,Rx,0,8,A6,E1,22,6,0,0,8,0
7696624,000001F7,false,Rx,0,8,0B,0,0,0,0,0,0,0
7697568,0000012C,false,Rx,0,8,0,0,1,0,0,64,0,0
7697588,000001F8,false,Rx,0,8,0,0,0,0,0,0,0,0
7697605,000002FB,false,Rx,0,8,EA,AB,51,4,5F,1A,CC,CC
7697623,000001F9,false,Rx,0,8,0,0,A0,C8,14,0,0,0
7698567,000002FC,false,Rx,0,8,3,0,16,19,0,0,8E,BF
7698589,236,false,Rx,0,8,14,5C,51,0,6E,3C,34,6C
7698606,000002FD,false,Rx,0,8,0,0,0,0,0,1C,0E,EA
7698624,237,false,Rx,0,8,0,15,BA,0,0,AA,1E,0
7699600,000002FE,false,Rx,0,8,0,0,72,1,0,28,0,0
7699634,238,false,Rx,0,8,0,0,5F,0,0,0,0,0
7699902,326,false,Rx,0,8,7F,FF,51,0,0,0,0,0
7699924,239,false,Rx,0,8,0,0,0,0,1,0,0,0
7699941,327,false,Rx,0,8,0,0,0,0,5,0,0,0
7701213,0000025B,false,Rx,0,8,79,66,51,40,40,20,0,0
7701287,328,false,Rx,0,8,0,0,0,0,0,0,0,0
7701306,0000025C,false,Rx,0,8,0,0,0B,0,34,89,19,0
7701324,329,false,Rx,0,8,A0,0,0,0,0,0,0,0
7701356,0000025D,false,Rx,0,8,0,C8,0,0,0,80,C0,70
7701373,331,false,Rx,0,8,6C,B0,51,F1,C8,A0,2C,97
7701391,0000025E,false,Rx,0,8,16,7,0E,2,0,0,0,0
7702563,332,false,Rx,0,8,94,2,0,0,0,0,0,0
7702592,382,false,Rx,0,8,F1,7A,1,0,0,1,8,0
7702609,333,false,Rx,0,8,0,0,0,1C,0C,40,20,A0
7702627,334,false,Rx,0,8,C8,0,0,0,AC,70,1D,90
7706561,0000010B,false,Rx,0,8,36,67,31,0,0,0,0,5
7706584,0000010C,false,Rx,0,8,FF,F9,E7,1F,46,44,46,46
7706602,0000010D,false,Rx,0,8,10,3,0,0,0,0,1,35
7706619,0000010E,false,Rx,0,8,0,0,0A,0,0,C0,AB,57
7707568,000002AB,false,Rx,0,8,7D,D3,52,0C,0C,0,0,0
7707595,000002AC,false,Rx,0,8,0,FF,FF,0,0,40,0,50
7707614,000002AD,false,Rx,0,8,0,1,0,40,FF,FF,FF,0F
7707631,000002AE,false,Rx,0,8,1,0,FF,3F,1,1,0,0
7708563,000002B6,false,Rx,0,8,0F,A2,52,1,0,0,0,40
7708588,000002B7,false,Rx,0,8,8,2,F0,0,0,4,0,0
7708606,251,false,Rx,0,8,69,3F,51,0,0,0,0,0
7708624,000002B8,false,Rx,0,8,AA,11,11,0,0,0,0,0
7709565,252,false,Rx,0,8,0,0,0,0,3,0,0,0
7709592,000002B9,false,Rx,0,8,0A,0,0,0,0,0,0,0
7709610,253,false,Rx,0,8,0,0,0,51,51,0,80,44
7709628,000002E1,false,Rx,0,8,5E,F6,52,0,0,0,0,40
7710561,396,false,Rx,0,8,18,43,A8,0F,8,1,0,2
7710584,000002E2,false,Rx,0,8,FD,0,0,0,0,14,0,4
7710601,397,false,Rx,0,8,42,0,0,0,0,0,0,0
7710619,000002E3,false,Rx,0,8,0,0,0,0,0,0,72,1
7711563,398,false,Rx,0,8,0,0,0,0,0,0,0,0
7711590,000002E4,false,Rx,0,8,2,0,0,0,0,0,0,0
7717561,000001AB,false,Rx,0,8,45,8E,E0,50,70,38,0,0
7717583,226,false,Rx,0,8,55,A7,2D,FF,43,E1,5,42
7718563,000001AC,false,Rx,0,8,0,28,0,0,0,0,0,0
7718590,227,false,Rx,0,8,2,70,E1,8,0,F2,17,4
7718608,383,false,Rx,0,8,12,ED,1,0,2,0,0,0
7720561,000003A1,false,Rx,0,8,5D,D0,B9,0,FF,FF,FF,FF
7720583,000003A2,false,Rx,0,8,0,0,0,0,0,0,0,0
7722562,0000019B,false,Rx,0,8,8E,72,2F,0,0,E4,0,0
7722590,0000019C,false,Rx,0,8,40,20,0,0,0,0,0B,9
7722608,0000019D,false,Rx,0,8,0,10,0,1,0,0,0,0
7723563,0000019E,false,Rx,0,8,15,0,0,0,0,32,0,0
7723585,000002D6,false,Rx,0,8,17,59,A8,0,0,0,0,0
7723603,000002EB,false,Rx,0,8,74,A1,A8,0A,8,1,0,2
7724563,000002D7,false,Rx,0,8,0,0,0,0,3,0,0,0
7724590,000002EC,false,Rx,0,8,0A,0,0,0,0,0,0,0
7724608,000002D8,false,Rx,0,8,0,0,0,0,0,0,38,45
7724625,000002ED,false,Rx,0,8,0,0,0,0,0,0,0,0
7725563,000002D9,false,Rx,0,8,0,0,0,0,0,0,0,0
7725590,000002EE,false,Rx,0,8,0,0,0,0,0,0,0,0
7727564,356,false,Rx,0,8,9D,49,A9,0,0,0,0,0
7727587,357,false,Rx,0,8,0,0,0,0,0,4B,4D,48
7728563,358,false,Rx,0,8,35,41,45,4D,52,37,33,4F
7728591,359,false,Rx,0,8,51,4F,34,52,4A,35,33,0
7731561,121,false,Rx,0,8,13,0D,32,0,0,0,0,5
7731584,122,false,Rx,0,8,FF,D9,67,1F,46,46,46,46
7731602,123,false,Rx,0,8,11,3,0,0,0,0,1,35
7732562,124,false,Rx,0,8,0,0,0A,0,0,0,20,40
7734561,000000FF,false,Rx,0,8,CB,10,0,0,0,0,2,0
7735559,394,false,Rx,0,8,2A,22,1A,49,0,0,0,0
7735579,000003C3,false,Rx,0,8,45,10,31,30,36,0,0,0
7735596,000000C5,false,Rx,0,8,0,0,0,0,0,0,0,0
7736562,161,false,Rx,0,8,18,14,93,3,0,0,0,2
7736589,244,false,Rx,0,8,FF,FF,FF,FF,FF,FF,FF,FF
7736608,36,false,Rx,0,8,58,6A,34,51,0,0,25,1
7736626,162,false,Rx,0,8,FF,FC,1,0,0,0,0,0
7737670,37,false,Rx,0,8,0,0,0,10,0,40,0,0
7737701,000003E0,false,Rx,0,8,66,20,1,0,54,3,0,0
7737719,38,false,Rx,0,8,4,0,0,0,90,38,96,D4
7737737,000004B4,false,Rx,0,8,0,0,0,0,0,0,0,0
7737755,39,false,Rx,0,8,0,0,0,0,0,0,0,0
7738886,000004B5,false,Rx,0,8,8,0,F0,7,0,0,0,0
7738920,384,false,Rx,0,8,E9,DC,2,0,0,FF,0,21
7738939,000003E5,false,Rx,0,8,37,80,1,0,0,0,0,0
7738956,000004B7,false,Rx,0,8,8,0,F0,7,0,0,0,0
7738974,000003E6,false,Rx,0,8,67,90,0,0,0,0,0,0
7739620,0000041A,false,Rx,0,8,8D,D0,12,0,0,0,0,0
7739647,61,false,Rx,0,8,72,78,3A,0,0,0,0,0
7739665,000003B6,false,Rx,0,8,F3,15,A7,0,0,0,0,46
7740579,62,false,Rx,0,8,2,2,0,2,40,FF,0,FF
7740600,000003B7,false,Rx,0,8,46,0,0,0,0,0,0,0
7740618,63,false,Rx,0,8,0,0,5,0,0,8,FD,0
7740635,000003B8,false,Rx,0,8,0D,3,0,0,0,0,69,0E
7741577,64,false,Rx,0,8,0,0,0,4,FF,FA,0,0
7741599,000003B9,false,Rx,0,8,0,0,0,0,0,0,0,0
7741617,91,false,Rx,0,8,2,60,50,0,0,0,0,0
7741634,000004CA,false,Rx,0,8,0,0,0,0,0,0,0,0
7742575,92,false,Rx,0,8,0,0,0,0,0,0,0,0
7742597,000004CC,false,Rx,0,8,8,0,0,6,0,0,3,0
7742614,93,false,Rx,0,8,0,0,0,0,0,0,0,0
7742632,0000041B,false,Rx,0,8,70,D0,0,0,0,0,0,0
7743568,94,false,Rx,0,8,0,0,0,0,0,0,0,0
7743590,0000041C,false,Rx,0,8,48,0,E0,0,0,0,0,0
7743607,000000A1,false,Rx,0,8,78,60,3A,1A,0,0,0,0
7743625,422,false,Rx,0,8,9D,70,1,0,0,0,4,0
7744569,000000A2,false,Rx,0,8,0,0,0,0,0,0,0,0
7744590,000004CE,false,Rx,0,8,14,1,FF,FF,FF,FF,FF,FF
7744607,000000A3,false,Rx,0,8,0,40,1,0,0,0,0,0
7744625,432,false,Rx,0,8,3,20,2,0,0,0,0,0
7745569,000004D7,false,Rx,0,8,23,1,0,0,0,0,0,0
7745590,435,false,Rx,0,8,26,C0,0,40,0,0,0,0
7745608,000004D8,false,Rx,0,8,41,10,F0,F0,40,F2,1E,CC
7745625,0000011B,false,Rx,0,8,17,33,27,5,80,8,A8,2
7746569,0000012B,false,Rx,0,8,50,C9,27,6,0,0,8,0
7746590,0000011C,false,Rx,0,8,0,5,20,0,22,0,1,1
7746608,0000012C,false,Rx,0,8,0,0,1,0,0,64,0,0
7746626,442,false,Rx,0,8,CE,20,11,81,0,0,0,0
7747568,000004DD,false,Rx,0,8,0,0,FE,0,4,0,0,0
7747590,444,false,Rx,0,8,D5,20,20,50,55,50,0,0
7747608,000004DF,false,Rx,0,8,FF,3,0C,3F,0,0,0,0
7747626,445,false,Rx,0,8,C6,C0,0,0,0,0,0,18
7748574,000004E7,false,Rx,0,8,0,30,0,0,0,0,69,0
7748595,464,false,Rx,0,8,D5,20,F0,FF,38,7F,5,0
7748613,000004E8,false,Rx,0,8,FF,FF,FF,5,FF,FF,FF,0
7748631,000004E9,false,Rx,0,8,12,0,0,34,0,0,50,0
7749572,000004EA,false,Rx,0,8,67,0,0,89,0,0,0,0
7749593,000001E6,false,Rx,0,8,D2,4B,A0,2,0,0,0,0
7749610,000004EB,false,Rx,0,8,10,80,33,0,80,0,0,0
7749635,000001BB,false,Rx,0,8,90,35,A0,2,0,0,0,0A
7749653,000004EC,false,Rx,0,8,0,0,0,0,0,0,0,0
7750569,000001BC,false,Rx,0,8,32,0,0,0,2,0,0,0
7750591,000004ED,false,Rx,0,8,0,0,0,0,0,FF,FF,1F
7750609,000001BD,false,Rx,0,8,0,0,0,0,0,0,0,0
7750633,000004EE,false,Rx,0,8,FF,FF,0,0,0,0,0,0
7751569,000001E7,false,Rx,0,8,0,0,22,3,20,1,0,0
7751597,146,false,Rx,0,8,35,FE,90,10,4,1,0,0
7751614,000004EF,false,Rx,0,8,60,0,60,0,29,14,0,0
7751632,147,false,Rx,0,8,0,4,7D,0,40,0,0,0
7752569,0000063D,false,Rx,0,8,0,80,0,0,0,0,0,0
7752597,148,false,Rx,0,8,0,0,0,0,0,90,40,5
7752614,0000063E,false,Rx,0,8,FF,FF,FF,FF,FF,FF,FF,FF
7752632,149,false,Rx,0,8,0,0,0,0,0,0,0,0
7753568,0000063F,false,Rx,0,8,0,10,0,C4,FF,0,0,0
7753590,640,false,Rx,0,8,FF,FF,FF,0,FF,FF,FF,0
7753608,641,false,Rx,0,8,FF,FF,FF,FF,0F,FF,FF,FF
7753632,495,false,Rx,0,8,49,0,0,0,0,0,0,0
7754568,000003AA,false,Rx,0,8,FF,0,B0,0,54,0,0,0
7754590,646,false,Rx,0,8,0,0,0,80,1,0,0,0
7756569,0000010B,false,Rx,0,8,C5,F9,36,0,0,0,0,5
7756597,0000010C,false,Rx,0,8,FF,F9,E7,1F,46,44,46,46
7756615,0000010D,false,Rx,0,8,10,3,0,0,0,0,1,35
7756632,000001B1,false,Rx,0,8,30,63,90,0,72,0,0,0
7756650,0000010E,false,Rx,0,8,0,0,0A,0,0,C0,AB,57
7757628,000001B2,false,Rx,0,8,23,0,4,0F,0F,7,52,10
7757661,000001B3,false,Rx,0,8,10,2C,0,0,87,91,96,90
7757680,000001B4,false,Rx,0,8,95,91,17,0,0,40,1,0
7763593,380,false,Rx,0,8,AD,D7,FF,0,0,0,0,1
7763633,0000036F,false,Rx,0,8,38,D1,1,0,0,0,0,0
7763651,0000037F,false,Rx,0,8,45,70,52,24,41,2,0,0
7765565,000001A1,false,Rx,0,8,F1,AD,94,FE,F7,7F,64,0
7765588,000001A2,false,Rx,0,8,0,0,0,0,0,8,0,0
7766566,000001A3,false,Rx,0,8,FF,F3,3F,0,0,0,0,0
7766585,000003B0,false,Rx,0,8,72,37,FF,C7,0,0,3,C0
7766603,000001A4,false,Rx,0,8,FE,7,0,0,0,0,0,0
7768571,000003B1,false,Rx,0,8,9B,3C,FF,40,0,0,20,0
7769566,448,false,Rx,0,8,0,C0,0,0,0,0,0,0
7772567,0000019B,false,Rx,0,8,F3,B7,34,0,0,E4,0,0
7772590,0000019C,false,Rx,0,8,40,20,0,0,0,0,0B,9
7772608,0000019D,false,Rx,0,8,0,10,0,1,0,0,0,0
7773567,0000019E,false,Rx,0,8,15,0,0,0,0,32,0,0
7778561,565,false,Rx,0,8,66,2,0,0,0,0,FF,FF
7778583,000003B2,false,Rx,0,8,36,15,FF,2,29,2F,34,0
7781565,121,false,Rx,0,8,6C,21,37,0,0,0,0,5
7781588,122,false,Rx,0,8,FF,D9,67,1F,46,46,46,46
7781606,123,false,Rx,0,8,11,3,0,0,0,0,1,35
7782567,124,false,Rx,0,8,0,0,0A,0,0,0,20,40
7782588,427,false,Rx,0,8,1D,86,FF,0,80,0A,0,0
7786565,36,false,Rx,0,8,55,AC,39,51,0,0,25,1
7786588,37,false,Rx,0,8,0,0,0,10,0,40,0,0
7786606,38,false,Rx,0,8,4,0,0,0,90,38,96,D4
7787567,39,false,Rx,0,8,0,0,0,0,0,0,0,0
7789568,61,false,Rx,0,8,0D,54,3F,0,0,0,0,0
7790567,62,false,Rx,0,8,2,2,0,2,40,FF,0,FF
7790588,63,false,Rx,0,8,0,0,5,0,0,8,FD,0
7790606,64,false,Rx,0,8,0,0,0,4,FF,FA,0,0
7790624,000000A1,false,Rx,0,8,77,8B,3F,1A,0,0,0,0
7790649,000000A2,false,Rx,0,8,0,0,0,0,0,0,0,0
7791567,000000A3,false,Rx,0,8,0,40,1,0,0,0,0,0
7792562,0000042A,false,Rx,0,8,F4,DE,FF,1,0,10,0,0
7794566,000001F1,false,Rx,0,8,72,DD,73,1,0,0,28,0
7794589,000001F2,false,Rx,0,8,0,0,0,0,0,0,0,0
7795568,0000011B,false,Rx,0,8,DF,CA,2C,5,80,8,A8,2
7795589,0000012B,false,Rx,0,8,98,30,2C,6,0,0,8,0
7796566,0000011C,false,Rx,0,8,0,5,20,0,22,0,1,1
7796589,0000012C,false,Rx,0,8,0,0,1,0,0,64,0,0
7796607,000001FB,false,Rx,0,8,1C,9D,51,0,0,0,0,0
7796624,000001FC,false,Rx,0,8,0,0,0,0,0,0,0,0
7797931,000001FD,false,Rx,0,8,0,1A,3,0,0,0,0,0
7797964,000001FE,false,Rx,0,8,0,0,0,0,0,0,0,0
7806592,0000010B,false,Rx,0,8,C8,3F,3B,0,0,0,0,5
7806634,0000010C,false,Rx,0,8,FF,F9,E7,1F,46,44,46,46
7806652,0000010D,false,Rx,0,8,10,3,0,0,0,0,1,35
7806669,0000010E,false,Rx,0,8,0,0,0A,0,0,C0,AB,57
7807629,000002C1,false,Rx,0,8,D1,67,AA,21,0,41,0,AA
7807662,000002C2,false,Rx,0,8,1F,0,0,0,0,0,0,0
7811535,000002C3,false,Rx,0,8,0,0,0,0,0,0,0,0
7812148,000002C4,false,Rx,0,8,0,0,0,0,0,0,0,0
7817590,000001AB,false,Rx,0,8,B3,A6,E5,50,70,38,0,0
7817629,000001AC,false,Rx,0,8,0,28,0,0,0,0,0,0
7818606,316,false,Rx,0,8,3E,18,97,34,14,80,0A,0
7818639,000003CB,false,Rx,0,8,36,14,0,F4,0,0,0,0
7818657,317,false,Rx,0,8,0,0,5,0,0,0,0,0
7818675,000003CC,false,Rx,0,8,36,31,34,30,33,34,31,0
7819570,472,false,Rx,0,8,5C,EC,0,40,8,41,0,45
7819591,473,false,Rx,0,8,5F,24,0,25,0,0,0,78
7819609,474,false,Rx,0,8,93,44,0,0,0,0,0,14
7821127,000002FF,false,Rx,0,8,E2,1,0,F1,3F,0,0,0
7822630,0000019B,false,Rx,0,8,FE,71,39,0,0,E4,0,0
7822669,0000019C,false,Rx,0,8,40,20,0,0,0,0,0B,9
7822687,0000019D,false,Rx,0,8,0,10,0,1,0,0,0,0
7823778,0000019E,false,Rx,0,8,15,0,0,0,0,32,0,0
7823813,419,false,Rx,0,8,2,20,8B,D6,79,86,90,0
7826691,000001E1,false,Rx,0,8,7F,EF,A3,2,0,0,0,0
7826726,000001E2,false,Rx,0,8,0,0,0,0,0,0,0,0
7826744,487,false,Rx,0,8,0,0,0,0,0,0,0,0
7826762,0000033B,false,Rx,0,8,3A,F1,53,0,0,0,0,0
7827611,642,false,Rx,0,8,FF,FF,FF,FF,FF,FF,0,0
7827644,0000033C,false,Rx,0,8,0,0,0,0,F0,0,0,0
7827681,0000033D,false,Rx,0,8,0,0,0,0,0,0,0,0
7827699,0000033E,false,Rx,0,8,0,0,0,0,0,0,0,0
7830571,652,false,Rx,0,8,0,0,0,3,0,0,0,0
7832101,121,false,Rx,0,8,D4,20,3C,0,0,0,0,5
7832135,122,false,Rx,0,8,FF,D9,67,1F,46,46,46,46
7832153,123,false,Rx,0,8,11,3,0,0,0,0,1,35
7832171,124,false,Rx,0,8,0,0,0A,0,0,0,20,40
7835730,401,false,Rx,0,8,A9,30,10,0,0,4,0,0
7835765,161,false,Rx,0,8,D0,ED,98,3,0,0,0,2
7835783,162,false,Rx,0,8,FF,FC,1,0,0,0,0,0
7836657,36,false,Rx,0,8,A6,32,3E,51,0,0,25,1
7836690,37,false,Rx,0,8,0,0,0,10,0,40,0,0
7836708,38,false,Rx,0,8,4,0,0,0,90,38,96,D4
7837573,000004E8,false,Rx,0,8,FF,FF,FF,5,FF,FF,FF,0
7837599,39,false,Rx,0,8,0,0,0,0,0,0,0,0
7838901,000002E6,false,Rx,0,8,34,44,50,1,0,0,0,15
7838937,256,false,Rx,0,8,6E,30,50,15,40,0,F0,0
7838955,000002E7,false,Rx,0,8,0A,0,0,0,0,0,0,0
7838973,257,false,Rx,0,8,0,93,41,18,86,7,0,93
7839001,000002E8,false,Rx,0,8,0,0,0,0,0,0,0,0
7840102,258,false,Rx,0,8,0B,7B,1E,0,10,15,0,28
7840137,61,false,Rx,0,8,AC,2B,44,0,0,0,0,0
7840155,259,false,Rx,0,8,4F,5,8A,3C,4C,2,0,0
7840173,62,false,Rx,0,8,2,2,0,2,40,FF,0,FF
7840607,000002E9,false,Rx,0,8,0,0,0,0,0,0,0,0
7840634,63,false,Rx,0,8,0,0,5,0,0,8,FD,0
7841575,64,false,Rx,0,8,0,0,0,4,FF,FA,0,0
7841602,000000A1,false,Rx,0,8,D3,AB,44,1A,0,0,0,0
7841619,91,false,Rx,0,8,44,39,51,0,0,0,0,0
7841637,92,false,Rx,0,8,0,0,0,0,0,0,0,0
7842730,93,false,Rx,0,8,0,0,0,0,0,0,0,0
7843142,94,false,Rx,0,8,0,0,0,0,0,0,0,0
7843170,000000A2,false,Rx,0,8,0,0,0,0,0,0,0,0
7843188,000000A3,false,Rx,0,8,0,40,1,0,0,0,0,0
7846113,0000011B,false,Rx,0,8,A6,D0,31,5,80,8,A8,2
7846151,0000012B,false,Rx,0,8,E1,2A,31,6,0,0,8,0
7846169,0000011C,false,Rx,0,8,0,5,20,0,22,0,1,1
7846186,0000012C,false,Rx,0,8,0,0,1,0,0,64,0,0
7850008,000002BF,false,Rx,0,8,FF,FF,FF,0,0,0,0,0
7850049,0000047F,false,Rx,0,8,FF,FF,FF,FF,FF,FF,F3,FF
7850067,652,false,Rx,0,8,0,0,0,1,0,0,0,0
7850085,653,false,Rx,0,8,0A,19,3,1,2,2A,0,0
7852027,146,false,Rx,0,8,4A,D2,95,10,4,1,0,0
7853147,147,false,Rx,0,8,0,4,7D,0,40,0,0,0
7853215,148,false,Rx,0,8,0,0,0,0,0,90,40,5
7853233,149,false,Rx,0,8,0,0,0,0,0,0,0,0
7855877,0000010B,false,Rx,0,8,69,40,40,0,0,0,0,5
7855916,0000010C,false,Rx,0,8,FF,F9,E7,1F,46,44,46,46
7857031,0000010D,false,Rx,0,8,10,3,0,0,0,0,1,35
7857473,000001B1,false,Rx,0,8,4F,4F,95,0,72,0,0,0
7857497,0000010E,false,Rx,0,8,0,0,0A,0,0,C0,AB,57
7857515,000001B2,false,Rx,0,8,23,0,4,0F,0F,7,52,10
7857533,000001B3,false,Rx,0,8,10,2C,0,0,87,91,96,90
7857630,000001B4,false,Rx,0,8,95,91,17,0,0,40,1,0
7860587,475,false,Rx,0,8,12,0,0,0,0,0,0,0
7860626,496,false,Rx,0,8,12,0,0,0,0,0,0,0
7863723,0000036F,false,Rx,0,8,EE,E1,1,0,0,0,0,0
7863761,419,false,Rx,0,8,2,20,8B,D6,79,86,90,0
7863779,0000037F,false,Rx,0,8,EC,80,52,24,41,2,0,0
7864617,111,false,Rx,0,8,CC,AD,9E,1,0,0,0,0
7864670,112,false,Rx,0,8,0,0,0,0,0,0,0,0
7864688,113,false,Rx,0,8,0,0,0,0,0,0,0,0
7865575,114,false,Rx,0,8,0,0,0,0,0,0,0,0
7865599,000001A1,false,Rx,0,8,FC,6B,99,FE,F7,7F,64,0
7865617,000001A2,false,Rx,0,8,0,0,0,0,0,8,0,0
7867010,000001A3,false,Rx,0,8,FF,F3,3F,0,0,0,0,0
7867045,000001A4,false,Rx,0,8,FE,7,0,0,0,0,0,0
7867415,000004A3,false,Rx,0,8,80,0,48,0B,3E,0,0,0
7867440,000004A4,false,Rx,0,8,FF,FF,FF,0,0,0,0,0
7872605,0000019B,false,Rx,0,8,0D,EF,3E,0,0,E4,0,0
7872644,0000019C,false,Rx,0,8,40,20,0,0,0,0,0B,9
7872662,0000019D,false,Rx,0,8,0,10,0,1,0,0,0,0
7873600,0000019E,false,Rx,0,8,15,0,0,0,0,32,0,0
7874910,566,false,Rx,0,8,16,2,0,0,0,0,FF,FF
7876314,0000030B,false,Rx,0,8,E9,99,53,0,4,0,0,0
7876348,0000030C,false,Rx,0,8,0,0,0E,0,2C,0,A0,0F
7876762,0000030D,false,Rx,0,8,0,0,0,0,49,0,0,0
7876788,000004E8,false,Rx,0,8,FF,FF,FF,5,FF,FF,FF,0
7877812,0000030E,false,Rx,0,8,0,0,38,5,21,0,0,1A
7881602,121,false,Rx,0,8,C0,98,41,0,0,0,0,5
7881641,122,false,Rx,0,8,FF,D9,67,1F,46,46,46,46
7881661,123,false,Rx,0,8,11,3,0,0,0,0,1,35
7882599,124,false,Rx,0,8,0,0,0A,0,0,0,20,40
7883619,405,false,Rx,0,8,BD,30,0,0,0,1,0,0
7883654,413,false,Rx,0,8,6F,30,0,0,0,0,0,0
7883673,410,false,Rx,0,8,4B,80,59,3C,16,6B,FF,FF
7885418,414,false,Rx,0,8,F0,10,0,0,28,0,0,0
7885453,411,false,Rx,0,8,A8,1,50,50,0,0,44,4
7885471,416,false,Rx,0,8,55,0,0,0,0,0,0,0
7885488,412,false,Rx,0,8,6D,60,0,0,0,0,0,0
7885506,417,false,Rx,0,8,5F,20,0,0,0,0,0,0
7885524,418,false,Rx,0,8,19,70,0,0,12,0C,0,0
7886152,36,false,Rx,0,8,B2,8A,43,51,0,0,25,1
7886693,37,false,Rx,0,8,0,0,0,10,0,40,0,0
7886723,38,false,Rx,0,8,4,0,0,0,90,38,96,D4
7887967,39,false,Rx,0,8,0,0,0,0,0,0,0,0
7889299,652,false,Rx,0,8,0,0,0,1,0,0,0,0
7889334,61,false,Rx,0,8,A1,ED,49,0,0,0,0,0
7889565,62,false,Rx,0,8,2,2,0,2,40,FF,0,FF
7890993,63,false,Rx,0,8,0,0,5,0,0,8,FD,0
7891028,64,false,Rx,0,8,0,0,0,4,FF,FA,0,0
7891046,000000A1,false,Rx,0,8,E5,E8,49,1A,0,0,0,0
7891064,000000A2,false,Rx,0,8,0,0,0,0,0,0,0,0
7891081,000000A3,false,Rx,0,8,0,40,1,0,0,0,0,0
7894887,151,false,Rx,0,8,3A,30,53,A0,C8,0,28,19
7895591,000001F6,false,Rx,0,8,9,13,53,0,0,0,0,0E
7895944,152,false,Rx,0,8,16,18,18,0,0B,0,0,0
7895989,0000011B,false,Rx,0,8,39,B8,36,5,80,8,A8,2
7897099,153,false,Rx,0,8,0,0,0,0,0,0,0,0
7897129,0000011C,false,Rx,0,8,0,5,20,0,22,0,1,1
7897146,0000012B,false,Rx,0,8,7E,42,36,6,0,0,8,0
7897164,000001F7,false,Rx,0,8,0B,0,0,0,0,0,0,0
7897182,0000012C,false,Rx,0,8,0,0,1,0,0,64,0,0
7897211,154,false,Rx,0,8,0,0,0,0,0,0,0,0
7898297,000001F9,false,Rx,0,8,0,0,A0,C8,14,0,0,0
7898332,000002FB,false,Rx,0,8,66,19,53,4,5F,1A,CC,CC
7898350,236,false,Rx,0,8,98,EE,53,0,6E,3C,34,6C
7898368,000002FC,false,Rx,0,8,3,0,16,19,0,0,8E,BF
7898564,237,false,Rx,0,8,0,15,BA,0,0,AA,1E,0
7900085,000002FD,false,Rx,0,8,0,0,0,0,0,1C,0E,EA
7900136,000001E6,false,Rx,0,8,9F,A3,A3,2,0,0,0,0
7900154,238,false,Rx,0,8,0,0,5F,0,0,0,0,0
7901497,000001E7,false,Rx,0,8,0,0,22,3,20,1,0,0
7901629,239,false,Rx,0,8,0,0,0,0,1,0,0,0
7901653,000001BB,false,Rx,0,8,95,6C,A3,2,0,0,0,0A
7901671,000001BC,false,Rx,0,8,32,0,0,0,2,0,0,0
7901689,0000025C,false,Rx,0,8,0,0,0B,0,34,89,19,0
7901706,000001BD,false,Rx,0,8,0,0,0,0,0,0,0,0
7903102,328,false,Rx,0,8,0,0,0,0,0,0,0,0
7903573,419,false,Rx,0,8,2,20,8B,D6,79,86,90,0
7903604,332,false,Rx,0,8,94,2,0,0,0,0,0,0
7905141,333,false,Rx,0,8,0,0,0,1C,0C,40,20,A0
7905173,334,false,Rx,0,8,C8,0,0,0,AC,70,1D,90
7906843,0000010B,false,Rx,0,8,16,6C,45,0,0,0,0,5
7906880,0000010C,false,Rx,0,8,FF,F9,E7,1F,46,44,46,46
7906898,0000010D,false,Rx,0,8,10,3,0,0,0,0,1,35
7906916,0000010E,false,Rx,0,8,0,0,0A,0,0,C0,AB,57
7906933,000002AB,false,Rx,0,8,C8,14,54,0C,0C,0,0,0
7908284,000002AC,false,Rx,0,8,0,FF,FF,0,0,40,0,50
7908319,000002AD,false,Rx,0,8,0,1,0,40,FF,FF,FF,0F
7908337,000002AE,false,Rx,0,8,1,0,FF,3F,1,1,0,0
7908355,000002B6,false,Rx,0,8,BA,65,54,1,0,0,0,40
7908550,251,false,Rx,0,8,6F,51,53,0,0,0,0,0
7908573,000002B7,false,Rx,0,8,8,2,F0,0,0,4,0,0
7910149,252,false,Rx,0,8,0,0,0,0,3,0,0,0
7910184,000002B8,false,Rx,0,8,AA,11,11,0,0,0,0,0
7910202,253,false,Rx,0,8,0,0,0,51,51,0,80,44
7910220,000002B9,false,Rx,0,8,0A,0,0,0,0,0,0,0
7910237,396,false,Rx,0,8,0F,7E,A9,0F,8,1,0,2
7910702,000002E2,false,Rx,0,8,FD,0,0,0,0,14,0,4
7910726,398,false,Rx,0,8,0,0,0,0,0,0,0,0
7911949,000002E3,false,Rx,0,8,0,0,0,0,0,0,72,1
7911983,000002E4,false,Rx,0,8,2,0,0,0,0,0,0,0
7917587,000001AB,false,Rx,0,8,A9,DF,EA,50,70,38,0,0
7917621,226,false,Rx,0,8,3C,E7,2F,FF,43,E1,5,42
7918569,000001AC,false,Rx,0,8,0,28,0,0,0,0,0,0
7918588,227,false,Rx,0,8,2,70,E1,8,0,F2,17,4
7918605,383,false,Rx,0,8,12,ED,1,0,2,0,0,0
7919566,000004E8,false,Rx,0,8,FF,FF,FF,5,FF,FF,FF,0
7919588,000003A1,false,Rx,0,8,10,38,BA,0,FF,FF,FF,FF
7919605,000003A2,false,Rx,0,8,0,0,0,0,0,0,0,0
7922496,0000019B,false,Rx,0,8,19,57,43,0,0,E4,0,0
7924406,0000019C,false,Rx,0,8,40,20,0,0,0,0,0B,9
7924431,0000019D,false,Rx,0,8,0,10,0,1,0,0,0,0
7924654,0000019E,false,Rx,0,8,15,0,0,0,0,32,0,0
7924674,000002D6,false,Rx,0,8,51,0,A9,0,0,0,0,0
7924691,000002EB,false,Rx,0,8,68,7A,A9,9,8,1,0,2
7924709,000002ED,false,Rx,0,8,0,0,0,0,0,0,0,0
7925572,000002D9,false,Rx,0,8,0,0,0,0,0,0,0,0
7925594,000002EE,false,Rx,0,8,0,0,0,0,0,0,0,0
7927567,356,false,Rx,0,8,57,A2,AA,0,0,0,0,0
7927589,357,false,Rx,0,8,0,0,0,0,0,4B,4D,48
7928568,358,false,Rx,0,8,35,41,45,4D,52,37,33,4F
7928590,359,false,Rx,0,8,51,4F,34,52,4A,35,33,0
7929566,652,false,Rx,0,8,0,0,0,1,0,0,0,0
7931560,121,false,Rx,0,8,33,6,46,0,0,0,0,5
7931579,122,false,Rx,0,8,FF,D9,67,1F,46,46,46,46
7931596,123,false,Rx,0,8,11,3,0,0,0,0,1,35
7932568,124,false,Rx,0,8,0,0,0A,0,0,0,20,40
7934560,000000FF,false,Rx,0,8,CB,10,0,0,0,0,2,0
7935571,394,false,Rx,0,8,2A,22,1A,49,0,0,0,0
7935594,000003C3,false,Rx,0,8,45,10,31,30,36,0,0,0
7935613,000003E0,false,Rx,0,8,66,20,1,0,54,3,0,0
7937398,161,false,Rx,0,8,26,C5,9D,3,0,0,0,2
7937432,162,false,Rx,0,8,FF,FC,1,0,0,0,0,0
7937676,36,false,Rx,0,8,0A,8B,48,51,0,0,25,1
7937695,37,false,Rx,0,8,0,0,0,10,0,40,0,0
7937713,38,false,Rx,0,8,4,0,0,0,90,38,96,D4
7938568,384,false,Rx,0,8,E9,DC,2,0,0,FF,0,21
7938589,000003E5,false,Rx,0,8,37,80,1,0,0,0,0,0
7938607,000000C5,false,Rx,0,8,0,0,0,0,0,0,0,0
7939567,000003E6,false,Rx,0,8,67,90,0,0,0,0,0,0
7939588,244,false,Rx,0,8,FF,FF,FF,FF,FF,FF,FF,FF
7939605,000003B6,false,Rx,0,8,72,61,A8,0,0,0,0,46
7939623,61,false,Rx,0,8,52,73,4E,0,0,0,0,0
7940569,000003B7,false,Rx,0,8,46,0,0,0,0,0,0,0
7940590,62,false,Rx,0,8,2,2,0,2,40,FF,0,FF
7940607,000003B8,false,Rx,0,8,0D,3,0,0,0,0,69,0E
7940625,63,false,Rx,0,8,0,0,5,0,0,8,FD,0
7941567,000003B9,false,Rx,0,8,0,0,0,0,0,0,0,0
7941588,64,false,Rx,0,8,0,0,0,4,FF,FA,0,0
7941606,0000041A,false,Rx,0,8,8D,D0,12,0,0,0,0,0
7941623,91,false,Rx,0,8,8E,D2,52,0,0,0,0,0
7942834,0000041B,false,Rx,0,8,70,D0,0,0,0,0,0,0
7942868,92,false,Rx,0,8,0,0,0,0,0,0,0,0
7943172,000004B4,false,Rx,0,8,0,0,0,0,0,0,0,0
7943194,93,false,Rx,0,8,0,0,0,0,0,0,0,0
7943211,0000041C,false,Rx,0,8,48,0,E0,0,0,0,0,0
7943229,94,false,Rx,0,8,0,0,0,0,0,0,0,0
7943246,422,false,Rx,0,8,9D,70,1,0,0,0,4,0
7943572,000000A1,false,Rx,0,8,EC,6D,4E,1A,0,0,0,0
7944571,000004B5,false,Rx,0,8,8,0,F0,7,0,0,0,0
7944592,000000A2,false,Rx,0,8,0,0,0,0,0,0,0,0
7944619,000001F1,false,Rx,0,8,84,F5,76,1,0,0,28,0
7944636,000000A3,false,Rx,0,8,0,40,1,0,0,0,0,0
7944654,000001F2,false,Rx,0,8,0,0,0,0,0,0,0,0
7945650,432,false,Rx,0,8,3,20,2,0,0,0,0,0
7945686,000004B7,false,Rx,0,8,8,0,F0,7,0,0,0,0
7945704,000004CA,false,Rx,0,8,0,0,0,0,0,0,0,0
7945722,0000011B,false,Rx,0,8,4A,81,3B,5,80,8,A8,2
7948047,0000012B,false,Rx,0,8,0D,7B,3B,6,0,0,8,0
7948082,0000011C,false,Rx,0,8,0,5,20,0,22,0,1,1
7948100,0000012C,false,Rx,0,8,0,0,1,0,0,64,0,0
7948460,435,false,Rx,0,8,26,C0,0,40,0,0,0,0
7948486,000004CC,false,Rx,0,8,8,0,0,6,0,0,3,0
7948518,445,false,Rx,0,8,C6,C0,0,0,0,0,0,18
7948536,000004D8,false,Rx,0,8,41,10,F0,F0,40,F2,1E,CC
7948680,464,false,Rx,0,8,D5,20,F0,FF,38,7F,5,0
7950685,000004DD,false,Rx,0,8,0,0,FE,0,4,0,0,0
7950720,652,false,Rx,0,8,0,0,0,3,0,0,0,0
7950738,000004DF,false,Rx,0,8,FF,3,0C,3F,0,0,0,0
7950756,000004E7,false,Rx,0,8,0,30,0,0,0,0,69,0
7951008,000004E8,false,Rx,0,8,FF,FF,FF,5,FF,FF,FF,0
7951028,000004EC,false,Rx,0,8,0,0,0,0,0,0,0,0
7951581,146,false,Rx,0,8,CB,A6,9A,10,4,1,0,0
7951603,000004ED,false,Rx,0,8,0,0,0,0,0,FF,FF,1F
7951621,147,false,Rx,0,8,0,4,7D,0,40,0,0,0
7952573,000004EE,false,Rx,0,8,FF,FF,0,0,0,0,0,0
7952593,148,false,Rx,0,8,0,0,0,0,0,90,40,5
7952610,000004EF,false,Rx,0,8,60,0,60,0,29,14,0,0
7952628,149,false,Rx,0,8,0,0,0,0,0,0,0,0
7953572,000004F0,false,Rx,0,8,4A,10,33,0,58,1A,18,2
7953600,000004F1,false,Rx,0,8,0,C0,0,0,0,0,0,0
7953617,000004F2,false,Rx,0,8,2,FF,DD,FF,3,1,0,0
7953635,000004F3,false,Rx,0,8,0,0,0,0,F0,0,0,0
7954566,000003AA,false,Rx,0,8,FF,0,B0,0,54,0,0,0
7954593,495,false,Rx,0,8,49,0,0,0,0,0,0,0
7954610,000004F9,false,Rx,0,8,E0,FF,FF,FF,FF,FF,FF,FF
7954628,000004FE,false,Rx,0,8,69,23,0,3,CF,0,48,A8
7955575,0000063D,false,Rx,0,8,0,80,0,0,0,0,0,0
7955597,0000063E,false,Rx,0,8,FF,FF,FF,FF,FF,FF,FF,FF
7955614,0000063F,false,Rx,0,8,0,10,0,C4,FF,0,0,0
7956574,0000010B,false,Rx,0,8,97,18,4A,0,0,0,0,5
7956603,640,false,Rx,0,8,FF,FF,FF,0,FF,FF,FF,0
7956621,0000010C,false,Rx,0,8,FF,F9,E7,1F,46,44,46,46
7956640,000001B1,false,Rx,0,8,CE,3B,9A,0,72,0,0,0
7956657,0000010D,false,Rx,0,8,10,3,0,0,0,0,1,35
7957575,000001B2,false,Rx,0,8,23,0,4,0F,0F,7,52,10
7957596,0000010E,false,Rx,0,8,0,0,0A,0,0,C0,AB,57
7957614,000001B3,false,Rx,0,8,10,2C,0,0,87,91,96,90
7957632,641,false,Rx,0,8,FF,FF,FF,FF,0F,FF,FF,FF
7958569,000001B4,false,Rx,0,8,95,91,17,0,0,40,1,0
7958590,646,false,Rx,0,8,0,0,0,80,1,0,0,0
7963314,380,false,Rx,0,8,AD,D7,FF,0,0,0,0,1
7963347,0000036F,false,Rx,0,8,FE,1,1,0,0,0,0,0
7963607,0000037F,false,Rx,0,8,55,90,52,24,41,2,0,0
7966662,000001A1,false,Rx,0,8,0F,F5,9E,FE,F7,7F,64,0
7966696,000001A2,false,Rx,0,8,0,0,0,0,0,8,0,0
7966714,000001A3,false,Rx,0,8,FF,F3,3F,0,0,0,0,0
7966732,000003B0,false,Rx,0,8,72,37,FF,C7,0,0,3,C0
7966750,000001A4,false,Rx,0,8,FE,7,0,0,0,0,0,0
7968585,000003B1,false,Rx,0,8,9B,3C,FF,40,0,0,20,0
7969751,652,false,Rx,0,8,0,0,0,0,0,0,0,0
7970004,448,false,Rx,0,8,0,C0,0,0,0,0,0,0
7972570,0000019B,false,Rx,0,8,A1,56,48,0,0,E4,0,0
7972592,0000019C,false,Rx,0,8,40,20,0,0,0,0,0B,9
7972610,0000019D,false,Rx,0,8,0,10,0,1,0,0,0,0
7973668,0000019E,false,Rx,0,8,15,0,0,0,0,32,0,0
7973701,516,false,Rx,0,8,61,2,0,0,0,0,FF,FF
7976000,000001E1,false,Rx,0,8,89,C7,A6,2,0,0,0,0
7976033,000001E2,false,Rx,0,8,0,0,0,0,0,0,0,0
7978147,000003B2,false,Rx,0,8,36,15,FF,2,29,2F,34,0
7981564,121,false,Rx,0,8,3E,C0,4B,0,0,0,0,5
7981584,122,false,Rx,0,8,FF,D9,67,1F,46,46,46,46
7981604,123,false,Rx,0,8,11,3,0,0,0,0,1,35
7982562,124,false,Rx,0,8,0,0,0A,0,0,0,20,40
7982586,427,false,Rx,0,8,1D,86,FF,0,80,0A,0,0
7983562,419,false,Rx,0,8,69,30,8B,D6,75,86,90,0
7986564,36,false,Rx,0,8,75,A7,4D,51,0,0,25,1
7986587,37,false,Rx,0,8,0,0,0,10,0,40,0,0
7986605,38,false,Rx,0,8,4,0,0,0,90,38,96,D4
7987562,39,false,Rx,0,8,0,0,0,0,0,0,0,0
7991137,61,false,Rx,0,8,9A,71,53,0,0,0,0,0
7991172,62,false,Rx,0,8,2,2,0,2,40,FF,0,FF
7991190,63,false,Rx,0,8,0,0,5,0,0,8,FD,0
7991208,64,false,Rx,0,8,0,0,0,4,FF,FA,0,0
7991226,000000A1,false,Rx,0,8,89,6E,53,1A,0,0,0,0
7992600,0000042A,false,Rx,0,8,F4,DE,FF,1,0,10,0,0
7995561,0000011B,false,Rx,0,8,B4,91,40,5,80,8,A8,2
7995587,0000012B,false,Rx,0,8,F3,6B,40,6,0,0,8,0
7996569,0000011C,false,Rx,0,8,0,5,20,0,22,0,1,1
7996590,0000012C,false,Rx,0,8,0,0,1,0,0,64,0,0
7996607,000001FB,false,Rx,0,8,90,2F,53,0,0,0,0,0
7997956,000001FC,false,Rx,0,8,0,0,0,0,0,0,0,0
7997991,000001FD,false,Rx,0,8,0,1A,3,0,0,0,0,0
7998010,000001FE,false,Rx,0,8,0,0,0,0,0,0,0,0
8006586,0000010B,false,Rx,0,8,E8,34,4F,0,0,0,0,5
8006621,0000010C,false,Rx,0,8,FF,F9,E7,1F,46,44,46,46
8006639,0000010D,false,Rx,0,8,10,3,0,0,0,0,1,35
8006657,0000010E,false,Rx,0,8,0,0,0A,0,0,C0,AB,57
8007565,000002C1,false,Rx,0,8,97,3E,AB,21,0,41,0,AA
8007587,000002C2,false,Rx,0,8,1F,0,0,0,0,0,0,0
8008565,000002C3,false,Rx,0,8,0,0,0,0,0,0,0,0
8008588,000002C4,false,Rx,0,8,0,0,0,0,0,0,0,0
8009565,652,false,Rx,0,8,0,0,0,0,0,0,0,0
8018159,000001AB,false,Rx,0,8,5F,F7,EF,50,70,38,0,0
8018194,000002FF,false,Rx,0,8,E2,1,0,F1,3F,0,0,0
8018448,000001AC,false,Rx,0,8,0,28,0,0,0,0,0,0
8018467,316,false,Rx,0,8,24,61,98,34,14,80,0A,0
8018498,472,false,Rx,0,8,5C,EC,0,40,8,41,0,45
8018518,317,false,Rx,0,8,0,0,5,0,0,0,0,0
8019618,473,false,Rx,0,8,5F,24,0,25,0,0,0,78
8020821,474,false,Rx,0,8,93,44,0,0,0,0,0,14
8022563,0000019B,false,Rx,0,8,DE,7A,4D,0,0,E4,0,0
8022586,0000019C,false,Rx,0,8,40,20,0,0,0,0,0B,9
8022603,0000019D,false,Rx,0,8,0,10,0,1,0,0,0,0
8023565,0000019E,false,Rx,0,8,15,0,0,0,0,32,0,0
8023590,419,false,Rx,0,8,69,30,8B,D6,75,86,90,0
8027587,0000033B,false,Rx,0,8,8F,36,55,0,0,0,0,0
8027621,0000033C,false,Rx,0,8,0,0,0,0,F0,0,0,0
8027641,0000033D,false,Rx,0,8,0,0,0,0,0,0,0,0
8027659,0000033E,false,Rx,0,8,0,0,0,0,0,0,0,0
8029586,487,false,Rx,0,8,0,0,0,0,0,0,0,0
8030567,642,false,Rx,0,8,FF,FF,FF,FF,FF,FF,0,0
8030591,645,false,Rx,0,8,C7,35,6,79,E0,32,56,0
8031564,121,false,Rx,0,8,43,5,50,0,0,0,0,5
8031589,122,false,Rx,0,8,FF,D9,67,1F,46,46,46,46
8031607,123,false,Rx,0,8,11,3,0,0,0,0,1,35
8032563,124,false,Rx,0,8,0,0,0A,0,0,0,20,40
8034663,401,false,Rx,0,8,A9,30,10,0,0,4,0,0
8036257,161,false,Rx,0,8,22,D9,A2,3,0,0,0,2
8036276,162,false,Rx,0,8,FF,FC,1,0,0,0,0,0
8036294,36,false,Rx,0,8,31,17,52,51,0,0,25,1
8036311,37,false,Rx,0,8,0,0,0,10,0,40,0,0
8036897,38,false,Rx,0,8,4,0,0,0,90,38,96,D4
8036929,39,false,Rx,0,8,0,0,0,0,0,0,0,0
8039416,000002E6,false,Rx,0,8,B8,F6,52,1,0,0,0,15
8039470,256,false,Rx,0,8,9D,2B,52,15,40,0,E0,0
8039488,000002E7,false,Rx,0,8,0A,0,0,0,0,0,0,0
8039506,257,false,Rx,0,8,0,93,41,17,86,7,0,93
8039524,000002E8,false,Rx,0,8,0,0,0,0,0,0,0,0
8039727,61,false,Rx,0,8,22,70,58,0,0,0,0,0
8039744,259,false,Rx,0,8,4A,5,8A,3C,4C,2,0,0
8040601,62,false,Rx,0,8,2,2,0,2,40,FF,0,FF
8040631,000002E9,false,Rx,0,8,0,0,0,0,0,0,0,0
8040650,63,false,Rx,0,8,0,0,5,0,0,8,FD,0
8041571,64,false,Rx,0,8,0,0,0,4,FF,FA,0,0
8041592,000000A1,false,Rx,0,8,B5,9F,58,1A,0,0,0,0
8041610,91,false,Rx,0,8,C8,8B,53,0,0,0,0,0
8041628,92,false,Rx,0,8,0,0,0,0,0,0,0,0
8042787,93,false,Rx,0,8,0,0,0,0,0,0,0,0
8042822,94,false,Rx,0,8,0,0,0,0,0,0,0,0
8042840,000000A2,false,Rx,0,8,0,0,0,0,0,0,0,0
8042858,000000A3,false,Rx,0,8,0,40,1,0,0,0,0,0
8045659,0000011B,false,Rx,0,8,42,B9,45,5,80,8,A8,2
8045695,0000012B,false,Rx,0,8,5,43,45,6,0,0,8,0
8046585,0000011C,false,Rx,0,8,0,5,20,0,22,0,1,1
8046612,0000012C,false,Rx,0,8,0,0,1,0,0,64,0,0
8049566,000001E6,false,Rx,0,8,69,8B,A6,2,0,0,0,0
8049589,000002BF,false,Rx,0,8,FF,FF,FF,0,0,0,0,0
8049607,000001BB,false,Rx,0,8,9A,87,A6,2,0,0,0,0A
8049624,0000047F,false,Rx,0,8,FF,FF,FF,FF,FF,FF,F3,FF
8050568,000001BC,false,Rx,0,8,32,0,0,0,2,0,0,0
8050590,652,false,Rx,0,8,0,0,0,0,0,0,0,0
8050607,000001BD,false,Rx,0,8,0,0,0,0,0,0,0,0
8050625,653,false,Rx,0,8,0A,19,3,1,2,2A,0,0
8051575,000001E7,false,Rx,0,8,0,0,22,3,20,1,0,0
8051597,146,false,Rx,0,8,B4,8A,9F,10,4,1,0,0
8051614,147,false,Rx,0,8,0,4,7D,0,40,0,0,0
8051632,148,false,Rx,0,8,0,0,0,0,0,90,40,5
8052852,149,false,Rx,0,8,0,0,0,0,0,0,0,0
8056663,0000010B,false,Rx,0,8,63,24,54,0,0,0,0,5
8056700,0000010C,false,Rx,0,8,FF,F9,E7,1F,46,45,46,46
8056718,0000010D,false,Rx,0,8,10,3,0,0,0,0,1,35
8056736,000001B1,false,Rx,0,8,B1,17,9F,0,72,0,0,0
8056754,0000010E,false,Rx,0,8,0,0,0A,0,0,C0,AB,57
8057633,000001B2,false,Rx,0,8,23,0,4,0F,0F,7,52,10
8057665,000001B3,false,Rx,0,8,10,2C,0,0,87,91,96,90
8057683,000001B4,false,Rx,0,8,95,91,17,0,0,40,1,0
8060990,475,false,Rx,0,8,12,0,0,0,0,0,0,0
8061026,496,false,Rx,0,8,12,0,0,0,0,0,0,0
8063803,0000036F,false,Rx,0,8,47,11,1,0,0,0,0,0
8063844,419,false,Rx,0,8,69,30,8B,D6,75,86,90,0
8063862,0000037F,false,Rx,0,8,83,A0,52,24,41,2,0,0
8064808,111,false,Rx,0,8,8A,F4,9F,1,0,0,0,0
8064841,112,false,Rx,0,8,0,0,0,0,0,0,0,0
8064859,113,false,Rx,0,8,0,0,0,0,0,0,0,0
8064893,114,false,Rx,0,8,0,0,0,0,0,0,0,0
8065944,000001A1,false,Rx,0,8,6C,6E,A3,FE,F7,7F,64,0
8065979,000001A2,false,Rx,0,8,0,0,0,0,0,8,0,0
8065998,000001A3,false,Rx,0,8,FF,F3,3F,0,0,0,0,0
8066417,000001A4,false,Rx,0,8,FE,7,0,0,0,0,0,0
8069589,000004A3,false,Rx,0,8,80,0,48,0B,3E,0,0,0
8070589,000004A4,false,Rx,0,8,FF,FF,FF,0,0,0,0,0
8072811,0000019B,false,Rx,0,8,9A,CA,52,0,0,E4,0,0
8072847,0000019C,false,Rx,0,8,40,20,0,0,0,0,0B,9
8072866,561,false,Rx,0,8,63,2,0,0,0,0,FF,FF
8073236,0000019D,false,Rx,0,8,0,10,0,1,0,0,0,0
8073265,0000019E,false,Rx,0,8,15,0,0,0,0,32,0,0
8076645,0000030B,false,Rx,0,8,5C,5E,55,0,4,0,0,0
8076680,0000030C,false,Rx,0,8,0,0,0E,0,2C,0,A0,0F
8076699,0000030D,false,Rx,0,8,0,0,0,0,49,0,0,0
8078770,0000030E,false,Rx,0,8,0,0,38,5,21,0,0,1A
8081479,121,false,Rx,0,8,3C,29,55,0,0,0,0,5
8081514,122,false,Rx,0,8,FF,D9,67,1F,46,46,46,46
8081532,123,false,Rx,0,8,11,3,0,0,0,0,1,35
8082511,124,false,Rx,0,8,0,0,0A,0,0,0,20,40
8086052,405,false,Rx,0,8,BD,30,0,0,0,1,0,0
8086092,413,false,Rx,0,8,6F,30,0,0,0,0,0,0
8086110,410,false,Rx,0,8,4B,80,59,3C,16,6B,FF,FF
8086128,414,false,Rx,0,8,F0,10,0,0,28,0,0,0
8086146,411,false,Rx,0,8,A8,1,50,50,0,0,44,4
8086163,36,false,Rx,0,8,4E,3B,57,51,0,0,25,1
8087718,37,false,Rx,0,8,0,0,0,10,0,40,0,0
8087792,38,false,Rx,0,8,4,0,0,0,90,38,96,D4
8087811,39,false,Rx,0,8,0,0,0,0,0,0,0,0
8089399,419,false,Rx,0,8,69,30,8B,D6,75,86,90,0
8089433,61,false,Rx,0,8,5D,5C,5D,0,0,0,0,0
8090716,62,false,Rx,0,8,2,2,0,2,40,FF,0,FF
8090750,63,false,Rx,0,8,0,0,5,0,0,8,FD,0
8090768,64,false,Rx,0,8,0,0,0,4,FF,FA,0,0
8093358,000000A1,false,Rx,0,8,BA,74,5D,1A,0,0,0,0
8093420,000000A2,false,Rx,0,8,0,0,0,0,0,0,0,0
8093438,000000A3,false,Rx,0,8,0,40,1,0,0,0,0,0
8095856,000001F1,false,Rx,0,8,9E,8C,79,1,0,0,28,0
8095891,000001F2,false,Rx,0,8,0,0,0,0,0,0,0,0
8095909,151,false,Rx,0,8,8F,F7,55,A0,C8,0,28,19
8095926,152,false,Rx,0,8,16,18,18,0,0B,0,0,0
8095944,000001F6,false,Rx,0,8,BC,D4,55,0,0,0,0,0E
8095962,0000012B,false,Rx,0,8,1F,3A,4A,6,0,0,8,0
8096558,0000011C,false,Rx,0,8,0,5,20,0,22,0,1,1
8096584,0000012C,false,Rx,0,8,0,0,1,0,0,64,0,0
8096601,000001F7,false,Rx,0,8,0B,0,0,0,0,0,0,0
8097580,154,false,Rx,0,8,0,0,0,0,0,0,0,0
8097603,000001F8,false,Rx,0,8,0,0,0,0,0,0,0,0
8097620,000002FB,false,Rx,0,8,D3,DE,55,4,5F,1A,CC,CC
8097638,000001F9,false,Rx,0,8,0,0,A0,C8,14,0,0,0
8099018,000002FC,false,Rx,0,8,3,0,16,19,0,0,8E,BF
8099052,236,false,Rx,0,8,2D,29,55,0,6E,3C,34,6C
8099070,000002FD,false,Rx,0,8,0,0,0,0,0,1C,0E,EA
8099438,237,false,Rx,0,8,0,15,BA,0,0,AA,1E,0
8100737,000002FE,false,Rx,0,8,0,0,72,1,0,28,0,0
8100785,238,false,Rx,0,8,0,0,5F,0,0,0,0,0
8101958,326,false,Rx,0,8,46,8A,55,0,0,0,0,0
8101991,239,false,Rx,0,8,0,0,0,0,1,0,0,0
8102009,327,false,Rx,0,8,0,0,0,0,5,0,0,0
8102027,0000025B,false,Rx,0,8,DE,81,55,40,40,20,0,0
8102045,0000025D,false,Rx,0,8,0,C8,0,0,0,80,C0,70
8102062,382,false,Rx,0,8,F1,7A,1,0,0,1,8,0
8103711,333,false,Rx,0,8,0,0,0,1C,0C,40,20,A0
8103746,415,false,Rx,0,8,40,13,10,0,8,1,0,0
8103764,334,false,Rx,0,8,C8,0,0,0,AC,70,1D,90
8106040,0000010B,false,Rx,0,8,98,37,59,0,0,0,0,5
8106190,0000010C,false,Rx,0,8,FF,F9,E7,1F,46,44,46,46
8106586,0000010D,false,Rx,0,8,10,3,0,0,0,0,1,35
8106609,0000010E,false,Rx,0,8,0,0,0A,0,0,C0,AB,57
8107574,000002AB,false,Rx,0,8,44,A6,56,0C,0C,0,0,0
8107596,000002AC,false,Rx,0,8,0,FF,FF,0,0,40,0,50
8107613,000002AD,false,Rx,0,8,0,1,0,40,FF,FF,FF,0F
8107631,000002AE,false,Rx,0,8,1,0,FF,3F,1,1,0,0
8109835,000002B6,false,Rx,0,8,36,D7,56,1,0,0,0,40
8110319,251,false,Rx,0,8,65,E3,55,0,0,0,0,0
8110352,000002B7,false,Rx,0,8,8,2,F0,0,0,4,0,0
8110370,252,false,Rx,0,8,0,0,0,0,3,0,0,0
8111444,000002B8,false,Rx,0,8,AA,11,11,0,0,0,0,0
8111468,253,false,Rx,0,8,0,0,0,51,51,0,80,44
8111486,397,false,Rx,0,8,1D,0,0,0,0,0,0,0
8111504,398,false,Rx,0,8,0,0,0,0,0,0,0,0
8111521,000002E3,false,Rx,0,8,0,0,0,0,0,0,72,1
8117592,000001AB,false,Rx,0,8,9D,2D,F4,50,70,38,0,0
8117630,226,false,Rx,0,8,8,15,31,FF,43,E1,5,42
8118601,000001AC,false,Rx,0,8,0,28,0,0,0,0,0,0
8118633,227,false,Rx,0,8,2,70,E1,8,0,F2,17,4
8118651,383,false,Rx,0,8,12,ED,1,0,2,0,0,0
8119685,000003A1,false,Rx,0,8,34,90,BB,0,FF,FF,FF,FF
8120892,000003A2,false,Rx,0,8,0,0,0,0,0,0,0,0
8122382,0000019B,false,Rx,0,8,E5,E6,57,0,0,E4,0,0
8122417,0000019C,false,Rx,0,8,40,20,0,0,0,0,0B,9
8122604,0000019D,false,Rx,0,8,0,10,0,1,0,0,0,0
8123589,0000019E,false,Rx,0,8,15,0,0,0,0,32,0,0
8123617,000002D6,false,Rx,0,8,9B,EB,AA,0,0,0,0,0
8123635,000002EB,false,Rx,0,8,F8,13,AA,0A,8,1,0,2
8125074,000002D7,false,Rx,0,8,0,0,0,0,3,0,0,0
8125107,000002EC,false,Rx,0,8,0A,0,0,0,0,0,0,0
8125125,000002D8,false,Rx,0,8,0,0,0,0,0,0,38,45
8125143,000002ED,false,Rx,0,8,0,0,0,0,0,0,0,0
8125161,000002D9,false,Rx,0,8,0,0,0,0,0,0,0,0
8126874,000001E1,false,Rx,0,8,93,BE,A9,2,0,0,0,0
8126908,000001E2,false,Rx,0,8,0,0,0,0,0,0,0,0
8127592,356,false,Rx,0,8,11,FB,AB,0,0,0,0,0
8127620,357,false,Rx,0,8,0,0,0,0,0,4B,4D,48
8128853,358,false,Rx,0,8,35,41,45,4D,52,37,33,4F
8128888,359,false,Rx,0,8,51,4F,34,52,4A,35,33,0
8131603,121,false,Rx,0,8,BD,5D,5A,0,0,0,0,5
8131644,122,false,Rx,0,8,FF,D9,67,1F,46,46,46,46
8131663,123,false,Rx,0,8,11,3,0,0,0,0,1,35
8132597,124,false,Rx,0,8,0,0,0A,0,0,0,20,40
8134591,000000FF,false,Rx,0,8,CB,10,0,0,0,0,2,0
8135734,394,false,Rx,0,8,2A,22,1A,49,0,0,0,0
8135769,000003C3,false,Rx,0,8,45,10,31,30,36,0,0,0
8135787,000003E0,false,Rx,0,8,66,20,1,0,54,3,0,0
8136190,161,false,Rx,0,8,D4,F1,A7,3,0,0,0,2
8136221,162,false,Rx,0,8,FF,FC,1,0,0,0,0,0
8136239,36,false,Rx,0,8,F6,3A,5C,51,0,0,25,1
8136590,37,false,Rx,0,8,0,0,0,10,0,40,0,0
8136610,38,false,Rx,0,8,4,0,0,0,90,38,96,D4
8137620,000003E5,false,Rx,0,8,37,80,1,0,0,0,0,0
8137654,39,false,Rx,0,8,0,0,0,0,0,0,0,0
8139200,384,false,Rx,0,8,E9,DC,2,0,0,FF,0,21
8139235,000003E6,false,Rx,0,8,67,90,0,0,0,0,0,0
8139253,0000041A,false,Rx,0,8,8D,D0,12,0,0,0,0,0
8139271,000003B6,false,Rx,0,8,34,38,A9,0,0,0,0,46
8139299,000003B7,false,Rx,0,8,46,0,0,0,0,0,0,0
8139317,61,false,Rx,0,8,B2,75,62,0,0,0,0,0
8139602,000003B8,false,Rx,0,8,0D,3,0,0,0,0,69,0E
8140742,62,false,Rx,0,8,2,2,0,2,40,FF,0,FF
8141177,000003B9,false,Rx,0,8,0,0,0,0,0,0,0,0
8141214,63,false,Rx,0,8,0,0,5,0,0,8,FD,0
8141238,0000041B,false,Rx,0,8,70,D0,0,0,0,0,0,0
8141255,64,false,Rx,0,8,0,0,0,4,FF,FA,0,0
8141273,91,false,Rx,0,8,3B,15,54,0,0,0,0,0
8141574,000000C5,false,Rx,0,8,0,0,0,0,0,0,0,0
8141607,92,false,Rx,0,8,0,0,0,0,0,0,0,0
8142963,244,false,Rx,0,8,FF,FF,FF,FF,FF,FF,FF,FF
8142998,93,false,Rx,0,8,0,0,0,0,0,0,0,0
8144259,000003E4,false,Rx,0,8,FE,0,0,0,0,0,0,0
8144332,94,false,Rx,0,8,0,0,0,0,0,0,0,0
8144350,0000041C,false,Rx,0,8,48,0,E0,0,0,0,0,0
8144368,000000A1,false,Rx,0,8,7F,99,62,1A,0,0,0,0
8144385,0000041F,false,Rx,0,8,0,0C,0,0,0,0,0,0
8144403,000000A2,false,Rx,0,8,0,0,0,0,0,0,0,0
8144421,432,false,Rx,0,8,3,20,2,0,0,0,0,0
8145451,000004B4,false,Rx,0,8,0,0,0,0,0,0,0,0
8145486,435,false,Rx,0,8,26,C0,0,40,0,0,0,0
8145503,000004B5,false,Rx,0,8,8,0,F0,7,0,0,0,0
8145521,442,false,Rx,0,8,CE,20,11,81,0,0,0,0
8147004,0000012B,false,Rx,0,8,E9,12,4F,6,0,0,8,0
8147043,0000011B,false,Rx,0,8,AE,E8,4F,5,80,8,A8,2
8147061,0000012C,false,Rx,0,8,0,0,1,0,0,64,0,0
8147079,0000011C,false,Rx,0,8,0,5,20,0,22,0,1,1
8148623,000004CA,false,Rx,0,8,0,0,0,0,0,0,0,0
8149548,464,false,Rx,0,8,D5,20,F0,FF,38,7F,5,0
8150037,000004D8,false,Rx,0,8,41,10,F0,F0,40,F2,1E,CC
8151290,000004EB,false,Rx,0,8,10,80,33,0,80,0,0,0
8151675,000004EC,false,Rx,0,8,0,0,0,0,0,0,0,0
8151696,000004ED,false,Rx,0,8,0,0,0,0,0,FF,FF,1F
8151714,146,false,Rx,0,8,62,D6,A4,10,4,1,0,0
8151732,000004EE,false,Rx,0,8,FF,FF,0,0,0,0,0,0
8152587,000004EF,false,Rx,0,8,60,0,60,0,29,14,0,0
8152611,148,false,Rx,0,8,0,0,0,0,0,90,40,5
8152629,0000063D,false,Rx,0,8,0,80,0,0,0,0,0,0
8152657,149,false,Rx,0,8,0,0,0,0,0,0,0,0
8154305,0000063E,false,Rx,0,8,FF,FF,FF,FF,FF,FF,FF,FF
8154339,0000063F,false,Rx,0,8,0,10,0,C4,FF,0,0,0
8154358,640,false,Rx,0,8,FF,FF,FF,0,FF,FF,FF,0
8154376,495,false,Rx,0,8,49,0,0,0,0,0,0,0
8154393,000003AA,false,Rx,0,8,FF,0,B0,0,54,0,0,0
8154411,641,false,Rx,0,8,FF,FF,FF,FF,0F,FF,FF,FF
8155806,646,false,Rx,0,8,0,0,0,80,1,0,0,0
8155849,0000010B,false,Rx,0,8,6B,A9,5E,0,0,0,0,5
8155867,0000010C,false,Rx,0,8,FF,F9,E7,1F,46,44,46,46
8157092,0000010D,false,Rx,0,8,10,3,0,0,0,0,1,35
8158792,000001B1,false,Rx,0,8,67,4B,A4,0,72,0,0,0
8158866,0000010E,false,Rx,0,8,0,0,0A,0,0,C0,AB,57
8158884,000001B2,false,Rx,0,8,23,0,4,0F,0F,7,52,10
8158902,000001B3,false,Rx,0,8,10,2C,0,0,87,91,96,90
8158920,000001B4,false,Rx,0,8,95,91,17,0,0,40,1,0
8163589,380,false,Rx,0,8,AD,D7,FF,0,0,0,0,1
8163618,0000036F,false,Rx,0,8,91,21,1,0,0,0,0,0
8163636,0000037F,false,Rx,0,8,3A,B0,52,24,41,2,0,0
8165566,000001A1,false,Rx,0,8,D4,6F,A8,FE,F7,7F,64,0
8165597,000001A2,false,Rx,0,8,0,0,0,0,0,8,0,0
8166573,000001A3,false,Rx,0,8,FF,F3,3F,0,0,0,0,0
8166595,000001A4,false,Rx,0,8,FE,7,0,0,0,0,0,0
8166614,000003B0,false,Rx,0,8,72,37,FF,C7,0,0,3,C0
8166632,563,false,Rx,0,8,65,2,0,0,0,0,FF,FF
8168566,000003B1,false,Rx,0,8,9B,3C,FF,40,0,0,20,0
8169564,448,false,Rx,0,8,0,C0,0,0,0,0,0,0
8172670,0000019B,false,Rx,0,8,5D,E7,5C,0,0,E4,0,0
8172699,0000019C,false,Rx,0,8,40,20,0,0,0,0,0B,9
8172718,0000019D,false,Rx,0,8,0,10,0,1,0,0,0,0
8173576,0000019E,false,Rx,0,8,15,0,0,0,0,32,0,0
8178564,000003B2,false,Rx,0,8,36,15,FF,2,29,2F,34,0
8181565,121,false,Rx,0,8,C2,71,5F,0,0,0,0,5
8181588,122,false,Rx,0,8,FF,D9,67,1F,46,46,46,46
8181606,123,false,Rx,0,8,11,3,0,0,0,0,1,35
8182567,124,false,Rx,0,8,0,0,0A,0,0,0,20,40
8182586,427,false,Rx,0,8,1D,86,FF,0,80,0A,0,0
8183570,419,false,Rx,0,8,2F,40,8B,D6,71,86,90,0
8186565,36,false,Rx,0,8,95,A1,61,51,0,0,25,1
8186588,37,false,Rx,0,8,0,0,0,10,0,40,0,0
8187567,38,false,Rx,0,8,4,0,0,0,90,38,96,D4
8187586,39,false,Rx,0,8,0,0,0,0,0,0,0,0
8189565,61,false,Rx,0,8,CD,59,67,0,0,0,0,0
8189587,62,false,Rx,0,8,2,2,0,2,40,FF,0,FF
8190567,63,false,Rx,0,8,0,0,5,0,0,8,FD,0
8190586,64,false,Rx,0,8,0,0,0,4,FF,FA,0,0
8190613,000000A1,false,Rx,0,8,70,72,67,1A,0,0,0,0
8190634,000000A2,false,Rx,0,8,0,0,0,0,0,0,0,0
8191567,000000A3,false,Rx,0,8,0,40,1,0,0,0,0,0
8192566,0000042A,false,Rx,0,8,F4,DE,FF,1,0,10,0,0
8195571,0000011B,false,Rx,0,8,6C,32,54,5,80,8,A8,2
8195593,0000011C,false,Rx,0,8,0,5,20,0,22,0,1,1
8196577,0000012B,false,Rx,0,8,2B,C8,54,6,0,0,8,0
8196596,000001FB,false,Rx,0,8,25,E8,55,0,0,0,0,0
8196613,0000012C,false,Rx,0,8,0,0,1,0,0,64,0,0
8196631,000001FC,false,Rx,0,8,0,0,0,0,0,0,0,0
8197566,000001FD,false,Rx,0,8,0,1A,3,0,0,0,0,0
8197587,000001FE,false,Rx,0,8,0,0,0,0,0,0,0,0
8199565,000001E6,false,Rx,0,8,73,F2,A9,2,0,0,0,0
8199588,000001E7,false,Rx,0,8,0,0,22,3,20,1,0,0
8200577,000001BB,false,Rx,0,8,AA,AA,A9,2,0,0,0,0A
8200598,000001BC,false,Rx,0,8,32,0,0,0,2,0,0,0
8201613,000001BD,false,Rx,0,8,0,0,0,0,0,0,0,0
8206599,0000010B,false,Rx,0,8,8,32,63,0,0,0,0,5
8206638,0000010C,false,Rx,0,8,FF,F9,E7,1F,46,44,46,46
8206656,0000010D,false,Rx,0,8,10,3,0,0,0,0,1,35
8206674,0000010E,false,Rx,0,8,0,0,0A,0,0,C0,AB,57
8207625,000002C1,false,Rx,0,8,64,A0,AC,21,0,41,0,AA
8208615,000002C2,false,Rx,0,8,1F,0,0,0,0,0,0,0
8208943,000002C3,false,Rx,0,8,0,0,0,0,0,0,0,0
8208964,000002C4,false,Rx,0,8,0,0,0,0,0,0,0,0
8217593,000001AB,false,Rx,0,8,EE,14,F9,50,70,38,0,0
8217631,000002FF,false,Rx,0,8,E2,1,0,F1,3F,0,0,0
8218601,000001AC,false,Rx,0,8,0,28,0,0,0,0,0,0
8218633,316,false,Rx,0,8,0,C9,99,34,14,80,0A,0
8218652,472,false,Rx,0,8,5C,EC,0,40,8,41,0,45
8218669,317,false,Rx,0,8,0,0,5,0,0,0,0,0
8219860,473,false,Rx,0,8,5F,24,0,25,0,0,0,78
8220028,474,false,Rx,0,8,93,44,0,0,0,0,0,14
8222604,0000019B,false,Rx,0,8,3E,7C,61,0,0,E4,0,0
8222643,0000019C,false,Rx,0,8,40,20,0,0,0,0,0B,9
8222662,0000019D,false,Rx,0,8,0,10,0,1,0,0,0,0
8223607,0000019E,false,Rx,0,8,15,0,0,0,0,32,0,0
8223640,419,false,Rx,0,8,2F,40,8B,D6,71,86,90,0
8227858,0000033B,false,Rx,0,8,3,84,57,0,0,0,0,0
8227898,0000033C,false,Rx,0,8,0,0,0,0,F0,0,0,0
8227916,0000033D,false,Rx,0,8,0,0,0,0,0,0,0,0
8227933,0000033E,false,Rx,0,8,0,0,0,0,0,0,0,0
8231964,121,false,Rx,0,8,14,2D,64,0,0,0,0,5
8232003,122,false,Rx,0,8,FF,D9,67,1F,46,46,46,46
8232021,123,false,Rx,0,8,11,3,0,0,0,0,1,35
8232039,124,false,Rx,0,8,0,0,0A,0,0,0,20,40
8233603,487,false,Rx,0,8,0,0,0,0,0,0,0,0
8233638,642,false,Rx,0,8,FF,FF,FF,FF,FF,FF,0,0
8234712,401,false,Rx,0,8,A9,30,10,0,0,4,0,0
8236091,161,false,Rx,0,8,1C,8,AC,3,0,0,0,2
8236125,162,false,Rx,0,8,FF,FC,1,0,0,0,0,0
8236597,36,false,Rx,0,8,66,3F,66,51,0,0,25,1
8236640,37,false,Rx,0,8,0,0,0,10,0,40,0,0
8236667,38,false,Rx,0,8,4,0,0,0,90,38,96,D4
8237839,39,false,Rx,0,8,0,0,0,0,0,0,0,0
8238579,000002E6,false,Rx,0,8,0D,31,54,1,0,0,0,15
8238606,256,false,Rx,0,8,89,48,54,15,40,0,C0,0
8238624,000002E7,false,Rx,0,8,0A,0,0,0,0,0,0,0
8239922,257,false,Rx,0,8,0,93,41,13,86,7,0,93
8241234,000002E8,false,Rx,0,8,0,0,0,0,0,0,0,0
8241262,258,false,Rx,0,8,0B,76,1E,0,10,15,0,28
8241280,61,false,Rx,0,8,75,58,6C,0,0,0,0,0
8241297,259,false,Rx,0,8,3A,5,89,3C,4C,2,0,0
8241315,62,false,Rx,0,8,2,2,0,2,40,FF,0,FF
8241333,0000048C,false,Rx,0,8,0,0,0,0,0,0,0,0
8241571,91,false,Rx,0,8,7D,4C,55,0,0,0,0,0
8242865,92,false,Rx,0,8,0,0,0,0,0,0,0,0
8242900,93,false,Rx,0,8,0,0,0,0,0,0,0,0
8242918,94,false,Rx,0,8,0,0,0,0,0,0,0,0
8242936,000000A1,false,Rx,0,8,4C,83,6C,1A,0,0,0,0
8242953,000000A2,false,Rx,0,8,0,0,0,0,0,0,0,0
8244007,000000A3,false,Rx,0,8,0,40,1,0,0,0,0,0
8244071,643,false,Rx,0,8,0,FC,FF,FF,FF,FF,3,0
8245278,000001F1,false,Rx,0,8,68,A4,7C,1,0,0,28,0
8245304,000001F2,false,Rx,0,8,0,0,0,0,0,0,0,0
8245568,0000011B,false,Rx,0,8,1F,0B,59,5,80,8,A8,2
8246635,0000011C,false,Rx,0,8,0,5,20,0,22,0,1,1
8246670,0000012B,false,Rx,0,8,58,F1,59,6,0,0,8,0
8246689,0000012C,false,Rx,0,8,0,0,1,0,0,64,0,0
8249139,000002BF,false,Rx,0,8,FF,FF,FF,0,0,0,0,0
8250370,0000047F,false,Rx,0,8,FF,FF,FF,FF,FF,FF,F3,FF
8250548,653,false,Rx,0,8,0A,19,3,1,2,2A,0,0
8251689,146,false,Rx,0,8,6F,10,A9,10,4,1,0,0
8251724,147,false,Rx,0,8,0,4,7D,0,40,0,0,0
8251743,148,false,Rx,0,8,0,0,0,0,0,90,40,5
8252967,149,false,Rx,0,8,0,0,0,0,0,0,0,0
8257346,0000010B,false,Rx,0,8,B0,33,68,0,0,0,0,5
8257381,0000010C,false,Rx,0,8,FF,F9,E7,1F,46,44,46,46
8257414,0000010D,false,Rx,0,8,10,3,0,0,0,0,1,35
8257432,000001B1,false,Rx,0,8,6A,8D,A9,0,72,0,0,0
8257449,0000010E,false,Rx,0,8,0,0,0A,0,0,C0,AB,57
8257467,000001B4,false,Rx,0,8,95,91,17,0,0,40,1,0
8260588,475,false,Rx,0,8,12,0,0,0,0,0,0,0
8260624,496,false,Rx,0,8,12,0,0,0,0,0,0,0
8263600,0000036F,false,Rx,0,8,28,31,1,0,0,0,0,0
8263639,419,false,Rx,0,8,2F,40,8B,D6,71,86,90,0
8263658,0000037F,false,Rx,0,8,32,C0,52,24,41,2,0,0
8264604,111,false,Rx,0,8,65,DD,A0,1,0,0,0,0
8264652,112,false,Rx,0,8,0,0,0,0,0,0,0,0
8264671,113,false,Rx,0,8,0,0,0,0,0,0,0,0
8265820,114,false,Rx,0,8,0,0,0,0,0,0,0,0
8265856,000001A1,false,Rx,0,8,AB,43,AD,FE,F7,7F,64,0
8265874,000001A2,false,Rx,0,8,0,0,0,0,0,8,0,0
8265892,000001A3,false,Rx,0,8,FF,F3,3F,0,0,0,0,0
8267493,000001A4,false,Rx,0,8,FE,7,0,0,0,0,0,0
8267829,565,false,Rx,0,8,66,2,0,0,0,0,FF,FF
8272602,0000019B,false,Rx,0,8,CD,E2,66,0,0,E4,0,0
8272641,0000019C,false,Rx,0,8,40,20,0,0,0,0,0B,9
8272660,0000019D,false,Rx,0,8,0,10,0,1,0,0,0,0
8273772,0000019E,false,Rx,0,8,15,0,0,0,0,32,0,0
8273810,000004A3,false,Rx,0,8,80,0,48,0B,3E,0,0,0
8273828,000004A4,false,Rx,0,8,FF,FF,FF,0,0,0,0,0
8276851,000001E1,false,Rx,0,8,65,96,AC,2,0,0,0,0
8278047,000001E2,false,Rx,0,8,0,0,0,0,0,0,0,0
8278078,0000030B,false,Rx,0,8,72,68,57,0,4,0,0,0
8278095,0000030C,false,Rx,0,8,0,0,0E,0,2C,0,A0,0F
8278474,0000030D,false,Rx,0,8,0,0,0,0,49,0,0,0
8278514,0000030E,false,Rx,0,8,0,0,38,5,21,0,0,0
8281590,121,false,Rx,0,8,19,EB,69,0,0,0,0,5
8281628,122,false,Rx,0,8,FF,D9,67,1F,46,46,46,46
8281647,123,false,Rx,0,8,11,3,0,0,0,0,1,35
8282600,124,false,Rx,0,8,0,0,0A,0,0,0,20,40
8284061,405,false,Rx,0,8,BD,30,0,0,0,1,0,0
8284097,413,false,Rx,0,8,6F,30,0,0,0,0,0,0
8284116,410,false,Rx,0,8,4B,80,59,3C,16,6B,FF,FF
8284133,414,false,Rx,0,8,F0,10,0,0,28,0,0,0
8284151,411,false,Rx,0,8,A8,1,50,50,0,0,44,4
8285408,416,false,Rx,0,8,55,0,0,0,0,0,0,0
8285442,412,false,Rx,0,8,6D,60,0,0,0,0,0,0
8285461,417,false,Rx,0,8,5F,20,0,0,0,0,0,0
8285478,418,false,Rx,0,8,19,70,0,0,12,0C,0,0
8287051,36,false,Rx,0,8,6B,F9,6B,51,0,0,25,1
8287086,37,false,Rx,0,8,0,0,0,10,0,40,0,0
8287105,38,false,Rx,0,8,4,0,0,0,90,38,96,D4
8287480,39,false,Rx,0,8,0,0,0,0,0,0,0,0
8288828,419,false,Rx,0,8,2F,40,8B,D6,71,86,90,0
8289578,61,false,Rx,0,8,BD,5A,71,0,0,0,0,0
8289605,62,false,Rx,0,8,2,2,0,2,40,FF,0,FF
8290868,63,false,Rx,0,8,0,0,5,0,0,8,FD,0
8290903,64,false,Rx,0,8,0,0,0,4,FF,FA,0,0
8290922,000000A1,false,Rx,0,8,29,80,71,1A,0,0,0,0
8290939,000000A2,false,Rx,0,8,0,0,0,0,0,0,0,0
8290957,000000A3,false,Rx,0,8,0,40,1,0,0,0,0,0
8294597,151,false,Rx,0,8,3,45,57,A0,C8,0,28,19
8295602,152,false,Rx,0,8,16,18,18,0,0B,0,0,0
8295633,000001F6,false,Rx,0,8,30,66,57,0,0,0,0,0E
8295651,153,false,Rx,0,8,0,0,0,0,0,0,0,0
8295669,0000011B,false,Rx,0,8,80,63,5E,5,80,8,A8,2
8296805,154,false,Rx,0,8,0,0,0,0,0,0,0,0
8297243,0000011C,false,Rx,0,8,0,5,20,0,22,0,1,1
8297264,0000012B,false,Rx,0,8,C7,99,5E,6,0,0,8,0
8297282,000001F7,false,Rx,0,8,0B,0,0,0,0,0,0,0
8297299,0000012C,false,Rx,0,8,0,0,1,0,0,64,0,0
8297317,000001F8,false,Rx,0,8,0,0,0,0,0,0,0,0
8298684,000001F9,false,Rx,0,8,0,0,A0,C8,14,0,0,0
8298707,000002FC,false,Rx,0,8,3,0,16,19,0,0,8E,BF
8298724,236,false,Rx,0,8,A1,9B,57,0,6E,3C,34,6C
8298742,000002FD,false,Rx,0,8,0,0,0,0,0,1C,0E,EA
8298760,237,false,Rx,0,8,0,15,BA,0,0,AA,1E,0
8298778,000002FE,false,Rx,0,8,0,0,72,1,0,28,0,0
8299933,238,false,Rx,0,8,0,0,5F,0,0,0,0,0
8299967,326,false,Rx,0,8,CA,38,57,0,0,0,0,0
8299985,239,false,Rx,0,8,0,0,0,0,1,0,0,0
8300003,327,false,Rx,0,8,0,0,0,0,5,0,0,0
8300021,0000025B,false,Rx,0,8,ED,40,57,40,40,20,0,0
8300599,328,false,Rx,0,8,0,0,0,0,0,0,0,0
8301896,0000025C,false,Rx,0,8,0,0,0B,0,34,89,19,0
8301919,329,false,Rx,0,8,A0,0,0,0,0,0,0,0
8301937,0000025D,false,Rx,0,8,0,C8,0,0,0,80,C0,70
8301955,331,false,Rx,0,8,D9,77,57,F1,C8,A0,2C,97
8301972,0000025E,false,Rx,0,8,2,7,0E,1,0,0,0,0
8302868,333,false,Rx,0,8,0,0,0,1C,0C,40,20,A0
8302903,334,false,Rx,0,8,C8,0,0,0,AC,70,1D,90
8307144,0000010B,false,Rx,0,8,39,CA,6D,0,0,0,0,5
8307181,0000010C,false,Rx,0,8,FF,F9,E7,1F,46,45,46,46
8307199,0000010D,false,Rx,0,8,10,3,0,0,0,0,1,35
8307217,0000010E,false,Rx,0,8,0,0,0A,0,0,C0,AB,57
8307234,000002AB,false,Rx,0,8,83,8B,58,0C,0C,0,0,0
8307577,000002AC,false,Rx,0,8,0,FF,FF,0,0,40,0,50
8307601,000002AD,false,Rx,0,8,0,1,0,40,FF,FF,FF,0F
8308954,485,false,Rx,0,8,0,40,11,2,0,0,0,0
8309000,251,false,Rx,0,8,63,8D,57,0,0,0,0,0
8309019,000002AE,false,Rx,0,8,1,0,FF,3F,1,1,0,0
8310236,252,false,Rx,0,8,0,0,0,0,3,0,0,0
8311573,000002B6,false,Rx,0,8,F1,FA,58,1,0,0,0,40
8313112,253,false,Rx,0,8,0,0,0,51,51,0,80,44
8313166,000002B7,false,Rx,0,8,8,2,F0,0,0,4,0,0
8313184,396,false,Rx,0,8,1D,1A,AB,0F,8,1,0,2
8313202,000002B8,false,Rx,0,8,AA,11,11,0,0,0,0,0
8313220,000002E1,false,Rx,0,8,A0,AE,58,0,0,0,0,40
8317596,000001AB,false,Rx,0,8,71,7C,FE,50,70,38,0,0
8317635,000001AC,false,Rx,0,8,0,28,0,0,0,0,0,0
8318624,226,false,Rx,0,8,61,55,33,FF,43,E1,5,42
8318657,383,false,Rx,0,8,12,ED,1,0,2,0,0,0
8318675,227,false,Rx,0,8,2,70,E1,8,0,F2,17,4
8318693,000003A1,false,Rx,0,8,AB,F8,BC,0,FF,FF,FF,FF
8319823,000003A2,false,Rx,0,8,0,0,0,0,0,0,0,0
8322621,0000019B,false,Rx,0,8,C0,24,6B,0,0,E4,0,0
8322661,0000019C,false,Rx,0,8,40,20,0,0,0,0,0B,9
8322679,0000019D,false,Rx,0,8,0,10,0,1,0,0,0,0
8323628,0000019E,false,Rx,0,8,15,0,0,0,0,32,0,0
8323660,000002D6,false,Rx,0,8,DD,B2,AB,0,0,0,0,0
8323679,000002EB,false,Rx,0,8,13,9C,AB,9,8,1,0,2
8324799,000002D7,false,Rx,0,8,0,0,0,0,3,0,0,0
8324826,000002EC,false,Rx,0,8,12,0,0,0,0,0,0,0
8324843,000002D8,false,Rx,0,8,0,0,0,0,0,0,38,45
8324861,000002ED,false,Rx,0,8,0,0,0,0,0,0,0,0
8324879,000002D9,false,Rx,0,8,0,0,0,0,0,0,0,0
8325947,000002EE,false,Rx,0,8,0,0,0,0,0,0,0,0
8327627,356,false,Rx,0,8,E2,65,AC,0,0,0,0,0
8327666,357,false,Rx,0,8,0,0,0,0,0,4B,4D,48
8329266,358,false,Rx,0,8,35,41,45,4D,52,37,33,4F
8329301,359,false,Rx,0,8,51,4F,34,52,4A,35,33,0
8331715,121,false,Rx,0,8,EA,75,6E,0,0,0,0,5
8331769,122,false,Rx,0,8,FF,D9,67,1F,46,46,46,46
8331787,123,false,Rx,0,8,11,3,0,0,0,0,1,35
8332151,124,false,Rx,0,8,0,0,0A,0,0,0,20,40
8334637,000000FF,false,Rx,0,8,CB,10,0,0,0,0,2,0
8334687,394,false,Rx,0,8,2A,22,1A,49,0,0,0,0
8334706,000003C3,false,Rx,0,8,45,10,31,30,36,0,0,0
8335940,000003E0,false,Rx,0,8,66,20,1,0,54,3,0,0
8335974,161,false,Rx,0,8,65,12,B1,3,0,0,0,2
8335993,000003E5,false,Rx,0,8,37,80,1,0,0,0,0,0
8336589,36,false,Rx,0,8,16,3C,70,51,0,0,25,1
8336615,162,false,Rx,0,8,FF,FC,1,0,0,0,0,0
8336633,37,false,Rx,0,8,0,0,0,10,0,40,0,0
8337594,000003E6,false,Rx,0,8,67,90,0,0,0,0,0,0
8337622,38,false,Rx,0,8,4,0,0,0,90,38,96,D4
8338622,39,false,Rx,0,8,0,0,0,0,0,0,0,0
8338661,384,false,Rx,0,8,E9,DC,2,0,0,FF,0,21
8338680,0000041A,false,Rx,0,8,8D,D0,12,0,0,0,0,0
8339016,000003B6,false,Rx,0,8,CF,23,AA,0,0,0,0,46
8339046,0000041B,false,Rx,0,8,70,D0,0,0,0,0,0,0
8340137,000003B7,false,Rx,0,8,46,0,0,0,0,0,0,0
8340170,61,false,Rx,0,8,4E,C4,76,0,0,0,0,0
8340188,000003B8,false,Rx,0,8,0C,3,0,0,0,0,69,0E
8340205,62,false,Rx,0,8,2,2,0,2,40,FF,0,FF
8340223,000003B9,false,Rx,0,8,0,0,0,0,0,0,0,0
8340670,63,false,Rx,0,8,0,0,5,0,0,8,FD,0
8340697,0000041C,false,Rx,0,8,48,0,E0,0,0,0,0,0
8341577,64,false,Rx,0,8,0,0,0,4,FF,FA,0,0
8341602,91,false,Rx,0,8,B7,A7,56,0,0,0,0,0
8341628,92,false,Rx,0,8,0,0,0,0,0,0,0,0
8341645,93,false,Rx,0,8,0,0,0,0,0,0,0,0
8342566,94,false,Rx,0,8,0,0,0,0,0,0,0,0
8342586,000000A1,false,Rx,0,8,20,5,76,1A,0,0,0,0
8342604,000000A2,false,Rx,0,8,0,0,0,0,0,0,0,0
8344015,000000A3,false,Rx,0,8,0,40,1,0,0,0,0,0
8344050,422,false,Rx,0,8,9D,70,1,0,0,0,4,0
8344069,000000C5,false,Rx,0,8,0,0,0,0,0,0,0,0
8344086,244,false,Rx,0,8,FF,FF,FF,FF,FF,FF,FF,FF
8344104,432,false,Rx,0,8,3,20,2,0,0,0,0,0
8344133,000004B4,false,Rx,0,8,0,0,0,0,0,0,0,0
8345173,435,false,Rx,0,8,26,C0,0,40,0,0,0,0
8345209,000004B5,false,Rx,0,8,8,0,F0,7,0,0,0,0
8345226,442,false,Rx,0,8,CE,20,11,81,0,0,0,0
8345244,000004B7,false,Rx,0,8,8,0,F0,7,0,0,0,0
8345688,444,false,Rx,0,8,D5,20,20,50,55,50,0,0
8345715,0000011B,false,Rx,0,8,ED,3F,63,5,80,8,A8,2
8346734,0000012B,false,Rx,0,8,AA,C5,63,6,0,0,8,0
8346768,0000011C,false,Rx,0,8,0,5,20,0,22,0,1,1
8348061,0000012C,false,Rx,0,8,0,0,1,0,0,64,0,0
8349730,445,false,Rx,0,8,C6,C0,0,0,0,0,0,18
8349771,000004CA,false,Rx,0,8,0,0,0,0,0,0,0,0
8349789,000004CC,false,Rx,0,8,8,0,0,6,0,0,3,0
8349807,464,false,Rx,0,8,D5,20,F0,FF,38,7F,5,0
8349841,000004D8,false,Rx,0,8,41,10,F0,F0,40,F2,1E,CC
8349859,000001BB,false,Rx,0,8,A5,41,AC,2,0,0,0,0A
8351091,000004E9,false,Rx,0,8,12,0,0,34,0,0,50,0
8351125,000001BD,false,Rx,0,8,0,0,0,0,0,0,0,0
8351143,000004EA,false,Rx,0,8,67,0,0,89,0,0,0,0
8351161,000001E7,false,Rx,0,8,0,0,22,3,20,1,0,0
8351178,000004EB,false,Rx,0,8,10,80,33,0,80,0,0,0
8351785,146,false,Rx,0,8,9C,8E,AE,10,4,1,0,0
8351817,000004EC,false,Rx,0,8,0,0,0,0,0,0,0,0
8351837,147,false,Rx,0,8,0,4,7D,0,40,0,0,0
8353236,000004ED,false,Rx,0,8,0,0,0,0,0,FF,FF,1F
8353285,148,false,Rx,0,8,0,0,0,0,0,90,40,5
8353304,000004EE,false,Rx,0,8,FF,FF,0,0,0,0,0,0
8353321,149,false,Rx,0,8,0,0,0,0,0,0,0,0
8353338,000004EF,false,Rx,0,8,60,0,60,0,29,14,0,0
8355019,0000063D,false,Rx,0,8,0,80,0,0,0,0,0,0
8355050,495,false,Rx,0,8,49,0,0,0,0,0,0,0
8355068,000003AA,false,Rx,0,8,FF,0,B0,0,54,0,0,0
8355086,0000063E,false,Rx,0,8,FF,FF,FF,FF,FF,FF,FF,FF
8356471,0000063F,false,Rx,0,8,0,10,0,C4,FF,0,0,0
8356506,641,false,Rx,0,8,FF,FF,FF,FF,0F,FF,FF,FF
8356524,646,false,Rx,0,8,0,0,0,80,1,0,0,0
8356624,0000010B,false,Rx,0,8,8B,AF,72,0,0,0,0,5
8356647,0000010C,false,Rx,0,8,FF,F9,E7,1F,46,44,46,46
8356665,0000010E,false,Rx,0,8,0,0,0A,0,0,C0,AB,57
8357599,000001B1,false,Rx,0,8,99,13,AE,0,72,0,0,0
8357963,000001B2,false,Rx,0,8,23,0,4,0F,0F,7,52,10
8358590,000001B4,false,Rx,0,8,95,91,17,0,0,40,1,0
8363595,380,false,Rx,0,8,AD,D7,FF,0,0,0,0,1
8363635,0000036F,false,Rx,0,8,20,41,1,0,0,0,0,0
8363655,0000037F,false,Rx,0,8,8B,D0,52,24,41,2,0,0
8364601,566,false,Rx,0,8,16,2,0,0,0,0,FF,FF
8365731,000001A1,false,Rx,0,8,EF,F3,B2,FE,F7,7F,64,0
8366995,000001A2,false,Rx,0,8,0,0,0,0,0,8,0,0
8367057,000001A3,false,Rx,0,8,FF,F3,3F,0,0,0,0,0
8367076,000001A4,false,Rx,0,8,FE,7,0,0,0,0,0,0
8367094,000003B0,false,Rx,0,8,72,37,FF,C7,0,0,3,C0
8368522,000003B1,false,Rx,0,8,9B,3C,FF,40,0,0,20,0
8370104,448,false,Rx,0,8,0,C0,0,0,0,0,0,0
8372608,0000019B,false,Rx,0,8,BD,E1,70,0,0,E4,0,0
8372647,0000019C,false,Rx,0,8,40,20,0,0,0,0,0B,9
8372666,0000019D,false,Rx,0,8,0,10,0,1,0,0,0,0
8373599,0000019E,false,Rx,0,8,15,0,0,0,0,32,0,0
8378589,000003B2,false,Rx,0,8,36,15,FF,2,29,2F,34,0
8381590,121,false,Rx,0,8,22,77,73,0,0,0,0,5
8381629,122,false,Rx,0,8,FF,D9,67,1F,46,46,46,46
8381648,123,false,Rx,0,8,11,3,0,0,0,0,1,35
8382604,124,false,Rx,0,8,0,0,0A,0,0,0,20,40
8383804,427,false,Rx,0,8,1D,86,FF,0,80,0A,0,0
8383845,419,false,Rx,0,8,61,50,8B,D6,6D,86,90,0
8386587,36,false,Rx,0,8,69,10,75,51,0,0,25,1
8386623,37,false,Rx,0,8,0,0,0,10,0,40,0,0
8386641,38,false,Rx,0,8,4,0,0,0,90,38,96,D4
8387569,39,false,Rx,0,8,0,0,0,0,0,0,0,0
8389585,61,false,Rx,0,8,43,2,7B,0,0,0,0,0
8389610,62,false,Rx,0,8,2,2,0,2,40,FF,0,FF
8390577,63,false,Rx,0,8,0,0,5,0,0,8,FD,0
8390597,64,false,Rx,0,8,0,0,0,4,FF,FA,0,0
8390615,000000A1,false,Rx,0,8,16,46,7B,1A,0,0,0,0
8390633,000000A2,false,Rx,0,8,0,0,0,0,0,0,0,0
8391731,000000A3,false,Rx,0,8,0,40,1,0,0,0,0,0
8391921,0000042A,false,Rx,0,8,F4,DE,FF,1,0,10,0,0
8394601,000001F1,false,Rx,0,8,25,4C,7F,1,0,0,28,0
8394639,000001F2,false,Rx,0,8,0,0,0,0,0,0,0,0
8395601,0000011B,false,Rx,0,8,25,C6,68,5,80,8,A8,2
8395633,0000012B,false,Rx,0,8,62,3C,68,6,0,0,8,0
8397353,0000011C,false,Rx,0,8,0,5,20,0,22,0,1,1
8397514,0000012C,false,Rx,0,8,0,0,1,0,0,64,0,0
8397532,000001FB,false,Rx,0,8,A9,5A,57,0,0,0,0,0
8398985,000001FC,false,Rx,0,8,0,0,0,0,0,0,0,0
8399024,000001FD,false,Rx,0,8,0,1A,3,0,0,0,0,0
8406597,0000010B,false,Rx,0,8,F4,83,77,0,0,0,0,5
8406638,0000010C,false,Rx,0,8,FF,F9,E7,1F,46,44,46,46
8406656,0000010D,false,Rx,0,8,10,3,0,0,0,0,1,35
8406674,0000010E,false,Rx,0,8,0,0,0A,0,0,C0,AB,57
8407664,000002C1,false,Rx,0,8,22,F9,AD,21,0,41,0,AA
8407698,000002C2,false,Rx,0,8,1F,0,0,0,0,0,0,0
8408929,000002C3,false,Rx,0,8,0,0,0,0,0,0,0,0
8408964,000002C4,false,Rx,0,8,0,0,0,0,0,0,0,0
8416657,000001AB,false,Rx,0,8,45,A4,3,50,70,38,0,0
8416692,000001AC,false,Rx,0,8,0,28,0,0,0,0,0,0
8417667,000002FF,false,Rx,0,8,E2,1,0,F1,3F,0,0,0
8418650,316,false,Rx,0,8,4D,21,9A,34,14,80,0A,0
8418673,472,false,Rx,0,8,5C,EC,0,40,8,41,0,45
8418691,317,false,Rx,0,8,0,0,5,0,0,0,0,0
8418709,473,false,Rx,0,8,5F,24,0,25,0,0,0,78
8419653,474,false,Rx,0,8,93,44,0,0,0,0,0,14
8422635,0000019B,false,Rx,0,8,C2,CD,75,0,0,E4,0,0
8422657,0000019C,false,Rx,0,8,40,20,0,0,0,0,0B,9
8422675,0000019D,false,Rx,0,8,0,10,0,1,0,0,0,0
8423609,0000019E,false,Rx,0,8,15,0,0,0,0,32,0,0
8423636,419,false,Rx,0,8,61,50,8B,D6,6D,86,90,0
8426567,000001E1,false,Rx,0,8,28,7E,AF,2,0,0,0,0
8426589,000001E2,false,Rx,0,8,0,0,0,0,0,0,0,0
8427577,0000033B,false,Rx,0,8,C4,A9,59,0,0,0,0,0
8427601,0000033C,false,Rx,0,8,0,0,0,0,F0,0,0,0
8427619,0000033D,false,Rx,0,8,0,0,0,0,0,0,0,0
8427636,0000033E,false,Rx,0,8,0,0,0,0,0,0,0,0
8431566,121,false,Rx,0,8,9A,76,78,0,0,0,0,5
8431589,122,false,Rx,0,8,FF,D9,67,1F,46,46,46,46
8431607,123,false,Rx,0,8,11,3,0,0,0,0,1,35
8432564,124,false,Rx,0,8,0,0,0A,0,0,0,20,40
8433564,487,false,Rx,0,8,0,0,0,0,0,0,0,0
8434647,642,false,Rx,0,8,FF,FF,FF,FF,FF,FF,0,0
8434668,401,false,Rx,0,8,A9,30,10,0,0,4,0,0
8435574,161,false,Rx,0,8,FA,7A,B6,3,0,0,0,2
8435599,162,false,Rx,0,8,FF,FC,1,0,0,0,0,0
8436568,36,false,Rx,0,8,E8,64,7A,51,0,0,25,1
8436588,37,false,Rx,0,8,0,0,0,10,0,40,0,0
8436606,38,false,Rx,0,8,4,0,0,0,90,38,96,D4
8437567,39,false,Rx,0,8,0,0,0,0,0,0,0,0
8438566,000002E6,false,Rx,0,8,81,83,56,1,0,0,0,15
8438585,256,false,Rx,0,8,23,CB,56,15,40,0,C0,0
8438602,000002E7,false,Rx,0,8,0A,0,0,0,0,0,0,0
8439567,257,false,Rx,0,8,0,93,41,13,86,7,0,93
8439589,000002E8,false,Rx,0,8,0,0,0,0,0,0,0,0
8439607,258,false,Rx,0,8,0B,75,1E,0,10,15,0,28
8439624,61,false,Rx,0,8,0C,3B,80,0,0,0,0,0
8440571,259,false,Rx,0,8,3A,5,89,3C,4C,2,0,0
8440591,62,false,Rx,0,8,2,2,0,2,40,FF,0,FF
8440609,000002E9,false,Rx,0,8,0,0,0,0,0,0,0,0
8440627,63,false,Rx,0,8,0,0,5,0,0,8,FD,0
8441567,64,false,Rx,0,8,0,0,0,4,FF,FA,0,0
8441588,000000A1,false,Rx,0,8,68,44,80,1A,0,0,0,0
8441606,91,false,Rx,0,8,F1,FE,57,0,0,0,0,0
8441624,92,false,Rx,0,8,0,0,0,0,0,0,0,0
8442569,93,false,Rx,0,8,0,0,0,0,0,0,0,0
8442588,94,false,Rx,0,8,0,0,0,0,0,0,0,0
8442606,000000A2,false,Rx,0,8,0,0,0,0,0,0,0,0
8442624,000000A3,false,Rx,0,8,0,40,1,0,0,0,0,0
8445566,0000011B,false,Rx,0,8,D3,EE,6D,5,80,8,A8,2
8446566,0000012B,false,Rx,0,8,94,14,6D,6,0,0,8,0
8446585,0000011C,false,Rx,0,8,0,5,20,0,22,0,1,1
8446602,0000012C,false,Rx,0,8,0,0,1,0,0,64,0,0
8449569,000002BF,false,Rx,0,8,FF,FF,FF,0,0,0,0,0
8449591,0000047F,false,Rx,0,8,FF,FF,FF,FF,FF,FF,F3,FF
8449609,653,false,Rx,0,8,0A,19,3,1,2,2A,0,0
8451566,146,false,Rx,0,8,54,8C,B3,10,4,1,0,0
8451589,147,false,Rx,0,8,0,4,7D,0,40,0,0,0
8451607,148,false,Rx,0,8,0,0,0,0,0,90,40,5
8452567,149,false,Rx,0,8,0,0,0,0,0,0,0,0
8456612,0000010B,false,Rx,0,8,BA,57,7C,0,0,0,0,5
8456648,0000010C,false,Rx,0,8,FF,F9,E7,1F,46,45,46,46
8456666,0000010D,false,Rx,0,8,10,3,0,0,0,0,1,35
8456684,0000010E,false,Rx,0,8,0,0,0A,0,0,C0,AB,57
8457666,000001B1,false,Rx,0,8,51,11,B3,0,72,0,0,0
8457699,000001B2,false,Rx,0,8,23,0,4,0F,0F,7,52,10
8458999,000001B3,false,Rx,0,8,10,2C,0,0,87,91,96,90
8459034,000001B4,false,Rx,0,8,95,91,17,0,0,40,1,0
8460604,475,false,Rx,0,8,12,0,0,0,0,0,0,0
8460983,496,false,Rx,0,8,12,0,0,0,0,0,0,0
8463595,0000036F,false,Rx,0,8,99,51,1,0,0,0,0,0
8463631,419,false,Rx,0,8,61,50,8B,D6,6D,86,90,0
8463649,0000037F,false,Rx,0,8,5D,E0,52,24,41,2,0,0
8464614,516,false,Rx,0,8,61,2,0,0,0,0,FF,FF
8464660,111,false,Rx,0,8,23,84,A1,1,0,0,0,0
8464678,112,false,Rx,0,8,0,0,0,0,0,0,0,0
8464695,113,false,Rx,0,8,0,0,0,0,0,0,0,0
8466133,114,false,Rx,0,8,0,0,0,0,0,0,0,0
8466168,000001A1,false,Rx,0,8,90,DF,B7,FE,F7,7F,64,0
8466186,000001A2,false,Rx,0,8,0,0,0,0,0,8,0,0
8466204,000001A3,false,Rx,0,8,FF,F3,3F,0,0,0,0,0
8466222,000001A4,false,Rx,0,8,FE,7,0,0,0,0,0,0
8472598,0000019B,false,Rx,0,8,43,B9,7A,0,0,E4,0,0
8472638,0000019C,false,Rx,0,8,40,20,0,0,0,0,0B,9
8472656,0000019D,false,Rx,0,8,0,10,0,1,0,0,0,0
8473631,0000019E,false,Rx,0,8,15,0,0,0,0,32,0,0
8473678,000004A3,false,Rx,0,8,80,0,48,0B,3E,0,0,0
8473696,000004A4,false,Rx,0,8,FF,FF,FF,0,0,0,0,0
8476819,0000030B,false,Rx,0,8,E6,BD,59,0,4,0,0,0
8476860,0000030C,false,Rx,0,8,0,0,0E,0,2C,0,A0,0F
8476878,0000030D,false,Rx,0,8,0,0,0,0,49,0,0,0
8476896,0000030E,false,Rx,0,8,0,0,38,5,21,0,0,FE
8481589,121,false,Rx,0,8,E5,5A,7D,0,0,0,0,5
8481625,122,false,Rx,0,8,FF,D9,67,1F,46,46,46,46
8481643,123,false,Rx,0,8,11,3,0,0,0,0,1,35
8482577,124,false,Rx,0,8,0,0,0A,0,0,0,20,40
8483751,405,false,Rx,0,8,BD,30,0,0,0,1,0,0
8483789,413,false,Rx,0,8,6F,30,0,0,0,0,0,0
8483818,410,false,Rx,0,8,4B,80,59,3C,16,6B,FF,FF
8483836,414,false,Rx,0,8,F0,10,0,0,28,0,0,0
8484588,411,false,Rx,0,8,A8,1,50,50,0,0,44,4
8484611,416,false,Rx,0,8,55,0,0,0,0,0,0,0
8484629,412,false,Rx,0,8,6D,60,0,0,0,0,0,0
8485566,417,false,Rx,0,8,5F,20,0,0,0,0,0,0
8485585,418,false,Rx,0,8,19,70,0,0,12,0C,0,0
8486567,36,false,Rx,0,8,97,48,7F,51,0,0,25,1
8486589,37,false,Rx,0,8,0,0,0,10,0,40,0,0
8486607,38,false,Rx,0,8,4,0,0,0,90,38,96,D4
8487871,39,false,Rx,0,8,0,0,0,0,0,0,0,0
8490237,419,false,Rx,0,8,61,50,8B,D6,6D,86,90,0
8490619,61,false,Rx,0,8,73,17,85,0,0,0,0,0
8490639,62,false,Rx,0,8,2,2,0,2,40,FF,0,FF
8490656,63,false,Rx,0,8,0,0,5,0,0,8,FD,0
8490674,64,false,Rx,0,8,0,0,0,4,FF,FA,0,0
8490692,000000A1,false,Rx,0,8,67,AF,85,1A,0,0,0,0
8493242,000000A3,false,Rx,0,8,0,40,1,0,0,0,0,0
8494684,151,false,Rx,0,8,C4,68,59,A0,C8,0,28,19
8495573,152,false,Rx,0,8,16,18,18,0,0B,0,0,0
8495596,153,false,Rx,0,8,0,0,0,0,0,0,0,0
8495615,000001F6,false,Rx,0,8,F7,4B,59,0,0,0,0,0E
8495633,0000011B,false,Rx,0,8,C3,B4,72,5,80,8,A8,2
8497343,154,false,Rx,0,8,0,0,0,0,0,0,0,0
8497377,0000011C,false,Rx,0,8,0,5,20,0,22,0,1,1
8497556,0000012B,false,Rx,0,8,84,4E,72,6,0,0,8,0
8497592,000001F7,false,Rx,0,8,0B,0,0,0,0,0,0,0
8497610,0000012C,false,Rx,0,8,0,0,1,0,0,64,0,0
8497627,236,false,Rx,0,8,66,B6,59,0,6E,3C,34,6C
8498709,000002FB,false,Rx,0,8,98,41,59,4,5F,1A,CC,CC
8499151,237,false,Rx,0,8,0,15,BA,0,0,AA,1E,0
8499172,000002FC,false,Rx,0,8,3,0,16,19,0,0,8E,BF
8499190,238,false,Rx,0,8,0,0,5F,0,0,0,0,0
8499208,000002FD,false,Rx,0,8,0,0,0,0,0,1C,0E,EA
8499225,000001E6,false,Rx,0,8,C8,32,AF,2,0,0,0,0
8499581,239,false,Rx,0,8,0,0,0,0,1,0,0,0
8499605,000001BB,false,Rx,0,8,A0,18,AF,2,0,0,0,0A
8500569,0000025B,false,Rx,0,8,0B,8C,59,40,40,20,0,0
8500593,000001BC,false,Rx,0,8,32,0,0,0,2,0,0,0
8500612,0000025C,false,Rx,0,8,0,0,0B,0,34,89,19,0
8500630,000001BD,false,Rx,0,8,0,0,0,0,0,0,0,0
8501565,0000025D,false,Rx,0,8,0,C8,0,0,0,80,C0,70
8501589,000001E7,false,Rx,0,8,0,0,22,3,20,1,0,0
8501607,0000025E,false,Rx,0,8,16,7,0E,2,0,0,0,0
8501625,000002FE,false,Rx,0,8,0,0,72,1,0,28,0,0
8502565,382,false,Rx,0,8,F1,7A,1,0,0,1,8,0
8502589,326,false,Rx,0,8,0D,15,59,0,0,0,0,0
8502608,327,false,Rx,0,8,0,0,0,0,5,0,0,0
8502625,328,false,Rx,0,8,0,0,0,0,0,0,0,0
8504562,329,false,Rx,0,8,A0,0,0,0,0,0,0,0
8504596,331,false,Rx,0,8,1E,5A,59,F1,C8,A0,2C,97
8504613,332,false,Rx,0,8,94,2,0,0,0,0,0,0
8504631,333,false,Rx,0,8,0,0,0,1C,0C,40,20,A0
8504649,334,false,Rx,0,8,C8,0,0,0,AC,70,1D,90
8506065,0000010B,false,Rx,0,8,B6,7C,81,0,0,0,0,5
8506099,0000010C,false,Rx,0,8,FF,F9,E7,1F,46,44,46,46
8507416,0000010D,false,Rx,0,8,10,3,0,0,0,0,1,35
8507449,0000010E,false,Rx,0,8,0,0,0A,0,0,C0,AB,57
8507467,000002AB,false,Rx,0,8,0F,39,5A,0C,0C,0,0,0
8507484,000002AC,false,Rx,0,8,0,FF,FF,0,0,40,0,50
8507887,000002AD,false,Rx,0,8,0,1,0,40,FF,FF,FF,0F
8507912,000002AE,false,Rx,0,8,1,0,FF,3F,1,1,0,0
8507930,000002B6,false,Rx,0,8,7D,48,5A,1,0,0,0,40
8508591,251,false,Rx,0,8,50,97,59,0,0,0,0,0
8508614,000002B7,false,Rx,0,8,8,2,F0,0,0,4,0,0
8508632,252,false,Rx,0,8,0,0,0,0,3,0,0,0
8510178,000002B8,false,Rx,0,8,AA,11,11,0,0,0,0,0
8510365,253,false,Rx,0,8,0,0,0,51,51,0,80,44
8510382,000002B9,false,Rx,0,8,0A,0,0,0,0,0,0,0
8510400,396,false,Rx,0,8,CE,97,AC,0F,8,1,0,2
8510418,000002E1,false,Rx,0,8,2C,1C,5A,0,0,0,0,40
8510435,000002E2,false,Rx,0,8,FD,0,0,0,0,14,0,4
8510717,398,false,Rx,0,8,0,0,0,0,0,0,0,0
8511575,000002E3,false,Rx,0,8,0,0,0,0,0,0,72,1
8511600,000002E4,false,Rx,0,8,2,0,0,0,0,0,0,0
8516462,000004E8,false,Rx,0,8,FF,FF,FF,5,FF,FF,FF,0
8518288,000001AB,false,Rx,0,8,8D,5D,8,50,70,38,0,0
8518323,000001AC,false,Rx,0,8,0,28,0,0,0,0,0,0
8518341,226,false,Rx,0,8,DA,95,35,FF,43,E1,5,42
8518358,383,false,Rx,0,8,12,ED,1,0,2,0,0,0
8519445,227,false,Rx,0,8,2,70,E1,8,0,F2,17,4
8519869,000003A1,false,Rx,0,8,8F,50,BD,0,FF,FF,FF,FF
8519913,000003A2,false,Rx,0,8,0,0,0,0,0,0,0,0
8524365,0000019B,false,Rx,0,8,3C,95,7F,0,0,E4,0,0
8524400,0000019C,false,Rx,0,8,40,20,0,0,0,0,0B,9
8524419,0000019D,false,Rx,0,8,0,10,0,1,0,0,0,0
8524436,0000019E,false,Rx,0,8,15,0,0,0,0,32,0,0
8524454,000002D6,false,Rx,0,8,2E,2C,AC,0,0,0,0,0
8524472,000002D8,false,Rx,0,8,0,0,0,0,0,0,38,45
8524609,000002ED,false,Rx,0,8,0,0,0,0,0,0,0,0
8525640,000002D9,false,Rx,0,8,0,0,0,0,0,0,0,0
8525676,000002EE,false,Rx,0,8,0,0,0,0,0,0,0,0
8527588,356,false,Rx,0,8,A4,3C,AD,0,0,0,0,0
8528573,357,false,Rx,0,8,0,0,0,0,0,4B,4D,48
8528595,358,false,Rx,0,8,35,41,45,4D,52,37,33,4F
8528613,359,false,Rx,0,8,51,4F,34,52,4A,35,33,0
8531594,121,false,Rx,0,8,93,16,82,0,0,0,0,5
8531635,122,false,Rx,0,8,FF,D9,67,1F,46,46,46,46
8531654,123,false,Rx,0,8,11,3,0,0,0,0,1,35
8532600,124,false,Rx,0,8,0,0,0A,0,0,0,20,40
8533784,000000FF,false,Rx,0,8,CB,10,0,0,0,0,2,0
8535328,394,false,Rx,0,8,2A,22,1A,49,0,0,0,0
8535392,000003C3,false,Rx,0,8,45,10,31,30,36,0,0,0
8535560,000003E0,false,Rx,0,8,66,20,1,0,54,3,0,0
8535577,000003E5,false,Rx,0,8,37,80,1,0,0,0,0,0
8537388,161,false,Rx,0,8,89,43,BB,3,0,0,0,2
8537423,000003E6,false,Rx,0,8,67,90,0,0,0,0,0,0
8537441,36,false,Rx,0,8,D8,71,84,51,0,0,25,1
8537459,162,false,Rx,0,8,FF,FC,1,0,0,0,0,0
8539039,37,false,Rx,0,8,0,0,0,10,0,40,0,0
8539116,384,false,Rx,0,8,E9,DC,2,0,0,FF,0,21
8539156,0000041A,false,Rx,0,8,8D,D0,12,0,0,0,0,0
8539174,000003B6,false,Rx,0,8,89,7A,AB,0,0,0,0,46
8539191,0000041B,false,Rx,0,8,70,D0,0,0,0,0,0,0
8539209,000003B7,false,Rx,0,8,46,0,0,0,0,0,0,0
8539565,61,false,Rx,0,8,F2,63,8A,0,0,0,0,0
8540980,000003B8,false,Rx,0,8,0C,3,0,0,0,0,69,0E
8541014,62,false,Rx,0,8,2,2,0,2,40,FF,0,FF
8541032,000003B9,false,Rx,0,8,0,0,0,0,0,0,0,0
8541049,63,false,Rx,0,8,0,0,5,0,0,8,FD,0
8541440,0000041C,false,Rx,0,8,48,0,E0,0,0,0,0,0
8541473,91,false,Rx,0,8,70,8A,58,0,0,0,0,0
8541496,92,false,Rx,0,8,0,0,0,0,0,0,0,0
8542957,93,false,Rx,0,8,0,0,0,0,0,0,0,0
8544243,94,false,Rx,0,8,0,0,0,0,0,0,0,0
8544263,000000A1,false,Rx,0,8,57,82,8A,1A,0,0,0,0
8544281,000000A2,false,Rx,0,8,0,0,0,0,0,0,0,0
8544299,422,false,Rx,0,8,9D,70,1,0,0,0,4,0
8544316,000000A3,false,Rx,0,8,0,40,1,0,0,0,0,0
8544567,000000C5,false,Rx,0,8,0,0,0,0,0,0,0,0
8545560,000001F2,false,Rx,0,8,0,0,0,0,0,0,0,0
8545583,244,false,Rx,0,8,FF,FF,FF,FF,FF,FF,FF,FF
8549476,000004B4,false,Rx,0,8,0,0,0,0,0,0,0,0
8549502,442,false,Rx,0,8,CE,20,11,81,0,0,0,0
8549520,0000011B,false,Rx,0,8,35,9C,77,5,80,8,A8,2
8549661,0000012B,false,Rx,0,8,72,66,77,6,0,0,8,0
8549679,0000011C,false,Rx,0,8,0,5,20,0,22,0,1,1
8549714,000004DF,false,Rx,0,8,FF,3,0C,3F,0,0,0,0
8549731,000004E7,false,Rx,0,8,0,30,0,0,0,0,69,0
8552736,000004E9,false,Rx,0,8,12,0,0,34,0,0,50,0
8553961,000004EA,false,Rx,0,8,67,0,0,89,0,0,0,0
8553983,000004EB,false,Rx,0,8,10,80,33,0,80,0,0,0
8554001,000004EC,false,Rx,0,8,0,0,0,0,0,0,0,0
8554033,000004ED,false,Rx,0,8,0,0,0,0,0,FF,FF,1F
8554051,149,false,Rx,0,8,0,0,0,0,0,0,0,0
8554441,640,false,Rx,0,8,FF,FF,FF,0,FF,FF,FF,0
8554460,641,false,Rx,0,8,FF,FF,FF,FF,0F,FF,FF,FF
8554594,646,false,Rx,0,8,0,0,0,80,1,0,0,0
8555576,000004E8,false,Rx,0,8,FF,FF,FF,5,FF,FF,FF,0
8556561,0000010B,false,Rx,0,8,45,E2,86,0,0,0,0,5
8556583,0000010C,false,Rx,0,8,FF,F9,E7,1F,46,44,46,46
8556603,0000010D,false,Rx,0,8,10,3,0,0,0,0,1,35
8556621,0000010E,false,Rx,0,8,0,0,0A,0,0,C0,AB,57
8557745,000001B1,false,Rx,0,8,E9,10,B8,0,72,0,0,0
8557777,000001B2,false,Rx,0,8,23,0,4,0F,0F,7,52,10
8558592,000001B3,false,Rx,0,8,10,2C,0,0,87,91,96,90
8558619,000001B4,false,Rx,0,8,95,91,17,0,0,40,1,0
8562064,0000034B,false,Rx,0,8,93,C5,BC,31,D8,0D,5,1
8562104,0000034C,false,Rx,0,8,0,0,0,0,0,0,0,0
8562122,561,false,Rx,0,8,63,2,0,0,0,0,FF,FF
8562140,0000034D,false,Rx,0,8,0,0,0,0,0,0,0,0
8562158,0000034E,false,Rx,0,8,0,0,0,0,0,0,0,0
8564113,380,false,Rx,0,8,AD,D7,FF,0,0,0,0,1
8564148,0000036F,false,Rx,0,8,4F,61,1,0,0,0,0,0
8564165,0000037F,false,Rx,0,8,4D,0,52,24,41,2,0,0
8565695,000001A1,false,Rx,0,8,28,DE,BC,FE,F7,7F,64,0
8567000,000001A2,false,Rx,0,8,0,0,0,0,0,8,0,0
8567047,000001A3,false,Rx,0,8,FF,F3,3F,0,0,0,0,0
8567067,000003B0,false,Rx,0,8,72,37,FF,C7,0,0,3,C0
8567084,000001A4,false,Rx,0,8,FE,7,0,0,0,0,0,0
8568523,000003B1,false,Rx,0,8,9B,3C,FF,40,0,0,20,0
8569586,448,false,Rx,0,8,0,C0,0,0,0,0,0,0
8572610,0000019B,false,Rx,0,8,73,AC,84,0,0,E4,0,0
8572649,0000019C,false,Rx,0,8,40,20,0,0,0,0,0B,9
8572669,0000019D,false,Rx,0,8,0,10,0,1,0,0,0,0
8573607,0000019E,false,Rx,0,8,15,0,0,0,0,32,0,0
8576592,000001E1,false,Rx,0,8,51,64,B2,2,0,0,0,0
8576634,000001E2,false,Rx,0,8,0,0,0,0,0,0,0,0
8578609,000003B2,false,Rx,0,8,36,15,FF,2,29,2F,34,0
8581587,121,false,Rx,0,8,EC,3A,87,0,0,0,0,5
8581624,122,false,Rx,0,8,FF,D9,67,1F,46,46,46,46
8581642,123,false,Rx,0,8,11,3,0,0,0,0,1,35
8582573,124,false,Rx,0,8,0,0,0A,0,0,0,20,40
8582595,427,false,Rx,0,8,1D,86,FF,0,80,0A,0,0
8583749,419,false,Rx,0,8,F9,60,8B,D6,69,86,90,0
8586608,36,false,Rx,0,8,D5,B7,89,51,0,0,25,1
8586647,37,false,Rx,0,8,0,0,0,10,0,40,0,0
8586666,38,false,Rx,0,8,4,0,0,0,90,38,96,D4
8587602,39,false,Rx,0,8,0,0,0,0,0,0,0,0
8589590,61,false,Rx,0,8,8D,4F,8F,0,0,0,0,0
8589625,62,false,Rx,0,8,2,2,0,2,40,FF,0,FF
8590740,63,false,Rx,0,8,0,0,5,0,0,8,FD,0
8590775,64,false,Rx,0,8,0,0,0,4,FF,FA,0,0
8590793,000000A1,false,Rx,0,8,58,69,8F,1A,0,0,0,0
8591982,000000A2,false,Rx,0,8,0,0,0,0,0,0,0,0
8592428,000000A3,false,Rx,0,8,0,40,1,0,0,0,0,0
8592459,0000042A,false,Rx,0,8,F4,DE,FF,1,0,10,0,0
8594771,000004E8,false,Rx,0,8,FF,FF,FF,5,FF,FF,FF,0
8596431,0000011B,false,Rx,0,8,FD,65,7C,5,80,8,A8,2
8596465,0000012B,false,Rx,0,8,BA,9F,7C,6,0,0,8,0
8596484,0000011C,false,Rx,0,8,0,5,20,0,22,0,1,1
8596501,0000012C,false,Rx,0,8,0,0,1,0,0,64,0,0
8596904,000001FB,false,Rx,0,8,6E,77,59,0,0,0,0,0
8596936,000001FC,false,Rx,0,8,0,0,0,0,0,0,0,0
8596957,000001FD,false,Rx,0,8,0,1A,3,0,0,0,0,0
8598132,000001FE,false,Rx,0,8,0,0,0,0,0,0,0,0
8605592,000004F0,false,Rx,0,8,4A,10,33,1,58,1A,18,2
8606612,0000010B,false,Rx,0,8,BE,F1,8B,0,0,0,0,5
8606645,0000010C,false,Rx,0,8,FF,F9,E7,1F,46,45,46,46
8606663,0000010D,false,Rx,0,8,10,3,0,0,0,0,1,35
8606680,0000010E,false,Rx,0,8,0,0,0A,0,0,C0,AB,57
8607786,000002C1,false,Rx,0,8,EF,FD,AE,21,0,41,0,AA
8607821,000002C2,false,Rx,0,8,20,0,0,0,0,0,0,0
8607839,000002C3,false,Rx,0,8,0,0,0,0,0,0,0,0
8609205,000002C4,false,Rx,0,8,0,0,0,0,0,0,0,0
8616595,000001AB,false,Rx,0,8,7B,75,0D,50,70,38,0,0
8616634,000001AC,false,Rx,0,8,0,28,0,0,0,0,0,0
8617601,000002FF,false,Rx,0,8,E2,1,0,F1,3F,0,0,0
8618722,316,false,Rx,0,8,69,89,9B,34,14,80,0A,0
8618775,472,false,Rx,0,8,5C,EC,0,40,8,41,0,45
8618793,317,false,Rx,0,8,0,0,5,0,0,0,0,0
8618926,473,false,Rx,0,8,5F,24,0,25,0,0,0,78
8618943,474,false,Rx,0,8,93,44,0,0,0,0,0,14
8622889,0000019B,false,Rx,0,8,7E,6A,89,0,0,E4,0,0
8622930,0000019C,false,Rx,0,8,40,20,0,0,0,0,0B,9
8622948,0000019D,false,Rx,0,8,0,10,0,1,0,0,0,0
8622966,0000019E,false,Rx,0,8,15,0,0,0,0,32,0,0
8623875,419,false,Rx,0,8,F9,60,8B,D6,69,86,90,0
8627590,0000033B,false,Rx,0,8,48,1B,5B,0,0,0,0,0
8627630,0000033C,false,Rx,0,8,0,0,0,0,F0,0,0,0
8627648,0000033D,false,Rx,0,8,0,0,0,0,0,0,0,0
8627666,0000033E,false,Rx,0,8,0,0,0,0,0,0,0,0
8631593,121,false,Rx,0,8,54,3B,8C,0,0,0,0,5
8631630,122,false,Rx,0,8,FF,D9,67,1F,46,46,46,46
8631648,123,false,Rx,0,8,11,3,0,0,0,0,1,35
8632598,124,false,Rx,0,8,0,0,0A,0,0,0,20,40
8634605,487,false,Rx,0,8,0,0,0,0,0,0,0,0
8634653,401,false,Rx,0,8,A9,30,10,0,0,4,0,0
8635601,642,false,Rx,0,8,FF,FF,FF,FF,FF,FF,0,0
8635632,161,false,Rx,0,8,77,53,C0,3,0,0,0,2
8635650,162,false,Rx,0,8,FF,FC,1,0,0,0,0,0
8637093,36,false,Rx,0,8,26,29,8E,51,0,0,25,1
8637255,37,false,Rx,0,8,0,0,0,10,0,40,0,0
8637273,38,false,Rx,0,8,4,0,0,0,90,38,96,D4
8637291,39,false,Rx,0,8,0,0,0,0,0,0,0,0
8638563,000002E6,false,Rx,0,8,46,AE,58,1,0,0,0,15
8638600,256,false,Rx,0,8,EA,B6,58,15,40,0,E0,0
8638618,000002E7,false,Rx,0,8,0A,0,0,0,0,0,0,0
8639874,257,false,Rx,0,8,0,93,41,17,86,7,0,93
8641105,000002E8,false,Rx,0,8,0,0,0,0,0,0,0,0
8641178,258,false,Rx,0,8,0B,73,1E,0,10,15,0,28
8641197,61,false,Rx,0,8,F0,8A,94,0,0,0,0,0
8641621,259,false,Rx,0,8,4C,5,8A,3C,4C,2,0,0
8641655,62,false,Rx,0,8,2,2,0,2,40,FF,0,FF
8641673,000002E9,false,Rx,0,8,0,0,0,0,0,0,0,0
8641691,91,false,Rx,0,8,36,D3,59,0,0,0,0,0
8641709,92,false,Rx,0,8,0,0,0,0,0,0,0,0
8642652,93,false,Rx,0,8,0,0,0,0,0,0,0,0
8642686,94,false,Rx,0,8,0,0,0,0,0,0,0,0
8642703,000000A2,false,Rx,0,8,0,0,0,0,0,0,0,0
8643079,000000A3,false,Rx,0,8,0,40,1,0,0,0,0,0
8644675,000004F0,false,Rx,0,8,4A,10,33,1,58,1A,18,2
8645826,0000011B,false,Rx,0,8,C9,BD,81,5,80,8,A8,2
8645860,0000012B,false,Rx,0,8,8E,47,81,6,0,0,8,0
8646288,0000011C,false,Rx,0,8,0,5,20,0,22,0,1,1
8646319,0000012C,false,Rx,0,8,0,0,1,0,0,64,0,0
8650082,000001E6,false,Rx,0,8,B1,28,B2,2,0,0,0,0
8650123,000002BF,false,Rx,0,8,FF,FF,FF,0,0,0,0,0
8650141,000001BB,false,Rx,0,8,C5,1B,B2,2,0,0,0,0A
8650159,0000047F,false,Rx,0,8,FF,FF,FF,FF,FF,FF,F3,FF
8650197,000001BC,false,Rx,0,8,32,0,0,0,2,0,0,0
8650215,000001BD,false,Rx,0,8,0,0,0,0,0,0,0,0
8650792,653,false,Rx,0,8,0A,19,3,1,2,2A,0,0
8650823,000001E7,false,Rx,0,8,0,0,22,3,20,1,0,0
8652255,146,false,Rx,0,8,93,A1,BD,10,4,1,0,0
8652290,147,false,Rx,0,8,0,4,7D,0,40,0,0,0
8652681,148,false,Rx,0,8,0,0,0,0,0,90,40,5
8652710,149,false,Rx,0,8,0,0,0,0,0,0,0,0
8656594,0000010B,false,Rx,0,8,C3,34,90,0,0,0,0,5
8656630,0000010C,false,Rx,0,8,FF,F9,E7,1F,46,45,46,46
8656648,0000010D,false,Rx,0,8,10,3,0,0,0,0,1,35
8656666,0000010E,false,Rx,0,8,0,0,0A,0,0,C0,AB,57
8656684,000001B1,false,Rx,0,8,96,3C,BD,0,72,0,0,0
8657633,000001B2,false,Rx,0,8,23,0,4,0F,0F,7,52,10
8657666,000001B3,false,Rx,0,8,10,2C,0,0,87,91,96,90
8657684,000001B4,false,Rx,0,8,95,91,17,0,0,40,1,0
8660583,475,false,Rx,0,8,12,0,0,0,0,0,0,0
8660622,496,false,Rx,0,8,12,0,0,0,0,0,0,0
8663563,0000036F,false,Rx,0,8,F6,71,1,0,0,0,0,0
8663585,419,false,Rx,0,8,F9,60,8B,D6,69,86,90,0
8663602,0000037F,false,Rx,0,8,F4,10,52,24,41,2,0,0
8664566,111,false,Rx,0,8,E9,6F,A2,1,0,0,0,0
8664586,112,false,Rx,0,8,0,0,0,0,0,0,0,0
8665565,113,false,Rx,0,8,0,0,0,0,0,0,0,0
8665587,114,false,Rx,0,8,0,0,0,0,0,0,0,0
8665612,000001A1,false,Rx,0,8,3C,66,C1,FE,F7,7F,64,0
8665630,000001A2,false,Rx,0,8,0,0,0,0,0,8,0,0
8666566,000001A3,false,Rx,0,8,FF,F3,3F,0,0,0,0,0
8666586,000001A4,false,Rx,0,8,FE,7,0,0,0,0,0,0
8672571,0000019B,false,Rx,0,8,8D,F4,8E,0,0,E4,0,0
8672594,0000019C,false,Rx,0,8,40,20,0,0,0,0,0B,9
8672612,0000019D,false,Rx,0,8,0,10,0,1,0,0,0,0
8673566,0000019E,false,Rx,0,8,15,0,0,0,0,32,0,0
8674561,000004A3,false,Rx,0,8,80,0,48,0B,3E,0,0,0
8675564,000004A4,false,Rx,0,8,FF,FF,FF,0,0,0,0,0
8676562,0000030B,false,Rx,0,8,6A,0F,5B,0,4,0,0,0
8676581,0000030C,false,Rx,0,8,0,0,0E,0,2C,0,A0,0F
8676599,0000030D,false,Rx,0,8,0,0,0,0,49,0,0,0
8677565,0000030E,false,Rx,0,8,0,0,38,5,21,0,0,FE
8681560,121,false,Rx,0,8,9C,39,91,0,0,0,0,5
8681581,122,false,Rx,0,8,FF,D9,67,1F,46,46,46,46
8681599,123,false,Rx,0,8,11,3,0,0,0,0,1,35
8682567,124,false,Rx,0,8,0,0,0A,0,0,0,20,40
8683571,405,false,Rx,0,8,BD,30,0,0,0,1,0,0
8683605,413,false,Rx,0,8,6F,30,0,0,0,0,0,0
8683623,410,false,Rx,0,8,4B,80,59,3C,16,6B,FF,FF
8684589,414,false,Rx,0,8,F0,10,0,0,28,0,0,0
8684619,411,false,Rx,0,8,A8,1,50,50,0,0,44,4
8684636,416,false,Rx,0,8,55,0,0,0,0,0,0,0
8684653,412,false,Rx,0,8,6D,60,0,0,0,0,0,0
8685579,417,false,Rx,0,8,5F,20,0,0,0,0,0,0
8685610,000004F0,false,Rx,0,8,4A,10,33,1,58,1A,18,2
8685628,418,false,Rx,0,8,19,70,0,0,12,0C,0,0
8686572,36,false,Rx,0,8,EE,2B,93,51,0,0,25,1
8686601,37,false,Rx,0,8,0,0,0,10,0,40,0,0
8686619,38,false,Rx,0,8,4,0,0,0,90,38,96,D4
8687567,39,false,Rx,0,8,0,0,0,0,0,0,0,0
8688564,419,false,Rx,0,8,F9,60,8B,D6,69,86,90,0
8689567,61,false,Rx,0,8,FD,4C,99,0,0,0,0,0
8689589,62,false,Rx,0,8,2,2,0,2,40,FF,0,FF
8690574,63,false,Rx,0,8,0,0,5,0,0,8,FD,0
8690596,64,false,Rx,0,8,0,0,0,4,FF,FA,0,0
8690614,000000A1,false,Rx,0,8,1,9B,99,1A,0,0,0,0
8690632,000000A2,false,Rx,0,8,0,0,0,0,0,0,0,0
8691567,000000A3,false,Rx,0,8,0,40,1,0,0,0,0,0
8694563,000001F1,false,Rx,0,8,8E,FC,85,1,0,0,28,0
8694585,000001F2,false,Rx,0,8,0,0,0,0,0,0,0,0
8695567,151,false,Rx,0,8,48,DA,5B,A0,C8,0,28,19
8695590,000001F6,false,Rx,0,8,7B,F9,5B,0,0,0,0,0E
8695607,152,false,Rx,0,8,16,18,18,0,0B,0,0,0
8695632,0000011B,false,Rx,0,8,56,D5,86,5,80,8,A8,2
8695649,153,false,Rx,0,8,0,0,0,0,0,0,0,0
8696567,0000011C,false,Rx,0,8,0,5,20,0,22,0,1,1
8696590,0000012B,false,Rx,0,8,11,2F,86,6,0,0,8,0
8696614,000001F7,false,Rx,0,8,0B,0,0,0,0,0,0,0
8696632,0000012C,false,Rx,0,8,0,0,1,0,0,64,0,0
8697567,000001F8,false,Rx,0,8,0,0,0,0,0,0,0,0
8697596,154,false,Rx,0,8,0,0,0,0,0,0,0,0
8697614,000001F9,false,Rx,0,8,0,0,A0,C8,14,0,0,0
8697631,000002FB,false,Rx,0,8,14,F3,5B,4,5F,1A,CC,CC
8698575,236,false,Rx,0,8,EA,4,5B,0,6E,3C,34,6C
8698597,000002FC,false,Rx,0,8,3,0,16,19,0,0,8E,BF
8698615,237,false,Rx,0,8,0,15,BA,0,0,AA,1E,0
8698633,000002FD,false,Rx,0,8,0,0,0,0,0,1C,0E,EA
8699669,238,false,Rx,0,8,0,0,5F,0,0,0,0,0
8699706,000002FE,false,Rx,0,8,0,0,72,1,0,28,0,0
8699724,239,false,Rx,0,8,0,0,0,0,1,0,0,0
8699742,326,false,Rx,0,8,81,A7,5B,0,0,0,0,0
8700724,0000025B,false,Rx,0,8,D6,1D,5B,40,40,20,0,0
8700774,327,false,Rx,0,8,0,0,0,0,5,0,0,0
8700793,0000025C,false,Rx,0,8,0,0,0B,0,34,89,19,0
8700811,328,false,Rx,0,8,0,0,0,0,0,0,0,0
8700829,0000025D,false,Rx,0,8,0,C8,0,0,0,80,C0,70
8701192,329,false,Rx,0,8,A0,0,0,0,0,0,0,0
8701582,0000025E,false,Rx,0,8,7,7,0E,1,0,0,0,0
8701609,331,false,Rx,0,8,92,E8,5B,F1,C8,A0,2C,97
8702568,382,false,Rx,0,8,F1,7A,1,0,0,1,8,0
8702591,332,false,Rx,0,8,94,2,0,0,0,0,0,0
8702611,415,false,Rx,0,8,40,13,10,0,8,1,0,0
8702628,333,false,Rx,0,8,0,0,0,1C,0C,40,20,A0
8703567,334,false,Rx,0,8,C8,0,0,0,AC,70,1D,90
8706569,0000010B,false,Rx,0,8,BC,18,95,0,0,0,0,5
8706590,0000010C,false,Rx,0,8,FF,F9,E7,1F,46,45,46,46
8706607,0000010D,false,Rx,0,8,10,3,0,0,0,0,1,35
8706625,0000010E,false,Rx,0,8,0,0,0A,0,0,C0,AB,57
8707565,000002AB,false,Rx,0,8,BA,FE,5C,0C,0C,0,0,0
8707588,000002AC,false,Rx,0,8,0,FF,FF,0,0,40,0,50
8707608,000002AD,false,Rx,0,8,0,1,0,40,FF,FF,FF,0F
8708564,000002AE,false,Rx,0,8,1,0,FF,3F,1,1,0,0
8708584,000002B6,false,Rx,0,8,C8,8F,5C,1,0,0,0,40
8708604,251,false,Rx,0,8,56,F9,5B,0,0,0,0,0
8708630,000002B7,false,Rx,0,8,8,2,F0,0,0,4,0,0
8708648,252,false,Rx,0,8,0,0,0,0,3,0,0,0
8709564,000002B8,false,Rx,0,8,AA,11,11,0,0,0,0,0
8709593,253,false,Rx,0,8,0,0,0,51,51,0,80,44
8709614,000002B9,false,Rx,0,8,0A,0,0,0,0,0,0,0
8709631,396,false,Rx,0,8,CD,A0,AD,0F,8,1,0,2
8710570,000002E1,false,Rx,0,8,99,DB,5C,0,0,0,0,40
8710589,397,false,Rx,0,8,1D,0,0,0,0,0,0,0
8710608,000002E2,false,Rx,0,8,FD,0,0,0,0,14,0,4
8710626,398,false,Rx,0,8,0,0,0,0,0,0,0,0
8711565,000002E3,false,Rx,0,8,0,0,0,0,0,0,72,1
8711587,000002E4,false,Rx,0,8,2,0,0,0,0,0,0,0
8716562,000001AB,false,Rx,0,8,6B,2F,12,50,70,38,0,0
8716582,000001AC,false,Rx,0,8,0,28,0,0,0,0,0,0
8717571,226,false,Rx,0,8,B3,D5,37,FF,43,E1,5,42
8717594,227,false,Rx,0,8,2,70,E1,8,0,F2,17,4
8718564,383,false,Rx,0,8,12,ED,1,0,2,0,0,0
8718583,000003A1,false,Rx,0,8,C2,B8,BE,0,FF,FF,FF,FF
8718601,000003A2,false,Rx,0,8,0,0,0,0,0,0,0,0
8722570,0000019B,false,Rx,0,8,45,F6,93,0,0,E4,0,0
8722594,0000019C,false,Rx,0,8,40,20,0,0,0,0,0B,9
8722613,0000019D,false,Rx,0,8,0,10,0,1,0,0,0,0
8723572,0000019E,false,Rx,0,8,15,0,0,0,0,32,0,0
8723594,000002D6,false,Rx,0,8,68,75,AD,0,0,0,0,0
8723613,000002EB,false,Rx,0,8,FC,3C,AD,9,8,1,0,2
8724572,000002D7,false,Rx,0,8,0,0,0,0,3,0,0,0
8724595,000002EC,false,Rx,0,8,2,0,0,0,0,0,0,0
8724614,000002D8,false,Rx,0,8,0,0,0,0,0,0,38,45
8724631,000002ED,false,Rx,0,8,0,0,0,0,0,0,0,0
8725566,000002D9,false,Rx,0,8,0,0,0,0,0,0,0,0
8725589,000002EE,false,Rx,0,8,0,0,0,0,0,0,0,0
8726566,000001E1,false,Rx,0,8,CE,0C,B5,2,0,0,0,0
8726586,000001E2,false,Rx,0,8,0,0,0,0,0,0,0,0
8727568,356,false,Rx,0,8,6E,D7,AE,0,0,0,0,0
8727592,357,false,Rx,0,8,0,0,0,0,0,4B,4D,48
8728566,358,false,Rx,0,8,35,41,45,4D,52,37,33,4F
8728586,359,false,Rx,0,8,51,4F,34,52,4A,35,33,0
8731564,121,false,Rx,0,8,6F,A7,96,0,0,0,0,5
8731588,122,false,Rx,0,8,FF,D9,67,1F,46,46,46,46
8731607,123,false,Rx,0,8,11,3,0,0,0,0,1,35
8732566,124,false,Rx,0,8,0,0,0A,0,0,0,20,40
8733566,000000FF,false,Rx,0,8,CB,10,0,0,0,0,2,0
8734565,394,false,Rx,0,8,2A,22,1A,49,0,0,0,0
8734586,000003C3,false,Rx,0,8,45,10,31,30,36,0,0,0
8734605,000003E0,false,Rx,0,8,66,20,1,0,54,3,0,0
8735598,000003E5,false,Rx,0,8,37,80,1,0,0,0,0,0
8735631,161,false,Rx,0,8,81,7B,C5,3,0,0,0,2
8736845,000003E6,false,Rx,0,8,67,90,0,0,0,0,0,0
8736881,162,false,Rx,0,8,FF,FC,1,0,0,0,0,0
8737272,36,false,Rx,0,8,56,2A,98,51,0,0,25,1
8737311,37,false,Rx,0,8,0,0,0,10,0,40,0,0
8737334,38,false,Rx,0,8,4,0,0,0,90,38,96,D4
8737351,39,false,Rx,0,8,0,0,0,0,0,0,0,0
8738570,384,false,Rx,0,8,E9,DC,2,0,0,FF,0,21
8738593,0000041A,false,Rx,0,8,8D,D0,12,0,0,0,0,0
8739568,000003B6,false,Rx,0,8,7A,E4,AC,0,0,0,0,46
8739596,0000041B,false,Rx,0,8,70,D0,0,0,0,0,0,0
8739613,000003B7,false,Rx,0,8,46,0,0,0,0,0,0,0
8739631,61,false,Rx,0,8,0E,D2,9E,0,0,0,0,0
8740563,000003B8,false,Rx,0,8,0C,3,0,0,0,0,69,0E
8740592,62,false,Rx,0,8,2,2,0,2,40,FF,0,FF
8740609,000003B9,false,Rx,0,8,0,0,0,0,0,0,0,0
8740627,63,false,Rx,0,8,0,0,5,0,0,8,FD,0
8741562,0000041C,false,Rx,0,8,48,0,E0,0,0,0,0,0
8741590,64,false,Rx,0,8,0,0,0,4,FF,FA,0,0
8741608,91,false,Rx,0,8,FC,38,5A,0,0,0,0,0
8741626,92,false,Rx,0,8,0,0,0,0,0,0,0,0
8742562,93,false,Rx,0,8,0,0,0,0,0,0,0,0
8742590,94,false,Rx,0,8,0,0,0,0,0,0,0,0
8742607,000000A1,false,Rx,0,8,8,1E,9E,1A,0,0,0,0
8742625,422,false,Rx,0,8,9D,70,1,0,0,0,4,0
8743563,000000A2,false,Rx,0,8,0,0,0,0,0,0,0,0
8743590,000000A3,false,Rx,0,8,0,40,1,0,0,0,0,0
8743607,432,false,Rx,0,8,3,20,2,0,0,0,0,0
8744563,435,false,Rx,0,8,26,C0,0,40,0,0,0,0
8744587,442,false,Rx,0,8,CE,20,11,81,0,0,0,0
8745563,444,false,Rx,0,8,D5,20,20,50,55,50,0,0
8745590,445,false,Rx,0,8,C6,C0,0,0,0,0,0,18
8745607,000000C5,false,Rx,0,8,0,0,0,0,0,0,0,0
8746563,0000011B,false,Rx,0,8,25,EC,8B,5,80,8,A8,2
8746590,0000012B,false,Rx,0,8,62,16,8B,6,0,0,8,0
8746608,0000011C,false,Rx,0,8,0,5,20,0,22,0,1,1
8746633,0000012C,false,Rx,0,8,0,0,1,0,0,64,0,0
8746650,244,false,Rx,0,8,FF,FF,FF,FF,FF,FF,FF,FF
8747563,0000041F,false,Rx,0,8,0,0C,0,0,0,0,0,0
8747590,464,false,Rx,0,8,D5,20,F0,FF,38,7F,5,0
8747608,000004B4,false,Rx,0,8,0,0,0,0,0,0,0,0
8748562,000004B5,false,Rx,0,8,8,0,F0,7,0,0,0,0
8748590,565,false,Rx,0,8,66,2,0,0,0,0,FF,FF
8748607,000004B7,false,Rx,0,8,8,0,F0,7,0,0,0,0
8748625,000004CA,false,Rx,0,8,0,0,0,0,0,0,0,0
8749563,000004CC,false,Rx,0,8,8,0,0,6,0,0,3,0
8749590,000004CE,false,Rx,0,8,14,1,FF,FF,FF,FF,FF,FF
8749607,000004D7,false,Rx,0,8,23,1,0,0,0,0,0,0
8749625,000004D8,false,Rx,0,8,41,10,F0,F0,40,F2,1E,CC
8750569,000004DD,false,Rx,0,8,0,0,FE,0,4,0,0,0
8750597,000004DF,false,Rx,0,8,FF,3,0C,3F,0,0,0,0
8750614,000004E7,false,Rx,0,8,0,30,0,0,0,0,69,0
8750631,000004E8,false,Rx,0,8,FF,FF,FF,5,FF,FF,FF,0
8751569,000004E9,false,Rx,0,8,12,0,0,34,0,0,50,0
8751594,146,false,Rx,0,8,0B,AB,C2,10,4,1,0,0
8751612,000004EA,false,Rx,0,8,67,0,0,89,0,0,0,0
8751629,147,false,Rx,0,8,0,4,7D,0,40,0,0,0
8752562,000004EB,false,Rx,0,8,10,80,33,1,80,0,0,0
8752590,148,false,Rx,0,8,0,0,0,0,0,90,40,5
8752608,000004EC,false,Rx,0,8,0,0,0,0,0,0,0,0
8752626,149,false,Rx,0,8,0,0,0,0,0,0,0,0
8753569,000004ED,false,Rx,0,8,0,0,0,0,0,FF,FF,1F
8753596,000004EE,false,Rx,0,8,FF,FF,0,0,0,0,0,0
8753614,000004EF,false,Rx,0,8,60,0,60,0,29,14,0,0
8753632,495,false,Rx,0,8,49,0,0,0,0,0,0,0
8754563,000003AA,false,Rx,0,8,FF,0,B0,0,54,0,0,0
8754587,0000063D,false,Rx,0,8,0,80,0,0,0,0,0,0
8754611,0000063E,false,Rx,0,8,FF,FF,FF,FF,FF,FF,FF,FF
8754629,0000063F,false,Rx,0,8,0,10,0,C4,FF,0,0,0
8755575,640,false,Rx,0,8,FF,FF,FF,0,FF,FF,FF,0
8755600,641,false,Rx,0,8,FF,FF,FF,FF,0F,FF,FF,FF
8755618,646,false,Rx,0,8,0,0,0,80,1,0,0,0
8756564,0000010B,false,Rx,0,8,CB,B9,9A,0,0,0,0,5
8756590,0000010C,false,Rx,0,8,FF,F9,E7,1F,46,44,46,46
8756607,0000010D,false,Rx,0,8,10,3,0,0,0,0,1,35
8756625,0000010E,false,Rx,0,8,0,0,0A,0,0,C0,AB,57
8757610,000001B1,false,Rx,0,8,0E,36,C2,0,72,0,0,0
8758685,000001B2,false,Rx,0,8,23,0,4,0F,0F,7,52,10
8758915,000001B3,false,Rx,0,8,10,2C,0,0,87,91,96,90
8758935,000001B4,false,Rx,0,8,95,91,17,0,0,40,1,0
8763566,380,false,Rx,0,8,AD,D7,FF,0,0,0,0,1
8763592,0000036F,false,Rx,0,8,5F,81,1,0,0,0,0,0
8763610,0000037F,false,Rx,0,8,22,20,52,24,41,2,0,0
8765564,000001A1,false,Rx,0,8,CF,F8,C6,FE,F7,7F,64,0
8766562,000001A2,false,Rx,0,8,0,0,0,0,0,8,0,0
8766582,000001A3,false,Rx,0,8,FF,F3,3F,0,0,0,0,0
8766599,000003B0,false,Rx,0,8,72,37,FF,C7,0,0,3,C0
8766616,000001A4,false,Rx,0,8,FE,7,0,0,0,0,0,0
8768564,000003B1,false,Rx,0,8,9B,3C,FF,40,0,0,20,0
8769564,448,false,Rx,0,8,0,C0,0,0,0,0,0,0
8772570,0000019B,false,Rx,0,8,FD,F7,98,0,0,E4,0,0
8772594,0000019C,false,Rx,0,8,40,20,0,0,0,0,0B,9
8772611,0000019D,false,Rx,0,8,0,10,0,1,0,0,0,0
8773564,0000019E,false,Rx,0,8,15,0,0,0,0,32,0,0
8778561,000003B2,false,Rx,0,8,36,15,FF,2,29,2F,34,0
8781567,121,false,Rx,0,8,62,61,9B,0,0,0,0,5
8781592,122,false,Rx,0,8,FF,D9,67,1F,46,46,46,46
8781609,123,false,Rx,0,8,11,3,0,0,0,0,1,35
8782565,124,false,Rx,0,8,0,0,0A,0,0,0,20,40
8782590,427,false,Rx,0,8,1D,86,FF,0,80,0A,0,0
8786573,36,false,Rx,0,8,29,6,9D,51,0,0,25,1
8786601,37,false,Rx,0,8,0,0,0,10,0,40,0,0
8786619,38,false,Rx,0,8,4,0,0,0,90,38,96,D4
8787586,39,false,Rx,0,8,0,0,0,0,0,0,0,0
8789574,61,false,Rx,0,8,6D,49,A3,0,0,0,0,0
8789597,62,false,Rx,0,8,2,2,0,2,40,FF,0,FF
8790575,63,false,Rx,0,8,0,0,5,0,0,8,FD,0
8790596,64,false,Rx,0,8,0,0,0,4,FF,FA,0,0
8790614,000000A1,false,Rx,0,8,CB,9D,A3,1A,0,0,0,0
8790632,000000A2,false,Rx,0,8,0,0,0,0,0,0,0,0
8791569,000000A3,false,Rx,0,8,0,40,1,0,0,0,0,0
8792568,0000042A,false,Rx,0,8,F4,DE,FF,1,0,10,0,0
8795572,0000012B,false,Rx,0,8,A0,CC,90,6,0,0,8,0
8795594,0000012C,false,Rx,0,8,0,0,1,0,0,64,0,0
8796569,0000011B,false,Rx,0,8,E7,36,90,5,80,8,A8,2
8796590,0000011C,false,Rx,0,8,0,5,20,0,22,0,1,1
8797568,000001FB,false,Rx,0,8,E2,C5,5B,0,0,0,0,0
8798568,000001FC,false,Rx,0,8,0,0,0,0,0,0,0,0
8798590,000001FD,false,Rx,0,8,0,1A,3,0,0,0,0,0
8798608,000001FE,false,Rx,0,8,0,0,0,0,0,0,0,0
8799575,000001E6,false,Rx,0,8,2E,40,B5,2,0,0,0,0
8799597,000001E7,false,Rx,0,8,0,0,22,3,20,1,0,0
8799614,000001BB,false,Rx,0,8,CC,9E,B5,2,0,0,0,0A
8799632,000001BC,false,Rx,0,8,32,0,0,0,2,0,0,0
8800569,000001BD,false,Rx,0,8,0,0,0,0,0,0,0,0
8806745,0000010B,false,Rx,0,8,B4,95,9F,0,0,0,0,5
8806785,0000010C,false,Rx,0,8,FF,F9,E7,1F,46,44,46,46
8806803,0000010D,false,Rx,0,8,10,3,0,0,0,0,1,35
8806821,0000010E,false,Rx,0,8,0,0,0A,0,0,C0,AB,57
8807683,000002C1,false,Rx,0,8,A9,A4,AF,21,0,41,0,AA
8807716,000002C2,false,Rx,0,8,20,0,0,0,0,0,0,0
8808732,000002C3,false,Rx,0,8,0,0,0,0,0,0,0,0
8808766,000002C4,false,Rx,0,8,0,0,0,0,0,0,0,0
8816592,000001AB,false,Rx,0,8,9D,7,17,50,70,38,0,0
8816629,000001AC,false,Rx,0,8,0,28,0,0,0,0,0,0
8817602,316,false,Rx,0,8,F6,E1,9C,34,14,80,0A,0
8818838,317,false,Rx,0,8,0,0,5,0,0,0,0,0
8818874,000003CB,false,Rx,0,8,36,14,0,F4,0,0,0,0
8818911,472,false,Rx,0,8,5C,EC,0,40,8,41,0,45
8818929,000003CC,false,Rx,0,8,36,31,34,30,33,34,31,0
8818947,473,false,Rx,0,8,5F,24,0,25,0,0,0,78
8818964,474,false,Rx,0,8,93,44,0,0,0,0,0,14
8821394,000002FF,false,Rx,0,8,E2,1,0,F1,3F,0,0,0
8823014,0000019B,false,Rx,0,8,82,DB,9D,0,0,E4,0,0
8823049,0000019C,false,Rx,0,8,40,20,0,0,0,0,0B,9
8825319,0000019D,false,Rx,0,8,0,10,0,1,0,0,0,0
8825400,0000019E,false,Rx,0,8,15,0,0,0,0,32,0,0
8827136,0000033B,false,Rx,0,8,FD,DC,5D,0,0,0,0,0
8827560,0000033C,false,Rx,0,8,0,0,0,0,F0,0,0,0
8827592,0000033D,false,Rx,0,8,0,0,0,0,0,0,0,0
8827615,0000033E,false,Rx,0,8,0,0,0,0,0,0,0,0
8831591,121,false,Rx,0,8,B4,3D,A0,0,0,0,0,5
8831631,122,false,Rx,0,8,FF,D9,67,1F,46,46,46,46
8831649,123,false,Rx,0,8,11,3,0,0,0,0,1,35
8832603,124,false,Rx,0,8,0,0,0A,0,0,0,20,40
8835592,401,false,Rx,0,8,A9,30,10,0,0,4,0,0
8835635,161,false,Rx,0,8,9B,2,CA,3,0,0,0,2
8835653,162,false,Rx,0,8,FF,FC,1,0,0,0,0,0
8836602,36,false,Rx,0,8,C6,2F,A2,51,0,0,25,1
8836637,37,false,Rx,0,8,0,0,0,10,0,40,0,0
8836658,487,false,Rx,0,8,0,0,0,0,0,0,0,0
8837868,38,false,Rx,0,8,4,0,0,0,90,38,96,D4
8837903,642,false,Rx,0,8,FF,FF,FF,FF,FF,FF,0,0
8837921,39,false,Rx,0,8,0,0,0,0,0,0,0,0
8839271,000002E6,false,Rx,0,8,CA,1C,5A,1,0,0,0,15
8840901,256,false,Rx,0,8,C1,7B,5A,15,40,0,E0,0
8841817,000002E7,false,Rx,0,8,0A,0,0,0,0,0,0,0
8842230,257,false,Rx,0,8,0,93,41,17,86,7,0,93
8842274,000002E8,false,Rx,0,8,0,0,0,0,0,0,0,0
8842292,61,false,Rx,0,8,D5,48,A8,0,0,0,0,0
8842310,64,false,Rx,0,8,0,0,0,4,FF,FA,0,0
8842328,94,false,Rx,0,8,0,0,0,0,0,0,0,0
8842345,000000A2,false,Rx,0,8,0,0,0,0,0,0,0,0
8843251,000000A3,false,Rx,0,8,0,40,1,0,0,0,0,0
8844809,566,false,Rx,0,8,16,2,0,0,0,0,FF,FF
8844845,000001F1,false,Rx,0,8,FD,C5,88,1,0,0,28,0
8844863,000001F2,false,Rx,0,8,0,0,0,0,0,0,0,0
8846182,0000011B,false,Rx,0,8,11,1E,95,5,80,8,A8,2
8847346,0000012B,false,Rx,0,8,56,E4,95,6,0,0,8,0
8847432,0000011C,false,Rx,0,8,0,5,20,0,22,0,1,1
8847451,0000012C,false,Rx,0,8,0,0,1,0,0,64,0,0
8849980,000002BF,false,Rx,0,8,FF,FF,FF,0,0,0,0,0
8850016,0000047F,false,Rx,0,8,FF,FF,FF,FF,FF,FF,F3,FF
8850034,653,false,Rx,0,8,0A,19,3,1,2,2A,0,0
8854506,146,false,Rx,0,8,74,87,C7,10,4,1,0,0
8855127,147,false,Rx,0,8,0,4,7D,0,40,0,0,0
8855172,148,false,Rx,0,8,0,0,0,0,0,90,40,5
8855190,149,false,Rx,0,8,0,0,0,0,0,0,0,0
8856612,0000010B,false,Rx,0,8,62,C9,A4,0,0,0,0,5
8856649,0000010C,false,Rx,0,8,FF,F9,E7,1F,46,44,46,46
8856668,0000010D,false,Rx,0,8,10,3,0,0,0,0,1,35
8856686,0000010E,false,Rx,0,8,0,0,0A,0,0,C0,AB,57
8857991,000001B1,false,Rx,0,8,71,1A,C7,0,72,0,0,0
8858381,000001B2,false,Rx,0,8,23,0,4,0F,0F,7,52,10
8858406,000001B3,false,Rx,0,8,10,2C,0,0,87,91,96,90
8858425,000001B4,false,Rx,0,8,95,91,17,0,0,40,1,0
8860727,475,false,Rx,0,8,12,0,0,0,0,0,0,0
8860761,496,false,Rx,0,8,12,0,0,0,0,0,0,0
8865285,0000036F,false,Rx,0,8,E6,91,1,0,0,0,0,0
8865325,0000037F,false,Rx,0,8,9B,30,52,24,41,2,0,0
8865343,111,false,Rx,0,8,AF,36,A3,1,0,0,0,0
8865386,112,false,Rx,0,8,0,0,0,0,0,0,0,0
8865564,113,false,Rx,0,8,0,0,0,0,0,0,0,0
8865582,114,false,Rx,0,8,0,0,0,0,0,0,0,0
8865599,000001A1,false,Rx,0,8,C2,3E,CB,FE,F7,7F,64,0
8866611,000001A2,false,Rx,0,8,0,0,0,0,0,8,0,0
8866644,000001A3,false,Rx,0,8,FF,F3,3F,0,0,0,0,0
8866662,000001A4,false,Rx,0,8,FE,7,0,0,0,0,0,0
8872891,0000019B,false,Rx,0,8,6D,F2,A2,0,0,E4,0,0
8872926,0000019C,false,Rx,0,8,40,20,0,0,0,0,0B,9
8872944,0000019D,false,Rx,0,8,0,10,0,1,0,0,0,0
8873306,0000019E,false,Rx,0,8,15,0,0,0,0,32,0,0
8876712,0000030B,false,Rx,0,8,CD,59,5D,0,4,0,0,0
8876888,0000030C,false,Rx,0,8,0,0,0E,0,2C,0,A0,0F
8876907,000004A3,false,Rx,0,8,80,0,48,0B,3E,0,0,0
8876924,0000030D,false,Rx,0,8,0,0,0,0,FF,0,0,0
8877591,000004A4,false,Rx,0,8,FF,FF,FF,0,0,0,0,0
8877614,0000030E,false,Rx,0,8,0,0,38,5,21,0,0,2
8877632,000001E1,false,Rx,0,8,BD,35,B8,2,0,0,0,0
8878775,000001E2,false,Rx,0,8,0,0,0,0,0,0,0,0
8881049,121,false,Rx,0,8,CB,11,A5,0,0,0,0,5
8881621,122,false,Rx,0,8,FF,D9,67,1F,46,46,46,46
8881649,123,false,Rx,0,8,11,3,0,0,0,0,1,35
8882948,124,false,Rx,0,8,0,0,0A,0,0,0,20,40
8884461,405,false,Rx,0,8,BD,30,0,0,0,1,0,0
8884496,413,false,Rx,0,8,6F,30,0,0,0,0,0,0
8884514,410,false,Rx,0,8,4B,80,59,3C,16,6B,FF,FF
8885773,414,false,Rx,0,8,F0,10,0,0,28,0,0,0
8887056,411,false,Rx,0,8,A8,1,50,50,0,0,44,4
8887089,412,false,Rx,0,8,6D,60,0,0,0,0,0,0
8887473,417,false,Rx,0,8,5F,20,0,0,0,0,0,0
8887512,0000048F,false,Rx,0,8,AD,10,41,0,5,0,0,0
8887532,418,false,Rx,0,8,19,70,0,0,12,0C,0,0
8889589,61,false,Rx,0,8,AA,64,AD,0,0,0,0,0
8889625,62,false,Rx,0,8,2,2,0,2,40,FF,0,FF
8891409,63,false,Rx,0,8,0,0,5,0,0,8,FD,0
8891444,64,false,Rx,0,8,0,0,0,4,FF,FA,0,0
8891462,000000A1,false,Rx,0,8,F8,87,AD,1A,0,0,0,0
8891480,000000A2,false,Rx,0,8,0,0,0,0,0,0,0,0
8891498,000000A3,false,Rx,0,8,0,40,1,0,0,0,0,0
8894598,151,false,Rx,0,8,FD,1D,5D,A0,C8,0,28,19
8895791,152,false,Rx,0,8,16,18,18,0,0B,0,0,0
8896004,000001F6,false,Rx,0,8,CE,3E,5D,0,0,0,0,0E
8896022,153,false,Rx,0,8,0,0,0,0,0,0,0,0
8896040,0000011B,false,Rx,0,8,0B,67,9A,5,80,8,A8,2
8896058,154,false,Rx,0,8,0,0,0,0,0,0,0,0
8896075,0000011C,false,Rx,0,8,0,5,20,0,22,0,1,1
8897328,0000012B,false,Rx,0,8,4C,9D,9A,6,0,0,8,0
8897363,000001F7,false,Rx,0,8,0B,0,0,0,0,0,0,0
8897558,0000012C,false,Rx,0,8,0,0,1,0,0,64,0,0
8897577,000001F8,false,Rx,0,8,0,0,0,0,0,0,0,0
8897594,000002FB,false,Rx,0,8,C0,98,5D,4,5F,1A,CC,CC
8897611,000001F9,false,Rx,0,8,0,0,A0,C8,14,0,0,0
8898930,000002FC,false,Rx,0,8,2,0,16,19,0,0,8E,BF
8898965,236,false,Rx,0,8,5F,C3,5D,0,6E,3C,34,6C
8898983,000002FD,false,Rx,0,8,0,0,0,0,0,1C,0E,EA
8899000,237,false,Rx,0,8,0,15,BA,0,0,AA,1E,0
8899018,000002FE,false,Rx,0,8,0,0,72,1,0,28,0,0
8899036,238,false,Rx,0,8,0,0,5F,0,0,0,0,0
8899593,326,false,Rx,0,8,34,60,5D,0,0,0,0,0
8900907,239,false,Rx,0,8,0,0,0,0,1,0,0,0
8900933,327,false,Rx,0,8,0,0,0,0,5,0,0,0
8902231,0000025B,false,Rx,0,8,77,9F,5D,40,40,20,0,0
8902251,328,false,Rx,0,8,0,0,0,0,0,0,0,0
8902269,0000025C,false,Rx,0,8,0,0,0B,0,34,89,19,0
8902287,0000025D,false,Rx,0,8,0,C8,0,0,0,80,C0,70
8902304,331,false,Rx,0,8,27,2F,5D,F1,C8,A0,2C,97
8902332,334,false,Rx,0,8,C8,0,0,0,AC,70,1D,90
8906087,0000010B,false,Rx,0,8,6F,0F,A9,0,0,0,0,5
8906131,0000010C,false,Rx,0,8,FF,F9,E7,1F,46,44,46,46
8906150,0000010D,false,Rx,0,8,10,3,0,0,0,0,1,35
8906579,0000010E,false,Rx,0,8,0,0,0A,0,0,C0,AB,57
8908502,000002AB,false,Rx,0,8,36,4C,5E,0C,0C,0,0,0
8908632,000002AC,false,Rx,0,8,0,FF,FF,0,0,40,0,50
8908651,000002AD,false,Rx,0,8,0,1,0,40,FF,FF,FF,0F
8908668,000002AE,false,Rx,0,8,1,0,FF,3F,1,1,0,0
8908696,000002B6,false,Rx,0,8,44,3D,5E,1,0,0,0,40
8908719,252,false,Rx,0,8,0,0,0,0,3,0,0,0
8909582,000002B9,false,Rx,0,8,0A,0,0,0,0,0,0,0
8909605,253,false,Rx,0,8,0,0,0,51,51,0,80,44
8909623,000002E1,false,Rx,0,8,15,69,5E,0,0,0,0,40
8910573,396,false,Rx,0,8,69,0A,AE,0F,8,1,0,2
8910594,000002E2,false,Rx,0,8,FD,0,0,0,0,14,0,4
8910612,397,false,Rx,0,8,4,0,0,0,0,0,0,0
8910637,000002E3,false,Rx,0,8,0,0,0,0,0,0,72,1
8910655,398,false,Rx,0,8,0,0,0,0,0,0,0,0
8911567,000002E4,false,Rx,0,8,2,0,0,0,0,0,0,0
8916564,000001AB,false,Rx,0,8,55,FE,1C,50,70,38,0,0
8916584,000001AC,false,Rx,0,8,0,28,0,0,0,0,0,0
8917567,226,false,Rx,0,8,8D,4,39,FF,43,E1,5,42
8917595,227,false,Rx,0,8,2,70,E1,8,0,F2,17,4
8918565,383,false,Rx,0,8,12,ED,1,0,2,0,0,0
8918583,000003A1,false,Rx,0,8,E6,10,BF,0,FF,FF,FF,FF
8918601,000003A2,false,Rx,0,8,0,0,0,0,0,0,0,0
8922572,0000019B,false,Rx,0,8,12,DE,A7,0,0,E4,0,0
8922593,0000019C,false,Rx,0,8,40,20,0,0,0,0,0B,9
8922611,0000019D,false,Rx,0,8,0,10,0,1,0,0,0,0
8923565,0000019E,false,Rx,0,8,15,0,0,0,0,32,0,0
8923584,419,false,Rx,0,8,0E,70,8B,D6,6D,86,90,0
8923602,000002D6,false,Rx,0,8,A2,9E,AE,0,0,0,0,0
8924567,000002EB,false,Rx,0,8,91,EA,AE,9,8,1,0,2
8924587,000002D7,false,Rx,0,8,0,0,0,0,3,0,0,0
8924605,000002EC,false,Rx,0,8,7,0,0,0,0,0,0,0
8924622,000002D8,false,Rx,0,8,0,0,0,0,0,0,38,45
8925569,000002ED,false,Rx,0,8,0,0,0,0,0,0,0,0
8925590,000002D9,false,Rx,0,8,0,0,0,0,0,0,0,0
8925607,000002EE,false,Rx,0,8,0,0,0,0,0,0,0,0
8927564,356,false,Rx,0,8,28,8E,AF,0,0,0,0,0
8927584,357,false,Rx,0,8,0,0,0,0,0,4B,4D,48
8928567,358,false,Rx,0,8,35,41,45,4D,52,37,33,4F
8928587,359,false,Rx,0,8,51,4F,34,52,4A,35,33,0
8931564,121,false,Rx,0,8,4A,65,AA,0,0,0,0,5
8931584,122,false,Rx,0,8,FF,D9,67,1F,46,46,46,46
8931602,123,false,Rx,0,8,11,3,0,0,0,0,1,35
8932569,124,false,Rx,0,8,0,0,0A,0,0,0,20,40
8933565,000000FF,false,Rx,0,8,CB,10,0,0,0,0,2,0
8934568,394,false,Rx,0,8,2A,22,1A,49,0,0,0,0
8934589,000003C3,false,Rx,0,8,45,10,31,30,36,0,0,0
8934607,000003E0,false,Rx,0,8,66,20,1,0,54,3,0,0
8935565,000003E5,false,Rx,0,8,37,80,1,0,0,0,0,0
8935585,000003E6,false,Rx,0,8,67,90,0,0,0,0,0,0
8936568,161,false,Rx,0,8,6D,2A,CF,3,0,0,0,2
8936589,0000041A,false,Rx,0,8,8D,D0,12,0,0,0,0,0
8936607,36,false,Rx,0,8,1,2,AC,51,0,0,25,1
8936631,162,false,Rx,0,8,FF,FC,1,0,0,0,0,0
8936649,37,false,Rx,0,8,0,0,0,10,0,40,0,0
8937565,38,false,Rx,0,8,4,0,0,0,90,38,96,D4
8937584,39,false,Rx,0,8,0,0,0,0,0,0,0,0
8938567,384,false,Rx,0,8,E9,DC,2,0,0,FF,0,21
8938587,0000041B,false,Rx,0,8,70,D0,0,0,0,0,0,0
8939569,000003B6,false,Rx,0,8,3C,BD,AD,0,0,0,0,46
8939589,000003B7,false,Rx,0,8,46,0,0,0,0,0,0,0
8939607,0000041C,false,Rx,0,8,48,0,E0,0,0,0,0,0
8939625,61,false,Rx,0,8,EE,D4,B2,0,0,0,0,0
8940565,000003B8,false,Rx,0,8,0C,3,0,0,0,0,69,0E
8940585,62,false,Rx,0,8,2,2,0,2,40,FF,0,FF
8940602,000003B9,false,Rx,0,8,0,0,0,0,0,0,0,0
8940619,63,false,Rx,0,8,0,0,5,0,0,8,FD,0
8941567,422,false,Rx,0,8,9D,70,1,0,0,0,4,0
8941587,64,false,Rx,0,8,0,0,0,4,FF,FA,0,0
8941605,91,false,Rx,0,8,49,FF,5C,0,0,0,0,0
8941623,92,false,Rx,0,8,0,0,0,0,0,0,0,0
8942750,93,false,Rx,0,8,0,0,0,0,0,0,0,0
8942782,94,false,Rx,0,8,0,0,0,0,0,0,0,0
8942800,000000A1,false,Rx,0,8,9B,EA,B2,1A,0,0,0,0
8942818,432,false,Rx,0,8,3,20,2,0,0,0,0,0
8942836,000000A2,false,Rx,0,8,0,0,0,0,0,0,0,0
8943849,435,false,Rx,0,8,26,C0,0,40,0,0,0,0
8943882,000000A3,false,Rx,0,8,0,40,1,0,0,0,0,0
8944214,442,false,Rx,0,8,CE,20,11,81,0,0,0,0
8944242,444,false,Rx,0,8,D5,20,20,50,55,50,0,0
8944606,445,false,Rx,0,8,C6,C0,0,0,0,0,0,18
8944635,516,false,Rx,0,8,61,2,0,0,0,0,FF,FF
8945567,0000011B,false,Rx,0,8,FD,4F,9F,5,80,8,A8,2
8946561,0000012B,false,Rx,0,8,BA,B5,9F,6,0,0,8,0
8946581,0000011C,false,Rx,0,8,0,5,20,0,22,0,1,1
8946598,0000012C,false,Rx,0,8,0,0,1,0,0,64,0,0
8946615,464,false,Rx,0,8,D5,20,F0,FF,38,7F,5,0
8947564,000000C5,false,Rx,0,8,0,0,0,0,0,0,0,0
8948561,244,false,Rx,0,8,FF,FF,FF,FF,FF,FF,FF,FF
8948581,000004B4,false,Rx,0,8,0,0,0,0,0,0,0,0
8948598,000004B5,false,Rx,0,8,8,0,F0,7,0,0,0,0
8948615,000004B7,false,Rx,0,8,8,0,F0,7,0,0,0,0
8949570,000001E6,false,Rx,0,8,5D,79,B8,2,0,0,0,0
8949596,000004CA,false,Rx,0,8,0,0,0,0,0,0,0,0
8949614,000001BB,false,Rx,0,8,FA,DD,B8,2,0,0,0,0A
8949631,000004CC,false,Rx,0,8,8,0,0,6,0,0,3,0
8950564,000001BC,false,Rx,0,8,32,0,0,0,2,0,0,0
8950588,000004CE,false,Rx,0,8,14,1,FF,FF,FF,FF,FF,FF
8950606,000001BD,false,Rx,0,8,0,0,0,0,0,0,0,0
8950624,000004D7,false,Rx,0,8,23,1,0,0,0,0,0,0
8951563,000001E7,false,Rx,0,8,0,0,22,3,20,1,0,0
8951586,000004D8,false,Rx,0,8,41,10,F0,F0,40,F2,1E,CC
8951604,146,false,Rx,0,8,CC,86,CC,10,4,1,0,0
8951628,000004DD,false,Rx,0,8,0,0,FE,0,4,0,0,0
8951646,147,false,Rx,0,8,0,4,7D,0,40,0,0,0
8952563,000004DF,false,Rx,0,8,FF,3,0C,3F,0,0,0,0
8952587,148,false,Rx,0,8,0,0,0,0,0,90,40,5
8952611,000004E7,false,Rx,0,8,0,30,0,0,0,0,69,0
8952629,149,false,Rx,0,8,0,0,0,0,0,0,0,0
8953564,000004E8,false,Rx,0,8,FF,FF,FF,5,FF,FF,FF,0
8953586,000004E9,false,Rx,0,8,12,0,0,34,0,0,50,0
8953604,000004EA,false,Rx,0,8,67,0,0,89,0,0,0,0
8953628,495,false,Rx,0,8,49,0,0,0,0,0,0,0
8954564,000003AA,false,Rx,0,8,FF,0,B0,0,54,0,0,0
8954587,000004EB,false,Rx,0,8,10,80,33,1,80,0,0,0
8954605,000004EC,false,Rx,0,8,0,0,0,0,0,0,0,0
8955567,000004ED,false,Rx,0,8,0,0,0,0,0,FF,FF,1F
8955588,000004EE,false,Rx,0,8,FF,FF,0,0,0,0,0,0
8955606,000004EF,false,Rx,0,8,60,0,60,0,29,14,0,0
8955624,000004F0,false,Rx,0,8,4A,10,33,1,58,1A,18,2
8956566,0000010B,false,Rx,0,8,6A,44,AE,0,0,0,0,5
8956592,000004F1,false,Rx,0,8,0,C0,0,0,0,0,0,0
8956610,0000010C,false,Rx,0,8,FF,F9,E7,1F,46,45,46,46
8956628,000004F2,false,Rx,0,8,2,FF,DD,FF,3,1,0,0
8956652,0000010D,false,Rx,0,8,10,3,0,0,0,0,1,35
8957565,000004F3,false,Rx,0,8,0,0,0,0,F0,0,0,0
8957586,0000010E,false,Rx,0,8,0,0,0A,0,0,C0,AB,57
8957604,000001B1,false,Rx,0,8,C9,1B,CC,0,72,0,0,0
8957628,000004F9,false,Rx,0,8,E0,FF,FF,FF,FF,FF,FF,FF
8958565,000001B2,false,Rx,0,8,23,0,4,0F,0F,7,52,10
8958593,0000063D,false,Rx,0,8,0,80,0,0,0,0,0,0
8958611,000001B3,false,Rx,0,8,10,2C,0,0,87,91,96,90
8958629,0000063E,false,Rx,0,8,FF,FF,FF,FF,FF,FF,FF,FF
8959565,000001B4,false,Rx,0,8,95,91,17,0,0,40,1,0
8959587,0000063F,false,Rx,0,8,0,10,0,C4,FF,0,0,0
8959610,640,false,Rx,0,8,FF,FF,FF,0,FF,FF,FF,0
8959628,641,false,Rx,0,8,FF,FF,FF,FF,0F,FF,FF,FF
8960565,646,false,Rx,0,8,0,0,0,80,1,0,0,0
8963562,380,false,Rx,0,8,AD,D7,FF,0,0,0,0,1
8963582,0000036F,false,Rx,0,8,30,A1,1,0,0,0,0,0
8963599,419,false,Rx,0,8,0E,70,8B,D6,6D,86,90,0
8964564,0000037F,false,Rx,0,8,93,40,52,24,41,2,0,0
8965563,000001A1,false,Rx,0,8,BF,FB,D0,FE,F7,7F,64,0
8966636,000001A2,false,Rx,0,8,0,0,0,0,0,8,0,0
8966670,000001A3,false,Rx,0,8,FF,F3,3F,0,0,0,0,0
8966688,000003B0,false,Rx,0,8,72,37,FF,C7,0,0,3,C0
8966706,000001A4,false,Rx,0,8,FE,7,0,0,0,0,0,0
8968426,000003B1,false,Rx,0,8,9B,3C,FF,40,0,0,20,0
8969576,652,false,Rx,0,8,0,0,0,0C,0,0,0,0
8969601,448,false,Rx,0,8,0,C0,0,0,0,0,0,0
8972573,0000019B,false,Rx,0,8,AA,DF,AC,0,0,E4,0,0
8972596,0000019C,false,Rx,0,8,40,20,0,0,0,0,0B,9
8972615,0000019D,false,Rx,0,8,0,10,0,1,0,0,0,0
8973567,0000019E,false,Rx,0,8,15,0,0,0,0,32,0,0
8978565,000003B2,false,Rx,0,8,36,15,FF,2,29,2F,34,0
8981564,121,false,Rx,0,8,35,49,AF,0,0,0,0,5
8981586,122,false,Rx,0,8,FF,D9,67,1F,46,46,46,46
8981605,123,false,Rx,0,8,11,3,0,0,0,0,1,35
8982566,124,false,Rx,0,8,0,0,0A,0,0,0,20,40
8982587,427,false,Rx,0,8,1D,86,FF,0,80,0A,0,0
8986567,36,false,Rx,0,8,C9,0,B1,51,0,0,25,1
8986589,37,false,Rx,0,8,0,0,0,10,0,40,0,0
8986608,38,false,Rx,0,8,4,0,0,0,90,38,96,D4
8987566,39,false,Rx,0,8,0,0,0,0,0,0,0,0
8989565,652,false,Rx,0,8,0,0,0,4,0,0,0,0
8989586,61,false,Rx,0,8,91,F8,B7,0,0,0,0,0
8989604,62,false,Rx,0,8,2,2,0,2,40,FF,0,FF
8990589,63,false,Rx,0,8,0,0,5,0,0,8,FD,0
8990618,64,false,Rx,0,8,0,0,0,4,FF,FA,0,0
8990636,000000A1,false,Rx,0,8,94,1,B7,1A,0,0,0,0
8990653,000000A2,false,Rx,0,8,0,0,0,0,0,0,0,0
8991577,000000A3,false,Rx,0,8,0,40,1,0,0,0,0,0
8992573,0000042A,false,Rx,0,8,F4,DE,FF,1,0,10,0,0
8994571,000001F1,false,Rx,0,8,B0,2D,8B,1,0,0,28,0
8994593,000001F2,false,Rx,0,8,0,0,0,0,0,0,0,0
8995567,0000011B,false,Rx,0,8,2B,D3,A4,5,80,8,A8,2
8996566,0000012B,false,Rx,0,8,6C,29,A4,6,0,0,8,0
8996587,0000011C,false,Rx,0,8,0,5,20,0,22,0,1,1
8996605,0000012C,false,Rx,0,8,0,0,1,0,0,64,0,0
8998566,000001FB,false,Rx,0,8,57,2,5D,0,0,0,0,0
8998588,000001FC,false,Rx,0,8,0,0,0,0,0,0,0,0
8998606,000001FD,false,Rx,0,8,0,1A,3,0,0,0,0,0
8998624,000001FE,false,Rx,0,8,0,0,0,0,0,0,0,0
9006566,0000010B,false,Rx,0,8,54,93,B3,0,0,0,0,5
9006588,0000010C,false,Rx,0,8,FF,F9,E7,1F,46,44,46,46
9006606,0000010D,false,Rx,0,8,10,3,0,0,0,0,1,35
9006624,0000010E,false,Rx,0,8,0,0,0A,0,0,C0,AB,57
9007566,000002C1,false,Rx,0,8,ED,14,B0,21,0,41,0,AA
9007592,000002C2,false,Rx,0,8,20,0,0,0,0,0,0,0
9008563,000002C3,false,Rx,0,8,0,0,0,0,0,0,0,0
9008588,000002C4,false,Rx,0,8,0,0,0,0,0,0,0,0
9016593,000001AB,false,Rx,0,8,38,A2,21,50,70,38,0,0
9016636,000001AC,false,Rx,0,8,0,28,0,0,0,0,0,0
9017599,000002FF,false,Rx,0,8,E2,1,0,F1,3F,0,0,0
9018819,316,false,Rx,0,8,D2,49,9D,34,14,80,0A,0
9018854,472,false,Rx,0,8,5C,EC,0,40,8,41,0,45
9018872,317,false,Rx,0,8,0,0,5,0,0,0,0,0
9018890,473,false,Rx,0,8,5F,24,0,25,0,0,0,78
9018908,474,false,Rx,0,8,93,44,0,0,0,0,0,14
9022766,0000019B,false,Rx,0,8,62,DD,B1,0,0,E4,0,0
9022813,0000019C,false,Rx,0,8,40,20,0,0,0,0,0B,9
9022831,0000019D,false,Rx,0,8,0,10,0,1,0,0,0,0
9022849,0000019E,false,Rx,0,8,15,0,0,0,0,32,0,0
9026722,000001E1,false,Rx,0,8,F0,DD,BB,2,0,0,0,0
9026761,000001E2,false,Rx,0,8,0,0,0,0,0,0,0,0
9026779,0000033B,false,Rx,0,8,71,6E,5F,0,0,0,0,0
9027906,0000033C,false,Rx,0,8,0,0,0,0,F0,0,0,0
9027942,0000033D,false,Rx,0,8,0,0,0,0,0,0,0,0
9027960,0000033E,false,Rx,0,8,0,0,0,0,0,0,0,0
9029691,652,false,Rx,0,8,0,0,0,4,0,0,0,0
9031588,121,false,Rx,0,8,48,8C,B4,0,0,0,0,5
9031624,122,false,Rx,0,8,FF,D9,67,1F,46,46,46,46
9031642,123,false,Rx,0,8,11,3,0,0,0,0,1,35
9032717,124,false,Rx,0,8,0,0,0A,0,0,0,20,40
9035591,401,false,Rx,0,8,A9,30,10,0,0,4,0,0
9035631,161,false,Rx,0,8,AF,F0,D4,3,0,0,0,2
9036600,162,false,Rx,0,8,FF,FC,1,0,0,0,0,0
9036633,36,false,Rx,0,8,3A,9E,B6,51,0,0,25,1
9036651,37,false,Rx,0,8,0,0,0,10,0,40,0,0
9036669,38,false,Rx,0,8,4,0,0,0,90,38,96,D4
9037680,39,false,Rx,0,8,0,0,0,0,0,0,0,0
9038999,000002E6,false,Rx,0,8,7F,DB,5C,1,0,0,0,15
9039033,256,false,Rx,0,8,70,56,5C,15,40,0,C0,0
9039425,000002E7,false,Rx,0,8,0A,0,0,0,0,0,0,0
9039483,257,false,Rx,0,8,0,93,41,14,86,7,0,93
9040772,000002E8,false,Rx,0,8,0,0,0,0,0,0,0,0
9040803,61,false,Rx,0,8,29,F9,BC,0,0,0,0,0
9040820,258,false,Rx,0,8,0B,71,1E,0,10,15,0,28
9040838,62,false,Rx,0,8,2,2,0,2,40,FF,0,FF
9040856,259,false,Rx,0,8,3E,5,89,3C,4C,2,0,0
9041800,487,false,Rx,0,8,0,0,0,0,0,0,0,0
9043069,000000A1,false,Rx,0,8,A8,F0,BC,1A,0,0,0,0
9043106,642,false,Rx,0,8,FF,FF,FF,FF,FF,FF,0,0
9043125,91,false,Rx,0,8,0F,A6,5D,0,0,0,0,0
9043534,645,false,Rx,0,8,C7,35,6,79,E0,32,56,0
9044789,92,false,Rx,0,8,0,0,0,0,0,0,0,0
9046048,000000A3,false,Rx,0,8,0,40,1,0,0,0,0,0
9046079,561,false,Rx,0,8,63,2,0,0,0,0,FF,FF
9046097,0000011B,false,Rx,0,8,58,EA,A9,5,80,8,A8,2
9046115,0000012B,false,Rx,0,8,1F,10,A9,6,0,0,8,0
9047664,0000011C,false,Rx,0,8,0,5,20,0,22,0,1,1
9047699,0000012C,false,Rx,0,8,0,0,1,0,0,64,0,0
9050163,000002BF,false,Rx,0,8,FF,FF,FF,0,0,0,0,0
9050198,0000047F,false,Rx,0,8,FF,FF,FF,FF,FF,FF,F3,FF
9050217,653,false,Rx,0,8,0A,19,3,1,2,2A,0,0
9051861,146,false,Rx,0,8,4,84,D1,10,4,1,0,0
9051896,147,false,Rx,0,8,0,4,7D,0,40,0,0,0
9053036,148,false,Rx,0,8,0,0,0,0,0,90,40,5
9053105,149,false,Rx,0,8,0,0,0,0,0,0,0,0
9056080,0000010B,false,Rx,0,8,EC,92,B8,0,0,0,0,5
9056117,0000010C,false,Rx,0,8,FF,F9,E7,1F,46,44,46,46
9057575,0000010D,false,Rx,0,8,10,3,0,0,0,0,1,35
9057612,0000010E,false,Rx,0,8,0,0,0A,0,0,C0,AB,57
9057630,000001B1,false,Rx,0,8,1,19,D1,0,72,0,0,0
9057648,000001B2,false,Rx,0,8,23,0,4,0F,0F,7,52,10
9057674,000001B3,false,Rx,0,8,10,2C,0,0,87,91,96,90
9058867,000001B4,false,Rx,0,8,95,91,17,0,0,40,1,0
9060261,475,false,Rx,0,8,12,0,0,0,0,0,0,0
9060672,496,false,Rx,0,8,12,0,0,0,0,0,0,0
9063851,0000036F,false,Rx,0,8,89,B1,1,0,0,0,0,0
9063890,0000037F,false,Rx,0,8,2A,50,52,24,41,2,0,0
9064866,111,false,Rx,0,8,5C,A8,A4,1,0,0,0,0
9064915,112,false,Rx,0,8,0,0,0,0,0,0,0,0
9066152,113,false,Rx,0,8,0,0,0,0,0,0,0,0
9066258,114,false,Rx,0,8,0,0,0,0,0,0,0,0
9066277,000001A1,false,Rx,0,8,C0,D7,D5,FE,F7,7F,64,0
9066294,000001A2,false,Rx,0,8,0,0,0,0,0,8,0,0
9066312,000001A3,false,Rx,0,8,FF,F3,3F,0,0,0,0,0
9066330,000001A4,false,Rx,0,8,FE,7,0,0,0,0,0,0
9069889,652,false,Rx,0,8,0,0,0,4,0,0,0,0
9072595,0000019B,false,Rx,0,8,91,43,B6,0,0,E4,0,0
9072633,0000019C,false,Rx,0,8,40,20,0,0,0,0,0B,9
9072651,0000019D,false,Rx,0,8,0,10,0,1,0,0,0,0
9073604,0000019E,false,Rx,0,8,15,0,0,0,0,32,0,0
9076595,0000030B,false,Rx,0,8,E1,59,5F,0,4,0,0,0
9076630,0000030C,false,Rx,0,8,0,0,0E,0,2C,0,A0,0F
9076648,0000030D,false,Rx,0,8,0,0,0,0,FF,0,0,0
9077576,0000030E,false,Rx,0,8,0,0,38,5,21,0,0,4
9079606,000004A3,false,Rx,0,8,80,0,48,0B,3E,0,0,0
9079645,000004A4,false,Rx,0,8,FF,FF,FF,0,0,0,0,0
9081744,121,false,Rx,0,8,45,4A,B9,0,0,0,0,5
9081783,122,false,Rx,0,8,FF,D9,67,1F,46,46,46,46
9081801,123,false,Rx,0,8,11,3,0,0,0,0,1,35
9081819,124,false,Rx,0,8,0,0,0A,0,0,0,20,40
9084437,405,false,Rx,0,8,BD,30,0,0,0,1,0,0
9084864,413,false,Rx,0,8,6F,30,0,0,0,0,0,0
9085917,410,false,Rx,0,8,4B,80,59,3C,16,6B,FF,FF
9085997,414,false,Rx,0,8,F0,10,0,0,28,0,0,0
9086018,411,false,Rx,0,8,A8,1,50,50,0,0,44,4
9086035,412,false,Rx,0,8,6D,60,0,0,0,0,0,0
9086053,417,false,Rx,0,8,5F,20,0,0,0,0,0,0
9086070,418,false,Rx,0,8,19,70,0,0,12,0C,0,0
9086088,36,false,Rx,0,8,37,58,BB,51,0,0,25,1
9086579,37,false,Rx,0,8,0,0,0,10,0,40,0,0
9086605,38,false,Rx,0,8,4,0,0,0,90,38,96,D4
9087890,39,false,Rx,0,8,0,0,0,0,0,0,0,0
9089588,61,false,Rx,0,8,3D,41,C1,0,0,0,0,0
9089624,62,false,Rx,0,8,2,2,0,2,40,FF,0,FF
9091131,63,false,Rx,0,8,0,0,5,0,0,8,FD,0
9091180,64,false,Rx,0,8,0,0,0,4,FF,FA,0,0
9091198,000000A1,false,Rx,0,8,6,62,C1,1A,0,0,0,0
9091216,000000A2,false,Rx,0,8,0,0,0,0,0,0,0,0
9091234,000000A3,false,Rx,0,8,0,40,1,0,0,0,0,0
9095606,151,false,Rx,0,8,71,AF,5F,A0,C8,0,28,19
9095661,000001F6,false,Rx,0,8,42,8C,5F,0,0,0,0,0E
9095679,152,false,Rx,0,8,16,18,18,0,0B,0,0,0
9095696,000001F7,false,Rx,0,8,0B,0,0,0,0,0,0,0
9095714,153,false,Rx,0,8,0,0,0,0,0,0,0,0
9096780,0000011B,false,Rx,0,8,C7,82,AE,5,80,8,A8,2
9096814,0000012B,false,Rx,0,8,80,78,AE,6,0,0,8,0
9096832,0000011C,false,Rx,0,8,0,5,20,0,22,0,1,1
9096850,0000012C,false,Rx,0,8,0,0,1,0,0,64,0,0
9096875,000001F8,false,Rx,0,8,0,0,0,0,0,0,0,0
9097894,154,false,Rx,0,8,0,0,0,0,0,0,0,0
9097930,000001F9,false,Rx,0,8,0,0,A0,C8,14,0,0,0
9097948,000002FB,false,Rx,0,8,2D,86,5F,4,5F,1A,CC,CC
9097966,236,false,Rx,0,8,D3,71,5F,0,6E,3C,34,6C
9098386,000002FC,false,Rx,0,8,3,0,16,19,0,0,8E,BF
9098416,237,false,Rx,0,8,0,15,BA,0,0,AA,1E,0
9098590,000002FD,false,Rx,0,8,0,0,0,0,0,1C,0E,EA
9100071,238,false,Rx,0,8,0,0,5F,0,0,0,0,0
9100104,000001E6,false,Rx,0,8,10,91,BB,2,0,0,0,0
9100122,239,false,Rx,0,8,0,0,0,0,1,0,0,0
9100140,000001E7,false,Rx,0,8,0,0,22,3,20,1,0,0
9100523,0000025B,false,Rx,0,8,DA,7C,5F,40,40,20,0,0
9100643,0000025C,false,Rx,0,8,0,0,0B,0,34,89,19,0
9100663,000001BB,false,Rx,0,8,FF,84,BB,2,0,0,0,0A
9101687,0000025D,false,Rx,0,8,0,C8,0,0,0,80,C0,70
9101733,000001BC,false,Rx,0,8,32,0,0,0,2,0,0,0
9101750,0000025E,false,Rx,0,8,AC,7,0E,0F,0,0,0,0
9101768,000001BD,false,Rx,0,8,0,0,0,0,0,0,0,0
9102153,326,false,Rx,0,8,B8,D2,5F,0,0,0,0,0
9102179,382,false,Rx,0,8,F1,7A,1,0,0,1,8,0
9102599,327,false,Rx,0,8,0,0,0,0,5,0,0,0
9102623,328,false,Rx,0,8,0,0,0,0,0,0,0,0
9103769,329,false,Rx,0,8,A0,0,0,0,0,0,0,0
9103818,331,false,Rx,0,8,AB,9D,5F,F1,C8,A0,2C,97
9103836,332,false,Rx,0,8,94,2,0,0,0,0,0,0
9104200,333,false,Rx,0,8,0,0,0,1C,0C,40,20,A0
9104229,334,false,Rx,0,8,C8,0,0,0,AC,70,1D,90
9106735,0000010B,false,Rx,0,8,93,BE,BD,0,0,0,0,5
9106774,0000010C,false,Rx,0,8,FF,F9,E7,1F,46,44,46,46
9106792,0000010D,false,Rx,0,8,10,3,0,0,0,0,1,35
9106810,0000010E,false,Rx,0,8,0,0,0A,0,0,C0,AB,57
9106828,000002AB,false,Rx,0,8,9F,3C,60,0C,0C,0,0,0
9107765,000002AC,false,Rx,0,8,0,FF,FF,0,0,40,0,50
9107798,000002AD,false,Rx,0,8,0,1,0,40,FF,FF,FF,0F
9107816,000002AE,false,Rx,0,8,1,0,FF,3F,1,1,0,0
9107834,000002B6,false,Rx,0,8,ED,4D,60,1,0,0,0,40
9108794,000002B7,false,Rx,0,8,8,2,F0,0,0,4,0,0
9108829,251,false,Rx,0,8,5A,25,5F,0,0,0,0,0
9108847,000002B8,false,Rx,0,8,AA,11,11,0,0,0,0,0
9108865,252,false,Rx,0,8,0,0,0,0,3,0,0,0
9110279,000002B9,false,Rx,0,8,0A,0,0,0,0,0,0,0
9110313,253,false,Rx,0,8,0,0,0,51,51,0,80,44
9110331,000002E1,false,Rx,0,8,BC,19,60,0,0,0,0,40
9110349,396,false,Rx,0,8,D9,C7,AF,0F,8,1,0,2
9110366,000002E2,false,Rx,0,8,FD,0,0,0,0,14,0,4
9110744,000002E3,false,Rx,0,8,0,0,0,0,0,0,72,1
9110767,398,false,Rx,0,8,0,0,0,0,0,0,0,0
9111818,000002E4,false,Rx,0,8,2,0,0,0,0,0,0,0
9116049,000001AB,false,Rx,0,8,A7,CA,26,50,70,38,0,0
9116091,000001AC,false,Rx,0,8,0,28,0,0,0,0,0,0
9117596,226,false,Rx,0,8,E4,44,3B,FF,43,E1,5,42
9117627,227,false,Rx,0,8,2,70,E1,8,0,F2,17,4
9118623,383,false,Rx,0,8,12,ED,1,0,2,0,0,0
9118658,000003A1,false,Rx,0,8,CA,80,C0,0,FF,FF,FF,FF
9118677,000003A2,false,Rx,0,8,0,0,0,0,0,0,0,0
9122910,0000019B,false,Rx,0,8,9C,85,BB,0,0,E4,0,0
9122949,0000019C,false,Rx,0,8,40,20,0,0,0,0,0B,9
9122967,0000019D,false,Rx,0,8,0,10,0,1,0,0,0,0
9122984,0000019E,false,Rx,0,8,15,0,0,0,0,32,0,0
9123582,000002D6,false,Rx,0,8,E4,C7,AF,0,0,0,0,0
9123632,000002D7,false,Rx,0,8,0,0,0,0,3,0,0,0
9125463,000002EB,false,Rx,0,8,70,8E,AF,9,8,1,0,2
9125516,000002D8,false,Rx,0,8,0,0,0,0,0,0,38,45
9125879,000002EC,false,Rx,0,8,2,0,0,0,0,0,0,0
9127025,000002D9,false,Rx,0,8,0,0,0,0,0,0,0,0
9127089,000002ED,false,Rx,0,8,0,0,0,0,0,0,0,0
9127108,000002EE,false,Rx,0,8,0,0,0,0,0,0,0,0
9128071,356,false,Rx,0,8,6C,3E,B0,0,0,0,0,0
9128106,357,false,Rx,0,8,0,0,0,0,0,4B,4D,48
9128124,358,false,Rx,0,8,35,41,45,4D,52,37,33,4F
9128142,359,false,Rx,0,8,51,4F,34,52,4A,35,33,0
9131569,121,false,Rx,0,8,B6,D4,BE,0,0,0,0,5
9131594,122,false,Rx,0,8,FF,D9,67,1F,46,46,46,46
9131612,123,false,Rx,0,8,11,3,0,0,0,0,1,35
9132567,124,false,Rx,0,8,0,0,0A,0,0,0,20,40
9133915,000000FF,false,Rx,0,8,CB,10,0,0,0,0,2,0
9134072,394,false,Rx,0,8,2A,22,1A,49,0,0,0,0
9134090,000003C3,false,Rx,0,8,45,10,31,30,36,0,0,0
9135189,000003E0,false,Rx,0,8,66,20,1,0,54,3,0,0
9136414,563,false,Rx,0,8,65,2,0,0,0,0,FF,FF
9136498,000003E5,false,Rx,0,8,37,80,1,0,0,0,0,0
9136518,000003E6,false,Rx,0,8,67,90,0,0,0,0,0,0
9137706,0000041A,false,Rx,0,8,8D,D0,12,0,0,0,0,0
9137780,161,false,Rx,0,8,DC,C9,D9,3,0,0,0,2
9137798,162,false,Rx,0,8,FF,FC,1,0,0,0,0,0
9137847,37,false,Rx,0,8,0,0,0,10,0,40,0,0
9137865,38,false,Rx,0,8,4,0,0,0,90,38,96,D4
9138252,39,false,Rx,0,8,0,0,0,0,0,0,0,0
9138293,384,false,Rx,0,8,E9,DC,2,0,0,FF,0,21
9139464,0000041B,false,Rx,0,8,70,D0,0,0,0,0,0,0
9139515,000003B6,false,Rx,0,8,F6,56,AE,0,0,0,0,46
9139533,000003B7,false,Rx,0,8,46,0,0,0,0,0,0,0
9139739,0000041C,false,Rx,0,8,48,0,E0,0,0,0,0,0
9139758,61,false,Rx,0,8,CE,DF,C6,0,0,0,0,0
9139775,000003B8,false,Rx,0,8,0C,3,0,0,0,0,69,0E
9140887,62,false,Rx,0,8,2,2,0,2,40,FF,0,FF
9140923,000003B9,false,Rx,0,8,0,0,0,0,0,0,0,0
9140941,63,false,Rx,0,8,0,0,5,0,0,8,FD,0
9141361,64,false,Rx,0,8,0,0,0,4,FF,FA,0,0
9141400,91,false,Rx,0,8,C5,4D,5E,0,0,0,0,0
9141420,92,false,Rx,0,8,0,0,0,0,0,0,0,0
9143549,93,false,Rx,0,8,0,0,0,0,0,0,0,0
9143647,422,false,Rx,0,8,9D,70,1,0,0,0,4,0
9143998,94,false,Rx,0,8,0,0,0,0,0,0,0,0
9145236,000000A1,false,Rx,0,8,0F,E7,C6,1A,0,0,0,0
9146422,445,false,Rx,0,8,C6,C0,0,0,0,0,0,18
9146458,0000011B,false,Rx,0,8,BE,98,B3,5,80,8,A8,2
9146867,0000012C,false,Rx,0,8,0,0,1,0,0,64,0,0
9148100,464,false,Rx,0,8,D5,20,F0,FF,38,7F,5,0
9149986,000000C5,false,Rx,0,8,0,0,0,0,0,0,0,0
9150021,244,false,Rx,0,8,FF,FF,FF,FF,FF,FF,FF,FF
9150039,000003E4,false,Rx,0,8,FE,0,0,0,0,0,0,0
9151175,000004B4,false,Rx,0,8,0,0,0,0,0,0,0,0
9151208,000004B5,false,Rx,0,8,8,0,F0,7,0,0,0,0
9152406,000004B7,false,Rx,0,8,8,0,F0,7,0,0,0,0
9153705,146,false,Rx,0,8,F7,1A,D6,10,4,1,0,0
9153755,000004CA,false,Rx,0,8,0,0,0,0,0,0,0,0
9153773,147,false,Rx,0,8,0,4,7D,0,40,0,0,0
9153791,000004CC,false,Rx,0,8,8,0,0,6,0,0,3,0
9153809,148,false,Rx,0,8,0,0,0,0,0,90,40,5
9154219,000004DF,false,Rx,0,8,FF,3,0C,3F,0,0,0,0
9155602,000003AA,false,Rx,0,8,FF,0,B0,0,54,0,0,0
9155651,000004E7,false,Rx,0,8,0,30,0,0,0,0,69,0
9155670,000004E8,false,Rx,0,8,FF,FF,FF,5,FF,FF,FF,0
9155687,000004E9,false,Rx,0,8,12,0,0,34,0,0,50,0
9155705,000004EA,false,Rx,0,8,67,0,0,89,0,0,0,0
9155722,000004EB,false,Rx,0,8,10,80,33,1,80,0,0,0
9156671,0000010B,false,Rx,0,8,0B,B4,C2,0,0,0,0,5
9156710,000004ED,false,Rx,0,8,0,0,0,0,0,FF,FF,1F
9156729,0000010C,false,Rx,0,8,FF,F9,E7,1F,46,44,46,46
9156763,000004EE,false,Rx,0,8,FF,FF,0,0,0,0,0,0
9157751,000004EF,false,Rx,0,8,60,0,60,0,29,14,0,0
9157785,0000010E,false,Rx,0,8,0,0,0A,0,0,C0,AB,57
9158614,000001B2,false,Rx,0,8,23,0,4,0F,0F,7,52,10
9158636,0000063E,false,Rx,0,8,FF,FF,FF,FF,FF,FF,FF,FF
9158654,000001B3,false,Rx,0,8,10,2C,0,0,87,91,96,90
9159593,0000063F,false,Rx,0,8,0,10,0,C4,FF,0,0,0
9159618,000001B4,false,Rx,0,8,95,91,17,0,0,40,1,0
9159635,640,false,Rx,0,8,FF,FF,FF,0,FF,FF,FF,0
9159653,641,false,Rx,0,8,FF,FF,FF,FF,0F,FF,FF,FF
9160570,646,false,Rx,0,8,0,0,0,80,1,0,0,0
9163566,380,false,Rx,0,8,AD,D7,FF,0,0,0,0,1
9163586,0000036F,false,Rx,0,8,81,C1,1,0,0,0,0,0
9163604,0000037F,false,Rx,0,8,FC,60,52,24,41,2,0,0
9165565,000001A1,false,Rx,0,8,41,A3,DA,FE,F7,7F,64,0
9166566,000001A2,false,Rx,0,8,0,0,0,0,0,8,0,0
9166585,000001A3,false,Rx,0,8,FF,F3,3F,0,0,0,0,0
9166603,000003B0,false,Rx,0,8,72,37,FF,C7,0,0,3,C0
9166620,000001A4,false,Rx,0,8,FE,7,0,0,0,0,0,0
9168565,000003B1,false,Rx,0,8,9B,3C,FF,40,0,0,20,0
9169568,448,false,Rx,0,8,0,C0,0,0,0,0,0,0
9172571,0000019B,false,Rx,0,8,3D,FA,C0,0,0,E4,0,0
9172592,0000019C,false,Rx,0,8,40,20,0,0,0,0,0B,9
9172609,0000019D,false,Rx,0,8,0,10,0,1,0,0,0,0
9173567,0000019E,false,Rx,0,8,15,0,0,0,0,32,0,0
9177565,000001E1,false,Rx,0,8,6,F5,BE,2,0,0,0,0
9177586,000001E2,false,Rx,0,8,0,0,0,0,0,0,0,0
9178567,000003B2,false,Rx,0,8,36,15,FF,2,29,2F,34,0
9179574,000004E8,false,Rx,0,8,FF,FF,FF,5,FF,FF,FF,0
9181565,121,false,Rx,0,8,A2,6C,C3,0,0,0,0,5
9181586,122,false,Rx,0,8,FF,D9,67,1F,46,46,46,46
9181604,123,false,Rx,0,8,11,3,0,0,0,0,1,35
9182568,124,false,Rx,0,8,0,0,0A,0,0,0,20,40
9182589,427,false,Rx,0,8,1D,86,FF,0,80,0A,0,0
9186572,36,false,Rx,0,8,E9,0B,C5,51,0,0,25,1
9186592,37,false,Rx,0,8,0,0,0,10,0,40,0,0
9186610,38,false,Rx,0,8,4,0,0,0,90,38,96,D4
9187567,39,false,Rx,0,8,0,0,0,0,0,0,0,0
9189565,61,false,Rx,0,8,C3,19,CB,0,0,0,0,0
9189586,62,false,Rx,0,8,2,2,0,2,40,FF,0,FF
9190567,63,false,Rx,0,8,0,0,5,0,0,8,FD,0
9190588,64,false,Rx,0,8,0,0,0,4,FF,FA,0,0
9190605,000000A1,false,Rx,0,8,39,A4,CB,1A,0,0,0,0
9190623,000000A2,false,Rx,0,8,0,0,0,0,0,0,0,0
9191566,000000A3,false,Rx,0,8,0,40,1,0,0,0,0,0
9192567,0000042A,false,Rx,0,8,F4,DE,FF,1,0,10,0,0
9195592,0000011B,false,Rx,0,8,76,61,B8,5,80,8,A8,2
9196572,0000012B,false,Rx,0,8,31,9B,B8,6,0,0,8,0
9196594,0000011C,false,Rx,0,8,0,5,20,0,22,0,1,1
9196611,0000012C,false,Rx,0,8,0,0,1,0,0,64,0,0
9197583,000001FB,false,Rx,0,8,DB,B0,5F,0,0,0,0,0
9198567,000001FC,false,Rx,0,8,0,0,0,0,0,0,0,0
9198589,000001FD,false,Rx,0,8,0,1A,3,0,0,0,0,0
9198606,000001FE,false,Rx,0,8,0,0,0,0,0,0,0,0
9206598,0000010B,false,Rx,0,8,74,98,C7,0,0,0,0,5
9206638,0000010C,false,Rx,0,8,FF,F9,E7,1F,46,44,46,46
9206656,0000010D,false,Rx,0,8,10,3,0,0,0,0,1,35
9206674,0000010E,false,Rx,0,8,0,0,0A,0,0,C0,AB,57
9207614,000002C1,false,Rx,0,8,AB,4D,B1,21,0,41,0,AA
9207647,000002C2,false,Rx,0,8,20,0,0,0,0,0,0,0
9208942,000002C3,false,Rx,0,8,0,0,0,0,0,0,0,0
9208977,000002C4,false,Rx,0,8,0,0,0,0,0,0,0,0
9211729,000004E8,false,Rx,0,8,FF,FF,FF,5,FF,FF,FF,0
9215593,000001AB,false,Rx,0,8,D4,F3,2B,50,70,38,0,0
9215632,000001AC,false,Rx,0,8,0,28,0,0,0,0,0,0
9217599,000002FF,false,Rx,0,8,E2,1,0,F1,3F,0,0,0
9217634,316,false,Rx,0,8,9F,A1,9E,34,14,80,0A,0
9218576,472,false,Rx,0,8,5C,EC,0,40,8,41,0,45
9218601,317,false,Rx,0,8,0,0,5,0,0,0,0,0
9218618,473,false,Rx,0,8,5F,24,0,25,0,0,0,78
9218636,474,false,Rx,0,8,93,44,0,0,0,0,0,14
9222627,0000019B,false,Rx,0,8,42,D6,C5,0,0,E4,0,0
9222666,0000019C,false,Rx,0,8,40,20,0,0,0,0,0B,9
9222684,0000019D,false,Rx,0,8,0,10,0,1,0,0,0,0
9223604,0000019E,false,Rx,0,8,15,0,0,0,0,32,0,0
9227598,0000033B,false,Rx,0,8,D8,1E,61,0,0,0,0,0
9227640,0000033C,false,Rx,0,8,0,0,0,0,F0,0,0,0
9227658,0000033D,false,Rx,0,8,0,0,0,0,0,0,0,0
9227675,0000033E,false,Rx,0,8,0,0,0,0,0,0,0,0
9228613,565,false,Rx,0,8,66,2,0,0,0,0,FF,FF
9229562,652,false,Rx,0,8,0,0,0,0C,0,0,0,0
9231612,121,false,Rx,0,8,1A,6D,C8,0,0,0,0,5
9231652,122,false,Rx,0,8,FF,D9,67,1F,46,46,46,46
9231670,123,false,Rx,0,8,11,3,0,0,0,0,1,35
9232599,124,false,Rx,0,8,0,0,0A,0,0,0,20,40
9235593,401,false,Rx,0,8,A9,30,10,0,0,4,0,0
9236594,161,false,Rx,0,8,43,A1,DE,3,0,0,0,2
9236629,162,false,Rx,0,8,FF,FC,1,0,0,0,0,0
9236647,36,false,Rx,0,8,68,7F,CA,51,0,0,25,1
9236976,37,false,Rx,0,8,0,0,0,10,0,40,0,0
9237018,38,false,Rx,0,8,4,0,0,0,90,38,96,D4
9237036,39,false,Rx,0,8,0,0,0,0,0,0,0,0
9238594,000002E6,false,Rx,0,8,F3,69,5E,1,0,0,0,15
9238632,256,false,Rx,0,8,2F,F5,5E,15,40,0,B0,0
9238650,000002E7,false,Rx,0,8,0A,0,0,0,0,0,0,0
9239859,257,false,Rx,0,8,0,93,41,13,86,7,0,93
9239893,000002E8,false,Rx,0,8,0,0,0,0,0,0,0,0
9239911,61,false,Rx,0,8,BE,DC,D0,0,0,0,0,0
9239928,258,false,Rx,0,8,0B,70,1E,0,10,15,0,28
9239956,62,false,Rx,0,8,2,2,0,2,40,FF,0,FF
9239974,259,false,Rx,0,8,37,5,89,3C,4C,2,0,0
9241235,63,false,Rx,0,8,0,0,5,0,0,8,FD,0
9241260,000002E9,false,Rx,0,8,0,0,0,0,0,0,0,0
9241278,64,false,Rx,0,8,0,0,0,4,FF,FA,0,0
9242574,487,false,Rx,0,8,0,0,0,0,0,0,0,0
9242630,000000A1,false,Rx,0,8,56,15,D0,1A,0,0,0,0
9242665,0000048B,false,Rx,0,8,13,20,BD,1E,1,0,0,0
9242682,91,false,Rx,0,8,83,14,5F,0,0,0,0,0
9243056,0000048C,false,Rx,0,8,0,0,0,0,0,0,0,0
9243091,92,false,Rx,0,8,0,0,0,0,0,0,0,0
9243113,93,false,Rx,0,8,0,0,0,0,0,0,0,0
9243131,94,false,Rx,0,8,0,0,0,0,0,0,0,0
9243574,000000A2,false,Rx,0,8,0,0,0,0,0,0,0,0
9243608,000000A3,false,Rx,0,8,0,40,1,0,0,0,0,0
9246477,0000011B,false,Rx,0,8,80,49,BD,5,80,8,A8,2
9246634,0000012B,false,Rx,0,8,C7,B3,BD,6,0,0,8,0
9246652,0000011C,false,Rx,0,8,0,5,20,0,22,0,1,1
9246669,0000012C,false,Rx,0,8,0,0,1,0,0,64,0,0
9249331,000001E6,false,Rx,0,8,E6,B9,BE,2,0,0,0,0
9249566,000001BB,false,Rx,0,8,F0,6F,BE,2,0,0,0,0A
9249585,000002BF,false,Rx,0,8,FF,FF,FF,0,0,0,0,0
9249603,000001BC,false,Rx,0,8,32,0,0,0,2,0,0,0
9250678,0000047F,false,Rx,0,8,FF,FF,FF,FF,FF,FF,F3,FF
9251971,000001BD,false,Rx,0,8,0,0,0,0,0,0,0,0
9252002,652,false,Rx,0,8,0,0,0,0,0,0,0,0
9252020,000001E7,false,Rx,0,8,0,0,22,3,20,1,0,0
9252038,000004E8,false,Rx,0,8,FF,FF,FF,5,FF,FF,FF,0
9252055,653,false,Rx,0,8,0A,19,3,1,2,2A,0,0
9252594,149,false,Rx,0,8,0,0,0,0,0,0,0,0
9256610,0000010B,false,Rx,0,8,CC,99,CC,0,0,0,0,5
9256650,0000010C,false,Rx,0,8,FF,F9,E7,1F,46,44,46,46
9256669,0000010D,false,Rx,0,8,10,3,0,0,0,0,1,35
9256686,0000010E,false,Rx,0,8,0,0,0A,0,0,C0,AB,57
9257603,000001B1,false,Rx,0,8,BB,6C,DB,0,72,0,0,0
9257637,000001B2,false,Rx,0,8,23,0,4,0F,0F,7,52,10
9258620,000001B3,false,Rx,0,8,10,2C,0,0,87,91,96,90
9258654,000001B4,false,Rx,0,8,95,92,17,0,0,40,1,0
9260422,475,false,Rx,0,8,12,0,0,0,0,0,0,0
9260456,496,false,Rx,0,8,12,0,0,0,0,0,0,0
9263591,0000036F,false,Rx,0,8,38,D1,1,0,0,0,0,0
9263629,0000037F,false,Rx,0,8,45,70,52,24,41,2,0,0
9264599,111,false,Rx,0,8,1A,F1,A5,1,0,0,0,0
9264649,112,false,Rx,0,8,0,0,0,0,0,0,0,0
9264667,113,false,Rx,0,8,0,0,0,0,0,0,0,0
9265766,114,false,Rx,0,8,0,0,0,0,0,0,0,0
9265801,000001A1,false,Rx,0,8,3E,8F,DF,FE,F7,7F,64,0
9265819,000001A2,false,Rx,0,8,0,0,0,0,0,8,0,0
9267417,000001A3,false,Rx,0,8,FF,F3,3F,0,0,0,0,0
9267453,000001A4,false,Rx,0,8,FE,7,0,0,0,0,0,0
9272595,0000019B,false,Rx,0,8,C3,A2,CA,0,0,E4,0,0
9272634,0000019C,false,Rx,0,8,40,20,0,0,0,0,0B,9
9272652,0000019D,false,Rx,0,8,0,10,0,1,0,0,0,0
9273601,0000019E,false,Rx,0,8,15,0,0,0,0,32,0,0
9276591,0000030B,false,Rx,0,8,48,29,61,0,4,0,0,0
9276631,0000030C,false,Rx,0,8,0,0,0E,0,2C,0,A0,0F
9276649,0000030D,false,Rx,0,8,0,0,0,0,FF,0,0,0
9277597,0000030E,false,Rx,0,8,0,0,38,5,21,0,0,4
9281081,000004A3,false,Rx,0,8,80,0,48,0B,3E,0,0,0
9281121,000004A4,false,Rx,0,8,FF,FF,FF,0,0,0,0,0
9281140,121,false,Rx,0,8,65,41,CD,0,0,0,0,5
9281706,122,false,Rx,0,8,FF,D9,67,1F,46,46,46,46
9281753,123,false,Rx,0,8,11,3,0,0,0,0,1,35
9281773,124,false,Rx,0,8,0,0,0A,0,0,0,20,40
9285556,405,false,Rx,0,8,BD,30,0,0,0,1,0,0
9285952,413,false,Rx,0,8,6F,30,0,0,0,0,0,0
9285986,410,false,Rx,0,8,4B,80,59,3C,16,6B,FF,FF
9286005,414,false,Rx,0,8,F0,10,0,0,28,0,0,0
9286023,411,false,Rx,0,8,A8,1,50,50,0,0,44,4
9286040,417,false,Rx,0,8,5F,20,0,0,0,0,0,0
9287140,36,false,Rx,0,8,17,53,CF,51,0,0,25,1
9287176,37,false,Rx,0,8,0,0,0,10,0,40,0,0
9287194,38,false,Rx,0,8,4,0,0,0,90,38,96,D4
9287212,39,false,Rx,0,8,0,0,0,0,0,0,0,0
9289222,652,false,Rx,0,8,0,0,0,0,0,0,0,0
9290368,61,false,Rx,0,8,C1,F0,D5,0,0,0,0,0
9290597,62,false,Rx,0,8,2,2,0,2,40,FF,0,FF
9290616,63,false,Rx,0,8,0,0,5,0,0,8,FD,0
9290634,64,false,Rx,0,8,0,0,0,4,FF,FA,0,0
9290651,000000A1,false,Rx,0,8,59,FE,D5,1A,0,0,0,0
9290669,000000A2,false,Rx,0,8,0,0,0,0,0,0,0,0
9291741,000000A3,false,Rx,0,8,0,40,1,0,0,0,0,0
9294312,000001F1,false,Rx,0,8,56,5F,91,1,0,0,28,0
9294347,415,false,Rx,0,8,40,13,10,0,8,1,0,0
9295953,000001F2,false,Rx,0,8,0,0,0,0,0,0,0,0
9296054,151,false,Rx,0,8,D8,DF,61,A0,C8,0,28,19
9296073,000001F6,false,Rx,0,8,EB,FC,61,0,0,0,0,0E
9296091,152,false,Rx,0,8,16,18,18,0,0B,0,0,0
9296108,0000011B,false,Rx,0,8,AC,D9,C2,5,80,8,A8,2
9296126,153,false,Rx,0,8,0,0,0,0,0,0,0,0
9297133,0000012B,false,Rx,0,8,EB,23,C2,6,0,0,8,0
9297733,000001F7,false,Rx,0,8,0B,0,0,0,0,0,0,0
9297785,0000012C,false,Rx,0,8,0,0,1,0,0,64,0,0
9297811,000001F8,false,Rx,0,8,0,0,0,0,0,0,0,0
9297829,154,false,Rx,0,8,0,0,0,0,0,0,0,0
9297846,000001F9,false,Rx,0,8,0,0,A0,C8,14,0,0,0
9297864,000002FB,false,Rx,0,8,84,F6,61,4,5F,1A,CC,CC
9298564,236,false,Rx,0,8,7A,1,61,0,6E,3C,34,6C
9298593,000002FC,false,Rx,0,8,3,0,16,19,0,0,8E,BF
9298611,237,false,Rx,0,8,0,15,BA,0,0,AA,1E,0
9300332,000002FD,false,Rx,0,8,0,0,0,0,0,1C,0E,EA
9300381,238,false,Rx,0,8,0,0,5F,0,0,0,0,0
9300399,000002FE,false,Rx,0,8,0,0,72,1,0,28,0,0
9300558,239,false,Rx,0,8,0,0,0,0,1,0,0,0
9300576,326,false,Rx,0,8,11,A2,61,0,0,0,0,0
9300594,0000025C,false,Rx,0,8,0,0,0B,0,34,89,19,0
9300622,328,false,Rx,0,8,0,0,0,0,0,0,0,0
9301777,0000025D,false,Rx,0,8,0,C8,0,0,0,80,C0,70
9302201,329,false,Rx,0,8,A0,0,0,0,0,0,0,0
9302219,0000025E,false,Rx,0,8,2D,7,0E,4,0,0,0,0
9302237,331,false,Rx,0,8,2,ED,61,F1,C8,A0,2C,97
9303469,382,false,Rx,0,8,F1,7A,1,0,0,1,8,0
9303488,332,false,Rx,0,8,94,2,0,0,0,0,0,0
9303505,333,false,Rx,0,8,0,0,0,1C,0C,40,20,A0
9303523,334,false,Rx,0,8,C8,0,0,0,AC,70,1D,90
9306480,0000010B,false,Rx,0,8,4,9B,D1,0,0,0,0,5
9306515,0000010C,false,Rx,0,8,FF,F9,E7,1F,46,44,46,46
9306908,0000010D,false,Rx,0,8,10,3,0,0,0,0,1,35
9306936,0000010E,false,Rx,0,8,0,0,0A,0,0,C0,AB,57
9307019,000002AB,false,Rx,0,8,13,8E,62,0C,0C,0,0,0
9309276,000002AC,false,Rx,0,8,0,FF,FF,0,0,40,0,50
9309303,000002AD,false,Rx,0,8,0,1,0,40,FF,FF,FF,0F
9309320,000002AE,false,Rx,0,8,1,0,FF,3F,1,1,0,0
9309338,000002B6,false,Rx,0,8,61,FF,62,1,0,0,0,40
9309355,485,false,Rx,0,8,0,40,11,2,0,0,0,0
9309601,000002B9,false,Rx,0,8,0A,0,0,0,0,0,0,0
9311754,396,false,Rx,0,8,66,A1,B0,0F,8,1,0,2
9311789,000002E1,false,Rx,0,8,30,AB,62,0,0,0,0,40
9311807,397,false,Rx,0,8,0C,0,0,0,0,0,0,0
9311824,000002E2,false,Rx,0,8,FD,0,0,0,0,14,0,4
9311842,398,false,Rx,0,8,0,0,0,0,0,0,0,0
9316000,000001AB,false,Rx,0,8,16,29,30,50,70,38,0,0
9316039,000001AC,false,Rx,0,8,0,28,0,0,0,0,0,0
9317432,226,false,Rx,0,8,5F,84,3D,FF,43,E1,5,42
9317470,227,false,Rx,0,8,2,70,E1,8,0,F2,17,4
9318727,000003A1,false,Rx,0,8,EE,28,C1,0,FF,FF,FF,FF
9319135,383,false,Rx,0,8,12,ED,1,0,2,0,0,0
9319155,000003A2,false,Rx,0,8,0,0,0,0,0,0,0,0
9322595,0000019B,false,Rx,0,8,BC,8E,CF,0,0,E4,0,0
9322631,0000019C,false,Rx,0,8,40,20,0,0,0,0,0B,9
9322649,0000019D,false,Rx,0,8,0,10,0,1,0,0,0,0
9323616,0000019E,false,Rx,0,8,15,0,0,0,0,32,0,0
9323648,000002D6,false,Rx,0,8,A0,77,B0,0,0,0,0,0
9323666,000002EB,false,Rx,0,8,6E,59,B0,9,8,1,0,2
9324685,000002D7,false,Rx,0,8,0,0,0,0,3,0,0,0
9324721,000002EC,false,Rx,0,8,12,0,0,0,0,0,0,0
9324739,000002D8,false,Rx,0,8,0,0,0,0,0,0,38,45
9325103,000002ED,false,Rx,0,8,0,0,0,0,0,0,0,0
9325126,000002D9,false,Rx,0,8,0,0,0,0,0,0,0,0
9325143,000002EE,false,Rx,0,8,0,0,0,0,0,0,0,0
9326160,566,false,Rx,0,8,16,2,0,0,0,0,FF,FF
9326195,000001E1,false,Rx,0,8,2A,65,C1,2,0,0,0,0
9326583,000001E2,false,Rx,0,8,0,0,0,0,0,0,0,0
9327666,356,false,Rx,0,8,2A,67,B1,0,0,0,0,0
9327700,357,false,Rx,0,8,0,0,0,0,0,4B,4D,48
9329126,358,false,Rx,0,8,35,41,45,4D,52,37,33,4F
9330297,359,false,Rx,0,8,51,4F,34,52,4A,35,33,0
9330381,652,false,Rx,0,8,0,0,0,0,0,0,0,0
9331747,121,false,Rx,0,8,21,F1,D2,0,0,0,0,5
9331782,122,false,Rx,0,8,FF,D9,67,1F,46,46,46,46
9331823,123,false,Rx,0,8,11,3,0,0,0,0,1,35
9331841,124,false,Rx,0,8,0,0,0A,0,0,0,20,40
9332867,000000FF,false,Rx,0,8,CB,10,0,0,0,0,2,0
9334327,394,false,Rx,0,8,2A,22,1A,49,0,0,0,0
9334363,000003C3,false,Rx,0,8,45,10,31,30,36,0,0,0
9334382,000003E0,false,Rx,0,8,66,20,1,0,54,3,0,0
9336218,000003E5,false,Rx,0,8,37,80,1,0,0,0,0,0
9336648,000003E6,false,Rx,0,8,67,90,0,0,0,0,0,0
9336672,0000041A,false,Rx,0,8,8D,D0,12,0,0,0,0,0
9336690,161,false,Rx,0,8,2E,FD,E3,3,0,0,0,2
9336708,0000041B,false,Rx,0,8,70,D0,0,0,0,0,0,0
9336725,36,false,Rx,0,8,6A,96,D4,51,0,0,25,1
9336760,37,false,Rx,0,8,0,0,0,10,0,40,0,0
9338014,38,false,Rx,0,8,4,0,0,0,90,38,96,D4
9338051,39,false,Rx,0,8,0,0,0,0,0,0,0,0
9338069,384,false,Rx,0,8,E9,DC,2,0,0,FF,0,21
9339439,0000041C,false,Rx,0,8,48,0,E0,0,0,0,0,0
9339474,000003B6,false,Rx,0,8,B0,0F,AF,0,0,0,0,46
9339492,422,false,Rx,0,8,9D,70,1,0,0,0,4,0
9340760,000003B7,false,Rx,0,8,46,0,0,0,0,0,0,0
9340821,000003B8,false,Rx,0,8,0C,3,0,0,0,0,69,0E
9340840,61,false,Rx,0,8,40,84,DA,0,0,0,0,0
9340858,000003B9,false,Rx,0,8,0,0,0,0,0,0,0,0
9341946,62,false,Rx,0,8,2,2,0,2,40,FF,0,FF
9342001,63,false,Rx,0,8,0,0,5,0,0,8,FD,0
9342019,000000A1,false,Rx,0,8,69,D3,DA,1A,0,0,0,0
9342037,91,false,Rx,0,8,6C,3D,60,0,0,0,0,0
9342055,92,false,Rx,0,8,0,0,0,0,0,0,0,0
9342581,94,false,Rx,0,8,0,0,0,0,0,0,0,0
9342604,435,false,Rx,0,8,26,C0,0,40,0,0,0,0
9344111,000000A2,false,Rx,0,8,0,0,0,0,0,0,0,0
9344144,442,false,Rx,0,8,CE,20,11,81,0,0,0,0
9344162,000000A3,false,Rx,0,8,0,40,1,0,0,0,0,0
9344180,444,false,Rx,0,8,D5,20,20,50,55,50,0,0
9344198,445,false,Rx,0,8,C6,C0,0,0,0,0,0,18
9345617,464,false,Rx,0,8,D5,20,F0,FF,38,7F,5,0
9345996,0000011B,false,Rx,0,8,5A,F1,C7,5,80,8,A8,2
9346015,0000012B,false,Rx,0,8,1D,0B,C7,6,0,0,8,0
9347076,0000011C,false,Rx,0,8,0,5,20,0,22,0,1,1
9347111,0000012C,false,Rx,0,8,0,0,1,0,0,64,0,0
9351591,146,false,Rx,0,8,2C,80,E0,10,4,1,0,0
9351628,147,false,Rx,0,8,0,4,7D,0,40,0,0,0
9351646,000000C5,false,Rx,0,8,0,0,0,0,0,0,0,0
9352610,148,false,Rx,0,8,0,0,0,0,0,90,40,5
9352643,244,false,Rx,0,8,FF,FF,FF,FF,FF,FF,FF,FF
9352661,149,false,Rx,0,8,0,0,0,0,0,0,0,0
9352679,0000041F,false,Rx,0,8,0,0C,0,0,0,0,0,0
9353724,000004B4,false,Rx,0,8,0,0,0,0,0,0,0,0
9355231,000004B5,false,Rx,0,8,8,0,F0,7,0,0,0,0
9355294,000004B7,false,Rx,0,8,8,0,F0,7,0,0,0,0
9355313,495,false,Rx,0,8,49,0,0,0,0,0,0,0
9355330,000003AA,false,Rx,0,8,FF,0,B0,0,54,0,0,0
9355348,000004CA,false,Rx,0,8,0,0,0,0,0,0,0,0
9355378,000004CC,false,Rx,0,8,8,0,0,6,0,0,3,0
9355395,000004DD,false,Rx,0,8,0,0,FE,0,4,0,0,0
9356472,0000010B,false,Rx,0,8,F7,5,D6,0,0,0,0,5
9356507,000004DF,false,Rx,0,8,FF,3,0C,3F,0,0,0,0
9356525,0000010C,false,Rx,0,8,FF,F9,E7,1F,46,44,46,46
9356737,000001B1,false,Rx,0,8,29,1D,E0,0,72,0,0,0
9356761,0000010D,false,Rx,0,8,10,3,0,0,0,0,1,35
9357869,000001B2,false,Rx,0,8,23,0,4,0F,0F,7,52,10
9358323,0000010E,false,Rx,0,8,0,0,0A,0,0,C0,AB,57
9358341,000001B3,false,Rx,0,8,10,2C,0,0,87,91,96,90
9358359,000004E7,false,Rx,0,8,0,30,0,0,0,0,69,0
9358377,000001B4,false,Rx,0,8,95,91,17,0,0,40,1,0
9362128,640,false,Rx,0,8,FF,FF,FF,0,FF,FF,FF,0
9362163,641,false,Rx,0,8,FF,FF,FF,FF,0F,FF,FF,FF
9362614,646,false,Rx,0,8,0,0,0,80,1,0,0,0
9363684,380,false,Rx,0,8,AD,D7,FF,0,0,0,0,1
9363721,0000036F,false,Rx,0,8,EE,E1,1,0,0,0,0,0
9363738,0000037F,false,Rx,0,8,EC,80,52,24,41,2,0,0
9365591,000001A1,false,Rx,0,8,E8,D3,E4,FE,F7,7F,64,0
9366695,000001A2,false,Rx,0,8,0,0,0,0,0,8,0,0
9366729,000001A3,false,Rx,0,8,FF,F3,3F,0,0,0,0,0
9366748,000003B0,false,Rx,0,8,72,37,FF,C7,0,0,3,C0
9366765,000001A4,false,Rx,0,8,FE,7,0,0,0,0,0,0
9368052,000003B1,false,Rx,0,8,9B,3C,FF,40,0,0,20,0
9369876,448,false,Rx,0,8,0,C0,0,0,0,0,0,0
9372600,0000019B,false,Rx,0,8,C1,4B,D4,0,0,E4,0,0
9372640,0000019C,false,Rx,0,8,40,20,0,0,0,0,0B,9
9372659,0000019D,false,Rx,0,8,0,10,0,1,0,0,0,0
9373600,0000019E,false,Rx,0,8,15,0,0,0,0,32,0,0
9378593,000003B2,false,Rx,0,8,36,15,FF,2,29,2F,34,0
9381586,121,false,Rx,0,8,5E,DD,D7,0,0,0,0,5
9381625,122,false,Rx,0,8,FF,D9,67,1F,46,46,46,46
9381644,123,false,Rx,0,8,11,3,0,0,0,0,1,35
9382607,124,false,Rx,0,8,0,0,0A,0,0,0,20,40
9382639,427,false,Rx,0,8,1D,86,FF,0,80,0A,0,0
9383955,419,false,Rx,0,8,E9,80,8B,D6,69,86,90,0
9386664,36,false,Rx,0,8,67,50,D9,51,0,0,25,1
9386701,37,false,Rx,0,8,0,0,0,10,0,40,0,0
9386720,38,false,Rx,0,8,4,0,0,0,90,38,96,D4
9387603,39,false,Rx,0,8,0,0,0,0,0,0,0,0
9390066,61,false,Rx,0,8,3F,A8,DF,0,0,0,0,0
9390108,62,false,Rx,0,8,2,2,0,2,40,FF,0,FF
9390127,63,false,Rx,0,8,0,0,5,0,0,8,FD,0
9390144,64,false,Rx,0,8,0,0,0,4,FF,FA,0,0
9390715,000000A1,false,Rx,0,8,66,38,DF,1A,0,0,0,0
9390746,000000A2,false,Rx,0,8,0,0,0,0,0,0,0,0
9390783,000000A3,false,Rx,0,8,0,40,1,0,0,0,0,0
9393249,0000042A,false,Rx,0,8,F4,DE,FF,1,0,10,0,0
9395706,0000012B,false,Rx,0,8,D5,F2,CC,6,0,0,8,0
9395746,0000011B,false,Rx,0,8,92,8,CC,5,80,8,A8,2
9396597,0000012C,false,Rx,0,8,0,0,1,0,0,64,0,0
9396866,0000011C,false,Rx,0,8,0,5,20,0,22,0,1,1
9397877,000001FB,false,Rx,0,8,72,C0,61,0,0,0,0,0
9397910,000001FC,false,Rx,0,8,0,0,0,0,0,0,0,0
9399199,000001FD,false,Rx,0,8,0,1A,3,0,0,0,0,0
9399559,000001FE,false,Rx,0,8,0,0,0,0,0,0,0,0
9399584,000001E6,false,Rx,0,8,CA,29,C1,2,0,0,0,0
9399602,000001BB,false,Rx,0,8,58,93,C1,2,0,0,0,0A
9399620,000001BC,false,Rx,0,8,32,0,0,0,2,0,0,0
9400587,000001BD,false,Rx,0,8,0,0,0,0,0,0,0,0
9400616,000001E7,false,Rx,0,8,0,0,22,3,20,1,0,0
9406590,0000010B,false,Rx,0,8,FA,C3,DB,0,0,0,0,5
9406630,0000010C,false,Rx,0,8,FF,F9,E7,1F,46,44,46,46
9406648,0000010D,false,Rx,0,8,10,3,0,0,0,0,1,35
9406666,0000010E,false,Rx,0,8,0,0,0A,0,0,C0,AB,57
9407617,000002C1,false,Rx,0,8,61,A6,B2,21,0,41,0,AA
9407651,000002C2,false,Rx,0,8,20,0,0,0,0,0,0,0
9408602,000002C3,false,Rx,0,8,0,0,0,0,0,0,0,0
9408637,000002C4,false,Rx,0,8,0,0,0,0,0,0,0,0
9415578,000001AB,false,Rx,0,8,E0,1,35,50,70,38,0,0
9415599,000001AC,false,Rx,0,8,0,28,0,0,0,0,0,0
9415617,000002FF,false,Rx,0,8,E2,1,0,F1,3F,0,0,0
9417571,316,false,Rx,0,8,BB,9,9F,34,14,80,0A,0
9417603,317,false,Rx,0,8,0,0,5,0,0,0,0,0
9417621,472,false,Rx,0,8,5C,EC,0,40,8,41,0,45
9418561,473,false,Rx,0,8,5F,24,0,25,0,0,0,78
9418583,474,false,Rx,0,8,93,44,0,0,0,0,0,14
9422571,0000019B,false,Rx,0,8,CC,8D,D9,0,0,E4,0,0
9422593,0000019C,false,Rx,0,8,40,20,0,0,0,0,0B,9
9422611,0000019D,false,Rx,0,8,0,10,0,1,0,0,0,0
9423723,0000019E,false,Rx,0,8,15,0,0,0,0,32,0,0
9423747,419,false,Rx,0,8,E9,80,8B,D6,69,86,90,0
9423765,516,false,Rx,0,8,61,2,0,0,0,0,FF,FF
9427640,0000033B,false,Rx,0,8,54,AC,63,0,0,0,0,0
9427665,0000033C,false,Rx,0,8,0,0,0,0,F0,0,0,0
9427683,0000033D,false,Rx,0,8,0,0,0,0,0,0,0,0
9427701,0000033E,false,Rx,0,8,0,0,0,0,0,0,0,0
9431611,121,false,Rx,0,8,E6,DC,DC,0,0,0,0,5
9431631,122,false,Rx,0,8,FF,D9,67,1F,46,46,46,46
9431649,123,false,Rx,0,8,11,3,0,0,0,0,1,35
9432568,124,false,Rx,0,8,0,0,0A,0,0,0,20,40
9436578,401,false,Rx,0,8,A9,30,10,0,0,4,0,0
9436602,161,false,Rx,0,8,E6,4,E8,3,0,0,0,2
9436620,36,false,Rx,0,8,94,CE,DE,51,0,0,25,1
9436637,162,false,Rx,0,8,FF,FC,1,0,0,0,0,0
9436655,37,false,Rx,0,8,0,0,0,10,0,40,0,0
9437578,38,false,Rx,0,8,4,0,0,0,90,38,96,D4
9437603,39,false,Rx,0,8,0,0,0,0,0,0,0,0
9438567,000002E6,false,Rx,0,8,5A,19,60,1,0,0,0,15
9438587,256,false,Rx,0,8,0C,E8,60,15,40,0,E0,0
9438605,000002E7,false,Rx,0,8,0A,0,0,0,0,0,0,0
9439569,257,false,Rx,0,8,0,93,41,16,86,7,0,93
9439590,000002E8,false,Rx,0,8,0,0,0,0,0,0,0,0
9439608,61,false,Rx,0,8,E9,F4,E4,0,0,0,0,0
9439626,258,false,Rx,0,8,0B,71,1E,0,10,15,0,28
9440568,62,false,Rx,0,8,2,2,0,2,40,FF,0,FF
9440590,259,false,Rx,0,8,48,5,8A,3C,4C,2,0,0
9440608,63,false,Rx,0,8,0,0,5,0,0,8,FD,0
9440626,000002E9,false,Rx,0,8,0,0,0,0,0,0,0,0
9441567,64,false,Rx,0,8,0,0,0,4,FF,FA,0,0
9441587,91,false,Rx,0,8,2A,64,61,0,0,0,0,0
9441605,92,false,Rx,0,8,0,0,0,0,0,0,0,0
9441622,93,false,Rx,0,8,0,0,0,0,0,0,0,0
9442575,94,false,Rx,0,8,0,0,0,0,0,0,0,0
9442596,000000A1,false,Rx,0,8,AF,9,E4,1A,0,0,0,0
9442614,000000A2,false,Rx,0,8,0,0,0,0,0,0,0,0
9442632,487,false,Rx,0,8,0,0,0,0,0,0,0,0
9443567,000000A3,false,Rx,0,8,0,40,1,0,0,0,0,0
9443587,642,false,Rx,0,8,FF,FF,FF,FF,FF,FF,0,0
9444568,000001F1,false,Rx,0,8,A0,77,94,1,0,0,28,0
9444590,000001F2,false,Rx,0,8,0,0,0,0,0,0,0,0
9446566,0000011B,false,Rx,0,8,EB,12,D1,5,80,8,A8,2
9446586,0000012B,false,Rx,0,8,AC,E8,D1,6,0,0,8,0
9446604,0000011C,false,Rx,0,8,0,5,20,0,22,0,1,1
9446622,0000012C,false,Rx,0,8,0,0,1,0,0,64,0,0
9449670,000002BF,false,Rx,0,8,FF,FF,FF,0,0,0,0,0
9449707,0000047F,false,Rx,0,8,FF,FF,FF,FF,FF,FF,F3,FF
9449725,653,false,Rx,0,8,0A,19,3,1,2,2A,0,0
9451924,146,false,Rx,0,8,53,AC,E5,10,4,1,0,0
9451961,147,false,Rx,0,8,0,4,7D,0,40,0,0,0
9451979,148,false,Rx,0,8,0,0,0,0,0,90,40,5
9451997,149,false,Rx,0,8,0,0,0,0,0,0,0,0
9455825,0000010B,false,Rx,0,8,2C,9F,E0,0,0,0,0,5
9456722,0000010C,false,Rx,0,8,FF,F9,E7,1F,46,44,46,46
9456757,0000010D,false,Rx,0,8,10,3,0,0,0,0,1,35
9456775,0000010E,false,Rx,0,8,0,0,0A,0,0,C0,AB,57
9457983,000001B1,false,Rx,0,8,56,31,E5,0,72,0,0,0
9458018,000001B2,false,Rx,0,8,23,0,4,0F,0F,7,52,10
9458036,000001B3,false,Rx,0,8,10,2C,0,0,87,91,96,90
9458438,000001B4,false,Rx,0,8,95,91,17,0,0,40,1,0
9460312,475,false,Rx,0,8,12,0,0,0,0,0,0,0
9460347,496,false,Rx,0,8,12,0,0,0,0,0,0,0
9463612,0000036F,false,Rx,0,8,FE,1,1,0,0,0,0,0
9463649,419,false,Rx,0,8,E9,80,8B,D6,69,86,90,0
9463667,0000037F,false,Rx,0,8,55,90,52,24,41,2,0,0
9464603,111,false,Rx,0,8,D0,1A,A6,1,0,0,0,0
9464650,112,false,Rx,0,8,0,0,0,0,0,0,0,0
9464669,113,false,Rx,0,8,0,0,0,0,0,0,0,0
9465573,114,false,Rx,0,8,0,0,0,0,0,0,0,0
9465592,000001A1,false,Rx,0,8,E5,15,E9,FE,F7,7F,64,0
9466565,000001A2,false,Rx,0,8,0,0,0,0,0,8,0,0
9466587,000001A3,false,Rx,0,8,FF,F3,3F,0,0,0,0,0
9466605,000001A4,false,Rx,0,8,FE,7,0,0,0,0,0,0
9472598,0000019B,false,Rx,0,8,3F,13,DE,0,0,E4,0,0
9472637,0000019C,false,Rx,0,8,40,20,0,0,0,0,0B,9
9472655,0000019D,false,Rx,0,8,0,10,0,1,0,0,0,0
9473600,0000019E,false,Rx,0,8,15,0,0,0,0,32,0,0
9476591,0000030B,false,Rx,0,8,C5,80,63,0,4,0,0,0
9476626,0000030C,false,Rx,0,8,0,0,0E,0,2C,0,A0,0F
9476644,000001E1,false,Rx,0,8,DC,4D,C4,2,0,0,0,0
9477731,0000030D,false,Rx,0,8,0,0,0,0,FF,0,0,0
9477766,000001E2,false,Rx,0,8,0,0,0,0,0,0,0,0
9477784,0000030E,false,Rx,0,8,0,0,38,5,21,0,0,0A
9481588,121,false,Rx,0,8,85,47,E1,0,0,0,0,5
9481627,122,false,Rx,0,8,FF,D9,67,1F,46,46,46,46
9481645,123,false,Rx,0,8,11,3,0,0,0,0,1,35
9482571,124,false,Rx,0,8,0,0,0A,0,0,0,20,40
9482595,000004A3,false,Rx,0,8,80,0,48,0B,3E,0,0,0
9483960,000004A4,false,Rx,0,8,FF,FF,FF,0,0,0,0,0
9483995,405,false,Rx,0,8,BD,30,0,0,0,1,0,0
9484012,413,false,Rx,0,8,6F,30,0,0,0,0,0,0
9484030,410,false,Rx,0,8,4B,80,59,3C,16,6B,FF,FF
9484048,414,false,Rx,0,8,F0,10,0,0,28,0,0,0
9484569,411,false,Rx,0,8,A8,1,50,50,0,0,44,4
9484597,416,false,Rx,0,8,55,0,0,0,0,0,0,0
9484615,412,false,Rx,0,8,6D,60,0,0,0,0,0,0
9485565,417,false,Rx,0,8,5F,20,0,0,0,0,0,0
9485584,418,false,Rx,0,8,19,70,0,0,12,0C,0,0
9486567,36,false,Rx,0,8,F7,55,E3,51,0,0,25,1
9486587,37,false,Rx,0,8,0,0,0,10,0,40,0,0
9486605,38,false,Rx,0,8,4,0,0,0,90,38,96,D4
9487567,39,false,Rx,0,8,0,0,0,0,0,0,0,0
9488934,419,false,Rx,0,8,E9,80,8B,D6,69,86,90,0
9489583,61,false,Rx,0,8,E4,32,E9,0,0,0,0,0
9489609,62,false,Rx,0,8,2,2,0,2,40,FF,0,FF
9490890,63,false,Rx,0,8,0,0,5,0,0,8,FD,0
9490924,64,false,Rx,0,8,0,0,0,4,FF,FA,0,0
9490942,000000A1,false,Rx,0,8,99,4A,E9,1A,0,0,0,0
9491304,000000A2,false,Rx,0,8,0,0,0,0,0,0,0,0
9491335,000000A3,false,Rx,0,8,0,40,1,0,0,0,0,0
9494778,151,false,Rx,0,8,54,6D,63,A0,C8,0,28,19
9495580,152,false,Rx,0,8,16,18,18,0,0B,0,0,0
9495607,000001F6,false,Rx,0,8,67,4E,63,0,0,0,0,0E
9495626,153,false,Rx,0,8,0,0,0,0,0,0,0,0
9496939,0000011B,false,Rx,0,8,74,7A,D6,5,80,8,A8,2
9496971,154,false,Rx,0,8,0,0,0,0,0,0,0,0
9496989,0000011C,false,Rx,0,8,0,5,20,0,22,0,1,1
9497365,0000012B,false,Rx,0,8,33,80,D6,6,0,0,8,0
9498675,000001F7,false,Rx,0,8,0B,0,0,0,0,0,0,0
9498723,000001F8,false,Rx,0,8,0,0,0,0,0,0,0,0
9499956,000001F9,false,Rx,0,8,0,0,A0,C8,14,0,0,0
9500028,236,false,Rx,0,8,F6,B3,63,0,6E,3C,34,6C
9500047,382,false,Rx,0,8,F1,7A,1,0,0,1,8,0
9500065,237,false,Rx,0,8,0,15,BA,0,0,AA,1E,0
9500082,000002FC,false,Rx,0,8,3,0,16,19,0,0,8E,BF
9500118,239,false,Rx,0,8,0,0,0,0,1,0,0,0
9500135,0000025C,false,Rx,0,8,0,0,0B,0,34,89,19,0
9501152,326,false,Rx,0,8,9D,10,63,0,0,0,0,0
9501189,0000025D,false,Rx,0,8,0,C8,0,0,0,80,C0,70
9501207,327,false,Rx,0,8,0,0,0,0,5,0,0,0
9501225,0000025E,false,Rx,0,8,B9,7,0E,0,0,0,0,0
9503036,328,false,Rx,0,8,0,0,0,0,0,0,0,0
9503086,329,false,Rx,0,8,A0,0,0,0,0,0,0,0
9503104,331,false,Rx,0,8,8E,5F,63,F1,C8,A0,2C,97
9503122,332,false,Rx,0,8,94,2,0,0,0,0,0,0
9503139,333,false,Rx,0,8,0,0,0,1C,0C,40,20,A0
9506636,0000010B,false,Rx,0,8,53,B3,E5,0,0,0,0,5
9506706,0000010C,false,Rx,0,8,FF,F9,E7,1F,46,44,46,46
9506724,0000010D,false,Rx,0,8,10,3,0,0,0,0,1,35
9506742,0000010E,false,Rx,0,8,0,0,0A,0,0,C0,AB,57
9506759,000002AB,false,Rx,0,8,A6,49,64,0C,0C,0,0,0
9507602,000002AC,false,Rx,0,8,0,FF,FF,0,0,40,0,50
9507635,000002AD,false,Rx,0,8,0,1,0,40,FF,FF,FF,0F
9507653,000002AE,false,Rx,0,8,1,0,FF,3F,1,1,0,0
9508723,000002B6,false,Rx,0,8,D4,38,64,1,0,0,0,40
9508758,000002B7,false,Rx,0,8,8,2,F0,0,0,4,0,0
9508777,251,false,Rx,0,8,9A,91,63,0,0,0,0,0
9510049,000002B8,false,Rx,0,8,AA,11,11,0,0,0,0,0
9510480,252,false,Rx,0,8,0,0,0,0,3,0,0,0
9511716,000002B9,false,Rx,0,8,0A,0,0,0,0,0,0,0
9512545,253,false,Rx,0,8,0,0,0,51,51,0,80,44
9512615,000002E1,false,Rx,0,8,85,6C,64,0,0,0,0,40
9512993,396,false,Rx,0,8,82,F3,B1,0F,8,2,0,2
9513015,397,false,Rx,0,8,4E,0,0,0,0,0,0,0
9515826,000001AB,false,Rx,0,8,FA,78,3A,50,70,38,0,0
9515861,000001AC,false,Rx,0,8,0,28,0,0,0,0,0,0
9515879,226,false,Rx,0,8,36,C4,3F,FF,43,E1,5,42
9515897,227,false,Rx,0,8,2,70,E1,8,0,F2,17,4
9518344,000003A1,false,Rx,0,8,A3,C0,C2,0,FF,FF,FF,FF
9518383,000003A2,false,Rx,0,8,0,0,0,0,0,0,0,0
9518401,383,false,Rx,0,8,12,ED,1,0,2,0,0,0
9519949,561,false,Rx,0,8,63,2,0,0,0,0,FF,FF
9522854,0000019B,false,Rx,0,8,5C,88,E3,0,0,E4,0,0
9522891,0000019C,false,Rx,0,8,40,20,0,0,0,0,0B,9
9522909,0000019D,false,Rx,0,8,0,10,0,1,0,0,0,0
9522927,0000019E,false,Rx,0,8,15,0,0,0,0,32,0,0
9523871,000002D6,false,Rx,0,8,E6,2E,B1,0,0,0,0,0
9523909,000002EB,false,Rx,0,8,72,67,B1,9,8,1,0,2
9523927,000002D7,false,Rx,0,8,0,0,0,0,3,0,0,0
9525324,000002EC,false,Rx,0,8,2,0,0,0,0,0,0,0
9525359,000002D8,false,Rx,0,8,0,0,0,0,0,0,38,45
9525377,000002ED,false,Rx,0,8,0,0,0,0,0,0,0,0
9525395,000002D9,false,Rx,0,8,0,0,0,0,0,0,0,0
9525413,000002EE,false,Rx,0,8,0,0,0,0,0,0,0,0
9527878,356,false,Rx,0,8,E0,8C,B2,0,0,0,0,0
9528055,357,false,Rx,0,8,0,0,0,0,0,4B,4D,48
9528073,358,false,Rx,0,8,35,41,45,4D,52,37,33,4F
9528091,359,false,Rx,0,8,51,4F,34,52,4A,35,33,0
9531600,121,false,Rx,0,8,76,D9,E6,0,0,0,0,5
9531638,122,false,Rx,0,8,FF,D9,67,1F,46,46,46,46
9531656,123,false,Rx,0,8,11,3,0,0,0,0,1,35
9532678,124,false,Rx,0,8,0,0,0A,0,0,0,20,40
9532712,000000FF,false,Rx,0,8,CB,10,0,0,0,0,2,0
9533578,394,false,Rx,0,8,2A,22,1A,49,0,0,0,0
9533601,000003C3,false,Rx,0,8,45,10,31,30,36,0,0,0
9534869,000003E0,false,Rx,0,8,66,20,1,0,54,3,0,0
9534904,000003E5,false,Rx,0,8,37,80,1,0,0,0,0,0
9534923,000003E6,false,Rx,0,8,67,90,0,0,0,0,0,0
9536194,0000041A,false,Rx,0,8,8D,D0,12,0,0,0,0,0
9536229,0000041B,false,Rx,0,8,70,D0,0,0,0,0,0,0
9536631,161,false,Rx,0,8,10,2C,ED,3,0,0,0,2
9536670,36,false,Rx,0,8,4F,54,E8,51,0,0,25,1
9536711,162,false,Rx,0,8,FF,FC,1,0,0,0,0,0
9536729,37,false,Rx,0,8,0,0,0,10,0,40,0,0
9537727,38,false,Rx,0,8,4,0,0,0,90,38,96,D4
9539423,39,false,Rx,0,8,0,0,0,0,0,0,0,0
9539450,384,false,Rx,0,8,E9,DC,2,0,0,FF,0,21
9539468,0000041C,false,Rx,0,8,48,0,E0,0,0,0,0,0
9539486,000003B6,false,Rx,0,8,F4,BF,B0,0,0,0,0,46
9539503,422,false,Rx,0,8,9D,70,1,0,0,0,4,0
9539521,61,false,Rx,0,8,17,AC,EE,0,0,0,0,0
9541458,000003B8,false,Rx,0,8,0C,3,0,0,0,0,69,0E
9541494,62,false,Rx,0,8,2,2,0,2,40,FF,0,FF
9541512,000003B9,false,Rx,0,8,0,0,0,0,0,0,0,0
9541529,63,false,Rx,0,8,0,0,5,0,0,8,FD,0
9541800,64,false,Rx,0,8,0,0,0,4,FF,FA,0,0
9541820,92,false,Rx,0,8,0,0,0,0,0,0,0,0
9542062,93,false,Rx,0,8,0,0,0,0,0,0,0,0
9542090,432,false,Rx,0,8,3,20,2,0,0,0,0,0
9542120,94,false,Rx,0,8,0,0,0,0,0,0,0,0
9543275,435,false,Rx,0,8,26,C0,0,40,0,0,0,0
9543310,000000A2,false,Rx,0,8,0,0,0,0,0,0,0,0
9543344,442,false,Rx,0,8,CE,20,11,81,0,0,0,0
9543361,000000A3,false,Rx,0,8,0,40,1,0,0,0,0,0
9543379,444,false,Rx,0,8,D5,20,20,50,55,50,0,0
9544688,445,false,Rx,0,8,C6,C0,0,0,0,0,0,18
9546057,464,false,Rx,0,8,D5,20,F0,FF,38,7F,5,0
9546102,0000011B,false,Rx,0,8,7,43,DB,5,80,8,A8,2
9546120,0000012B,false,Rx,0,8,40,B9,DB,6,0,0,8,0
9546138,0000011C,false,Rx,0,8,0,5,20,0,22,0,1,1
9546580,0000012C,false,Rx,0,8,0,0,1,0,0,64,0,0
9549307,000001E6,false,Rx,0,8,3C,1,C4,2,0,0,0,0
9550559,000001BB,false,Rx,0,8,57,78,C4,2,0,0,0,0A
9550992,000001BC,false,Rx,0,8,32,0,0,0,2,0,0,0
9551025,000001BD,false,Rx,0,8,0,0,0,0,0,0,0,0
9551044,000001E7,false,Rx,0,8,0,0,22,3,20,1,0,0
9551062,146,false,Rx,0,8,D2,D8,EA,10,4,1,0,0
9552103,147,false,Rx,0,8,0,4,7D,0,40,0,0,0
9552516,148,false,Rx,0,8,0,0,0,0,0,90,40,5
9553757,149,false,Rx,0,8,0,0,0,0,0,0,0,0
9553834,495,false,Rx,0,8,49,0,0,0,0,0,0,0
9553852,000003AA,false,Rx,0,8,FF,0,B0,0,54,0,0,0
9554574,000000C5,false,Rx,0,8,0,0,0,0,0,0,0,0
9555544,244,false,Rx,0,8,FF,FF,FF,FF,FF,FF,FF,FF
9555646,000004B4,false,Rx,0,8,0,0,0,0,0,0,0,0
9555664,000004B5,false,Rx,0,8,8,0,F0,7,0,0,0,0
9556018,000004B7,false,Rx,0,8,8,0,F0,7,0,0,0,0
9556052,000004CA,false,Rx,0,8,0,0,0,0,0,0,0,0
9556090,000004CC,false,Rx,0,8,8,0,0,6,0,0,3,0
9556107,0000010B,false,Rx,0,8,D2,C7,EA,0,0,0,0,5
9556125,000001B1,false,Rx,0,8,D7,45,EA,0,72,0,0,0
9557052,0000010C,false,Rx,0,8,FF,F9,E7,1F,46,44,46,46
9557086,000001B2,false,Rx,0,8,23,0,4,0F,0F,7,52,10
9557105,0000010D,false,Rx,0,8,10,3,0,0,0,0,1,35
9557122,000001B3,false,Rx,0,8,10,2C,0,0,87,91,96,90
9558396,0000010E,false,Rx,0,8,0,0,0A,0,0,C0,AB,57
9559700,000001B4,false,Rx,0,8,95,91,17,0,0,40,1,0
9559729,000004CE,false,Rx,0,8,14,1,FF,FF,FF,FF,FF,FF
9560961,000004D7,false,Rx,0,8,23,1,0,0,0,0,0,0
9561025,000004D8,false,Rx,0,8,41,10,F0,F0,40,F2,1E,CC
9561043,000004DD,false,Rx,0,8,0,0,FE,0,4,0,0,0
9561464,000004EA,false,Rx,0,8,67,0,0,89,0,0,0,0
9561498,000004EB,false,Rx,0,8,10,80,33,1,80,0,0,0
9562839,000004EF,false,Rx,0,8,60,0,60,0,29,14,0,0
9565489,0000037F,false,Rx,0,8,83,A0,52,24,41,2,0,0
9566779,646,false,Rx,0,8,0,0,0,80,1,0,0,0
9566802,000001A1,false,Rx,0,8,16,8B,EE,FE,F7,7F,64,0
9566820,000001A2,false,Rx,0,8,0,0,0,0,0,8,0,0
9566838,000001A3,false,Rx,0,8,FF,F3,3F,0,0,0,0,0
9568025,000003B0,false,Rx,0,8,72,37,FF,C7,0,0,3,C0
9569611,448,false,Rx,0,8,0,C0,0,0,0,0,0,0
9573327,0000019B,false,Rx,0,8,E4,89,E8,0,0,E4,0,0
9573362,0000019C,false,Rx,0,8,40,20,0,0,0,0,0B,9
9573380,0000019D,false,Rx,0,8,0,10,0,1,0,0,0,0
9573398,0000019E,false,Rx,0,8,15,0,0,0,0,32,0,0
9578590,000003B2,false,Rx,0,8,36,15,FF,2,29,2F,34,0
9581589,121,false,Rx,0,8,7B,1F,EB,0,0,0,0,5
9581628,122,false,Rx,0,8,FF,D9,67,1F,46,46,46,46
9581647,123,false,Rx,0,8,11,3,0,0,0,0,1,35
9582608,124,false,Rx,0,8,0,0,0A,0,0,0,20,40
9582640,427,false,Rx,0,8,1D,86,FF,0,80,0A,0,0
9586605,36,false,Rx,0,8,30,78,ED,51,0,0,25,1
9586646,37,false,Rx,0,8,0,0,0,10,0,40,0,0
9586665,38,false,Rx,0,8,4,0,0,0,90,38,96,D4
9587604,39,false,Rx,0,8,0,0,0,0,0,0,0,0
9590083,61,false,Rx,0,8,DF,AE,F3,0,0,0,0,0
9590124,62,false,Rx,0,8,2,2,0,2,40,FF,0,FF
9590142,63,false,Rx,0,8,0,0,5,0,0,8,FD,0
9590160,64,false,Rx,0,8,0,0,0,4,FF,FA,0,0
9590732,000000A1,false,Rx,0,8,F5,CC,F3,1A,0,0,0,0
9590762,000000A2,false,Rx,0,8,0,0,0,0,0,0,0,0
9590796,000000A3,false,Rx,0,8,0,40,1,0,0,0,0,0
9592432,0000042A,false,Rx,0,8,F4,DE,FF,1,0,10,0,0
9595102,000001F1,false,Rx,0,8,ED,9F,97,1,0,0,28,0
9595167,000001F2,false,Rx,0,8,0,0,0,0,0,0,0,0
9596102,0000011B,false,Rx,0,8,D1,DF,E0,5,80,8,A8,2
9596164,0000012B,false,Rx,0,8,96,25,E0,6,0,0,8,0
9596182,0000011C,false,Rx,0,8,0,5,20,0,22,0,1,1
9597076,0000012C,false,Rx,0,8,0,0,1,0,0,64,0,0
9597596,000001FB,false,Rx,0,8,FE,72,63,0,0,0,0,0
9598608,000001FC,false,Rx,0,8,0,0,0,0,0,0,0,0
9598642,000001FD,false,Rx,0,8,0,1A,3,0,0,0,0,0
9598660,000001FE,false,Rx,0,8,0,0,0,0,0,0,0,0
9605588,000004F0,false,Rx,0,8,4A,10,33,2,58,1A,18,2
9605635,0000010B,false,Rx,0,8,AD,EB,EF,0,0,0,0,5
9606699,0000010C,false,Rx,0,8,FF,F9,E7,1F,46,44,46,46
9606734,0000010D,false,Rx,0,8,10,3,0,0,0,0,1,35
9606752,0000010E,false,Rx,0,8,0,0,0A,0,0,C0,AB,57
9608117,000002C1,false,Rx,0,8,46,53,B3,21,0,41,0,AA
9608492,000002C2,false,Rx,0,8,21,0,0,0,0,0,0,0
9608523,000002C3,false,Rx,0,8,0,0,0,0,0,0,0,0
9609742,000002C4,false,Rx,0,8,0,0,0,0,0,0,0,0
9615590,000001AB,false,Rx,0,8,0C,50,3F,50,70,38,0,0
9615629,000001AC,false,Rx,0,8,0,28,0,0,0,0,0,0
9615647,000002FF,false,Rx,0,8,E2,1,0,F1,3F,0,0,0
9615664,316,false,Rx,0,8,BF,15,A0,34,14,80,0A,0
9616611,317,false,Rx,0,8,0,0,5,0,0,0,0,0
9617734,472,false,Rx,0,8,5C,EC,0,40,8,41,0,45
9617778,473,false,Rx,0,8,5F,24,0,25,0,0,0,78
9617796,474,false,Rx,0,8,93,44,0,0,0,0,0,14
9619725,563,false,Rx,0,8,65,2,0,0,0,0,FF,FF
9622608,0000019B,false,Rx,0,8,9B,A5,ED,0,0,E4,0,0
9622647,0000019C,false,Rx,0,8,40,20,0,0,0,0,0B,9
9622667,0000019D,false,Rx,0,8,0,10,0,1,0,0,0,0
9623599,0000019E,false,Rx,0,8,15,0,0,0,0,32,0,0
9626604,000001E1,false,Rx,0,8,91,A5,C7,2,0,0,0,0
9626646,000001E2,false,Rx,0,8,0,0,0,0,0,0,0,0
9627603,0000033B,false,Rx,0,8,E1,6B,65,0,0,0,0,0
9627635,0000033C,false,Rx,0,8,0,0,0,0,F0,0,0,0
9627653,0000033D,false,Rx,0,8,0,0,0,0,0,0,0,0
9627671,0000033E,false,Rx,0,8,0,0,0,0,0,0,0,0
9632027,121,false,Rx,0,8,6,DA,F0,0,0,0,0,5
9632066,122,false,Rx,0,8,FF,D9,67,1F,46,46,46,46
9632084,123,false,Rx,0,8,11,3,0,0,0,0,1,35
9632102,124,false,Rx,0,8,0,0,0A,0,0,0,20,40
9636587,161,false,Rx,0,8,0,76,F2,3,0,0,0,2
9637144,401,false,Rx,0,8,A9,30,10,0,0,4,0,0
9637164,36,false,Rx,0,8,74,C8,F2,51,0,0,25,1
9637182,162,false,Rx,0,8,FF,FC,1,0,0,0,0,0
9637216,37,false,Rx,0,8,0,0,0,10,0,40,0,0
9637235,38,false,Rx,0,8,4,0,0,0,90,38,96,D4
9637253,39,false,Rx,0,8,0,0,0,0,0,0,0,0
9638601,000002E6,false,Rx,0,8,D6,AB,62,1,0,0,0,15
9638636,256,false,Rx,0,8,3A,D4,62,15,40,0,F0,0
9639557,000002E7,false,Rx,0,8,0A,0,0,0,0,0,0,0
9641153,257,false,Rx,0,8,0,93,41,18,86,7,0,93
9641190,000002E8,false,Rx,0,8,0,0,0,0,0,0,0,0
9641208,258,false,Rx,0,8,0B,71,1E,0,10,15,0,28
9641226,61,false,Rx,0,8,67,AF,F8,0,0,0,0,0
9641255,259,false,Rx,0,8,51,5,8A,3C,4C,2,0,0
9641272,92,false,Rx,0,8,0,0,0,0,0,0,0,0
9642377,93,false,Rx,0,8,0,0,0,0,0,0,0,0
9642412,94,false,Rx,0,8,0,0,0,0,0,0,0,0
9642562,000000A1,false,Rx,0,8,C9,3D,F8,1A,0,0,0,0
9642580,000000A2,false,Rx,0,8,0,0,0,0,0,0,0,0
9642598,000000A3,false,Rx,0,8,0,40,1,0,0,0,0,0
9645137,487,false,Rx,0,8,0,0,0,0,0,0,0,0
9645172,000004F0,false,Rx,0,8,4A,10,33,2,58,1A,18,2
9645190,642,false,Rx,0,8,FF,FF,FF,FF,FF,FF,0,0
9646639,0000011B,false,Rx,0,8,27,F7,E5,5,80,8,A8,2
9646675,0000012B,false,Rx,0,8,60,0D,E5,6,0,0,8,0
9646695,0000011C,false,Rx,0,8,0,5,20,0,22,0,1,1
9646712,0000012C,false,Rx,0,8,0,0,1,0,0,64,0,0
9649601,000002BF,false,Rx,0,8,FF,FF,FF,0,0,0,0,0
9649641,0000047F,false,Rx,0,8,FF,FF,FF,FF,FF,FF,F3,FF
9649660,653,false,Rx,0,8,0A,19,3,1,2,2A,0,0
9651731,146,false,Rx,0,8,AD,F4,EF,10,4,1,0,0
9651772,147,false,Rx,0,8,0,4,7D,0,40,0,0,0
9651791,148,false,Rx,0,8,0,0,0,0,0,90,40,5
9651809,149,false,Rx,0,8,0,0,0,0,0,0,0,0
9655984,0000010B,false,Rx,0,8,D0,2E,F4,0,0,0,0,5
9656020,0000010C,false,Rx,0,8,FF,F9,E7,1F,46,44,46,46
9656631,0000010D,false,Rx,0,8,10,3,0,0,0,0,1,35
9656660,000001B1,false,Rx,0,8,A8,69,EF,0,72,0,0,0
9656680,0000010E,false,Rx,0,8,0,0,0A,0,0,C0,AB,57
9658236,000001B2,false,Rx,0,8,23,0,4,0F,0F,7,52,10
9658271,000001B3,false,Rx,0,8,10,2C,0,0,87,91,96,90
9658289,000001B4,false,Rx,0,8,95,91,17,0,0,40,1,0
9660585,475,false,Rx,0,8,12,0,0,0,0,0,0,0
9660613,496,false,Rx,0,8,12,0,0,0,0,0,0,0
9663566,0000036F,false,Rx,0,8,91,21,1,0,0,0,0,0
9663588,0000037F,false,Rx,0,8,3A,B0,52,24,41,2,0,0
9664563,111,false,Rx,0,8,96,43,A7,1,0,0,0,0
9664587,112,false,Rx,0,8,0,0,0,0,0,0,0,0
9665563,113,false,Rx,0,8,0,0,0,0,0,0,0,0
9665588,114,false,Rx,0,8,0,0,0,0,0,0,0,0
9665606,000001A1,false,Rx,0,8,DE,89,F3,FE,F7,7F,64,0
9666563,000001A2,false,Rx,0,8,0,0,0,0,0,8,0,0
9666587,000001A3,false,Rx,0,8,FF,F3,3F,0,0,0,0,0
9666605,000001A4,false,Rx,0,8,FE,7,0,0,0,0,0,0
9672571,0000019B,false,Rx,0,8,DF,15,F2,0,0,E4,0,0
9672600,0000019C,false,Rx,0,8,40,20,0,0,0,0,0B,9
9672618,0000019D,false,Rx,0,8,0,10,0,1,0,0,0,0
9673565,0000019E,false,Rx,0,8,15,0,0,0,0,32,0,0
9676572,0000030B,false,Rx,0,8,13,4,65,0,4,0,0,0
9676592,0000030C,false,Rx,0,8,0,0,0E,0,2C,0,A0,0F
9676610,0000030D,false,Rx,0,8,0,0,0,0,FF,0,0,0
9677564,0000030E,false,Rx,0,8,0,0,38,5,21,0,0,1A
9681566,121,false,Rx,0,8,79,F6,F5,0,0,0,0,5
9681586,122,false,Rx,0,8,FF,D9,67,1F,46,46,46,46
9681604,123,false,Rx,0,8,11,3,0,0,0,0,1,35
9682564,124,false,Rx,0,8,0,0,0A,0,0,0,20,40
9683566,405,false,Rx,0,8,BD,30,0,0,0,1,0,0
9683586,413,false,Rx,0,8,6F,30,0,0,0,0,0,0
9684564,410,false,Rx,0,8,4B,80,59,3C,16,6B,FF,FF
9684596,414,false,Rx,0,8,F0,10,0,0,28,0,0,0
9684613,411,false,Rx,0,8,A8,1,50,50,0,0,44,4
9684631,416,false,Rx,0,8,55,0,0,0,0,0,0,0
9684649,412,false,Rx,0,8,6D,60,0,0,0,0,0,0
9685571,417,false,Rx,0,8,5F,20,0,0,0,0,0,0
9685596,000004A3,false,Rx,0,8,80,0,48,0B,3E,0,0,0
9685613,418,false,Rx,0,8,19,70,0,0,12,0C,0,0
9685631,000004A4,false,Rx,0,8,FF,FF,FF,0,0,0,0,0
9686565,419,false,Rx,0,8,E9,80,8B,D6,69,86,90,0
9686590,000004F0,false,Rx,0,8,4A,10,33,2,58,1A,18,2
9686607,36,false,Rx,0,8,0B,E4,F7,51,0,0,25,1
9686625,37,false,Rx,0,8,0,0,0,10,0,40,0,0
9687564,38,false,Rx,0,8,4,0,0,0,90,38,96,D4
9687590,39,false,Rx,0,8,0,0,0,0,0,0,0,0
9689567,61,false,Rx,0,8,18,83,FD,0,0,0,0,0
9689589,62,false,Rx,0,8,2,2,0,2,40,FF,0,FF
9690564,63,false,Rx,0,8,0,0,5,0,0,8,FD,0
9690589,64,false,Rx,0,8,0,0,0,4,FF,FA,0,0
9690607,000000A1,false,Rx,0,8,C6,D6,FD,1A,0,0,0,0
9690625,000000A2,false,Rx,0,8,0,0,0,0,0,0,0,0
9691564,000000A3,false,Rx,0,8,0,40,1,0,0,0,0,0
9695564,151,false,Rx,0,8,E1,AA,65,A0,C8,0,28,19
9695585,000001F6,false,Rx,0,8,D2,89,65,0,0,0,0,0E
9695603,152,false,Rx,0,8,16,18,18,0,0B,0,0,0
9695627,000001F7,false,Rx,0,8,0B,0,0,0,0,0,0,0
9695645,0000011B,false,Rx,0,8,3D,8E,EA,5,80,8,A8,2
9696563,153,false,Rx,0,8,0,0,0,0,0,0,0,0
9696588,0000011C,false,Rx,0,8,0,5,20,0,22,0,1,1
9696606,0000012B,false,Rx,0,8,7A,74,EA,6,0,0,8,0
9696633,000001F8,false,Rx,0,8,0,0,0,0,0,0,0,0
9697563,0000012C,false,Rx,0,8,0,0,1,0,0,64,0,0
9697595,000001F9,false,Rx,0,8,0,0,A0,C8,14,0,0,0
9697614,154,false,Rx,0,8,0,0,0,0,0,0,0,0
9697632,236,false,Rx,0,8,43,74,65,0,6E,3C,34,6C
9698570,000002FB,false,Rx,0,8,BD,83,65,4,5F,1A,CC,CC
9698593,237,false,Rx,0,8,0,15,BA,0,0,AA,1E,0
9698611,000002FC,false,Rx,0,8,3,0,16,19,0,0,8E,BF
9698629,238,false,Rx,0,8,0,0,5F,0,0,0,0,0
9699563,000002FD,false,Rx,0,8,0,0,0,0,0,1C,0E,EA
9699589,000001E6,false,Rx,0,8,71,E9,C7,2,0,0,0,0
9699606,239,false,Rx,0,8,0,0,0,0,1,0,0,0
9699624,000001BB,false,Rx,0,8,52,21,C7,2,0,0,0,0A
9700671,0000025B,false,Rx,0,8,E1,F6,65,40,40,20,0,0
9701316,000001BC,false,Rx,0,8,32,0,0,0,2,0,0,0
9701337,0000025C,false,Rx,0,8,0,0,0B,0,34,89,19,0
9701354,000001BD,false,Rx,0,8,0,0,0,0,0,0,0,0
9701372,0000025D,false,Rx,0,8,0,C8,0,0,0,80,C0,70
9701389,000001E7,false,Rx,0,8,0,0,22,3,20,1,0,0
9701588,000002FE,false,Rx,0,8,0,0,72,1,0,28,0,0
9702568,382,false,Rx,0,8,F1,7A,1,0,0,1,8,0
9702589,326,false,Rx,0,8,28,D7,65,0,0,0,0,0
9702607,327,false,Rx,0,8,0,0,0,0,5,0,0,0
9702625,328,false,Rx,0,8,0,0,0,0,0,0,0,0
9703572,329,false,Rx,0,8,A0,0,0,0,0,0,0,0
9703593,331,false,Rx,0,8,3B,98,65,F1,C8,A0,2C,97
9703610,332,false,Rx,0,8,94,2,0,0,0,0,0,0
9703627,333,false,Rx,0,8,0,0,0,1C,0C,40,20,A0
9704938,334,false,Rx,0,8,C8,0,0,0,AC,70,1D,90
9706575,0000010B,false,Rx,0,8,DD,E8,F9,0,0,0,0,5
9706900,0000010C,false,Rx,0,8,FF,F9,E7,1F,46,44,46,46
9706973,0000010D,false,Rx,0,8,10,3,0,0,0,0,1,35
9706997,0000010E,false,Rx,0,8,0,0,0A,0,0,C0,AB,57
9707015,000002AB,false,Rx,0,8,2A,FB,66,0C,0C,0,0,0
9707033,000002AC,false,Rx,0,8,0,FF,FF,0,0,40,0,50
9707565,000002AD,false,Rx,0,8,0,1,0,40,FF,FF,FF,0F
9707590,000002AE,false,Rx,0,8,1,0,FF,3F,1,1,0,0
9708563,000002B6,false,Rx,0,8,58,8A,66,1,0,0,0,40
9708583,000002B7,false,Rx,0,8,8,2,F0,0,0,4,0,0
9708602,251,false,Rx,0,8,90,23,65,0,0,0,0,0
9709678,000002B8,false,Rx,0,8,AA,11,11,0,0,0,0,0
9710133,252,false,Rx,0,8,0,0,0,0,3,0,0,0
9711243,000002B9,false,Rx,0,8,0A,0,0,0,0,0,0,0
9711281,253,false,Rx,0,8,0,0,0,51,51,0,80,44
9711299,000002E1,false,Rx,0,8,9,DE,66,0,0,0,0,40
9711317,396,false,Rx,0,8,B9,39,B2,0F,8,1,0,2
9711334,000002E2,false,Rx,0,8,FD,0,0,0,0,14,0,4
9715596,000001AB,false,Rx,0,8,F2,40,44,50,70,38,0,0
9715636,000001AC,false,Rx,0,8,0,28,0,0,0,0,0,0
9715654,226,false,Rx,0,8,3E,FC,41,FF,43,E1,5,42
9715672,227,false,Rx,0,8,2,70,E1,8,0,F2,17,4
9717780,000003A1,false,Rx,0,8,87,68,C3,0,FF,FF,FF,FF
9718193,000003A2,false,Rx,0,8,0,0,0,0,0,0,0,0
9718227,565,false,Rx,0,8,66,2,0,0,0,0,FF,FF
9718248,383,false,Rx,0,8,12,ED,1,0,2,0,0,0
9723041,0000019B,false,Rx,0,8,A0,39,F7,0,0,E4,0,0
9723080,0000019C,false,Rx,0,8,40,20,0,0,0,0,0B,9
9723098,0000019D,false,Rx,0,8,0,10,0,1,0,0,0,0
9723116,0000019E,false,Rx,0,8,15,0,0,0,0,32,0,0
9723702,000002D6,false,Rx,0,8,2C,C5,B2,0,0,0,0,0
9723732,000002D7,false,Rx,0,8,0,0,0,0,3,0,0,0
9725141,000002EB,false,Rx,0,8,5E,7C,B2,9,8,0,0,2
9725630,000002D8,false,Rx,0,8,0,0,0,0,0,0,38,45
9725656,000002EC,false,Rx,0,8,2,0,0,0,0,0,0,0
9725674,000002D9,false,Rx,0,8,0,0,0,0,0,0,0,0
9725692,000002ED,false,Rx,0,8,0,0,0,0,0,0,0,0
9728191,356,false,Rx,0,8,A6,D5,B3,0,0,0,0,0
9728228,357,false,Rx,0,8,0,0,0,0,0,4B,4D,48
9728247,358,false,Rx,0,8,35,41,45,4D,52,37,33,4F
9728265,359,false,Rx,0,8,51,4F,34,52,4A,35,33,0
9731705,121,false,Rx,0,8,F8,82,FA,0,0,0,0,5
9731751,122,false,Rx,0,8,FF,D9,67,1F,46,46,46,46
9731769,123,false,Rx,0,8,11,3,0,0,0,0,1,35
9731787,124,false,Rx,0,8,0,0,0A,0,0,0,20,40
9733256,000000FF,false,Rx,0,8,CB,10,0,0,0,0,2,0
9733686,394,false,Rx,0,8,2A,22,1A,49,0,0,0,0
9735080,000003C3,false,Rx,0,8,45,10,31,30,36,0,0,0
9735115,000003E0,false,Rx,0,8,66,20,1,0,54,3,0,0
9735488,000003E5,false,Rx,0,8,37,80,1,0,0,0,0,0
9735512,000003E6,false,Rx,0,8,67,90,0,0,0,0,0,0
9735586,0000041A,false,Rx,0,8,8D,D0,12,0,0,0,0,0
9736655,161,false,Rx,0,8,F6,5E,F7,3,0,0,0,2
9737070,0000041B,false,Rx,0,8,70,D0,0,0,0,0,0,0
9737094,36,false,Rx,0,8,B3,E5,FC,51,0,0,25,1
9737111,162,false,Rx,0,8,FF,FC,1,0,0,0,0,0
9737129,37,false,Rx,0,8,0,0,0,10,0,40,0,0
9737147,38,false,Rx,0,8,4,0,0,0,90,38,96,D4
9737594,39,false,Rx,0,8,0,0,0,0,0,0,0,0
9738802,384,false,Rx,0,8,E9,DC,2,0,0,FF,0,21
9738836,0000041C,false,Rx,0,8,48,0,E0,0,0,0,0,0
9739248,000003B6,false,Rx,0,8,B2,E6,B1,0,0,0,0,46
9739273,422,false,Rx,0,8,9D,70,1,0,0,0,4,0
9739291,000003B7,false,Rx,0,8,46,0,0,0,0,0,0,0
9740449,61,false,Rx,0,8,6E,CF,2,0,0,0,0,0
9740878,000003B8,false,Rx,0,8,0C,3,0,0,0,0,69,0E
9740917,62,false,Rx,0,8,2,2,0,2,40,FF,0,FF
9740935,000003B9,false,Rx,0,8,0,0,0,0,0,0,0,0
9740953,63,false,Rx,0,8,0,0,5,0,0,8,FD,0
9740970,64,false,Rx,0,8,0,0,0,4,FF,FA,0,0
9742602,91,false,Rx,0,8,55,48,64,0,0,0,0,0
9742640,92,false,Rx,0,8,0,0,0,0,0,0,0,0
9742658,93,false,Rx,0,8,0,0,0,0,0,0,0,0
9742675,94,false,Rx,0,8,0,0,0,0,0,0,0,0
9742693,000000A1,false,Rx,0,8,B4,8,2,1A,0,0,0,0
9742711,432,false,Rx,0,8,3,20,2,0,0,0,0,0
9743794,000000A3,false,Rx,0,8,0,40,1,0,0,0,0,0
9743828,435,false,Rx,0,8,26,C0,0,40,0,0,0,0
9743846,442,false,Rx,0,8,CE,20,11,81,0,0,0,0
9744599,444,false,Rx,0,8,D5,20,20,50,55,50,0,0
9744626,000001F1,false,Rx,0,8,9E,A6,9A,1,0,0,28,0
9744644,000001F2,false,Rx,0,8,0,0,0,0,0,0,0,0
9746208,445,false,Rx,0,8,C6,C0,0,0,0,0,0,18
9746613,0000011B,false,Rx,0,8,CB,A6,EF,5,80,8,A8,2
9747756,0000012B,false,Rx,0,8,8C,5C,EF,6,0,0,8,0
9747781,0000011C,false,Rx,0,8,0,5,20,0,22,0,1,1
9747801,0000012C,false,Rx,0,8,0,0,1,0,0,64,0,0
9747818,464,false,Rx,0,8,D5,20,F0,FF,38,7F,5,0
9751589,146,false,Rx,0,8,D0,31,F4,10,4,1,0,0
9751628,147,false,Rx,0,8,0,4,7D,0,40,0,0,0
9751646,148,false,Rx,0,8,0,0,0,0,0,90,40,5
9752595,149,false,Rx,0,8,0,0,0,0,0,0,0,0
9753866,495,false,Rx,0,8,49,0,0,0,0,0,0,0
9753902,000003AA,false,Rx,0,8,FF,0,B0,0,54,0,0,0
9755770,0000010B,false,Rx,0,8,D8,A3,FE,0,0,0,0,5
9755927,0000010C,false,Rx,0,8,FF,F9,E7,1F,46,45,46,46
9757440,0000010D,false,Rx,0,8,10,3,0,0,0,0,1,35
9757496,000001B1,false,Rx,0,8,D5,AC,F4,0,72,0,0,0
9757514,000000C5,false,Rx,0,8,0,0,0,0,0,0,0,0
9757532,0000010E,false,Rx,0,8,0,0,0A,0,0,C0,AB,57
9758560,000001B2,false,Rx,0,8,23,0,4,0F,0F,7,52,10
9758642,244,false,Rx,0,8,FF,FF,FF,FF,FF,FF,FF,FF
9758661,000001B3,false,Rx,0,8,10,2C,0,0,87,91,96,90
9758679,000004B4,false,Rx,0,8,0,0,0,0,0,0,0,0
9758696,000001B4,false,Rx,0,8,95,91,17,0,0,40,1,0
9758714,000004B5,false,Rx,0,8,8,0,F0,7,0,0,0,0
9759593,000004CA,false,Rx,0,8,0,0,0,0,0,0,0,0
9759630,000004CC,false,Rx,0,8,8,0,0,6,0,0,3,0
9759651,000004CE,false,Rx,0,8,14,1,FF,FF,FF,FF,FF,FF
9760622,000004D7,false,Rx,0,8,23,1,0,0,0,0,0,0
9761013,000004D8,false,Rx,0,8,41,10,F0,F0,40,F2,1E,CC
9761037,000004DD,false,Rx,0,8,0,0,FE,0,4,0,0,0
9761054,000004DF,false,Rx,0,8,FF,3,0C,3F,0,0,0,0
9761071,000004E7,false,Rx,0,8,0,30,0,0,0,0,69,0
9761089,000004E8,false,Rx,0,8,FF,FF,FF,5,FF,FF,FF,0
9762154,000004E9,false,Rx,0,8,12,0,0,34,0,0,50,0
9762189,000004EA,false,Rx,0,8,67,0,0,89,0,0,0,0
9763457,000004EB,false,Rx,0,8,10,80,33,2,80,0,0,0
9763502,000004EC,false,Rx,0,8,0,0,0,0,0,0,0,0
9763520,000004ED,false,Rx,0,8,0,0,0,0,0,FF,FF,1F
9763944,000004EE,false,Rx,0,8,FF,FF,0,0,0,0,0,0
9763981,380,false,Rx,0,8,AD,D7,FF,0,0,0,0,1
9764006,000004EF,false,Rx,0,8,60,0,60,0,29,14,0,0
9764023,0000063D,false,Rx,0,8,0,80,0,0,0,0,0,0
9764054,0000037F,false,Rx,0,8,32,C0,52,24,41,2,0,0
9764113,0000063E,false,Rx,0,8,FF,FF,FF,FF,FF,FF,FF,FF
9765352,0000063F,false,Rx,0,8,0,10,0,C4,FF,0,0,0
9765371,640,false,Rx,0,8,FF,FF,FF,0,FF,FF,FF,0
9766416,000001A1,false,Rx,0,8,66,88,F8,FE,F7,7F,64,0
9766861,000003B0,false,Rx,0,8,72,37,FF,C7,0,0,3,C0
9767869,000003B1,false,Rx,0,8,9B,3C,FF,40,0,0,20,0
9769608,448,false,Rx,0,8,0,C0,0,0,0,0,0,0
9772411,0000019B,false,Rx,0,8,18,38,FC,0,0,E4,0,0
9772446,0000019C,false,Rx,0,8,40,20,0,0,0,0,0B,9
9772608,0000019D,false,Rx,0,8,0,10,0,1,0,0,0,0
9773737,0000019E,false,Rx,0,8,15,0,0,0,0,32,0,0
9776621,000001E1,false,Rx,0,8,E2,9C,CA,2,0,0,0,0
9777016,000001E2,false,Rx,0,8,0,0,0,0,0,0,0,0
9778054,000003B2,false,Rx,0,8,36,15,FF,2,29,2F,34,0
9781589,121,false,Rx,0,8,87,AE,FF,0,0,0,0,5
9781628,122,false,Rx,0,8,FF,D9,67,1F,46,46,46,46
9781647,123,false,Rx,0,8,11,3,0,0,0,0,1,35
9782605,124,false,Rx,0,8,0,0,0A,0,0,0,20,40
9782637,427,false,Rx,0,8,1D,86,FF,0,80,0A,0,0
9783723,419,false,Rx,0,8,1E,90,8B,D6,6D,86,90,0
9786884,36,false,Rx,0,8,49,1B,1,51,0,0,25,1
9786923,37,false,Rx,0,8,0,0,0,10,0,40,0,0
9786941,38,false,Rx,0,8,4,0,0,0,90,38,96,D4
9786958,39,false,Rx,0,8,0,0,0,0,0,0,0,0
9789415,61,false,Rx,0,8,11,E3,7,0,0,0,0,0
9790517,62,false,Rx,0,8,2,2,0,2,40,FF,0,FF
9790738,63,false,Rx,0,8,0,0,5,0,0,8,FD,0
9790757,64,false,Rx,0,8,0,0,0,4,FF,FA,0,0
9790775,000000A1,false,Rx,0,8,BB,E3,7,1A,0,0,0,0
9790804,000000A2,false,Rx,0,8,0,0,0,0,0,0,0,0
9790822,000000A3,false,Rx,0,8,0,40,1,0,0,0,0,0
9792167,0000042A,false,Rx,0,8,F4,DE,FF,1,0,10,0,0
9795588,0000011B,false,Rx,0,8,9,7C,F4,5,80,8,A8,2
9796704,0000012B,false,Rx,0,8,4E,86,F4,6,0,0,8,0
9796906,0000011C,false,Rx,0,8,0,5,20,0,22,0,1,1
9796926,0000012C,false,Rx,0,8,0,0,1,0,0,64,0,0
9798140,000001FB,false,Rx,0,8,4B,B5,65,0,0,0,0,0
9798174,000001FC,false,Rx,0,8,0,0,0,0,0,0,0,0
9798192,000001FD,false,Rx,0,8,0,1A,3,0,0,0,0,0
9799373,000001FE,false,Rx,0,8,0,0,0,0,0,0,0,0
9806588,0000010B,false,Rx,0,8,D4,88,3,0,0,0,0,5
9806629,0000010C,false,Rx,0,8,FF,F9,E7,1F,46,44,46,46
9806647,0000010D,false,Rx,0,8,10,3,0,0,0,0,1,35
9806664,0000010E,false,Rx,0,8,0,0,0A,0,0,C0,AB,57
9807607,000002C1,false,Rx,0,8,B5,CD,B4,21,0,41,0,AA
9807640,000002C2,false,Rx,0,8,21,0,0,0,0,0,0,0
9808716,000002C3,false,Rx,0,8,0,0,0,0,0,0,0,0
9808751,000002C4,false,Rx,0,8,0,0,0,0,0,0,0,0
9814653,566,false,Rx,0,8,16,2,0,0,0,0,FF,FF
9814693,000001AB,false,Rx,0,8,81,79,49,50,70,38,0,0
9815614,000001AC,false,Rx,0,8,0,28,0,0,0,0,0,0
9815647,316,false,Rx,0,8,9B,BD,A1,34,14,80,0A,0
9815665,317,false,Rx,0,8,0,0,5,0,0,0,0,0
9815682,000003CB,false,Rx,0,8,36,14,0,F4,0,0,0,0
9816610,000003CC,false,Rx,0,8,36,31,34,30,33,34,31,0
9817925,472,false,Rx,0,8,5C,EC,0,40,8,41,0,45
9818334,473,false,Rx,0,8,5F,24,0,25,0,0,0,78
9818354,474,false,Rx,0,8,93,44,0,0,0,0,0,14
9819335,000002FF,false,Rx,0,8,E2,1,0,F1,3F,0,0,0
9822415,0000019B,false,Rx,0,8,E2,C6,1,0,0,E4,0,0
9822450,0000019C,false,Rx,0,8,40,20,0,0,0,0,0B,9
9823677,0000019D,false,Rx,0,8,0,10,0,1,0,0,0,0
9823714,0000019E,false,Rx,0,8,15,0,0,0,0,32,0,0
9823732,419,false,Rx,0,8,1E,90,8B,D6,6D,86,90,0
9827600,0000033B,false,Rx,0,8,6D,D9,67,0,0,0,0,0
9827638,0000033C,false,Rx,0,8,0,0,0,0,F0,0,0,0
9827657,0000033D,false,Rx,0,8,0,0,0,0,0,0,0,0
9827674,0000033E,false,Rx,0,8,0,0,0,0,0,0,0,0
9831593,121,false,Rx,0,8,C8,97,4,0,0,0,0,5
9831631,122,false,Rx,0,8,FF,D9,67,1F,46,46,46,46
9831650,123,false,Rx,0,8,11,3,0,0,0,0,1,35
9832594,124,false,Rx,0,8,0,0,0A,0,0,0,20,40
9835916,161,false,Rx,0,8,3E,A7,FC,3,0,0,0,2
9835952,162,false,Rx,0,8,FF,FC,1,0,0,0,0,0
9837091,36,false,Rx,0,8,BA,85,6,51,0,0,25,1
9837127,401,false,Rx,0,8,A9,30,10,0,0,4,0,0
9837145,37,false,Rx,0,8,0,0,0,10,0,40,0,0
9837163,38,false,Rx,0,8,4,0,0,0,90,38,96,D4
9837612,39,false,Rx,0,8,0,0,0,0,0,0,0,0
9840334,000002E6,false,Rx,0,8,63,6C,64,1,0,0,0,15
9840369,256,false,Rx,0,8,48,62,64,15,40,0,D0,0
9840387,000002E7,false,Rx,0,8,0A,0,0,0,0,0,0,0
9840405,257,false,Rx,0,8,0,93,41,15,86,7,0,93
9840422,000002E8,false,Rx,0,8,0,0,0,0,0,0,0,0
9841028,000002E9,false,Rx,0,8,0,0,0,0,0,0,0,0
9841058,64,false,Rx,0,8,0,0,0,4,FF,FA,0,0
9841076,91,false,Rx,0,8,13,11,65,0,0,0,0,0
9841594,92,false,Rx,0,8,0,0,0,0,0,0,0,0
9841622,93,false,Rx,0,8,0,0,0,0,0,0,0,0
9843866,94,false,Rx,0,8,0,0,0,0,0,0,0,0
9843901,000000A1,false,Rx,0,8,87,12,0C,1A,0,0,0,0
9843919,000000A2,false,Rx,0,8,0,0,0,0,0,0,0,0
9843937,000000A3,false,Rx,0,8,0,40,1,0,0,0,0,0
9846861,0000011B,false,Rx,0,8,7A,45,F9,5,80,8,A8,2
9846896,0000011C,false,Rx,0,8,0,5,20,0,22,0,1,1
9846914,0000012B,false,Rx,0,8,3D,BF,F9,6,0,0,8,0
9846932,0000012C,false,Rx,0,8,0,0,1,0,0,64,0,0
9846956,487,false,Rx,0,8,0,0,0,0,0,0,0,0
9846973,000004E8,false,Rx,0,8,FF,FF,FF,5,FF,FF,FF,0
9848312,642,false,Rx,0,8,FF,FF,FF,FF,FF,FF,0,0
9848748,000001E6,false,Rx,0,8,2,D0,CA,2,0,0,0,0
9849776,000001BB,false,Rx,0,8,64,62,CA,2,0,0,0,0A
9849810,000002BF,false,Rx,0,8,FF,FF,FF,0,0,0,0,0
9850239,000001BC,false,Rx,0,8,32,0,0,0,2,0,0,0
9850266,0000047F,false,Rx,0,8,FF,FF,FF,FF,FF,FF,F3,FF
9850284,000001BD,false,Rx,0,8,0,0,0,0,0,0,0,0
9850301,653,false,Rx,0,8,0A,19,3,1,2,2A,0,0
9851440,000001E7,false,Rx,0,8,0,0,22,3,20,1,0,0
9851485,146,false,Rx,0,8,DD,F7,F9,10,4,1,0,0
9851503,147,false,Rx,0,8,0,4,7D,0,40,0,0,0
9851521,148,false,Rx,0,8,0,0,0,0,0,90,40,5
9853643,149,false,Rx,0,8,0,0,0,0,0,0,0,0
9855714,0000010B,false,Rx,0,8,6C,89,8,0,0,0,0,5
9857057,0000010C,false,Rx,0,8,FF,F9,E7,1F,46,44,46,46
9857107,0000010D,false,Rx,0,8,10,3,0,0,0,0,1,35
9857125,000001B1,false,Rx,0,8,D8,6A,F9,0,72,0,0,0
9857143,0000010E,false,Rx,0,8,0,0,0A,0,0,C0,AB,57
9857161,000001B2,false,Rx,0,8,23,0,4,0F,0F,7,52,10
9857178,000001B3,false,Rx,0,8,10,2C,0,0,87,91,96,90
9858609,000001B4,false,Rx,0,8,95,91,17,0,0,40,1,0
9860596,475,false,Rx,0,8,12,0,0,0,0,0,0,0
9860631,496,false,Rx,0,8,12,0,0,0,0,0,0,0
9864302,0000036F,false,Rx,0,8,20,41,1,0,0,0,0,0
9864343,419,false,Rx,0,8,1E,90,8B,D6,6D,86,90,0
9864362,0000037F,false,Rx,0,8,8B,D0,52,24,41,2,0,0
9864543,111,false,Rx,0,8,17,37,A8,1,0,0,0,0
9864565,112,false,Rx,0,8,0,0,0,0,0,0,0,0
9866937,113,false,Rx,0,8,0,0,0,0,0,0,0,0
9866980,114,false,Rx,0,8,0,0,0,0,0,0,0,0
9866998,000001A1,false,Rx,0,8,19,A4,FD,FE,F7,7F,64,0
9867016,000001A2,false,Rx,0,8,0,0,0,0,0,8,0,0
9867034,000001A3,false,Rx,0,8,FF,F3,3F,0,0,0,0,0
9867407,000001A4,false,Rx,0,8,FE,7,0,0,0,0,0,0
9872596,0000019B,false,Rx,0,8,11,58,6,0,0,E4,0,0
9872632,0000019C,false,Rx,0,8,40,20,0,0,0,0,0B,9
9874152,0000019D,false,Rx,0,8,0,10,0,1,0,0,0,0
9874172,0000019E,false,Rx,0,8,15,0,0,0,0,32,0,0
9877917,0000030B,false,Rx,0,8,DF,CA,67,0,4,0,0,0
9877957,0000030C,false,Rx,0,8,0,0,0E,0,2C,0,A0,0F
9877975,0000030D,false,Rx,0,8,0,0,0,0,48,0,0,0
9877993,0000030E,false,Rx,0,8,0,0,38,5,21,0,0,1A
9881593,121,false,Rx,0,8,C5,51,9,0,0,0,0,5
9881629,122,false,Rx,0,8,FF,D9,67,1F,46,46,46,46
9881647,123,false,Rx,0,8,11,3,0,0,0,0,1,35
9882568,124,false,Rx,0,8,0,0,0A,0,0,0,20,40
9883559,405,false,Rx,0,8,BD,30,0,0,0,1,0,0
9883581,413,false,Rx,0,8,6F,30,0,0,0,0,0,0
9884565,410,false,Rx,0,8,4B,80,59,3C,16,6B,FF,FF
9884592,414,false,Rx,0,8,F0,10,0,0,28,0,0,0
9884610,411,false,Rx,0,8,A8,1,50,50,0,0,44,4
9884628,416,false,Rx,0,8,55,0,0,0,0,0,0,0
9884646,412,false,Rx,0,8,6D,60,0,0,0,0,0,0
9885707,417,false,Rx,0,8,5F,20,0,0,0,0,0,0
9885742,0000048F,false,Rx,0,8,AD,10,41,0,5,0,0,0
9885760,418,false,Rx,0,8,19,70,0,0,12,0C,0,0
9887367,36,false,Rx,0,8,B7,43,0B,51,0,0,25,1
9887402,37,false,Rx,0,8,0,0,0,10,0,40,0,0
9887420,000004A3,false,Rx,0,8,80,0,48,0B,3E,0,0,0
9887438,38,false,Rx,0,8,4,0,0,0,90,38,96,D4
9887793,000004A4,false,Rx,0,8,FF,FF,FF,0,0,0,0,0
9887821,000004E8,false,Rx,0,8,FF,FF,FF,5,FF,FF,FF,0
9888591,419,false,Rx,0,8,1E,90,8B,D6,6D,86,90,0
9889862,61,false,Rx,0,8,61,E0,11,0,0,0,0,0
9889895,62,false,Rx,0,8,2,2,0,2,40,FF,0,FF
9889913,63,false,Rx,0,8,0,0,5,0,0,8,FD,0
9891277,64,false,Rx,0,8,0,0,0,4,FF,FA,0,0
9891312,000000A1,false,Rx,0,8,E2,11,11,1A,0,0,0,0
9891675,000000A2,false,Rx,0,8,0,0,0,0,0,0,0,0
9891896,000000A3,false,Rx,0,8,0,40,1,0,0,0,0,0
9892924,415,false,Rx,0,8,40,13,10,0,8,1,0,0
9894169,000001F1,false,Rx,0,8,1,CE,9D,1,0,0,28,0
9895851,000001F2,false,Rx,0,8,0,0,0,0,0,0,0,0
9895892,151,false,Rx,0,8,6D,18,67,A0,C8,0,28,19
9895910,152,false,Rx,0,8,16,18,18,0,0B,0,0,0
9895928,000001F6,false,Rx,0,8,5E,3B,67,0,0,0,0,0E
9895946,153,false,Rx,0,8,0,0,0,0,0,0,0,0
9895964,0000011B,false,Rx,0,8,E5,2D,FE,5,80,8,A8,2
9897484,0000012B,false,Rx,0,8,A2,D7,FE,6,0,0,8,0
9897519,0000011C,false,Rx,0,8,0,5,20,0,22,0,1,1
9898411,0000012C,false,Rx,0,8,0,0,1,0,0,64,0,0
9898499,000001F7,false,Rx,0,8,0B,0,0,0,0,0,0,0
9898520,154,false,Rx,0,8,0,0,0,0,0,0,0,0
9898667,000002FB,false,Rx,0,8,31,31,67,4,5F,1A,CC,CC
9898685,000001F9,false,Rx,0,8,0,0,A0,C8,14,0,0,0
9898703,000002FC,false,Rx,0,8,3,0,16,19,0,0,8E,BF
9898721,237,false,Rx,0,8,0,15,BA,0,0,AA,1E,0
9899832,000002FE,false,Rx,0,8,0,0,72,1,0,28,0,0
9899868,238,false,Rx,0,8,0,0,5F,0,0,0,0,0
9899886,326,false,Rx,0,8,A4,65,67,0,0,0,0,0
9901209,0000025B,false,Rx,0,8,3D,2E,67,40,40,20,0,0
9901295,0000025D,false,Rx,0,8,0,C8,0,0,0,80,C0,70
9902957,331,false,Rx,0,8,B7,2A,67,F1,C8,A0,2C,97
9904061,382,false,Rx,0,8,F1,7A,1,0,0,1,8,0
9904312,333,false,Rx,0,8,0,0,0,1C,0C,40,20,A0
9905777,0000010B,false,Rx,0,8,13,A5,0D,0,0,0,0,5
9906571,0000010C,false,Rx,0,8,FF,F9,E7,1F,46,44,46,46
9906592,0000010D,false,Rx,0,8,10,3,0,0,0,0,1,35
9906610,0000010E,false,Rx,0,8,0,0,0A,0,0,C0,AB,57
9907827,000002AB,false,Rx,0,8,ED,D6,68,0C,0C,0,0,0
9907860,000002AC,false,Rx,0,8,0,FF,FF,0,0,40,0,50
9907877,000002AD,false,Rx,0,8,0,1,0,40,FF,FF,FF,0F
9907895,000002AE,false,Rx,0,8,1,0,FF,3F,1,1,0,0
9907912,000002B6,false,Rx,0,8,9F,A7,68,1,0,0,0,40
9908573,251,false,Rx,0,8,96,4D,67,0,0,0,0,0
9908596,000002B7,false,Rx,0,8,8,2,F0,0,0,4,0,0
9908615,252,false,Rx,0,8,0,0,0,0,3,0,0,0
9909592,000002B8,false,Rx,0,8,AA,11,11,0,0,0,0,0
9909617,253,false,Rx,0,8,0,0,0,51,51,0,80,44
9909636,000002B9,false,Rx,0,8,0A,0,0,0,0,0,0,0
9909886,396,false,Rx,0,8,D9,62,B3,0F,8,2,0,2
9909932,000002E1,false,Rx,0,8,CE,F3,68,0,0,0,0,40
9909956,397,false,Rx,0,8,25,0,0,0,0,0,0,0
9910583,000002E2,false,Rx,0,8,FD,0,0,0,0,14,0,4
9910608,398,false,Rx,0,8,0,0,0,0,0,0,0,0
9911567,000002E3,false,Rx,0,8,0,0,0,0,0,0,72,1
9911588,000002E4,false,Rx,0,8,2,0,0,0,0,0,0,0
9914577,516,false,Rx,0,8,61,2,0,0,0,0,FF,FF
9915580,000001AB,false,Rx,0,8,1E,11,4E,50,70,38,0,0
9915607,226,false,Rx,0,8,57,BC,43,FF,43,E1,5,42
9915624,000001AC,false,Rx,0,8,0,28,0,0,0,0,0,0
9915642,227,false,Rx,0,8,2,70,E1,8,0,F2,17,4
9917566,000003A1,false,Rx,0,8,18,0,C4,0,FF,FF,FF,FF
9917588,000003A2,false,Rx,0,8,0,0,0,0,0,0,0,0
9918562,383,false,Rx,0,8,12,ED,1,0,2,0,0,0
9922572,0000019B,false,Rx,0,8,1C,9E,0B,0,0,E4,0,0
9922594,0000019C,false,Rx,0,8,40,20,0,0,0,0,0B,9
9922611,0000019D,false,Rx,0,8,0,10,0,1,0,0,0,0
9923562,0000019E,false,Rx,0,8,15,0,0,0,0,32,0,0
9923594,000002D6,false,Rx,0,8,6A,9C,B3,0,0,0,0,0
9923613,000002EB,false,Rx,0,8,FE,D5,B3,9,8,1,0,2
9924571,000002D7,false,Rx,0,8,0,0,0,0,3,0,0,0
9924600,000002EC,false,Rx,0,8,2,0,0,0,0,0,0,0
9924619,000002D8,false,Rx,0,8,0,0,0,0,0,0,38,45
9924637,000002ED,false,Rx,0,8,0,0,0,0,0,0,0,0
9925564,000002D9,false,Rx,0,8,0,0,0,0,0,0,0,0
9925588,000002EE,false,Rx,0,8,0,0,0,0,0,0,0,0
9926564,000001E1,false,Rx,0,8,7D,F4,CD,2,0,0,0,0
9926589,000001E2,false,Rx,0,8,0,0,0,0,0,0,0,0
9927994,356,false,Rx,0,8,55,4B,B4,0,0,0,0,0
9928045,357,false,Rx,0,8,0,0,0,0,0,4B,4D,48
9928062,358,false,Rx,0,8,35,41,45,4D,52,37,33,4F
9928080,359,false,Rx,0,8,51,4F,34,52,4A,35,33,0
9929645,000004E8,false,Rx,0,8,FF,FF,FF,5,FF,FF,FF,0
9931565,121,false,Rx,0,8,36,CF,0E,0,0,0,0,5
9931588,122,false,Rx,0,8,FF,D9,67,1F,46,46,46,46
9931606,123,false,Rx,0,8,11,3,0,0,0,0,1,35
9932563,124,false,Rx,0,8,0,0,0A,0,0,0,20,40
9932586,000000FF,false,Rx,0,8,CB,10,0,0,0,0,2,0
9933566,394,false,Rx,0,8,2A,22,1A,49,0,0,0,0
9933588,000003C3,false,Rx,0,8,45,10,31,30,36,0,0,0
9933605,000003E0,false,Rx,0,8,66,20,1,0,54,3,0,0
9934567,000003E5,false,Rx,0,8,37,80,1,0,0,0,0,0
9935566,000003E6,false,Rx,0,8,67,90,0,0,0,0,0,0
9935588,0000041A,false,Rx,0,8,8D,D0,12,0,0,0,0,0
9935612,161,false,Rx,0,8,0A,7F,1,3,0,0,0,2
9936567,162,false,Rx,0,8,FF,FC,1,0,0,0,0,0
9936586,36,false,Rx,0,8,CA,86,10,51,0,0,25,1
9936603,37,false,Rx,0,8,0,0,0,10,0,40,0,0
9937566,38,false,Rx,0,8,4,0,0,0,90,38,96,D4
9937588,39,false,Rx,0,8,0,0,0,0,0,0,0,0
9938567,384,false,Rx,0,8,E9,DC,2,0,0,FF,0,21
9938586,0000041B,false,Rx,0,8,70,D0,0,0,0,0,0,0
9939651,000003B6,false,Rx,0,8,78,0D,B2,0,0,0,0,46
9939687,000003B7,false,Rx,0,8,46,0,0,0,0,0,0,0
9939704,61,false,Rx,0,8,92,7E,16,0,0,0,0,0
9939722,000003B8,false,Rx,0,8,0C,3,0,0,0,0,69,0E
9940817,62,false,Rx,0,8,2,2,0,2,40,FF,0,FF
9940852,000003B9,false,Rx,0,8,0,0,0,0,0,0,0,0
9940870,63,false,Rx,0,8,0,0,5,0,0,8,FD,0
9941292,0000041C,false,Rx,0,8,48,0,E0,0,0,0,0,0
9941325,64,false,Rx,0,8,0,0,0,4,FF,FA,0,0
9941343,91,false,Rx,0,8,D9,FA,66,0,0,0,0,0
9941360,422,false,Rx,0,8,9D,70,1,0,0,0,4,0
9941587,92,false,Rx,0,8,0,0,0,0,0,0,0,0
9942571,93,false,Rx,0,8,0,0,0,0,0,0,0,0
9942592,94,false,Rx,0,8,0,0,0,0,0,0,0,0
9942610,432,false,Rx,0,8,3,20,2,0,0,0,0,0
9942628,000000A1,false,Rx,0,8,EB,94,16,1A,0,0,0,0
9943570,435,false,Rx,0,8,26,C0,0,40,0,0,0,0
9943592,000000A2,false,Rx,0,8,0,0,0,0,0,0,0,0
9943609,442,false,Rx,0,8,CE,20,11,81,0,0,0,0
9943627,000000A3,false,Rx,0,8,0,40,1,0,0,0,0,0
9944570,444,false,Rx,0,8,D5,20,20,50,55,50,0,0
9944592,445,false,Rx,0,8,C6,C0,0,0,0,0,0,18
9946576,464,false,Rx,0,8,D5,20,F0,FF,38,7F,5,0
9946598,0000011B,false,Rx,0,8,D1,F5,3,5,80,8,A8,2
9946616,0000012B,false,Rx,0,8,96,0F,3,6,0,0,8,0
9946633,0000011C,false,Rx,0,8,0,5,20,0,22,0,1,1
9946651,0000012C,false,Rx,0,8,0,0,1,0,0,64,0,0
9951567,146,false,Rx,0,8,2E,69,FE,10,4,1,0,0
9951590,147,false,Rx,0,8,0,4,7D,0,40,0,0,0
9951607,148,false,Rx,0,8,0,0,0,0,0,90,40,5
9952566,149,false,Rx,0,8,0,0,0,0,0,0,0,0
9953565,495,false,Rx,0,8,49,0,0,0,0,0,0,0
9954566,000003AA,false,Rx,0,8,FF,0,B0,0,54,0,0,0
9956565,0000010B,false,Rx,0,8,57,15,12,0,0,0,0,5
9956586,0000010C,false,Rx,0,8,FF,F9,E7,1F,46,44,46,46
9956610,0000010D,false,Rx,0,8,10,3,0,0,0,0,1,35
9956628,000001B1,false,Rx,0,8,2B,F4,FE,0,72,0,0,0
9956646,0000010E,false,Rx,0,8,0,0,0A,0,0,C0,AB,57
9957569,000001B2,false,Rx,0,8,23,0,4,0F,0F,7,52,10
9957593,000001B3,false,Rx,0,8,10,2C,0,0,87,91,96,90
9957611,000001B4,false,Rx,0,8,95,91,17,0,0,40,1,0
9959566,000000C5,false,Rx,0,8,0,0,0,0,0,0,0,0
9960566,244,false,Rx,0,8,FF,FF,FF,FF,FF,FF,FF,FF
9960585,0000041F,false,Rx,0,8,0,0C,0,0,0,0,0,0
9960602,000004B4,false,Rx,0,8,0,0,0,0,0,0,0,0
9960620,000004B5,false,Rx,0,8,8,0,F0,7,0,0,0,0
9961567,000004B7,false,Rx,0,8,8,0,F0,7,0,0,0,0
9961589,000004CA,false,Rx,0,8,0,0,0,0,0,0,0,0
9961607,000004CC,false,Rx,0,8,8,0,0,6,0,0,3,0
9961624,000004CE,false,Rx,0,8,14,1,FF,FF,FF,FF,FF,FF
9962567,000004D7,false,Rx,0,8,23,1,0,0,0,0,0,0
9962596,000004D8,false,Rx,0,8,41,10,F0,F0,40,F2,1E,CC
9962615,000004DD,false,Rx,0,8,0,0,FE,0,4,0,0,0
9962633,000004DF,false,Rx,0,8,FF,3,0C,3F,0,0,0,0
9964317,380,false,Rx,0,8,AD,D7,FF,0,0,0,0,1
9964350,000004E7,false,Rx,0,8,0,30,0,0,0,0,69,0
9964368,0000036F,false,Rx,0,8,99,51,1,0,0,0,0,0
9964386,000004E8,false,Rx,0,8,FF,FF,FF,5,FF,FF,FF,0
9965526,0000037F,false,Rx,0,8,5D,E0,52,24,41,2,0,0
9965698,000004EA,false,Rx,0,8,67,0,0,89,0,0,0,0
9965717,000004EB,false,Rx,0,8,10,80,33,2,80,0,0,0
9965735,000004EC,false,Rx,0,8,0,0,0,0,0,0,0,0
9965753,000004ED,false,Rx,0,8,0,0,0,0,0,FF,FF,1F
9965770,000004EE,false,Rx,0,8,FF,FF,0,0,0,0,0,0
9966567,000004EF,false,Rx,0,8,60,0,60,0,29,14,0,0
9966603,000001A2,false,Rx,0,8,0,0,0,0,0,8,0,0
9966621,000003B0,false,Rx,0,8,72,37,FF,C7,0,0,3,C0
9966639,000001A3,false,Rx,0,8,FF,F3,3F,0,0,0,0,0
9967570,000004F0,false,Rx,0,8,4A,10,33,2,58,1A,18,2
9967597,000001A4,false,Rx,0,8,FE,7,0,0,0,0,0,0
9967615,000004F1,false,Rx,0,8,0,C0,0,0,0,0,0,0
9967633,000004F2,false,Rx,0,8,2,FF,DD,FF,3,1,0,0
9968563,000003B1,false,Rx,0,8,9B,3C,FF,40,0,0,20,0
9968595,000004F3,false,Rx,0,8,0,0,0,0,F0,0,0,0
9968615,000004F9,false,Rx,0,8,E0,FF,FF,FF,FF,FF,FF,FF
9968632,000004FE,false,Rx,0,8,69,23,0,3,CF,0,48,A8
9969643,0000063D,false,Rx,0,8,0,80,0,0,0,0,0,0
9969684,0000063E,false,Rx,0,8,FF,FF,FF,FF,FF,FF,FF,FF
9970952,448,false,Rx,0,8,0,C0,0,0,0,0,0,0
9970989,0000063F,false,Rx,0,8,0,10,0,C4,FF,0,0,0
9971008,640,false,Rx,0,8,FF,FF,FF,0,FF,FF,FF,0
9971026,641,false,Rx,0,8,FF,FF,FF,FF,0F,FF,FF,FF
9971044,646,false,Rx,0,8,0,0,0,80,1,0,0,0
9972573,0000019B,false,Rx,0,8,61,5B,10,0,0,E4,0,0
9972597,0000019C,false,Rx,0,8,40,20,0,0,0,0,0B,9
9972615,0000019D,false,Rx,0,8,0,10,0,1,0,0,0,0
9973564,0000019E,false,Rx,0,8,15,0,0,0,0,32,0,0
9978561,000003B2,false,Rx,0,8,36,15,FF,2,29,2F,34,0
9981147,121,false,Rx,0,8,FE,CD,13,0,0,0,0,5
9981572,122,false,Rx,0,8,FF,D9,67,1F,46,46,46,46
9981594,123,false,Rx,0,8,11,3,0,0,0,0,1,35
9982784,124,false,Rx,0,8,0,0,0A,0,0,0,20,40
9982817,427,false,Rx,0,8,1D,86,FF,0,80,0A,0,0
9986603,36,false,Rx,0,8,B5,AA,15,51,0,0,25,1
9986638,37,false,Rx,0,8,0,0,0,10,0,40,0,0
9986656,38,false,Rx,0,8,4,0,0,0,90,38,96,D4
9988447,39,false,Rx,0,8,0,0,0,0,0,0,0,0
9989572,61,false,Rx,0,8,9F,B8,1B,0,0,0,0,0
9989597,62,false,Rx,0,8,2,2,0,2,40,FF,0,FF
9990564,63,false,Rx,0,8,0,0,5,0,0,8,FD,0
9990589,64,false,Rx,0,8,0,0,0,4,FF,FA,0,0
9990607,000000A1,false,Rx,0,8,DD,D7,1B,1A,0,0,0,0
9990625,000000A2,false,Rx,0,8,0,0,0,0,0,0,0,0
9991564,000000A3,false,Rx,0,8,0,40,1,0,0,0,0,0
9992567,0000042A,false,Rx,0,8,F4,DE,FF,1,0,10,0,0
9996567,0000011B,false,Rx,0,8,19,0C,8,5,80,8,A8,2
9996589,0000012B,false,Rx,0,8,5E,F6,8,6,0,0,8,0
9996607,0000011C,false,Rx,0,8,0,5,20,0,22,0,1,1
9996624,0000012C,false,Rx,0,8,0,0,1,0,0,64,0,0
9997564,000001FB,false,Rx,0,8,C7,7,67,0,0,0,0,0
9998567,000001FC,false,Rx,0,8,0,0,0,0,0,0,0,0
9998589,000001FD,false,Rx,0,8,0,1A,3,0,0,0,0,0
9998607,000001FE,false,Rx,0,8,0,0,0,0,0,0,0,0
9999564,000001E6,false,Rx,0,8,9D,B8,CD,2,0,0,0,0
9999596,000001E7,false,Rx,0,8,0,0,22,3,20,1,0,0
9999613,000001BB,false,Rx,0,8,6D,E7,CD,2,0,0,0,0A
9999631,000001BC,false,Rx,0,8,32,0,0,0,2,0,0,0
10000564,000001BD,false,Rx,0,8,0,0,0,0,0,0,0,0
10006572,0000010B,false,Rx,0,8,DE,EC,17,0,0,0,0,5
10006594,0000010C,false,Rx,0,8,FF,F9,E7,1F,46,45,46,46
10006612,0000010D,false,Rx,0,8,10,3,0,0,0,0,1,35
10006630,0000010E,false,Rx,0,8,0,0,0A,0,0,C0,AB,57
10007565,000002C1,false,Rx,0,8,F3,94,B5,21,0,41,0,AA
10007591,000002C2,false,Rx,0,8,21,0,0,0,0,0,0,0
10008564,000002C3,false,Rx,0,8,0,0,0,0,0,0,0,0
10008589,000002C4,false,Rx,0,8,0,0,0,0,0,0,0,0
10014588,561,false,Rx,0,8,63,2,0,0,0,0,FF,FF
10014622,000001AB,false,Rx,0,8,67,0B,53,50,70,38,0,0
10015577,000001AC,false,Rx,0,8,0,28,0,0,0,0,0,0
10015598,000002FF,false,Rx,0,8,E2,1,0,F1,3F,0,0,0
10015616,316,false,Rx,0,8,D6,55,A2,34,14,80,0A,0
10015633,472,false,Rx,0,8,5C,EC,0,40,8,41,0,45
10016584,317,false,Rx,0,8,0,0,5,0,0,0,0,0
10018349,473,false,Rx,0,8,5F,24,0,25,0,0,0,78
10018385,474,false,Rx,0,8,93,44,0,0,0,0,0,14
10022589,0000019B,false,Rx,0,8,1E,77,15,0,0,E4,0,0
10022617,0000019C,false,Rx,0,8,40,20,0,0,0,0,0B,9
10022635,0000019D,false,Rx,0,8,0,10,0,1,0,0,0,0
10023567,0000019E,false,Rx,0,8,15,0,0,0,0,32,0,0
10027598,0000033B,false,Rx,0,8,AA,F4,69,0,0,0,0,0
10027638,0000033C,false,Rx,0,8,0,0,0,0,F0,0,0,0
10027657,0000033D,false,Rx,0,8,0,0,0,0,0,0,0,0
10027674,0000033E,false,Rx,0,8,0,0,0,0,0,0,0,0
10031593,121,false,Rx,0,8,46,CC,18,0,0,0,0,5
10031630,122,false,Rx,0,8,FF,D9,67,1F,46,46,46,46
10031648,123,false,Rx,0,8,11,3,0,0,0,0,1,35
10032598,124,false,Rx,0,8,0,0,0A,0,0,0,20,40
10035603,161,false,Rx,0,8,95,17,6,3,0,0,0,2
10036605,162,false,Rx,0,8,FF,FC,1,0,0,0,0,0
10036638,36,false,Rx,0,8,34,DE,1A,51,0,0,25,1
10036656,401,false,Rx,0,8,A9,30,10,0,0,4,0,0
10036674,37,false,Rx,0,8,0,0,0,10,0,40,0,0
10037578,38,false,Rx,0,8,4,0,0,0,90,38,96,D4
10037601,39,false,Rx,0,8,0,0,0,0,0,0,0,0
10038565,000002E6,false,Rx,0,8,EF,DE,66,1,0,0,0,15
10038584,256,false,Rx,0,8,C9,C6,66,15,40,0,B0,0
10038602,000002E7,false,Rx,0,8,0A,0,0,0,0,0,0,0
10039995,257,false,Rx,0,8,0,93,41,13,86,7,0,93
10040030,000002E8,false,Rx,0,8,0,0,0,0,0,0,0,0
10040048,61,false,Rx,0,8,49,E4,20,0,0,0,0,0
10040066,258,false,Rx,0,8,0B,6F,1E,0,10,15,0,28
10040084,62,false,Rx,0,8,2,2,0,2,40,FF,0,FF
10040101,259,false,Rx,0,8,36,5,89,3C,4C,2,0,0
10041750,63,false,Rx,0,8,0,0,5,0,0,8,FD,0
10041798,000002E9,false,Rx,0,8,0,0,0,0,0,0,0,0
10041816,64,false,Rx,0,8,0,0,0,4,FF,FA,0,0
10041834,91,false,Rx,0,8,9F,A3,67,0,0,0,0,0
10041852,92,false,Rx,0,8,0,0,0,0,0,0,0,0
10041869,94,false,Rx,0,8,0,0,0,0,0,0,0,0
10043104,000000A1,false,Rx,0,8,14,E6,20,1A,0,0,0,0
10043139,000000A2,false,Rx,0,8,0,0,0,0,0,0,0,0
10043157,000000A3,false,Rx,0,8,0,40,1,0,0,0,0,0
10044874,000001F1,false,Rx,0,8,6C,92,A0,1,0,0,28,0
10044909,000001F2,false,Rx,0,8,0,0,0,0,0,0,0,0
10046010,0000011B,false,Rx,0,8,EF,24,0D,5,80,8,A8,2
10046046,0000011C,false,Rx,0,8,0,5,20,0,22,0,1,1
10046608,0000012B,false,Rx,0,8,A8,DE,0D,6,0,0,8,0
10046635,0000012C,false,Rx,0,8,0,0,1,0,0,64,0,0
10049598,000002BF,false,Rx,0,8,FF,FF,FF,0,0,0,0,0
10049635,0000047F,false,Rx,0,8,FF,FF,FF,FF,FF,FF,F3,FF
10049653,487,false,Rx,0,8,0,0,0,0,0,0,0,0
10050614,653,false,Rx,0,8,0A,19,3,1,2,2A,0,0
10050646,642,false,Rx,0,8,FF,FF,FF,FF,FF,FF,0,0
10050664,645,false,Rx,0,8,C7,35,6,79,E0,32,56,0
10051675,146,false,Rx,0,8,D4,97,3,10,4,1,0,0
10052106,147,false,Rx,0,8,0,4,7D,0,40,0,0,0
10052129,148,false,Rx,0,8,0,0,0,0,0,90,40,5
10052147,149,false,Rx,0,8,0,0,0,0,0,0,0,0
10055788,0000010B,false,Rx,0,8,66,ED,1C,0,0,0,0,5
10056660,0000010C,false,Rx,0,8,FF,F9,E7,1F,46,45,46,46
10056694,0000010D,false,Rx,0,8,10,3,0,0,0,0,1,35
10056712,000001B1,false,Rx,0,8,D1,0A,3,0,72,0,0,0
10056730,0000010E,false,Rx,0,8,0,0,0A,0,0,C0,AB,57
10057829,000001B2,false,Rx,0,8,23,0,4,0F,0F,7,52,10
10058244,000001B3,false,Rx,0,8,10,2C,0,0,87,91,96,90
10058270,000001B4,false,Rx,0,8,95,91,17,0,0,40,1,0
10060713,475,false,Rx,0,8,12,0,0,0,0,0,0,0
10060750,496,false,Rx,0,8,12,0,0,0,0,0,0,0
10063602,0000036F,false,Rx,0,8,4F,61,1,0,0,0,0,0
10063641,0000037F,false,Rx,0,8,4D,0,52,24,41,2,0,0
10064728,111,false,Rx,0,8,51,6E,A9,1,0,0,0,0
10064761,112,false,Rx,0,8,0,0,0,0,0,0,0,0
10064779,113,false,Rx,0,8,0,0,0,0,0,0,0,0
10065728,114,false,Rx,0,8,0,0,0,0,0,0,0,0
10066152,000001A1,false,Rx,0,8,10,C4,7,FE,F7,7F,64,0
10066175,000001A2,false,Rx,0,8,0,0,0,0,0,8,0,0
10066193,000001A3,false,Rx,0,8,FF,F3,3F,0,0,0,0,0
10067225,000001A4,false,Rx,0,8,FE,7,0,0,0,0,0,0
10072595,0000019B,false,Rx,0,8,9F,3,1A,0,0,E4,0,0
10072634,0000019C,false,Rx,0,8,40,20,0,0,0,0,0B,9
10072653,0000019D,false,Rx,0,8,0,10,0,1,0,0,0,0
10073601,0000019E,false,Rx,0,8,15,0,0,0,0,32,0,0
10077592,0000030B,false,Rx,0,8,BA,63,69,0,4,0,0,0
10077632,000001E1,false,Rx,0,8,4,EE,D0,2,0,0,0,0
10077650,0000030C,false,Rx,0,8,0,0,0E,0,2C,0,A0,0F
10078598,000001E2,false,Rx,0,8,0,0,0,0,0,0,0,0
10078631,0000030D,false,Rx,0,8,0,0,0,0,48,0,0,0
10078650,0000030E,false,Rx,0,8,0,0,38,5,21,0,0,0
10082061,121,false,Rx,0,8,39,E0,1D,0,0,0,0,5
10082123,122,false,Rx,0,8,FF,D9,67,1F,46,46,46,46
10082142,123,false,Rx,0,8,11,3,0,0,0,0,1,35
10082160,124,false,Rx,0,8,0,0,0A,0,0,0,20,40
10083598,405,false,Rx,0,8,BD,30,0,0,0,1,0,0
10083639,413,false,Rx,0,8,6F,30,0,0,0,0,0,0
10083657,410,false,Rx,0,8,4B,80,59,3C,16,6B,FF,FF
10084564,414,false,Rx,0,8,F0,10,0,0,28,0,0,0
10084597,411,false,Rx,0,8,A8,1,50,50,0,0,44,4
10084615,416,false,Rx,0,8,55,0,0,0,0,0,0,0
10084632,412,false,Rx,0,8,6D,60,0,0,0,0,0,0
10086803,417,false,Rx,0,8,5F,20,0,0,0,0,0,0
10088023,418,false,Rx,0,8,19,70,0,0,12,0C,0,0
10088086,419,false,Rx,0,8,1E,90,8B,D6,6D,86,90,0
10088104,36,false,Rx,0,8,4B,F2,1F,51,0,0,25,1
10088122,37,false,Rx,0,8,0,0,0,10,0,40,0,0
10089720,38,false,Rx,0,8,4,0,0,0,90,38,96,D4
10089759,39,false,Rx,0,8,0,0,0,0,0,0,0,0
10089778,61,false,Rx,0,8,36,C8,25,0,0,0,0,0
10089795,000004A3,false,Rx,0,8,80,0,48,0B,3E,0,0,0
10089813,62,false,Rx,0,8,2,2,0,2,40,FF,0,FF
10090894,000004A4,false,Rx,0,8,FF,FF,FF,0,0,0,0,0
10090929,63,false,Rx,0,8,0,0,5,0,0,8,FD,0
10090947,64,false,Rx,0,8,0,0,0,4,FF,FA,0,0
10090985,000000A1,false,Rx,0,8,1B,0D,25,1A,0,0,0,0
10091003,000000A2,false,Rx,0,8,0,0,0,0,0,0,0,0
10091419,000000A3,false,Rx,0,8,0,40,1,0,0,0,0,0
10095262,151,false,Rx,0,8,AA,35,69,A0,C8,0,28,19
10095301,152,false,Rx,0,8,16,18,18,0,0B,0,0,0
10095319,000001F6,false,Rx,0,8,99,16,69,0,0,0,0,0E
10096471,153,false,Rx,0,8,0,0,0,0,0,0,0,0
10096506,0000011B,false,Rx,0,8,FF,7E,12,5,80,8,A8,2
10096525,154,false,Rx,0,8,0,0,0,0,0,0,0,0
10096685,0000011C,false,Rx,0,8,0,5,20,0,22,0,1,1
10096703,0000012B,false,Rx,0,8,B8,84,12,6,0,0,8,0
10096720,000001F7,false,Rx,0,8,0B,0,0,0,0,0,0,0
10098251,0000012C,false,Rx,0,8,0,0,1,0,0,64,0,0
10098303,000001F8,false,Rx,0,8,0,0,0,0,0,0,0,0
10098341,000002FB,false,Rx,0,8,F6,1C,69,4,5F,1A,CC,CC
10098359,000001F9,false,Rx,0,8,0,0,A0,C8,14,0,0,0
10098376,000002FC,false,Rx,0,8,3,0,16,19,0,0,8E,BF
10098394,236,false,Rx,0,8,8,EB,69,0,6E,3C,34,6C
10098412,000002FD,false,Rx,0,8,0,0,0,0,0,1C,0E,EA
10099418,237,false,Rx,0,8,0,15,BA,0,0,AA,1E,0
10099452,000002FE,false,Rx,0,8,0,0,72,1,0,28,0,0
10099469,238,false,Rx,0,8,0,0,5F,0,0,0,0,0
10099487,326,false,Rx,0,8,63,48,69,0,0,0,0,0
10102003,327,false,Rx,0,8,0,0,0,0,5,0,0,0
10102081,0000025B,false,Rx,0,8,FB,43,69,40,40,20,0,0
10102476,328,false,Rx,0,8,0,0,0,0,0,0,0,0
10102535,0000025C,false,Rx,0,8,0,0,0B,0,34,89,19,0
10103854,334,false,Rx,0,8,C8,0,0,0,AC,70,1D,90
10105928,563,false,Rx,0,8,65,2,0,0,0,0,FF,FF
10105963,0000010B,false,Rx,0,8,F3,A3,21,0,0,0,0,5
10105982,0000010C,false,Rx,0,8,FF,F9,E7,1F,46,44,46,46
10108205,0000010D,false,Rx,0,8,10,3,0,0,0,0,1,35
10108265,0000010E,false,Rx,0,8,0,0,0A,0,0,C0,AB,57
10108283,000002AB,false,Rx,0,8,61,64,6A,0C,0C,0,0,0
10108711,000002AC,false,Rx,0,8,0,FF,FF,0,0,40,0,50
10108745,000002AD,false,Rx,0,8,0,1,0,40,FF,FF,FF,0F
10108764,000002AE,false,Rx,0,8,1,0,FF,3F,1,1,0,0
10108781,000002B8,false,Rx,0,8,AA,11,11,0,0,0,0,0
10108799,252,false,Rx,0,8,0,0,0,0,3,0,0,0
10109953,000002B9,false,Rx,0,8,0A,0,0,0,0,0,0,0
10109987,253,false,Rx,0,8,0,0,0,51,51,0,80,44
10110005,000002E1,false,Rx,0,8,42,41,6A,0,0,0,0,40
10110022,396,false,Rx,0,8,7E,77,B4,0F,8,1,0,2
10110040,000002E2,false,Rx,0,8,FD,0,0,0,0,14,0,4
10110595,397,false,Rx,0,8,42,0,0,0,0,0,0,0
10110632,000002E3,false,Rx,0,8,0,0,0,0,0,0,72,1
10111904,398,false,Rx,0,8,0,0,0,0,0,0,0,0
10111980,000002E4,false,Rx,0,8,2,0,0,0,0,0,0,0
10114605,000001AB,false,Rx,0,8,AF,F2,58,50,70,38,0,0
10114644,000001AC,false,Rx,0,8,0,28,0,0,0,0,0,0
10115750,226,false,Rx,0,8,EC,7C,45,FF,43,E1,5,42
10115784,227,false,Rx,0,8,2,70,E1,8,0,F2,17,4
10117652,000003A1,false,Rx,0,8,3C,A8,C5,0,FF,FF,FF,FF
10117687,000003A2,false,Rx,0,8,0,0,0,0,0,0,0,0
10118569,383,false,Rx,0,8,12,ED,1,0,2,0,0,0
10122596,0000019B,false,Rx,0,8,E0,2F,1F,0,0,E4,0,0
10122637,0000019C,false,Rx,0,8,40,20,0,0,0,0,0B,9
10122655,0000019D,false,Rx,0,8,0,10,0,1,0,0,0,0
10123616,0000019E,false,Rx,0,8,15,0,0,0,0,32,0,0
10123650,000002D6,false,Rx,0,8,99,2,B4,0,0,0,0,0
10123668,000002D7,false,Rx,0,8,0,0,0,0,3,0,0,0
10124893,000002EB,false,Rx,0,8,0D,4B,B4,9,8,1,0,2
10124928,000002D8,false,Rx,0,8,0,0,0,0,0,0,38,45
10124946,000002EC,false,Rx,0,8,2,0,0,0,0,0,0,0
10124964,000002D9,false,Rx,0,8,0,0,0,0,0,0,0,0
10124981,000002ED,false,Rx,0,8,0,0,0,0,0,0,0,0
10126168,000002EE,false,Rx,0,8,0,0,0,0,0,0,0,0
10127958,356,false,Rx,0,8,13,12,B5,0,0,0,0,0
10128011,357,false,Rx,0,8,0,0,0,0,0,4B,4D,48
10128054,358,false,Rx,0,8,35,41,45,4D,52,37,33,4F
10128072,359,false,Rx,0,8,51,4F,34,52,4A,35,33,0
10131603,121,false,Rx,0,8,D6,C9,22,0,0,0,0,5
10131642,122,false,Rx,0,8,FF,D9,67,1F,46,46,46,46
10131660,123,false,Rx,0,8,11,3,0,0,0,0,1,35
10132602,124,false,Rx,0,8,0,0,0A,0,0,0,20,40
10132635,000000FF,false,Rx,0,8,CB,10,0,0,0,0,2,0
10133902,394,false,Rx,0,8,2A,22,1A,49,0,0,0,0
10133940,000003C3,false,Rx,0,8,45,10,31,30,36,0,0,0
10133979,000003E0,false,Rx,0,8,66,20,1,0,54,3,0,0
10133997,000003E5,false,Rx,0,8,37,80,1,0,0,0,0,0
10134582,000003E6,false,Rx,0,8,67,90,0,0,0,0,0,0
10135576,0000041A,false,Rx,0,8,8D,D0,12,0,0,0,0,0
10136574,161,false,Rx,0,8,E6,2E,0B,3,0,0,0,2
10137870,36,false,Rx,0,8,9D,AE,24,51,0,0,25,1
10137907,162,false,Rx,0,8,FF,FC,1,0,0,0,0,0
10137925,37,false,Rx,0,8,0,0,0,10,0,40,0,0
10137943,0000041B,false,Rx,0,8,70,D0,0,0,0,0,0,0
10137961,38,false,Rx,0,8,4,0,0,0,90,38,96,D4
10138572,0000041C,false,Rx,0,8,48,0,E0,0,0,0,0,0
10139558,000003B6,false,Rx,0,8,3E,54,B3,0,0,0,0,46
10139576,422,false,Rx,0,8,9D,70,1,0,0,0,4,0
10139594,000003B7,false,Rx,0,8,46,0,0,0,0,0,0,0
10139612,61,false,Rx,0,8,B7,BC,2A,0,0,0,0,0
10140568,000003B8,false,Rx,0,8,0C,3,0,0,0,0,69,0E
10140590,62,false,Rx,0,8,2,2,0,2,40,FF,0,FF
10140608,000003B9,false,Rx,0,8,0,0,0,0,0,0,0,0
10140626,63,false,Rx,0,8,0,0,5,0,0,8,FD,0
10142157,64,false,Rx,0,8,0,0,0,4,FF,FA,0,0
10142192,91,false,Rx,0,8,1E,D7,68,0,0,0,0,0
10142606,92,false,Rx,0,8,0,0,0,0,0,0,0,0
10142635,93,false,Rx,0,8,0,0,0,0,0,0,0,0
10142655,94,false,Rx,0,8,0,0,0,0,0,0,0,0
10142672,000000A1,false,Rx,0,8,2B,20,2A,1A,0,0,0,0
10142690,435,false,Rx,0,8,26,C0,0,40,0,0,0,0
10143797,000000A2,false,Rx,0,8,0,0,0,0,0,0,0,0
10144175,442,false,Rx,0,8,CE,20,11,81,0,0,0,0
10144209,000000A3,false,Rx,0,8,0,40,1,0,0,0,0,0
10144229,444,false,Rx,0,8,D5,20,20,50,55,50,0,0
10144247,445,false,Rx,0,8,C6,C0,0,0,0,0,0,18
10145960,464,false,Rx,0,8,D5,20,F0,FF,38,7F,5,0
10147348,0000011B,false,Rx,0,8,9,56,17,5,80,8,A8,2
10147385,0000011C,false,Rx,0,8,0,5,20,0,22,0,1,1
10147403,0000012B,false,Rx,0,8,4E,AC,17,6,0,0,8,0
10147421,0000012C,false,Rx,0,8,0,0,1,0,0,64,0,0
10149594,000001E6,false,Rx,0,8,E4,A2,D0,2,0,0,0,0
10149633,000001BB,false,Rx,0,8,8,E4,D0,2,0,0,0,0A
10149653,000001BC,false,Rx,0,8,32,0,0,0,2,0,0,0
10149670,000001BD,false,Rx,0,8,0,0,0,0,0,0,0,0
10150743,000001E7,false,Rx,0,8,0,0,22,3,20,1,0,0
10152072,146,false,Rx,0,8,6C,96,8,10,4,1,0,0
10152107,147,false,Rx,0,8,0,4,7D,0,40,0,0,0
10152126,148,false,Rx,0,8,0,0,0,0,0,90,40,5
10152494,149,false,Rx,0,8,0,0,0,0,0,0,0,0
10153916,495,false,Rx,0,8,49,0,0,0,0,0,0,0
10153950,000003AA,false,Rx,0,8,FF,0,B0,0,54,0,0,0
10156607,0000010B,false,Rx,0,8,0,3D,26,0,0,0,0,5
10156659,0000010C,false,Rx,0,8,FF,F9,E7,1F,46,44,46,46
10156677,0000010D,false,Rx,0,8,10,3,0,0,0,0,1,35
10156694,000001B1,false,Rx,0,8,69,0B,8,0,72,0,0,0
10156712,0000010E,false,Rx,0,8,0,0,0A,0,0,C0,AB,57
10157668,000001B2,false,Rx,0,8,23,0,4,0F,0F,7,52,10
10157701,000001B3,false,Rx,0,8,10,2C,0,0,87,91,96,90
10157719,000001B4,false,Rx,0,8,95,91,17,0,0,40,1,0
10159566,000000C5,false,Rx,0,8,0,0,0,0,0,0,0,0
10161723,244,false,Rx,0,8,FF,FF,FF,FF,FF,FF,FF,FF
10161758,000003E4,false,Rx,0,8,FE,0,0,0,0,0,0,0
10161777,000004B4,false,Rx,0,8,0,0,0,0,0,0,0,0
10161805,000004B5,false,Rx,0,8,8,0,F0,7,0,0,0,0
10161822,000004B7,false,Rx,0,8,8,0,F0,7,0,0,0,0
10161840,000004D7,false,Rx,0,8,23,1,0,0,0,0,0,0
10162591,000004D8,false,Rx,0,8,41,10,F0,F0,40,F2,1E,CC
10162616,000004DD,false,Rx,0,8,0,0,FE,0,4,0,0,0
10162633,000004DF,false,Rx,0,8,FF,3,0C,3F,0,0,0,0
10163590,380,false,Rx,0,8,AD,D7,FF,0,0,0,0,1
10163616,000004E7,false,Rx,0,8,0,30,0,0,0,0,69,0
10163634,0000036F,false,Rx,0,8,F6,71,1,0,0,0,0,0
10163652,000004E8,false,Rx,0,8,FF,FF,FF,5,FF,FF,FF,0
10164584,0000037F,false,Rx,0,8,F4,10,52,24,41,2,0,0
10164607,000004E9,false,Rx,0,8,12,0,0,34,0,0,50,0
10164625,000004EA,false,Rx,0,8,67,0,0,89,0,0,0,0
10164643,000004EB,false,Rx,0,8,10,80,33,2,80,0,0,0
10165569,000004EC,false,Rx,0,8,0,0,0,0,0,0,0,0
10165590,000004ED,false,Rx,0,8,0,0,0,0,0,FF,FF,1F
10165614,000004EE,false,Rx,0,8,FF,FF,0,0,0,0,0,0
10165632,000001A1,false,Rx,0,8,A8,C5,0C,FE,F7,7F,64,0
10166575,000004EF,false,Rx,0,8,60,0,60,0,29,14,0,0
10166596,000001A2,false,Rx,0,8,0,0,0,0,0,8,0,0
10166614,000003B0,false,Rx,0,8,72,37,FF,C7,0,0,3,C0
10166631,000001A3,false,Rx,0,8,FF,F3,3F,0,0,0,0,0
10167569,0000063D,false,Rx,0,8,0,80,0,0,0,0,0,0
10167597,000001A4,false,Rx,0,8,FE,7,0,0,0,0,0,0
10167614,0000063E,false,Rx,0,8,FF,FF,FF,FF,FF,FF,FF,FF
10167632,0000063F,false,Rx,0,8,0,10,0,C4,FF,0,0,0
10168568,000003B1,false,Rx,0,8,9B,3C,FF,40,0,0,20,0
10168590,640,false,Rx,0,8,FF,FF,FF,0,FF,FF,FF,0
10168614,641,false,Rx,0,8,FF,FF,FF,FF,0F,FF,FF,FF
10168632,646,false,Rx,0,8,0,0,0,80,1,0,0,0
10169570,448,false,Rx,0,8,0,C0,0,0,0,0,0,0
10172570,0000019B,false,Rx,0,8,36,73,24,0,0,E4,0,0
10172589,0000019C,false,Rx,0,8,40,20,0,0,0,0,0B,9
10172607,0000019D,false,Rx,0,8,0,10,0,1,0,0,0,0
10173569,0000019E,false,Rx,0,8,15,0,0,0,0,32,0,0
10178569,000003B2,false,Rx,0,8,36,15,FF,2,29,2F,34,0
10181567,121,false,Rx,0,8,A9,E5,27,0,0,0,0,5
10181591,122,false,Rx,0,8,FF,D9,67,1F,46,46,46,46
10181608,123,false,Rx,0,8,11,3,0,0,0,0,1,35
10182569,124,false,Rx,0,8,0,0,0A,0,0,0,20,40
10182590,427,false,Rx,0,8,1D,86,FF,0,80,0A,0,0
10186567,36,false,Rx,0,8,90,68,29,51,0,0,25,1
10186589,37,false,Rx,0,8,0,0,0,10,0,40,0,0
10187569,38,false,Rx,0,8,4,0,0,0,90,38,96,D4
10187590,39,false,Rx,0,8,0,0,0,0,0,0,0,0
10189567,61,false,Rx,0,8,C8,90,2F,0,0,0,0,0
10189589,62,false,Rx,0,8,2,2,0,2,40,FF,0,FF
10190569,63,false,Rx,0,8,0,0,5,0,0,8,FD,0
10190590,64,false,Rx,0,8,0,0,0,4,FF,FA,0,0
10190608,000000A1,false,Rx,0,8,24,CB,2F,1A,0,0,0,0
10190626,000000A2,false,Rx,0,8,0,0,0,0,0,0,0,0
10191571,000000A3,false,Rx,0,8,0,40,1,0,0,0,0,0
10192565,0000042A,false,Rx,0,8,F4,DE,FF,1,0,10,0,0
10194567,000001F1,false,Rx,0,8,21,7A,A3,1,0,0,28,0
10194590,000001F2,false,Rx,0,8,0,0,0,0,0,0,0,0
10196567,0000011B,false,Rx,0,8,C1,AF,1C,5,80,8,A8,2
10196589,0000012B,false,Rx,0,8,86,55,1C,6,0,0,8,0
10196607,0000011C,false,Rx,0,8,0,5,20,0,22,0,1,1
10196624,0000012C,false,Rx,0,8,0,0,1,0,0,64,0,0
10197569,000001FB,false,Rx,0,8,0,2A,69,0,0,0,0,0
10198565,000001FC,false,Rx,0,8,0,0,0,0,0,0,0,0
10198583,565,false,Rx,0,8,66,2,0,0,0,0,FF,FF
10198601,000001FD,false,Rx,0,8,0,1A,3,0,0,0,0,0
10198619,000001FE,false,Rx,0,8,0,0,0,0,0,0,0,0
10206802,0000010B,false,Rx,0,8,0D,FB,2B,0,0,0,0,5
10206842,0000010C,false,Rx,0,8,FF,F9,E7,1F,46,44,46,46
10206860,0000010D,false,Rx,0,8,10,3,0,0,0,0,1,35
10206877,0000010E,false,Rx,0,8,0,0,0A,0,0,C0,AB,57
10207833,000002C1,false,Rx,0,8,39,7F,B6,21,0,41,0,AA
10207870,000002C2,false,Rx,0,8,21,0,0,0,0,0,0,0
10207889,000002C3,false,Rx,0,8,0,0,0,0,0,0,0,0
10208571,000002C4,false,Rx,0,8,0,0,0,0,0,0,0,0
10214593,000001AB,false,Rx,0,8,59,DA,5D,50,70,38,0,0
10214631,000001AC,false,Rx,0,8,0,28,0,0,0,0,0,0
10215613,000002FF,false,Rx,0,8,E2,1,0,F1,3F,0,0,0
10216799,316,false,Rx,0,8,F2,FD,A3,34,14,80,0A,0
10216860,472,false,Rx,0,8,5C,EC,0,40,8,41,0,45
10216879,317,false,Rx,0,8,0,0,5,0,0,0,0,0
10217775,473,false,Rx,0,8,5F,24,0,25,0,0,0,78
10217814,474,false,Rx,0,8,93,44,0,0,0,0,0,14
10222599,0000019B,false,Rx,0,8,3B,B5,29,0,0,E4,0,0
10223737,0000019C,false,Rx,0,8,40,20,0,0,0,0,0B,9
10223764,0000019D,false,Rx,0,8,0,10,0,1,0,0,0,0
10223781,0000019E,false,Rx,0,8,15,0,0,0,0,32,0,0
10223799,419,false,Rx,0,8,7,A0,8C,D6,6D,86,90,0
10226606,000001E1,false,Rx,0,8,49,6,D3,2,0,0,0,0
10226645,000001E2,false,Rx,0,8,0,0,0,0,0,0,0,0
10228516,0000033B,false,Rx,0,8,26,46,6B,0,0,0,0,0
10229583,0000033C,false,Rx,0,8,0,0,0,0,F0,0,0,0
10229628,0000033D,false,Rx,0,8,0,0,0,0,0,0,0,0
10229648,0000033E,false,Rx,0,8,0,0,0,0,0,0,0,0
10231205,121,false,Rx,0,8,11,E4,2C,0,0,0,0,5
10231248,122,false,Rx,0,8,FF,D9,67,1F,46,46,46,46
10231606,123,false,Rx,0,8,11,3,0,0,0,0,1,35
10232738,124,false,Rx,0,8,0,0,0A,0,0,0,20,40
10236589,36,false,Rx,0,8,63,F6,2E,51,0,0,25,1
10236627,161,false,Rx,0,8,24,F4,10,3,0,0,0,2
10236647,37,false,Rx,0,8,0,0,0,10,0,40,0,0
10237616,162,false,Rx,0,8,FF,FC,1,0,0,0,0,0
10237649,38,false,Rx,0,8,4,0,0,0,90,38,96,D4
10237667,39,false,Rx,0,8,0,0,0,0,0,0,0,0
10238768,000002E6,false,Rx,0,8,28,F3,68,1,0,0,0,15
10238804,256,false,Rx,0,8,76,35,68,15,40,0,D0,0
10238822,000002E7,false,Rx,0,8,0A,0,0,0,0,0,0,0
10239201,257,false,Rx,0,8,0,93,41,15,86,7,0,93
10239223,000002E8,false,Rx,0,8,0,0,0,0,0,0,0,0
10241650,61,false,Rx,0,8,B5,55,34,0,0,0,0,0
10241732,258,false,Rx,0,8,0B,70,1E,0,10,15,0,28
10241750,62,false,Rx,0,8,2,2,0,2,40,FF,0,FF
10241768,259,false,Rx,0,8,43,5,89,3C,4C,2,0,0
10241786,63,false,Rx,0,8,0,0,5,0,0,8,FD,0
10241803,000002E9,false,Rx,0,8,0,0,0,0,0,0,0,0
10242914,0000048C,false,Rx,0,8,0,0,0,0,0,0,0,0
10242967,93,false,Rx,0,8,0,0,0,0,0,0,0,0
10242985,94,false,Rx,0,8,0,0,0,0,0,0,0,0
10243002,000000A1,false,Rx,0,8,4B,7A,34,1A,0,0,0,0
10243020,000000A2,false,Rx,0,8,0,0,0,0,0,0,0,0
10243399,000000A3,false,Rx,0,8,0,40,1,0,0,0,0,0
10246316,0000011B,false,Rx,0,8,AC,F3,21,5,80,8,A8,2
10246351,0000012B,false,Rx,0,8,EB,9,21,6,0,0,8,0
10246369,0000011C,false,Rx,0,8,0,5,20,0,22,0,1,1
10246387,0000012C,false,Rx,0,8,0,0,1,0,0,64,0,0
10249588,000002BF,false,Rx,0,8,FF,FF,FF,0,0,0,0,0
10249623,0000047F,false,Rx,0,8,FF,FF,FF,FF,FF,FF,F3,FF
10249641,487,false,Rx,0,8,0,0,0,0,0,0,0,0
10250980,653,false,Rx,0,8,0A,19,3,1,2,2A,0,0
10251015,642,false,Rx,0,8,FF,FF,FF,FF,FF,FF,0,0
10251034,146,false,Rx,0,8,13,BA,0D,10,4,1,0,0
10252513,147,false,Rx,0,8,0,4,7D,0,40,0,0,0
10252700,148,false,Rx,0,8,0,0,0,0,0,90,40,5
10252718,149,false,Rx,0,8,0,0,0,0,0,0,0,0
10256609,0000010B,false,Rx,0,8,86,EB,30,0,0,0,0,5
10256647,0000010C,false,Rx,0,8,FF,F9,E7,1F,46,45,46,46
10256665,0000010D,false,Rx,0,8,10,3,0,0,0,0,1,35
10256683,0000010E,false,Rx,0,8,0,0,0A,0,0,C0,AB,57
10257632,000001B1,false,Rx,0,8,16,27,0D,0,72,0,0,0
10257665,000001B2,false,Rx,0,8,23,0,4,0F,0F,7,52,10
10257683,000001B3,false,Rx,0,8,10,2C,0,0,87,91,96,90
10258979,000001B4,false,Rx,0,8,95,91,17,0,0,40,1,0
10260082,643,false,Rx,0,8,0,FC,FF,FF,FF,FF,3,0
10260116,475,false,Rx,0,8,12,0,0,0,0,0,0,0
10260592,496,false,Rx,0,8,12,0,0,0,0,0,0,0
10263872,0000036F,false,Rx,0,8,5F,81,1,0,0,0,0,0
10263911,419,false,Rx,0,8,7,A0,8C,D6,6D,86,90,0
10263929,0000037F,false,Rx,0,8,22,20,52,24,41,2,0,0
10264934,111,false,Rx,0,8,9B,85,AA,1,0,0,0,0
10264974,112,false,Rx,0,8,0,0,0,0,0,0,0,0
10264994,113,false,Rx,0,8,0,0,0,0,0,0,0,0
10265012,114,false,Rx,0,8,0,0,0,0,0,0,0,0
10267457,000001A1,false,Rx,0,8,60,C7,11,FE,F7,7F,64,0
10267530,000001A2,false,Rx,0,8,0,0,0,0,0,8,0,0
10267902,000001A3,false,Rx,0,8,FF,F3,3F,0,0,0,0,0
10267928,000001A4,false,Rx,0,8,FE,7,0,0,0,0,0,0
10272598,0000019B,false,Rx,0,8,C8,2B,2E,0,0,E4,0,0
10272639,0000019C,false,Rx,0,8,40,20,0,0,0,0,0B,9
10272657,0000019D,false,Rx,0,8,0,10,0,1,0,0,0,0
10273600,0000019E,false,Rx,0,8,15,0,0,0,0,32,0,0
10277592,0000030B,false,Rx,0,8,65,29,6B,0,4,0,0,0
10277632,0000030C,false,Rx,0,8,0,0,0E,0,2C,0,A0,0F
10277650,0000030D,false,Rx,0,8,0,0,0,0,48,0,0,0
10277667,0000030E,false,Rx,0,8,0,0,38,5,21,0,0,FE
10281592,121,false,Rx,0,8,D9,E6,31,0,0,0,0,5
10281630,122,false,Rx,0,8,FF,D9,67,1F,46,46,46,46
10281648,123,false,Rx,0,8,11,3,0,0,0,0,1,35
10282600,124,false,Rx,0,8,0,0,0A,0,0,0,20,40
10283659,405,false,Rx,0,8,BD,30,0,0,0,1,0,0
10283690,413,false,Rx,0,8,6F,30,0,0,0,0,0,0
10283709,410,false,Rx,0,8,4B,80,59,3C,16,6B,FF,FF
10284621,414,false,Rx,0,8,F0,10,0,0,28,0,0,0
10284651,411,false,Rx,0,8,A8,1,50,50,0,0,44,4
10284669,416,false,Rx,0,8,55,0,0,0,0,0,0,0
10284686,412,false,Rx,0,8,6D,60,0,0,0,0,0,0
10285804,417,false,Rx,0,8,5F,20,0,0,0,0,0,0
10285839,418,false,Rx,0,8,19,70,0,0,12,0C,0,0
10288220,36,false,Rx,0,8,AB,F4,33,51,0,0,25,1
10288672,37,false,Rx,0,8,0,0,0,10,0,40,0,0
10288700,38,false,Rx,0,8,4,0,0,0,90,38,96,D4
10288717,39,false,Rx,0,8,0,0,0,0,0,0,0,0
10288735,419,false,Rx,0,8,49,B0,8C,D6,71,86,90,0
10289640,61,false,Rx,0,8,B8,93,39,0,0,0,0,0
10289676,000004A3,false,Rx,0,8,80,0,48,0B,3E,0,0,0
10291167,62,false,Rx,0,8,2,2,0,2,40,FF,0,FF
10291582,000004A4,false,Rx,0,8,FF,FF,FF,0,0,0,0,0
10291621,63,false,Rx,0,8,0,0,5,0,0,8,FD,0
10291646,64,false,Rx,0,8,0,0,0,4,FF,FA,0,0
10291663,000000A1,false,Rx,0,8,7D,39,39,1A,0,0,0,0
10291681,000000A3,false,Rx,0,8,0,40,1,0,0,0,0,0
10294596,566,false,Rx,0,8,16,2,0,0,0,0,FF,FF
10295916,236,false,Rx,0,8,84,59,6B,0,6E,3C,34,6C
10295954,151,false,Rx,0,8,26,87,6B,A0,C8,0,28,19
10295971,237,false,Rx,0,8,0,15,BA,0,0,AA,1E,0
10295989,152,false,Rx,0,8,16,18,18,0,0B,0,0,0
10296006,000001F6,false,Rx,0,8,15,A4,6B,0,0,0,0,0E
10296024,0000011B,false,Rx,0,8,33,9B,26,5,80,8,A8,2
10297454,153,false,Rx,0,8,0,0,0,0,0,0,0,0
10297526,0000011C,false,Rx,0,8,0,5,20,0,22,0,1,1
10297931,0000012B,false,Rx,0,8,74,61,26,6,0,0,8,0
10297963,000001F7,false,Rx,0,8,0B,0,0,0,0,0,0,0
10297981,0000012C,false,Rx,0,8,0,0,1,0,0,64,0,0
10297999,000001F8,false,Rx,0,8,0,0,0,0,0,0,0,0
10298017,154,false,Rx,0,8,0,0,0,0,0,0,0,0
10298044,000001F9,false,Rx,0,8,0,0,A0,C8,14,0,0,0
10298061,000002FB,false,Rx,0,8,7A,AE,6B,4,5F,1A,CC,CC
10299170,238,false,Rx,0,8,0,0,5F,0,0,0,0,0
10299206,000002FC,false,Rx,0,8,3,0,16,19,0,0,8E,BF
10299224,239,false,Rx,0,8,0,0,0,0,1,0,0,0
10299242,000001E6,false,Rx,0,8,A9,4A,D3,2,0,0,0,0
10299274,0000025B,false,Rx,0,8,95,EE,6B,40,40,20,0,0
10300968,000001BB,false,Rx,0,8,0D,BD,D3,2,0,0,0,0A
10301013,0000025C,false,Rx,0,8,0,0,0B,0,34,89,19,0
10301031,000001BC,false,Rx,0,8,32,0,0,0,2,0,0,0
10301049,0000025D,false,Rx,0,8,0,C8,0,0,0,80,C0,70
10301067,000001BD,false,Rx,0,8,0,0,0,0,0,0,0,0
10301084,0000025E,false,Rx,0,8,32,7,0E,5,0,0,0,0
10302034,000002FD,false,Rx,0,8,0,0,0,0,0,1C,0E,EA
10302440,382,false,Rx,0,8,F1,7A,1,0,0,1,8,0
10302481,000002FE,false,Rx,0,8,0,0,72,1,0,28,0,0
10303771,327,false,Rx,0,8,0,0,0,0,5,0,0,0
10306126,0000010B,false,Rx,0,8,0F,12,35,0,0,0,0,5
10306161,0000010C,false,Rx,0,8,FF,F9,E7,1F,46,44,46,46
10306179,0000010D,false,Rx,0,8,10,3,0,0,0,0,1,35
10306575,0000010E,false,Rx,0,8,0,0,0A,0,0,C0,AB,57
10307978,000002AB,false,Rx,0,8,D4,A3,6C,0C,0C,0,0,0
10308022,000002AC,false,Rx,0,8,0,FF,FF,0,0,40,0,50
10308059,000002AD,false,Rx,0,8,0,1,0,40,FF,FF,FF,0F
10308076,485,false,Rx,0,8,0,40,11,2,0,0,0,0
10308094,251,false,Rx,0,8,A3,39,6B,0,0,0,0,0
10310764,396,false,Rx,0,8,8B,D2,B5,0F,8,2,0,2
10311896,000002E2,false,Rx,0,8,FD,0,0,0,0,14,0,4
10315220,000001AB,false,Rx,0,8,5D,C6,62,50,70,38,0,0
10315258,000001AC,false,Rx,0,8,0,28,0,0,0,0,0,0
10315276,226,false,Rx,0,8,85,3C,47,FF,43,E1,5,42
10315294,227,false,Rx,0,8,2,70,E1,8,0,F2,17,4
10317924,000003A1,false,Rx,0,8,71,40,C6,0,FF,FF,FF,FF
10317964,000003A2,false,Rx,0,8,0,0,0,0,0,0,0,0
10317982,383,false,Rx,0,8,12,ED,1,0,2,0,0,0
10322595,0000019B,false,Rx,0,8,0,29,33,0,0,E4,0,0
10322631,0000019C,false,Rx,0,8,40,20,0,0,0,0,0B,9
10322649,0000019D,false,Rx,0,8,0,10,0,1,0,0,0,0
10323720,0000019E,false,Rx,0,8,15,0,0,0,0,32,0,0
10323748,000002D6,false,Rx,0,8,DF,5B,B5,0,0,0,0,0
10323766,000002EB,false,Rx,0,8,27,5F,B5,9,8,1,0,2
10324817,000002D7,false,Rx,0,8,0,0,0,0,3,0,0,0
10324868,000002EC,false,Rx,0,8,31,0,0,0,0,0,0,0
10324886,000002D8,false,Rx,0,8,0,0,0,0,0,0,38,45
10325290,000002ED,false,Rx,0,8,0,0,0,0,0,0,0,0
10325326,000002D9,false,Rx,0,8,0,0,0,0,0,0,0,0
10326513,000002EE,false,Rx,0,8,0,0,0,0,0,0,0,0
10328864,356,false,Rx,0,8,D9,F9,B6,0,0,0,0,0
10328946,357,false,Rx,0,8,0,0,0,0,0,4B,4D,48
10328965,358,false,Rx,0,8,35,41,45,4D,52,37,33,4F
10328982,359,false,Rx,0,8,51,4F,34,52,4A,35,33,0
10329000,419,false,Rx,0,8,49,B0,8C,D6,71,86,90,0
10331774,121,false,Rx,0,8,2A,78,36,0,0,0,0,5
10331811,122,false,Rx,0,8,FF,D9,67,1F,46,46,46,46
10331829,123,false,Rx,0,8,11,3,0,0,0,0,1,35
10331847,124,false,Rx,0,8,0,0,0A,0,0,0,20,40
10333474,000000FF,false,Rx,0,8,CB,10,0,0,0,0,2,0
10333509,394,false,Rx,0,8,2A,22,1A,49,0,0,0,0
10333527,000003C3,false,Rx,0,8,45,10,31,30,36,0,0,0
10333810,000003E0,false,Rx,0,8,66,20,1,0,54,3,0,0
10333834,000003E5,false,Rx,0,8,37,80,1,0,0,0,0,0
10335023,000003E6,false,Rx,0,8,67,90,0,0,0,0,0,0
10335440,0000041A,false,Rx,0,8,8D,D0,12,0,0,0,0,0
10335466,0000041B,false,Rx,0,8,70,D0,0,0,0,0,0,0
10336744,0000041C,false,Rx,0,8,48,0,E0,0,0,0,0,0
10336794,161,false,Rx,0,8,D2,DC,15,3,0,0,0,2
10336812,422,false,Rx,0,8,9D,70,1,0,0,0,4,0
10338062,162,false,Rx,0,8,FF,FC,1,0,0,0,0,0
10338103,36,false,Rx,0,8,13,F5,38,51,0,0,25,1
10338122,37,false,Rx,0,8,0,0,0,10,0,40,0,0
10338140,38,false,Rx,0,8,4,0,0,0,90,38,96,D4
10338157,39,false,Rx,0,8,0,0,0,0,0,0,0,0
10338175,384,false,Rx,0,8,E9,DC,2,0,0,FF,0,21
10340654,000003B6,false,Rx,0,8,CD,CA,B4,0,0,0,0,46
10340679,000003B7,false,Rx,0,8,46,0,0,0,0,0,0,0
10340696,000003B8,false,Rx,0,8,0C,3,0,0,0,0,69,0E
10340714,61,false,Rx,0,8,4B,0D,3E,0,0,0,0,0
10340732,000003B9,false,Rx,0,8,0,0,0,0,0,0,0,0
10340749,000000A1,false,Rx,0,8,74,BC,3E,1A,0,0,0,0
10341773,432,false,Rx,0,8,3,20,2,0,0,0,0,0
10341809,000000A2,false,Rx,0,8,0,0,0,0,0,0,0,0
10341827,435,false,Rx,0,8,26,C0,0,40,0,0,0,0
10341844,91,false,Rx,0,8,92,65,6A,0,0,0,0,0
10343637,442,false,Rx,0,8,CE,20,11,81,0,0,0,0
10344948,92,false,Rx,0,8,0,0,0,0,0,0,0,0
10344968,444,false,Rx,0,8,D5,20,20,50,55,50,0,0
10344986,93,false,Rx,0,8,0,0,0,0,0,0,0,0
10345004,445,false,Rx,0,8,C6,C0,0,0,0,0,0,18
10345021,000000A3,false,Rx,0,8,0,40,1,0,0,0,0,0
10347182,0000011B,false,Rx,0,8,40,A2,2B,5,80,8,A8,2
10347221,0000011C,false,Rx,0,8,0,5,20,0,22,0,1,1
10347239,0000012B,false,Rx,0,8,7,58,2B,6,0,0,8,0
10347256,0000012C,false,Rx,0,8,0,0,1,0,0,64,0,0
10351010,146,false,Rx,0,8,57,0A,12,10,4,1,0,0
10351585,147,false,Rx,0,8,0,4,7D,0,40,0,0,0
10351613,148,false,Rx,0,8,0,0,0,0,0,90,40,5
10353156,149,false,Rx,0,8,0,0,0,0,0,0,0,0
10353586,495,false,Rx,0,8,49,0,0,0,0,0,0,0
10354609,000003AA,false,Rx,0,8,FF,0,B0,0,54,0,0,0
10355899,0000010B,false,Rx,0,8,8E,66,3A,0,0,0,0,5
10355934,0000010C,false,Rx,0,8,FF,F9,E7,1F,46,44,46,46
10357347,0000010D,false,Rx,0,8,10,3,0,0,0,0,1,35
10357559,0000010E,false,Rx,0,8,0,0,0A,0,0,C0,AB,57
10357577,000001B1,false,Rx,0,8,52,97,12,0,72,0,0,0
10357594,000001B2,false,Rx,0,8,23,0,4,0F,0F,7,52,10
10358744,000001B3,false,Rx,0,8,10,2C,0,0,87,91,96,90
10358779,000001B4,false,Rx,0,8,95,91,17,0,0,40,1,0
10360464,000000C5,false,Rx,0,8,0,0,0,0,0,0,0,0
10360903,244,false,Rx,0,8,FF,FF,FF,FF,FF,FF,FF,FF
10361873,000004B4,false,Rx,0,8,0,0,0,0,0,0,0,0
10361901,000004B5,false,Rx,0,8,8,0,F0,7,0,0,0,0
10361919,000004B7,false,Rx,0,8,8,0,F0,7,0,0,0,0
10362067,000004CA,false,Rx,0,8,0,0,0,0,0,0,0,0
10362085,000004CC,false,Rx,0,8,8,0,0,6,0,0,3,0
10362103,000004DD,false,Rx,0,8,0,0,FE,0,4,0,0,0
10363447,000004DF,false,Rx,0,8,FF,3,0C,3F,0,0,0,0
10363482,000004E7,false,Rx,0,8,0,30,0,0,0,0,69,0
10363500,380,false,Rx,0,8,AD,D7,FF,0,0,0,0,1
10363517,000004E8,false,Rx,0,8,FF,FF,FF,5,FF,FF,FF,0
10363535,000004E9,false,Rx,0,8,12,0,0,34,0,0,50,0
10363924,000004EA,false,Rx,0,8,67,0,0,89,0,0,0,0
10363945,000004EB,false,Rx,0,8,10,80,33,2,80,0,0,0
10365160,000004EC,false,Rx,0,8,0,0,0,0,0,0,0,0
10365194,000004ED,false,Rx,0,8,0,0,0,0,0,FF,FF,1F
10365229,000004EE,false,Rx,0,8,FF,FF,0,0,0,0,0,0
10365247,000004EF,false,Rx,0,8,60,0,60,0,29,14,0,0
10365265,0000063D,false,Rx,0,8,0,80,0,0,0,0,0,0
10365657,0000063E,false,Rx,0,8,FF,FF,FF,FF,FF,FF,FF,FF
10366759,000001A1,false,Rx,0,8,93,59,16,FE,F7,7F,64,0
10367098,0000063F,false,Rx,0,8,0,10,0,C4,FF,0,0,0
10367121,000001A2,false,Rx,0,8,0,0,0,0,0,8,0,0
10367139,640,false,Rx,0,8,FF,FF,FF,0,FF,FF,FF,0
10367156,000001A3,false,Rx,0,8,FF,F3,3F,0,0,0,0,0
10367174,641,false,Rx,0,8,FF,FF,FF,FF,0F,FF,FF,FF
10367208,000001A4,false,Rx,0,8,FE,7,0,0,0,0,0,0
10368277,000003B0,false,Rx,0,8,72,37,FF,C7,0,0,3,C0
10368682,646,false,Rx,0,8,0,0,0,80,1,0,0,0
10369695,448,false,Rx,0,8,0,C0,0,0,0,0,0,0
10372717,0000019B,false,Rx,0,8,B8,28,38,0,0,E4,0,0
10372751,0000019C,false,Rx,0,8,40,20,0,0,0,0,0B,9
10372769,0000019D,false,Rx,0,8,0,10,0,1,0,0,0,0
10373828,0000019E,false,Rx,0,8,15,0,0,0,0,32,0,0
10373863,419,false,Rx,0,8,49,B0,8C,D6,71,86,90,0
10376643,000001E1,false,Rx,0,8,BF,2E,D6,2,0,0,0,0
10377593,000001E2,false,Rx,0,8,0,0,0,0,0,0,0,0
10378729,000003B2,false,Rx,0,8,36,15,FF,2,29,2F,34,0
10381603,121,false,Rx,0,8,27,BE,3B,0,0,0,0,5
10381642,122,false,Rx,0,8,FF,D9,67,1F,46,46,46,46
10381661,123,false,Rx,0,8,11,3,0,0,0,0,1,35
10382599,124,false,Rx,0,8,0,0,0A,0,0,0,20,40
10382632,427,false,Rx,0,8,1D,86,FF,0,80,0A,0,0
10386599,36,false,Rx,0,8,6C,D9,3D,51,0,0,25,1
10386637,37,false,Rx,0,8,0,0,0,10,0,40,0,0
10386657,38,false,Rx,0,8,4,0,0,0,90,38,96,D4
10387602,39,false,Rx,0,8,0,0,0,0,0,0,0,0
10389713,61,false,Rx,0,8,5F,B5,43,0,0,0,0,0
10389777,62,false,Rx,0,8,2,2,0,2,40,FF,0,FF
10389795,63,false,Rx,0,8,0,0,5,0,0,8,FD,0
10390713,64,false,Rx,0,8,0,0,0,4,FF,FA,0,0
10390761,000000A1,false,Rx,0,8,DA,2E,43,1A,0,0,0,0
10390779,000000A2,false,Rx,0,8,0,0,0,0,0,0,0,0
10390797,000000A3,false,Rx,0,8,0,40,1,0,0,0,0,0
10392094,0000042A,false,Rx,0,8,F4,DE,FF,1,0,10,0,0
10396588,0000011B,false,Rx,0,8,82,78,30,5,80,8,A8,2
10396624,0000012B,false,Rx,0,8,C5,82,30,6,0,0,8,0
10396643,0000011C,false,Rx,0,8,0,5,20,0,22,0,1,1
10396661,0000012C,false,Rx,0,8,0,0,1,0,0,64,0,0
10397639,000001FB,false,Rx,0,8,8C,98,6B,0,0,0,0,0
10398761,000001FC,false,Rx,0,8,0,0,0,0,0,0,0,0
10398796,000001FD,false,Rx,0,8,0,1A,3,0,0,0,0,0
10398814,000001FE,false,Rx,0,8,0,0,0,0,0,0,0,0
10398832,419,false,Rx,0,8,0F,C0,8C,D6,75,86,90,0
10400110,516,false,Rx,0,8,61,2,0,0,0,0,FF,FF
10406589,0000010B,false,Rx,0,8,F1,4A,3F,0,0,0,0,5
10406628,0000010C,false,Rx,0,8,FF,F9,E7,1F,46,44,46,46
10406646,0000010D,false,Rx,0,8,10,3,0,0,0,0,1,35
10406663,0000010E,false,Rx,0,8,0,0,0A,0,0,C0,AB,57
10408066,000002C1,false,Rx,0,8,7F,26,B7,21,0,41,0,AA
10408101,000002C2,false,Rx,0,8,21,0,0,0,0,0,0,0
10408119,000002C3,false,Rx,0,8,0,0,0,0,0,0,0,0
10408588,000002C4,false,Rx,0,8,0,0,0,0,0,0,0,0
10414576,000001AB,false,Rx,0,8,AB,EE,67,50,70,38,0,0
10414601,000001AC,false,Rx,0,8,0,28,0,0,0,0,0,0
10415567,000002FF,false,Rx,0,8,E2,1,0,F1,3F,0,0,0
10415591,316,false,Rx,0,8,6D,95,A4,34,14,80,0A,0
10415609,472,false,Rx,0,8,5C,EC,0,40,8,41,0,45
10415627,317,false,Rx,0,8,0,0,5,0,0,0,0,0
10416564,473,false,Rx,0,8,5F,24,0,25,0,0,0,78
10416590,474,false,Rx,0,8,93,44,0,0,0,0,0,14
10422565,0000019B,false,Rx,0,8,C7,4,3D,0,0,E4,0,0
10422592,0000019C,false,Rx,0,8,40,20,0,0,0,0,0B,9
10422610,0000019D,false,Rx,0,8,0,10,0,1,0,0,0,0
10423564,0000019E,false,Rx,0,8,15,0,0,0,0,32,0,0
10427591,0000033B,false,Rx,0,8,93,81,6D,0,0,0,0,0
10427621,0000033C,false,Rx,0,8,0,0,0,0,F0,0,0,0
10427639,0000033D,false,Rx,0,8,0,0,0,0,0,0,0,0
10427656,0000033E,false,Rx,0,8,0,0,0,0,0,0,0,0
10431758,121,false,Rx,0,8,86,C1,40,0,0,0,0,5
10431789,122,false,Rx,0,8,FF,D9,67,1F,46,46,46,46
10431808,123,false,Rx,0,8,11,3,0,0,0,0,1,35
10431825,124,false,Rx,0,8,0,0,0A,0,0,0,20,40
10435646,161,false,Rx,0,8,C8,A5,1A,3,0,0,0,2
10436646,162,false,Rx,0,8,FF,FC,1,0,0,0,0,0
10436669,36,false,Rx,0,8,F4,D3,42,51,0,0,25,1
10436687,37,false,Rx,0,8,0,0,0,10,0,40,0,0
10436704,38,false,Rx,0,8,4,0,0,0,90,38,96,D4
10437639,39,false,Rx,0,8,0,0,0,0,0,0,0,0
10438632,000002E6,false,Rx,0,8,A4,41,6A,1,0,0,0,15
10438653,256,false,Rx,0,8,AA,2E,6A,15,40,0,F0,0
10438670,000002E7,false,Rx,0,8,0A,0,0,0,0,0,0,0
10439617,257,false,Rx,0,8,0,93,41,18,86,7,0,93
10439643,000002E8,false,Rx,0,8,0,0,0,0,0,0,0,0
10439661,258,false,Rx,0,8,0B,70,1E,0,10,15,0,28
10439679,61,false,Rx,0,8,E7,B4,48,0,0,0,0,0
10440566,259,false,Rx,0,8,51,5,8A,3C,4C,2,0,0
10440590,62,false,Rx,0,8,2,2,0,2,40,FF,0,FF
10440609,000002E9,false,Rx,0,8,0,0,0,0,0,0,0,0
10440627,63,false,Rx,0,8,0,0,5,0,0,8,FD,0
10441567,401,false,Rx,0,8,A9,30,10,0,0,4,0,0
10441589,64,false,Rx,0,8,0,0,0,4,FF,FA,0,0
10441606,419,false,Rx,0,8,0F,C0,8C,D6,75,86,90,0
10441624,91,false,Rx,0,8,D4,3C,6B,0,0,0,0,0
10442567,92,false,Rx,0,8,0,0,0,0,0,0,0,0
10442587,93,false,Rx,0,8,0,0,0,0,0,0,0,0
10442605,94,false,Rx,0,8,0,0,0,0,0,0,0,0
10442622,000000A1,false,Rx,0,8,E6,DF,48,1A,0,0,0,0
10443567,000000A2,false,Rx,0,8,0,0,0,0,0,0,0,0
10443589,000000A3,false,Rx,0,8,0,40,1,0,0,0,0,0
10446566,0000011B,false,Rx,0,8,74,50,35,5,80,8,A8,2
10446588,0000011C,false,Rx,0,8,0,5,20,0,22,0,1,1
10446606,0000012B,false,Rx,0,8,33,AA,35,6,0,0,8,0
10446624,0000012C,false,Rx,0,8,0,0,1,0,0,64,0,0
10449712,000001E6,false,Rx,0,8,5F,62,D6,2,0,0,0,0
10449749,000001BB,false,Rx,0,8,2,56,D6,2,0,0,0,0A
10449767,000002BF,false,Rx,0,8,FF,FF,FF,0,0,0,0,0
10449785,000001BC,false,Rx,0,8,32,0,0,0,2,0,0,0
10449803,0000047F,false,Rx,0,8,FF,FF,FF,FF,FF,FF,F3,FF
10450594,000001BD,false,Rx,0,8,0,0,0,0,0,0,0,0
10450621,487,false,Rx,0,8,0,0,0,0,0,0,0,0
10450639,000001E7,false,Rx,0,8,0,0,22,3,20,1,0,0
10452450,642,false,Rx,0,8,FF,FF,FF,FF,FF,FF,0,0
10452483,653,false,Rx,0,8,0A,19,3,1,2,2A,0,0
10452501,146,false,Rx,0,8,28,26,17,10,4,1,0,0
10452519,147,false,Rx,0,8,0,4,7D,0,40,0,0,0
10452674,148,false,Rx,0,8,0,0,0,0,0,90,40,5
10456479,0000010B,false,Rx,0,8,50,35,44,0,0,0,0,5
10456515,0000010C,false,Rx,0,8,FF,F9,E7,1F,46,44,46,46
10456912,0000010D,false,Rx,0,8,10,3,0,0,0,0,1,35
10456947,000001B1,false,Rx,0,8,69,96,17,0,72,0,0,0
10458189,0000010E,false,Rx,0,8,0,0,0A,0,0,C0,AB,57
10458220,000001B2,false,Rx,0,8,23,0,4,0F,0F,7,52,10
10458238,000001B3,false,Rx,0,8,10,2C,0,0,87,91,96,90
10458256,000001B4,false,Rx,0,8,95,92,17,0,0,40,1,0
10460832,475,false,Rx,0,8,12,0,0,0,0,0,0,0
10462027,496,false,Rx,0,8,12,0,0,0,0,0,0,0
10464590,111,false,Rx,0,8,DD,DC,AB,1,0,0,0,0
10464632,112,false,Rx,0,8,0,0,0,0,0,0,0,0
10464651,113,false,Rx,0,8,0,0,0,0,0,0,0,0
10465793,114,false,Rx,0,8,0,0,0,0,0,0,0,0
10465828,000001A1,false,Rx,0,8,9E,9F,1B,FE,F7,7F,64,0
10467082,000001A2,false,Rx,0,8,0,0,0,0,0,8,0,0
10467117,000001A3,false,Rx,0,8,FF,F3,3F,0,0,0,0,0
10468695,000001A4,false,Rx,0,8,FE,7,0,0,0,0,0,0
10468738,0000036F,false,Rx,0,8,30,A1,1,0,0,0,0,0
10468756,0000037F,false,Rx,0,8,93,40,52,24,41,2,0,0
10472874,0000019B,false,Rx,0,8,5F,0E,42,0,0,E4,0,0
10472913,0000019C,false,Rx,0,8,40,20,0,0,0,0,0B,9
10472932,0000019D,false,Rx,0,8,0,10,0,1,0,0,0,0
10472950,0000019E,false,Rx,0,8,15,0,0,0,0,32,0,0
10477600,0000030B,false,Rx,0,8,D0,EE,6D,0,4,0,0,0
10477639,0000030C,false,Rx,0,8,0,0,0E,0,2C,0,A0,0F
10478600,0000030D,false,Rx,0,8,0,0,0,0,48,0,0,0
10478633,0000030E,false,Rx,0,8,0,0,38,5,21,0,0,FE
10478651,419,false,Rx,0,8,0F,C0,8C,D6,75,86,90,0
10481634,121,false,Rx,0,8,F9,ED,45,0,0,0,0,5
10481673,122,false,Rx,0,8,FF,D9,67,1F,46,46,46,46
10481691,123,false,Rx,0,8,11,3,0,0,0,0,1,35
10482601,124,false,Rx,0,8,0,0,0A,0,0,0,20,40
10486607,36,false,Rx,0,8,8B,FF,47,51,0,0,25,1
10486657,37,false,Rx,0,8,0,0,0,10,0,40,0,0
10486675,38,false,Rx,0,8,4,0,0,0,90,38,96,D4
10487598,39,false,Rx,0,8,0,0,0,0,0,0,0,0
10488871,405,false,Rx,0,8,BD,30,0,0,0,1,0,0
10488907,413,false,Rx,0,8,6F,30,0,0,0,0,0,0
10488925,410,false,Rx,0,8,4B,80,59,3C,16,6B,FF,FF
10489885,414,false,Rx,0,8,F0,10,0,0,28,0,0,0
10489920,411,false,Rx,0,8,A8,1,50,50,0,0,44,4
10489953,61,false,Rx,0,8,98,98,4D,0,0,0,0,0
10489970,412,false,Rx,0,8,6D,60,0,0,0,0,0,0
10490360,62,false,Rx,0,8,2,2,0,2,40,FF,0,FF
10490380,416,false,Rx,0,8,55,0,0,0,0,0,0,0
10491331,63,false,Rx,0,8,0,0,5,0,0,8,FD,0
10491368,415,false,Rx,0,8,40,13,10,0,8,1,0,0
10491386,64,false,Rx,0,8,0,0,0,4,FF,FA,0,0
10491414,417,false,Rx,0,8,5F,20,0,0,0,0,0,0
10491432,000000A1,false,Rx,0,8,E9,34,4D,1A,0,0,0,0
10491828,418,false,Rx,0,8,19,70,0,0,12,0C,0,0
10493041,000000A2,false,Rx,0,8,0,0,0,0,0,0,0,0
10493076,000004A3,false,Rx,0,8,80,0,48,0B,3E,0,0,0
10493094,000000A3,false,Rx,0,8,0,40,1,0,0,0,0,0
10493485,000004A4,false,Rx,0,8,FF,FF,FF,0,0,0,0,0
10496254,000001F1,false,Rx,0,8,CD,2B,A9,1,0,0,28,0
10496288,000001F2,false,Rx,0,8,0,0,0,0,0,0,0,0
10496622,236,false,Rx,0,8,31,9E,6D,0,6E,3C,34,6C
10496642,151,false,Rx,0,8,93,40,6D,A0,C8,0,28,19
10496661,237,false,Rx,0,8,0,15,BA,0,0,AA,1E,0
10499939,0000011C,false,Rx,0,8,0,5,20,0,22,0,1,1
10499993,0000012B,false,Rx,0,8,29,D3,3A,6,0,0,8,0
10500025,000001F6,false,Rx,0,8,A0,63,6D,0,0,0,0,0E
10500042,0000012C,false,Rx,0,8,0,0,1,0,0,64,0,0
10500060,000001F7,false,Rx,0,8,0B,0,0,0,0,0,0,0
10500077,154,false,Rx,0,8,0,0,0,0,0,0,0,0
10500095,326,false,Rx,0,8,5A,3D,6D,0,0,0,0,0
10500571,0000025D,false,Rx,0,8,0,C8,0,0,0,80,C0,70
10500594,327,false,Rx,0,8,0,0,0,0,5,0,0,0
10501683,0000025E,false,Rx,0,8,13,7,0E,2,0,0,0,0
10501720,328,false,Rx,0,8,0,0,0,0,0,0,0,0
10501753,382,false,Rx,0,8,F1,7A,1,0,0,1,8,0
10501771,329,false,Rx,0,8,A0,0,0,0,0,0,0,0
10501788,561,false,Rx,0,8,63,2,0,0,0,0,FF,FF
10502589,331,false,Rx,0,8,49,72,6D,F1,C8,A0,2C,97
10502617,332,false,Rx,0,8,94,2,0,0,0,0,0,0
10502636,333,false,Rx,0,8,0,0,0,1C,0C,40,20,A0
10503571,334,false,Rx,0,8,C8,0,0,0,AC,70,1D,90
10503592,419,false,Rx,0,8,64,D0,8C,D6,79,86,90,0
10505951,0000010B,false,Rx,0,8,5D,F3,49,0,0,0,0,5
10505992,0000010C,false,Rx,0,8,FF,F9,E7,1F,46,44,46,46
10506584,0000010D,false,Rx,0,8,10,3,0,0,0,0,1,35
10506616,0000010E,false,Rx,0,8,0,0,0A,0,0,C0,AB,57
10507967,000002AB,false,Rx,0,8,58,11,6E,0C,0C,0,0,0
10508002,000002AC,false,Rx,0,8,0,FF,FF,0,0,40,0,50
10508020,000002AD,false,Rx,0,8,0,1,0,40,FF,FF,FF,0F
10508038,000002AE,false,Rx,0,8,1,0,FF,3F,1,1,0,0
10508056,000002B6,false,Rx,0,8,2A,60,6E,1,0,0,0,40
10509713,251,false,Rx,0,8,A9,8B,6D,0,0,0,0,0
10509749,000002B7,false,Rx,0,8,8,2,F0,0,0,4,0,0
10509779,252,false,Rx,0,8,0,0,0,0,3,0,0,0
10509797,000002B8,false,Rx,0,8,AA,11,11,0,0,0,0,0
10511311,253,false,Rx,0,8,0,0,0,51,51,0,80,44
10511395,000002E1,false,Rx,0,8,7B,34,6E,0,0,0,0,40
10511415,397,false,Rx,0,8,1D,0,0,0,0,0,0,0
10511433,000002E2,false,Rx,0,8,FD,0,0,0,0,14,0,4
10511450,398,false,Rx,0,8,0,0,0,0,0,0,0,0
10511468,000002E3,false,Rx,0,8,0,0,0,0,0,0,72,1
10514082,000001AB,false,Rx,0,8,63,17,6C,50,70,38,0,0
10514117,000001AC,false,Rx,0,8,0,28,0,0,0,0,0,0
10514590,226,false,Rx,0,8,BB,ED,49,FF,43,E1,5,42
10516385,227,false,Rx,0,8,2,70,E1,8,0,F2,17,4
10517933,000003A1,false,Rx,0,8,55,E8,C7,0,FF,FF,FF,FF
10517973,000003A2,false,Rx,0,8,0,0,0,0,0,0,0,0
10517991,383,false,Rx,0,8,12,ED,1,0,2,0,0,0
10522596,0000019B,false,Rx,0,8,20,22,47,0,0,E4,0,0
10522636,0000019C,false,Rx,0,8,40,20,0,0,0,0,0B,9
10522654,0000019D,false,Rx,0,8,0,10,0,1,0,0,0,0
10523610,0000019E,false,Rx,0,8,15,0,0,0,0,32,0,0
10527422,000002D6,false,Rx,0,8,15,B0,B6,0,0,0,0,0
10527465,000002EB,false,Rx,0,8,2D,C5,B6,9,8,2,0,2
10527484,000002D7,false,Rx,0,8,0,0,0,0,3,0,0,0
10527530,000002EC,false,Rx,0,8,7,0,0,0,0,0,0,0
10527802,000002D8,false,Rx,0,8,0,0,0,0,0,0,38,45
10527824,000002ED,false,Rx,0,8,0,0,0,0,0,0,0,0
10527842,356,false,Rx,0,8,9F,A0,B7,0,0,0,0,0
10527860,357,false,Rx,0,8,0,0,0,0,0,4B,4D,48
10528729,358,false,Rx,0,8,35,41,45,4D,52,37,33,4F
10528762,359,false,Rx,0,8,51,4F,34,52,4A,35,33,0
10532590,121,false,Rx,0,8,78,99,4A,0,0,0,0,5
10532637,122,false,Rx,0,8,FF,D9,67,1F,46,46,46,46
10532655,123,false,Rx,0,8,11,3,0,0,0,0,1,35
10533214,000000FF,false,Rx,0,8,CB,10,0,0,0,0,2,0
10533260,124,false,Rx,0,8,0,0,0A,0,0,0,20,40
10533281,000003C3,false,Rx,0,8,45,10,31,30,36,0,0,0
10533298,000003E0,false,Rx,0,8,66,20,1,0,54,3,0,0
10533670,000003E5,false,Rx,0,8,37,80,1,0,0,0,0,0
10535682,000003E6,false,Rx,0,8,67,90,0,0,0,0,0,0
10537376,0000041A,false,Rx,0,8,8D,D0,12,0,0,0,0,0
10537400,0000041B,false,Rx,0,8,70,D0,0,0,0,0,0,0
10537418,0000041C,false,Rx,0,8,48,0,E0,0,0,0,0,0
10537435,422,false,Rx,0,8,9D,70,1,0,0,0,4,0
10537453,36,false,Rx,0,8,33,FE,4C,51,0,0,25,1
10538015,384,false,Rx,0,8,E9,DC,2,0,0,FF,0,21
10539424,435,false,Rx,0,8,26,C0,0,40,0,0,0,0
10539459,000003B6,false,Rx,0,8,8B,93,B5,0,0,0,0,46
10540704,442,false,Rx,0,8,CE,20,11,81,0,0,0,0
10540744,000003B7,false,Rx,0,8,46,0,0,0,0,0,0,0
10540762,61,false,Rx,0,8,DC,28,52,0,0,0,0,0
10540779,000003B8,false,Rx,0,8,0C,3,0,0,0,0,69,0E
10541212,62,false,Rx,0,8,2,2,0,2,40,FF,0,FF
10541238,000003B9,false,Rx,0,8,0,0,0,0,0,0,0,0
10541256,64,false,Rx,0,8,0,0,0,4,FF,FA,0,0
10541273,445,false,Rx,0,8,C6,C0,0,0,0,0,0,18
10541580,91,false,Rx,0,8,27,A2,6C,0,0,0,0,0
10541611,92,false,Rx,0,8,0,0,0,0,0,0,0,0
10542607,93,false,Rx,0,8,0,0,0,0,0,0,0,0
10543789,94,false,Rx,0,8,0,0,0,0,0,0,0,0
10543820,000000A1,false,Rx,0,8,8A,59,52,1A,0,0,0,0
10544180,000000A2,false,Rx,0,8,0,0,0,0,0,0,0,0
10544211,000000A3,false,Rx,0,8,0,40,1,0,0,0,0,0
10544232,419,false,Rx,0,8,64,D0,8C,D6,79,86,90,0
10545830,464,false,Rx,0,8,D5,20,F0,FF,38,7F,5,0
10547421,0000011B,false,Rx,0,8,98,1,3F,5,80,8,A8,2
10547498,0000011C,false,Rx,0,8,0,5,20,0,22,0,1,1
10547518,0000012B,false,Rx,0,8,DF,FB,3F,6,0,0,8,0
10547535,0000012C,false,Rx,0,8,0,0,1,0,0,64,0,0
10551798,146,false,Rx,0,8,90,27,1C,10,4,1,0,0
10551838,147,false,Rx,0,8,0,4,7D,0,40,0,0,0
10551856,148,false,Rx,0,8,0,0,0,0,0,90,40,5
10551874,000004E8,false,Rx,0,8,FF,FF,FF,5,FF,FF,FF,0
10552792,149,false,Rx,0,8,0,0,0,0,0,0,0,0
10553832,495,false,Rx,0,8,49,0,0,0,0,0,0,0
10553868,000003AA,false,Rx,0,8,FF,0,B0,0,54,0,0,0
10556631,0000010B,false,Rx,0,8,AE,6D,4E,0,0,0,0,5
10556671,0000010C,false,Rx,0,8,FF,F9,E7,1F,46,44,46,46
10556689,0000010D,false,Rx,0,8,10,3,0,0,0,0,1,35
10556707,000001B1,false,Rx,0,8,95,BA,1C,0,72,0,0,0
10556724,0000010E,false,Rx,0,8,0,0,0A,0,0,C0,AB,57
10557600,000001B2,false,Rx,0,8,23,0,4,0F,0F,7,52,10
10557633,000001B3,false,Rx,0,8,10,2C,0,0,87,91,96,90
10557651,000001B4,false,Rx,0,8,95,91,17,0,0,40,1,0
10561588,0000034B,false,Rx,0,8,1F,77,BE,31,D8,0D,5,1
10561625,0000034C,false,Rx,0,8,0,0,0,0,0,0,0,0
10561650,000000C5,false,Rx,0,8,0,0,0,0,0,0,0,0
10561668,0000034D,false,Rx,0,8,0,0,0,0,0,0,0,0
10562621,244,false,Rx,0,8,FF,FF,FF,FF,FF,FF,FF,FF
10562670,0000034E,false,Rx,0,8,0,0,0,0,0,0,0,0
10562688,0000041F,false,Rx,0,8,0,0C,0,0,0,0,0,0
10562705,000004B4,false,Rx,0,8,0,0,0,0,0,0,0,0
10563653,380,false,Rx,0,8,AD,D7,FF,0,0,0,0,1
10563704,000004B5,false,Rx,0,8,8,0,F0,7,0,0,0,0
10563722,000004B7,false,Rx,0,8,8,0,F0,7,0,0,0,0
10564094,000004CA,false,Rx,0,8,0,0,0,0,0,0,0,0
10564127,000004CC,false,Rx,0,8,8,0,0,6,0,0,3,0
10565626,000004CE,false,Rx,0,8,14,1,FF,FF,FF,FF,FF,FF
10565678,000004D7,false,Rx,0,8,23,1,0,0,0,0,0,0
10565696,000004D8,false,Rx,0,8,41,10,F0,F0,40,F2,1E,CC
10565714,000004DD,false,Rx,0,8,0,0,FE,0,4,0,0,0
10565731,000004DF,false,Rx,0,8,FF,3,0C,3F,0,0,0,0
10565749,000004E7,false,Rx,0,8,0,30,0,0,0,0,69,0
10567080,000004E9,false,Rx,0,8,12,0,0,34,0,0,50,0
10567115,000001A1,false,Rx,0,8,48,C3,20,FE,F7,7F,64,0
10567133,000003B0,false,Rx,0,8,72,37,FF,C7,0,0,3,C0
10567151,000001A2,false,Rx,0,8,0,0,0,0,0,8,0,0
10568180,000004EB,false,Rx,0,8,10,80,33,2,80,0,0,0
10568644,000003B1,false,Rx,0,8,9B,3C,FF,40,0,0,20,0
10572286,000004ED,false,Rx,0,8,0,0,0,0,0,FF,FF,1F
10572377,0000036F,false,Rx,0,8,89,B1,1,0,0,0,0,0
10572395,000004EE,false,Rx,0,8,FF,FF,0,0,0,0,0,0
10573663,0000019D,false,Rx,0,8,0,10,0,1,0,0,0,0
10573698,0000019E,false,Rx,0,8,15,0,0,0,0,32,0,0
10578665,000003B2,false,Rx,0,8,36,15,FF,2,29,2F,34,0
10581587,121,false,Rx,0,8,7,B5,4F,0,0,0,0,5
10581627,122,false,Rx,0,8,FF,D9,67,1F,46,46,46,46
10581645,123,false,Rx,0,8,11,3,0,0,0,0,1,35
10582607,427,false,Rx,0,8,1D,86,FF,0,80,0A,0,0
10582640,124,false,Rx,0,8,0,0,0A,0,0,0,20,40
10583742,419,false,Rx,0,8,64,D0,8C,D6,79,86,90,0
10586683,36,false,Rx,0,8,FB,FC,51,51,0,0,25,1
10586722,563,false,Rx,0,8,65,2,0,0,0,0,FF,FF
10586740,37,false,Rx,0,8,0,0,0,10,0,40,0,0
10587601,38,false,Rx,0,8,4,0,0,0,90,38,96,D4
10587634,39,false,Rx,0,8,0,0,0,0,0,0,0,0
10589811,61,false,Rx,0,8,A3,4,57,0,0,0,0,0
10589849,62,false,Rx,0,8,2,2,0,2,40,FF,0,FF
10589867,63,false,Rx,0,8,0,0,5,0,0,8,FD,0
10590612,64,false,Rx,0,8,0,0,0,4,FF,FA,0,0
10590902,000000A1,false,Rx,0,8,85,B2,57,1A,0,0,0,0
10590921,000000A2,false,Rx,0,8,0,0,0,0,0,0,0,0
10590938,000000A3,false,Rx,0,8,0,40,1,0,0,0,0,0
10591895,0000042A,false,Rx,0,8,F4,DE,FF,1,0,10,0,0
10593363,000004E8,false,Rx,0,8,FF,FF,FF,5,FF,FF,FF,0
10595891,0000011B,false,Rx,0,8,66,11,44,5,80,8,A8,2
10595930,0000012B,false,Rx,0,8,21,EB,44,6,0,0,8,0
10596664,0000011C,false,Rx,0,8,0,5,20,0,22,0,1,1
10596697,0000012C,false,Rx,0,8,0,0,1,0,0,64,0,0
10598280,000001FB,false,Rx,0,8,39,5F,6D,0,0,0,0,0
10598673,000001FC,false,Rx,0,8,0,0,0,0,0,0,0,0
10598697,000001FD,false,Rx,0,8,0,1A,3,0,0,0,0,0
10598716,000001FE,false,Rx,0,8,0,0,0,0,0,0,0,0
10599724,000001E6,false,Rx,0,8,45,1B,D9,2,0,0,0,0
10599759,000001BB,false,Rx,0,8,32,7B,D9,2,0,0,0,0A
10599778,000001BC,false,Rx,0,8,32,0,0,0,2,0,0,0
10601358,000001BD,false,Rx,0,8,0,0,0,0,0,0,0,0
10601394,000001E7,false,Rx,0,8,0,0,22,3,20,1,0,0
10604872,000004F0,false,Rx,0,8,4A,10,33,3,58,1A,18,2
10605750,0000010B,false,Rx,0,8,90,BA,53,0,0,0,0,5
10607056,0000010C,false,Rx,0,8,FF,F9,E7,1F,46,45,46,46
10607091,0000010D,false,Rx,0,8,10,3,0,0,0,0,1,35
10607109,0000010E,false,Rx,0,8,0,0,0A,0,0,C0,AB,57
10609574,000002C1,false,Rx,0,8,7C,B6,B8,21,0,41,0,AA
10609634,000002C2,false,Rx,0,8,22,0,0,0,0,0,0,0
10609959,000002C3,false,Rx,0,8,0,0,0,0,0,0,0,0
10609981,000002C4,false,Rx,0,8,0,0,0,0,0,0,0,0
10614589,000001AB,false,Rx,0,8,1A,0D,71,50,70,38,0,0
10614627,000001AC,false,Rx,0,8,0,28,0,0,0,0,0,0
10615599,000002FF,false,Rx,0,8,E2,1,0,F1,3F,0,0,0
10615632,316,false,Rx,0,8,49,3D,A5,34,14,80,0A,0
10615650,472,false,Rx,0,8,5C,EC,0,40,8,41,0,45
10615679,317,false,Rx,0,8,0,0,5,0,0,0,0,0
10615697,473,false,Rx,0,8,5F,24,0,25,0,0,0,78
10616886,474,false,Rx,0,8,93,44,0,0,0,0,0,14
10622598,0000019B,false,Rx,0,8,50,21,51,0,0,E4,0,0
10622638,0000019C,false,Rx,0,8,40,20,0,0,0,0,0B,9
10622656,0000019D,false,Rx,0,8,0,10,0,1,0,0,0,0
10623600,0000019E,false,Rx,0,8,15,0,0,0,0,32,0,0
10627591,0000033B,false,Rx,0,8,1F,33,6F,0,0,0,0,0
10627631,0000033C,false,Rx,0,8,0,0,0,0,F0,0,0,0
10627649,0000033D,false,Rx,0,8,0,0,0,0,0,0,0,0
10628691,0000033E,false,Rx,0,8,0,0,0,0,0,0,0,0
10631415,121,false,Rx,0,8,7A,70,54,0,0,0,0,5
10631451,122,false,Rx,0,8,FF,D9,67,1F,46,46,46,46
10631870,123,false,Rx,0,8,11,3,0,0,0,0,1,35
10631896,124,false,Rx,0,8,0,0,0A,0,0,0,20,40
10635951,161,false,Rx,0,8,E8,11,24,3,0,0,0,2
10635991,162,false,Rx,0,8,FF,FC,1,0,0,0,0,0
10636025,36,false,Rx,0,8,8,62,56,51,0,0,25,1
10636597,37,false,Rx,0,8,0,0,0,10,0,40,0,0
10636974,38,false,Rx,0,8,4,0,0,0,90,38,96,D4
10638223,39,false,Rx,0,8,0,0,0,0,0,0,0,0
10639478,000002E6,false,Rx,0,8,11,86,6C,1,0,0,0,15
10639534,256,false,Rx,0,8,57,E5,6C,15,40,0,D0,0
10640554,000002E7,false,Rx,0,8,0A,0,0,0,0,0,0,0
10640630,257,false,Rx,0,8,0,93,41,16,86,7,0,93
10641842,000002E8,false,Rx,0,8,0,0,0,0,0,0,0,0
10643126,258,false,Rx,0,8,0B,70,1E,0,10,15,0,28
10643602,259,false,Rx,0,8,46,5,8A,3C,4C,2,0,0
10643639,62,false,Rx,0,8,2,2,0,2,40,FF,0,FF
10643662,401,false,Rx,0,8,A9,30,10,0,0,4,0,0
10644593,64,false,Rx,0,8,0,0,0,4,FF,FA,0,0
10644635,94,false,Rx,0,8,0,0,0,0,0,0,0,0
10644982,000001F1,false,Rx,0,8,3B,3,AC,1,0,0,28,0
10645011,000004F0,false,Rx,0,8,4A,10,33,3,58,1A,18,2
10645036,000001F2,false,Rx,0,8,0,0,0,0,0,0,0,0
10645932,0000011B,false,Rx,0,8,15,28,49,5,80,8,A8,2
10647219,0000011C,false,Rx,0,8,0,5,20,0,22,0,1,1
10647253,0000012B,false,Rx,0,8,52,D2,49,6,0,0,8,0
10648411,0000012C,false,Rx,0,8,0,0,1,0,0,64,0,0
10649847,000002BF,false,Rx,0,8,FF,FF,FF,0,0,0,0,0
10649884,0000047F,false,Rx,0,8,FF,FF,FF,FF,FF,FF,F3,FF
10649902,653,false,Rx,0,8,0A,19,3,1,2,2A,0,0
10651108,146,false,Rx,0,8,F3,BC,21,10,4,1,0,0
10651579,147,false,Rx,0,8,0,4,7D,0,40,0,0,0
10651605,148,false,Rx,0,8,0,0,0,0,0,90,40,5
10652712,149,false,Rx,0,8,0,0,0,0,0,0,0,0
10654948,487,false,Rx,0,8,0,0,0,0,0,0,0,0
10656144,642,false,Rx,0,8,FF,FF,FF,FF,FF,FF,0,0
10657811,0000010B,false,Rx,0,8,28,BB,58,0,0,0,0,5
10657861,0000010C,false,Rx,0,8,FF,F9,E7,1F,46,45,46,46
10657879,0000010D,false,Rx,0,8,10,3,0,0,0,0,1,35
10657897,0000010E,false,Rx,0,8,0,0,0A,0,0,C0,AB,57
10657915,000001B1,false,Rx,0,8,F6,21,21,0,72,0,0,0
10657932,000001B2,false,Rx,0,8,23,0,4,0F,0F,7,52,10
10660580,475,false,Rx,0,8,12,0,0,0,0,0,0,0
10660610,496,false,Rx,0,8,12,0,0,0,0,0,0,0
10664566,111,false,Rx,0,8,2E,42,AC,1,0,0,0,0
10664587,112,false,Rx,0,8,0,0,0,0,0,0,0,0
10665567,113,false,Rx,0,8,0,0,0,0,0,0,0,0
10665590,114,false,Rx,0,8,0,0,0,0,0,0,0,0
10666566,000001A1,false,Rx,0,8,37,EF,25,FE,F7,7F,64,0
10666587,000001A2,false,Rx,0,8,0,0,0,0,0,8,0,0
10666605,000001A3,false,Rx,0,8,FF,F3,3F,0,0,0,0,0
10666622,000001A4,false,Rx,0,8,FE,7,0,0,0,0,0,0
10668567,0000036F,false,Rx,0,8,81,C1,1,0,0,0,0,0
10668590,0000037F,false,Rx,0,8,FC,60,52,24,41,2,0,0
10672566,0000019B,false,Rx,0,8,A3,BF,56,0,0,E4,0,0
10672593,0000019C,false,Rx,0,8,40,20,0,0,0,0,0B,9
10672611,0000019D,false,Rx,0,8,0,10,0,1,0,0,0,0
10673567,0000019E,false,Rx,0,8,15,0,0,0,0,32,0,0
10677561,0000030B,false,Rx,0,8,6F,CA,6F,0,4,0,0,0
10677582,0000030C,false,Rx,0,8,0,0,0E,0,2C,0,A0,0F
10677600,0000030D,false,Rx,0,8,0,0,0,0,48,0,0,0
10677624,000001E1,false,Rx,0,8,53,7F,DC,2,0,0,0,0
10677642,0000030E,false,Rx,0,8,0,0,38,5,21,0,0,2
10678567,000001E2,false,Rx,0,8,0,0,0,0,0,0,0,0
10678590,565,false,Rx,0,8,66,2,0,0,0,0,FF,FF
10681568,121,false,Rx,0,8,77,B6,59,0,0,0,0,5
10681590,122,false,Rx,0,8,FF,D9,67,1F,46,46,46,46
10681608,123,false,Rx,0,8,11,3,0,0,0,0,1,35
10682568,124,false,Rx,0,8,0,0,0A,0,0,0,20,40
10684561,000004F0,false,Rx,0,8,4A,10,33,3,58,1A,18,2
10686568,36,false,Rx,0,8,5,A4,5B,51,0,0,25,1
10686590,37,false,Rx,0,8,0,0,0,10,0,40,0,0
10687567,38,false,Rx,0,8,4,0,0,0,90,38,96,D4
10687590,39,false,Rx,0,8,0,0,0,0,0,0,0,0
10688572,405,false,Rx,0,8,BD,30,0,0,0,1,0,0
10688593,413,false,Rx,0,8,6F,30,0,0,0,0,0,0
10689567,410,false,Rx,0,8,4B,80,59,3C,16,6B,FF,FF
10689590,414,false,Rx,0,8,F0,10,0,0,28,0,0,0
10689607,61,false,Rx,0,8,78,9E,61,0,0,0,0,0
10689625,411,false,Rx,0,8,A8,1,50,50,0,0,44,4
10690567,62,false,Rx,0,8,2,2,0,2,40,FF,0,FF
10690589,412,false,Rx,0,8,6D,60,0,0,0,0,0,0
10690607,63,false,Rx,0,8,0,0,5,0,0,8,FD,0
10690625,416,false,Rx,0,8,55,0,0,0,0,0,0,0
10691567,64,false,Rx,0,8,0,0,0,4,FF,FA,0,0
10691590,417,false,Rx,0,8,5F,20,0,0,0,0,0,0
10691607,000000A1,false,Rx,0,8,7A,C0,61,1A,0,0,0,0
10691625,418,false,Rx,0,8,19,70,0,0,12,0C,0,0
10692567,000000A2,false,Rx,0,8,0,0,0,0,0,0,0,0
10692590,419,false,Rx,0,8,64,D0,8C,D6,79,86,90,0
10692607,000000A3,false,Rx,0,8,0,40,1,0,0,0,0,0
10695566,151,false,Rx,0,8,1F,F2,6F,A0,C8,0,28,19
10695590,152,false,Rx,0,8,16,18,18,0,0B,0,0,0
10695608,000001F6,false,Rx,0,8,2C,D1,6F,0,0,0,0,0E
10695625,153,false,Rx,0,8,0,0,0,0,0,0,0,0
10696567,000001F7,false,Rx,0,8,0B,0,0,0,0,0,0,0
10696589,0000011B,false,Rx,0,8,8A,40,4E,5,80,8,A8,2
10696614,154,false,Rx,0,8,0,0,0,0,0,0,0,0
10696631,0000011C,false,Rx,0,8,0,5,20,0,22,0,1,1
10696649,0000012B,false,Rx,0,8,CD,BA,4E,6,0,0,8,0
10697567,000001F8,false,Rx,0,8,0,0,0,0,0,0,0,0
10697596,0000012C,false,Rx,0,8,0,0,1,0,0,64,0,0
10697614,000001F9,false,Rx,0,8,0,0,A0,C8,14,0,0,0
10697632,000002FB,false,Rx,0,8,43,DB,6F,4,5F,1A,CC,CC
10698569,236,false,Rx,0,8,BD,2C,6F,0,6E,3C,34,6C
10698591,000002FC,false,Rx,0,8,3,0,16,19,0,0,8E,BF
10698608,237,false,Rx,0,8,0,15,BA,0,0,AA,1E,0
10698626,000002FD,false,Rx,0,8,0,0,0,0,0,1C,0E,EA
10699603,238,false,Rx,0,8,0,0,5F,0,0,0,0,0
10699775,000002FE,false,Rx,0,8,0,0,72,1,0,28,0,0
10699793,239,false,Rx,0,8,0,0,0,0,1,0,0,0
10699810,326,false,Rx,0,8,D6,8F,6F,0,0,0,0,0
10699828,0000025B,false,Rx,0,8,D0,16,6F,40,40,20,0,0
10700939,327,false,Rx,0,8,0,0,0,0,5,0,0,0
10700974,0000025C,false,Rx,0,8,0,0,0B,0,34,89,19,0
10700992,328,false,Rx,0,8,0,0,0,0,0,0,0,0
10701035,0000025D,false,Rx,0,8,0,C8,0,0,0,80,C0,70
10701053,329,false,Rx,0,8,A0,0,0,0,0,0,0,0
10701728,0000025E,false,Rx,0,8,16,7,0E,2,0,0,0,0
10701755,331,false,Rx,0,8,C5,C0,6F,F1,C8,A0,2C,97
10701773,382,false,Rx,0,8,F1,7A,1,0,0,1,8,0
10702570,332,false,Rx,0,8,94,2,0,0,0,0,0,0
10702591,000004A3,false,Rx,0,8,80,0,48,0B,3E,0,0,0
10702608,333,false,Rx,0,8,0,0,0,1C,0C,40,20,A0
10703570,000004A4,false,Rx,0,8,FF,FF,FF,0,0,0,0,0
10703591,334,false,Rx,0,8,C8,0,0,0,AC,70,1D,90
10706566,0000010B,false,Rx,0,8,A1,42,5D,0,0,0,0,5
10706588,0000010C,false,Rx,0,8,FF,F9,E7,1F,46,44,46,46
10706606,0000010D,false,Rx,0,8,10,3,0,0,0,0,1,35
10706624,0000010E,false,Rx,0,8,0,0,0A,0,0,C0,AB,57
10707576,000002AB,false,Rx,0,8,5A,F8,70,0C,0C,0,0,0
10707597,000002AC,false,Rx,0,8,0,FF,FF,0,0,40,0,50
10707615,000002AD,false,Rx,0,8,0,1,0,40,FF,FF,FF,0F
10708575,000002AE,false,Rx,0,8,1,0,FF,3F,1,1,0,0
10708595,251,false,Rx,0,8,AF,E5,6F,0,0,0,0,0
10708612,000002B6,false,Rx,0,8,28,89,70,1,0,0,0,40
10708630,252,false,Rx,0,8,0,0,0,0,3,0,0,0
10709567,000002B7,false,Rx,0,8,8,2,F0,0,0,4,0,0
10709589,253,false,Rx,0,8,0,0,0,51,51,0,80,44
10709607,000002B8,false,Rx,0,8,AA,11,11,0,0,0,0,0
10709624,396,false,Rx,0,8,0,D5,B7,0F,8,1,0,2
10710568,000002B9,false,Rx,0,8,0A,0,0,0,0,0,0,0
10710588,397,false,Rx,0,8,4,0,0,0,0,0,0,0
10710606,000002E1,false,Rx,0,8,79,DD,70,0,0,0,0,40
10710624,398,false,Rx,0,8,0,0,0,0,0,0,0,0
10711567,000002E2,false,Rx,0,8,FD,0,0,0,0,14,0,4
10711588,000002E3,false,Rx,0,8,0,0,0,0,0,0,72,1
10711606,000002E4,false,Rx,0,8,2,0,0,0,0,0,0,0
10714566,000001AB,false,Rx,0,8,85,65,76,50,70,38,0,0
10714588,000001AC,false,Rx,0,8,0,28,0,0,0,0,0,0
10714606,226,false,Rx,0,8,D2,AD,4B,FF,43,E1,5,42
10715568,227,false,Rx,0,8,2,70,E1,8,0,F2,17,4
10716570,000003A1,false,Rx,0,8,4F,91,C8,0,FF,FF,FF,FF
10717567,000003A2,false,Rx,0,8,0,0,0,0,0,0,0,0
10718564,383,false,Rx,0,8,12,ED,1,0,2,0,0,0
10722576,0000019B,false,Rx,0,8,AE,79,5B,0,0,E4,0,0
10722599,0000019C,false,Rx,0,8,40,20,0,0,0,0,0B,9
10722617,0000019D,false,Rx,0,8,0,10,0,1,0,0,0,0
10723569,0000019E,false,Rx,0,8,15,0,0,0,0,32,0,0
10723596,000002D6,false,Rx,0,8,53,E9,B7,0,0,0,0,0
10723615,000002EB,false,Rx,0,8,9D,C7,B7,9,8,1,0,2
10724568,000002D7,false,Rx,0,8,0,0,0,0,3,0,0,0
10724596,000002EC,false,Rx,0,8,12,0,0,0,0,0,0,0
10724615,000002D8,false,Rx,0,8,0,0,0,0,0,0,38,45
10724633,000002ED,false,Rx,0,8,0,0,0,0,0,0,0,0
10725568,000002D9,false,Rx,0,8,0,0,0,0,0,0,0,0
10725588,000002EE,false,Rx,0,8,0,0,0,0,0,0,0,0
10727566,356,false,Rx,0,8,1E,D4,B8,0,0,0,0,0
10728562,357,false,Rx,0,8,0,0,0,0,0,4B,4D,48
10728580,358,false,Rx,0,8,35,41,45,4D,52,37,33,4F
10728598,359,false,Rx,0,8,51,4F,34,52,4A,35,33,0
10731580,121,false,Rx,0,8,84,28,5E,0,0,0,0,5
10731610,122,false,Rx,0,8,FF,D9,67,1F,46,46,46,46
10731628,000000FF,false,Rx,0,8,CB,10,0,0,0,0,2,0
10732587,123,false,Rx,0,8,11,3,0,0,0,0,1,35
10732612,124,false,Rx,0,8,0,0,0A,0,0,0,20,40
10732630,394,false,Rx,0,8,2A,22,1A,49,0,0,0,0
10732648,000003C3,false,Rx,0,8,45,10,31,30,36,0,0,0
10733570,000003E0,false,Rx,0,8,66,20,1,0,54,3,0,0
10733591,000003E5,false,Rx,0,8,37,80,1,0,0,0,0,0
10734568,000003E6,false,Rx,0,8,67,90,0,0,0,0,0,0
10734590,0000041A,false,Rx,0,8,8D,D0,12,0,0,0,0,0
10734607,0000041B,false,Rx,0,8,70,D0,0,0,0,0,0,0
10734625,0000041C,false,Rx,0,8,48,0,E0,0,0,0,0,0
10735641,422,false,Rx,0,8,9D,70,1,0,0,0,4,0
10735675,432,false,Rx,0,8,3,20,2,0,0,0,0,0
10738125,36,false,Rx,0,8,D3,F8,60,51,0,0,25,1
10738212,161,false,Rx,0,8,9B,28,29,3,0,0,0,2
10738230,37,false,Rx,0,8,0,0,0,10,0,40,0,0
10738265,162,false,Rx,0,8,FF,FC,1,0,0,0,0,0
10738282,38,false,Rx,0,8,4,0,0,0,90,38,96,D4
10738300,39,false,Rx,0,8,0,0,0,0,0,0,0,0
10738318,435,false,Rx,0,8,26,C0,0,40,0,0,0,0
10739756,000003B6,false,Rx,0,8,41,78,B6,0,0,0,0,46
10739795,442,false,Rx,0,8,CE,20,11,81,0,0,0,0
10739827,000003B7,false,Rx,0,8,46,0,0,0,0,0,0,0
10739844,61,false,Rx,0,8,8B,0,66,0,0,0,0,0
10739862,000003B8,false,Rx,0,8,0C,3,0,0,0,0,69,0E
10739880,62,false,Rx,0,8,2,2,0,2,40,FF,0,FF
10740578,000003B9,false,Rx,0,8,0,0,0,0,0,0,0,0
10740599,63,false,Rx,0,8,0,0,5,0,0,8,FD,0
10740617,444,false,Rx,0,8,D5,20,20,50,55,50,0,0
10741561,64,false,Rx,0,8,0,0,0,4,FF,FA,0,0
10741581,445,false,Rx,0,8,C6,C0,0,0,0,0,0,18
10741599,91,false,Rx,0,8,AB,10,6E,0,0,0,0,0
10741616,92,false,Rx,0,8,0,0,0,0,0,0,0,0
10742563,93,false,Rx,0,8,0,0,0,0,0,0,0,0
10742592,94,false,Rx,0,8,0,0,0,0,0,0,0,0
10742610,000000A1,false,Rx,0,8,73,45,66,1A,0,0,0,0
10742628,000000A2,false,Rx,0,8,0,0,0,0,0,0,0,0
10743569,000000A3,false,Rx,0,8,0,40,1,0,0,0,0,0
10745559,464,false,Rx,0,8,D5,20,F0,FF,38,7F,5,0
10746563,0000011B,false,Rx,0,8,F3,5A,53,5,80,8,A8,2
10746586,0000011C,false,Rx,0,8,0,5,20,0,22,0,1,1
10746604,0000012B,false,Rx,0,8,B4,A0,53,6,0,0,8,0
10746629,0000012C,false,Rx,0,8,0,0,1,0,0,64,0,0
10749562,000001E6,false,Rx,0,8,B3,33,DC,2,0,0,0,0
10749585,000001BB,false,Rx,0,8,3D,90,DC,2,0,0,0,0A
10749602,000001BC,false,Rx,0,8,32,0,0,0,2,0,0,0
10749620,000001BD,false,Rx,0,8,0,0,0,0,0,0,0,0
10750562,000001E7,false,Rx,0,8,0,0,22,3,20,1,0,0
10751561,146,false,Rx,0,8,0,22,26,10,4,1,0,0
10751580,147,false,Rx,0,8,0,4,7D,0,40,0,0,0
10751598,148,false,Rx,0,8,0,0,0,0,0,90,40,5
10752562,149,false,Rx,0,8,0,0,0,0,0,0,0,0
10753561,495,false,Rx,0,8,49,0,0,0,0,0,0,0
10754561,000003AA,false,Rx,0,8,FF,0,B0,0,54,0,0,0
10756565,0000010B,false,Rx,0,8,4E,6B,62,0,0,0,0,5
10756584,0000010C,false,Rx,0,8,FF,F9,E7,1F,46,44,46,46
10756602,0000010D,false,Rx,0,8,10,3,0,0,0,0,1,35
10756619,0000010E,false,Rx,0,8,0,0,0A,0,0,C0,AB,57
10757575,000001B1,false,Rx,0,8,5,BF,26,0,72,0,0,0
10757598,000001B2,false,Rx,0,8,23,0,4,0F,0F,7,52,10
10757616,000001B3,false,Rx,0,8,10,2C,0,0,87,91,96,90
10758565,000001B4,false,Rx,0,8,95,91,17,0,0,40,1,0
10763561,380,false,Rx,0,8,AD,D7,FF,0,0,0,0,1
10765563,000000C5,false,Rx,0,8,0,0,0,0,0,0,0,0
10766564,244,false,Rx,0,8,FF,FF,FF,FF,FF,FF,FF,FF
10766585,000001A1,false,Rx,0,8,B6,9B,2A,FE,F7,7F,64,0
10766603,000004B4,false,Rx,0,8,0,0,0,0,0,0,0,0
10766620,000001A2,false,Rx,0,8,0,0,0,0,0,8,0,0
10767565,000004B5,false,Rx,0,8,8,0,F0,7,0,0,0,0
10767587,000001A3,false,Rx,0,8,FF,F3,3F,0,0,0,0,0
10767605,000003B0,false,Rx,0,8,72,37,FF,C7,0,0,3,C0
10767631,000001A4,false,Rx,0,8,FE,7,0,0,0,0,0,0
10767648,000004B7,false,Rx,0,8,8,0,F0,7,0,0,0,0
10768565,000003B1,false,Rx,0,8,9B,3C,FF,40,0,0,20,0
10768588,000004CA,false,Rx,0,8,0,0,0,0,0,0,0,0
10768614,0000036F,false,Rx,0,8,38,D1,1,0,0,0,0,0
10768632,000004CC,false,Rx,0,8,8,0,0,6,0,0,3,0
10769565,0000037F,false,Rx,0,8,45,70,52,24,41,2,0,0
10769595,000004CE,false,Rx,0,8,14,1,FF,FF,FF,FF,FF,FF
10769615,448,false,Rx,0,8,0,C0,0,0,0,0,0,0
10769632,000004D7,false,Rx,0,8,23,1,0,0,0,0,0,0
10770565,000004D8,false,Rx,0,8,41,10,F0,F0,40,F2,1E,CC
10770588,000004DD,false,Rx,0,8,0,0,FE,0,4,0,0,0
10770606,000004DF,false,Rx,0,8,FF,3,0C,3F,0,0,0,0
10771671,000004E7,false,Rx,0,8,0,30,0,0,0,0,69,0
10771711,000004E8,false,Rx,0,8,FF,FF,FF,5,FF,FF,FF,0
10771729,000004E9,false,Rx,0,8,12,0,0,34,0,0,50,0
10771746,000004EA,false,Rx,0,8,67,0,0,89,0,0,0,0
10771764,000004EB,false,Rx,0,8,10,80,33,3,80,0,0,0
10772879,000004EC,false,Rx,0,8,0,0,0,0,0,0,0,0
10772914,0000019B,false,Rx,0,8,78,25,60,0,0,E4,0,0
10772932,000004ED,false,Rx,0,8,0,0,0,0,0,FF,FF,1F
10772969,0000019C,false,Rx,0,8,40,20,0,0,0,0,0B,9
10772987,000004EE,false,Rx,0,8,FF,FF,0,0,0,0,0,0
10773611,0000019D,false,Rx,0,8,0,10,0,1,0,0,0,0
10773638,000004EF,false,Rx,0,8,60,0,60,0,29,14,0,0
10774571,0000019E,false,Rx,0,8,15,0,0,0,0,32,0,0
10774592,0000063D,false,Rx,0,8,0,80,0,0,0,0,0,0
10774610,566,false,Rx,0,8,16,2,0,0,0,0,FF,FF
10774627,0000063E,false,Rx,0,8,FF,FF,FF,FF,FF,FF,FF,FF
10775570,0000063F,false,Rx,0,8,0,10,0,C4,FF,0,0,0
10775590,640,false,Rx,0,8,FF,FF,FF,0,FF,FF,FF,0
10775607,641,false,Rx,0,8,FF,FF,FF,FF,0F,FF,FF,FF
10775625,646,false,Rx,0,8,0,0,0,80,1,0,0,0
10778564,000003B2,false,Rx,0,8,36,15,FF,2,29,2F,34,0
10781565,121,false,Rx,0,8,E7,B3,63,0,0,0,0,5
10781586,122,false,Rx,0,8,FF,D9,67,1F,46,46,46,46
10781603,123,false,Rx,0,8,11,3,0,0,0,0,1,35
10782566,124,false,Rx,0,8,0,0,0A,0,0,0,20,40
10782586,427,false,Rx,0,8,1D,86,FF,0,80,0A,0,0
10786565,36,false,Rx,0,8,AC,D4,65,51,0,0,25,1
10786586,37,false,Rx,0,8,0,0,0,10,0,40,0,0
10787569,38,false,Rx,0,8,4,0,0,0,90,38,96,D4
10787591,39,false,Rx,0,8,0,0,0,0,0,0,0,0
10789564,61,false,Rx,0,8,86,C6,6B,0,0,0,0,0
10789584,62,false,Rx,0,8,2,2,0,2,40,FF,0,FF
10790569,63,false,Rx,0,8,0,0,5,0,0,8,FD,0
10790590,64,false,Rx,0,8,0,0,0,4,FF,FA,0,0
10790607,000000A1,false,Rx,0,8,45,6,6B,1A,0,0,0,0
10790625,000000A2,false,Rx,0,8,0,0,0,0,0,0,0,0
10791569,000000A3,false,Rx,0,8,0,40,1,0,0,0,0,0
10792565,0000042A,false,Rx,0,8,F4,DE,FF,1,0,10,0,0
10794565,000001F1,false,Rx,0,8,76,EB,AF,1,0,0,28,0
10794587,000001F2,false,Rx,0,8,0,0,0,0,0,0,0,0
10796564,0000011B,false,Rx,0,8,3B,A3,58,5,80,8,A8,2
10796584,0000012B,false,Rx,0,8,7C,59,58,6,0,0,8,0
10796601,0000011C,false,Rx,0,8,0,5,20,0,22,0,1,1
10796619,0000012C,false,Rx,0,8,0,0,1,0,0,64,0,0
10797568,000001FB,false,Rx,0,8,B5,ED,6F,0,0,0,0,0
10798565,000001FC,false,Rx,0,8,0,0,0,0,0,0,0,0
10798584,000001FD,false,Rx,0,8,0,1A,3,0,0,0,0,0
10798602,000001FE,false,Rx,0,8,0,0,0,0,0,0,0,0
10806568,0000010B,false,Rx,0,8,31,47,67,0,0,0,0,5
10806590,0000010C,false,Rx,0,8,FF,F9,E7,1F,46,44,46,46
10806608,0000010D,false,Rx,0,8,10,3,0,0,0,0,1,35
10806626,0000010E,false,Rx,0,8,0,0,0A,0,0,C0,AB,57
10807571,000002C1,false,Rx,0,8,3A,EF,B9,21,0,41,0,AA
10808568,000002C2,false,Rx,0,8,22,0,0,0,0,0,0,0
10808590,000002C3,false,Rx,0,8,0,0,0,0,0,0,0,0
10808607,000002C4,false,Rx,0,8,0,0,0,0,0,0,0,0
10813566,000001AB,false,Rx,0,8,F6,5C,7B,50,70,38,0,0
10814648,000001AC,false,Rx,0,8,0,28,0,0,0,0,0,0
10814670,316,false,Rx,0,8,4,D5,A6,34,14,80,0A,0
10814687,317,false,Rx,0,8,0,0,5,0,0,0,0,0
10814705,000003CB,false,Rx,0,8,36,14,0,F4,0,0,0,0
10815586,472,false,Rx,0,8,5C,EC,0,40,8,41,0,45
10815610,000003CC,false,Rx,0,8,36,31,34,30,33,34,31,0
10815628,473,false,Rx,0,8,5F,24,0,25,0,0,0,78
10815645,474,false,Rx,0,8,93,44,0,0,0,0,0,14
10817566,000002FF,false,Rx,0,8,E2,1,0,F1,3F,0,0,0
10822876,0000019B,false,Rx,0,8,7,9,65,0,0,E4,0,0
10822915,0000019C,false,Rx,0,8,40,20,0,0,0,0,0B,9
10822933,0000019D,false,Rx,0,8,0,10,0,1,0,0,0,0
10822950,0000019E,false,Rx,0,8,15,0,0,0,0,32,0,0
10826599,000001E1,false,Rx,0,8,1E,97,DF,2,0,0,0,0
10826636,000001E2,false,Rx,0,8,0,0,0,0,0,0,0,0
10827606,0000033B,false,Rx,0,8,1D,DA,71,0,0,0,0,0
10827637,0000033C,false,Rx,0,8,0,0,0,0,F0,0,0,0
10827655,0000033D,false,Rx,0,8,0,0,0,0,0,0,0,0
10828833,0000033E,false,Rx,0,8,0,0,0,0,0,0,0,0
10831604,121,false,Rx,0,8,5F,B2,68,0,0,0,0,5
10831644,122,false,Rx,0,8,FF,D9,67,1F,46,46,46,46
10831662,123,false,Rx,0,8,11,3,0,0,0,0,1,35
10832601,124,false,Rx,0,8,0,0,0A,0,0,0,20,40
10833895,419,false,Rx,0,8,7D,E0,8B,D6,79,86,90,0
10835684,161,false,Rx,0,8,4,40,2E,3,0,0,0,2
10836826,162,false,Rx,0,8,FF,FC,1,0,0,0,0,0
10836878,36,false,Rx,0,8,2D,A0,6A,51,0,0,25,1
10836896,37,false,Rx,0,8,0,0,0,10,0,40,0,0
10837271,38,false,Rx,0,8,4,0,0,0,90,38,96,D4
10837295,39,false,Rx,0,8,0,0,0,0,0,0,0,0
10838677,401,false,Rx,0,8,A9,30,10,0,0,4,0,0
10838713,000002E6,false,Rx,0,8,9D,34,6E,1,0,0,0,15
10838731,256,false,Rx,0,8,ED,B2,6E,15,40,0,B0,0
10839126,000002E7,false,Rx,0,8,0A,0,0,0,0,0,0,0
10839154,257,false,Rx,0,8,0,93,41,12,86,7,0,93
10839174,000002E8,false,Rx,0,8,0,0,0,0,0,0,0,0
10840182,61,false,Rx,0,8,FB,3,70,0,0,0,0,0
10840215,258,false,Rx,0,8,0B,71,1E,0,10,15,0,28
10840233,62,false,Rx,0,8,2,2,0,2,40,FF,0,FF
10840251,259,false,Rx,0,8,36,5,89,3C,4C,2,0,0
10841545,63,false,Rx,0,8,0,0,5,0,0,8,FD,0
10842000,000002E9,false,Rx,0,8,0,0,0,0,0,0,0,0
10842026,64,false,Rx,0,8,0,0,0,4,FF,FA,0,0
10843288,91,false,Rx,0,8,ED,49,6F,0,0,0,0,0
10843314,92,false,Rx,0,8,0,0,0,0,0,0,0,0
10843332,93,false,Rx,0,8,0,0,0,0,0,0,0,0
10843350,000000A1,false,Rx,0,8,2A,B7,70,1A,0,0,0,0
10843367,000000A2,false,Rx,0,8,0,0,0,0,0,0,0,0
10847486,0000011B,false,Rx,0,8,CD,8B,5D,5,80,8,A8,2
10847523,0000012B,false,Rx,0,8,8A,71,5D,6,0,0,8,0
10847636,0000011C,false,Rx,0,8,0,5,20,0,22,0,1,1
10847664,0000012C,false,Rx,0,8,0,0,1,0,0,64,0,0
10849629,000002BF,false,Rx,0,8,FF,FF,FF,0,0,0,0,0
10849666,0000047F,false,Rx,0,8,FF,FF,FF,FF,FF,FF,F3,FF
10849685,653,false,Rx,0,8,0A,19,3,1,2,2A,0,0
10852287,146,false,Rx,0,8,0D,E4,2B,10,4,1,0,0
10852322,147,false,Rx,0,8,0,4,7D,0,40,0,0,0
10852340,148,false,Rx,0,8,0,0,0,0,0,90,40,5
10852716,149,false,Rx,0,8,0,0,0,0,0,0,0,0
10855589,487,false,Rx,0,8,0,0,0,0,0,0,0,0
10857082,0000010B,false,Rx,0,8,89,46,6C,0,0,0,0,5
10857117,642,false,Rx,0,8,FF,FF,FF,FF,FF,FF,0,0
10857135,0000010C,false,Rx,0,8,FF,F9,E7,1F,46,44,46,46
10857521,0000010D,false,Rx,0,8,10,3,0,0,0,0,1,35
10857666,0000010E,false,Rx,0,8,0,0,0A,0,0,C0,AB,57
10858709,000001B1,false,Rx,0,8,8,79,2B,0,72,0,0,0
10858973,000001B2,false,Rx,0,8,23,0,4,0F,0F,7,52,10
10858991,000001B3,false,Rx,0,8,10,2C,0,0,87,91,96,90
10859009,000001B4,false,Rx,0,8,95,91,17,0,0,40,1,0
10861499,475,false,Rx,0,8,12,0,0,0,0,0,0,0
10861621,496,false,Rx,0,8,12,0,0,0,0,0,0,0
10864589,111,false,Rx,0,8,68,1B,AD,1,0,0,0,0
10864634,112,false,Rx,0,8,0,0,0,0,0,0,0,0
10864652,113,false,Rx,0,8,0,0,0,0,0,0,0,0
10865600,114,false,Rx,0,8,0,0,0,0,0,0,0,0
10866908,000001A1,false,Rx,0,8,C9,B7,2F,FE,F7,7F,64,0
10866937,000001A2,false,Rx,0,8,0,0,0,0,0,8,0,0
10866954,000001A3,false,Rx,0,8,FF,F3,3F,0,0,0,0,0
10866972,000001A4,false,Rx,0,8,FE,7,0,0,0,0,0,0
10869119,0000036F,false,Rx,0,8,EE,E1,1,0,0,0,0,0
10869154,0000037F,false,Rx,0,8,EC,80,52,24,41,2,0,0
10872598,0000019B,false,Rx,0,8,86,7D,6A,0,0,E4,0,0
10872637,0000019C,false,Rx,0,8,40,20,0,0,0,0,0B,9
10872655,0000019D,false,Rx,0,8,0,10,0,1,0,0,0,0
10873606,0000019E,false,Rx,0,8,15,0,0,0,0,32,0,0
10873639,419,false,Rx,0,8,7D,E0,8B,D6,79,86,90,0
10874644,516,false,Rx,0,8,61,2,0,0,0,0,FF,FF
10877603,0000030B,false,Rx,0,8,CD,91,71,0,4,0,0,0
10877643,0000030C,false,Rx,0,8,0,0,0E,0,2C,0,A0,0F
10877662,0000030D,false,Rx,0,8,0,0,0,0,48,0,0,0
10877680,0000030E,false,Rx,0,8,0,0,38,5,21,0,0,4
10881595,121,false,Rx,0,8,20,9E,6D,0,0,0,0,5
10881632,122,false,Rx,0,8,FF,D9,67,1F,46,46,46,46
10881650,123,false,Rx,0,8,11,3,0,0,0,0,1,35
10882602,124,false,Rx,0,8,0,0,0A,0,0,0,20,40
10886977,36,false,Rx,0,8,52,8C,6F,51,0,0,25,1
10887018,37,false,Rx,0,8,0,0,0,10,0,40,0,0
10887035,38,false,Rx,0,8,4,0,0,0,90,38,96,D4
10887053,39,false,Rx,0,8,0,0,0,0,0,0,0,0
10889212,405,false,Rx,0,8,BD,30,0,0,0,1,0,0
10889261,413,false,Rx,0,8,6F,30,0,0,0,0,0,0
10889279,410,false,Rx,0,8,4B,80,59,3C,16,6B,FF,FF
10891750,414,false,Rx,0,8,F0,10,0,0,28,0,0,0
10891815,411,false,Rx,0,8,A8,1,50,50,0,0,44,4
10891834,61,false,Rx,0,8,84,2F,75,0,0,0,0,0
10891851,412,false,Rx,0,8,6D,60,0,0,0,0,0,0
10891869,62,false,Rx,0,8,2,2,0,2,40,FF,0,FF
10891886,417,false,Rx,0,8,5F,20,0,0,0,0,0,0
10893457,000000A2,false,Rx,0,8,0,0,0,0,0,0,0,0
10893493,000000A3,false,Rx,0,8,0,40,1,0,0,0,0,0
10896301,151,false,Rx,0,8,1D,1B,71,A0,C8,0,28,19
10896335,000001F6,false,Rx,0,8,2E,38,71,0,0,0,0,0E
10896353,152,false,Rx,0,8,16,18,18,0,0B,0,0,0
10896371,000001F7,false,Rx,0,8,0B,0,0,0,0,0,0,0
10896389,153,false,Rx,0,8,0,0,0,0,0,0,0,0
10896652,0000011C,false,Rx,0,8,0,5,20,0,22,0,1,1
10897955,0000012B,false,Rx,0,8,8E,6D,62,6,0,0,8,0
10898371,000001F8,false,Rx,0,8,0,0,0,0,0,0,0,0
10898417,0000012C,false,Rx,0,8,0,0,1,0,0,64,0,0
10898435,000001F9,false,Rx,0,8,0,0,A0,C8,14,0,0,0
10898452,000002FB,false,Rx,0,8,41,32,71,4,5F,1A,CC,CC
10898470,236,false,Rx,0,8,BF,C5,71,0,6E,3C,34,6C
10898487,237,false,Rx,0,8,0,15,BA,0,0,AA,1E,0
10899726,000002FD,false,Rx,0,8,0,0,0,0,0,1C,0E,EA
10899762,238,false,Rx,0,8,0,0,5F,0,0,0,0,0
10899780,000001E6,false,Rx,0,8,FE,DB,DF,2,0,0,0,0
10899798,239,false,Rx,0,8,0,0,0,0,1,0,0,0
10899815,000001BB,false,Rx,0,8,38,C9,DF,2,0,0,0,0A
10900569,0000025B,false,Rx,0,8,AE,72,71,40,40,20,0,0
10900597,000001BC,false,Rx,0,8,32,0,0,0,2,0,0,0
10900614,0000025C,false,Rx,0,8,0,0,0B,0,34,89,19,0
10900632,000001BD,false,Rx,0,8,0,0,0,0,0,0,0,0
10901590,0000025D,false,Rx,0,8,0,C8,0,0,0,80,C0,70
10901617,000001E7,false,Rx,0,8,0,0,22,3,20,1,0,0
10901636,0000025E,false,Rx,0,8,32,7,0E,5,0,0,0,0
10901653,000002FE,false,Rx,0,8,0,0,72,1,0,28,0,0
10902799,382,false,Rx,0,8,F1,7A,1,0,0,1,8,0
10902833,326,false,Rx,0,8,D4,66,71,0,0,0,0,0
10902850,419,false,Rx,0,8,23,0,8B,D6,7D,86,90,0
10902868,327,false,Rx,0,8,0,0,0,0,5,0,0,0
10902886,000004A3,false,Rx,0,8,80,0,48,0B,3E,0,0,0
10903573,328,false,Rx,0,8,0,0,0,0,0,0,0,0
10903597,000004A4,false,Rx,0,8,FF,FF,FF,0,0,0,0,0
10903615,329,false,Rx,0,8,A0,0,0,0,0,0,0,0
10904565,331,false,Rx,0,8,C7,29,71,F1,C8,A0,2C,97
10904584,332,false,Rx,0,8,94,2,0,0,0,0,0,0
10904608,333,false,Rx,0,8,0,0,0,1C,0C,40,20,A0
10904625,334,false,Rx,0,8,C8,0,0,0,AC,70,1D,90
10906118,0000010B,false,Rx,0,8,41,44,71,0,0,0,0,5
10906152,0000010C,false,Rx,0,8,FF,F9,E7,1F,46,44,46,46
10906170,0000010D,false,Rx,0,8,10,3,0,0,0,0,1,35
10908184,0000010E,false,Rx,0,8,0,0,0A,0,0,C0,AB,57
10908219,000002AB,false,Rx,0,8,D6,4A,72,0C,0C,0,0,0
10908238,000002AC,false,Rx,0,8,0,FF,FF,0,0,40,0,50
10908270,000002AD,false,Rx,0,8,0,1,0,40,FF,FF,FF,0F
10908288,000002AE,false,Rx,0,8,1,0,FF,3F,1,1,0,0
10908305,000002B6,false,Rx,0,8,A4,3B,72,1,0,0,0,40
10908598,252,false,Rx,0,8,0,0,0,0,3,0,0,0
10909582,000002B7,false,Rx,0,8,8,2,F0,0,0,4,0,0
10909607,253,false,Rx,0,8,0,0,0,51,51,0,80,44
10909625,000002B8,false,Rx,0,8,AA,11,11,0,0,0,0,0
10909642,396,false,Rx,0,8,83,2,B8,0F,8,1,0,2
10910575,000002B9,false,Rx,0,8,0A,0,0,0,0,0,0,0
10910597,397,false,Rx,0,8,4E,0,0,0,0,0,0,0
10910615,000002E1,false,Rx,0,8,F5,6F,72,0,0,0,0,40
10910633,398,false,Rx,0,8,0,0,0,0,0,0,0,0
10911568,000002E2,false,Rx,0,8,FD,0,0,0,0,14,0,4
10911590,000002E3,false,Rx,0,8,0,0,0,0,0,0,72,1
10911607,000002E4,false,Rx,0,8,2,0,0,0,0,0,0,0
10913572,000001AB,false,Rx,0,8,79,44,80,50,70,38,0,0
10913593,000001AC,false,Rx,0,8,0,28,0,0,0,0,0,0
10914565,226,false,Rx,0,8,69,6D,4D,FF,43,E1,5,42
10914586,227,false,Rx,0,8,2,70,E1,8,0,F2,17,4
10916574,000003A1,false,Rx,0,8,6B,39,C9,0,FF,FF,FF,FF
10917562,000003A2,false,Rx,0,8,0,0,0,0,0,0,0,0
10918560,383,false,Rx,0,8,12,ED,1,0,2,0,0,0
10922565,0000019B,false,Rx,0,8,F9,51,6F,0,0,E4,0,0
10922593,0000019C,false,Rx,0,8,40,20,0,0,0,0,0B,9
10922611,0000019D,false,Rx,0,8,0,10,0,1,0,0,0,0
10923568,0000019E,false,Rx,0,8,15,0,0,0,0,32,0,0
10923597,000002D6,false,Rx,0,8,D2,9D,B8,0,0,0,0,0
10923614,000002EB,false,Rx,0,8,46,D4,B8,9,8,1,0,2
10924566,000002D7,false,Rx,0,8,0,0,0,0,3,0,0,0
10924594,000002EC,false,Rx,0,8,2,0,0,0,0,0,0,0
10924612,000002D8,false,Rx,0,8,0,0,0,0,0,0,38,45
10924629,000002ED,false,Rx,0,8,0,0,0,0,0,0,0,0
10925568,000002D9,false,Rx,0,8,0,0,0,0,0,0,0,0
10925590,000002EE,false,Rx,0,8,0,0,0,0,0,0,0,0
10927564,356,false,Rx,0,8,58,8D,B9,0,0,0,0,0
10928564,357,false,Rx,0,8,0,0,0,0,0,4B,4D,48
10928585,358,false,Rx,0,8,35,41,45,4D,52,37,33,4F
10928603,359,false,Rx,0,8,51,4F,34,52,4A,35,33,0
10931568,121,false,Rx,0,8,64,2E,72,0,0,0,0,5
10931590,122,false,Rx,0,8,FF,D9,67,1F,46,46,46,46
10931607,000000FF,false,Rx,0,8,CB,10,0,0,0,0,2,0
10932570,123,false,Rx,0,8,11,3,0,0,0,0,1,35
10932593,124,false,Rx,0,8,0,0,0A,0,0,0,20,40
10932611,394,false,Rx,0,8,2A,22,1A,49,0,0,0,0
10932629,000003C3,false,Rx,0,8,45,10,31,30,36,0,0,0
10933571,000003E0,false,Rx,0,8,66,20,1,0,54,3,0,0
10933592,000003E5,false,Rx,0,8,37,80,1,0,0,0,0,0
10933609,000003E6,false,Rx,0,8,67,90,0,0,0,0,0,0
10934574,0000041A,false,Rx,0,8,8D,D0,12,0,0,0,0,0
10934596,0000041B,false,Rx,0,8,70,D0,0,0,0,0,0,0
10934614,0000041C,false,Rx,0,8,48,0,E0,0,0,0,0,0
10934632,422,false,Rx,0,8,9D,70,1,0,0,0,4,0
10935566,432,false,Rx,0,8,3,20,2,0,0,0,0,0
10936590,161,false,Rx,0,8,7D,5A,33,3,0,0,0,2
10936618,162,false,Rx,0,8,FF,FC,1,0,0,0,0,0
10936647,36,false,Rx,0,8,2F,49,74,51,0,0,25,1
10936665,37,false,Rx,0,8,0,0,0,10,0,40,0,0
10936682,38,false,Rx,0,8,4,0,0,0,90,38,96,D4
10937570,435,false,Rx,0,8,26,C0,0,40,0,0,0,0
10937593,39,false,Rx,0,8,0,0,0,0,0,0,0,0
10938585,384,false,Rx,0,8,E9,DC,2,0,0,FF,0,21
10938609,442,false,Rx,0,8,CE,20,11,81,0,0,0,0
10938627,444,false,Rx,0,8,D5,20,20,50,55,50,0,0
10939569,000003B6,false,Rx,0,8,7,21,B7,0,0,0,0,46
10939592,445,false,Rx,0,8,C6,C0,0,0,0,0,0,18
10939610,000003B7,false,Rx,0,8,46,0,0,0,0,0,0,0
10939635,61,false,Rx,0,8,5,5B,7A,0,0,0,0,0
10939653,000003B8,false,Rx,0,8,0C,3,0,0,0,0,69,0E
10940747,62,false,Rx,0,8,2,2,0,2,40,FF,0,FF
10940783,000003B9,false,Rx,0,8,0,0,0,0,0,0,0,0
10940801,63,false,Rx,0,8,0,0,5,0,0,8,FD,0
10940819,464,false,Rx,0,8,D5,20,F0,FF,38,7F,5,0
10942772,64,false,Rx,0,8,0,0,0,4,FF,FA,0,0
10942807,91,false,Rx,0,8,A9,F9,70,0,0,0,0,0
10942825,92,false,Rx,0,8,0,0,0,0,0,0,0,0
10942843,93,false,Rx,0,8,0,0,0,0,0,0,0,0
10942861,94,false,Rx,0,8,0,0,0,0,0,0,0,0
10943933,000000A3,false,Rx,0,8,0,40,1,0,0,0,0,0
10944596,000001F1,false,Rx,0,8,0F,F1,B2,1,0,0,28,0
10944620,000001F2,false,Rx,0,8,0,0,0,0,0,0,0,0
10946565,0000011B,false,Rx,0,8,3F,BF,67,5,80,8,A8,2
10946584,0000012B,false,Rx,0,8,78,45,67,6,0,0,8,0
10946602,0000011C,false,Rx,0,8,0,5,20,0,22,0,1,1
10947568,0000012C,false,Rx,0,8,0,0,1,0,0,64,0,0
10951583,146,false,Rx,0,8,70,21,30,10,4,1,0,0
10951617,147,false,Rx,0,8,0,4,7D,0,40,0,0,0
10951635,148,false,Rx,0,8,0,0,0,0,0,90,40,5
10952579,149,false,Rx,0,8,0,0,0,0,0,0,0,0
10953564,495,false,Rx,0,8,49,0,0,0,0,0,0,0
10954567,000003AA,false,Rx,0,8,FF,0,B0,0,54,0,0,0
10956568,0000010B,false,Rx,0,8,B2,DA,76,0,0,0,0,5
10956589,0000010C,false,Rx,0,8,FF,F9,E7,1F,46,44,46,46
10956606,0000010D,false,Rx,0,8,10,3,0,0,0,0,1,35
10956624,0000010E,false,Rx,0,8,0,0,0A,0,0,C0,AB,57
10957572,000001B1,false,Rx,0,8,75,BC,30,0,72,0,0,0
10957597,000001B2,false,Rx,0,8,23,0,4,0F,0F,7,52,10
10957615,000001B3,false,Rx,0,8,10,2C,0,0,87,91,96,90
10958564,000001B4,false,Rx,0,8,95,91,17,0,0,40,1,0
10963565,380,false,Rx,0,8,AD,D7,FF,0,0,0,0,1
10966566,000001A1,false,Rx,0,8,B4,72,34,FE,F7,7F,64,0
10966586,000001A2,false,Rx,0,8,0,0,0,0,0,8,0,0
10966604,000001A3,false,Rx,0,8,FF,F3,3F,0,0,0,0,0
10966622,000000C5,false,Rx,0,8,0,0,0,0,0,0,0,0
10967564,000001A4,false,Rx,0,8,FE,7,0,0,0,0,0,0
10967588,244,false,Rx,0,8,FF,FF,FF,FF,FF,FF,FF,FF
10967605,000003B0,false,Rx,0,8,72,37,FF,C7,0,0,3,C0
10967623,000004B4,false,Rx,0,8,0,0,0,0,0,0,0,0
10968563,000004B5,false,Rx,0,8,8,0,F0,7,0,0,0,0
10968588,000003B1,false,Rx,0,8,9B,3C,FF,40,0,0,20,0
10968606,000004B7,false,Rx,0,8,8,0,F0,7,0,0,0,0
10968623,0000036F,false,Rx,0,8,FE,1,1,0,0,0,0,0
10969567,000004CA,false,Rx,0,8,0,0,0,0,0,0,0,0
10969591,0000037F,false,Rx,0,8,55,90,52,24,41,2,0,0
10969610,448,false,Rx,0,8,0,C0,0,0,0,0,0,0
10969628,000004CC,false,Rx,0,8,8,0,0,6,0,0,3,0
10970563,000004CE,false,Rx,0,8,14,1,FF,FF,FF,FF,FF,FF
10970588,000004D7,false,Rx,0,8,23,1,0,0,0,0,0,0
10970606,000004D8,false,Rx,0,8,41,10,F0,F0,40,F2,1E,CC
10970623,000004DD,false,Rx,0,8,0,0,FE,0,4,0,0,0
10971564,000004DF,false,Rx,0,8,FF,3,0C,3F,0,0,0,0
10971588,000004E7,false,Rx,0,8,0,30,0,0,0,0,69,0
10971606,000004E8,false,Rx,0,8,FF,FF,FF,5,FF,FF,FF,0
10971623,000004E9,false,Rx,0,8,12,0,0,34,0,0,50,0
10972571,000004EA,false,Rx,0,8,67,0,0,89,0,0,0,0
10972597,000004EB,false,Rx,0,8,10,80,33,3,80,0,0,0
10972615,0000019B,false,Rx,0,8,84,94,74,0,0,E4,0,0
10972633,000004EC,false,Rx,0,8,0,0,0,0,0,0,0,0
10973564,0000019C,false,Rx,0,8,40,20,0,0,0,0,0B,9
10973587,000004ED,false,Rx,0,8,0,0,0,0,0,FF,FF,1F
10973605,0000019D,false,Rx,0,8,0,10,0,1,0,0,0,0
10973623,000004EE,false,Rx,0,8,FF,FF,0,0,0,0,0,0
10974563,0000019E,false,Rx,0,8,15,0,0,0,0,32,0,0
10974588,000004EF,false,Rx,0,8,60,0,60,0,29,14,0,0
10974606,561,false,Rx,0,8,63,2,0,0,0,0,FF,FF
10974623,000004F0,false,Rx,0,8,4A,10,33,3,58,1A,18,2
10975564,000004F1,false,Rx,0,8,0,C0,0,0,0,0,0,0
10975597,000004F2,false,Rx,0,8,2,FF,DD,FF,3,1,0,0
10975615,000004F3,false,Rx,0,8,0,0,0,0,F0,0,0,0
10975632,000004F9,false,Rx,0,8,E0,FF,FF,FF,FF,FF,FF,FF
10976564,0000063D,false,Rx,0,8,0,80,0,0,0,0,0,0
10976588,0000063E,false,Rx,0,8,FF,FF,FF,FF,FF,FF,FF,FF
10976606,0000063F,false,Rx,0,8,0,10,0,C4,FF,0,0,0
10977623,640,false,Rx,0,8,FF,FF,FF,0,FF,FF,FF,0
10977658,641,false,Rx,0,8,FF,FF,FF,FF,0F,FF,FF,FF
10977676,646,false,Rx,0,8,0,0,0,80,1,0,0,0
10977709,000001E1,false,Rx,0,8,73,CB,E2,2,0,0,0,0
10977727,000001E2,false,Rx,0,8,0,0,0,0,0,0,0,0
10979041,000003B2,false,Rx,0,8,36,15,FF,2,29,2F,34,0
10979079,419,false,Rx,0,8,23,0,8B,D6,7D,86,90,0
10981564,121,false,Rx,0,8,1B,2,77,0,0,0,0,5
10981587,122,false,Rx,0,8,FF,D9,67,1F,46,46,46,46
10981605,123,false,Rx,0,8,11,3,0,0,0,0,1,35
10983498,427,false,Rx,0,8,1D,86,FF,0,80,0A,0,0
10983534,124,false,Rx,0,8,0,0,0A,0,0,0,20,40
10986587,36,false,Rx,0,8,22,8F,79,51,0,0,25,1
10986621,37,false,Rx,0,8,0,0,0,10,0,40,0,0
10987563,38,false,Rx,0,8,4,0,0,0,90,38,96,D4
10987585,39,false,Rx,0,8,0,0,0,0,0,0,0,0
10990119,61,false,Rx,0,8,7A,77,7F,0,0,0,0,0
10990156,62,false,Rx,0,8,2,2,0,2,40,FF,0,FF
10990174,63,false,Rx,0,8,0,0,5,0,0,8,FD,0
10990192,64,false,Rx,0,8,0,0,0,4,FF,FA,0,0
10991669,000000A1,false,Rx,0,8,1A,9A,7F,1A,0,0,0,0
10992044,000000A2,false,Rx,0,8,0,0,0,0,0,0,0,0
10992076,000000A3,false,Rx,0,8,0,40,1,0,0,0,0,0
10992094,0000042A,false,Rx,0,8,F4,DE,FF,1,0,10,0,0
10996565,0000011B,false,Rx,0,8,F7,46,6C,5,80,8,A8,2
10996589,0000011C,false,Rx,0,8,0,5,20,0,22,0,1,1
10997577,0000012B,false,Rx,0,8,B0,BC,6C,6,0,0,8,0
10997602,0000012C,false,Rx,0,8,0,0,1,0,0,64,0,0
10997620,000001FB,false,Rx,0,8,B7,4,71,0,0,0,0,0
10998849,000001FC,false,Rx,0,8,0,0,0,0,0,0,0,0
10998880,000001FD,false,Rx,0,8,0,1A,3,0,0,0,0,0
10998898,000001FE,false,Rx,0,8,0,0,0,0,0,0,0,0
11006587,0000010B,false,Rx,0,8,49,C9,7B,0,0,0,0,5
11006626,0000010C,false,Rx,0,8,FF,F9,E7,1F,46,45,46,46
11006645,0000010D,false,Rx,0,8,10,3,0,0,0,0,1,35
11006662,0000010E,false,Rx,0,8,0,0,0A,0,0,C0,AB,57
11007569,000002C1,false,Rx,0,8,F0,4,BA,21,0,41,0,AA
11008566,000002C2,false,Rx,0,8,22,0,0,0,0,0,0,0
11008588,000002C3,false,Rx,0,8,0,0,0,0,0,0,0,0
11008605,000002C4,false,Rx,0,8,0,0,0,0,0,0,0,0
11013570,000001AB,false,Rx,0,8,8F,6C,85,50,70,38,0,0
11013593,000001AC,false,Rx,0,8,0,28,0,0,0,0,0,0
11014567,000002FF,false,Rx,0,8,E2,1,0,F1,3F,0,0,0
11014591,316,false,Rx,0,8,20,7D,A7,34,14,80,0A,0
11014609,317,false,Rx,0,8,0,0,5,0,0,0,0,0
11014627,472,false,Rx,0,8,5C,EC,0,40,8,41,0,45
11015566,473,false,Rx,0,8,5F,24,0,25,0,0,0,78
11015589,474,false,Rx,0,8,93,44,0,0,0,0,0,14
11022594,0000019B,false,Rx,0,8,89,52,79,0,0,E4,0,0
11022630,0000019C,false,Rx,0,8,40,20,0,0,0,0,0B,9
11022648,0000019D,false,Rx,0,8,0,10,0,1,0,0,0,0
11023581,0000019E,false,Rx,0,8,15,0,0,0,0,32,0,0
11027829,0000033B,false,Rx,0,8,91,68,73,0,0,0,0,0
11027869,0000033C,false,Rx,0,8,0,0,0,0,F0,0,0,0
11027887,0000033D,false,Rx,0,8,0,0,0,0,0,0,0,0
11027904,0000033E,false,Rx,0,8,0,0,0,0,0,0,0,0
11031484,121,false,Rx,0,8,A3,3,7C,0,0,0,0,5
11031529,122,false,Rx,0,8,FF,D9,67,1F,46,46,46,46
11031810,123,false,Rx,0,8,11,3,0,0,0,0,1,35
11031831,124,false,Rx,0,8,0,0,0A,0,0,0,20,40
11037934,161,false,Rx,0,8,B5,A3,38,3,0,0,0,2
11037969,162,false,Rx,0,8,FF,FC,1,0,0,0,0,0
11037987,36,false,Rx,0,8,D1,11,7E,51,0,0,25,1
11038005,37,false,Rx,0,8,0,0,0,10,0,40,0,0
11038023,38,false,Rx,0,8,4,0,0,0,90,38,96,D4
11038040,401,false,Rx,0,8,A9,30,10,0,0,4,0,0
11038653,000002E6,false,Rx,0,8,9F,DD,70,1,0,0,0,15
11038680,256,false,Rx,0,8,FA,2,70,15,40,0,D0,0
11038699,000002E7,false,Rx,0,8,0A,0,0,0,0,0,0,0
11039580,257,false,Rx,0,8,0,93,41,15,86,7,0,93
11039614,000002E8,false,Rx,0,8,0,0,0,0,0,0,0,0
11039632,61,false,Rx,0,8,35,4E,84,0,0,0,0,0
11039650,258,false,Rx,0,8,0B,72,1E,0,10,15,0,28
11041171,62,false,Rx,0,8,2,2,0,2,40,FF,0,FF
11041402,259,false,Rx,0,8,3F,5,89,3C,4C,2,0,0
11041422,63,false,Rx,0,8,0,0,5,0,0,8,FD,0
11041440,000002E9,false,Rx,0,8,0,0,0,0,0,0,0,0
11041458,64,false,Rx,0,8,0,0,0,4,FF,FA,0,0
11045149,92,false,Rx,0,8,0,0,0,0,0,0,0,0
11045193,93,false,Rx,0,8,0,0,0,0,0,0,0,0
11045211,94,false,Rx,0,8,0,0,0,0,0,0,0,0
11045228,000000A1,false,Rx,0,8,64,98,84,1A,0,0,0,0
11045246,000000A2,false,Rx,0,8,0,0,0,0,0,0,0,0
11045264,000000A3,false,Rx,0,8,0,40,1,0,0,0,0,0
11046744,0000011B,false,Rx,0,8,8E,5C,71,5,80,8,A8,2
11046777,0000012B,false,Rx,0,8,C9,A6,71,6,0,0,8,0
11046816,0000011C,false,Rx,0,8,0,5,20,0,22,0,1,1
11048899,0000012C,false,Rx,0,8,0,0,1,0,0,64,0,0
11048975,000001E6,false,Rx,0,8,93,87,E2,2,0,0,0,0
11048995,000001BB,false,Rx,0,8,FB,4A,E2,2,0,0,0,0A
11051468,000002BF,false,Rx,0,8,FF,FF,FF,0,0,0,0,0
11051862,000001BC,false,Rx,0,8,32,0,0,0,2,0,0,0
11051895,0000047F,false,Rx,0,8,FF,FF,FF,FF,FF,FF,F3,FF
11051913,000001BD,false,Rx,0,8,0,0,0,0,0,0,0,0
11051931,653,false,Rx,0,8,0A,19,3,1,2,2A,0,0
11051948,000001E7,false,Rx,0,8,0,0,22,3,20,1,0,0
11051966,149,false,Rx,0,8,0,0,0,0,0,0,0,0
11056592,0000010B,false,Rx,0,8,F0,25,80,0,0,0,0,5
11056629,0000010C,false,Rx,0,8,FF,F9,E7,1F,46,44,46,46
11056648,0000010D,false,Rx,0,8,10,3,0,0,0,0,1,35
11056665,0000010E,false,Rx,0,8,0,0,0A,0,0,C0,AB,57
11057803,000001B1,false,Rx,0,8,0A,90,35,0,72,0,0,0
11057854,000001B2,false,Rx,0,8,23,0,4,0F,0F,7,52,10
11058249,487,false,Rx,0,8,0,0,0,0,0,0,0,0
11058282,000001B3,false,Rx,0,8,10,2C,0,0,87,91,96,90
11058300,642,false,Rx,0,8,FF,FF,FF,FF,FF,FF,0,0
11059199,000001B4,false,Rx,0,8,95,91,17,0,0,40,1,0
11059230,645,false,Rx,0,8,C7,35,6,79,E0,32,56,0
11060584,475,false,Rx,0,8,12,0,0,0,0,0,0,0
11060612,496,false,Rx,0,8,12,0,0,0,0,0,0,0
11065653,111,false,Rx,0,8,A2,F0,AE,1,0,0,0,0
11065718,112,false,Rx,0,8,0,0,0,0,0,0,0,0
11065736,113,false,Rx,0,8,0,0,0,0,0,0,0,0
11065754,114,false,Rx,0,8,0,0,0,0,0,0,0,0
11065772,000001A1,false,Rx,0,8,B9,B4,39,FE,F7,7F,64,0
11066786,000001A2,false,Rx,0,8,0,0,0,0,0,8,0,0
11066823,000001A3,false,Rx,0,8,FF,F3,3F,0,0,0,0,0
11066844,000001A4,false,Rx,0,8,FE,7,0,0,0,0,0,0
11068565,0000036F,false,Rx,0,8,47,11,1,0,0,0,0,0
11068589,0000037F,false,Rx,0,8,83,A0,52,24,41,2,0,0
11073202,0000019B,false,Rx,0,8,7A,CC,7E,0,0,E4,0,0
11073240,0000019C,false,Rx,0,8,40,20,0,0,0,0,0B,9
11073259,563,false,Rx,0,8,65,2,0,0,0,0,FF,FF
11073277,0000019D,false,Rx,0,8,0,10,0,1,0,0,0,0
11073295,0000019E,false,Rx,0,8,15,0,0,0,0,32,0,0
11076762,0000030B,false,Rx,0,8,41,23,73,0,4,0,0,0
11077567,0000030C,false,Rx,0,8,0,0,0E,0,2C,0,A0,0F
11077589,0000030D,false,Rx,0,8,0,0,0,0,48,0,0,0
11077606,0000030E,false,Rx,0,8,0,0,38,5,21,0,0,4
11081798,121,false,Rx,0,8,59,FD,81,0,0,0,0,5
11081838,122,false,Rx,0,8,FF,D9,67,1F,46,46,46,46
11081856,123,false,Rx,0,8,11,3,0,0,0,0,1,35
11081874,124,false,Rx,0,8,0,0,0A,0,0,0,20,40
11086592,36,false,Rx,0,8,2B,EF,83,51,0,0,25,1
11086630,37,false,Rx,0,8,0,0,0,10,0,40,0,0
11087598,38,false,Rx,0,8,4,0,0,0,90,38,96,D4
11087630,39,false,Rx,0,8,0,0,0,0,0,0,0,0
11088731,415,false,Rx,0,8,40,13,10,0,8,1,0,0
11089174,405,false,Rx,0,8,BD,30,0,0,0,1,0,0
11089204,413,false,Rx,0,8,6F,30,0,0,0,0,0,0
11089222,410,false,Rx,0,8,4B,80,59,3C,16,6B,FF,FF
11089240,414,false,Rx,0,8,F0,10,0,0,28,0,0,0
11089271,61,false,Rx,0,8,38,88,89,0,0,0,0,0
11089578,411,false,Rx,0,8,A8,1,50,50,0,0,44,4
11090778,62,false,Rx,0,8,2,2,0,2,40,FF,0,FF
11092080,412,false,Rx,0,8,6D,60,0,0,0,0,0,0
11092253,63,false,Rx,0,8,0,0,5,0,0,8,FD,0
11092271,416,false,Rx,0,8,55,0,0,0,0,0,0,0
11092289,64,false,Rx,0,8,0,0,0,4,FF,FA,0,0
11092307,417,false,Rx,0,8,5F,20,0,0,0,0,0,0
11092324,000000A1,false,Rx,0,8,52,DB,89,1A,0,0,0,0
11095220,000001F1,false,Rx,0,8,90,99,B5,1,0,0,28,0
11095255,000001F2,false,Rx,0,8,0,0,0,0,0,0,0,0
11095274,236,false,Rx,0,8,33,77,73,0,6E,3C,34,6C
11095292,151,false,Rx,0,8,91,A9,73,A0,C8,0,28,19
11095309,237,false,Rx,0,8,0,15,BA,0,0,AA,1E,0
11096738,152,false,Rx,0,8,16,18,18,0,0B,0,0,0
11096767,000001F6,false,Rx,0,8,A2,8A,73,0,0,0,0,0E
11096785,153,false,Rx,0,8,0,0,0,0,0,0,0,0
11096813,000001F7,false,Rx,0,8,0B,0,0,0,0,0,0,0
11096831,0000011B,false,Rx,0,8,11,34,76,5,80,8,A8,2
11096848,0000012B,false,Rx,0,8,56,CE,76,6,0,0,8,0
11096866,0000011C,false,Rx,0,8,0,5,20,0,22,0,1,1
11097590,0000012C,false,Rx,0,8,0,0,1,0,0,64,0,0
11097620,000001F8,false,Rx,0,8,0,0,0,0,0,0,0,0
11097638,154,false,Rx,0,8,0,0,0,0,0,0,0,0
11098565,000001F9,false,Rx,0,8,0,0,A0,C8,14,0,0,0
11098588,000002FB,false,Rx,0,8,CD,80,73,4,5F,1A,CC,CC
11098605,238,false,Rx,0,8,0,0,5F,0,0,0,0,0
11099719,000002FC,false,Rx,0,8,3,0,16,19,0,0,8E,BF
11099790,239,false,Rx,0,8,0,0,0,0,1,0,0,0
11099808,000002FD,false,Rx,0,8,0,0,0,0,0,1C,0E,EA
11099826,0000025B,false,Rx,0,8,35,A6,73,40,40,20,0,0
11099844,000002FE,false,Rx,0,8,0,0,72,1,0,28,0,0
11099862,0000025C,false,Rx,0,8,0,0,0B,0,34,89,19,0
11101367,326,false,Rx,0,8,58,D4,73,0,0,0,0,0
11101402,0000025D,false,Rx,0,8,0,C8,0,0,0,80,C0,70
11101420,327,false,Rx,0,8,0,0,0,0,5,0,0,0
11101438,0000025E,false,Rx,0,8,B9,7,0E,0,0,0,0,0
11101468,328,false,Rx,0,8,0,0,0,0,0,0,0,0
11101485,329,false,Rx,0,8,A0,0,0,0,0,0,0,0
11101875,000004A3,false,Rx,0,8,80,0,48,0B,3E,0,0,0
11102983,331,false,Rx,0,8,4B,9B,73,F1,C8,A0,2C,97
11103006,000004A4,false,Rx,0,8,FF,FF,FF,0,0,0,0,0
11103024,332,false,Rx,0,8,94,2,0,0,0,0,0,0
11103042,333,false,Rx,0,8,0,0,0,1C,0C,40,20,A0
11103059,334,false,Rx,0,8,C8,0,0,0,AC,70,1D,90
11105724,0000010B,false,Rx,0,8,8F,9,85,0,0,0,0,5
11106138,0000010C,false,Rx,0,8,FF,F9,E7,1F,46,44,46,46
11107205,0000010D,false,Rx,0,8,10,3,0,0,0,0,1,35
11107229,0000010E,false,Rx,0,8,0,0,0A,0,0,C0,AB,57
11107246,000002AB,false,Rx,0,8,63,8D,74,0C,0C,0,0,0
11108491,000002AC,false,Rx,0,8,0,FF,FF,0,0,40,0,50
11108526,000002AD,false,Rx,0,8,0,1,0,40,FF,FF,FF,0F
11108767,000002AE,false,Rx,0,8,1,0,FF,3F,1,1,0,0
11109020,251,false,Rx,0,8,C9,D1,73,0,0,0,0,0
11109071,000002B6,false,Rx,0,8,11,FC,74,1,0,0,0,40
11109098,252,false,Rx,0,8,0,0,0,0,3,0,0,0
11109115,000002B7,false,Rx,0,8,8,2,F0,0,0,4,0,0
11109133,253,false,Rx,0,8,0,0,0,51,51,0,80,44
11110164,000002B8,false,Rx,0,8,AA,11,11,0,0,0,0,0
11110197,396,false,Rx,0,8,92,3C,B9,0F,8,1,0,2
11110215,000002B9,false,Rx,0,8,0A,0,0,0,0,0,0,0
11110249,397,false,Rx,0,8,1D,0,0,0,0,0,0,0
11110267,000002E1,false,Rx,0,8,40,A8,74,0,0,0,0,40
11110694,398,false,Rx,0,8,0,0,0,0,0,0,0,0
11112103,000002E2,false,Rx,0,8,FD,0,0,0,0,14,0,4
11112138,000002E3,false,Rx,0,8,0,0,0,0,0,0,72,1
11112157,000002E4,false,Rx,0,8,2,0,0,0,0,0,0,0
11114753,000001AB,false,Rx,0,8,95,15,8A,50,70,38,0,0
11114788,000001AC,false,Rx,0,8,0,28,0,0,0,0,0,0
11114806,226,false,Rx,0,8,0,2D,4F,FF,43,E1,5,42
11114824,227,false,Rx,0,8,2,70,E1,8,0,F2,17,4
11117453,000003A1,false,Rx,0,8,26,D1,CA,0,FF,FF,FF,FF
11117489,000003A2,false,Rx,0,8,0,0,0,0,0,0,0,0
11118569,383,false,Rx,0,8,12,ED,1,0,2,0,0,0
11122595,0000019B,false,Rx,0,8,80,32,83,0,0,E4,0,0
11122633,0000019C,false,Rx,0,8,40,20,0,0,0,0,0B,9
11122651,0000019D,false,Rx,0,8,0,10,0,1,0,0,0,0
11123605,0000019E,false,Rx,0,8,15,0,0,0,0,32,0,0
11123636,000002D6,false,Rx,0,8,94,C4,B9,0,0,0,0,0
11123654,000002EB,false,Rx,0,8,0,8D,B9,9,8,1,0,2
11125194,000002D7,false,Rx,0,8,0,0,0,0,3,0,0,0
11125229,000002EC,false,Rx,0,8,2,0,0,0,0,0,0,0
11125247,000002D8,false,Rx,0,8,0,0,0,0,0,0,38,45
11125265,000002ED,false,Rx,0,8,0,0,0,0,0,0,0,0
11125621,000002D9,false,Rx,0,8,0,0,0,0,0,0,0,0
11126820,000001E1,false,Rx,0,8,EC,A3,E5,2,0,0,0,0
11126858,000001E2,false,Rx,0,8,0,0,0,0,0,0,0,0
11127853,356,false,Rx,0,8,92,66,BA,0,0,0,0,0
11129033,357,false,Rx,0,8,0,0,0,0,0,4B,4D,48
11129118,358,false,Rx,0,8,35,41,45,4D,52,37,33,4F
11129137,359,false,Rx,0,8,51,4F,34,52,4A,35,33,0
11132334,121,false,Rx,0,8,AA,63,86,0,0,0,0,5
11132372,000000FF,false,Rx,0,8,CB,10,0,0,0,0,2,0
11132391,122,false,Rx,0,8,FF,D9,67,1F,46,46,46,46
11132409,123,false,Rx,0,8,11,3,0,0,0,0,1,35
11132427,394,false,Rx,0,8,2A,22,1A,49,0,0,0,0
11133880,000003C3,false,Rx,0,8,45,10,31,30,36,0,0,0
11133917,000003E0,false,Rx,0,8,66,20,1,0,54,3,0,0
11133935,000003E5,false,Rx,0,8,37,80,1,0,0,0,0,0
11133953,000003E6,false,Rx,0,8,67,90,0,0,0,0,0,0
11133971,0000041A,false,Rx,0,8,8D,D0,12,0,0,0,0,0
11133988,0000041B,false,Rx,0,8,70,D0,0,0,0,0,0,0
11135070,0000041C,false,Rx,0,8,48,0,E0,0,0,0,0,0
11135105,422,false,Rx,0,8,9D,70,1,0,0,0,4,0
11135123,432,false,Rx,0,8,3,20,2,0,0,0,0,0
11136687,161,false,Rx,0,8,43,8B,3D,3,0,0,0,2
11136742,162,false,Rx,0,8,FF,FC,1,0,0,0,0,0
11136760,36,false,Rx,0,8,93,EE,88,51,0,0,25,1
11136778,37,false,Rx,0,8,0,0,0,10,0,40,0,0
11136795,38,false,Rx,0,8,4,0,0,0,90,38,96,D4
11137592,435,false,Rx,0,8,26,C0,0,40,0,0,0,0
11137621,39,false,Rx,0,8,0,0,0,0,0,0,0,0
11138788,384,false,Rx,0,8,E9,DC,2,0,0,FF,0,21
11138823,442,false,Rx,0,8,CE,20,11,81,0,0,0,0
11138841,444,false,Rx,0,8,D5,20,20,50,55,50,0,0
11138859,000003B6,false,Rx,0,8,86,55,B8,0,0,0,0,46
11139593,445,false,Rx,0,8,C6,C0,0,0,0,0,0,18
11139631,000003B7,false,Rx,0,8,46,0,0,0,0,0,0,0
11139649,61,false,Rx,0,8,CB,16,8E,0,0,0,0,0
11139667,000003B8,false,Rx,0,8,0C,3,0,0,0,0,69,0E
11141482,62,false,Rx,0,8,2,2,0,2,40,FF,0,FF
11141517,000003B9,false,Rx,0,8,0,0,0,0,0,0,0,0
11141536,63,false,Rx,0,8,0,0,5,0,0,8,FD,0
11141794,464,false,Rx,0,8,D5,20,F0,FF,38,7F,5,0
11141812,64,false,Rx,0,8,0,0,0,4,FF,FA,0,0
11141830,93,false,Rx,0,8,0,0,0,0,0,0,0,0
11142570,94,false,Rx,0,8,0,0,0,0,0,0,0,0
11142592,000000A1,false,Rx,0,8,5B,5E,8E,1A,0,0,0,0
11142610,000000A2,false,Rx,0,8,0,0,0,0,0,0,0,0
11144440,000000A3,false,Rx,0,8,0,40,1,0,0,0,0,0
11147018,0000011B,false,Rx,0,8,62,0D,7B,5,80,8,A8,2
11147057,0000012B,false,Rx,0,8,25,F7,7B,6,0,0,8,0
11147076,0000011C,false,Rx,0,8,0,5,20,0,22,0,1,1
11147093,0000012C,false,Rx,0,8,0,0,1,0,0,64,0,0
11151590,146,false,Rx,0,8,8E,79,3A,10,4,1,0,0
11151629,147,false,Rx,0,8,0,4,7D,0,40,0,0,0
11151647,148,false,Rx,0,8,0,0,0,0,0,90,40,5
11151671,149,false,Rx,0,8,0,0,0,0,0,0,0,0
11154298,495,false,Rx,0,8,49,0,0,0,0,0,0,0
11154337,000003AA,false,Rx,0,8,FF,0,B0,0,54,0,0,0
11155789,0000010B,false,Rx,0,8,0E,7D,8A,0,0,0,0,5
11157481,0000010C,false,Rx,0,8,FF,F9,E7,1F,46,44,46,46
11157517,0000010D,false,Rx,0,8,10,3,0,0,0,0,1,35
11157534,0000010E,false,Rx,0,8,0,0,0A,0,0,C0,AB,57
11158868,000001B1,false,Rx,0,8,CF,C9,3A,0,72,0,0,0
11158887,000001B2,false,Rx,0,8,23,0,4,0F,0F,7,52,10
11158905,000001B3,false,Rx,0,8,10,2C,0,0,87,91,96,90
11158923,000001B4,false,Rx,0,8,95,92,17,0,0,40,1,0
11163590,380,false,Rx,0,8,AD,D7,FF,0,0,0,0,1
11166564,000001A1,false,Rx,0,8,4A,2A,3E,FE,F7,7F,64,0
11166588,000001A2,false,Rx,0,8,0,0,0,0,0,8,0,0
11166606,000001A3,false,Rx,0,8,FF,F3,3F,0,0,0,0,0
11166624,000001A4,false,Rx,0,8,FE,7,0,0,0,0,0,0
11167567,000003B0,false,Rx,0,8,72,37,FF,C7,0,0,3,C0
11168564,000003B1,false,Rx,0,8,9B,3C,FF,40,0,0,20,0
11168584,565,false,Rx,0,8,66,2,0,0,0,0,FF,FF
11169570,448,false,Rx,0,8,0,C0,0,0,0,0,0,0
11170565,000000C5,false,Rx,0,8,0,0,0,0,0,0,0,0
11171570,244,false,Rx,0,8,FF,FF,FF,FF,FF,FF,FF,FF
11171592,000003E4,false,Rx,0,8,FE,0,0,0,0,0,0,0
11171610,0000041F,false,Rx,0,8,0,0C,0,0,0,0,0,0
11171627,000004B4,false,Rx,0,8,0,0,0,0,0,0,0,0
11172567,000004B5,false,Rx,0,8,8,0,F0,7,0,0,0,0
11172587,000004B7,false,Rx,0,8,8,0,F0,7,0,0,0,0
11172605,0000019B,false,Rx,0,8,38,33,88,0,0,E4,0,0
11172623,000004CA,false,Rx,0,8,0,0,0,0,0,0,0,0
11173568,0000019C,false,Rx,0,8,40,20,0,0,0,0,0B,9
11173589,000004CC,false,Rx,0,8,8,0,0,6,0,0,3,0
11173607,0000019D,false,Rx,0,8,0,10,0,1,0,0,0,0
11173624,000004CE,false,Rx,0,8,14,1,FF,FF,FF,FF,FF,FF
11174567,0000019E,false,Rx,0,8,15,0,0,0,0,32,0,0
11174588,0000036F,false,Rx,0,8,91,21,1,0,0,0,0,0
11174605,000004D7,false,Rx,0,8,23,1,0,0,0,0,0,0
11174623,0000037F,false,Rx,0,8,3A,B0,52,24,41,2,0,0
11175565,000004D8,false,Rx,0,8,41,10,F0,F0,40,F2,1E,CC
11175586,000004DD,false,Rx,0,8,0,0,FE,0,4,0,0,0
11175604,000004DF,false,Rx,0,8,FF,3,0C,3F,0,0,0,0
11175621,000004E7,false,Rx,0,8,0,30,0,0,0,0,69,0
11176570,000004E8,false,Rx,0,8,FF,FF,FF,5,FF,FF,FF,0
11176591,000004E9,false,Rx,0,8,12,0,0,34,0,0,50,0
11176608,000004EA,false,Rx,0,8,67,0,0,89,0,0,0,0
11176626,000004EB,false,Rx,0,8,10,80,33,3,80,0,0,0
11177566,000004EC,false,Rx,0,8,0,0,0,0,0,0,0,0
11177586,000004ED,false,Rx,0,8,0,0,0,0,0,FF,FF,1F
11177603,000004EE,false,Rx,0,8,FF,FF,0,0,0,0,0,0
11177628,000004EF,false,Rx,0,8,60,0,60,0,29,14,0,0
11178567,000003B2,false,Rx,0,8,36,15,FF,2,29,2F,34,0
11178588,0000063D,false,Rx,0,8,0,80,0,0,0,0,0,0
11178605,0000063E,false,Rx,0,8,FF,FF,FF,FF,FF,FF,FF,FF
11179569,0000063F,false,Rx,0,8,0,10,0,C4,FF,0,0,0
11179593,640,false,Rx,0,8,FF,FF,FF,0,FF,FF,FF,0
11179612,641,false,Rx,0,8,FF,FF,FF,FF,0F,FF,FF,FF
11179630,646,false,Rx,0,8,0,0,0,80,1,0,0,0
11181565,121,false,Rx,0,8,A7,A5,8B,0,0,0,0,5
11181587,122,false,Rx,0,8,FF,D9,67,1F,46,46,46,46
11181604,123,false,Rx,0,8,11,3,0,0,0,0,1,35
11182568,427,false,Rx,0,8,1D,86,FF,0,80,0A,0,0
11182589,124,false,Rx,0,8,0,0,0A,0,0,0,20,40
11186565,36,false,Rx,0,8,EC,C2,8D,51,0,0,25,1
11186587,37,false,Rx,0,8,0,0,0,10,0,40,0,0
11187568,38,false,Rx,0,8,4,0,0,0,90,38,96,D4
11187589,39,false,Rx,0,8,0,0,0,0,0,0,0,0
11189566,61,false,Rx,0,8,3,14,93,0,0,0,0,0
11189587,62,false,Rx,0,8,2,2,0,2,40,FF,0,FF
11190567,63,false,Rx,0,8,0,0,5,0,0,8,FD,0
11190589,64,false,Rx,0,8,0,0,0,4,FF,FA,0,0
11190607,000000A1,false,Rx,0,8,3E,5D,93,1A,0,0,0,0
11190625,000000A2,false,Rx,0,8,0,0,0,0,0,0,0,0
11191566,000000A3,false,Rx,0,8,0,40,1,0,0,0,0,0
11192567,0000042A,false,Rx,0,8,F4,DE,FF,1,0,10,0,0
11196566,0000011B,false,Rx,0,8,ED,15,80,5,80,8,A8,2
11196587,0000012B,false,Rx,0,8,AA,EF,80,6,0,0,8,0
11196605,0000011C,false,Rx,0,8,0,5,20,0,22,0,1,1
11196623,0000012C,false,Rx,0,8,0,0,1,0,0,64,0,0
11197709,000001FB,false,Rx,0,8,3B,B6,73,0,0,0,0,0
11198857,000001FC,false,Rx,0,8,0,0,0,0,0,0,0,0
11198893,000001FD,false,Rx,0,8,0,1A,3,0,0,0,0,0
11198911,000001FE,false,Rx,0,8,0,0,0,0,0,0,0,0
11198928,000001E6,false,Rx,0,8,0C,EF,E5,2,0,0,0,0
11199589,000001BB,false,Rx,0,8,F2,CF,E5,2,0,0,0,0A
11199616,000001BC,false,Rx,0,8,32,0,0,0,2,0,0,0
11199634,000001BD,false,Rx,0,8,0,0,0,0,0,0,0,0
11200576,000001E7,false,Rx,0,8,0,0,22,3,20,1,0,0
11201568,000004E8,false,Rx,0,8,FF,FF,FF,5,FF,FF,FF,0
11206566,0000010B,false,Rx,0,8,71,51,8F,0,0,0,0,5
11206588,0000010C,false,Rx,0,8,FF,F9,E7,1F,46,44,46,46
11206606,0000010D,false,Rx,0,8,10,3,0,0,0,0,1,35
11206624,0000010E,false,Rx,0,8,0,0,0A,0,0,C0,AB,57
11207567,000002C1,false,Rx,0,8,B6,5D,BB,21,0,41,0,AA
11208568,000002C2,false,Rx,0,8,22,0,0,0,0,0,0,0
11208590,000002C3,false,Rx,0,8,0,0,0,0,0,0,0,0
11208608,000002C4,false,Rx,0,8,0,0,0,0,0,0,0,0
11213566,000001AB,false,Rx,0,8,63,3D,8F,50,70,38,0,0
11213586,000001AC,false,Rx,0,8,0,28,0,0,0,0,0,0
11213604,000002FF,false,Rx,0,8,E2,1,0,F1,3F,0,0,0
11214569,316,false,Rx,0,8,3A,4,A8,34,14,80,0A,0
11214590,317,false,Rx,0,8,0,0,5,0,0,0,0,0
11214608,472,false,Rx,0,8,5C,EC,0,40,8,41,0,45
11214626,473,false,Rx,0,8,5F,24,0,25,0,0,0,78
11215568,474,false,Rx,0,8,93,44,0,0,0,0,0,14
11222569,0000019B,false,Rx,0,8,47,1F,8D,0,0,E4,0,0
11222597,0000019C,false,Rx,0,8,40,20,0,0,0,0,0B,9
11222614,0000019D,false,Rx,0,8,0,10,0,1,0,0,0,0
11223569,0000019E,false,Rx,0,8,15,0,0,0,0,32,0,0
11227572,0000033B,false,Rx,0,8,24,AF,75,0,0,0,0,0
11227592,0000033C,false,Rx,0,8,0,0,0,0,F0,0,0,0
11227610,0000033D,false,Rx,0,8,0,0,0,0,0,0,0,0
11228569,0000033E,false,Rx,0,8,0,0,0,0,0,0,0,0
11231566,000004E8,false,Rx,0,8,FF,FF,FF,5,FF,FF,FF,0
11231586,121,false,Rx,0,8,DA,60,90,0,0,0,0,5
11231604,122,false,Rx,0,8,FF,D9,67,1F,46,46,46,46
11231622,123,false,Rx,0,8,11,3,0,0,0,0,1,35
11232569,124,false,Rx,0,8,0,0,0A,0,0,0,20,40
11236566,161,false,Rx,0,8,6F,1B,42,3,0,0,0,2
11236586,162,false,Rx,0,8,FF,FC,1,0,0,0,0,0
11236604,36,false,Rx,0,8,A8,72,92,51,0,0,25,1
11236622,37,false,Rx,0,8,0,0,0,10,0,40,0,0
11237569,38,false,Rx,0,8,4,0,0,0,90,38,96,D4
11237590,39,false,Rx,0,8,0,0,0,0,0,0,0,0
11238567,401,false,Rx,0,8,A9,30,10,0,0,4,0,0
11238587,000002E6,false,Rx,0,8,13,6F,72,1,0,0,0,15
11238605,256,false,Rx,0,8,9C,4E,72,15,40,0,F0,0
11239569,000002E7,false,Rx,0,8,0A,0,0,0,0,0,0,0
11239590,257,false,Rx,0,8,0,93,41,18,86,7,0,93
11239614,000002E8,false,Rx,0,8,0,0,0,0,0,0,0,0
11239632,61,false,Rx,0,8,BB,15,98,0,0,0,0,0
11239650,258,false,Rx,0,8,0B,72,1E,0,10,15,0,28
11240569,62,false,Rx,0,8,2,2,0,2,40,FF,0,FF
11240597,259,false,Rx,0,8,50,5,8A,3C,4C,2,0,0
11240614,63,false,Rx,0,8,0,0,5,0,0,8,FD,0
11240632,000002E9,false,Rx,0,8,0,0,0,0,0,0,0,0
11242052,64,false,Rx,0,8,0,0,0,4,FF,FA,0,0
11242111,0000048B,false,Rx,0,8,7A,60,BF,1E,1,0,0,0
11242129,91,false,Rx,0,8,63,12,73,0,0,0,0,0
11242146,0000048C,false,Rx,0,8,0,0,0,0,0,0,0,0
11242164,92,false,Rx,0,8,0,0,0,0,0,0,0,0
11242182,93,false,Rx,0,8,0,0,0,0,0,0,0,0
11243751,94,false,Rx,0,8,0,0,0,0,0,0,0,0
11243789,000000A1,false,Rx,0,8,2,AC,98,1A,0,0,0,0
11243808,000000A2,false,Rx,0,8,0,0,0,0,0,0,0,0
11243826,000000A3,false,Rx,0,8,0,40,1,0,0,0,0,0
11244571,000001F1,false,Rx,0,8,E3,A0,B8,1,0,0,28,0
11244593,000001F2,false,Rx,0,8,0,0,0,0,0,0,0,0
11246235,0000011B,false,Rx,0,8,1B,3D,85,5,80,8,A8,2
11246648,0000011C,false,Rx,0,8,0,5,20,0,22,0,1,1
11247720,0000012B,false,Rx,0,8,5C,C7,85,6,0,0,8,0
11247754,0000012C,false,Rx,0,8,0,0,1,0,0,64,0,0
11249150,000002BF,false,Rx,0,8,FF,FF,FF,0,0,0,0,0
11249574,0000047F,false,Rx,0,8,FF,FF,FF,FF,FF,FF,F3,FF
11249609,653,false,Rx,0,8,0A,19,3,1,2,2A,0,0
11252010,146,false,Rx,0,8,F1,55,3F,10,4,1,0,0
11252050,147,false,Rx,0,8,0,4,7D,0,40,0,0,0
11252068,148,false,Rx,0,8,0,0,0,0,0,90,40,5
11252086,149,false,Rx,0,8,0,0,0,0,0,0,0,0
11256591,0000010B,false,Rx,0,8,FA,41,94,0,0,0,0,5
11256627,0000010C,false,Rx,0,8,FF,F9,E7,1F,46,45,46,46
11256646,0000010D,false,Rx,0,8,10,3,0,0,0,0,1,35
11256664,0000010E,false,Rx,0,8,0,0,0A,0,0,C0,AB,57
11257671,000001B1,false,Rx,0,8,F4,C8,3F,0,72,0,0,0
11257706,000001B2,false,Rx,0,8,23,0,4,0F,0F,7,52,10
11257724,000001B3,false,Rx,0,8,10,2C,0,0,87,91,96,90
11258817,000001B4,false,Rx,0,8,95,91,17,0,0,40,1,0
11260481,475,false,Rx,0,8,12,0,0,0,0,0,0,0
11260517,496,false,Rx,0,8,12,0,0,0,0,0,0,0
11261731,487,false,Rx,0,8,0,0,0,0,0,0,0,0
11261766,000004E8,false,Rx,0,8,FF,FF,FF,5,FF,FF,FF,0
11261784,642,false,Rx,0,8,FF,FF,FF,FF,FF,FF,0,0
11264614,566,false,Rx,0,8,16,2,0,0,0,0,FF,FF
11264653,111,false,Rx,0,8,E4,A9,AF,1,0,0,0,0
11264671,112,false,Rx,0,8,0,0,0,0,0,0,0,0
11265598,113,false,Rx,0,8,0,0,0,0,0,0,0,0
11265631,114,false,Rx,0,8,0,0,0,0,0,0,0,0
11266879,000001A1,false,Rx,0,8,5E,92,43,FE,F7,7F,64,0
11267262,000001A2,false,Rx,0,8,0,0,0,0,0,8,0,0
11267285,000001A3,false,Rx,0,8,FF,F3,3F,0,0,0,0,0
11267304,000001A4,false,Rx,0,8,FE,7,0,0,0,0,0,0
11271591,643,false,Rx,0,8,0,FC,FF,FF,FF,FF,3,0
11272610,0000019B,false,Rx,0,8,3,AF,92,0,0,E4,0,0
11272643,0000019C,false,Rx,0,8,40,20,0,0,0,0,0B,9
11272660,0000019D,false,Rx,0,8,0,10,0,1,0,0,0,0
11273761,0000019E,false,Rx,0,8,15,0,0,0,0,32,0,0
11273795,0000036F,false,Rx,0,8,28,31,1,0,0,0,0,0
11273813,0000037F,false,Rx,0,8,32,C0,52,24,41,2,0,0
11277590,0000030B,false,Rx,0,8,F5,FF,75,0,4,0,0,0
11277636,0000030C,false,Rx,0,8,0,0,0E,0,2C,0,A0,0F
11277655,0000030D,false,Rx,0,8,0,0,0,0,48,0,0,0
11277672,000001E1,false,Rx,0,8,9F,9A,E8,2,0,0,0,0
11277690,0000030E,false,Rx,0,8,0,0,38,5,21,0,0,0A
11278598,000001E2,false,Rx,0,8,0,0,0,0,0,0,0,0
11281705,121,false,Rx,0,8,A5,4C,95,0,0,0,0,5
11281740,122,false,Rx,0,8,FF,D9,67,1F,46,46,46,46
11281765,123,false,Rx,0,8,11,3,0,0,0,0,1,35
11281783,124,false,Rx,0,8,0,0,0A,0,0,0,20,40
11286602,36,false,Rx,0,8,D7,5E,97,51,0,0,25,1
11286642,37,false,Rx,0,8,0,0,0,10,0,40,0,0
11286661,38,false,Rx,0,8,4,0,0,0,90,38,96,D4
11287600,39,false,Rx,0,8,0,0,0,0,0,0,0,0
11289793,61,false,Rx,0,8,C4,39,9D,0,0,0,0,0
11289832,62,false,Rx,0,8,2,2,0,2,40,FF,0,FF
11289850,63,false,Rx,0,8,0,0,5,0,0,8,FD,0
11290716,64,false,Rx,0,8,0,0,0,4,FF,FA,0,0
11290749,000000A1,false,Rx,0,8,0D,47,9D,1A,0,0,0,0
11290785,000000A2,false,Rx,0,8,0,0,0,0,0,0,0,0
11290802,000000A3,false,Rx,0,8,0,40,1,0,0,0,0,0
11293589,405,false,Rx,0,8,BD,30,0,0,0,1,0,0
11293636,413,false,Rx,0,8,6F,30,0,0,0,0,0,0
11294619,410,false,Rx,0,8,4B,80,59,3C,16,6B,FF,FF
11294652,414,false,Rx,0,8,F0,10,0,0,28,0,0,0
11294670,411,false,Rx,0,8,A8,1,50,50,0,0,44,4
11294687,416,false,Rx,0,8,55,0,0,0,0,0,0,0
11295720,412,false,Rx,0,8,6D,60,0,0,0,0,0,0
11296169,151,false,Rx,0,8,24,6E,75,A0,C8,0,28,19
11296193,000001F6,false,Rx,0,8,17,4D,75,0,0,0,0,0E
11296211,152,false,Rx,0,8,16,18,18,0,0B,0,0,0
11296228,000001F7,false,Rx,0,8,0B,0,0,0,0,0,0,0
11296246,0000011B,false,Rx,0,8,1,44,8A,5,80,8,A8,2
11296597,153,false,Rx,0,8,0,0,0,0,0,0,0,0
11296620,0000011C,false,Rx,0,8,0,5,20,0,22,0,1,1
11297666,0000012B,false,Rx,0,8,46,BE,8A,6,0,0,8,0
11297701,000001F8,false,Rx,0,8,0,0,0,0,0,0,0,0
11297719,0000012C,false,Rx,0,8,0,0,1,0,0,64,0,0
11297737,000001F9,false,Rx,0,8,0,0,A0,C8,14,0,0,0
11299042,154,false,Rx,0,8,0,0,0,0,0,0,0,0
11299076,236,false,Rx,0,8,86,B0,75,0,6E,3C,34,6C
11299094,000002FB,false,Rx,0,8,78,47,75,4,5F,1A,CC,CC
11299112,237,false,Rx,0,8,0,15,BA,0,0,AA,1E,0
11299130,000002FC,false,Rx,0,8,3,0,16,19,0,0,8E,BF
11299579,000002FD,false,Rx,0,8,0,0,0,0,0,1C,0E,EA
11299605,239,false,Rx,0,8,0,0,0,0,1,0,0,0
11300757,000002FE,false,Rx,0,8,0,0,72,1,0,28,0,0
11301100,0000025B,false,Rx,0,8,1E,CC,75,40,40,20,0,0
11302228,326,false,Rx,0,8,ED,13,75,0,0,0,0,0
11302291,0000025C,false,Rx,0,8,0,0,0B,0,34,89,19,0
11302309,327,false,Rx,0,8,0,0,0,0,5,0,0,0
11302326,0000025D,false,Rx,0,8,0,C8,0,0,0,80,C0,70
11302344,328,false,Rx,0,8,0,0,0,0,0,0,0,0
11302375,0000025E,false,Rx,0,8,2E,7,0E,4,0,0,0,0
11302393,417,false,Rx,0,8,5F,20,0,0,0,0,0,0
11303577,332,false,Rx,0,8,94,2,0,0,0,0,0,0
11303602,418,false,Rx,0,8,19,70,0,0,12,0C,0,0
11303620,333,false,Rx,0,8,0,0,0,1C,0C,40,20,A0
11303638,419,false,Rx,0,8,23,0,8B,D6,7D,86,90,0
11303656,334,false,Rx,0,8,C8,0,0,0,AC,70,1D,90
11304792,000004A3,false,Rx,0,8,80,0,48,0B,3E,0,0,0
11304827,000004A4,false,Rx,0,8,FF,FF,FF,0,0,0,0,0
11306585,0000010B,false,Rx,0,8,1,52,99,0,0,0,0,5
11306612,0000010C,false,Rx,0,8,FF,F9,E7,1F,46,44,46,46
11306630,0000010D,false,Rx,0,8,10,3,0,0,0,0,1,35
11306647,0000010E,false,Rx,0,8,0,0,0A,0,0,C0,AB,57
11308226,000002AB,false,Rx,0,8,EF,3F,76,0C,0C,0,0,0
11308262,000002AC,false,Rx,0,8,0,FF,FF,0,0,40,0,50
11308280,000002AD,false,Rx,0,8,0,1,0,40,FF,FF,FF,0F
11308298,485,false,Rx,0,8,0,40,11,2,0,0,0,0
11308322,251,false,Rx,0,8,C3,63,75,0,0,0,0,0
11308340,000002AE,false,Rx,0,8,1,0,FF,3F,1,1,0,0
11308612,252,false,Rx,0,8,0,0,0,0,3,0,0,0
11309569,000002B6,false,Rx,0,8,9D,4E,76,1,0,0,0,40
11309590,253,false,Rx,0,8,0,0,0,51,51,0,80,44
11309608,000002B7,false,Rx,0,8,8,2,F0,0,0,4,0,0
11309625,396,false,Rx,0,8,6E,94,BA,0F,8,1,0,2
11310569,000002B8,false,Rx,0,8,AA,11,11,0,0,0,0,0
11310590,397,false,Rx,0,8,10,0,0,0,0,0,0,0
11310827,000002B9,false,Rx,0,8,0A,0,0,0,0,0,0,0
11310858,398,false,Rx,0,8,0,0,0,0,0,0,0,0
11310876,000002E1,false,Rx,0,8,CC,1A,76,0,0,0,0,40
11312101,000002E2,false,Rx,0,8,FD,0,0,0,0,14,0,4
11312136,000002E3,false,Rx,0,8,0,0,0,0,0,0,72,1
11312155,000002E4,false,Rx,0,8,2,0,0,0,0,0,0,0
11313962,000001AB,false,Rx,0,8,A1,E7,94,50,70,38,0,0
11313997,000001AC,false,Rx,0,8,0,28,0,0,0,0,0,0
11314016,226,false,Rx,0,8,34,DF,51,FF,43,E1,5,42
11314033,227,false,Rx,0,8,2,70,E1,8,0,F2,17,4
11316699,000003A1,false,Rx,0,8,2,79,CB,0,FF,FF,FF,FF
11317592,000003A2,false,Rx,0,8,0,0,0,0,0,0,0,0
11318654,383,false,Rx,0,8,12,ED,1,0,2,0,0,0
11322596,0000019B,false,Rx,0,8,7C,83,97,0,0,E4,0,0
11322635,0000019C,false,Rx,0,8,40,20,0,0,0,0,0B,9
11322654,0000019D,false,Rx,0,8,0,10,0,1,0,0,0,0
11323617,0000019E,false,Rx,0,8,15,0,0,0,0,32,0,0
11323650,000002D6,false,Rx,0,8,5E,2F,BA,0,0,0,0,0
11323668,000002EB,false,Rx,0,8,CA,66,BA,9,8,1,0,2
11324627,000002D7,false,Rx,0,8,0,0,0,0,3,0,0,0
11324661,000002EC,false,Rx,0,8,2,0,0,0,0,0,0,0
11324678,000002D8,false,Rx,0,8,0,0,0,0,0,0,38,45
11325881,000002ED,false,Rx,0,8,0,0,0,0,0,0,0,0
11325907,000002D9,false,Rx,0,8,0,0,0,0,0,0,0,0
11325925,000002EE,false,Rx,0,8,0,0,0,0,0,0,0,0
11328548,356,false,Rx,0,8,D4,3F,BB,0,0,0,0,0
11328628,357,false,Rx,0,8,0,0,0,0,0,4B,4D,48
11328646,358,false,Rx,0,8,35,41,45,4D,52,37,33,4F
11328664,359,false,Rx,0,8,51,4F,34,52,4A,35,33,0
11331062,000000FF,false,Rx,0,8,CB,10,0,0,0,0,2,0
11331580,121,false,Rx,0,8,24,38,9A,0,0,0,0,5
11331606,122,false,Rx,0,8,FF,D9,67,1F,46,46,46,46
11332643,394,false,Rx,0,8,2A,22,1A,49,0,0,0,0
11332678,123,false,Rx,0,8,11,3,0,0,0,0,1,35
11332696,000003C3,false,Rx,0,8,45,10,31,30,36,0,0,0
11332714,124,false,Rx,0,8,0,0,0A,0,0,0,20,40
11333118,000003E0,false,Rx,0,8,66,20,1,0,54,3,0,0
11333148,000003E5,false,Rx,0,8,37,80,1,0,0,0,0,0
11333188,000003E6,false,Rx,0,8,67,90,0,0,0,0,0,0
11334110,0000041A,false,Rx,0,8,8D,D0,12,0,0,0,0,0
11335348,0000041B,false,Rx,0,8,70,D0,0,0,0,0,0,0
11335380,0000041C,false,Rx,0,8,48,0,E0,0,0,0,0,0
11335559,422,false,Rx,0,8,9D,70,1,0,0,0,4,0
11335578,432,false,Rx,0,8,3,20,2,0,0,0,0,0
11337095,161,false,Rx,0,8,99,33,47,3,0,0,0,2
11337532,162,false,Rx,0,8,FF,FC,1,0,0,0,0,0
11337628,36,false,Rx,0,8,6F,5F,9C,51,0,0,25,1
11337654,435,false,Rx,0,8,26,C0,0,40,0,0,0,0
11337672,37,false,Rx,0,8,0,0,0,10,0,40,0,0
11337689,39,false,Rx,0,8,0,0,0,0,0,0,0,0
11339097,384,false,Rx,0,8,E9,DC,2,0,0,FF,0,21
11339131,442,false,Rx,0,8,CE,20,11,81,0,0,0,0
11339149,444,false,Rx,0,8,D5,20,20,50,55,50,0,0
11339182,000003B6,false,Rx,0,8,C0,0C,B9,0,0,0,0,46
11339200,445,false,Rx,0,8,C6,C0,0,0,0,0,0,18
11339218,000003B7,false,Rx,0,8,46,0,0,0,0,0,0,0
11339611,61,false,Rx,0,8,2B,10,A2,0,0,0,0,0
11340695,000003B8,false,Rx,0,8,0C,3,0,0,0,0,69,0E
11341125,62,false,Rx,0,8,2,2,0,2,40,FF,0,FF
11342416,000003B9,false,Rx,0,8,0,0,0,0,0,0,0,0
11342435,63,false,Rx,0,8,0,0,5,0,0,8,FD,0
11342470,464,false,Rx,0,8,D5,20,F0,FF,38,7F,5,0
11342488,64,false,Rx,0,8,0,0,0,4,FF,FA,0,0
11342505,91,false,Rx,0,8,90,8C,74,0,0,0,0,0
11342523,000000A2,false,Rx,0,8,0,0,0,0,0,0,0,0
11343868,000000A3,false,Rx,0,8,0,40,1,0,0,0,0,0
11346823,0000011B,false,Rx,0,8,F7,6C,8F,5,80,8,A8,2
11346859,0000012B,false,Rx,0,8,B0,96,8F,6,0,0,8,0
11346877,0000011C,false,Rx,0,8,0,5,20,0,22,0,1,1
11346895,0000012C,false,Rx,0,8,0,0,1,0,0,64,0,0
11349717,000001E6,false,Rx,0,8,7F,D6,E8,2,0,0,0,0
11349770,000001BB,false,Rx,0,8,C4,8C,E8,2,0,0,0,0A
11349788,000001BC,false,Rx,0,8,32,0,0,0,2,0,0,0
11349806,000001BD,false,Rx,0,8,0,0,0,0,0,0,0,0
11349824,000001E7,false,Rx,0,8,0,0,22,3,20,1,0,0
11351400,146,false,Rx,0,8,50,2A,44,10,4,1,0,0
11351435,147,false,Rx,0,8,0,4,7D,0,40,0,0,0
11351453,148,false,Rx,0,8,0,0,0,0,0,90,40,5
11351858,149,false,Rx,0,8,0,0,0,0,0,0,0,0
11354145,495,false,Rx,0,8,49,0,0,0,0,0,0,0
11354531,000003AA,false,Rx,0,8,FF,0,B0,0,54,0,0,0
11356030,0000010B,false,Rx,0,8,F2,CC,9E,0,0,0,0,5
11356065,0000010C,false,Rx,0,8,FF,F9,E7,1F,46,44,46,46
11357009,0000010D,false,Rx,0,8,10,3,0,0,0,0,1,35
11357439,0000010E,false,Rx,0,8,0,0,0A,0,0,C0,AB,57
11357459,000001B1,false,Rx,0,8,55,B7,44,0,72,0,0,0
11357477,000001B2,false,Rx,0,8,23,0,4,0F,0F,7,52,10
11358609,000001B3,false,Rx,0,8,10,2C,0,0,87,91,96,90
11358644,000001B4,false,Rx,0,8,95,91,17,0,0,40,1,0
11363589,380,false,Rx,0,8,AD,D7,FF,0,0,0,0,1
11363630,516,false,Rx,0,8,61,2,0,0,0,0,FF,FF
11366601,000001A1,false,Rx,0,8,E6,93,48,FE,F7,7F,64,0
11366640,000001A2,false,Rx,0,8,0,0,0,0,0,8,0,0
11366658,000001A3,false,Rx,0,8,FF,F3,3F,0,0,0,0,0
11366676,000001A4,false,Rx,0,8,FE,7,0,0,0,0,0,0
11367606,000003B0,false,Rx,0,8,72,37,FF,C7,0,0,3,C0
11368916,000003B1,false,Rx,0,8,9B,3C,FF,40,0,0,20,0
11370267,448,false,Rx,0,8,0,C0,0,0,0,0,0,0
11372064,000000C5,false,Rx,0,8,0,0,0,0,0,0,0,0
11372244,244,false,Rx,0,8,FF,FF,FF,FF,FF,FF,FF,FF
11372262,000004B4,false,Rx,0,8,0,0,0,0,0,0,0,0
11372280,0000019B,false,Rx,0,8,C4,82,9C,0,0,E4,0,0
11372576,000004B5,false,Rx,0,8,8,0,F0,7,0,0,0,0
11373991,0000019C,false,Rx,0,8,40,20,0,0,0,0,0B,9
11374027,000004B7,false,Rx,0,8,8,0,F0,7,0,0,0,0
11374045,0000019D,false,Rx,0,8,0,10,0,1,0,0,0,0
11374063,0000036F,false,Rx,0,8,20,41,1,0,0,0,0,0
11375320,0000019E,false,Rx,0,8,15,0,0,0,0,32,0,0
11375357,000004CA,false,Rx,0,8,0,0,0,0,0,0,0,0
11375376,000004CC,false,Rx,0,8,8,0,0,6,0,0,3,0
11375563,000004CE,false,Rx,0,8,14,1,FF,FF,FF,FF,FF,FF
11375582,000004D7,false,Rx,0,8,23,1,0,0,0,0,0,0
11375599,000004DD,false,Rx,0,8,0,0,FE,0,4,0,0,0
11377997,000004DF,false,Rx,0,8,FF,3,0C,3F,0,0,0,0
11378070,000004E7,false,Rx,0,8,0,30,0,0,0,0,69,0
11378105,000004E8,false,Rx,0,8,FF,FF,FF,5,FF,FF,FF,0
11378521,000004E9,false,Rx,0,8,12,0,0,34,0,0,50,0
11379545,000004EA,false,Rx,0,8,67,0,0,89,0,0,0,0
11380725,000004EB,false,Rx,0,8,10,80,33,3,80,0,0,0
11382022,000004EE,false,Rx,0,8,FF,FF,0,0,0,0,0,0
11383217,000004EF,false,Rx,0,8,60,0,60,0,29,14,0,0
11383237,0000063D,false,Rx,0,8,0,80,0,0,0,0,0,0
11383255,0000063E,false,Rx,0,8,FF,FF,FF,FF,FF,FF,FF,FF
11383272,641,false,Rx,0,8,FF,FF,FF,FF,0F,FF,FF,FF
11384778,121,false,Rx,0,8,5B,14,9F,0,0,0,0,5
11387313,36,false,Rx,0,8,0C,C4,A1,51,0,0,25,1
11387722,37,false,Rx,0,8,0,0,0,10,0,40,0,0
11387740,38,false,Rx,0,8,4,0,0,0,90,38,96,D4
11387758,39,false,Rx,0,8,0,0,0,0,0,0,0,0
11390413,61,false,Rx,0,8,54,3C,A7,0,0,0,0,0
11390448,62,false,Rx,0,8,2,2,0,2,40,FF,0,FF
11390466,63,false,Rx,0,8,0,0,5,0,0,8,FD,0
11390495,64,false,Rx,0,8,0,0,0,4,FF,FA,0,0
11390513,000000A1,false,Rx,0,8,C7,41,A7,1A,0,0,0,0
11390531,000000A2,false,Rx,0,8,0,0,0,0,0,0,0,0
11391628,000000A3,false,Rx,0,8,0,40,1,0,0,0,0,0
11393046,0000042A,false,Rx,0,8,F4,DE,FF,1,0,10,0,0
11394596,000001F1,false,Rx,0,8,AE,48,BB,1,0,0,28,0
11394632,000001F2,false,Rx,0,8,0,0,0,0,0,0,0,0
11397284,0000011B,false,Rx,0,8,35,B6,94,5,80,8,A8,2
11397319,0000012B,false,Rx,0,8,72,4C,94,6,0,0,8,0
11397337,0000011C,false,Rx,0,8,0,5,20,0,22,0,1,1
11397354,0000012C,false,Rx,0,8,0,0,1,0,0,64,0,0
11397575,000001FB,false,Rx,0,8,8E,71,75,0,0,0,0,0
11398666,000001FC,false,Rx,0,8,0,0,0,0,0,0,0,0
11398701,000001FD,false,Rx,0,8,0,1A,3,0,0,0,0,0
11398719,000001FE,false,Rx,0,8,0,0,0,0,0,0,0,0
11406590,0000010B,false,Rx,0,8,91,57,A3,0,0,0,0,5
11406629,0000010C,false,Rx,0,8,FF,F9,E7,1F,46,44,46,46
11406648,0000010D,false,Rx,0,8,10,3,0,0,0,0,1,35
11406666,0000010E,false,Rx,0,8,0,0,0A,0,0,C0,AB,57
11407824,000002C1,false,Rx,0,8,45,C3,BC,21,0,41,0,AA
11407859,000002C2,false,Rx,0,8,22,0,0,0,0,0,0,0
11408590,000002C3,false,Rx,0,8,0,0,0,0,0,0,0,0
11408616,000002C4,false,Rx,0,8,0,0,0,0,0,0,0,0
11413582,000001AB,false,Rx,0,8,D2,DE,99,50,70,38,0,0
11413611,000001AC,false,Rx,0,8,0,28,0,0,0,0,0,0
11413629,000002FF,false,Rx,0,8,E2,1,0,F1,3F,0,0,0
11414564,316,false,Rx,0,8,1E,AC,A9,34,14,80,0A,0
11414586,472,false,Rx,0,8,5C,EC,0,40,8,41,0,45
11414604,317,false,Rx,0,8,0,0,5,0,0,0,0,0
11414622,473,false,Rx,0,8,5F,24,0,25,0,0,0,78
11415562,474,false,Rx,0,8,93,44,0,0,0,0,0,14
11422564,0000019B,false,Rx,0,8,A7,19,A1,0,0,E4,0,0
11422583,0000019C,false,Rx,0,8,40,20,0,0,0,0,0B,9
11423563,0000019D,false,Rx,0,8,0,10,0,1,0,0,0,0
11423585,0000019E,false,Rx,0,8,15,0,0,0,0,32,0,0
11427564,0000033B,false,Rx,0,8,A8,1D,77,0,0,0,0,0
11427587,000001E1,false,Rx,0,8,D2,72,EB,2,0,0,0,0
11427605,0000033C,false,Rx,0,8,0,0,0,0,F0,0,0,0
11428563,000001E2,false,Rx,0,8,0,0,0,0,0,0,0,0
11428585,0000033D,false,Rx,0,8,0,0,0,0,0,0,0,0
11428603,0000033E,false,Rx,0,8,0,0,0,0,0,0,0,0
11431568,121,false,Rx,0,8,8D,48,A4,0,0,0,0,5
11431590,122,false,Rx,0,8,FF,D9,67,1F,46,46,46,46
11431608,123,false,Rx,0,8,11,3,0,0,0,0,1,35
11432565,124,false,Rx,0,8,0,0,0A,0,0,0,20,40
11433564,419,false,Rx,0,8,DC,10,8A,D6,7D,86,90,0
11436568,161,false,Rx,0,8,51,CA,4C,3,0,0,0,2
11436593,162,false,Rx,0,8,FF,FC,1,0,0,0,0,0
11436610,36,false,Rx,0,8,FF,5A,A6,51,0,0,25,1
11436628,37,false,Rx,0,8,0,0,0,10,0,40,0,0
11437569,38,false,Rx,0,8,4,0,0,0,90,38,96,D4
11437592,39,false,Rx,0,8,0,0,0,0,0,0,0,0
11438566,000002E6,false,Rx,0,8,A6,A8,74,1,0,0,0,15
11438588,256,false,Rx,0,8,DF,65,74,15,40,0,E0,0
11438605,000002E7,false,Rx,0,8,0A,0,0,0,0,0,0,0
11439750,257,false,Rx,0,8,0,93,41,16,86,7,0,93
11439775,000002E8,false,Rx,0,8,0,0,0,0,0,0,0,0
11439793,61,false,Rx,0,8,EC,3D,AC,0,0,0,0,0
11439811,258,false,Rx,0,8,0B,74,1E,0,10,15,0,28
11439828,62,false,Rx,0,8,2,2,0,2,40,FF,0,FF
11440657,259,false,Rx,0,8,49,5,8A,3C,4C,2,0,0
11440694,63,false,Rx,0,8,0,0,5,0,0,8,FD,0
11440712,000002E9,false,Rx,0,8,0,0,0,0,0,0,0,0
11440730,64,false,Rx,0,8,0,0,0,4,FF,FA,0,0
11441657,401,false,Rx,0,8,A9,30,10,0,0,4,0,0
11441680,91,false,Rx,0,8,D6,D5,75,0,0,0,0,0
11441710,92,false,Rx,0,8,0,0,0,0,0,0,0,0
11441729,93,false,Rx,0,8,0,0,0,0,0,0,0,0
11442651,94,false,Rx,0,8,0,0,0,0,0,0,0,0
11442674,000000A1,false,Rx,0,8,FB,B0,AC,1A,0,0,0,0
11442692,000000A2,false,Rx,0,8,0,0,0,0,0,0,0,0
11442720,000000A3,false,Rx,0,8,0,40,1,0,0,0,0,0
11446634,0000011B,false,Rx,0,8,46,8F,99,5,80,8,A8,2
11446658,0000011C,false,Rx,0,8,0,5,20,0,22,0,1,1
11447613,0000012B,false,Rx,0,8,1,75,99,6,0,0,8,0
11447638,0000012C,false,Rx,0,8,0,0,1,0,0,64,0,0
11449577,000002BF,false,Rx,0,8,FF,FF,FF,0,0,0,0,0
11449610,0000047F,false,Rx,0,8,FF,FF,FF,FF,FF,FF,F3,FF
11449629,653,false,Rx,0,8,0A,19,3,1,2,2A,0,0
11451580,146,false,Rx,0,8,5D,EC,49,10,4,1,0,0
11451607,147,false,Rx,0,8,0,4,7D,0,40,0,0,0
11451625,148,false,Rx,0,8,0,0,0,0,0,90,40,5
11452570,149,false,Rx,0,8,0,0,0,0,0,0,0,0
11456593,0000010B,false,Rx,0,8,29,56,A8,0,0,0,0,5
11456629,0000010C,false,Rx,0,8,FF,F9,E7,1F,46,44,46,46
11456648,0000010D,false,Rx,0,8,10,3,0,0,0,0,1,35
11456666,0000010E,false,Rx,0,8,0,0,0A,0,0,C0,AB,57
11457633,000001B1,false,Rx,0,8,58,71,49,0,72,0,0,0
11457680,000001B2,false,Rx,0,8,23,0,4,0F,0F,7,52,10
11457698,000001B3,false,Rx,0,8,10,2C,0,0,87,91,96,90
11458609,000001B4,false,Rx,0,8,95,91,17,0,0,40,1,0
11461057,475,false,Rx,0,8,12,0,0,0,0,0,0,0
11461096,496,false,Rx,0,8,12,0,0,0,0,0,0,0
11463093,487,false,Rx,0,8,0,0,0,0,0,0,0,0
11463128,561,false,Rx,0,8,63,2,0,0,0,0,FF,FF
11463146,642,false,Rx,0,8,FF,FF,FF,FF,FF,FF,0,0
11465342,111,false,Rx,0,8,A0,19,B0,1,0,0,0,0
11465377,112,false,Rx,0,8,0,0,0,0,0,0,0,0
11465396,113,false,Rx,0,8,0,0,0,0,0,0,0,0
11465565,114,false,Rx,0,8,0,0,0,0,0,0,0,0
11466675,000001A1,false,Rx,0,8,99,BF,4D,FE,F7,7F,64,0
11466710,000001A2,false,Rx,0,8,0,0,0,0,0,8,0,0
11466728,000001A3,false,Rx,0,8,FF,F3,3F,0,0,0,0,0
11466746,000001A4,false,Rx,0,8,FE,7,0,0,0,0,0,0
11472601,0000019B,false,Rx,0,8,54,87,A6,0,0,E4,0,0
11472641,0000019C,false,Rx,0,8,40,20,0,0,0,0,0B,9
11472659,0000019D,false,Rx,0,8,0,10,0,1,0,0,0,0
11473608,0000019E,false,Rx,0,8,15,0,0,0,0,32,0,0
11474833,0000036F,false,Rx,0,8,99,51,1,0,0,0,0,0
11474859,419,false,Rx,0,8,DC,10,8A,D6,7D,86,90,0
11474876,0000037F,false,Rx,0,8,5D,E0,52,24,41,2,0,0
11477735,0000030B,false,Rx,0,8,1A,0E,77,0,4,0,0,0
11477770,0000030C,false,Rx,0,8,0,0,0E,0,2C,0,A0,0F
11477789,0000030D,false,Rx,0,8,0,0,0,0,48,0,0,0
11477806,0000030E,false,Rx,0,8,0,0,38,5,21,0,0,1A
11481781,121,false,Rx,0,8,80,8E,A9,0,0,0,0,5
11481817,122,false,Rx,0,8,FF,D9,67,1F,46,46,46,46
11481835,123,false,Rx,0,8,11,3,0,0,0,0,1,35
11481853,124,false,Rx,0,8,0,0,0A,0,0,0,20,40
11486589,36,false,Rx,0,8,F2,9C,AB,51,0,0,25,1
11486626,37,false,Rx,0,8,0,0,0,10,0,40,0,0
11486644,38,false,Rx,0,8,4,0,0,0,90,38,96,D4
11487598,39,false,Rx,0,8,0,0,0,0,0,0,0,0
11489591,61,false,Rx,0,8,24,3F,B1,0,0,0,0,0
11489626,62,false,Rx,0,8,2,2,0,2,40,FF,0,FF
11490576,63,false,Rx,0,8,0,0,5,0,0,8,FD,0
11490597,64,false,Rx,0,8,0,0,0,4,FF,FA,0,0
11490615,000000A1,false,Rx,0,8,9E,B3,B1,1A,0,0,0,0
11490633,000000A2,false,Rx,0,8,0,0,0,0,0,0,0,0
11492367,000000A3,false,Rx,0,8,0,40,1,0,0,0,0,0
11493577,405,false,Rx,0,8,BD,30,0,0,0,1,0,0
11493605,413,false,Rx,0,8,6F,30,0,0,0,0,0,0
11495240,410,false,Rx,0,8,4B,80,59,3C,16,6B,FF,FF
11495275,414,false,Rx,0,8,F0,10,0,0,28,0,0,0
11495293,411,false,Rx,0,8,A8,1,50,50,0,0,44,4
11497756,416,false,Rx,0,8,55,0,0,0,0,0,0,0
11497783,412,false,Rx,0,8,6D,60,0,0,0,0,0,0
11498205,152,false,Rx,0,8,16,18,18,0,0B,0,0,0
11498239,000001F6,false,Rx,0,8,9B,FF,77,0,0,0,0,0E
11498258,0000011B,false,Rx,0,8,D9,E7,9E,5,80,8,A8,2
11498275,000001F9,false,Rx,0,8,0,0,A0,C8,14,0,0,0
11498303,000002FB,false,Rx,0,8,F4,F5,77,4,5F,1A,CC,CC
11498321,237,false,Rx,0,8,0,15,BA,0,0,AA,1E,0
11498582,000002FC,false,Rx,0,8,3,0,16,19,0,0,8E,BF
11500371,000001E6,false,Rx,0,8,32,3E,EB,2,0,0,0,0
11500407,238,false,Rx,0,8,0,0,5F,0,0,0,0,0
11500424,000001E7,false,Rx,0,8,0,0,22,3,20,1,0,0
11500442,239,false,Rx,0,8,0,0,0,0,1,0,0,0
11500846,000001BB,false,Rx,0,8,C1,D5,EB,2,0,0,0,0A
11500874,0000025C,false,Rx,0,8,0,0,0B,0,34,89,19,0
11500894,000001BD,false,Rx,0,8,0,0,0,0,0,0,0,0
11501586,0000025D,false,Rx,0,8,0,C8,0,0,0,80,C0,70
11501610,000002FD,false,Rx,0,8,0,0,0,0,0,1C,0E,EA
11501627,0000025E,false,Rx,0,8,1E,7,0E,3,0,0,0,0
11502567,000002FE,false,Rx,0,8,0,0,72,1,0,28,0,0
11502589,382,false,Rx,0,8,F1,7A,1,0,0,1,8,0
11502607,326,false,Rx,0,8,61,A1,77,0,0,0,0,0
11502625,417,false,Rx,0,8,5F,20,0,0,0,0,0,0
11503566,327,false,Rx,0,8,0,0,0,0,5,0,0,0
11503587,418,false,Rx,0,8,19,70,0,0,12,0C,0,0
11503604,328,false,Rx,0,8,0,0,0,0,0,0,0,0
11503622,419,false,Rx,0,8,44,20,8A,D6,79,86,90,0
11504567,329,false,Rx,0,8,A0,0,0,0,0,0,0,0
11504590,000004A3,false,Rx,0,8,80,0,48,0B,3E,0,0,0
11504607,331,false,Rx,0,8,72,EE,77,F1,C8,A0,2C,97
11504632,000004A4,false,Rx,0,8,FF,FF,FF,0,0,0,0,0
11504649,332,false,Rx,0,8,94,2,0,0,0,0,0,0
11505565,333,false,Rx,0,8,0,0,0,1C,0C,40,20,A0
11505584,334,false,Rx,0,8,C8,0,0,0,AC,70,1D,90
11506663,0000010B,false,Rx,0,8,56,7A,AD,0,0,0,0,5
11506696,0000010C,false,Rx,0,8,FF,F9,E7,1F,46,44,46,46
11506714,0000010D,false,Rx,0,8,10,3,0,0,0,0,1,35
11506732,0000010E,false,Rx,0,8,0,0,0A,0,0,C0,AB,57
11508341,000002AB,false,Rx,0,8,28,12,78,0C,0C,0,0,0
11508375,000002AC,false,Rx,0,8,0,FF,FF,0,0,40,0,50
11508393,000002AD,false,Rx,0,8,0,1,0,40,FF,FF,FF,0F
11508572,000002AE,false,Rx,0,8,1,0,FF,3F,1,1,0,0
11508589,251,false,Rx,0,8,C5,0D,77,0,0,0,0,0
11508607,000002B6,false,Rx,0,8,5A,63,78,1,0,0,0,40
11508625,252,false,Rx,0,8,0,0,0,0,3,0,0,0
11509734,000002B7,false,Rx,0,8,8,2,F0,0,0,4,0,0
11509779,253,false,Rx,0,8,0,0,0,51,51,0,80,44
11509797,000002B8,false,Rx,0,8,AA,11,11,0,0,0,0,0
11509815,396,false,Rx,0,8,24,56,BB,0F,8,1,0,2
11509832,000002B9,false,Rx,0,8,0A,0,0,0,0,0,0,0
11510571,397,false,Rx,0,8,35,0,0,0,0,0,0,0
11510594,000002E1,false,Rx,0,8,0B,37,78,0,0,0,0,40
11510612,398,false,Rx,0,8,0,0,0,0,0,0,0,0
11511566,000002E2,false,Rx,0,8,FD,0,0,0,0,14,0,4
11511586,000002E3,false,Rx,0,8,0,0,0,0,0,0,72,1
11511604,000002E4,false,Rx,0,8,2,0,0,0,0,0,0,0
11512980,000001AB,false,Rx,0,8,4D,B6,9E,50,70,38,0,0
11513398,000001AC,false,Rx,0,8,0,28,0,0,0,0,0,0
11513421,226,false,Rx,0,8,5D,9F,53,FF,43,E1,5,42
11513438,227,false,Rx,0,8,2,70,E1,8,0,F2,17,4
11516693,000003A1,false,Rx,0,8,9D,11,CC,0,FF,FF,FF,FF
11516731,000003A2,false,Rx,0,8,0,0,0,0,0,0,0,0
11517814,383,false,Rx,0,8,12,ED,1,0,2,0,0,0
11522597,0000019B,false,Rx,0,8,59,41,AB,0,0,E4,0,0
11522637,0000019C,false,Rx,0,8,40,20,0,0,0,0,0B,9
11522655,0000019D,false,Rx,0,8,0,10,0,1,0,0,0,0
11524836,0000019E,false,Rx,0,8,15,0,0,0,0,32,0,0
11524887,000002D6,false,Rx,0,8,18,76,BB,0,0,0,0,0
11524905,000002EB,false,Rx,0,8,8C,3F,BB,9,8,1,0,2
11524923,000002D7,false,Rx,0,8,0,0,0,0,3,0,0,0
11524940,000002EC,false,Rx,0,8,2,0,0,0,0,0,0,0
11524958,000002D9,false,Rx,0,8,0,0,0,0,0,0,0,0
11525592,000002EE,false,Rx,0,8,0,0,0,0,0,0,0,0
11527566,356,false,Rx,0,8,27,A1,BC,0,0,0,0,0
11529119,357,false,Rx,0,8,0,0,0,0,0,4B,4D,48
11529477,358,false,Rx,0,8,35,41,45,4D,52,37,33,4F
11529507,359,false,Rx,0,8,51,4F,34,52,4A,35,33,0
11531725,000000FF,false,Rx,0,8,CB,10,0,0,0,0,2,0
11531778,121,false,Rx,0,8,73,10,AE,0,0,0,0,5
11531796,122,false,Rx,0,8,FF,D9,67,1F,46,46,46,46
11531813,394,false,Rx,0,8,2A,22,1A,49,0,0,0,0
11531831,123,false,Rx,0,8,11,3,0,0,0,0,1,35
11532588,000003C3,false,Rx,0,8,45,10,31,30,36,0,0,0
11532611,124,false,Rx,0,8,0,0,0A,0,0,0,20,40
11532628,000003E0,false,Rx,0,8,66,20,1,0,54,3,0,0
11533572,000003E5,false,Rx,0,8,37,80,1,0,0,0,0,0
11533593,000003E6,false,Rx,0,8,67,90,0,0,0,0,0,0
11533611,0000041A,false,Rx,0,8,8D,D0,12,0,0,0,0,0
11533629,0000041B,false,Rx,0,8,70,D0,0,0,0,0,0,0
11534569,0000041C,false,Rx,0,8,48,0,E0,0,0,0,0,0
11534590,422,false,Rx,0,8,9D,70,1,0,0,0,4,0
11534608,432,false,Rx,0,8,3,20,2,0,0,0,0,0
11536566,161,false,Rx,0,8,28,D0,51,3,0,0,0,2
11536587,162,false,Rx,0,8,FF,FC,1,0,0,0,0,0
11536604,36,false,Rx,0,8,8F,59,B0,51,0,0,25,1
11536622,435,false,Rx,0,8,26,C0,0,40,0,0,0,0
11537569,37,false,Rx,0,8,0,0,0,10,0,40,0,0
11537590,38,false,Rx,0,8,4,0,0,0,90,38,96,D4
11537608,39,false,Rx,0,8,0,0,0,0,0,0,0,0
11539146,384,false,Rx,0,8,E9,DC,2,0,0,FF,0,21
11539194,442,false,Rx,0,8,CE,20,11,81,0,0,0,0
11539213,444,false,Rx,0,8,D5,20,20,50,55,50,0,0
11539230,000003B6,false,Rx,0,8,0A,E7,BA,0,0,0,0,46
11539248,445,false,Rx,0,8,C6,C0,0,0,0,0,0,18
11539266,000003B7,false,Rx,0,8,46,0,0,0,0,0,0,0
11540925,61,false,Rx,0,8,D7,A1,B6,0,0,0,0,0
11540983,000003B8,false,Rx,0,8,0C,3,0,0,0,0,69,0E
11541001,62,false,Rx,0,8,2,2,0,2,40,FF,0,FF
11541019,000003B9,false,Rx,0,8,0,0,0,0,0,0,0,0
11541036,63,false,Rx,0,8,0,0,5,0,0,8,FD,0
11541054,464,false,Rx,0,8,D5,20,F0,FF,38,7F,5,0
11542436,419,false,Rx,0,8,44,20,8A,D6,79,86,90,0
11542487,91,false,Rx,0,8,1C,3E,76,0,0,0,0,0
11542505,92,false,Rx,0,8,0,0,0,0,0,0,0,0
11542523,93,false,Rx,0,8,0,0,0,0,0,0,0,0
11543472,94,false,Rx,0,8,0,0,0,0,0,0,0,0
11543534,000000A1,false,Rx,0,8,97,36,B6,1A,0,0,0,0
11543689,000000A2,false,Rx,0,8,0,0,0,0,0,0,0,0
11543707,000000A3,false,Rx,0,8,0,40,1,0,0,0,0,0
11544579,000001F1,false,Rx,0,8,58,60,BE,1,0,0,28,0
11544614,000001F2,false,Rx,0,8,0,0,0,0,0,0,0,0
11546665,0000011B,false,Rx,0,8,B4,BB,A3,5,80,8,A8,2
11546700,0000011C,false,Rx,0,8,0,5,20,0,22,0,1,1
11546718,0000012B,false,Rx,0,8,F3,41,A3,6,0,0,8,0
11546735,0000012C,false,Rx,0,8,0,0,1,0,0,64,0,0
11551588,146,false,Rx,0,8,AE,72,4E,10,4,1,0,0
11551634,147,false,Rx,0,8,0,4,7D,0,40,0,0,0
11551652,148,false,Rx,0,8,0,0,0,0,0,90,40,5
11551670,149,false,Rx,0,8,0,0,0,0,0,0,0,0
11554415,495,false,Rx,0,8,49,0,0,0,0,0,0,0
11554456,000003AA,false,Rx,0,8,FF,0,B0,0,54,0,0,0
11557280,0000010B,false,Rx,0,8,12,CA,B2,0,0,0,0,5
11557316,0000010C,false,Rx,0,8,FF,F9,E7,1F,46,44,46,46
11557335,0000010D,false,Rx,0,8,10,3,0,0,0,0,1,35
11557352,0000010E,false,Rx,0,8,0,0,0A,0,0,C0,AB,57
11557370,000001B1,false,Rx,0,8,AB,EF,4E,0,72,0,0,0
11557562,000001B2,false,Rx,0,8,23,0,4,0F,0F,7,52,10
11559225,000001B3,false,Rx,0,8,10,2C,0,0,87,91,96,90
11559386,000001B4,false,Rx,0,8,95,91,17,0,0,40,1,0
11559404,563,false,Rx,0,8,65,2,0,0,0,0,FF,FF
11561403,0000034B,false,Rx,0,8,FF,FF,BF,31,D8,0D,5,1
11561440,0000034C,false,Rx,0,8,0,0,0,0,0,0,0,0
11561460,0000034D,false,Rx,0,8,0,0,0,0,0,0,0,0
11561851,0000034E,false,Rx,0,8,0,0,0,0,0,0,0,0
11564376,380,false,Rx,0,8,AD,D7,FF,0,0,0,0,1
11567220,000001A1,false,Rx,0,8,DD,0F,52,FE,F7,7F,64,0
11567477,000001A2,false,Rx,0,8,0,0,0,0,0,8,0,0
11567498,000001A3,false,Rx,0,8,FF,F3,3F,0,0,0,0,0
11567516,000001A4,false,Rx,0,8,FE,7,0,0,0,0,0,0
11567533,000003B0,false,Rx,0,8,72,37,FF,C7,0,0,3,C0
11568566,000003B1,false,Rx,0,8,9B,3C,FF,40,0,0,20,0
11569823,448,false,Rx,0,8,0,C0,0,0,0,0,0,0
11572604,0000019B,false,Rx,0,8,24,84,B0,0,0,E4,0,0
11572643,0000019C,false,Rx,0,8,40,20,0,0,0,0,0B,9
11573600,0000019D,false,Rx,0,8,0,10,0,1,0,0,0,0
11573633,0000019E,false,Rx,0,8,15,0,0,0,0,32,0,0
11573651,0000036F,false,Rx,0,8,4F,61,1,0,0,0,0,0
11573669,000000C5,false,Rx,0,8,0,0,0,0,0,0,0,0
11574579,0000037F,false,Rx,0,8,4D,0,52,24,41,2,0,0
11574604,244,false,Rx,0,8,FF,FF,FF,FF,FF,FF,FF,FF
11574622,000004B4,false,Rx,0,8,0,0,0,0,0,0,0,0
11574640,000004B5,false,Rx,0,8,8,0,F0,7,0,0,0,0
11575571,000004B7,false,Rx,0,8,8,0,F0,7,0,0,0,0
11575592,000004CA,false,Rx,0,8,0,0,0,0,0,0,0,0
11575610,000004CC,false,Rx,0,8,8,0,0,6,0,0,3,0
11575634,000004CE,false,Rx,0,8,14,1,FF,FF,FF,FF,FF,FF
11576569,000004D7,false,Rx,0,8,23,1,0,0,0,0,0,0
11576590,000004D8,false,Rx,0,8,41,10,F0,F0,40,F2,1E,CC
11576608,000004DD,false,Rx,0,8,0,0,FE,0,4,0,0,0
11578575,000004DF,false,Rx,0,8,FF,3,0C,3F,0,0,0,0
11580932,000004E7,false,Rx,0,8,0,30,0,0,0,0,69,0
11580975,000004E8,false,Rx,0,8,FF,FF,FF,5,FF,FF,FF,0
11580993,000001E1,false,Rx,0,8,24,5A,EE,2,0,0,0,0
11581011,000004E9,false,Rx,0,8,12,0,0,34,0,0,50,0
11581042,419,false,Rx,0,8,44,20,8A,D6,79,86,90,0
11581059,000004ED,false,Rx,0,8,0,0,0,0,0,FF,FF,1F
11581077,121,false,Rx,0,8,BB,12,B3,0,0,0,0,5
11581605,640,false,Rx,0,8,FF,FF,FF,0,FF,FF,FF,0
11581632,122,false,Rx,0,8,FF,D9,67,1F,46,46,46,46
11584624,427,false,Rx,0,8,1D,86,FF,0,80,0A,0,0
11585633,123,false,Rx,0,8,11,3,0,0,0,0,1,35
11585715,641,false,Rx,0,8,FF,FF,FF,FF,0F,FF,FF,FF
11585735,124,false,Rx,0,8,0,0,0A,0,0,0,20,40
11585753,646,false,Rx,0,8,0,0,0,80,1,0,0,0
11586598,36,false,Rx,0,8,F0,75,B5,51,0,0,25,1
11586627,37,false,Rx,0,8,0,0,0,10,0,40,0,0
11586645,38,false,Rx,0,8,4,0,0,0,90,38,96,D4
11587802,39,false,Rx,0,8,0,0,0,0,0,0,0,0
11589883,61,false,Rx,0,8,DA,67,BB,0,0,0,0,0
11590058,62,false,Rx,0,8,2,2,0,2,40,FF,0,FF
11590076,63,false,Rx,0,8,0,0,5,0,0,8,FD,0
11590093,64,false,Rx,0,8,0,0,0,4,FF,FA,0,0
11590587,000000A1,false,Rx,0,8,A1,75,BB,1A,0,0,0,0
11590613,000000A2,false,Rx,0,8,0,0,0,0,0,0,0,0
11591668,000000A3,false,Rx,0,8,0,40,1,0,0,0,0,0
11592897,0000042A,false,Rx,0,8,F4,DE,FF,1,0,10,0,0
11596613,0000011B,false,Rx,0,8,7C,42,A8,5,80,8,A8,2
11596652,0000012B,false,Rx,0,8,3B,B8,A8,6,0,0,8,0
11596670,0000011C,false,Rx,0,8,0,5,20,0,22,0,1,1
11596687,0000012C,false,Rx,0,8,0,0,1,0,0,64,0,0
11597693,000001FB,false,Rx,0,8,2,C3,77,0,0,0,0,0
11598833,000001FC,false,Rx,0,8,0,0,0,0,0,0,0,0
11598869,000001FD,false,Rx,0,8,0,1A,3,0,0,0,0,0
11598887,000001FE,false,Rx,0,8,0,0,0,0,0,0,0,0
11604593,000004F0,false,Rx,0,8,4A,10,33,4,58,1A,18,2
11606598,0000010B,false,Rx,0,8,6D,E6,B7,0,0,0,0,5
11606639,0000010C,false,Rx,0,8,FF,F9,E7,1F,46,44,46,46
11606658,0000010D,false,Rx,0,8,10,3,0,0,0,0,1,35
11606676,0000010E,false,Rx,0,8,0,0,0A,0,0,C0,AB,57
11607648,000002C1,false,Rx,0,8,62,36,BD,21,0,41,0,AA
11608833,000002C2,false,Rx,0,8,23,0,0,0,0,0,0,0
11608873,000002C3,false,Rx,0,8,0,0,0,0,0,0,0,0
11608891,000002C4,false,Rx,0,8,0,0,0,0,0,0,0,0
11613705,000001AB,false,Rx,0,8,20,EA,A3,50,70,38,0,0
11613742,000001AC,false,Rx,0,8,0,28,0,0,0,0,0,0
11613760,000002FF,false,Rx,0,8,E2,1,0,F1,3F,0,0,0
11613778,316,false,Rx,0,8,53,44,AA,34,14,80,0A,0
11613796,472,false,Rx,0,8,5C,EC,0,40,8,41,0,45
11614908,317,false,Rx,0,8,0,0,5,0,0,0,0,0
11614944,473,false,Rx,0,8,5F,24,0,25,0,0,0,78
11614962,474,false,Rx,0,8,93,44,0,0,0,0,0,14
11622592,0000019B,false,Rx,0,8,5B,A8,B5,0,0,E4,0,0
11622638,0000019C,false,Rx,0,8,40,20,0,0,0,0,0B,9
11622656,0000019D,false,Rx,0,8,0,10,0,1,0,0,0,0
11623598,0000019E,false,Rx,0,8,15,0,0,0,0,32,0,0
11627598,0000033B,false,Rx,0,8,6F,30,79,0,0,0,0,0
11627638,0000033C,false,Rx,0,8,0,0,0,0,F0,0,0,0
11627657,0000033D,false,Rx,0,8,0,0,0,0,0,0,0,0
11628662,0000033E,false,Rx,0,8,0,0,0,0,0,0,0,0
11631868,121,false,Rx,0,8,3,13,B8,0,0,0,0,5
11631903,122,false,Rx,0,8,FF,D9,67,1F,46,46,46,46
11631921,123,false,Rx,0,8,11,3,0,0,0,0,1,35
11631939,124,false,Rx,0,8,0,0,0A,0,0,0,20,40
11633589,419,false,Rx,0,8,37,30,89,D6,79,86,90,0
11636564,161,false,Rx,0,8,B7,B8,56,3,0,0,0,2
11636588,162,false,Rx,0,8,FF,FC,1,0,0,0,0,0
11636606,36,false,Rx,0,8,71,1,BA,51,0,0,25,1
11636624,37,false,Rx,0,8,0,0,0,10,0,40,0,0
11637571,38,false,Rx,0,8,4,0,0,0,90,38,96,D4
11637595,39,false,Rx,0,8,0,0,0,0,0,0,0,0
11639265,000002E6,false,Rx,0,8,2A,1A,76,1,0,0,0,15
11639300,256,false,Rx,0,8,CF,93,76,15,40,0,B0,0
11639319,000002E7,false,Rx,0,8,0A,0,0,0,0,0,0,0
11639336,257,false,Rx,0,8,0,93,41,13,86,7,0,93
11639354,000002E8,false,Rx,0,8,0,0,0,0,0,0,0,0
11639371,61,false,Rx,0,8,7B,18,C0,0,0,0,0,0
11639564,258,false,Rx,0,8,0B,74,1E,0,10,15,0,28
11641147,62,false,Rx,0,8,2,2,0,2,40,FF,0,FF
11641193,259,false,Rx,0,8,38,5,89,3C,4C,2,0,0
11641211,63,false,Rx,0,8,0,0,5,0,0,8,FD,0
11641229,000002E9,false,Rx,0,8,0,0,0,0,0,0,0,0
11641247,64,false,Rx,0,8,0,0,0,4,FF,FA,0,0
11641264,91,false,Rx,0,8,5A,67,77,0,0,0,0,0
11641639,92,false,Rx,0,8,0,0,0,0,0,0,0,0
11643024,93,false,Rx,0,8,0,0,0,0,0,0,0,0
11643059,94,false,Rx,0,8,0,0,0,0,0,0,0,0
11643422,000000A1,false,Rx,0,8,5,55,C0,1A,0,0,0,0
11643444,000000A2,false,Rx,0,8,0,0,0,0,0,0,0,0
11643462,000000A3,false,Rx,0,8,0,40,1,0,0,0,0,0
11644451,000004F0,false,Rx,0,8,4A,10,33,4,58,1A,18,2
11646660,0000011B,false,Rx,0,8,8A,6A,AD,5,80,8,A8,2
11646696,0000011C,false,Rx,0,8,0,5,20,0,22,0,1,1
11647826,0000012B,false,Rx,0,8,CD,90,AD,6,0,0,8,0
11647861,0000012C,false,Rx,0,8,0,0,1,0,0,64,0,0
11649179,000001E6,false,Rx,0,8,C4,16,EE,2,0,0,0,0
11649213,000002BF,false,Rx,0,8,FF,FF,FF,0,0,0,0,0
11649232,000001BB,false,Rx,0,8,CE,3E,EE,2,0,0,0,0A
11649681,0000047F,false,Rx,0,8,FF,FF,FF,FF,FF,FF,F3,FF
11649708,000001BC,false,Rx,0,8,32,0,0,0,2,0,0,0
11650914,653,false,Rx,0,8,0A,19,3,1,2,2A,0,0
11650948,000001BD,false,Rx,0,8,0,0,0,0,0,0,0,0
11650966,000001E7,false,Rx,0,8,0,0,22,3,20,1,0,0
11650984,146,false,Rx,0,8,66,70,53,10,4,1,0,0
11651797,147,false,Rx,0,8,0,4,7D,0,40,0,0,0
11651820,148,false,Rx,0,8,0,0,0,0,0,90,40,5
11651838,149,false,Rx,0,8,0,0,0,0,0,0,0,0
11657003,0000010B,false,Rx,0,8,23,32,BC,0,0,0,0,5
11657044,0000010C,false,Rx,0,8,FF,F9,E7,1F,46,45,46,46
11657063,0000010D,false,Rx,0,8,10,3,0,0,0,0,1,35
11657080,0000010E,false,Rx,0,8,0,0,0A,0,0,C0,AB,57
11657677,000001B1,false,Rx,0,8,63,ED,53,0,72,0,0,0
11657717,000001B2,false,Rx,0,8,23,0,4,0F,0F,7,52,10
11657735,000001B3,false,Rx,0,8,10,2C,0,0,87,91,96,90
11658834,565,false,Rx,0,8,66,2,0,0,0,0,FF,FF
11658870,000001B4,false,Rx,0,8,95,91,17,0,0,40,1,0
11660578,475,false,Rx,0,8,12,0,0,0,0,0,0,0
11660599,496,false,Rx,0,8,12,0,0,0,0,0,0,0
11663565,487,false,Rx,0,8,0,0,0,0,0,0,0,0
11664561,642,false,Rx,0,8,FF,FF,FF,FF,FF,FF,0,0
11664583,111,false,Rx,0,8,E6,40,B1,1,0,0,0,0
11664607,112,false,Rx,0,8,0,0,0,0,0,0,0,0
11664625,113,false,Rx,0,8,0,0,0,0,0,0,0,0
11665564,114,false,Rx,0,8,0,0,0,0,0,0,0,0
11666571,000001A1,false,Rx,0,8,A2,23,57,FE,F7,7F,64,0
11666589,000001A2,false,Rx,0,8,0,0,0,0,0,8,0,0
11666607,000001A3,false,Rx,0,8,FF,F3,3F,0,0,0,0,0
11666625,000001A4,false,Rx,0,8,FE,7,0,0,0,0,0,0
11672565,0000019B,false,Rx,0,8,DA,DC,BA,0,0,E4,0,0
11672587,0000019C,false,Rx,0,8,40,20,0,0,0,0,0B,9
11673562,0000019D,false,Rx,0,8,0,10,0,1,0,0,0,0
11673585,0000019E,false,Rx,0,8,15,0,0,0,0,32,0,0
11673602,0000036F,false,Rx,0,8,F6,71,1,0,0,0,0,0
11673620,419,false,Rx,0,8,37,30,89,D6,79,86,90,0
11674564,0000037F,false,Rx,0,8,F4,10,52,24,41,2,0,0
11677563,0000030B,false,Rx,0,8,DD,23,79,0,4,0,0,0
11677582,0000030C,false,Rx,0,8,0,0,0E,0,2C,0,A0,0F
11677600,0000030D,false,Rx,0,8,0,0,0,0,48,0,0,0
11677618,0000030E,false,Rx,0,8,0,0,38,5,21,0,0,1A
11681577,121,false,Rx,0,8,7C,3F,BD,0,0,0,0,5
11681600,122,false,Rx,0,8,FF,D9,67,1F,46,46,46,46
11681617,123,false,Rx,0,8,11,3,0,0,0,0,1,35
11682563,124,false,Rx,0,8,0,0,0A,0,0,0,20,40
11684564,000004F0,false,Rx,0,8,4A,10,33,4,58,1A,18,2
11685564,415,false,Rx,0,8,40,13,10,0,8,1,0,0
11686564,36,false,Rx,0,8,0E,2D,BF,51,0,0,25,1
11686582,37,false,Rx,0,8,0,0,0,10,0,40,0,0
11686600,38,false,Rx,0,8,4,0,0,0,90,38,96,D4
11687564,39,false,Rx,0,8,0,0,0,0,0,0,0,0
11689564,61,false,Rx,0,8,4,34,C5,0,0,0,0,0
11689583,62,false,Rx,0,8,2,2,0,2,40,FF,0,FF
11690564,63,false,Rx,0,8,0,0,5,0,0,8,FD,0
11690589,64,false,Rx,0,8,0,0,0,4,FF,FA,0,0
11690607,000000A1,false,Rx,0,8,0A,BE,C5,1A,0,0,0,0
11690625,000000A2,false,Rx,0,8,0,0,0,0,0,0,0,0
11691564,000000A3,false,Rx,0,8,0,40,1,0,0,0,0,0
11693563,405,false,Rx,0,8,BD,30,0,0,0,1,0,0
11693583,413,false,Rx,0,8,6F,30,0,0,0,0,0,0
11694564,410,false,Rx,0,8,4B,80,59,3C,16,6B,FF,FF
11694590,414,false,Rx,0,8,F0,10,0,0,28,0,0,0
11694607,000001F1,false,Rx,0,8,74,F0,C1,1,0,0,28,0
11694625,411,false,Rx,0,8,A8,1,50,50,0,0,44,4
11695564,000001F2,false,Rx,0,8,0,0,0,0,0,0,0,0
11695590,151,false,Rx,0,8,6F,F1,79,A0,C8,0,28,19
11695607,000001F6,false,Rx,0,8,5C,D2,79,0,0,0,0,0E
11695625,152,false,Rx,0,8,16,18,18,0,0B,0,0,0
11696563,000001F7,false,Rx,0,8,0B,0,0,0,0,0,0,0
11696586,0000011B,false,Rx,0,8,9A,30,B2,5,80,8,A8,2
11696604,153,false,Rx,0,8,0,0,0,0,0,0,0,0
11696622,0000011C,false,Rx,0,8,0,5,20,0,22,0,1,1
11697564,0000012B,false,Rx,0,8,DD,CA,B2,6,0,0,8,0
11697589,000001F8,false,Rx,0,8,0,0,0,0,0,0,0,0
11697607,0000012C,false,Rx,0,8,0,0,1,0,0,64,0,0
11697625,000001F9,false,Rx,0,8,0,0,A0,C8,14,0,0,0
11697649,154,false,Rx,0,8,0,0,0,0,0,0,0,0
11698563,236,false,Rx,0,8,CD,2F,79,0,6E,3C,34,6C
11698592,000002FB,false,Rx,0,8,33,D8,79,4,5F,1A,CC,CC
11698610,237,false,Rx,0,8,0,15,BA,0,0,AA,1E,0
11698628,000002FC,false,Rx,0,8,3,0,16,19,0,0,8E,BF
11699571,238,false,Rx,0,8,0,0,5F,0,0,0,0,0
11699596,000002FD,false,Rx,0,8,0,0,0,0,0,1C,0E,EA
11699613,239,false,Rx,0,8,0,0,0,0,1,0,0,0
11699631,000002FE,false,Rx,0,8,0,0,72,1,0,28,0,0
11701888,0000025B,false,Rx,0,8,A0,15,79,40,40,20,0,0
11701929,326,false,Rx,0,8,A6,8C,79,0,0,0,0,0
11702311,0000025C,false,Rx,0,8,0,0,0B,0,34,89,19,0
11702340,327,false,Rx,0,8,0,0,0,0,5,0,0,0
11702363,0000025D,false,Rx,0,8,0,C8,0,0,0,80,C0,70
11702380,331,false,Rx,0,8,B5,C3,79,F1,C8,A0,2C,97
11702398,412,false,Rx,0,8,6D,60,0,0,0,0,0,0
11702607,332,false,Rx,0,8,94,2,0,0,0,0,0,0
11703565,416,false,Rx,0,8,55,0,0,0,0,0,0,0
11703588,333,false,Rx,0,8,0,0,0,1C,0C,40,20,A0
11703605,417,false,Rx,0,8,5F,20,0,0,0,0,0,0
11703623,334,false,Rx,0,8,C8,0,0,0,AC,70,1D,90
11704564,418,false,Rx,0,8,19,70,0,0,12,0C,0,0
11704589,419,false,Rx,0,8,ED,40,89,D6,75,86,90,0
11706562,0000010B,false,Rx,0,8,37,8A,C1,0,0,0,0,5
11706595,0000010C,false,Rx,0,8,FF,F9,E7,1F,46,45,46,46
11706613,0000010D,false,Rx,0,8,10,3,0,0,0,0,1,35
11706631,000004A3,false,Rx,0,8,80,0,48,0B,3E,0,0,0
11706648,0000010E,false,Rx,0,8,0,0,0A,0,0,C0,AB,57
11707641,000004A4,false,Rx,0,8,FF,FF,FF,0,0,0,0,0
11707676,000002AB,false,Rx,0,8,A4,A0,7A,0C,0C,0,0,0
11707694,000002AC,false,Rx,0,8,0,FF,FF,0,0,40,0,50
11707712,000002AD,false,Rx,0,8,0,1,0,40,FF,FF,FF,0F
11709481,000002AE,false,Rx,0,8,1,0,FF,3F,1,1,0,0
11709516,251,false,Rx,0,8,F6,17,79,0,0,0,0,0
11709534,000002B6,false,Rx,0,8,D6,D1,7A,1,0,0,0,40
11709685,252,false,Rx,0,8,0,0,0,0,3,0,0,0
11709706,000002B7,false,Rx,0,8,8,2,F0,0,0,4,0,0
11709724,396,false,Rx,0,8,64,26,BC,0F,8,1,0,2
11711166,000002B9,false,Rx,0,8,0A,0,0,0,0,0,0,0
11711201,397,false,Rx,0,8,10,0,0,0,0,0,0,0
11712374,000002E1,false,Rx,0,8,87,85,7A,0,0,0,0,40
11712591,398,false,Rx,0,8,0,0,0,0,0,0,0,0
11712609,000002E2,false,Rx,0,8,FD,0,0,0,0,14,0,4
11712627,000002E4,false,Rx,0,8,2,0,0,0,0,0,0,0
11712645,000001AB,false,Rx,0,8,E8,13,A8,50,70,38,0,0
11712663,000001AC,false,Rx,0,8,0,28,0,0,0,0,0,0
11713757,226,false,Rx,0,8,E6,5F,55,FF,43,E1,5,42
11713792,227,false,Rx,0,8,2,70,E1,8,0,F2,17,4
11716624,000003A1,false,Rx,0,8,B9,B9,CD,0,FF,FF,FF,FF
11716662,000003A2,false,Rx,0,8,0,0,0,0,0,0,0,0
11718633,383,false,Rx,0,8,12,ED,1,0,2,0,0,0
11723037,0000019B,false,Rx,0,8,A5,F0,BF,0,0,E4,0,0
11723077,0000019C,false,Rx,0,8,40,20,0,0,0,0,0B,9
11723095,0000019D,false,Rx,0,8,0,10,0,1,0,0,0,0
11723113,0000019E,false,Rx,0,8,15,0,0,0,0,32,0,0
11723701,000002D6,false,Rx,0,8,EB,E8,BC,0,0,0,0,0
11723733,000002EB,false,Rx,0,8,D8,9C,BC,9,8,1,0,2
11725343,000002D7,false,Rx,0,8,0,0,0,0,3,0,0,0
11725379,000002EC,false,Rx,0,8,7,0,0,0,0,0,0,0
11725561,000002D8,false,Rx,0,8,0,0,0,0,0,0,38,45
11725578,000002ED,false,Rx,0,8,0,0,0,0,0,0,0,0
11725596,000002D9,false,Rx,0,8,0,0,0,0,0,0,0,0
11727580,000001E1,false,Rx,0,8,34,0,F1,2,0,0,0,0
11727606,356,false,Rx,0,8,61,F8,BD,0,0,0,0,0
11728564,000001E2,false,Rx,0,8,0,0,0,0,0,0,0,0
11728587,357,false,Rx,0,8,0,0,0,0,0,4B,4D,48
11728605,358,false,Rx,0,8,35,41,45,4D,52,37,33,4F
11728622,359,false,Rx,0,8,51,4F,34,52,4A,35,33,0
11730886,000000FF,false,Rx,0,8,CB,10,0,0,0,0,2,0
11731568,121,false,Rx,0,8,E4,35,C2,0,0,0,0,5
11731591,122,false,Rx,0,8,FF,D9,67,1F,46,46,46,46
11731609,394,false,Rx,0,8,2A,22,1A,49,0,0,0,0
11733443,123,false,Rx,0,8,11,3,0,0,0,0,1,35
11733478,000003C3,false,Rx,0,8,45,10,31,30,36,0,0,0
11734696,124,false,Rx,0,8,0,0,0A,0,0,0,20,40
11734771,000003E0,false,Rx,0,8,66,20,1,0,54,3,0,0
11734790,000003E5,false,Rx,0,8,37,80,1,0,0,0,0,0
11734807,0000041B,false,Rx,0,8,70,D0,0,0,0,0,0,0
11734825,0000041C,false,Rx,0,8,48,0,E0,0,0,0,0,0
11734843,422,false,Rx,0,8,9D,70,1,0,0,0,4,0
11736211,161,false,Rx,0,8,C4,81,5B,3,0,0,0,2
11736247,435,false,Rx,0,8,26,C0,0,40,0,0,0,0
11737525,36,false,Rx,0,8,AF,52,C4,51,0,0,25,1
11737958,162,false,Rx,0,8,FF,FC,1,0,0,0,0,0
11737981,37,false,Rx,0,8,0,0,0,10,0,40,0,0
11737998,442,false,Rx,0,8,CE,20,11,81,0,0,0,0
11738016,38,false,Rx,0,8,4,0,0,0,90,38,96,D4
11738033,384,false,Rx,0,8,E9,DC,2,0,0,FF,0,21
11738976,444,false,Rx,0,8,D5,20,20,50,55,50,0,0
11740224,000003B6,false,Rx,0,8,4C,BE,BB,0,0,0,0,46
11741510,445,false,Rx,0,8,C6,C0,0,0,0,0,0,18
11741734,000003B7,false,Rx,0,8,46,0,0,0,0,0,0,0
11741768,61,false,Rx,0,8,85,40,CA,0,0,0,0,0
11741786,000003B8,false,Rx,0,8,0C,3,0,0,0,0,69,0E
11741803,63,false,Rx,0,8,0,0,5,0,0,8,FD,0
11741821,92,false,Rx,0,8,0,0,0,0,0,0,0,0
11741839,93,false,Rx,0,8,0,0,0,0,0,0,0,0
11742986,000000A3,false,Rx,0,8,0,40,1,0,0,0,0,0
11746612,0000011B,false,Rx,0,8,6C,18,B7,5,80,8,A8,2
11746648,0000011C,false,Rx,0,8,0,5,20,0,22,0,1,1
11747868,0000012B,false,Rx,0,8,2B,E2,B7,6,0,0,8,0
11747903,0000012C,false,Rx,0,8,0,0,1,0,0,64,0,0
11751749,146,false,Rx,0,8,DE,71,58,10,4,1,0,0
11752949,147,false,Rx,0,8,0,4,7D,0,40,0,0,0
11752981,148,false,Rx,0,8,0,0,0,0,0,90,40,5
11752999,149,false,Rx,0,8,0,0,0,0,0,0,0,0
11754273,495,false,Rx,0,8,49,0,0,0,0,0,0,0
11754308,000003AA,false,Rx,0,8,FF,0,B0,0,54,0,0,0
11754856,566,false,Rx,0,8,16,2,0,0,0,0,FF,FF
11757423,0000010B,false,Rx,0,8,32,C1,C6,0,0,0,0,5
11757462,0000010C,false,Rx,0,8,FF,F9,E7,1F,46,44,46,46
11757497,0000010D,false,Rx,0,8,10,3,0,0,0,0,1,35
11758722,0000010E,false,Rx,0,8,0,0,0A,0,0,C0,AB,57
11759900,000001B1,false,Rx,0,8,9F,C1,58,0,72,0,0,0
11761457,000001B2,false,Rx,0,8,23,0,4,0F,0F,7,52,10
11761480,000001B3,false,Rx,0,8,10,2C,0,0,87,91,96,90
11761498,000001B4,false,Rx,0,8,95,92,17,0,0,40,1,0
11762913,380,false,Rx,0,8,AD,D7,FF,0,0,0,0,1
11766599,000001A1,false,Rx,0,8,1A,22,5C,FE,F7,7F,64,0
11766637,000001A2,false,Rx,0,8,0,0,0,0,0,8,0,0
11766657,000001A3,false,Rx,0,8,FF,F3,3F,0,0,0,0,0
11766675,000001A4,false,Rx,0,8,FE,7,0,0,0,0,0,0
11767605,000003B0,false,Rx,0,8,72,37,FF,C7,0,0,3,C0
11768698,000003B1,false,Rx,0,8,9B,3C,FF,40,0,0,20,0
11770283,448,false,Rx,0,8,0,C0,0,0,0,0,0,0
11772626,0000019B,false,Rx,0,8,4,8F,C4,0,0,E4,0,0
11772666,0000019C,false,Rx,0,8,40,20,0,0,0,0,0B,9
11772684,0000019D,false,Rx,0,8,0,10,0,1,0,0,0,0
11773637,0000019E,false,Rx,0,8,15,0,0,0,0,32,0,0
11773670,0000036F,false,Rx,0,8,5F,81,1,0,0,0,0,0
11773688,0000037F,false,Rx,0,8,22,20,52,24,41,2,0,0
11776592,000000C5,false,Rx,0,8,0,0,0,0,0,0,0,0
11777599,244,false,Rx,0,8,FF,FF,FF,FF,FF,FF,FF,FF
11777632,0000041F,false,Rx,0,8,0,0C,0,0,0,0,0,0
11777650,000004B4,false,Rx,0,8,0,0,0,0,0,0,0,0
11777668,000004B5,false,Rx,0,8,8,0,F0,7,0,0,0,0
11779167,000004B7,false,Rx,0,8,8,0,F0,7,0,0,0,0
11779221,000003B2,false,Rx,0,8,36,15,FF,2,29,2F,34,0
11779239,000004CA,false,Rx,0,8,0,0,0,0,0,0,0,0
11779279,419,false,Rx,0,8,ED,40,89,D6,75,86,90,0
11779297,000004CC,false,Rx,0,8,8,0,0,6,0,0,3,0
11779315,000004CE,false,Rx,0,8,14,1,FF,FF,FF,FF,FF,FF
11779332,000004D7,false,Rx,0,8,23,1,0,0,0,0,0,0
11780681,000004D8,false,Rx,0,8,41,10,F0,F0,40,F2,1E,CC
11780733,000004DD,false,Rx,0,8,0,0,FE,0,4,0,0,0
11780751,000004DF,false,Rx,0,8,FF,3,0C,3F,0,0,0,0
11780769,000004E7,false,Rx,0,8,0,30,0,0,0,0,69,0
11780786,000004E8,false,Rx,0,8,FF,FF,FF,5,FF,FF,FF,0
11781824,000004E9,false,Rx,0,8,12,0,0,34,0,0,50,0
11781859,121,false,Rx,0,8,9B,19,C7,0,0,0,0,5
11781877,000004EA,false,Rx,0,8,67,0,0,89,0,0,0,0
11781895,122,false,Rx,0,8,FF,D9,67,1F,46,46,46,46
11782293,427,false,Rx,0,8,1D,86,FF,0,80,0A,0,0
11782312,123,false,Rx,0,8,11,3,0,0,0,0,1,35
11783625,124,false,Rx,0,8,0,0,0A,0,0,0,20,40
11784612,000004ED,false,Rx,0,8,0,0,0,0,0,FF,FF,1F
11786253,0000063D,false,Rx,0,8,0,80,0,0,0,0,0,0
11786608,38,false,Rx,0,8,4,0,0,0,90,38,96,D4
11787833,39,false,Rx,0,8,0,0,0,0,0,0,0,0
11789590,61,false,Rx,0,8,FA,6C,CF,0,0,0,0,0
11790839,62,false,Rx,0,8,2,2,0,2,40,FF,0,FF
11790911,63,false,Rx,0,8,0,0,5,0,0,8,FD,0
11790930,64,false,Rx,0,8,0,0,0,4,FF,FA,0,0
11790947,000000A1,false,Rx,0,8,35,78,CF,1A,0,0,0,0
11790965,000000A2,false,Rx,0,8,0,0,0,0,0,0,0,0
11790982,000000A3,false,Rx,0,8,0,40,1,0,0,0,0,0
11792099,0000042A,false,Rx,0,8,F4,DE,FF,1,0,10,0,0
11796592,0000011B,false,Rx,0,8,A4,E1,BC,5,80,8,A8,2
11796632,0000012B,false,Rx,0,8,E3,1B,BC,6,0,0,8,0
11797600,0000011C,false,Rx,0,8,0,5,20,0,22,0,1,1
11797633,0000012C,false,Rx,0,8,0,0,1,0,0,64,0,0
11797651,000001FB,false,Rx,0,8,C5,EE,79,0,0,0,0,0
11798704,000001FC,false,Rx,0,8,0,0,0,0,0,0,0,0
11799145,000001FD,false,Rx,0,8,0,1A,3,0,0,0,0,0
11799183,000001FE,false,Rx,0,8,0,0,0,0,0,0,0,0
11799204,000001E6,false,Rx,0,8,D4,4C,F1,2,0,0,0,0
11799221,000001BB,false,Rx,0,8,AD,53,F1,2,0,0,0,0A
11800254,000001BC,false,Rx,0,8,32,0,0,0,2,0,0,0
11800288,000001BD,false,Rx,0,8,0,0,0,0,0,0,0,0
11800305,000001E7,false,Rx,0,8,0,0,22,3,20,1,0,0
11806612,0000010B,false,Rx,0,8,3F,7,CB,0,0,0,0,5
11806651,0000010C,false,Rx,0,8,FF,F9,E7,1F,46,44,46,46
11806669,0000010D,false,Rx,0,8,10,3,0,0,0,0,1,35
11806687,0000010E,false,Rx,0,8,0,0,0A,0,0,C0,AB,57
11807606,000002C1,false,Rx,0,8,A8,DD,BE,21,0,41,0,AA
11808660,000002C2,false,Rx,0,8,23,0,0,0,0,0,0,0
11808695,000002C3,false,Rx,0,8,0,0,0,0,0,0,0,0
11808713,000002C4,false,Rx,0,8,0,0,0,0,0,0,0,0
11812601,000001AB,false,Rx,0,8,1E,3B,AD,50,70,38,0,0
11812641,000001AC,false,Rx,0,8,0,28,0,0,0,0,0,0
11813602,316,false,Rx,0,8,77,EC,AB,34,14,80,0A,0
11813635,317,false,Rx,0,8,0,0,5,0,0,0,0,0
11813653,000003CB,false,Rx,0,8,36,14,0,F4,0,0,0,0
11813671,472,false,Rx,0,8,5C,EC,0,40,8,41,0,45
11814780,000003CC,false,Rx,0,8,36,31,34,30,33,34,31,0
11815189,473,false,Rx,0,8,5F,24,0,25,0,0,0,78
11815219,474,false,Rx,0,8,93,44,0,0,0,0,0,14
11818173,000002FF,false,Rx,0,8,E2,1,0,F1,3F,0,0,0
11822597,0000019B,false,Rx,0,8,9,49,C9,0,0,E4,0,0
11822635,0000019C,false,Rx,0,8,40,20,0,0,0,0,0B,9
11822653,0000019D,false,Rx,0,8,0,10,0,1,0,0,0,0
11823599,0000019E,false,Rx,0,8,15,0,0,0,0,32,0,0
11827603,0000033B,false,Rx,0,8,E3,82,7B,0,0,0,0,0
11827639,0000033C,false,Rx,0,8,0,0,0,0,F0,0,0,0
11827657,0000033D,false,Rx,0,8,0,0,0,0,0,0,0,0
11828752,0000033E,false,Rx,0,8,0,0,0,0,0,0,0,0
11831589,121,false,Rx,0,8,23,18,CC,0,0,0,0,5
11831627,122,false,Rx,0,8,FF,D9,67,1F,46,46,46,46
11831645,123,false,Rx,0,8,11,3,0,0,0,0,1,35
11833200,124,false,Rx,0,8,0,0,0A,0,0,0,20,40
11836820,161,false,Rx,0,8,12,1D,60,3,0,0,0,2
11836856,162,false,Rx,0,8,FF,FC,1,0,0,0,0,0
11836874,36,false,Rx,0,8,51,0A,CE,51,0,0,25,1
11836892,37,false,Rx,0,8,0,0,0,10,0,40,0,0
11837269,38,false,Rx,0,8,4,0,0,0,90,38,96,D4
11837293,39,false,Rx,0,8,0,0,0,0,0,0,0,0
11838555,000002E6,false,Rx,0,8,ED,37,78,1,0,0,0,15
11838591,256,false,Rx,0,8,2,37,78,15,40,0,C0,0
11838609,000002E7,false,Rx,0,8,0A,0,0,0,0,0,0,0
11840281,257,false,Rx,0,8,0,93,41,14,86,7,0,93
11840329,000002E8,false,Rx,0,8,0,0,0,0,0,0,0,0
11840347,61,false,Rx,0,8,87,A9,D4,0,0,0,0,0
11840365,258,false,Rx,0,8,0B,74,1E,0,10,15,0,28
11840383,62,false,Rx,0,8,2,2,0,2,40,FF,0,FF
11840400,259,false,Rx,0,8,3C,5,89,3C,4C,2,0,0
11841451,000002E9,false,Rx,0,8,0,0,0,0,0,0,0,0
11841486,64,false,Rx,0,8,0,0,0,4,FF,FA,0,0
11841504,401,false,Rx,0,8,A9,30,10,0,0,4,0,0
11841521,91,false,Rx,0,8,9D,4A,79,0,0,0,0,0
11841665,92,false,Rx,0,8,0,0,0,0,0,0,0,0
11842867,93,false,Rx,0,8,0,0,0,0,0,0,0,0
11842902,94,false,Rx,0,8,0,0,0,0,0,0,0,0
11842920,000000A1,false,Rx,0,8,5A,C9,D4,1A,0,0,0,0
11843284,000000A2,false,Rx,0,8,0,0,0,0,0,0,0,0
11843315,000000A3,false,Rx,0,8,0,40,1,0,0,0,0,0
11844386,000001F1,false,Rx,0,8,82,D8,C4,1,0,0,28,0
11844421,000001F2,false,Rx,0,8,0,0,0,0,0,0,0,0
11847088,0000011B,false,Rx,0,8,E1,31,C1,5,80,8,A8,2
11847123,0000012B,false,Rx,0,8,A6,CB,C1,6,0,0,8,0
11847499,0000011C,false,Rx,0,8,0,5,20,0,22,0,1,1
11848618,0000012C,false,Rx,0,8,0,0,1,0,0,64,0,0
11850145,000002BF,false,Rx,0,8,FF,FF,FF,0,0,0,0,0
11850180,0000047F,false,Rx,0,8,FF,FF,FF,FF,FF,FF,F3,FF
11850198,653,false,Rx,0,8,0A,19,3,1,2,2A,0,0
11851607,146,false,Rx,0,8,A1,5D,5D,10,4,1,0,0
11851662,147,false,Rx,0,8,0,4,7D,0,40,0,0,0
11852041,148,false,Rx,0,8,0,0,0,0,0,90,40,5
11853232,149,false,Rx,0,8,0,0,0,0,0,0,0,0
11854337,516,false,Rx,0,8,61,2,0,0,0,0,FF,FF
11855881,0000010B,false,Rx,0,8,42,C2,D0,0,0,0,0,5
11855916,0000010C,false,Rx,0,8,FF,F9,E7,1F,46,44,46,46
11857671,0000010D,false,Rx,0,8,10,3,0,0,0,0,1,35
11857707,0000010E,false,Rx,0,8,0,0,0A,0,0,C0,AB,57
11857738,000001B1,false,Rx,0,8,A4,C0,5D,0,72,0,0,0
11857755,000001B2,false,Rx,0,8,23,0,4,0F,0F,7,52,10
11857773,000004E8,false,Rx,0,8,FF,FF,FF,5,FF,FF,FF,0
11858578,000001B3,false,Rx,0,8,10,2C,0,0,87,91,96,90
11858601,000001B4,false,Rx,0,8,95,91,17,0,0,40,1,0
11861050,475,false,Rx,0,8,12,0,0,0,0,0,0,0
11861089,496,false,Rx,0,8,12,0,0,0,0,0,0,0
11864589,111,false,Rx,0,8,2C,AB,B2,1,0,0,0,0
11864633,112,false,Rx,0,8,0,0,0,0,0,0,0,0
11864652,113,false,Rx,0,8,0,0,0,0,0,0,0,0
11865598,114,false,Rx,0,8,0,0,0,0,0,0,0,0
11866851,000001A1,false,Rx,0,8,79,B9,61,FE,F7,7F,64,0
11866886,000001A2,false,Rx,0,8,0,0,0,0,0,8,0,0
11866904,000001A3,false,Rx,0,8,FF,F3,3F,0,0,0,0,0
11866922,000001A4,false,Rx,0,8,FE,7,0,0,0,0,0,0
11869462,487,false,Rx,0,8,0,0,0,0,0,0,0,0
11869686,642,false,Rx,0,8,FF,FF,FF,FF,FF,FF,0,0
11872985,0000019B,false,Rx,0,8,FA,D7,CE,0,0,E4,0,0
11873026,0000019C,false,Rx,0,8,40,20,0,0,0,0,0B,9
11873044,0000019D,false,Rx,0,8,0,10,0,1,0,0,0,0
11873062,0000019E,false,Rx,0,8,15,0,0,0,0,32,0,0
11873634,0000036F,false,Rx,0,8,E6,91,1,0,0,0,0,0
11873663,0000037F,false,Rx,0,8,9B,30,52,24,41,2,0,0
11877730,0000030B,false,Rx,0,8,92,6E,7B,0,4,0,0,0
11877765,0000030C,false,Rx,0,8,0,0,0E,0,2C,0,A0,0F
11877784,0000030D,false,Rx,0,8,0,0,0,0,49,0,0,0
11877801,000001E1,false,Rx,0,8,C2,28,F4,2,0,0,0,0
11877819,0000030E,false,Rx,0,8,0,0,38,5,21,0,0,0
11878887,000001E2,false,Rx,0,8,0,0,0,0,0,0,0,0
11881738,121,false,Rx,0,8,EB,1A,D1,0,0,0,0,5
11881783,122,false,Rx,0,8,FF,D9,67,1F,46,46,46,46
11881801,123,false,Rx,0,8,11,3,0,0,0,0,1,35
11881819,124,false,Rx,0,8,0,0,0A,0,0,0,20,40
11886637,36,false,Rx,0,8,99,8,D3,51,0,0,25,1
11886673,37,false,Rx,0,8,0,0,0,10,0,40,0,0
11886692,38,false,Rx,0,8,4,0,0,0,90,38,96,D4
11887717,39,false,Rx,0,8,0,0,0,0,0,0,0,0
11890336,61,false,Rx,0,8,8A,6F,D9,0,0,0,0,0
11890371,62,false,Rx,0,8,2,2,0,2,40,FF,0,FF
11890390,63,false,Rx,0,8,0,0,5,0,0,8,FD,0
11890530,64,false,Rx,0,8,0,0,0,4,FF,FA,0,0
11891751,000000A1,false,Rx,0,8,6C,8A,D9,1A,0,0,0,0
11891778,000000A2,false,Rx,0,8,0,0,0,0,0,0,0,0
11891796,000000A3,false,Rx,0,8,0,40,1,0,0,0,0,0
11894337,405,false,Rx,0,8,BD,30,0,0,0,1,0,0
11894372,413,false,Rx,0,8,6F,30,0,0,0,0,0,0
11894390,410,false,Rx,0,8,4B,80,59,3C,16,6B,FF,FF
11894560,414,false,Rx,0,8,F0,10,0,0,28,0,0,0
11894578,411,false,Rx,0,8,A8,1,50,50,0,0,44,4
11894595,416,false,Rx,0,8,55,0,0,0,0,0,0,0
11895709,412,false,Rx,0,8,6D,60,0,0,0,0,0,0
11897390,151,false,Rx,0,8,E3,43,7B,A0,C8,0,28,19
11898677,000001F6,false,Rx,0,8,D0,60,7B,0,0,0,0,0E
11898699,152,false,Rx,0,8,16,18,18,0,0B,0,0,0
11898717,000001F7,false,Rx,0,8,0B,0,0,0,0,0,0,0
11898734,0000011B,false,Rx,0,8,7E,59,C6,5,80,8,A8,2
11898752,000001F9,false,Rx,0,8,0,0,A0,C8,14,0,0,0
11899576,238,false,Rx,0,8,0,0,5F,0,0,0,0,0
11899601,000002FD,false,Rx,0,8,0,0,0,0,0,1C,0E,EA
11899620,239,false,Rx,0,8,0,0,0,0,1,0,0,0
11899638,000002FE,false,Rx,0,8,0,0,72,1,0,28,0,0
11900869,0000025B,false,Rx,0,8,2C,A7,7B,40,40,20,0,0
11901244,326,false,Rx,0,8,2A,3E,7B,0,0,0,0,0
11901280,0000025C,false,Rx,0,8,0,0,0B,0,34,89,19,0
11901298,327,false,Rx,0,8,0,0,0,0,5,0,0,0
11901315,0000025D,false,Rx,0,8,0,C8,0,0,0,80,C0,70
11901333,328,false,Rx,0,8,0,0,0,0,0,0,0,0
11901350,0000025E,false,Rx,0,8,16,7,0E,2,0,0,0,0
11901597,329,false,Rx,0,8,A0,0,0,0,0,0,0,0
11902971,382,false,Rx,0,8,F1,7A,1,0,0,1,8,0
11903006,331,false,Rx,0,8,39,71,7B,F1,C8,A0,2C,97
11903367,417,false,Rx,0,8,5F,20,0,0,0,0,0,0
11903399,332,false,Rx,0,8,94,2,0,0,0,0,0,0
11903447,418,false,Rx,0,8,19,70,0,0,12,0C,0,0
11903465,333,false,Rx,0,8,0,0,0,1C,0C,40,20,A0
11903482,419,false,Rx,0,8,1A,50,89,D6,71,86,90,0
11903500,334,false,Rx,0,8,C8,0,0,0,AC,70,1D,90
11905196,0000048F,false,Rx,0,8,AD,10,41,0,5,0,0,0
11905230,000004E8,false,Rx,0,8,FF,FF,FF,5,FF,FF,FF,0
11906875,0000010B,false,Rx,0,8,3D,EE,D5,0,0,0,0,5
11906910,0000010C,false,Rx,0,8,FF,F9,E7,1F,46,44,46,46
11908684,0000010D,false,Rx,0,8,10,3,0,0,0,0,1,35
11908706,0000010E,false,Rx,0,8,0,0,0A,0,0,C0,AB,57
11908723,000002AB,false,Rx,0,8,11,67,7C,0C,0C,0,0,0
11908741,000002AC,false,Rx,0,8,0,FF,FF,0,0,40,0,50
11908759,000002AD,false,Rx,0,8,0,1,0,40,FF,FF,FF,0F
11909679,000002B7,false,Rx,0,8,8,2,F0,0,0,4,0,0
11909703,253,false,Rx,0,8,0,0,0,51,51,0,80,44
11909720,000002B8,false,Rx,0,8,AA,11,11,0,0,0,0,0
11909738,396,false,Rx,0,8,D1,16,BD,0F,8,1,0,2
11910568,000002B9,false,Rx,0,8,0A,0,0,0,0,0,0,0
11910595,397,false,Rx,0,8,25,0,0,0,0,0,0,0
11910612,000002E1,false,Rx,0,8,32,42,7C,0,0,0,0,40
11910630,398,false,Rx,0,8,0,0,0,0,0,0,0,0
11911566,000002E2,false,Rx,0,8,FD,0,0,0,0,14,0,4
11911589,000004A3,false,Rx,0,8,80,0,48,0B,3E,0,0,0
11911606,000002E3,false,Rx,0,8,0,0,0,0,0,0,72,1
11911624,000004A4,false,Rx,0,8,FF,FF,FF,0,0,0,0,0
11912571,000002E4,false,Rx,0,8,2,0,0,0,0,0,0,0
11912594,000001AB,false,Rx,0,8,0E,61,B2,50,70,38,0,0
11912612,000001AC,false,Rx,0,8,0,28,0,0,0,0,0,0
11912640,226,false,Rx,0,8,8F,1F,57,FF,43,E1,5,42
11913565,227,false,Rx,0,8,2,70,E1,8,0,F2,17,4
11915561,000003A1,false,Rx,0,8,F4,51,CE,0,FF,FF,FF,FF
11916569,000003A2,false,Rx,0,8,0,0,0,0,0,0,0,0
11918560,383,false,Rx,0,8,12,ED,1,0,2,0,0,0
11922566,0000019B,false,Rx,0,8,32,D5,D3,0,0,E4,0,0
11922597,0000019C,false,Rx,0,8,40,20,0,0,0,0,0B,9
11922615,0000019D,false,Rx,0,8,0,10,0,1,0,0,0,0
11923566,0000019E,false,Rx,0,8,15,0,0,0,0,32,0,0
11923588,000002D6,false,Rx,0,8,AD,B1,BD,0,0,0,0,0
11924567,000002D7,false,Rx,0,8,0,0,0,0,3,0,0,0
11924588,000002EB,false,Rx,0,8,0F,D2,BD,9,8,1,0,2
11924606,000002D8,false,Rx,0,8,0,0,0,0,0,0,38,45
11924631,000002EC,false,Rx,0,8,21,0,0,0,0,0,0,0
11924649,000002D9,false,Rx,0,8,0,0,0,0,0,0,0,0
11925565,000002ED,false,Rx,0,8,0,0,0,0,0,0,0,0
11925588,000002EE,false,Rx,0,8,0,0,0,0,0,0,0,0
11927565,356,false,Rx,0,8,AB,13,BE,0,0,0,0,0
11928562,357,false,Rx,0,8,0,0,0,0,0,4B,4D,48
11928583,358,false,Rx,0,8,35,41,45,4D,52,37,33,4F
11928600,359,false,Rx,0,8,51,4F,34,52,4A,35,33,0
11930563,000000FF,false,Rx,0,8,CB,10,0,0,0,0,2,0
11931563,121,false,Rx,0,8,18,84,D6,0,0,0,0,5
11931584,394,false,Rx,0,8,2A,22,1A,49,0,0,0,0
11931602,122,false,Rx,0,8,FF,D9,67,1F,46,46,46,46
11932567,000003C3,false,Rx,0,8,45,10,31,30,36,0,0,0
11932587,123,false,Rx,0,8,11,3,0,0,0,0,1,35
11932605,000003E0,false,Rx,0,8,66,20,1,0,54,3,0,0
11932623,124,false,Rx,0,8,0,0,0A,0,0,0,20,40
11933567,000003E5,false,Rx,0,8,37,80,1,0,0,0,0,0
11933589,0000041A,false,Rx,0,8,8D,D0,12,0,0,0,0,0
11933607,000003E6,false,Rx,0,8,67,90,0,0,0,0,0,0
11933625,0000041B,false,Rx,0,8,70,D0,0,0,0,0,0,0
11934566,0000041C,false,Rx,0,8,48,0,E0,0,0,0,0,0
11934589,422,false,Rx,0,8,9D,70,1,0,0,0,4,0
11934615,432,false,Rx,0,8,3,20,2,0,0,0,0,0
11934633,419,false,Rx,0,8,6,60,8A,D6,71,86,90,0
11936565,435,false,Rx,0,8,26,C0,0,40,0,0,0,0
11936588,442,false,Rx,0,8,CE,20,11,81,0,0,0,0
11936606,36,false,Rx,0,8,21,9,D8,51,0,0,25,1
11936623,444,false,Rx,0,8,D5,20,20,50,55,50,0,0
11937567,37,false,Rx,0,8,0,0,0,10,0,40,0,0
11937588,445,false,Rx,0,8,C6,C0,0,0,0,0,0,18
11937606,38,false,Rx,0,8,4,0,0,0,90,38,96,D4
11937624,161,false,Rx,0,8,E4,35,65,3,0,0,0,2
11938565,39,false,Rx,0,8,0,0,0,0,0,0,0,0
11938588,162,false,Rx,0,8,FF,FC,1,0,0,0,0,0
11938605,384,false,Rx,0,8,E9,DC,2,0,0,FF,0,21
11938623,000003B6,false,Rx,0,8,BF,20,BC,0,0,0,0,46
11939567,000004E8,false,Rx,0,8,FF,FF,FF,5,FF,FF,FF,0
11939588,000003B7,false,Rx,0,8,46,0,0,0,0,0,0,0
11939606,61,false,Rx,0,8,79,F1,DE,0,0,0,0,0
11939624,000003B8,false,Rx,0,8,0C,3,0,0,0,0,69,0E
11940713,62,false,Rx,0,8,2,2,0,2,40,FF,0,FF
11940757,000003B9,false,Rx,0,8,0,0,0,0,0,0,0,0
11940775,63,false,Rx,0,8,0,0,5,0,0,8,FD,0
11940792,464,false,Rx,0,8,D5,20,F0,FF,38,7F,5,0
11940810,64,false,Rx,0,8,0,0,0,4,FF,FA,0,0
11941816,91,false,Rx,0,8,57,A1,7A,0,0,0,0,0
11941849,92,false,Rx,0,8,0,0,0,0,0,0,0,0
11941867,93,false,Rx,0,8,0,0,0,0,0,0,0,0
11941884,94,false,Rx,0,8,0,0,0,0,0,0,0,0
11942711,000000A1,false,Rx,0,8,65,0F,DE,1A,0,0,0,0
11942738,000000A2,false,Rx,0,8,0,0,0,0,0,0,0,0
11942756,000000A3,false,Rx,0,8,0,40,1,0,0,0,0,0
11947567,0000011B,false,Rx,0,8,0D,60,CB,5,80,8,A8,2
11947589,0000012B,false,Rx,0,8,4A,9A,CB,6,0,0,8,0
11947607,0000011C,false,Rx,0,8,0,5,20,0,22,0,1,1
11948565,0000012C,false,Rx,0,8,0,0,1,0,0,64,0,0
11949569,000001E6,false,Rx,0,8,22,64,F4,2,0,0,0,0
11949590,000001BB,false,Rx,0,8,A2,B8,F4,2,0,0,0,0A
11949607,000001BC,false,Rx,0,8,32,0,0,0,2,0,0,0
11949625,000001BD,false,Rx,0,8,0,0,0,0,0,0,0,0
11950569,000001E7,false,Rx,0,8,0,0,22,3,20,1,0,0
11951566,146,false,Rx,0,8,4E,74,62,10,4,1,0,0
11951586,147,false,Rx,0,8,0,4,7D,0,40,0,0,0
11951610,148,false,Rx,0,8,0,0,0,0,0,90,40,5
11951628,149,false,Rx,0,8,0,0,0,0,0,0,0,0
11952569,561,false,Rx,0,8,63,2,0,0,0,0,FF,FF
11953572,495,false,Rx,0,8,49,0,0,0,0,0,0,0
11954568,000003AA,false,Rx,0,8,FF,0,B0,0,54,0,0,0
11956579,0000010B,false,Rx,0,8,BC,9A,DA,0,0,0,0,5
11956600,000001B1,false,Rx,0,8,4B,E9,62,0,72,0,0,0
11956618,0000010C,false,Rx,0,8,FF,F9,E7,1F,46,44,46,46
11956636,000001B2,false,Rx,0,8,23,0,4,0F,0F,7,52,10
11956653,0000010D,false,Rx,0,8,10,3,0,0,0,0,1,35
11957564,000001B3,false,Rx,0,8,10,2C,0,0,87,91,96,90
11957589,0000010E,false,Rx,0,8,0,0,0A,0,0,C0,AB,57
11957607,000001B4,false,Rx,0,8,95,91,17,0,0,40,1,0
11963584,380,false,Rx,0,8,AD,D7,FF,0,0,0,0,1
11966566,000003B0,false,Rx,0,8,72,37,FF,C7,0,0,3,C0
11967564,000001A1,false,Rx,0,8,8A,27,66,FE,F7,7F,64,0
11967587,000001A2,false,Rx,0,8,0,0,0,0,0,8,0,0
11968567,000003B1,false,Rx,0,8,9B,3C,FF,40,0,0,20,0
11968588,000001A3,false,Rx,0,8,FF,F3,3F,0,0,0,0,0
11968606,000001A4,false,Rx,0,8,FE,7,0,0,0,0,0,0
11969567,448,false,Rx,0,8,0,C0,0,0,0,0,0,0
11972565,0000019B,false,Rx,0,8,8A,D4,D8,0,0,E4,0,0
11972594,0000019C,false,Rx,0,8,40,20,0,0,0,0,0B,9
11972613,0000019D,false,Rx,0,8,0,10,0,1,0,0,0,0
11973571,0000019E,false,Rx,0,8,15,0,0,0,0,32,0,0
11973593,0000036F,false,Rx,0,8,30,A1,1,0,0,0,0,0
11973611,419,false,Rx,0,8,6,60,8A,D6,71,86,90,0
11974567,0000037F,false,Rx,0,8,93,40,52,24,41,2,0,0
11978566,000003B2,false,Rx,0,8,36,15,FF,2,29,2F,34,0
11978587,000000C5,false,Rx,0,8,0,0,0,0,0,0,0,0
11979566,244,false,Rx,0,8,FF,FF,FF,FF,FF,FF,FF,FF
11979588,000004B4,false,Rx,0,8,0,0,0,0,0,0,0,0
11979606,000004B5,false,Rx,0,8,8,0,F0,7,0,0,0,0
11979624,000004B7,false,Rx,0,8,8,0,F0,7,0,0,0,0
11980574,000004CA,false,Rx,0,8,0,0,0,0,0,0,0,0
11980595,000004CC,false,Rx,0,8,8,0,0,6,0,0,3,0
11980612,000004CE,false,Rx,0,8,14,1,FF,FF,FF,FF,FF,FF
11980630,000004D7,false,Rx,0,8,23,1,0,0,0,0,0,0
11981567,000004D8,false,Rx,0,8,41,10,F0,F0,40,F2,1E,CC
11981588,121,false,Rx,0,8,15,42,DB,0,0,0,0,5
11981605,000004DD,false,Rx,0,8,0,0,FE,0,4,0,0,0
11981623,122,false,Rx,0,8,FF,D9,67,1F,46,46,46,46
11982568,000004DF,false,Rx,0,8,FF,3,0C,3F,0,0,0,0
11982589,123,false,Rx,0,8,11,3,0,0,0,0,1,35
11982606,427,false,Rx,0,8,1D,86,FF,0,80,0A,0,0
11982624,124,false,Rx,0,8,0,0,0A,0,0,0,20,40
11983573,000004E7,false,Rx,0,8,0,30,0,0,0,0,69,0
11983595,000004E8,false,Rx,0,8,FF,FF,FF,5,FF,FF,FF,0
11983612,000004E9,false,Rx,0,8,12,0,0,34,0,0,50,0
11983630,000004EA,false,Rx,0,8,67,0,0,89,0,0,0,0
11984740,000004EB,false,Rx,0,8,10,80,33,4,80,0,0,0
